datetime,cycle
1999-06-03 01:00:00,867.8808839962472
1999-06-04 01:00:00,868.8303143072093
1999-06-06 01:00:00,870.870870063158
1999-06-07 01:00:00,871.9607826915196
1999-06-08 01:00:00,873.0962660652403
1999-06-09 01:00:00,874.2766500739863
1999-06-10 01:00:00,875.5012372782603
1999-06-11 01:00:00,876.7692951997817
1999-06-13 01:00:00,879.4326353200075
1999-06-14 01:00:00,880.826142958914
1999-06-15 01:00:00,882.2595426526011
1999-06-16 01:00:00,883.7317132444788
1999-06-17 01:00:00,885.2414431869661
1999-06-18 01:00:00,886.787445008186
1999-06-20 01:00:00,889.9828346218986
1999-06-21 01:00:00,891.6294099681134
1999-06-22 01:00:00,893.3066517016433
1999-06-23 01:00:00,895.0130935956394
1999-06-24 01:00:00,896.7472523761367
1999-06-25 01:00:00,898.5076293441755
1999-06-27 01:00:00,902.1009740282677
1999-06-28 01:00:00,903.9308799487874
1999-06-29 01:00:00,905.7808841054689
1999-06-30 01:00:00,907.6494339945452
1999-07-01 01:00:00,909.5349714942012
1999-07-02 01:00:00,911.4359337039618
1999-07-04 01:00:00,915.2778552019935
1999-07-05 01:00:00,917.2156583550308
1999-07-06 01:00:00,919.1625673921704
1999-07-07 01:00:00,921.116968640971
1999-07-08 01:00:00,923.0772208587973
1999-07-09 01:00:00,925.0416430413085
1999-07-11 01:00:00,928.5110510000922
1999-07-12 01:00:00,929.9790171908536
1999-07-13 01:00:00,931.4246103695597
1999-07-14 01:00:00,932.8459174912518
1999-07-15 01:00:00,934.2409388477379
1999-07-16 01:00:00,935.6076005271356
1999-07-18 01:00:00,938.2472688144816
1999-07-19 01:00:00,939.5158908863802
1999-07-20 01:00:00,940.747409695226
1999-07-21 01:00:00,941.9395917814028
1999-07-22 01:00:00,943.0902077215039
1999-07-23 01:00:00,944.1970449981532
1999-07-25 01:00:00,946.2707119809315
1999-07-26 01:00:00,947.2333526881064
1999-07-27 01:00:00,948.1438827685986
1999-07-28 01:00:00,949.0004636622906
1999-07-29 01:00:00,949.8014110975231
1999-07-30 01:00:00,950.5452272534054
1999-08-01 01:00:00,951.8566061201053
1999-08-02 01:00:00,952.4224049560678
1999-08-03 01:00:00,952.9276103368859
1999-08-04 01:00:00,953.3721521906677
1999-08-05 01:00:00,953.7563405020251
1999-08-06 01:00:00,954.0808936939394
1999-08-08 01:00:00,954.5561693612115
1999-08-09 01:00:00,954.7106050542019
1999-08-10 01:00:00,954.8128818228088
1999-08-11 01:00:00,954.8661445533423
1999-08-12 01:00:00,954.3331892796349
1999-08-13 01:00:00,953.256923065131
1999-08-15 01:00:00,950.9668487169706
1999-08-16 01:00:00,949.7647710878186
1999-08-17 01:00:00,948.5333756941116
1999-08-18 01:00:00,947.2797788459067
1999-08-19 01:00:00,946.01147754252
1999-08-20 01:00:00,944.7362630599364
1999-08-22 01:00:00,942.1971553976094
1999-08-23 01:00:00,940.9494365170254
1999-08-24 01:00:00,939.7269476631199
1999-08-25 01:00:00,938.5374611722743
1999-08-26 01:00:00,937.3884492452848
1999-08-27 01:00:00,936.2869969842003
1999-08-29 01:00:00,940.0022897539142
1999-08-30 01:00:00,943.9067411713985
1999-08-31 01:00:00,947.844900263912
1999-09-01 01:00:00,951.8060874757743
1999-09-02 01:00:00,955.7807970336507
1999-09-03 01:00:00,959.76069953378
1999-09-05 01:00:00,967.7084036499842
1999-09-06 01:00:00,971.6649708362462
1999-09-07 01:00:00,975.6040826737126
1999-09-08 01:00:00,979.5223110590648
1999-09-09 01:00:00,983.4169261802916
1999-09-10 01:00:00,987.2858024760566
1999-09-12 01:00:00,994.9403416252326
1999-09-13 01:00:00,998.7240284928556
1999-09-14 01:00:00,1002.4778902088973
1999-09-15 01:00:00,1006.2016728172604
1999-09-16 01:00:00,1009.8953220049209
1999-09-17 01:00:00,1013.5589415934701
1999-09-19 01:00:00,1020.7970902910961
1999-09-20 01:00:00,1024.3723242998312
1999-09-21 01:00:00,1027.9188916980318
1999-09-22 01:00:00,1031.437251893369
1999-09-23 01:00:00,1034.9278770653714
1999-09-24 01:00:00,1038.391239358471
1999-09-26 01:00:00,1045.2379963185974
1999-09-27 01:00:00,1048.6222358673776
1999-09-28 01:00:00,1051.9808807474963
1999-09-29 01:00:00,1055.3142386106904
1999-09-30 01:00:00,1058.6225506949672
1999-10-01 01:00:00,1061.9059806331877
1999-10-03 01:00:00,1068.3983972986546
1999-10-04 01:00:00,1071.6072300175674
1999-10-05 01:00:00,1074.7908529403012
1999-10-06 01:00:00,1077.9488887406587
1999-10-07 01:00:00,1080.0
1999-10-08 01:00:00,1080.0
1999-10-10 01:00:00,1080.0
1999-10-11 01:00:00,1080.0
1999-10-12 01:00:00,1080.0
1999-10-13 01:00:00,1080.0
1999-10-14 01:00:00,1080.0
1999-10-15 01:00:00,1080.0
1999-10-17 01:00:00,1078.1962863543354
1999-10-18 01:00:00,1075.565504037992
1999-10-19 01:00:00,1072.9841353501965
1999-10-20 01:00:00,1070.4564665286819
1999-10-21 01:00:00,1067.9873898975618
1999-10-22 01:00:00,1065.5824779372685
1999-10-24 01:00:00,1060.9913402405357
1999-10-25 01:00:00,1058.8204428024624
1999-10-26 01:00:00,1056.7445742079915
1999-10-27 01:00:00,1054.7741106888677
1999-10-28 01:00:00,1052.9207204375264
1999-10-29 01:00:00,1051.1974753230215
1999-10-31 01:00:00,1048.201267538759
1999-11-01 00:00:00,1047.0099003390735
1999-11-02 00:00:00,1045.9599073428542
1999-11-03 00:00:00,1045.127321465731
1999-11-04 00:00:00,1044.5335748216005
1999-11-05 00:00:00,1044.2004772266034
1999-11-07 00:00:00,1044.3996762384932
1999-11-08 00:00:00,1044.9676116253966
1999-11-09 00:00:00,1045.8636756905635
1999-11-10 00:00:00,1047.0903505261138
1999-11-11 00:00:00,1048.6393669022139
1999-11-12 00:00:00,1050.489140725673
1999-11-14 00:00:00,1054.927537460105
1999-11-15 00:00:00,1057.39534506118
1999-11-16 00:00:00,1059.9262290499992
1999-11-17 00:00:00,1062.4329930798947
1999-11-18 00:00:00,1064.8274626072525
1999-11-19 00:00:00,1067.0270023318901
1999-11-21 00:00:00,1070.5711869447734
1999-11-22 00:00:00,1071.821100802533
1999-11-23 00:00:00,1072.6885119674278
1999-11-24 00:00:00,1073.1674895070482
1999-11-25 00:00:00,1073.2649681638695
1999-11-26 00:00:00,1072.9976594347556
1999-11-28 00:00:00,1071.4665846199036
1999-11-29 00:00:00,1070.2597737483516
1999-11-30 00:00:00,1068.7982582463542
1999-12-01 00:00:00,1067.1107846862812
1999-12-02 00:00:00,1065.224416080597
1999-12-03 00:00:00,1061.0755998956104
1999-12-05 00:00:00,1051.6615844898342
1999-12-06 00:00:00,1046.7778191549833
1999-12-07 00:00:00,1041.7982872726388
1999-12-08 00:00:00,1036.736994146027
1999-12-09 00:00:00,1031.606130098558
1999-12-10 00:00:00,1026.4162612995242
1999-12-12 00:00:00,1015.8947426560245
1999-12-13 00:00:00,1010.5776924834889
1999-12-14 00:00:00,1005.2311334576605
1999-12-15 00:00:00,999.8599877907159
1999-12-16 00:00:00,992.7634679524241
1999-12-17 00:00:00,984.890548739853
1999-12-19 00:00:00,969.104378636915
1999-12-20 00:00:00,961.195912287671
1999-12-21 00:00:00,953.2797096247064
1999-12-22 00:00:00,945.3572404808642
1999-12-23 00:00:00,937.4297045141899
1999-12-24 00:00:00,929.4980805554965
1999-12-26 00:00:00,913.6256214770466
1999-12-27 00:00:00,905.685967000612
1999-12-28 00:00:00,897.7446212040395
1999-12-29 00:00:00,889.8018976242175
1999-12-30 00:00:00,881.8580144710248
1999-12-31 00:00:00,873.9131016398435
2000-01-02 00:00:00,858.0203094584804
2000-01-03 00:00:00,850.0723159611802
2000-01-04 00:00:00,842.1230796511925
2000-01-05 00:00:00,834.1723975221747
2000-01-06 00:00:00,826.2200255323496
2000-01-07 00:00:00,818.2656774855194
2000-01-09 00:00:00,802.3497458080484
2000-01-10 00:00:00,794.3874407141425
2000-01-11 00:00:00,786.4217277037816
2000-01-12 00:00:00,778.4522039252922
2000-01-13 00:00:00,770.47846141325
2000-01-14 00:00:00,762.500094712569
2000-01-16 00:00:00,746.5279332969974
2000-01-17 00:00:00,738.5334269822722
2000-01-18 00:00:00,730.532901975183
2000-01-19 00:00:00,722.5261408067587
2000-01-20 00:00:00,714.5130245055731
2000-01-21 00:00:00,706.4935662086176
2000-01-23 00:00:00,690.4365726217726
2000-01-24 00:00:00,682.4000879955152
2000-01-25 00:00:00,674.3594523304322
2000-01-26 00:00:00,666.3159740662456
2000-01-27 00:00:00,658.2713700393033
2000-01-28 00:00:00,650.227830955698
2000-01-30 00:00:00,634.1555523588463
2000-01-31 00:00:00,626.1343162456842
2000-02-01 00:00:00,618.1293682595891
2000-02-02 00:00:00,610.1466690117946
2000-02-03 00:00:00,602.1932968171413
2000-02-04 00:00:00,594.2775894823518
2000-02-06 00:00:00,578.5996692862158
2000-02-07 00:00:00,570.8616754269575
2000-02-08 00:00:00,563.2099989570476
2000-02-09 00:00:00,555.6611381294589
2000-02-10 00:00:00,548.2333889049429
2000-02-11 00:00:00,540.9467623483127
2000-02-13 00:00:00,526.8843463072333
2000-02-14 00:00:00,520.1550508301108
2000-02-15 00:00:00,513.6589605314637
2000-02-16 00:00:00,507.41984161139885
2000-02-17 00:00:00,501.4604582320751
2000-02-18 00:00:00,495.8017524685818
2000-02-20 00:00:00,485.4556241176732
2000-02-21 00:00:00,480.7927223952097
2000-02-22 00:00:00,476.47763274779805
2000-02-23 00:00:00,472.50830183539165
2000-02-24 00:00:00,468.8754994916945
2000-02-25 00:00:00,465.5623087260152
2000-02-27 00:00:00,459.7879602161905
2000-02-28 00:00:00,457.25500851180016
2000-02-29 00:00:00,454.90000615460144
2000-03-01 00:00:00,452.67382067863525
2000-03-02 00:00:00,450.5252572940891
2000-03-03 00:00:00,448.4031998339741
2000-03-05 00:00:00,444.0467597698391
2000-03-06 00:00:00,441.7278186235694
2000-03-07 00:00:00,439.2685830156115
2000-03-08 00:00:00,436.64246407089155
2000-03-09 00:00:00,433.82951023929934
2000-03-10 00:00:00,430.81598554444474
2000-03-12 00:00:00,424.15919471415054
2000-03-13 00:00:00,420.51289919789485
2000-03-14 00:00:00,416.65829152788376
2000-03-15 00:00:00,412.6011475377591
2000-03-16 00:00:00,408.90076655337367
2000-03-17 00:00:00,406.6107054710425
2000-03-19 00:00:00,400.9649790837524
2000-03-20 00:00:00,397.64741618066864
2000-03-21 00:00:00,394.02512870863336
2000-03-22 00:00:00,390.11619465449166
2000-03-23 00:00:00,385.9378568537147
2000-03-24 00:00:00,381.50639719005386
2000-03-26 00:00:00,371.9440428165106
2000-03-27 01:00:00,366.62251509615504
2000-03-28 01:00:00,361.3124187816143
2000-03-29 01:00:00,355.81533080742315
2000-03-30 01:00:00,350.14131432184536
2000-03-31 01:00:00,344.299523897521
2000-04-02 01:00:00,332.1450241601956
2000-04-03 01:00:00,325.8465706702252
2000-04-04 01:00:00,319.4089572581231
2000-04-05 01:00:00,312.8375900484758
2000-04-06 01:00:00,306.13726490315935
2000-04-07 01:00:00,300.07131603173434
2000-04-09 01:00:00,288.031758941989
2000-04-10 01:00:00,281.83374356116565
2000-04-11 01:00:00,275.52011967520843
2000-04-12 01:00:00,269.092782367405
2000-04-13 01:00:00,262.55325093416013
2000-04-14 01:00:00,255.90269915791478
2000-04-16 01:00:00,242.50138129932012
2000-04-17 01:00:00,236.706109326993
2000-04-18 01:00:00,230.79914158619312
2000-04-19 01:00:00,224.78040451083763
2000-04-20 01:00:00,218.64965471360924
2000-04-21 01:00:00,212.40651240989038
2000-04-23 01:00:00,199.58108074712223
2000-04-24 01:00:00,192.9977192456759
2000-04-25 01:00:00,186.29993210635934
2000-04-26 01:00:00,179.48736406417015
2000-04-27 01:00:00,172.55987112638564
2000-04-28 01:00:00,165.5176189994176
2000-04-30 01:00:00,153.26839547068644
2000-05-01 01:00:00,147.42152203656494
2000-05-02 01:00:00,141.51936548701113
2000-05-03 01:00:00,135.56378671857675
2000-05-04 01:00:00,129.55724650154517
2000-05-05 01:00:00,123.50288807267404
2000-05-07 01:00:00,111.26713263765672
2000-05-08 01:00:00,105.09602166576443
2000-05-09 01:00:00,99.89874368822898
2000-05-10 01:00:00,98.39011085981303
2000-05-11 01:00:00,100.13816976366843
2000-05-12 01:00:00,101.88450092459237
2000-05-14 01:00:00,105.33501945112401
2000-05-15 01:00:00,107.02023460471084
2000-05-16 01:00:00,108.66622037972091
2000-05-17 01:00:00,110.26398749592526
2000-05-18 01:00:00,113.01150799555626
2000-05-19 01:00:00,117.58969901132343
2000-05-21 01:00:00,132.66695896550027
2000-05-22 01:00:00,140.60175373150798
2000-05-23 01:00:00,148.36677878611326
2000-05-24 01:00:00,155.954757596173
2000-05-25 01:00:00,163.35974511253696
2000-05-26 01:00:00,170.57693156002068
2000-05-28 01:00:00,184.43310229956234
2000-05-29 01:00:00,191.1475327060586
2000-05-30 01:00:00,197.7955053713292
2000-05-31 01:00:00,204.24141303997072
2000-06-01 01:00:00,210.4831931300338
2000-06-02 01:00:00,216.5186982574847
2000-06-04 01:00:00,227.96127373421206
2000-06-05 01:00:00,233.3628049279086
2000-06-06 01:00:00,238.54687926432155
2000-06-07 01:00:00,243.50978870624897
2000-06-08 01:00:00,248.2474094383387
2000-06-09 01:00:00,252.7551973350193
2000-06-11 01:00:00,261.06104731955094
2000-06-12 01:00:00,264.8480409019596
2000-06-13 01:00:00,268.38314733483105
2000-06-14 01:00:00,271.6600949626386
2000-06-15 01:00:00,274.6724583079291
2000-06-16 01:00:00,277.4137722739506
2000-06-18 01:00:00,282.058070271864
2000-06-19 01:00:00,283.9493478791726
2000-06-20 01:00:00,285.54660435967105
2000-06-21 01:00:00,286.8459247899025
2000-06-22 01:00:00,288.1078228417247
2000-06-23 01:00:00,289.92690644260597
2000-06-25 01:00:00,292.67068675058164
2000-06-26 01:00:00,293.60494673672645
2000-06-27 01:00:00,294.2588134881724
2000-06-28 01:00:00,294.64506410838123
2000-06-29 01:00:00,294.7802207220706
2000-06-30 01:00:00,294.6847383437694
2000-07-02 01:00:00,293.9036947101855
2000-07-03 01:00:00,294.4131400133199
2000-07-04 01:00:00,297.3211869089199
2000-07-05 01:00:00,300.1967150307088
2000-07-06 01:00:00,303.06016556319804
2000-07-07 01:00:00,305.9327259988981
2000-07-09 01:00:00,315.44692564601945
2000-07-10 01:00:00,320.894531578919
2000-07-11 01:00:00,326.34785760703295
2000-07-12 01:00:00,331.8070300131549
2000-07-13 01:00:00,337.2721803108993
2000-07-14 01:00:00,342.74344479094754
2000-07-16 01:00:00,353.70488168179133
2000-07-17 01:00:00,359.1953456724393
2000-07-18 01:00:00,364.6925061872223
2000-07-19 01:00:00,370.1965159019484
2000-07-20 01:00:00,375.70752917366144
2000-07-21 01:00:00,381.2257013404106
2000-07-23 01:00:00,392.28414340076046
2000-07-24 01:00:00,397.8247203891298
2000-07-25 01:00:00,403.37306741611343
2000-07-26 01:00:00,408.92932677605774
2000-07-27 01:00:00,414.4936314633351
2000-07-28 01:00:00,420.0661016916203
2000-07-30 01:00:00,431.2359374007608
2000-07-31 01:00:00,436.83345755364064
2000-08-01 01:00:00,442.439456404973
2000-08-02 01:00:00,448.0539799369654
2000-08-03 01:00:00,453.6770725388504
2000-08-04 01:00:00,459.3087828743774
2000-08-06 01:00:00,470.59829377754727
2000-08-07 01:00:00,476.256237358357
2000-08-08 01:00:00,481.92308379211835
2000-08-09 01:00:00,487.5989261154415
2000-08-10 01:00:00,493.2838640623686
2000-08-11 01:00:00,500.3216381396466
2000-08-13 01:00:00,517.0670028324678
2000-08-14 01:00:00,525.5203513716634
2000-08-15 01:00:00,534.0118730790372
2000-08-16 01:00:00,542.5308204509051
2000-08-17 01:00:00,551.067384795764
2000-08-18 01:00:00,559.6127820476628
2000-08-20 01:00:00,576.7002407131278
2000-08-21 01:00:00,585.2299833586378
2000-08-22 01:00:00,593.7438145398675
2000-08-23 01:00:00,602.2378964355267
2000-08-24 01:00:00,610.709163025973
2000-08-25 01:00:00,619.1552228885133
2000-08-27 01:00:00,635.964958556317
2000-08-28 01:00:00,644.3263889726543
2000-08-29 01:00:00,652.657967387593
2000-08-30 01:00:00,660.9593794536498
2000-08-31 01:00:00,669.2305336548106
2000-09-01 01:00:00,677.4715200088975
2000-09-03 01:00:00,693.8640491631209
2000-09-04 01:00:00,702.01638103377
2000-09-05 01:00:00,710.140069208818
2000-09-06 01:00:00,718.2356505648729
2000-09-07 01:00:00,726.3036799140547
2000-09-08 01:00:00,734.3447126462446
2000-09-10 01:00:00,750.3479260404247
2000-09-11 01:00:00,758.3110976975817
2000-09-12 01:00:00,766.2492343992847
2000-09-13 01:00:00,774.1627097462488
2000-09-14 01:00:00,782.0518328338296
2000-09-15 01:00:00,789.9168392340129
2000-09-17 01:00:00,805.5750155118786
2000-09-18 01:00:00,813.3681921200118
2000-09-19 01:00:00,821.1372378302565
2000-09-20 01:00:00,828.8818405927797
2000-09-21 01:00:00,836.6015309481601
2000-09-22 01:00:00,844.295661766136
2000-09-24 01:00:00,859.60363339238
2000-09-25 01:00:00,867.2150844478946
2000-09-26 01:00:00,874.796146063818
2000-09-27 01:00:00,882.3449255628998
2000-09-28 01:00:00,889.8592053597296
2000-09-29 01:00:00,897.3364163831158
2000-10-01 01:00:00,912.1674170281283
2000-10-02 01:00:00,919.5140203613864
2000-10-03 01:00:00,926.8090935554202
2000-10-04 01:00:00,934.0477520500333
2000-10-05 01:00:00,941.224489377693
2000-10-06 01:00:00,948.3331083213195
2000-10-08 01:00:00,962.3172993018343
2000-10-09 01:00:00,969.176337085461
2000-10-10 01:00:00,975.9340278989879
2000-10-11 01:00:00,982.5795614875374
2000-10-12 01:00:00,989.1009856461311
2000-10-13 01:00:00,995.4851619601305
2000-10-15 01:00:00,1007.7832600222057
2000-10-16 01:00:00,1013.6651284636256
2000-10-17 01:00:00,1019.3459618658497
2000-10-18 01:00:00,1024.8078734086334
2000-10-19 01:00:00,1030.0330274276657
2000-10-20 01:00:00,1032.621759671387
2000-10-22 01:00:00,1036.6425616588838
2000-10-23 01:00:00,1038.2225886346
2000-10-24 01:00:00,1039.5137291405056
2000-10-25 01:00:00,1040.5253912940473
2000-10-26 01:00:00,1041.2781405529136
2000-10-27 01:00:00,1041.8052737642179
2000-10-29 01:00:00,1038.271665251744
2000-10-30 00:00:00,1035.9435503078184
2000-10-31 00:00:00,1033.5362294008316
2000-11-01 00:00:00,1031.2302892724028
2000-11-02 00:00:00,1029.1031010455895
2000-11-03 00:00:00,1027.2241767414976
2000-11-05 00:00:00,1024.4267459183864
2000-11-06 00:00:00,1023.5787187548891
2000-11-07 00:00:00,1023.119577952674
2000-11-08 00:00:00,1023.0487428665773
2000-11-09 00:00:00,1023.3548583705071
2000-11-10 00:00:00,1024.0184426984129
2000-11-12 00:00:00,1026.314551473895
2000-11-13 00:00:00,1027.8889729834652
2000-11-14 00:00:00,1029.707956205921
2000-11-15 00:00:00,1031.7427786257833
2000-11-16 00:00:00,1033.9664441367647
2000-11-17 00:00:00,1036.354092660109
2000-11-19 00:00:00,1041.5336068258414
2000-11-20 00:00:00,1044.2874835630419
2000-11-21 00:00:00,1047.1291719048606
2000-11-22 00:00:00,1050.0450290562771
2000-11-23 00:00:00,1053.0232370932158
2000-11-24 00:00:00,1056.0536113082367
2000-11-26 00:00:00,1062.2371806987633
2000-11-27 00:00:00,1065.3765580460135
2000-11-28 00:00:00,1068.5401609811627
2000-11-29 00:00:00,1071.7234429209968
2000-11-30 00:00:00,1074.9225821561736
2000-12-01 00:00:00,1078.13438217456
2000-12-03 00:00:00,1080.0
2000-12-04 00:00:00,1080.0
2000-12-05 00:00:00,1080.0
2000-12-06 00:00:00,1080.0
2000-12-07 00:00:00,1080.0
2000-12-08 00:00:00,1076.772019349113
2000-12-10 00:00:00,1070.044618908312
2000-12-11 00:00:00,1066.6806076625114
2000-12-12 00:00:00,1063.3166595340335
2000-12-13 00:00:00,1059.9528431398833
2000-12-14 00:00:00,1056.5891419753154
2000-12-15 00:00:00,1053.2254705843052
2000-12-17 00:00:00,1046.497608116015
2000-12-18 00:00:00,1043.1330080446694
2000-12-19 00:00:00,1039.7676341303445
2000-12-20 00:00:00,1036.4012074322263
2000-12-21 00:00:00,1033.0334285987117
2000-12-22 00:00:00,1029.6639826702517
2000-12-24 00:00:00,1022.9187812675348
2000-12-25 00:00:00,1019.5423630189923
2000-12-26 00:00:00,1016.1629633536127
2000-12-27 00:00:00,1012.7802684210777
2000-12-28 00:00:00,1009.3939836233196
2000-12-29 00:00:00,1006.0038418505632
2000-12-31 00:00:00,999.2111144042592
2001-01-01 00:00:00,995.8082242534928
2001-01-02 00:00:00,992.4008951020711
2001-01-03 00:00:00,988.9891709298164
2001-01-04 00:00:00,985.573205656902
2001-01-05 00:00:00,982.1532865761272
2001-01-07 00:00:00,975.3035552835508
2001-01-08 00:00:00,971.8752333908379
2001-01-09 00:00:00,968.4460166254048
2001-01-10 00:00:00,965.0173459148023
2001-01-11 00:00:00,961.5910399374145
2001-01-12 00:00:00,958.1693657224713
2001-01-14 00:00:00,951.3517182726439
2001-01-15 00:00:00,947.9633016803404
2001-01-16 00:00:00,944.594846683303
2001-01-17 00:00:00,941.2522944281162
2001-01-18 00:00:00,937.9426905189523
2001-01-19 00:00:00,934.6743374221747
2001-01-21 00:00:00,928.3018540522544
2001-01-22 00:00:00,925.2220863265541
2001-01-23 00:00:00,922.2326085889381
2001-01-24 00:00:00,919.3503978650973
2001-01-25 00:00:00,916.5945281968286
2001-01-26 00:00:00,913.9861763959929
2001-01-28 00:00:00,909.3065798030319
2001-01-29 00:00:00,907.2867328786857
2001-01-30 00:00:00,905.5162755009522
2001-01-31 00:00:00,904.0226063243197
2001-02-01 00:00:00,902.832260906205
2001-02-02 00:00:00,901.9697165166508
2001-02-04 00:00:00,901.193603344154
2001-02-05 00:00:00,900.372767158557
2001-02-06 00:00:00,899.9343845489369
2001-02-07 00:00:00,899.870074408159
2001-02-08 00:00:00,900.1608534827067
2001-02-09 00:00:00,900.7767165397826
2001-02-11 00:00:00,902.8114968828495
2001-02-12 00:00:00,904.1227327235576
2001-02-13 00:00:00,905.5485529345319
2001-02-14 00:00:00,907.0254330560933
2001-02-15 00:00:00,908.4917208560759
2001-02-16 00:00:00,909.890568526137
2001-02-18 00:00:00,912.2955171196097
2001-02-19 00:00:00,913.2284658687057
2001-02-20 00:00:00,913.1512942318608
2001-02-21 00:00:00,912.7887145508454
2001-02-22 00:00:00,912.2017593827305
2001-02-23 00:00:00,911.3892864012504
2001-02-25 00:00:00,909.1057843642376
2001-02-26 00:00:00,907.6515801274994
2001-02-27 00:00:00,906.0035687288437
2001-02-28 00:00:00,904.1739301215653
2001-03-01 00:00:00,902.1752025407849
2001-03-02 00:00:00,900.0198758406065
2001-03-04 00:00:00,895.2874963537457
2001-03-05 00:00:00,892.7330202656465
2001-03-06 00:00:00,890.0669103590668
2001-03-07 00:00:00,887.2986586041147
2001-03-08 00:00:00,884.4370208478864
2001-03-09 00:00:00,881.4900469867831
2001-03-11 00:00:00,875.3690136395151
2001-03-12 00:00:00,872.207908918908
2001-03-13 00:00:00,868.9874578019783
2001-03-14 00:00:00,865.7128043737177
2001-03-15 00:00:00,862.3886196409891
2001-03-16 00:00:00,859.019133329253
2001-03-18 00:00:00,852.1591591944949
2001-03-19 00:00:00,848.6752087081502
2001-03-20 00:00:00,845.1590905521387
2001-03-21 00:00:00,841.6132887779467
2001-03-22 00:00:00,838.0400189811423
2001-03-23 00:00:00,834.441249344418
2001-03-25 00:00:00,827.1739542399534
2001-03-26 01:00:00,823.3538615156738
2001-03-27 01:00:00,819.6676275016529
2001-03-28 01:00:00,815.9626318918555
2001-03-29 01:00:00,812.2396735148648
2001-03-30 01:00:00,808.4994018629857
2001-04-01 01:00:00,800.968848569243
2001-04-02 01:00:00,797.1792411745248
2001-04-03 01:00:00,793.3737018721048
2001-04-04 01:00:00,789.5523549155124
2001-04-05 01:00:00,785.7152769702099
2001-04-06 01:00:00,781.8625211417545
2001-04-08 01:00:00,774.1102166769483
2001-04-09 01:00:00,772.0368332606857
2001-04-10 01:00:00,772.611462796229
2001-04-11 01:00:00,773.148392815456
2001-04-12 01:00:00,773.645074553653
2001-04-13 01:00:00,774.099645821526
2001-04-15 01:00:00,774.8781801443837
2001-04-16 01:00:00,775.2014412883291
2001-04-17 01:00:00,775.4810828667112
2001-04-18 01:00:00,775.717952424084
2001-04-19 01:00:00,775.9132812258936
2001-04-20 01:00:00,776.0686321154978
2001-04-22 01:00:00,776.2670039538054
2001-04-23 01:00:00,776.3143550487005
2001-04-24 01:00:00,776.3302944811979
2001-04-25 01:00:00,776.3173092907178
2001-04-26 01:00:00,776.2779433595502
2001-04-27 01:00:00,776.2147662774684
2001-04-29 01:00:00,776.0272491148174
2001-04-30 01:00:00,775.9079972558684
2001-05-01 01:00:00,775.7750967225152
2001-05-02 01:00:00,775.6310218074507
2001-05-03 01:00:00,775.4782212908085
2001-05-04 01:00:00,775.319122899123
2001-05-06 01:00:00,774.9916596579675
2001-05-07 01:00:00,774.8280670302174
2001-05-08 01:00:00,777.3392836228717
2001-05-09 01:00:00,780.534556887646
2001-05-10 01:00:00,783.6315361204304
2001-05-11 01:00:00,786.6284339758682
2001-05-13 01:00:00,792.3174005761941
2001-05-14 01:00:00,795.0080973090285
2001-05-15 01:00:00,797.595735195968
2001-05-16 01:00:00,800.0800379401867
2001-05-17 01:00:00,803.719275768441
2001-05-18 01:00:00,808.0968022007235
2001-05-20 01:00:00,816.1494262857975
2001-05-21 01:00:00,819.8190484701094
2001-05-22 01:00:00,823.2465804766957
2001-05-23 01:00:00,826.4282594867549
2001-05-24 01:00:00,829.3598872822405
2001-05-25 01:00:00,832.0368662228079
2001-05-27 01:00:00,836.6069645055777
2001-05-28 01:00:00,837.2586067284691
2001-05-29 01:00:00,837.4217893226933
2001-05-30 01:00:00,837.4356135868615
2001-05-31 01:00:00,837.2982936194538
2001-06-01 01:00:00,837.0084462632349
2001-06-03 01:00:00,835.9685615642762
2001-06-04 01:00:00,835.219170983751
2001-06-05 01:00:00,834.3188841784911
2001-06-06 01:00:00,833.2707336664216
2001-06-07 01:00:00,832.0791262680272
2001-06-08 01:00:00,830.7499804925485
2001-06-10 01:00:00,827.7109178804075
2001-06-11 01:00:00,826.0211651968491
2001-06-12 01:00:00,824.234181027837
2001-06-13 01:00:00,821.9829101853653
2001-06-14 01:00:00,818.9384268621425
2001-06-15 01:00:00,815.839349781601
2001-06-17 01:00:00,809.5543335652326
2001-06-18 01:00:00,806.4077847580918
2001-06-19 01:00:00,804.256000025987
2001-06-20 01:00:00,802.6699014355283
2001-06-21 01:00:00,801.0742930383881
2001-06-22 01:00:00,799.4694468570333
2001-06-24 01:00:00,796.2330308410125
2001-06-25 01:00:00,794.601900279971
2001-06-26 01:00:00,792.9624096380933
2001-06-27 01:00:00,791.3147240083505
2001-06-28 01:00:00,789.6589911339651
2001-06-29 01:00:00,787.9953448652301
2001-07-01 01:00:00,784.6447969470328
2001-07-02 01:00:00,782.9581199411134
2001-07-03 01:00:00,781.26398257407
2001-07-04 01:00:00,779.5624870266508
2001-07-05 01:00:00,777.8537333077852
2001-07-06 01:00:00,776.1378197969123
2001-07-08 01:00:00,772.6849002048489
2001-07-09 01:00:00,770.9480841686908
2001-07-10 01:00:00,769.2044881260807
2001-07-11 01:00:00,767.4542029964114
2001-07-12 01:00:00,765.6973177898975
2001-07-13 01:00:00,764.1298628983462
2001-07-15 01:00:00,764.7119494559761
2001-07-16 01:00:00,766.6767767933251
2001-07-17 01:00:00,769.3296222179927
2001-07-18 01:00:00,772.1218045455319
2001-07-19 01:00:00,775.049517953883
2001-07-20 01:00:00,776.6263192734036
2001-07-22 01:00:00,778.6786642097269
2001-07-23 01:00:00,779.9137546219201
2001-07-24 01:00:00,781.2779120515112
2001-07-25 01:00:00,782.7622447123089
2001-07-26 01:00:00,784.3569553579514
2001-07-27 01:00:00,786.0514760868597
2001-07-29 01:00:00,789.6949767492158
2001-07-30 01:00:00,791.620819891944
2001-07-31 01:00:00,793.6006997104664
2001-08-01 01:00:00,795.6235126318929
2001-08-02 01:00:00,797.6787448967823
2001-08-03 01:00:00,799.7566411055105
2001-08-05 01:00:00,803.9458719837453
2001-08-06 01:00:00,806.2154048259894
2001-08-07 01:00:00,810.2141952208735
2001-08-08 01:00:00,814.2066082347915
2001-08-09 01:00:00,818.1884480767152
2001-08-10 01:00:00,822.1562955786933
2001-08-12 01:00:00,830.0397018417184
2001-08-13 01:00:00,833.9515267777185
2001-08-14 01:00:00,837.8417259405738
2001-08-15 01:00:00,841.7094907176385
2001-08-16 01:00:00,845.5543058902146
2001-08-17 01:00:00,849.3758861526878
2001-08-19 01:00:00,856.9490067614286
2001-08-20 01:00:00,860.7006327532199
2001-08-21 01:00:00,864.4291142414828
2001-08-22 01:00:00,868.1345819713159
2001-08-23 01:00:00,871.8171615473697
2001-08-24 01:00:00,875.4769616865111
2001-08-26 01:00:00,882.7285204553175
2001-08-27 01:00:00,886.3203325720491
2001-08-28 01:00:00,889.8894537669526
2001-08-29 01:00:00,893.435773494243
2001-08-30 01:00:00,896.9591083473645
2001-08-31 01:00:00,900.4591919326497
2001-09-02 01:00:00,907.3880631181672
2001-09-03 01:00:00,910.8158093365928
2001-09-04 01:00:00,914.2181986840911
2001-09-05 01:00:00,917.5943870917479
2001-09-06 01:00:00,920.9433767349716
2001-09-07 01:00:00,924.2640001706346
2001-09-09 01:00:00,930.8145224395257
2001-09-10 01:00:00,934.0410686054527
2001-09-11 01:00:00,937.2324961182701
2001-09-12 01:00:00,940.386477299401
2001-09-13 01:00:00,943.5003689879836
2001-09-14 01:00:00,946.5711746402154
2001-09-16 01:00:00,952.5695098513964
2001-09-17 01:00:00,955.4888666312988
2001-09-18 01:00:00,958.348688261229
2001-09-19 01:00:00,961.1434925929076
2001-09-20 01:00:00,963.8671501434737
2001-09-21 01:00:00,966.5128373842592
2001-09-23 01:00:00,971.5392584071376
2001-09-24 01:00:00,973.9024607265206
2001-09-25 01:00:00,976.1525496600968
2001-09-26 01:00:00,978.2785887488833
2001-09-27 01:00:00,980.2687548059764
2001-09-28 01:00:00,982.110376792092
2001-09-30 01:00:00,985.2936883264628
2001-10-01 01:00:00,986.6070109761505
2001-10-02 01:00:00,987.7157054960243
2001-10-03 01:00:00,988.6060849255995
2001-10-04 01:00:00,988.9180168116368
2001-10-05 01:00:00,988.2683637608235
2001-10-07 01:00:00,986.1896659998392
2001-10-08 01:00:00,984.7634921936054
2001-10-09 01:00:00,983.0934566103477
2001-10-10 01:00:00,981.2013353326523
2001-10-11 01:00:00,979.1192070725557
2001-10-12 01:00:00,976.8898067433022
2001-10-14 01:00:00,972.2090086810962
2001-10-15 01:00:00,969.8860422212866
2001-10-16 01:00:00,967.6664736703462
2001-10-17 01:00:00,965.6180363059855
2001-10-18 01:00:00,963.8029043384018
2001-10-19 01:00:00,962.2743725956245
2001-10-21 01:00:00,960.2327763159147
2001-10-22 01:00:00,959.7661727066487
2001-10-23 01:00:00,959.6797725050731
2001-10-24 01:00:00,959.9683465915815
2001-10-25 01:00:00,960.6182138364314
2001-10-26 01:00:00,961.6092560398566
2001-10-28 01:00:00,964.5137558330362
2001-10-29 00:00:00,966.2889079095354
2001-10-30 00:00:00,968.369590554867
2001-10-31 00:00:00,970.7199432985394
2001-11-01 00:00:00,973.3324753709481
2001-11-02 00:00:00,975.9485943931552
2001-11-04 00:00:00,981.3637563001963
2001-11-05 00:00:00,984.3264697487673
2001-11-06 00:00:00,987.3692237565562
2001-11-07 00:00:00,990.4784993786872
2001-11-08 00:00:00,993.6425962491234
2001-11-09 00:00:00,996.8514520901905
2001-11-11 00:00:00,1003.3703067946452
2001-11-12 00:00:00,1006.6667893400604
2001-11-13 00:00:00,1009.9806908804687
2001-11-14 00:00:00,1013.3076389029143
2001-11-15 00:00:00,1016.643992010519
2001-11-16 00:00:00,1019.9867389132837
2001-11-18 00:00:00,1026.6820019641139
2001-11-19 00:00:00,1030.030907948661
2001-11-20 00:00:00,1033.3788622330148
2001-11-21 00:00:00,1036.7248883269883
2001-11-22 00:00:00,1040.068255762246
2001-11-23 00:00:00,1043.408442798659
2001-11-25 00:00:00,1050.078045989628
2001-11-26 00:00:00,1053.4071987277696
2001-11-27 00:00:00,1056.7326016699747
2001-11-28 00:00:00,1060.0543842362054
2001-11-29 00:00:00,1063.372752022015
2001-11-30 00:00:00,1066.6879742403826
2001-12-02 00:00:00,1073.3103100759522
2001-12-03 00:00:00,1076.6181826836655
2001-12-04 00:00:00,1079.9244084276968
2001-12-05 00:00:00,1080.0
2001-12-06 00:00:00,1080.0
2001-12-07 00:00:00,1080.0
2001-12-09 00:00:00,1080.0
2001-12-10 00:00:00,1080.0
2001-12-11 00:00:00,1080.0
2001-12-12 00:00:00,1077.5750911982486
2001-12-13 00:00:00,1074.8976245388103
2001-12-14 00:00:00,1072.2209009875291
2001-12-16 00:00:00,1066.8701989377896
2001-12-17 00:00:00,1064.1964713494076
2001-12-18 00:00:00,1061.5239866108566
2001-12-19 00:00:00,1058.8528593120657
2001-12-20 00:00:00,1056.1831992649934
2001-12-21 00:00:00,1053.5151116538627
2001-12-23 00:00:00,1048.1840526002761
2001-12-24 00:00:00,1043.0484225153712
2001-12-25 00:00:00,1036.9419258600294
2001-12-26 00:00:00,1030.838103040113
2001-12-27 00:00:00,1024.739187886628
2001-12-28 00:00:00,1018.6478529104465
2001-12-30 00:00:00,1006.5012545926493
2001-12-31 00:00:00,1000.4542458295061
2002-01-01 00:00:00,994.4315400345025
2002-01-02 00:00:00,988.4393626939639
2002-01-03 00:00:00,982.4850281400404
2002-01-04 00:00:00,975.1960133296296
2002-01-06 00:00:00,957.989119511441
2002-01-07 00:00:00,949.5024857788386
2002-01-08 00:00:00,941.1138764137957
2002-01-09 00:00:00,932.8410522831657
2002-01-10 00:00:00,924.7040522630593
2002-01-11 00:00:00,916.7252571985958
2002-01-13 00:00:00,901.3431934650566
2002-01-14 00:00:00,893.9953913898158
2002-01-15 00:00:00,886.9157921907455
2002-01-16 00:00:00,880.1345718694131
2002-01-17 00:00:00,873.6810394175384
2002-01-18 00:00:00,867.5820783053723
2002-01-20 00:00:00,856.5315848442117
2002-01-21 00:00:00,851.6033188120957
2002-01-22 00:00:00,847.0715990816303
2002-01-23 00:00:00,842.9196631868726
2002-01-24 00:00:00,839.1167322562138
2002-01-25 00:00:00,835.6180028837069
2002-01-27 00:00:00,831.7493450904506
2002-01-28 00:00:00,833.7980443887564
2002-01-29 00:00:00,835.8932104926903
2002-01-30 00:00:00,837.8904099201752
2002-01-31 00:00:00,839.6593672059436
2002-02-01 00:00:00,841.0898723842258
2002-02-03 00:00:00,842.6123188510545
2002-02-04 00:00:00,842.6016923600561
2002-02-05 00:00:00,842.043426779804
2002-02-06 00:00:00,840.9343429082488
2002-02-07 00:00:00,839.2841910402028
2002-02-08 00:00:00,837.1121844518667
2002-02-10 00:00:00,831.3091315969916
2002-02-11 00:00:00,827.7392354036139
2002-02-12 00:00:00,823.7663620449661
2002-02-13 00:00:00,819.4220578889216
2002-02-14 00:00:00,814.7366215719321
2002-02-15 00:00:00,809.7386514503037
2002-02-17 00:00:00,798.9095997244109
2002-02-18 00:00:00,793.1255627589804
2002-02-19 00:00:00,787.1231137075459
2002-02-20 00:00:00,780.92073932167
2002-02-21 00:00:00,774.5350926860255
2002-02-22 00:00:00,767.9811210866179
2002-02-24 00:00:00,754.4202520787566
2002-02-25 00:00:00,747.4358968270036
2002-02-26 00:00:00,740.328549897708
2002-02-27 00:00:00,733.1065523107004
2002-02-28 00:00:00,725.777280793612
2002-03-01 00:00:00,718.3472532653536
2002-03-03 00:00:00,703.2072655708351
2002-03-04 00:00:00,695.5068373200745
2002-03-05 00:00:00,687.7248415902759
2002-03-06 00:00:00,679.864671313567
2002-03-07 00:00:00,671.929251557739
2002-03-08 00:00:00,663.921077088588
2002-03-10 00:00:00,647.6944962740058
2002-03-11 00:00:00,639.4792259222461
2002-03-12 00:00:00,631.1975291917795
2002-03-13 00:00:00,622.8502165957037
2002-03-14 00:00:00,614.4378384480185
2002-03-15 00:00:00,605.9607057874132
2002-03-17 00:00:00,588.812341867725
2002-03-18 00:00:00,580.1407096983214
2002-03-19 00:00:00,571.4035583223654
2002-03-20 00:00:00,562.6002880457944
2002-03-21 00:00:00,553.7301748027173
2002-03-22 00:00:00,544.7923917414771
2002-03-24 00:00:00,526.7101400500379
2002-03-25 00:00:00,517.5637334729608
2002-03-26 00:00:00,508.34584936208034
2002-03-27 00:00:00,499.0555852047844
2002-03-28 00:00:00,489.6921559846352
2002-03-29 00:00:00,480.2549626804954
2002-03-31 00:00:00,461.1583168735955
2002-04-01 01:00:00,451.09496754940295
2002-04-02 01:00:00,441.36056222021864
2002-04-03 01:00:00,431.5555246443461
2002-04-04 01:00:00,421.68251769060737
2002-04-05 01:00:00,411.74520989347724
2002-04-07 01:00:00,391.69838792580737
2002-04-08 01:00:00,381.6027436898205
2002-04-09 01:00:00,371.4708646313608
2002-04-10 01:00:00,361.313906070901
2002-04-11 01:00:00,351.14491015124577
2002-04-12 01:00:00,340.9788355595771
2002-04-14 01:00:00,320.7245070665173
2002-04-15 01:00:00,310.6748977199103
2002-04-16 01:00:00,300.7049512452686
2002-04-17 01:00:00,290.8367262894059
2002-04-18 01:00:00,281.0926177363839
2002-04-19 01:00:00,271.4948791671326
2002-04-21 01:00:00,252.8240706178668
2002-04-22 01:00:00,243.79087281787122
2002-04-23 01:00:00,234.9832020038583
2002-04-24 01:00:00,226.4169421527288
2002-04-25 01:00:00,218.10618374461185
2002-04-26 01:00:00,210.06327554382148
2002-04-28 01:00:00,194.82249705166075
2002-04-29 01:00:00,187.64197608414057
2002-04-30 01:00:00,180.76442477496772
2002-05-01 01:00:00,174.19606726455686
2002-05-02 01:00:00,167.94249601597414
2002-05-03 01:00:00,162.00882244986883
2002-05-05 01:00:00,152.0001421186194
2002-05-06 01:00:00,148.1556158552201
2002-05-07 01:00:00,144.64600618082727
2002-05-08 01:00:00,142.64414055804235
2002-05-09 01:00:00,141.99058146306297
2002-05-10 01:00:00,141.67873307518866
2002-05-12 01:00:00,143.39423524581954
2002-05-13 01:00:00,145.19261696808576
2002-05-14 01:00:00,147.3323625414059
2002-05-15 01:00:00,149.80952727784586
2002-05-16 01:00:00,152.6179235797349
2002-05-17 01:00:00,155.74877907829068
2002-05-19 01:00:00,162.9279477377576
2002-05-20 01:00:00,166.94309210091214
2002-05-21 01:00:00,171.21400034900108
2002-05-22 01:00:00,175.71525155985938
2002-05-23 01:00:00,180.4179581590353
2002-05-24 01:00:00,185.29002197496658
2002-05-26 01:00:00,195.40036758842282
2002-05-27 01:00:00,200.56277194033734
2002-05-28 01:00:00,205.7442179234257
2002-05-29 01:00:00,210.90516677268704
2002-05-30 01:00:00,216.0068865518114
2002-05-31 01:00:00,221.0122138246419
2002-06-02 01:00:00,230.5968178196306
2002-06-03 01:00:00,235.11509034302674
2002-06-04 01:00:00,239.56539809049517
2002-06-05 01:00:00,245.5865541741382
2002-06-06 01:00:00,251.34630395782537
2002-06-07 01:00:00,256.8300883938308
2002-06-09 01:00:00,266.9278493903884
2002-06-10 01:00:00,271.528155021316
2002-06-11 01:00:00,275.8244791409966
2002-06-12 01:00:00,279.81572628514533
2002-06-13 01:00:00,283.50246058172866
2002-06-14 01:00:00,286.88657320697297
2002-06-16 01:00:00,292.7593337990981
2002-06-17 01:00:00,295.25581618977503
2002-06-18 01:00:00,297.4649054127011
2002-06-19 01:00:00,299.3912228705397
2002-06-20 01:00:00,301.0393940671531
2002-06-21 01:00:00,302.41394226808575
2002-06-23 01:00:00,304.3593013037077
2002-06-24 01:00:00,304.93805609869526
2002-06-25 01:00:00,305.2590322624147
2002-06-26 01:00:00,305.32551742058314
2002-06-27 01:00:00,305.1405571878161
2002-06-28 01:00:00,304.7070057082319
2002-06-30 01:00:00,303.10505736079864
2002-07-01 01:00:00,301.9422045093353
2002-07-02 01:00:00,300.542126231251
2002-07-03 01:00:00,300.57775246134287
2002-07-04 01:00:00,302.19119307616074
2002-07-05 01:00:00,304.1248988494413
2002-07-07 01:00:00,307.658846784031
2002-07-08 01:00:00,309.26724491017694
2002-07-09 01:00:00,310.77668205682716
2002-07-10 01:00:00,312.1933059061171
2002-07-11 01:00:00,313.52415164927504
2002-07-12 01:00:00,314.777109259276
2002-07-14 01:00:00,317.08465085792244
2002-07-15 01:00:00,318.15830733932336
2002-07-16 01:00:00,319.19183703500676
2002-07-17 01:00:00,320.1952963215928
2002-07-18 01:00:00,321.1785428058202
2002-07-19 01:00:00,322.1510218386863
2002-07-21 01:00:00,325.47996058637426
2002-07-22 01:00:00,330.26544954453857
2002-07-23 01:00:00,335.04198177143485
2002-07-24 01:00:00,339.80942199885465
2002-07-25 01:00:00,344.5676385958838
2002-07-26 01:00:00,350.4558802335674
2002-07-28 01:00:00,365.4153791085286
2002-07-29 01:00:00,372.8057665927075
2002-07-30 01:00:00,380.13433844029646
2002-07-31 01:00:00,387.3999560691286
2002-08-01 01:00:00,394.6018209644413
2002-08-02 01:00:00,401.7394047261823
2002-08-04 01:00:00,415.8205954063699
2002-08-05 01:00:00,422.7639628955443
2002-08-06 01:00:00,429.6424744313972
2002-08-07 01:00:00,436.4561295445625
2002-08-08 01:00:00,443.20490443182945
2002-08-09 01:00:00,449.88871969246804
2002-08-11 01:00:00,463.0607270671798
2002-08-12 01:00:00,469.548285049945
2002-08-13 01:00:00,475.9695982136575
2002-08-14 01:00:00,482.32405649840314
2002-08-15 01:00:00,488.61092689419695
2002-08-16 01:00:00,494.8293484076768
2002-08-18 01:00:00,507.0567105157934
2002-08-19 01:00:00,513.063204506182
2002-08-20 01:00:00,518.9963285576216
2002-08-21 01:00:00,524.8544140671537
2002-08-22 01:00:00,530.6355829480503
2002-08-23 01:00:00,536.33772733689
2002-08-25 01:00:00,547.4952270785143
2002-08-26 01:00:00,552.9450082578595
2002-08-27 01:00:00,558.3045628018366
2002-08-28 01:00:00,563.5702631300593
2002-08-29 01:00:00,568.7380908451678
2002-08-30 01:00:00,573.8036033748515
2002-09-01 01:00:00,583.6075747640604
2002-09-02 01:00:00,588.3346922020831
2002-09-03 01:00:00,592.9367249680286
2002-09-04 01:00:00,597.4065142770348
2002-09-05 01:00:00,601.7362181474394
2002-09-06 01:00:00,605.9172630253998
2002-09-08 01:00:00,613.7951957027495
2002-09-09 01:00:00,617.4710022749427
2002-09-10 01:00:00,620.9560222933768
2002-09-11 01:00:00,624.2378663133143
2002-09-12 01:00:00,627.3035732118917
2002-09-13 01:00:00,630.1397799178519
2002-09-15 01:00:00,635.0697263910056
2002-09-16 01:00:00,637.1372862866361
2002-09-17 01:00:00,638.9239547613062
2002-09-18 01:00:00,640.4198544678834
2002-09-19 01:00:00,641.617738102154
2002-09-20 01:00:00,642.5139441873445
2002-09-22 01:00:00,643.4109350602989
2002-09-23 01:00:00,643.4318132228608
2002-09-24 01:00:00,643.19299842881
2002-09-25 01:00:00,642.7233467246535
2002-09-26 01:00:00,642.0595590322947
2002-09-27 01:00:00,641.2454441736337
2002-09-29 01:00:00,639.3678075908945
2002-09-30 01:00:00,638.4115815945447
2002-10-01 01:00:00,637.5143354184743
2002-10-02 01:00:00,636.7242572902422
2002-10-03 01:00:00,636.0829024601521
2002-10-04 01:00:00,635.6234748929476
2002-10-06 01:00:00,635.3360240028417
2002-10-07 01:00:00,635.5268905751326
2002-10-08 01:00:00,635.938593641452
2002-10-09 01:00:00,636.5599291626959
2002-10-10 01:00:00,637.37367302323
2002-10-11 01:00:00,638.3580313568519
2002-10-13 01:00:00,640.7370457963705
2002-10-14 01:00:00,642.0776206095497
2002-10-15 01:00:00,643.4828909275178
2002-10-16 01:00:00,644.9272625208523
2002-10-17 01:00:00,646.3871434698739
2002-10-18 01:00:00,647.8414708587849
2002-10-20 01:00:00,650.6639556333995
2002-10-21 01:00:00,652.0053184462241
2002-10-22 01:00:00,653.2876765655111
2002-10-23 01:00:00,654.5057499401117
2002-10-24 01:00:00,655.6573494564839
2002-10-25 01:00:00,656.7432017519452
2002-10-27 01:00:00,658.7338209722659
2002-10-28 00:00:00,659.6145939796321
2002-10-29 00:00:00,660.4961247615526
2002-10-30 00:00:00,661.3501815138419
2002-10-31 00:00:00,662.1894515161542
2002-11-01 00:00:00,663.0275451795056
2002-11-03 00:00:00,664.757347284643
2002-11-04 00:00:00,665.6781025364346
2002-11-05 00:00:00,669.7135160607786
2002-11-06 00:00:00,675.1734521479872
2002-11-07 00:00:00,680.6642018515263
2002-11-08 00:00:00,686.1916246116477
2002-11-10 00:00:00,697.3790982515393
2002-11-11 00:00:00,703.0497551549054
2002-11-12 00:00:00,708.7781429674225
2002-11-13 00:00:00,714.5685504955578
2002-11-14 00:00:00,720.4247854768623
2002-11-15 00:00:00,726.3501597969052
2002-11-17 00:00:00,738.4191025015232
2002-11-18 00:00:00,744.5668632160884
2002-11-19 00:00:00,750.7921910254553
2002-11-20 00:00:00,757.0960905411405
2002-11-21 00:00:00,763.4791795739941
2002-11-22 00:00:00,769.9417174207972
2002-11-24 00:00:00,783.1045439739246
2002-11-25 00:00:00,789.8037905734503
2002-11-26 00:00:00,796.580443031784
2002-11-27 00:00:00,803.4333226777313
2002-11-28 00:00:00,810.3610118964796
2002-11-29 00:00:00,817.3618609677179
2002-12-01 00:00:00,831.575293177533
2002-12-02 00:00:00,838.7834271456604
2002-12-03 00:00:00,846.0558160951479
2002-12-04 00:00:00,853.3896406524863
2002-12-05 00:00:00,860.7818269882673
2002-12-06 00:00:00,868.2290256070081
2002-12-08 00:00:00,878.6230283663405
2002-12-09 00:00:00,882.9962125728513
2002-12-10 00:00:00,887.4152508055932
2002-12-11 00:00:00,891.8764779566761
2002-12-12 00:00:00,896.3759017056597
2002-12-13 00:00:00,900.9091375723218
2002-12-15 00:00:00,910.0570931849577
2002-12-16 00:00:00,914.6603642895876
2002-12-17 00:00:00,919.2743435434386
2002-12-18 00:00:00,923.8913434834496
2002-12-19 00:00:00,928.502651901286
2002-12-20 00:00:00,933.09837272259
2002-12-22 00:00:00,942.1964809851543
2002-12-23 00:00:00,946.671512188054
2002-12-24 00:00:00,951.0758449375704
2002-12-25 00:00:00,955.3908451927686
2002-12-26 00:00:00,959.5955877127044
2002-12-27 00:00:00,963.6667581370316
2002-12-29 00:00:00,971.3033119055309
2002-12-30 00:00:00,974.8108873944489
2002-12-31 00:00:00,978.0702503414187
2003-01-01 00:00:00,981.0499844198742
2003-01-02 00:00:00,983.7197962197794
2003-01-03 00:00:00,986.0524043559298
2003-01-05 00:00:00,989.6265054048368
2003-01-06 00:00:00,990.8514729497704
2003-01-07 00:00:00,991.7118468433903
2003-01-08 00:00:00,992.234536296539
2003-01-09 00:00:00,992.4631948016637
2003-01-10 00:00:00,992.457420149682
2003-01-12 00:00:00,992.0426443754662
2003-01-13 00:00:00,991.7998993463441
2003-01-14 00:00:00,991.6435848966439
2003-01-15 00:00:00,991.6472487405057
2003-01-16 00:00:00,991.872268960402
2003-01-17 00:00:00,992.3656913630977
2003-01-19 00:00:00,994.2731630552737
2003-01-20 00:00:00,995.712420254593
2003-01-21 00:00:00,997.4747405114641
2003-01-22 00:00:00,999.5501516509496
2003-01-23 00:00:00,1001.9237347084816
2003-01-24 00:00:00,1004.5774674504531
2003-01-26 00:00:00,1010.6461950043125
2003-01-27 00:00:00,1014.0210348952983
2003-01-28 00:00:00,1017.5970306154363
2003-01-29 00:00:00,1021.3561143513208
2003-01-30 00:00:00,1022.9864032999748
2003-01-31 00:00:00,1024.7562055674925
2003-02-02 00:00:00,1028.6847151205995
2003-02-03 00:00:00,1030.8199098675486
2003-02-04 00:00:00,1033.0553923889993
2003-02-05 00:00:00,1035.3822726533017
2003-02-06 00:00:00,1037.7926371116364
2003-02-07 00:00:00,1040.2794554071018
2003-02-09 00:00:00,1045.458225675531
2003-02-10 00:00:00,1048.1397729114049
2003-02-11 00:00:00,1050.8768229772045
2003-02-12 00:00:00,1053.6655767501952
2003-02-13 00:00:00,1056.5026934151028
2003-02-14 00:00:00,1059.3852428286864
2003-02-16 00:00:00,1065.2767216673894
2003-02-17 00:00:00,1068.2814816419823
2003-02-18 00:00:00,1071.3232685129976
2003-02-19 00:00:00,1074.4006413208233
2003-02-20 00:00:00,1077.512365905493
2003-02-21 00:00:00,1079.4640777288887
2003-02-23 00:00:00,1076.8991437303687
2003-02-24 00:00:00,1075.6229399157837
2003-02-25 00:00:00,1074.3509722206393
2003-02-26 00:00:00,1073.0832865233012
2003-02-27 00:00:00,1071.8199268521867
2003-02-28 00:00:00,1070.5609339715936
2003-03-02 00:00:00,1068.0561890041524
2003-03-03 00:00:00,1066.8104937181072
2003-03-04 00:00:00,1065.5692781309997
2003-03-05 00:00:00,1064.3325561792587
2003-03-06 00:00:00,1063.100336335653
2003-03-07 00:00:00,1061.872622049852
2003-03-09 00:00:00,1059.4307016423609
2003-03-10 00:00:00,1058.216481274287
2003-03-11 00:00:00,1054.9168882576591
2003-03-12 00:00:00,1051.1930640680628
2003-03-13 00:00:00,1047.4776667409628
2003-03-14 00:00:00,1043.7707747730742
2003-03-16 00:00:00,1036.3827482670831
2003-03-17 00:00:00,1032.7017045457678
2003-03-18 00:00:00,1029.0293566844452
2003-03-19 00:00:00,1025.365743575941
2003-03-20 00:00:00,1021.7109147462996
2003-03-21 00:00:00,1018.0649365372634
2003-03-23 00:00:00,1010.7998947005073
2003-03-24 00:00:00,1007.18105471916
2003-03-25 00:00:00,1003.5715027058192
2003-03-26 00:00:00,999.9713692813282
2003-03-27 00:00:00,996.3807832369702
2003-03-28 00:00:00,992.7998679964992
2003-03-30 00:00:00,985.6675026618885
2003-03-31 01:00:00,981.9677245572739
2003-04-01 01:00:00,978.4269699052866
2003-04-02 01:00:00,974.8963614323204
2003-04-03 01:00:00,971.375958256872
2003-04-04 01:00:00,967.8658073115848
2003-04-06 01:00:00,960.8763904855091
2003-04-07 01:00:00,957.3971602781958
2003-04-08 01:00:00,953.9282543359743
2003-04-09 01:00:00,950.469663281809
2003-04-10 01:00:00,947.0213669227404
2003-04-11 01:00:00,943.5833341031448
2003-04-13 01:00:00,936.737880892225
2003-04-14 01:00:00,933.3303484147904
2003-04-15 01:00:00,929.9328617139562
2003-04-16 01:00:00,926.5453599519702
2003-04-17 01:00:00,923.1677931221765
2003-04-18 01:00:00,919.8001298114003
2003-04-20 01:00:00,913.0945083209284
2003-04-21 01:00:00,909.756606609946
2003-04-22 01:00:00,906.4287125499343
2003-04-23 01:00:00,903.1108910840032
2003-04-24 01:00:00,899.8032113159154
2003-04-25 01:00:00,896.5057424623386
2003-04-27 01:00:00,889.9417004633652
2003-04-28 01:00:00,886.6752479676031
2003-04-29 01:00:00,883.4192462913612
2003-04-30 01:00:00,880.17374213114
2003-05-01 01:00:00,876.9387759669131
2003-05-02 01:00:00,873.7143816772381
2003-05-04 01:00:00,867.2974093218387
2003-05-05 01:00:00,864.1048634549499
2003-05-06 01:00:00,860.922953630806
2003-05-07 01:00:00,857.7516774160788
2003-05-08 01:00:00,854.591024871455
2003-05-09 01:00:00,851.1470560780521
2003-05-11 01:00:00,843.0095694991156
2003-05-12 01:00:00,838.9704211851252
2003-05-13 01:00:00,834.9509710487806
2003-05-14 01:00:00,830.9512069539347
2003-05-15 01:00:00,826.9711410972635
2003-05-16 01:00:00,823.0108236073057
2003-05-18 01:00:00,815.1498810236299
2003-05-19 01:00:00,811.2496077349111
2003-05-20 01:00:00,807.3697733786992
2003-05-21 01:00:00,803.5106457295634
2003-05-22 01:00:00,799.6725091523701
2003-05-23 01:00:00,795.8556562849076
2003-05-25 01:00:00,788.2869846366671
2003-05-26 01:00:00,784.535756713707
2003-05-27 01:00:00,780.8810105252684
2003-05-28 01:00:00,778.5425362700239
2003-05-29 01:00:00,776.0923330721677
2003-05-30 01:00:00,773.5342792380143
2003-06-01 01:00:00,768.109935484174
2003-06-02 01:00:00,765.2510199587991
2003-06-03 01:00:00,762.2989090535018
2003-06-04 01:00:00,759.2568154730602
2003-06-05 01:00:00,756.1277148703189
2003-06-06 01:00:00,752.9143332422648
2003-06-08 01:00:00,746.2443603233509
2003-06-09 01:00:00,742.7919653335028
2003-06-10 01:00:00,739.2637101826582
2003-06-11 01:00:00,735.6611512217631
2003-06-12 01:00:00,731.9856840059454
2003-06-13 01:00:00,728.2385871314735
2003-06-15 01:00:00,720.5343311930395
2003-06-16 01:00:00,716.5795968166307
2003-06-17 01:00:00,712.5581879274566
2003-06-18 01:00:00,708.4715723045156
2003-06-19 01:00:00,704.3214334808747
2003-06-20 01:00:00,700.109750048521
2003-06-22 01:00:00,692.6493768988512
2003-06-23 01:00:00,689.6407797026302
2003-06-24 01:00:00,686.6654929594068
2003-06-25 01:00:00,683.7241876317285
2003-06-26 01:00:00,680.8175339676823
2003-06-27 01:00:00,677.9461994279651
2003-06-29 01:00:00,672.3121259921733
2003-06-30 01:00:00,669.5506799202683
2003-07-01 01:00:00,666.8271315139096
2003-07-02 01:00:00,668.1913509927629
2003-07-03 01:00:00,669.63450721584
2003-07-04 01:00:00,671.124199355723
2003-07-06 01:00:00,674.2085748760611
2003-07-07 01:00:00,675.7872467125646
2003-07-08 01:00:00,677.38074186791
2003-07-09 01:00:00,680.4977842282158
2003-07-10 01:00:00,684.2965077143368
2003-07-11 01:00:00,688.0955950731702
2003-07-13 01:00:00,695.6823022857039
2003-07-14 01:00:00,699.4656252987285
2003-07-15 01:00:00,703.2405406127303
2003-07-16 01:00:00,707.0064622252603
2003-07-17 01:00:00,710.7632419998515
2003-07-18 01:00:00,714.5110715279831
2003-07-20 01:00:00,721.981828565278
2003-07-21 01:00:00,725.7061024532431
2003-07-22 01:00:00,729.4239959465688
2003-07-23 01:00:00,733.1362916805197
2003-07-24 01:00:00,736.8437305846209
2003-07-25 01:00:00,740.5469716748988
2003-07-27 01:00:00,750.496126525889
2003-07-28 01:00:00,756.9478743979971
2003-07-29 01:00:00,763.3357188569335
2003-07-30 01:00:00,769.6592464707351
2003-07-31 01:00:00,775.9176533619842
2003-08-01 01:00:00,782.1097162096222
2003-08-03 01:00:00,794.2876912372743
2003-08-04 01:00:00,800.2688847499766
2003-08-05 01:00:00,806.1742713816346
2003-08-06 01:00:00,812.0002745547097
2003-08-07 01:00:00,816.3828831389626
2003-08-08 01:00:00,819.3129699440801
2003-08-10 01:00:00,825.0334239806895
2003-08-11 01:00:00,827.8176628693012
2003-08-12 01:00:00,830.5465845879991
2003-08-13 01:00:00,833.2162185744726
2003-08-14 01:00:00,835.8221724684333
2003-08-15 01:00:00,838.3595991296492
2003-08-17 01:00:00,843.2070320447706
2003-08-18 01:00:00,845.5048218311155
2003-08-19 01:00:00,847.7096167113757
2003-08-20 01:00:00,849.8139453617964
2003-08-21 01:00:00,851.8097870242138
2003-08-22 01:00:00,854.9378352925626
2003-08-24 01:00:00,862.3881280169322
2003-08-25 01:00:00,865.9008711035679
2003-08-26 01:00:00,869.2586271118475
2003-08-27 01:00:00,872.0950432223672
2003-08-28 01:00:00,872.0989973376661
2003-08-29 01:00:00,871.9172128068707
2003-08-31 01:00:00,870.9696744196248
2003-09-01 01:00:00,870.1942938813569
2003-09-02 01:00:00,869.2150812358349
2003-09-03 01:00:00,868.0337120458165
2003-09-04 01:00:00,866.6557183224609
2003-09-05 01:00:00,865.0911992180054
2003-09-07 01:00:00,861.4694463788105
2003-09-08 01:00:00,859.2685286048709
2003-09-09 01:00:00,859.9232971434387
2003-09-10 01:00:00,861.4015643203081
2003-09-11 01:00:00,862.9014065703138
2003-09-12 01:00:00,864.4238557538611
2003-09-14 01:00:00,867.5404446856027
2003-09-15 01:00:00,869.1363917810459
2003-09-16 01:00:00,870.7585594040951
2003-09-17 01:00:00,872.4077206663982
2003-09-18 01:00:00,874.0845950745457
2003-09-19 01:00:00,875.789848494225
2003-09-21 01:00:00,879.2878920681807
2003-09-22 01:00:00,881.0817540541802
2003-09-23 01:00:00,882.9061411695238
2003-09-24 01:00:00,884.7614653290009
2003-09-25 01:00:00,886.6480867144123
2003-09-26 01:00:00,888.5663090251924
2003-09-28 01:00:00,892.4984467553402
2003-09-29 01:00:00,894.5126241967243
2003-09-30 01:00:00,896.5589189081397
2003-10-01 01:00:00,898.6372694146439
2003-10-02 01:00:00,900.7475463332011
2003-10-03 01:00:00,902.889562695326
2003-10-05 01:00:00,907.2678443790929
2003-10-06 01:00:00,909.5035448144773
2003-10-07 01:00:00,911.7698721494436
2003-10-08 01:00:00,914.0665000653158
2003-10-09 01:00:00,916.3930954913346
2003-10-10 01:00:00,918.7493227765127
2003-10-12 01:00:00,923.5493350860497
2003-10-13 01:00:00,925.9924591208711
2003-10-14 01:00:00,928.4638949879148
2003-10-15 01:00:00,930.9633236682253
2003-10-16 01:00:00,933.4904311913109
2003-10-17 01:00:00,936.0449088664484
2003-10-19 01:00:00,941.2347687293376
2003-10-20 01:00:00,943.8695638084018
2003-10-21 01:00:00,946.5305552041517
2003-10-22 01:00:00,949.2174646626447
2003-10-23 01:00:00,951.930016521752
2003-10-24 01:00:00,954.6679326191697
2003-10-26 01:00:00,960.2186881949017
2003-10-27 00:00:00,962.914078621988
2003-10-28 00:00:00,965.7493630153933
2003-10-29 00:00:00,968.6083613332821
2003-10-30 00:00:00,971.4906702346508
2003-10-31 00:00:00,974.3958750326069
2003-11-02 00:00:00,980.2733080399496
2003-11-03 00:00:00,983.2447210772307
2003-11-04 00:00:00,986.2374081363936
2003-11-05 00:00:00,989.2509948432568
2003-11-06 00:00:00,992.2851229263292
2003-11-07 00:00:00,995.3394507247722
2003-11-09 00:00:00,1001.5074227564601
2003-11-10 00:00:00,1004.6204671777854
2003-11-11 00:00:00,1007.7525108494629
2003-11-12 00:00:00,1010.9032931497
2003-11-13 00:00:00,1014.0725677574343
2003-11-14 00:00:00,1017.2601017585013
2003-11-16 00:00:00,1023.6890783121083
2003-11-17 00:00:00,1026.9301147437177
2003-11-18 00:00:00,1030.1885965586503
2003-11-19 00:00:00,1033.4643446481969
2003-11-20 00:00:00,1036.7571856194734
2003-11-21 00:00:00,1039.759916782621
2003-11-23 00:00:00,1044.9203398259601
2003-11-24 00:00:00,1047.5049673492094
2003-11-25 00:00:00,1050.0924198334505
2003-11-26 00:00:00,1052.6825975178879
2003-11-27 00:00:00,1055.2753967014405
2003-11-28 00:00:00,1057.8707134183642
2003-11-30 00:00:00,1063.068496789116
2003-12-01 00:00:00,1065.6707715445664
2003-12-02 00:00:00,1068.2751797927422
2003-12-03 00:00:00,1070.8816337241246
2003-12-04 00:00:00,1073.490047589024
2003-12-05 00:00:00,1076.1003371513862
2003-12-07 00:00:00,1080.0
2003-12-08 00:00:00,1080.0
2003-12-09 00:00:00,1080.0
2003-12-10 00:00:00,1080.0
2003-12-11 00:00:00,1080.0
2003-12-12 00:00:00,1080.0
2003-12-14 00:00:00,1079.4453116598768
2003-12-15 00:00:00,1078.295894788274
2003-12-16 00:00:00,1077.4300549887023
2003-12-17 00:00:00,1076.8771173075847
2003-12-18 00:00:00,1076.6647027651366
2003-12-19 00:00:00,1076.8165719301583
2003-12-21 00:00:00,1078.2722952153936
2003-12-22 00:00:00,1079.5782793942567
2003-12-23 00:00:00,1080.0
2003-12-24 00:00:00,1080.0
2003-12-25 00:00:00,1080.0
2003-12-26 00:00:00,1080.0
2003-12-28 00:00:00,1080.0
2003-12-29 00:00:00,1080.0
2003-12-30 00:00:00,1080.0
2003-12-31 00:00:00,1080.0
2004-01-01 00:00:00,1080.0
2004-01-02 00:00:00,1080.0
2004-01-04 00:00:00,1080.0
2004-01-05 00:00:00,1080.0
2004-01-06 00:00:00,1080.0
2004-01-07 00:00:00,1080.0
2004-01-08 00:00:00,1080.0
2004-01-09 00:00:00,1080.0
2004-01-11 00:00:00,1080.0
2004-01-12 00:00:00,1080.0
2004-01-13 00:00:00,1080.0
2004-01-14 00:00:00,1080.0
2004-01-15 00:00:00,1080.0
2004-01-16 00:00:00,1080.0
2004-01-18 00:00:00,1080.0
2004-01-19 00:00:00,1080.0
2004-01-20 00:00:00,1080.0
2004-01-21 00:00:00,1080.0
2004-01-22 00:00:00,1080.0
2004-01-23 00:00:00,1077.9455998449391
2004-01-25 00:00:00,1072.6620548631406
2004-01-26 00:00:00,1069.9483063730254
2004-01-27 00:00:00,1067.1916307424635
2004-01-28 00:00:00,1064.3951971807026
2004-01-29 00:00:00,1061.561745954696
2004-01-30 00:00:00,1057.396087003393
2004-02-01 00:00:00,1046.4442682736599
2004-02-02 00:00:00,1040.9206208005949
2004-02-03 00:00:00,1035.3671227459338
2004-02-04 00:00:00,1029.7849871858814
2004-02-05 00:00:00,1024.1752394013179
2004-02-06 00:00:00,1018.5387361173616
2004-02-08 00:00:00,1007.1881501441576
2004-02-09 00:00:00,1001.4750883593334
2004-02-10 00:00:00,995.7373424227981
2004-02-11 00:00:00,989.9751653947599
2004-02-12 00:00:00,984.1887315328637
2004-02-13 00:00:00,978.3781485629014
2004-02-15 00:00:00,966.6847017280338
2004-02-16 00:00:00,960.8018201761837
2004-02-17 00:00:00,954.8947729616777
2004-02-18 00:00:00,948.9634907927795
2004-02-19 00:00:00,943.0078931052493
2004-02-20 00:00:00,937.0278934399738
2004-02-22 00:00:00,924.9943433378021
2004-02-23 00:00:00,918.940639822711
2004-02-24 00:00:00,912.8622462324932
2004-02-25 00:00:00,906.7591517873732
2004-02-26 00:00:00,900.6314005702817
2004-02-27 00:00:00,894.4791135739115
2004-02-29 00:00:00,882.1019627686072
2004-03-01 00:00:00,875.8779846521036
2004-03-02 00:00:00,869.6313189875517
2004-03-03 00:00:00,863.3629623092564
2004-03-04 00:00:00,857.0742236585719
2004-03-05 00:00:00,847.2730989405417
2004-03-07 00:00:00,826.4003805792128
2004-03-08 00:00:00,815.9115307925824
2004-03-09 00:00:00,805.3975732792894
2004-03-10 00:00:00,794.8678994931456
2004-03-11 00:00:00,784.333727204121
2004-03-12 00:00:00,773.808295931378
2004-03-14 00:00:00,752.8477144983316
2004-03-15 00:00:00,742.4504779464611
2004-03-16 00:00:00,732.1378753841386
2004-03-17 00:00:00,721.934742736618
2004-03-18 00:00:00,711.8679984286683
2004-03-19 00:00:00,701.9663261560445
2004-03-21 00:00:00,682.7791557465357
2004-03-22 00:00:00,673.5556825215934
2004-03-23 00:00:00,664.6201978278552
2004-03-24 00:00:00,656.0027204628698
2004-03-25 00:00:00,647.7319281026593
2004-03-26 00:00:00,639.8347437969863
2004-03-28 00:00:00,625.2582907534519
2004-03-29 01:00:00,618.3552961330936
2004-03-30 01:00:00,612.1967601055566
2004-03-31 01:00:00,606.5123373642542
2004-04-01 01:00:00,601.3141241435715
2004-04-02 01:00:00,596.6113946507337
2004-04-04 01:00:00,588.7143086935573
2004-04-05 01:00:00,585.522567568443
2004-04-06 01:00:00,582.8308943042327
2004-04-07 01:00:00,580.6307222399397
2004-04-08 01:00:00,578.9088486263033
2004-04-09 01:00:00,577.6470842110946
2004-04-11 01:00:00,576.4046884289227
2004-04-12 01:00:00,576.360971078812
2004-04-13 01:00:00,576.6514493188
2004-04-14 01:00:00,577.232070214515
2004-04-15 01:00:00,578.0548306051329
2004-04-16 01:00:00,579.0687333215022
2004-04-18 01:00:00,581.4580324215409
2004-04-19 01:00:00,582.7273750723128
2004-04-20 01:00:00,583.9783705787698
2004-04-21 01:00:00,585.1636466503097
2004-04-22 01:00:00,586.240032787792
2004-04-23 01:00:00,587.1693032842471
2004-04-25 01:00:00,588.4609545135953
2004-04-26 01:00:00,588.7746749372734
2004-04-27 01:00:00,588.8437270181984
2004-04-28 01:00:00,588.6570605315012
2004-04-29 01:00:00,588.208183866108
2004-04-30 01:00:00,587.4946125042419
2004-05-02 01:00:00,585.2800136482975
2004-05-03 01:00:00,583.788888118839
2004-05-04 01:00:00,582.0518265685528
2004-05-05 01:00:00,580.0781082411247
2004-05-06 01:00:00,577.8779982111038
2004-05-07 01:00:00,575.4624270333234
2004-05-09 01:00:00,570.0303904029672
2004-05-10 01:00:00,567.0369171415865
2004-05-11 01:00:00,563.8736193169518
2004-05-12 01:00:00,560.5515056183643
2004-05-13 01:00:00,557.0811670755461
2004-05-14 01:00:00,553.4726867505867
2004-05-16 01:00:00,545.8786683631101
2004-05-17 01:00:00,541.910164229422
2004-05-18 01:00:00,537.8374959961263
2004-05-19 01:00:00,533.6673388737777
2004-05-20 01:00:00,529.4055693069112
2004-05-21 01:00:00,525.0572356513558
2004-05-23 01:00:00,516.1167712822963
2004-05-24 01:00:00,511.53037073544675
2004-05-25 01:00:00,506.8688300296434
2004-05-26 01:00:00,502.97264711420644
2004-05-27 01:00:00,499.19790380696327
2004-05-28 01:00:00,495.34521966093496
2004-05-30 01:00:00,487.3966230863176
2004-05-31 01:00:00,483.29391659645967
2004-06-01 01:00:00,479.09982670785587
2004-06-02 01:00:00,474.8092476005886
2004-06-03 01:00:00,470.4166412307369
2004-06-04 01:00:00,465.91624268609905
2004-06-06 01:00:00,456.5693869392822
2004-06-07 01:00:00,451.7126337452956
2004-06-08 01:00:00,446.72809976678593
2004-06-09 01:00:00,441.6130387402885
2004-06-10 01:00:00,436.36618665426147
2004-06-11 01:00:00,430.98801008707574
2004-06-13 01:00:00,420.2468920688557
2004-06-14 01:00:00,419.9386903812775
2004-06-15 01:00:00,419.51519891264377
2004-06-16 01:00:00,418.97239994272434
2004-06-17 01:00:00,418.30790707679046
2004-06-18 01:00:00,417.5208307121097
2004-06-20 01:00:00,415.5817086793701
2004-06-21 01:00:00,414.43356097547564
2004-06-22 01:00:00,413.17017221351506
2004-06-23 01:00:00,411.79500403656357
2004-06-24 01:00:00,410.311784869116
2004-06-25 01:00:00,408.72437346296977
2004-06-27 01:00:00,405.40713367440765
2004-06-28 01:00:00,407.3387470101656
2004-06-29 01:00:00,409.11975832190467
2004-06-30 01:00:00,410.75155648788694
2004-07-01 01:00:00,412.23601758790863
2004-07-02 01:00:00,413.5754555010182
2004-07-04 01:00:00,415.830469881502
2004-07-05 01:00:00,416.752509018235
2004-07-06 01:00:00,417.54235551214015
2004-07-07 01:00:00,418.2038717672782
2004-07-08 01:00:00,418.7410654599743
2004-07-09 01:00:00,419.1580324609754
2004-07-11 01:00:00,419.7410924011738
2004-07-12 01:00:00,421.68927431670244
2004-07-13 01:00:00,423.4643701804441
2004-07-14 01:00:00,425.06989159093337
2004-07-15 01:00:00,426.5091090817957
2004-07-16 01:00:00,427.7850227418735
2004-07-18 01:00:00,429.8574335095621
2004-07-19 01:00:00,430.6583575332597
2004-07-20 01:00:00,431.30479101665566
2004-07-21 01:00:00,431.7980386437573
2004-07-22 01:00:00,432.13901080660844
2004-07-23 01:00:00,432.32820865843536
2004-07-25 01:00:00,432.2511596507966
2004-07-26 01:00:00,431.98375473816526
2004-07-27 01:00:00,431.56224310125435
2004-07-28 01:00:00,430.98491933034023
2004-07-29 01:00:00,430.2496302035463
2004-07-30 01:00:00,429.3537869073609
2004-08-01 01:00:00,427.0680224374254
2004-08-02 01:00:00,425.6709369789824
2004-08-03 01:00:00,424.0990245251233
2004-08-04 01:00:00,422.3478808275313
2004-08-05 01:00:00,420.4128501426104
2004-08-06 01:00:00,418.28909671213745
2004-08-08 01:00:00,413.4558208832633
2004-08-09 01:00:00,410.7368231232368
2004-08-10 01:00:00,407.81055707478436
2004-08-11 01:00:00,404.6736069487209
2004-08-12 01:00:00,401.32362472121
2004-08-13 01:00:00,397.75970896661465
2004-08-15 01:00:00,389.99628046661235
2004-08-16 01:00:00,385.806159083443
2004-08-17 01:00:00,381.42181414120614
2004-08-18 01:00:00,376.85625511999285
2004-08-19 01:00:00,372.7599899681362
2004-08-20 01:00:00,370.73700776890166
2004-08-22 01:00:00,366.62363468698743
2004-08-23 01:00:00,364.5346509088549
2004-08-24 01:00:00,362.424991151055
2004-08-25 01:00:00,360.2952413765635
2004-08-26 01:00:00,358.14594997281347
2004-08-27 01:00:00,355.9776353817225
2004-08-29 01:00:00,351.58591450103216
2004-08-30 01:00:00,349.3634758834472
2004-08-31 01:00:00,347.12396313480656
2004-09-01 01:00:00,345.55929616689747
2004-09-02 01:00:00,345.17471810540064
2004-09-03 01:00:00,344.7863811760849
2004-09-05 01:00:00,343.99951382531015
2004-09-06 01:00:00,343.6015089598019
2004-09-07 01:00:00,343.20079372578357
2004-09-08 01:00:00,342.7976100977773
2004-09-09 01:00:00,342.39219122029
2004-09-10 01:00:00,341.98476145990685
2004-09-12 01:00:00,341.164722611967
2004-09-13 01:00:00,340.7525171941635
2004-09-14 01:00:00,340.33910693878056
2004-09-15 01:00:00,339.92466733757874
2004-09-16 01:00:00,339.5093615296505
2004-09-17 01:00:00,339.09333946787814
2004-09-19 01:00:00,338.2596789662007
2004-09-20 01:00:00,337.84227463366767
2004-09-21 01:00:00,337.4246249659443
2004-09-22 01:00:00,337.0068220066683
2004-09-23 01:00:00,336.58895193745576
2004-09-24 01:00:00,336.17109772378683
2004-09-26 01:00:00,335.3357681123219
2004-09-27 01:00:00,334.94720922173246
2004-09-28 01:00:00,335.39026902838
2004-09-29 01:00:00,335.83471373309857
2004-09-30 01:00:00,340.00683395988506
2004-10-01 01:00:00,345.96481794372994
2004-10-03 01:00:00,357.75910913911366
2004-10-04 01:00:00,363.5894713536289
2004-10-05 01:00:00,369.3727293047387
2004-10-06 01:00:00,375.1077822674195
2004-10-07 01:00:00,380.79406263304065
2004-10-08 01:00:00,386.4314410919599
2004-10-10 01:00:00,397.56068874356737
2004-10-11 01:00:00,403.05381255184204
2004-10-12 01:00:00,408.50043142942815
2004-10-13 01:00:00,413.9015899455869
2004-10-14 01:00:00,419.25842395882194
2004-10-15 01:00:00,424.5721281199738
2004-10-17 01:00:00,435.0750627267079
2004-10-18 01:00:00,440.26675822561026
2004-10-19 01:00:00,445.4202219580799
2004-10-20 01:00:00,450.5366259189136
2004-10-21 01:00:00,455.6170959638886
2004-10-22 01:00:00,460.6627002665227
2004-10-24 01:00:00,470.6532226910032
2004-10-25 01:00:00,475.5998757353127
2004-10-26 01:00:00,480.5151035297619
2004-10-27 01:00:00,485.3994841815596
2004-10-28 01:00:00,490.2534478205271
2004-10-29 01:00:00,495.0772555153323
2004-10-31 01:00:00,504.6344593696215
2004-11-01 00:00:00,509.1710212213464
2004-11-02 00:00:00,513.8738862161952
2004-11-03 00:00:00,518.5445015302294
2004-11-04 00:00:00,523.1815391011147
2004-11-05 00:00:00,527.783272720003
2004-11-07 00:00:00,540.7827856586828
2004-11-08 00:00:00,547.3174315250214
2004-11-09 00:00:00,553.8091582322733
2004-11-10 00:00:00,560.2532595983489
2004-11-11 00:00:00,566.6441647575418
2004-11-12 00:00:00,572.9753152432692
2004-11-14 00:00:00,585.4263295911836
2004-11-15 00:00:00,591.52680131746
2004-11-16 00:00:00,597.5283635993346
2004-11-17 00:00:00,603.417065366075
2004-11-18 00:00:00,609.176834276288
2004-11-19 00:00:00,614.7892005679669
2004-11-21 00:00:00,625.4840255380841
2004-11-22 00:00:00,630.5147488164461
2004-11-23 00:00:00,635.2939477506326
2004-11-24 00:00:00,639.7864518031463
2004-11-25 00:00:00,643.9529388076936
2004-11-26 00:00:00,647.749882357389
2004-11-28 00:00:00,654.0414409442128
2004-11-29 00:00:00,656.4314952038313
2004-11-30 00:00:00,658.245611544291
2004-12-01 00:00:00,659.4313030454662
2004-12-02 00:00:00,659.9414760125528
2004-12-03 00:00:00,659.7391492380619
2004-12-05 00:00:00,657.1348907314095
2004-12-06 00:00:00,654.8490622695596
2004-12-07 00:00:00,652.9744601795826
2004-12-08 00:00:00,650.5617658823014
2004-12-09 00:00:00,647.7466423728165
2004-12-10 00:00:00,644.6939037225237
2004-12-12 00:00:00,638.6133264972188
2004-12-13 00:00:00,635.9512591411296
2004-12-14 00:00:00,633.7556338263466
2004-12-15 00:00:00,632.1496119656651
2004-12-16 00:00:00,631.2203176609821
2004-12-17 00:00:00,631.0191667936989
2004-12-19 00:00:00,632.852972850934
2004-12-20 00:00:00,634.8547634852553
2004-12-21 00:00:00,637.5309999710122
2004-12-22 00:00:00,640.8334630486255
2004-12-23 00:00:00,644.7099542353023
2004-12-24 00:00:00,649.1074520581132
2004-12-26 00:00:00,659.2616629258619
2004-12-27 00:00:00,664.9242650431272
2004-12-28 00:00:00,670.9208592988842
2004-12-29 00:00:00,677.367118752568
2004-12-30 00:00:00,684.4503240862712
2004-12-31 00:00:00,691.6552164062967
2005-01-02 00:00:00,706.3794342169248
2005-01-03 00:00:00,713.8772219306471
2005-01-04 00:00:00,721.4533022913843
2005-01-05 00:00:00,729.0999847218777
2005-01-06 00:00:00,736.8105533501918
2005-01-07 00:00:00,744.579148556758
2005-01-09 00:00:00,760.2706165498284
2005-01-10 00:00:00,768.1851380903762
2005-01-11 00:00:00,776.1408387905843
2005-01-12 00:00:00,784.1347895591999
2005-01-13 00:00:00,792.1644699816997
2005-01-14 00:00:00,800.2277277080841
2005-01-16 00:00:00,817.1581142448672
2005-01-17 00:00:00,825.7233085767765
2005-01-18 00:00:00,834.339047643809
2005-01-19 00:00:00,843.0037890148642
2005-01-20 00:00:00,851.716325067741
2005-01-21 00:00:00,860.4757436583194
2005-01-23 00:00:00,878.132857856752
2005-01-24 00:00:00,887.0299219730763
2005-01-25 00:00:00,895.9725563485101
2005-01-26 00:00:00,904.1208349110352
2005-01-27 00:00:00,909.8698647348642
2005-01-28 00:00:00,915.2681730490567
2005-01-30 00:00:00,921.5802595962713
2005-01-31 00:00:00,924.7791519135316
2005-02-01 00:00:00,928.0072146536858
2005-02-02 00:00:00,931.2649305574148
2005-02-03 00:00:00,934.5527958565148
2005-02-04 00:00:00,937.8713110374156
2005-02-06 00:00:00,944.6022522910857
2005-02-07 00:00:00,948.0156044337571
2005-02-08 00:00:00,951.461434125686
2005-02-09 00:00:00,954.9400938316077
2005-02-10 00:00:00,958.4518674650278
2005-02-11 00:00:00,961.9969543889579
2005-02-13 00:00:00,969.1873211772444
2005-02-14 00:00:00,972.8323766571876
2005-02-15 00:00:00,976.5102300652287
2005-02-16 00:00:00,980.2202569565068
2005-02-17 00:00:00,983.9615443919753
2005-02-18 00:00:00,987.7328328787358
2005-02-20 00:00:00,995.3582352553993
2005-02-21 00:00:00,999.2074555850841
2005-02-22 00:00:00,1003.0767120342031
2005-02-23 00:00:00,1006.9618379593105
2005-02-24 00:00:00,1010.8577906854694
2005-02-25 00:00:00,1014.7585394431275
2005-02-27 00:00:00,1022.5447000383627
2005-02-28 00:00:00,1026.4121494171752
2005-03-01 00:00:00,1030.2483143515974
2005-03-02 00:00:00,1034.0408165198726
2005-03-03 00:00:00,1037.7759014072717
2005-03-04 00:00:00,1041.4385073738993
2005-03-06 00:00:00,1048.4803459067587
2005-03-07 00:00:00,1051.8244067697901
2005-03-08 00:00:00,1054.5284215159286
2005-03-09 00:00:00,1056.082890476736
2005-03-10 00:00:00,1057.4614420462963
2005-03-11 00:00:00,1058.6466047111774
2005-03-13 00:00:00,1060.3721727701934
2005-03-14 00:00:00,1060.8838956713746
2005-03-15 00:00:00,1061.1454516745853
2005-03-16 00:00:00,1061.1474014487815
2005-03-17 00:00:00,1060.882746785859
2005-03-18 00:00:00,1060.3471993711435
2005-03-20 00:00:00,1058.4615051522699
2005-03-21 00:00:00,1057.1188701803694
2005-03-22 00:00:00,1055.520903966558
2005-03-23 00:00:00,1053.6809653807181
2005-03-24 00:00:00,1051.6165211373348
2005-03-25 00:00:00,1049.3491047193993
2005-03-27 00:00:00,1044.3103258101519
2005-03-28 01:00:00,1041.484203179747
2005-03-29 01:00:00,1038.6870920110355
2005-03-30 01:00:00,1036.657516979879
2005-03-31 01:00:00,1037.9796619665744
2005-04-01 01:00:00,1039.3052201340072
2005-04-03 01:00:00,1041.8044530622522
2005-04-04 01:00:00,1040.3995571690778
2005-04-05 01:00:00,1038.9979532420425
2005-04-06 01:00:00,1037.5996772396682
2005-04-07 01:00:00,1036.2047623053681
2005-04-08 01:00:00,1034.813236539081
2005-04-10 01:00:00,1032.0404301770518
2005-04-11 01:00:00,1030.6591691891858
2005-04-12 01:00:00,1029.2813372685355
2005-04-13 01:00:00,1027.9069275293891
2005-04-14 01:00:00,1026.5359285180352
2005-04-15 01:00:00,1025.1683253559904
2005-04-17 01:00:00,1022.443234954308
2005-04-18 01:00:00,1021.0857074080578
2005-04-19 01:00:00,1019.7314956922644
2005-04-20 01:00:00,1018.3805763819427
2005-04-21 01:00:00,1017.032925258801
2005-04-22 01:00:00,1015.6885179118743
2005-04-24 01:00:00,1013.009342195725
2005-04-25 01:00:00,1011.6745348185444
2005-04-26 01:00:00,1010.3428968185581
2005-04-27 01:00:00,1009.0144238969831
2005-04-28 01:00:00,1007.6891203356475
2005-04-29 01:00:00,1004.356206814592
2005-05-01 01:00:00,996.7865697660238
2005-05-02 01:00:00,992.8860586627904
2005-05-03 01:00:00,988.9121207430576
2005-05-04 01:00:00,984.8671808516895
2005-05-05 01:00:00,980.7533920478458
2005-05-06 01:00:00,976.5726438892953
2005-05-08 01:00:00,968.0165663380601
2005-05-09 01:00:00,963.6437874745516
2005-05-10 01:00:00,959.209176415196
2005-05-11 01:00:00,954.7134729643182
2005-05-12 01:00:00,950.1572338708861
2005-05-13 01:00:00,945.5408538068585
2005-05-15 01:00:00,936.12858354844
2005-05-16 01:00:00,931.3329002359942
2005-05-17 01:00:00,926.4775546170091
2005-05-18 01:00:00,921.562555394688
2005-05-19 01:00:00,916.5879509694357
2005-05-20 01:00:00,911.5538836268537
2005-05-22 01:00:00,901.3087848926178
2005-05-23 01:00:00,896.0991194919752
2005-05-24 01:00:00,890.8328948457832
2005-05-25 01:00:00,885.5118464076224
2005-05-26 01:00:00,880.1383044665722
2005-05-27 01:00:00,874.7152881235425
2005-05-29 01:00:00,863.7368279002407
2005-05-30 01:00:00,858.1915025722009
2005-05-31 01:00:00,852.616975161554
2005-06-01 01:00:00,847.0204368803791
2005-06-02 01:00:00,841.4098198442747
2005-06-03 01:00:00,835.7936648427641
2005-06-05 01:00:00,824.5808801701806
2005-06-06 01:00:00,819.0026801841441
2005-06-07 01:00:00,813.4553610951035
2005-06-08 01:00:00,807.9475223668766
2005-06-09 01:00:00,802.4871772131225
2005-06-10 01:00:00,797.0816201691534
2005-06-12 01:00:00,786.4599816951749
2005-06-13 01:00:00,781.2543421651109
2005-06-14 01:00:00,776.1244112140413
2005-06-15 01:00:00,771.073430683538
2005-06-16 01:00:00,766.1039743768557
2005-06-17 01:00:00,761.2180373016481
2005-06-19 01:00:00,751.7023625145941
2005-06-20 01:00:00,747.0745472570612
2005-06-21 01:00:00,742.5342652373181
2005-06-22 01:00:00,738.0819485987047
2005-06-23 01:00:00,733.7179466593427
2005-06-24 01:00:00,729.442585658982
2005-06-26 01:00:00,721.154558017515
2005-06-27 01:00:00,719.5508168128881
2005-06-28 01:00:00,719.4259456131064
2005-06-29 01:00:00,719.6303392150082
2005-06-30 01:00:00,719.770347903057
2005-07-01 01:00:00,719.8450873405108
2005-07-03 01:00:00,719.7941103937495
2005-07-04 01:00:00,719.6654658728268
2005-07-05 01:00:00,719.4656685398595
2005-07-06 01:00:00,719.1925921116177
2005-07-07 01:00:00,718.8438274143705
2005-07-08 01:00:00,718.4166755419354
2005-07-10 01:00:00,717.6975267955833
2005-07-11 01:00:00,717.6843763062913
2005-07-12 01:00:00,717.6904104639223
2005-07-13 01:00:00,717.7157343386147
2005-07-14 01:00:00,717.760446923914
2005-07-15 01:00:00,717.8246418501949
2005-07-17 01:00:00,718.011835847493
2005-07-18 01:00:00,718.1350166522574
2005-07-19 01:00:00,718.2780527913009
2005-07-20 01:00:00,718.4410708268397
2005-07-21 01:00:00,718.624230755013
2005-07-22 01:00:00,718.827737750797
2005-07-24 01:00:00,719.2968665337903
2005-07-25 01:00:00,719.5631394409594
2005-07-26 01:00:00,719.8510401705622
2005-07-27 01:00:00,720.160957082293
2005-07-28 01:00:00,720.4932830397645
2005-07-29 01:00:00,720.8484086830016
2005-07-31 01:00:00,721.6285912180101
2005-08-01 01:00:00,722.0543958853809
2005-08-02 01:00:00,722.5044956297018
2005-08-03 01:00:00,722.979245999652
2005-08-04 01:00:00,723.478995383664
2005-08-05 01:00:00,724.0040849976033
2005-08-07 01:00:00,725.1316141815597
2005-08-08 01:00:00,725.734701234712
2005-08-09 01:00:00,726.364424338595
2005-08-10 01:00:00,727.0210922802546
2005-08-11 01:00:00,727.705009158089
2005-08-12 01:00:00,728.41647543428
2005-08-14 01:00:00,729.9232508837133
2005-08-15 01:00:00,730.7191643783676
2005-08-16 01:00:00,731.5438486864209
2005-08-17 01:00:00,732.3976474456875
2005-08-18 01:00:00,733.2809436175158
2005-08-19 01:00:00,734.1941742607678
2005-08-21 01:00:00,736.1125170751629
2005-08-22 01:00:00,737.1188342507015
2005-08-23 01:00:00,738.157476369371
2005-08-24 01:00:00,739.2291591065896
2005-08-25 01:00:00,740.3346154308997
2005-08-26 01:00:00,741.4745844463968
2005-08-28 01:00:00,743.8610113154423
2005-08-29 01:00:00,745.1089344579907
2005-08-30 01:00:00,746.3942996240363
2005-08-31 01:00:00,747.7178271644644
2005-09-01 01:00:00,749.0802316513185
2005-09-02 01:00:00,750.6037175246429
2005-09-04 01:00:00,757.4472298574797
2005-09-05 01:00:00,760.9246411845975
2005-09-06 01:00:00,764.4400251383588
2005-09-07 01:00:00,767.994010041474
2005-09-08 01:00:00,771.5872052247325
2005-09-09 01:00:00,775.2202020439113
2005-09-11 01:00:00,782.6078908200781
2005-09-12 01:00:00,786.3637038084637
2005-09-13 01:00:00,790.1615755230816
2005-09-14 01:00:00,794.0020821022381
2005-09-15 01:00:00,797.8858312037297
2005-09-16 01:00:00,801.8134790257578
2005-09-18 01:00:00,809.8034144513684
2005-09-19 01:00:00,813.8673395184792
2005-09-20 01:00:00,817.9784150966063
2005-09-21 01:00:00,822.1375572368092
2005-09-22 01:00:00,826.3456761287479
2005-09-23 01:00:00,830.6036533231619
2005-09-25 01:00:00,839.2724698675875
2005-09-26 01:00:00,843.6848032950121
2005-09-27 01:00:00,848.1499701675966
2005-09-28 01:00:00,852.6685403609667
2005-09-29 01:00:00,857.2410024356672
2005-09-30 01:00:00,861.867756140361
2005-10-02 01:00:00,871.2852389839431
2005-10-03 01:00:00,873.9707264192392
2005-10-04 01:00:00,876.5242189400242
2005-10-05 01:00:00,879.1067593575233
2005-10-06 01:00:00,882.1045130670312
2005-10-07 01:00:00,887.44725252999
2005-10-09 01:00:00,898.1379370148768
2005-10-10 01:00:00,903.485718511397
2005-10-11 01:00:00,908.8347927686139
2005-10-12 01:00:00,914.1847384682044
2005-10-13 01:00:00,919.5349954560544
2005-10-14 01:00:00,924.884862219788
2005-10-16 01:00:00,935.5798740152151
2005-10-17 01:00:00,940.9228311939939
2005-10-18 01:00:00,946.2609780842292
2005-10-19 01:00:00,951.5926959506514
2005-10-20 01:00:00,956.9160943509177
2005-10-21 01:00:00,962.22897319744
2005-10-23 01:00:00,971.70217998662
2005-10-24 01:00:00,973.7125124095638
2005-10-25 01:00:00,975.7175998490496
2005-10-26 01:00:00,977.7172042246889
2005-10-27 01:00:00,979.7110705500145
2005-10-28 01:00:00,981.698926120631
2005-10-30 01:00:00,985.6554180929503
2005-10-31 00:00:00,987.5419443347711
2005-11-01 00:00:00,989.5029402480322
2005-11-02 00:00:00,991.4562563951579
2005-11-03 00:00:00,993.4014765181639
2005-11-04 00:00:00,995.3381525940879
2005-11-06 00:00:00,999.1839178890775
2005-11-07 00:00:00,1001.091950567643
2005-11-08 00:00:00,1002.9893299031461
2005-11-09 00:00:00,1004.8754581557154
2005-11-10 00:00:00,1006.7497150508301
2005-11-11 00:00:00,1008.611460776664
2005-11-13 00:00:00,1012.2947768416726
2005-11-14 00:00:00,1014.1149896258346
2005-11-15 00:00:00,1015.9199762963093
2005-11-16 00:00:00,1017.7090190515866
2005-11-17 00:00:00,1019.4813790939787
2005-11-18 00:00:00,1021.2362917505334
2005-11-20 00:00:00,1024.69055572803
2005-11-21 00:00:00,1026.388203027525
2005-11-22 00:00:00,1028.0649871511055
2005-11-23 00:00:00,1029.719945501869
2005-11-24 00:00:00,1031.3520665059407
2005-11-25 00:00:00,1032.9602873317256
2005-11-27 00:00:00,1036.1005052191972
2005-11-28 00:00:00,1037.6300947209388
2005-11-29 00:00:00,1039.1309602633792
2005-11-30 00:00:00,1040.6017311207436
2005-12-01 00:00:00,1042.0409595112137
2005-12-02 00:00:00,1043.447115205573
2005-12-04 00:00:00,1046.1536564964429
2005-12-05 00:00:00,1047.4505519336403
2005-12-06 00:00:00,1048.192264478778
2005-12-07 00:00:00,1048.915029973503
2005-12-08 00:00:00,1049.6234702327283
2005-12-09 00:00:00,1050.315364311154
2005-12-11 00:00:00,1051.640181934792
2005-12-12 00:00:00,1052.268266211737
2005-12-13 00:00:00,1052.8701582596077
2005-12-14 00:00:00,1053.4433370212766
2005-12-15 00:00:00,1053.985267603999
2005-12-16 00:00:00,1054.4934152007372
2005-12-18 00:00:00,1055.3983064806584
2005-12-19 00:00:00,1055.7901101233426
2005-12-20 00:00:00,1056.1382856488653
2005-12-21 00:00:00,1056.4405343409423
2005-12-22 00:00:00,1056.6946687703453
2005-12-23 00:00:00,1056.8986423388885
2005-12-25 00:00:00,1057.1488255200375
2005-12-26 00:00:00,1057.1919564070686
2005-12-27 00:00:00,1057.1788453911342
2005-12-28 00:00:00,1057.1086874601515
2005-12-29 00:00:00,1056.9810397940182
2005-12-30 00:00:00,1056.7958588572849
2006-01-01 00:00:00,1056.2549506764253
2006-01-02 00:00:00,1055.9014928714014
2006-01-03 00:00:00,1055.495138075576
2006-01-04 00:00:00,1055.0384840148868
2006-01-05 00:00:00,1054.5348041846592
2006-01-06 00:00:00,1053.9880731071642
2006-01-08 00:00:00,1052.7849291506013
2006-01-09 00:00:00,1052.1399865771998
2006-01-10 00:00:00,1051.474849126246
2006-01-11 00:00:00,1050.796761559159
2006-01-12 00:00:00,1050.1134293933717
2006-01-13 00:00:00,1049.4329148557588
2006-01-15 00:00:00,1048.1136703016148
2006-01-16 00:00:00,1047.2249869119676
2006-01-17 00:00:00,1046.1807406987114
2006-01-18 00:00:00,1046.7484569227643
2006-01-19 00:00:00,1050.1508500959487
2006-01-20 00:00:00,1053.572303485238
2006-01-22 00:00:00,1060.4740119381179
2006-01-23 00:00:00,1063.9550201560915
2006-01-24 00:00:00,1067.4565728215418
2006-01-25 00:00:00,1070.9789363010507
2006-01-26 00:00:00,1074.5223060907272
2006-01-27 00:00:00,1078.0867881471634
2006-01-29 00:00:00,1080.0
2006-01-30 00:00:00,1080.0
2006-01-31 00:00:00,1080.0
2006-02-01 00:00:00,1080.0
2006-02-02 00:00:00,1080.0
2006-02-03 00:00:00,1080.0
2006-02-05 00:00:00,1080.0
2006-02-06 00:00:00,1080.0
2006-02-07 00:00:00,1080.0
2006-02-08 00:00:00,1080.0
2006-02-09 00:00:00,1080.0
2006-02-10 00:00:00,1080.0
2006-02-12 00:00:00,1080.0
2006-02-13 00:00:00,1080.0
2006-02-14 00:00:00,1080.0
2006-02-15 00:00:00,1080.0
2006-02-16 00:00:00,1080.0
2006-02-17 00:00:00,1080.0
2006-02-19 00:00:00,1080.0
2006-02-20 00:00:00,1080.0
2006-02-21 00:00:00,1080.0
2006-02-22 00:00:00,1080.0
2006-02-23 00:00:00,1080.0
2006-02-24 00:00:00,1080.0
2006-02-26 00:00:00,1080.0
2006-02-27 00:00:00,1080.0
2006-02-28 00:00:00,1080.0
2006-03-01 00:00:00,1080.0
2006-03-02 00:00:00,1080.0
2006-03-03 00:00:00,1080.0
2006-03-05 00:00:00,1080.0
2006-03-06 00:00:00,1080.0
2006-03-07 00:00:00,1080.0
2006-03-08 00:00:00,1080.0
2006-03-09 00:00:00,1080.0
2006-03-10 00:00:00,1080.0
2006-03-12 00:00:00,1078.734806445319
2006-03-13 00:00:00,1076.8907896562773
2006-03-14 00:00:00,1075.0290902602692
2006-03-15 00:00:00,1073.1504992633854
2006-03-16 00:00:00,1071.2557779883107
2006-03-17 00:00:00,1069.3456603376633
2006-03-19 00:00:00,1065.4820473753578
2006-03-20 00:00:00,1063.5299017424356
2006-03-21 00:00:00,1061.5650628414642
2006-03-22 00:00:00,1059.588157765002
2006-03-23 00:00:00,1057.5997976058156
2006-03-24 00:00:00,1055.6005788940731
2006-03-26 00:00:00,1051.5718831898953
2006-03-27 01:00:00,1049.458202133641
2006-03-28 01:00:00,1047.4208859927653
2006-03-29 01:00:00,1045.3754781392256
2006-03-30 01:00:00,1043.32245457256
2006-03-31 01:00:00,1041.2622560011978
2006-04-02 01:00:00,1037.121915230544
2006-04-03 01:00:00,1035.042480517619
2006-04-04 01:00:00,1032.9572946637197
2006-04-05 01:00:00,1030.8666486158486
2006-04-06 01:00:00,1028.7708156991305
2006-04-07 01:00:00,1026.6700543400632
2006-04-09 01:00:00,1022.454716016636
2006-04-10 01:00:00,1020.340595386226
2006-04-11 01:00:00,1018.2224607621008
2006-04-12 01:00:00,1016.100515775786
2006-04-13 01:00:00,1013.9749560177647
2006-04-14 01:00:00,1011.8459702900886
2006-04-16 01:00:00,1007.5784506724561
2006-04-17 01:00:00,1005.4402733541204
2006-04-18 01:00:00,1003.2993859944884
2006-04-19 01:00:00,1001.1559645603405
2006-04-20 01:00:00,999.0101859167006
2006-04-21 01:00:00,996.8622284118112
2006-04-23 01:00:00,992.5604980312787
2006-04-24 01:00:00,990.4070876120855
2006-04-25 01:00:00,988.2522197363463
2006-04-26 01:00:00,986.0960677845512
2006-04-27 01:00:00,983.9387956248421
2006-04-28 01:00:00,981.7805537831943
2006-04-30 01:00:00,977.4616812824102
2006-05-01 01:00:00,975.301268121537
2006-05-02 01:00:00,973.1403227526362
2006-05-03 01:00:00,970.9789184341939
2006-05-04 01:00:00,968.817118528162
2006-05-05 01:00:00,966.6549785168561
2006-05-07 01:00:00,962.3298690522606
2006-05-08 01:00:00,960.1669820381034
2006-05-09 01:00:00,958.0039207777463
2006-05-10 01:00:00,955.8407154908518
2006-05-11 01:00:00,953.6773927102264
2006-05-12 01:00:00,951.171786834407
2006-05-14 01:00:00,937.9749175730822
2006-05-15 01:00:00,931.3107155843518
2006-05-16 01:00:00,924.6093648203009
2006-05-17 01:00:00,917.8769651415931
2006-05-18 01:00:00,911.1204725420482
2006-05-19 01:00:00,904.3476449762272
2006-05-21 01:00:00,890.7873784599599
2006-05-22 01:00:00,884.0183413986666
2006-05-23 01:00:00,877.26937656143
2006-05-24 01:00:00,870.5499646098352
2006-05-25 01:00:00,863.8693008580303
2006-05-26 01:00:00,857.23609625949
2006-05-28 01:00:00,844.1435458481052
2006-05-29 01:00:00,837.6979487057332
2006-05-30 01:00:00,831.3272131064425
2006-05-31 01:00:00,825.0360853861016
2006-06-01 01:00:00,818.8285190042236
2006-06-02 01:00:00,812.7077510134308
2006-06-04 01:00:00,800.7365339267853
2006-06-05 01:00:00,794.8898320333323
2006-06-06 01:00:00,789.1376185610568
2006-06-07 01:00:00,783.480982836883
2006-06-08 01:00:00,775.9521334005314
2006-06-09 01:00:00,767.9813623975206
2006-06-11 01:00:00,752.3452082601193
2006-06-12 01:00:00,744.6817113918505
2006-06-13 01:00:00,737.1226806561947
2006-06-14 01:00:00,729.6693506303922
2006-06-15 01:00:00,722.3231360599727
2006-06-16 01:00:00,715.0856591573314
2006-06-18 01:00:00,700.9445679164842
2006-06-19 01:00:00,694.8392968463035
2006-06-20 01:00:00,689.0598026478833
2006-06-21 01:00:00,683.3999426368259
2006-06-22 01:00:00,677.8628619065851
2006-06-23 01:00:00,672.4519334277475
2006-06-25 01:00:00,662.0230260255528
2006-06-26 01:00:00,657.012696818708
2006-06-27 01:00:00,652.1437329788666
2006-06-28 01:00:00,647.420149445957
2006-06-29 01:00:00,642.8459185855202
2006-06-30 01:00:00,638.4248813848744
2006-07-02 01:00:00,630.0564346894934
2006-07-03 01:00:00,626.1149885093523
2006-07-04 01:00:00,622.3383443717809
2006-07-05 01:00:00,618.7276699986855
2006-07-06 01:00:00,615.2830483815716
2006-07-07 01:00:00,612.0032535299221
2006-07-09 01:00:00,605.9253153616787
2006-07-10 01:00:00,603.1161342535682
2006-07-11 01:00:00,600.4493225792894
2006-07-12 01:00:00,597.9139575691386
2006-07-13 01:00:00,595.4967959568661
2006-07-14 01:00:00,593.1823058666341
2006-07-16 01:00:00,588.7886126774819
2006-07-17 01:00:00,586.6684993369574
2006-07-18 01:00:00,584.5699449049914
2006-07-19 01:00:00,582.4696667685099
2006-07-20 01:00:00,580.3441063013481
2006-07-21 01:00:00,578.169940818476
2006-07-23 01:00:00,573.5865961656384
2006-07-24 01:00:00,571.1361311520509
2006-07-25 01:00:00,568.5551535773814
2006-07-26 01:00:00,565.8276693904057
2006-07-27 01:00:00,562.9398204380833
2006-07-28 01:00:00,559.8799010879742
2006-07-30 01:00:00,553.2074036426594
2006-07-31 01:00:00,549.5814182251452
2006-08-01 01:00:00,545.7562285386676
2006-08-02 01:00:00,541.7292079075163
2006-08-03 01:00:00,537.4990534064145
2006-08-04 01:00:00,533.0656367530315
2006-08-06 01:00:00,523.5936736054508
2006-08-07 01:00:00,518.5598030693525
2006-08-08 01:00:00,513.3319451916318
2006-08-09 01:00:00,507.91467018121006
2006-08-10 01:00:00,502.313479757217
2006-08-11 01:00:00,496.53485898620585
2006-08-13 01:00:00,484.47649315675267
2006-08-14 01:00:00,478.21503888331694
2006-08-15 01:00:00,471.81272103571223
2006-08-16 01:00:00,465.2812796432117
2006-08-17 01:00:00,458.6333107706349
2006-08-18 01:00:00,451.8820840915432
2006-08-20 01:00:00,438.12490401770594
2006-08-21 01:00:00,431.2008959899078
2006-08-22 01:00:00,427.8062912048849
2006-08-23 01:00:00,424.4194415526372
2006-08-24 01:00:00,421.04032916747275
2006-08-25 01:00:00,417.668931723413
2006-08-27 01:00:00,411.0819051570536
2006-08-28 01:00:00,409.9449514742603
2006-08-29 01:00:00,408.81744405729637
2006-08-30 01:00:00,407.69935937807713
2006-08-31 01:00:00,406.5906713762704
2006-09-01 01:00:00,405.4913515363162
2006-09-03 01:00:00,403.3206904938281
2006-09-04 01:00:00,402.2492813177274
2006-09-05 01:00:00,401.1871058792757
2006-09-06 01:00:00,400.13412972315416
2006-09-07 01:00:00,399.09032212577006
2006-09-08 01:00:00,398.0556586902766
2006-09-10 01:00:00,396.0137139035535
2006-09-11 01:00:00,395.00643288296726
2006-09-12 01:00:00,394.00829462871
2006-09-13 01:00:00,393.01931823713375
2006-09-14 01:00:00,392.03952581230266
2006-09-15 01:00:00,391.0689403273309
2006-09-17 01:00:00,391.67118780905486
2006-09-18 01:00:00,392.6971606409826
2006-09-19 01:00:00,393.6968852907389
2006-09-20 01:00:00,394.6708552146931
2006-09-21 01:00:00,395.6195159743547
2006-09-22 01:00:00,396.5432559339034
2006-09-24 01:00:00,398.31718758682536
2006-09-25 01:00:00,399.1677904121407
2006-09-26 01:00:00,399.99427689927654
2006-09-27 01:00:00,400.7966159905827
2006-09-28 01:00:00,401.5746643514532
2006-09-29 01:00:00,402.3281553736632
2006-10-01 01:00:00,403.7597093603648
2006-10-02 01:00:00,404.43650883794646
2006-10-03 01:00:00,405.08619404864805
2006-10-04 01:00:00,405.7076780987404
2006-10-05 01:00:00,406.2996601072805
2006-10-06 01:00:00,406.8606041547499
2006-10-08 01:00:00,407.8819064558838
2006-10-09 01:00:00,408.3377693125217
2006-10-10 01:00:00,408.75352500509626
2006-10-11 01:00:00,409.1259787258808
2006-10-12 01:00:00,409.4514644891357
2006-10-13 01:00:00,409.72578507851193
2006-10-15 01:00:00,410.1010848266641
2006-10-16 01:00:00,410.1903896970745
2006-10-17 01:00:00,410.20501633836415
2006-10-18 01:00:00,410.1369944788777
2006-10-19 01:00:00,409.97733068443495
2006-10-20 01:00:00,409.7159082622437
2006-10-22 01:00:00,408.8411221804867
2006-10-23 01:00:00,408.53401607749214
2006-10-24 01:00:00,408.4742428019067
2006-10-25 01:00:00,408.0608694558531
2006-10-26 01:00:00,408.1680213602958
2006-10-27 01:00:00,408.0908225680686
2006-10-29 01:00:00,406.48803962743625
2006-10-30 00:00:00,404.9621585915595
2006-10-31 00:00:00,402.79979768388193
2006-11-01 00:00:00,401.14289869775155
2006-11-02 00:00:00,399.2934357527888
2006-11-03 00:00:00,397.1341625118728
2006-11-05 00:00:00,391.9376274426599
2006-11-06 00:00:00,388.9594103218751
2006-11-07 00:00:00,385.79186885169224
2006-11-08 00:00:00,384.06725667719024
2006-11-09 00:00:00,385.88690839882554
2006-11-10 00:00:00,387.7132638460239
2006-11-12 00:00:00,392.7299461749345
2006-11-13 00:00:00,397.98865538807394
2006-11-14 00:00:00,402.93310538321657
2006-11-15 00:00:00,407.52417892555377
2006-11-16 00:00:00,412.0406751780777
2006-11-17 00:00:00,417.9394148526636
2006-11-19 00:00:00,428.62000075243094
2006-11-20 00:00:00,433.4402409170258
2006-11-21 00:00:00,437.94849072779823
2006-11-22 00:00:00,442.1741000000832
2006-11-23 00:00:00,446.14692409414334
2006-11-24 00:00:00,449.8960860753824
2006-11-26 00:00:00,456.8315921033495
2006-11-27 00:00:00,460.0665950110356
2006-11-28 00:00:00,463.17492297131673
2006-11-29 00:00:00,466.1749935150543
2006-11-30 00:00:00,469.0829975910467
2006-12-01 00:00:00,471.913069550764
2006-12-03 00:00:00,477.3868235931459
2006-12-04 00:00:00,480.05022536206184
2006-12-05 00:00:00,482.67550162210654
2006-12-06 00:00:00,485.26932947473296
2006-12-07 00:00:00,487.83738952019775
2006-12-08 00:00:00,490.3844938607581
2006-12-10 00:00:00,495.4314053927841
2006-12-11 00:00:00,500.099796973804
2006-12-12 00:00:00,507.0669764368207
2006-12-13 00:00:00,514.7127403845734
2006-12-14 00:00:00,522.3781951645394
2006-12-15 00:00:00,530.0620458516518
2006-12-17 00:00:00,545.4810134538949
2006-12-18 00:00:00,553.2146916038009
2006-12-19 00:00:00,560.9638273342537
2006-12-20 00:00:00,568.7280936905971
2006-12-21 00:00:00,576.5072800543924
2006-12-22 00:00:00,584.3012754669239
2006-12-24 00:00:00,599.9336715869099
2006-12-25 00:00:00,607.77224439438
2006-12-26 00:00:00,615.6259566528511
2006-12-27 00:00:00,623.4950485674046
2006-12-28 00:00:00,631.3798128480547
2006-12-29 00:00:00,639.280589791455
2006-12-31 00:00:00,655.1317480904002
2007-01-01 00:00:00,663.0829960784913
2007-01-02 00:00:00,671.0519745833685
2007-01-03 00:00:00,679.0391633504827
2007-01-04 00:00:00,687.0450440101997
2007-01-05 00:00:00,695.0700854991599
2007-01-07 00:00:00,711.1794114654689
2007-01-08 00:00:00,719.2644771243998
2007-01-09 00:00:00,727.3702452656887
2007-01-10 00:00:00,735.4969580124849
2007-01-11 00:00:00,743.6447742873113
2007-01-12 00:00:00,751.8137535947996
2007-01-14 00:00:00,768.2148234247418
2007-01-15 00:00:00,776.4463439971533
2007-01-16 00:00:00,784.6978280703206
2007-01-17 00:00:00,792.9684660461255
2007-01-18 00:00:00,801.2571651908952
2007-01-19 00:00:00,809.5624993453891
2007-01-21 00:00:00,826.2153537537288
2007-01-22 00:00:00,834.5578090402263
2007-01-23 00:00:00,841.956878172862
2007-01-24 00:00:00,847.6644131986254
2007-01-25 00:00:00,853.3685251903897
2007-01-26 00:00:00,859.0635190107191
2007-01-28 00:00:00,870.397927479353
2007-01-29 00:00:00,875.143044752633
2007-01-30 00:00:00,877.2960655369083
2007-01-31 00:00:00,879.451473946548
2007-02-01 00:00:00,881.6093080143125
2007-02-02 00:00:00,883.7696092387635
2007-02-04 00:00:00,888.0977919360727
2007-02-05 00:00:00,890.2657668130084
2007-02-06 00:00:00,892.436394232772
2007-02-07 00:00:00,894.6097219539782
2007-02-08 00:00:00,896.7857973963971
2007-02-09 00:00:00,898.9646674390589
2007-02-11 00:00:00,903.3309752964179
2007-02-12 00:00:00,905.5185027192867
2007-02-13 00:00:00,907.7090031559521
2007-02-14 00:00:00,909.9025167166631
2007-02-15 00:00:00,912.0990797936099
2007-02-16 00:00:00,914.2987235337312
2007-02-18 00:00:00,918.7073422702854
2007-02-19 00:00:00,920.9163416029756
2007-02-20 00:00:00,923.1284709902577
2007-02-21 00:00:00,925.3437260807301
2007-02-22 00:00:00,927.5621003335548
2007-02-23 00:00:00,929.7835878871225
2007-02-25 00:00:00,934.2358956206047
2007-02-26 00:00:00,936.4667237184365
2007-02-27 00:00:00,938.7006816876847
2007-02-28 00:00:00,940.937785966154
2007-03-01 00:00:00,943.1780574769994
2007-03-02 00:00:00,945.4215211695468
2007-03-04 00:00:00,949.9181418267062
2007-03-05 00:00:00,952.1713638565224
2007-03-06 00:00:00,954.4279069472436
2007-03-07 00:00:00,956.6878075221608
2007-03-08 00:00:00,958.951102519212
2007-03-09 00:00:00,961.2178289239976
2007-03-11 00:00:00,965.7617219272696
2007-03-12 00:00:00,968.0389595024179
2007-03-13 00:00:00,970.3197695546698
2007-03-14 00:00:00,972.6041831566524
2007-03-15 00:00:00,974.8922277155852
2007-03-16 00:00:00,977.1839250961398
2007-03-18 00:00:00,981.7783234652436
2007-03-19 00:00:00,984.0810186141737
2007-03-20 00:00:00,986.3873521047949
2007-03-21 00:00:00,988.6972892834286
2007-03-22 00:00:00,991.0107865098541
2007-03-23 00:00:00,993.0049750758319
2007-03-25 00:00:00,994.4035870237765
2007-03-26 01:00:00,995.1413496319711
2007-03-27 01:00:00,995.8563642176472
2007-03-28 01:00:00,996.5775685350434
2007-03-29 01:00:00,997.3049681689583
2007-03-30 01:00:00,998.0385699037204
2007-04-01 01:00:00,999.5244130042366
2007-04-02 01:00:00,1000.2766741061748
2007-04-03 01:00:00,1001.0351767050694
2007-04-04 01:00:00,1001.7999334818471
2007-04-05 01:00:00,1002.5709579638435
2007-04-06 01:00:00,1003.3482642611715
2007-04-08 01:00:00,1004.9217797956472
2007-04-09 01:00:00,1005.718017356354
2007-04-10 01:00:00,1006.5205927046414
2007-04-11 01:00:00,1007.3295178608547
2007-04-12 01:00:00,1008.1448026822694
2007-04-13 01:00:00,1008.9664532172127
2007-04-15 01:00:00,1010.6288389562308
2007-04-16 01:00:00,1011.4695364987192
2007-04-17 01:00:00,1012.3165140893249
2007-04-18 01:00:00,1013.1696993464702
2007-04-19 01:00:00,1014.0289937908192
2007-04-20 01:00:00,1014.8942751676391
2007-04-22 01:00:00,1016.642218514177
2007-04-23 01:00:00,1017.5245619693025
2007-04-24 01:00:00,1018.4122641818501
2007-04-25 01:00:00,1019.3051547301553
2007-04-26 01:00:00,1020.2030616548847
2007-04-27 01:00:00,1021.1058116516568
2007-04-29 01:00:00,1021.6765222919205
2007-04-30 01:00:00,1020.1817334455393
2007-05-01 01:00:00,1018.6909594237081
2007-05-02 01:00:00,1017.2042010281965
2007-05-03 01:00:00,1015.7214603081384
2007-05-04 01:00:00,1014.2427410227033
2007-05-06 01:00:00,1011.2973931194131
2007-05-07 01:00:00,1009.8307846965936
2007-05-08 01:00:00,1008.368238942191
2007-05-09 01:00:00,1006.909774831124
2007-05-10 01:00:00,1005.4554155529132
2007-05-11 01:00:00,1004.00518875539
2007-05-13 01:00:00,1001.117264952615
2007-05-14 01:00:00,999.6796428384439
2007-05-15 01:00:00,998.2462997125784
2007-05-16 01:00:00,996.8172729556437
2007-05-17 01:00:00,995.392594730386
2007-05-18 01:00:00,993.9722894218064
2007-05-20 01:00:00,991.1448495951192
2007-05-21 01:00:00,986.7707328251142
2007-05-22 01:00:00,981.8390663602128
2007-05-23 01:00:00,977.0154912351132
2007-05-24 01:00:00,972.301810135386
2007-05-25 01:00:00,967.6996586243125
2007-05-27 01:00:00,958.8361237942321
2007-05-28 01:00:00,954.5778451364855
2007-05-29 01:00:00,950.4374100711983
2007-05-30 01:00:00,946.4166027942999
2007-05-31 01:00:00,942.5173582873028
2007-06-01 01:00:00,938.7417800029469
2007-06-03 01:00:00,931.5709235008782
2007-06-04 01:00:00,928.180732409814
2007-06-05 01:00:00,924.9243563746622
2007-06-06 01:00:00,921.8047011617599
2007-06-07 01:00:00,918.8247612262743
2007-06-08 01:00:00,915.9875697171192
2007-06-10 01:00:00,910.7533762518117
2007-06-11 01:00:00,908.3620101781213
2007-06-12 01:00:00,906.1244653086771
2007-06-13 01:00:00,904.0427444317452
2007-06-14 01:00:00,902.1182813233168
2007-06-15 01:00:00,900.3517770899213
2007-06-17 01:00:00,897.2907047976902
2007-06-18 01:00:00,895.9922278675575
2007-06-19 01:00:00,894.843519339147
2007-06-20 01:00:00,893.8388701225198
2007-06-21 01:00:00,892.9707960207611
2007-06-22 01:00:00,892.2299401018702
2007-06-24 01:00:00,891.0828766174573
2007-06-25 01:00:00,890.6484956924643
2007-06-26 01:00:00,890.2852353447842
2007-06-27 01:00:00,889.9750308830675
2007-06-28 01:00:00,889.698707704518
2007-06-29 01:00:00,889.4363444065784
2007-07-01 01:00:00,888.8725092877517
2007-07-02 01:00:00,889.0347579953443
2007-07-03 01:00:00,889.7997965004934
2007-07-04 01:00:00,890.4457971181904
2007-07-05 01:00:00,890.9553915951496
2007-07-06 01:00:00,891.3128452697547
2007-07-08 01:00:00,891.5171619621251
2007-07-09 01:00:00,891.3413688034436
2007-07-10 01:00:00,890.9680032307527
2007-07-11 01:00:00,890.3898108067841
2007-07-12 01:00:00,889.6009096869552
2007-07-13 01:00:00,888.5966152643495
2007-07-15 01:00:00,885.928038754669
2007-07-16 01:00:00,884.2588288816602
2007-07-17 01:00:00,882.3640879493736
2007-07-18 01:00:00,880.242733985934
2007-07-19 01:00:00,877.8940681766226
2007-07-20 01:00:00,875.3177210972916
2007-07-22 01:00:00,869.4820177680269
2007-07-23 01:00:00,866.2234631608475
2007-07-24 01:00:00,862.7389130209918
2007-07-25 01:00:00,859.0297842979929
2007-07-26 01:00:00,855.0980640906978
2007-07-27 01:00:00,850.9464333948616
2007-07-29 01:00:00,841.9984604014337
2007-07-30 01:00:00,837.2121938400192
2007-07-31 01:00:00,832.2264180031716
2007-08-01 01:00:00,827.0492495537084
2007-08-02 01:00:00,821.6901422275762
2007-08-03 01:00:00,816.1598645128126
2007-08-05 01:00:00,804.6348925685766
2007-08-06 01:00:00,798.6672871666801
2007-08-07 01:00:00,792.5822792794789
2007-08-08 01:00:00,786.3949911048512
2007-08-09 01:00:00,780.1207533646168
2007-08-10 01:00:00,773.7748890616332
2007-08-12 01:00:00,760.9284639453953
2007-08-13 01:00:00,754.4570412847506
2007-08-14 01:00:00,748.3386268154044
2007-08-15 01:00:00,743.2925641300806
2007-08-16 01:00:00,738.284894536458
2007-08-17 01:00:00,733.3201966457308
2007-08-19 01:00:00,734.7643436982396
2007-08-20 01:00:00,738.7463005082893
2007-08-21 01:00:00,742.6845103012525
2007-08-22 01:00:00,746.5699612180656
2007-08-23 01:00:00,750.3942805836613
2007-08-24 01:00:00,753.7281025146586
2007-08-26 01:00:00,758.8077651905784
2007-08-27 01:00:00,761.2362221125413
2007-08-28 01:00:00,763.5836102339929
2007-08-29 01:00:00,765.8457027200495
2007-08-30 01:00:00,768.0189858340556
2007-08-31 01:00:00,770.1006515774317
2007-09-02 01:00:00,773.9812893489824
2007-09-03 01:00:00,775.7779128547437
2007-09-04 01:00:00,777.4781086651235
2007-09-05 01:00:00,779.0820046993734
2007-09-06 01:00:00,780.5901247615865
2007-09-07 01:00:00,782.0033185533209
2007-09-09 01:00:00,784.5495581495057
2007-09-10 01:00:00,785.685351296114
2007-09-11 01:00:00,786.7316009604734
2007-09-12 01:00:00,787.6898693498188
2007-09-13 01:00:00,788.5617099115261
2007-09-14 01:00:00,789.3486271751217
2007-09-16 01:00:00,790.6732459897945
2007-09-17 01:00:00,791.213389851395
2007-09-18 01:00:00,791.6734284793724
2007-09-19 01:00:00,792.0540983899408
2007-09-20 01:00:00,792.3558812917341
2007-09-21 01:00:00,792.5789689606976
2007-09-23 01:00:00,792.7881616375878
2007-09-24 01:00:00,792.7728798627737
2007-09-25 01:00:00,792.6760611604878
2007-09-26 01:00:00,792.4959229411384
2007-09-27 01:00:00,792.2301880461987
2007-09-28 01:00:00,791.8760464973134
2007-09-30 01:00:00,790.888332607092
2007-10-01 01:00:00,790.2459666704762
2007-10-02 01:00:00,789.4974439244722
2007-10-03 01:00:00,788.6363033496441
2007-10-04 01:00:00,787.6551041291493
2007-10-05 01:00:00,786.545353170621
2007-10-07 01:00:00,783.9006615928466
2007-10-08 01:00:00,782.343126533835
2007-10-09 01:00:00,780.6119257307828
2007-10-10 01:00:00,778.6932212608489
2007-10-11 01:00:00,776.5725044041094
2007-10-12 01:00:00,774.2349836471246
2007-10-14 01:00:00,768.8525842005919
2007-10-15 01:00:00,767.0809433590225
2007-10-16 01:00:00,765.2992829802417
2007-10-17 01:00:00,763.2754982748227
2007-10-18 01:00:00,761.01296622797
2007-10-19 01:00:00,758.5238687684904
2007-10-21 01:00:00,752.9687422264959
2007-10-22 01:00:00,749.984188243984
2007-10-23 01:00:00,746.9358596394029
2007-10-24 01:00:00,743.892036023007
2007-10-25 01:00:00,740.9273845322764
2007-10-26 01:00:00,738.1186352000329
2007-10-28 01:00:00,733.2575531721146
2007-10-29 00:00:00,731.401130359608
2007-10-30 00:00:00,729.8486182071056
2007-10-31 00:00:00,728.7176394257583
2007-11-01 00:00:00,728.0226122946368
2007-11-02 00:00:00,727.7653065598354
2007-11-04 00:00:00,728.5204084335005
2007-11-05 00:00:00,729.4929370106358
2007-11-06 00:00:00,730.827959422419
2007-11-07 00:00:00,732.4970905784662
2007-11-08 00:00:00,734.471556788932
2007-11-09 00:00:00,736.7232861178533
2007-11-11 00:00:00,741.9540354544198
2007-11-12 00:00:00,744.8859253011219
2007-11-13 00:00:00,748.0011731879823
2007-11-14 00:00:00,751.2818881565394
2007-11-15 00:00:00,754.7123474505148
2007-11-16 00:00:00,758.2788418245127
2007-11-18 00:00:00,765.7740726475333
2007-11-19 00:00:00,769.6837977593057
2007-11-20 00:00:00,773.6911722329313
2007-11-21 00:00:00,777.7898173024719
2007-11-22 00:00:00,781.9743293084348
2007-11-23 00:00:00,786.240150679136
2007-11-25 00:00:00,795.0010179358633
2007-11-26 00:00:00,799.4901407024245
2007-11-27 00:00:00,804.0485109231844
2007-11-28 00:00:00,808.6741212857745
2007-11-29 00:00:00,813.3651810540772
2007-11-30 00:00:00,818.1200460601574
2007-12-02 00:00:00,827.8150260802804
2007-12-03 00:00:00,832.7521408356926
2007-12-04 00:00:00,837.7469960601077
2007-12-05 00:00:00,842.798038715986
2007-12-06 00:00:00,847.9036530361261
2007-12-07 00:00:00,853.0621427239572
2007-12-09 00:00:00,863.5304762266317
2007-12-10 00:00:00,868.8364105532844
2007-12-11 00:00:00,874.1873896344828
2007-12-12 00:00:00,879.5811655016953
2007-12-13 00:00:00,885.0153751093117
2007-12-14 00:00:00,890.4875466778467
2007-12-16 00:00:00,901.5354021356484
2007-12-17 00:00:00,907.1056930189881
2007-12-18 00:00:00,912.7031894443621
2007-12-19 00:00:00,918.3250580990315
2007-12-20 00:00:00,923.9684416047355
2007-12-21 00:00:00,929.8777558179446
2007-12-23 00:00:00,945.7477835218937
2007-12-24 00:00:00,950.1998238444098
2007-12-25 00:00:00,954.6608545932427
2007-12-26 00:00:00,959.1295214556836
2007-12-27 00:00:00,963.375755542997
2007-12-28 00:00:00,966.6235657181029
2007-12-30 00:00:00,973.1527229691815
2007-12-31 00:00:00,976.4334856321931
2008-01-01 00:00:00,979.7243383854609
2008-01-02 00:00:00,983.0244767964391
2008-01-03 00:00:00,986.332826467358
2008-01-04 00:00:00,989.647996926595
2008-01-06 00:00:00,996.2913280662779
2008-01-07 00:00:00,999.6145970226327
2008-01-08 00:00:00,1002.9347480077931
2008-01-09 00:00:00,1006.2478080672715
2008-01-10 00:00:00,1009.5490094700189
2008-01-11 00:00:00,1012.8326664029178
2008-01-13 00:00:00,1019.3191740253626
2008-01-14 00:00:00,1022.5047572968449
2008-01-15 00:00:00,1025.6379254580766
2008-01-16 00:00:00,1028.706098582838
2008-01-17 00:00:00,1031.6948089702005
2008-01-18 00:00:00,1034.5875499429894
2008-01-20 00:00:00,1040.0082663965877
2008-01-21 00:00:00,1040.1107731913908
2008-01-22 00:00:00,1039.7096013980372
2008-01-23 00:00:00,1039.123894437262
2008-01-24 00:00:00,1038.3254837801737
2008-01-25 00:00:00,1037.2856695539822
2008-01-27 00:00:00,1034.3705996907456
2008-01-28 00:00:00,1032.4455767796421
2008-01-29 00:00:00,1030.1829061195306
2008-01-30 00:00:00,1027.5712649949846
2008-01-31 00:00:00,1024.608145098988
2008-02-01 00:00:00,1021.3015509339223
2008-02-03 00:00:00,1016.8522127626493
2008-02-04 00:00:00,1014.7270270488893
2008-02-05 00:00:00,1012.4114188425906
2008-02-06 00:00:00,1009.9679399319687
2008-02-07 00:00:00,1007.4637856159652
2008-02-08 00:00:00,1004.9669987731594
2008-02-10 00:00:00,1000.2498427506816
2008-02-11 00:00:00,998.1387563643702
2008-02-12 00:00:00,996.2497935422747
2008-02-13 00:00:00,994.6129158804799
2008-02-14 00:00:00,993.2481417192511
2008-02-15 00:00:00,992.1665848824634
2008-02-17 00:00:00,990.8614520481921
2008-02-18 00:00:00,990.6284317237081
2008-02-19 00:00:00,990.6625041939637
2008-02-20 00:00:00,990.9512483586404
2008-02-21 00:00:00,991.4809875873036
2008-02-22 00:00:00,992.2374846248867
2008-02-24 00:00:00,994.3739558621078
2008-02-25 00:00:00,995.7265974439982
2008-02-26 00:00:00,997.2517412316282
2008-02-27 00:00:00,999.2259055047672
2008-02-28 00:00:00,1002.0517821535229
2008-02-29 00:00:00,1004.8951563392991
2008-03-02 00:00:00,1010.6329580588491
2008-03-03 00:00:00,1013.5266819530401
2008-03-04 00:00:00,1016.4364947831543
2008-03-05 00:00:00,1019.3620571356583
2008-03-06 00:00:00,1022.3030320913343
2008-03-07 00:00:00,1025.2590833789461
2008-03-09 00:00:00,1031.2150631322227
2008-03-10 00:00:00,1034.2143098837223
2008-03-11 00:00:00,1037.2272707406316
2008-03-12 00:00:00,1040.253604052225
2008-03-13 00:00:00,1043.2929729826064
2008-03-14 00:00:00,1046.3450489943916
2008-03-16 00:00:00,1052.0508518186357
2008-03-17 00:00:00,1052.5255161348255
2008-03-18 00:00:00,1051.1920909434007
2008-03-19 00:00:00,1048.6260155097152
2008-03-20 00:00:00,1046.028781211821
2008-03-21 00:00:00,1043.4008720174443
2008-03-23 00:00:00,1038.054335738384
2008-03-24 00:00:00,1035.3360812293415
2008-03-25 00:00:00,1032.9134500729208
2008-03-26 00:00:00,1030.9102330485887
2008-03-27 00:00:00,1028.9217380518535
2008-03-28 00:00:00,1026.947931984182
2008-03-30 00:00:00,1023.0442936775961
2008-03-31 01:00:00,1021.0337274679679
2008-04-01 01:00:00,1019.1191131742294
2008-04-02 01:00:00,1017.2191338948254
2008-04-03 01:00:00,1015.3337984554945
2008-04-04 01:00:00,1013.4631196154701
2008-04-06 01:00:00,1009.7657830018637
2008-04-07 01:00:00,1007.9391372344211
2008-04-08 01:00:00,1006.1271621873318
2008-04-09 01:00:00,1004.3298298785107
2008-04-10 01:00:00,1002.547095343138
2008-04-11 01:00:00,1000.7788986870876
2008-04-13 01:00:00,997.2858283883598
2008-04-14 01:00:00,995.5607969009419
2008-04-15 01:00:00,993.8499949754695
2008-04-16 01:00:00,992.1533462044725
2008-04-17 01:00:00,990.4707788367358
2008-04-18 01:00:00,988.8022267833782
2008-04-20 01:00:00,985.5069358412444
2008-04-21 01:00:00,983.8800968961322
2008-04-22 01:00:00,982.2670729179152
2008-04-23 01:00:00,980.6678293069717
2008-04-24 01:00:00,979.0823367646018
2008-04-25 01:00:00,977.0577466611287
2008-04-27 01:00:00,972.0804749384678
2008-04-28 01:00:00,969.5973430788608
2008-04-29 01:00:00,967.1178881962022
2008-04-30 01:00:00,964.6421182211848
2008-05-01 01:00:00,962.1700435422741
2008-05-02 01:00:00,959.7016776296177
2008-05-04 01:00:00,954.7761433526365
2008-05-05 01:00:00,952.3190180413947
2008-05-06 01:00:00,949.865684542619
2008-05-07 01:00:00,947.4161633651847
2008-05-08 01:00:00,944.9704695442426
2008-05-09 01:00:00,942.5286103879164
2008-05-11 01:00:00,937.6563817891179
2008-05-12 01:00:00,935.2259850013821
2008-05-13 01:00:00,932.7993707252396
2008-05-14 01:00:00,930.3765110240402
2008-05-15 01:00:00,927.9573745653838
2008-05-16 01:00:00,925.541927531953
2008-05-18 01:00:00,920.7219579161434
2008-05-19 01:00:00,918.3173606045104
2008-05-20 01:00:00,915.916304058645
2008-05-21 01:00:00,913.5187498292582
2008-05-22 01:00:00,911.1246596392725
2008-05-23 01:00:00,908.7339956752135
2008-05-25 01:00:00,903.9627991281692
2008-05-26 01:00:00,901.5821956540028
2008-05-27 01:00:00,899.204877221042
2008-05-28 01:00:00,896.8308126225761
2008-05-29 01:00:00,894.4599732172348
2008-05-30 01:00:00,892.0923335995532
2008-06-01 01:00:00,887.3665722870553
2008-06-02 01:00:00,885.0084210596305
2008-06-03 01:00:00,882.6534098113843
2008-06-04 01:00:00,880.3015317118543
2008-06-05 01:00:00,877.9527794039188
2008-06-06 01:00:00,875.6071423678063
2008-06-08 01:00:00,871.54267382993
2008-06-09 01:00:00,872.7735961515289
2008-06-10 01:00:00,873.9799552903247
2008-06-11 01:00:00,875.1432456212244
2008-06-12 01:00:00,876.2458605410509
2008-06-13 01:00:00,877.2713913058178
2008-06-15 01:00:00,879.0329162401965
2008-06-16 01:00:00,879.7438847634578
2008-06-17 01:00:00,880.3278521299699
2008-06-18 01:00:00,880.7766144945349
2008-06-19 01:00:00,881.0836071387123
2008-06-20 01:00:00,881.2437897414371
2008-06-22 01:00:00,881.1103135090576
2008-06-23 01:00:00,880.812837351386
2008-06-24 01:00:00,880.3605818111221
2008-06-25 01:00:00,879.7537798674448
2008-06-26 01:00:00,878.993241010744
2008-06-27 01:00:00,878.0802152067305
2008-06-29 01:00:00,875.8032008412019
2008-06-30 01:00:00,874.4429167553437
2008-07-01 01:00:00,872.9373974094185
2008-07-02 01:00:00,871.2886247672947
2008-07-03 01:00:00,869.4985473547346
2008-07-04 01:00:00,865.3135987390375
2008-07-06 01:00:00,855.6152858257432
2008-07-07 01:00:00,850.5631922492728
2008-07-08 01:00:00,845.3785000762838
2008-07-09 01:00:00,840.0633407904193
2008-07-10 01:00:00,834.6200324303153
2008-07-11 01:00:00,829.3394242077693
2008-07-13 01:00:00,819.8501801583267
2008-07-14 01:00:00,814.9308084173279
2008-07-15 01:00:00,809.9011903770382
2008-07-16 01:00:00,804.7670211463388
2008-07-17 01:00:00,799.5348856328802
2008-07-18 01:00:00,794.2122896837167
2008-07-20 01:00:00,782.390768813374
2008-07-21 01:00:00,772.5468775328956
2008-07-22 01:00:00,762.5967915430365
2008-07-23 01:00:00,752.5622605777379
2008-07-24 01:00:00,742.4652575676264
2008-07-25 01:00:00,732.3274971452034
2008-07-27 01:00:00,712.0125733101947
2008-07-28 01:00:00,701.8737148744926
2008-07-29 01:00:00,691.7701479418447
2008-07-30 01:00:00,681.7167951972438
2008-07-31 01:00:00,671.7267015286111
2008-08-01 01:00:00,661.8110543391143
2008-08-03 01:00:00,642.2390818293404
2008-08-04 01:00:00,632.5967622379654
2008-08-05 01:00:00,623.0572208100912
2008-08-06 01:00:00,613.6242127476797
2008-08-07 01:00:00,604.3005018747364
2008-08-08 01:00:00,595.0880210606083
2008-08-10 01:00:00,577.0011924417619
2008-08-11 01:00:00,568.1278004299593
2008-08-12 01:00:00,559.3677660079276
2008-08-13 01:00:00,550.7207617074212
2008-08-14 01:00:00,542.925774643472
2008-08-15 01:00:00,536.7150699214259
2008-08-17 01:00:00,528.4110758335942
2008-08-18 01:00:00,525.6012710082947
2008-08-19 01:00:00,522.8512472020036
2008-08-20 01:00:00,520.1608942776271
2008-08-21 01:00:00,517.5301648445404
2008-08-22 01:00:00,515.2122777085767
2008-08-24 01:00:00,511.4545509100991
2008-08-25 01:00:00,509.5952811495198
2008-08-26 01:00:00,507.7493385650945
2008-08-27 01:00:00,505.91692106666824
2008-08-28 01:00:00,504.0982242001144
2008-08-29 01:00:00,502.2934389921455
2008-08-31 01:00:00,498.726330424211
2008-09-01 01:00:00,496.96434521333833
2008-09-02 01:00:00,495.2169448734933
2008-09-03 01:00:00,493.48426762726035
2008-09-04 01:00:00,491.7664392551526
2008-09-05 01:00:00,490.0635738962353
2008-09-07 01:00:00,486.7031364092386
2008-09-08 01:00:00,485.04574290918015
2008-09-09 01:00:00,483.6385856144055
2008-09-10 01:00:00,482.7627319238371
2008-09-11 01:00:00,481.8179183143806
2008-09-12 01:00:00,480.79881003695647
2008-09-14 01:00:00,480.7302560795238
2008-09-15 01:00:00,480.5803188097079
2008-09-16 01:00:00,481.29374679836326
2008-09-17 01:00:00,482.0278298165873
2008-09-18 01:00:00,482.77313808709545
2008-09-19 01:00:00,483.52969515804966
2008-09-21 01:00:00,485.07666841459866
2008-09-22 01:00:00,485.86714783424986
2008-09-23 01:00:00,486.6689995882111
2008-09-24 01:00:00,488.21843698483565
2008-09-25 01:00:00,490.43160884613525
2008-09-26 01:00:00,492.887564645369
2008-09-28 01:00:00,498.5651326723935
2008-09-29 01:00:00,501.79792228172425
2008-09-30 01:00:00,505.2934974182494
2008-10-01 01:00:00,509.04447435038554
2008-10-02 01:00:00,513.0359122859423
2008-10-03 01:00:00,517.2441946642731
2008-10-05 01:00:00,526.1697612795504
2008-10-06 01:00:00,530.793262133488
2008-10-07 01:00:00,535.4483632410254
2008-10-08 01:00:00,540.0719189701795
2008-10-09 01:00:00,544.599218206953
2008-10-10 01:00:00,548.9674269908093
2008-10-12 01:00:00,557.0041688327215
2008-10-13 01:00:00,560.5836992711952
2008-10-14 01:00:00,563.8292975736284
2008-10-15 01:00:00,566.7241554586775
2008-10-16 01:00:00,569.2622806501315
2008-10-17 01:00:00,571.4473102891072
2008-10-19 01:00:00,574.8112869454103
2008-10-20 01:00:00,576.0309985017981
2008-10-21 01:00:00,576.9758140524261
2008-10-22 01:00:00,577.6730657222848
2008-10-23 01:00:00,578.1505144548988
2008-10-24 01:00:00,578.4354143988819
2008-10-26 01:00:00,578.5300708851829
2008-10-27 00:00:00,578.395215904364
2008-10-28 00:00:00,578.1559105658827
2008-10-29 00:00:00,577.8343924079928
2008-10-30 00:00:00,577.4466713769099
2008-10-31 00:00:00,577.0067379804531
2008-11-02 00:00:00,576.0169981026362
2008-11-03 00:00:00,575.4864820794862
2008-11-04 00:00:00,574.9426804062302
2008-11-05 00:00:00,574.3919150342123
2008-11-06 00:00:00,573.839462912577
2008-11-07 00:00:00,573.2896940351743
2008-11-09 00:00:00,572.2118805831574
2008-11-10 00:00:00,571.6890882135643
2008-11-11 00:00:00,571.1796669058949
2008-11-12 00:00:00,570.6850516648499
2008-11-13 00:00:00,570.2063303829739
2008-11-14 00:00:00,569.7443014695334
2008-11-16 00:00:00,568.8723489616727
2008-11-17 00:00:00,568.4629665260243
2008-11-18 00:00:00,568.0714139603116
2008-11-19 00:00:00,567.6976032550159
2008-11-20 00:00:00,567.3413360692786
2008-11-21 00:00:00,567.0023185321097
2008-11-23 00:00:00,566.3744593108778
2008-11-24 00:00:00,566.0846682688093
2008-11-25 00:00:00,565.810249506741
2008-11-26 00:00:00,565.5506117174635
2008-11-27 00:00:00,565.305132693256
2008-11-28 00:00:00,565.0731669463876
2008-11-30 00:00:00,566.0797175906876
2008-12-01 00:00:00,567.5645708764368
2008-12-02 00:00:00,570.2940848146405
2008-12-03 00:00:00,573.7358282976405
2008-12-04 00:00:00,577.1784505239078
2008-12-05 00:00:00,580.6216827868951
2008-12-07 00:00:00,587.5088430100121
2008-12-08 00:00:00,590.9521776228335
2008-12-09 00:00:00,594.3949407982869
2008-12-10 00:00:00,597.8368243939149
2008-12-11 00:00:00,601.2775261667762
2008-12-12 00:00:00,604.7167568522095
2008-12-14 00:00:00,611.5897402815383
2008-12-15 00:00:00,615.0230046588613
2008-12-16 00:00:00,618.453807995381
2008-12-17 00:00:00,621.8819150869283
2008-12-18 00:00:00,625.3070764008681
2008-12-19 00:00:00,628.7290211324599
2008-12-21 00:00:00,635.5620497432377
2008-12-22 00:00:00,638.9724603494599
2008-12-23 00:00:00,642.3783075035587
2008-12-24 00:00:00,645.7791864324681
2008-12-25 00:00:00,649.1746649432359
2008-12-26 00:00:00,652.5642829372258
2008-12-28 00:00:00,659.3239534251037
2008-12-29 00:00:00,662.6929401243573
2008-12-30 00:00:00,666.0539335797924
2008-12-31 00:00:00,669.4063247727635
2009-01-01 00:00:00,673.8517721018505
2009-01-02 00:00:00,679.2453051898469
2009-01-04 00:00:00,689.5911075433513
2009-01-05 00:00:00,694.4969493656038
2009-01-06 00:00:00,699.1898654908897
2009-01-07 00:00:00,703.6410753791656
2009-01-08 00:00:00,707.8202833948362
2009-01-09 00:00:00,711.6965023936912
2009-01-11 00:00:00,718.4200697870275
2009-01-12 00:00:00,721.2146451165315
2009-01-13 00:00:00,723.6050134803982
2009-01-14 00:00:00,725.5821853677284
2009-01-15 00:00:00,727.1486637985032
2009-01-16 00:00:00,728.3206077318154
2009-01-18 00:00:00,729.6207753589198
2009-01-19 00:00:00,730.4691894209946
2009-01-20 00:00:00,733.4853687008924
2009-01-21 00:00:00,736.4749131750758
2009-01-22 00:00:00,739.4365725222589
2009-01-23 00:00:00,742.3690301412829
2009-01-25 00:00:00,746.840721447654
2009-01-26 00:00:00,747.7269417141076
2009-01-27 00:00:00,748.59500233166
2009-01-28 00:00:00,751.5990077837598
2009-01-29 00:00:00,755.0365147322873
2009-01-30 00:00:00,758.1587314658623
2009-02-01 00:00:00,763.487927864637
2009-02-02 00:00:00,765.71988609664
2009-02-03 00:00:00,767.6836119674475
2009-02-04 00:00:00,769.3952781463175
2009-02-05 00:00:00,770.870968077945
2009-02-06 00:00:00,772.1261852788678
2009-02-08 00:00:00,774.0325574199087
2009-02-09 00:00:00,774.709606484077
2009-02-10 00:00:00,775.2178578183496
2009-02-11 00:00:00,775.5673086209396
2009-02-12 00:00:00,775.766821948707
2009-02-13 00:00:00,775.8241826432454
2009-02-15 00:00:00,775.5385887554601
2009-02-16 00:00:00,775.2064191080372
2009-02-17 00:00:00,774.7538104824334
2009-02-18 00:00:00,774.5336670209743
2009-02-19 00:00:00,774.9476755261371
2009-02-20 00:00:00,775.2513460633792
2009-02-22 00:00:00,775.533695372219
2009-02-23 00:00:00,775.5141913150524
2009-02-24 00:00:00,775.3880746631492
2009-02-25 00:00:00,776.7584221481712
2009-02-26 00:00:00,778.7030813687452
2009-02-27 00:00:00,780.5853203587708
2009-03-01 00:00:00,784.153414466484
2009-03-02 00:00:00,785.834747718387
2009-03-03 00:00:00,788.6493518778391
2009-03-04 00:00:00,791.6047598510457
2009-03-05 00:00:00,794.522957299928
2009-03-06 00:00:00,797.4018222550623
2009-03-08 00:00:00,803.0347966780608
2009-03-09 00:00:00,805.7865020968496
2009-03-10 00:00:00,808.4941393666135
2009-03-11 00:00:00,811.1576397949958
2009-03-12 00:00:00,813.7774426286692
2009-03-13 00:00:00,816.3545204683817
2009-03-15 00:00:00,821.3871990835169
2009-03-16 00:00:00,823.8476173477396
2009-03-17 00:00:00,826.2749811391599
2009-03-18 00:00:00,828.6732364671996
2009-03-19 00:00:00,831.0469484228286
2009-03-20 00:00:00,830.2282377223197
2009-03-22 00:00:00,827.2563574990634
2009-03-23 00:00:00,825.7046054728265
2009-03-24 00:00:00,824.1183255000382
2009-03-25 00:00:00,822.5050711417914
2009-03-26 00:00:00,820.8727330289823
2009-03-27 00:00:00,819.2294474401243
2009-03-29 00:00:00,815.9432296490561
2009-03-30 01:00:00,819.2061710709986
2009-03-31 01:00:00,822.873004002676
2009-04-01 01:00:00,826.5723775406852
2009-04-02 01:00:00,830.300134790681
2009-04-03 01:00:00,834.0512574134929
2009-04-05 01:00:00,841.5667428574252
2009-04-06 01:00:00,843.6600231546024
2009-04-07 01:00:00,845.7497928336907
2009-04-08 01:00:00,847.8263432980798
2009-04-09 01:00:00,849.8791806729937
2009-04-10 01:00:00,851.897188510743
2009-04-12 01:00:00,855.7823820401902
2009-04-13 01:00:00,857.6261742374247
2009-04-14 01:00:00,859.388832149549
2009-04-15 01:00:00,861.0594893923002
2009-04-16 01:00:00,862.6279642262
2009-04-17 01:00:00,864.0848867249979
2009-04-19 01:00:00,866.6310468860345
2009-04-20 01:00:00,867.7060191438247
2009-04-21 01:00:00,868.6408278376261
2009-04-22 01:00:00,869.5331316401939
2009-04-23 01:00:00,871.3651004863832
2009-04-24 01:00:00,872.9724616418523
2009-04-26 01:00:00,875.508417022405
2009-04-27 01:00:00,876.4355031787201
2009-04-28 01:00:00,877.134827515287
2009-04-29 01:00:00,877.6063425940256
2009-04-30 01:00:00,877.8502702125818
2009-05-01 01:00:00,877.8671463434738
2009-05-03 01:00:00,877.223945915244
2009-05-04 01:00:00,876.5673382247015
2009-05-05 01:00:00,875.6908963164418
2009-05-06 01:00:00,874.5983825793201
2009-05-07 01:00:00,873.2946748818499
2009-05-08 01:00:00,871.7859426832968
2009-05-10 01:00:00,868.1855254772055
2009-05-11 01:00:00,866.1140321276397
2009-05-12 01:00:00,863.878082109344
2009-05-13 01:00:00,861.4922261714385
2009-05-14 01:00:00,858.9727624377479
2009-05-15 01:00:00,856.3376060066585
2009-05-17 01:00:00,850.7986433264699
2009-05-18 01:00:00,847.9365297735724
2009-05-19 01:00:00,845.0413727305641
2009-05-20 01:00:00,842.1347773714739
2009-05-21 01:00:00,839.2378988091128
2009-05-22 01:00:00,836.3710384405086
2009-05-24 01:00:00,830.802199801338
2009-05-25 01:00:00,828.1336155711617
2009-05-26 01:00:00,825.5614609373191
2009-05-27 01:00:00,823.0977044494315
2009-05-28 01:00:00,820.7523549746702
2009-05-29 01:00:00,818.5335262951078
2009-05-31 01:00:00,814.4991227452945
2009-06-01 01:00:00,812.6914771545006
2009-06-02 01:00:00,811.0265631843632
2009-06-03 01:00:00,809.5052337724404
2009-06-04 01:00:00,808.1274261997347
2009-06-05 01:00:00,806.8923343463999
2009-06-07 01:00:00,804.8442969842273
2009-06-08 01:00:00,804.0273785593512
2009-06-09 01:00:00,803.3454684904342
2009-06-10 01:00:00,802.7961155736165
2009-06-11 01:00:00,802.3768408866855
2009-06-12 01:00:00,802.0852027589145
2009-06-14 01:00:00,801.875555335331
2009-06-15 01:00:00,801.9532577396393
2009-06-16 01:00:00,802.1500683874361
2009-06-17 01:00:00,802.4642869011607
2009-06-18 01:00:00,802.8944005205295
2009-06-19 01:00:00,803.4390754180048
2009-06-21 01:00:00,804.8675500829972
2009-06-22 01:00:00,806.0555484726851
2009-06-23 01:00:00,807.687966857317
2009-06-24 01:00:00,809.4400161812697
2009-06-25 01:00:00,811.3104948443925
2009-06-26 01:00:00,813.298062043511
2009-06-28 01:00:00,817.6178634906821
2009-06-29 01:00:00,819.9458767905086
2009-06-30 01:00:00,822.3823189067947
2009-07-01 01:00:00,824.9236661163866
2009-07-02 01:00:00,827.565641525501
2009-07-03 01:00:00,830.303133311345
2009-07-05 01:00:00,836.0397600763716
2009-07-06 01:00:00,839.0242107864867
2009-07-07 01:00:00,842.0749193554891
2009-07-08 01:00:00,845.1826481900929
2009-07-09 01:00:00,848.3376720338355
2009-07-10 01:00:00,851.529988971575
2009-07-12 01:00:00,857.9864853149279
2009-07-13 01:00:00,861.2313304063334
2009-07-14 01:00:00,864.4752002516645
2009-07-15 01:00:00,867.709938502341
2009-07-16 01:00:00,870.9282141735202
2009-07-17 01:00:00,874.1235729795293
2009-07-19 01:00:00,880.4241233016767
2009-07-20 01:00:00,883.520698168454
2009-07-21 01:00:00,886.5769952364683
2009-07-22 01:00:00,889.5904865831443
2009-07-23 01:00:00,892.5592057350088
2009-07-24 01:00:00,895.4816640833172
2009-07-26 01:00:00,901.1837722628474
2009-07-27 01:00:00,903.9621663155636
2009-07-28 01:00:00,906.6916655775101
2009-07-29 01:00:00,909.3721350771345
2009-07-30 01:00:00,912.0035487796059
2009-07-31 01:00:00,912.3299287245554
2009-08-02 01:00:00,910.0416225808017
2009-08-03 01:00:00,908.9042855468633
2009-08-04 01:00:00,907.7714588448083
2009-08-05 01:00:00,906.6431196233899
2009-08-06 01:00:00,905.519247335099
2009-08-07 01:00:00,904.3998240884657
2009-08-09 01:00:00,902.1742685887109
2009-08-10 01:00:00,901.0681170210675
2009-08-11 01:00:00,899.9663764923586
2009-08-12 01:00:00,898.8690474496148
2009-08-13 01:00:00,897.7761348206018
2009-08-14 01:00:00,896.6876481566277
2009-08-16 01:00:00,894.5240134752737
2009-08-17 01:00:00,893.4489054728397
2009-08-18 01:00:00,893.2727146838638
2009-08-19 01:00:00,894.3619732188516
2009-08-20 01:00:00,895.3845144516938
2009-08-21 01:00:00,896.3374883823172
2009-08-23 01:00:00,898.0214933037906
2009-08-24 01:00:00,898.7449103457691
2009-08-25 01:00:00,899.3834825327144
2009-08-26 01:00:00,899.9322958612921
2009-08-27 01:00:00,900.3859455458131
2009-08-28 01:00:00,900.7385098752177
2009-08-30 01:00:00,901.1139784247531
2009-08-31 01:00:00,901.1222799440477
2009-09-01 01:00:00,901.0002892463775
2009-09-02 01:00:00,900.7393310954723
2009-09-03 01:00:00,900.3302499517183
2009-09-04 01:00:00,899.7634977138849
2009-09-06 01:00:00,898.1176825963543
2009-09-07 01:00:00,897.0190630210848
2009-09-08 01:00:00,895.7242691216328
2009-09-09 01:00:00,894.2251506461699
2009-09-10 01:00:00,892.5151029730455
2009-09-11 01:00:00,890.5897377033582
2009-09-13 01:00:00,881.6007222162153
2009-09-14 01:00:00,876.4310508255594
2009-09-15 01:00:00,871.0699617171261
2009-09-16 01:00:00,865.5368633226788
2009-09-17 01:00:00,859.8580495202445
2009-09-18 01:00:00,854.0668391953166
2009-09-20 01:00:00,842.3130820029604
2009-09-21 01:00:00,836.4465728472411
2009-09-22 01:00:00,830.6564257005515
2009-09-23 01:00:00,826.4490968120379
2009-09-24 01:00:00,822.978203343228
2009-09-25 01:00:00,819.5166089138351
2009-09-27 01:00:00,812.621753084537
2009-09-28 01:00:00,809.1886952811592
2009-09-29 01:00:00,805.7653456906048
2009-09-30 01:00:00,802.3517956644114
2009-10-01 01:00:00,798.9481334489134
2009-10-02 01:00:00,795.5544449933701
2009-10-04 01:00:00,788.7973294797632
2009-10-05 01:00:00,785.4340757904339
2009-10-06 01:00:00,782.0811483036466
2009-10-07 01:00:00,778.7386483686178
2009-10-08 01:00:00,775.406687647353
2009-10-09 01:00:00,773.8465913104458
2009-10-11 01:00:00,772.2724430172351
2009-10-12 01:00:00,771.6996478943236
2009-10-13 01:00:00,771.2431607251681
2009-10-14 01:00:00,772.2114820284891
2009-10-15 01:00:00,774.1800454378632
2009-10-16 01:00:00,776.2201690051911
2009-10-18 01:00:00,780.4684895301581
2009-10-19 01:00:00,782.6573672005788
2009-10-20 01:00:00,784.8788757012419
2009-10-21 01:00:00,787.1266796349619
2009-10-22 01:00:00,789.395510293944
2009-10-23 01:00:00,791.6810311132566
2009-10-25 01:00:00,796.2887286754603
2009-10-26 00:00:00,798.5095229571031
2009-10-27 00:00:00,800.8327800393809
2009-10-28 00:00:00,803.1611697372907
2009-10-29 00:00:00,805.4937572965679
2009-10-30 00:00:00,807.8299219219355
2009-11-01 00:00:00,812.511787968863
2009-11-02 00:00:00,814.8574218103969
2009-11-03 00:00:00,817.2064353484285
2009-11-04 00:00:00,819.5591927937185
2009-11-05 00:00:00,821.9161762795828
2009-11-06 00:00:00,824.2779666510818
2009-11-08 00:00:00,829.0186779897824
2009-11-09 00:00:00,831.3990971788645
2009-11-10 00:00:00,833.7872890579863
2009-11-11 00:00:00,836.1840794876631
2009-11-12 00:00:00,838.5903024545613
2009-11-13 00:00:00,841.0067897749454
2009-11-15 00:00:00,845.8738212381378
2009-11-16 00:00:00,848.3259434035538
2009-11-17 00:00:00,850.7914737133416
2009-11-18 00:00:00,853.2711211477975
2009-11-19 00:00:00,855.7655538262519
2009-11-20 00:00:00,858.2753939960369
2009-11-22 00:00:00,863.343520643556
2009-11-23 00:00:00,865.9027642462084
2009-11-24 00:00:00,868.4793112851017
2009-11-25 00:00:00,871.073441487428
2009-11-26 00:00:00,873.6853327646628
2009-11-27 00:00:00,876.3150461598966
2009-11-29 00:00:00,881.6274961517364
2009-11-30 00:00:00,884.3096090213139
2009-12-01 00:00:00,887.0082516316106
2009-12-02 00:00:00,889.7226025070362
2009-12-03 00:00:00,892.451580507558
2009-12-04 00:00:00,895.1938024200961
2009-12-06 00:00:00,900.7106073955722
2009-12-07 00:00:00,903.4803824518286
2009-12-08 00:00:00,906.2536228168017
2009-12-09 00:00:00,909.0264164407283
2009-12-10 00:00:00,911.7940622681741
2009-12-11 00:00:00,914.5509478639992
2009-12-13 00:00:00,920.0045974670084
2009-12-14 00:00:00,922.6842752295416
2009-12-15 00:00:00,925.3186726761763
2009-12-16 00:00:00,927.8952780939707
2009-12-17 00:00:00,930.3996467483194
2009-12-18 00:00:00,932.8152130693393
2009-12-20 00:00:00,937.302135777197
2009-12-21 00:00:00,939.3285561116946
2009-12-22 00:00:00,941.1763671999432
2009-12-23 00:00:00,942.8175027406675
2009-12-24 00:00:00,944.2224067827156
2009-12-25 00:00:00,945.360941723785
2009-12-27 00:00:00,946.7240195618172
2009-12-28 00:00:00,946.9000260370696
2009-12-29 00:00:00,946.7177992031167
2009-12-30 00:00:00,946.1743053618643
2009-12-31 00:00:00,945.2804349652188
2010-01-01 00:00:00,944.0633938725243
2010-01-03 00:00:00,940.8553994491649
2010-01-04 00:00:00,939.0016652464872
2010-01-05 00:00:00,937.0917627288437
2010-01-06 00:00:00,938.142933582027
2010-01-07 00:00:00,941.5088837770622
2010-01-08 00:00:00,944.9068135737623
2010-01-10 00:00:00,951.7963974857622
2010-01-11 00:00:00,955.2867210755718
2010-01-12 00:00:00,958.8063646642564
2010-01-13 00:00:00,962.3544438930527
2010-01-14 00:00:00,965.9299898595214
2010-01-15 00:00:00,969.5319517229295
2010-01-17 00:00:00,976.8105302903634
2010-01-18 00:00:00,980.4846681441144
2010-01-19 00:00:00,984.1802736726207
2010-01-20 00:00:00,987.8959471473164
2010-01-21 00:00:00,991.6302348260729
2010-01-22 00:00:00,995.3816353527143
2010-01-24 00:00:00,1002.9295754692419
2010-01-25 00:00:00,1006.7229439919554
2010-01-26 00:00:00,1010.5271031802374
2010-01-27 00:00:00,1014.3404427325294
2010-01-28 00:00:00,1015.580890748989
2010-01-29 00:00:00,1016.0961178319448
2010-01-31 00:00:00,1017.1407002090625
2010-02-01 00:00:00,1017.6699237182528
2010-02-02 00:00:00,1018.2036821324975
2010-02-03 00:00:00,1018.7419089717055
2010-02-04 00:00:00,1019.2845348237444
2010-02-05 00:00:00,1019.8314864552558
2010-02-07 00:00:00,1020.9380531556282
2010-02-08 00:00:00,1021.4975010055729
2010-02-09 00:00:00,1022.0609406714318
2010-02-10 00:00:00,1022.6282793819549
2010-02-11 00:00:00,1023.199421133749
2010-02-12 00:00:00,1023.7742668824286
2010-02-14 00:00:00,1022.8988565722827
2010-02-15 00:00:00,1019.9168284833896
2010-02-16 00:00:00,1016.9278591421914
2010-02-17 00:00:00,1013.9330335189195
2010-02-18 00:00:00,1012.7744607131497
2010-02-19 00:00:00,1011.7911854701715
2010-02-21 00:00:00,1009.8104944663629
2010-02-22 00:00:00,1008.8136324690773
2010-02-23 00:00:00,1007.8125363821044
2010-02-24 00:00:00,1006.8071100393104
2010-02-25 00:00:00,1005.7971277841448
2010-02-26 00:00:00,1004.7822480134927
2010-02-28 00:00:00,1002.7359511470002
2010-03-01 00:00:00,1001.7034328374407
2010-03-02 00:00:00,1000.663857948328
2010-03-03 00:00:00,999.6165931987996
2010-03-04 00:00:00,998.5610065305699
2010-03-05 00:00:00,997.4964834554166
2010-03-07 00:00:00,995.3383625671439
2010-03-08 00:00:00,994.2437923554677
2010-03-09 00:00:00,996.1240247359838
2010-03-10 00:00:00,996.4995791983586
2010-03-11 00:00:00,996.0131318220361
2010-03-12 00:00:00,995.551645858399
2010-03-14 00:00:00,994.702612468936
2010-03-15 00:00:00,994.314552192956
2010-03-16 00:00:00,993.9504291516294
2010-03-17 00:00:00,993.609949964489
2010-03-18 00:00:00,993.2928071678118
2010-03-19 00:00:00,990.7229013395895
2010-03-21 00:00:00,981.8711671552504
2010-03-22 00:00:00,977.4760553222111
2010-03-23 00:00:00,973.1120388134059
2010-03-24 00:00:00,968.7884199933894
2010-03-25 00:00:00,964.51555540892
2010-03-26 00:00:00,960.3047736805462
2010-03-28 00:00:00,952.1187915252367
2010-03-29 01:00:00,948.0070172956196
2010-03-30 01:00:00,944.1767609471475
2010-03-31 01:00:00,940.474256769421
2010-04-01 01:00:00,936.9125612199878
2010-04-02 01:00:00,933.5041751261863
2010-04-04 01:00:00,927.193475170744
2010-04-05 01:00:00,924.3119333038777
2010-04-06 01:00:00,921.6251129888021
2010-04-07 01:00:00,919.1408774130532
2010-04-08 01:00:00,916.8660921276968
2010-04-09 01:00:00,914.8066597847483
2010-04-11 01:00:00,911.3528395333333
2010-04-12 01:00:00,909.9656719390114
2010-04-13 01:00:00,908.8082650635124
2010-04-14 01:00:00,907.8818269038022
2010-04-15 01:00:00,907.1864597533666
2010-04-16 01:00:00,906.7210273051118
2010-04-18 01:00:00,906.468240699784
2010-04-19 01:00:00,906.6708802999894
2010-04-20 01:00:00,907.0830677096776
2010-04-21 01:00:00,907.6948418831812
2010-04-22 01:00:00,908.4940071016038
2010-04-23 01:00:00,909.4660774748183
2010-04-25 01:00:00,911.8597900894976
2010-04-26 01:00:00,913.241731608547
2010-04-27 01:00:00,914.7177360690151
2010-04-28 01:00:00,916.264256167841
2010-04-29 01:00:00,917.857089694562
2010-04-30 01:00:00,919.471925509405
2010-05-02 01:00:00,922.6731274887072
2010-05-03 01:00:00,924.2151767331775
2010-05-04 01:00:00,925.6914618514634
2010-05-05 01:00:00,927.0845377736784
2010-05-06 01:00:00,928.3792891150075
2010-05-07 01:00:00,929.5630154432142
2010-05-09 01:00:00,931.5585281707813
2010-05-10 01:00:00,932.3565166540897
2010-05-11 01:00:00,933.0155316245408
2010-05-12 01:00:00,933.533452606734
2010-05-13 01:00:00,933.9096532444923
2010-05-14 01:00:00,934.144759285503
2010-05-16 01:00:00,934.1990665159653
2010-05-17 01:00:00,934.0237631080515
2010-05-18 01:00:00,933.7179859277487
2010-05-19 01:00:00,933.2854987664383
2010-05-20 01:00:00,932.7302242954509
2010-05-21 01:00:00,932.0561427631096
2010-05-23 01:00:00,930.3672981127797
2010-05-24 01:00:00,929.0632826436935
2010-05-25 01:00:00,927.6063073850008
2010-05-26 01:00:00,926.0562802179611
2010-05-27 01:00:00,924.4163923604908
2010-05-28 01:00:00,922.6896040279364
2010-05-30 01:00:00,918.9859639213022
2010-05-31 01:00:00,917.0138174286984
2010-06-01 01:00:00,914.9641803608914
2010-06-02 01:00:00,912.8387963648487
2010-06-03 01:00:00,910.6391779913919
2010-06-04 01:00:00,908.3666204967259
2010-06-06 01:00:00,903.6069007642966
2010-06-07 01:00:00,901.1214390047643
2010-06-08 01:00:00,898.5665054357324
2010-06-09 01:00:00,895.9427053556228
2010-06-10 01:00:00,893.2506298481057
2010-06-11 01:00:00,890.490914262015
2010-06-13 01:00:00,884.7717358187942
2010-06-14 01:00:00,881.8144117069652
2010-06-15 01:00:00,878.7939036823188
2010-06-16 01:00:00,875.7122492571879
2010-06-17 01:00:00,872.5720572017024
2010-06-18 01:00:00,869.3766099320509
2010-06-20 01:00:00,862.8369793638042
2010-06-21 01:00:00,859.5034463044751
2010-06-22 01:00:00,856.1360025349434
2010-06-23 01:00:00,852.74213171836
2010-06-24 01:00:00,849.3300611494384
2010-06-25 01:00:00,845.9086197073129
2010-06-27 01:00:00,839.0748163716758
2010-06-28 01:00:00,835.6813363996672
2010-06-29 01:00:00,832.3157994293895
2010-06-30 01:00:00,828.9869429339712
2010-07-01 01:00:00,825.7028877424804
2010-07-02 01:00:00,822.4710116434218
2010-07-04 01:00:00,816.1891558152995
2010-07-05 01:00:00,813.1497129359675
2010-07-06 01:00:00,810.183563580574
2010-07-07 01:00:00,807.2939730186844
2010-07-08 01:00:00,804.4835242152315
2010-07-09 01:00:00,801.7542012813423
2010-07-11 01:00:00,796.5443843648807
2010-07-12 01:00:00,794.0656163518896
2010-07-13 01:00:00,791.6715744774165
2010-07-14 01:00:00,789.3624443270357
2010-07-15 01:00:00,787.1382515820478
2010-07-16 01:00:00,784.9989145664174
2010-07-18 01:00:00,780.9742199028872
2010-07-19 01:00:00,779.0885555561863
2010-07-20 01:00:00,777.287199151763
2010-07-21 01:00:00,775.5701235952582
2010-07-22 01:00:00,773.9373954462708
2010-07-23 01:00:00,772.3891938105879
2010-07-25 01:00:00,769.5477480869064
2010-07-26 01:00:00,768.2555683734272
2010-07-27 01:00:00,767.0500716852753
2010-07-28 01:00:00,765.9322273702418
2010-07-29 01:00:00,764.9032037980844
2010-07-30 01:00:00,763.9643821443036
2010-08-01 01:00:00,763.0988369091742
2010-08-02 01:00:00,763.483438307776
2010-08-03 01:00:00,763.9668012281545
2010-08-04 01:00:00,764.5516331918251
2010-08-05 01:00:00,764.0969477543252
2010-08-06 01:00:00,763.5732856751847
2010-08-08 01:00:00,762.83739125938
2010-08-09 01:00:00,763.2145195728274
2010-08-10 01:00:00,764.8465536917197
2010-08-11 01:00:00,764.5630790628154
2010-08-12 01:00:00,764.3986280846673
2010-08-13 01:00:00,764.3594370558343
2010-08-15 01:00:00,764.6837199034347
2010-08-16 01:00:00,765.0614807470907
2010-08-17 01:00:00,765.5129875817745
2010-08-18 01:00:00,765.8360413898
2010-08-19 01:00:00,766.3209947679065
2010-08-20 01:00:00,766.9753434490451
2010-08-22 01:00:00,769.5933886337498
2010-08-23 01:00:00,771.3988723271065
2010-08-24 01:00:00,773.377408054457
2010-08-25 01:00:00,775.5296938867762
2010-08-26 01:00:00,777.853680378267
2010-08-27 01:00:00,780.3439723040592
2010-08-29 01:00:00,785.781687887896
2010-08-30 01:00:00,788.696649550903
2010-08-31 01:00:00,791.7123641744328
2010-09-01 01:00:00,794.8000125135
2010-09-02 01:00:00,797.9260555466566
2010-09-03 01:00:00,801.0529024268687
2010-09-05 01:00:00,807.1445482048294
2010-09-06 01:00:00,810.0239705851175
2010-09-07 01:00:00,812.7363187125379
2010-09-08 01:00:00,815.2421907310043
2010-09-09 01:00:00,817.5058339630111
2010-09-10 01:00:00,819.4960955976284
2010-09-12 01:00:00,822.5584937066833
2010-09-13 01:00:00,823.5957585357619
2010-09-14 01:00:00,824.2898507872942
2010-09-15 01:00:00,824.6370082003928
2010-09-16 01:00:00,824.638303532076
2010-09-17 01:00:00,824.299145395566
2010-09-19 01:00:00,822.6394992304115
2010-09-20 01:00:00,821.3465099364242
2010-09-21 01:00:00,819.7668997144681
2010-09-22 01:00:00,817.919279042962
2010-09-23 01:00:00,815.8231649742759
2010-09-24 01:00:00,813.4984366304318
2010-09-26 01:00:00,808.2415055319361
2010-09-27 01:00:00,805.3466520122272
2010-09-28 01:00:00,802.2972211391083
2010-09-29 01:00:00,799.1087108878753
2010-09-30 01:00:00,795.7950460256671
2010-10-01 01:00:00,792.3685307011299
2010-10-03 01:00:00,781.0153756875644
2010-10-04 01:00:00,773.6545518006683
2010-10-05 01:00:00,767.1476078587214
2010-10-06 01:00:00,760.6410261116638
2010-10-07 01:00:00,754.1466051368378
2010-10-08 01:00:00,747.6741813814134
2010-10-10 01:00:00,739.9807443998651
2010-10-11 01:00:00,736.8973322142542
2010-10-12 01:00:00,733.8425608679665
2010-10-13 01:00:00,730.8182738132691
2010-10-14 01:00:00,727.8259088724151
2010-10-15 01:00:00,724.8665630263747
2010-10-17 01:00:00,719.0499392178134
2010-10-18 01:00:00,716.1936138133573
2010-10-19 01:00:00,713.3722875756032
2010-10-20 01:00:00,710.5860429268105
2010-10-21 01:00:00,707.8348541396078
2010-10-22 01:00:00,705.118608793649
2010-10-24 01:00:00,699.7901744481869
2010-10-25 01:00:00,697.177483166641
2010-10-26 01:00:00,696.7775462972098
2010-10-27 01:00:00,698.6250359094878
2010-10-28 01:00:00,700.5057683152583
2010-10-29 01:00:00,702.4117346183082
2010-10-31 01:00:00,706.2668968556786
2010-11-01 00:00:00,708.1203298136538
2010-11-02 00:00:00,710.0471566530584
2010-11-03 00:00:00,711.960119228996
2010-11-04 00:00:00,713.8521898357504
2010-11-05 00:00:00,715.716814782826
2010-11-07 00:00:00,719.3401337759508
2010-11-08 00:00:00,721.0884154649084
2010-11-09 00:00:00,722.7884538597946
2010-11-10 00:00:00,724.4364776050757
2010-11-11 00:00:00,726.0292932018586
2010-11-12 00:00:00,727.5642774122738
2010-11-14 00:00:00,730.453009274782
2010-11-15 00:00:00,731.804183344746
2010-11-16 00:00:00,733.0923117725957
2010-11-17 00:00:00,734.3172463285944
2010-11-18 00:00:00,735.4792206917377
2010-11-19 00:00:00,736.5788082802549
2010-11-21 00:00:00,738.8683023162039
2010-11-22 00:00:00,741.0557352011303
2010-11-23 00:00:00,743.1480406004671
2010-11-24 00:00:00,745.1422459447647
2010-11-25 00:00:00,747.0347412646452
2010-11-26 00:00:00,748.8211419234166
2010-11-28 00:00:00,752.0533257515539
2010-11-29 00:00:00,753.4850329027678
2010-11-30 00:00:00,754.7821208198733
2010-12-01 00:00:00,755.9337866035263
2010-12-02 00:00:00,756.9273610553037
2010-12-03 00:00:00,757.7481183139387
2010-12-05 00:00:00,758.8010891488198
2010-12-06 00:00:00,758.9924501131154
2010-12-07 00:00:00,758.9294246471893
2010-12-08 00:00:00,758.5864134136143
2010-12-09 00:00:00,757.936647631007
2010-12-10 00:00:00,756.9532361033464
2010-12-12 00:00:00,753.8870340335966
2010-12-13 00:00:00,751.7663983912175
2010-12-14 00:00:00,749.2421868376614
2010-12-15 00:00:00,748.8754277353755
2010-12-16 00:00:00,748.9638138724487
2010-12-17 00:00:00,749.0385904152822
2010-12-19 00:00:00,749.1517865514957
2010-12-20 00:00:00,749.1923163582628
2010-12-21 00:00:00,749.2234674730646
2010-12-22 00:00:00,749.2461946810192
2010-12-23 00:00:00,749.2614246945027
2010-12-24 00:00:00,749.2700619468592
2010-12-26 00:00:00,749.2710835243862
2010-12-27 00:00:00,749.2651841842593
2010-12-28 00:00:00,749.2561192651713
2010-12-29 00:00:00,749.2446851173853
2010-12-30 00:00:00,749.2316452631067
2010-12-31 00:00:00,749.2177257449542
2011-01-02 00:00:00,749.1899440900148
2011-01-03 00:00:00,749.1773195751412
2011-01-04 00:00:00,749.1662896723622
2011-01-05 00:00:00,749.1573600165382
2011-01-06 00:00:00,749.150996962954
2011-01-07 00:00:00,749.1476260580146
2011-01-09 00:00:00,749.151390182057
2011-01-10 00:00:00,749.1592136696329
2011-01-11 00:00:00,749.1714120046433
2011-01-12 00:00:00,749.1882651880406
2011-01-13 00:00:00,749.2100308796332
2011-01-14 00:00:00,749.2369456827462
2011-01-16 00:00:00,749.3070716387979
2011-01-17 00:00:00,749.3506640388466
2011-01-18 00:00:00,749.4001736128965
2011-01-19 00:00:00,749.4557621161035
2011-01-20 00:00:00,749.5175882000201
2011-01-21 00:00:00,749.5858124153087
2011-01-23 00:00:00,749.7421258272344
2011-01-24 00:00:00,749.8305645731095
2011-01-25 00:00:00,749.9260942769505
2011-01-26 00:00:00,750.0288869749431
2011-01-27 00:00:00,750.1391042366977
2011-01-28 00:00:00,750.256892921397
2011-01-30 00:00:00,750.5156818334616
2011-01-31 00:00:00,750.6568811522063
2011-02-01 00:00:00,750.8060489931122
2011-02-02 00:00:00,750.9632339395482
2011-02-03 00:00:00,751.1284650665693
2011-02-04 00:00:00,751.3017530221503
2011-02-06 00:00:00,751.6724580897318
2011-02-07 00:00:00,751.8698170623743
2011-02-08 00:00:00,752.0751194768512
2011-02-09 00:00:00,752.2883050056245
2011-02-10 00:00:00,752.5093027548851
2011-02-11 00:00:00,752.7380320149159
2011-02-13 00:00:00,753.2183172091804
2011-02-14 00:00:00,753.4696693251447
2011-02-15 00:00:00,753.728348162722
2011-02-16 00:00:00,753.994239668649
2011-02-17 00:00:00,754.2672303091502
2011-02-18 00:00:00,754.5472109721691
2011-02-20 00:00:00,755.1277467706072
2011-02-21 00:00:00,755.5411937544891
2011-02-22 00:00:00,757.8619976644674
2011-02-23 00:00:00,760.2200208303656
2011-02-24 00:00:00,762.6149344907257
2011-02-25 00:00:00,765.046164817371
2011-02-27 00:00:00,770.0137327094667
2011-02-28 00:00:00,772.5471904205082
2011-03-01 00:00:00,775.1110635986591
2011-03-02 00:00:00,777.7026206798924
2011-03-03 00:00:00,780.3184567688251
2011-03-04 00:00:00,782.954395196205
2011-03-06 00:00:00,788.2653958983847
2011-03-07 00:00:00,790.9273226203727
2011-03-08 00:00:00,793.5828944874877
2011-03-09 00:00:00,796.2226096777939
2011-03-10 00:00:00,798.8356970679046
2011-03-11 00:00:00,801.410117733019
2011-03-13 00:00:00,806.3888185572937
2011-03-14 00:00:00,808.7634089725867
2011-03-15 00:00:00,811.0403343162822
2011-03-16 00:00:00,813.20307645739
2011-03-17 00:00:00,817.78197229742
2011-03-18 00:00:00,822.2245237150269
2011-03-20 00:00:00,825.985785240475
2011-03-21 00:00:00,826.709547437724
2011-03-22 00:00:00,827.2251850464464
2011-03-23 00:00:00,827.5210257793735
2011-03-24 00:00:00,827.5868947704687
2011-03-25 00:00:00,827.4142276975529
2011-03-27 00:00:00,826.3277444213498
2011-03-28 01:00:00,825.3616375654022
2011-03-29 01:00:00,824.0689030512308
2011-03-30 01:00:00,821.9920600660142
2011-03-31 01:00:00,819.6658695876775
2011-04-01 01:00:00,817.0973387996186
2011-04-03 01:00:00,811.2762701925209
2011-04-04 01:00:00,808.0531130051526
2011-04-05 01:00:00,804.6464263679934
2011-04-06 01:00:00,801.0786766149585
2011-04-07 01:00:00,797.3750342093898
2011-04-08 01:00:00,793.5629165218696
2011-04-10 01:00:00,785.730470083422
2011-04-11 01:00:00,781.770332841323
2011-04-12 01:00:00,777.8205392116397
2011-04-13 01:00:00,775.6616964285034
2011-04-14 01:00:00,773.7297293984735
2011-04-15 01:00:00,771.7968493248893
2011-04-17 01:00:00,767.9281718857119
2011-04-18 01:00:00,765.9922826898974
2011-04-19 01:00:00,763.3975641001334
2011-04-20 01:00:00,760.6935814337569
2011-04-21 01:00:00,759.0966344946163
2011-04-22 01:00:00,757.3309384433891
2011-04-24 01:00:00,753.2916930376559
2011-04-25 01:00:00,751.0213671316855
2011-04-26 01:00:00,748.5880988355661
2011-04-27 01:00:00,745.9961384292583
2011-04-28 01:00:00,743.2503279089386
2011-04-29 01:00:00,740.3558992481863
2011-05-01 01:00:00,734.0354217025889
2011-05-02 01:00:00,729.0845503428116
2011-05-03 01:00:00,724.154160433056
2011-05-04 01:00:00,719.1037276297316
2011-05-05 01:00:00,713.9383596671826
2011-05-06 01:00:00,708.6628982311328
2011-05-08 01:00:00,697.7995845888897
2011-05-09 01:00:00,692.2198944115684
2011-05-10 01:00:00,686.664190407131
2011-05-11 01:00:00,681.1154561576182
2011-05-12 01:00:00,676.6318588387355
2011-05-13 01:00:00,674.6355748743138
2011-05-15 01:00:00,670.4079272915618
2011-05-16 01:00:00,668.1806043927403
2011-05-17 01:00:00,666.0741758256222
2011-05-18 01:00:00,664.0746338634109
2011-05-19 01:00:00,662.0821796236645
2011-05-20 01:00:00,660.0969391809128
2011-05-22 01:00:00,657.7471545581843
2011-05-23 01:00:00,657.4829803908907
2011-05-24 01:00:00,657.9586717164763
2011-05-25 01:00:00,658.811657079878
2011-05-26 01:00:00,659.7518269595744
2011-05-27 01:00:00,660.7792064523621
2011-05-29 01:00:00,663.0953596768364
2011-05-30 01:00:00,664.3836564213648
2011-05-31 01:00:00,665.7580600015691
2011-06-01 01:00:00,667.2176224961252
2011-06-02 01:00:00,668.7609504320617
2011-06-03 01:00:00,670.3861073341757
2011-06-05 01:00:00,673.8708735662417
2011-06-06 01:00:00,675.7230660007036
2011-06-07 01:00:00,677.6421256319705
2011-06-08 01:00:00,679.6222057571749
2011-06-09 01:00:00,681.6566013541271
2011-06-10 01:00:00,683.7378146648429
2011-06-12 01:00:00,688.0074652042296
2011-06-13 01:00:00,690.1781801297535
2011-06-14 01:00:00,692.3606816955718
2011-06-15 01:00:00,694.5459559795358
2011-06-16 01:00:00,696.7253216635271
2011-06-17 01:00:00,698.8906187680305
2011-06-19 01:00:00,703.1498305264148
2011-06-20 01:00:00,705.2311575125939
2011-06-21 01:00:00,707.2733144878109
2011-06-22 01:00:00,709.2721048589041
2011-06-23 01:00:00,711.2241098426293
2011-06-24 01:00:00,713.1266169280973
2011-06-26 01:00:00,716.7753080024132
2011-06-27 01:00:00,718.5188170468989
2011-06-28 01:00:00,720.207300347928
2011-06-29 01:00:00,721.8402678111285
2011-06-30 01:00:00,723.417427003469
2011-07-01 01:00:00,724.9386159978385
2011-07-03 01:00:00,727.8127394674419
2011-07-04 01:00:00,729.1655060568014
2011-07-05 01:00:00,730.4618850426637
2011-07-06 01:00:00,731.7016245693183
2011-07-07 01:00:00,732.8843543232539
2011-07-08 01:00:00,734.0095648174096
2011-07-10 01:00:00,736.0845937288061
2011-07-11 01:00:00,737.0325547234662
2011-07-12 01:00:00,737.9192568087068
2011-07-13 01:00:00,738.7432762185788
2011-07-14 01:00:00,739.5029699254595
2011-07-15 01:00:00,740.1964630882634
2011-07-17 01:00:00,741.3761088187889
2011-07-18 01:00:00,741.8572304211923
2011-07-19 01:00:00,742.2620624021794
2011-07-20 01:00:00,742.5873687150885
2011-07-21 01:00:00,742.8296059564536
2011-07-22 01:00:00,742.9849170845038
2011-07-24 01:00:00,743.0177567446583
2011-07-25 01:00:00,742.8860107584615
2011-07-26 01:00:00,742.6488171134849
2011-07-27 01:00:00,742.3008446428436
2011-07-28 01:00:00,741.8365465601357
2011-07-29 01:00:00,741.2502182739428
2011-07-31 01:00:00,739.6883598089121
2011-08-01 01:00:00,738.7014709911857
2011-08-02 01:00:00,737.570142483309
2011-08-03 01:00:00,736.289654133376
2011-08-04 01:00:00,734.8560913799957
2011-08-05 01:00:00,733.2666486242514
2011-08-07 01:00:00,729.6165443321444
2011-08-08 01:00:00,727.5590685545862
2011-08-09 01:00:00,725.3528833580039
2011-08-10 01:00:00,723.006334204955
2011-08-11 01:00:00,720.5310998300628
2011-08-12 01:00:00,717.94242793518
2011-08-14 01:00:00,712.5040998491194
2011-08-15 01:00:00,709.7029338037344
2011-08-16 01:00:00,706.8846363558747
2011-08-17 01:00:00,704.3999126839799
2011-08-18 01:00:00,705.7685137722062
2011-08-19 01:00:00,707.156612905012
2011-08-21 01:00:00,709.9914658468072
2011-08-22 01:00:00,711.4382932742994
2011-08-23 01:00:00,712.9047647259227
2011-08-24 01:00:00,714.390907228218
2011-08-25 01:00:00,715.8967418325365
2011-08-26 01:00:00,717.4222815893135
2011-08-28 01:00:00,720.5324717285112
2011-08-29 01:00:00,722.1170813760014
2011-08-30 01:00:00,723.7213091281639
2011-08-31 01:00:00,725.3450863019958
2011-09-01 01:00:00,726.9883260123983
2011-09-02 01:00:00,728.6509270655229
2011-09-04 01:00:00,732.0337659688211
2011-09-05 01:00:00,733.7537719267553
2011-09-06 01:00:00,735.4926813006474
2011-09-07 01:00:00,737.2503808469372
2011-09-08 01:00:00,739.02675972106
2011-09-09 01:00:00,740.8217091787203
2011-09-11 01:00:00,744.4668916162727
2011-09-12 01:00:00,746.3169113694463
2011-09-13 01:00:00,748.1850732994312
2011-09-14 01:00:00,750.0712671181695
2011-09-15 01:00:00,751.9753790651213
2011-09-16 01:00:00,753.897290816368
2011-09-18 01:00:00,757.794011826862
2011-09-19 01:00:00,759.7685533366923
2011-09-20 01:00:00,761.7603576349453
2011-09-21 01:00:00,763.769270494081
2011-09-22 01:00:00,765.7951276023617
2011-09-23 01:00:00,767.8377527045284
2011-09-25 01:00:00,771.9725254382025
2011-09-26 01:00:00,774.0642333883529
2011-09-27 01:00:00,776.1718227554111
2011-09-28 01:00:00,778.2950106713571
2011-09-29 01:00:00,780.4334887230933
2011-09-30 01:00:00,782.7074026806348
2011-10-02 01:00:00,791.5493679624205
2011-10-03 01:00:00,795.9907480064475
2011-10-04 01:00:00,800.4452785270557
2011-10-05 01:00:00,804.9126310719492
2011-10-06 01:00:00,809.3924829093477
2011-10-07 01:00:00,814.2804324149803
2011-10-09 01:00:00,829.4493218287254
2011-10-10 01:00:00,837.0113647121709
2011-10-11 01:00:00,844.558890165027
2011-10-12 01:00:00,852.0922164135841
2011-10-13 01:00:00,859.611652901141
2011-10-14 01:00:00,867.1174905069275
2011-10-16 01:00:00,879.1959581922392
2011-10-17 01:00:00,883.9197043846698
2011-10-18 01:00:00,887.7536801035358
2011-10-19 01:00:00,889.1155076400133
2011-10-20 01:00:00,890.4814115959205
2011-10-21 01:00:00,891.8514733340637
2011-10-23 01:00:00,894.6044084314547
2011-10-24 01:00:00,895.9874522348383
2011-10-25 01:00:00,897.3749895831069
2011-10-26 01:00:00,898.7670947283954
2011-10-27 01:00:00,900.1638325678667
2011-10-28 01:00:00,901.5652577337543
2011-10-30 01:00:00,904.3823461253294
2011-10-31 00:00:00,905.7393064295396
2011-11-01 00:00:00,907.1596932550356
2011-11-02 00:00:00,908.5849677415159
2011-11-03 00:00:00,910.0151767942223
2011-11-04 00:00:00,911.4503731953455
2011-11-06 00:00:00,914.3359694334229
2011-11-07 00:00:00,915.7865050112089
2011-11-08 00:00:00,917.2422994418591
2011-11-09 00:00:00,918.7034358994438
2011-11-10 00:00:00,920.1700040992816
2011-11-11 00:00:00,921.6421006539044
2011-11-13 00:00:00,924.6033017171753
2011-11-14 00:00:00,926.0926366050747
2011-11-15 00:00:00,927.58796080202
2011-11-16 00:00:00,929.0894086422254
2011-11-17 00:00:00,930.5971217948057
2011-11-18 00:00:00,932.1112487766753
2011-11-20 00:00:00,935.159366941529
2011-11-21 00:00:00,936.693678862668
2011-11-22 00:00:00,938.2350409039032
2011-11-23 00:00:00,939.7836097657203
2011-11-24 00:00:00,941.3395339730307
2011-11-25 00:00:00,942.9029509293791
2011-11-27 00:00:00,946.052753692164
2011-11-28 00:00:00,947.6393617843738
2011-11-29 00:00:00,949.233915192396
2011-11-30 00:00:00,950.8365204725773
2011-12-01 00:00:00,952.4472889213507
2011-12-02 00:00:00,954.0663385223277
2011-12-04 00:00:00,957.3297916176635
2011-12-05 00:00:00,958.9744703274623
2011-12-06 00:00:00,960.6279807941311
2011-12-07 00:00:00,962.2904812136629
2011-12-08 00:00:00,963.9621387362021
2011-12-09 00:00:00,965.643130254763
2011-12-11 00:00:00,969.0338774126501
2011-12-12 00:00:00,970.7440443212504
2011-12-13 00:00:00,972.4643692827344
2011-12-14 00:00:00,974.1950909181614
2011-12-15 00:00:00,975.9364609663029
2011-12-16 00:00:00,977.6887434232402
2011-12-18 00:00:00,981.2271536083185
2011-12-19 00:00:00,983.0138545692159
2011-12-20 00:00:00,984.8126082063335
2011-12-21 00:00:00,986.6237051812109
2011-12-22 00:00:00,988.4474301441676
2011-12-23 00:00:00,990.2840576728137
2011-12-26 00:00:00,995.8739085433494
2011-12-27 00:00:00,997.7646419265197
2011-12-28 00:00:00,999.669480620154
2011-12-29 00:00:00,1001.5886522841545
2011-12-30 00:00:00,1003.522389310434
2012-01-01 00:00:00,1007.4345242516059
2012-01-02 00:00:00,1009.4134245634917
2012-01-03 00:00:00,1011.4078953474079
2012-01-04 00:00:00,1013.4182082790203
2012-01-05 00:00:00,1015.4446429143554
2012-01-06 00:00:00,1017.4874883954882
2012-01-08 00:00:00,1021.6236207693979
2012-01-09 00:00:00,1023.7175424843729
2012-01-10 00:00:00,1025.8291477215037
2012-01-11 00:00:00,1027.9587900778856
2012-01-12 00:00:00,1030.1068376271087
2012-01-13 00:00:00,1032.2736708357525
2012-01-15 00:00:00,1036.6652552120484
2012-01-16 00:00:00,1038.8907908997119
2012-01-17 00:00:00,1041.1366691964663
2012-01-18 00:00:00,1043.4032586327744
2012-01-19 00:00:00,1045.6909068112093
2012-01-20 00:00:00,1047.999934732217
2012-01-22 00:00:00,1052.68325520217
2012-01-23 00:00:00,1055.0580245884105
2012-01-24 00:00:00,1057.4551276411105
2012-01-25 00:00:00,1059.8747202826323
2012-01-26 00:00:00,1062.3169300582088
2012-01-27 00:00:00,1064.7818586567425
2012-01-29 00:00:00,1069.7801577255461
2012-01-30 00:00:00,1072.3136100668557
2012-01-31 00:00:00,1074.8699426814992
2012-02-01 00:00:00,1077.4491296163135
2012-02-02 00:00:00,1080.0
2012-02-03 00:00:00,1080.0
2012-02-05 00:00:00,1080.0
2012-02-06 00:00:00,1080.0
2012-02-07 00:00:00,1080.0
2012-02-08 00:00:00,1080.0
2012-02-09 00:00:00,1080.0
2012-02-10 00:00:00,1080.0
2012-02-12 00:00:00,1080.0
2012-02-13 00:00:00,1080.0
2012-02-14 00:00:00,1080.0
2012-02-15 00:00:00,1080.0
2012-02-16 00:00:00,1080.0
2012-02-17 00:00:00,1080.0
2012-02-19 00:00:00,1080.0
2012-02-20 00:00:00,1080.0
2012-02-21 00:00:00,1080.0
2012-02-22 00:00:00,1080.0
2012-02-23 00:00:00,1080.0
2012-02-24 00:00:00,1077.7313294183734
2012-02-26 00:00:00,1069.317716906433
2012-02-27 00:00:00,1065.2226285638972
2012-02-28 00:00:00,1061.2268743421955
2012-02-29 00:00:00,1057.35050521441
2012-03-01 00:00:00,1053.6143699470801
2012-03-02 00:00:00,1050.0397659602272
2012-03-04 00:00:00,1043.4601544459397
2012-03-05 00:00:00,1039.2627216543394
2012-03-06 00:00:00,1034.24486054692
2012-03-07 00:00:00,1029.4922360558464
2012-03-08 00:00:00,1025.0200460800684
2012-03-09 00:00:00,1020.8408999823248
2012-03-11 00:00:00,1013.396800292579
2012-03-12 00:00:00,1010.1405064421572
2012-03-13 00:00:00,1007.1938179581305
2012-03-14 00:00:00,1004.5505372130342
2012-03-15 00:00:00,1003.49583283858
2012-03-16 00:00:00,1003.1334343419212
2012-03-18 00:00:00,1003.1116550722088
2012-03-19 00:00:00,1003.3966749272386
2012-03-20 00:00:00,1003.8355381842892
2012-03-21 00:00:00,1004.3921996382977
2012-03-22 00:00:00,1005.029149730361
2012-03-23 00:00:00,1005.7086415498505
2012-03-25 00:00:00,1007.0503768788902
2012-03-26 01:00:00,1007.6689395265403
2012-03-27 01:00:00,1008.1727418098329
2012-03-28 01:00:00,1008.5641581192415
2012-03-29 01:00:00,1008.8243762543523
2012-03-30 01:00:00,1008.938969151831
2012-04-01 01:00:00,1008.693825031912
2012-04-02 01:00:00,1008.3242259202678
2012-04-03 01:00:00,1007.7882890083191
2012-04-04 01:00:00,1007.0877004251566
2012-04-05 01:00:00,1006.2259073639543
2012-04-06 01:00:00,1005.2076902964087
2012-04-08 01:00:00,1002.7256244159032
2012-04-09 01:00:00,1001.2749894485067
2012-04-10 01:00:00,999.6939033547192
2012-04-11 01:00:00,997.9894180203427
2012-04-12 01:00:00,996.1684916159014
2012-04-13 01:00:00,994.2378849674526
2012-04-15 01:00:00,990.073241772195
2012-04-16 01:00:00,987.8511470983749
2012-04-17 01:00:00,985.5431985571446
2012-04-18 01:00:00,983.1543977997137
2012-04-19 01:00:00,980.6893485603877
2012-04-20 01:00:00,978.1522623784255
2012-04-22 01:00:00,972.8769273679952
2012-04-23 01:00:00,970.1452442307847
2012-04-24 01:00:00,967.3546862024784
2012-04-25 01:00:00,964.507698109847
2012-04-26 01:00:00,961.6064191261063
2012-04-27 01:00:00,958.6526990048478
2012-04-29 01:00:00,952.593980661056
2012-04-30 01:00:00,949.4913725397016
2012-05-01 01:00:00,946.3411317545267
2012-05-02 01:00:00,943.143884362223
2012-05-03 01:00:00,939.9000555115915
2012-05-04 01:00:00,936.6098872866586
2012-05-06 01:00:00,929.8800480500905
2012-05-07 01:00:00,923.0271654564117
2012-05-08 01:00:00,916.0645388558275
2012-05-09 01:00:00,908.9918841240014
2012-05-10 01:00:00,901.8088560061649
2012-05-11 01:00:00,894.5151099555117
2012-05-13 01:00:00,879.5945206919263
2012-05-14 01:00:00,871.9676860531401
2012-05-15 01:00:00,864.2303650680088
2012-05-16 01:00:00,856.3835566249317
2012-05-17 01:00:00,848.4289135374187
2012-05-18 01:00:00,840.3689096261872
2012-05-20 01:00:00,823.9478891300797
2012-05-21 01:00:00,815.5975327385445
2012-05-22 01:00:00,807.1634681638066
2012-05-23 01:00:00,801.6812350482609
2012-05-24 01:00:00,796.9421585928112
2012-05-25 01:00:00,792.1868377856358
2012-05-27 01:00:00,782.6565526219562
2012-05-28 01:00:00,777.8978326921218
2012-05-29 01:00:00,773.1550569185229
2012-05-30 01:00:00,768.4373080845082
2012-05-31 01:00:00,763.7536788502109
2012-06-01 01:00:00,759.1130515623399
2012-06-03 01:00:00,756.5412067303058
2012-06-04 01:00:00,757.535361404701
2012-06-05 01:00:00,758.5627606910058
2012-06-06 01:00:00,759.6150818581162
2012-06-07 01:00:00,760.6839412850168
2012-06-08 01:00:00,761.7610188386442
2012-06-10 01:00:00,763.9075317589947
2012-06-11 01:00:00,764.9615980099396
2012-06-12 01:00:00,765.993306115007
2012-06-13 01:00:00,766.9960940239149
2012-06-14 01:00:00,767.9639521189741
2012-06-15 01:00:00,768.8914610132961
2012-06-17 01:00:00,770.606838251215
2012-06-18 01:00:00,771.3869727949918
2012-06-19 01:00:00,772.1112750298032
2012-06-20 01:00:00,772.7773864835291
2012-06-21 01:00:00,773.3835021110187
2012-06-22 01:00:00,773.9283310163825
2012-06-24 01:00:00,774.8312708829101
2012-06-25 01:00:00,775.1889663350598
2012-06-26 01:00:00,775.4844506066576
2012-06-27 01:00:00,775.7183214307034
2012-06-28 01:00:00,775.8914212711244
2012-06-29 01:00:00,776.0048002068476
2012-07-01 01:00:00,776.0574521089671
2012-07-02 01:00:00,775.9996148005996
2012-07-03 01:00:00,775.8878063100178
2012-07-04 01:00:00,775.7237726027926
2012-07-05 01:00:00,775.5093609975052
2012-07-06 01:00:00,775.2465052162906
2012-07-08 01:00:00,774.5835081028076
2012-07-09 01:00:00,774.1874789063714
2012-07-10 01:00:00,773.7511867099048
2012-07-11 01:00:00,773.276684322605
2012-07-12 01:00:00,772.7659956902979
2012-07-13 01:00:00,772.2211060345136
2012-07-15 01:00:00,771.0364297117055
2012-07-16 01:00:00,770.4003639801513
2012-07-17 01:00:00,769.737531462851
2012-07-18 01:00:00,769.0496439531682
2012-07-19 01:00:00,768.3383476125422
2012-07-20 01:00:00,767.6052194756295
2012-07-22 01:00:00,766.0794109196343
2012-07-23 01:00:00,765.2895122879504
2012-07-24 01:00:00,764.4833433798509
2012-07-25 01:00:00,763.6621034068488
2012-07-26 01:00:00,762.8269187047074
2012-07-27 01:00:00,761.9788475397721
2012-07-29 01:00:00,760.2479794467127
2012-07-30 01:00:00,759.3670256568572
2012-07-31 01:00:00,758.4768917193544
2012-08-01 01:00:00,757.5784208449976
2012-08-02 01:00:00,756.67244129826
2012-08-03 01:00:00,755.7597716835081
2012-08-05 01:00:00,753.9175960499638
2012-08-06 01:00:00,752.9896808278685
2012-08-07 01:00:00,752.0582500237985
2012-08-08 01:00:00,751.1240568557182
2012-08-09 01:00:00,750.1878323045125
2012-08-10 01:00:00,749.2502837220549
2012-08-12 01:00:00,747.3739236647575
2012-08-13 01:00:00,746.4364074373439
2012-08-14 01:00:00,745.5001583199385
2012-08-15 01:00:00,744.5657653929993
2012-08-16 01:00:00,744.2931011134059
2012-08-17 01:00:00,744.4599619130439
2012-08-19 01:00:00,744.8086615922489
2012-08-20 01:00:00,744.9914057977447
2012-08-21 01:00:00,745.1802843900111
2012-08-22 01:00:00,745.3756522516111
2012-08-23 01:00:00,745.5778288146718
2012-08-24 01:00:00,745.7871034357544
2012-08-26 01:00:00,746.2279950608422
2012-08-27 01:00:00,746.4601037895567
2012-08-28 01:00:00,746.7003083763883
2012-08-29 01:00:00,746.9488532561573
2012-08-30 01:00:00,747.2059917940674
2012-08-31 01:00:00,747.4719890013951
2012-09-02 01:00:00,748.0316800205626
2012-09-03 01:00:00,748.3259594393725
2012-09-04 01:00:00,748.6302627949614
2012-09-05 01:00:00,748.9448941917161
2012-09-06 01:00:00,749.2701565670699
2012-09-07 01:00:00,749.6063494373941
2012-09-09 01:00:00,750.3126992199228
2012-09-10 01:00:00,750.6834273101675
2012-09-11 01:00:00,751.0662271472759
2012-09-12 01:00:00,751.4613663561454
2012-09-13 01:00:00,751.8691030102568
2012-09-14 01:00:00,752.289682871663
2012-09-16 01:00:00,753.1702694467632
2012-09-17 01:00:00,753.6306676862125
2012-09-18 01:00:00,754.1046839602026
2012-09-19 01:00:00,754.5924418025791
2012-09-20 01:00:00,755.0940365568799
2012-09-21 01:00:00,755.6095402349322
2012-09-23 01:00:00,756.6824858326846
2012-09-24 01:00:00,757.240015579236
2012-09-25 01:00:00,757.8116412939407
2012-09-26 01:00:00,758.3974122341538
2012-09-27 01:00:00,758.9973853152899
2012-09-28 01:00:00,759.6116262802627
2012-09-30 01:00:00,760.8832190030729
2012-10-01 01:00:00,761.5407434164583
2012-10-02 01:00:00,762.2128774705368
2012-10-03 01:00:00,762.899717887408
2012-10-04 01:00:00,763.6013614002313
2012-10-05 01:00:00,764.3179026434257
2012-10-07 01:00:00,770.2487008208421
2012-10-08 01:00:00,773.6902527531091
2012-10-09 01:00:00,777.1178024788255
2012-10-10 01:00:00,780.5309621955231
2012-10-11 01:00:00,783.9291729890288
2012-10-12 01:00:00,787.3116838088447
2012-10-14 01:00:00,794.0254876970287
2012-10-15 01:00:00,797.3540748527058
2012-10-16 01:00:00,800.6614827552198
2012-10-17 01:00:00,803.9455567191475
2012-10-18 01:00:00,807.2037564756283
2012-10-19 01:00:00,810.4331190489393
2012-10-21 01:00:00,816.7911194096309
2012-10-22 01:00:00,819.911321343914
2012-10-23 01:00:00,822.9856927884416
2012-10-24 01:00:00,826.0083939940959
2012-10-25 01:00:00,828.9727890683452
2012-10-26 01:00:00,831.8713479383688
2012-10-28 01:00:00,837.435715624128
2012-10-29 00:00:00,839.2023693789514
2012-10-30 00:00:00,840.1136919002196
2012-10-31 00:00:00,840.8968106925864
2012-11-01 00:00:00,841.536627642508
2012-11-02 00:00:00,842.0164323548796
2012-11-04 00:00:00,842.4211784751519
2012-11-05 00:00:00,842.3051125201774
2012-11-06 00:00:00,841.9476475273436
2012-11-07 00:00:00,841.3264919527114
2012-11-08 00:00:00,840.4201033011833
2012-11-09 00:00:00,839.209070937321
2012-11-11 00:00:00,835.8175105622684
2012-11-12 00:00:00,833.6274181914218
2012-11-13 00:00:00,831.1189476231086
2012-11-14 00:00:00,828.3175242005564
2012-11-15 00:00:00,825.2644558644126
2012-11-16 00:00:00,822.0172908620452
2012-11-18 00:00:00,815.2407835589594
2012-11-19 00:00:00,811.883733770214
2012-11-20 00:00:00,808.6651629425739
2012-11-21 00:00:00,805.6656385085713
2012-11-22 00:00:00,802.9528578283794
2012-11-23 00:00:00,800.5781404267912
2012-11-25 00:00:00,796.9603610631767
2012-11-26 00:00:00,795.735576004475
2012-11-27 00:00:00,794.8904555369354
2012-11-28 00:00:00,796.5439929473025
2012-11-29 00:00:00,798.6549667890463
2012-11-30 00:00:00,801.0758398783275
2012-12-02 00:00:00,806.7292298687453
2012-12-03 00:00:00,809.9042045876052
2012-12-04 00:00:00,813.2756535821393
2012-12-05 00:00:00,816.8194504215844
2012-12-06 00:00:00,820.5138052951445
2012-12-07 00:00:00,824.3392607169876
2012-12-09 00:00:00,832.3166625180704
2012-12-10 00:00:00,836.4402246998504
2012-12-11 00:00:00,840.6377462378623
2012-12-12 00:00:00,844.8992138352111
2012-12-13 00:00:00,849.2159589271434
2012-12-14 00:00:00,853.5804976461127
2012-12-16 00:00:00,862.4281015625659
2012-12-17 00:00:00,866.9009120853532
2012-12-18 00:00:00,870.770290409465
2012-12-19 00:00:00,872.1431681131729
2012-12-20 00:00:00,873.5192262981177
2012-12-21 00:00:00,874.8984645271538
2012-12-23 00:00:00,877.6664921891404
2012-12-24 00:00:00,876.736708984236
2012-12-26 00:00:00,874.0772578912736
2012-12-27 00:00:00,872.7583958157702
2012-12-28 00:00:00,871.4469915043642
2012-12-30 00:00:00,868.8471831804331
2012-12-31 00:00:00,867.5590862267036
2013-01-01 00:00:00,866.2790620830401
2013-01-02 00:00:00,865.007259861401
2013-01-03 00:00:00,863.743827586675
2013-01-04 00:00:00,862.4889127525676
2013-01-06 00:00:00,860.0052216181829
2013-01-07 00:00:00,858.7767374551169
2013-01-08 00:00:00,857.5573538901222
2013-01-09 00:00:00,856.3472124752311
2013-01-10 00:00:00,855.1464495655737
2013-01-11 00:00:00,853.9551932348982
2013-01-13 00:00:00,851.6016523252778
2013-01-14 00:00:00,850.439557184938
2013-01-15 00:00:00,849.2873466257126
2013-01-16 00:00:00,848.1450792398248
2013-01-17 00:00:00,847.0128023457156
2013-01-18 00:00:00,845.8905541180861
2013-01-20 00:00:00,843.67626056899
2013-01-21 00:00:00,842.5842591190976
2013-01-22 00:00:00,841.5023754178075
2013-01-23 00:00:00,840.4306194657424
2013-01-24 00:00:00,839.3689971634592
2013-01-25 00:00:00,838.3175106517859
2013-01-27 00:00:00,836.2449393697733
2013-01-28 00:00:00,835.2238457052183
2013-01-29 00:00:00,834.2128721488873
2013-01-30 00:00:00,833.2120123358949
2013-01-31 00:00:00,832.2212602984465
2013-02-01 00:00:00,831.2406108856867
2013-02-03 00:00:00,829.309604166664
2013-02-04 00:00:00,828.3592408161269
2013-02-05 00:00:00,827.4189668769719
2013-02-06 00:00:00,826.4887779871167
2013-02-07 00:00:00,825.5686668628146
2013-02-08 00:00:00,824.6586213759886
2013-02-10 00:00:00,824.9264999414149
2013-02-11 00:00:00,825.581095077813
2013-02-12 00:00:00,826.1293409771375
2013-02-13 00:00:00,826.5507615928682
2013-02-14 00:00:00,826.823492427515
2013-02-15 00:00:00,826.9246083370042
2013-02-17 00:00:00,826.5177116130425
2013-02-18 00:00:00,825.9629872957498
2013-02-19 00:00:00,825.1445890178771
2013-02-20 00:00:00,824.0427933445751
2013-02-21 00:00:00,822.6407976488416
2013-02-22 00:00:00,820.9255978242448
2013-02-24 00:00:00,816.5278344175376
2013-02-25 00:00:00,813.8460146547569
2013-02-26 00:00:00,810.8538912658528
2013-02-27 00:00:00,809.2084788084853
2013-02-28 00:00:00,808.4865422473645
2013-03-01 00:00:00,807.7730964777027
2013-03-03 00:00:00,806.371335888626
2013-03-04 00:00:00,805.6828551296662
2013-03-05 00:00:00,805.0025316622379
2013-03-06 00:00:00,804.3302832367743
2013-03-07 00:00:00,803.6660257752907
2013-03-08 00:00:00,806.57437407057
2013-03-10 00:00:00,813.8095073344701
2013-03-11 00:00:00,817.1934375260694
2013-03-12 00:00:00,820.3937195923581
2013-03-13 00:00:00,823.3969435935138
2013-03-14 00:00:00,826.195001659371
2013-03-15 00:00:00,828.7843328653544
2013-03-17 00:00:00,833.3405277637811
2013-03-18 00:00:00,835.3159504267242
2013-03-19 00:00:00,837.0984184509342
2013-03-20 00:00:00,838.6960487664626
2013-03-21 00:00:00,840.1176132730264
2013-03-22 00:00:00,841.3721935838391
2013-03-24 00:00:00,843.4167490276888
2013-03-25 00:00:00,844.2243695722857
2013-03-26 00:00:00,844.900057327508
2013-03-27 00:00:00,845.4516374559616
2013-03-28 00:00:00,845.8864454339397
2013-03-31 00:00:00,846.5560432344002
2013-04-01 01:00:00,846.5860755454817
2013-04-02 01:00:00,846.5260567980766
2013-04-03 01:00:00,846.3831385954463
2013-04-04 01:00:00,846.1613410906305
2013-04-05 01:00:00,845.8642903381532
2013-04-07 01:00:00,845.0570986408806
2013-04-08 01:00:00,845.356646223299
2013-04-09 01:00:00,845.7476155370351
2013-04-10 01:00:00,846.0772615253202
2013-04-11 01:00:00,846.3473107203367
2013-04-12 01:00:00,846.559242028874
2013-04-14 01:00:00,846.8135327388577
2013-04-15 01:00:00,846.857764467351
2013-04-16 01:00:00,846.8476528602523
2013-04-17 01:00:00,846.78368131109
2013-04-18 01:00:00,846.6661764154978
2013-04-19 01:00:00,846.495321011683
2013-04-21 01:00:00,845.9936517597372
2013-04-22 01:00:00,845.6626086641462
2013-04-23 01:00:00,843.357900321366
2013-04-24 01:00:00,840.2986473200926
2013-04-25 01:00:00,837.1852866751748
2013-04-26 01:00:00,834.017501775391
2013-04-28 01:00:00,827.5174752463845
2013-04-29 01:00:00,824.18479690936
2013-04-30 01:00:00,820.7969102020639
2013-05-01 01:00:00,817.3539637654178
2013-05-02 01:00:00,812.480242404621
2013-05-03 01:00:00,807.2974020906083
2013-05-05 01:00:00,796.7808962558245
2013-05-06 01:00:00,788.9487044705818
2013-05-07 01:00:00,779.2506082395937
2013-05-08 01:00:00,769.5312520705714
2013-05-09 01:00:00,762.4632248955861
2013-05-10 01:00:00,755.3670472156177
2013-05-12 01:00:00,741.1159886510342
2013-05-13 01:00:00,733.9760490362041
2013-05-14 01:00:00,726.8376812669933
2013-05-15 01:00:00,719.7099846135764
2013-05-16 01:00:00,712.6024163184737
2013-05-17 01:00:00,705.5245805153937
2013-05-19 01:00:00,691.4959159297902
2013-05-20 01:00:00,684.5630538174497
2013-05-21 01:00:00,677.6954974170801
2013-05-22 01:00:00,670.900551621563
2013-05-23 01:00:00,664.1846758193012
2013-05-24 01:00:00,657.5534613398524
2013-05-26 01:00:00,645.9493562374602
2013-05-27 01:00:00,640.8307441835625
2013-05-28 01:00:00,637.9521765298975
2013-05-29 01:00:00,636.364705976937
2013-05-30 01:00:00,636.2207522376119
2013-05-31 01:00:00,635.9878163058902
2013-06-02 01:00:00,635.2510095552428
2013-06-03 01:00:00,634.7454068498091
2013-06-04 01:00:00,634.1472176306661
2013-06-05 01:00:00,633.4555392499481
2013-06-06 01:00:00,632.6693614933515
2013-06-07 01:00:00,631.7875282776575
2013-06-09 01:00:00,629.7313636417264
2013-06-10 01:00:00,628.5537470069006
2013-06-11 01:00:00,627.2738754341875
2013-06-12 01:00:00,625.8895322988772
2013-06-13 01:00:00,624.3982666083849
2013-06-14 01:00:00,622.797400313622
2013-06-16 01:00:00,619.2551132028894
2013-06-17 01:00:00,617.3073724833939
2013-06-18 01:00:00,615.2374655484854
2013-06-19 01:00:00,613.0419764688362
2013-06-20 01:00:00,610.7174980286819
2013-06-21 01:00:00,608.2607177593925
2013-06-23 01:00:00,606.3268394883726
2013-06-24 01:00:00,605.4284683648693
2013-06-25 01:00:00,604.5391606202705
2013-06-26 01:00:00,603.6589589880307
2013-06-27 01:00:00,602.7879157566553
2013-06-28 01:00:00,601.9260917035648
2013-06-30 01:00:00,600.2303722574263
2013-07-01 01:00:00,599.3966185566926
2013-07-02 01:00:00,598.5723631116514
2013-07-03 01:00:00,597.7576741997872
2013-07-04 01:00:00,596.9526170339412
2013-07-05 01:00:00,596.1572531324969
2013-07-07 01:00:00,594.5958296312532
2013-07-08 01:00:00,593.8298699590101
2013-07-09 01:00:00,593.073802309951
2013-07-10 01:00:00,592.3276618156182
2013-07-11 01:00:00,591.591476649782
2013-07-12 01:00:00,590.8652674930258
2013-07-14 01:00:00,589.4428195006576
2013-07-15 01:00:00,588.7465802042539
2013-07-16 01:00:00,588.0603151774942
2013-07-17 01:00:00,587.384000989728
2013-07-18 01:00:00,586.7176050086766
2013-07-19 01:00:00,586.0610864557716
2013-07-21 01:00:00,584.7774926181464
2013-07-22 01:00:00,584.150321876804
2013-07-23 01:00:00,584.1915729306116
2013-07-24 01:00:00,584.4867339200188
2013-07-25 01:00:00,584.7913368683618
2013-07-26 01:00:00,585.1054304185628
2013-07-28 01:00:00,585.7623187147867
2013-07-29 01:00:00,586.1052366590861
2013-07-30 01:00:00,586.4578868597637
2013-07-31 01:00:00,586.820330019033
2013-08-01 01:00:00,587.1926245756202
2013-08-02 01:00:00,587.5748262886476
2013-08-04 01:00:00,588.3691589567513
2013-08-05 01:00:00,588.7813850286784
2013-08-06 01:00:00,589.2037074196544
2013-08-07 01:00:00,589.6361622670964
2013-08-08 01:00:00,590.078779761881
2013-08-09 01:00:00,590.5315833496254
2013-08-11 01:00:00,591.4678048295992
2013-08-12 01:00:00,591.9512305165068
2013-08-13 01:00:00,592.4448576037755
2013-08-14 01:00:00,592.9486697402081
2013-08-15 01:00:00,593.4626436181057
2013-08-16 01:00:00,593.9867505972363
2013-08-18 01:00:00,595.0652388774845
2013-08-19 01:00:00,595.619563855016
2013-08-20 01:00:00,596.1839180103408
2013-08-21 01:00:00,596.7582981913853
2013-08-22 01:00:00,597.342715991691
2013-08-23 01:00:00,597.9371972390982
2013-08-25 01:00:00,599.1565089853756
2013-08-26 01:00:00,599.7814363079643
2013-08-27 01:00:00,600.4166142921238
2013-08-28 01:00:00,601.0620955635256
2013-08-29 01:00:00,601.7179313651525
2013-08-30 01:00:00,602.3841708589853
2013-09-01 01:00:00,603.7480447083609
2013-09-02 01:00:00,604.445763232043
2013-09-03 01:00:00,605.1540524326526
2013-09-04 01:00:00,605.8729430839426
2013-09-05 01:00:00,606.6024591279605
2013-09-06 01:00:00,607.3426160407683
2013-09-08 01:00:00,608.8548626688641
2013-09-09 01:00:00,609.6269281607425
2013-09-10 01:00:00,610.4095851786032
2013-09-11 01:00:00,611.2027916167707
2013-09-12 01:00:00,612.0064953358735
2013-09-13 01:00:00,612.8206365244531
2013-09-15 01:00:00,614.4799732055878
2013-09-16 01:00:00,615.3250421709656
2013-09-17 01:00:00,616.1803042036028
2013-09-18 01:00:00,617.0457174461585
2013-09-19 01:00:00,618.2774713245975
2013-09-20 01:00:00,621.2507101916607
2013-09-22 01:00:00,627.2118004377153
2013-09-23 01:00:00,630.1996289916377
2013-09-24 01:00:00,633.1922998948144
2013-09-25 01:00:00,636.1897978213633
2013-09-26 01:00:00,639.192099492526
2013-09-27 01:00:00,642.1991719522595
2013-09-29 01:00:00,648.2274429996169
2013-09-30 01:00:00,651.2485185954446
2013-10-01 01:00:00,654.2741163563999
2013-10-02 01:00:00,657.3041376969276
2013-10-03 01:00:00,660.3384639798226
2013-10-04 01:00:00,663.3769522392777
2013-10-06 01:00:00,669.4656932249009
2013-10-07 01:00:00,672.5154984679534
2013-10-08 01:00:00,675.5685665525249
2013-10-09 01:00:00,679.0155543949384
2013-10-10 01:00:00,683.7958430635234
2013-10-11 01:00:00,688.482319377345
2013-10-13 01:00:00,697.5356894286705
2013-10-14 01:00:00,701.880788476449
2013-10-15 01:00:00,706.0883502347884
2013-10-16 01:00:00,710.1444778252943
2013-10-17 01:00:00,714.0340268155576
2013-10-18 01:00:00,717.7406484304199
2013-10-20 01:00:00,724.5345380314089
2013-10-21 01:00:00,727.5847939844399
2013-10-22 01:00:00,730.3790883099672
2013-10-23 01:00:00,732.8998319822389
2013-10-24 01:00:00,735.1316084223417
2013-10-25 01:00:00,737.0626868269869
2013-10-27 01:00:00,740.0056180064013
2013-10-28 00:00:00,740.9941879442999
2013-10-29 00:00:00,741.7585358538499
2013-10-30 00:00:00,742.6600111549144
2013-10-31 00:00:00,745.6778986964349
2013-11-01 00:00:00,748.6881148320368
2013-11-03 00:00:00,754.6822765670811
2013-11-04 00:00:00,757.6644046437576
2013-11-05 00:00:00,760.6352089929179
2013-11-06 00:00:00,763.5935591771297
2013-11-07 00:00:00,766.5382359500995
2013-11-08 00:00:00,769.4679391712334
2013-11-10 00:00:00,775.2768838784248
2013-11-11 00:00:00,778.1532147573816
2013-11-12 00:00:00,781.0087654974955
2013-11-13 00:00:00,783.8419685837299
2013-11-14 00:00:00,786.6512150807202
2013-11-15 00:00:00,789.4348530964653
2013-11-17 00:00:00,794.918459828325
2013-11-18 00:00:00,797.6148723297583
2013-11-19 00:00:00,800.2785502059951
2013-11-20 00:00:00,802.9075488275167
2013-11-21 00:00:00,805.4998427126861
2013-11-22 00:00:00,808.0533180208671
2013-11-24 00:00:00,813.0348762516816
2013-11-25 00:00:00,815.4582331758694
2013-11-26 00:00:00,817.8333091588531
2013-11-27 00:00:00,822.5754135742056
2013-11-28 00:00:00,827.5110830486757
2013-11-29 00:00:00,831.6624628718637
2013-12-01 00:00:00,838.4409461300646
2013-12-02 00:00:00,841.8180842029935
2013-12-03 00:00:00,845.1799437157165
2013-12-04 00:00:00,848.5217448464546
2013-12-05 00:00:00,851.8391111224433
2013-12-06 00:00:00,855.1280087895007
2013-12-08 00:00:00,861.605714518931
2013-12-09 00:00:00,864.7878078815297
2013-12-10 00:00:00,867.9279498804615
2013-12-11 00:00:00,871.0232962911712
2013-12-12 00:00:00,874.0711720953468
2013-12-13 00:00:00,877.0690575940483
2013-12-15 00:00:00,882.9055053887723
2013-12-16 00:00:00,885.7397466641135
2013-12-17 00:00:00,888.5153610809767
2013-12-18 00:00:00,891.2305633890986
2013-12-19 00:00:00,893.8837387630707
2013-12-20 00:00:00,896.4734607401634
2013-12-22 00:00:00,901.457917971268
2013-12-23 00:00:00,903.8509626544968
2013-12-24 00:00:00,906.1772365276713
2013-12-26 00:00:00,910.6295462648327
2013-12-27 00:00:00,912.7565866471064
2013-12-29 00:00:00,916.8181995815175
2013-12-30 00:00:00,918.7564912397621
2013-12-31 00:00:00,920.6364194731053
2014-01-01 00:00:00,922.4611184936832
2014-01-02 00:00:00,924.2342619043737
2014-01-03 00:00:00,925.960081690448
2014-01-05 00:00:00,923.2469008082375
2014-01-06 00:00:00,921.3127842970578
2014-01-07 00:00:00,919.3427728061089
2014-01-08 00:00:00,917.744620639849
2014-01-09 00:00:00,920.229107643052
2014-01-10 00:00:00,922.7323740673434
2014-01-12 00:00:00,927.792080130946
2014-01-13 00:00:00,930.3461687612801
2014-01-14 00:00:00,932.9142206275855
2014-01-15 00:00:00,935.4940189808589
2014-01-16 00:00:00,938.0827941907244
2014-01-17 00:00:00,940.6771302568764
2014-01-19 00:00:00,945.8649378349927
2014-01-20 00:00:00,948.447321683203
2014-01-21 00:00:00,951.0128122980224
2014-01-22 00:00:00,953.5529046983361
2014-01-23 00:00:00,956.0576238955194
2014-01-24 00:00:00,958.5153613485724
2014-01-26 00:00:00,963.2343746202848
2014-01-27 00:00:00,965.4629785045555
2014-01-28 00:00:00,967.5791104549094
2014-01-29 00:00:00,969.5613114838479
2014-01-30 00:00:00,971.3862229989503
2014-01-31 00:00:00,973.0288606030774
2014-02-02 00:00:00,975.6620526170785
2014-02-03 00:00:00,976.5993809730298
2014-02-04 00:00:00,977.2498296233548
2014-02-05 00:00:00,977.5906871559439
2014-02-06 00:00:00,977.6031119916191
2014-02-07 00:00:00,977.2736205994233
2014-02-09 00:00:00,975.5707626888669
2014-02-10 00:00:00,974.2103133648006
2014-02-11 00:00:00,972.5357916961555
2014-02-12 00:00:00,970.5792739095562
2014-02-13 00:00:00,968.3828645683593
2014-02-14 00:00:00,965.9973711322442
2014-02-16 00:00:00,960.8926124968675
2014-02-17 00:00:00,958.2966937601599
2014-02-18 00:00:00,955.7522629793738
2014-02-19 00:00:00,953.314191397511
2014-02-20 00:00:00,951.0303259132082
2014-02-21 00:00:00,948.9401896772399
2014-02-23 00:00:00,945.455189903019
2014-02-24 00:00:00,944.0964125830817
2014-02-25 00:00:00,943.0052629017773
2014-02-26 00:00:00,942.18311783739
2014-02-27 00:00:00,941.6268109379216
2014-02-28 00:00:00,941.3297603303295
2014-03-02 00:00:00,941.4758347582231
2014-03-03 00:00:00,941.8968801015111
2014-03-04 00:00:00,942.5342228075921
2014-03-05 00:00:00,943.3759940995475
2014-03-06 00:00:00,944.4106121731402
2014-03-07 00:00:00,945.6269708836704
2014-03-09 00:00:00,948.5635247748635
2014-03-10 00:00:00,950.2647084979516
2014-03-11 00:00:00,952.1096401772498
2014-03-12 00:00:00,954.0905247942958
2014-03-13 00:00:00,956.2002130248845
2014-03-14 00:00:00,958.4321647875304
2014-03-16 00:00:00,963.2394979190284
2014-03-17 00:00:00,965.8044690522344
2014-03-18 00:00:00,968.4707963845688
2014-03-19 00:00:00,971.2343507691786
2014-03-20 00:00:00,974.0913584156943
2014-03-21 00:00:00,977.0383617013217
2014-03-23 00:00:00,983.1898852932683
2014-03-24 00:00:00,986.3887492067331
2014-03-25 00:00:00,989.6662342343942
2014-03-26 00:00:00,993.019956883905
2014-03-27 00:00:00,996.447666830807
2014-03-28 00:00:00,999.947228296226
2014-03-30 00:00:00,1007.1538592731664
2014-03-31 01:00:00,1011.013057253019
2014-04-01 01:00:00,1014.7832387657081
2014-04-02 01:00:00,1018.6159328006671
2014-04-03 01:00:00,1022.5095538045803
2014-04-04 01:00:00,1026.4626003253325
2014-04-06 01:00:00,1034.5413510006338
2014-04-07 01:00:00,1038.6644169076326
2014-04-08 01:00:00,1042.8416145660563
2014-04-09 01:00:00,1047.071755624001
2014-04-10 01:00:00,1051.3536849326874
2014-04-11 01:00:00,1055.6862673097173
2014-04-13 01:00:00,1064.498849758192
2014-04-14 01:00:00,1068.9765132828102
2014-04-15 01:00:00,1073.5000996471417
2014-04-16 01:00:00,1078.0682335433496
2014-04-17 01:00:00,1080.0
2014-04-20 01:00:00,1080.0
2014-04-21 01:00:00,1080.0
2014-04-22 01:00:00,1080.0
2014-04-23 01:00:00,1080.0
2014-04-24 01:00:00,1080.0
2014-04-25 01:00:00,1080.0
2014-04-27 01:00:00,1080.0
2014-04-28 01:00:00,1080.0
2014-04-29 01:00:00,1080.0
2014-04-30 01:00:00,1080.0
2014-05-01 01:00:00,1080.0
2014-05-02 01:00:00,1080.0
2014-05-04 01:00:00,1075.5976427912367
2014-05-05 01:00:00,1071.293367152574
2014-05-06 01:00:00,1067.0472222413741
2014-05-07 01:00:00,1062.8682904422726
2014-05-08 01:00:00,1058.7649462900406
2014-05-09 01:00:00,1054.7447558800213
2014-05-11 01:00:00,1046.9798016265381
2014-05-12 01:00:00,1041.5989960032175
2014-05-13 01:00:00,1035.4750357424755
2014-05-14 01:00:00,1029.4835589619433
2014-05-15 01:00:00,1023.627513547709
2014-05-16 01:00:00,1017.9093604239928
2014-05-18 01:00:00,1006.8948331039887
2014-05-19 01:00:00,1001.6019584668206
2014-05-20 01:00:00,996.4541588822541
2014-05-21 01:00:00,991.4530193477281
2014-05-22 01:00:00,986.6001705297338
2014-05-23 01:00:00,981.8973274763289
2014-05-25 01:00:00,972.9490805187595
2014-05-26 01:00:00,968.7076955655081
2014-05-27 01:00:00,964.6243451953161
2014-05-28 01:00:00,960.7013062944093
2014-05-29 01:00:00,956.9409139147923
2014-05-30 01:00:00,953.3455154111007
2014-06-01 01:00:00,946.6587841096632
2014-06-02 01:00:00,943.5716076329036
2014-06-03 01:00:00,940.6575465820274
2014-06-04 01:00:00,937.9178351372775
2014-06-05 01:00:00,935.3531410606985
2014-06-06 01:00:00,932.9634142237148
2014-06-08 01:00:00,928.7040768611257
2014-06-09 01:00:00,926.8292577952836
2014-06-10 01:00:00,925.1186405763772
2014-06-11 01:00:00,923.5660400857072
2014-06-12 01:00:00,922.1635810613029
2014-06-13 01:00:00,920.9016090538049
2014-06-15 01:00:00,914.1106124267251
2014-06-16 01:00:00,910.7247197271565
2014-06-17 01:00:00,907.4239447721454
2014-06-18 01:00:00,904.1905722658187
2014-06-19 01:00:00,901.0058884213194
2014-06-20 01:00:00,897.8505162750503
2014-06-22 01:00:00,891.5491026570422
2014-06-23 01:00:00,888.3643515876817
2014-06-24 01:00:00,885.1322212443135
2014-06-25 01:00:00,881.8355255842565
2014-06-26 01:00:00,878.458451969791
2014-06-27 01:00:00,874.9867458383478
2014-06-29 01:00:00,867.7108335456354
2014-06-30 01:00:00,863.8866174516245
2014-07-01 01:00:00,859.9276710617053
2014-07-02 01:00:00,855.8280250151579
2014-07-03 01:00:00,851.5831109044242
2014-07-04 01:00:00,847.1896054348472
2014-07-06 01:00:00,837.9487593061366
2014-07-07 01:00:00,833.0995107356279
2014-07-08 01:00:00,828.0975458199747
2014-07-09 01:00:00,822.9433630191804
2014-07-10 01:00:00,817.6378210248365
2014-07-11 01:00:00,812.1820506231254
2014-07-13 01:00:00,800.8253566404405
2014-07-14 01:00:00,794.9276137329645
2014-07-15 01:00:00,788.8859931866107
2014-07-16 01:00:00,782.702505636586
2014-07-17 01:00:00,776.3793756856018
2014-07-18 01:00:00,769.9190899403281
2014-07-20 01:00:00,756.598709934907
2014-07-21 01:00:00,749.7455576298071
2014-07-22 01:00:00,742.7693317689789
2014-07-23 01:00:00,735.6750694465534
2014-07-24 01:00:00,728.4686126071047
2014-07-25 01:00:00,721.1566826303944
2014-07-27 01:00:00,706.2478968413864
2014-07-28 01:00:00,698.6690392889609
2014-07-29 01:00:00,691.0205477318925
2014-07-30 01:00:00,683.3132251802729
2014-07-31 01:00:00,675.5582769561339
2014-08-01 01:00:00,667.7670764506147
2014-08-03 01:00:00,652.9785064012121
2014-08-04 01:00:00,648.8705132628274
2014-08-05 01:00:00,644.7739024758162
2014-08-06 01:00:00,640.6885402932913
2014-08-07 01:00:00,636.6142826557772
2014-08-08 01:00:00,632.5509766952357
2014-08-10 01:00:00,624.456589747988
2014-08-11 01:00:00,620.4252059402494
2014-08-12 01:00:00,616.4041853795574
2014-08-13 01:00:00,612.3934253637078
2014-08-14 01:00:00,608.3928503875529
2014-08-15 01:00:00,604.4024099589158
2014-08-17 01:00:00,596.451824231392
2014-08-18 01:00:00,592.4916537530092
2014-08-19 01:00:00,590.2008441802346
2014-08-20 01:00:00,588.2825347019765
2014-08-21 01:00:00,586.3766334544051
2014-08-22 01:00:00,584.4831593273944
2014-08-24 01:00:00,580.7335544891102
2014-08-25 01:00:00,578.8774466631893
2014-08-26 01:00:00,577.2950622372663
2014-08-27 01:00:00,576.5974948052473
2014-08-28 01:00:00,575.9148793993708
2014-08-29 01:00:00,575.2471577460728
2014-08-31 01:00:00,573.9561262950473
2014-09-01 01:00:00,573.3326631088316
2014-09-02 01:00:00,572.7237867725624
2014-09-03 01:00:00,572.129402025853
2014-09-04 01:00:00,571.5494073286469
2014-09-05 01:00:00,570.9836969832805
2014-09-07 01:00:00,569.894710045784
2014-09-08 01:00:00,569.3712450147143
2014-09-09 01:00:00,568.8617016265526
2014-09-10 01:00:00,568.366037281835
2014-09-11 01:00:00,567.8842364956311
2014-09-12 01:00:00,567.416308486529
2014-09-14 01:00:00,566.5221976253224
2014-09-15 01:00:00,566.0961042075564
2014-09-16 01:00:00,565.6840520552762
2014-09-17 01:00:00,565.2860912699211
2014-09-18 01:00:00,564.9022699495591
2014-09-19 01:00:00,564.5326334352249
2014-09-21 01:00:00,563.8360802103525
2014-09-22 01:00:00,563.5092371271451
2014-09-23 01:00:00,563.1967249930588
2014-09-24 01:00:00,562.8985686855472
2014-09-25 01:00:00,562.6147866527881
2014-09-26 01:00:00,562.345389911966
2014-09-28 01:00:00,561.8497542720579
2014-09-29 01:00:00,561.6234937924637
2014-09-30 01:00:00,561.4115752658288
2014-10-01 01:00:00,561.2139656700111
2014-10-02 01:00:00,561.0306245398418
2014-10-03 01:00:00,560.8615058205615
2014-10-05 01:00:00,560.5657417829639
2014-10-06 01:00:00,560.4390079694583
2014-10-07 01:00:00,560.3263303271815
2014-10-08 01:00:00,560.2276969345554
2014-10-09 01:00:00,560.143115932631
2014-10-10 01:00:00,560.0726157457325
2014-10-12 01:00:00,559.9740559754173
2014-10-13 01:00:00,559.946124193395
2014-10-14 01:00:00,559.9325196959976
2014-10-15 01:00:00,559.933316071146
2014-10-16 01:00:00,559.9485859696188
2014-10-17 01:00:00,559.9783999748312
2014-10-19 01:00:00,566.3404319092793
2014-10-20 01:00:00,571.0159118332169
2014-10-21 01:00:00,575.460516946562
2014-10-22 01:00:00,579.6225934694752
2014-10-23 01:00:00,583.4626467811754
2014-10-24 01:00:00,586.954283891087
2014-10-26 01:00:00,592.8500801911614
2014-10-27 00:00:00,595.1680622582954
2014-10-28 00:00:00,597.2533988024203
2014-10-29 00:00:00,599.020739800502
2014-10-30 00:00:00,600.4959473810698
2014-10-31 00:00:00,601.7070889108854
2014-11-02 00:00:00,603.452142469067
2014-11-03 00:00:00,604.0418231816382
2014-11-04 00:00:00,604.4775993889444
2014-11-05 00:00:00,604.7829640086061
2014-11-06 00:00:00,604.9791807947545
2014-11-07 00:00:00,605.085252936855
2014-11-09 00:00:00,605.0920914916525
2014-11-10 00:00:00,605.0203745903107
2014-11-11 00:00:00,604.9138757415774
2014-11-12 00:00:00,604.78206610535
2014-11-13 00:00:00,604.6330205973479
2014-11-14 00:00:00,606.6552554507416
2014-11-16 00:00:00,610.8701757308888
2014-11-17 00:00:00,612.982090164704
2014-11-18 00:00:00,615.1016928459671
2014-11-19 00:00:00,617.2317475334146
2014-11-20 00:00:00,619.3745006023098
2014-11-21 00:00:00,621.5317526189729
2014-11-23 00:00:00,625.8950847509473
2014-11-24 00:00:00,628.1030449539354
2014-11-25 00:00:00,630.3293493731795
2014-11-26 00:00:00,632.5743357361227
2014-11-27 00:00:00,637.4558116667972
2014-11-28 00:00:00,642.6629138936153
2014-11-30 00:00:00,653.1238888419027
2014-12-01 00:00:00,658.3776904934845
2014-12-02 00:00:00,663.6470042463868
2014-12-03 00:00:00,668.9318230285521
2014-12-04 00:00:00,674.2321535131355
2014-12-05 00:00:00,679.5480153756233
2014-12-07 00:00:00,690.2264633495643
2014-12-08 00:00:00,695.589130035291
2014-12-09 00:00:00,700.9674814285281
2014-12-10 00:00:00,706.3615560408541
2014-12-11 00:00:00,711.7713858980884
2014-12-12 00:00:00,717.1969945124333
2014-12-14 00:00:00,728.0955935092909
2014-12-15 00:00:00,733.5685784800879
2014-12-16 00:00:00,739.0573310437873
2014-12-17 00:00:00,744.561818121573
2014-12-18 00:00:00,750.0819916921932
2014-12-19 00:00:00,755.6177862111923
2014-12-21 00:00:00,766.7358683036849
2014-12-22 00:00:00,772.31790716049
2014-12-23 00:00:00,777.9150653145728
2014-12-24 00:00:00,783.5271490481183
2014-12-25 00:00:00,789.1539419085318
2014-12-26 00:00:00,794.795211521128
2014-12-28 00:00:00,806.1202177910892
2014-12-29 00:00:00,811.8034755556826
2014-12-30 00:00:00,817.5002609130147
2014-12-31 00:00:00,823.2103530812764
2015-01-01 00:00:00,828.9335402121089
2015-01-02 00:00:00,834.3481187264395
2015-01-04 00:00:00,842.4098174825521
2015-01-05 00:00:00,846.4509665890532
2015-01-06 00:00:00,850.4988767551743
2015-01-07 00:00:00,854.5534667603707
2015-01-08 00:00:00,858.6146520707744
2015-01-09 00:00:00,862.6823435382016
2015-01-11 00:00:00,870.8368597075612
2015-01-12 00:00:00,874.9234757000207
2015-01-13 00:00:00,879.0161796065241
2015-01-14 00:00:00,883.1148490885117
2015-01-15 00:00:00,887.2193534841679
2015-01-16 00:00:00,891.329552535372
2015-01-18 00:00:00,899.5664138344019
2015-01-19 00:00:00,903.6927283241986
2015-01-20 00:00:00,906.6272225601969
2015-01-21 00:00:00,908.028685228567
2015-01-22 00:00:00,909.4321804766687
2015-01-23 00:00:00,910.8376943440811
2015-01-25 00:00:00,913.6547095353659
2015-01-26 00:00:00,915.0661771328218
2015-01-27 00:00:00,916.4795995173938
2015-01-28 00:00:00,917.894967292484
2015-01-29 00:00:00,919.3122750839715
2015-01-30 00:00:00,920.731521422293
2015-02-01 00:00:00,923.5758416067838
2015-02-02 00:00:00,925.0009291823953
2015-02-03 00:00:00,926.4279820275026
2015-02-04 00:00:00,927.8570131330001
2015-02-05 00:00:00,929.2880372484135
2015-02-06 00:00:00,930.7210704797723
2015-02-08 00:00:00,933.5932332342787
2015-02-09 00:00:00,935.0323984615296
2015-02-10 00:00:00,936.4736436323809
2015-02-11 00:00:00,937.9169865717267
2015-02-12 00:00:00,939.3624445935936
2015-02-13 00:00:00,940.8100341040717
2015-02-15 00:00:00,943.7116647873358
2015-02-16 00:00:00,945.1657273821625
2015-02-17 00:00:00,946.6219617024616
2015-02-18 00:00:00,948.0803653351165
2015-02-19 00:00:00,949.5409287487807
2015-02-20 00:00:00,951.0036355281893
2015-02-22 00:00:00,953.9353887074625
2015-02-23 00:00:00,956.1284582418064
2015-02-24 00:00:00,958.5231441406916
2015-02-25 00:00:00,960.9194048364666
2015-02-26 00:00:00,963.3172027203875
2015-02-27 00:00:00,965.716504434062
2015-03-01 00:00:00,970.5195042672981
2015-03-02 00:00:00,972.603477529435
2015-03-03 00:00:00,972.356522360752
2015-03-04 00:00:00,972.055598821732
2015-03-05 00:00:00,971.7036657951633
2015-03-06 00:00:00,971.3033364642421
2015-03-08 00:00:00,970.3664055670665
2015-03-09 00:00:00,969.8335789573466
2015-03-10 00:00:00,969.2599554371674
2015-03-11 00:00:00,968.6468458314448
2015-03-12 00:00:00,967.9953661193547
2015-03-13 00:00:00,967.3064541424776
2015-03-15 00:00:00,965.8192821938612
2015-03-16 00:00:00,965.0221335475944
2015-03-17 00:00:00,964.1897966850215
2015-03-18 00:00:00,963.3225090796916
2015-03-19 00:00:00,962.4203938159999
2015-03-20 00:00:00,961.4834647989736
2015-03-22 00:00:00,959.5047103166356
2015-03-23 00:00:00,958.4624268802302
2015-03-24 00:00:00,957.3844373185505
2015-03-25 00:00:00,956.2703399704426
2015-03-26 00:00:00,955.119693493873
2015-03-27 00:00:00,953.9320354324201
2015-03-29 00:00:00,951.4438513642702
2015-03-30 01:00:00,950.087009503146
2015-03-31 01:00:00,948.7453981142426
2015-04-01 01:00:00,947.3649340221933
2015-04-02 01:00:00,945.9455617097791
2015-04-05 01:00:00,941.4567352556628
2015-04-06 01:00:00,939.8859810059698
2015-04-07 01:00:00,938.2801964636662
2015-04-08 01:00:00,936.6414688673425
2015-04-09 01:00:00,934.9725113330787
2015-04-10 01:00:00,933.2767486950023
2015-04-12 01:00:00,929.8225430872831
2015-04-13 01:00:00,928.0751786838026
2015-04-14 01:00:00,926.3232440074394
2015-04-15 01:00:00,924.5746091147871
2015-04-16 01:00:00,920.7415042996173
2015-04-17 01:00:00,916.6056724753109
2015-04-19 01:00:00,908.4444411287441
2015-04-20 01:00:00,904.4408380517481
2015-04-21 01:00:00,900.5032834989588
2015-04-22 01:00:00,896.64258379375
2015-04-23 01:00:00,893.0666509189073
2015-04-24 01:00:00,891.7129026957473
2015-04-26 01:00:00,889.0281667790146
2015-04-27 01:00:00,887.6970836740976
2015-04-28 01:00:00,886.3734543370351
2015-04-29 01:00:00,885.0572230118051
2015-04-30 01:00:00,883.7483314166662
2015-05-01 01:00:00,882.446718970451
2015-05-03 01:00:00,879.8650790147269
2015-05-04 01:00:00,876.7818569978109
2015-05-05 01:00:00,873.0256405433621
2015-05-06 01:00:00,869.426392804425
2015-05-07 01:00:00,865.9864071536139
2015-05-08 01:00:00,862.7078723120387
2015-05-10 01:00:00,856.6434494079946
2015-05-11 01:00:00,853.8614397942516
2015-05-12 01:00:00,851.2485651672034
2015-05-13 01:00:00,848.8062968310087
2015-05-14 01:00:00,846.5357822424712
2015-05-15 01:00:00,844.437737362735
2015-05-17 01:00:00,837.947659032834
2015-05-18 01:00:00,834.8110399044002
2015-05-19 01:00:00,831.843824265431
2015-05-20 01:00:00,829.0424347712577
2015-05-21 01:00:00,826.4019071926459
2015-05-22 01:00:00,823.9157375526551
2015-05-24 01:00:00,819.3720588578186
2015-05-25 01:00:00,817.292949732531
2015-05-26 01:00:00,815.3249989277491
2015-05-27 01:00:00,813.4531280011583
2015-05-28 01:00:00,813.1390806630952
2015-05-29 01:00:00,813.8719637894897
2015-05-31 01:00:00,815.5280451573152
2015-06-01 01:00:00,816.3735006337309
2015-06-02 01:00:00,817.1788682791828
2015-06-03 01:00:00,817.906642761847
2015-06-04 01:00:00,818.5212027774928
2015-06-05 01:00:00,818.9894309118915
2015-06-07 01:00:00,819.3697842661682
2015-06-08 01:00:00,819.2319623883601
2015-06-09 01:00:00,818.8481951650526
2015-06-10 01:00:00,818.2025135852467
2015-06-11 01:00:00,817.2823642594592
2015-06-12 01:00:00,816.0783602291197
2015-06-14 01:00:00,812.7951842767669
2015-06-15 01:00:00,810.7101321401873
2015-06-16 01:00:00,808.3287457595925
2015-06-17 01:00:00,805.6524059448163
2015-06-18 01:00:00,802.683627523732
2015-06-19 01:00:00,799.4257744625854
2015-06-21 01:00:00,792.059081756941
2015-06-22 01:00:00,787.9591417572367
2015-06-23 01:00:00,783.5875974359396
2015-06-24 01:00:00,778.948993492691
2015-06-25 01:00:00,774.0477215135777
2015-06-26 01:00:00,768.8879562741184
2015-06-28 01:00:00,757.8083574890663
2015-06-29 01:00:00,751.8955721363578
2015-06-30 01:00:00,745.7384401118105
2015-07-01 01:00:00,739.3399869973035
2015-07-02 01:00:00,733.3732629727043
2015-07-03 01:00:00,727.425435237744
2015-07-05 01:00:00,714.715001524473
2015-07-06 01:00:00,707.957465028731
2015-07-07 01:00:00,700.9362057944383
2015-07-08 01:00:00,693.6557476992541
2015-07-09 01:00:00,686.1218017848119
2015-07-10 01:00:00,678.3414723202188
2015-07-12 01:00:00,662.0780612393206
2015-07-13 01:00:00,653.6174895211875
2015-07-14 01:00:00,644.9555910306813
2015-07-15 01:00:00,636.1078522604496
2015-07-16 01:00:00,627.0911498422812
2015-07-17 01:00:00,620.4096048668102
2015-07-19 01:00:00,607.5226390286002
2015-07-20 01:00:00,600.9612415879074
2015-07-21 01:00:00,594.3320175014404
2015-07-22 01:00:00,587.6424852661731
2015-07-23 01:00:00,580.8995360027915
2015-07-24 01:00:00,574.1093447742456
2015-07-26 01:00:00,560.4081735445494
2015-07-27 01:00:00,553.5058505324952
2015-07-28 01:00:00,546.5737364750502
2015-07-29 01:00:00,539.6147075850654
2015-07-30 01:00:00,532.6312705955546
2015-07-31 01:00:00,525.6256980942812
2015-08-02 01:00:00,511.5568659076435
2015-08-03 01:00:00,504.4981465173339
2015-08-04 01:00:00,497.42658211535775
2015-08-05 01:00:00,490.5391676201176
2015-08-06 01:00:00,484.7348155988411
2015-08-07 01:00:00,481.0250699578489
2015-08-09 01:00:00,484.18173176427445
2015-08-10 01:00:00,486.16855223428684
2015-08-11 01:00:00,488.15539730618144
2015-08-12 01:00:00,490.13608991806916
2015-08-13 01:00:00,492.1039966189111
2015-08-14 01:00:00,494.0520743269652
2015-08-16 01:00:00,497.85888897332393
2015-08-17 01:00:00,499.70207561180837
2015-08-18 01:00:00,501.494492876195
2015-08-19 01:00:00,503.22810784580963
2015-08-20 01:00:00,504.89493342688627
2015-08-21 01:00:00,506.4871047861526
2015-08-23 01:00:00,509.41703107983363
2015-08-24 01:00:00,510.7402168456935
2015-08-25 01:00:00,511.9596810864758
2015-08-26 01:00:00,513.0689319520493
2015-08-27 01:00:00,514.0618107158195
2015-08-28 01:00:00,514.9324835820472
2015-08-30 01:00:00,516.285402475019
2015-08-31 01:00:00,516.7574362123171
2015-09-01 01:00:00,517.0867724651637
2015-09-02 01:00:00,518.6673628680242
2015-09-03 01:00:00,520.2754371416775
2015-09-04 01:00:00,521.6453908773805
2015-09-06 01:00:00,523.6542833782169
2015-09-07 01:00:00,524.2851781818832
2015-09-08 01:00:00,524.6615795320806
2015-09-09 01:00:00,524.779127649638
2015-09-10 01:00:00,524.6331177845844
2015-09-11 01:00:00,524.2184121987049
2015-09-13 01:00:00,522.5598477877004
2015-09-14 01:00:00,521.3031407153064
2015-09-15 01:00:00,519.7521072592167
2015-09-16 01:00:00,517.8992596152676
2015-09-17 01:00:00,515.7369753719988
2015-09-18 01:00:00,513.2578026615342
2015-09-20 01:00:00,507.3225243781857
2015-09-21 01:00:00,503.8568963840409
2015-09-22 01:00:00,500.0569213853765
2015-09-23 01:00:00,495.92527835370095
2015-09-24 01:00:00,491.4695224595083
2015-09-25 01:00:00,486.703233481394
2015-09-27 01:00:00,476.3296674148504
2015-09-28 01:00:00,470.78793828112634
2015-09-29 01:00:00,465.06704433386267
2015-09-30 01:00:00,459.21946677883255
2015-10-01 01:00:00,453.3033979244455
2015-10-02 01:00:00,447.3804432781211
2015-10-04 01:00:00,435.76055189621707
2015-10-05 01:00:00,430.1783826989873
2015-10-06 01:00:00,424.81372572797596
2015-10-07 01:00:00,419.7048436153138
2015-10-08 01:00:00,414.8799629232682
2015-10-09 01:00:00,410.3571000016052
2015-10-11 01:00:00,402.2416804787468
2015-10-12 01:00:00,398.64047715494877
2015-10-13 01:00:00,395.32666738501206
2015-10-14 01:00:00,392.281317607199
2015-10-15 01:00:00,389.48220063123995
2015-10-16 01:00:00,386.90506649618493
2015-10-18 01:00:00,382.40148980079516
2015-10-19 01:00:00,381.19402108545
2015-10-20 01:00:00,380.11197745933123
2015-10-21 01:00:00,379.1339069626212
2015-10-22 01:00:00,378.24023534298146
2015-10-23 01:00:00,377.41337135532183
2015-10-25 01:00:00,375.8996170032111
2015-10-26 00:00:00,375.47760935289654
2015-10-27 00:00:00,376.4202123464843
2015-10-28 00:00:00,377.3877683471312
2015-10-29 00:00:00,378.37269482380236
2015-10-30 00:00:00,379.3686631481867
2015-11-01 00:00:00,381.37376217362487
2015-11-02 00:00:00,382.37516466145223
2015-11-03 00:00:00,383.3719020119996
2015-11-04 00:00:00,385.19895396656773
2015-11-05 00:00:00,387.0817937623043
2015-11-06 00:00:00,388.9672467995072
2015-11-08 00:00:00,392.7415901438583
2015-11-09 00:00:00,394.62902643571505
2015-11-10 00:00:00,396.516074733914
2015-11-11 00:00:00,398.40255687505794
2015-11-12 00:00:00,400.28845166834856
2015-11-13 00:00:00,402.1738677166976
2015-11-15 00:00:00,405.94421113043654
2015-11-16 00:00:00,407.82981247974965
2015-11-17 00:00:00,409.71625199014636
2015-11-18 00:00:00,411.604001081585
2015-11-19 00:00:00,413.49356473092615
2015-11-20 00:00:00,415.385473059176
2015-11-22 00:00:00,419.17853036814506
2015-11-23 00:00:00,421.0808106037157
2015-11-24 00:00:00,422.98769002970363
2015-11-25 00:00:00,424.89974448296266
2015-11-26 00:00:00,429.1197703357743
2015-11-27 00:00:00,433.9279820438858
2015-11-29 00:00:00,443.5535714939342
2015-11-30 00:00:00,448.37283571039694
2015-12-01 00:00:00,453.1975097333973
2015-12-02 00:00:00,458.0282663563679
2015-12-03 00:00:00,462.8656337190281
2015-12-04 00:00:00,467.709972285133
2015-12-06 00:00:00,477.4200063510466
2015-12-07 00:00:00,482.2853293743974
2015-12-08 00:00:00,487.1568031538933
2015-12-09 00:00:00,492.03346638128943
2015-12-10 00:00:00,496.9139560100987
2015-12-11 00:00:00,501.796443277667
2015-12-13 00:00:00,511.557311420827
2015-12-14 00:00:00,516.4289813134023
2015-12-15 00:00:00,521.2890152447692
2015-12-16 00:00:00,526.131891955349
2015-12-17 00:00:00,530.9509728754315
2015-12-18 00:00:00,535.7383294519274
2015-12-20 00:00:00,545.1784882711357
2015-12-21 00:00:00,549.8070567005421
2015-12-22 00:00:00,554.3548870107398
2015-12-23 00:00:00,558.8040333889676
2015-12-24 00:00:00,563.1336145911646
2015-12-27 00:00:00,575.1441009849315
2015-12-28 00:00:00,578.7145143111309
2015-12-29 00:00:00,582.003685125763
2015-12-30 00:00:00,584.9656216961404
2015-12-31 00:00:00,587.5495876796822
2016-01-03 00:00:00,592.4673961540518
2016-01-04 00:00:00,592.9626915222169
2016-01-05 00:00:00,592.7890191922924
2016-01-06 00:00:00,591.8969555382542
2016-01-07 00:00:00,590.2493726947854
2016-01-08 00:00:00,587.8269514375073
2016-01-10 00:00:00,582.5529829656481
2016-01-11 00:00:00,580.1878848641525
2016-01-12 00:00:00,577.2491304316113
2016-01-13 00:00:00,573.8636659895651
2016-01-14 00:00:00,570.1820309586725
2016-01-15 00:00:00,566.368881716304
2016-01-17 00:00:00,559.0092602014242
2016-01-18 00:00:00,555.7621884745175
2016-01-19 00:00:00,552.9659185979722
2016-01-20 00:00:00,550.7075187301682
2016-01-21 00:00:00,549.0455795482801
2016-01-22 00:00:00,548.0126136776569
2016-01-24 00:00:00,547.8575419193976
2016-01-25 00:00:00,548.7080863716689
2016-01-26 00:00:00,550.1415561156161
2016-01-27 00:00:00,552.1233966562079
2016-01-28 00:00:00,554.616257196368
2016-01-29 00:00:00,557.5819958233985
2016-01-31 00:00:00,564.7836347628548
2016-02-01 00:00:00,568.9498289372084
2016-02-02 00:00:00,573.4503914323114
2016-02-03 00:00:00,578.2566375517262
2016-02-04 00:00:00,583.3424840807528
2016-02-05 00:00:00,588.6843592174082
2016-02-07 00:00:00,600.0535862203744
2016-02-08 00:00:00,606.0449533944661
2016-02-09 00:00:00,612.220020670798
2016-02-10 00:00:00,618.5653168662529
2016-02-11 00:00:00,625.0688828756333
2016-02-12 00:00:00,631.720126409647
2016-02-14 00:00:00,645.429322545071
2016-02-15 00:00:00,652.4717780739854
2016-02-16 00:00:00,659.6307003501751
2016-02-17 00:00:00,666.9005344641665
2016-02-18 00:00:00,674.2764407112702
2016-02-19 00:00:00,681.7542186511232
2016-02-21 00:00:00,697.0013863956842
2016-02-22 00:00:00,704.765000527392
2016-02-23 00:00:00,712.6188344606722
2016-02-24 00:00:00,720.561010042363
2016-02-25 00:00:00,728.5899815602776
2016-02-26 00:00:00,736.7045032810554
2016-02-28 00:00:00,753.1865464317455
2016-02-29 00:00:00,761.5528353486111
2016-03-01 00:00:00,770.0021662103067
2016-03-02 00:00:00,778.5344211399006
2016-03-03 00:00:00,787.1496469556143
2016-03-04 00:00:00,795.848036132182
2016-03-06 00:00:00,813.495683709355
2016-03-07 00:00:00,822.4458736004382
2016-03-08 00:00:00,831.4810470858077
2016-03-09 00:00:00,840.6018167899925
2016-03-10 00:00:00,849.8088194347106
2016-03-11 00:00:00,859.1026990880748
2016-03-13 00:00:00,877.9535920146644
2016-03-14 00:00:00,887.5117438532756
2016-03-15 00:00:00,897.1589764380351
2016-03-16 00:00:00,904.5046951622548
2016-03-17 00:00:00,910.3489212086118
2016-03-18 00:00:00,916.2444266408414
2016-03-20 00:00:00,928.1882770924262
2016-03-21 00:00:00,934.2354484081
2016-03-22 00:00:00,940.3314227332518
2016-03-23 00:00:00,946.4746351815412
2016-03-24 00:00:00,952.6629873788612
2016-03-27 00:00:00,967.378047450078
2016-03-28 01:00:00,971.1636566669513
2016-03-29 01:00:00,974.8255843777911
2016-03-30 01:00:00,978.5072715559571
2016-03-31 01:00:00,982.200703080219
2016-04-01 01:00:00,985.8968561597467
2016-04-03 01:00:00,993.2566311090415
2016-04-04 01:00:00,996.8979854664728
2016-04-05 01:00:00,1000.4978840827486
2016-04-06 01:00:00,1004.0441383388124
2016-04-07 01:00:00,1007.5245587909295
2016-04-08 01:00:00,1010.9271969561812
2016-04-10 01:00:00,1017.4538535058979
2016-04-11 01:00:00,1020.5570240921318
2016-04-12 01:00:00,1023.5409549046794
2016-04-13 01:00:00,1026.3974533867074
2016-04-14 01:00:00,1029.1192532699342
2016-04-15 01:00:00,1031.6999696056619
2016-04-17 01:00:00,1036.4165969917137
2016-04-18 01:00:00,1038.5434885936033
2016-04-19 01:00:00,1040.5111150984287
2016-04-20 01:00:00,1042.3164315565525
2016-04-21 01:00:00,1043.9569163178708
2016-04-22 01:00:00,1045.430577528101
2016-04-24 01:00:00,1047.8723607564286
2016-04-25 01:00:00,1048.8396284823316
2016-04-26 01:00:00,1049.638583932223
2016-04-27 01:00:00,1050.271017473804
2016-04-28 01:00:00,1050.7398813098134
2016-04-29 01:00:00,1051.0494600248014
2016-05-01 01:00:00,1051.215553741153
2016-05-02 01:00:00,1051.088717970733
2016-05-03 01:00:00,1050.8360954159507
2016-05-04 01:00:00,1050.470622374428
2016-05-05 01:00:00,1050.0070587814662
2016-05-06 01:00:00,1049.4618663375588
2016-05-08 01:00:00,1048.199700424517
2016-05-09 01:00:00,1047.5220377688531
2016-05-10 01:00:00,1046.8406415744528
2016-05-11 01:00:00,1046.1762074077283
2016-05-12 01:00:00,1045.5490580831834
2016-05-13 01:00:00,1044.9787018156294
2016-05-15 01:00:00,1048.4515757096133
2016-05-16 01:00:00,1051.546715024313
2016-05-17 01:00:00,1054.6543164371974
2016-05-18 01:00:00,1057.773149344106
2016-05-19 01:00:00,1060.9019467934565
2016-05-20 01:00:00,1064.0394084165125
2016-05-22 01:00:00,1070.3349746258855
2016-05-23 01:00:00,1073.490339603076
2016-05-24 01:00:00,1076.648895072658
2016-05-25 01:00:00,1079.8092182972885
2016-05-26 01:00:00,1080.0
2016-05-27 01:00:00,1080.0
2016-05-29 01:00:00,1080.0
2016-05-30 01:00:00,1080.0
2016-05-31 01:00:00,1080.0
2016-06-01 01:00:00,1080.0
2016-06-02 01:00:00,1080.0
2016-06-03 01:00:00,1080.0
2016-06-05 01:00:00,1077.3382853956325
2016-06-06 01:00:00,1074.7322393939062
2016-06-07 01:00:00,1072.1264838288732
2016-06-08 01:00:00,1069.521113437564
2016-06-09 01:00:00,1066.916217569337
2016-06-10 01:00:00,1063.3263183046265
2016-06-12 01:00:00,1052.0804306845243
2016-06-13 01:00:00,1046.3371760345294
2016-06-14 01:00:00,1040.5163155822663
2016-06-15 01:00:00,1034.6195083759299
2016-06-16 01:00:00,1028.6482303831388
2016-06-17 01:00:00,1022.6038260970229
2016-06-19 01:00:00,1010.300736683984
2016-06-20 01:00:00,1004.0446871134039
2016-06-21 01:00:00,996.1663878409063
2016-06-22 01:00:00,986.076611966871
2016-06-23 01:00:00,975.8322589058639
2016-06-24 01:00:00,965.438687244344
2016-06-26 01:00:00,944.2319105173787
2016-06-27 01:00:00,933.4365760788592
2016-06-28 01:00:00,922.5280366822878
2016-06-29 01:00:00,911.51958310288
2016-06-30 01:00:00,900.4262320478242
2016-07-01 01:00:00,889.2645668297441
2016-07-03 01:00:00,866.8087965322825
2016-07-04 01:00:00,855.5528943251082
2016-07-05 01:00:00,844.3041967125861
2016-07-06 01:00:00,833.0817314088899
2016-07-07 01:00:00,821.9036960614303
2016-07-08 01:00:00,810.7870927960473
2016-07-10 01:00:00,788.7986164124532
2016-07-11 01:00:00,777.9526980149215
2016-07-12 01:00:00,767.220009479661
2016-07-13 01:00:00,756.6091459357802
2016-07-14 01:00:00,746.1270859811411
2016-07-15 01:00:00,735.7793347339034
2016-07-17 01:00:00,715.6892743018578
2016-07-18 01:00:00,707.1814638732806
2016-07-19 01:00:00,698.7598144686165
2016-07-20 01:00:00,690.4244575973975
2016-07-21 01:00:00,682.175273463361
2016-07-22 01:00:00,674.0119574848684
2016-07-24 01:00:00,657.941138186626
2016-07-25 01:00:00,650.0326018491304
2016-07-26 01:00:00,642.2079502632229
2016-07-27 01:00:00,634.4667034929225
2016-07-28 01:00:00,626.8084471524629
2016-07-29 01:00:00,619.2328520911022
2016-07-31 01:00:00,604.3288444631521
2016-08-01 01:00:00,597.0003221703744
2016-08-02 01:00:00,589.7542590806238
2016-08-03 01:00:00,582.5909290219182
2016-08-04 01:00:00,575.5107520940044
2016-08-05 01:00:00,568.5143050780864
2016-08-07 01:00:00,554.7757692134887
2016-08-08 01:00:00,548.0357414056102
2016-08-09 01:00:00,541.3836001876899
2016-08-10 01:00:00,534.8209327705647
2016-08-11 01:00:00,528.3495836931646
2016-08-12 01:00:00,521.9716751060917
2016-08-14 01:00:00,509.5061815908536
2016-08-15 01:00:00,503.42441935224724
2016-08-16 01:00:00,497.4477878559188
2016-08-17 01:00:00,491.5801224739532
2016-08-18 01:00:00,485.8256716919788
2016-08-19 01:00:00,480.1891225373402
2016-08-21 01:00:00,469.2908190582917
2016-08-22 01:00:00,464.0408447486104
2016-08-23 01:00:00,459.4863496780837
2016-08-24 01:00:00,455.2691428226941
2016-08-25 01:00:00,451.6393461714817
2016-08-26 01:00:00,448.46766404430264
2016-08-28 01:00:00,442.41214178038865
2016-08-29 01:00:00,441.34538698248116
2016-08-30 01:00:00,442.0794849484233
2016-08-31 01:00:00,443.50603837882187
2016-09-01 01:00:00,445.1503379769484
2016-09-02 01:00:00,447.0182299001052
2016-09-04 01:00:00,453.0561369091406
2016-09-05 01:00:00,457.0587845981087
2016-09-06 01:00:00,461.48657692460824
2016-09-07 01:00:00,466.318664503225
2016-09-08 01:00:00,471.5233418917785
2016-09-09 01:00:00,477.05703923675134
2016-09-11 01:00:00,488.8757404579786
2016-09-12 01:00:00,495.01369008333256
2016-09-13 01:00:00,501.1896237222754
2016-09-14 01:00:00,507.30925814079967
2016-09-15 01:00:00,513.2755597060856
2016-09-16 01:00:00,518.9925566746668
2016-09-18 01:00:00,529.322560781064
2016-09-19 01:00:00,533.781165257304
2016-09-20 01:00:00,537.6864744622379
2016-09-21 01:00:00,540.9942617224297
2016-09-22 01:00:00,543.6748509622656
2016-09-23 01:00:00,545.7127052771536
2016-09-25 01:00:00,547.862684197588
2016-09-26 01:00:00,548.0041520412085
2016-09-27 01:00:00,547.5583348541822
2016-09-28 01:00:00,546.5605947810757
2016-09-29 01:00:00,545.0514999913653
2016-09-30 01:00:00,543.0751888966026
2016-10-02 01:00:00,537.9062833039029
2016-10-03 01:00:00,534.8067907281894
2016-10-04 01:00:00,531.4240611604511
2016-10-05 01:00:00,527.8004232560605
2016-10-06 01:00:00,523.9752517025702
2016-10-07 01:00:00,519.9845877121247
2016-10-09 01:00:00,511.6332510472074
2016-10-10 01:00:00,507.32695681872826
2016-10-11 01:00:00,502.96417491214083
2016-10-12 01:00:00,500.4913113916696
2016-10-13 01:00:00,499.10603299332917
2016-10-14 01:00:00,497.7229802351886
2016-10-16 01:00:00,494.98511810440255
2016-10-17 01:00:00,493.6387858239299
2016-10-18 01:00:00,492.3118922196917
2016-10-19 01:00:00,491.00692673905615
2016-10-20 01:00:00,489.7258588109239
2016-10-21 01:00:00,488.47021358577217
2016-10-23 01:00:00,486.03944443019145
2016-10-24 01:00:00,484.86568122044264
2016-10-25 01:00:00,483.7201526511734
2016-10-26 01:00:00,482.6029675102184
2016-10-27 01:00:00,481.51406946928705
2016-10-28 01:00:00,480.45326532660687
2016-10-30 01:00:00,478.4401294998514
2016-10-31 00:00:00,479.6157502950862
2016-11-01 00:00:00,480.864746963422
2016-11-02 00:00:00,482.1368925859381
2016-11-03 00:00:00,483.4315636467488
2016-11-04 00:00:00,484.7481110233236
2016-11-06 00:00:00,487.4441662477492
2016-11-07 00:00:00,488.8223285813397
2016-11-08 00:00:00,490.2196912257658
2016-11-09 00:00:00,491.6356037036355
2016-11-10 00:00:00,493.06943846011245
2016-11-11 00:00:00,494.52060052936133
2016-11-13 00:00:00,497.4727636131195
2016-11-14 00:00:00,498.97285622997856
2016-11-15 00:00:00,500.48849101047347
2016-11-16 00:00:00,502.0194451284855
2016-11-17 00:00:00,503.5656080540653
2016-11-18 00:00:00,505.12698687086834
2016-11-20 00:00:00,508.29603640314076
2016-11-21 00:00:00,509.9043603109176
2016-11-22 00:00:00,511.5292327121739
2016-11-23 00:00:00,513.1713794211933
2016-11-24 00:00:00,515.4388005203234
2016-11-25 00:00:00,519.8428920141215
2016-11-27 00:00:00,528.6667258704927
2016-11-28 00:00:00,533.086418678901
2016-11-29 00:00:00,537.5112416968383
2016-11-30 00:00:00,541.941138657786
2016-12-01 00:00:00,546.3760401817169
2016-12-02 00:00:00,550.8158636660036
2016-12-04 00:00:00,559.7098809474546
2016-12-05 00:00:00,564.1638455815257
2016-12-06 00:00:00,568.6222751859991
2016-12-07 00:00:00,573.0850274131681
2016-12-08 00:00:00,577.5519516884383
2016-12-09 00:00:00,582.02289242227
2016-12-11 00:00:00,590.9762078378808
2016-12-12 00:00:00,595.4583006940518
2016-12-13 00:00:00,599.9438632182085
2016-12-14 00:00:00,604.4328156671409
2016-12-15 00:00:00,608.9251087729375
2016-12-16 00:00:00,613.4207188359383
2016-12-18 00:00:00,622.4218653750868
2016-12-19 00:00:00,626.9273934362058
2016-12-20 00:00:00,631.4362051417716
2016-12-21 00:00:00,635.9482680141058
2016-12-22 00:00:00,640.463532836668
2016-12-23 00:00:00,644.9819332228536
2016-12-26 00:00:00,658.5550263777801
2016-12-27 00:00:00,663.0849594135432
2016-12-28 00:00:00,667.6174316877662
2016-12-29 00:00:00,672.1522646010499
2016-12-30 00:00:00,676.6892561608545
2017-01-02 00:00:00,690.3107852274263
2017-01-03 00:00:00,694.8538847418591
2017-01-04 00:00:00,699.397752426741
2017-01-05 00:00:00,703.9420389819957
2017-01-06 00:00:00,708.4863756941481
2017-01-08 00:00:00,717.5736625152192
2017-01-09 00:00:00,722.1158316100347
2017-01-10 00:00:00,726.6565040137327
2017-01-11 00:00:00,731.1953102680465
2017-01-12 00:00:00,735.73189875464
2017-01-13 00:00:00,740.2659347425034
2017-01-15 00:00:00,749.3250551245194
2017-01-16 00:00:00,753.8494847189575
2017-01-17 00:00:00,758.3700314127175
2017-01-18 00:00:00,762.8863163454484
2017-01-19 00:00:00,767.3979285568215
2017-01-20 00:00:00,771.904421984246
2017-01-22 00:00:00,780.9000825059205
2017-01-23 00:00:00,785.3881674217987
2017-01-24 00:00:00,789.868965439003
2017-01-25 00:00:00,794.3418285278894
2017-01-26 00:00:00,798.8060597388815
2017-01-27 00:00:00,803.2609086430075
2017-01-29 00:00:00,812.1391620876473
2017-01-30 00:00:00,816.5607578567947
2017-01-31 00:00:00,820.9693488115363
2017-02-01 00:00:00,825.3638626700487
2017-02-02 00:00:00,829.7431623956061
2017-02-03 00:00:00,834.106050483898
2017-02-05 00:00:00,842.7775341532326
2017-02-06 00:00:00,847.0834874194697
2017-02-07 00:00:00,851.3677585903777
2017-02-08 00:00:00,855.628943977335
2017-02-09 00:00:00,859.8656162101463
2017-02-10 00:00:00,864.0763252256368
2017-02-12 00:00:00,872.4139188571046
2017-02-13 00:00:00,876.5377468423023
2017-02-14 00:00:00,880.62948001393
2017-02-15 00:00:00,884.687460454943
2017-02-16 00:00:00,888.709965949575
2017-02-17 00:00:00,892.6952071249143
2017-02-19 00:00:00,900.5464036746785
2017-02-20 00:00:00,904.4084517902149
2017-02-21 00:00:00,908.2254281232117
2017-02-22 00:00:00,911.9952372319062
2017-02-23 00:00:00,915.7157331838107
2017-02-24 00:00:00,919.3847270292953
2017-02-26 00:00:00,926.5592736646336
2017-02-27 00:00:00,930.0602975078366
2017-02-28 00:00:00,932.8438586156698
2017-03-01 00:00:00,934.6273737023963
2017-03-02 00:00:00,936.3416992648125
2017-03-03 00:00:00,937.9848679297628
2017-03-05 00:00:00,941.0506829135188
2017-03-06 00:00:00,942.4703660851867
2017-03-07 00:00:00,943.8130726472026
2017-03-08 00:00:00,945.078123952964
2017-03-09 00:00:00,946.2652575810807
2017-03-10 00:00:00,947.3746770275663
2017-03-12 00:00:00,949.3637871146299
2017-03-13 00:00:00,950.2466007502901
2017-03-14 00:00:00,951.0580087168788
2017-03-15 00:00:00,951.8011166991062
2017-03-16 00:00:00,952.4796779088529
2017-03-17 00:00:00,953.0980956876846
2017-03-19 00:00:00,956.5812605627348
2017-03-20 00:00:00,961.9860145628421
2017-03-21 00:00:00,967.3321458055376
2017-03-22 00:00:00,972.6054504933609
2017-03-23 00:00:00,977.7912259130493
2017-03-24 00:00:00,982.8745333121544
2017-03-26 00:00:00,987.5340646583338
2017-03-27 01:00:00,988.9780032977066
2017-03-28 01:00:00,990.3662993806279
2017-03-29 01:00:00,991.7565352269044
2017-03-30 01:00:00,993.1486967226849
2017-03-31 01:00:00,994.542764902237
2017-04-02 01:00:00,997.3365331009243
2017-04-03 01:00:00,998.7361892559037
2017-04-04 01:00:00,1000.1376678690217
2017-04-05 01:00:00,1001.5409541380635
2017-04-06 01:00:00,1002.9460372862043
2017-04-07 01:00:00,1004.3529105147761
2017-04-09 01:00:00,1007.1720178749215
2017-04-10 01:00:00,1008.5842546957967
2017-04-11 01:00:00,1009.9982857028257
2017-04-12 01:00:00,1011.4141166296107
2017-04-13 01:00:00,1012.8317536862413
2017-04-16 01:00:00,1017.0955577558914
2017-04-17 01:00:00,1018.5204700337164
2017-04-18 01:00:00,1019.9472071487269
2017-04-19 01:00:00,1021.3757678073033
2017-04-20 01:00:00,1022.8061483722561
2017-04-21 01:00:00,1024.238342439306
2017-04-23 01:00:00,1027.1081275605711
2017-04-24 01:00:00,1028.545685043581
2017-04-25 01:00:00,1029.9849866554787
2017-04-26 01:00:00,1031.425999026638
2017-04-27 01:00:00,1032.8686812682072
2017-04-28 01:00:00,1034.3129858612265
2017-04-30 01:00:00,1037.2062511856036
2017-05-01 01:00:00,1038.6551037979655
2017-05-02 01:00:00,1040.1053670946596
2017-05-03 01:00:00,1041.556993344247
2017-05-04 01:00:00,1043.009938785657
2017-05-05 01:00:00,1044.4641634379132
2017-05-07 01:00:00,1047.3763064309865
2017-05-08 01:00:00,1048.834159082542
2017-05-09 01:00:00,1050.2931584616178
2017-05-10 01:00:00,1051.7532755694501
2017-05-11 01:00:00,1053.2144820454196
2017-05-12 01:00:00,1054.6767496932227
2017-05-14 01:00:00,1057.6043538643366
2017-05-15 01:00:00,1059.0696309317227
2017-05-16 01:00:00,1060.5358495515507
2017-05-17 01:00:00,1062.0029763245543
2017-05-18 01:00:00,1063.470975805188
2017-05-19 01:00:00,1064.9398101029647
2017-05-21 01:00:00,1065.2740789018926
2017-05-22 01:00:00,1064.9354415562993
2017-05-23 01:00:00,1064.5817272905851
2017-05-24 01:00:00,1064.2137956000129
2017-05-25 01:00:00,1063.8324611403755
2017-05-26 01:00:00,1063.4384879123077
2017-05-28 01:00:00,1062.6153989128072
2017-05-29 01:00:00,1062.187525156857
2017-05-30 01:00:00,1060.6127849170011
2017-05-31 01:00:00,1058.6909163231821
2017-06-01 01:00:00,1056.7599031618017
2017-06-02 01:00:00,1054.820243785809
2017-06-04 01:00:00,1050.9168395122526
2017-06-05 01:00:00,1048.9539624985957
2017-06-06 01:00:00,1046.9841803081745
2017-06-07 01:00:00,1045.0078789751221
2017-06-08 01:00:00,1043.025428368243
2017-06-09 01:00:00,1041.0371835812641
2017-06-11 01:00:00,1037.044665918796
2017-06-12 01:00:00,1035.041041050627
2017-06-13 01:00:00,1033.0329203320932
2017-06-14 01:00:00,1031.0206036156735
2017-06-15 01:00:00,1029.0043829433541
2017-06-16 01:00:00,1026.9845435661107
2017-06-18 01:00:00,1022.9351221133877
2017-06-19 01:00:00,1019.7581626866169
2017-06-20 01:00:00,1013.1960742593799
2017-06-21 01:00:00,1006.6250170013373
2017-06-22 01:00:00,1000.0546154796212
2017-06-23 01:00:00,993.4942420182401
2017-06-25 01:00:00,980.4385980074575
2017-06-26 01:00:00,973.959121410658
2017-06-27 01:00:00,967.5210468075536
2017-06-28 01:00:00,961.1301592130088
2017-06-29 01:00:00,955.4089634244472
2017-06-30 01:00:00,951.917216011192
2017-07-02 01:00:00,944.9381186532624
2017-07-03 01:00:00,941.4510229831855
2017-07-04 01:00:00,937.9657152925954
2017-07-05 01:00:00,934.4822997467924
2017-07-06 01:00:00,931.0008735178224
2017-07-07 01:00:00,927.5215276056338
2017-07-09 01:00:00,920.5694152079667
2017-07-10 01:00:00,917.0968083011064
2017-07-11 01:00:00,913.6266033198572
2017-07-12 01:00:00,910.1588760984758
2017-07-13 01:00:00,906.6937034014823
2017-07-14 01:00:00,903.2311643352893
2017-07-16 01:00:00,896.314323328296
2017-07-17 01:00:00,892.8602032225039
2017-07-18 01:00:00,889.4090825221624
2017-07-19 01:00:00,885.9610698177675
2017-07-20 01:00:00,882.5162804299088
2017-07-21 01:00:00,879.0748341591105
2017-07-23 01:00:00,872.2024469245305
2017-07-24 01:00:00,868.7717255166164
2017-07-25 01:00:00,864.3250816872043
2017-07-26 01:00:00,858.5239985022092
2017-07-27 01:00:00,852.7258276495527
2017-07-28 01:00:00,846.9306959788365
2017-07-30 01:00:00,835.3499387722771
2017-07-31 01:00:00,829.5644627933207
2017-08-01 01:00:00,823.7823326983179
2017-08-02 01:00:00,818.0035936612837
2017-08-03 01:00:00,812.2282822904193
2017-08-04 01:00:00,806.4564275077838
2017-08-06 01:00:00,794.9231698848531
2017-08-07 01:00:00,789.1617946418314
2017-08-08 01:00:00,783.4039344587469
2017-08-09 01:00:00,777.6495979497431
2017-08-10 01:00:00,771.8987963456325
2017-08-11 01:00:00,766.1515465536763
2017-08-13 01:00:00,754.6678156434314
2017-08-14 01:00:00,748.9314211329247
2017-08-15 01:00:00,743.1987548864222
2017-08-16 01:00:00,737.4698959368935
2017-08-17 01:00:00,731.7449370878721
2017-08-18 01:00:00,726.023982402076
2017-08-20 01:00:00,714.5945308381608
2017-08-21 01:00:00,708.8862523223438
2017-08-22 01:00:00,703.1824009400445
2017-08-23 01:00:00,697.483052242459
2017-08-24 01:00:00,691.78826092201
2017-08-25 01:00:00,686.0980605274581
2017-08-27 01:00:00,674.7314728579178
2017-08-28 01:00:00,669.0550677625564
2017-08-29 01:00:00,663.3832238185978
2017-08-30 01:00:00,657.7159063532463
2017-08-31 01:00:00,652.0530734875947
2017-09-01 01:00:00,646.3946768893074
2017-09-03 01:00:00,635.0909690829852
2017-09-04 01:00:00,630.6001435999017
2017-09-05 01:00:00,626.4959141179838
2017-09-06 01:00:00,622.1094383712746
2017-09-07 01:00:00,617.4341496856305
2017-09-08 01:00:00,612.4678691934063
2017-09-10 01:00:00,601.6735196477208
2017-09-11 01:00:00,595.8598698502556
2017-09-12 01:00:00,589.7832814872038
2017-09-13 01:00:00,583.4580044139879
2017-09-14 01:00:00,576.9003575585631
2017-09-15 01:00:00,570.1282908008228
2017-09-17 01:00:00,556.4162069596167
2017-09-18 01:00:00,550.825740299372
2017-09-19 01:00:00,545.2392761993332
2017-09-20 01:00:00,539.6568467804066
2017-09-21 01:00:00,534.0784735518494
2017-09-22 01:00:00,528.5041654556727
2017-09-24 01:00:00,517.3677155850912
2017-09-25 01:00:00,511.8055293983423
2017-09-26 01:00:00,506.24732246066867
2017-09-27 01:00:00,500.69304938116466
2017-09-28 01:00:00,495.1426578303443
2017-09-29 01:00:00,489.59608918207425
2017-10-01 01:00:00,478.51415560080926
2017-10-02 01:00:00,472.9786424632141
2017-10-03 01:00:00,467.4466555317781
2017-10-04 01:00:00,461.9181049788161
2017-10-05 01:00:00,456.39289678449256
2017-10-06 01:00:00,451.2800047400442
2017-10-08 01:00:00,442.65548128133213
2017-10-09 01:00:00,438.35021359541565
2017-10-10 01:00:00,434.0494860543731
2017-10-11 01:00:00,429.7532242735644
2017-10-12 01:00:00,425.4613677919464
2017-10-13 01:00:00,421.1738683360812
2017-10-15 01:00:00,412.61179239890384
2017-10-16 01:00:00,408.33715540085717
2017-10-17 01:00:00,404.06674851417023
2017-10-18 01:00:00,399.8005421548449
2017-10-19 01:00:00,397.4264427377881
2017-10-20 01:00:00,395.9523640057952
2017-10-22 01:00:00,392.95439068960377
2017-10-23 01:00:00,391.4315483877526
2017-10-24 01:00:00,389.893455277616
2017-10-25 01:00:00,388.34055459394096
2017-10-26 01:00:00,386.77324458712724
2017-10-27 01:00:00,385.1918718463395
2017-10-29 01:00:00,381.988023059988
2017-10-30 00:00:00,380.43422049266115
2017-10-31 00:00:00,378.7993268239867
2017-11-01 00:00:00,377.15106276120025
2017-11-02 00:00:00,375.4892999610763
2017-11-03 00:00:00,373.813797492398
2017-11-05 00:00:00,370.41998243302226
2017-11-06 00:00:00,368.70052360973114
2017-11-07 00:00:00,366.9650014183332
2017-11-08 00:00:00,365.2124140334106
2017-11-09 00:00:00,363.4415429811045
2017-11-10 00:00:00,361.6509191246548
2017-11-12 00:00:00,358.0030403425302
2017-11-13 00:00:00,356.141210236403
2017-11-14 00:00:00,355.6196541074388
2017-11-15 00:00:00,355.77520473693045
2017-11-16 00:00:00,355.8956367067207
2017-11-17 00:00:00,355.9762845561919
2017-11-19 00:00:00,355.9956578463507
2017-11-20 00:00:00,355.92080956376265
2017-11-21 00:00:00,355.7787754130902
2017-11-22 00:00:00,355.5598841476391
2017-11-23 00:00:00,355.2530366264563
2017-11-24 00:00:00,354.84553855172294
2017-11-26 00:00:00,353.6688316385274
2017-11-27 00:00:00,352.86479644000747
2017-11-28 00:00:00,351.8902380262772
2017-11-29 00:00:00,351.46264964558725
2017-11-30 00:00:00,350.9404333120186
2017-12-01 00:00:00,349.92497683008764
2017-12-03 00:00:00,346.19476866411014
2017-12-04 00:00:00,343.3727417207617
2017-12-05 00:00:00,339.849787145371
2017-12-06 00:00:00,335.59215150532873
2017-12-07 00:00:00,331.3449017060848
2017-12-08 00:00:00,327.36160674490895
2017-12-10 00:00:00,318.3837154056513
2017-12-11 00:00:00,313.48190139171913
2017-12-12 00:00:00,308.39599942356733
2017-12-13 00:00:00,303.21187945625934
2017-12-14 00:00:00,298.0227247393152
2017-12-15 00:00:00,292.9218452541841
2017-12-17 00:00:00,290.16896568690856
2017-12-18 00:00:00,290.27232365943007
2017-12-19 00:00:00,290.3792764280872
2017-12-20 00:00:00,290.48981181503746
2017-12-21 00:00:00,290.6039143200904
2017-12-22 00:00:00,290.721565068837
2017-12-25 00:00:00,291.0955665880031
2017-12-26 00:00:00,291.81389183044485
2017-12-27 00:00:00,294.2302873349089
2017-12-28 00:00:00,296.6501349760745
2017-12-29 00:00:00,299.07342415192016
2018-01-01 00:00:00,306.3639028012709
2018-01-02 00:00:00,308.80096770525654
2018-01-03 00:00:00,311.24153739769645
2018-01-04 00:00:00,313.68566496794165
2018-01-05 00:00:00,316.13341624706175
2018-01-07 00:00:00,321.04007636792596
2018-01-08 00:00:00,324.4052570970979
2018-01-09 00:00:00,327.80026722696095
2018-01-10 00:00:00,331.20236105934026
2018-01-11 00:00:00,334.61163141895383
2018-01-12 00:00:00,338.0281662973205
2018-01-14 00:00:00,346.67060911983606
2018-01-15 00:00:00,352.6637866050594
2018-01-16 00:00:00,358.69568407541226
2018-01-17 00:00:00,364.7645462472218
2018-01-18 00:00:00,370.8689089059979
2018-01-19 00:00:00,377.00756402078036
2018-01-21 00:00:00,389.38402314568066
2018-01-22 00:00:00,395.6204398158885
2018-01-23 00:00:00,401.8883321268979
2018-01-24 00:00:00,408.18739365979116
2018-01-25 00:00:00,414.51744488180555
2018-01-26 00:00:00,420.8784215959181
2018-01-28 00:00:00,433.69341866939715
2018-01-29 00:00:00,440.1478149541749
2018-01-30 00:00:00,446.6338776605081
2018-01-31 00:00:00,453.15201139942644
2018-02-01 00:00:00,459.7026931123221
2018-02-02 00:00:00,466.2864599477841
2018-02-04 00:00:00,479.55561418168554
2018-02-05 00:00:00,486.24225136898133
2018-02-06 00:00:00,492.96444955357777
2018-02-07 00:00:00,499.7228504114874
2018-02-08 00:00:00,506.51808564081637
2018-02-09 00:00:00,513.3507676600346
2018-02-11 00:00:00,527.1307593832015
2018-02-12 00:00:00,534.0790910906519
2018-02-13 00:00:00,541.0668802921333
2018-02-14 00:00:00,548.0944358046818
2018-02-15 00:00:00,555.1619437622652
2018-02-16 00:00:00,562.269438109626
2018-02-18 00:00:00,576.6035504314959
2018-02-19 00:00:00,583.8291405586014
2018-02-20 00:00:00,591.0925637957871
2018-02-21 00:00:00,598.3924640645391
2018-02-22 00:00:00,605.7270344810859
2018-02-23 00:00:00,613.0939411472175
2018-02-25 00:00:00,627.9122771586278
2018-02-26 00:00:00,635.3556045918991
2018-02-27 00:00:00,642.8148621010253
2018-02-28 00:00:00,650.2836793709374
2018-03-01 00:00:00,657.7545716242676
2018-03-02 00:00:00,665.2188450358099
2018-03-04 00:00:00,680.0862765484832
2018-03-05 00:00:00,687.7431951620646
2018-03-06 00:00:00,696.1448459979754
2018-03-07 00:00:00,704.3948638136827
2018-03-08 00:00:00,712.4607388681654
2018-03-09 00:00:00,720.3083561120825
2018-03-11 00:00:00,735.207786718007
2018-03-12 00:00:00,742.1887711222541
2018-03-13 00:00:00,748.8112191021564
2018-03-14 00:00:00,755.0424852285295
2018-03-15 00:00:00,760.8521856763863
2018-03-16 00:00:00,766.2127513653335
2018-03-18 00:00:00,775.4931989761535
2018-03-19 00:00:00,779.3762732977269
2018-03-20 00:00:00,782.7374658916048
2018-03-21 00:00:00,787.105935079838
2018-03-22 00:00:00,791.4807065319067
2018-03-23 00:00:00,795.599256886983
2018-03-25 00:00:00,803.0944685039881
2018-03-26 01:00:00,806.6299765086842
2018-03-27 01:00:00,809.809844294671
2018-03-28 01:00:00,812.8005557187555
2018-03-29 01:00:00,815.626738308008
2018-04-01 01:00:00,823.4096362111102
2018-04-02 01:00:00,825.8794950452918
2018-04-03 01:00:00,828.7505468251818
2018-04-04 01:00:00,832.2835850908225
2018-04-05 01:00:00,835.8731078669364
2018-04-06 01:00:00,839.54738743891
2018-04-08 01:00:00,847.2471306224235
2018-04-09 01:00:00,851.3119899363384
2018-04-10 01:00:00,855.5402035823721
2018-04-11 01:00:00,859.9422666917625
2018-04-12 01:00:00,864.5253527793848
2018-04-13 01:00:00,869.2936628029631
2018-04-15 01:00:00,879.3902671219464
2018-04-16 01:00:00,884.7156837613502
2018-04-17 01:00:00,890.2213403692831
2018-04-18 01:00:00,893.881424588131
2018-04-19 01:00:00,897.0720288995612
2018-04-20 01:00:00,900.424464991394
2018-04-22 01:00:00,907.5900468478688
2018-04-23 01:00:00,911.3906227049983
2018-04-24 01:00:00,915.3281268498276
2018-04-25 01:00:00,919.3965792056189
2018-04-26 01:00:00,923.5902425981517
2018-04-27 01:00:00,927.9036601441306
2018-04-29 01:00:00,936.8694634155873
2018-04-30 01:00:00,941.512500176587
2018-05-01 01:00:00,946.2565980042269
2018-05-02 01:00:00,951.0978833888589
2018-05-03 01:00:00,956.0327938336155
2018-05-04 01:00:00,961.0580694865532
2018-05-06 01:00:00,971.3681330020004
2018-05-07 01:00:00,976.6478257469532
2018-05-08 01:00:00,982.0076708646487
2018-05-09 01:00:00,987.4457651685883
2018-05-10 01:00:00,992.9604400340436
2018-05-11 01:00:00,998.5502469862934
2018-05-13 01:00:00,1009.950469764322
2018-05-14 01:00:00,1015.7589442778874
2018-05-15 01:00:00,1021.638632192041
2018-05-16 01:00:00,1027.5889328070416
2018-05-17 01:00:00,1033.6093583843651
2018-05-18 01:00:00,1039.6995116081505
2018-05-20 01:00:00,1052.0877031451407
2018-05-21 01:00:00,1058.3851335121662
2018-05-22 01:00:00,1064.750985668219
2018-05-23 01:00:00,1071.18477720401
2018-05-24 01:00:00,1074.4550491861971
2018-05-25 01:00:00,1076.944578755603
2018-05-27 01:00:00,1080.0
2018-05-28 01:00:00,1080.0
2018-05-29 01:00:00,1080.0
2018-05-30 01:00:00,1080.0
2018-05-31 01:00:00,1080.0
2018-06-01 01:00:00,1080.0
2018-06-03 01:00:00,1080.0
2018-06-04 01:00:00,1080.0
2018-06-05 01:00:00,1080.0
2018-06-06 01:00:00,1080.0
2018-06-07 01:00:00,1080.0
2018-06-08 01:00:00,1080.0
2018-06-10 01:00:00,1080.0
2018-06-11 01:00:00,1080.0
2018-06-12 01:00:00,1080.0
2018-06-13 01:00:00,1080.0
2018-06-14 01:00:00,1080.0
2018-06-15 01:00:00,1080.0
2018-06-17 01:00:00,1075.9616756439234
2018-06-18 01:00:00,1071.89088201624
2018-06-19 01:00:00,1067.8906735103642
2018-06-20 01:00:00,1063.962833340146
2018-06-21 01:00:00,1060.108709984508
2018-06-22 01:00:00,1055.5843036092674
2018-06-24 01:00:00,1043.8278985554664
2018-06-25 01:00:00,1038.0327927219507
2018-06-26 01:00:00,1032.2934450224905
2018-06-27 01:00:00,1026.6101153176428
2018-06-28 01:00:00,1020.983114399738
2018-06-29 01:00:00,1015.4128464026091
2018-07-01 01:00:00,1004.4448124507984
2018-07-02 01:00:00,999.0486372296131
2018-07-03 01:00:00,993.7124323254344
2018-07-04 01:00:00,988.437553346979
2018-07-05 01:00:00,983.2256219962334
2018-07-06 01:00:00,976.5730483399212
2018-07-08 01:00:00,961.1840953606095
2018-07-09 01:00:00,953.6965651646934
2018-07-10 01:00:00,946.3552816152925
2018-07-11 01:00:00,939.1674338035612
2018-07-12 01:00:00,932.1410360324062
2018-07-13 01:00:00,925.2849442182501
2018-07-15 01:00:00,912.1232164435991
2018-07-16 01:00:00,905.8392584654773
2018-07-17 01:00:00,899.7688129288027
2018-07-18 01:00:00,893.9242704149765
2018-07-19 01:00:00,888.3184707516758
2018-07-20 01:00:00,882.9645887279229
2018-07-22 01:00:00,873.0660780893407
2018-07-23 01:00:00,868.5480248142177
2018-07-24 01:00:00,864.3345374580966
2018-07-25 01:00:00,860.4374939302285
2018-07-26 01:00:00,856.8675385141079
2018-07-27 01:00:00,853.6336039793048
2018-07-29 01:00:00,848.1976428994017
2018-07-30 01:00:00,845.999738492046
2018-07-31 01:00:00,844.1447791159611
2018-08-01 01:00:00,842.6240502894252
2018-08-02 01:00:00,841.4233932745192
2018-08-03 01:00:00,840.5227087263281
2018-08-05 01:00:00,839.5094015215141
2018-08-06 01:00:00,839.3250822072552
2018-08-07 01:00:00,839.2979915140236
2018-08-08 01:00:00,839.378520674307
2018-08-09 01:00:00,839.5132138590166
2018-08-10 01:00:00,839.6460831865127
2018-08-12 01:00:00,839.6785438790282
2018-08-13 01:00:00,839.4667720710875
2018-08-14 01:00:00,839.0332260278739
2018-08-15 01:00:00,838.3307071013534
2018-08-16 01:00:00,837.3172143654942
2018-08-17 01:00:00,835.9565395486331
2018-08-19 01:00:00,832.0794566739239
2018-08-20 01:00:00,829.5213006332931
2018-08-21 01:00:00,826.532068580515
2018-08-22 01:00:00,823.1051418079174
2018-08-23 01:00:00,819.2389431463519
2018-08-24 01:00:00,814.9365522567637
2018-08-26 01:00:00,805.0567387380664
2018-08-27 01:00:00,799.5058320637407
2018-08-28 01:00:00,793.5712732883396
2018-08-29 01:00:00,787.2749853137774
2018-08-30 01:00:00,780.6419279064194
2018-08-31 01:00:00,773.6997997807862
2018-09-02 01:00:00,759.0105167947252
2018-09-03 01:00:00,751.3287075397836
2018-09-04 01:00:00,743.467384558814
2018-09-05 01:00:00,735.4608384359474
2018-09-06 01:00:00,727.3428716666049
2018-09-07 01:00:00,719.1462015881101
2018-09-09 01:00:00,702.6391305882347
2018-09-10 01:00:00,694.3844929388418
2018-09-11 01:00:00,686.1621599107986
2018-09-12 01:00:00,677.9936263070974
2018-09-13 01:00:00,669.8977645138311
2018-09-14 01:00:00,661.8909315057783
2018-09-16 01:00:00,646.1982517394306
2018-09-17 01:00:00,638.5342293284895
2018-09-18 01:00:00,631.0033351619298
2018-09-19 01:00:00,623.6123715285366
2018-09-20 01:00:00,616.3668775286781
2018-09-21 01:00:00,609.2713196546259
2018-09-23 01:00:00,595.5435058536907
2018-09-24 01:00:00,588.9162371629953
2018-09-25 01:00:00,582.4491206651096
2018-09-26 01:00:00,576.1434048514388
2018-09-27 01:00:00,570.0000018442807
2018-09-28 01:00:00,564.0195559324645
2018-09-30 01:00:00,552.549101449735
2018-10-01 01:00:00,547.0594960651185
2018-10-02 01:00:00,541.7337144382251
2018-10-03 01:00:00,536.5716976726994
2018-10-04 01:00:00,531.5733049549324
2018-10-05 01:00:00,526.7383120019438
2018-10-07 01:00:00,517.5571327441342
2018-10-08 01:00:00,513.2099269599414
2018-10-09 01:00:00,509.02400940658526
2018-10-10 01:00:00,504.99837246871255
2018-10-11 01:00:00,501.13172786037353
2018-10-12 01:00:00,497.4224641942284
2018-10-14 01:00:00,490.4678093584921
2018-10-15 01:00:00,487.21729235409396
2018-10-16 01:00:00,484.87580533222865
2018-10-17 01:00:00,485.70147488907924
2018-10-18 01:00:00,486.7088230328952
2018-10-19 01:00:00,487.88862685907344
2018-10-21 01:00:00,490.72288896989556
2018-10-22 01:00:00,492.3532649305694
2018-10-23 01:00:00,494.1081344260362
2018-10-24 01:00:00,495.97325080986525
2018-10-25 01:00:00,497.933799249551
2018-10-26 01:00:00,499.9746293986432
2018-10-28 01:00:00,504.23646674488776
2018-10-29 00:00:00,506.33830302163295
2018-10-30 00:00:00,509.6924830453877
2018-10-31 00:00:00,513.9981582943689
2018-11-01 00:00:00,518.2504523859948
2018-11-02 00:00:00,522.4347016279796
2018-11-04 00:00:00,530.5459402402214
2018-11-05 00:00:00,534.4493873645715
2018-11-06 00:00:00,538.2377911976076
2018-11-07 00:00:00,541.902539387233
2018-11-08 00:00:00,545.4362598703771
2018-11-09 00:00:00,548.8327788165429
2018-11-11 00:00:00,555.1951867935348
2018-11-12 00:00:00,558.1542146395864
2018-11-13 00:00:00,560.9621837055387
2018-11-14 00:00:00,563.618002572959
2018-11-15 00:00:00,566.1213772749059
2018-11-16 00:00:00,568.4727290788843
2018-11-18 00:00:00,572.7241260841379
2018-11-19 00:00:00,574.6278471705637
2018-11-20 00:00:00,576.3867450185816
2018-11-21 00:00:00,578.0036227831264
2018-11-22 00:00:00,579.4815615381465
2018-11-23 00:00:00,580.8238770265298
2018-11-25 00:00:00,583.1158863789976
2018-11-26 00:00:00,584.073124716637
2018-11-27 00:00:00,584.9097819056606
2018-11-28 00:00:00,585.8648733886388
2018-11-29 00:00:00,589.5941271560544
2018-11-30 00:00:00,593.0585125218352
2018-12-02 00:00:00,598.9094002635914
2018-12-03 00:00:00,601.194649228441
2018-12-04 00:00:00,603.0154554208458
2018-12-05 00:00:00,604.3645939147352
2018-12-06 00:00:00,605.2486079434159
2018-12-07 00:00:00,605.6845664466152
2018-12-09 00:00:00,605.3142965827128
2018-12-10 00:00:00,604.5679066578234
2018-12-11 00:00:00,603.4890789208589
2018-12-12 00:00:00,602.1083873414028
2018-12-13 00:00:00,600.4547767826058
2018-12-14 00:00:00,598.5550932781616
2018-12-16 00:00:00,594.1132147933049
2018-12-17 00:00:00,591.6129811580172
2018-12-18 00:00:00,588.9507801316956
2018-12-19 00:00:00,586.142202779399
2018-12-20 00:00:00,583.2009934959635
2018-12-21 00:00:00,580.1392415539016
2018-12-23 00:00:00,576.4548469737571
2018-12-24 00:00:00,575.3280112324618
2018-12-25 00:00:00,574.1608122928772
2018-12-26 00:00:00,572.9548092076858
2018-12-27 00:00:00,571.7115545560586
2018-12-28 00:00:00,570.4325899166851
2018-12-30 00:00:00,567.7735325695351
2018-12-31 00:00:00,566.3963290796021
2019-01-01 00:00:00,564.9891728079831
2019-01-02 00:00:00,563.5533564545078
2019-01-03 00:00:00,562.0901056364393
2019-01-04 00:00:00,560.6005783116328
2019-01-06 00:00:00,557.5469931314962
2019-01-07 00:00:00,555.9849206530714
2019-01-08 00:00:00,554.4005515890346
2019-01-09 00:00:00,552.794731191975
2019-01-10 00:00:00,551.1682513756526
2019-01-11 00:00:00,549.5218543470462
2019-01-13 00:00:00,546.1720480611975
2019-01-14 00:00:00,545.7417031762284
2019-01-15 00:00:00,546.9237833591537
2019-01-16 00:00:00,548.1053948390581
2019-01-17 00:00:00,549.2874648194356
2019-01-18 00:00:00,550.4709244479841
2019-01-20 00:00:00,552.8457653001824
2019-01-21 00:00:00,554.0390529548026
2019-01-22 00:00:00,555.2375572880504
2019-01-23 00:00:00,557.3209731621839
2019-01-24 00:00:00,560.3725401454926
2019-01-25 00:00:00,563.4425470914161
2019-01-27 00:00:00,569.6411398404999
2019-01-28 00:00:00,572.7712314423054
2019-01-29 00:00:00,575.9227307033926
2019-01-30 00:00:00,579.096168272548
2019-01-31 00:00:00,582.2919451577432
2019-02-01 00:00:00,585.5103066417599
2019-02-03 00:00:00,592.0148002825499
2019-02-04 00:00:00,595.30034731818
2019-02-05 00:00:00,598.6072195885027
2019-02-06 00:00:00,601.9343176251859
2019-02-07 00:00:00,605.2801119527279
2019-02-08 00:00:00,608.6425694639927
2019-02-10 00:00:00,615.4063103417054
2019-02-11 00:00:00,618.8002027871399
2019-02-12 00:00:00,622.1957573234231
2019-02-13 00:00:00,625.5869612759495
2019-02-14 00:00:00,628.9666528658518
2019-02-15 00:00:00,632.3263964662972
2019-02-17 00:00:00,638.945250824729
2019-02-18 00:00:00,642.1801801312229
2019-02-19 00:00:00,646.5210721803139
2019-02-20 00:00:00,651.7513440823564
2019-02-21 00:00:00,656.8846214558494
2019-02-22 00:00:00,661.9020424931813
2019-02-24 00:00:00,671.5086278753276
2019-02-25 00:00:00,676.0558270974838
2019-02-26 00:00:00,680.404079928177
2019-02-27 00:00:00,684.5327805972805
2019-02-28 00:00:00,688.422420007615
2019-03-01 00:00:00,692.0551579558946
2019-03-03 00:00:00,698.4904225160028
2019-03-04 00:00:00,701.2708836626115
2019-03-05 00:00:00,703.7514742202745
2019-03-06 00:00:00,705.9314342627894
2019-03-07 00:00:00,707.8150691352354
2019-03-08 00:00:00,709.4121760018307
2019-03-10 00:00:00,711.8150315136864
2019-03-11 00:00:00,712.6694728299128
2019-03-12 00:00:00,713.3341788904409
2019-03-13 00:00:00,713.8461958005424
2019-03-14 00:00:00,714.2460227278591
2019-03-15 00:00:00,714.5762830884762
2019-03-17 00:00:00,715.2002775544875
2019-03-18 00:00:00,715.5764820771429
2019-03-19 00:00:00,716.0454315267632
2019-03-20 00:00:00,716.6392826445204
2019-03-21 00:00:00,717.3851924079323
2019-03-22 00:00:00,718.3050744773957
2019-03-24 00:00:00,720.7287771618941
2019-03-25 00:00:00,722.2518666016117
2019-03-26 00:00:00,723.9885211722255
2019-03-27 00:00:00,725.9391305210291
2019-03-28 00:00:00,728.1014956607701
2019-03-29 00:00:00,730.4714070001459
2019-03-31 00:00:00,735.8100011354642
2019-04-01 01:00:00,738.8914355252723
2019-04-02 01:00:00,742.033087473173
2019-04-03 01:00:00,745.3462828475423
2019-04-04 01:00:00,748.823104155485
2019-04-05 01:00:00,752.4558120348826
2019-04-07 01:00:00,760.159371208637
2019-04-08 01:00:00,764.2163625347429
2019-04-09 01:00:00,768.4015900509498
2019-04-10 01:00:00,772.709151635871
2019-04-11 01:00:00,777.1335715035455
2019-04-12 01:00:00,781.6697957278258
2019-04-14 01:00:00,791.0594921460985
2019-04-15 01:00:00,795.9048679095789
2019-04-16 01:00:00,800.8458248892924
2019-04-17 01:00:00,805.8792301590732
2019-04-18 01:00:00,811.0022839169726
2019-04-21 01:00:00,826.8858732853995
2019-04-22 01:00:00,832.3454066394654
2019-04-23 01:00:00,837.8848013280615
2019-04-24 01:00:00,843.502789492333
2019-04-25 01:00:00,849.1982916000206
2019-04-26 01:00:00,854.9704029209452
2019-04-28 01:00:00,866.7416320158397
2019-04-29 01:00:00,872.7396991942011
2019-04-30 01:00:00,878.8122462051614
2019-05-01 01:00:00,884.9590415085063
2019-05-02 01:00:00,891.1799392952481
2019-05-03 01:00:00,897.4748579242615
2019-05-05 01:00:00,910.2866000999795
2019-05-06 01:00:00,916.5991047761611
2019-05-07 01:00:00,921.7372327576818
2019-05-08 01:00:00,926.9444085542481
2019-05-09 01:00:00,932.2203890843931
2019-05-10 01:00:00,937.564731812764
2019-05-12 01:00:00,948.455337289735
2019-05-13 01:00:00,953.9990917450355
2019-05-14 01:00:00,959.606025605933
2019-05-15 01:00:00,965.2735793879907
2019-05-16 01:00:00,970.9985154408457
2019-05-17 01:00:00,976.7768400864668
2019-05-19 01:00:00,988.4735510428604
2019-05-20 01:00:00,994.3797394707452
2019-05-21 01:00:00,1000.3149513714774
2019-05-22 01:00:00,1006.2710871092283
2019-05-23 01:00:00,1012.2394304361824
2019-05-24 01:00:00,1018.2108181326654
2019-05-26 01:00:00,1030.1250682143216
2019-05-27 01:00:00,1036.0492593504828
2019-05-28 01:00:00,1041.9395783741725
2019-05-29 01:00:00,1047.7877634321183
2019-05-30 01:00:00,1053.586260653207
2019-05-31 01:00:00,1059.3283099861533
2019-06-02 01:00:00,1062.4493727517695
2019-06-03 01:00:00,1063.8320563149882
2019-06-04 01:00:00,1065.2167026027382
2019-06-05 01:00:00,1066.603252678612
2019-06-06 01:00:00,1067.991643297962
2019-06-07 01:00:00,1069.3818083188266
2019-06-09 01:00:00,1072.1671930828597
2019-06-10 01:00:00,1073.5622818323006
2019-06-11 01:00:00,1074.958885798909
2019-06-12 01:00:00,1076.3569482929204
2019-06-13 01:00:00,1077.7564171327963
2019-06-14 01:00:00,1079.1572445299312
2019-06-16 01:00:00,1080.0
2019-06-17 01:00:00,1078.709585695823
2019-06-18 01:00:00,1076.0019264250682
2019-06-19 01:00:00,1073.8196870610454
2019-06-20 01:00:00,1072.4115556278175
2019-06-21 01:00:00,1071.002342513614
2019-06-23 01:00:00,1068.1808429365626
2019-06-24 01:00:00,1065.8173261926827
2019-06-25 01:00:00,1061.7219655886997
2019-06-26 01:00:00,1057.6276022052189
2019-06-27 01:00:00,1053.5344496054906
2019-06-28 01:00:00,1049.4427263313507
2019-06-30 01:00:00,1041.2644716082073
2019-07-01 01:00:00,1037.1784093199387
2019-07-02 01:00:00,1033.0947151555742
2019-07-03 01:00:00,1029.0136401317939
2019-07-04 01:00:00,1024.9354378421676
2019-07-05 01:00:00,1020.8603598597638
2019-07-07 01:00:00,1012.7205413947667
2019-07-08 01:00:00,1008.6562488015679
2019-07-09 01:00:00,1004.770897592312
2019-07-10 01:00:00,1002.2328232940648
2019-07-11 01:00:00,999.8532302243584
2019-07-12 01:00:00,997.6283983017544
2019-07-14 01:00:00,993.6180743590861
2019-07-15 01:00:00,991.8145395056562
2019-07-16 01:00:00,990.129444032234
2019-07-17 01:00:00,988.5477920000958
2019-07-18 01:00:00,984.9160495447123
2019-07-19 01:00:00,980.8866063357477
2019-07-21 01:00:00,972.9413269469644
2019-07-22 01:00:00,968.9791665461979
2019-07-23 01:00:00,964.9920110105842
2019-07-24 01:00:00,960.9558591518602
2019-07-25 01:00:00,956.963380552375
2019-07-26 01:00:00,956.319586736041
2019-07-28 01:00:00,954.2841744352077
2019-07-29 01:00:00,952.8211483628127
2019-07-30 01:00:00,951.0209472025932
2019-07-31 01:00:00,948.8590320717212
2019-08-01 01:00:00,946.3153273073194
2019-08-02 01:00:00,943.3739935607796
2019-08-04 01:00:00,936.2543244771317
2019-08-05 01:00:00,932.0624632923872
2019-08-06 01:00:00,927.4452109068945
2019-08-07 01:00:00,922.4028018940329
2019-08-08 01:00:00,916.9377855733961
2019-08-09 01:00:00,911.0548538854223
2019-08-11 01:00:00,898.0641518657781
2019-08-12 01:00:00,890.9758298808247
2019-08-13 01:00:00,883.5085483770713
2019-08-14 01:00:00,875.6772071665994
2019-08-15 01:00:00,867.4988880101599
2019-08-16 01:00:00,858.9928817872325
2019-08-18 01:00:00,841.0857230145282
2019-08-19 01:00:00,831.733439605888
2019-08-20 01:00:00,822.1506548726165
2019-08-21 01:00:00,812.3652925465142
2019-08-22 01:00:00,802.4058456898482
2019-08-23 01:00:00,792.30082785076
2019-08-25 01:00:00,772.1672385901061
2019-08-26 01:00:00,762.9938990725004
2019-08-27 01:00:00,753.7791542367129
2019-08-28 01:00:00,744.544484921338
2019-08-29 01:00:00,735.3091298244558
2019-08-30 01:00:00,726.0900361329536
2019-09-01 01:00:00,707.7572123414809
2019-09-02 01:00:00,698.666496042
2019-09-03 01:00:00,689.6383819707066
2019-09-04 01:00:00,681.6928167236082
2019-09-05 01:00:00,675.3662391228362
2019-09-06 01:00:00,669.0848806313206
2019-09-08 01:00:00,656.6635763660834
2019-09-09 01:00:00,650.5254205388212
2019-09-10 01:00:00,644.4362079533531
2019-09-11 01:00:00,638.3960548408747
2019-09-12 01:00:00,632.404865660543
2019-09-13 01:00:00,626.4623768916268
2019-09-15 01:00:00,616.1163775804145
2019-09-16 01:00:00,611.260336138022
2019-09-17 01:00:00,606.414801497262
2019-09-18 01:00:00,601.5797025688408
2019-09-19 01:00:00,596.7549701703313
2019-09-20 01:00:00,591.9405380057109
2019-09-22 01:00:00,582.3423305412277
2019-09-23 01:00:00,577.5584481667956
2019-09-24 01:00:00,572.7846551767743
2019-09-25 01:00:00,568.0209202689124
2019-09-26 01:00:00,563.2672231952981
2019-09-27 01:00:00,558.5235540494436
2019-09-29 01:00:00,549.0662916253394
2019-09-30 01:00:00,544.3526928871721
2019-10-01 01:00:00,539.6490979724396
2019-10-02 01:00:00,534.9554751772384
2019-10-03 01:00:00,530.2717755675651
2019-10-04 01:00:00,525.5979337748579
2019-10-06 01:00:00,516.2794943764636
2019-10-07 01:00:00,511.6347063593942
2019-10-08 01:00:00,506.9993998824793
2019-10-09 01:00:00,502.373463206492
2019-10-10 01:00:00,497.75678020037884
2019-10-11 01:00:00,493.14923103656116
2019-10-13 01:00:00,483.9610398701988
2019-10-14 01:00:00,479.38014510950705
2019-10-15 01:00:00,474.80788029771907
2019-10-16 01:00:00,470.24411742693354
2019-10-17 01:00:00,465.6887298509151
2019-10-18 01:00:00,461.1415935659559
2019-10-20 01:00:00,452.0716000952274
2019-10-21 01:00:00,447.5485202940445
2019-10-22 01:00:00,443.03324941105035
2019-10-23 01:00:00,438.5256972737832
2019-10-24 01:00:00,434.02578428342997
2019-10-25 01:00:00,429.5334416466338
2019-10-27 01:00:00,420.57123797863454
2019-10-28 00:00:00,416.28765462905926
2019-10-29 00:00:00,411.8247418918257
2019-10-30 00:00:00,407.36912894100016
2019-10-31 00:00:00,403.1275326449731
2019-11-01 00:00:00,401.13154761620626
2019-11-03 00:00:00,398.0277041425327
2019-11-04 00:00:00,396.950429566768
2019-11-05 00:00:00,396.20117192679413
2019-11-06 00:00:00,395.7785082384512
2019-11-07 00:00:00,395.669887372327
2019-11-08 00:00:00,395.84932426194905
2019-11-10 00:00:00,396.89304359900154
2019-11-11 00:00:00,397.630750450341
2019-11-12 00:00:00,398.40811087765053
2019-11-13 00:00:00,399.13875898469763
2019-11-14 00:00:00,399.736885698113
2019-11-15 00:00:00,400.12340925448603
2019-11-17 00:00:00,400.00867511525234
2019-11-18 00:00:00,399.4212116562358
2019-11-19 00:00:00,398.45088136154214
2019-11-20 00:00:00,397.0945750939393
2019-11-21 00:00:00,395.3613224509945
2019-11-22 00:00:00,393.26927949553794
2019-11-24 00:00:00,388.10996259349025
2019-11-25 00:00:00,385.9952305510196
2019-11-26 00:00:00,384.7829404892624
2019-11-27 00:00:00,383.3503353776488
2019-11-28 00:00:00,381.7242401461788
2019-11-29 00:00:00,379.92928607523794
2019-12-01 00:00:00,375.9194249821716
2019-12-02 00:00:00,373.7419145489084
2019-12-03 00:00:00,371.4705658342216
2019-12-04 00:00:00,369.11875556355153
2019-12-05 00:00:00,366.6980622101162
2019-12-06 00:00:00,364.21845957156955
2019-12-08 00:00:00,359.11549755629335
2019-12-09 00:00:00,356.50566388878417
2019-12-10 00:00:00,353.86427115415984
2019-12-11 00:00:00,351.19576746824396
2019-12-12 00:00:00,349.8174686248316
2019-12-13 00:00:00,349.3589270111487
2019-12-15 00:00:00,348.3851625040321
2019-12-16 00:00:00,347.87391177397416
2019-12-17 00:00:00,347.3484756802903
2019-12-18 00:00:00,346.81003016074567
2019-12-19 00:00:00,346.25950198180306
2019-12-20 00:00:00,345.6975997755886
2019-12-22 00:00:00,344.5415683655584
2019-12-23 00:00:00,343.9479788076836
2019-12-24 00:00:00,343.3441287318342
2019-12-25 00:00:00,342.7299533832965
2019-12-26 00:00:00,342.1052788020131
2019-12-27 00:00:00,341.46983428421754
2019-12-29 00:00:00,340.165141254633
2019-12-30 00:00:00,339.4949744898124
2019-12-31 00:00:00,338.8122225526557
2020-01-01 00:00:00,338.11630131536367
2020-01-02 00:00:00,337.40659233339284
2020-01-03 00:00:00,337.51618032044917
2020-01-05 00:00:00,341.46607635052965
2020-01-06 00:00:00,343.4349144600345
2020-01-07 00:00:00,345.3994944313973
2020-01-08 00:00:00,347.35967714888125
2020-01-09 00:00:00,349.3153267232961
2020-01-10 00:00:00,351.26631402917377
2020-01-12 00:00:00,355.1538427570117
2020-01-13 00:00:00,358.90748885829584
2020-01-14 00:00:00,363.9141931434942
2020-01-15 00:00:00,368.93122398817314
2020-01-16 00:00:00,373.95858838725485
2020-01-17 00:00:00,378.9961533707583
2020-01-19 00:00:00,389.10044626175187
2020-01-20 00:00:00,394.1658845457261
2020-01-21 00:00:00,399.2388553872808
2020-01-22 00:00:00,404.31793362115314
2020-01-23 00:00:00,409.4012794557317
2020-01-24 00:00:00,414.48656876329505
2020-01-26 00:00:00,424.6507722551746
2020-01-27 00:00:00,429.72184675352844
2020-01-28 00:00:00,434.77896926689016
2020-01-29 00:00:00,439.81597549261176
2020-01-30 00:00:00,444.8255673594747
2020-01-31 00:00:00,449.7991672097198
2020-02-02 00:00:00,459.59678637753905
2020-02-03 00:00:00,464.3959278641303
2020-02-04 00:00:00,469.10907720095065
2020-02-05 00:00:00,473.71922884139775
2020-02-06 00:00:00,478.2074760177501
2020-02-07 00:00:00,482.55307789961705
2020-02-09 00:00:00,490.72531485845434
2020-02-10 00:00:00,494.50336536106875
2020-02-11 00:00:00,498.04254726661253
2020-02-12 00:00:00,501.3178612291657
2020-02-13 00:00:00,504.3053384518812
2020-02-14 00:00:00,506.9829611717096
2020-02-16 00:00:00,511.3365212539298
2020-02-17 00:00:00,512.9876841884827
2020-02-18 00:00:00,514.2816716483457
2020-02-19 00:00:00,515.222275834025
2020-02-20 00:00:00,515.8213822172669
2020-02-21 00:00:00,516.0994572332398
2020-02-23 00:00:00,515.8170943765194
2020-02-24 00:00:00,515.3383002279544
2020-02-25 00:00:00,514.6990801518748
2020-02-26 00:00:00,513.9526864655581
2020-02-27 00:00:00,513.1533999583191
2020-02-28 00:00:00,512.3541221341035
2020-03-01 00:00:00,510.9475014795077
2020-03-02 00:00:00,510.4214474846483
2020-03-03 00:00:00,510.0560921405083
2020-03-04 00:00:00,509.8741655273749
2020-03-05 00:00:00,509.8914086902338
2020-03-06 00:00:00,510.11726264935356
2020-03-08 00:00:00,511.2064466893398
2020-03-09 00:00:00,512.0654109593377
2020-03-10 00:00:00,513.126076651098
2020-03-11 00:00:00,514.3800036248626
2020-03-12 00:00:00,515.8175123327098
2020-03-13 00:00:00,517.4281903877495
2020-03-15 00:00:00,521.126005009872
2020-03-16 00:00:00,523.1917310589442
2020-03-17 00:00:00,525.3881805921552
2020-03-18 00:00:00,527.7055089008538
2020-03-19 00:00:00,530.1343757349064
2020-03-20 00:00:00,532.6659801802764
2020-03-22 00:00:00,539.666817960499
2020-03-23 00:00:00,543.557869442387
2020-03-24 00:00:00,547.5262372338923
2020-03-25 00:00:00,551.5657543428523
2020-03-26 00:00:00,555.6706964633655
2020-03-27 00:00:00,559.8357489793568
2020-03-29 00:00:00,568.3267790326533
2020-03-30 01:00:00,572.8237277458313
2020-03-31 01:00:00,577.1848048482301
2020-04-01 01:00:00,581.9309287784737
2020-04-02 01:00:00,587.6329134418772
2020-04-03 01:00:00,593.369320132702
2020-04-05 01:00:00,604.9333951678537
2020-04-06 01:00:00,610.75553082223
2020-04-07 01:00:00,616.6010085196043
2020-04-08 01:00:00,622.4674961254525
2020-04-09 01:00:00,628.352811083081
2020-04-12 01:00:00,646.1015735036389
2020-04-13 01:00:00,652.0423895434973
2020-04-14 01:00:00,657.9923639563542
2020-04-15 01:00:00,663.9496127631104
2020-04-16 01:00:00,669.9122179154177
2020-04-17 01:00:00,675.8782089360262
2020-04-19 01:00:00,687.8120806387589
2020-04-20 01:00:00,693.7755604460408
2020-04-21 01:00:00,699.7335648739238
2020-04-22 01:00:00,705.6834839089778
2020-04-23 01:00:00,711.6224719230399
2020-04-24 01:00:00,717.5473988121649
2020-04-26 01:00:00,729.3407906875976
2020-04-27 01:00:00,735.2010483973635
2020-04-28 01:00:00,741.0306918309219
2020-04-29 01:00:00,746.8242307741216
2020-04-30 01:00:00,752.5754864620662
2020-05-01 01:00:00,758.2775217111091
2020-05-03 01:00:00,769.5020567590027
2020-05-04 01:00:00,775.0064637593272
2020-05-05 01:00:00,780.4254715612071
2020-05-06 01:00:00,785.7479557621851
2020-05-07 01:00:00,790.962094975096
2020-05-08 01:00:00,796.0555038019997
2020-05-10 01:00:00,805.8288157215893
2020-05-11 01:00:00,810.4828145711476
2020-05-12 01:00:00,814.964764565194
2020-05-13 01:00:00,819.2625941284916
2020-05-14 01:00:00,823.3650499984844
2020-05-15 01:00:00,827.2619284076176
2020-05-17 01:00:00,834.4045057385895
2020-05-18 01:00:00,837.6365702171947
2020-05-19 01:00:00,840.6359566942311
2020-05-20 01:00:00,843.3997493820746
2020-05-21 01:00:00,845.9266232415844
2020-05-22 01:00:00,848.2168246277703
2020-05-24 01:00:00,858.9980229890771
2020-05-25 01:00:00,864.6431130509509
2020-05-26 01:00:00,870.0272168439805
2020-05-27 01:00:00,875.1519967170857
2020-05-28 01:00:00,880.0198000735209
2020-05-29 01:00:00,884.6335252357753
2020-05-31 01:00:00,893.1123416615858
2020-06-01 01:00:00,896.9848845094231
2020-06-02 01:00:00,900.6180259945323
2020-06-03 01:00:00,904.0156360454991
2020-06-04 01:00:00,907.1814400354698
2020-06-05 01:00:00,910.1189052258593
2020-06-07 01:00:00,915.320749011345
2020-06-08 01:00:00,917.5898507042625
2020-06-09 01:00:00,919.6399422314975
2020-06-10 01:00:00,921.4719457451802
2020-06-11 01:00:00,923.0862452789029
2020-06-12 01:00:00,924.4827812644935
2020-06-14 01:00:00,926.6210132461251
2020-06-15 01:00:00,927.361899961643
2020-06-16 01:00:00,927.8839265107956
2020-06-17 01:00:00,928.1879037631102
2020-06-18 01:00:00,928.2757426774156
2020-06-19 01:00:00,928.1508447573874
2020-06-21 01:00:00,927.2863473085742
2020-06-22 01:00:00,926.5646699334687
2020-06-23 01:00:00,925.6668517529527
2020-06-24 01:00:00,924.6096205599328
2020-06-25 01:00:00,923.4132597233859
2020-06-26 01:00:00,922.1016915473404
2020-06-28 01:00:00,919.2463090572271
2020-06-29 01:00:00,917.7672135729036
2020-06-30 01:00:00,916.3014313279116
2020-07-01 01:00:00,914.8870340249626
2020-07-02 01:00:00,913.5630868665705
2020-07-03 01:00:00,912.3688071796648
2020-07-05 01:00:00,910.521798113454
2020-07-06 01:00:00,909.9408280029388
2020-07-07 01:00:00,909.63171849315
2020-07-08 01:00:00,909.623099483753
2020-07-09 01:00:00,909.9400276167528
2020-07-10 01:00:00,910.603859208536
2020-07-12 01:00:00,913.0393701496355
2020-07-13 01:00:00,914.8359737735748
2020-07-14 01:00:00,917.0298518460743
2020-07-15 01:00:00,919.6260856208953
2020-07-16 01:00:00,922.6274110077001
2020-07-17 01:00:00,926.0345628678695
2020-07-19 01:00:00,934.0611949048538
2020-07-20 01:00:00,938.6748917520204
2020-07-21 01:00:00,943.6833064316636
2020-07-22 01:00:00,949.0812841589013
2020-07-23 01:00:00,954.8629991087133
2020-07-24 01:00:00,961.0219975313702
2020-07-26 01:00:00,974.4427435859488
2020-07-27 01:00:00,981.6880317601068
2020-07-28 01:00:00,989.2773968596376
2020-07-29 01:00:00,997.1999928027468
2020-07-30 01:00:00,1005.443572485812
2020-07-31 01:00:00,1012.4490246191656
2020-08-02 01:00:00,1023.2657650460013
2020-08-03 01:00:00,1028.885544437881
2020-08-04 01:00:00,1033.9659438586984
2020-08-05 01:00:00,1035.9514439836535
2020-08-06 01:00:00,1037.952649958103
2020-08-07 01:00:00,1039.9687960247425
2020-08-09 01:00:00,1044.0429475477713
2020-08-10 01:00:00,1046.0995245575814
2020-08-11 01:00:00,1048.168185007756
2020-08-12 01:00:00,1050.2482666360681
2020-08-13 01:00:00,1052.339126986224
2020-08-14 01:00:00,1054.440142415605
2020-08-16 01:00:00,1058.6702323472623
2020-08-17 01:00:00,1060.7981467048876
2020-08-18 01:00:00,1062.933897231592
2020-08-19 01:00:00,1065.07695224747
2020-08-20 01:00:00,1067.2268053614575
2020-08-21 01:00:00,1069.3829800130404
2020-08-23 01:00:00,1073.712558078591
2020-08-24 01:00:00,1075.8851821781896
2020-08-25 01:00:00,1078.0625658776314
2020-08-26 01:00:00,1080.0
2020-08-27 01:00:00,1080.0
2020-08-28 01:00:00,1080.0
2020-08-30 01:00:00,1080.0
2020-08-31 01:00:00,1080.0
2020-09-01 01:00:00,1080.0
2020-09-02 01:00:00,1080.0
2020-09-03 01:00:00,1078.8083575730657
2020-09-04 01:00:00,1076.578470328829
2020-09-06 01:00:00,1072.102191747208
2020-09-07 01:00:00,1069.8562332193628
2020-09-08 01:00:00,1067.6053467443026
2020-09-09 01:00:00,1065.3497431462297
2020-09-10 01:00:00,1063.089631141939
2020-09-11 01:00:00,1060.825217735091
2020-09-13 01:00:00,1056.284309628062
2020-09-14 01:00:00,1054.0082254208173
2020-09-15 01:00:00,1051.7286609422763
2020-09-16 01:00:00,1049.4458192566203
2020-09-17 01:00:00,1047.1598990299326
2020-09-18 01:00:00,1044.8710905695739
2020-09-20 01:00:00,1040.2855021672424
2020-09-21 01:00:00,1037.9890252703822
2020-09-22 01:00:00,1035.6902646315307
2020-09-23 01:00:00,1033.3893282641925
2020-09-24 01:00:00,1031.0863114966899
2020-09-25 01:00:00,1027.1027192824763
2020-09-27 01:00:00,1016.8920529661079
2020-09-28 01:00:00,1011.84476001587
2020-09-29 01:00:00,1006.8432733975156
2020-09-30 01:00:00,1001.8936897035683
2020-10-01 01:00:00,997.0027892972216
2020-10-02 01:00:00,992.178103088755
2020-10-04 01:00:00,982.7616739401468
2020-10-05 01:00:00,978.1893876883572
2020-10-06 01:00:00,973.7223710334063
2020-10-07 01:00:00,969.3729675918518
2020-10-08 01:00:00,965.1546637812035
2020-10-09 01:00:00,961.082109972268
2020-10-11 01:00:00,953.4385128015971
2020-10-12 01:00:00,949.9021251253969
2020-10-13 01:00:00,946.5803747357792
2020-10-14 01:00:00,943.4919239589753
2020-10-15 01:00:00,940.6550445101682
2020-10-16 01:00:00,938.0867532683858
2020-10-18 01:00:00,933.8105110885197
2020-10-19 01:00:00,932.1184371674399
2020-10-20 01:00:00,930.7230097278248
2020-10-21 01:00:00,929.6122505343101
2020-10-22 01:00:00,928.7628641750837
2020-10-23 01:00:00,928.1390286695196
2020-10-25 01:00:00,927.3617095358638
2020-10-26 00:00:00,927.0908193014269
2020-10-27 00:00:00,926.7810772365513
2020-10-28 00:00:00,926.3693191794257
2020-10-29 00:00:00,925.7829772954152
2020-10-30 00:00:00,924.9579527887076
2020-11-01 00:00:00,922.3977024632761
2020-11-02 00:00:00,920.6013463940303
2020-11-03 00:00:00,918.4438924453697
2020-11-04 00:00:00,915.9283890858311
2020-11-05 00:00:00,913.0678490557578
2020-11-06 00:00:00,909.8827608006435
2020-11-08 00:00:00,902.6441862615998
2020-11-09 00:00:00,898.6489973150399
2020-11-10 00:00:00,893.5916344062571
2020-11-11 00:00:00,886.6534408975779
2020-11-12 00:00:00,879.5844164319881
2020-11-13 00:00:00,872.409278757148
2020-11-15 00:00:00,857.8275611576851
2020-11-16 00:00:00,850.4583520345882
2020-11-17 00:00:00,843.0579137983175
2020-11-18 00:00:00,835.6392783906242
2020-11-19 00:00:00,828.2135228827669
2020-11-20 00:00:00,820.7899767110416
2020-11-22 00:00:00,805.9793316399371
2020-11-23 00:00:00,798.6039693779783
2020-11-24 00:00:00,791.2546308593107
2020-11-25 00:00:00,783.9347441097252
2020-11-26 00:00:00,776.6470000499069
2020-11-27 00:00:00,769.3934588180794
2020-11-29 00:00:00,754.9946144266087
2020-11-30 00:00:00,747.851052262927
2020-12-01 00:00:00,740.7453071460958
2020-12-02 00:00:00,733.6774590461388
2020-12-03 00:00:00,726.6473636666849
2020-12-04 00:00:00,719.6546933456236
2020-12-06 00:00:00,705.7796067208435
2020-12-07 00:00:00,698.8959106186408
2020-12-08 00:00:00,692.0471273739022
2020-12-09 00:00:00,685.2324476359988
2020-12-10 00:00:00,678.4510229137625
2020-12-11 00:00:00,671.7019741316292
2020-12-13 00:00:00,658.2973444355057
2020-12-14 00:00:00,651.6398460939969
2020-12-15 00:00:00,645.0108707460431
2020-12-16 00:00:00,638.4093337139764
2020-12-17 00:00:00,631.8340943115022
2020-12-18 00:00:00,625.2839637851528
2020-12-20 00:00:00,612.2541202776226
2020-12-21 00:00:00,605.7719260595138
2020-12-22 00:00:00,599.3641672849196
2020-12-23 00:00:00,593.1453839122457
2020-12-24 00:00:00,586.9449172000452
2020-12-27 00:00:00,568.4425377660098
2020-12-28 00:00:00,562.3048167394352
2020-12-29 00:00:00,556.1805589894782
2020-12-30 00:00:00,550.069094201437
2020-12-31 00:00:00,543.9698981001617
2021-01-03 00:00:00,525.7434553183975
2021-01-04 00:00:00,519.6920250784103
2021-01-05 00:00:00,513.6535034718767
2021-01-06 00:00:00,507.62894354062826
2021-01-07 00:00:00,501.61982105800337
2021-01-08 00:00:00,495.6280983107998
2021-01-10 00:00:00,483.7075726575164
2021-01-11 00:00:00,480.40770318871296
2021-01-12 00:00:00,478.3079621522518
2021-01-13 00:00:00,478.2021401723674
2021-01-14 00:00:00,478.08124761765487
2021-01-15 00:00:00,477.93662572951337
2021-01-17 00:00:00,477.53414051603454
2021-01-18 00:00:00,477.25103846521483
2021-01-19 00:00:00,476.89340740894863
2021-01-20 00:00:00,476.4437237865558
2021-01-21 00:00:00,475.8823053185836
2021-01-22 00:00:00,475.18729182841753
2021-01-24 00:00:00,473.29875092779685
2021-01-25 00:00:00,472.05201020856407
2021-01-26 00:00:00,470.56620244223836
2021-01-27 00:00:00,468.8129038924109
2021-01-28 00:00:00,466.76462970999114
2021-01-29 00:00:00,464.3961539911314
2021-01-31 00:00:00,458.6184981776631
2021-02-01 00:00:00,455.1849580786161
2021-02-02 00:00:00,451.38606794695613
2021-02-03 00:00:00,447.2330661889299
2021-02-04 00:00:00,442.7488101837081
2021-02-05 00:00:00,437.96805346143753
2021-02-07 00:00:00,429.31723984329267
2021-02-08 00:00:00,426.23019038628877
2021-02-09 00:00:00,423.0775633321523
2021-02-10 00:00:00,419.9257142404151
2021-02-11 00:00:00,416.83753836919016
2021-02-12 00:00:00,414.64014956620474
2021-02-14 00:00:00,416.2673038590806
2021-02-15 00:00:00,420.2956816391161
2021-02-16 00:00:00,425.9711056553749
2021-02-17 00:00:00,431.3981375446755
2021-02-18 00:00:00,436.57322210113693
2021-02-19 00:00:00,441.49846231262825
2021-02-21 00:00:00,450.62804482079196
2021-02-22 00:00:00,454.8533271026495
2021-02-23 00:00:00,458.86876822648344
2021-02-24 00:00:00,462.6875755017802
2021-02-25 00:00:00,466.3230088893581
2021-02-26 00:00:00,469.7880361182147
2021-02-28 00:00:00,476.25597107292015
2021-03-01 00:00:00,479.28166757902846
2021-03-02 00:00:00,482.182416728877
2021-03-03 00:00:00,484.96764973505105
2021-03-04 00:00:00,487.6460155215864
2021-03-05 00:00:00,490.2254073965189
2021-03-07 00:00:00,497.93776426201725
2021-03-08 00:00:00,501.9112848564913
2021-03-09 00:00:00,505.8928039173152
2021-03-10 00:00:00,509.8823698951321
2021-03-11 00:00:00,513.8800206116539
2021-03-12 00:00:00,517.8857835234833
2021-03-14 00:00:00,525.9217094932651
2021-03-15 00:00:00,529.9518855673604
2021-03-16 00:00:00,533.9902033608537
2021-03-17 00:00:00,538.0366584955816
2021-03-18 00:00:00,542.0912451456184
2021-03-19 00:00:00,546.1539572036098
2021-03-21 00:00:00,554.3037363076699
2021-03-22 00:00:00,558.3907959462438
2021-03-23 00:00:00,562.4859672633963
2021-03-24 00:00:00,566.5892527688623
2021-03-25 00:00:00,570.7006600019754
2021-03-26 00:00:00,574.8202042961286
2021-03-28 00:00:00,583.0838272344984
2021-03-29 01:00:00,587.4003273816325
2021-03-30 01:00:00,591.553215201204
2021-03-31 01:00:00,595.7145644329089
2021-04-01 01:00:00,599.8844962289337
2021-04-04 01:00:00,612.4470996816065
2021-04-05 01:00:00,616.6526638691688
2021-04-06 01:00:00,620.8674363662509
2021-04-07 01:00:00,625.0915171768636
2021-04-08 01:00:00,629.3249951682845
2021-04-09 01:00:00,633.5679485572748
2021-04-11 01:00:00,642.0825457757999
2021-04-12 01:00:00,646.3543001275261
2021-04-13 01:00:00,650.6357529790422
2021-04-14 01:00:00,654.9269427308708
2021-04-15 01:00:00,659.2279030588059
2021-04-16 01:00:00,663.5386639470282
2021-04-18 01:00:00,672.1896940876494
2021-04-19 01:00:00,676.5300121879004
2021-04-20 01:00:00,680.8802298392111
2021-04-21 01:00:00,685.2403701938117
2021-04-22 01:00:00,689.6104580942724
2021-04-23 01:00:00,693.9905224895526
2021-04-25 01:00:00,702.7807394615897
2021-04-26 01:00:00,707.3914608558039
2021-04-27 01:00:00,713.5292349647268
2021-04-28 01:00:00,719.6322930366895
2021-04-29 01:00:00,725.6904729558707
2021-04-30 01:00:00,731.6939952384588
2021-05-02 01:00:00,743.5009238167855
2021-05-03 01:00:00,749.2881286727967
2021-05-04 01:00:00,754.9884164897201
2021-05-05 01:00:00,760.5957968118367
2021-05-06 01:00:00,766.1050947777464
2021-05-07 01:00:00,771.5118809098213
2021-05-09 01:00:00,782.0033618166601
2021-05-10 01:00:00,787.0820420814512
2021-05-11 01:00:00,792.0459670028429
2021-05-12 01:00:00,796.8929199155615
2021-05-13 01:00:00,801.6208334329945
2021-05-14 01:00:00,806.2277159715137
2021-05-16 01:00:00,815.0704626728239
2021-05-17 01:00:00,819.3022686901323
2021-05-18 01:00:00,823.4048861198805
2021-05-19 01:00:00,827.3761248384271
2021-05-20 01:00:00,831.2137484531044
2021-05-21 01:00:00,834.9155103502906
2021-05-23 01:00:00,841.9027536883173
2021-05-24 01:00:00,845.1842692148433
2021-05-25 01:00:00,848.3221905664348
2021-05-26 01:00:00,851.3153923168592
2021-05-27 01:00:00,854.1633204266984
2021-05-28 01:00:00,856.8661327509222
2021-05-30 01:00:00,863.8434296422831
2021-05-31 01:00:00,868.6582992280155
2021-06-01 01:00:00,873.4856667437714
2021-06-02 01:00:00,878.32560312169
2021-06-03 01:00:00,883.178162834115
2021-06-04 01:00:00,888.0433843876294
2021-06-06 01:00:00,897.8118928302466
2021-06-07 01:00:00,902.7151850019793
2021-06-08 01:00:00,907.6311506143155
2021-06-09 01:00:00,912.5597596046375
2021-06-10 01:00:00,917.5009691135606
2021-06-11 01:00:00,922.4547236664074
2021-06-13 01:00:00,932.399585087717
2021-06-14 01:00:00,937.3905223472079
2021-06-15 01:00:00,942.3936675375883
2021-06-16 01:00:00,947.4089128756933
2021-06-17 01:00:00,952.4361444914575
2021-06-18 01:00:00,957.4752448980728
2021-06-20 01:00:00,967.5885842581872
2021-06-21 01:00:00,972.6626034187288
2021-06-22 01:00:00,977.7480618145906
2021-06-23 01:00:00,982.8448855070532
2021-06-24 01:00:00,987.9530203392719
2021-06-25 01:00:00,993.0724301047233
2021-06-27 01:00:00,1003.3449825478885
2021-06-28 01:00:00,1008.4980804555427
2021-06-29 01:00:00,1013.662347841473
2021-06-30 01:00:00,1018.8377314511789
2021-07-01 01:00:00,1024.0241594040376
2021-07-02 01:00:00,1028.5309612054925
2021-07-04 01:00:00,1036.2453701007064
2021-07-05 01:00:00,1040.114636761959
2021-07-06 01:00:00,1043.99180725755
2021-07-07 01:00:00,1047.8767632894767
2021-07-08 01:00:00,1049.3714516991117
2021-07-09 01:00:00,1050.7281529425923
2021-07-11 01:00:00,1053.461065796585
2021-07-12 01:00:00,1054.8371258765776
2021-07-13 01:00:00,1056.2194753575484
2021-07-14 01:00:00,1058.1654003075457
2021-07-15 01:00:00,1060.7244632484294
2021-07-16 01:00:00,1063.2879090064116
2021-07-18 01:00:00,1068.4273957814153
2021-07-19 01:00:00,1071.0031587373992
2021-07-20 01:00:00,1073.582752855555
2021-07-21 01:00:00,1076.166047524665
2021-07-22 01:00:00,1078.752918548125
2021-07-23 01:00:00,1080.0
2021-07-25 01:00:00,1080.0
2021-07-26 01:00:00,1080.0
2021-07-27 01:00:00,1080.0
2021-07-28 01:00:00,1080.0
2021-07-29 01:00:00,1080.0
2021-07-30 01:00:00,1079.4151804679454
2021-08-01 01:00:00,1076.453903267431
2021-08-02 01:00:00,1074.3613842456066
2021-08-03 01:00:00,1068.5826137436266
2021-08-04 01:00:00,1062.8342781988038
2021-08-05 01:00:00,1057.1206976127273
2021-08-06 01:00:00,1051.4454194458438
2021-08-08 01:00:00,1040.220606626748
2021-08-09 01:00:00,1034.6750739825525
2021-08-10 01:00:00,1029.176014334295
2021-08-11 01:00:00,1023.7243764177462
2021-08-12 01:00:00,1014.3499087098415
2021-08-13 01:00:00,1005.0491703997488
2021-08-15 01:00:00,986.7396200757169
2021-08-16 01:00:00,977.7307583389309
2021-08-17 01:00:00,968.8188446494753
2021-08-18 01:00:00,960.0034987501886
2021-08-19 01:00:00,951.2842914944994
2021-08-20 01:00:00,944.5267379043206
2021-08-22 01:00:00,931.5748759753798
2021-08-23 01:00:00,925.1699244691097
2021-08-24 01:00:00,918.8124505626982
2021-08-25 01:00:00,912.5026736768642
2021-08-26 01:00:00,906.2409119034754
2021-08-27 01:00:00,900.0275946571801
2021-08-29 01:00:00,887.7486349865787
2021-08-30 01:00:00,881.6845069624553
2021-08-31 01:00:00,875.6718745232001
2021-09-01 01:00:00,869.7118906254756
2021-09-02 01:00:00,863.8058910509837
2021-09-03 01:00:00,857.9554109102053
2021-09-05 01:00:00,846.4282592146772
2021-09-06 01:00:00,840.7558310253066
2021-09-07 01:00:00,835.147454794053
2021-09-08 01:00:00,829.6059753597243
2021-09-09 01:00:00,824.134571462454
2021-09-10 01:00:00,818.7367821272128
2021-09-12 01:00:00,808.1781782948901
2021-09-13 01:00:00,803.0265159287925
2021-09-14 01:00:00,797.9668487643564
2021-09-15 01:00:00,793.0050192803037
2021-09-16 01:00:00,788.1474602248229
2021-09-17 01:00:00,783.4012452397635
2021-09-19 01:00:00,774.2746465088655
2021-09-20 01:00:00,769.9120496222617
2021-09-21 01:00:00,765.6964379934722
2021-09-22 01:00:00,761.6387137549312
2021-09-23 01:00:00,757.7505674999445
2021-09-24 01:00:00,754.044409872711
2021-09-26 01:00:00,747.2304504793658
2021-09-27 01:00:00,744.1494864105027
2021-09-28 01:00:00,741.3034305462945
2021-09-29 01:00:00,738.7043890814524
2021-09-30 01:00:00,736.3627130766273
2021-10-01 01:00:00,734.2860210999027
2021-10-03 01:00:00,730.9372251213813
2021-10-04 01:00:00,729.6554536122371
2021-10-05 01:00:00,728.6165573404521
2021-10-06 01:00:00,727.7952408380211
2021-10-07 01:00:00,727.1563918096186
2021-10-08 01:00:00,726.6550907544339
2021-10-10 01:00:00,726.2102732583585
2021-10-11 01:00:00,729.3970597579346
2021-10-12 01:00:00,732.3531642176804
2021-10-13 01:00:00,734.9517102251746
2021-10-14 01:00:00,737.0781593163351
2021-10-15 01:00:00,738.6359493438082
2021-10-17 01:00:00,739.7701343981801
2021-10-18 01:00:00,739.2676984105594
2021-10-19 01:00:00,738.0370981206478
2021-10-20 01:00:00,736.0913504631814
2021-10-21 01:00:00,733.4589503315519
2021-10-22 01:00:00,730.1802022694447
2021-10-24 01:00:00,721.8829220410623
2021-10-25 01:00:00,716.9738376631234
2021-10-26 01:00:00,711.6323032772209
2021-10-27 01:00:00,705.9125259690436
2021-10-28 01:00:00,699.865791207222
2021-10-29 01:00:00,693.5396497363354
2021-10-31 01:00:00,680.2181837672194
2021-11-01 00:00:00,673.5883791931103
2021-11-02 00:00:00,666.5395526536065
2021-11-03 00:00:00,659.3841849171824
2021-11-04 00:00:00,652.1453357573
2021-11-05 00:00:00,644.8427940277369
2021-11-07 00:00:00,630.1114816642362
2021-11-08 00:00:00,622.7089572704162
2021-11-09 00:00:00,615.2958348075509
2021-11-10 00:00:00,607.8803723745946
2021-11-11 00:00:00,601.3367505318769
2021-11-12 00:00:00,595.8107863088736
2021-11-14 00:00:00,584.7993001111074
2021-11-15 00:00:00,579.3166813832894
2021-11-16 00:00:00,573.8508139042704
2021-11-17 00:00:00,568.4023310570715
2021-11-18 00:00:00,562.9716268400888
2021-11-19 00:00:00,557.5588938964313
2021-11-21 00:00:00,546.7872961522893
2021-11-22 00:00:00,541.4280797415184
2021-11-23 00:00:00,536.0861754254862
2021-11-24 00:00:00,530.761172204991
2021-11-25 00:00:00,525.4525944950499
2021-11-26 00:00:00,520.1599152423184
2021-11-28 00:00:00,509.61995561963204
2021-11-29 00:00:00,504.371463963127
2021-11-30 00:00:00,499.1364671068244
2021-12-01 00:00:00,493.91433744580036
2021-12-02 00:00:00,488.70445204108887
2021-12-03 00:00:00,483.50619729371635
2021-12-05 00:00:00,473.14218316023926
2021-12-06 00:00:00,467.9752539644021
2021-12-07 00:00:00,462.81761610987246
2021-12-08 00:00:00,457.6687181989903
2021-12-09 00:00:00,452.5280328289392
2021-12-10 00:00:00,447.39506778171653
2021-12-12 00:00:00,437.1505867359556
2021-12-13 00:00:00,432.03838780499666
2021-12-14 00:00:00,426.9325752458774
2021-12-15 00:00:00,421.83305471096253
2021-12-16 00:00:00,416.73986488704804
2021-12-17 00:00:00,411.6532003944236
2021-12-19 00:00:00,401.50116811563976
2021-12-20 00:00:00,396.43722855747023
2021-12-21 00:00:00,391.38274767792404
2021-12-22 00:00:00,386.3391914568205
2021-12-23 00:00:00,381.30841936636875
2021-12-26 00:00:00,366.31873247541097
2021-12-27 00:00:00,361.3680427489702
2021-12-28 00:00:00,356.4479797412864
2021-12-29 00:00:00,351.56452241053466
2021-12-30 00:00:00,348.8917947501317
2021-12-31 00:00:00,347.9164719670489
2022-01-02 00:00:00,346.1685068245814
2022-01-03 00:00:00,345.3848549618872
2022-01-04 00:00:00,344.653097589642
2022-01-05 00:00:00,343.9662775395741
2022-01-06 00:00:00,343.3169133616617
2022-01-07 00:00:00,342.697060810526
2022-01-09 00:00:00,341.5123404454007
2022-01-10 00:00:00,340.9301371421865
2022-01-11 00:00:00,340.3430140022398
2022-01-12 00:00:00,339.7422860651816
2022-01-13 00:00:00,339.1194775470765
2022-01-14 00:00:00,338.4664314605617
2022-01-16 00:00:00,337.039169805813
2022-01-17 00:00:00,336.2510520232464
2022-01-18 00:00:00,335.4050174641543
2022-01-19 00:00:00,334.4956955186217
2022-01-20 00:00:00,333.51840570252705
2022-01-21 00:00:00,332.4691662892138
2022-01-23 00:00:00,330.1423622237601
2022-01-24 00:00:00,328.8602243160967
2022-01-25 00:00:00,327.4969228155742
2022-01-26 00:00:00,326.0516744384039
2022-01-27 00:00:00,324.52421731465347
2022-01-28 00:00:00,322.91475748136196
2022-01-30 00:00:00,319.45265131173494
2022-01-31 00:00:00,317.6022318228525
2022-02-01 00:00:00,315.6741382778505
2022-02-02 00:00:00,313.6700232266432
2022-02-03 00:00:00,311.5916580089343
2022-02-04 00:00:00,309.44089444559205
2022-02-06 00:00:00,304.92982621232454
2022-02-07 00:00:00,302.5734203560214
2022-02-08 00:00:00,300.15238900723426
2022-02-09 00:00:00,297.6687005986257
2022-02-10 00:00:00,295.12431320514224
2022-02-11 00:00:00,292.521165324065
2022-02-13 00:00:00,287.1461948820397
2022-02-14 00:00:00,284.3780819224129
2022-02-15 00:00:00,281.55861807263784
2022-02-16 00:00:00,278.68954598242465
2022-02-17 00:00:00,275.9095491099214
2022-02-18 00:00:00,273.22090534642734
2022-02-20 00:00:00,267.5861241707587
2022-02-21 00:00:00,264.6463894600397
2022-02-22 00:00:00,261.6292204852334
2022-02-23 00:00:00,258.53761106619925
2022-02-24 00:00:00,255.3744726154597
2022-02-25 00:00:00,252.14263169561696
2022-02-27 00:00:00,245.483696180558
2022-02-28 00:00:00,242.06178099169074
2022-03-01 00:00:00,238.5815043874111
2022-03-02 00:00:00,235.04516827255122
2022-03-03 00:00:00,232.27234819860712
2022-03-04 00:00:00,231.27387884885547
2022-03-06 00:00:00,229.25533414318284
2022-03-07 00:00:00,228.40255460087815
2022-03-08 00:00:00,227.6501689925683
2022-03-09 00:00:00,226.91455827223717
2022-03-10 00:00:00,226.19618837347082
2022-03-11 00:00:00,225.49559662843615
2022-03-13 00:00:00,224.15021019099333
2022-03-14 00:00:00,223.50678145640654
2022-03-15 00:00:00,222.88384830729137
2022-03-16 00:00:00,222.28219606245875
2022-03-17 00:00:00,221.7026384774524
2022-03-18 00:00:00,221.14601081543515
2022-03-20 00:00:00,220.10494766797046
2022-03-21 00:00:00,219.6222151181222
2022-03-22 00:00:00,221.500452453736
2022-03-23 00:00:00,224.22494876874327
2022-03-24 00:00:00,227.02064551141234
2022-03-25 00:00:00,229.88840976626454
2022-03-27 00:00:00,235.8421883433515
2022-03-28 01:00:00,239.05766447083977
2022-03-29 01:00:00,242.6531971905398
2022-03-30 01:00:00,247.77959189591297
2022-03-31 01:00:00,252.98524665253308
2022-04-01 01:00:00,258.26654006412514
2022-04-03 01:00:00,269.0356991851396
2022-04-04 01:00:00,274.5099446880183
2022-04-05 01:00:00,280.0322498425563
2022-04-06 01:00:00,286.8861187170028
2022-04-07 01:00:00,293.80863531327077
2022-04-08 01:00:00,300.7428641099556
2022-04-10 01:00:00,314.5775065304301
2022-04-11 01:00:00,321.43902965469204
2022-04-12 01:00:00,328.2349641810831
2022-04-13 01:00:00,334.94268972504676
2022-04-14 01:00:00,341.5390418319405
2022-04-17 01:00:00,360.4301564590695
2022-04-18 01:00:00,366.35516305396436
2022-04-19 01:00:00,372.0610353762313
2022-04-20 01:00:00,377.53037641906496
2022-04-21 01:00:00,382.74759467606145
2022-04-22 01:00:00,387.69888299945103
2022-04-24 01:00:00,396.7567084595845
2022-04-25 01:00:00,400.84339792259993
2022-04-26 01:00:00,404.6240726897893
2022-04-27 01:00:00,408.0915635336445
2022-04-28 01:00:00,411.2394737290134
2022-04-29 01:00:00,414.06203848342614
2022-05-01 01:00:00,419.0024910250281
2022-05-02 01:00:00,422.6795663972789
2022-05-03 01:00:00,426.01898982839816
2022-05-04 01:00:00,429.0175532950317
2022-05-05 01:00:00,431.672813455765
2022-05-06 01:00:00,433.98328604175015
2022-05-08 01:00:00,437.5702093384979
2022-05-09 01:00:00,438.85084808687
2022-05-10 01:00:00,439.7957315342974
2022-05-11 01:00:00,440.41247770828625
2022-05-12 01:00:00,440.7115398443327
2022-05-13 01:00:00,440.7065262115119
2022-05-15 01:00:00,439.8560103413747
2022-05-16 01:00:00,439.05548856697953
2022-05-17 01:00:00,438.04087852862233
2022-05-18 01:00:00,436.8435873038326
2022-05-19 01:00:00,435.4980868172788
2022-05-20 01:00:00,434.04139531040244
2022-05-22 01:00:00,430.95125145916165
2022-05-23 01:00:00,429.3982711425857
2022-05-24 01:00:00,427.8934095706096
2022-05-25 01:00:00,426.47530405972384
2022-05-26 01:00:00,425.1805748027248
2022-05-27 01:00:00,424.043196258973
2022-05-29 01:00:00,422.3603179193932
2022-05-30 01:00:00,422.56855850882255
2022-05-31 01:00:00,423.4935317746585
2022-06-01 01:00:00,424.69612282423276
2022-06-02 01:00:00,426.1890087456999
2022-06-03 01:00:00,427.98160454517097
2022-06-05 01:00:00,432.48917987233006
2022-06-06 01:00:00,435.20963742851166
2022-06-07 01:00:00,438.24148260173246
2022-06-08 01:00:00,441.582915090361
2022-06-09 01:00:00,445.2309238758545
2022-06-10 01:00:00,449.1815836446539
2022-06-12 01:00:00,457.97213411448143
2022-06-13 01:00:00,462.80180663109616
2022-06-14 01:00:00,467.9140457928997
2022-06-15 01:00:00,473.3036167989954
2022-06-16 01:00:00,478.9654356088347
2022-06-17 01:00:00,484.8946401011596
2022-06-19 01:00:00,497.53717178053364
2022-06-20 01:00:00,504.242289864958
2022-06-21 01:00:00,511.19840704174123
2022-06-22 01:00:00,518.402266884027
2022-06-23 01:00:00,525.8509151425527
2022-06-24 01:00:00,533.5416459365321
2022-06-26 01:00:00,549.6392902102942
2022-06-27 01:00:00,558.0412263582925
2022-06-28 01:00:00,566.6750181636405
2022-06-29 01:00:00,575.5375780164397
2022-06-30 01:00:00,584.6252528248201
2022-07-01 01:00:00,593.933613161058
2022-07-03 01:00:00,613.1894593578962
2022-07-04 01:00:00,623.1222176339752
2022-07-05 01:00:00,633.2458159255151
2022-07-06 01:00:00,643.5488215348198
2022-07-07 01:00:00,654.0179973976188
2022-07-08 01:00:00,664.6383271801254
2022-07-10 01:00:00,686.2643381161106
2022-07-11 01:00:00,697.2327217553961
2022-07-12 01:00:00,708.2783914319925
2022-07-13 01:00:00,719.3811954043342
2022-07-14 01:00:00,730.5211943856089
2022-07-15 01:00:00,741.6791014091976
2022-07-17 01:00:00,763.977008832714
2022-07-18 01:00:00,775.084808949936
2022-07-19 01:00:00,786.1464828012879
2022-07-20 01:00:00,797.1502169965083
2022-07-21 01:00:00,808.0859509713033
2022-07-22 01:00:00,818.9452955110312
2022-07-24 01:00:00,840.4088359341661
2022-07-25 01:00:00,851.0033546596545
2022-07-26 01:00:00,861.5017900333797
2022-07-27 01:00:00,871.9018545515281
2022-07-28 01:00:00,882.2019903324015
2022-07-29 01:00:00,892.4012263536524
2022-07-31 01:00:00,912.4952996711149
2022-08-01 01:00:00,919.429707235811
2022-08-02 01:00:00,925.5544281900532
2022-08-03 01:00:00,931.63260204214
2022-08-04 01:00:00,937.6644087747022
2022-08-05 01:00:00,943.6500207584074
2022-08-07 01:00:00,955.4831917564459
2022-08-08 01:00:00,961.3308889707585
2022-08-09 01:00:00,967.1326411393147
2022-08-10 01:00:00,972.8883315825201
2022-08-11 01:00:00,978.5977464171339
2022-08-12 01:00:00,984.260559112676
2022-08-14 01:00:00,995.4443995412591
2022-08-15 01:00:00,1000.9640429691049
2022-08-16 01:00:00,1006.4342774197842
2022-08-17 01:00:00,1011.8539320724619
2022-08-18 01:00:00,1017.2216146880282
2022-08-19 01:00:00,1022.5356956584936
2022-08-21 01:00:00,1032.9952446403922
2022-08-22 01:00:00,1038.1361064035982
2022-08-23 01:00:00,1043.2141107028351
2022-08-24 01:00:00,1048.2261507319056
2022-08-25 01:00:00,1053.168751378479
2022-08-26 01:00:00,1058.0380401284972
2022-08-28 01:00:00,1067.5390205128058
2022-08-29 01:00:00,1071.4208851089625
2022-08-30 01:00:00,1073.3415434592278
2022-08-31 01:00:00,1075.1626164887875
2022-09-01 01:00:00,1076.8773084986162
2022-09-02 01:00:00,1078.4782283753211
2022-09-04 01:00:00,1080.0
2022-09-05 01:00:00,1080.0
2022-09-06 01:00:00,1080.0
2022-09-07 01:00:00,1080.0
2022-09-08 01:00:00,1080.0
2022-09-09 01:00:00,1080.0
2022-09-11 01:00:00,1080.0
2022-09-12 01:00:00,1080.0
2022-09-13 01:00:00,1080.0
2022-09-14 01:00:00,1080.0
2022-09-15 01:00:00,1080.0
2022-09-16 01:00:00,1080.0
2022-09-18 01:00:00,1080.0
2022-09-19 01:00:00,1079.8308985947197
2022-09-20 01:00:00,1078.154925241076
2022-09-21 01:00:00,1076.360589736833
2022-09-22 01:00:00,1074.4894166202323
2022-09-23 01:00:00,1072.5888953125786
2022-09-25 01:00:00,1068.9095898484804
2022-09-26 01:00:00,1067.2390773744503
2022-09-27 01:00:00,1067.005907104144
2022-09-28 01:00:00,1069.7667059456178
2022-09-29 01:00:00,1072.527829392874
2022-09-30 01:00:00,1075.289027772568
2022-10-02 01:00:00,1080.0
2022-10-03 01:00:00,1080.0
2022-10-04 01:00:00,1080.0
2022-10-05 01:00:00,1080.0
2022-10-06 01:00:00,1080.0
2022-10-07 01:00:00,1080.0
2022-10-09 01:00:00,1080.0
2022-10-10 01:00:00,1080.0
2022-10-11 01:00:00,1080.0
2022-10-12 01:00:00,1080.0
2022-10-13 01:00:00,1077.8054968365395
2022-10-14 01:00:00,1074.722920444458
2022-10-16 01:00:00,1068.2351832819652
2022-10-17 01:00:00,1064.8665486468321
2022-10-18 01:00:00,1061.435863237033
2022-10-19 01:00:00,1057.9566270682453
2022-10-20 01:00:00,1054.4405894952108
2022-10-21 01:00:00,1050.8978870426092
2022-10-23 01:00:00,1043.7658808970996
2022-10-24 01:00:00,1040.1901584908464
2022-10-25 01:00:00,1036.6152276373493
2022-10-26 01:00:00,1033.04540675709
2022-10-27 01:00:00,1029.4842506161667
2022-10-28 01:00:00,1025.9346551245364
2022-10-30 01:00:00,1018.8789771113338
2022-10-31 00:00:00,1015.5219514175508
2022-11-01 00:00:00,1012.0365956705048
2022-11-02 00:00:00,1008.5702240550578
2022-11-03 00:00:00,1005.1233687014164
2022-11-04 00:00:00,1001.6963482375247
2022-11-06 00:00:00,994.9022267235412
2022-11-07 00:00:00,991.5349907299337
2022-11-08 00:00:00,988.1873688667694
2022-11-09 00:00:00,984.8590558707645
2022-11-10 00:00:00,981.5496842077358
2022-11-11 00:00:00,978.2588381458515
2022-11-13 00:00:00,971.7308888018265
2022-11-14 00:00:00,968.492812100603
2022-11-15 00:00:00,965.2713307878048
2022-11-16 00:00:00,962.0659377649653
2022-11-17 00:00:00,958.8761304353751
2022-11-18 00:00:00,955.7014173946304
2022-11-20 00:00:00,949.3954051400223
2022-11-21 00:00:00,946.2632407782623
2022-11-22 00:00:00,943.1718124710177
2022-11-23 00:00:00,940.6516208899643
2022-11-24 00:00:00,938.1383316069923
2022-11-25 00:00:00,935.6319804757334
2022-11-27 00:00:00,930.640213872692
2022-11-28 00:00:00,928.1548405161384
2022-11-29 00:00:00,925.6764859765582
2022-11-30 00:00:00,922.630695634612
2022-12-01 00:00:00,916.3663763742877
2022-12-02 00:00:00,907.5624395734321
2022-12-04 00:00:00,888.5213388343313
2022-12-05 00:00:00,879.0146831686365
2022-12-06 00:00:00,869.5235699003596
2022-12-07 00:00:00,860.0531031005191
2022-12-08 00:00:00,850.6087595809465
2022-12-09 00:00:00,841.1964456568694
2022-12-11 00:00:00,822.4940829361503
2022-12-12 00:00:00,813.2186359832602
2022-12-13 00:00:00,804.0046089811495
2022-12-14 00:00:00,794.8612608778619
2022-12-15 00:00:00,785.7988531030899
2022-12-16 00:00:00,776.8287976152411
2022-12-18 00:00:00,759.2181520771803
2022-12-19 00:00:00,750.6077011191883
2022-12-20 00:00:00,742.1502675742247
2022-12-21 00:00:00,733.8657160116585
2022-12-22 00:00:00,725.7761253395267
2022-12-23 00:00:00,717.9058705313402
2022-12-26 00:00:00,695.8876080865185
2022-12-27 00:00:00,689.1797243130553
2022-12-28 00:00:00,682.839742000853
2022-12-29 00:00:00,676.8974645909115
2022-12-30 00:00:00,672.5136066635407
2023-01-02 00:00:00,668.6309510443793
2023-01-03 00:00:00,669.0032752070214
2023-01-04 00:00:00,670.1291884941285
2023-01-05 00:00:00,671.9099963282789
2023-01-06 00:00:00,674.2147956198751
2023-01-08 00:00:00,679.7546230795266
2023-01-09 00:00:00,682.6422411686898
2023-01-10 00:00:00,685.3838181637668
2023-01-11 00:00:00,687.8331763681482
2023-01-12 00:00:00,689.8713686417807
2023-01-13 00:00:00,691.4101340309143
2023-01-15 00:00:00,692.7862209860268
2023-01-16 00:00:00,692.5866960224915
2023-01-17 00:00:00,691.8044483372598
2023-01-18 00:00:00,690.4638379657304
2023-01-19 00:00:00,688.5979122488707
2023-01-20 00:00:00,686.244784686941
2023-01-22 00:00:00,680.2386332660636
2023-01-23 00:00:00,676.8419578057672
2023-01-24 00:00:00,675.20208608092
2023-01-25 00:00:00,673.2653304874989
2023-01-26 00:00:00,671.0632656348838
2023-01-27 00:00:00,668.6244780268062
2023-01-29 00:00:00,663.1366824466305
2023-01-30 00:00:00,660.1309543167356
2023-01-31 00:00:00,656.9754718796232
2023-02-01 00:00:00,653.6861163664115
2023-02-02 00:00:00,650.2768470331487
2023-02-03 00:00:00,646.7598992042065
2023-02-05 00:00:00,639.4443778855565
2023-02-06 00:00:00,635.6632337342281
2023-02-07 00:00:00,631.8095604691983
2023-02-08 00:00:00,627.8894252283083
2023-02-09 00:00:00,623.9080470564137
2023-02-10 00:00:00,619.8698938976902
2023-02-12 00:00:00,611.6378832005609
2023-02-13 00:00:00,607.4499286249165
2023-02-14 00:00:00,603.2171307938249
2023-02-15 00:00:00,598.9413036382657
2023-02-16 00:00:00,594.6238931294978
2023-02-17 00:00:00,590.2660139377876
2023-02-19 00:00:00,581.4318148903072
2023-02-20 00:00:00,576.9562864757419
2023-02-21 00:00:00,572.4418980073721
2023-02-22 00:00:00,567.8884113020581
2023-02-23 00:00:00,563.2953623793916
2023-02-24 00:00:00,558.662084345054
2023-02-26 00:00:00,549.2713164572472
2023-02-27 00:00:00,544.5117145345731
2023-02-28 00:00:00,539.7077073881557
2023-03-01 00:00:00,534.8579934741433
2023-03-02 00:00:00,529.9612099376453
2023-03-03 00:00:00,527.8014246871214
2023-03-05 00:00:00,528.1411209369617
2023-03-06 00:00:00,528.2813250193344
2023-03-07 00:00:00,528.4006467899085
2023-03-08 00:00:00,528.4983178603093
2023-03-09 00:00:00,528.5736526692326
2023-03-10 00:00:00,528.6260739616872
2023-03-12 00:00:00,528.6605896995477
2023-03-13 00:00:00,528.6423595049364
2023-03-14 00:00:00,528.6006507741789
2023-03-15 00:00:00,528.5359701731866
2023-03-16 00:00:00,528.4491902792975
2023-03-17 00:00:00,528.3416147810207
2023-03-19 00:00:00,528.071882946513
2023-03-20 00:00:00,527.9151622499952
2023-03-21 00:00:00,527.7486851769111
2023-03-22 00:00:00,527.5770839780341
2023-03-23 00:00:00,527.4059102315807
2023-03-24 00:00:00,527.2417096554381
2023-03-26 00:00:00,526.965690182307
2023-03-27 01:00:00,526.8683982370814
2023-03-28 01:00:00,526.8207989374166
2023-03-29 01:00:00,529.4330987517606
2023-03-30 01:00:00,532.8831258861954
2023-03-31 01:00:00,536.341830516113
2023-04-02 01:00:00,543.2844921871304
2023-04-03 01:00:00,546.7680842769429
2023-04-04 01:00:00,550.2596254617263
2023-04-05 01:00:00,553.7589625474591
2023-04-06 01:00:00,557.2659568836558
2023-04-09 01:00:00,567.8317495243509
2023-04-10 01:00:00,571.368329295113
2023-04-11 01:00:00,574.912133200211
2023-04-12 01:00:00,578.4631228183015
2023-04-13 01:00:00,582.0212691955003
2023-04-14 01:00:00,585.5865479467564
2023-04-16 01:00:00,592.7383938116859
2023-04-17 01:00:00,596.3248828271842
2023-04-18 01:00:00,599.9183364338473
2023-04-19 01:00:00,603.5186683188587
2023-04-20 01:00:00,607.1257693484741
2023-04-21 01:00:00,610.7395080728969
2023-04-23 01:00:00,617.9862864850644
2023-04-24 01:00:00,621.618991749224
2023-04-25 01:00:00,625.2576751296776
2023-04-26 01:00:00,628.9021601322936
2023-04-27 01:00:00,632.5522710521875
2023-04-28 01:00:00,636.2078338568107
2023-04-30 01:00:00,643.5346291355643
2023-05-01 01:00:00,647.205524462069
2023-05-02 01:00:00,650.881198691613
2023-05-03 01:00:00,654.561493147643
2023-05-04 01:00:00,658.2462566579198
2023-05-05 01:00:00,661.9353484866258
2023-05-07 01:00:00,669.3260238525755
2023-05-08 01:00:00,673.0274013611204
2023-05-09 01:00:00,676.7326949181697
2023-05-10 01:00:00,680.4418377461063
2023-05-11 01:00:00,684.1547698297459
2023-05-12 01:00:00,687.8714312320359
2023-05-14 01:00:00,695.3156605070579
2023-05-15 01:00:00,699.0430473767478
2023-05-16 01:00:00,702.7737908732465
2023-05-17 01:00:00,706.507738492205
2023-05-18 01:00:00,710.244708256712
2023-05-19 01:00:00,713.9844887281272
2023-05-21 01:00:00,721.4714997897111
2023-05-22 01:00:00,725.218180442425
2023-05-23 01:00:00,728.966578885039
2023-05-24 01:00:00,732.7163763032744
2023-05-25 01:00:00,736.4672408693333
2023-05-26 01:00:00,740.2188289628665
2023-05-28 01:00:00,747.7227448415091
2023-05-29 01:00:00,751.4743291922135
2023-05-30 01:00:00,755.2251506455573
2023-05-31 01:00:00,758.9748115288902
2023-06-01 01:00:00,762.7229068034761
2023-06-02 01:00:00,766.4690275002289
2023-06-04 01:00:00,773.9537161445356
2023-06-05 01:00:00,777.6914854062887
2023-06-06 01:00:00,781.4256866624719
2023-06-07 01:00:00,785.1559393253884
2023-06-08 01:00:00,788.8818612660508
2023-06-09 01:00:00,792.6030588229526
2023-06-11 01:00:00,800.0295839206103
2023-06-12 01:00:00,803.7339737081934
2023-06-13 01:00:00,807.4317495530332
2023-06-14 01:00:00,811.1223252623743
2023-06-15 01:00:00,814.8050617664632
2023-06-16 01:00:00,818.4792659645345
2023-06-18 01:00:00,825.7990344811066
2023-06-19 01:00:00,829.4429444068517
2023-06-20 01:00:00,833.0750158505539
2023-06-21 01:00:00,836.6942947630482
2023-06-22 01:00:00,840.2997785910834
2023-06-23 01:00:00,843.8904168810872
2023-06-25 01:00:00,851.022715269494
2023-06-26 01:00:00,854.5620333578379
2023-06-27 01:00:00,858.0818210323981
2023-06-28 01:00:00,861.5807851424121
2023-06-29 01:00:00,865.0575858388027
2023-06-30 01:00:00,868.5108404754586
2023-07-02 01:00:00,875.3410053479755
2023-07-03 01:00:00,878.7149985917063
2023-07-04 01:00:00,882.0596259243594
2023-07-05 01:00:00,885.3733901641695
2023-07-06 01:00:00,888.6547749924052
2023-07-07 01:00:00,891.9022337966555
2023-07-09 01:00:00,898.2889544436937
2023-07-10 01:00:00,901.4248574609085
2023-07-11 01:00:00,904.5201054718107
2023-07-12 01:00:00,907.5728529468056
2023-07-13 01:00:00,910.5811940392896
2023-07-14 01:00:00,913.5431711787602
2023-07-16 01:00:00,919.3200131469132
2023-07-17 01:00:00,922.1308149400188
2023-07-18 01:00:00,924.8871606920061
2023-07-19 01:00:00,927.5870472867144
2023-07-20 01:00:00,930.2285232608998
2023-07-21 01:00:00,932.5486496532953
2023-07-23 01:00:00,934.8531150532198
2023-07-24 01:00:00,935.9028183784051
2023-07-25 01:00:00,936.8825441886883
2023-07-26 01:00:00,937.7913884402892
2023-07-27 01:00:00,938.6287536179096
2023-07-28 01:00:00,940.7487188587884
2023-07-30 01:00:00,948.6513838278456
2023-07-31 01:00:00,952.5163460469623
2023-08-01 01:00:00,956.3221187992895
2023-08-02 01:00:00,960.0672494714096
2023-08-03 01:00:00,961.237106874664
2023-08-04 01:00:00,962.2870785098825
2023-08-06 01:00:00,964.4073735906128
2023-08-07 01:00:00,965.4778660927611
2023-08-08 01:00:00,966.5553635803952
2023-08-09 01:00:00,967.6399420965071
2023-08-10 01:00:00,968.7316729448185
2023-08-11 01:00:00,969.8306227107222
2023-08-13 01:00:00,972.050422974306
2023-08-14 01:00:00,973.1713849394976
2023-08-15 01:00:00,974.2997891320379
2023-08-16 01:00:00,975.4356815554348
2023-08-17 01:00:00,976.5791045989131
2023-08-18 01:00:00,977.7300972072762
2023-08-20 01:00:00,980.0549309231797
2023-08-21 01:00:00,981.2288346320225
2023-08-22 01:00:00,982.4104336120605
2023-08-23 01:00:00,983.5997530573159
2023-08-24 01:00:00,984.7968163540611
2023-08-25 01:00:00,986.0016456668136
2023-08-27 01:00:00,988.4346904149684
2023-08-28 01:00:00,989.6629536398284
2023-08-29 01:00:00,990.89908179188
2023-08-30 01:00:00,992.1431098784562
2023-08-31 01:00:00,993.3950792092085
2023-09-01 01:00:00,994.6550366557374
2023-09-03 01:00:00,997.1991172494734
2023-09-04 01:00:00,998.4833386986944
2023-09-05 01:00:00,999.7757392135277
2023-09-06 01:00:00,1001.0763542964353
2023-09-07 01:00:00,1002.3852119068761
2023-09-08 01:00:00,1003.7023323817785
2023-09-10 01:00:00,1006.3614064868293
2023-09-11 01:00:00,1007.703364767639
2023-09-12 01:00:00,1009.0535955569237
2023-09-13 01:00:00,1010.4120841671258
2023-09-14 01:00:00,1011.7788091639126
2023-09-15 01:00:00,1013.1537423767577
2023-09-17 01:00:00,1015.9280876473645
2023-09-18 01:00:00,1017.3274108491423
2023-09-19 01:00:00,1018.7347652311773
2023-09-20 01:00:00,1020.1500921283639
2023-09-21 01:00:00,1021.5733282030831
2023-09-22 01:00:00,1023.0044062287816
2023-09-24 01:00:00,1025.8898059930514
2023-09-25 01:00:00,1027.3439839985656
2023-09-26 01:00:00,1028.8057195831564
2023-09-27 01:00:00,1030.2749451037514
2023-09-28 01:00:00,1031.7515966030753
2023-09-29 01:00:00,1033.2356135005011
2023-10-01 01:00:00,1036.2255071070904
2023-10-02 01:00:00,1037.731259936923
2023-10-03 01:00:00,1039.2441244238128
2023-10-04 01:00:00,1040.764020623432
2023-10-05 01:00:00,1042.2908587099353
2023-10-06 01:00:00,1043.8245388127268
2023-10-08 01:00:00,1046.9119773389946
2023-10-09 01:00:00,1048.465489184466
2023-10-10 01:00:00,1050.0253507057428
2023-10-11 01:00:00,1050.1548536256769
2023-10-12 01:00:00,1049.8855797640394
2023-10-13 01:00:00,1049.6030869645517
2023-10-15 01:00:00,1049.001046447026
2023-10-16 01:00:00,1048.6826903483088
2023-10-17 01:00:00,1048.3534993469493
2023-10-18 01:00:00,1048.0139619905988
2023-10-19 01:00:00,1047.6645254414075
2023-10-20 01:00:00,1047.3055969780726
2023-10-22 01:00:00,1046.5607065572592
2023-10-23 01:00:00,1046.175380437305
2023-10-24 01:00:00,1045.781840931661
2023-10-25 01:00:00,1045.3803373189462
2023-10-26 01:00:00,1044.971100009989
2023-10-27 01:00:00,1044.55434598263
2023-10-29 01:00:00,1043.0604365618617
2023-10-30 00:00:00,1038.8416376654354
2023-10-31 00:00:00,1035.0937167464128
2023-11-01 00:00:00,1031.3346008059902
2023-11-02 00:00:00,1027.5648529978705
2023-11-03 00:00:00,1023.785038332737
2023-11-05 00:00:00,1016.1974623630617
2023-11-06 00:00:00,1012.3908182393479
2023-11-07 00:00:00,1008.5763385977649
2023-11-08 00:00:00,1004.7545665603276
2023-11-09 00:00:00,1000.9260383011623
2023-11-10 00:00:00,997.0912830255425
2023-11-12 00:00:00,989.4051718173341
2023-11-13 00:00:00,985.5548353568985
2023-11-14 00:00:00,981.7003074342896
2023-11-15 00:00:00,977.8420680801731
2023-11-16 00:00:00,973.9805799747948
2023-11-17 00:00:00,970.1162850846152
2023-11-19 00:00:00,962.3809225480898
2023-11-20 00:00:00,958.5106135496508
2023-11-21 00:00:00,954.6390143629145
2023-11-22 00:00:00,950.7664396062868
2023-11-23 00:00:00,946.8931813768735
2023-11-24 00:00:00,943.019512735483
2023-11-26 00:00:00,935.271968054321
2023-11-27 00:00:00,931.3985843194195
2023-11-28 00:00:00,927.5257837199949
2023-11-29 00:00:00,923.6538111222688
2023-11-30 00:00:00,919.7829143831214
2023-12-01 00:00:00,915.9133446734903
2023-12-03 00:00:00,908.179199641316
2023-12-04 00:00:00,904.3151305394072
2023-12-05 00:00:00,900.4533981296053
2023-12-06 00:00:00,896.5942495198894
2023-12-07 00:00:00,892.7379283889788
2023-12-08 00:00:00,888.884675008904
2023-12-10 00:00:00,881.1883167083263
2023-12-11 00:00:00,875.1931605094301
2023-12-12 00:00:00,868.8439069749909
2023-12-13 00:00:00,862.5017479607824
2023-12-14 00:00:00,856.1671089011735
2023-12-15 00:00:00,849.840386914054
2023-12-17 00:00:00,837.2120995654233
2023-12-18 00:00:00,830.9111317418732
2023-12-19 00:00:00,824.6192739851163
2023-12-20 00:00:00,818.3367203873001
2023-12-21 00:00:00,812.0636304845817
2023-12-22 00:00:00,805.8001354070241
2023-12-25 00:00:00,787.0682373404143
2023-12-26 00:00:00,780.8440836236045
2023-12-27 00:00:00,774.6299672366656
2023-12-28 00:00:00,768.4259683797279
2023-12-29 00:00:00,765.24425404521
2024-01-01 00:00:00,753.790246713004
2024-01-02 00:00:00,749.3188758445131
2024-01-03 00:00:00,744.550152260716
2024-01-04 00:00:00,739.5072370382935
2024-01-05 00:00:00,734.214407763089
2024-01-07 00:00:00,722.9748695794374
2024-01-08 00:00:00,717.0733221732836
2024-01-09 00:00:00,711.0114017923806
2024-01-10 00:00:00,704.8074902248738
2024-01-11 00:00:00,698.4781533138047
2024-01-12 00:00:00,692.0381981021981
2024-01-14 00:00:00,678.8774715194296
2024-01-15 00:00:00,672.1784937856158
2024-01-16 00:00:00,665.4127503358787
2024-01-17 00:00:00,658.5880114961062
2024-01-18 00:00:00,651.711032689376
2024-01-19 00:00:00,644.7876739463668
2024-01-21 00:00:00,630.8214192913689
2024-01-22 00:00:00,623.7866849485782
2024-01-23 00:00:00,616.7220541635969
2024-01-24 00:00:00,609.6303114848984
2024-01-25 00:00:00,602.5138344706378
2024-01-26 00:00:00,595.3746434536389
2024-01-28 00:00:00,581.5323586220095
2024-01-29 00:00:00,575.6793106319598
2024-01-30 00:00:00,569.8363082778393
2024-01-31 00:00:00,564.0032569576017
2024-02-01 00:00:00,558.1800681080001
2024-02-02 00:00:00,552.3666592344046
2024-02-04 00:00:00,540.7688843021426
2024-02-05 00:00:00,534.9843886919622
2024-02-06 00:00:00,529.2094159243844
2024-02-07 00:00:00,523.443923971334
2024-02-08 00:00:00,517.6878790529041
2024-02-09 00:00:00,511.94125211591336
2024-02-11 00:00:00,500.47612032940253
2024-02-12 00:00:00,494.75751717895105
2024-02-13 00:00:00,489.0481213190749
2024-02-14 00:00:00,483.347825279832
2024-02-15 00:00:00,477.65649806289696
2024-02-16 00:00:00,471.9739899431869
2024-02-18 00:00:00,460.6347719071722
2024-02-19 00:00:00,454.97771688260286
2024-02-20 00:00:00,449.3287977720953
2024-02-21 00:00:00,443.6878405334676
2024-02-22 00:00:00,438.05467376596596
2024-02-23 00:00:00,433.080249084015
2024-02-25 00:00:00,423.7119894236729
2024-02-26 00:00:00,419.0378062900602
2024-02-27 00:00:00,414.3700701270528
2024-02-28 00:00:00,409.70865138338047
2024-02-29 00:00:00,406.3646706130494
2024-03-01 00:00:00,405.2414414214279
2024-03-03 00:00:00,403.09013012010337
2024-03-04 00:00:00,402.0567964038861
2024-03-05 00:00:00,401.0470772994295
2024-03-06 00:00:00,400.0565510308131
2024-03-07 00:00:00,399.07989504785235
2024-03-08 00:00:00,398.1107837883453
2024-03-10 00:00:00,396.1643208268848
2024-03-11 00:00:00,395.1685290233878
2024-03-12 00:00:00,394.1433269017464
2024-03-13 00:00:00,393.07639769386935
2024-03-14 00:00:00,391.95428209435227
2024-03-15 00:00:00,390.76252008720974
2024-03-17 00:00:00,388.1084508182312
2024-03-18 00:00:00,386.6142327871886
2024-03-19 00:00:00,384.9871286617664
2024-03-20 00:00:00,383.2113981893301
2024-03-21 00:00:00,381.2719081060402
2024-03-22 00:00:00,379.2412258938125
2024-03-24 00:00:00,378.89895861247913
2024-03-25 00:00:00,378.41337527465316
2024-03-26 00:00:00,377.7054863163703
2024-03-27 00:00:00,376.76768929636205
2024-03-28 00:00:00,375.5940073840942
2024-03-31 00:00:00,370.62455480506355
2024-04-01 01:00:00,368.3893040686114
2024-04-02 01:00:00,366.0021648028389
2024-04-03 01:00:00,363.3851486435997
2024-04-04 01:00:00,360.54790599592127
2024-04-05 01:00:00,357.5030158499492
2024-04-07 01:00:00,350.8556149602009
2024-04-08 01:00:00,347.2930905664973
2024-04-09 01:00:00,343.6024823153167
2024-04-10 01:00:00,339.80995238161466
2024-04-11 01:00:00,336.1951985824878
2024-04-12 01:00:00,333.62600701347026
2024-04-14 01:00:00,328.47069500260875
2024-04-15 01:00:00,325.9406323373447
2024-04-16 01:00:00,323.4770721599084
2024-04-17 01:00:00,321.10329388492755
2024-04-18 01:00:00,318.8398391006723
2024-04-19 01:00:00,316.70427108201886
2024-04-21 01:00:00,318.4534540588211
2024-04-22 01:00:00,319.90267541262017
2024-04-23 01:00:00,321.35798586113583
2024-04-24 01:00:00,322.8193971365397
2024-04-25 01:00:00,324.2869246649483
2024-04-26 01:00:00,325.76058762070704
2024-04-28 01:00:00,328.7264145138005
2024-04-29 01:00:00,330.218633828239
2024-04-30 01:00:00,331.7170982348582
2024-05-01 01:00:00,333.2218406278854
2024-05-02 01:00:00,334.7328942220838
2024-05-03 01:00:00,336.2502911419158
2024-05-05 01:00:00,339.30422770055276
2024-05-06 01:00:00,340.84081040143883
2024-05-07 01:00:00,342.38381960071445
2024-05-08 01:00:00,343.93325820504134
2024-05-09 01:00:00,345.48912249116853
2024-05-10 01:00:00,347.0514027744773
2024-05-12 01:00:00,350.19516091636854
2024-05-13 01:00:00,351.77661284324813
2024-05-14 01:00:00,353.3644315799256
2024-05-15 01:00:00,354.9586084340828
2024-05-16 01:00:00,356.55913701157925
2024-05-17 01:00:00,358.166013144865
2024-05-19 01:00:00,361.398802044686
2024-05-20 01:00:00,363.02471722110215
2024-05-21 01:00:00,364.6569851774434
2024-05-22 01:00:00,366.2956136902511
2024-05-23 01:00:00,367.9406139166115
2024-05-24 01:00:00,370.96755549932993
2024-05-26 01:00:00,378.2654163913304
2024-05-27 01:00:00,381.9243485013848
2024-05-28 01:00:00,385.59005946725154
2024-05-29 01:00:00,389.2626329779152
2024-05-30 01:00:00,392.94215043632823
2024-05-31 01:00:00,396.6286886173242
2024-06-02 01:00:00,404.0230970371063
2024-06-03 01:00:00,407.7310773766627
2024-06-04 01:00:00,411.44629569786343
2024-06-05 01:00:00,417.3525439273741
2024-06-06 01:00:00,424.70179784478364
2024-06-07 01:00:00,432.12069596555807
2024-06-09 01:00:00,447.1476000874135
2024-06-10 01:00:00,454.7435273158797
2024-06-11 01:00:00,462.3849949533555
2024-06-12 01:00:00,470.06399655037364
2024-06-13 01:00:00,477.771945476341
2024-06-14 01:00:00,485.4998545631233
2024-06-16 01:00:00,500.97886629679584
2024-06-17 01:00:00,508.71192073747966
2024-06-18 01:00:00,517.4051391505902
2024-06-19 01:00:00,526.963281461392
2024-06-20 01:00:00,536.4516450608879
2024-06-21 01:00:00,545.8576207852756
2024-06-23 01:00:00,564.3804765826014
2024-06-24 01:00:00,573.4805400633378
2024-06-25 01:00:00,582.4643760058307
2024-06-26 01:00:00,591.3271905693358
2024-06-27 01:00:00,600.0653341291791
2024-06-28 01:00:00,608.6761166169962
2024-06-30 01:00:00,625.5085636936819
2024-07-01 01:00:00,633.7280794773052
2024-07-02 01:00:00,641.8156434913686
2024-07-03 01:00:00,649.7709202006029
2024-07-04 01:00:00,657.5936651606631
2024-07-05 01:00:00,665.2836362735721
2024-07-07 01:00:00,680.2638622384408
2024-07-08 01:00:00,687.5530264337449
2024-07-09 01:00:00,694.7071354075769
2024-07-10 01:00:00,701.7250364310015
2024-07-11 01:00:00,708.6052627509986
2024-07-12 01:00:00,715.3460007767021
2024-07-14 01:00:00,728.399829977703
2024-07-15 01:00:00,734.7072784964846
2024-07-16 01:00:00,740.8638979543871
2024-07-17 01:00:00,746.8656932870149
2024-07-18 01:00:00,752.7081557382526
2024-07-19 01:00:00,758.3862412797613
2024-07-21 01:00:00,769.2263129734213
2024-07-22 01:00:00,774.3753652238095
2024-07-23 01:00:00,779.3341386340871
2024-07-24 01:00:00,784.0946406077226
2024-07-25 01:00:00,788.6482410516926
2024-07-26 01:00:00,792.9856647473432
2024-07-28 01:00:00,800.9716987169323
2024-07-29 01:00:00,804.5986672991801
2024-07-30 01:00:00,807.9662994344994
2024-07-31 01:00:00,811.0626127112438
2024-08-01 01:00:00,813.87540350009
2024-08-02 01:00:00,816.3924597313334
2024-08-04 01:00:00,820.4922040790179
2024-08-05 01:00:00,822.0532770559097
2024-08-06 01:00:00,823.2763313510062
2024-08-07 01:00:00,824.1548119952306
2024-08-08 01:00:00,824.6850288181644
2024-08-09 01:00:00,827.6701870982538
2024-08-11 01:00:00,833.629670196067
2024-08-12 01:00:00,836.3720087797888
2024-08-13 01:00:00,838.9699647162727
2024-08-14 01:00:00,841.4385081318779
2024-08-15 01:00:00,844.1978442041582
2024-08-16 01:00:00,847.4618969943592
2024-08-18 01:00:00,853.834985006066
2024-08-19 01:00:00,857.0055729299606
2024-08-20 01:00:00,858.401799435883
2024-08-21 01:00:00,859.0832589761402
2024-08-22 01:00:00,859.86640185827
2024-08-23 01:00:00,860.7843889070033
2024-08-25 01:00:00,863.1460287600504
2024-08-26 01:00:00,864.6423943679947
2024-08-27 01:00:00,866.3780818458805
2024-08-28 01:00:00,868.3698016952844
2024-08-29 01:00:00,870.6302012844989
2024-08-30 01:00:00,873.1679717291605
2024-09-01 01:00:00,879.0918284763201
2024-09-02 01:00:00,882.4774987887164
2024-09-03 01:00:00,886.1402513623996
2024-09-04 01:00:00,890.0725805407708
2024-09-05 01:00:00,894.264539211408
2024-09-06 01:00:00,898.7040009717708
2024-09-08 01:00:00,908.2676844634103
2024-09-09 01:00:00,913.359313050161
2024-09-10 01:00:00,918.6339248509051
2024-09-11 01:00:00,924.0730482270246
2024-09-12 01:00:00,929.6580134827971
2024-09-13 01:00:00,935.3703273048995
2024-09-15 01:00:00,947.1059605293914
2024-09-16 01:00:00,953.0960878677893
2024-09-17 01:00:00,959.1476128113532
2024-09-18 01:00:00,965.2471249432357
2024-09-19 01:00:00,968.7702234735771
2024-09-20 01:00:00,971.0816922468814
2024-09-22 01:00:00,975.7210803287202
2024-09-23 01:00:00,978.0491507648201
2024-09-24 01:00:00,980.3828981128239
2024-09-25 01:00:00,982.7223830970877
2024-09-26 01:00:00,985.0676587313666
2024-09-27 01:00:00,987.4187704532469
2024-09-29 01:00:00,992.1386481524708
2024-09-30 01:00:00,994.5074702460116
2024-10-01 01:00:00,996.8822411265793
2024-10-02 01:00:00,999.2629729004258
2024-10-03 01:00:00,1001.6496715338446
2024-10-04 01:00:00,1004.0423370012161
2024-10-06 01:00:00,1008.8455395463159
2024-10-07 01:00:00,1011.2560484924552
2024-10-08 01:00:00,1013.6724685342537
2024-10-09 01:00:00,1016.0947731641468
2024-10-10 01:00:00,1018.5229315725506
2024-10-11 01:00:00,1020.9569093051584
2024-10-13 01:00:00,1025.8421735624481
2024-10-14 01:00:00,1028.2933852937633
2024-10-15 01:00:00,1030.750271773651
2024-10-16 01:00:00,1033.2128070339495
2024-10-17 01:00:00,1035.6809737059964
2024-10-18 01:00:00,1038.154762998856
2024-10-20 01:00:00,1043.119201166081
2024-10-21 01:00:00,1045.609845873268
2024-10-22 01:00:00,1048.106095533098
2024-10-23 01:00:00,1050.6079288628027
2024-10-24 01:00:00,1053.1153127258488
2024-10-25 01:00:00,1055.6282017429244
2024-10-27 01:00:00,1060.6702540168003
2024-10-28 00:00:00,1063.0939865566777
2024-10-29 00:00:00,1065.6279930559526
2024-10-30 00:00:00,1068.167109144425
2024-10-31 00:00:00,1070.7112221057341
2024-11-01 00:00:00,1073.2602080993731
2024-11-03 00:00:00,1078.3722478830312
2024-11-04 00:00:00,1080.0
2024-11-05 00:00:00,1080.0
2024-11-06 00:00:00,1080.0
2024-11-07 00:00:00,1080.0
2024-11-08 00:00:00,1080.0
2024-11-10 00:00:00,1080.0
2024-11-11 00:00:00,1080.0
2024-11-12 00:00:00,1080.0
2024-11-13 00:00:00,1080.0
2024-11-14 00:00:00,1080.0
2024-11-15 00:00:00,1080.0
2024-11-17 00:00:00,1080.0
2024-11-18 00:00:00,1080.0
2024-11-19 00:00:00,1078.759904505493
2024-11-20 00:00:00,1076.9309900780147
2024-11-21 00:00:00,1075.2721793728253
2024-11-22 00:00:00,1073.805321212082
2024-11-24 00:00:00,1071.5440035670058
2024-11-25 00:00:00,1070.8011885941555
2024-11-26 00:00:00,1070.3521218099397
2024-11-27 00:00:00,1070.2219389670747
2024-11-28 00:00:00,1070.432623342218
2024-11-29 00:00:00,1071.0005786940603
2024-12-01 00:00:00,1073.2282378060104
2024-12-02 00:00:00,1074.8655832150152
2024-12-03 00:00:00,1076.8100129315555
2024-12-04 00:00:00,1079.0076524189387
2024-12-05 00:00:00,1080.0
2024-12-06 00:00:00,1080.0
2024-12-08 00:00:00,1080.0
2024-12-09 00:00:00,1080.0
2024-12-10 00:00:00,1080.0
2024-12-11 00:00:00,1080.0
2024-12-12 00:00:00,1080.0
2024-12-13 00:00:00,1078.641936226098
2024-12-15 00:00:00,1073.7002307026637
2024-12-16 00:00:00,1071.196093713286
2024-12-17 00:00:00,1068.6699062896846
2024-12-18 00:00:00,1066.1218202233104
2024-12-19 00:00:00,1063.55203963057
2024-12-20 00:00:00,1060.9608311589607
2024-12-22 00:00:00,1055.7155548258288
2024-12-23 00:00:00,1053.0623934034552
2024-12-24 00:00:00,1050.3896242928713
2024-12-25 00:00:00,1047.6979105101473
2024-12-26 00:00:00,1044.9880043759738
2024-12-27 00:00:00,1042.1210166161381
2024-12-29 00:00:00,1031.545042279062
2024-12-30 00:00:00,1026.1252651968973
2024-12-31 00:00:00,1020.631183585484
2025-01-01 00:00:00,1015.071653495698
2025-01-02 00:00:00,1009.4546421158163
2025-01-03 00:00:00,1003.7873412316619
2025-01-05 00:00:00,992.3273351794965
2025-01-06 00:00:00,986.545946485923
2025-01-07 00:00:00,980.7370315126573
2025-01-08 00:00:00,974.9051119932784
2025-01-09 00:00:00,969.0543451588657
2025-01-10 00:00:00,963.1885646044987
2025-01-12 00:00:00,951.4258991803142
2025-01-13 00:00:00,945.5353863224102
2025-01-14 00:00:00,939.6426677086793
2025-01-15 00:00:00,933.7504728197338
2025-01-16 00:00:00,927.8613965479058
2025-01-17 00:00:00,921.977919442124
2025-01-19 00:00:00,910.2372013894242
2025-01-20 00:00:00,905.9717598744759
2025-01-21 00:00:00,901.8057401418687
2025-01-22 00:00:00,897.634471990436
2025-01-23 00:00:00,893.4592726116092
2025-01-24 00:00:00,888.7379945267184
2025-01-26 00:00:00,872.5714195625072
2025-01-27 00:00:00,864.4809644960936
2025-01-28 00:00:00,856.3880000788063
2025-01-29 00:00:00,848.2940255497649
2025-01-30 00:00:00,840.2003801028599
2025-01-31 00:00:00,832.1082417699794
2025-02-02 00:00:00,815.9323850023616
2025-02-03 00:00:00,807.8502185779437
2025-02-04 00:00:00,799.772688004658
2025-02-05 00:00:00,791.7002461051135
2025-02-06 00:00:00,783.6332764152193
2025-02-07 00:00:00,775.5721429791361
2025-02-09 00:00:00,759.4691080291872
2025-02-10 00:00:00,751.4284160418027
2025-02-11 00:00:00,743.396145045897
2025-02-12 00:00:00,735.3736391365775
2025-02-13 00:00:00,727.3627260049075
2025-02-14 00:00:00,719.3658410189125
2025-02-16 00:00:00,703.4277835574142
2025-02-17 00:00:00,695.495850065283
2025-02-18 00:00:00,687.5967853275099
2025-02-19 00:00:00,679.7384811941615
2025-02-20 00:00:00,671.9305254077249
2025-02-21 00:00:00,664.1844364701473
2025-02-23 00:00:00,648.9350082080804
2025-02-24 00:00:00,641.4664483697882
2025-02-25 00:00:00,634.1296860206215
2025-02-26 00:00:00,628.6114146740692
2025-02-27 00:00:00,624.8786590067399
2025-02-28 00:00:00,621.2788067702777
2025-03-02 00:00:00,614.5428605874963
2025-03-03 00:00:00,611.4417139973833
2025-03-04 00:00:00,608.5428031123417
2025-03-05 00:00:00,605.8646721461425
2025-03-06 00:00:00,603.4256344766923
2025-03-07 00:00:00,601.243374111076
2025-03-09 00:00:00,597.7143884395429
2025-03-10 00:00:00,596.396343184198
2025-03-11 00:00:00,595.3916992132717
2025-03-12 00:00:00,594.7947856791945
2025-03-13 00:00:00,596.0925022132753
2025-03-14 00:00:00,597.5010704738374
2025-03-16 00:00:00,600.62795685366
2025-03-17 00:00:00,602.3332913263711
2025-03-18 00:00:00,604.1235817942795
2025-03-19 00:00:00,605.9909427961502
2025-03-20 00:00:00,607.9270483126227
2025-03-21 00:00:00,609.92321886145
2025-03-23 00:00:00,614.0598755930353
2025-03-24 00:00:00,616.1821752150765
2025-03-25 00:00:00,618.3284004132493
2025-03-26 00:00:00,620.4897357908887
2025-03-27 00:00:00,622.6576762218675
2025-03-28 00:00:00,624.8241181082625
2025-03-30 00:00:00,629.1225023508761
2025-03-31 01:00:00,631.326873389995
2025-04-01 01:00:00,633.4150048166176
2025-04-02 01:00:00,635.468709595363
2025-04-03 01:00:00,637.4831794728273
2025-04-04 01:00:00,639.454202331393
2025-04-06 01:00:00,643.2520579771335
2025-04-07 01:00:00,645.07344386662
2025-04-08 01:00:00,647.2405694513635
2025-04-09 01:00:00,649.5507621673808
2025-04-10 01:00:00,651.7214958087067
2025-04-11 01:00:00,653.7523798975866
2025-04-13 01:00:00,657.3968619939299
2025-04-14 01:00:00,659.0132433872704
2025-04-15 01:00:00,660.4951739585773
2025-04-16 01:00:00,661.8453259934139
2025-04-17 01:00:00,663.0667474948931
2025-04-20 01:00:00,665.9933776946101
2025-04-21 01:00:00,666.7356548905944
2025-04-22 01:00:00,667.3679534071032
2025-04-23 01:00:00,667.8943916847604
2025-04-24 01:00:00,668.3191235526725
2025-04-25 01:00:00,668.6623402056468
2025-04-27 01:00:00,670.3758880417183
2025-04-28 01:00:00,671.1835741594341
2025-04-29 01:00:00,671.9609269997267
2025-04-30 01:00:00,672.7096179943172
2025-05-01 01:00:00,673.4312158998176
2025-05-02 01:00:00,674.1271940931807
2025-05-04 01:00:00,675.4477842485974
2025-05-05 01:00:00,676.0749805205169
2025-05-06 01:00:00,676.6817452572186
2025-05-07 01:00:00,677.2692473431081
2025-05-08 01:00:00,677.8386147207618
2025-05-09 01:00:00,678.3909367781032
2025-05-11 01:00:00,679.4486214824578
2025-05-12 01:00:00,679.9559878400866
2025-05-13 01:00:00,680.4503205559289
2025-05-14 01:00:00,680.9325466222156
2025-05-15 01:00:00,681.4035669786036
2025-05-16 01:00:00,681.8642584459238
2025-05-18 01:00:00,682.758051408578
2025-05-19 01:00:00,683.1928002010592
2025-05-20 01:00:00,683.6205169549517
2025-05-21 01:00:00,684.0419785971858
2025-05-22 01:00:00,684.4579432606452
2025-05-23 01:00:00,684.8691479781301
2025-05-25 01:00:00,685.6800888638703
2025-05-26 01:00:00,686.0811377119331
2025-05-27 01:00:00,686.4800330048502
2025-05-28 01:00:00,686.8772984862494
2025-05-29 01:00:00,687.2733980393605
2025-05-30 01:00:00,687.6687405184613
2025-06-01 01:00:00,688.4585704648006
2025-06-02 01:00:00,688.853687214405
2025-06-03 01:00:00,689.2493225278771
2025-06-04 01:00:00,689.6457465701501
2025-06-05 01:00:00,690.0432192965884
2025-06-06 01:00:00,690.441992274622
2025-06-08 01:00:00,691.2444102227137
2025-06-09 01:00:00,692.3818235020328
2025-06-10 01:00:00,696.3508661321317
2025-06-11 01:00:00,700.2511668149673
2025-06-12 01:00:00,704.0801554650225
2025-06-13 01:00:00,707.8358689926126
2025-06-15 01:00:00,715.1220984416201
2025-06-16 01:00:00,718.6508919549643
2025-06-17 01:00:00,722.1027910493226
2025-06-18 01:00:00,725.4775168588993
2025-06-19 01:00:00,728.7748900409563
2025-06-20 01:00:00,731.9947677232823
2025-06-22 01:00:00,738.2013124427169
2025-06-23 01:00:00,741.1873926990756
2025-06-24 01:00:00,744.0947177187765
2025-06-25 01:00:00,746.9225865929589
2025-06-26 01:00:00,749.6700816834655
2025-06-27 01:00:00,752.3360509109241
2025-06-29 01:00:00,757.4175690669998
2025-06-30 01:00:00,759.8295613714233
2025-07-01 01:00:00,762.1529058368108
2025-07-02 01:00:00,764.3851697654654
2025-07-03 01:00:00,766.5236520069977
2025-07-04 01:00:00,768.5653809062864
2025-07-06 01:00:00,772.3453467760476
2025-07-07 01:00:00,774.0763138871382
2025-07-08 01:00:00,775.6960142549277
2025-07-09 01:00:00,777.2002316557596
2025-07-10 01:00:00,778.5845703990326
2025-07-11 01:00:00,779.8445018394491
2025-07-13 01:00:00,781.9727390226653
2025-07-14 01:00:00,782.8319423217476
2025-07-15 01:00:00,783.5487395923684
2025-07-16 01:00:00,784.1191803227108
2025-07-17 01:00:00,784.5398183426021
2025-07-18 01:00:00,784.8078982475014
2025-07-20 01:00:00,784.8801197662544
2025-07-21 01:00:00,784.6842450031953
2025-07-22 01:00:00,784.3363143357774
2025-07-23 01:00:00,783.840654924694
2025-07-24 01:00:00,783.2038212418779
2025-07-25 01:00:00,782.434836921901
2025-07-27 01:00:00,780.549922994401
2025-07-28 01:00:00,779.4656934986078
2025-07-29 01:00:00,778.3126186604204
2025-07-30 01:00:00,777.1130587743505
2025-07-31 01:00:00,775.8914395655808
2025-08-01 01:00:00,774.6737589699013
2025-08-03 01:00:00,772.3584763218051
2025-08-04 01:00:00,771.3151798553957
2025-08-05 01:00:00,770.3831292401328
2025-08-06 01:00:00,769.5868042652296
2025-08-07 01:00:00,768.9486707546273
2025-08-08 01:00:00,768.4888247031965
