datetime,cycle
1999-06-03 01:00:00,1507.0040260152452
1999-06-04 01:00:00,1507.1923878249681
1999-06-06 01:00:00,1507.9204127420114
1999-06-07 01:00:00,1508.363825394165
1999-06-08 01:00:00,1508.7936915157923
1999-06-09 01:00:00,1509.173010827048
1999-06-10 01:00:00,1509.4853949995504
1999-06-11 01:00:00,1509.73946954942
1999-06-13 01:00:00,1510.2176849219597
1999-06-14 01:00:00,1510.5419891555769
1999-06-15 01:00:00,1510.9828639534046
1999-06-16 01:00:00,1511.5629462539123
1999-06-17 01:00:00,1512.2808488554933
1999-06-18 01:00:00,1513.1130288086802
1999-06-20 01:00:00,1514.9582842293291
1999-06-21 01:00:00,1516.4115033572587
1999-06-22 01:00:00,1519.0745693370764
1999-06-23 01:00:00,1521.715398496671
1999-06-24 01:00:00,1523.401230186781
1999-06-25 01:00:00,1524.2747007751018
1999-06-27 01:00:00,1526.0643319862268
1999-06-28 01:00:00,1527.0020662609859
1999-06-29 01:00:00,1527.9810994542427
1999-06-30 01:00:00,1529.0072196401966
1999-07-01 01:00:00,1530.0819806111874
1999-07-02 01:00:00,1531.2024177350063
1999-07-04 01:00:00,1533.548998932935
1999-07-05 01:00:00,1534.7535228834088
1999-07-06 01:00:00,1535.9640830566327
1999-07-07 01:00:00,1537.1722727584547
1999-07-08 01:00:00,1538.373781397972
1999-07-09 01:00:00,1539.5691220438098
1999-07-11 01:00:00,1541.4987815575378
1999-07-12 01:00:00,1542.2158989979612
1999-07-13 01:00:00,1542.9353914394999
1999-07-14 01:00:00,1543.660680417558
1999-07-15 01:00:00,1544.3910931587482
1999-07-16 01:00:00,1545.122245028204
1999-07-18 01:00:00,1546.55807198336
1999-07-19 01:00:00,1547.2474015121675
1999-07-20 01:00:00,1547.9094542231514
1999-07-21 01:00:00,1548.540817305067
1999-07-22 01:00:00,1549.1405395958757
1999-07-23 01:00:00,1549.7097888707792
1999-07-25 01:00:00,1550.7678534726083
1999-07-26 01:00:00,1551.2627564362617
1999-07-27 01:00:00,1551.7378325482055
1999-07-28 01:00:00,1552.1936751926053
1999-07-29 01:00:00,1552.6294160581695
1999-07-30 01:00:00,1553.042929786821
1999-08-01 01:00:00,1553.791411325393
1999-08-02 01:00:00,1554.1206743385699
1999-08-03 01:00:00,1554.4174865200391
1999-08-04 01:00:00,1554.6815374119
1999-08-05 01:00:00,1554.913750937671
1999-08-06 01:00:00,1555.1158496458477
1999-08-08 01:00:00,1555.4369588109994
1999-08-09 01:00:00,1555.5581533889697
1999-08-10 01:00:00,1555.653236148666
1999-08-11 01:00:00,1555.7216972194797
1999-08-12 01:00:00,1555.2223784763187
1999-08-13 01:00:00,1554.1946244908054
1999-08-15 01:00:00,1552.0368722988978
1999-08-16 01:00:00,1550.916747784415
1999-08-17 01:00:00,1549.7778771225835
1999-08-18 01:00:00,1548.6274465384424
1999-08-19 01:00:00,1547.4721466336223
1999-08-20 01:00:00,1546.317409224074
1999-08-22 01:00:00,1544.0221900732265
1999-08-23 01:00:00,1542.8832198735236
1999-08-24 01:00:00,1541.7485989894847
1999-08-25 01:00:00,1540.6166028927023
1999-08-26 01:00:00,1539.486185742718
1999-08-27 01:00:00,1538.3580338783943
1999-08-29 01:00:00,1536.1245770500652
1999-08-30 01:00:00,1535.0344765244977
1999-08-31 01:00:00,1533.975753981484
1999-09-01 01:00:00,1532.9590156572851
1999-09-02 01:00:00,1531.9927532015924
1999-09-03 01:00:00,1531.08158381791
1999-09-05 01:00:00,1529.4179475610192
1999-09-06 01:00:00,1528.6510537050233
1999-09-07 01:00:00,1527.913667662094
1999-09-08 01:00:00,1527.195793623953
1999-09-09 01:00:00,1526.4903804561543
1999-09-10 01:00:00,1525.794828889421
1999-09-12 01:00:00,1524.4474853668758
1999-09-13 01:00:00,1523.8127998403743
1999-09-14 01:00:00,1523.2189082584794
1999-09-15 01:00:00,1522.6763128895782
1999-09-16 01:00:00,1522.1925680459708
1999-09-17 01:00:00,1521.770748103232
1999-09-19 01:00:00,1521.0989656983377
1999-09-20 01:00:00,1520.8300647395529
1999-09-21 01:00:00,1520.5878557026174
1999-09-22 01:00:00,1520.3579304253417
1999-09-23 01:00:00,1520.1280517106534
1999-09-24 01:00:00,1519.890501984986
1999-09-26 01:00:00,1519.3937454772763
1999-09-27 01:00:00,1519.1519933783559
1999-09-28 01:00:00,1518.9343198553481
1999-09-29 01:00:00,1518.7566657649918
1999-09-30 01:00:00,1518.6311785870785
1999-10-01 01:00:00,1518.5628823192962
1999-10-03 01:00:00,1518.5748982439432
1999-10-04 01:00:00,1518.6257130449749
1999-10-05 01:00:00,1518.680807892044
1999-10-06 01:00:00,1518.722322664367
1999-10-07 01:00:00,1518.7376376514478
1999-10-08 01:00:00,1518.721590639825
1999-10-10 01:00:00,1518.6149109084918
1999-10-11 01:00:00,1518.5504546877587
1999-10-12 01:00:00,1518.501975689851
1999-10-13 01:00:00,1518.4867361388474
1999-10-14 01:00:00,1518.518096516134
1999-10-15 01:00:00,1518.6032109063829
1999-10-17 01:00:00,1518.9260109840188
1999-10-18 01:00:00,1519.1417790478945
1999-10-19 01:00:00,1519.3708280727622
1999-10-20 01:00:00,1519.5937750934609
1999-10-21 01:00:00,1519.7935429524791
1999-10-22 01:00:00,1519.9587271993341
1999-10-24 01:00:00,1520.1826794286917
1999-10-25 01:00:00,1520.2632577842453
1999-10-26 01:00:00,1520.3489152070604
1999-10-27 01:00:00,1520.4613238640454
1999-10-28 01:00:00,1520.6174429366977
1999-10-29 01:00:00,1520.8253790833821
1999-10-31 01:00:00,1521.3743234767865
1999-11-01 00:00:00,1521.6688180535614
1999-11-02 00:00:00,1521.9701049844143
1999-11-03 00:00:00,1522.2444304122098
1999-11-04 00:00:00,1522.4770083587246
1999-11-05 00:00:00,1522.661492450185
1999-11-07 00:00:00,1522.9062430707418
1999-11-08 00:00:00,1522.9952492874368
1999-11-09 00:00:00,1523.0881614065383
1999-11-10 00:00:00,1523.2047206484494
1999-11-11 00:00:00,1523.3608305756775
1999-11-12 00:00:00,1523.5660872675862
1999-11-14 00:00:00,1524.123746157673
1999-11-15 00:00:00,1524.457297346904
1999-11-16 00:00:00,1524.805357758182
1999-11-17 00:00:00,1525.1483303106531
1999-11-18 00:00:00,1525.468131067099
1999-11-19 00:00:00,1525.751663857016
1999-11-21 00:00:00,1526.1984551789058
1999-11-22 00:00:00,1526.3791244163629
1999-11-23 00:00:00,1526.5551740532637
1999-11-24 00:00:00,1526.7477121431816
1999-11-25 00:00:00,1526.9742634548115
1999-11-26 00:00:00,1527.2443672660581
1999-11-28 00:00:00,1527.9032081059004
1999-11-29 00:00:00,1528.2647652747855
1999-11-30 00:00:00,1528.6223613810773
1999-12-01 00:00:00,1528.9577660997204
1999-12-02 00:00:00,1529.257731577696
1999-12-03 00:00:00,1527.4276952132511
1999-12-05 00:00:00,1519.986000920915
1999-12-06 00:00:00,1515.8373906648476
1999-12-07 00:00:00,1511.6888230860336
1999-12-08 00:00:00,1507.5884656333205
1999-12-09 00:00:00,1503.5757099719676
1999-12-10 00:00:00,1499.675510581014
1999-12-12 00:00:00,1492.224302854308
1999-12-13 00:00:00,1488.6362362606014
1999-12-14 00:00:00,1485.0932452533298
1999-12-15 00:00:00,1482.3532544504874
1999-12-16 00:00:00,1478.5336984656026
1999-12-17 00:00:00,1473.8849448846593
1999-12-19 00:00:00,1464.3384890098278
1999-12-20 00:00:00,1459.4697313513936
1999-12-21 00:00:00,1454.582802949792
1999-12-22 00:00:00,1449.7198245604711
1999-12-23 00:00:00,1444.9173164267768
1999-12-24 00:00:00,1440.197521091534
1999-12-26 00:00:00,1431.0011692844598
1999-12-27 00:00:00,1426.4816054575774
1999-12-28 00:00:00,1421.9712193933258
1999-12-29 00:00:00,1417.4381778575541
1999-12-30 00:00:00,1412.858951810879
1999-12-31 00:00:00,1408.2220732288024
2000-01-02 00:00:00,1398.7927719806287
2000-01-03 00:00:00,1394.0338998146094
2000-01-04 00:00:00,1389.276500047565
2000-01-05 00:00:00,1384.5435458251682
2000-01-06 00:00:00,1379.8532416647763
2000-01-07 00:00:00,1375.2165528091732
2000-01-09 00:00:00,1366.1067682952669
2000-01-10 00:00:00,1361.6167361878659
2000-01-11 00:00:00,1357.1504863042494
2000-01-12 00:00:00,1352.6915334444898
2000-01-13 00:00:00,1348.2255385887877
2000-01-14 00:00:00,1343.7429216063508
2000-01-16 00:00:00,1334.72130580587
2000-01-17 00:00:00,1330.1936438522396
2000-01-18 00:00:00,1325.667999459384
2000-01-19 00:00:00,1321.1540654257535
2000-01-20 00:00:00,1316.6581106010185
2000-01-21 00:00:00,1312.1816811573397
2000-01-23 00:00:00,1303.2731481519058
2000-01-24 00:00:00,1298.829734082002
2000-01-25 00:00:00,1294.3878378977477
2000-01-26 00:00:00,1289.9469199820971
2000-01-27 00:00:00,1285.5098304771159
2000-01-28 00:00:00,1281.0818349674196
2000-01-30 00:00:00,1272.2754395012955
2000-01-31 00:00:00,1267.9031726412718
2000-02-01 00:00:00,1263.5496414532477
2000-02-02 00:00:00,1259.2084127769162
2000-02-03 00:00:00,1254.8698913956816
2000-02-04 00:00:00,1250.5229868363656
2000-02-06 00:00:00,1241.765656767959
2000-02-07 00:00:00,1237.345981520708
2000-02-08 00:00:00,1232.9029664430523
2000-02-09 00:00:00,1228.4481166024934
2000-02-10 00:00:00,1223.9983766903583
2000-02-11 00:00:00,1219.573082029813
2000-02-13 00:00:00,1210.859035228306
2000-02-14 00:00:00,1206.5819035895167
2000-02-15 00:00:00,1202.3472792078553
2000-02-16 00:00:00,1198.1337879171285
2000-02-17 00:00:00,1193.9139536776647
2000-02-18 00:00:00,1189.6602790589038
2000-02-20 00:00:00,1180.9795908172805
2000-02-21 00:00:00,1176.5485775121917
2000-02-22 00:00:00,1169.531226136232
2000-02-23 00:00:00,1162.4158693959828
2000-02-24 00:00:00,1155.3304395389819
2000-02-25 00:00:00,1148.3247529348719
2000-02-27 00:00:00,1134.6744387564408
2000-02-28 00:00:00,1128.0351832818617
2000-02-29 00:00:00,1121.484743835604
2000-03-01 00:00:00,1114.9735010335887
2000-03-02 00:00:00,1108.4422470510879
2000-03-03 00:00:00,1101.8319423610062
2000-03-05 00:00:00,1090.5074691684893
2000-03-06 00:00:00,1085.8187832982003
2000-03-07 00:00:00,1080.9991855843716
2000-03-08 00:00:00,1076.1032215859175
2000-03-09 00:00:00,1071.204191843201
2000-03-10 00:00:00,1066.3803553425576
2000-03-12 00:00:00,1057.1961649508344
2000-03-13 00:00:00,1052.8750268003612
2000-03-14 00:00:00,1048.69505301653
2000-03-15 00:00:00,1044.5839100999722
2000-03-16 00:00:00,1040.4520589457047
2000-03-17 00:00:00,1036.2121800549885
2000-03-19 00:00:00,1027.1792488319745
2000-03-20 00:00:00,1022.3660690730321
2000-03-21 00:00:00,1017.4081106772699
2000-03-22 00:00:00,1012.3830084583668
2000-03-23 00:00:00,1007.3807258153809
2000-03-24 00:00:00,1002.4861266028614
2000-03-26 00:00:00,993.2450787883614
2000-03-27 01:00:00,988.7506087663404
2000-03-28 01:00:00,984.5986047664773
2000-03-29 01:00:00,980.5363007657119
2000-03-30 01:00:00,976.4786177157571
2000-03-31 01:00:00,972.3382983844208
2000-04-02 01:00:00,963.5393892118778
2000-04-03 01:00:00,958.8235199498708
2000-04-04 01:00:00,953.9257585427902
2000-04-05 01:00:00,948.917474661628
2000-04-06 01:00:00,943.8969176117974
2000-04-07 01:00:00,939.7284551111546
2000-04-09 01:00:00,932.4404965576284
2000-04-10 01:00:00,929.1432956740149
2000-04-11 01:00:00,926.0274833995078
2000-04-12 01:00:00,923.0032558780414
2000-04-13 01:00:00,919.9610809675071
2000-04-14 01:00:00,916.7957747509048
2000-04-16 01:00:00,910.0520792562216
2000-04-17 01:00:00,907.4022990168793
2000-04-18 01:00:00,904.5770469941239
2000-04-19 01:00:00,901.6631360773182
2000-04-20 01:00:00,898.7616437624948
2000-04-21 01:00:00,895.9689176244875
2000-04-23 01:00:00,890.9760371403346
2000-04-24 01:00:00,888.8203582854467
2000-04-25 01:00:00,886.8577467277605
2000-04-26 01:00:00,885.0218675262557
2000-04-27 01:00:00,883.2263319224186
2000-04-28 01:00:00,881.3790567229286
2000-04-30 01:00:00,877.2264841105496
2000-05-01 01:00:00,874.8448478104788
2000-05-02 01:00:00,872.2769305569119
2000-05-03 01:00:00,869.5876308403462
2000-05-04 01:00:00,866.8712247208496
2000-05-05 01:00:00,864.2315185807304
2000-05-07 01:00:00,859.5044303324555
2000-05-08 01:00:00,857.4757584121276
2000-05-09 01:00:00,855.6276563106549
2000-05-10 01:00:00,853.8778387811632
2000-05-11 01:00:00,852.125773592982
2000-05-12 01:00:00,850.2752519742734
2000-05-14 01:00:00,846.0289626675735
2000-05-15 01:00:00,843.6069240929571
2000-05-16 01:00:00,841.034326403339
2000-05-17 01:00:00,838.3842883559412
2000-05-18 01:00:00,836.9484318676169
2000-05-19 01:00:00,837.4970666663553
2000-05-21 01:00:00,841.2673208809604
2000-05-22 01:00:00,843.4488800201485
2000-05-23 01:00:00,845.8071211559546
2000-05-24 01:00:00,848.2928867809208
2000-05-25 01:00:00,850.8395546827624
2000-05-26 01:00:00,853.37393393929
2000-05-28 01:00:00,858.1534962217112
2000-05-29 01:00:00,860.4078779640553
2000-05-30 01:00:00,862.6544219606944
2000-05-31 01:00:00,864.8023421233645
2000-06-01 01:00:00,866.9183001182142
2000-06-02 01:00:00,869.0784500127959
2000-06-04 01:00:00,873.7782000582357
2000-06-05 01:00:00,876.3699638487996
2000-06-06 01:00:00,879.0992093110216
2000-06-07 01:00:00,881.9117030888851
2000-06-08 01:00:00,884.7398186770803
2000-06-09 01:00:00,887.5184232297853
2000-06-11 01:00:00,892.7566762407215
2000-06-12 01:00:00,895.1958939614664
2000-06-13 01:00:00,897.5438398512063
2000-06-14 01:00:00,899.8446091835348
2000-06-15 01:00:00,902.1493054906718
2000-06-16 01:00:00,904.5064988889097
2000-06-18 01:00:00,909.5157412913854
2000-06-19 01:00:00,912.1955262158884
2000-06-20 01:00:00,914.9816711559077
2000-06-21 01:00:00,917.8479537973986
2000-06-22 01:00:00,921.0219769329133
2000-06-23 01:00:00,925.0605172681962
2000-06-25 01:00:00,933.025533095901
2000-06-26 01:00:00,936.9132454697747
2000-06-27 01:00:00,940.7373397079542
2000-06-28 01:00:00,944.5165324189936
2000-06-29 01:00:00,948.2800996612573
2000-06-30 01:00:00,952.0609571555921
2000-07-02 01:00:00,959.7780313294021
2000-07-03 01:00:00,963.7349887156901
2000-07-04 01:00:00,967.7480437283835
2000-07-05 01:00:00,971.7969908105674
2000-07-06 01:00:00,975.8583829314579
2000-07-07 01:00:00,979.9117712035776
2000-07-09 01:00:00,988.0939531487696
2000-07-10 01:00:00,994.5496202584894
2000-07-11 01:00:00,1001.0012188556161
2000-07-12 01:00:00,1007.4559807865677
2000-07-13 01:00:00,1013.9203646122417
2000-07-14 01:00:00,1020.3985737778916
2000-07-16 01:00:00,1033.3985471223218
2000-07-17 01:00:00,1039.9149528934256
2000-07-18 01:00:00,1046.436480096742
2000-07-19 01:00:00,1052.9591046716296
2000-07-20 01:00:00,1059.4806685441263
2000-07-21 01:00:00,1066.0017822501652
2000-07-23 01:00:00,1079.0594808683193
2000-07-24 01:00:00,1086.05095397215
2000-07-25 01:00:00,1093.9233257507174
2000-07-26 01:00:00,1101.807508760407
2000-07-27 01:00:00,1109.7026918446668
2000-07-28 01:00:00,1117.606248859929
2000-07-30 01:00:00,1130.959838461074
2000-07-31 01:00:00,1136.3258373095814
2000-08-01 01:00:00,1141.6854527067787
2000-08-02 01:00:00,1147.039487955729
2000-08-03 01:00:00,1152.3914338384336
2000-08-04 01:00:00,1157.746781402968
2000-08-06 01:00:00,1168.4920078659216
2000-08-07 01:00:00,1173.8910534433428
2000-08-08 01:00:00,1179.3097261875484
2000-08-09 01:00:00,1184.7457990442228
2000-08-10 01:00:00,1190.1943536543583
2000-08-11 01:00:00,1195.648589312081
2000-08-13 01:00:00,1206.5443329433604
2000-08-14 01:00:00,1211.9733964418513
2000-08-15 01:00:00,1217.385494010627
2000-08-16 01:00:00,1222.781406468018
2000-08-17 01:00:00,1228.165546014645
2000-08-18 01:00:00,1233.54557219221
2000-08-20 01:00:00,1244.3332576591013
2000-08-21 01:00:00,1249.7602165181547
2000-08-22 01:00:00,1255.2175869509506
2000-08-23 01:00:00,1260.7056458917161
2000-08-24 01:00:00,1266.2189794690762
2000-08-25 01:00:00,1271.7471909614733
2000-08-27 01:00:00,1282.7946382001546
2000-08-28 01:00:00,1288.2900826636117
2000-08-29 01:00:00,1293.7586384800675
2000-08-30 01:00:00,1298.1860227092095
2000-08-31 01:00:00,1302.2674619259167
2000-09-01 01:00:00,1306.3482668390793
2000-09-03 01:00:00,1314.5658789734632
2000-09-04 01:00:00,1318.7243382692652
2000-09-05 01:00:00,1322.921213840217
2000-09-06 01:00:00,1327.152577448564
2000-09-07 01:00:00,1331.4090044530474
2000-09-08 01:00:00,1335.6773304970684
2000-09-10 01:00:00,1344.1920468985134
2000-09-11 01:00:00,1348.4142634702334
2000-09-12 01:00:00,1352.604172281348
2000-09-13 01:00:00,1356.7626484358434
2000-09-14 01:00:00,1360.897099284538
2000-09-15 01:00:00,1365.0206409580849
2000-09-17 01:00:00,1373.30318355674
2000-09-18 01:00:00,1377.494777994807
2000-09-19 01:00:00,1381.7339265220653
2000-09-20 01:00:00,1386.0214103898875
2000-09-21 01:00:00,1390.3491130029397
2000-09-22 01:00:00,1394.7013543653184
2000-09-24 01:00:00,1403.3988449667072
2000-09-25 01:00:00,1407.70804163168
2000-09-26 01:00:00,1411.9778476051968
2000-09-27 01:00:00,1416.2103729133078
2000-09-28 01:00:00,1420.417052570402
2000-09-29 01:00:00,1424.6159582654686
2000-10-01 01:00:00,1433.070959376975
2000-10-02 01:00:00,1437.358900949568
2000-10-03 01:00:00,1441.696819529253
2000-10-04 01:00:00,1446.0815850861338
2000-10-05 01:00:00,1450.5025679280961
2000-10-06 01:00:00,1454.9437484027032
2000-10-08 01:00:00,1463.812964950272
2000-10-09 01:00:00,1468.2085569174512
2000-10-10 01:00:00,1472.5650003574488
2000-10-11 01:00:00,1476.8817503282764
2000-10-12 01:00:00,1481.1665182436063
2000-10-13 01:00:00,1485.4343002499452
2000-10-15 01:00:00,1493.9993168165952
2000-10-16 01:00:00,1498.3353380417932
2000-10-17 01:00:00,1502.7237816350203
2000-10-18 01:00:00,1507.1658437436245
2000-10-19 01:00:00,1511.6525525258712
2000-10-20 01:00:00,1513.7838325055855
2000-10-22 01:00:00,1517.701023997138
2000-10-23 01:00:00,1519.6138931458872
2000-10-24 01:00:00,1521.4816789456568
2000-10-25 01:00:00,1523.3058244971012
2000-10-26 01:00:00,1525.0974150038849
2000-10-27 01:00:00,1526.8744653492963
2000-10-29 01:00:00,1526.3562364141012
2000-10-30 00:00:00,1525.6268861331423
2000-10-31 00:00:00,1524.9079972594996
2000-11-01 00:00:00,1524.2312238725024
2000-11-02 00:00:00,1523.5883388631473
2000-11-03 00:00:00,1522.965362445399
2000-11-05 00:00:00,1521.7100894781095
2000-11-06 00:00:00,1521.045483714919
2000-11-07 00:00:00,1520.3416715398341
2000-11-08 00:00:00,1519.596079279053
2000-11-09 00:00:00,1518.8138786204913
2000-11-10 00:00:00,1518.007294161136
2000-11-12 00:00:00,1516.391187604316
2000-11-13 00:00:00,1515.6169414642648
2000-11-14 00:00:00,1514.88136463731
2000-11-15 00:00:00,1514.1868193111857
2000-11-16 00:00:00,1513.526874990674
2000-11-17 00:00:00,1512.8877984351248
2000-11-19 00:00:00,1511.6006131389784
2000-11-20 00:00:00,1510.920358122693
2000-11-21 00:00:00,1510.2034664261914
2000-11-22 00:00:00,1509.4504110797336
2000-11-23 00:00:00,1508.669049401352
2000-11-24 00:00:00,1507.8725241558031
2000-11-26 00:00:00,1506.2950322560969
2000-11-27 00:00:00,1504.340307066309
2000-11-28 00:00:00,1501.1246995448623
2000-11-29 00:00:00,1498.011926646177
2000-11-30 00:00:00,1494.9879935550744
2000-12-01 00:00:00,1492.0264960573518
2000-12-03 00:00:00,1486.153630058417
2000-12-04 00:00:00,1483.1753562731408
2000-12-05 00:00:00,1480.1367980760579
2000-12-06 00:00:00,1477.0291725056388
2000-12-07 00:00:00,1473.8584425100682
2000-12-08 00:00:00,1470.6442202320159
2000-12-10 00:00:00,1464.2065750163788
2000-12-11 00:00:00,1461.0460544904504
2000-12-12 00:00:00,1457.9543701147593
2000-12-13 00:00:00,1454.9375904324936
2000-12-14 00:00:00,1451.9870346229277
2000-12-15 00:00:00,1449.0820706321633
2000-12-17 00:00:00,1443.3014365764545
2000-12-18 00:00:00,1440.3789025208043
2000-12-19 00:00:00,1437.41811036121
2000-12-20 00:00:00,1434.420264654629
2000-12-21 00:00:00,1431.3961568675625
2000-12-22 00:00:00,1428.3625729096523
2000-12-24 00:00:00,1422.3389328855146
2000-12-25 00:00:00,1421.0181811369985
2000-12-26 00:00:00,1420.2630246841127
2000-12-27 00:00:00,1419.5414881503189
2000-12-28 00:00:00,1418.847348059628
2000-12-29 00:00:00,1418.1712825565874
2000-12-31 00:00:00,1416.8337044563261
2001-01-01 00:00:00,1416.157067412244
2001-01-02 00:00:00,1415.4708613847633
2001-01-03 00:00:00,1414.7766168549288
2001-01-04 00:00:00,1414.0787794541802
2001-01-05 00:00:00,1413.383061743117
2001-01-07 00:00:00,1412.015281064721
2001-01-08 00:00:00,1411.3444717562263
2001-01-09 00:00:00,1410.677564952739
2001-01-10 00:00:00,1410.0083492892365
2001-01-11 00:00:00,1409.3312617179417
2001-01-12 00:00:00,1408.6439624396294
2001-01-14 00:00:00,1407.2534732015379
2001-01-15 00:00:00,1406.568542016432
2001-01-16 00:00:00,1405.9054781498905
2001-01-17 00:00:00,1405.2730653998215
2001-01-18 00:00:00,1404.6749248964545
2001-01-19 00:00:00,1404.1081128780547
2001-01-21 00:00:00,1403.0258598575895
2001-01-22 00:00:00,1402.4792062536083
2001-01-23 00:00:00,1401.9069678366534
2001-01-24 00:00:00,1401.2964313533168
2001-01-25 00:00:00,1400.6410730585746
2001-01-26 00:00:00,1399.9423668075592
2001-01-28 00:00:00,1398.4633411697007
2001-01-29 00:00:00,1397.7247157220204
2001-01-30 00:00:00,1397.0201310220998
2001-01-31 00:00:00,1396.3723604955094
2001-02-01 00:00:00,1395.7965000638933
2001-02-02 00:00:00,1395.2959333451408
2001-02-04 00:00:00,1394.3523860797475
2001-02-05 00:00:00,1392.9205906588738
2001-02-06 00:00:00,1391.469529899796
2001-02-07 00:00:00,1389.9700475553047
2001-02-08 00:00:00,1388.406707439798
2001-02-09 00:00:00,1386.7827585681903
2001-02-11 00:00:00,1383.4572462340543
2001-02-12 00:00:00,1381.8350896249244
2001-02-13 00:00:00,1380.2925497010447
2001-02-14 00:00:00,1378.8551130170517
2001-02-15 00:00:00,1377.530326385719
2001-02-16 00:00:00,1376.3068155854116
2001-02-18 00:00:00,1374.0431638765738
2001-02-19 00:00:00,1372.9234657967936
2001-02-20 00:00:00,1370.9631981754217
2001-02-21 00:00:00,1368.8736692820137
2001-02-22 00:00:00,1366.710096339501
2001-02-23 00:00:00,1364.4771957857986
2001-02-25 00:00:00,1359.9098993071748
2001-02-26 00:00:00,1357.6623261456955
2001-02-27 00:00:00,1355.5062277920695
2001-02-28 00:00:00,1353.4866428515543
2001-03-01 00:00:00,1351.6337333997894
2001-03-02 00:00:00,1349.956163310065
2001-03-04 00:00:00,1347.0415888601276
2001-03-05 00:00:00,1345.712440590984
2001-03-06 00:00:00,1344.392240414609
2001-03-07 00:00:00,1343.0309447964917
2001-03-08 00:00:00,1341.5992558970022
2001-03-09 00:00:00,1340.0963403268458
2001-03-11 00:00:00,1337.0156756289753
2001-03-12 00:00:00,1335.552165836387
2001-03-13 00:00:00,1334.2187050197274
2001-03-14 00:00:00,1333.056144831009
2001-03-15 00:00:00,1332.0802458748733
2001-03-16 00:00:00,1331.2798321719672
2001-03-18 00:00:00,1330.051060240193
2001-03-19 00:00:00,1329.514760371226
2001-03-20 00:00:00,1328.957173371275
2001-03-21 00:00:00,1328.335876152916
2001-03-22 00:00:00,1327.6270468883986
2001-03-23 00:00:00,1326.829459209716
2001-03-25 00:00:00,1325.0757378570565
2001-03-26 01:00:00,1324.1814433603445
2001-03-27 01:00:00,1323.415780174227
2001-03-28 01:00:00,1322.791439982833
2001-03-29 01:00:00,1322.3402789650777
2001-03-30 01:00:00,1322.068189703226
2001-04-01 01:00:00,1321.9439779686475
2001-04-02 01:00:00,1321.9770496208973
2001-04-03 01:00:00,1321.9807845602063
2001-04-04 01:00:00,1321.8941757174382
2001-04-05 01:00:00,1321.6791569497705
2001-04-06 01:00:00,1321.328568747058
2001-04-08 01:00:00,1320.3445208921116
2001-04-09 01:00:00,1319.822541338461
2001-04-10 01:00:00,1319.360340446198
2001-04-11 01:00:00,1319.0013140452734
2001-04-12 01:00:00,1318.7649186233848
2001-04-13 01:00:00,1318.6443624671238
2001-04-15 01:00:00,1318.6140182040388
2001-04-16 01:00:00,1318.6035936668268
2001-04-17 01:00:00,1318.5261863446306
2001-04-18 01:00:00,1318.3404179481477
2001-04-19 01:00:00,1318.0225941228218
2001-04-20 01:00:00,1317.5709221269974
2001-04-22 01:00:00,1316.3693014148632
2001-04-23 01:00:00,1315.7136309140305
2001-04-24 01:00:00,1315.096830680444
2001-04-25 01:00:00,1314.5698692928052
2001-04-26 01:00:00,1314.1674902513475
2001-04-27 01:00:00,1313.9013690353192
2001-04-29 01:00:00,1313.7000647035384
2001-04-30 01:00:00,1313.676980433266
2001-05-01 01:00:00,1313.6331527128589
2001-05-02 01:00:00,1313.521833029772
2001-05-03 01:00:00,1313.3149045235502
2001-05-04 01:00:00,1313.0094232480449
2001-05-06 01:00:00,1312.2100698933023
2001-05-07 01:00:00,1311.8083599784325
2001-05-08 01:00:00,1311.4713015911482
2001-05-09 01:00:00,1311.236620924779
2001-05-10 01:00:00,1311.1245322188156
2001-05-11 01:00:00,1311.1357010385825
2001-05-13 01:00:00,1311.4459279748726
2001-05-14 01:00:00,1311.6770275112463
2001-05-15 01:00:00,1311.9084513984433
2001-05-16 01:00:00,1312.1085263550137
2001-05-17 01:00:00,1312.2570071572068
2001-05-18 01:00:00,1312.34845557615
2001-05-20 01:00:00,1312.4153719151989
2001-05-21 01:00:00,1312.4488646235905
2001-05-22 01:00:00,1312.5307241015917
2001-05-23 01:00:00,1312.6942253022178
2001-05-24 01:00:00,1312.9622916324024
2001-05-25 01:00:00,1313.34288511367
2001-05-27 01:00:00,1314.3930797880303
2001-05-28 01:00:00,1315.0073914679363
2001-05-29 01:00:00,1315.6360753983774
2001-05-30 01:00:00,1316.2503332613808
2001-05-31 01:00:00,1316.832537662298
2001-06-01 01:00:00,1317.3795048273137
2001-06-03 01:00:00,1318.4183808733487
2001-06-04 01:00:00,1318.954570834285
2001-06-05 01:00:00,1319.532728927046
2001-06-06 01:00:00,1320.1694340893505
2001-06-07 01:00:00,1320.872491321768
2001-06-08 01:00:00,1321.6403199408815
2001-06-10 01:00:00,1323.3251256669223
2001-06-11 01:00:00,1324.20784829509
2001-06-12 01:00:00,1325.0929262276643
2001-06-13 01:00:00,1325.5837722723425
2001-06-14 01:00:00,1325.3255516343586
2001-06-15 01:00:00,1325.0358722243902
2001-06-17 01:00:00,1324.379462304927
2001-06-18 01:00:00,1324.0310044473592
2001-06-19 01:00:00,1323.6829487812304
2001-06-20 01:00:00,1323.343304749977
2001-06-21 01:00:00,1323.0159269736635
2001-06-22 01:00:00,1322.69988918964
2001-06-24 01:00:00,1322.0793193200384
2001-06-25 01:00:00,1321.7599651886962
2001-06-26 01:00:00,1321.4268021500714
2001-06-27 01:00:00,1321.0777782566327
2001-06-28 01:00:00,1320.7140942202482
2001-06-29 01:00:00,1320.339107607581
2001-07-01 01:00:00,1319.567888562077
2001-07-02 01:00:00,1319.1728493162407
2001-07-03 01:00:00,1318.767388872149
2001-07-04 01:00:00,1318.3451835181827
2001-07-05 01:00:00,1317.898807443234
2001-07-06 01:00:00,1317.4214462307698
2001-07-08 01:00:00,1316.3593373979286
2001-07-09 01:00:00,1315.7771287538608
2001-07-10 01:00:00,1315.1695830470962
2001-07-11 01:00:00,1314.547493306208
2001-07-12 01:00:00,1313.9229527892041
2001-07-13 01:00:00,1313.3068802514204
2001-07-15 01:00:00,1312.1224368584028
2001-07-16 01:00:00,1313.013274802773
2001-07-17 01:00:00,1314.4528983591956
2001-07-18 01:00:00,1315.87700926823
2001-07-19 01:00:00,1317.2650876145872
2001-07-20 01:00:00,1317.1177400296556
2001-07-22 01:00:00,1315.1633239889454
2001-07-23 01:00:00,1314.1447218312198
2001-07-24 01:00:00,1313.1267676880457
2001-07-25 01:00:00,1312.1369636536995
2001-07-26 01:00:00,1311.1999358769606
2001-07-27 01:00:00,1310.3311587154274
2001-07-29 01:00:00,1308.794924763972
2001-07-30 01:00:00,1308.0939946491787
2001-07-31 01:00:00,1307.4011564897646
2001-08-01 01:00:00,1306.6857715748995
2001-08-02 01:00:00,1305.9211667841396
2001-08-03 01:00:00,1305.089135941034
2001-08-05 01:00:00,1303.2092235064224
2001-08-06 01:00:00,1302.3595134442608
2001-08-07 01:00:00,1304.5233262061438
2001-08-08 01:00:00,1307.958350739134
2001-08-09 01:00:00,1311.878217857792
2001-08-10 01:00:00,1315.9435462998415
2001-08-12 01:00:00,1324.0347537218022
2001-08-13 01:00:00,1328.0643855929827
2001-08-14 01:00:00,1332.0951187562946
2001-08-15 01:00:00,1336.140793265254
2001-08-16 01:00:00,1340.2162479242502
2001-08-17 01:00:00,1344.3340086557175
2001-08-19 01:00:00,1352.7166888836705
2001-08-20 01:00:00,1356.971904373113
2001-08-21 01:00:00,1361.2515041631882
2001-08-22 01:00:00,1365.5375524136894
2001-08-23 01:00:00,1369.8139285652474
2001-08-24 01:00:00,1374.0701124479795
2001-08-26 01:00:00,1382.5191466443694
2001-08-27 01:00:00,1386.7291598295121
2001-08-28 01:00:00,1390.9491282867937
2001-08-29 01:00:00,1395.1955005685593
2001-08-30 01:00:00,1399.482556686814
2001-08-31 01:00:00,1403.820023745904
2001-09-02 01:00:00,1412.6537476871122
2001-09-03 01:00:00,1417.137155826006
2001-09-04 01:00:00,1421.646950019226
2001-09-05 01:00:00,1426.1654125092887
2001-09-06 01:00:00,1430.6746171090974
2001-09-07 01:00:00,1435.1593858774877
2001-09-09 01:00:00,1444.024121020793
2001-09-10 01:00:00,1448.4076309555987
2001-09-11 01:00:00,1452.7738739455117
2001-09-12 01:00:00,1457.1414863650723
2001-09-13 01:00:00,1461.5308626093797
2001-09-14 01:00:00,1465.9598039072373
2001-09-16 01:00:00,1468.5086479853423
2001-09-17 01:00:00,1469.150248464941
2001-09-18 01:00:00,1469.769555591363
2001-09-19 01:00:00,1470.3886634688233
2001-09-20 01:00:00,1471.0281848826078
2001-09-21 01:00:00,1471.7022973291193
2001-09-23 01:00:00,1473.1635693986937
2001-09-24 01:00:00,1473.9324606876091
2001-09-25 01:00:00,1474.7042373742672
2001-09-26 01:00:00,1475.4593303502554
2001-09-27 01:00:00,1476.1803515323704
2001-09-28 01:00:00,1476.8549903627732
2001-09-30 01:00:00,1478.0517834478514
2001-10-01 01:00:00,1478.5864345169803
2001-10-02 01:00:00,1479.0977491437045
2001-10-03 01:00:00,1479.6049436329527
2001-10-04 01:00:00,1479.7797209723644
2001-10-05 01:00:00,1479.2655153102303
2001-10-07 01:00:00,1478.3319291383982
2001-10-08 01:00:00,1477.909717907353
2001-10-09 01:00:00,1477.5018279828519
2001-10-10 01:00:00,1477.0892587971084
2001-10-11 01:00:00,1476.6510922796185
2001-10-12 01:00:00,1476.1688021869286
2001-10-14 01:00:00,1475.0334332987895
2001-10-15 01:00:00,1474.3857799762004
2001-10-16 01:00:00,1473.7037657668402
2001-10-17 01:00:00,1473.0081396260498
2001-10-18 01:00:00,1472.3188816747747
2001-10-19 01:00:00,1471.6505936393446
2001-10-21 01:00:00,1470.3931761321558
2001-10-22 01:00:00,1469.7909933693877
2001-10-23 01:00:00,1469.1876011595036
2001-10-24 01:00:00,1468.5657334097295
2001-10-25 01:00:00,1467.9094942794925
2001-10-26 01:00:00,1467.2070525448141
2001-10-28 01:00:00,1465.6467001551034
2001-10-29 00:00:00,1464.8323231543368
2001-10-30 00:00:00,1463.9522382490804
2001-10-31 00:00:00,1463.05564233408
2001-11-01 00:00:00,1462.1585196713968
2001-11-02 00:00:00,1461.2746496945315
2001-11-04 00:00:00,1459.577357655567
2001-11-05 00:00:00,1458.7632784208859
2001-11-06 00:00:00,1457.9612111792392
2001-11-07 00:00:00,1457.1570691484903
2001-11-08 00:00:00,1456.3352289042957
2001-11-09 00:00:00,1455.4817526539678
2001-11-11 00:00:00,1453.649550567442
2001-11-12 00:00:00,1452.6729001959316
2001-11-13 00:00:00,1451.6679658488997
2001-11-14 00:00:00,1450.648444560765
2001-11-15 00:00:00,1449.627901809989
2001-11-16 00:00:00,1448.6167936981094
2001-11-18 00:00:00,1446.6388470522854
2001-11-19 00:00:00,1445.6665769409074
2001-11-20 00:00:00,1444.69506094682
2001-11-21 00:00:00,1443.7141387789595
2001-11-22 00:00:00,1442.7141007937016
2001-11-23 00:00:00,1441.68736744316
2001-11-25 00:00:00,1439.5405375219937
2001-11-26 00:00:00,1438.4232421730114
2001-11-27 00:00:00,1437.5739375451078
2001-11-28 00:00:00,1437.8184368558698
2001-11-29 00:00:00,1438.056657350304
2001-11-30 00:00:00,1438.2954766787163
2001-12-02 00:00:00,1438.7899395446498
2001-12-03 00:00:00,1439.0453866453738
2001-12-04 00:00:00,1439.3014755710906
2001-12-05 00:00:00,1439.5523763762549
2001-12-06 00:00:00,1439.7920643601403
2001-12-07 00:00:00,1440.0157020068837
2001-12-09 00:00:00,1440.4068338410193
2001-12-10 00:00:00,1440.5765821281814
2001-12-11 00:00:00,1440.7336142562851
2001-12-12 00:00:00,1438.4570959306843
2001-12-13 00:00:00,1435.9227167193724
2001-12-14 00:00:00,1433.3857020841613
2001-12-16 00:00:00,1428.304297373624
2001-12-17 00:00:00,1425.7574582620516
2001-12-18 00:00:00,1423.204354232927
2001-12-19 00:00:00,1420.643909505013
2001-12-20 00:00:00,1418.0760159318745
2001-12-21 00:00:00,1415.5016436794797
2001-12-23 00:00:00,1410.3413439562846
2001-12-24 00:00:00,1407.7598694471988
2001-12-25 00:00:00,1402.7534852270528
2001-12-26 00:00:00,1397.6799770238836
2001-12-27 00:00:00,1392.6115852982823
2001-12-28 00:00:00,1387.5397081775475
2001-12-30 00:00:00,1377.3423568569158
2001-12-31 00:00:00,1372.1991516562298
2002-01-01 00:00:00,1367.022810008786
2002-01-02 00:00:00,1361.8200259021917
2002-01-03 00:00:00,1356.604853066942
2002-01-04 00:00:00,1350.0149367632062
2002-01-06 00:00:00,1334.1170334121957
2002-01-07 00:00:00,1326.2353805599596
2002-01-08 00:00:00,1318.3955790081322
2002-01-09 00:00:00,1310.5823314512286
2002-01-10 00:00:00,1302.7730622175468
2002-01-11 00:00:00,1294.942559206418
2002-01-13 00:00:00,1279.1338913517682
2002-01-14 00:00:00,1271.1345955409472
2002-01-15 00:00:00,1263.0765716978153
2002-01-16 00:00:00,1254.9775033625192
2002-01-17 00:00:00,1246.863948701697
2002-01-18 00:00:00,1238.7672932663208
2002-01-20 00:00:00,1222.7432646744564
2002-01-21 00:00:00,1214.8559707491645
2002-01-22 00:00:00,1207.057570979241
2002-01-23 00:00:00,1199.3339216916224
2002-01-24 00:00:00,1191.6574998398492
2002-01-25 00:00:00,1183.9916713315645
2002-01-27 00:00:00,1168.540395916205
2002-01-28 00:00:00,1160.7007500600344
2002-01-29 00:00:00,1152.777372785724
2002-01-30 00:00:00,1144.791016027523
2002-01-31 00:00:00,1136.7809824866924
2002-02-01 00:00:00,1128.796479879719
2002-02-03 00:00:00,1113.0797740356527
2002-02-04 00:00:00,1105.3928548349406
2002-02-05 00:00:00,1097.811307753805
2002-02-06 00:00:00,1090.301141055259
2002-02-07 00:00:00,1082.8148556207034
2002-02-08 00:00:00,1076.1704871106804
2002-02-10 00:00:00,1065.67848583855
2002-02-11 00:00:00,1060.2645932152654
2002-02-12 00:00:00,1054.744481517506
2002-02-13 00:00:00,1049.1476878263527
2002-02-14 00:00:00,1043.5191367978714
2002-02-15 00:00:00,1037.912106407742
2002-02-17 00:00:00,1026.9660562500796
2002-02-18 00:00:00,1021.6988692570244
2002-02-19 00:00:00,1016.5841890625669
2002-02-20 00:00:00,1011.6047365338253
2002-02-21 00:00:00,1006.7220566301964
2002-02-22 00:00:00,1001.8825732528051
2002-02-24 00:00:00,992.101812389185
2002-02-25 00:00:00,987.0711879258075
2002-02-26 00:00:00,981.9262531393475
2002-02-27 00:00:00,976.6891382886299
2002-02-28 00:00:00,971.4093461357584
2002-03-01 00:00:00,966.152330457206
2002-03-03 00:00:00,955.9489507054243
2002-03-04 00:00:00,951.0698601993788
2002-03-05 00:00:00,946.333132513592
2002-03-06 00:00:00,941.6986445391946
2002-03-07 00:00:00,937.1085552233695
2002-03-08 00:00:00,932.4996838638509
2002-03-10 00:00:00,923.0166041493802
2002-03-11 00:00:00,918.0858523317083
2002-03-12 00:00:00,913.0319068985891
2002-03-13 00:00:00,907.8868392411534
2002-03-14 00:00:00,902.700832796098
2002-03-15 00:00:00,897.533990218873
2002-03-17 00:00:00,887.489590567471
2002-03-18 00:00:00,882.695994369483
2002-03-19 00:00:00,878.0757937310908
2002-03-20 00:00:00,873.6138748839352
2002-03-21 00:00:00,869.2721854042572
2002-03-22 00:00:00,864.9958431912015
2002-03-24 00:00:00,856.3950115878635
2002-03-25 00:00:00,851.9717843016286
2002-03-26 00:00:00,847.4384285157624
2002-03-27 00:00:00,842.8114277632661
2002-03-28 00:00:00,838.1353801514574
2002-03-29 00:00:00,833.472446084966
2002-03-31 00:00:00,824.426957093456
2002-04-01 01:00:00,819.9409166768852
2002-04-02 01:00:00,815.7801803421104
2002-04-03 01:00:00,811.7278830274241
2002-04-04 01:00:00,807.7326735358425
2002-04-05 01:00:00,803.7373254738478
2002-04-07 01:00:00,795.5529934843869
2002-04-08 01:00:00,791.3092832729329
2002-04-09 01:00:00,786.9638757672415
2002-04-10 01:00:00,782.5424653811589
2002-04-11 01:00:00,778.0864485629767
2002-04-12 01:00:00,773.6457164418052
2002-04-14 01:00:00,765.0026265299034
2002-04-15 01:00:00,760.8702365883584
2002-04-16 01:00:00,756.8821490664025
2002-04-17 01:00:00,753.02720593022
2002-04-18 01:00:00,749.2759915748298
2002-04-19 01:00:00,745.585782218535
2002-04-21 01:00:00,738.1978923403055
2002-04-22 01:00:00,734.4226890159428
2002-04-23 01:00:00,730.5698133979313
2002-04-24 01:00:00,726.649423884765
2002-04-25 01:00:00,722.6922492364649
2002-04-26 01:00:00,718.7418553788268
2002-04-28 01:00:00,711.0338860099123
2002-04-29 01:00:00,707.3316416684901
2002-04-30 01:00:00,703.7357532388041
2002-05-01 01:00:00,700.2268643765401
2002-05-02 01:00:00,696.7730706573948
2002-05-03 01:00:00,693.3373816115973
2002-05-05 01:00:00,687.2705788555996
2002-05-06 01:00:00,684.8214561039254
2002-05-07 01:00:00,682.3139091314533
2002-05-08 01:00:00,680.9303224555488
2002-05-09 01:00:00,680.5310598842806
2002-05-10 01:00:00,680.1352211205271
2002-05-12 01:00:00,686.6899786724073
2002-05-13 01:00:00,691.4505598815543
2002-05-14 01:00:00,696.1956098781526
2002-05-15 01:00:00,700.9268834229323
2002-05-16 01:00:00,705.6493464193593
2002-05-17 01:00:00,710.3701679536836
2002-05-19 01:00:00,719.8378941852225
2002-05-20 01:00:00,724.5968059996296
2002-05-21 01:00:00,729.3756781222063
2002-05-22 01:00:00,734.172678768192
2002-05-23 01:00:00,738.9832219324404
2002-05-24 01:00:00,743.8011342958109
2002-05-26 01:00:00,753.4364917584646
2002-05-27 01:00:00,758.2472166918109
2002-05-28 01:00:00,763.0529114430574
2002-05-29 01:00:00,767.8559316167875
2002-05-30 01:00:00,772.6597990783715
2002-05-31 01:00:00,777.4682297070359
2002-06-02 01:00:00,787.1098421864066
2002-06-03 01:00:00,791.9453456913583
2002-06-04 01:00:00,796.939720501327
2002-06-05 01:00:00,803.7796705048299
2002-06-06 01:00:00,810.8638746341998
2002-06-07 01:00:00,817.9461011961325
2002-06-09 01:00:00,832.0949961566973
2002-06-10 01:00:00,839.1636869639522
2002-06-11 01:00:00,846.2335392747041
2002-06-12 01:00:00,853.3091734329619
2002-06-13 01:00:00,860.3939061979717
2002-06-14 01:00:00,867.4882356480517
2002-06-16 01:00:00,881.689541983763
2002-06-17 01:00:00,888.7812796713965
2002-06-18 01:00:00,895.8561316728083
2002-06-19 01:00:00,902.9088864123622
2002-06-20 01:00:00,909.9397848957948
2002-06-21 01:00:00,916.9550374312249
2002-06-23 01:00:00,930.9864814644802
2002-06-24 01:00:00,938.030361287365
2002-06-25 01:00:00,945.1073851405815
2002-06-26 01:00:00,952.2211253474995
2002-06-27 01:00:00,959.367644808055
2002-06-28 01:00:00,966.5357973771102
2002-06-30 01:00:00,980.8679689492834
2002-07-01 01:00:00,987.9945227678511
2002-07-02 01:00:00,995.0748471082552
2002-07-03 01:00:00,1002.1025428891849
2002-07-04 01:00:00,1009.4931883927658
2002-07-05 01:00:00,1017.2805065390744
2002-07-07 01:00:00,1032.8219398956612
2002-07-08 01:00:00,1040.6255661609698
2002-07-09 01:00:00,1048.4800002720385
2002-07-10 01:00:00,1054.896758431209
2002-07-11 01:00:00,1060.5604086521503
2002-07-12 01:00:00,1066.2724616253786
2002-07-14 01:00:00,1077.724627713613
2002-07-15 01:00:00,1083.3963397890154
2002-07-16 01:00:00,1088.9954713859818
2002-07-17 01:00:00,1094.5126152293521
2002-07-18 01:00:00,1099.9565361899681
2002-07-19 01:00:00,1105.3528102690752
2002-07-21 01:00:00,1116.152504345207
2002-07-22 01:00:00,1121.6308404044519
2002-07-23 01:00:00,1127.196113676724
2002-07-24 01:00:00,1132.8549758819645
2002-07-25 01:00:00,1138.5965531522133
2002-07-26 01:00:00,1144.3943866027364
2002-07-28 01:00:00,1156.0045076777978
2002-07-29 01:00:00,1161.7354225263418
2002-07-30 01:00:00,1167.373796701278
2002-07-31 01:00:00,1172.9043132368354
2002-08-01 01:00:00,1178.329255295543
2002-08-02 01:00:00,1183.6686032362898
2002-08-04 01:00:00,1194.2391418839127
2002-08-05 01:00:00,1199.56029002656
2002-08-06 01:00:00,1204.9594019175245
2002-08-07 01:00:00,1210.4597414567222
2002-08-08 01:00:00,1216.0626468840085
2002-08-09 01:00:00,1221.7451068960859
2002-08-11 01:00:00,1233.1596369889476
2002-08-12 01:00:00,1238.7799361077098
2002-08-13 01:00:00,1244.282809306981
2002-08-14 01:00:00,1249.6522550211478
2002-08-15 01:00:00,1254.9005871249594
2002-08-16 01:00:00,1260.0652518569557
2002-08-18 01:00:00,1270.3619360873406
2002-08-19 01:00:00,1275.601868525369
2002-08-20 01:00:00,1280.9526866398264
2002-08-21 01:00:00,1286.4247235443318
2002-08-22 01:00:00,1292.0041794431831
2002-08-23 01:00:00,1297.6559274649321
2002-08-25 01:00:00,1308.0669789198512
2002-08-26 01:00:00,1312.2651169274109
2002-08-27 01:00:00,1316.3320527297226
2002-08-28 01:00:00,1320.243378882511
2002-08-29 01:00:00,1323.9967450241493
2002-08-30 01:00:00,1327.6122874514765
2002-09-01 01:00:00,1334.601067192751
2002-09-02 01:00:00,1338.0834303449597
2002-09-03 01:00:00,1341.6265206773073
2002-09-04 01:00:00,1345.2628999731312
2002-09-05 01:00:00,1348.9993111153615
2002-09-06 01:00:00,1352.812867475819
2002-09-08 01:00:00,1360.4573411081826
2002-09-09 01:00:00,1364.156273615503
2002-09-10 01:00:00,1367.7006040378951
2002-09-11 01:00:00,1371.0679433672306
2002-09-12 01:00:00,1374.2684125717212
2002-09-13 01:00:00,1377.3404749537253
2002-09-15 01:00:00,1383.330200471809
2002-09-16 01:00:00,1386.3622974898
2002-09-17 01:00:00,1389.4718365977453
2002-09-18 01:00:00,1392.6695998287498
2002-09-19 01:00:00,1395.9410380154475
2002-09-20 01:00:00,1399.2494544121296
2002-09-22 01:00:00,1405.7616366802627
2002-09-23 01:00:00,1408.849979403935
2002-09-24 01:00:00,1411.7622003469519
2002-09-25 01:00:00,1414.4702293470382
2002-09-26 01:00:00,1416.9670413943045
2002-09-27 01:00:00,1419.2671332802233
2002-09-29 01:00:00,1423.423485947674
2002-09-30 01:00:00,1425.377571065914
2002-10-01 01:00:00,1427.3126688351517
2002-10-02 01:00:00,1429.2606683120625
2002-10-03 01:00:00,1431.2306618307791
2002-10-04 01:00:00,1433.2049692653802
2002-10-06 01:00:00,1436.9807446269783
2002-10-07 01:00:00,1438.6629189313157
2002-10-08 01:00:00,1440.1390916642083
2002-10-09 01:00:00,1441.3841748124482
2002-10-10 01:00:00,1442.4010748252133
2002-10-11 01:00:00,1443.217785640142
2002-10-13 01:00:00,1444.4345969148237
2002-10-14 01:00:00,1444.9296265144899
2002-10-15 01:00:00,1445.3951226460763
2002-10-16 01:00:00,1445.8437293616084
2002-10-17 01:00:00,1446.2687895325785
2002-10-18 01:00:00,1446.6470841439664
2002-10-20 01:00:00,1447.1215851610598
2002-10-21 01:00:00,1447.1432372780207
2002-10-22 01:00:00,1446.9822809080272
2002-10-23 01:00:00,1446.6253185768178
2002-10-24 01:00:00,1446.0749065795017
2002-10-25 01:00:00,1445.349726031405
2002-10-27 01:00:00,1443.516182298946
2002-10-28 00:00:00,1442.5402776227318
2002-10-29 00:00:00,1441.5144974985235
2002-10-30 00:00:00,1440.516808965497
2002-10-31 00:00:00,1439.570046939784
2002-11-01 00:00:00,1438.680487391085
2002-11-03 00:00:00,1437.0255466953765
2002-11-04 00:00:00,1436.2177746898067
2002-11-05 00:00:00,1435.398728633662
2002-11-06 00:00:00,1434.5636724734093
2002-11-07 00:00:00,1433.7227731949663
2002-11-08 00:00:00,1432.8996100028705
2002-11-10 00:00:00,1431.4381235226601
2002-11-11 00:00:00,1430.8657926621113
2002-11-12 00:00:00,1430.4326542418746
2002-11-13 00:00:00,1430.1514588911386
2002-11-14 00:00:00,1430.0243743940218
2002-11-15 00:00:00,1430.0447016275016
2002-11-17 00:00:00,1430.4748289505162
2002-11-18 00:00:00,1430.8555223307822
2002-11-19 00:00:00,1431.3312450807139
2002-11-20 00:00:00,1431.8962541080318
2002-11-21 00:00:00,1432.5501465227812
2002-11-22 00:00:00,1433.2972086134841
2002-11-24 00:00:00,1435.1018299202267
2002-11-25 00:00:00,1436.175456267116
2002-11-26 00:00:00,1437.3702224931703
2002-11-27 00:00:00,1438.6862853629534
2002-11-28 00:00:00,1440.1193536176067
2002-11-29 00:00:00,1441.6617492342825
2002-12-01 00:00:00,1445.0393630660776
2002-12-02 00:00:00,1446.8614078975504
2002-12-03 00:00:00,1448.7690182301576
2002-12-04 00:00:00,1450.7638424652544
2002-12-05 00:00:00,1452.8487073154558
2002-12-06 00:00:00,1455.025315223397
2002-12-08 00:00:00,1459.6434934100798
2002-12-09 00:00:00,1462.0694331049372
2002-12-10 00:00:00,1464.5574815262175
2002-12-11 00:00:00,1467.0947626885281
2002-12-12 00:00:00,1469.6705761620788
2002-12-13 00:00:00,1472.278597954324
2002-12-15 00:00:00,1477.5951465289995
2002-12-16 00:00:00,1480.3199460301485
2002-12-17 00:00:00,1483.1066918664858
2002-12-18 00:00:00,1485.9699558692234
2002-12-19 00:00:00,1488.9217392217704
2002-12-20 00:00:00,1491.9683894190125
2002-12-22 00:00:00,1498.329726582836
2002-12-23 00:00:00,1501.6131693872042
2002-12-24 00:00:00,1504.9321884759304
2002-12-25 00:00:00,1508.2590362958094
2002-12-26 00:00:00,1511.5704792909019
2002-12-27 00:00:00,1514.853533367776
2002-12-29 00:00:00,1521.3541756298382
2002-12-30 00:00:00,1524.6163032192023
2002-12-31 00:00:00,1527.9298433305535
2003-01-01 00:00:00,1531.3269218564353
2003-01-02 00:00:00,1534.8299925002277
2003-01-03 00:00:00,1538.446314171851
2003-01-05 00:00:00,1545.9626858904633
2003-01-06 00:00:00,1549.8004186427777
2003-01-07 00:00:00,1553.638733345455
2003-01-08 00:00:00,1557.4412346262482
2003-01-09 00:00:00,1561.1821222350254
2003-01-10 00:00:00,1564.850812277083
2003-01-12 00:00:00,1572.0133082598034
2003-01-13 00:00:00,1575.5640554858448
2003-01-14 00:00:00,1579.1470872510445
2003-01-15 00:00:00,1582.8031045467524
2003-01-16 00:00:00,1584.9977334745047
2003-01-17 00:00:00,1586.6505199484727
2003-01-19 00:00:00,1590.0674272245756
2003-01-20 00:00:00,1591.8113970605455
2003-01-21 00:00:00,1593.5574366606306
2003-01-22 00:00:00,1595.287750294954
2003-01-23 00:00:00,1596.9879329488151
2003-01-24 00:00:00,1598.650468823443
2003-01-26 00:00:00,1601.8772638167393
2003-01-27 00:00:00,1603.4689297982761
2003-01-28 00:00:00,1604.998364091031
2003-01-29 00:00:00,1605.2894695263067
2003-01-30 00:00:00,1603.244230846317
2003-01-31 00:00:00,1601.1407957255913
2003-02-02 00:00:00,1596.8067789057836
2003-02-03 00:00:00,1594.6061281935094
2003-02-04 00:00:00,1592.4092297934692
2003-02-05 00:00:00,1590.2349526365879
2003-02-06 00:00:00,1588.097519476616
2003-02-07 00:00:00,1586.0041921142065
2003-02-09 00:00:00,1581.9392823523217
2003-02-10 00:00:00,1579.944766940462
2003-02-11 00:00:00,1577.9524758602097
2003-02-12 00:00:00,1575.9435828417654
2003-02-13 00:00:00,1573.9019798269273
2003-02-14 00:00:00,1571.817388392547
2003-02-16 00:00:00,1567.5201283493464
2003-02-17 00:00:00,1565.3302075386162
2003-02-18 00:00:00,1563.1392049978392
2003-02-19 00:00:00,1560.9695086356046
2003-02-20 00:00:00,1558.839502234625
2003-02-21 00:00:00,1556.2232395693575
2003-02-23 00:00:00,1549.6324085925755
2003-02-24 00:00:00,1546.379822955665
2003-02-25 00:00:00,1543.126648894635
2003-02-26 00:00:00,1539.85171860275
2003-02-27 00:00:00,1536.5397517724923
2003-02-28 00:00:00,1533.1842532121466
2003-03-02 00:00:00,1526.3646269726612
2003-03-03 00:00:00,1522.93096625231
2003-03-04 00:00:00,1519.508585403459
2003-03-05 00:00:00,1516.1174620141633
2003-03-06 00:00:00,1512.7731699370586
2003-03-07 00:00:00,1509.4845220270859
2003-03-09 00:00:00,1503.0701550952904
2003-03-10 00:00:00,1499.924432660455
2003-03-11 00:00:00,1494.7080460945203
2003-03-12 00:00:00,1489.0634837366256
2003-03-13 00:00:00,1483.40668553985
2003-03-14 00:00:00,1477.72605941222
2003-03-16 00:00:00,1466.2856767735282
2003-03-17 00:00:00,1460.5434298748603
2003-03-18 00:00:00,1454.809447561999
2003-03-19 00:00:00,1449.1040966678179
2003-03-20 00:00:00,1443.4446392012915
2003-03-21 00:00:00,1437.841110656093
2003-03-23 00:00:00,1426.7940844772058
2003-03-24 00:00:00,1421.3256905753842
2003-03-25 00:00:00,1415.869713380443
2003-03-26 00:00:00,1410.4083362167228
2003-03-27 00:00:00,1404.9285859219726
2003-03-28 00:00:00,1399.4246460971838
2003-03-30 00:00:00,1391.7472039131992
2003-03-31 01:00:00,1388.3776713458928
2003-04-01 01:00:00,1385.1633807767307
2003-04-02 01:00:00,1381.9836996747285
2003-04-03 01:00:00,1378.850570983513
2003-04-04 01:00:00,1375.7710013385333
2003-04-06 01:00:00,1369.7720633282531
2003-04-07 01:00:00,1366.8393213712393
2003-04-08 01:00:00,1363.9358452529777
2003-04-09 01:00:00,1361.048280862961
2003-04-10 01:00:00,1358.1643721080006
2003-04-11 01:00:00,1355.275146135567
2003-04-13 01:00:00,1349.4708223053058
2003-04-14 01:00:00,1346.5651915884403
2003-04-15 01:00:00,1343.671311273683
2003-04-16 01:00:00,1340.8021180679987
2003-04-17 01:00:00,1337.9688242426844
2003-04-18 01:00:00,1335.178320698205
2003-04-20 01:00:00,1329.723902993203
2003-04-21 01:00:00,1327.0462199223307
2003-04-22 01:00:00,1324.3876946206424
2003-04-23 01:00:00,1321.7381801881093
2003-04-24 01:00:00,1319.0903248301947
2003-04-25 01:00:00,1316.4407933826476
2003-04-27 01:00:00,1311.1439773193322
2003-04-28 01:00:00,1308.5081240418922
2003-04-29 01:00:00,1305.8907133922785
2003-04-30 01:00:00,1303.298940958354
2003-05-01 01:00:00,1300.7382846444982
2003-05-02 01:00:00,1298.2118011208067
2003-05-04 01:00:00,1293.2604995316115
2003-05-05 01:00:00,1290.8296603927458
2003-05-06 01:00:00,1288.4223031138158
2003-05-07 01:00:00,1286.033178738174
2003-05-08 01:00:00,1283.657781767417
2003-05-09 01:00:00,1280.9991942933434
2003-05-11 01:00:00,1274.430884379432
2003-05-12 01:00:00,1271.1792001195715
2003-05-13 01:00:00,1267.9534834949018
2003-05-14 01:00:00,1264.7570459212661
2003-05-15 01:00:00,1261.5922379578278
2003-05-16 01:00:00,1258.4599421725025
2003-05-18 01:00:00,1252.2897505625392
2003-05-19 01:00:00,1249.2486149984438
2003-05-20 01:00:00,1246.2349974937338
2003-05-21 01:00:00,1243.2486536730325
2003-05-22 01:00:00,1240.290401047141
2003-05-23 01:00:00,1237.3618577403913
2003-05-25 01:00:00,1231.6012096853917
2003-05-26 01:00:00,1228.7715245140605
2003-05-27 01:00:00,1225.9756299142086
2003-05-28 01:00:00,1223.2122113536245
2003-05-29 01:00:00,1220.4791291121394
2003-05-30 01:00:00,1217.7738833917308
2003-06-01 01:00:00,1212.438699712148
2003-06-02 01:00:00,1209.8073291364942
2003-06-03 01:00:00,1207.2017893194316
2003-06-04 01:00:00,1204.6254993381579
2003-06-05 01:00:00,1202.0832198504347
2003-06-06 01:00:00,1199.580257611944
2003-06-08 01:00:00,1194.7095763525267
2003-06-09 01:00:00,1192.345207434686
2003-06-10 01:00:00,1191.0466401771387
2003-06-11 01:00:00,1191.15785146394
2003-06-12 01:00:00,1191.3095498532969
2003-06-13 01:00:00,1191.5097010689942
2003-06-15 01:00:00,1192.0763008792278
2003-06-16 01:00:00,1192.4440238750153
2003-06-17 01:00:00,1192.862343294444
2003-06-18 01:00:00,1193.3235116063938
2003-06-19 01:00:00,1193.819085672816
2003-06-20 01:00:00,1194.341895308919
2003-06-22 01:00:00,1195.4562429969583
2003-06-23 01:00:00,1196.0513984494596
2003-06-24 01:00:00,1196.8533190257724
2003-06-25 01:00:00,1198.3024761570666
2003-06-26 01:00:00,1199.7931837778328
2003-06-27 01:00:00,1201.33537491678
2003-06-29 01:00:00,1204.600842394504
2003-06-30 01:00:00,1206.3272589757307
2003-07-01 01:00:00,1208.110328286472
2003-07-02 01:00:00,1209.9402885248103
2003-07-03 01:00:00,1211.8047035258458
2003-07-04 01:00:00,1213.6907592009459
2003-07-06 01:00:00,1217.4905599051287
2003-07-07 01:00:00,1219.3994415572454
2003-07-08 01:00:00,1221.3223105081158
2003-07-09 01:00:00,1224.7872975396806
2003-07-10 01:00:00,1228.9740345384287
2003-07-11 01:00:00,1233.2212341911472
2003-07-13 01:00:00,1241.9373330998842
2003-07-14 01:00:00,1246.4085692621225
2003-07-15 01:00:00,1250.9445891302328
2003-07-16 01:00:00,1255.5308870742826
2003-07-17 01:00:00,1260.1515112815682
2003-07-18 01:00:00,1264.7924642528885
2003-07-20 01:00:00,1274.1047785661915
2003-07-21 01:00:00,1278.7773726030775
2003-07-22 01:00:00,1283.4723571140169
2003-07-23 01:00:00,1288.2040766994237
2003-07-24 01:00:00,1292.9887379053298
2003-07-25 01:00:00,1297.8417408206335
2003-07-27 01:00:00,1307.7951099943675
2003-07-28 01:00:00,1312.901153543878
2003-07-29 01:00:00,1318.0850702160155
2003-07-30 01:00:00,1323.3322459632466
2003-07-31 01:00:00,1328.6239291522643
2003-08-01 01:00:00,1333.9406991072526
2003-08-03 01:00:00,1344.5918655927348
2003-08-04 01:00:00,1349.916795433005
2003-08-05 01:00:00,1355.250312910093
2003-08-06 01:00:00,1360.608858081246
2003-08-07 01:00:00,1366.012545448274
2003-08-08 01:00:00,1371.480579035222
2003-08-10 01:00:00,1382.656861638109
2003-08-11 01:00:00,1388.3662197901835
2003-08-12 01:00:00,1394.1418287798779
2003-08-13 01:00:00,1399.9644968749553
2003-08-14 01:00:00,1405.8128128606354
2003-08-15 01:00:00,1411.667176625252
2003-08-17 01:00:00,1423.343468845299
2003-08-18 01:00:00,1429.1588125582225
2003-08-19 01:00:00,1434.9669314493754
2003-08-20 01:00:00,1440.7808793655759
2003-08-21 01:00:00,1446.6163983904542
2003-08-22 01:00:00,1453.7381665627418
2003-08-24 01:00:00,1467.5345892108294
2003-08-25 01:00:00,1473.0487203206853
2003-08-26 01:00:00,1478.6063630662748
2003-08-27 01:00:00,1483.8338704828532
2003-08-28 01:00:00,1486.4078280755962
2003-08-29 01:00:00,1488.9612837559
2003-08-31 01:00:00,1493.4811918427383
2003-09-01 01:00:00,1495.383417201307
2003-09-02 01:00:00,1497.245325832439
2003-09-03 01:00:00,1499.0835259287815
2003-09-04 01:00:00,1500.9182696213352
2003-09-05 01:00:00,1502.7688018103736
2003-09-07 01:00:00,1506.5647741755101
2003-09-08 01:00:00,1508.3209376975274
2003-09-09 01:00:00,1509.4225578269927
2003-09-10 01:00:00,1510.5447439518866
2003-09-11 01:00:00,1511.6693037515345
2003-09-12 01:00:00,1512.7795856630155
2003-09-14 01:00:00,1514.9151011588976
2003-09-15 01:00:00,1515.9357899285667
2003-09-16 01:00:00,1516.9332212940085
2003-09-17 01:00:00,1517.9201351660813
2003-09-18 01:00:00,1518.912162652251
2003-09-19 01:00:00,1519.9252879159055
2003-09-21 01:00:00,1522.064992402159
2003-09-22 01:00:00,1523.203260441859
2003-09-23 01:00:00,1524.3835512113185
2003-09-24 01:00:00,1525.5949152401336
2003-09-25 01:00:00,1526.8219707008464
2003-09-26 01:00:00,1528.0480924479914
2003-09-28 01:00:00,1530.4465199082401
2003-09-29 01:00:00,1531.6095781469032
2003-09-30 01:00:00,1532.7552499109588
2003-10-01 01:00:00,1533.8964563913316
2003-10-02 01:00:00,1535.0489000634313
2003-10-03 01:00:00,1536.227415543798
2003-10-05 01:00:00,1538.6997623948037
2003-10-06 01:00:00,1539.9964067038911
2003-10-07 01:00:00,1541.3251028920356
2003-10-08 01:00:00,1542.674477499101
2003-10-09 01:00:00,1544.0318534005123
2003-10-10 01:00:00,1545.385619316156
2003-10-12 01:00:00,1548.0516975724502
2003-10-13 01:00:00,1549.3592298260394
2003-10-14 01:00:00,1550.6535908061142
2003-10-15 01:00:00,1551.9418411940123
2003-10-16 01:00:00,1553.232916128606
2003-10-17 01:00:00,1554.5361102956415
2003-10-19 01:00:00,1557.2086884638863
2003-10-20 01:00:00,1558.5855696979186
2003-10-21 01:00:00,1559.9882116127408
2003-10-22 01:00:00,1561.4111147051603
2003-10-23 01:00:00,1562.8463748166414
2003-10-24 01:00:00,1564.285388458263
2003-10-26 01:00:00,1567.1480134873752
2003-10-27 00:00:00,1566.5989885159884
2003-10-28 00:00:00,1565.5417929117862
2003-10-29 00:00:00,1564.5002122190244
2003-10-30 00:00:00,1563.4675061918858
2003-10-31 00:00:00,1562.437544221895
2003-11-02 00:00:00,1560.3716582036257
2003-11-03 00:00:00,1559.3349628452763
2003-11-04 00:00:00,1558.298707254462
2003-11-05 00:00:00,1557.2664001920068
2003-11-06 00:00:00,1556.2414286985716
2003-11-07 00:00:00,1555.226296324464
2003-11-09 00:00:00,1553.2289597965664
2003-11-10 00:00:00,1552.2452722846485
2003-11-11 00:00:00,1551.2691483090412
2003-11-12 00:00:00,1550.298470110467
2003-11-13 00:00:00,1549.3315297217096
2003-11-14 00:00:00,1548.367447641534
2003-11-16 00:00:00,1546.4494357877288
2003-11-17 00:00:00,1545.498357059633
2003-11-18 00:00:00,1544.554905293546
2003-11-19 00:00:00,1543.6201726285426
2003-11-20 00:00:00,1542.6939577158696
2003-11-21 00:00:00,1541.4674426460092
2003-11-23 00:00:00,1538.1260775159412
2003-11-24 00:00:00,1536.4311222906717
2003-11-25 00:00:00,1534.7170351968373
2003-11-26 00:00:00,1532.9844135711517
2003-11-27 00:00:00,1531.236504880882
2003-11-28 00:00:00,1529.4786029570798
2003-11-30 00:00:00,1525.9567746706928
2003-12-01 00:00:00,1524.2018917417972
2003-12-02 00:00:00,1522.4529019390907
2003-12-03 00:00:00,1520.707417317286
2003-12-04 00:00:00,1518.9603614159187
2003-12-05 00:00:00,1517.2048538826307
2003-12-07 00:00:00,1512.3128858545558
2003-12-08 00:00:00,1507.875338798744
2003-12-09 00:00:00,1503.4062110695086
2003-12-10 00:00:00,1498.906817431191
2003-12-11 00:00:00,1494.3820378028538
2003-12-12 00:00:00,1489.8398858382157
2003-12-14 00:00:00,1480.7443564925961
2003-12-15 00:00:00,1476.210655510531
2003-12-16 00:00:00,1471.694986212236
2003-12-17 00:00:00,1467.1979660560562
2003-12-18 00:00:00,1462.7145322662168
2003-12-19 00:00:00,1458.234464430071
2003-12-21 00:00:00,1449.2298862210573
2003-12-22 00:00:00,1444.680444632047
2003-12-23 00:00:00,1440.090819631349
2003-12-24 00:00:00,1435.4635298405906
2003-12-25 00:00:00,1430.8083862958335
2003-12-26 00:00:00,1426.1403056526788
2003-12-28 00:00:00,1416.8292372505648
2003-12-29 00:00:00,1412.2096162967823
2003-12-30 00:00:00,1407.6191083517224
2003-12-31 00:00:00,1403.0528451708196
2004-01-01 00:00:00,1398.5001553711293
2004-01-02 00:00:00,1393.9467060728034
2004-01-04 00:00:00,1384.7773962542146
2004-01-05 00:00:00,1380.1375597622925
2004-01-06 00:00:00,1375.4530574306516
2004-01-07 00:00:00,1370.7259240279798
2004-01-08 00:00:00,1365.9648081810133
2004-01-09 00:00:00,1361.183981950509
2004-01-11 00:00:00,1351.6353091259136
2004-01-12 00:00:00,1346.901874260828
2004-01-13 00:00:00,1342.2110091651493
2004-01-14 00:00:00,1337.5645360012136
2004-01-15 00:00:00,1332.9552361839526
2004-01-16 00:00:00,1329.9895130153795
2004-01-18 00:00:00,1325.4591101170113
2004-01-19 00:00:00,1323.142351785615
2004-01-20 00:00:00,1320.7761046930116
2004-01-21 00:00:00,1318.3616946050925
2004-01-22 00:00:00,1315.910947272014
2004-01-23 00:00:00,1313.4434223820326
2004-01-25 00:00:00,1308.546414140347
2004-01-26 00:00:00,1306.1515926637187
2004-01-27 00:00:00,1303.802546821744
2004-01-28 00:00:00,1301.49525049889
2004-01-29 00:00:00,1299.2177468127738
2004-01-30 00:00:00,1295.6552103267802
2004-02-01 00:00:00,1285.967258731579
2004-02-02 00:00:00,1281.0693385655027
2004-02-03 00:00:00,1276.124016683942
2004-02-04 00:00:00,1271.1323946710772
2004-02-05 00:00:00,1266.1037433922768
2004-02-06 00:00:00,1261.0543094263355
2004-02-08 00:00:00,1250.9769444160058
2004-02-09 00:00:00,1245.9893625365512
2004-02-10 00:00:00,1241.05407896807
2004-02-11 00:00:00,1236.1739145739314
2004-02-12 00:00:00,1231.3417093213081
2004-02-13 00:00:00,1226.5415866392464
2004-02-15 00:00:00,1216.951108064408
2004-02-16 00:00:00,1212.1200697994564
2004-02-17 00:00:00,1207.2489482731944
2004-02-18 00:00:00,1202.3382074648634
2004-02-19 00:00:00,1197.3987914084546
2004-02-20 00:00:00,1192.4494770146098
2004-02-22 00:00:00,1182.6088558801691
2004-02-23 00:00:00,1177.7538709114388
2004-02-24 00:00:00,1172.9549926023367
2004-02-25 00:00:00,1168.6557009434018
2004-02-26 00:00:00,1165.264056900641
2004-02-27 00:00:00,1161.8662916886599
2004-02-29 00:00:00,1155.1250579807952
2004-03-01 00:00:00,1151.8139528836105
2004-03-02 00:00:00,1148.556281989624
2004-03-03 00:00:00,1145.3539134160412
2004-03-04 00:00:00,1142.201357898434
2004-03-05 00:00:00,1139.0867238318776
2004-03-07 00:00:00,1132.9054645671313
2004-03-08 00:00:00,1129.8064070798596
2004-03-09 00:00:00,1126.6869996132177
2004-03-10 00:00:00,1123.545105279724
2004-03-11 00:00:00,1120.3867698175725
2004-03-12 00:00:00,1117.2251067695154
2004-03-14 00:00:00,1110.9625597260433
2004-03-15 00:00:00,1107.895047671597
2004-03-16 00:00:00,1104.8840154569916
2004-03-17 00:00:00,1101.9306512746807
2004-03-18 00:00:00,1101.3130347579836
2004-03-19 00:00:00,1100.8086924337158
2004-03-21 00:00:00,1099.7962545774765
2004-03-22 00:00:00,1099.2139282244698
2004-03-23 00:00:00,1098.5538658305281
2004-03-24 00:00:00,1097.8167819926384
2004-03-25 00:00:00,1097.0188677815754
2004-03-26 00:00:00,1096.1878430726472
2004-03-28 00:00:00,1094.5624681629229
2004-03-29 01:00:00,1093.8025765168768
2004-03-30 01:00:00,1093.158565863517
2004-03-31 01:00:00,1092.6043622405718
2004-04-01 01:00:00,1092.13241609023
2004-04-02 01:00:00,1091.7233821449777
2004-04-04 01:00:00,1090.982601161596
2004-04-05 01:00:00,1090.5950706447786
2004-04-06 01:00:00,1090.170286271537
2004-04-07 01:00:00,1089.7035514962176
2004-04-08 01:00:00,1089.203319416189
2004-04-09 01:00:00,1088.6889068981322
2004-04-11 01:00:00,1087.719413680246
2004-04-12 01:00:00,1087.3099556306356
2004-04-13 01:00:00,1086.9680570554901
2004-04-14 01:00:00,1086.6937132532657
2004-04-15 01:00:00,1086.4776988890492
2004-04-16 01:00:00,1086.304920032252
2004-04-18 01:00:00,1086.0241526512834
2004-04-19 01:00:00,1085.891969432164
2004-04-20 01:00:00,1085.7586226604449
2004-04-21 01:00:00,1085.6266753313027
2004-04-22 01:00:00,1085.503367554356
2004-04-23 01:00:00,1085.3986550250474
2004-04-25 01:00:00,1085.2856335104163
2004-04-26 01:00:00,1085.2926395019347
2004-04-27 01:00:00,1085.3467006526687
2004-04-28 01:00:00,1085.4469974527517
2004-04-29 01:00:00,1085.590186114239
2004-04-30 01:00:00,1085.7719269419185
2004-05-02 01:00:00,1086.2390414147194
2004-05-03 01:00:00,1086.5248863653865
2004-05-04 01:00:00,1086.850817673953
2004-05-05 01:00:00,1087.223099738676
2004-05-06 01:00:00,1087.6475709972483
2004-05-07 01:00:00,1088.1275295143234
2004-05-09 01:00:00,1089.2462728001087
2004-05-10 01:00:00,1089.871953416164
2004-05-11 01:00:00,1090.5304492423684
2004-05-12 01:00:00,1091.2154648827845
2004-05-13 01:00:00,1091.9253397136436
2004-05-14 01:00:00,1092.6642331190303
2004-05-16 01:00:00,1094.2724985325183
2004-05-17 01:00:00,1095.1715199943862
2004-05-18 01:00:00,1096.1536130339277
2004-05-19 01:00:00,1097.2295685483552
2004-05-20 01:00:00,1098.4042033829849
2004-05-21 01:00:00,1099.6750380990222
2004-05-23 01:00:00,1102.4589150309623
2004-05-24 01:00:00,1103.93490644705
2004-05-25 01:00:00,1105.4386151693816
2004-05-26 01:00:00,1107.7916077963173
2004-05-27 01:00:00,1110.3389089626198
2004-05-28 01:00:00,1112.8808989998029
2004-05-30 01:00:00,1117.9977253185627
2004-05-31 01:00:00,1120.6186906950184
2004-06-01 01:00:00,1123.3173924781647
2004-06-02 01:00:00,1126.1151168626984
2004-06-03 01:00:00,1129.0207262292413
2004-06-04 01:00:00,1132.0266270227207
2004-06-06 01:00:00,1138.2298488230422
2004-06-07 01:00:00,1141.3498239472556
2004-06-08 01:00:00,1144.432261179731
2004-06-09 01:00:00,1147.4534585727351
2004-06-10 01:00:00,1150.4065661584712
2004-06-11 01:00:00,1153.3018844418418
2004-06-13 01:00:00,1159.0244107340163
2004-06-14 01:00:00,1161.918346514078
2004-06-15 01:00:00,1164.8747402800554
2004-06-16 01:00:00,1167.9125604561407
2004-06-17 01:00:00,1171.0367359530203
2004-06-18 01:00:00,1174.2365197587953
2004-06-20 01:00:00,1180.7480599093226
2004-06-21 01:00:00,1183.9778258490535
2004-06-22 01:00:00,1187.131263498832
2004-06-23 01:00:00,1190.1717389803919
2004-06-24 01:00:00,1193.0770420594563
2004-06-25 01:00:00,1195.8442670587986
2004-06-27 01:00:00,1201.0556675780538
2004-06-28 01:00:00,1203.5860040394443
2004-06-29 01:00:00,1206.134551778849
2004-06-30 01:00:00,1208.7446690900779
2004-07-01 01:00:00,1211.440427133679
2004-07-02 01:00:00,1214.2197664102566
2004-07-04 01:00:00,1219.8948744001716
2004-07-05 01:00:00,1222.6858114642644
2004-07-06 01:00:00,1225.3770532341534
2004-07-07 01:00:00,1227.9369050943947
2004-07-08 01:00:00,1230.3584860568985
2004-07-09 01:00:00,1232.6601352127527
2004-07-11 01:00:00,1237.0710068270137
2004-07-12 01:00:00,1239.28506906193
2004-07-13 01:00:00,1241.5700911826586
2004-07-14 01:00:00,1243.9591684492348
2004-07-15 01:00:00,1246.465943611709
2004-07-16 01:00:00,1249.0823062781087
2004-07-18 01:00:00,1254.5116864468648
2004-07-19 01:00:00,1257.2243797592855
2004-07-20 01:00:00,1259.862138574429
2004-07-21 01:00:00,1262.3788955961522
2004-07-22 01:00:00,1264.7464566710166
2004-07-23 01:00:00,1266.9604473522827
2004-07-25 01:00:00,1271.0359009353992
2004-07-26 01:00:00,1273.000813486714
2004-07-27 01:00:00,1274.9998856165435
2004-07-28 01:00:00,1277.086357540532
2004-07-29 01:00:00,1279.2913942131715
2004-07-30 01:00:00,1281.616462436199
2004-08-01 01:00:00,1286.484918201566
2004-08-02 01:00:00,1288.9119821501783
2004-08-03 01:00:00,1291.2552658961433
2004-08-04 01:00:00,1293.4754291522981
2004-08-05 01:00:00,1295.5594338578335
2004-08-06 01:00:00,1297.5216146974496
2004-08-08 01:00:00,1301.2432258689207
2004-08-09 01:00:00,1303.1099904753532
2004-08-10 01:00:00,1305.0497063227244
2004-08-11 01:00:00,1307.0988513629227
2004-08-12 01:00:00,1309.2741363433654
2004-08-13 01:00:00,1311.5697928661075
2004-08-15 01:00:00,1316.3952759051194
2004-08-16 01:00:00,1318.8257388386671
2004-08-17 01:00:00,1321.1944358377887
2004-08-18 01:00:00,1323.4549935239593
2004-08-19 01:00:00,1324.9466116990386
2004-08-20 01:00:00,1325.5779613880875
2004-08-22 01:00:00,1326.506955033216
2004-08-23 01:00:00,1326.8996818914318
2004-08-24 01:00:00,1327.3206324003474
2004-08-25 01:00:00,1327.8187220480104
2004-08-26 01:00:00,1328.4230489449535
2004-08-27 01:00:00,1329.136189789389
2004-08-29 01:00:00,1330.7710811699028
2004-08-30 01:00:00,1331.5935130171777
2004-08-31 01:00:00,1332.3503183183714
2004-09-01 01:00:00,1333.6965523434192
2004-09-02 01:00:00,1336.1217076601458
2004-09-03 01:00:00,1338.448664452695
2004-09-05 01:00:00,1342.9259473301126
2004-09-06 01:00:00,1345.1597522816176
2004-09-07 01:00:00,1347.4465078550447
2004-09-08 01:00:00,1349.817791312679
2004-09-09 01:00:00,1352.2902886569277
2004-09-10 01:00:00,1354.863273258369
2004-09-12 01:00:00,1360.2256808134146
2004-09-13 01:00:00,1362.9435284743915
2004-09-14 01:00:00,1365.6313942986515
2004-09-15 01:00:00,1368.2543530639891
2004-09-16 01:00:00,1370.7899937448963
2004-09-17 01:00:00,1373.2325586639904
2004-09-19 01:00:00,1377.9015395660167
2004-09-20 01:00:00,1380.19205696662
2004-09-21 01:00:00,1382.5043490844414
2004-09-22 01:00:00,1384.8706427244554
2004-09-23 01:00:00,1387.310073038628
2004-09-24 01:00:00,1389.824325004233
2004-09-26 01:00:00,1395.0063270565502
2004-09-27 01:00:00,1397.643608943424
2004-09-28 01:00:00,1401.0831158467624
2004-09-29 01:00:00,1404.472807217743
2004-09-30 01:00:00,1407.8027766286539
2004-10-01 01:00:00,1411.0754455446327
2004-10-03 01:00:00,1417.5074777728653
2004-10-04 01:00:00,1420.7094499180384
2004-10-05 01:00:00,1423.9309577069366
2004-10-06 01:00:00,1427.188424621224
2004-10-07 01:00:00,1429.5150502197516
2004-10-08 01:00:00,1430.4729014920179
2004-10-10 01:00:00,1432.4815092660315
2004-10-11 01:00:00,1433.5030401657334
2004-10-12 01:00:00,1434.514657589704
2004-10-13 01:00:00,1435.5036831799143
2004-10-14 01:00:00,1436.463058589165
2004-10-15 01:00:00,1437.3923599684379
2004-10-17 01:00:00,1439.1879227513398
2004-10-18 01:00:00,1440.0756134710098
2004-10-19 01:00:00,1440.9702963379366
2004-10-20 01:00:00,1441.8780367785025
2004-10-21 01:00:00,1442.8000772306937
2004-10-22 01:00:00,1443.7334363353878
2004-10-24 01:00:00,1445.6119445437976
2004-10-25 01:00:00,1446.547853713404
2004-10-26 01:00:00,1447.4798104767149
2004-10-27 01:00:00,1448.410568700344
2004-10-28 01:00:00,1449.345155935735
2004-10-29 01:00:00,1450.2892610174424
2004-10-31 01:00:00,1452.2215633365545
2004-11-01 00:00:00,1453.1684559734877
2004-11-02 00:00:00,1454.1651459150164
2004-11-03 00:00:00,1455.1623823151267
2004-11-04 00:00:00,1456.1504018962455
2004-11-05 00:00:00,1457.1202123666512
2004-11-07 00:00:00,1462.898085379806
2004-11-08 00:00:00,1465.8538964275642
2004-11-09 00:00:00,1468.8068120401065
2004-11-10 00:00:00,1471.773155891208
2004-11-11 00:00:00,1474.770734622078
2004-11-12 00:00:00,1477.8147641171029
2004-11-14 00:00:00,1484.0655298795507
2004-11-15 00:00:00,1486.292409149964
2004-11-16 00:00:00,1488.0701368030573
2004-11-17 00:00:00,1489.8483877002595
2004-11-18 00:00:00,1491.6191175385718
2004-11-19 00:00:00,1493.377099498119
2004-11-21 00:00:00,1496.8555545559277
2004-11-22 00:00:00,1498.5872448586447
2004-11-23 00:00:00,1500.3263551085472
2004-11-24 00:00:00,1502.0832613263033
2004-11-25 00:00:00,1501.8018329563083
2004-11-26 00:00:00,1501.0738531158388
2004-11-28 00:00:00,1499.545712298533
2004-11-29 00:00:00,1498.7555216963653
2004-11-30 00:00:00,1497.9606421921562
2004-12-01 00:00:00,1497.1731371528724
2004-12-02 00:00:00,1496.4048350413445
2004-12-03 00:00:00,1495.6652743702505
2004-12-05 00:00:00,1494.2886172972505
2004-12-06 00:00:00,1493.7306609593456
2004-12-07 00:00:00,1494.2398338634011
2004-12-08 00:00:00,1494.7518721007498
2004-12-09 00:00:00,1495.251415481514
2004-12-10 00:00:00,1495.7254956513896
2004-12-12 00:00:00,1496.5755014488918
2004-12-13 00:00:00,1496.9607435165844
2004-12-14 00:00:00,1497.3380519554426
2004-12-15 00:00:00,1497.7260542228432
2004-12-16 00:00:00,1498.1417283347967
2004-12-17 00:00:00,1498.5960957231798
2004-12-19 00:00:00,1499.6221007788938
2004-12-20 00:00:00,1500.1739159045978
2004-12-21 00:00:00,1500.729484649453
2004-12-22 00:00:00,1501.2705575258776
2004-12-23 00:00:00,1501.7815632161592
2004-12-24 00:00:00,1502.2522093549242
2004-12-26 00:00:00,1503.0662766670346
2004-12-27 00:00:00,1503.424578672704
2004-12-28 00:00:00,1503.7700548600374
2004-12-29 00:00:00,1504.12148305732
2004-12-30 00:00:00,1504.4974139125247
2004-12-31 00:00:00,1504.9131356003586
2005-01-02 00:00:00,1505.8937675472062
2005-01-03 00:00:00,1506.4536804581164
2005-01-04 00:00:00,1507.0435581047893
2005-01-05 00:00:00,1507.6438711657636
2005-01-06 00:00:00,1508.2332499776737
2005-01-07 00:00:00,1508.7927676751008
2005-01-09 00:00:00,1509.7837358540135
2005-01-10 00:00:00,1510.2222997206002
2005-01-11 00:00:00,1510.6446017048982
2005-01-12 00:00:00,1511.0741526654767
2005-01-13 00:00:00,1511.533229450471
2005-01-14 00:00:00,1512.037311993405
2005-01-16 00:00:00,1513.190038552284
2005-01-17 00:00:00,1513.8180249667284
2005-01-18 00:00:00,1514.4552848988192
2005-01-19 00:00:00,1515.0804581832424
2005-01-20 00:00:00,1515.6749827087694
2005-01-21 00:00:00,1516.2261976136074
2005-01-23 00:00:00,1517.1877447094453
2005-01-24 00:00:00,1517.6129190715342
2005-01-25 00:00:00,1518.0218649297817
2005-01-26 00:00:00,1518.4347116168951
2005-01-27 00:00:00,1518.871413837619
2005-01-28 00:00:00,1518.9715220409332
2005-01-30 00:00:00,1514.7626815490983
2005-01-31 00:00:00,1512.7350640627074
2005-02-01 00:00:00,1510.7434026845415
2005-02-02 00:00:00,1508.7688655113516
2005-02-03 00:00:00,1506.7904749617376
2005-02-04 00:00:00,1504.789200615189
2005-02-06 00:00:00,1500.675524404192
2005-02-07 00:00:00,1498.566338506652
2005-02-08 00:00:00,1496.4405269306671
2005-02-09 00:00:00,1494.3192486106066
2005-02-10 00:00:00,1492.2234704170573
2005-02-11 00:00:00,1490.1687654429359
2005-02-13 00:00:00,1486.1999566829202
2005-02-14 00:00:00,1484.2717255119703
2005-02-15 00:00:00,1482.360714498392
2005-02-16 00:00:00,1480.448771968022
2005-02-17 00:00:00,1478.519570233384
2005-02-18 00:00:00,1476.5613894342455
2005-02-20 00:00:00,1472.5436402620007
2005-02-21 00:00:00,1470.4936744004403
2005-02-22 00:00:00,1468.431811285534
2005-02-23 00:00:00,1466.3734627853241
2005-02-24 00:00:00,1464.334047980847
2005-02-25 00:00:00,1462.326499169584
2005-02-27 00:00:00,1458.4347203111151
2005-02-28 00:00:00,1456.549323193991
2005-03-01 00:00:00,1454.6937016791544
2005-03-02 00:00:00,1452.8545379363547
2005-03-03 00:00:00,1451.0169312572896
2005-03-04 00:00:00,1449.1672876072255
2005-03-06 00:00:00,1449.3098113313467
2005-03-07 00:00:00,1449.77536971571
2005-03-08 00:00:00,1449.7315357050365
2005-03-09 00:00:00,1448.7003302389462
2005-03-10 00:00:00,1447.6867930728433
2005-03-11 00:00:00,1446.701252707796
2005-03-13 00:00:00,1444.8292968333878
2005-03-14 00:00:00,1443.9367709564992
2005-03-15 00:00:00,1443.0623911833027
2005-03-16 00:00:00,1442.1959039414564
2005-03-17 00:00:00,1441.3277999655472
2005-03-18 00:00:00,1440.4509459948615
2005-03-20 00:00:00,1438.659800139513
2005-03-21 00:00:00,1437.7489156671484
2005-03-22 00:00:00,1436.834869751795
2005-03-23 00:00:00,1435.9248488981418
2005-03-24 00:00:00,1435.025967252571
2005-03-25 00:00:00,1434.1440373066766
2005-03-27 00:00:00,1432.4426652895243
2005-03-28 01:00:00,1431.5879797418145
2005-03-29 01:00:00,1430.7836235120797
2005-03-30 01:00:00,1429.9891772369863
2005-03-31 01:00:00,1429.199105617111
2005-04-01 01:00:00,1428.4088920034997
2005-04-03 01:00:00,1426.6583861705758
2005-04-04 01:00:00,1423.1212197380273
2005-04-05 01:00:00,1419.5863738779076
2005-04-06 01:00:00,1416.0574434462037
2005-04-07 01:00:00,1412.5373704362958
2005-04-08 01:00:00,1409.0277602935687
2005-04-10 01:00:00,1402.1464027949623
2005-04-11 01:00:00,1401.138397947105
2005-04-12 01:00:00,1400.1369184321436
2005-04-13 01:00:00,1399.1431848874095
2005-04-14 01:00:00,1398.1574522494154
2005-04-15 01:00:00,1397.1789881845207
2005-04-17 01:00:00,1395.2377839074927
2005-04-18 01:00:00,1394.271943594191
2005-04-19 01:00:00,1393.3082653809647
2005-04-20 01:00:00,1392.3473901622017
2005-04-21 01:00:00,1391.3912279920878
2005-04-22 01:00:00,1390.4427306876387
2005-04-24 01:00:00,1388.5823692951863
2005-04-25 01:00:00,1387.675878574872
2005-04-26 01:00:00,1386.786200472574
2005-04-27 01:00:00,1385.9113806596488
2005-04-28 01:00:00,1385.047317118836
2005-04-29 01:00:00,1384.1885146877403
2005-05-01 01:00:00,1382.4655333569212
2005-05-02 01:00:00,1381.595527948747
2005-05-03 01:00:00,1380.7211690317308
2005-05-04 01:00:00,1379.8475409593034
2005-05-05 01:00:00,1378.9820333934165
2005-05-06 01:00:00,1378.1328032254553
2005-05-08 01:00:00,1376.509619745099
2005-05-09 01:00:00,1375.7417823373285
2005-05-10 01:00:00,1375.0010957114912
2005-05-11 01:00:00,1374.2816569022941
2005-05-12 01:00:00,1373.575104394404
2005-05-13 01:00:00,1372.8720571127994
2005-05-15 01:00:00,1371.4437727727232
2005-05-16 01:00:00,1371.4766045537986
2005-05-17 01:00:00,1372.120600778609
2005-05-18 01:00:00,1372.7571581964398
2005-05-19 01:00:00,1373.3952851886634
2005-05-20 01:00:00,1374.0460667938114
2005-05-22 01:00:00,1375.4284303978134
2005-05-23 01:00:00,1376.1742109579736
2005-05-24 01:00:00,1376.9574573053703
2005-05-25 01:00:00,1377.7714867921977
2005-05-26 01:00:00,1378.6045208955632
2005-05-27 01:00:00,1379.4420818116635
2005-05-29 01:00:00,1381.079873026078
2005-05-30 01:00:00,1381.8673893249168
2005-05-31 01:00:00,1382.6373654018664
2005-06-01 01:00:00,1383.4006558400006
2005-06-02 01:00:00,1384.1721791778327
2005-06-03 01:00:00,1384.9677583937441
2005-06-05 01:00:00,1386.6805410315253
2005-06-06 01:00:00,1387.6089044427824
2005-06-07 01:00:00,1388.5817172060954
2005-06-08 01:00:00,1389.5886928033285
2005-06-09 01:00:00,1390.6153501585425
2005-06-10 01:00:00,1391.6454488632519
2005-06-12 01:00:00,1393.6583726111046
2005-06-13 01:00:00,1394.6232285455944
2005-06-14 01:00:00,1395.558725959218
2005-06-15 01:00:00,1396.4720397958436
2005-06-16 01:00:00,1397.376012447428
2005-06-17 01:00:00,1398.2870774917774
2005-06-19 01:00:00,1400.196530217311
2005-06-20 01:00:00,1401.2183240885067
2005-06-21 01:00:00,1402.288461215248
2005-06-22 01:00:00,1403.398700139588
2005-06-23 01:00:00,1404.5331967160594
2005-06-24 01:00:00,1405.671929960724
2005-06-26 01:00:00,1407.8859135306109
2005-06-27 01:00:00,1409.7328782772447
2005-06-28 01:00:00,1411.7332634289369
2005-06-29 01:00:00,1413.7266833454703
2005-06-30 01:00:00,1415.7321181548614
2005-07-01 01:00:00,1417.7696637871986
2005-07-03 01:00:00,1422.0041187816523
2005-07-04 01:00:00,1424.2158222450907
2005-07-05 01:00:00,1426.4869913937657
2005-07-06 01:00:00,1428.805733402234
2005-07-07 01:00:00,1431.1550749944327
2005-07-08 01:00:00,1433.5158443083508
2005-07-10 01:00:00,1439.9590202708637
2005-07-11 01:00:00,1443.786079561979
2005-07-12 01:00:00,1447.4852506777397
2005-07-13 01:00:00,1451.0772269117037
2005-07-14 01:00:00,1454.6023407851267
2005-07-15 01:00:00,1458.1140341954192
2005-07-17 01:00:00,1465.3195594786985
2005-07-18 01:00:00,1469.096713317578
2005-07-19 01:00:00,1473.0082763103342
2005-07-20 01:00:00,1477.03246635132
2005-07-21 01:00:00,1481.1222130602748
2005-07-22 01:00:00,1485.2159162816429
2005-07-24 01:00:00,1493.1877604827125
2005-07-25 01:00:00,1497.003487711295
2005-07-26 01:00:00,1500.7123828832516
2005-07-27 01:00:00,1504.3528151948094
2005-07-28 01:00:00,1507.9791878085487
2005-07-29 01:00:00,1511.649756455896
2005-07-31 01:00:00,1519.308366166218
2005-08-01 01:00:00,1521.589099136865
2005-08-02 01:00:00,1523.288663051765
2005-08-03 01:00:00,1525.0845729705281
2005-08-04 01:00:00,1526.9308536252265
2005-08-05 01:00:00,1528.775404321988
2005-08-07 01:00:00,1532.2709494476244
2005-08-08 01:00:00,1533.8593053660359
2005-08-09 01:00:00,1535.3299049472162
2005-08-10 01:00:00,1536.6988696581764
2005-08-11 01:00:00,1537.9995250990846
2005-08-12 01:00:00,1539.276950815201
2005-08-14 01:00:00,1541.5413739614187
2005-08-15 01:00:00,1542.600894569705
2005-08-16 01:00:00,1543.7001595661238
2005-08-17 01:00:00,1544.8344159013202
2005-08-18 01:00:00,1545.991956919159
2005-08-19 01:00:00,1547.1568508283476
2005-08-21 01:00:00,1549.4478533800452
2005-08-22 01:00:00,1550.5559491180427
2005-08-23 01:00:00,1551.639235516195
2005-08-24 01:00:00,1552.7064330974933
2005-08-25 01:00:00,1553.7705671746312
2005-08-26 01:00:00,1554.8459513668968
2005-08-28 01:00:00,1557.077356494783
2005-08-29 01:00:00,1558.2458270062252
2005-08-30 01:00:00,1557.5968676453986
2005-08-31 01:00:00,1556.283276361603
2005-09-01 01:00:00,1554.969821042288
2005-09-02 01:00:00,1553.7894864100874
2005-09-04 01:00:00,1555.1803535505069
2005-09-05 01:00:00,1555.9216117574028
2005-09-06 01:00:00,1556.6963277135765
2005-09-07 01:00:00,1557.501517736041
2005-09-08 01:00:00,1558.3306912697335
2005-09-09 01:00:00,1559.1750385068542
2005-09-11 01:00:00,1560.8722256612755
2005-09-12 01:00:00,1561.7109099168392
2005-09-13 01:00:00,1562.5393096829766
2005-09-14 01:00:00,1563.359921682334
2005-09-15 01:00:00,1564.1788314725122
2005-09-16 01:00:00,1565.0042008262012
2005-09-18 01:00:00,1566.705078224516
2005-09-19 01:00:00,1567.5899342969456
2005-09-20 01:00:00,1568.4983153021458
2005-09-21 01:00:00,1569.4268368101045
2005-09-22 01:00:00,1570.3703577632334
2005-09-23 01:00:00,1571.3233679455732
2005-09-25 01:00:00,1573.2410606810272
2005-09-26 01:00:00,1574.202020339851
2005-09-27 01:00:00,1575.1652418280578
2005-09-28 01:00:00,1576.1332994738752
2005-09-29 01:00:00,1577.1094901114823
2005-09-30 01:00:00,1578.097057084629
2005-10-02 01:00:00,1580.115280577106
2005-10-03 01:00:00,1579.04190289359
2005-10-04 01:00:00,1577.796065862851
2005-10-05 01:00:00,1576.5372298492734
2005-10-06 01:00:00,1575.2635940212056
2005-10-07 01:00:00,1573.973816835057
2005-10-09 01:00:00,1571.3452471433177
2005-10-10 01:00:00,1570.008781136098
2005-10-11 01:00:00,1568.6601925549987
2005-10-12 01:00:00,1567.3013374447432
2005-10-13 01:00:00,1565.9330859408567
2005-10-14 01:00:00,1564.5548182470436
2005-10-16 01:00:00,1561.7589324238625
2005-10-17 01:00:00,1560.3349744077886
2005-10-18 01:00:00,1558.8902275630037
2005-10-19 01:00:00,1557.4240494364415
2005-10-20 01:00:00,1555.9379991313454
2005-10-21 01:00:00,1554.4357970433725
2005-10-23 01:00:00,1551.4050463944145
2005-10-24 01:00:00,1549.8882240551834
2005-10-25 01:00:00,1548.3765145979412
2005-10-26 01:00:00,1546.8718125547846
2005-10-27 01:00:00,1545.3733033376232
2005-10-28 01:00:00,1543.8775359675599
2005-10-30 01:00:00,1540.8710757368617
2005-10-31 00:00:00,1539.411130906914
2005-11-01 00:00:00,1537.8679199176659
2005-11-02 00:00:00,1536.3024379301112
2005-11-03 00:00:00,1534.7166126524744
2005-11-04 00:00:00,1533.1165763319823
2005-11-06 00:00:00,1529.915242475763
2005-11-07 00:00:00,1528.3378199897916
2005-11-08 00:00:00,1526.7891480966177
2005-11-09 00:00:00,1525.273687971345
2005-11-10 00:00:00,1523.789914453529
2005-11-11 00:00:00,1522.3306757479072
2005-11-13 00:00:00,1519.4394519022696
2005-11-14 00:00:00,1517.983811594714
2005-11-15 00:00:00,1516.5108960965024
2005-11-16 00:00:00,1515.0196125559396
2005-11-17 00:00:00,1513.515135132322
2005-11-18 00:00:00,1512.0081112232672
2005-11-20 00:00:00,1509.0447047230016
2005-11-21 00:00:00,1507.617700228943
2005-11-22 00:00:00,1506.2419147539188
2005-11-23 00:00:00,1504.9219627613359
2005-11-24 00:00:00,1503.6562569274886
2005-11-25 00:00:00,1502.4373272837972
2005-11-27 00:00:00,1500.0890180424612
2005-11-28 00:00:00,1498.9305743052225
2005-11-29 00:00:00,1497.766205263218
2005-11-30 00:00:00,1496.589847686509
2005-12-01 00:00:00,1495.4028289523762
2005-12-02 00:00:00,1494.214489119647
2005-12-04 00:00:00,1491.9029667575724
2005-12-05 00:00:00,1490.8202196770458
2005-12-06 00:00:00,1489.2930779479823
2005-12-07 00:00:00,1487.866659989702
2005-12-08 00:00:00,1486.5446599463307
2005-12-09 00:00:00,1485.3146755277407
2005-12-11 00:00:00,1483.0545586944502
2005-12-12 00:00:00,1481.9857717862005
2005-12-13 00:00:00,1480.9398964047393
2005-12-14 00:00:00,1479.9135220403316
2005-12-15 00:00:00,1478.9123025404242
2005-12-16 00:00:00,1477.9498102609928
2005-12-18 00:00:00,1476.2188150415145
2005-12-19 00:00:00,1475.4906175203412
2005-12-20 00:00:00,1474.8749959557042
2005-12-21 00:00:00,1474.3795021958726
2005-12-22 00:00:00,1474.0035745415778
2005-12-23 00:00:00,1473.7387502861102
2005-12-25 00:00:00,1473.4786063831891
2005-12-26 00:00:00,1473.444469774008
2005-12-27 00:00:00,1473.4505364325187
2005-12-28 00:00:00,1473.4857673978377
2005-12-29 00:00:00,1473.5478396067103
2005-12-30 00:00:00,1473.6442373114796
2006-01-01 00:00:00,1474.0102127176344
2006-01-02 00:00:00,1474.3229622577264
2006-01-03 00:00:00,1474.7455839954096
2006-01-04 00:00:00,1475.2841387529816
2006-01-05 00:00:00,1475.9328942876164
2006-01-06 00:00:00,1476.6752290238264
2006-01-08 00:00:00,1478.3422915402627
2006-01-09 00:00:00,1479.2164282048705
2006-01-10 00:00:00,1480.0918124365935
2006-01-11 00:00:00,1480.9593368927488
2006-01-12 00:00:00,1481.8190859651597
2006-01-13 00:00:00,1482.679112337838
2006-01-15 00:00:00,1484.4559147267887
2006-01-16 00:00:00,1485.1356660186834
2006-01-17 00:00:00,1485.6770555501255
2006-01-18 00:00:00,1486.259192008961
2006-01-19 00:00:00,1486.8785777772189
2006-01-20 00:00:00,1487.5245513218645
2006-01-22 00:00:00,1488.8260886697346
2006-01-23 00:00:00,1489.4399082213306
2006-01-24 00:00:00,1490.002879013923
2006-01-25 00:00:00,1490.5013328901748
2006-01-26 00:00:00,1490.9295641688288
2006-01-27 00:00:00,1491.29106692016
2006-01-29 00:00:00,1491.868036868997
2006-01-30 00:00:00,1492.1207679334652
2006-01-31 00:00:00,1492.3719735353789
2006-02-01 00:00:00,1492.6300302925238
2006-02-02 00:00:00,1492.8939052098297
2006-02-03 00:00:00,1493.1538675322233
2006-02-05 00:00:00,1493.5975490776448
2006-02-06 00:00:00,1493.7480594303506
2006-02-07 00:00:00,1493.8353210525834
2006-02-08 00:00:00,1493.8557250130611
2006-02-09 00:00:00,1493.812820136749
2006-02-10 00:00:00,1493.7162461952946
2006-02-12 00:00:00,1493.4184875841577
2006-02-13 00:00:00,1493.246975093671
2006-02-14 00:00:00,1493.0766118187667
2006-02-15 00:00:00,1492.914478772851
2006-02-16 00:00:00,1492.7626423058016
2006-02-17 00:00:00,1492.6182529752718
2006-02-19 00:00:00,1492.3210783568645
2006-02-20 00:00:00,1492.1477148818756
2006-02-21 00:00:00,1491.9444141303209
2006-02-22 00:00:00,1491.704291400568
2006-02-23 00:00:00,1491.4249339465318
2006-02-24 00:00:00,1491.1091370162958
2006-02-26 00:00:00,1490.4022169008617
2006-02-27 00:00:00,1490.0339915020627
2006-02-28 00:00:00,1489.6700253518757
2006-03-01 00:00:00,1489.316385362649
2006-03-02 00:00:00,1488.9741231534847
2006-03-03 00:00:00,1488.639543513194
2006-03-05 00:00:00,1487.9645947726783
2006-03-06 00:00:00,1487.608973363395
2006-03-07 00:00:00,1487.2340979577111
2006-03-08 00:00:00,1486.8383665889146
2006-03-09 00:00:00,1486.423305497116
2006-03-10 00:00:00,1485.9929140631998
2006-03-12 00:00:00,1483.8429723264294
2006-03-13 00:00:00,1481.555313212231
2006-03-14 00:00:00,1479.2543378106157
2006-03-15 00:00:00,1476.9425851939643
2006-03-16 00:00:00,1474.6207663843431
2006-03-17 00:00:00,1472.2880719358686
2006-03-19 00:00:00,1467.582546002104
2006-03-20 00:00:00,1465.2057987209714
2006-03-21 00:00:00,1462.8115439169162
2006-03-22 00:00:00,1460.4000478103294
2006-03-23 00:00:00,1457.9727677349306
2006-03-24 00:00:00,1455.532004324106
2006-03-26 00:00:00,1450.6196503927397
2006-03-27 01:00:00,1448.0470828241803
2006-03-28 01:00:00,1445.5702951564774
2006-03-29 01:00:00,1443.084344620541
2006-03-30 01:00:00,1440.58781239706
2006-03-31 01:00:00,1438.0798019865663
2006-04-02 01:00:00,1433.0320504555007
2006-04-03 01:00:00,1430.4972188875083
2006-04-04 01:00:00,1427.959949203082
2006-04-05 01:00:00,1425.4239611015003
2006-04-06 01:00:00,1422.8920075506903
2006-04-07 01:00:00,1420.365206687455
2006-04-09 01:00:00,1415.3217550262013
2006-04-10 01:00:00,1412.7980885465158
2006-04-11 01:00:00,1410.2666747747849
2006-04-12 01:00:00,1407.7225944679462
2006-04-13 01:00:00,1405.1619973984414
2006-04-14 01:00:00,1402.5829726738946
2006-04-16 01:00:00,1397.3751876373335
2006-04-17 01:00:00,1394.7560937292476
2006-04-18 01:00:00,1392.1368158890825
2006-04-19 01:00:00,1390.8659251159295
2006-04-20 01:00:00,1390.3786136887709
2006-04-21 01:00:00,1389.916814555904
2006-04-23 01:00:00,1389.0622447161197
2006-04-24 01:00:00,1388.6548814864007
2006-04-25 01:00:00,1388.246607973392
2006-04-26 01:00:00,1387.8268569226993
2006-04-27 01:00:00,1387.3882182494751
2006-04-28 01:00:00,1386.92828421579
2006-04-30 01:00:00,1385.9627505199073
2006-05-01 01:00:00,1385.4770087774077
2006-05-02 01:00:00,1385.005396925908
2006-05-03 01:00:00,1384.5583735906378
2006-05-04 01:00:00,1384.1425174221463
2006-05-05 01:00:00,1383.7593136052726
2006-05-07 01:00:00,1384.063598293801
2006-05-08 01:00:00,1385.9618597252575
2006-05-09 01:00:00,1387.8778408395726
2006-05-10 01:00:00,1389.8232904853994
2006-05-11 01:00:00,1391.8070716903212
2006-05-12 01:00:00,1393.8334622508391
2006-05-14 01:00:00,1398.0025108079665
2006-05-15 01:00:00,1400.1254046889076
2006-05-16 01:00:00,1402.254182527517
2006-05-17 01:00:00,1404.373062207289
2006-05-18 01:00:00,1406.4693430588443
2006-05-19 01:00:00,1408.5363884937763
2006-05-21 01:00:00,1412.5958279202837
2006-05-22 01:00:00,1414.6130031241867
2006-05-23 01:00:00,1416.6454236274813
2006-05-24 01:00:00,1418.710367578996
2006-05-25 01:00:00,1420.8200670978656
2006-05-26 01:00:00,1422.9789611770195
2006-05-28 01:00:00,1427.4193461547825
2006-05-29 01:00:00,1429.6716030277234
2006-05-30 01:00:00,1431.9208274168602
2006-05-31 01:00:00,1434.1505216969135
2006-06-01 01:00:00,1436.3493930407553
2006-06-02 01:00:00,1438.513190065745
2006-06-04 01:00:00,1442.7552704358047
2006-06-05 01:00:00,1444.8582596444403
2006-06-06 01:00:00,1446.9711772943303
2006-06-07 01:00:00,1449.110455135043
2006-06-08 01:00:00,1449.3203481662397
2006-06-09 01:00:00,1449.03739559815
2006-06-11 01:00:00,1448.611204716875
2006-06-12 01:00:00,1448.4445204968085
2006-06-13 01:00:00,1448.2843205661986
2006-06-14 01:00:00,1448.1108140336992
2006-06-15 01:00:00,1447.9081238320393
2006-06-16 01:00:00,1447.667984360937
2006-06-18 01:00:00,1447.0908499315835
2006-06-19 01:00:00,1447.5771564348986
2006-06-20 01:00:00,1448.2865712562325
2006-06-21 01:00:00,1449.0301264776253
2006-06-22 01:00:00,1449.8221153007519
2006-06-23 01:00:00,1450.668134421848
2006-06-25 01:00:00,1452.4976066451293
2006-06-26 01:00:00,1453.4503351664853
2006-06-27 01:00:00,1454.4022353771236
2006-06-28 01:00:00,1455.3351757113335
2006-06-29 01:00:00,1456.236162227468
2006-06-30 01:00:00,1457.099328352005
2006-07-02 01:00:00,1458.7268168886221
2006-07-03 01:00:00,1459.5144410570065
2006-07-04 01:00:00,1460.3066499409388
2006-07-05 01:00:00,1461.1206487502664
2006-07-06 01:00:00,1461.9706667298105
2006-07-07 01:00:00,1462.8653409328253
2006-07-09 01:00:00,1464.7854701395054
2006-07-10 01:00:00,1465.7901784960138
2006-07-11 01:00:00,1466.8015548533383
2006-07-12 01:00:00,1467.8004461852358
2006-07-13 01:00:00,1468.7712754658749
2006-07-14 01:00:00,1469.705678450318
2006-07-16 01:00:00,1471.4776479333182
2006-07-17 01:00:00,1472.3415825674206
2006-07-18 01:00:00,1473.2156393299358
2006-07-19 01:00:00,1474.1176472182096
2006-07-20 01:00:00,1475.060216720518
2006-07-21 01:00:00,1476.0483445657499
2006-07-23 01:00:00,1478.141127289986
2006-07-24 01:00:00,1479.2203011574172
2006-07-25 01:00:00,1480.2996136550091
2006-07-26 01:00:00,1481.3638697647475
2006-07-27 01:00:00,1482.4018699453231
2006-07-28 01:00:00,1483.407989756974
2006-07-30 01:00:00,1485.3322333533417
2006-07-31 01:00:00,1486.2671367048179
2006-08-01 01:00:00,1487.2006358618282
2006-08-02 01:00:00,1488.1463330624888
2006-08-03 01:00:00,1489.1159276709416
2006-08-04 01:00:00,1490.1171289829174
2006-08-06 01:00:00,1492.2170974186442
2006-08-07 01:00:00,1493.302633408705
2006-08-08 01:00:00,1494.3957269745688
2006-08-09 01:00:00,1495.4824667799646
2006-08-10 01:00:00,1496.55121786516
2006-08-11 01:00:00,1497.5952884206954
2006-08-13 01:00:00,1499.614706999604
2006-08-14 01:00:00,1499.9061465407872
2006-08-15 01:00:00,1499.5661504534091
2006-08-16 01:00:00,1499.240390946403
2006-08-17 01:00:00,1498.9370380630576
2006-08-18 01:00:00,1498.6593882021118
2006-08-20 01:00:00,1498.16973820216
2006-08-21 01:00:00,1497.9429526896117
2006-08-22 01:00:00,1497.715748996441
2006-08-23 01:00:00,1497.4795617730927
2006-08-24 01:00:00,1497.228149978343
2006-08-25 01:00:00,1496.9583812427225
2006-08-27 01:00:00,1496.5001708941113
2006-08-28 01:00:00,1498.3990149066683
2006-08-29 01:00:00,1500.2967069754156
2006-08-30 01:00:00,1502.199976908035
2006-08-31 01:00:00,1504.1145096279638
2006-09-01 01:00:00,1506.0439960383264
2006-09-03 01:00:00,1507.4380757706572
2006-09-04 01:00:00,1508.0721139767174
2006-09-05 01:00:00,1508.7064173933036
2006-09-06 01:00:00,1509.3461696328775
2006-09-07 01:00:00,1509.9953844059426
2006-09-08 01:00:00,1510.656009542484
2006-09-10 01:00:00,1512.008073692234
2006-09-11 01:00:00,1512.6937578281775
2006-09-12 01:00:00,1513.3813035163416
2006-09-13 01:00:00,1514.0681836308836
2006-09-14 01:00:00,1514.7532708765152
2006-09-15 01:00:00,1515.436851884336
2006-09-17 01:00:00,1514.642682770218
2006-09-18 01:00:00,1512.7695448822067
2006-09-19 01:00:00,1510.8996674429081
2006-09-20 01:00:00,1509.0329164198376
2006-09-21 01:00:00,1507.168235626318
2006-09-22 01:00:00,1505.3039354478146
2006-09-24 01:00:00,1501.5693786065292
2006-09-25 01:00:00,1499.6969563164869
2006-09-26 01:00:00,1497.8214271625407
2006-09-27 01:00:00,1494.9926331223921
2006-09-28 01:00:00,1490.588746083917
2006-09-29 01:00:00,1486.1965651847606
2006-10-01 01:00:00,1477.483061174799
2006-10-02 01:00:00,1473.1684600535018
2006-10-03 01:00:00,1468.8752307080758
2006-10-04 01:00:00,1464.5896799576537
2006-10-05 01:00:00,1460.2937444397883
2006-10-06 01:00:00,1455.969166193795
2006-10-08 01:00:00,1447.1885316833686
2006-10-09 01:00:00,1442.7339754955942
2006-10-10 01:00:00,1438.2551599129445
2006-10-11 01:00:00,1433.7752438085201
2006-10-12 01:00:00,1429.3187412016043
2006-10-13 01:00:00,1424.905892194307
2006-10-15 01:00:00,1416.2453149903693
2006-10-16 01:00:00,1411.9859792770683
2006-10-17 01:00:00,1407.748941069094
2006-10-18 01:00:00,1403.507123847694
2006-10-19 01:00:00,1399.23202553468
2006-10-20 01:00:00,1394.89845019767
2006-10-22 01:00:00,1385.9966701629244
2006-10-23 01:00:00,1381.4283592987338
2006-10-24 01:00:00,1376.8033599058097
2006-10-25 01:00:00,1372.1520046568633
2006-10-26 01:00:00,1368.4214994169324
2006-10-27 01:00:00,1364.9823493543086
2006-10-29 01:00:00,1358.3476555457858
2006-10-30 00:00:00,1355.2962963118302
2006-10-31 00:00:00,1352.178091042878
2006-11-01 00:00:00,1349.0893326900443
2006-11-02 00:00:00,1345.9825885381179
2006-11-03 00:00:00,1342.8114743762912
2006-11-05 00:00:00,1336.159214818162
2006-11-06 00:00:00,1332.6752299097418
2006-11-07 00:00:00,1329.122995685242
2006-11-08 00:00:00,1325.5505893730146
2006-11-09 00:00:00,1322.0096449388996
2006-11-10 00:00:00,1318.543896124595
2006-11-12 00:00:00,1311.9237109384298
2006-11-13 00:00:00,1308.7575981933883
2006-11-14 00:00:00,1305.6468436605924
2006-11-15 00:00:00,1302.5448077715946
2006-11-16 00:00:00,1299.702563707554
2006-11-17 00:00:00,1298.538727446959
2006-11-19 00:00:00,1295.836235257391
2006-11-20 00:00:00,1294.2898628846672
2006-11-21 00:00:00,1292.6445389821401
2006-11-22 00:00:00,1290.9473202514246
2006-11-23 00:00:00,1289.2562100712046
2006-11-24 00:00:00,1287.6299289079489
2006-11-26 00:00:00,1284.7430017180454
2006-11-27 00:00:00,1283.508903297569
2006-11-28 00:00:00,1282.384785843145
2006-11-29 00:00:00,1281.3174341867257
2006-11-30 00:00:00,1280.2405249881283
2006-12-01 00:00:00,1279.088698959037
2006-12-03 00:00:00,1276.3881231338048
2006-12-04 00:00:00,1274.8260347720989
2006-12-05 00:00:00,1273.1652809756238
2006-12-06 00:00:00,1271.4657519802847
2006-12-07 00:00:00,1269.7940875311417
2006-12-08 00:00:00,1268.2091883916316
2006-12-10 00:00:00,1265.4319675063002
2006-12-11 00:00:00,1264.2398978240415
2006-12-12 00:00:00,1263.4609319807694
2006-12-13 00:00:00,1263.379173444832
2006-12-14 00:00:00,1263.2784321159293
2006-12-15 00:00:00,1263.1032734754863
2006-12-17 00:00:00,1262.3794546223874
2006-12-18 00:00:00,1261.8110591117816
2006-12-19 00:00:00,1261.1340274774993
2006-12-20 00:00:00,1260.3982244876786
2006-12-21 00:00:00,1259.6669190395924
2006-12-22 00:00:00,1259.0050975643628
2006-12-24 00:00:00,1258.0822403900152
2006-12-25 00:00:00,1257.8537692330403
2006-12-26 00:00:00,1257.7520103525562
2006-12-27 00:00:00,1257.723149634899
2006-12-28 00:00:00,1257.7000856669717
2006-12-29 00:00:00,1257.6169244716273
2006-12-31 00:00:00,1257.0951404737284
2007-01-01 00:00:00,1256.63897877271
2007-01-02 00:00:00,1256.089913780665
2007-01-03 00:00:00,1255.5025187885017
2007-01-04 00:00:00,1254.9384924975395
2007-01-05 00:00:00,1254.453831666313
2007-01-07 00:00:00,1253.8598789823682
2007-01-08 00:00:00,1253.7620846634231
2007-01-09 00:00:00,1253.7678762822657
2007-01-10 00:00:00,1253.8347884360765
2007-01-11 00:00:00,1253.9127159964446
2007-01-12 00:00:00,1253.9523744716964
2007-01-14 00:00:00,1253.771639186341
2007-01-15 00:00:00,1253.5227790616914
2007-01-16 00:00:00,1253.1844046321753
2007-01-17 00:00:00,1252.7928727239969
2007-01-18 00:00:00,1252.3968830652957
2007-01-19 00:00:00,1252.0480680572955
2007-01-21 00:00:00,1251.650979489535
2007-01-22 00:00:00,1251.6338405762021
2007-01-23 00:00:00,1250.7697830922489
2007-01-24 00:00:00,1248.2762382932258
2007-01-25 00:00:00,1245.797618558711
2007-01-26 00:00:00,1243.2863520279209
2007-01-28 00:00:00,1238.0394154070984
2007-01-29 00:00:00,1235.289383068876
2007-01-30 00:00:00,1232.478306083916
2007-01-31 00:00:00,1229.641044723812
2007-02-01 00:00:00,1226.816971478571
2007-02-02 00:00:00,1224.0419918645232
2007-02-04 00:00:00,1218.7308142219406
2007-02-05 00:00:00,1216.2062701049058
2007-02-06 00:00:00,1213.7548568824395
2007-02-07 00:00:00,1211.3534633074732
2007-02-08 00:00:00,1209.481554051294
2007-02-09 00:00:00,1209.4691846767541
2007-02-11 00:00:00,1210.9575830945107
2007-02-12 00:00:00,1213.3326484836214
2007-02-13 00:00:00,1215.6946647988898
2007-02-14 00:00:00,1218.0491626282683
2007-02-15 00:00:00,1220.4037986800229
2007-02-16 00:00:00,1222.7667486445978
2007-02-18 00:00:00,1227.5428858155278
2007-02-19 00:00:00,1229.9612929853513
2007-02-20 00:00:00,1232.3976556648397
2007-02-21 00:00:00,1234.8468635369622
2007-02-22 00:00:00,1237.3027684531635
2007-02-23 00:00:00,1239.7596980643818
2007-02-25 00:00:00,1244.6638199216375
2007-02-26 00:00:00,1247.1106773649249
2007-02-27 00:00:00,1249.5571789074368
2007-02-28 00:00:00,1252.0068470331232
2007-03-01 00:00:00,1254.4629940348657
2007-03-02 00:00:00,1256.9279882036442
2007-03-04 00:00:00,1261.887409741707
2007-03-05 00:00:00,1264.3803238920761
2007-03-06 00:00:00,1266.8798755023197
2007-03-07 00:00:00,1269.3843821762991
2007-03-08 00:00:00,1271.8927281910712
2007-03-09 00:00:00,1274.404712073043
2007-03-11 00:00:00,1279.4437486259667
2007-03-12 00:00:00,1281.9745896257268
2007-03-13 00:00:00,1284.5155985497106
2007-03-14 00:00:00,1287.0678419809028
2007-03-15 00:00:00,1289.6309938509676
2007-03-16 00:00:00,1292.2031000912955
2007-03-18 00:00:00,1297.3600990567984
2007-03-19 00:00:00,1299.9373711810347
2007-03-20 00:00:00,1302.5106244125577
2007-03-21 00:00:00,1305.080353098028
2007-03-22 00:00:00,1307.6497650045917
2007-03-23 00:00:00,1309.9014145646947
2007-03-25 00:00:00,1311.844041332542
2007-03-26 01:00:00,1312.889846400719
2007-03-27 01:00:00,1313.918400066918
2007-03-28 01:00:00,1314.9674224301086
2007-03-29 01:00:00,1316.0312783248326
2007-03-30 01:00:00,1317.1026712242688
2007-04-01 01:00:00,1319.3348483411978
2007-04-02 01:00:00,1320.5385764269079
2007-04-03 01:00:00,1321.7740081315803
2007-04-04 01:00:00,1323.0393272774859
2007-04-05 01:00:00,1324.3293241974663
2007-04-06 01:00:00,1325.6359820848284
2007-04-08 01:00:00,1328.2603603029404
2007-04-09 01:00:00,1329.5601353605966
2007-04-10 01:00:00,1330.8442276461365
2007-04-11 01:00:00,1332.1126686083514
2007-04-12 01:00:00,1333.3707193029088
2007-04-13 01:00:00,1334.6283094339037
2007-04-15 01:00:00,1337.1940189144095
2007-04-16 01:00:00,1338.5257934186427
2007-04-17 01:00:00,1339.898507781864
2007-04-18 01:00:00,1341.309781088553
2007-04-19 01:00:00,1342.7502000724903
2007-04-20 01:00:00,1344.2054522013577
2007-04-22 01:00:00,1347.0999500416688
2007-04-23 01:00:00,1348.5178847318764
2007-04-24 01:00:00,1349.9125858980565
2007-04-25 01:00:00,1351.2898106850816
2007-04-26 01:00:00,1352.8197836537624
2007-04-27 01:00:00,1355.6938106180207
2007-04-29 01:00:00,1360.3914290361251
2007-04-30 01:00:00,1362.3530716860364
2007-05-01 01:00:00,1364.652181905521
2007-05-02 01:00:00,1367.0679189122825
2007-05-03 01:00:00,1369.5731710200023
2007-05-04 01:00:00,1372.1267208371598
2007-05-06 01:00:00,1377.181383925658
2007-05-07 01:00:00,1379.592062366732
2007-05-08 01:00:00,1381.8867945690859
2007-05-09 01:00:00,1384.0631260645857
2007-05-10 01:00:00,1386.1425244623363
2007-05-11 01:00:00,1388.167610797472
2007-05-13 01:00:00,1392.2822770949044
2007-05-14 01:00:00,1394.4782802417199
2007-05-15 01:00:00,1396.8079215632802
2007-05-16 01:00:00,1399.2667976816354
2007-05-17 01:00:00,1401.8209397708038
2007-05-18 01:00:00,1404.4150527721533
2007-05-20 01:00:00,1409.4792959505448
2007-05-21 01:00:00,1411.8589237121273
2007-05-22 01:00:00,1414.1164560798547
2007-05-23 01:00:00,1416.269785749314
2007-05-24 01:00:00,1418.3581495550052
2007-05-25 01:00:00,1420.4335471535883
2007-05-27 01:00:00,1424.7581917949094
2007-05-28 01:00:00,1427.0892281899355
2007-05-29 01:00:00,1429.5575175295417
2007-05-30 01:00:00,1432.1541864945295
2007-05-31 01:00:00,1434.8488872281807
2007-06-01 01:00:00,1437.5941980360162
2007-06-03 01:00:00,1443.0080030187894
2007-06-04 01:00:00,1445.5715715894335
2007-06-05 01:00:00,1447.9948174917843
2007-06-06 01:00:00,1450.273524140204
2007-06-07 01:00:00,1452.4298738702819
2007-06-08 01:00:00,1454.509052949618
2007-06-10 01:00:00,1458.6778653639872
2007-06-11 01:00:00,1460.8812944532144
2007-06-12 01:00:00,1463.2095187234306
2007-06-13 01:00:00,1465.660688247575
2007-06-14 01:00:00,1468.2029395543464
2007-06-15 01:00:00,1470.7821723383247
2007-06-17 01:00:00,1475.8058637281572
2007-06-18 01:00:00,1478.1544934242183
2007-06-19 01:00:00,1480.367589136153
2007-06-20 01:00:00,1482.457188970977
2007-06-21 01:00:00,1484.4567636455376
2007-06-22 01:00:00,1486.4134689185096
2007-06-24 01:00:00,1490.399834702461
2007-06-25 01:00:00,1492.5105318646422
2007-06-26 01:00:00,1494.7269947453299
2007-06-27 01:00:00,1497.0443987593233
2007-06-28 01:00:00,1499.4377544022589
2007-06-29 01:00:00,1501.8659107406488
2007-07-01 01:00:00,1506.624021828016
2007-07-02 01:00:00,1509.363656755751
2007-07-03 01:00:00,1512.6349967134615
2007-07-04 01:00:00,1515.728758847887
2007-07-05 01:00:00,1518.6612803189762
2007-07-06 01:00:00,1521.4682595834706
2007-07-08 01:00:00,1526.8980646206742
2007-07-09 01:00:00,1529.610238857711
2007-07-10 01:00:00,1532.355138842224
2007-07-11 01:00:00,1535.1301137199334
2007-07-12 01:00:00,1537.9092331718489
2007-07-13 01:00:00,1540.6495846615048
2007-07-15 01:00:00,1545.8175077323804
2007-07-16 01:00:00,1548.1648947492279
2007-07-17 01:00:00,1550.3271840467307
2007-07-18 01:00:00,1552.3068776936777
2007-07-19 01:00:00,1554.122400071488
2007-07-20 01:00:00,1555.802952249323
2007-07-22 01:00:00,1558.8914802900326
2007-07-23 01:00:00,1560.3546951899086
2007-07-24 01:00:00,1561.783556759023
2007-07-25 01:00:00,1563.1757998101266
2007-07-26 01:00:00,1564.5154162691565
2007-07-27 01:00:00,1565.7753198967193
2007-07-29 01:00:00,1567.9213578476488
2007-07-30 01:00:00,1568.7448126037352
2007-07-31 01:00:00,1569.3744124828688
2007-08-01 01:00:00,1569.8061263740242
2007-08-02 01:00:00,1570.0504315984301
2007-08-03 01:00:00,1570.1299916829644
2007-08-05 01:00:00,1569.9161481287501
2007-08-06 01:00:00,1569.6797117618278
2007-08-07 01:00:00,1569.3813939587506
2007-08-08 01:00:00,1569.0250230504307
2007-08-09 01:00:00,1568.603714113839
2007-08-10 01:00:00,1568.1035710700573
2007-08-12 01:00:00,1566.8078824205693
2007-08-13 01:00:00,1565.9951609754833
2007-08-14 01:00:00,1565.4413885074177
2007-08-15 01:00:00,1565.8654844031857
2007-08-16 01:00:00,1566.2407731360427
2007-08-17 01:00:00,1566.584169726954
2007-08-19 01:00:00,1567.2462854161406
2007-08-20 01:00:00,1567.5945607847461
2007-08-21 01:00:00,1567.9666587038255
2007-08-22 01:00:00,1568.365474208064
2007-08-23 01:00:00,1568.7895419756546
2007-08-24 01:00:00,1568.8129403755074
2007-08-26 01:00:00,1567.5496543038971
2007-08-27 01:00:00,1566.9526390247345
2007-08-28 01:00:00,1566.3806220026447
2007-08-29 01:00:00,1565.8388478412912
2007-08-30 01:00:00,1565.334198688303
2007-08-31 01:00:00,1564.8732256418853
2007-09-02 01:00:00,1564.0963102891474
2007-09-03 01:00:00,1563.778790109499
2007-09-04 01:00:00,1563.502932677012
2007-09-05 01:00:00,1563.263746217441
2007-09-06 01:00:00,1563.0581526346516
2007-09-07 01:00:00,1562.8865998402273
2007-09-09 01:00:00,1562.6670918062828
2007-09-10 01:00:00,1562.6367559241194
2007-09-11 01:00:00,1562.6718854394678
2007-09-12 01:00:00,1562.7791189246884
2007-09-13 01:00:00,1562.9605850978694
2007-09-14 01:00:00,1563.212778787965
2007-09-16 01:00:00,1563.8873978784136
2007-09-17 01:00:00,1564.2787944538572
2007-09-18 01:00:00,1564.6836858582499
2007-09-19 01:00:00,1565.0883620419665
2007-09-20 01:00:00,1565.4853429198195
2007-09-21 01:00:00,1565.8755540572615
2007-09-23 01:00:00,1566.6840066111247
2007-09-24 01:00:00,1567.1434947052796
2007-09-25 01:00:00,1567.6709463538061
2007-09-26 01:00:00,1568.284468442076
2007-09-27 01:00:00,1568.9916126070693
2007-09-28 01:00:00,1569.7859913568352
2007-09-30 01:00:00,1571.5448278798292
2007-10-01 01:00:00,1572.4448317505246
2007-10-02 01:00:00,1573.3184209242481
2007-10-03 01:00:00,1574.1487703563619
2007-10-04 01:00:00,1574.9351667964881
2007-10-05 01:00:00,1575.6930900846398
2007-10-07 01:00:00,1577.2433605712315
2007-10-08 01:00:00,1578.1062227773311
2007-10-09 01:00:00,1579.0684552761381
2007-10-10 01:00:00,1580.1477895381488
2007-10-11 01:00:00,1581.3473674603936
2007-10-12 01:00:00,1582.654767426146
2007-10-14 01:00:00,1585.4761526599577
2007-10-15 01:00:00,1588.2089407159185
2007-10-16 01:00:00,1590.0223796254047
2007-10-17 01:00:00,1590.9690900720539
2007-10-18 01:00:00,1591.9005559299621
2007-10-19 01:00:00,1592.8172965256208
2007-10-21 01:00:00,1594.6404100344462
2007-10-22 01:00:00,1595.5755631341742
2007-10-23 01:00:00,1596.5483109082
2007-10-24 01:00:00,1597.4067897487034
2007-10-25 01:00:00,1598.1527547414462
2007-10-26 01:00:00,1597.5517603510727
2007-10-28 01:00:00,1594.972690423362
2007-10-29 00:00:00,1593.7502628943828
2007-10-30 00:00:00,1592.5064618027586
2007-10-31 00:00:00,1591.3064668665575
2007-11-01 00:00:00,1590.1523217605454
2007-11-02 00:00:00,1589.0370990745546
2007-11-04 00:00:00,1586.863678776772
2007-11-05 00:00:00,1585.7693997298547
2007-11-06 00:00:00,1584.6487417944652
2007-11-07 00:00:00,1583.4920138075229
2007-11-08 00:00:00,1582.296718290433
2007-11-09 00:00:00,1581.0680487951736
2007-11-11 00:00:00,1578.5647125072333
2007-11-12 00:00:00,1577.3276094171379
2007-11-13 00:00:00,1576.1264434693342
2007-11-14 00:00:00,1574.976978690362
2007-11-15 00:00:00,1573.8884826915876
2007-11-16 00:00:00,1572.8619583465295
2007-11-18 00:00:00,1570.9563888695425
2007-11-19 00:00:00,1570.0416591182789
2007-11-20 00:00:00,1569.1239463631573
2007-11-21 00:00:00,1568.1849683209866
2007-11-22 00:00:00,1567.2140071793942
2007-11-23 00:00:00,1566.2108527937241
2007-11-25 00:00:00,1564.160082690296
2007-11-26 00:00:00,1563.1553401406425
2007-11-27 00:00:00,1562.1933934817744
2007-11-28 00:00:00,1561.2882396437344
2007-11-29 00:00:00,1560.4437162496154
2007-11-30 00:00:00,1559.6532500168894
2007-12-02 00:00:00,1558.1697841989635
2007-12-03 00:00:00,1557.4361269070869
2007-12-04 00:00:00,1556.68291610726
2007-12-05 00:00:00,1555.8979095597083
2007-12-06 00:00:00,1555.0765020898698
2007-12-07 00:00:00,1554.222327587433
2007-12-09 00:00:00,1552.4659561926937
2007-12-10 00:00:00,1551.6001543387197
2007-12-11 00:00:00,1550.7682790802603
2007-12-12 00:00:00,1549.9857442936252
2007-12-13 00:00:00,1549.2615453431424
2007-12-14 00:00:00,1548.596566418673
2007-12-16 00:00:00,1547.4064679001901
2007-12-17 00:00:00,1546.8464136870957
2007-12-18 00:00:00,1546.2817574841115
2007-12-19 00:00:00,1545.6940124672967
2007-12-20 00:00:00,1545.0713828760906
2007-12-21 00:00:00,1544.4113775482213
2007-12-23 00:00:00,1543.016825613882
2007-12-24 00:00:00,1542.316786818878
2007-12-25 00:00:00,1541.6394206436476
2007-12-26 00:00:00,1540.997339632332
2007-12-27 00:00:00,1540.1663726484162
2007-12-28 00:00:00,1538.3678825589445
2007-12-30 00:00:00,1534.8537142260654
2007-12-31 00:00:00,1533.1078924599371
2008-01-01 00:00:00,1531.3502287938122
2008-01-02 00:00:00,1529.5707928204183
2008-01-03 00:00:00,1527.7654440307358
2008-01-04 00:00:00,1525.9364205973568
2008-01-06 00:00:00,1522.2443681304508
2008-01-07 00:00:00,1520.4088883501672
2008-01-08 00:00:00,1518.6002318507044
2008-01-09 00:00:00,1516.8306762800826
2008-01-10 00:00:00,1515.1080115907384
2008-01-11 00:00:00,1513.4343433932181
2008-01-13 00:00:00,1510.2136356101087
2008-01-14 00:00:00,1508.6453866528186
2008-01-15 00:00:00,1507.0879245931908
2008-01-16 00:00:00,1505.5298926241026
2008-01-17 00:00:00,1503.9641916389548
2008-01-18 00:00:00,1502.3894273332517
2008-01-20 00:00:00,1499.2352938707013
2008-01-21 00:00:00,1495.2946993512928
2008-01-22 00:00:00,1491.0605184108856
2008-01-23 00:00:00,1486.886499647917
2008-01-24 00:00:00,1482.7760040080802
2008-01-25 00:00:00,1478.7278283853109
2008-01-27 00:00:00,1470.7959087926947
2008-01-28 00:00:00,1466.8964212493988
2008-01-29 00:00:00,1463.0309344380473
2008-01-30 00:00:00,1459.1938312457116
2008-01-31 00:00:00,1455.3821663170238
2008-02-01 00:00:00,1451.5958553756561
2008-02-03 00:00:00,1447.2136684275254
2008-02-04 00:00:00,1445.5683655290861
2008-02-05 00:00:00,1443.9672373709077
2008-02-06 00:00:00,1442.4136782903238
2008-02-07 00:00:00,1440.909201982687
2008-02-08 00:00:00,1439.4532302884404
2008-02-10 00:00:00,1436.6757621222482
2008-02-11 00:00:00,1435.3464703091738
2008-02-12 00:00:00,1434.051830621078
2008-02-13 00:00:00,1432.789407198014
2008-02-14 00:00:00,1431.5582649457772
2008-02-15 00:00:00,1430.3587556423956
2008-02-17 00:00:00,1428.0588343581526
2008-02-18 00:00:00,1426.9597189955587
2008-02-19 00:00:00,1425.8937476798694
2008-02-20 00:00:00,1424.8589910479686
2008-02-21 00:00:00,1423.8528456828114
2008-02-22 00:00:00,1422.8726684252106
2008-02-24 00:00:00,1420.9833268246716
2008-02-25 00:00:00,1420.0738827732475
2008-02-26 00:00:00,1419.1900356288227
2008-02-27 00:00:00,1418.3346494361358
2008-02-28 00:00:00,1417.5108652291826
2008-02-29 00:00:00,1416.7212981871244
2008-03-02 00:00:00,1415.2480989158553
2008-03-03 00:00:00,1414.5610488413433
2008-03-04 00:00:00,1413.9013014211332
2008-03-05 00:00:00,1413.2627073143178
2008-03-06 00:00:00,1412.638810733124
2008-03-07 00:00:00,1412.0241535579341
2008-03-09 00:00:00,1410.8133660078877
2008-03-10 00:00:00,1410.2213433442978
2008-03-11 00:00:00,1409.7086405973068
2008-03-12 00:00:00,1411.7327774315506
2008-03-13 00:00:00,1413.7654099999613
2008-03-14 00:00:00,1415.8003202285481
2008-03-16 00:00:00,1419.4393012115183
2008-03-17 00:00:00,1418.875237761616
2008-03-18 00:00:00,1418.3339179992279
2008-03-19 00:00:00,1417.8258923803314
2008-03-20 00:00:00,1417.3601124233758
2008-03-21 00:00:00,1416.9421803450216
2008-03-23 00:00:00,1416.2497253999622
2008-03-24 00:00:00,1415.96374193528
2008-03-25 00:00:00,1415.704383128641
2008-03-26 00:00:00,1415.459413323008
2008-03-27 00:00:00,1415.2173025741463
2008-03-28 00:00:00,1414.9692248499625
2008-03-30 00:00:00,1416.9146724768982
2008-03-31 01:00:00,1419.0914489733152
2008-04-01 01:00:00,1421.1903401712154
2008-04-02 01:00:00,1423.311756895629
2008-04-03 01:00:00,1425.469923481661
2008-04-04 01:00:00,1427.6764783894773
2008-04-06 01:00:00,1432.252650572781
2008-04-07 01:00:00,1434.6125118592947
2008-04-08 01:00:00,1437.0022807123437
2008-04-09 01:00:00,1439.4040318973168
2008-04-10 01:00:00,1441.8012534779637
2008-04-11 01:00:00,1444.183080425825
2008-04-13 01:00:00,1448.8985427191537
2008-04-14 01:00:00,1451.251383538016
2008-04-15 01:00:00,1453.6225768719587
2008-04-16 01:00:00,1456.0298065631687
2008-04-17 01:00:00,1458.4878275008546
2008-04-18 01:00:00,1461.005863606547
2008-04-20 01:00:00,1466.2234840380218
2008-04-21 01:00:00,1468.9064719147116
2008-04-22 01:00:00,1471.6190631838488
2008-04-23 01:00:00,1474.3433116364067
2008-04-24 01:00:00,1477.0622385266697
2008-04-25 01:00:00,1479.309781327766
2008-04-27 01:00:00,1482.7581746000633
2008-04-28 01:00:00,1484.4361038400825
2008-04-29 01:00:00,1486.0996419301382
2008-04-30 01:00:00,1487.76696459558
2008-05-01 01:00:00,1489.4572775158076
2008-05-02 01:00:00,1491.18705781082
2008-05-04 01:00:00,1494.7960795086174
2008-05-05 01:00:00,1496.6670204088136
2008-05-06 01:00:00,1498.5616364519508
2008-05-07 01:00:00,1500.458030659947
2008-05-08 01:00:00,1502.3356039503994
2008-05-09 01:00:00,1504.180247060824
2008-05-11 01:00:00,1507.764126325238
2008-05-12 01:00:00,1509.5242646629426
2008-05-13 01:00:00,1511.2876974553747
2008-05-14 01:00:00,1513.0746732350947
2008-05-15 01:00:00,1514.902202795623
2008-05-16 01:00:00,1516.7811207564903
2008-05-18 01:00:00,1520.6971422105087
2008-05-19 01:00:00,1522.7171724451077
2008-05-20 01:00:00,1524.757612129979
2008-05-21 01:00:00,1526.7994445146196
2008-05-22 01:00:00,1528.8246089540562
2008-05-23 01:00:00,1530.8188429971303
2008-05-25 01:00:00,1534.6889089431645
2008-05-26 01:00:00,1536.570470273155
2008-05-27 01:00:00,1538.431784618967
2008-05-28 01:00:00,1540.2904906115598
2008-05-29 01:00:00,1542.1656177523514
2008-05-30 01:00:00,1544.073955646433
2008-06-01 01:00:00,1548.0254140400496
2008-06-02 01:00:00,1550.0635764263084
2008-06-03 01:00:00,1552.1254221480212
2008-06-04 01:00:00,1554.190828386804
2008-06-05 01:00:00,1556.2402382968103
2008-06-06 01:00:00,1558.2595683157106
2008-06-08 01:00:00,1562.195991234029
2008-06-09 01:00:00,1564.1292166304322
2008-06-10 01:00:00,1566.059836609093
2008-06-11 01:00:00,1568.005515108779
2008-06-12 01:00:00,1569.981374634743
2008-06-13 01:00:00,1571.9973623864921
2008-06-15 01:00:00,1576.1561151681387
2008-06-16 01:00:00,1576.8938155017536
2008-06-17 01:00:00,1577.541426995194
2008-06-18 01:00:00,1578.195498396856
2008-06-19 01:00:00,1578.870479899149
2008-06-20 01:00:00,1579.577830696756
2008-06-22 01:00:00,1581.1109145288588
2008-06-23 01:00:00,1581.9329218181779
2008-06-24 01:00:00,1582.7804900452275
2008-06-25 01:00:00,1583.6403464666514
2008-06-26 01:00:00,1584.4980700790136
2008-06-27 01:00:00,1585.3407873376764
2008-06-29 01:00:00,1586.9525142209795
2008-06-30 01:00:00,1587.72318591164
2008-07-01 01:00:00,1588.4819066428936
2008-07-02 01:00:00,1589.2421372355957
2008-07-03 01:00:00,1590.0172958895366
2008-07-04 01:00:00,1588.5619462420586
2008-07-06 01:00:00,1584.8201894456313
2008-07-07 01:00:00,1582.982637198869
2008-07-08 01:00:00,1581.1548523486513
2008-07-09 01:00:00,1579.3257749901247
2008-07-10 01:00:00,1577.4857049360555
2008-07-11 01:00:00,1575.916254508671
2008-07-13 01:00:00,1574.1542097225172
2008-07-14 01:00:00,1573.2497768068968
2008-07-15 01:00:00,1572.338849836538
2008-07-16 01:00:00,1571.4298325441428
2008-07-17 01:00:00,1570.5306559236599
2008-07-18 01:00:00,1569.6475303659583
2008-07-20 01:00:00,1567.9408285890781
2008-07-21 01:00:00,1567.1154567436145
2008-07-22 01:00:00,1566.3031630079063
2008-07-23 01:00:00,1565.4977019453825
2008-07-24 01:00:00,1564.692580783125
2008-07-25 01:00:00,1563.8823395863394
2008-07-27 01:00:00,1562.235847655796
2008-07-28 01:00:00,1561.0611531703007
2008-07-29 01:00:00,1557.7188989845922
2008-07-30 01:00:00,1554.3783091338319
2008-07-31 01:00:00,1551.0529181031911
2008-08-01 01:00:00,1547.7516153554857
2008-08-03 01:00:00,1541.2266712015182
2008-08-04 01:00:00,1537.9930068733033
2008-08-05 01:00:00,1534.7676803437535
2008-08-06 01:00:00,1531.5430996085588
2008-08-07 01:00:00,1527.9448951637935
2008-08-08 01:00:00,1523.3991755738343
2008-08-10 01:00:00,1514.29206794839
2008-08-11 01:00:00,1509.7392083383313
2008-08-12 01:00:00,1505.1920425761343
2008-08-13 01:00:00,1500.6521138824553
2008-08-14 01:00:00,1496.8576669285756
2008-08-15 01:00:00,1494.5376715697084
2008-08-17 01:00:00,1489.8779017294585
2008-08-18 01:00:00,1487.527490136265
2008-08-19 01:00:00,1485.1604365886378
2008-08-20 01:00:00,1482.7796679206235
2008-08-21 01:00:00,1480.39262310206
2008-08-22 01:00:00,1478.0101456239636
2008-08-24 01:00:00,1472.3086263220735
2008-08-25 01:00:00,1467.4705770493777
2008-08-26 01:00:00,1462.6589914204883
2008-08-27 01:00:00,1457.8631250383426
2008-08-28 01:00:00,1453.0663386139981
2008-08-29 01:00:00,1448.2498794577814
2008-08-31 01:00:00,1438.4979125626187
2008-09-01 01:00:00,1433.5505642503326
2008-09-02 01:00:00,1428.5633646376345
2008-09-03 01:00:00,1423.5529806896302
2008-09-04 01:00:00,1418.541587982622
2008-09-05 01:00:00,1413.552790274441
2008-09-07 01:00:00,1403.7181745499056
2008-09-08 01:00:00,1398.8895018297737
2008-09-09 01:00:00,1394.1137751340664
2008-09-10 01:00:00,1389.3733925966415
2008-09-11 01:00:00,1384.6430562020564
2008-09-12 01:00:00,1379.8938135771332
2008-09-14 01:00:00,1372.4519492358254
2008-09-15 01:00:00,1368.6424206645895
2008-09-16 01:00:00,1364.75914875182
2008-09-17 01:00:00,1360.8226315774198
2008-09-18 01:00:00,1356.8658370856497
2008-09-19 01:00:00,1352.9279617390039
2008-09-21 01:00:00,1345.2446140344277
2008-09-22 01:00:00,1341.5316566649014
2008-09-23 01:00:00,1337.8934285437076
2008-09-24 01:00:00,1334.2978495895468
2008-09-25 01:00:00,1330.7014656917133
2008-09-26 01:00:00,1327.05853600095
2008-09-28 01:00:00,1319.494830172334
2008-09-29 01:00:00,1315.5474781596818
2008-09-30 01:00:00,1311.5055906330738
2008-10-01 01:00:00,1307.403266791618
2008-10-02 01:00:00,1303.285501600114
2008-10-03 01:00:00,1299.2001074471993
2008-10-05 01:00:00,1291.282281260362
2008-10-06 01:00:00,1287.490321944395
2008-10-07 01:00:00,1283.804581816577
2008-10-08 01:00:00,1280.1974360625202
2008-10-09 01:00:00,1276.6267936584306
2008-10-10 01:00:00,1273.0429632673577
2008-10-12 01:00:00,1265.6509763825663
2008-10-13 01:00:00,1261.7840743175093
2008-10-14 01:00:00,1257.8005285946688
2008-10-15 01:00:00,1253.7297835968745
2008-10-16 01:00:00,1249.6221835020535
2008-10-17 01:00:00,1245.5386921044078
2008-10-19 01:00:00,1237.6566283129448
2008-10-20 01:00:00,1233.9103361917428
2008-10-21 01:00:00,1230.2795598702905
2008-10-22 01:00:00,1226.7195004056412
2008-10-23 01:00:00,1223.16934601196
2008-10-24 01:00:00,1219.5654298165182
2008-10-26 01:00:00,1212.0027721884576
2008-10-27 00:00:00,1208.173470866504
2008-10-28 00:00:00,1204.052001122508
2008-10-29 00:00:00,1199.8437280091625
2008-10-30 00:00:00,1195.6056047429197
2008-10-31 00:00:00,1191.3995935535875
2008-11-02 00:00:00,1183.2948241304318
2008-11-03 00:00:00,1179.4580673653156
2008-11-04 00:00:00,1175.7679283829652
2008-11-05 00:00:00,1172.0879261486823
2008-11-06 00:00:00,1168.3743005006704
2008-11-07 00:00:00,1164.6798531076097
2008-11-09 00:00:00,1157.1207845496924
2008-11-10 00:00:00,1153.1757742626455
2008-11-11 00:00:00,1149.10705620533
2008-11-12 00:00:00,1144.9412065580261
2008-11-13 00:00:00,1140.7305178019908
2008-11-14 00:00:00,1136.5418236556823
2008-11-16 00:00:00,1128.474652797306
2008-11-17 00:00:00,1124.6623156685625
2008-11-18 00:00:00,1120.988662574237
2008-11-19 00:00:00,1117.4099768241063
2008-11-20 00:00:00,1113.8648119201403
2008-11-21 00:00:00,1110.2878651301164
2008-11-23 00:00:00,1102.8358774721626
2008-11-24 00:00:00,1098.9152241243207
2008-11-25 00:00:00,1094.8779880610982
2008-11-26 00:00:00,1090.7629983338363
2008-11-27 00:00:00,1086.6237324829276
2008-11-28 00:00:00,1082.518700354466
2008-11-30 00:00:00,1074.613342662365
2008-12-01 00:00:00,1070.8754342616705
2008-12-02 00:00:00,1068.5256798821717
2008-12-03 00:00:00,1067.0108060166049
2008-12-04 00:00:00,1065.5811718886978
2008-12-05 00:00:00,1064.187057068765
2008-12-07 00:00:00,1061.3013981094864
2008-12-08 00:00:00,1059.7329740856226
2008-12-09 00:00:00,1058.0621487090807
2008-12-10 00:00:00,1056.305579530724
2008-12-11 00:00:00,1054.5022823947813
2008-12-12 00:00:00,1052.7049615268663
2008-12-14 00:00:00,1049.3310084190891
2008-12-15 00:00:00,1047.8151423783274
2008-12-16 00:00:00,1046.4130458667462
2008-12-17 00:00:00,1045.584518553377
2008-12-18 00:00:00,1046.5475376981913
2008-12-19 00:00:00,1047.5071894633913
2008-12-21 00:00:00,1049.3643152085692
2008-12-22 00:00:00,1050.248807713442
2008-12-23 00:00:00,1051.1054823385239
2008-12-24 00:00:00,1051.9422133314756
2008-12-25 00:00:00,1052.770213880979
2008-12-26 00:00:00,1053.6018362873735
2008-12-28 00:00:00,1055.3184751724796
2008-12-29 00:00:00,1056.216561057801
2008-12-30 00:00:00,1057.142706353703
2008-12-31 00:00:00,1058.092615335637
2009-01-01 00:00:00,1059.0584475263622
2009-01-02 00:00:00,1060.030109866266
2009-01-04 00:00:00,1061.949309697411
2009-01-05 00:00:00,1062.8806526889964
2009-01-06 00:00:00,1063.7882641425845
2009-01-07 00:00:00,1064.673869474202
2009-01-08 00:00:00,1065.5429954091312
2009-01-09 00:00:00,1066.4034346730753
2009-01-11 00:00:00,1068.1282455745086
2009-01-12 00:00:00,1069.0013353284944
2009-01-13 00:00:00,1069.8812220918999
2009-01-14 00:00:00,1070.763393576277
2009-01-15 00:00:00,1071.6413646775861
2009-01-16 00:00:00,1072.5082596010566
2009-01-18 00:00:00,1074.1873829903486
2009-01-19 00:00:00,1074.9941375879343
2009-01-20 00:00:00,1075.778958070961
2009-01-21 00:00:00,1076.5437303476144
2009-01-22 00:00:00,1077.2909187785076
2009-01-23 00:00:00,1078.0227267269431
2009-01-25 00:00:00,1081.6737264517453
2009-01-26 00:00:00,1082.1862181967501
2009-01-27 00:00:00,1082.6765151435495
2009-01-28 00:00:00,1083.1415175772177
2009-01-29 00:00:00,1083.5780323213858
2009-01-30 00:00:00,1083.9833408766528
2009-02-01 00:00:00,1084.6941400167602
2009-02-02 00:00:00,1084.999001363141
2009-02-03 00:00:00,1085.2706819331322
2009-02-04 00:00:00,1085.5092425976413
2009-02-05 00:00:00,1085.7135667936634
2009-02-06 00:00:00,1085.744438254991
2009-02-08 00:00:00,1085.5036339243154
2009-02-09 00:00:00,1085.301013119859
2009-02-10 00:00:00,1085.036394601969
2009-02-11 00:00:00,1084.706530192272
2009-02-12 00:00:00,1084.3106339288634
2009-02-13 00:00:00,1083.850275289898
2009-02-15 00:00:00,1083.433791837805
2009-02-16 00:00:00,1083.3033931469088
2009-02-17 00:00:00,1084.005726228911
2009-02-18 00:00:00,1085.5966907977956
2009-02-19 00:00:00,1087.8254817865184
2009-02-20 00:00:00,1089.957574080913
2009-02-22 00:00:00,1094.0068934207866
2009-02-23 00:00:00,1095.9643910914276
2009-02-24 00:00:00,1097.8976194218644
2009-02-25 00:00:00,1099.811515028648
2009-02-26 00:00:00,1101.6994154084578
2009-02-27 00:00:00,1103.5423249667385
2009-03-01 00:00:00,1106.9679105543764
2009-03-02 00:00:00,1108.478121202859
2009-03-03 00:00:00,1109.81218796704
2009-03-04 00:00:00,1110.9550824264734
2009-03-05 00:00:00,1111.9097296061698
2009-03-06 00:00:00,1112.6971749394688
2009-03-08 00:00:00,1113.9153662537565
2009-03-09 00:00:00,1114.4239835642707
2009-03-10 00:00:00,1114.9030911440948
2009-03-11 00:00:00,1115.359755570361
2009-03-12 00:00:00,1115.7813270163094
2009-03-13 00:00:00,1116.1382179411016
2009-03-15 00:00:00,1116.4959581551343
2009-03-16 00:00:00,1116.4197654894144
2009-03-17 00:00:00,1116.1407630933606
2009-03-18 00:00:00,1115.6564884086367
2009-03-19 00:00:00,1114.9843138982653
2009-03-20 00:00:00,1114.159422756705
2009-03-22 00:00:00,1112.2509171245424
2009-03-23 00:00:00,1111.2753399156725
2009-03-24 00:00:00,1110.3476661374527
2009-03-25 00:00:00,1109.496425954359
2009-03-26 00:00:00,1108.729778430922
2009-03-27 00:00:00,1108.0342956331042
2009-03-29 00:00:00,1106.7180182179238
2009-03-30 01:00:00,1105.9810763493808
2009-03-31 01:00:00,1105.1935375516553
2009-04-01 01:00:00,1104.3205716984962
2009-04-02 01:00:00,1103.3827525538388
2009-04-03 01:00:00,1102.4269932439659
2009-04-05 01:00:00,1100.6970687655105
2009-04-06 01:00:00,1098.4024802071194
2009-04-07 01:00:00,1096.3388821167684
2009-04-08 01:00:00,1094.5245876650383
2009-04-09 01:00:00,1092.9492634503688
2009-04-10 01:00:00,1091.577771141185
2009-04-12 01:00:00,1089.2351449980363
2009-04-13 01:00:00,1088.1564429856217
2009-04-14 01:00:00,1087.0868651923806
2009-04-15 01:00:00,1086.0117809585904
2009-04-16 01:00:00,1085.8555181631125
2009-04-17 01:00:00,1086.269510211293
2009-04-19 01:00:00,1087.3824175926502
2009-04-20 01:00:00,1088.1862312667063
2009-04-21 01:00:00,1089.2134882099913
2009-04-22 01:00:00,1090.5891709535895
2009-04-23 01:00:00,1093.2972269869979
2009-04-24 01:00:00,1096.1480065981625
2009-04-26 01:00:00,1102.0634590557756
2009-04-27 01:00:00,1105.000100345072
2009-04-28 01:00:00,1107.8513388942417
2009-04-29 01:00:00,1110.5931830883467
2009-04-30 01:00:00,1113.2332499029935
2009-05-01 01:00:00,1115.808619437505
2009-05-03 01:00:00,1121.0030483124835
2009-05-04 01:00:00,1123.7443509180748
2009-05-05 01:00:00,1126.6393731698267
2009-05-06 01:00:00,1129.7002690977158
2009-05-07 01:00:00,1132.9115231939077
2009-05-08 01:00:00,1136.2341406606101
2009-05-10 01:00:00,1142.9923677307534
2009-05-11 01:00:00,1146.316422231927
2009-05-12 01:00:00,1149.5477885924684
2009-05-13 01:00:00,1152.6680020123931
2009-05-14 01:00:00,1155.6804228935328
2009-05-15 01:00:00,1158.6087542386356
2009-05-17 01:00:00,1164.3808336639495
2009-05-18 01:00:00,1167.323261666387
2009-05-19 01:00:00,1170.3620948011394
2009-05-20 01:00:00,1173.5238632027626
2009-05-21 01:00:00,1176.81354667532
2009-05-22 01:00:00,1180.212354107955
2009-05-24 01:00:00,1187.1641349167605
2009-05-25 01:00:00,1190.6084952620754
2009-05-26 01:00:00,1193.969230438109
2009-05-27 01:00:00,1197.2237191191948
2009-05-28 01:00:00,1200.3760206099141
2009-05-29 01:00:00,1203.4551785797628
2009-05-31 01:00:00,1209.5853534671662
2009-06-01 01:00:00,1212.7352445994684
2009-06-02 01:00:00,1215.988552948783
2009-06-03 01:00:00,1219.356098279371
2009-06-04 01:00:00,1222.8274953103692
2009-06-05 01:00:00,1226.3747093121845
2009-06-07 01:00:00,1233.5366304842446
2009-06-08 01:00:00,1237.070560625536
2009-06-09 01:00:00,1240.532158513369
2009-06-10 01:00:00,1243.9070168220574
2009-06-11 01:00:00,1247.195833359977
2009-06-12 01:00:00,1250.4134393829474
2009-06-14 01:00:00,1256.7460103380636
2009-06-15 01:00:00,1259.9280610775425
2009-06-16 01:00:00,1263.1618980670316
2009-06-17 01:00:00,1266.4676489276537
2009-06-18 01:00:00,1269.8517377356525
2009-06-19 01:00:00,1273.3053183355546
2009-06-21 01:00:00,1280.3214759200198
2009-06-22 01:00:00,1284.1248658526265
2009-06-23 01:00:00,1288.216004408742
2009-06-24 01:00:00,1292.255663920143
2009-06-25 01:00:00,1296.2439683782598
2009-06-26 01:00:00,1300.1955093438828
2009-06-28 01:00:00,1308.0903589393267
2009-06-29 01:00:00,1312.086400138119
2009-06-30 01:00:00,1316.1394335997243
2009-07-01 01:00:00,1320.2549611369259
2009-07-02 01:00:00,1324.4278189780819
2009-07-03 01:00:00,1328.6445157096214
2009-07-05 01:00:00,1337.1358695446909
2009-07-06 01:00:00,1341.3752821347823
2009-07-07 01:00:00,1345.5939109097355
2009-07-08 01:00:00,1349.786868861326
2009-07-09 01:00:00,1353.9555687272739
2009-07-10 01:00:00,1358.1067374157208
2009-07-12 01:00:00,1366.399278395886
2009-07-13 01:00:00,1370.5635215290158
2009-07-14 01:00:00,1374.7517929295025
2009-07-15 01:00:00,1378.9683573940981
2009-07-16 01:00:00,1383.212878530209
2009-07-17 01:00:00,1387.480967281174
2009-07-19 01:00:00,1396.059734012123
2009-07-20 01:00:00,1400.3574474621971
2009-07-21 01:00:00,1404.6564716637126
2009-07-22 01:00:00,1408.957859113402
2009-07-23 01:00:00,1413.2653297474885
2009-07-24 01:00:00,1417.5832250424533
2009-07-26 01:00:00,1426.259234577009
2009-07-27 01:00:00,1430.6142361950745
2009-07-28 01:00:00,1434.9739622945701
2009-07-29 01:00:00,1439.3320956144075
2009-07-30 01:00:00,1443.6835390229596
2009-07-31 01:00:00,1448.0261431657723
2009-08-02 01:00:00,1456.6960016635394
2009-08-03 01:00:00,1461.0380664479533
2009-08-04 01:00:00,1465.3985998132873
2009-08-05 01:00:00,1469.7880405731555
2009-08-06 01:00:00,1474.2144477309935
2009-08-07 01:00:00,1478.681584874244
2009-08-09 01:00:00,1487.724138956042
2009-08-10 01:00:00,1492.2776295115566
2009-08-11 01:00:00,1496.8304934825678
2009-08-12 01:00:00,1501.3646107115785
2009-08-13 01:00:00,1505.8651402712226
2009-08-14 01:00:00,1510.3244056678716
2009-08-16 01:00:00,1519.1396301139991
2009-08-17 01:00:00,1523.5313297374364
2009-08-18 01:00:00,1527.9468966655593
2009-08-19 01:00:00,1532.4116539536205
2009-08-20 01:00:00,1536.9426464928665
2009-08-21 01:00:00,1541.5436826041644
2009-08-23 01:00:00,1550.8986515415552
2009-08-24 01:00:00,1555.5972434342696
2009-08-25 01:00:00,1560.2676225728092
2009-08-26 01:00:00,1564.884543739922
2009-08-27 01:00:00,1567.9564747557197
2009-08-28 01:00:00,1570.060262812623
2009-08-30 01:00:00,1574.2199847480056
2009-08-31 01:00:00,1576.295213332477
2009-09-01 01:00:00,1578.3820793582943
2009-09-02 01:00:00,1580.4902722772172
2009-09-03 01:00:00,1582.626369292459
2009-09-04 01:00:00,1584.7925655673175
2009-09-06 01:00:00,1589.1987332513213
2009-09-07 01:00:00,1591.4188466525575
2009-09-08 01:00:00,1593.6320912286124
2009-09-09 01:00:00,1595.824484989656
2009-09-10 01:00:00,1597.985105599284
2009-09-11 01:00:00,1600.108605590169
2009-09-13 01:00:00,1599.7681680743362
2009-09-14 01:00:00,1599.2124670550606
2009-09-15 01:00:00,1598.6656698251545
2009-09-16 01:00:00,1597.9539725685872
2009-09-17 01:00:00,1597.1396978694877
2009-09-18 01:00:00,1596.3657334032523
2009-09-20 01:00:00,1594.9103122901777
2009-09-21 01:00:00,1594.198584513558
2009-09-22 01:00:00,1593.4735372682803
2009-09-23 01:00:00,1592.720208518192
2009-09-24 01:00:00,1591.9297506076296
2009-09-25 01:00:00,1591.1008895207883
2009-09-27 01:00:00,1589.3589759661375
2009-09-28 01:00:00,1588.4744455373984
2009-09-29 01:00:00,1587.6034893960407
2009-09-30 01:00:00,1586.7615278140877
2009-10-01 01:00:00,1585.9595743382283
2009-10-02 01:00:00,1585.202233557962
2009-10-04 01:00:00,1583.8022846792057
2009-10-05 01:00:00,1583.132877882739
2009-10-06 01:00:00,1582.458598878937
2009-10-07 01:00:00,1581.759996915038
2009-10-08 01:00:00,1581.0219049136351
2009-10-09 01:00:00,1580.2368321639224
2009-10-11 01:00:00,1574.2947115616773
2009-10-12 01:00:00,1569.8302853217215
2009-10-13 01:00:00,1565.3635754749864
2009-10-14 01:00:00,1562.1999535735106
2009-10-15 01:00:00,1559.915963116631
2009-10-16 01:00:00,1557.5916365966355
2009-10-18 01:00:00,1552.8530369739553
2009-10-19 01:00:00,1550.4739934082877
2009-10-20 01:00:00,1548.117209068674
2009-10-21 01:00:00,1545.801479493347
2009-10-22 01:00:00,1543.5390448130345
2009-10-23 01:00:00,1541.3337396510497
2009-10-25 01:00:00,1537.0683360967143
2009-10-26 00:00:00,1535.0665554162583
2009-10-27 00:00:00,1532.9824908349815
2009-10-28 00:00:00,1530.8863334485898
2009-10-29 00:00:00,1528.7646371338947
2009-10-30 00:00:00,1526.6105494326698
2009-11-01 00:00:00,1522.2182513705088
2009-11-02 00:00:00,1520.0057595643007
2009-11-03 00:00:00,1517.808127036684
2009-11-04 00:00:00,1515.6458021463059
2009-11-05 00:00:00,1513.5351306108676
2009-11-06 00:00:00,1511.4847934434774
2009-11-08 00:00:00,1507.551600815558
2009-11-09 00:00:00,1505.6403852661024
2009-11-10 00:00:00,1503.7390341912533
2009-11-11 00:00:00,1501.8277820578649
2009-11-12 00:00:00,1499.8925287053169
2009-11-13 00:00:00,1497.9277529340684
2009-11-15 00:00:00,1493.9339520814465
2009-11-16 00:00:00,1491.9349235471652
2009-11-17 00:00:00,1489.9596188325904
2009-11-18 00:00:00,1488.0250849889358
2009-11-19 00:00:00,1486.1432248242106
2009-11-20 00:00:00,1484.3191202521132
2009-11-22 00:00:00,1480.8296500515828
2009-11-23 00:00:00,1479.1430544846683
2009-11-24 00:00:00,1477.4758121932648
2009-11-25 00:00:00,1475.8131452529733
2009-11-26 00:00:00,1474.1430939599725
2009-11-27 00:00:00,1472.4585951350161
2009-11-29 00:00:00,1469.0494995926554
2009-11-30 00:00:00,1467.3419661440803
2009-12-01 00:00:00,1465.6510856715126
2009-12-02 00:00:00,1463.992276705626
2009-12-03 00:00:00,1462.3782905907135
2009-12-04 00:00:00,1460.8164620701964
2009-12-06 00:00:00,1457.8437709692234
2009-12-07 00:00:00,1456.4145990141155
2009-12-08 00:00:00,1455.005572957959
2009-12-09 00:00:00,1453.603557584362
2009-12-10 00:00:00,1452.1992374983681
2009-12-11 00:00:00,1450.78890966435
2009-12-13 00:00:00,1447.9643175848637
2009-12-14 00:00:00,1446.5677530962346
2009-12-15 00:00:00,1445.1963804667032
2009-12-16 00:00:00,1443.8600968098185
2009-12-17 00:00:00,1442.565868219605
2009-12-18 00:00:00,1441.3168849777014
2009-12-20 00:00:00,1438.948549113464
2009-12-21 00:00:00,1437.8187193838255
2009-12-22 00:00:00,1436.7153862731634
2009-12-23 00:00:00,1435.6311305289896
2009-12-24 00:00:00,1434.5599199364553
2009-12-25 00:00:00,1433.4980683208123
2009-12-27 00:00:00,1431.4021684502538
2009-12-28 00:00:00,1430.3746782081203
2009-12-29 00:00:00,1429.3680455001722
2009-12-30 00:00:00,1428.387987068741
2009-12-31 00:00:00,1427.4389316643735
2010-01-01 00:00:00,1426.52307164885
2010-01-03 00:00:00,1424.78722858318
2010-01-04 00:00:00,1423.9607955235529
2010-01-05 00:00:00,1423.1567478268978
2010-01-06 00:00:00,1422.3720252856367
2010-01-07 00:00:00,1421.6051055375167
2010-01-08 00:00:00,1420.856041286682
2010-01-10 00:00:00,1419.4168586123874
2010-01-11 00:00:00,1418.7297893683137
2010-01-12 00:00:00,1419.2399746235674
2010-01-13 00:00:00,1421.1095385958888
2010-01-14 00:00:00,1422.9979660188976
2010-01-15 00:00:00,1424.90661851328
2010-01-17 00:00:00,1428.789999058018
2010-01-18 00:00:00,1430.7657067961525
2010-01-19 00:00:00,1432.7627328268836
2010-01-20 00:00:00,1434.7782972764917
2010-01-21 00:00:00,1436.8084480152138
2010-01-22 00:00:00,1438.848646706022
2010-01-24 00:00:00,1442.9432720261136
2010-01-25 00:00:00,1444.9935753358952
2010-01-26 00:00:00,1447.0469822317518
2010-01-27 00:00:00,1449.1073587654923
2010-01-28 00:00:00,1448.5997184763605
2010-01-29 00:00:00,1447.3790301638314
2010-01-31 00:00:00,1445.0084995293823
2010-02-01 00:00:00,1443.8601003238468
2010-02-02 00:00:00,1442.7307635063785
2010-02-03 00:00:00,1441.6128284528013
2010-02-04 00:00:00,1440.497974401818
2010-02-05 00:00:00,1439.3794190186543
2010-02-07 00:00:00,1437.1214504657328
2010-02-08 00:00:00,1435.9877281589743
2010-02-09 00:00:00,1434.8608721561507
2010-02-10 00:00:00,1433.7512317538099
2010-02-11 00:00:00,1432.6694267824787
2010-02-12 00:00:00,1431.6246456620702
2010-02-14 00:00:00,1429.6672779382009
2010-02-15 00:00:00,1428.7547221533864
2010-02-16 00:00:00,1427.8788119687642
2010-02-17 00:00:00,1427.0292510738068
2010-02-18 00:00:00,1428.0348854751805
2010-02-19 00:00:00,1429.2216815553616
2010-02-21 00:00:00,1431.5611689992977
2010-02-22 00:00:00,1432.7088802830378
2010-02-23 00:00:00,1433.8491019528071
2010-02-24 00:00:00,1434.9944187073331
2010-02-25 00:00:00,1436.160702414294
2010-02-26 00:00:00,1437.3637990670748
2010-02-28 00:00:00,1439.9220512543784
2010-03-01 00:00:00,1441.2792105376418
2010-03-02 00:00:00,1442.6760039455728
2010-03-03 00:00:00,1444.095783029984
2010-03-04 00:00:00,1445.5204930172176
2010-03-05 00:00:00,1448.9162780592308
2010-03-07 00:00:00,1456.4412327338264
2010-03-08 00:00:00,1460.1776407533607
2010-03-09 00:00:00,1463.9112435466136
2010-03-10 00:00:00,1465.9064847933278
2010-03-11 00:00:00,1467.0441176233826
2010-03-12 00:00:00,1468.225862130856
2010-03-14 00:00:00,1470.7550780919232
2010-03-15 00:00:00,1472.1026080852698
2010-03-16 00:00:00,1473.4937948395295
2010-03-17 00:00:00,1474.912656494279
2010-03-18 00:00:00,1476.3400751676345
2010-03-19 00:00:00,1477.75695970281
2010-03-21 00:00:00,1480.503138094886
2010-03-22 00:00:00,1481.8227929681516
2010-03-23 00:00:00,1483.115142128514
2010-03-24 00:00:00,1484.3963707156058
2010-03-25 00:00:00,1485.6872707745379
2010-03-26 00:00:00,1487.0089009946585
2010-03-28 00:00:00,1489.802323944457
2010-03-29 01:00:00,1491.3421569723157
2010-03-30 01:00:00,1492.8614413431987
2010-03-31 01:00:00,1494.4005896012059
2010-04-01 01:00:00,1495.9375468546168
2010-04-02 01:00:00,1497.4531666286434
2010-04-04 01:00:00,1500.3805411370279
2010-04-05 01:00:00,1501.7948903206025
2010-04-06 01:00:00,1503.1914132370434
2010-04-07 01:00:00,1504.5877767380443
2010-04-08 01:00:00,1506.0028829053108
2010-04-09 01:00:00,1507.4535930421514
2010-04-11 01:00:00,1510.5028902463287
2010-04-12 01:00:00,1512.1037381234682
2010-04-13 01:00:00,1513.743959361269
2010-04-14 01:00:00,1515.4069418424078
2010-04-15 01:00:00,1517.072637794786
2010-04-16 01:00:00,1518.7210373126902
2010-04-18 01:00:00,1521.9076217815164
2010-04-19 01:00:00,1523.4358065822253
2010-04-20 01:00:00,1524.9289659796702
2010-04-21 01:00:00,1526.4032527921624
2010-04-22 01:00:00,1527.8791680631884
2010-04-23 01:00:00,1529.3772376312213
2010-04-25 01:00:00,1532.4959988261412
2010-04-26 01:00:00,1534.1228149270707
2010-04-27 01:00:00,1535.7523654708643
2010-04-28 01:00:00,1537.2280758110085
2010-04-29 01:00:00,1538.7031712263404
2010-04-30 01:00:00,1540.1600607676385
2010-05-02 01:00:00,1542.9791679695318
2010-05-03 01:00:00,1544.3406005025759
2010-05-04 01:00:00,1545.6812389359295
2010-05-05 01:00:00,1547.015572126752
2010-05-06 01:00:00,1548.3597443837377
2010-05-07 01:00:00,1549.7287636773374
2010-05-09 01:00:00,1552.5813547854852
2010-05-10 01:00:00,1554.070172319866
2010-05-11 01:00:00,1555.5933959667732
2010-05-12 01:00:00,1557.1387014564325
2010-05-13 01:00:00,1558.6906664995724
2010-05-14 01:00:00,1560.2335837855082
2010-05-16 01:00:00,1563.2454698113274
2010-05-17 01:00:00,1564.7057542142434
2010-05-18 01:00:00,1566.1414054682457
2010-05-19 01:00:00,1567.5643017477055
2010-05-20 01:00:00,1568.9895257517087
2010-05-21 01:00:00,1570.432093621514
2010-05-23 01:00:00,1573.410033690527
2010-05-24 01:00:00,1574.6533660825362
2010-05-25 01:00:00,1575.8739753796842
2010-05-26 01:00:00,1577.1169094941374
2010-05-27 01:00:00,1578.3692719991843
2010-05-28 01:00:00,1579.6195026015234
2010-05-30 01:00:00,1582.0860135268042
2010-05-31 01:00:00,1581.4364557958797
2010-06-01 01:00:00,1580.3019684139151
2010-06-02 01:00:00,1579.1947817505352
2010-06-03 01:00:00,1578.1053589776757
2010-06-04 01:00:00,1577.0246032016148
2010-06-06 01:00:00,1574.8635130282544
2010-06-07 01:00:00,1573.7786499450608
2010-06-08 01:00:00,1572.6939762903837
2010-06-09 01:00:00,1571.7415062984228
2010-06-10 01:00:00,1570.8924764119217
2010-06-11 01:00:00,1570.0626544793365
2010-06-13 01:00:00,1568.484767829967
2010-06-14 01:00:00,1567.7412715816092
2010-06-15 01:00:00,1567.0254063043226
2010-06-16 01:00:00,1566.3317038263633
2010-06-17 01:00:00,1565.653472713548
2010-06-18 01:00:00,1564.9844077980754
2010-06-20 01:00:00,1563.658377459577
2010-06-21 01:00:00,1563.0003930087369
2010-06-22 01:00:00,1562.349052004666
2010-06-23 01:00:00,1561.7084675532988
2010-06-24 01:00:00,1561.0827499044171
2010-06-25 01:00:00,1560.4750854153422
2010-06-27 01:00:00,1559.3192176297334
2010-06-28 01:00:00,1558.7699838263493
2010-06-29 01:00:00,1558.2374907992667
2010-06-30 01:00:00,1557.7194953819135
2010-07-01 01:00:00,1557.2140663095847
2010-07-02 01:00:00,1556.7200030411996
2010-07-04 01:00:00,1555.765823149347
2010-07-05 01:00:00,1555.3076018188526
2010-07-06 01:00:00,1554.8638130326729
2010-07-07 01:00:00,1554.4355408401168
2010-07-08 01:00:00,1554.0230498270116
2010-07-09 01:00:00,1553.62551834182
2010-07-11 01:00:00,1552.8673439116433
2010-07-12 01:00:00,1552.5018899737838
2010-07-13 01:00:00,1552.1433012351038
2010-07-14 01:00:00,1551.7917583882356
2010-07-15 01:00:00,1551.449320308106
2010-07-16 01:00:00,1551.11963591478
2010-07-18 01:00:00,1550.5156028589954
2010-07-19 01:00:00,1550.2475791562717
2010-07-20 01:00:00,1550.0030819083636
2010-07-21 01:00:00,1549.7796918391168
2010-07-22 01:00:00,1549.5728855870475
2010-07-23 01:00:00,1549.37687687551
2010-07-25 01:00:00,1548.9943115518447
2010-07-26 01:00:00,1548.7995415964167
2010-07-27 01:00:00,1548.5206844319437
2010-07-28 01:00:00,1548.1140415137763
2010-07-29 01:00:00,1547.706752672234
2010-07-30 01:00:00,1547.3057514458208
2010-08-01 01:00:00,1545.4079922681117
2010-08-02 01:00:00,1544.847227314201
2010-08-03 01:00:00,1544.3138173269135
2010-08-04 01:00:00,1543.8067801615105
2010-08-05 01:00:00,1542.176973461696
2010-08-06 01:00:00,1540.3829156602574
2010-08-08 01:00:00,1535.2549017323608
2010-08-09 01:00:00,1531.8870443516967
2010-08-10 01:00:00,1529.6378745126792
2010-08-11 01:00:00,1525.3352126609082
2010-08-12 01:00:00,1521.0173016918873
2010-08-13 01:00:00,1516.6976692919725
2010-08-15 01:00:00,1508.1081124449308
2010-08-16 01:00:00,1503.8566065013522
2010-08-17 01:00:00,1499.556378252707
2010-08-18 01:00:00,1494.991642757573
2010-08-19 01:00:00,1490.4346568422932
2010-08-20 01:00:00,1485.8728275260894
2010-08-22 01:00:00,1477.461982873143
2010-08-23 01:00:00,1473.428492221707
2010-08-24 01:00:00,1469.3449688877265
2010-08-25 01:00:00,1465.2166990075107
2010-08-26 01:00:00,1461.054102140981
2010-08-27 01:00:00,1456.8713792953426
2010-08-29 01:00:00,1448.508740467391
2010-08-30 01:00:00,1444.356192088866
2010-08-31 01:00:00,1440.2335308998263
2010-09-01 01:00:00,1436.140610876536
2010-09-02 01:00:00,1432.0701727795283
2010-09-03 01:00:00,1428.008909940285
2010-09-05 01:00:00,1419.8460324481953
2010-09-06 01:00:00,1415.7141738014989
2010-09-07 01:00:00,1411.5386391923264
2010-09-08 01:00:00,1407.3234041522282
2010-09-09 01:00:00,1403.0818557423736
2010-09-10 01:00:00,1398.833998286477
2010-09-12 01:00:00,1390.4032712061294
2010-09-13 01:00:00,1386.2499792324447
2010-09-14 01:00:00,1382.1435504970584
2010-09-15 01:00:00,1378.0768860789913
2010-09-16 01:00:00,1374.0362384756336
2010-09-17 01:00:00,1370.0044733850448
2010-09-19 01:00:00,1361.9029427401292
2010-09-20 01:00:00,1357.9943929705928
2010-09-21 01:00:00,1354.0596089064252
2010-09-22 01:00:00,1350.1014290581286
2010-09-23 01:00:00,1346.1334156330504
2010-09-24 01:00:00,1342.1741097908468
2010-09-26 01:00:00,1334.3642209394607
2010-09-27 01:00:00,1330.5497245367433
2010-09-28 01:00:00,1326.8103114907603
2010-09-29 01:00:00,1323.1471341126824
2010-09-30 01:00:00,1319.5527689770913
2010-10-01 01:00:00,1316.0124783649458
2010-10-03 01:00:00,1309.0165110158516
2010-10-04 01:00:00,1305.683539349968
2010-10-05 01:00:00,1303.2828663577147
2010-10-06 01:00:00,1300.951737527036
2010-10-07 01:00:00,1298.705325026622
2010-10-08 01:00:00,1296.5664169914185
2010-10-10 01:00:00,1292.708738293054
2010-10-11 01:00:00,1291.0260228071554
2010-10-12 01:00:00,1289.515951179473
2010-10-13 01:00:00,1288.1722346815154
2010-10-14 01:00:00,1286.9805257058533
2010-10-15 01:00:00,1285.9216622223362
2010-10-17 01:00:00,1284.12304191321
2010-10-18 01:00:00,1283.3513797959195
2010-10-19 01:00:00,1282.652894395673
2010-10-20 01:00:00,1282.0268369233609
2010-10-21 01:00:00,1281.4783072140433
2010-10-22 01:00:00,1281.0164032657947
2010-10-24 01:00:00,1280.3926252890128
2010-10-25 01:00:00,1280.2437312861998
2010-10-26 01:00:00,1280.2021519140017
2010-10-27 01:00:00,1280.256860256007
2010-10-28 01:00:00,1280.3885076361203
2010-10-29 01:00:00,1280.5708077900254
2010-10-31 01:00:00,1280.9648346137244
2010-11-01 00:00:00,1281.1138352230364
2010-11-02 00:00:00,1281.2114076630673
2010-11-03 00:00:00,1281.2399102514498
2010-11-04 00:00:00,1281.1975287169187
2010-11-05 00:00:00,1281.0898996167107
2010-11-07 00:00:00,1280.7145569997758
2010-11-08 00:00:00,1280.4590441318328
2010-11-09 00:00:00,1280.1570092392008
2010-11-10 00:00:00,1279.7992310262825
2010-11-11 00:00:00,1279.3712434764461
2010-11-12 00:00:00,1278.8556878275972
2010-11-14 00:00:00,1277.4941288690845
2010-11-15 00:00:00,1276.6223336580817
2010-11-16 00:00:00,1275.6147639465432
2010-11-17 00:00:00,1274.4727212202777
2010-11-18 00:00:00,1273.2031611584016
2010-11-19 00:00:00,1271.817348845392
2010-11-21 00:00:00,1268.7516437934057
2010-11-22 00:00:00,1267.09732102223
2010-11-23 00:00:00,1265.3740457674494
2010-11-24 00:00:00,1263.5852207133107
2010-11-25 00:00:00,1261.7294358895192
2010-11-26 00:00:00,1259.8012906974593
2010-11-28 00:00:00,1255.696853583807
2010-11-29 00:00:00,1253.5070028829791
2010-11-30 00:00:00,1251.2218553925022
2010-12-01 00:00:00,1248.8446624148473
2010-12-02 00:00:00,1246.3834377615985
2010-12-03 00:00:00,1243.8493737889212
2010-12-05 00:00:00,1238.6111125728503
2010-12-06 00:00:00,1235.9268140114752
2010-12-07 00:00:00,1233.2069190224915
2010-12-08 00:00:00,1230.4528790700424
2010-12-09 00:00:00,1227.6633428752643
2010-12-10 00:00:00,1224.835302939663
2010-12-12 00:00:00,1219.5254018310252
2010-12-13 00:00:00,1218.0642176468905
2010-12-14 00:00:00,1216.5785898281756
2010-12-15 00:00:00,1215.0698589469594
2010-12-16 00:00:00,1213.5376360534478
2010-12-17 00:00:00,1211.9804911838248
2010-12-19 00:00:00,1208.785357155858
2010-12-20 00:00:00,1207.1462498780604
2010-12-21 00:00:00,1205.4807868040784
2010-12-22 00:00:00,1203.791531387246
2010-12-23 00:00:00,1202.0818170631273
2010-12-24 00:00:00,1200.3550722814966
2010-12-26 00:00:00,1196.8607264460697
2010-12-27 00:00:00,1195.0953319499943
2010-12-28 00:00:00,1193.317547432248
2010-12-29 00:00:00,1191.5266962909436
2010-12-30 00:00:00,1189.7226704677005
2010-12-31 00:00:00,1187.906560178279
2011-01-02 00:00:00,1184.2497987580234
2011-01-03 00:00:00,1182.417688601158
2011-01-04 00:00:00,1180.5891453423255
2011-01-05 00:00:00,1178.8802360317181
2011-01-06 00:00:00,1177.3067925632017
2011-01-07 00:00:00,1175.7450817902818
2011-01-09 00:00:00,1172.6451526325563
2011-01-10 00:00:00,1171.0975867515913
2011-01-11 00:00:00,1169.5448921814639
2011-01-12 00:00:00,1167.983306071789
2011-01-13 00:00:00,1166.4113199518176
2011-01-14 00:00:00,1164.830337383152
2011-01-16 00:00:00,1161.6618335320627
2011-01-17 00:00:00,1160.0899963149955
2011-01-18 00:00:00,1158.5379303624711
2011-01-19 00:00:00,1157.0124464417108
2011-01-20 00:00:00,1155.5168349740472
2011-01-21 00:00:00,1154.049706604419
2011-01-23 00:00:00,1151.1721415423428
2011-01-24 00:00:00,1149.7402192254353
2011-01-25 00:00:00,1148.298955520761
2011-01-26 00:00:00,1146.8421994151136
2011-01-27 00:00:00,1145.3695814980065
2011-01-28 00:00:00,1143.8866821425686
2011-01-30 00:00:00,1140.9344385531458
2011-01-31 00:00:00,1139.4915041564057
2011-02-01 00:00:00,1138.0860516595676
2011-02-02 00:00:00,1136.7247240917975
2011-02-03 00:00:00,1135.4087044888197
2011-02-04 00:00:00,1134.133455024442
2011-02-06 00:00:00,1132.1290523823045
2011-02-07 00:00:00,1133.4741601673722
2011-02-08 00:00:00,1134.7727961615951
2011-02-09 00:00:00,1135.9936591214898
2011-02-10 00:00:00,1137.1212088850316
2011-02-11 00:00:00,1138.1590684339465
2011-02-13 00:00:00,1140.0741786462208
2011-02-14 00:00:00,1141.039871650017
2011-02-15 00:00:00,1142.0773623821833
2011-02-16 00:00:00,1143.227222766967
2011-02-17 00:00:00,1144.5109133234898
2011-02-18 00:00:00,1145.9241786278208
2011-02-20 00:00:00,1148.994475751493
2011-02-21 00:00:00,1150.5389200388436
2011-02-22 00:00:00,1152.0151357956438
2011-02-23 00:00:00,1153.388743045804
2011-02-24 00:00:00,1154.6534692275604
2011-02-25 00:00:00,1155.8315219990895
2011-02-27 00:00:00,1158.1197630247884
2011-02-28 00:00:00,1159.345504768513
2011-03-01 00:00:00,1160.6931389745203
2011-03-02 00:00:00,1162.192423547981
2011-03-03 00:00:00,1163.8499854575157
2011-03-04 00:00:00,1165.648412295734
2011-03-06 00:00:00,1169.4986565894237
2011-03-07 00:00:00,1171.4369612369521
2011-03-08 00:00:00,1173.307240885197
2011-03-09 00:00:00,1175.0650699131238
2011-03-10 00:00:00,1176.6858107759485
2011-03-11 00:00:00,1178.1689680180937
2011-03-13 00:00:00,1180.840404925047
2011-03-14 00:00:00,1182.132957048774
2011-03-15 00:00:00,1183.478379322501
2011-03-16 00:00:00,1184.9293385872606
2011-03-17 00:00:00,1186.517301850019
2011-03-18 00:00:00,1188.2440245274247
2011-03-20 00:00:00,1191.967186000787
2011-03-21 00:00:00,1193.8390024063822
2011-03-22 00:00:00,1195.6314933183685
2011-03-23 00:00:00,1197.302036936755
2011-03-24 00:00:00,1198.8385071009843
2011-03-25 00:00:00,1200.2603679959018
2011-03-27 00:00:00,1202.954160903598
2011-03-28 01:00:00,1204.4063962087532
2011-03-29 01:00:00,1205.8000426065319
2011-03-30 01:00:00,1206.7982962302399
2011-03-31 01:00:00,1207.9401546173503
2011-04-01 01:00:00,1209.2096612186144
2011-04-03 01:00:00,1211.968051493184
2011-04-04 01:00:00,1213.6037417904806
2011-04-05 01:00:00,1216.3525700327853
2011-04-06 01:00:00,1218.9827631901435
2011-04-07 01:00:00,1221.4698648763842
2011-04-08 01:00:00,1223.811942578395
2011-04-10 01:00:00,1228.164283281697
2011-04-11 01:00:00,1230.2682035364608
2011-04-12 01:00:00,1232.398067248714
2011-04-13 01:00:00,1234.6024315994712
2011-04-14 01:00:00,1236.9115778248588
2011-04-15 01:00:00,1239.3301265574953
2011-04-17 01:00:00,1244.3810968423377
2011-04-18 01:00:00,1246.91113645516
2011-04-19 01:00:00,1248.7134852539352
2011-04-20 01:00:00,1249.3816846959805
2011-04-21 01:00:00,1249.9308640363752
2011-04-22 01:00:00,1250.3729656174723
2011-04-24 01:00:00,1253.2640548465838
2011-04-25 01:00:00,1255.94234696186
2011-04-26 01:00:00,1258.6826445996742
2011-04-27 01:00:00,1261.5126179800998
2011-04-28 01:00:00,1264.4421705622663
2011-04-29 01:00:00,1267.462691850024
2011-05-01 01:00:00,1273.5585923342032
2011-05-02 01:00:00,1275.02097774674
2011-05-03 01:00:00,1276.5805040016787
2011-05-04 01:00:00,1278.0604272974529
2011-05-05 01:00:00,1279.442747167462
2011-05-06 01:00:00,1280.7249592201956
2011-05-08 01:00:00,1283.0548856458295
2011-05-09 01:00:00,1284.163971140132
2011-05-10 01:00:00,1285.284531623082
2011-05-11 01:00:00,1286.4485436539435
2011-05-12 01:00:00,1288.526824640794
2011-05-13 01:00:00,1291.7928028766669
2011-05-15 01:00:00,1298.4712711297864
2011-05-16 01:00:00,1301.8253701387366
2011-05-17 01:00:00,1305.147363771329
2011-05-18 01:00:00,1308.4146513153041
2011-05-19 01:00:00,1311.617747083077
2011-05-20 01:00:00,1314.7610384574455
2011-05-22 01:00:00,1320.9384100516595
2011-05-23 01:00:00,1324.0196217248833
2011-05-24 01:00:00,1327.7800050495446
2011-05-25 01:00:00,1331.8715254292101
2011-05-26 01:00:00,1336.0099316268324
2011-05-27 01:00:00,1340.1923082733667
2011-05-29 01:00:00,1348.6430021720519
2011-05-30 01:00:00,1352.8794992549772
2011-05-31 01:00:00,1357.1025840037134
2011-06-01 01:00:00,1361.3010022806488
2011-06-02 01:00:00,1365.4691501597868
2011-06-03 01:00:00,1369.607586284333
2011-06-05 01:00:00,1377.8234236545582
2011-06-06 01:00:00,1381.92213816671
2011-06-07 01:00:00,1386.028921906792
2011-06-08 01:00:00,1390.1509637927709
2011-06-09 01:00:00,1394.290918737939
2011-06-10 01:00:00,1398.4470212978858
2011-06-12 01:00:00,1406.7865347586048
2011-06-13 01:00:00,1410.9588001630618
2011-06-14 01:00:00,1415.1288066994189
2011-06-15 01:00:00,1419.2975618401335
2011-06-16 01:00:00,1423.4686973558792
2011-06-17 01:00:00,1427.6469487536115
2011-06-19 01:00:00,1436.0386008995663
2011-06-20 01:00:00,1440.2523743591062
2011-06-21 01:00:00,1444.473166405101
2011-06-22 01:00:00,1448.6943044568409
2011-06-23 01:00:00,1452.9085138717805
2011-06-24 01:00:00,1457.1097958894143
2011-06-26 01:00:00,1465.4660352803592
2011-06-27 01:00:00,1469.6283955666975
2011-06-28 01:00:00,1473.7925015027804
2011-06-29 01:00:00,1477.44472883167
2011-06-30 01:00:00,1479.2195091299907
2011-07-01 01:00:00,1481.0092006780867
2011-07-03 01:00:00,1484.6376421532466
2011-07-04 01:00:00,1486.4720956299511
2011-07-05 01:00:00,1488.3130710982423
2011-07-06 01:00:00,1490.1535963782821
2011-07-07 01:00:00,1491.9871075651602
2011-07-08 01:00:00,1493.8092233704504
2011-07-10 01:00:00,1497.4194966825148
2011-07-11 01:00:00,1499.217326830707
2011-07-12 01:00:00,1501.0212538579806
2011-07-13 01:00:00,1502.840357997835
2011-07-14 01:00:00,1504.6821032629712
2011-07-15 01:00:00,1506.5507804311173
2011-07-17 01:00:00,1510.3655966750039
2011-07-18 01:00:00,1512.300270168802
2011-07-19 01:00:00,1514.2409132440457
2011-07-20 01:00:00,1516.177307657325
2011-07-21 01:00:00,1518.1005560368328
2011-07-22 01:00:00,1520.0047195926074
2011-07-24 01:00:00,1523.3223435701889
2011-07-25 01:00:00,1523.8570348457436
2011-07-26 01:00:00,1524.402267862778
2011-07-27 01:00:00,1524.9459485662142
2011-07-28 01:00:00,1525.476500977363
2011-07-29 01:00:00,1525.9851674576585
2011-07-31 01:00:00,1526.9275036289773
2011-08-01 01:00:00,1527.3721251934178
2011-08-02 01:00:00,1527.8154831220677
2011-08-03 01:00:00,1528.2732112548963
2011-08-04 01:00:00,1528.7593612952319
2011-08-05 01:00:00,1529.2829031844635
2011-08-07 01:00:00,1530.4403733224465
2011-08-08 01:00:00,1531.0551563235908
2011-08-09 01:00:00,1531.6733033945943
2011-08-10 01:00:00,1532.2783026944305
2011-08-11 01:00:00,1532.8568280132301
2011-08-12 01:00:00,1533.4012327553671
2011-08-14 01:00:00,1534.3920710817595
2011-08-15 01:00:00,1534.8570221282744
2011-08-16 01:00:00,1535.3215536873076
2011-08-17 01:00:00,1535.8024648032422
2011-08-18 01:00:00,1536.3146818552393
2011-08-19 01:00:00,1536.8687524681286
2011-08-21 01:00:00,1538.1129859451614
2011-08-22 01:00:00,1538.7912624178628
2011-08-23 01:00:00,1539.4893087356068
2011-08-24 01:00:00,1540.1896169865024
2011-08-25 01:00:00,1540.8748118300327
2011-08-26 01:00:00,1541.5310207709394
2011-08-28 01:00:00,1542.736180416256
2011-08-29 01:00:00,1543.2972321658333
2011-08-30 01:00:00,1543.8520388898442
2011-08-31 01:00:00,1544.4218251853858
2011-09-01 01:00:00,1545.0259363263747
2011-09-02 01:00:00,1545.6769470198637
2011-09-04 01:00:00,1547.1199775324187
2011-09-05 01:00:00,1547.8883346640698
2011-09-06 01:00:00,1548.6620817414355
2011-09-07 01:00:00,1549.4206200865838
2011-09-08 01:00:00,1550.1473127317163
2011-09-09 01:00:00,1550.8324510955688
2011-09-11 01:00:00,1552.081285951487
2011-09-12 01:00:00,1552.6660207597274
2011-09-13 01:00:00,1553.2472692690353
2011-09-14 01:00:00,1553.844569475292
2011-09-15 01:00:00,1554.4754855437557
2011-09-16 01:00:00,1555.1528274105237
2011-09-18 01:00:00,1555.146267603154
2011-09-19 01:00:00,1553.4045864202217
2011-09-20 01:00:00,1551.6892823128985
2011-09-21 01:00:00,1549.9816973903785
2011-09-22 01:00:00,1548.262721817445
2011-09-23 01:00:00,1546.5163941002306
2011-09-25 01:00:00,1542.9131462649639
2011-09-26 01:00:00,1541.065250093741
2011-09-27 01:00:00,1539.2070765356139
2011-09-28 01:00:00,1537.3601467360136
2011-09-29 01:00:00,1535.5446666979408
2011-09-30 01:00:00,1533.8948786963444
2011-10-02 01:00:00,1534.9872018914996
2011-10-03 01:00:00,1535.582198563215
2011-10-04 01:00:00,1536.1854741401162
2011-10-05 01:00:00,1536.7773758140095
2011-10-06 01:00:00,1537.341875715996
2011-10-07 01:00:00,1537.869382129191
2011-10-09 01:00:00,1538.8139151515431
2011-10-10 01:00:00,1539.2489349093655
2011-10-11 01:00:00,1539.6791760569142
2011-10-12 01:00:00,1540.1217545853046
2011-10-13 01:00:00,1540.592117325722
2011-10-14 01:00:00,1541.1016987148842
2011-10-16 01:00:00,1539.3619160273752
2011-10-17 01:00:00,1537.2559327940235
2011-10-18 01:00:00,1535.1733332975898
2011-10-19 01:00:00,1533.099262012548
2011-10-20 01:00:00,1531.0182016063786
2011-10-21 01:00:00,1528.9168311024273
2011-10-23 01:00:00,1524.6264618069533
2011-10-24 01:00:00,1522.442046701469
2011-10-25 01:00:00,1520.2459956545279
2011-10-26 01:00:00,1518.0543547817015
2011-10-27 01:00:00,1515.882825562865
2011-10-28 01:00:00,1513.7428366370443
2011-10-30 01:00:00,1509.5683419509542
2011-10-31 00:00:00,1507.6069516785146
2011-11-01 00:00:00,1505.5716629411368
2011-11-02 00:00:00,1503.5350442021509
2011-11-03 00:00:00,1501.4859120240005
2011-11-04 00:00:00,1499.4172126884387
2011-11-06 00:00:00,1495.2182725898963
2011-11-07 00:00:00,1493.0981725573586
2011-11-08 00:00:00,1490.9762828191892
2011-11-09 00:00:00,1488.8629130860734
2011-11-10 00:00:00,1486.7673738150966
2011-11-11 00:00:00,1484.6966025472414
2011-11-13 00:00:00,1480.6404945904544
2011-11-14 00:00:00,1478.9613123949196
2011-11-15 00:00:00,1479.4325497250227
2011-11-16 00:00:00,1479.904432778087
2011-11-17 00:00:00,1480.3850733188333
2011-11-18 00:00:00,1480.8813544737143
2011-11-20 00:00:00,1481.9351776396868
2011-11-21 00:00:00,1482.491632764571
2011-11-22 00:00:00,1483.0621848800454
2011-11-23 00:00:00,1483.6407002672931
2011-11-24 00:00:00,1484.2214539641848
2011-11-25 00:00:00,1484.8004857080944
2011-11-27 00:00:00,1485.950936613679
2011-11-28 00:00:00,1486.527009788035
2011-11-29 00:00:00,1487.108875018604
2011-11-30 00:00:00,1487.700368495842
2011-12-01 00:00:00,1488.3041946352187
2011-12-02 00:00:00,1488.9215197954795
2011-12-04 00:00:00,1490.1943368115496
2011-12-05 00:00:00,1490.8466213010913
2011-12-06 00:00:00,1491.507255095229
2011-12-07 00:00:00,1492.175334587444
2011-12-08 00:00:00,1492.8509682029896
2011-12-09 00:00:00,1493.5352853145057
2011-12-11 00:00:00,1494.9378056289427
2011-12-12 00:00:00,1495.660043771648
2011-12-13 00:00:00,1496.3978559135537
2011-12-14 00:00:00,1497.1508727364408
2011-12-15 00:00:00,1497.9172402243776
2011-12-16 00:00:00,1498.6938813382249
2011-12-18 00:00:00,1500.2640399160362
2011-12-19 00:00:00,1501.0528612218998
2011-12-20 00:00:00,1501.8444961879109
2011-12-21 00:00:00,1502.6424296581476
2011-12-22 00:00:00,1503.4523533047056
2011-12-23 00:00:00,1504.280953759502
2011-12-26 00:00:00,1506.9285932387857
2011-12-27 00:00:00,1507.867466089769
2011-12-28 00:00:00,1508.827407672269
2011-12-29 00:00:00,1509.800624145334
2011-12-30 00:00:00,1510.7789817448645
2012-01-01 00:00:00,1512.7266444242832
2012-01-02 00:00:00,1513.6914515702626
2012-01-03 00:00:00,1514.653531416279
2012-01-04 00:00:00,1515.6197430598804
2012-01-05 00:00:00,1516.5993399724623
2012-01-06 00:00:00,1517.602510578467
2012-01-08 00:00:00,1519.7148526295841
2012-01-09 00:00:00,1520.8340521729692
2012-01-10 00:00:00,1521.9944500544084
2012-01-11 00:00:00,1523.1891637936285
2012-01-12 00:00:00,1524.40712566287
2012-01-13 00:00:00,1525.6350002179477
2012-01-15 00:00:00,1528.0726137372699
2012-01-16 00:00:00,1529.2696682133262
2012-01-17 00:00:00,1530.4549920368859
2012-01-18 00:00:00,1531.6392520456427
2012-01-19 00:00:00,1532.837809257177
2012-01-20 00:00:00,1534.067425531546
2012-01-22 00:00:00,1536.6726462781276
2012-01-23 00:00:00,1538.0592893653593
2012-01-24 00:00:00,1539.496740369
2012-01-25 00:00:00,1540.97270514545
2012-01-26 00:00:00,1542.4709327298904
2012-01-27 00:00:00,1543.9743921343259
2012-01-29 00:00:00,1546.9435875950319
2012-01-30 00:00:00,1548.3968438706588
2012-01-31 00:00:00,1549.8324079530041
2012-02-01 00:00:00,1551.260751761498
2012-02-02 00:00:00,1552.645760067777
2012-02-03 00:00:00,1551.482003422862
2012-02-05 00:00:00,1549.2222955381708
2012-02-06 00:00:00,1548.1452135948382
2012-02-07 00:00:00,1547.1037805919875
2012-02-08 00:00:00,1546.0881150840296
2012-02-09 00:00:00,1545.08147857464
2012-02-10 00:00:00,1544.063412641365
2012-02-12 00:00:00,1546.1945945889524
2012-02-13 00:00:00,1547.2930506058917
2012-02-14 00:00:00,1548.3398005179351
2012-02-15 00:00:00,1549.3492602578804
2012-02-16 00:00:00,1550.3422135351423
2012-02-17 00:00:00,1551.3413262877307
2012-02-19 00:00:00,1553.430236752256
2012-02-20 00:00:00,1554.5365992817963
2012-02-21 00:00:00,1555.6794457932365
2012-02-22 00:00:00,1556.8445920917331
2012-02-23 00:00:00,1558.012669942654
2012-02-24 00:00:00,1559.1629411752422
2012-02-26 00:00:00,1561.3426068191784
2012-02-27 00:00:00,1562.3543486044507
2012-02-28 00:00:00,1563.315650757919
2012-02-29 00:00:00,1564.2374285106139
2012-03-01 00:00:00,1565.1363945882686
2012-03-02 00:00:00,1566.032358097552
2012-03-04 00:00:00,1567.8904376805806
2012-03-05 00:00:00,1567.644780626922
2012-03-06 00:00:00,1566.3792004168645
2012-03-07 00:00:00,1565.1538604811653
2012-03-08 00:00:00,1563.9526667222062
2012-03-09 00:00:00,1562.754900411259
2012-03-11 00:00:00,1560.2927344013897
2012-03-12 00:00:00,1559.0069323618181
2012-03-13 00:00:00,1557.6873394684771
2012-03-14 00:00:00,1556.3482838277935
2012-03-15 00:00:00,1556.3066765311241
2012-03-16 00:00:00,1556.7046782190419
2012-03-18 00:00:00,1557.6055033196087
2012-03-19 00:00:00,1558.1252586320827
2012-03-20 00:00:00,1558.6876559071886
2012-03-21 00:00:00,1559.2801804609383
2012-03-22 00:00:00,1559.8855034690866
2012-03-23 00:00:00,1560.4848703438872
2012-03-25 00:00:00,1561.602974841794
2012-03-26 01:00:00,1562.1232292925463
2012-03-27 01:00:00,1562.582632168786
2012-03-28 01:00:00,1563.0104467978629
2012-03-29 01:00:00,1563.4196877961347
2012-03-30 01:00:00,1563.8262820233695
2012-04-01 01:00:00,1564.693764516152
2012-04-02 01:00:00,1565.1768210367143
2012-04-03 01:00:00,1565.6971414497682
2012-04-04 01:00:00,1566.2486810891423
2012-04-05 01:00:00,1566.8187515321845
2012-04-06 01:00:00,1567.3905890448132
2012-04-08 01:00:00,1568.4750892223794
2012-04-09 01:00:00,1568.9678963048757
2012-04-10 01:00:00,1569.4271842986495
2012-04-11 01:00:00,1568.5640436981462
2012-04-12 01:00:00,1567.3556083129974
2012-04-13 01:00:00,1566.1668009748066
2012-04-15 01:00:00,1563.8004148631223
2012-04-16 01:00:00,1562.6121004863346
2012-04-17 01:00:00,1561.4233448617147
2012-04-18 01:00:00,1560.242865864229
2012-04-19 01:00:00,1559.082438907436
2012-04-20 01:00:00,1557.9546658830338
2012-04-22 01:00:00,1555.8394691393446
2012-04-23 01:00:00,1554.8649540270162
2012-04-24 01:00:00,1553.9475976796593
2012-04-25 01:00:00,1553.0837663016885
2012-04-26 01:00:00,1552.266786845238
2012-04-27 01:00:00,1551.4882253229312
2012-04-29 01:00:00,1550.0130834842207
2012-04-30 01:00:00,1549.3047182736789
2012-05-01 01:00:00,1548.6135945240949
2012-05-02 01:00:00,1547.9430065306194
2012-05-03 01:00:00,1547.2996972196406
2012-05-04 01:00:00,1546.6924966469735
2012-05-06 01:00:00,1545.6206317470119
2012-05-07 01:00:00,1545.167167924482
2012-05-08 01:00:00,1544.770295689386
2012-05-09 01:00:00,1544.4270255352424
2012-05-10 01:00:00,1544.1323892828143
2012-05-11 01:00:00,1543.8810357863445
2012-05-13 01:00:00,1543.4929495544443
2012-05-14 01:00:00,1543.353975995381
2012-05-15 01:00:00,1543.2538768938434
2012-05-16 01:00:00,1543.1961892768127
2012-05-17 01:00:00,1543.1849668304137
2012-05-18 01:00:00,1543.223925929389
2012-05-20 01:00:00,1543.4618457985218
2012-05-21 01:00:00,1543.661991655699
2012-05-22 01:00:00,1543.9148139201936
2012-05-23 01:00:00,1544.2180386589555
2012-05-24 01:00:00,1544.5690091458478
2012-05-25 01:00:00,1544.9651723757343
2012-05-27 01:00:00,1545.8854455834164
2012-05-28 01:00:00,1546.4072741768773
2012-05-29 01:00:00,1546.9692555024014
2012-05-30 01:00:00,1547.570299176394
2012-05-31 01:00:00,1548.2082867972533
2012-06-01 01:00:00,1548.8795998941662
2012-06-03 01:00:00,1550.2999344471257
2012-06-04 01:00:00,1551.0354017024968
2012-06-05 01:00:00,1551.7788793271156
2012-06-06 01:00:00,1552.525287091651
2012-06-07 01:00:00,1553.2715294783668
2012-06-08 01:00:00,1554.0164889303157
2012-06-10 01:00:00,1555.504287503797
2012-06-11 01:00:00,1556.2481360835204
2012-06-12 01:00:00,1556.990736256491
2012-06-13 01:00:00,1557.7287402832942
2012-06-14 01:00:00,1558.4566358422487
2012-06-15 01:00:00,1559.1670979036753
2012-06-17 01:00:00,1560.5019790734066
2012-06-18 01:00:00,1561.110357768089
2012-06-19 01:00:00,1561.671357595421
2012-06-20 01:00:00,1562.182370422497
2012-06-21 01:00:00,1562.644190566467
2012-06-22 01:00:00,1563.06104544281
2012-06-24 01:00:00,1563.7899101908058
2012-06-25 01:00:00,1564.1194402970534
2012-06-26 01:00:00,1564.4354221641304
2012-06-27 01:00:00,1564.7409633806747
2012-06-28 01:00:00,1565.0343892700616
2012-06-29 01:00:00,1565.3092424849222
2012-07-01 01:00:00,1565.761582557715
2012-07-02 01:00:00,1565.9175168030595
2012-07-03 01:00:00,1565.984944451745
2012-07-04 01:00:00,1565.4804868397848
2012-07-05 01:00:00,1564.879669294059
2012-07-06 01:00:00,1564.2132780222341
2012-07-08 01:00:00,1562.8413128019845
2012-07-09 01:00:00,1562.2070732311008
2012-07-10 01:00:00,1561.635921036776
2012-07-11 01:00:00,1561.1290562412237
2012-07-12 01:00:00,1560.6711191570603
2012-07-13 01:00:00,1560.2332733185685
2012-07-15 01:00:00,1559.2673089550674
2012-07-16 01:00:00,1558.66572749764
2012-07-17 01:00:00,1557.950124069776
2012-07-18 01:00:00,1557.11263000345
2012-07-19 01:00:00,1556.1636229787432
2012-07-20 01:00:00,1554.0676401197127
2012-07-22 01:00:00,1549.6213637642695
2012-07-23 01:00:00,1547.4512421162497
2012-07-24 01:00:00,1545.3685903464466
2012-07-25 01:00:00,1543.3890389818312
2012-07-26 01:00:00,1541.503306578841
2012-07-27 01:00:00,1539.6782483510306
2012-07-29 01:00:00,1536.0014606564187
2012-07-30 01:00:00,1534.04195045052
2012-07-31 01:00:00,1531.9517013028187
2012-08-01 01:00:00,1529.7229100397751
2012-08-02 01:00:00,1527.374655662304
2012-08-03 01:00:00,1524.948491456744
2012-08-05 01:00:00,1520.0832758329393
2012-08-06 01:00:00,1517.747482128853
2012-08-07 01:00:00,1515.5205887533689
2012-08-08 01:00:00,1513.4087738558965
2012-08-09 01:00:00,1511.3954765930644
2012-08-10 01:00:00,1509.4450502967102
2012-08-12 01:00:00,1505.535685612191
2012-08-13 01:00:00,1503.4763695254012
2012-08-14 01:00:00,1501.296482802506
2012-08-15 01:00:00,1498.9809504679365
2012-08-16 01:00:00,1497.1976970292928
2012-08-17 01:00:00,1495.7562905506986
2012-08-19 01:00:00,1492.8091409484753
2012-08-20 01:00:00,1491.4241902816186
2012-08-21 01:00:00,1490.1625053020375
2012-08-22 01:00:00,1489.0433805969456
2012-08-23 01:00:00,1488.056046726253
2012-08-24 01:00:00,1487.1614609928367
2012-08-26 01:00:00,1485.4083792146193
2012-08-27 01:00:00,1484.426002588958
2012-08-28 01:00:00,1483.315557048546
2012-08-29 01:00:00,1482.0667396065342
2012-08-30 01:00:00,1480.6984189796267
2012-08-31 01:00:00,1479.253760000332
2012-09-02 01:00:00,1476.3689072752218
2012-09-03 01:00:00,1475.0402315894082
2012-09-04 01:00:00,1473.8379514840851
2012-09-05 01:00:00,1472.7729525904365
2012-09-06 01:00:00,1471.832902696597
2012-09-07 01:00:00,1470.985368008458
2012-09-09 01:00:00,1469.375713753314
2012-09-10 01:00:00,1468.5110661493775
2012-09-11 01:00:00,1467.5513382954555
2012-09-12 01:00:00,1466.4765476252865
2012-09-13 01:00:00,1465.2898261655816
2012-09-14 01:00:00,1464.0180132033802
2012-09-16 01:00:00,1461.415885280914
2012-09-17 01:00:00,1460.199554358986
2012-09-18 01:00:00,1459.1017308121102
2012-09-19 01:00:00,1458.1422398886816
2012-09-20 01:00:00,1457.312946661205
2012-09-21 01:00:00,1456.5796885352008
2012-09-23 01:00:00,1455.1872671490594
2012-09-24 01:00:00,1454.4192925499
2012-09-25 01:00:00,1453.5532232524477
2012-09-26 01:00:00,1452.579490285305
2012-09-27 01:00:00,1451.512906025016
2012-09-28 01:00:00,1450.3880852618638
2012-09-30 01:00:00,1448.1510814988444
2012-10-01 01:00:00,1447.1290612621742
2012-10-02 01:00:00,1446.2135476328922
2012-10-03 01:00:00,1446.044095047728
2012-10-04 01:00:00,1446.800541321334
2012-10-05 01:00:00,1447.5952610844959
2012-10-07 01:00:00,1449.25335688628
2012-10-08 01:00:00,1450.0910625870688
2012-10-09 01:00:00,1450.9199744531497
2012-10-10 01:00:00,1451.7339738304509
2012-10-11 01:00:00,1452.5323605733195
2012-10-12 01:00:00,1453.3201265587154
2012-10-14 01:00:00,1454.9059695562585
2012-10-15 01:00:00,1455.729643073839
2012-10-16 01:00:00,1456.588308521385
2012-10-17 01:00:00,1457.4871128518007
2012-10-18 01:00:00,1458.4250628058246
2012-10-19 01:00:00,1459.3954766594297
2012-10-21 01:00:00,1461.390230613815
2012-10-22 01:00:00,1462.3925169470058
2012-10-23 01:00:00,1463.3879535372978
2012-10-24 01:00:00,1464.374512256479
2012-10-25 01:00:00,1465.3547357791006
2012-10-26 01:00:00,1466.3346567017952
2012-10-28 01:00:00,1468.325356689109
2012-10-29 00:00:00,1468.536918533686
2012-10-30 00:00:00,1467.9564133312397
2012-10-31 00:00:00,1467.3961106471606
2012-11-01 00:00:00,1466.854960527351
2012-11-02 00:00:00,1466.107887837117
2012-11-04 00:00:00,1460.0967201155588
2012-11-05 00:00:00,1457.0920310176125
2012-11-06 00:00:00,1454.0824094607865
2012-11-07 00:00:00,1451.0658081024
2012-11-08 00:00:00,1448.0422390411945
2012-11-09 00:00:00,1445.013618855479
2012-11-11 00:00:00,1438.9547122147771
2012-11-12 00:00:00,1435.9313974991778
2012-11-13 00:00:00,1432.9152537167818
2012-11-14 00:00:00,1429.9066456081644
2012-11-15 00:00:00,1426.9044546185717
2012-11-16 00:00:00,1423.9067117898892
2012-11-18 00:00:00,1417.917289247059
2012-11-19 00:00:00,1414.924267405476
2012-11-20 00:00:00,1411.9333660289851
2012-11-21 00:00:00,1408.9462616263027
2012-11-22 00:00:00,1405.9646079363413
2012-11-23 00:00:00,1402.9893697100827
2012-11-25 00:00:00,1397.05611002772
2012-11-26 00:00:00,1394.0940269168834
2012-11-27 00:00:00,1391.1308737626487
2012-11-28 00:00:00,1390.301500060819
2012-11-29 00:00:00,1389.5870550341224
2012-11-30 00:00:00,1388.8669798865412
2012-12-02 00:00:00,1387.4138049810729
2012-12-03 00:00:00,1386.6873457702845
2012-12-04 00:00:00,1385.9677873210494
2012-12-05 00:00:00,1385.2607814001951
2012-12-06 00:00:00,1384.5710043169815
2012-12-07 00:00:00,1383.9009183635017
2012-12-09 00:00:00,1382.6134279823982
2012-12-10 00:00:00,1381.984441418517
2012-12-11 00:00:00,1381.3538082999332
2012-12-12 00:00:00,1380.712807200527
2012-12-13 00:00:00,1380.1923355249526
2012-12-14 00:00:00,1382.0941073255294
2012-12-16 00:00:00,1385.9629944065812
2012-12-17 00:00:00,1387.9107631205234
2012-12-18 00:00:00,1389.8525559758668
2012-12-19 00:00:00,1391.7796558123316
2012-12-20 00:00:00,1393.6877088070685
2012-12-21 00:00:00,1395.5775830398798
2012-12-23 00:00:00,1399.3299289449094
2012-12-24 00:00:00,1398.8951230055493
2012-12-26 00:00:00,1397.2880123498676
2012-12-27 00:00:00,1396.5427564602635
2012-12-28 00:00:00,1395.8403962637612
2012-12-30 00:00:00,1394.5458262263705
2012-12-31 00:00:00,1393.932800443643
2013-01-01 00:00:00,1393.323898548587
2013-01-02 00:00:00,1392.704852680897
2013-01-03 00:00:00,1392.0644566672174
2013-01-04 00:00:00,1391.397051405202
2013-01-06 00:00:00,1389.9948381829017
2013-01-07 00:00:00,1389.2843050423376
2013-01-08 00:00:00,1388.591119742869
2013-01-09 00:00:00,1387.933188034484
2013-01-10 00:00:00,1387.3235920642342
2013-01-11 00:00:00,1386.7671914054827
2013-01-13 00:00:00,1385.786175327796
2013-01-14 00:00:00,1385.3292437217963
2013-01-15 00:00:00,1384.8686688713126
2013-01-16 00:00:00,1384.3883835927095
2013-01-17 00:00:00,1383.8793266552175
2013-01-18 00:00:00,1383.3409539757872
2013-01-20 00:00:00,1382.2132003218949
2013-01-21 00:00:00,1381.6554677154306
2013-01-22 00:00:00,1381.1258572112338
2013-01-23 00:00:00,1380.6400189372384
2013-01-24 00:00:00,1380.20855138751
2013-01-25 00:00:00,1379.835182926529
2013-01-27 00:00:00,1379.2394124593397
2013-01-28 00:00:00,1378.9884142783424
2013-01-29 00:00:00,1378.7425785411021
2013-01-30 00:00:00,1378.4819277870788
2013-01-31 00:00:00,1378.190631423669
2013-02-01 00:00:00,1377.8602767319794
2013-02-03 00:00:00,1377.0961534347693
2013-02-04 00:00:00,1376.6916327224585
2013-02-05 00:00:00,1376.3011361992087
2013-02-06 00:00:00,1375.9469145309943
2013-02-07 00:00:00,1375.645648712953
2013-02-08 00:00:00,1375.404596208536
2013-02-10 00:00:00,1375.07671011355
2013-02-11 00:00:00,1374.9544837611302
2013-02-12 00:00:00,1374.8301431507912
2013-02-13 00:00:00,1374.6841116925418
2013-02-14 00:00:00,1374.5040406240928
2013-02-15 00:00:00,1374.2867674149009
2013-02-17 00:00:00,1373.7718817171622
2013-02-18 00:00:00,1373.5056436011632
2013-02-19 00:00:00,1373.2588531558852
2013-02-20 00:00:00,1373.0488439425656
2013-02-21 00:00:00,1372.88809389444
2013-02-22 00:00:00,1372.7821103026995
2013-02-24 00:00:00,1372.716557556963
2013-02-25 00:00:00,1372.7301136270407
2013-02-26 00:00:00,1372.749049513714
2013-02-27 00:00:00,1372.7535281829164
2013-02-28 00:00:00,1372.7276529447079
2013-03-01 00:00:00,1372.6626820952943
2013-03-03 00:00:00,1372.4258593047389
2013-03-04 00:00:00,1372.2802410180357
2013-03-05 00:00:00,1372.1426882157
2013-03-06 00:00:00,1372.033251541159
2013-03-07 00:00:00,1371.966990283496
2013-03-08 00:00:00,1371.9507422443855
2013-03-10 00:00:00,1372.0483947797557
2013-03-11 00:00:00,1372.1334591720733
2013-03-12 00:00:00,1372.217798112747
2013-03-13 00:00:00,1372.2845731159757
2013-03-14 00:00:00,1372.3223687769346
2013-03-15 00:00:00,1372.3268901691235
2013-03-17 00:00:00,1372.2541889473396
2013-03-18 00:00:00,1372.1993592699826
2013-03-19 00:00:00,1372.1515442401271
2013-03-20 00:00:00,1372.1247373750355
2013-03-21 00:00:00,1372.1296899198737
2013-03-22 00:00:00,1372.172134379568
2013-03-24 00:00:00,1374.1379582065265
2013-03-25 00:00:00,1375.6949194905026
2013-03-26 00:00:00,1377.2563426781471
2013-03-27 00:00:00,1378.8080116022732
2013-03-28 00:00:00,1380.3382271723224
2013-03-31 00:00:00,1389.6117626137234
2013-04-01 01:00:00,1393.5769886206795
2013-04-02 01:00:00,1397.384242295579
2013-04-03 01:00:00,1401.204976011192
2013-04-04 01:00:00,1405.0484992871397
2013-04-05 01:00:00,1408.9188356777763
2013-04-07 01:00:00,1416.727892843142
2013-04-08 01:00:00,1421.4541366428973
2013-04-09 01:00:00,1426.3336668579113
2013-04-10 01:00:00,1431.2023833859475
2013-04-11 01:00:00,1436.0539011848994
2013-04-12 01:00:00,1440.8856139624104
2013-04-14 01:00:00,1450.497474550802
2013-04-15 01:00:00,1455.2883402969576
2013-04-16 01:00:00,1460.078504569808
2013-04-17 01:00:00,1464.8747077482503
2013-04-18 01:00:00,1469.6821073960377
2013-04-19 01:00:00,1474.5034857540309
2013-04-21 01:00:00,1484.1858025617978
2013-04-22 01:00:00,1489.0396903263497
2013-04-23 01:00:00,1491.9751614808056
2013-04-24 01:00:00,1494.2063076281422
2013-04-25 01:00:00,1496.4298338329936
2013-04-26 01:00:00,1498.643734596773
2013-04-28 01:00:00,1503.0458120736582
2013-04-29 01:00:00,1504.9958515056876
2013-04-30 01:00:00,1504.7460712175452
2013-05-01 01:00:00,1504.4943076773388
2013-05-02 01:00:00,1502.8629453158703
2013-05-03 01:00:00,1500.9729520458152
2013-05-05 01:00:00,1497.194243252916
2013-05-06 01:00:00,1495.309189794096
2013-05-07 01:00:00,1493.4286146658817
2013-05-08 01:00:00,1491.5525488022329
2013-05-09 01:00:00,1489.6800794354863
2013-05-10 01:00:00,1487.8096705052337
2013-05-12 01:00:00,1484.0687229450036
2013-05-13 01:00:00,1482.1964458834104
2013-05-14 01:00:00,1479.1099780302116
2013-05-15 01:00:00,1475.7472937915372
2013-05-16 01:00:00,1472.3916275351285
2013-05-17 01:00:00,1469.052021954393
2013-05-19 01:00:00,1462.4498107858653
2013-05-20 01:00:00,1459.1916095050221
2013-05-21 01:00:00,1455.955481049336
2013-05-22 01:00:00,1452.7293788956154
2013-05-23 01:00:00,1449.4976329093017
2013-05-24 01:00:00,1446.2443394792092
2013-05-26 01:00:00,1439.632607193878
2013-05-27 01:00:00,1436.2752537156975
2013-05-28 01:00:00,1432.900466904472
2013-05-29 01:00:00,1429.9954341690047
2013-05-30 01:00:00,1428.6471221716265
2013-05-31 01:00:00,1427.3427844052974
2013-06-02 01:00:00,1424.8922445027674
2013-06-03 01:00:00,1423.730788535055
2013-06-04 01:00:00,1422.5856694354923
2013-06-05 01:00:00,1421.4306146687065
2013-06-06 01:00:00,1420.2396385624306
2013-06-07 01:00:00,1418.9915974118192
2013-06-09 01:00:00,1416.2848876094934
2013-06-10 01:00:00,1414.8346865843473
2013-06-11 01:00:00,1413.3441966191158
2013-06-12 01:00:00,1411.8423662036435
2013-06-13 01:00:00,1410.3618506122978
2013-06-14 01:00:00,1408.9335720040467
2013-06-16 01:00:00,1406.3150397428612
2013-06-17 01:00:00,1405.131075540465
2013-06-18 01:00:00,1404.0083148170097
2013-06-19 01:00:00,1402.9127233527065
2013-06-20 01:00:00,1401.8030586265797
2013-06-21 01:00:00,1400.6393650568205
2013-06-23 01:00:00,1398.0509055270875
2013-06-24 01:00:00,1396.6266802743933
2013-06-25 01:00:00,1395.1518386808364
2013-06-26 01:00:00,1393.6716366979413
2013-06-27 01:00:00,1392.2334495523585
2013-06-28 01:00:00,1390.875049237993
2013-06-30 01:00:00,1388.453568651083
2013-07-01 01:00:00,1387.364793895149
2013-07-02 01:00:00,1386.3110898829225
2013-07-03 01:00:00,1385.246381593683
2013-07-04 01:00:00,1384.1254596025824
2013-07-05 01:00:00,1382.9116733934522
2013-07-07 01:00:00,1380.1354763521747
2013-07-08 01:00:00,1378.5847896854211
2013-07-09 01:00:00,1376.963828652545
2013-07-10 01:00:00,1375.3182915049056
2013-07-11 01:00:00,1373.6996288211371
2013-07-12 01:00:00,1372.1566066167204
2013-07-14 01:00:00,1369.4287603483867
2013-07-15 01:00:00,1368.2586517459795
2013-07-16 01:00:00,1367.1887217511378
2013-07-17 01:00:00,1366.1719715961797
2013-07-18 01:00:00,1365.15050772938
2013-07-19 01:00:00,1364.0672235630625
2013-07-21 01:00:00,1361.565127681271
2013-07-22 01:00:00,1360.1376741660576
2013-07-23 01:00:00,1359.293867611309
2013-07-24 01:00:00,1358.6768443752972
2013-07-25 01:00:00,1358.1041183617133
2013-07-26 01:00:00,1357.626937330935
2013-07-28 01:00:00,1357.0477282227914
2013-07-29 01:00:00,1356.9225692079413
2013-07-30 01:00:00,1356.8544196652463
2013-07-31 01:00:00,1356.7884736598048
2013-08-01 01:00:00,1356.669787886373
2013-08-02 01:00:00,1356.4527763936035
2013-08-04 01:00:00,1355.630460984381
2013-08-05 01:00:00,1355.0337565955165
2013-08-06 01:00:00,1354.3550848596562
2013-08-07 01:00:00,1353.64607868029
2013-08-08 01:00:00,1352.965258731767
2013-08-09 01:00:00,1352.3682380288783
2013-08-11 01:00:00,1351.5767718212674
2013-08-12 01:00:00,1351.4016622707325
2013-08-13 01:00:00,1351.3441431791302
2013-08-14 01:00:00,1351.3548402781234
2013-08-15 01:00:00,1351.3726620538757
2013-08-16 01:00:00,1351.337098155646
2013-08-18 01:00:00,1350.9430891799357
2013-08-19 01:00:00,1350.5705164475112
2013-08-20 01:00:00,1350.1200396092315
2013-08-21 01:00:00,1349.6476442473813
2013-08-22 01:00:00,1349.2147898358248
2013-08-23 01:00:00,1348.8739036020488
2013-08-25 01:00:00,1348.5708213556359
2013-08-26 01:00:00,1348.5961667165366
2013-08-27 01:00:00,1347.9672056369222
2013-08-28 01:00:00,1345.682727893532
2013-08-29 01:00:00,1343.371028259279
2013-08-30 01:00:00,1340.9878615412774
2013-09-01 01:00:00,1335.907738958326
2013-09-02 01:00:00,1333.210988323381
2013-09-03 01:00:00,1330.4430011560626
2013-09-04 01:00:00,1327.6476427276514
2013-09-05 01:00:00,1324.8754873263717
2013-09-06 01:00:00,1322.1750635452854
2013-09-08 01:00:00,1317.1234381423399
2013-09-09 01:00:00,1314.791468167069
2013-09-10 01:00:00,1312.565767956451
2013-09-11 01:00:00,1310.4064367914277
2013-09-12 01:00:00,1308.2640876768633
2013-09-13 01:00:00,1306.0900340222445
2013-09-15 01:00:00,1301.5158361478693
2013-09-16 01:00:00,1299.102496446357
2013-09-17 01:00:00,1296.6330796650439
2013-09-18 01:00:00,1294.5211575591604
2013-09-19 01:00:00,1293.979425766881
2013-09-20 01:00:00,1296.5207580121955
2013-09-22 01:00:00,1301.5230092646225
2013-09-23 01:00:00,1303.9845977052798
2013-09-24 01:00:00,1306.428918531695
2013-09-25 01:00:00,1308.8668615605982
2013-09-26 01:00:00,1311.3100892387915
2013-09-27 01:00:00,1313.7689920911953
2013-09-29 01:00:00,1318.759439184884
2013-09-30 01:00:00,1321.2931515706066
2013-10-01 01:00:00,1323.8468047693987
2013-10-02 01:00:00,1326.4119584354964
2013-10-03 01:00:00,1328.978636574403
2013-10-04 01:00:00,1331.5371537820436
2013-10-06 01:00:00,1336.6025293709945
2013-10-07 01:00:00,1339.1050071774368
2013-10-08 01:00:00,1341.591151948854
2013-10-09 01:00:00,1344.0678678720083
2013-10-10 01:00:00,1346.543526271011
2013-10-11 01:00:00,1349.0260290159144
2013-10-13 01:00:00,1354.0311819046406
2013-10-14 01:00:00,1356.5548311267225
2013-10-15 01:00:00,1359.0877120032253
2013-10-16 01:00:00,1361.6236835155569
2013-10-17 01:00:00,1364.1564217215453
2013-10-18 01:00:00,1366.680784050291
2013-10-20 01:00:00,1371.694377937891
2013-10-21 01:00:00,1374.1841544120623
2013-10-22 01:00:00,1376.6657086100197
2013-10-23 01:00:00,1379.142302856678
2013-10-24 01:00:00,1381.6169661038034
2013-10-25 01:00:00,1384.0918520058972
2013-10-27 01:00:00,1389.0445296996058
2013-10-28 00:00:00,1391.4179648763784
2013-10-29 00:00:00,1393.8908665434049
2013-10-30 00:00:00,1396.3585225013899
2013-10-31 00:00:00,1398.8191461893393
2013-11-01 00:00:00,1401.271847966104
2013-11-03 00:00:00,1406.1548913986067
2013-11-04 00:00:00,1408.5874663651146
2013-11-05 00:00:00,1411.0153388594704
2013-11-06 00:00:00,1413.4382116975798
2013-11-07 00:00:00,1415.8542070932585
2013-11-08 00:00:00,1418.2599017142772
2013-11-10 00:00:00,1423.0226282447532
2013-11-11 00:00:00,1425.3717809873528
2013-11-12 00:00:00,1427.6967984259707
2013-11-13 00:00:00,1429.998405610864
2013-11-14 00:00:00,1432.2793729304997
2013-11-15 00:00:00,1434.5437703888822
2013-11-17 00:00:00,1439.0392584572683
2013-11-18 00:00:00,1441.275380925234
2013-11-19 00:00:00,1443.5033174558619
2013-11-20 00:00:00,1445.7192766650207
2013-11-21 00:00:00,1447.9168383980962
2013-11-22 00:00:00,1450.087612085188
2013-11-24 00:00:00,1454.3119895264856
2013-11-25 00:00:00,1456.3496098074306
2013-11-26 00:00:00,1458.331069808537
2013-11-27 00:00:00,1460.2560435249202
2013-11-28 00:00:00,1462.128054447723
2013-11-29 00:00:00,1463.1896045471333
2013-12-01 00:00:00,1463.7780274372797
2013-12-02 00:00:00,1464.0839299501124
2013-12-03 00:00:00,1464.4021055876103
2013-12-04 00:00:00,1464.7286127301359
2013-12-05 00:00:00,1465.0535521100173
2013-12-06 00:00:00,1465.3628844366322
2013-12-08 00:00:00,1465.8767114862148
2013-12-09 00:00:00,1466.0612877431442
2013-12-10 00:00:00,1466.1947982259508
2013-12-11 00:00:00,1466.2834766204785
2013-12-12 00:00:00,1466.3385109572728
2013-12-13 00:00:00,1466.3734801622454
2013-12-15 00:00:00,1466.432873605803
2013-12-16 00:00:00,1466.4727995993128
2013-12-17 00:00:00,1466.5207000770731
2013-12-18 00:00:00,1466.5698949169027
2013-12-19 00:00:00,1466.6084306218945
2013-12-20 00:00:00,1466.6207036525539
2013-12-22 00:00:00,1466.499767093174
2013-12-23 00:00:00,1466.338901475236
2013-12-24 00:00:00,1466.1011835648937
2013-12-26 00:00:00,1464.8115475114535
2013-12-27 00:00:00,1463.4676436093675
2013-12-29 00:00:00,1460.7251186512913
2013-12-30 00:00:00,1459.3615639980394
2013-12-31 00:00:00,1458.0169030196635
2014-01-01 00:00:00,1456.6900672755346
2014-01-02 00:00:00,1455.3703332481584
2014-01-03 00:00:00,1454.0400745170957
2014-01-05 00:00:00,1451.2730368094442
2014-01-06 00:00:00,1449.8125830854058
2014-01-07 00:00:00,1448.301168517331
2014-01-08 00:00:00,1446.7519046130137
2014-01-09 00:00:00,1445.1855310959393
2014-01-10 00:00:00,1443.6266209912603
2014-01-12 00:00:00,1440.6246975105212
2014-01-13 00:00:00,1439.2161458591902
2014-01-14 00:00:00,1437.879830085406
2014-01-15 00:00:00,1436.613521580781
2014-01-16 00:00:00,1435.4078187245448
2014-01-17 00:00:00,1434.2482429843694
2014-01-19 00:00:00,1432.0017646151487
2014-01-20 00:00:00,1430.8876719777968
2014-01-21 00:00:00,1429.7709089977072
2014-01-22 00:00:00,1428.6546229909102
2014-01-23 00:00:00,1427.550192828297
2014-01-24 00:00:00,1426.4759504618244
2014-01-26 00:00:00,1424.5089076355732
2014-01-27 00:00:00,1423.6582637058943
2014-01-28 00:00:00,1422.9135189343071
2014-01-29 00:00:00,1422.2746756031293
2014-01-30 00:00:00,1421.7304153700593
2014-01-31 00:00:00,1421.260589760573
2014-02-02 00:00:00,1420.4518102892462
2014-02-03 00:00:00,1420.0779191524953
2014-02-04 00:00:00,1419.7166254609951
2014-02-05 00:00:00,1419.3751247826262
2014-02-06 00:00:00,1419.068584328704
2014-02-07 00:00:00,1418.8163775322612
2014-02-09 00:00:00,1418.5493538887415
2014-02-10 00:00:00,1418.5601693398633
2014-02-11 00:00:00,1418.672409052344
2014-02-12 00:00:00,1418.8801751616572
2014-02-13 00:00:00,1419.1707840771487
2014-02-14 00:00:00,1419.5268755098164
2014-02-16 00:00:00,1420.3596232346351
2014-02-17 00:00:00,1420.8039732246764
2014-02-18 00:00:00,1421.2541829553402
2014-02-19 00:00:00,1421.709551554964
2014-02-20 00:00:00,1422.1768413038542
2014-02-21 00:00:00,1422.6691584143082
2014-02-23 00:00:00,1423.7984297161559
2014-02-24 00:00:00,1424.4686970720577
2014-02-25 00:00:00,1425.2235816842394
2014-02-26 00:00:00,1426.0637267334157
2014-02-27 00:00:00,1426.980987094248
2014-02-28 00:00:00,1427.9602050294393
2014-03-02 00:00:00,1430.0323977893083
2014-03-03 00:00:00,1431.096505714199
2014-03-04 00:00:00,1432.1711227852284
2014-03-05 00:00:00,1433.2598090516142
2014-03-06 00:00:00,1434.3723948893628
2014-03-07 00:00:00,1435.522356797953
2014-03-09 00:00:00,1437.988949102186
2014-03-10 00:00:00,1439.3256724847474
2014-03-11 00:00:00,1440.7367330566194
2014-03-12 00:00:00,1442.2193835203916
2014-03-13 00:00:00,1443.766123498887
2014-03-14 00:00:00,1445.3661369988413
2014-03-16 00:00:00,1448.6775247227254
2014-03-17 00:00:00,1450.3678608921593
2014-03-18 00:00:00,1452.07254688162
2014-03-19 00:00:00,1453.7903768289086
2014-03-20 00:00:00,1455.5245480252586
2014-03-21 00:00:00,1457.2818831564148
2014-03-23 00:00:00,1460.9023193494488
2014-03-24 00:00:00,1462.782156742547
2014-03-25 00:00:00,1464.7148049981838
2014-03-26 00:00:00,1466.6995782515123
2014-03-27 00:00:00,1468.731228371127
2014-03-28 00:00:00,1470.8011094768553
2014-03-30 00:00:00,1475.0154268962362
2014-03-31 01:00:00,1477.2322138402963
2014-04-01 01:00:00,1479.3674674116419
2014-04-02 01:00:00,1481.5094143595265
2014-04-03 01:00:00,1483.6600169628273
2014-04-04 01:00:00,1485.8225410201733
2014-04-06 01:00:00,1490.195519818037
2014-04-07 01:00:00,1492.408760040375
2014-04-08 01:00:00,1494.6385098527005
2014-04-09 01:00:00,1496.881403483003
2014-04-10 01:00:00,1499.1327052526792
2014-04-11 01:00:00,1501.3870147551845
2014-04-13 01:00:00,1505.884123515475
2014-04-14 01:00:00,1508.1189030762705
2014-04-15 01:00:00,1510.341204153476
2014-04-16 01:00:00,1512.549980030529
2014-04-17 01:00:00,1514.7448525276916
2014-04-20 01:00:00,1521.2401178302503
2014-04-21 01:00:00,1523.3695410368075
2014-04-22 01:00:00,1525.4759568336938
2014-04-23 01:00:00,1527.5557118144548
2014-04-24 01:00:00,1529.0242212972676
2014-04-25 01:00:00,1530.2992527749966
2014-04-27 01:00:00,1532.8140932495232
2014-04-28 01:00:00,1534.0589603109606
2014-04-29 01:00:00,1535.2992059493051
2014-04-30 01:00:00,1536.5366531108255
2014-05-01 01:00:00,1537.771504525263
2014-05-02 01:00:00,1539.0020354924595
2014-05-04 01:00:00,1541.434631572027
2014-05-05 01:00:00,1542.6264923136448
2014-05-06 01:00:00,1543.7954603247365
2014-05-07 01:00:00,1544.93821713782
2014-05-08 01:00:00,1546.053713588858
2014-05-09 01:00:00,1547.1435726974184
2014-05-11 01:00:00,1549.265364796862
2014-05-12 01:00:00,1548.664006608497
2014-05-13 01:00:00,1547.2137494830495
2014-05-14 01:00:00,1545.7919000652655
2014-05-15 01:00:00,1544.400540026942
2014-05-16 01:00:00,1543.1435229993565
2014-05-18 01:00:00,1544.9129207413982
2014-05-19 01:00:00,1545.8128276908753
2014-05-20 01:00:00,1546.710233214617
2014-05-21 01:00:00,1547.5994685274745
2014-05-22 01:00:00,1548.4799941715341
2014-05-23 01:00:00,1549.3567117805828
2014-05-25 01:00:00,1551.138583629461
2014-05-26 01:00:00,1552.0673410406403
2014-05-27 01:00:00,1553.034602927391
2014-05-28 01:00:00,1552.3869724443255
2014-05-29 01:00:00,1550.9399049846174
2014-05-30 01:00:00,1549.478264956426
2014-06-01 01:00:00,1546.552384317755
2014-06-02 01:00:00,1545.1133606519134
2014-06-03 01:00:00,1543.7058417279818
2014-06-04 01:00:00,1542.3374363002692
2014-06-05 01:00:00,1541.010674691409
2014-06-06 01:00:00,1539.7223963167933
2014-06-08 01:00:00,1537.2230740515868
2014-06-09 01:00:00,1535.9847095003713
2014-06-10 01:00:00,1534.7348637767586
2014-06-11 01:00:00,1533.4627883338383
2014-06-12 01:00:00,1532.163587145489
2014-06-13 01:00:00,1530.8397783444184
2014-06-15 01:00:00,1523.5230407565634
2014-06-16 01:00:00,1519.7348003962013
2014-06-17 01:00:00,1515.981635386117
2014-06-18 01:00:00,1512.273049488736
2014-06-19 01:00:00,1508.6100232676868
2014-06-20 01:00:00,1504.984872185098
2014-06-22 01:00:00,1497.7865210489476
2014-06-23 01:00:00,1494.1773333963095
2014-06-24 01:00:00,1490.541302530181
2014-06-25 01:00:00,1486.8704580246554
2014-06-26 01:00:00,1482.6974103096861
2014-06-27 01:00:00,1478.2693353761993
2014-06-29 01:00:00,1469.340374025163
2014-06-30 01:00:00,1464.8753427820507
2014-07-01 01:00:00,1460.432531835734
2014-07-02 01:00:00,1456.0237184559649
2014-07-03 01:00:00,1451.654104048218
2014-07-04 01:00:00,1447.3214414094034
2014-07-06 01:00:00,1438.7237277184986
2014-07-07 01:00:00,1434.4253900666865
2014-07-08 01:00:00,1430.1032132473003
2014-07-09 01:00:00,1425.7427769560793
2014-07-10 01:00:00,1421.3366167924244
2014-07-11 01:00:00,1416.8864007470022
2014-07-13 01:00:00,1407.9053803357465
2014-07-14 01:00:00,1403.457973547701
2014-07-15 01:00:00,1400.2164900854793
2014-07-16 01:00:00,1396.940391932145
2014-07-17 01:00:00,1393.6275891799426
2014-07-18 01:00:00,1390.2861574105307
2014-07-20 01:00:00,1383.585224696527
2014-07-21 01:00:00,1380.265607661156
2014-07-22 01:00:00,1376.9890174192192
2014-07-23 01:00:00,1373.7645245856527
2014-07-24 01:00:00,1370.593058380713
2014-07-25 01:00:00,1367.4675108313252
2014-07-27 01:00:00,1361.295203387336
2014-07-28 01:00:00,1358.2116022082214
2014-07-29 01:00:00,1355.1063224857407
2014-07-30 01:00:00,1351.966925078333
2014-07-31 01:00:00,1348.787478734455
2014-08-01 01:00:00,1345.5694346754706
2014-08-03 01:00:00,1339.0576312528403
2014-08-04 01:00:00,1335.795947011483
2014-08-05 01:00:00,1332.5543340844833
2014-08-06 01:00:00,1329.3476218493497
2014-08-07 01:00:00,1326.1842533991185
2014-08-08 01:00:00,1323.064104348252
2014-08-10 01:00:00,1316.909922556721
2014-08-11 01:00:00,1313.8400494373464
2014-08-12 01:00:00,1310.75048753
2014-08-13 01:00:00,1307.6293287156016
2014-08-14 01:00:00,1304.473434416084
2014-08-15 01:00:00,1301.2887401122912
2014-08-17 01:00:00,1294.8892433273156
2014-08-18 01:00:00,1291.7085259249022
2014-08-19 01:00:00,1290.219394415159
2014-08-20 01:00:00,1289.1333026631132
2014-08-21 01:00:00,1288.0917069168781
2014-08-22 01:00:00,1287.0895128298232
2014-08-24 01:00:00,1285.1577924727949
2014-08-25 01:00:00,1284.199424334839
2014-08-26 01:00:00,1283.48889730877
2014-08-27 01:00:00,1283.627396619338
2014-08-28 01:00:00,1283.74011412405
2014-08-29 01:00:00,1283.82765478061
2014-08-31 01:00:00,1283.9555673260754
2014-09-01 01:00:00,1284.019284707616
2014-09-02 01:00:00,1284.1004781770223
2014-09-03 01:00:00,1284.2102768200289
2014-09-04 01:00:00,1284.3553545975712
2014-09-05 01:00:00,1284.5364249486051
2014-09-07 01:00:00,1284.979579062757
2014-09-08 01:00:00,1285.2183119012598
2014-09-09 01:00:00,1285.4520649596507
2014-09-10 01:00:00,1285.6724219741347
2014-09-11 01:00:00,1285.8764362896686
2014-09-12 01:00:00,1286.0668994837665
2014-09-14 01:00:00,1286.439297923801
2014-09-15 01:00:00,1286.641433031525
2014-09-16 01:00:00,1286.8660743044104
2014-09-17 01:00:00,1287.1184945403768
2014-09-18 01:00:00,1287.400120691383
2014-09-19 01:00:00,1287.7086590356723
2014-09-21 01:00:00,1288.3837350702754
2014-09-22 01:00:00,1288.7358810211113
2014-09-23 01:00:00,1289.0888078991768
2014-09-24 01:00:00,1289.4379267836919
2014-09-25 01:00:00,1289.7811596190602
2014-09-26 01:00:00,1290.1190930340813
2014-09-28 01:00:00,1290.7926462974299
2014-09-29 01:00:00,1291.138414350491
2014-09-30 01:00:00,1291.4971757378585
2014-10-01 01:00:00,1291.8728276176016
2014-10-02 01:00:00,1292.2672813179934
2014-10-03 01:00:00,1292.6802172086598
2014-10-05 01:00:00,1293.5513582274323
2014-10-06 01:00:00,1294.0026659488444
2014-10-07 01:00:00,1294.4606804009932
2014-10-08 01:00:00,1294.9242454093273
2014-10-09 01:00:00,1295.3937718694685
2014-10-10 01:00:00,1295.8708372875408
2014-10-12 01:00:00,1295.1211324906685
2014-10-13 01:00:00,1293.0502944278708
2014-10-14 01:00:00,1290.9912837951376
2014-10-15 01:00:00,1288.9430989548257
2014-10-16 01:00:00,1288.8393259492402
2014-10-17 01:00:00,1289.306068677996
2014-10-19 01:00:00,1290.2381229114958
2014-10-20 01:00:00,1290.7073452273587
2014-10-21 01:00:00,1291.1872600107927
2014-10-22 01:00:00,1291.687491305515
2014-10-23 01:00:00,1292.2181590752677
2014-10-24 01:00:00,1292.7875949036759
2014-10-26 01:00:00,1294.0537969835063
2014-10-27 00:00:00,1294.7119392198879
2014-10-28 00:00:00,1295.4171667172468
2014-10-29 00:00:00,1296.1244725053846
2014-10-30 00:00:00,1296.8167793799687
2014-10-31 00:00:00,1297.48191973562
2014-11-02 00:00:00,1298.727635795019
2014-11-03 00:00:00,1299.3331284681044
2014-11-04 00:00:00,1299.9572641816503
2014-11-05 00:00:00,1300.62593344394
2014-11-06 00:00:00,1301.3607241282198
2014-11-07 00:00:00,1302.1738492289405
2014-11-09 00:00:00,1304.0217888807954
2014-11-10 00:00:00,1305.0204368708664
2014-11-11 00:00:00,1306.031752906224
2014-11-12 00:00:00,1307.025897471828
2014-11-13 00:00:00,1307.9782392849777
2014-11-14 00:00:00,1311.0557917293177
2014-11-16 00:00:00,1317.2279816569146
2014-11-17 00:00:00,1320.2692689399369
2014-11-18 00:00:00,1323.3215731084142
2014-11-19 00:00:00,1326.4209425450542
2014-11-20 00:00:00,1329.6004475243155
2014-11-21 00:00:00,1332.8838589761847
2014-11-23 00:00:00,1339.7806467246355
2014-11-24 00:00:00,1343.3579855767334
2014-11-25 00:00:00,1346.971020860969
2014-11-26 00:00:00,1350.5722572554416
2014-11-27 00:00:00,1354.1184183777523
2014-11-28 00:00:00,1357.5808628915188
2014-11-30 00:00:00,1364.2536039240017
2014-12-01 00:00:00,1367.5213986948147
2014-12-02 00:00:00,1370.8084986966942
2014-12-03 00:00:00,1374.1682739982978
2014-12-04 00:00:00,1377.6443282157006
2014-12-05 00:00:00,1381.2616998334825
2014-12-07 00:00:00,1388.903669286375
2014-12-08 00:00:00,1392.8657043946196
2014-12-09 00:00:00,1396.8561190055555
2014-12-10 00:00:00,1400.821146452634
2014-12-11 00:00:00,1404.7148518885747
2014-12-12 00:00:00,1408.5070624673663
2014-12-14 00:00:00,1415.771999534426
2014-12-15 00:00:00,1419.291031327987
2014-12-16 00:00:00,1422.7937585196312
2014-12-17 00:00:00,1426.3354787545193
2014-12-18 00:00:00,1429.9690766520393
2014-12-19 00:00:00,1433.7351244246188
2014-12-21 00:00:00,1441.7158175499353
2014-12-22 00:00:00,1445.888325346879
2014-12-23 00:00:00,1450.113707273867
2014-12-24 00:00:00,1454.3245521639972
2014-12-25 00:00:00,1458.45845162735
2014-12-26 00:00:00,1462.4731697957063
2014-12-28 00:00:00,1470.1321427019213
2014-12-29 00:00:00,1473.8480340737967
2014-12-30 00:00:00,1477.5708290549865
2014-12-31 00:00:00,1481.3682879265464
2015-01-01 00:00:00,1485.2958864643028
2015-01-02 00:00:00,1489.0647599820759
2015-01-04 00:00:00,1494.2744555960012
2015-01-05 00:00:00,1497.0389468253582
2015-01-06 00:00:00,1499.8337589273124
2015-01-07 00:00:00,1502.595484810379
2015-01-08 00:00:00,1505.2686278734038
2015-01-09 00:00:00,1507.814477635011
2015-01-11 00:00:00,1512.4841661898142
2015-01-12 00:00:00,1514.6475850478007
2015-01-13 00:00:00,1516.7559653367084
2015-01-14 00:00:00,1518.867883097309
2015-01-15 00:00:00,1521.0417870772287
2015-01-16 00:00:00,1523.3253718975961
2015-01-18 00:00:00,1528.302856362717
2015-01-19 00:00:00,1530.9670355709918
2015-01-20 00:00:00,1532.4875332087972
2015-01-21 00:00:00,1532.1845353783967
2015-01-22 00:00:00,1531.702759755597
2015-01-23 00:00:00,1531.1789924151435
2015-01-25 00:00:00,1529.9960236021923
2015-01-26 00:00:00,1529.3578287464
2015-01-27 00:00:00,1528.7139739154582
2015-01-28 00:00:00,1528.0856119201162
2015-01-29 00:00:00,1527.4902008713989
2015-01-30 00:00:00,1526.938300702601
2015-02-01 00:00:00,1525.9651026859929
2015-02-02 00:00:00,1525.524719739409
2015-02-03 00:00:00,1525.0940086342503
2015-02-04 00:00:00,1524.6552461629756
2015-02-05 00:00:00,1524.192791975442
2015-02-06 00:00:00,1523.695459043822
2015-02-08 00:00:00,1522.5817867753108
2015-02-09 00:00:00,1521.9741337871717
2015-02-10 00:00:00,1521.3473075150014
2015-02-11 00:00:00,1520.7164329348557
2015-02-12 00:00:00,1520.0970571620924
2015-02-13 00:00:00,1519.5024545544466
2015-02-15 00:00:00,1518.414851385895
2015-02-16 00:00:00,1517.918312840903
2015-02-17 00:00:00,1517.4398094033847
2015-02-18 00:00:00,1516.9639413406858
2015-02-19 00:00:00,1516.4753403064763
2015-02-20 00:00:00,1515.9624212603549
2015-02-22 00:00:00,1514.8511142092148
2015-02-23 00:00:00,1514.9883211951826
2015-02-24 00:00:00,1515.3202303676228
2015-02-25 00:00:00,1515.6605270630835
2015-02-26 00:00:00,1516.0207088483792
2015-02-27 00:00:00,1516.4079795892662
2015-03-01 00:00:00,1517.2665145261592
2015-03-02 00:00:00,1515.8526034160411
2015-03-03 00:00:00,1513.7030037239285
2015-03-04 00:00:00,1511.5635684415495
2015-03-05 00:00:00,1509.960882662276
2015-03-06 00:00:00,1508.8308202599599
2015-03-08 00:00:00,1506.2781124434107
2015-03-09 00:00:00,1505.094719036097
2015-03-10 00:00:00,1503.9519654023165
2015-03-11 00:00:00,1502.8282381653285
2015-03-12 00:00:00,1502.1720359192068
2015-03-13 00:00:00,1502.4295090654277
2015-03-15 00:00:00,1502.8398279608114
2015-03-16 00:00:00,1502.9967408440252
2015-03-17 00:00:00,1503.1373168832688
2015-03-18 00:00:00,1503.2787664697912
2015-03-19 00:00:00,1503.4374114070888
2015-03-20 00:00:00,1503.6247789180038
2015-03-22 00:00:00,1504.0953328700755
2015-03-23 00:00:00,1504.366819093111
2015-03-24 00:00:00,1504.6487142243657
2015-03-25 00:00:00,1504.9310883101289
2015-03-26 00:00:00,1505.2073464355412
2015-03-27 00:00:00,1505.4753168582579
2015-03-29 00:00:00,1505.99661772516
2015-03-30 01:00:00,1506.27079908186
2015-03-31 01:00:00,1506.542174482608
2015-04-01 01:00:00,1506.8233471570472
2015-04-02 01:00:00,1507.1132496256166
2015-04-05 01:00:00,1507.9905402221812
2015-04-06 01:00:00,1508.2678962219527
2015-04-07 01:00:00,1508.5329982923126
2015-04-08 01:00:00,1508.7881987018632
2015-04-09 01:00:00,1509.0399536249924
2015-04-10 01:00:00,1509.2979506651932
2015-04-12 01:00:00,1509.8749362198569
2015-04-13 01:00:00,1510.2082530560172
2015-04-14 01:00:00,1510.571128156091
2015-04-15 01:00:00,1510.9539678624722
2015-04-16 01:00:00,1509.2443496798187
2015-04-17 01:00:00,1507.1955553605685
2015-04-19 01:00:00,1502.9952974992098
2015-04-20 01:00:00,1500.831959430584
2015-04-21 01:00:00,1498.6356107008319
2015-04-22 01:00:00,1496.4246253142608
2015-04-23 01:00:00,1494.222363206604
2015-04-24 01:00:00,1492.052154404864
2015-04-26 01:00:00,1487.8724184735286
2015-04-27 01:00:00,1485.871135825374
2015-04-28 01:00:00,1483.9165125087704
2015-04-29 01:00:00,1481.9878111377866
2015-04-30 01:00:00,1480.0589074642517
2015-05-01 01:00:00,1478.1025632478984
2015-05-03 01:00:00,1474.020080349913
2015-05-04 01:00:00,1471.872812508705
2015-05-05 01:00:00,1469.661143473461
2015-05-06 01:00:00,1467.40592242771
2015-05-07 01:00:00,1465.1383087974766
2015-05-08 01:00:00,1462.8946954872702
2015-05-10 01:00:00,1458.6088214315355
2015-05-11 01:00:00,1456.6014055569692
2015-05-12 01:00:00,1454.6776606931412
2015-05-13 01:00:00,1452.8092614865986
2015-05-14 01:00:00,1450.9547673957586
2015-05-15 01:00:00,1449.068458601801
2015-05-17 01:00:00,1442.246125367643
2015-05-18 01:00:00,1438.540177784309
2015-05-19 01:00:00,1434.7556347671923
2015-05-20 01:00:00,1430.9292992134938
2015-05-21 01:00:00,1427.1077474811648
2015-05-22 01:00:00,1423.3375697205627
2015-05-24 01:00:00,1416.0847688813717
2015-05-25 01:00:00,1412.6252275954112
2015-05-26 01:00:00,1409.2600491442834
2015-05-27 01:00:00,1405.955991779175
2015-05-28 01:00:00,1402.6699136102627
2015-05-29 01:00:00,1399.3560522884354
2015-05-31 01:00:00,1392.4944984518759
2015-06-01 01:00:00,1388.9077613847182
2015-06-02 01:00:00,1385.2238723602575
2015-06-03 01:00:00,1381.4738290310452
2015-06-04 01:00:00,1377.704930515393
2015-06-05 01:00:00,1373.972504558521
2015-06-07 01:00:00,1366.8122267919812
2015-06-08 01:00:00,1363.436975376344
2015-06-09 01:00:00,1360.1899318229787
2015-06-10 01:00:00,1357.0323137901235
2015-06-11 01:00:00,1353.9077087799524
2015-06-12 01:00:00,1350.7544725319808
2015-06-14 01:00:00,1344.168851579453
2015-06-15 01:00:00,1340.6969360931992
2015-06-16 01:00:00,1337.125330154441
2015-06-17 01:00:00,1333.4987611136846
2015-06-18 01:00:00,1329.8751934850102
2015-06-19 01:00:00,1326.313958434705
2015-06-21 01:00:00,1319.5576889181882
2015-06-22 01:00:00,1316.4015970482874
2015-06-23 01:00:00,1313.38087898686
2015-06-24 01:00:00,1310.4604619872512
2015-06-25 01:00:00,1307.5919851715748
2015-06-26 01:00:00,1304.722141075246
2015-06-28 01:00:00,1298.7945778489145
2015-06-29 01:00:00,1295.684218374757
2015-06-30 01:00:00,1292.4784838257342
2015-07-01 01:00:00,1289.209335936785
2015-07-02 01:00:00,1286.598160045187
2015-07-03 01:00:00,1284.2902505191175
2015-07-05 01:00:00,1279.9173543611369
2015-07-06 01:00:00,1277.909358740113
2015-07-07 01:00:00,1276.0112515554022
2015-07-08 01:00:00,1274.1817407923916
2015-07-09 01:00:00,1272.3615993146575
2015-07-10 01:00:00,1270.4867607162805
2015-07-12 01:00:00,1266.3726989827244
2015-07-13 01:00:00,1264.0903851209691
2015-07-14 01:00:00,1261.674109748144
2015-07-15 01:00:00,1259.1647904127242
2015-07-16 01:00:00,1256.6161009282532
2015-07-17 01:00:00,1254.0834878683888
2015-07-19 01:00:00,1249.2374602833875
2015-07-20 01:00:00,1246.964143811216
2015-07-21 01:00:00,1244.7822190393463
2015-07-22 01:00:00,1242.6614712115932
2015-07-23 01:00:00,1240.55849529932
2015-07-24 01:00:00,1238.4239215544553
2015-07-26 01:00:00,1233.8813640770657
2015-07-27 01:00:00,1231.4163039493494
2015-07-28 01:00:00,1228.816525525547
2015-07-29 01:00:00,1226.1049835316373
2015-07-30 01:00:00,1223.3225934273912
2015-07-31 01:00:00,1220.5201755670028
2015-08-02 01:00:00,1215.0422507298983
2015-08-03 01:00:00,1212.420829727871
2015-08-04 01:00:00,1209.8753244650657
2015-08-05 01:00:00,1207.5698602788298
2015-08-06 01:00:00,1206.355780927871
2015-08-07 01:00:00,1205.1608511536456
2015-08-09 01:00:00,1202.6649840111518
2015-08-10 01:00:00,1201.3256644849666
2015-08-11 01:00:00,1199.9331766335379
2015-08-12 01:00:00,1198.5140506213518
2015-08-13 01:00:00,1197.1036889140073
2015-08-14 01:00:00,1195.7385810826866
2015-08-16 01:00:00,1193.2547051095648
2015-08-17 01:00:00,1192.1601901441923
2015-08-18 01:00:00,1191.1562503213227
2015-08-19 01:00:00,1190.2208311621025
2015-08-20 01:00:00,1189.322744266263
2015-08-21 01:00:00,1188.4263795435945
2015-08-23 01:00:00,1186.5061020946675
2015-08-24 01:00:00,1185.4356327230423
2015-08-25 01:00:00,1184.2809989741006
2015-08-26 01:00:00,1183.0513824615423
2015-08-27 01:00:00,1181.767418023114
2015-08-28 01:00:00,1180.4563041330794
2015-08-30 01:00:00,1177.8549828153843
2015-08-31 01:00:00,1176.5945384063841
2015-09-01 01:00:00,1175.3595155081437
2015-09-02 01:00:00,1175.532200054163
2015-09-03 01:00:00,1175.8697575351516
2015-09-04 01:00:00,1176.0861833266288
2015-09-06 01:00:00,1176.0840164795495
2015-09-07 01:00:00,1175.8530782071255
2015-09-08 01:00:00,1175.4769884452974
2015-09-09 01:00:00,1174.9709475291036
2015-09-10 01:00:00,1174.353333426038
2015-09-11 01:00:00,1173.6421064486556
2015-09-13 01:00:00,1171.9925028832888
2015-09-14 01:00:00,1171.0679023098671
2015-09-15 01:00:00,1170.0772617823372
2015-09-16 01:00:00,1169.016050141586
2015-09-17 01:00:00,1167.8779107284481
2015-09-18 01:00:00,1166.656617206994
2015-09-20 01:00:00,1163.9502373880382
2015-09-21 01:00:00,1162.4661869586403
2015-09-22 01:00:00,1160.9011019453208
2015-09-23 01:00:00,1159.262269777887
2015-09-24 01:00:00,1157.5569720361855
2015-09-25 01:00:00,1155.790658735115
2015-09-27 01:00:00,1152.081159279334
2015-09-28 01:00:00,1150.1336869602474
2015-09-29 01:00:00,1148.1198100237757
2015-09-30 01:00:00,1146.0381153120868
2015-10-01 01:00:00,1143.8911096134477
2015-10-02 01:00:00,1141.6857582375985
2015-10-04 01:00:00,1137.1435089556003
2015-10-05 01:00:00,1134.8290215656743
2015-10-06 01:00:00,1132.4958120013764
2015-10-07 01:00:00,1130.1450256984435
2015-10-08 01:00:00,1127.7718179333594
2015-10-09 01:00:00,1125.366148570363
2015-10-11 01:00:00,1120.4028844474528
2015-10-12 01:00:00,1117.8186130399738
2015-10-13 01:00:00,1115.1539672914469
2015-10-14 01:00:00,1112.407815250112
2015-10-15 01:00:00,1109.586936649512
2015-10-16 01:00:00,1106.7060149376873
2015-10-18 01:00:00,1100.9371571487513
2015-10-19 01:00:00,1098.865707225435
2015-10-20 01:00:00,1096.8222091842558
2015-10-21 01:00:00,1094.8140804326888
2015-10-22 01:00:00,1092.835640229724
2015-10-23 01:00:00,1090.8679049926668
2015-10-25 01:00:00,1086.8436234763537
2015-10-26 00:00:00,1085.07503834539
2015-10-27 00:00:00,1084.4996665344304
2015-10-28 00:00:00,1083.8401060307451
2015-10-29 00:00:00,1083.1119437150862
2015-10-30 00:00:00,1082.3457855562801
2015-11-01 00:00:00,1080.8534372424733
2015-11-02 00:00:00,1080.1938822758705
2015-11-03 00:00:00,1079.6153264924972
2015-11-04 00:00:00,1079.9510418010846
2015-11-05 00:00:00,1080.4078021405462
2015-11-06 00:00:00,1080.9007653644328
2015-11-08 00:00:00,1081.835628437075
2015-11-09 00:00:00,1082.371475413875
2015-11-10 00:00:00,1084.932737302976
2015-11-11 00:00:00,1087.476031057816
2015-11-12 00:00:00,1090.0053062444397
2015-11-13 00:00:00,1092.9606209806782
2015-11-15 00:00:00,1101.106675124712
2015-11-16 00:00:00,1105.177296298043
2015-11-17 00:00:00,1109.2288139138268
2015-11-18 00:00:00,1113.2558278785618
2015-11-19 00:00:00,1117.2611763340703
2015-11-20 00:00:00,1121.2558108172916
2015-11-22 00:00:00,1129.2839619146791
2015-11-23 00:00:00,1133.355209153832
2015-11-24 00:00:00,1137.295354785968
2015-11-25 00:00:00,1139.1481763572021
2015-11-26 00:00:00,1141.0484079391972
2015-11-27 00:00:00,1142.981029741684
2015-11-29 00:00:00,1146.8637447697379
2015-11-30 00:00:00,1148.7775913198504
2015-12-01 00:00:00,1150.6587905575766
2015-12-02 00:00:00,1152.5069692868776
2015-12-03 00:00:00,1154.329978897068
2015-12-04 00:00:00,1156.1421343618513
2015-12-06 00:00:00,1159.806842667178
2015-12-07 00:00:00,1161.6943117851065
2015-12-08 00:00:00,1163.6348636186751
2015-12-09 00:00:00,1165.6321486991822
2015-12-10 00:00:00,1167.6815594101406
2015-12-11 00:00:00,1169.7705699497028
2015-12-13 00:00:00,1171.6868128418705
2015-12-14 00:00:00,1172.5984014222654
2015-12-15 00:00:00,1173.4767161203786
2015-12-16 00:00:00,1174.3146761149933
2015-12-17 00:00:00,1175.1154416307054
2015-12-18 00:00:00,1175.8920755008037
2015-12-20 00:00:00,1177.457695385223
2015-12-21 00:00:00,1178.2917664316162
2015-12-22 00:00:00,1179.1820279396802
2015-12-23 00:00:00,1180.1333376951393
2015-12-24 00:00:00,1181.1395829218523
2015-12-27 00:00:00,1184.3095058038602
2015-12-28 00:00:00,1185.3475933641548
2015-12-29 00:00:00,1186.3522070571332
2015-12-30 00:00:00,1187.3207410960263
2015-12-31 00:00:00,1188.2592100107045
2016-01-03 00:00:00,1191.0445117287381
2016-01-04 00:00:00,1192.023095575536
2016-01-05 00:00:00,1193.0510938054113
2016-01-06 00:00:00,1194.1341369427478
2016-01-07 00:00:00,1195.2697484949867
2016-01-08 00:00:00,1196.4475006292919
2016-01-10 00:00:00,1200.709453164937
2016-01-11 00:00:00,1204.1433530551928
2016-01-12 00:00:00,1207.5508002312858
2016-01-13 00:00:00,1210.9244084475022
2016-01-14 00:00:00,1214.2661553932649
2016-01-15 00:00:00,1217.586993663283
2016-01-17 00:00:00,1224.2387929017304
2016-01-18 00:00:00,1227.6084949449853
2016-01-19 00:00:00,1231.0263122570088
2016-01-20 00:00:00,1234.4967171542894
2016-01-21 00:00:00,1238.0152918207955
2016-01-22 00:00:00,1241.5701210193797
2016-01-24 00:00:00,1248.8212119634586
2016-01-25 00:00:00,1252.5256914355268
2016-01-26 00:00:00,1256.133330450844
2016-01-27 00:00:00,1259.634068535162
2016-01-28 00:00:00,1263.0369952638541
2016-01-29 00:00:00,1266.3673757139777
2016-01-31 00:00:00,1273.2900362158434
2016-02-01 00:00:00,1276.8038289375513
2016-02-02 00:00:00,1280.351699846959
2016-02-03 00:00:00,1283.9390573527767
2016-02-04 00:00:00,1287.565807247127
2016-02-05 00:00:00,1291.2263162456031
2016-02-07 00:00:00,1298.6052540259536
2016-02-08 00:00:00,1302.2979747264862
2016-02-09 00:00:00,1305.9782271491572
2016-02-10 00:00:00,1309.6403917114612
2016-02-11 00:00:00,1313.2846709269795
2016-02-12 00:00:00,1316.9168481197512
2016-02-14 00:00:00,1324.1857196540413
2016-02-15 00:00:00,1327.8440788269677
2016-02-16 00:00:00,1331.528766338468
2016-02-17 00:00:00,1335.2420921211126
2016-02-18 00:00:00,1338.9816930557001
2016-02-19 00:00:00,1342.741518719221
2016-02-21 00:00:00,1350.2893098259894
2016-02-22 00:00:00,1354.0621299868067
2016-02-23 00:00:00,1357.82753054694
2016-02-24 00:00:00,1361.5839789254142
2016-02-25 00:00:00,1365.3326773636634
2016-02-26 00:00:00,1369.0769876512413
2016-02-28 00:00:00,1376.5715144010896
2016-02-29 00:00:00,1380.3312558563555
2016-03-01 00:00:00,1384.1039976700024
2016-03-02 00:00:00,1387.8911544476155
2016-03-03 00:00:00,1391.6922447703937
2016-03-04 00:00:00,1395.5051442277204
2016-03-06 00:00:00,1403.1534305067241
2016-03-07 00:00:00,1406.9825473342557
2016-03-08 00:00:00,1410.8123537138085
2016-03-09 00:00:00,1414.6426086452095
2016-03-10 00:00:00,1418.4743030017005
2016-03-11 00:00:00,1422.309060029571
2016-03-13 00:00:00,1429.9928592315887
2016-03-14 00:00:00,1433.8420809866225
2016-03-15 00:00:00,1437.694478601609
2016-03-16 00:00:00,1441.5480360129857
2016-03-17 00:00:00,1445.400940924685
2016-03-18 00:00:00,1449.2522447104868
2016-03-20 00:00:00,1456.952850905747
2016-03-21 00:00:00,1460.8067010290588
2016-03-22 00:00:00,1464.6672039302848
2016-03-23 00:00:00,1468.5375552161781
2016-03-24 00:00:00,1472.420093937891
2016-03-27 00:00:00,1480.0504484735343
2016-03-28 01:00:00,1481.3228880024244
2016-03-29 01:00:00,1482.547117037767
2016-03-30 01:00:00,1483.4609262234374
2016-03-31 01:00:00,1482.1707861554376
2016-04-01 01:00:00,1480.9014814340135
2016-04-03 01:00:00,1478.4185442136777
2016-04-04 01:00:00,1477.19369308916
2016-04-05 01:00:00,1475.9690341027986
2016-04-06 01:00:00,1474.736399262081
2016-04-07 01:00:00,1473.490120135873
2016-04-08 01:00:00,1472.228803015816
2016-04-10 01:00:00,1469.6802406027866
2016-04-11 01:00:00,1468.4120089965961
2016-04-12 01:00:00,1467.1622861218943
2016-04-13 01:00:00,1465.9393687062952
2016-04-14 01:00:00,1464.7470571579286
2016-04-15 01:00:00,1463.583915866171
2016-04-17 01:00:00,1461.3166057397386
2016-04-18 01:00:00,1460.1912778357164
2016-04-19 01:00:00,1459.056680396421
2016-04-20 01:00:00,1457.9040148032645
2016-04-21 01:00:00,1456.7281639717035
2016-04-22 01:00:00,1455.528615135402
2016-04-24 01:00:00,1455.8357143166184
2016-04-25 01:00:00,1456.9607574089277
2016-04-26 01:00:00,1458.1011619562105
2016-04-27 01:00:00,1459.2698323969767
2016-04-28 01:00:00,1460.4765481765814
2016-04-29 01:00:00,1461.7258891829672
2016-05-01 01:00:00,1464.338059613247
2016-05-02 01:00:00,1465.678253952832
2016-05-03 01:00:00,1467.0195720547363
2016-05-04 01:00:00,1468.3457075664874
2016-05-05 01:00:00,1469.6447874855407
2016-05-06 01:00:00,1470.9124787967883
2016-05-08 01:00:00,1473.3801218520498
2016-05-09 01:00:00,1474.6101894510725
2016-05-10 01:00:00,1475.8615012776
2016-05-11 01:00:00,1477.1479869107854
2016-05-12 01:00:00,1478.4764630777029
2016-05-13 01:00:00,1479.845416846172
2016-05-15 01:00:00,1482.6624554342147
2016-05-16 01:00:00,1484.0783131376904
2016-05-17 01:00:00,1485.4761268609998
2016-05-18 01:00:00,1486.841900806944
2016-05-19 01:00:00,1488.166917812371
2016-05-20 01:00:00,1489.449077446887
2016-05-22 01:00:00,1491.9106690212702
2016-05-23 01:00:00,1493.1170979806564
2016-05-24 01:00:00,1494.330426269675
2016-05-25 01:00:00,1495.567525653929
2016-05-26 01:00:00,1493.8712576069727
2016-05-27 01:00:00,1492.0277887762766
2016-05-29 01:00:00,1488.4594141628857
2016-05-30 01:00:00,1486.7089304431222
2016-05-31 01:00:00,1484.9556212061666
2016-06-01 01:00:00,1483.180179426763
2016-06-02 01:00:00,1481.3684315519347
2016-06-03 01:00:00,1479.5149491156014
2016-06-05 01:00:00,1473.0514369822463
2016-06-06 01:00:00,1468.5327432100157
2016-06-07 01:00:00,1464.0355063659356
2016-06-08 01:00:00,1459.5779315116201
2016-06-09 01:00:00,1455.1705810715355
2016-06-10 01:00:00,1450.8147730509281
2016-06-12 01:00:00,1442.2216161295046
2016-06-13 01:00:00,1437.952814161967
2016-06-14 01:00:00,1433.679065397697
2016-06-15 01:00:00,1429.385674259954
2016-06-16 01:00:00,1425.0633532766105
2016-06-17 01:00:00,1420.7097811108554
2016-06-19 01:00:00,1411.9360739992628
2016-06-20 01:00:00,1407.5445551230657
2016-06-21 01:00:00,1403.3826523310433
2016-06-22 01:00:00,1399.6433877767877
2016-06-23 01:00:00,1395.8835559354627
2016-06-24 01:00:00,1392.0964252272408
2016-06-26 01:00:00,1384.4544202202746
2016-06-27 01:00:00,1380.6254503282555
2016-06-28 01:00:00,1376.8162317613583
2016-06-29 01:00:00,1373.045801605998
2016-06-30 01:00:00,1369.3284573262627
2016-07-01 01:00:00,1365.6704180209313
2016-07-03 01:00:00,1358.5107089283106
2016-07-04 01:00:00,1354.9797197327857
2016-07-05 01:00:00,1351.4566786248886
2016-07-06 01:00:00,1347.9257052025878
2016-07-07 01:00:00,1344.3770461798329
2016-07-08 01:00:00,1340.808588364896
2016-07-10 01:00:00,1333.6392898579822
2016-07-11 01:00:00,1330.0640519244876
2016-07-12 01:00:00,1326.5150315268497
2016-07-13 01:00:00,1323.0053357479815
2016-07-14 01:00:00,1319.5439001599623
2016-07-15 01:00:00,1316.1340585666958
2016-07-17 01:00:00,1309.452430784547
2016-07-18 01:00:00,1306.1596839678239
2016-07-19 01:00:00,1302.8802335227997
2016-07-20 01:00:00,1299.6000952576212
2016-07-21 01:00:00,1296.3083858200678
2016-07-22 01:00:00,1292.9993481011586
2016-07-24 01:00:00,1286.3373238862994
2016-07-25 01:00:00,1283.0023655929917
2016-07-26 01:00:00,1279.682413749564
2016-07-27 01:00:00,1276.390737283746
2016-07-28 01:00:00,1273.1371159243129
2016-07-29 01:00:00,1269.925790959543
2016-07-31 01:00:00,1263.6158625413173
2016-08-01 01:00:00,1260.49829204436
2016-08-02 01:00:00,1257.389815559736
2016-08-03 01:00:00,1254.2801485944547
2016-08-04 01:00:00,1251.1626924868995
2016-08-05 01:00:00,1248.0354271990768
2016-08-07 01:00:00,1241.7647870316027
2016-08-08 01:00:00,1238.635525722787
2016-08-09 01:00:00,1235.521676714858
2016-08-10 01:00:00,1232.4309164177503
2016-08-11 01:00:00,1229.3686793789527
2016-08-12 01:00:00,1226.337345151635
2016-08-14 01:00:00,1220.360613107071
2016-08-15 01:00:00,1217.4051345521634
2016-08-16 01:00:00,1214.4624255467077
2016-08-17 01:00:00,1214.024806387857
2016-08-18 01:00:00,1213.6017592604965
2016-08-19 01:00:00,1213.1479147678447
2016-08-21 01:00:00,1212.1606372119659
2016-08-22 01:00:00,1211.6508544081025
2016-08-23 01:00:00,1211.1513910332926
2016-08-24 01:00:00,1210.6764424164007
2016-08-25 01:00:00,1210.8061783500266
2016-08-26 01:00:00,1211.4137024663153
2016-08-28 01:00:00,1212.9551877698416
2016-08-29 01:00:00,1215.6882087582537
2016-08-30 01:00:00,1218.4310941081787
2016-08-31 01:00:00,1221.1783734340079
2016-09-01 01:00:00,1223.9285603925778
2016-09-02 01:00:00,1226.6837377357256
2016-09-04 01:00:00,1232.2273082534698
2016-09-05 01:00:00,1235.02478651457
2016-09-06 01:00:00,1237.842542840337
2016-09-07 01:00:00,1240.6795589899107
2016-09-08 01:00:00,1243.5321723570362
2016-09-09 01:00:00,1246.394997905217
2016-09-11 01:00:00,1252.1304539292876
2016-09-12 01:00:00,1254.9981140627738
2016-09-13 01:00:00,1257.8685355960415
2016-09-14 01:00:00,1260.7488587205262
2016-09-15 01:00:00,1263.649098199743
2016-09-16 01:00:00,1266.5798828739635
2016-09-18 01:00:00,1272.5609688476643
2016-09-19 01:00:00,1273.8161285145006
2016-09-20 01:00:00,1274.380115581736
2016-09-21 01:00:00,1274.9534867755608
2016-09-22 01:00:00,1275.5184086010104
2016-09-23 01:00:00,1276.0602078740837
2016-09-25 01:00:00,1277.0552157886616
2016-09-26 01:00:00,1277.5228751515772
2016-09-27 01:00:00,1277.9940834284907
2016-09-28 01:00:00,1278.4919362380865
2016-09-29 01:00:00,1279.0387908679236
2016-09-30 01:00:00,1279.6520817505848
2016-10-02 01:00:00,1281.1045479996465
2016-10-03 01:00:00,1281.9310688190608
2016-10-04 01:00:00,1282.7996452234847
2016-10-05 01:00:00,1283.682991391862
2016-10-06 01:00:00,1284.5517108723159
2016-10-07 01:00:00,1285.379319988774
2016-10-09 01:00:00,1286.8490636271877
2016-10-10 01:00:00,1287.492502218179
2016-10-11 01:00:00,1288.0994679965036
2016-10-12 01:00:00,1288.702849845675
2016-10-13 01:00:00,1289.3408243694164
2016-10-14 01:00:00,1290.0491514945254
2016-10-16 01:00:00,1291.7591032338364
2016-10-17 01:00:00,1292.7541077010833
2016-10-18 01:00:00,1293.8045563413618
2016-10-19 01:00:00,1294.8653063738996
2016-10-20 01:00:00,1295.8901158095562
2016-10-21 01:00:00,1296.8433536885307
2016-10-23 01:00:00,1298.4919622413254
2016-10-24 01:00:00,1299.2206683265454
2016-10-25 01:00:00,1299.9365044473836
2016-10-26 01:00:00,1300.6875476542095
2016-10-27 01:00:00,1301.5191738750823
2016-10-28 01:00:00,1302.4661741898353
2016-10-30 01:00:00,1304.7859270246493
2016-10-31 00:00:00,1308.16801741481
2016-11-01 00:00:00,1311.7679885982318
2016-11-02 00:00:00,1315.3929143118903
2016-11-03 00:00:00,1318.9901625738253
2016-11-04 00:00:00,1322.5115775760937
2016-11-06 00:00:00,1329.2049162092976
2016-11-07 00:00:00,1332.368243851714
2016-11-08 00:00:00,1335.4421317530655
2016-11-09 00:00:00,1338.4755453653113
2016-11-10 00:00:00,1341.5276014278147
2016-11-11 00:00:00,1344.6560891636727
2016-11-13 00:00:00,1351.292563617503
2016-11-14 00:00:00,1354.8070016349914
2016-11-15 00:00:00,1358.4059865959405
2016-11-16 00:00:00,1362.027435634252
2016-11-17 00:00:00,1365.6048603928984
2016-11-18 00:00:00,1369.084154265729
2016-11-20 00:00:00,1375.6638068581021
2016-11-21 00:00:00,1378.7969680290264
2016-11-22 00:00:00,1381.8876311561294
2016-11-23 00:00:00,1384.9972405195645
2016-11-24 00:00:00,1388.1852393632391
2016-11-25 00:00:00,1391.4986801607542
2016-11-27 00:00:00,1398.5854986788543
2016-11-28 00:00:00,1402.339537699193
2016-11-29 00:00:00,1406.1833560437385
2016-11-30 00:00:00,1410.0591514682012
2016-12-01 00:00:00,1413.9038141729839
2016-12-02 00:00:00,1417.6591578507384
2016-12-04 00:00:00,1424.7496983341794
2016-12-05 00:00:00,1428.068314721438
2016-12-06 00:00:00,1431.2683735013352
2016-12-07 00:00:00,1434.4020468441563
2016-12-08 00:00:00,1437.5336455288264
2016-12-09 00:00:00,1440.7273431766914
2016-12-11 00:00:00,1447.4776607309436
2016-12-12 00:00:00,1451.0521166830704
2016-12-13 00:00:00,1454.7181429336156
2016-12-14 00:00:00,1458.41472518463
2016-12-15 00:00:00,1462.0737818232685
2016-12-16 00:00:00,1465.6373543174957
2016-12-18 00:00:00,1472.3698681715653
2016-12-19 00:00:00,1475.5582640805565
2016-12-20 00:00:00,1478.6818564334774
2016-12-21 00:00:00,1481.797601471923
2016-12-22 00:00:00,1484.9624058972936
2016-12-23 00:00:00,1488.2229818022515
2016-12-26 00:00:00,1498.75669599731
2016-12-27 00:00:00,1501.5503320092007
2016-12-28 00:00:00,1503.1415880756174
2016-12-29 00:00:00,1504.7310756963684
2016-12-30 00:00:00,1506.3018781734702
2017-01-02 00:00:00,1510.8054249462919
2017-01-03 00:00:00,1512.2388673453263
2017-01-04 00:00:00,1513.6560708317006
2017-01-05 00:00:00,1515.0740225975726
2017-01-06 00:00:00,1516.5097650013824
2017-01-08 00:00:00,1518.4647663086162
2017-01-09 00:00:00,1517.746330764004
2017-01-10 00:00:00,1517.0210233454848
2017-01-11 00:00:00,1516.3034143152977
2017-01-12 00:00:00,1515.6100555638097
2017-01-13 00:00:00,1514.9556359890494
2017-01-15 00:00:00,1513.7955811034653
2017-01-16 00:00:00,1513.289347892687
2017-01-17 00:00:00,1512.822341276271
2017-01-18 00:00:00,1512.3828405100057
2017-01-19 00:00:00,1511.9586505405127
2017-01-20 00:00:00,1511.5393746601937
2017-01-22 00:00:00,1510.6927152656497
2017-01-23 00:00:00,1510.2654840962825
2017-01-24 00:00:00,1509.8430420922848
2017-01-25 00:00:00,1509.4348233400965
2017-01-26 00:00:00,1509.0514383452191
2017-01-27 00:00:00,1508.702871572804
2017-01-29 00:00:00,1508.1377345762196
2017-01-30 00:00:00,1507.925840772736
2017-01-31 00:00:00,1507.7577408981042
2017-02-01 00:00:00,1507.6270734078548
2017-02-02 00:00:00,1507.5259990910647
2017-02-03 00:00:00,1507.4469482379966
2017-02-05 00:00:00,1507.3356225733112
2017-02-06 00:00:00,1507.3020946821093
2017-02-07 00:00:00,1507.2880705696716
2017-02-08 00:00:00,1507.299863587723
2017-02-09 00:00:00,1507.3441712801746
2017-02-10 00:00:00,1507.4266013356446
2017-02-12 00:00:00,1507.7177015927425
2017-02-13 00:00:00,1507.9266824041406
2017-02-14 00:00:00,1508.1754387573392
2017-02-15 00:00:00,1508.4613096884102
2017-02-16 00:00:00,1508.7820323056494
2017-02-17 00:00:00,1509.1363563501777
2017-02-19 00:00:00,1509.9473330980552
2017-02-20 00:00:00,1510.4076117488878
2017-02-21 00:00:00,1510.9078814074837
2017-02-22 00:00:00,1511.450657474497
2017-02-23 00:00:00,1512.0377495220803
2017-02-24 00:00:00,1512.669945585853
2017-02-26 00:00:00,1514.0678686025988
2017-02-27 00:00:00,1514.831383993901
2017-02-28 00:00:00,1516.3368527718271
2017-03-01 00:00:00,1516.9570996359637
2017-03-02 00:00:00,1517.6153191654812
2017-03-03 00:00:00,1518.3126850492727
2017-03-05 00:00:00,1519.355755853256
2017-03-06 00:00:00,1519.9475525288458
2017-03-07 00:00:00,1520.588385815123
2017-03-08 00:00:00,1521.2765874191475
2017-03-09 00:00:00,1522.0079909996562
2017-03-10 00:00:00,1522.7767113232962
2017-03-12 00:00:00,1524.4012146175357
2017-03-13 00:00:00,1525.2475126824475
2017-03-14 00:00:00,1526.1139216292581
2017-03-15 00:00:00,1527.0018151301597
2017-03-16 00:00:00,1527.9148836079748
2017-03-17 00:00:00,1528.8582766915897
2017-03-19 00:00:00,1530.8563976089183
2017-03-20 00:00:00,1531.9170358585634
2017-03-21 00:00:00,1533.017439267157
2017-03-22 00:00:00,1534.151688258805
2017-03-23 00:00:00,1535.3099450406455
2017-03-24 00:00:00,1536.4793144359526
2017-03-26 00:00:00,1538.7940903063045
2017-03-27 01:00:00,1539.9598272498417
2017-03-28 01:00:00,1541.0429136368641
2017-03-29 01:00:00,1542.0896634002531
2017-03-30 01:00:00,1543.1050414561944
2017-03-31 01:00:00,1544.0981467282465
2017-04-02 01:00:00,1546.0571388033145
2017-04-03 01:00:00,1547.0348992060442
2017-04-04 01:00:00,1548.0096311752595
2017-04-05 01:00:00,1548.9718777518583
2017-04-06 01:00:00,1549.907440072065
2017-04-07 01:00:00,1550.8000124364862
2017-04-09 01:00:00,1552.3979752887967
2017-04-10 01:00:00,1553.0850208069257
2017-04-11 01:00:00,1553.695253753996
2017-04-12 01:00:00,1554.2349431705948
2017-04-13 01:00:00,1554.7155943375567
2017-04-16 01:00:00,1555.9542032616905
2017-04-17 01:00:00,1556.3443372745812
2017-04-18 01:00:00,1556.73516778361
2017-04-19 01:00:00,1557.1246989613142
2017-04-20 01:00:00,1557.5045972069984
2017-04-21 01:00:00,1557.8615364985153
2017-04-23 01:00:00,1558.4432238640402
2017-04-24 01:00:00,1558.6409703916424
2017-04-25 01:00:00,1558.7682521436852
2017-04-26 01:00:00,1558.829413667361
2017-04-27 01:00:00,1558.8376263661412
2017-04-28 01:00:00,1558.8124640076169
2017-04-30 01:00:00,1558.7453160480654
2017-05-01 01:00:00,1558.7326961122185
2017-05-02 01:00:00,1558.738787446439
2017-05-03 01:00:00,1558.7551822425482
2017-05-04 01:00:00,1558.7664049287205
2017-05-05 01:00:00,1558.7536666057558
2017-05-07 01:00:00,1558.5882620502177
2017-05-08 01:00:00,1558.414600349184
2017-05-09 01:00:00,1558.178624640947
2017-05-10 01:00:00,1557.8887330698421
2017-05-11 01:00:00,1557.5596203967598
2017-05-12 01:00:00,1557.2099387863736
2017-05-14 01:00:00,1556.525650428084
2017-05-15 01:00:00,1556.2216873931754
2017-05-16 01:00:00,1555.95369569296
2017-05-17 01:00:00,1555.720135911779
2017-05-18 01:00:00,1555.5119371848023
2017-05-19 01:00:00,1555.3139338969731
2017-05-21 01:00:00,1552.2679353444275
2017-05-22 01:00:00,1550.1822131905456
2017-05-23 01:00:00,1548.0308860292905
2017-05-24 01:00:00,1545.8169102793415
2017-05-25 01:00:00,1543.5530848802382
2017-05-26 01:00:00,1541.259677310308
2017-05-28 01:00:00,1536.6734719785823
2017-05-29 01:00:00,1534.413447321087
2017-05-30 01:00:00,1531.045275833389
2017-05-31 01:00:00,1527.3605206566826
2017-06-01 01:00:00,1523.6815152203844
2017-06-02 01:00:00,1519.9894957417769
2017-06-04 01:00:00,1513.8310931257283
2017-06-05 01:00:00,1511.8558018574008
2017-06-06 01:00:00,1509.8412605877181
2017-06-07 01:00:00,1507.7945275033926
2017-06-08 01:00:00,1505.728723142376
2017-06-09 01:00:00,1503.6607410004756
2017-06-11 01:00:00,1499.5880215081622
2017-06-12 01:00:00,1497.611191007927
2017-06-13 01:00:00,1495.6837829617975
2017-06-14 01:00:00,1493.804725157012
2017-06-15 01:00:00,1491.9662640654892
2017-06-16 01:00:00,1490.155197941815
2017-06-18 01:00:00,1486.5491374839046
2017-06-19 01:00:00,1484.7236243380034
2017-06-20 01:00:00,1482.8708046928905
2017-06-21 01:00:00,1480.9909991520462
2017-06-22 01:00:00,1479.0928240492942
2017-06-23 01:00:00,1477.1913883978373
2017-06-25 01:00:00,1473.4485413555851
2017-06-26 01:00:00,1471.633846918719
2017-06-27 01:00:00,1469.8631363188285
2017-06-28 01:00:00,1468.1311264829644
2017-06-29 01:00:00,1466.4264197829036
2017-06-30 01:00:00,1464.7344251801624
2017-07-02 01:00:00,1461.3330754236272
2017-07-03 01:00:00,1459.6049539247306
2017-07-04 01:00:00,1457.8548662913934
2017-07-05 01:00:00,1456.086997944282
2017-07-06 01:00:00,1454.3100006996824
2017-07-07 01:00:00,1452.5352959585355
2017-07-09 01:00:00,1449.040268983025
2017-07-10 01:00:00,1447.3389675281294
2017-07-11 01:00:00,1445.675170949294
2017-07-12 01:00:00,1444.0483216367827
2017-07-13 01:00:00,1442.4534772311238
2017-07-14 01:00:00,1440.8821806207945
2017-07-16 01:00:00,1437.7681045923075
2017-07-17 01:00:00,1436.2059643600105
2017-07-18 01:00:00,1434.6324890217168
2017-07-19 01:00:00,1433.0474475488904
2017-07-20 01:00:00,1431.4554192846622
2017-07-21 01:00:00,1429.8646420350822
2017-07-23 01:00:00,1426.7249064085713
2017-07-24 01:00:00,1425.1907132479873
2017-07-25 01:00:00,1422.6643897516453
2017-07-26 01:00:00,1418.8050741647567
2017-07-27 01:00:00,1414.9646785320112
2017-07-28 01:00:00,1411.136308941678
2017-07-30 01:00:00,1403.4894811743306
2017-07-31 01:00:00,1399.662267142149
2017-08-01 01:00:00,1395.830779446726
2017-08-02 01:00:00,1391.996741028902
2017-08-03 01:00:00,1388.163634946748
2017-08-04 01:00:00,1384.3358413301585
2017-08-06 01:00:00,1376.7128341099171
2017-08-07 01:00:00,1372.9233616757656
2017-08-08 01:00:00,1369.1498860045144
2017-08-09 01:00:00,1365.3914527221784
2017-08-10 01:00:00,1361.645936401635
2017-08-11 01:00:00,1357.9106151453939
2017-08-13 01:00:00,1350.460621942268
2017-08-14 01:00:00,1346.7430835910861
2017-08-15 01:00:00,1343.0305212287979
2017-08-16 01:00:00,1339.3241424952662
2017-08-17 01:00:00,1335.6254888820285
2017-08-18 01:00:00,1331.9357445491923
2017-08-20 01:00:00,1324.5833389969703
2017-08-21 01:00:00,1320.9182574515733
2017-08-22 01:00:00,1317.258012089628
2017-08-23 01:00:00,1313.6009019375094
2017-08-24 01:00:00,1309.9461816637142
2017-08-25 01:00:00,1306.2944405801086
2017-08-27 01:00:00,1299.0087391688521
2017-08-28 01:00:00,1296.4752579458857
2017-08-29 01:00:00,1294.1488594574398
2017-08-30 01:00:00,1291.8205983597306
2017-08-31 01:00:00,1289.4901135753412
2017-09-01 01:00:00,1287.1589995147851
2017-09-03 01:00:00,1282.5100792890514
2017-09-04 01:00:00,1280.2025298723513
2017-09-05 01:00:00,1277.913053607593
2017-09-06 01:00:00,1275.6451353599352
2017-09-07 01:00:00,1273.399794350419
2017-09-08 01:00:00,1271.1749754619843
2017-09-10 01:00:00,1266.7638818831988
2017-09-11 01:00:00,1264.5615634745395
2017-09-12 01:00:00,1262.3510521713108
2017-09-13 01:00:00,1260.1277304245136
2017-09-14 01:00:00,1257.891339826832
2017-09-15 01:00:00,1255.6463496940503
2017-09-17 01:00:00,1255.8047383721432
2017-09-18 01:00:00,1256.0183070993883
2017-09-19 01:00:00,1256.3108711504296
2017-09-20 01:00:00,1256.6944868600522
2017-09-21 01:00:00,1257.165943752682
2017-09-22 01:00:00,1257.7071789914037
2017-09-24 01:00:00,1258.8742988799318
2017-09-25 01:00:00,1259.4289639700776
2017-09-26 01:00:00,1259.923926960451
2017-09-27 01:00:00,1260.342592892299
2017-09-28 01:00:00,1260.683543747062
2017-09-29 01:00:00,1260.515920496627
2017-10-01 01:00:00,1260.0122129744764
2017-10-02 01:00:00,1259.801485289862
2017-10-03 01:00:00,1259.6683254661139
2017-10-04 01:00:00,1259.6380881956306
2017-10-05 01:00:00,1259.7188973844156
2017-10-06 01:00:00,1260.3073600392581
2017-10-08 01:00:00,1263.2277687112046
2017-10-09 01:00:00,1264.6675566289434
2017-10-10 01:00:00,1266.0317862484935
2017-10-11 01:00:00,1267.2940210090494
2017-10-12 01:00:00,1268.4527709254828
2017-10-13 01:00:00,1269.5329205343553
2017-10-15 01:00:00,1271.6493645197636
2017-10-16 01:00:00,1272.7965557490477
2017-10-17 01:00:00,1274.0637595950764
2017-10-18 01:00:00,1275.4727943232617
2017-10-19 01:00:00,1277.020954368265
2017-10-20 01:00:00,1278.6818171437403
2017-10-22 01:00:00,1282.1511146882954
2017-10-23 01:00:00,1283.8481519220445
2017-10-24 01:00:00,1285.4545154740981
2017-10-25 01:00:00,1286.9401577854887
2017-10-26 01:00:00,1288.2968017804303
2017-10-27 01:00:00,1289.5392224241664
2017-10-29 01:00:00,1291.83806445113
2017-10-30 00:00:00,1292.9520610388697
2017-10-31 00:00:00,1294.1936309775035
2017-11-01 00:00:00,1295.5559466262043
2017-11-02 00:00:00,1297.0573372204199
2017-11-03 00:00:00,1298.6882241227552
2017-11-05 00:00:00,1300.0994492478612
2017-11-06 00:00:00,1299.2414276802328
2017-11-07 00:00:00,1298.2887010647698
2017-11-08 00:00:00,1297.2040174049307
2017-11-09 00:00:00,1295.9816541979326
2017-11-10 00:00:00,1294.6487167520786
2017-11-12 00:00:00,1291.8761146324084
2017-11-13 00:00:00,1290.5682981373348
2017-11-14 00:00:00,1290.7554387685402
2017-11-15 00:00:00,1291.8059147876488
2017-11-16 00:00:00,1293.0117637661156
2017-11-17 00:00:00,1294.3462601866702
2017-11-19 00:00:00,1297.1964679080304
2017-11-20 00:00:00,1298.589534354287
2017-11-21 00:00:00,1299.8868723603855
2017-11-22 00:00:00,1301.051807778228
2017-11-23 00:00:00,1302.0699922713652
2017-11-24 00:00:00,1302.9511547648835
2017-11-26 00:00:00,1304.446897428639
2017-11-27 00:00:00,1305.1680246916437
2017-11-28 00:00:00,1305.9473685121773
2017-11-29 00:00:00,1306.830251051547
2017-11-30 00:00:00,1307.8410417606449
2017-12-01 00:00:00,1308.9768807584387
2017-12-03 00:00:00,1309.39131318071
2017-12-04 00:00:00,1309.3326068021522
2017-12-05 00:00:00,1309.1932006367995
2017-12-06 00:00:00,1308.9340172527357
2017-12-07 00:00:00,1308.545308188041
2017-12-08 00:00:00,1308.047693865786
2017-12-10 00:00:00,1306.9183613118887
2017-12-11 00:00:00,1306.4024588525288
2017-12-12 00:00:00,1305.9846040030118
2017-12-13 00:00:00,1305.691140692404
2017-12-14 00:00:00,1305.524826979331
2017-12-15 00:00:00,1305.4657831996565
2017-12-17 00:00:00,1305.5087110887962
2017-12-18 00:00:00,1305.513228149237
2017-12-19 00:00:00,1305.4467705158106
2017-12-20 00:00:00,1305.2790457016745
2017-12-21 00:00:00,1304.9966533572792
2017-12-22 00:00:00,1304.6043967393864
2017-12-25 00:00:00,1303.0446947086753
2017-12-26 00:00:00,1303.1171760055345
2017-12-27 00:00:00,1304.950406673141
2017-12-28 00:00:00,1306.8707260060332
2017-12-29 00:00:00,1308.8804416889093
2018-01-01 00:00:00,1315.201027021715
2018-01-02 00:00:00,1317.2768172765557
2018-01-03 00:00:00,1319.282251732025
2018-01-04 00:00:00,1321.2070873031325
2018-01-05 00:00:00,1323.0602217597711
2018-01-07 00:00:00,1326.6579494441844
2018-01-08 00:00:00,1329.3756591981607
2018-01-09 00:00:00,1332.1665316502244
2018-01-10 00:00:00,1335.0240946181946
2018-01-11 00:00:00,1337.9516405197835
2018-01-12 00:00:00,1340.9401967740762
2018-01-14 00:00:00,1347.0223824918899
2018-01-15 00:00:00,1350.0691612822218
2018-01-16 00:00:00,1353.0918716247731
2018-01-17 00:00:00,1356.0770838425967
2018-01-18 00:00:00,1359.0194549142284
2018-01-19 00:00:00,1361.9218388975287
2018-01-21 00:00:00,1367.6509492232713
2018-01-22 00:00:00,1370.5090203363206
2018-01-23 00:00:00,1373.3838804737006
2018-01-24 00:00:00,1376.2871847570823
2018-01-25 00:00:00,1379.2246699914667
2018-01-26 00:00:00,1382.1954841408865
2018-01-28 00:00:00,1388.2076925464842
2018-01-29 00:00:00,1391.2288213405461
2018-01-30 00:00:00,1394.1314589168924
2018-01-31 00:00:00,1394.6269182342282
2018-02-01 00:00:00,1395.1276325280332
2018-02-02 00:00:00,1395.6352625357008
2018-02-04 00:00:00,1396.6791304245464
2018-02-05 00:00:00,1397.2177443507014
2018-02-06 00:00:00,1397.7672708663847
2018-02-07 00:00:00,1398.3263050097828
2018-02-08 00:00:00,1398.892994219891
2018-02-09 00:00:00,1399.4656952534576
2018-02-11 00:00:00,1400.6270331303217
2018-02-12 00:00:00,1401.2177969184156
2018-02-13 00:00:00,1401.8187721544584
2018-02-14 00:00:00,1402.4335619605517
2018-02-15 00:00:00,1403.065792659919
2018-02-16 00:00:00,1403.7183342435308
2018-02-18 00:00:00,1405.0877610161924
2018-02-19 00:00:00,1405.8009827453368
2018-02-20 00:00:00,1406.5272366148645
2018-02-21 00:00:00,1407.2603331036955
2018-02-22 00:00:00,1407.994152421718
2018-02-23 00:00:00,1408.7241500773803
2018-02-25 00:00:00,1410.1700673807857
2018-02-26 00:00:00,1410.8940184271146
2018-02-27 00:00:00,1411.629059464144
2018-02-28 00:00:00,1412.3844661301134
2018-03-01 00:00:00,1413.1681214246476
2018-03-02 00:00:00,1413.9845711765026
2018-03-04 00:00:00,1415.7111794133834
2018-03-05 00:00:00,1416.6081967776265
2018-03-06 00:00:00,1417.5143879352545
2018-03-07 00:00:00,1418.4193889255112
2018-03-08 00:00:00,1419.3150345569438
2018-03-09 00:00:00,1420.1969574463546
2018-03-11 00:00:00,1421.9254036388597
2018-03-12 00:00:00,1422.7856548428754
2018-03-13 00:00:00,1423.6574313007081
2018-03-14 00:00:00,1424.5525773398847
2018-03-15 00:00:00,1425.4815341874212
2018-03-16 00:00:00,1426.4514302901357
2018-03-18 00:00:00,1428.5174302174955
2018-03-19 00:00:00,1429.6010160801357
2018-03-20 00:00:00,1430.7018347344288
2018-03-21 00:00:00,1431.8043897331822
2018-03-22 00:00:00,1432.8942964789103
2018-03-23 00:00:00,1433.9615500221898
2018-03-25 00:00:00,1436.0236415813595
2018-03-26 01:00:00,1437.0773516664226
2018-03-27 01:00:00,1438.0977638909549
2018-03-28 01:00:00,1439.144554564029
2018-03-29 01:00:00,1440.26266071471
2018-04-01 01:00:00,1450.8808255218444
2018-04-02 01:00:00,1454.489768063811
2018-04-03 01:00:00,1458.515273142174
2018-04-04 01:00:00,1463.167890990944
2018-04-05 01:00:00,1467.7969533754508
2018-04-06 01:00:00,1472.3939051279508
2018-04-08 01:00:00,1481.492887241249
2018-04-09 01:00:00,1486.0124544607256
2018-04-10 01:00:00,1490.5318177501658
2018-04-11 01:00:00,1495.0681224278208
2018-04-12 01:00:00,1499.6368918259573
2018-04-13 01:00:00,1504.249171969117
2018-04-15 01:00:00,1513.6130515471323
2018-04-16 01:00:00,1518.3487358939917
2018-04-17 01:00:00,1523.0979807888173
2018-04-18 01:00:00,1525.818636018514
2018-04-19 01:00:00,1527.8728013399561
2018-04-20 01:00:00,1529.8843034996305
2018-04-22 01:00:00,1533.7732091278401
2018-04-23 01:00:00,1535.671968298339
2018-04-24 01:00:00,1537.5659993891138
2018-04-25 01:00:00,1539.4768518818237
2018-04-26 01:00:00,1541.4223291546805
2018-04-27 01:00:00,1543.412814257936
2018-04-29 01:00:00,1547.5236066765156
2018-04-30 01:00:00,1549.6200245004459
2018-05-01 01:00:00,1551.7188243536998
2018-05-02 01:00:00,1553.7999262869173
2018-05-03 01:00:00,1555.8465137728997
2018-05-04 01:00:00,1557.8477659394619
2018-05-06 01:00:00,1561.7087839440437
2018-05-07 01:00:00,1563.584162100008
2018-05-08 01:00:00,1565.442457872342
2018-05-09 01:00:00,1567.3016802285076
2018-05-10 01:00:00,1569.1788210557465
2018-05-11 01:00:00,1571.0867790873635
2018-05-13 01:00:00,1575.0115611424087
2018-05-14 01:00:00,1577.0155958652967
2018-05-15 01:00:00,1579.0264242321464
2018-05-16 01:00:00,1581.0232761065442
2018-05-17 01:00:00,1582.9865788237971
2018-05-18 01:00:00,1584.9024901648963
2018-05-20 01:00:00,1588.5829213012653
2018-05-21 01:00:00,1590.3665310368688
2018-05-22 01:00:00,1592.136060214668
2018-05-23 01:00:00,1593.9113009154435
2018-05-24 01:00:00,1595.7084880991972
2018-05-25 01:00:00,1597.5370649552337
2018-05-27 01:00:00,1599.360758374129
2018-05-28 01:00:00,1598.7696306752953
2018-05-29 01:00:00,1598.1736648443282
2018-05-30 01:00:00,1597.5556540590458
2018-05-31 01:00:00,1596.9009966006718
2018-06-01 01:00:00,1596.1999063084845
2018-06-03 01:00:00,1594.6498047727052
2018-06-04 01:00:00,1593.8114950999638
2018-06-05 01:00:00,1592.9459750343055
2018-06-06 01:00:00,1592.067543492358
2018-06-07 01:00:00,1591.1901484228583
2018-06-08 01:00:00,1590.3249272474195
2018-06-10 01:00:00,1587.644962490027
2018-06-11 01:00:00,1586.2370870259313
2018-06-12 01:00:00,1584.8255215680858
2018-06-13 01:00:00,1583.425530348441
2018-06-14 01:00:00,1582.0519275952586
2018-06-15 01:00:00,1580.71560757127
2018-06-17 01:00:00,1578.1653497488899
2018-06-18 01:00:00,1576.9393617921778
2018-06-19 01:00:00,1575.7300750119014
2018-06-20 01:00:00,1575.7179130089337
2018-06-21 01:00:00,1576.8234628738162
2018-06-22 01:00:00,1577.2152893948698
2018-06-24 01:00:00,1575.1580696951692
2018-06-25 01:00:00,1574.1329534291976
2018-06-26 01:00:00,1573.097241255303
2018-06-27 01:00:00,1572.0406025934133
2018-06-28 01:00:00,1570.9543575623836
2018-06-29 01:00:00,1569.8327333911704
2018-07-01 01:00:00,1567.4781280442926
2018-07-02 01:00:00,1566.2511429280323
2018-07-03 01:00:00,1564.9994403687679
2018-07-04 01:00:00,1563.7310262587546
2018-07-05 01:00:00,1562.4537242950075
2018-07-06 01:00:00,1561.1738856720283
2018-07-08 01:00:00,1558.6186258193309
2018-07-09 01:00:00,1557.3412306992313
2018-07-10 01:00:00,1556.0580140352267
2018-07-11 01:00:00,1554.7626091560016
2018-07-12 01:00:00,1553.4490159225165
2018-07-13 01:00:00,1552.1131411857648
2018-07-15 01:00:00,1549.3727613351307
2018-07-16 01:00:00,1547.974465302197
2018-07-17 01:00:00,1546.564446625046
2018-07-18 01:00:00,1545.1481607690191
2018-07-19 01:00:00,1543.7298320268255
2018-07-20 01:00:00,1542.3118518293043
2018-07-22 01:00:00,1538.689322897685
2018-07-23 01:00:00,1536.7706622840324
2018-07-24 01:00:00,1534.840422927667
2018-07-25 01:00:00,1532.8949946477148
2018-07-26 01:00:00,1530.9336673635626
2018-07-27 01:00:00,1528.9589036366249
2018-07-29 01:00:00,1524.9911815341625
2018-07-30 01:00:00,1523.0118662692043
2018-07-31 01:00:00,1521.0436096771214
2018-08-01 01:00:00,1519.089801855904
2018-08-02 01:00:00,1517.1509272734259
2018-08-03 01:00:00,1515.2247575924011
2018-08-05 01:00:00,1511.3950233873052
2018-08-06 01:00:00,1509.4860681122107
2018-08-07 01:00:00,1507.5830612915274
2018-08-08 01:00:00,1505.693631763428
2018-08-09 01:00:00,1503.830051606414
2018-08-10 01:00:00,1502.007175111697
2018-08-12 01:00:00,1498.5356702769711
2018-08-13 01:00:00,1496.8993094603838
2018-08-14 01:00:00,1495.324422948553
2018-08-15 01:00:00,1493.7984643774166
2018-08-16 01:00:00,1492.3051036882885
2018-08-17 01:00:00,1490.828383583221
2018-08-19 01:00:00,1487.88611809647
2018-08-20 01:00:00,1486.421079601865
2018-08-21 01:00:00,1484.9746182454533
2018-08-22 01:00:00,1483.5660794374392
2018-08-23 01:00:00,1482.218147892743
2018-08-24 01:00:00,1480.95324409845
2018-08-26 01:00:00,1478.7393350898385
2018-08-27 01:00:00,1477.8034320887914
2018-08-28 01:00:00,1476.9732427385504
2018-08-29 01:00:00,1476.2296762412816
2018-08-30 01:00:00,1475.5458704755542
2018-08-31 01:00:00,1474.8914827025874
2018-09-02 01:00:00,1473.5668330578762
2018-09-03 01:00:00,1472.870696901681
2018-09-04 01:00:00,1472.160461629528
2018-09-05 01:00:00,1471.462569089144
2018-09-06 01:00:00,1470.814791387219
2018-09-07 01:00:00,1470.2585132602558
2018-09-09 01:00:00,1469.54704556559
2018-09-10 01:00:00,1469.4127976751397
2018-09-11 01:00:00,1469.405813149089
2018-09-12 01:00:00,1469.489407265943
2018-09-13 01:00:00,1468.7035854671283
2018-09-14 01:00:00,1467.4957905149233
2018-09-16 01:00:00,1465.1003261500368
2018-09-17 01:00:00,1463.9083347738226
2018-09-18 01:00:00,1462.748058764208
2018-09-19 01:00:00,1461.6581073135233
2018-09-20 01:00:00,1460.6838752236388
2018-09-21 01:00:00,1459.8703046903615
2018-09-23 01:00:00,1458.86130472463
2018-09-24 01:00:00,1458.6958523795563
2018-09-25 01:00:00,1458.745032259486
2018-09-26 01:00:00,1458.9772075929054
2018-09-27 01:00:00,1458.4685659018776
2018-09-28 01:00:00,1457.8668399860346
2018-09-30 01:00:00,1456.8869194057756
2018-10-01 01:00:00,1456.4988875191027
2018-10-02 01:00:00,1456.1860268272135
2018-10-03 01:00:00,1455.9641083151912
2018-10-04 01:00:00,1455.8545355741303
2018-10-05 01:00:00,1455.88034967903
2018-10-07 01:00:00,1456.4109160774594
2018-10-08 01:00:00,1456.931345359781
2018-10-09 01:00:00,1457.615449431879
2018-10-10 01:00:00,1458.4474516008718
2018-10-11 01:00:00,1459.406892399788
2018-10-12 01:00:00,1460.4730886022046
2018-10-14 01:00:00,1462.8648358132293
2018-10-15 01:00:00,1464.1774692647505
2018-10-16 01:00:00,1465.571592239976
2018-10-17 01:00:00,1467.057013709993
2018-10-18 01:00:00,1468.6461043736751
2018-10-19 01:00:00,1470.3506739338004
2018-10-21 01:00:00,1474.1324662808624
2018-10-22 01:00:00,1476.2049430869645
2018-10-23 01:00:00,1478.3806545901152
2018-10-24 01:00:00,1480.6354202900973
2018-10-25 01:00:00,1482.938621756213
2018-10-26 01:00:00,1485.2566601750075
2018-10-28 01:00:00,1489.8137904357031
2018-10-29 00:00:00,1491.9195569712333
2018-10-30 00:00:00,1494.04833174624
2018-10-31 00:00:00,1496.1104886993166
2018-11-01 00:00:00,1497.4483100513007
2018-11-02 00:00:00,1498.4003810141214
2018-11-04 00:00:00,1500.3531845300026
2018-11-05 00:00:00,1501.3634946184002
2018-11-06 00:00:00,1502.3863476357303
2018-11-07 00:00:00,1503.4036323296184
2018-11-08 00:00:00,1504.3928658323753
2018-11-09 00:00:00,1505.331631170338
2018-11-11 00:00:00,1506.9918414118056
2018-11-12 00:00:00,1507.6994105125539
2018-11-13 00:00:00,1508.329911364226
2018-11-14 00:00:00,1508.8956183518428
2018-11-15 00:00:00,1509.4131502068362
2018-11-16 00:00:00,1509.9005654144894
2018-11-18 00:00:00,1510.8466218682245
2018-11-19 00:00:00,1511.3230707011992
2018-11-20 00:00:00,1511.8017732448595
2018-11-21 00:00:00,1512.2734304136854
2018-11-22 00:00:00,1512.7230082678832
2018-11-23 00:00:00,1513.1326720865557
2018-11-25 00:00:00,1513.769443395732
2018-11-26 00:00:00,1513.97990112397
2018-11-27 00:00:00,1514.1212831294793
2018-11-28 00:00:00,1514.206091068759
2018-11-29 00:00:00,1514.2523323488795
2018-11-30 00:00:00,1514.2796949108942
2018-12-02 00:00:00,1513.3565789261104
2018-12-03 00:00:00,1512.2749745330766
2018-12-04 00:00:00,1511.153957725249
2018-12-05 00:00:00,1509.9848952318464
2018-12-06 00:00:00,1508.7555761056158
2018-12-07 00:00:00,1507.453389867612
2018-12-09 00:00:00,1504.5944050396783
2018-12-10 00:00:00,1503.0319095561867
2018-12-11 00:00:00,1501.3860728126683
2018-12-12 00:00:00,1499.6667832854964
2018-12-13 00:00:00,1497.886937703788
2018-12-14 00:00:00,1496.0605622147193
2018-12-16 00:00:00,1492.318173196277
2018-12-17 00:00:00,1490.4189304461477
2018-12-18 00:00:00,1488.5044809048418
2018-12-19 00:00:00,1486.5713542785033
2018-12-20 00:00:00,1484.6122146154369
2018-12-21 00:00:00,1482.6176587013028
2018-12-23 00:00:00,1478.4880126251326
2018-12-24 00:00:00,1476.343740132438
2018-12-25 00:00:00,1474.1481293635488
2018-12-26 00:00:00,1471.908062213102
2018-12-27 00:00:00,1469.633322396358
2018-12-28 00:00:00,1467.3343719939583
2018-12-30 00:00:00,1462.6967454608582
2018-12-31 00:00:00,1460.3661600757173
2019-01-01 00:00:00,1458.027031895804
2019-01-02 00:00:00,1455.6753962597227
2019-01-03 00:00:00,1453.3061460687034
2019-01-04 00:00:00,1450.914419021429
2019-01-06 00:00:00,1446.0513794421881
2019-01-07 00:00:00,1443.5790329522292
2019-01-08 00:00:00,1441.081999153728
2019-01-09 00:00:00,1438.5638709456202
2019-01-10 00:00:00,1436.028761736633
2019-01-11 00:00:00,1433.4805757944257
2019-01-13 00:00:00,1428.356047986008
2019-01-14 00:00:00,1425.7820497573364
2019-01-15 00:00:00,1423.1997489704152
2019-01-16 00:00:00,1420.607830157458
2019-01-17 00:00:00,1418.0049557318955
2019-01-18 00:00:00,1415.390413959733
2019-01-20 00:00:00,1410.1289120175657
2019-01-21 00:00:00,1407.4857824160936
2019-01-22 00:00:00,1404.8375936431212
2019-01-23 00:00:00,1403.064695887635
2019-01-24 00:00:00,1402.249536852072
2019-01-25 00:00:00,1401.4399057253206
2019-01-27 00:00:00,1399.8246447358922
2019-01-28 00:00:00,1399.0123584542441
2019-01-29 00:00:00,1398.1943040602762
2019-01-30 00:00:00,1397.370917047326
2019-01-31 00:00:00,1396.544847374176
2019-02-01 00:00:00,1395.7206111448613
2019-02-03 00:00:00,1394.100398732529
2019-02-04 00:00:00,1393.3152029245234
2019-02-05 00:00:00,1392.5514475562843
2019-02-06 00:00:00,1391.8098279937194
2019-02-07 00:00:00,1391.0882038646232
2019-02-08 00:00:00,1390.3816860647419
2019-02-10 00:00:00,1388.9846510977063
2019-02-11 00:00:00,1388.278194491104
2019-02-12 00:00:00,1387.5580432242243
2019-02-13 00:00:00,1386.8218347129825
2019-02-14 00:00:00,1387.0262140598484
2019-02-15 00:00:00,1387.556279479083
2019-02-17 00:00:00,1388.6302192682158
2019-02-18 00:00:00,1389.1967107439712
2019-02-19 00:00:00,1390.968106719632
2019-02-20 00:00:00,1393.7453321348821
2019-02-21 00:00:00,1396.5545882054723
2019-02-22 00:00:00,1399.3854093139737
2019-02-24 00:00:00,1405.0580527703
2019-02-25 00:00:00,1407.8767170370447
2019-02-26 00:00:00,1410.6759524653555
2019-02-27 00:00:00,1411.766198613451
2019-02-28 00:00:00,1412.213700876964
2019-03-01 00:00:00,1412.6750381762931
2019-03-03 00:00:00,1413.584557258339
2019-03-04 00:00:00,1414.0086476014135
2019-03-05 00:00:00,1414.4024171099977
2019-03-06 00:00:00,1414.7651694306378
2019-03-07 00:00:00,1415.102193864933
2019-03-08 00:00:00,1415.4242518383498
2019-03-10 00:00:00,1416.0844323024392
2019-03-11 00:00:00,1416.4546720282747
2019-03-12 00:00:00,1416.8684558771035
2019-03-13 00:00:00,1417.3309761845505
2019-03-14 00:00:00,1417.839589601835
2019-03-15 00:00:00,1418.3838483943528
2019-03-17 00:00:00,1419.510099146455
2019-03-18 00:00:00,1420.0543134971663
2019-03-19 00:00:00,1420.56704247605
2019-03-20 00:00:00,1421.0442384001497
2019-03-21 00:00:00,1421.4918660767212
2019-03-22 00:00:00,1421.924641204815
2019-03-24 00:00:00,1422.8253666316268
2019-03-25 00:00:00,1423.3294317189357
2019-03-26 00:00:00,1423.8829180024752
2019-03-27 00:00:00,1424.4852544484565
2019-03-28 00:00:00,1425.1276043280109
2019-03-29 00:00:00,1425.7949684134537
2019-03-31 00:00:00,1427.1320824769332
2019-04-01 01:00:00,1427.7940411956158
2019-04-02 01:00:00,1428.393471775419
2019-04-03 01:00:00,1428.9551929615827
2019-04-04 01:00:00,1429.4851720529382
2019-04-05 01:00:00,1429.9964563602334
2019-04-07 01:00:00,1431.0379468370354
2019-04-08 01:00:00,1431.6076231442694
2019-04-09 01:00:00,1432.230435559718
2019-04-10 01:00:00,1432.912772750148
2019-04-11 01:00:00,1433.6517236246054
2019-04-12 01:00:00,1434.435329633566
2019-04-14 01:00:00,1436.057761137167
2019-04-15 01:00:00,1436.8538314729783
2019-04-16 01:00:00,1437.6183247715703
2019-04-17 01:00:00,1438.3460502515738
2019-04-18 01:00:00,1439.0425141326364
2019-04-21 01:00:00,1441.1153865552092
2019-04-22 01:00:00,1441.8664854209321
2019-04-23 01:00:00,1442.669448084292
2019-04-24 01:00:00,1443.525152165709
2019-04-25 01:00:00,1444.426093363078
2019-04-26 01:00:00,1445.3583141954286
2019-04-28 01:00:00,1447.2458380640605
2019-04-29 01:00:00,1448.1677149747559
2019-04-30 01:00:00,1449.0596136139925
2019-05-01 01:00:00,1449.865128456356
2019-05-02 01:00:00,1450.3801094640796
2019-05-03 01:00:00,1450.8259686527792
2019-05-05 01:00:00,1451.7118033030392
2019-05-06 01:00:00,1452.0556155769743
2019-05-07 01:00:00,1451.278257973725
2019-05-08 01:00:00,1450.6418196190232
2019-05-09 01:00:00,1450.1398921956618
2019-05-10 01:00:00,1449.7420275961867
2019-05-12 01:00:00,1449.0562339415383
2019-05-13 01:00:00,1448.6590578870894
2019-05-14 01:00:00,1448.170894318658
2019-05-15 01:00:00,1447.5779768365364
2019-05-16 01:00:00,1446.8922785095324
2019-05-17 01:00:00,1446.1479179519993
2019-05-19 01:00:00,1445.528103979333
2019-05-20 01:00:00,1447.2141344876536
2019-05-21 01:00:00,1449.0061878276351
2019-05-22 01:00:00,1450.9100668667395
2019-05-23 01:00:00,1452.9126356634158
2019-05-24 01:00:00,1454.9856453265006
2019-05-26 01:00:00,1459.1906852098455
2019-05-27 01:00:00,1461.2472846320718
2019-05-28 01:00:00,1463.2359999967405
2019-05-29 01:00:00,1465.1456052135745
2019-05-30 01:00:00,1466.9808002251932
2019-05-31 01:00:00,1468.7612560581133
2019-06-02 01:00:00,1472.2877059403818
2019-06-03 01:00:00,1474.1056622606393
2019-06-04 01:00:00,1475.9989812407835
2019-06-05 01:00:00,1477.9811453437846
2019-06-06 01:00:00,1480.0493371382793
2019-06-07 01:00:00,1482.1852045988
2019-06-09 01:00:00,1486.5361838724714
2019-06-10 01:00:00,1488.685223210619
2019-06-11 01:00:00,1490.7843578070276
2019-06-12 01:00:00,1492.8256483404707
2019-06-13 01:00:00,1494.9616041926538
2019-06-14 01:00:00,1498.309791154135
2019-06-16 01:00:00,1503.0485333360336
2019-06-17 01:00:00,1505.012600875142
2019-06-18 01:00:00,1506.9938775724418
2019-06-19 01:00:00,1508.9933375189453
2019-06-20 01:00:00,1511.0089463144232
2019-06-21 01:00:00,1513.036355508335
2019-06-23 01:00:00,1517.1035910416606
2019-06-24 01:00:00,1518.180966380602
2019-06-25 01:00:00,1517.518751703537
2019-06-26 01:00:00,1516.848139926741
2019-06-27 01:00:00,1516.1698232198924
2019-06-28 01:00:00,1515.4863242560173
2019-06-30 01:00:00,1514.1190397457437
2019-07-01 01:00:00,1513.4429007779693
2019-07-02 01:00:00,1512.775257663027
2019-07-03 01:00:00,1512.1167779493137
2019-07-04 01:00:00,1511.4665358486122
2019-07-05 01:00:00,1510.7004281204536
2019-07-07 01:00:00,1509.1043774451407
2019-07-08 01:00:00,1508.3124169713317
2019-07-09 01:00:00,1507.5249839483818
2019-07-10 01:00:00,1506.7411897148936
2019-07-11 01:00:00,1505.9597091732787
2019-07-12 01:00:00,1505.1794294801084
2019-07-14 01:00:00,1503.621987115719
2019-07-15 01:00:00,1502.8470135930286
2019-07-16 01:00:00,1502.0772218120826
2019-07-17 01:00:00,1501.3148585131175
2019-07-18 01:00:00,1498.47366862465
2019-07-19 01:00:00,1497.6128314241266
2019-07-21 01:00:00,1495.951911520755
2019-07-22 01:00:00,1495.1367626354247
2019-07-23 01:00:00,1494.3174649032526
2019-07-24 01:00:00,1493.4829608122898
2019-07-25 01:00:00,1492.6249439399164
2019-07-26 01:00:00,1491.7402437066091
2019-07-28 01:00:00,1489.912374006446
2019-07-29 01:00:00,1488.9966276805847
2019-07-30 01:00:00,1488.1048624327534
2019-07-31 01:00:00,1487.2554164724331
2019-08-01 01:00:00,1486.4605861442508
2019-08-02 01:00:00,1485.7226395107975
2019-08-04 01:00:00,1484.368651617553
2019-08-05 01:00:00,1483.7063758072056
2019-08-06 01:00:00,1483.0193600881835
2019-08-07 01:00:00,1482.2887240596735
2019-08-08 01:00:00,1481.5072148880333
2019-08-09 01:00:00,1480.681097785929
2019-08-11 01:00:00,1478.9774445611467
2019-08-12 01:00:00,1478.1570379456543
2019-08-13 01:00:00,1477.3956622619808
2019-08-14 01:00:00,1476.7143245239927
2019-08-15 01:00:00,1476.1234274823048
2019-08-16 01:00:00,1475.6208058043558
2019-08-18 01:00:00,1474.8100833290723
2019-08-19 01:00:00,1474.443178748895
2019-08-20 01:00:00,1474.0555980595955
2019-08-21 01:00:00,1473.6157348213405
2019-08-22 01:00:00,1473.1015769378769
2019-08-23 01:00:00,1472.505513140265
2019-08-25 01:00:00,1471.52440061025
2019-08-26 01:00:00,1472.0074719148379
2019-08-27 01:00:00,1472.5286376990673
2019-08-28 01:00:00,1473.1295698164565
2019-08-29 01:00:00,1473.8386444296389
2019-08-30 01:00:00,1474.662995660684
2019-09-01 01:00:00,1476.5657438941857
2019-09-02 01:00:00,1477.5537227535365
2019-09-03 01:00:00,1478.4983473967068
2019-09-04 01:00:00,1479.3621791452235
2019-09-05 01:00:00,1480.1295947407073
2019-09-06 01:00:00,1480.8096081770318
2019-09-08 01:00:00,1482.0443829035764
2019-09-09 01:00:00,1482.6948145883446
2019-09-10 01:00:00,1483.4309232411138
2019-09-11 01:00:00,1484.2878853009327
2019-09-12 01:00:00,1485.283630069181
2019-09-13 01:00:00,1486.4159499133882
2019-09-15 01:00:00,1488.9842271330326
2019-09-16 01:00:00,1490.330355686383
2019-09-17 01:00:00,1491.6469395900072
2019-09-18 01:00:00,1492.8852870766991
2019-09-19 01:00:00,1494.010524160734
2019-09-20 01:00:00,1495.0083191109322
2019-09-22 01:00:00,1496.6845726834915
2019-09-23 01:00:00,1497.4486682669528
2019-09-24 01:00:00,1498.2422679344343
2019-09-25 01:00:00,1499.1238281209025
2019-09-26 01:00:00,1500.1355309060443
2019-09-27 01:00:00,1501.2924019807356
2019-09-29 01:00:00,1503.6275246210853
2019-09-30 01:00:00,1504.60132587043
2019-10-01 01:00:00,1505.5605145884274
2019-10-02 01:00:00,1506.4880697625665
2019-10-03 01:00:00,1507.3757314411957
2019-10-04 01:00:00,1508.2253544367234
2019-10-06 01:00:00,1509.86034353445
2019-10-07 01:00:00,1510.6826402094805
2019-10-08 01:00:00,1511.5334164855105
2019-10-09 01:00:00,1512.4270782189
2019-10-10 01:00:00,1513.3714456289022
2019-10-11 01:00:00,1514.3665575020475
2019-10-13 01:00:00,1516.133290848044
2019-10-14 01:00:00,1514.646262952888
2019-10-15 01:00:00,1513.1489679613655
2019-10-16 01:00:00,1511.6234045415592
2019-10-17 01:00:00,1510.0565467735414
2019-10-18 01:00:00,1508.4426784749503
2019-10-20 01:00:00,1505.0932894015623
2019-10-21 01:00:00,1503.3863247355373
2019-10-22 01:00:00,1501.684530729614
2019-10-23 01:00:00,1500.0079397425307
2019-10-24 01:00:00,1498.371435394003
2019-10-25 01:00:00,1496.7811664374383
2019-10-27 01:00:00,1493.7128203336476
2019-10-28 00:00:00,1492.2641630361068
2019-10-29 00:00:00,1490.7404158836719
2019-10-30 00:00:00,1489.1873375585328
2019-10-31 00:00:00,1487.59514084729
2019-11-01 00:00:00,1485.9632022833578
2019-11-03 00:00:00,1482.6181164979855
2019-11-04 00:00:00,1480.9365282244833
2019-11-05 00:00:00,1479.2717989818602
2019-11-06 00:00:00,1477.6378230579323
2019-11-07 00:00:00,1476.0430508158
2019-11-08 00:00:00,1474.489256387288
2019-11-10 00:00:00,1471.4786630418062
2019-11-11 00:00:00,1469.9962053144575
2019-11-12 00:00:00,1468.5078234329683
2019-11-13 00:00:00,1466.9986228328132
2019-11-14 00:00:00,1465.4575525740534
2019-11-15 00:00:00,1463.8792999187049
2019-11-17 00:00:00,1460.6231962912009
2019-11-18 00:00:00,1458.9660949585534
2019-11-19 00:00:00,1457.3094596846684
2019-11-20 00:00:00,1455.6683272336954
2019-11-21 00:00:00,1454.0540668378696
2019-11-22 00:00:00,1452.471925969387
2019-11-24 00:00:00,1449.3891298176216
2019-11-25 00:00:00,1448.323154176171
2019-11-26 00:00:00,1447.4515445134032
2019-11-27 00:00:00,1446.5608010077801
2019-11-28 00:00:00,1445.643669789708
2019-11-29 00:00:00,1444.698594390962
2019-12-01 00:00:00,1442.7442361737237
2019-12-02 00:00:00,1441.7531790358182
2019-12-03 00:00:00,1440.766697513417
2019-12-04 00:00:00,1437.4792520183478
2019-12-05 00:00:00,1434.0404027878458
2019-12-06 00:00:00,1430.5826924126172
2019-12-08 00:00:00,1423.62172524467
2019-12-09 00:00:00,1420.1310395267753
2019-12-10 00:00:00,1416.6441073368896
2019-12-11 00:00:00,1413.1682847104535
2019-12-12 00:00:00,1411.0224827226104
2019-12-13 00:00:00,1409.8355767805383
2019-12-15 00:00:00,1407.506739519093
2019-12-16 00:00:00,1406.35568518115
2019-12-17 00:00:00,1405.205435234601
2019-12-18 00:00:00,1404.0504366915739
2019-12-19 00:00:00,1402.88700219188
2019-12-20 00:00:00,1401.714048446201
2019-12-22 00:00:00,1399.3468699876998
2019-12-23 00:00:00,1398.1598769272161
2019-12-24 00:00:00,1396.9755485792991
2019-12-25 00:00:00,1395.796252353772
2019-12-26 00:00:00,1394.6227274914147
2019-12-27 00:00:00,1393.4542117877809
2019-12-29 00:00:00,1391.124846573608
2019-12-30 00:00:00,1389.9601980095995
2019-12-31 00:00:00,1388.7941296417089
2020-01-01 00:00:00,1387.626847540927
2020-01-02 00:00:00,1386.4595446688038
2020-01-03 00:00:00,1385.29403478331
2020-01-05 00:00:00,1382.9753239454813
2020-01-06 00:00:00,1381.8236382259286
2020-01-07 00:00:00,1380.675937227661
2020-01-08 00:00:00,1379.529646380019
2020-01-09 00:00:00,1378.2208315816033
2020-01-10 00:00:00,1376.6170714231912
2020-01-12 00:00:00,1373.3226243009778
2020-01-13 00:00:00,1371.631560551576
2020-01-14 00:00:00,1369.92360329478
2020-01-15 00:00:00,1368.2158710558544
2020-01-16 00:00:00,1366.5277020150504
2020-01-17 00:00:00,1364.875506073699
2020-01-19 00:00:00,1361.705187483289
2020-01-20 00:00:00,1360.1733312598635
2020-01-21 00:00:00,1358.6520259049578
2020-01-22 00:00:00,1357.1158680012757
2020-01-23 00:00:00,1355.540065936375
2020-01-24 00:00:00,1353.9053694885006
2020-01-26 00:00:00,1350.431309205755
2020-01-27 00:00:00,1348.6069642047757
2020-01-28 00:00:00,1346.752148275992
2020-01-29 00:00:00,1344.8964838148495
2020-01-30 00:00:00,1343.0710714793809
2020-01-31 00:00:00,1341.3030658003213
2020-02-02 00:00:00,1337.998797756152
2020-02-03 00:00:00,1336.4581839860934
2020-02-04 00:00:00,1334.9651254862108
2020-02-05 00:00:00,1333.485323858015
2020-02-06 00:00:00,1331.9795642645968
2020-02-07 00:00:00,1330.4112000467499
2020-02-09 00:00:00,1326.9998877318642
2020-02-10 00:00:00,1325.1609853587174
2020-02-11 00:00:00,1323.2702157067317
2020-02-12 00:00:00,1321.3737810955759
2020-02-13 00:00:00,1319.5206034225469
2020-02-14 00:00:00,1317.7500464250604
2020-02-16 00:00:00,1314.512562373374
2020-02-17 00:00:00,1313.0143613585603
2020-02-18 00:00:00,1311.5436834716086
2020-02-19 00:00:00,1310.0493899217802
2020-02-20 00:00:00,1308.4830094746108
2020-02-21 00:00:00,1306.8075850471369
2020-02-23 00:00:00,1303.0742996450927
2020-02-24 00:00:00,1301.0410544861058
2020-02-25 00:00:00,1298.944144807048
2020-02-26 00:00:00,1296.45913889733
2020-02-27 00:00:00,1292.6304166539278
2020-02-28 00:00:00,1288.9458015664952
2020-03-01 00:00:00,1282.1981564939413
2020-03-02 00:00:00,1279.141522421182
2020-03-03 00:00:00,1276.2384208513838
2020-03-04 00:00:00,1273.407356488841
2020-03-05 00:00:00,1270.55168775705
2020-03-06 00:00:00,1267.5776050001048
2020-03-08 00:00:00,1261.0283086374775
2020-03-09 00:00:00,1257.8170563687852
2020-03-10 00:00:00,1256.1582814008327
2020-03-11 00:00:00,1254.4539927953197
2020-03-12 00:00:00,1252.8145137893164
2020-03-13 00:00:00,1251.331809743182
2020-03-15 00:00:00,1248.9846089819505
2020-03-16 00:00:00,1248.0658735963766
2020-03-17 00:00:00,1247.211666576668
2020-03-18 00:00:00,1246.317568929741
2020-03-19 00:00:00,1245.283620745833
2020-03-20 00:00:00,1244.0323918675667
2020-03-22 00:00:00,1242.4130000277876
2020-03-23 00:00:00,1241.5210516520099
2020-03-24 00:00:00,1240.4873521668997
2020-03-25 00:00:00,1239.406993387726
2020-03-26 00:00:00,1238.3808630666235
2020-03-27 00:00:00,1237.4993166611328
2020-03-29 00:00:00,1236.3949839362963
2020-03-30 01:00:00,1236.1844306471119
2020-03-31 01:00:00,1236.1613346869663
2020-04-01 01:00:00,1236.5739231247485
2020-04-02 01:00:00,1237.8949902833115
2020-04-03 01:00:00,1239.1060966217474
2020-04-05 01:00:00,1240.9220970905264
2020-04-06 01:00:00,1241.4977352487667
2020-04-07 01:00:00,1241.915023212994
2020-04-08 01:00:00,1242.2694924348748
2020-04-09 01:00:00,1242.6681181424483
2020-04-12 01:00:00,1244.8380247317007
2020-04-13 01:00:00,1245.8995190307894
2020-04-14 01:00:00,1247.030041298072
2020-04-15 01:00:00,1248.1342644573422
2020-04-16 01:00:00,1249.119541123687
2020-04-17 01:00:00,1249.912609680538
2020-04-19 01:00:00,1250.7902767718078
2020-04-20 01:00:00,1250.8998218748252
2020-04-21 01:00:00,1250.8596060484062
2020-04-22 01:00:00,1250.7475245384348
2020-04-23 01:00:00,1250.646290512966
2020-04-24 01:00:00,1250.6296943756047
2020-04-26 01:00:00,1251.0326920717905
2020-04-27 01:00:00,1251.4661293220117
2020-04-28 01:00:00,1252.0092960085142
2020-04-29 01:00:00,1252.5950560519575
2020-04-30 01:00:00,1253.1419353647434
2020-05-01 01:00:00,1253.568583792969
2020-05-03 01:00:00,1253.8275825439373
2020-05-04 01:00:00,1253.6240778507215
2020-05-05 01:00:00,1253.2360492329008
2020-05-06 01:00:00,1252.7280881772278
2020-05-07 01:00:00,1252.1743887315274
2020-05-08 01:00:00,1251.6404593281286
2020-05-10 01:00:00,1250.761020578274
2020-05-11 01:00:00,1250.3978482142543
2020-05-12 01:00:00,1250.0274246168872
2020-05-13 01:00:00,1249.5870417119813
2020-05-14 01:00:00,1249.014145417029
2020-05-15 01:00:00,1248.2577259467994
2020-05-17 01:00:00,1246.0925095866644
2020-05-18 01:00:00,1244.6914507310532
2020-05-19 01:00:00,1243.1178379603266
2020-05-20 01:00:00,1241.4184603487643
2020-05-21 01:00:00,1239.6440265886506
2020-05-22 01:00:00,1237.84091409477
2020-05-24 01:00:00,1234.2731804049956
2020-05-25 01:00:00,1232.529195831989
2020-05-26 01:00:00,1230.7972224360592
2020-05-27 01:00:00,1229.0498500255899
2020-05-28 01:00:00,1227.2538558670635
2020-05-29 01:00:00,1225.3780866990444
2020-05-31 01:00:00,1221.3178114542077
2020-06-01 01:00:00,1219.141013635104
2020-06-02 01:00:00,1216.90057453422
2020-06-03 01:00:00,1214.6374380461052
2020-06-04 01:00:00,1212.3957538889267
2020-06-05 01:00:00,1210.214522911574
2020-06-07 01:00:00,1206.1327317484938
2020-06-08 01:00:00,1204.249616885777
2020-06-09 01:00:00,1202.466646977267
2020-06-10 01:00:00,1200.7742187201734
2020-06-11 01:00:00,1199.1637024036309
2020-06-12 01:00:00,1197.6308955135466
2020-06-14 01:00:00,1194.8124146528519
2020-06-15 01:00:00,1193.54754624474
2020-06-16 01:00:00,1192.3978659141787
2020-06-17 01:00:00,1191.3771638857581
2020-06-18 01:00:00,1190.4957455765752
2020-06-19 01:00:00,1189.7587639941005
2020-06-21 01:00:00,1188.711556786728
2020-06-22 01:00:00,1188.3882181782237
2020-06-23 01:00:00,1188.1878792944624
2020-06-24 01:00:00,1188.1055026830425
2020-06-25 01:00:00,1188.140907794777
2020-06-26 01:00:00,1188.2993622396893
2020-06-28 01:00:00,1189.0241215681442
2020-06-29 01:00:00,1189.6078552640702
2020-06-30 01:00:00,1190.3415921665476
2020-07-01 01:00:00,1191.21591335345
2020-07-02 01:00:00,1192.2124530650144
2020-07-03 01:00:00,1193.306598377124
2020-07-05 01:00:00,1195.6878274566861
2020-07-06 01:00:00,1196.9397874900048
2020-07-07 01:00:00,1198.2266571375708
2020-07-08 01:00:00,1199.5589110675014
2020-07-09 01:00:00,1200.9570557845295
2020-07-10 01:00:00,1202.447531063811
2020-07-12 01:00:00,1205.8077769933498
2020-07-13 01:00:00,1207.7101380232923
2020-07-14 01:00:00,1209.7613738914729
2020-07-15 01:00:00,1211.9433874935692
2020-07-16 01:00:00,1214.2245012510355
2020-07-17 01:00:00,1216.5636239982796
2020-07-19 01:00:00,1221.2437365886628
2020-07-20 01:00:00,1223.5179648415824
2020-07-21 01:00:00,1225.7311233324192
2020-07-22 01:00:00,1227.8976268800732
2020-07-23 01:00:00,1230.0533587537352
2020-07-24 01:00:00,1232.249193219331
2020-07-26 01:00:00,1236.9699899000398
2020-07-27 01:00:00,1239.5628361284457
2020-07-28 01:00:00,1242.3123350284966
2020-07-29 01:00:00,1245.1833197526796
2020-07-30 01:00:00,1248.1184919727248
2020-07-31 01:00:00,1251.0503176732657
2020-08-02 01:00:00,1256.6648974920022
2020-08-03 01:00:00,1259.2777413546678
2020-08-04 01:00:00,1261.7602435395363
2020-08-05 01:00:00,1264.1466923290873
2020-08-06 01:00:00,1267.2660266715502
2020-08-07 01:00:00,1271.71337592727
2020-08-09 01:00:00,1280.8877104354965
2020-08-10 01:00:00,1285.6644543689067
2020-08-11 01:00:00,1290.5751973636002
2020-08-12 01:00:00,1295.6036444557194
2020-08-13 01:00:00,1300.717650042529
2020-08-14 01:00:00,1305.873922240742
2020-08-16 01:00:00,1316.127504156538
2020-08-17 01:00:00,1321.150955638428
2020-08-18 01:00:00,1326.0847228493103
2020-08-19 01:00:00,1330.9420337970084
2020-08-20 01:00:00,1335.7588256344532
2020-08-21 01:00:00,1340.5868020822645
2020-08-23 01:00:00,1350.4889326956352
2020-08-24 01:00:00,1355.6328476261435
2020-08-25 01:00:00,1360.9097719885308
2020-08-26 01:00:00,1366.0445226032489
2020-08-27 01:00:00,1369.2894090947545
2020-08-28 01:00:00,1372.5230844771672
2020-08-30 01:00:00,1378.7503951113667
2020-08-31 01:00:00,1381.6836308401757
2020-09-01 01:00:00,1384.494997019346
2020-09-02 01:00:00,1387.2123007602297
2020-09-03 01:00:00,1388.6893375074287
2020-09-04 01:00:00,1389.1345673611559
2020-09-06 01:00:00,1390.240349053901
2020-09-07 01:00:00,1390.977834582092
2020-09-08 01:00:00,1391.8573801907169
2020-09-09 01:00:00,1392.8650296790959
2020-09-10 01:00:00,1393.9659607364079
2020-09-11 01:00:00,1395.1098704121027
2020-09-13 01:00:00,1397.2995573322257
2020-09-14 01:00:00,1398.2501755380913
2020-09-15 01:00:00,1399.0737070142022
2020-09-16 01:00:00,1399.781680476567
2020-09-17 01:00:00,1400.4140109554132
2020-09-18 01:00:00,1401.031069380887
2020-09-20 01:00:00,1402.4756094278096
2020-09-21 01:00:00,1403.3905971193308
2020-09-22 01:00:00,1404.443672538431
2020-09-23 01:00:00,1405.6028838252118
2020-09-24 01:00:00,1406.8137524979009
2020-09-25 01:00:00,1408.0120078631214
2020-09-27 01:00:00,1410.1441430888142
2020-09-28 01:00:00,1411.0105850327031
2020-09-29 01:00:00,1411.7399826679066
2020-09-30 01:00:00,1412.3597527965571
2020-10-01 01:00:00,1412.9155411794682
2020-10-02 01:00:00,1413.4628623681979
2020-10-04 01:00:00,1414.7472548920252
2020-10-05 01:00:00,1415.5631507248208
2020-10-06 01:00:00,1416.5162998082087
2020-10-07 01:00:00,1417.5956318022786
2020-10-08 01:00:00,1418.769778314992
2020-10-09 01:00:00,1419.9918781869073
2020-10-11 01:00:00,1422.3617034930744
2020-10-12 01:00:00,1423.4137797925712
2020-10-13 01:00:00,1424.341615267456
2020-10-14 01:00:00,1425.1497100720715
2020-10-15 01:00:00,1425.868958412044
2020-10-16 01:00:00,1426.5501869339273
2020-10-18 01:00:00,1428.025299320308
2020-10-19 01:00:00,1428.9014498431566
2020-10-20 01:00:00,1429.8838698814561
2020-10-21 01:00:00,1430.9490784768263
2020-10-22 01:00:00,1432.0535661908577
2020-10-23 01:00:00,1433.1445917295816
2020-10-25 01:00:00,1435.0964154821822
2020-10-26 00:00:00,1435.8671005562965
2020-10-27 00:00:00,1436.551772224019
2020-10-28 00:00:00,1437.132347977963
2020-10-29 00:00:00,1437.6419449178497
2020-10-30 00:00:00,1438.1216646552732
2020-11-01 00:00:00,1439.1529673287062
2020-11-02 00:00:00,1439.7651735795819
2020-11-03 00:00:00,1440.4602277892461
2020-11-04 00:00:00,1441.232887419738
2020-11-05 00:00:00,1442.0636421555123
2020-11-06 00:00:00,1442.9219952814558
2020-11-08 00:00:00,1444.5760017120936
2020-11-09 00:00:00,1445.3063143192935
2020-11-10 00:00:00,1445.094868349412
2020-11-11 00:00:00,1443.0944226159395
2020-11-12 00:00:00,1441.044796352898
2020-11-13 00:00:00,1438.975559060655
2020-11-15 00:00:00,1434.9157261501043
2020-11-16 00:00:00,1432.9784651466032
2020-11-17 00:00:00,1431.1160886523935
2020-11-18 00:00:00,1429.3192818654677
2020-11-19 00:00:00,1427.5671029231285
2020-11-20 00:00:00,1425.8329457608063
2020-11-22 00:00:00,1422.320879153878
2020-11-23 00:00:00,1420.5120721933679
2020-11-24 00:00:00,1418.6636138842146
2020-11-25 00:00:00,1416.7835416281919
2020-11-26 00:00:00,1414.8861155572886
2020-11-27 00:00:00,1412.988402901108
2020-11-29 00:00:00,1405.953287089501
2020-11-30 00:00:00,1401.5869333797057
2020-12-01 00:00:00,1397.258950145544
2020-12-02 00:00:00,1392.9654585197043
2020-12-03 00:00:00,1388.6982811913297
2020-12-04 00:00:00,1384.4469206785452
2020-12-06 00:00:00,1375.9516331479085
2020-12-07 00:00:00,1371.694622904888
2020-12-08 00:00:00,1367.4294986599582
2020-12-09 00:00:00,1363.1597253172326
2020-12-10 00:00:00,1358.8908827954103
2020-12-11 00:00:00,1354.6284879733553
2020-12-13 00:00:00,1346.1319227486513
2020-12-14 00:00:00,1341.8933961295647
2020-12-15 00:00:00,1337.6541537883072
2020-12-16 00:00:00,1333.4085741497133
2020-12-17 00:00:00,1329.1536540866043
2020-12-18 00:00:00,1324.8905294232882
2020-12-20 00:00:00,1316.3652753374554
2020-12-21 00:00:00,1312.1223921881603
2020-12-22 00:00:00,1307.959439338124
2020-12-23 00:00:00,1303.9976299465895
2020-12-24 00:00:00,1300.067625150003
2020-12-27 00:00:00,1288.3838038885176
2020-12-28 00:00:00,1284.4759972153145
2020-12-29 00:00:00,1280.5354259554879
2020-12-30 00:00:00,1276.5515381272164
2020-12-31 00:00:00,1272.521174117196
2021-01-03 00:00:00,1253.9358702067993
2021-01-04 00:00:00,1247.2499602218581
2021-01-05 00:00:00,1240.6397890667668
2021-01-06 00:00:00,1234.1317262418731
2021-01-07 00:00:00,1227.7305609231312
2021-01-08 00:00:00,1221.4162086642712
2021-01-10 00:00:00,1208.8624019476138
2021-01-11 00:00:00,1202.5076773885078
2021-01-12 00:00:00,1196.0348661238625
2021-01-13 00:00:00,1189.41999754651
2021-01-14 00:00:00,1182.6677034148279
2021-01-15 00:00:00,1175.8107327928494
2021-01-17 00:00:00,1162.0108093072054
2021-01-18 00:00:00,1155.1957851521736
2021-01-19 00:00:00,1148.507073138711
2021-01-20 00:00:00,1141.9701465941641
2021-01-21 00:00:00,1135.7297132633864
2021-01-22 00:00:00,1130.4668627412852
2021-01-24 00:00:00,1120.0863951351155
2021-01-25 00:00:00,1114.8318162377345
2021-01-26 00:00:00,1109.4496578013218
2021-01-27 00:00:00,1103.8986873156025
2021-01-28 00:00:00,1098.166810696133
2021-01-29 00:00:00,1092.2759434786103
2021-01-31 00:00:00,1080.2609244127393
2021-02-01 00:00:00,1074.3050461957637
2021-02-02 00:00:00,1068.4926899317609
2021-02-03 00:00:00,1062.8750303891632
2021-02-04 00:00:00,1057.4614814356773
2021-02-05 00:00:00,1052.2161028839853
2021-02-07 00:00:00,1043.5146701173435
2021-02-08 00:00:00,1040.526945968918
2021-02-09 00:00:00,1037.357098795871
2021-02-10 00:00:00,1033.9617927285979
2021-02-11 00:00:00,1030.3423663592414
2021-02-12 00:00:00,1027.3146441977817
2021-02-14 00:00:00,1023.5842082074731
2021-02-15 00:00:00,1021.8135859145793
2021-02-16 00:00:00,1020.2174516716628
2021-02-17 00:00:00,1018.8433434749497
2021-02-18 00:00:00,1017.6999534626108
2021-02-19 00:00:00,1016.756608004301
2021-02-21 00:00:00,1015.1905609244487
2021-02-22 00:00:00,1014.3860621664459
2021-02-23 00:00:00,1013.4487236476499
2021-02-24 00:00:00,1012.315689666009
2021-02-25 00:00:00,1010.9612263175346
2021-02-26 00:00:00,1009.4042784716718
2021-02-28 00:00:00,1005.9688842911626
2021-03-01 00:00:00,1004.2983239824762
2021-03-02 00:00:00,1002.7966056965641
2021-03-03 00:00:00,1001.5296719615893
2021-03-04 00:00:00,1000.5129082892697
2021-03-05 00:00:00,999.7068120814401
2021-03-07 00:00:00,998.3628032000821
2021-03-08 00:00:00,997.6025033473277
2021-03-09 00:00:00,996.6561576110522
2021-03-10 00:00:00,995.4735075850598
2021-03-11 00:00:00,994.052545372627
2021-03-12 00:00:00,992.438177135715
2021-03-14 00:00:00,988.9753676153264
2021-03-15 00:00:00,987.3311738295298
2021-03-16 00:00:00,985.8652415691761
2021-03-17 00:00:00,984.63310001989
2021-03-18 00:00:00,983.6521963508244
2021-03-19 00:00:00,982.9006506814588
2021-03-21 00:00:00,981.835262124151
2021-03-22 00:00:00,981.3479110919931
2021-03-23 00:00:00,980.7719877118021
2021-03-24 00:00:00,980.0396206930491
2021-03-25 00:00:00,979.1165674150357
2021-03-26 00:00:00,978.0105870636256
2021-03-28 00:00:00,977.5710007984101
2021-03-29 01:00:00,977.8723197366039
2021-03-30 01:00:00,978.2585237816477
2021-03-31 01:00:00,978.7772601426042
2021-04-01 01:00:00,979.4388894655682
2021-04-04 01:00:00,981.9860280176028
2021-04-05 01:00:00,982.8493549746145
2021-04-06 01:00:00,983.6374731357805
2021-04-07 01:00:00,984.3252623412137
2021-04-08 01:00:00,984.9111229302249
2021-04-09 01:00:00,985.4157756862501
2021-04-11 01:00:00,986.3414651139377
2021-04-12 01:00:00,986.8565121630576
2021-04-13 01:00:00,987.4617615231206
2021-04-14 01:00:00,988.1834789215497
2021-04-15 01:00:00,989.0312499046616
2021-04-16 01:00:00,989.9974413322574
2021-04-18 01:00:00,992.1824573989126
2021-04-19 01:00:00,993.3277371901739
2021-04-20 01:00:00,994.4565743859964
2021-04-21 01:00:00,995.5382912216876
2021-04-22 01:00:00,996.5557398882825
2021-04-23 01:00:00,997.5173290911052
2021-04-25 01:00:00,1004.0226883778244
2021-04-26 01:00:00,1007.2899588532174
2021-04-27 01:00:00,1010.6167113829955
2021-04-28 01:00:00,1014.029252630747
2021-04-29 01:00:00,1017.5371324781289
2021-04-30 01:00:00,1021.1319607042551
2021-05-02 01:00:00,1028.4800886081846
2021-05-03 01:00:00,1032.168983488376
2021-05-04 01:00:00,1035.8309037087372
2021-05-05 01:00:00,1039.4510585849737
2021-05-06 01:00:00,1043.0276945190199
2021-05-07 01:00:00,1046.571037693507
2021-05-09 01:00:00,1053.6380172466595
2021-05-10 01:00:00,1057.2079115890833
2021-05-11 01:00:00,1060.8285571976285
2021-05-12 01:00:00,1064.5119640376336
2021-05-13 01:00:00,1068.2621220706803
2021-05-14 01:00:00,1072.0751640385604
2021-05-16 01:00:00,1079.8440055606702
2021-05-17 01:00:00,1083.7688022488358
2021-05-18 01:00:00,1088.1632652728194
2021-05-19 01:00:00,1094.521152890857
2021-05-20 01:00:00,1100.886227103451
2021-05-21 01:00:00,1107.2588099792472
2021-05-23 01:00:00,1120.0365603700557
2021-05-24 01:00:00,1126.4488968014405
2021-05-25 01:00:00,1132.881145012375
2021-05-26 01:00:00,1139.3349786537829
2021-05-27 01:00:00,1145.810452358872
2021-05-28 01:00:00,1152.3063004272528
2021-05-30 01:00:00,1165.3515606829574
2021-05-31 01:00:00,1171.8981483648433
2021-06-01 01:00:00,1178.4603603531684
2021-06-02 01:00:00,1185.0391432076106
2021-06-03 01:00:00,1191.6359922316515
2021-06-04 01:00:00,1198.2523831958315
2021-06-06 01:00:00,1211.546512272714
2021-06-07 01:00:00,1218.2231446467508
2021-06-08 01:00:00,1224.917108270509
2021-06-09 01:00:00,1231.6258145550087
2021-06-10 01:00:00,1238.3466344612318
2021-06-11 01:00:00,1245.0774974965134
2021-06-13 01:00:00,1258.5670736557788
2021-06-14 01:00:00,1265.3286081760978
2021-06-15 01:00:00,1272.1057559764943
2021-06-16 01:00:00,1278.9030602918592
2021-06-17 01:00:00,1285.7249564782492
2021-06-18 01:00:00,1292.5746450772567
2021-06-20 01:00:00,1306.3581468814518
2021-06-21 01:00:00,1313.2850550242715
2021-06-22 01:00:00,1320.2267989043191
2021-06-23 01:00:00,1327.1758279946819
2021-06-24 01:00:00,1334.1258491843323
2021-06-25 01:00:00,1341.0735022802485
2021-06-27 01:00:00,1354.9680323244495
2021-06-28 01:00:00,1361.9270805645301
2021-06-29 01:00:00,1368.9054703501422
2021-06-30 01:00:00,1375.911517426111
2021-07-01 01:00:00,1382.95112923002
2021-07-02 01:00:00,1389.335994371508
2021-07-04 01:00:00,1400.8703407730088
2021-07-05 01:00:00,1406.6674534180975
2021-07-06 01:00:00,1412.471638357025
2021-07-07 01:00:00,1418.272994701296
2021-07-08 01:00:00,1421.6654724902824
2021-07-09 01:00:00,1424.8965789816853
2021-07-11 01:00:00,1431.310801761988
2021-07-12 01:00:00,1434.506516402141
2021-07-13 01:00:00,1437.709116948426
2021-07-14 01:00:00,1441.48881632071
2021-07-15 01:00:00,1445.9067509430156
2021-07-16 01:00:00,1450.361800929062
2021-07-18 01:00:00,1459.3826473230035
2021-07-19 01:00:00,1463.9318110893691
2021-07-20 01:00:00,1468.487646478048
2021-07-21 01:00:00,1473.0340971536034
2021-07-22 01:00:00,1477.5579943494242
2021-07-23 01:00:00,1480.7088445192712
2021-07-25 01:00:00,1484.4261052723762
2021-07-26 01:00:00,1486.2612621859455
2021-07-27 01:00:00,1488.10159936801
2021-07-28 01:00:00,1489.9625142476018
2021-07-29 01:00:00,1491.8554194323576
2021-07-30 01:00:00,1493.2008174438006
2021-08-01 01:00:00,1494.1991317011468
2021-08-02 01:00:00,1494.7205175824986
2021-08-03 01:00:00,1495.2369180923326
2021-08-04 01:00:00,1495.7327190519966
2021-08-05 01:00:00,1496.194858867212
2021-08-06 01:00:00,1496.6151547884144
2021-08-08 01:00:00,1497.3310385679406
2021-08-09 01:00:00,1497.6447687860903
2021-08-10 01:00:00,1497.9505559352506
2021-08-11 01:00:00,1498.2675778444654
2021-08-12 01:00:00,1498.6129867753048
2021-08-13 01:00:00,1498.998170253898
2021-08-15 01:00:00,1499.8898678578553
2021-08-16 01:00:00,1500.3748242043223
2021-08-17 01:00:00,1500.8607408672206
2021-08-18 01:00:00,1501.3266475345674
2021-08-19 01:00:00,1501.7553550370608
2021-08-20 01:00:00,1502.1372005934754
2021-08-22 01:00:00,1502.7693831365984
2021-08-23 01:00:00,1503.0455585330037
2021-08-24 01:00:00,1503.3206925460045
2021-08-25 01:00:00,1503.6142356474504
2021-08-26 01:00:00,1503.9413020740126
2021-08-27 01:00:00,1504.3100878810333
2021-08-29 01:00:00,1505.1657480395254
2021-08-30 01:00:00,1505.6313869106543
2021-08-31 01:00:00,1506.1002736294713
2021-09-01 01:00:00,1506.554257457823
2021-09-02 01:00:00,1506.9775067523817
2021-09-03 01:00:00,1507.3593215959322
2021-09-05 01:00:00,1507.993207098034
2021-09-06 01:00:00,1508.2628668367608
2021-09-07 01:00:00,1508.5237821243566
2021-09-08 01:00:00,1508.7967916814466
2021-09-09 01:00:00,1509.1007033999754
2021-09-10 01:00:00,1509.4481181937674
2021-09-12 01:00:00,1510.2771353447179
2021-09-13 01:00:00,1510.7368088573012
2021-09-14 01:00:00,1511.2009837423218
2021-09-15 01:00:00,1511.6484867927236
2021-09-16 01:00:00,1512.0620926833215
2021-09-17 01:00:00,1512.4320717220917
2021-09-19 01:00:00,1513.0482956219478
2021-09-20 01:00:00,1513.31836741187
2021-09-21 01:00:00,1513.5868591139085
2021-09-22 01:00:00,1513.8720610005414
2021-09-23 01:00:00,1514.1885507974544
2021-09-24 01:00:00,1513.05436018035
2021-09-26 01:00:00,1509.2690729332614
2021-09-27 01:00:00,1507.4234700153625
2021-09-28 01:00:00,1505.5907543075593
2021-09-29 01:00:00,1503.7549248705318
2021-09-30 01:00:00,1501.9014328879173
2021-10-01 01:00:00,1500.019706096645
2021-10-03 01:00:00,1496.1602427922355
2021-10-04 01:00:00,1494.1943389971818
2021-10-05 01:00:00,1492.2220862133709
2021-10-06 01:00:00,1490.2605425569127
2021-10-07 01:00:00,1488.3255561825233
2021-10-08 01:00:00,1486.4282225072348
2021-10-10 01:00:00,1482.2196753101966
2021-10-11 01:00:00,1478.2815696737568
2021-10-12 01:00:00,1474.3741721069514
2021-10-13 01:00:00,1470.450122750501
2021-10-14 01:00:00,1466.4710133271265
2021-10-15 01:00:00,1462.415276872574
2021-10-17 01:00:00,1454.087290053252
2021-10-18 01:00:00,1449.8639581937257
2021-10-19 01:00:00,1445.6496729344988
2021-10-20 01:00:00,1441.481702581766
2021-10-21 01:00:00,1437.39001307317
2021-10-22 01:00:00,1433.3929701170648
2021-10-24 01:00:00,1425.6894448112091
2021-10-25 01:00:00,1421.9559706850046
2021-10-26 01:00:00,1418.2690860689415
2021-10-27 01:00:00,1414.6001946820418
2021-10-28 01:00:00,1410.9228523331992
2021-10-29 01:00:00,1407.2172112367484
2021-10-31 01:00:00,1399.6937651758374
2021-11-01 00:00:00,1396.049756847892
2021-11-02 00:00:00,1392.2470975937365
2021-11-03 00:00:00,1388.4697801219365
2021-11-04 00:00:00,1384.7428485964092
2021-11-05 00:00:00,1381.0844687097106
2021-11-07 00:00:00,1373.9920463010992
2021-11-08 00:00:00,1370.5405541943137
2021-11-09 00:00:00,1367.1292763660597
2021-11-10 00:00:00,1363.7398224840776
2021-11-11 00:00:00,1360.3585836151974
2021-11-12 00:00:00,1356.9793768994184
2021-11-14 00:00:00,1350.240949116447
2021-11-15 00:00:00,1346.9022328136182
2021-11-16 00:00:00,1343.600726466317
2021-11-17 00:00:00,1340.3473336995721
2021-11-18 00:00:00,1336.723942616704
2021-11-19 00:00:00,1332.1399436960728
2021-11-21 00:00:00,1323.1389510112365
2021-11-22 00:00:00,1318.7141332982678
2021-11-23 00:00:00,1314.334569086109
2021-11-24 00:00:00,1309.9986707834491
2021-11-25 00:00:00,1305.7078945349926
2021-11-26 00:00:00,1301.4668596404777
2021-11-28 00:00:00,1293.163013501636
2021-11-29 00:00:00,1289.1149165349902
2021-11-30 00:00:00,1285.141980995823
2021-12-01 00:00:00,1281.2434088187076
2021-12-02 00:00:00,1277.413895498989
2021-12-03 00:00:00,1273.6451884358419
2021-12-05 00:00:00,1266.2603670157246
2021-12-06 00:00:00,1262.6411399843118
2021-12-07 00:00:00,1259.0811222823372
2021-12-08 00:00:00,1255.5971522447749
2021-12-09 00:00:00,1252.2102392187994
2021-12-10 00:00:00,1248.9411372265517
2021-12-12 00:00:00,1242.8129688744657
2021-12-13 00:00:00,1239.9611936292497
2021-12-14 00:00:00,1237.2408591479111
2021-12-15 00:00:00,1234.6355988491312
2021-12-16 00:00:00,1231.8910931826372
2021-12-17 00:00:00,1228.074324894335
2021-12-19 00:00:00,1220.4905331679959
2021-12-20 00:00:00,1216.7105043329007
2021-12-21 00:00:00,1212.957881082925
2021-12-22 00:00:00,1209.2679042901607
2021-12-23 00:00:00,1205.6878284975496
2021-12-26 00:00:00,1196.0957831058897
2021-12-27 00:00:00,1193.382560942724
2021-12-28 00:00:00,1190.9028629588436
2021-12-29 00:00:00,1188.609569772593
2021-12-30 00:00:00,1186.434042395217
2021-12-31 00:00:00,1184.2987462928338
2022-01-02 00:00:00,1179.8922639382406
2022-01-03 00:00:00,1177.5630485829727
2022-01-04 00:00:00,1175.17183822734
2022-01-05 00:00:00,1172.7741464822664
2022-01-06 00:00:00,1170.4395342464259
2022-01-07 00:00:00,1168.2325088907473
2022-01-09 00:00:00,1164.337258996712
2022-01-10 00:00:00,1162.631198790096
2022-01-11 00:00:00,1161.0182846569642
2022-01-12 00:00:00,1159.4174143976365
2022-01-13 00:00:00,1157.737947747074
2022-01-14 00:00:00,1155.8930887453391
2022-01-16 00:00:00,1151.4506085201108
2022-01-17 00:00:00,1148.7960727489788
2022-01-18 00:00:00,1145.8706325534101
2022-01-19 00:00:00,1142.727586517022
2022-01-20 00:00:00,1139.4431314791213
2022-01-21 00:00:00,1136.1033047829108
2022-01-23 00:00:00,1129.5539072065703
2022-01-24 00:00:00,1126.4223576779402
2022-01-25 00:00:00,1123.370816824317
2022-01-26 00:00:00,1120.334827698835
2022-01-27 00:00:00,1117.2186807012113
2022-01-28 00:00:00,1113.914347695295
2022-01-30 00:00:00,1106.3873652102893
2022-01-31 00:00:00,1102.089043812922
2022-02-01 00:00:00,1097.4717053621027
2022-02-02 00:00:00,1092.6225691329578
2022-02-03 00:00:00,1087.6535481679027
2022-02-04 00:00:00,1082.6751747082055
2022-02-06 00:00:00,1072.990430518371
2022-02-07 00:00:00,1068.3253149271784
2022-02-08 00:00:00,1063.7316876826392
2022-02-09 00:00:00,1059.1323297234096
2022-02-10 00:00:00,1054.4341276632254
2022-02-11 00:00:00,1049.5449356291736
2022-02-13 00:00:00,1038.9217938397087
2022-02-14 00:00:00,1033.13463942154
2022-02-15 00:00:00,1027.0613229932248
2022-02-16 00:00:00,1020.7724511613901
2022-02-17 00:00:00,1014.5025483228602
2022-02-18 00:00:00,1008.3608682930011
2022-02-20 00:00:00,996.2996520803872
2022-02-21 00:00:00,990.488899554504
2022-02-22 00:00:00,984.8202412082985
2022-02-23 00:00:00,979.2313216130873
2022-02-24 00:00:00,973.6254874974159
2022-02-25 00:00:00,967.8921990807471
2022-02-27 00:00:00,955.6767306103527
2022-02-28 00:00:00,949.1110314142186
2022-03-01 00:00:00,942.2711069589885
2022-03-02 00:00:00,935.238606547545
2022-03-03 00:00:00,928.1208645181988
2022-03-04 00:00:00,921.0267775774049
2022-03-06 00:00:00,907.2237111864537
2022-03-07 00:00:00,900.7380365242154
2022-03-08 00:00:00,894.4928817144059
2022-03-09 00:00:00,888.337968896842
2022-03-10 00:00:00,882.1888872052526
2022-03-11 00:00:00,875.958400479569
2022-03-13 00:00:00,862.9769796021338
2022-03-14 00:00:00,856.1580001945367
2022-03-15 00:00:00,849.133544941448
2022-03-16 00:00:00,841.9566896523584
2022-03-17 00:00:00,834.7056169859201
2022-03-18 00:00:00,827.4698254841994
2022-03-20 00:00:00,813.3593140269245
2022-03-21 00:00:00,806.5754232893429
2022-03-22 00:00:00,799.9698210602653
2022-03-23 00:00:00,793.4925434402485
2022-03-24 00:00:00,787.0662612535061
2022-03-25 00:00:00,780.6030004374326
2022-03-27 00:00:00,767.2741539566256
2022-03-28 01:00:00,760.0445072883879
2022-03-29 01:00:00,753.374272459035
2022-03-30 01:00:00,748.0585730781354
2022-03-31 01:00:00,742.721767541376
2022-04-01 01:00:00,737.4384173458434
2022-04-03 01:00:00,727.2512088111847
2022-04-04 01:00:00,722.3921764970615
2022-04-05 01:00:00,717.6731189161594
2022-04-06 01:00:00,714.3478038711976
2022-04-07 01:00:00,711.1123354077109
2022-04-08 01:00:00,707.8673567102434
2022-04-10 01:00:00,701.1592309367876
2022-04-11 01:00:00,697.6431481362245
2022-04-12 01:00:00,694.0197667020154
2022-04-13 01:00:00,690.3162859973612
2022-04-14 01:00:00,686.5755747445861
2022-04-17 01:00:00,675.6091652062745
2022-04-18 01:00:00,672.150241120677
2022-04-19 01:00:00,668.7979956059979
2022-04-20 01:00:00,665.5266783108185
2022-04-21 01:00:00,662.2970506394969
2022-04-22 01:00:00,659.0658337523986
2022-04-24 01:00:00,652.4633562869193
2022-04-25 01:00:00,649.0630261474734
2022-04-26 01:00:00,645.6062225614488
2022-04-27 01:00:00,642.1168703262123
2022-04-28 01:00:00,638.6244622560919
2022-04-29 01:00:00,635.1571077438906
2022-05-01 01:00:00,628.663971876963
2022-05-02 01:00:00,627.2179378657073
2022-05-03 01:00:00,625.8267897538299
2022-05-04 01:00:00,624.475857375868
2022-05-05 01:00:00,623.1480937775151
2022-05-06 01:00:00,621.8276441547895
2022-05-08 01:00:00,619.1674525074768
2022-05-09 01:00:00,617.8220587396597
2022-05-10 01:00:00,616.472016747375
2022-05-11 01:00:00,615.1258012995211
2022-05-12 01:00:00,613.7920571316397
2022-05-13 01:00:00,612.4767671199701
2022-05-15 01:00:00,609.9018850021866
2022-05-16 01:00:00,608.6310635305424
2022-05-17 01:00:00,607.36030163863
2022-05-18 01:00:00,606.0836232355764
2022-05-19 01:00:00,604.8005920425796
2022-05-20 01:00:00,603.517745823453
2022-05-22 01:00:00,601.0048679908192
2022-05-23 01:00:00,599.8032917664976
2022-05-24 01:00:00,598.6500445482799
2022-05-25 01:00:00,597.5436610781434
2022-05-26 01:00:00,596.4732186662127
2022-05-27 01:00:00,595.4199693344665
2022-05-29 01:00:00,593.2723603570274
2022-05-30 01:00:00,592.8387641790846
2022-05-31 01:00:00,592.8044011483215
2022-06-01 01:00:00,592.7144207933418
2022-06-02 01:00:00,592.5811910820593
2022-06-03 01:00:00,592.4279697823038
2022-06-05 01:00:00,592.1888483651794
2022-06-06 01:00:00,592.167817960711
2022-06-07 01:00:00,592.2439760589974
2022-06-08 01:00:00,592.4235200236084
2022-06-09 01:00:00,592.6945531050475
2022-06-10 01:00:00,593.0274153343897
2022-06-12 01:00:00,593.8990087837296
2022-06-13 01:00:00,596.412531505626
2022-06-14 01:00:00,598.8279977756831
2022-06-15 01:00:00,601.1428616704818
2022-06-16 01:00:00,603.382057094326
2022-06-17 01:00:00,607.2146055229333
2022-06-19 01:00:00,616.8048105844961
2022-06-20 01:00:00,621.7162865844732
2022-06-21 01:00:00,626.7219030378996
2022-06-22 01:00:00,631.8129781029736
2022-06-23 01:00:00,636.9657534954617
2022-06-24 01:00:00,642.1463509922095
2022-06-26 01:00:00,652.4438345501943
2022-06-27 01:00:00,657.5004526564195
2022-06-28 01:00:00,662.4744955179615
2022-06-29 01:00:00,667.3688357848429
2022-06-30 01:00:00,672.201873663843
2022-07-01 01:00:00,677.0052478179168
2022-07-03 01:00:00,686.6869279208329
2022-07-04 01:00:00,691.646083031869
2022-07-05 01:00:00,696.7229603943667
2022-07-06 01:00:00,701.9262841192423
2022-07-07 01:00:00,707.2445039083804
2022-07-08 01:00:00,712.6466436784151
2022-07-10 01:00:00,723.5144727186449
2022-07-11 01:00:00,728.8817437055739
2022-07-12 01:00:00,734.1580260001723
2022-07-13 01:00:00,739.3365731446684
2022-07-14 01:00:00,744.4377768829297
2022-07-15 01:00:00,749.504955796119
2022-07-17 01:00:00,759.758370187038
2022-07-18 01:00:00,765.0382772385508
2022-07-19 01:00:00,770.4498193919114
2022-07-20 01:00:00,775.9835706955737
2022-07-21 01:00:00,781.607578422583
2022-07-22 01:00:00,787.2746457765178
2022-07-24 01:00:00,798.5291990046663
2022-07-25 01:00:00,804.0296865713067
2022-07-26 01:00:00,809.4136305348378
2022-07-27 01:00:00,814.6828199011845
2022-07-28 01:00:00,819.8604064988197
2022-07-29 01:00:00,824.9876805181126
2022-07-31 01:00:00,835.3075297550006
2022-08-01 01:00:00,840.6860002816006
2022-08-02 01:00:00,846.9496984515499
2022-08-03 01:00:00,855.4678539131147
2022-08-04 01:00:00,863.948910621488
2022-08-05 01:00:00,872.4046429113961
2022-08-07 01:00:00,889.3142824573445
2022-08-08 01:00:00,897.8076471935257
2022-08-09 01:00:00,906.3459486755422
2022-08-10 01:00:00,914.9328420309322
2022-08-11 01:00:00,923.5614798601133
2022-08-12 01:00:00,932.215965704087
2022-08-14 01:00:00,949.5180587627717
2022-08-15 01:00:00,958.1282996140473
2022-08-16 01:00:00,966.6978833877172
2022-08-17 01:00:00,975.2281067860525
2022-08-18 01:00:00,983.7286080463863
2022-08-19 01:00:00,992.2148749257065
2022-08-21 01:00:00,1009.2160881016115
2022-08-22 01:00:00,1017.7615735189204
2022-08-23 01:00:00,1026.3485972491148
2022-08-24 01:00:00,1034.9769266609896
2022-08-25 01:00:00,1043.638829948172
2022-08-26 01:00:00,1052.3201804901516
2022-08-28 01:00:00,1069.6665480703305
2022-08-29 01:00:00,1077.5544552905594
2022-08-30 01:00:00,1083.5256776846265
2022-08-31 01:00:00,1089.4427052984506
2022-09-01 01:00:00,1095.3084349164337
2022-09-02 01:00:00,1101.1335377334474
2022-09-04 01:00:00,1112.7301280064478
2022-09-05 01:00:00,1118.5379559967796
2022-09-06 01:00:00,1124.3698711103173
2022-09-07 01:00:00,1130.2295285228568
2022-09-08 01:00:00,1136.1111678148459
2022-09-09 01:00:00,1142.0011155765776
2022-09-11 01:00:00,1153.7318997250622
2022-09-12 01:00:00,1159.538916393294
2022-09-13 01:00:00,1165.2935508756157
2022-09-14 01:00:00,1170.9950128425057
2022-09-15 01:00:00,1176.6495620091073
2022-09-16 01:00:00,1182.2686329942437
2022-09-18 01:00:00,1193.4563096222985
2022-09-19 01:00:00,1199.0499858148512
2022-09-20 01:00:00,1204.6538640449473
2022-09-21 01:00:00,1210.268761859455
2022-09-22 01:00:00,1215.889552747539
2022-09-23 01:00:00,1221.50596727992
2022-09-25 01:00:00,1232.6694897942314
2022-09-26 01:00:00,1238.1879875691309
2022-09-27 01:00:00,1243.6496688855218
2022-09-28 01:00:00,1249.049702990465
2022-09-29 01:00:00,1254.3892452766831
2022-09-30 01:00:00,1259.675022889906
2022-10-02 01:00:00,1269.319350668108
2022-10-03 01:00:00,1271.7522620541451
2022-10-04 01:00:00,1274.174207100028
2022-10-05 01:00:00,1276.587392014261
2022-10-06 01:00:00,1278.988138694541
2022-10-07 01:00:00,1281.3678830928916
2022-10-09 01:00:00,1286.0190163468274
2022-10-10 01:00:00,1288.2696219794175
2022-10-11 01:00:00,1290.4615436876775
2022-10-12 01:00:00,1292.5934283932754
2022-10-13 01:00:00,1294.6678066618829
2022-10-14 01:00:00,1296.6900562767803
2022-10-16 01:00:00,1300.6054736456394
2022-10-17 01:00:00,1302.510954973364
2022-10-18 01:00:00,1304.3866624948882
2022-10-19 01:00:00,1306.233009378204
2022-10-20 01:00:00,1308.0476116443283
2022-10-21 01:00:00,1309.8257845560806
2022-10-23 01:00:00,1313.248171885342
2022-10-24 01:00:00,1314.880435372302
2022-10-25 01:00:00,1316.4543927219881
2022-10-26 01:00:00,1317.9684607157606
2022-10-27 01:00:00,1319.4233331313167
2022-10-28 01:00:00,1320.8215037536236
2022-10-30 01:00:00,1323.4613888926926
2022-10-31 00:00:00,1324.6570260403714
2022-11-01 00:00:00,1325.8596527372233
2022-11-02 00:00:00,1327.0148471010145
2022-11-03 00:00:00,1328.1207978653515
2022-11-04 00:00:00,1326.697184964587
2022-11-06 00:00:00,1323.4160483567666
2022-11-07 00:00:00,1319.2132759558303
2022-11-08 00:00:00,1314.9582400667455
2022-11-09 00:00:00,1310.6491826885897
2022-11-10 00:00:00,1306.284527991237
2022-11-11 00:00:00,1301.8634733469862
2022-11-13 00:00:00,1292.8551286954298
2022-11-14 00:00:00,1288.2726143590985
2022-11-15 00:00:00,1283.6426850321404
2022-11-16 00:00:00,1278.9692893849985
2022-11-17 00:00:00,1274.2557351646526
2022-11-18 00:00:00,1269.5039661870123
2022-11-20 00:00:00,1259.884176977691
2022-11-21 00:00:00,1255.0108023249848
2022-11-22 00:00:00,1250.0897222466413
2022-11-23 00:00:00,1245.1172226776346
2022-11-24 00:00:00,1240.0915195600396
2022-11-25 00:00:00,1235.013987123009
2022-11-27 00:00:00,1224.727693581996
2022-11-28 00:00:00,1219.5385456729982
2022-11-29 00:00:00,1214.3334833228407
2022-11-30 00:00:00,1209.1215146182196
2022-12-01 00:00:00,1203.9078801458586
2022-12-02 00:00:00,1196.1477569603867
2022-12-04 00:00:00,1179.1461322544258
2022-12-05 00:00:00,1170.6150887742388
2022-12-06 00:00:00,1162.0563645539305
2022-12-07 00:00:00,1153.4670728203207
2022-12-08 00:00:00,1144.848157923318
2022-12-09 00:00:00,1136.205027489289
2022-12-11 00:00:00,1118.888943176351
2022-12-12 00:00:00,1110.245063055796
2022-12-13 00:00:00,1101.6318620619081
2022-12-14 00:00:00,1093.063662385428
2022-12-15 00:00:00,1084.5511303924
2022-12-16 00:00:00,1076.099774577277
2022-12-18 00:00:00,1059.3734158439636
2022-12-19 00:00:00,1051.0820747509983
2022-12-20 00:00:00,1042.8229145706189
2022-12-21 00:00:00,1034.5847580635332
2022-12-22 00:00:00,1026.3607589643373
2022-12-23 00:00:00,1018.1510778584985
2022-12-26 00:00:00,993.7262133712991
2022-12-27 00:00:00,985.7153927770413
2022-12-28 00:00:00,977.7985781242281
2022-12-29 00:00:00,969.9828899527489
2022-12-30 00:00:00,962.2661851411219
2023-01-02 00:00:00,939.5818240872361
2023-01-03 00:00:00,932.1190147733981
2023-01-04 00:00:00,924.6819457421541
2023-01-05 00:00:00,917.264725607169
2023-01-06 00:00:00,909.8687425303866
2023-01-08 00:00:00,895.1801596920982
2023-01-09 00:00:00,887.9196331457488
2023-01-10 00:00:00,880.7394485175633
2023-01-11 00:00:00,873.655854225218
2023-01-12 00:00:00,866.6799838811684
2023-01-13 00:00:00,859.8157462556064
2023-01-15 00:00:00,846.3968122683765
2023-01-16 00:00:00,839.8112775028168
2023-01-17 00:00:00,833.2804863139144
2023-01-18 00:00:00,826.7836018276932
2023-01-19 00:00:00,820.3050377065252
2023-01-20 00:00:00,813.838245047931
2023-01-22 00:00:00,800.9683626527674
2023-01-23 00:00:00,794.7783070295857
2023-01-24 00:00:00,790.7502728081867
2023-01-25 00:00:00,786.8137733877664
2023-01-26 00:00:00,782.9770603330815
2023-01-27 00:00:00,779.2372458077084
2023-01-29 00:00:00,771.9898900828209
2023-01-30 00:00:00,768.4402181806595
2023-01-31 00:00:00,764.9115060878139
2023-02-01 00:00:00,761.38781480083
2023-02-02 00:00:00,757.8605415430594
2023-02-03 00:00:00,754.3294723058674
2023-02-05 00:00:00,747.2940482375822
2023-02-06 00:00:00,743.8226671917795
2023-02-07 00:00:00,740.4078271919757
2023-02-08 00:00:00,737.0667316578679
2023-02-09 00:00:00,733.8114168749814
2023-02-10 00:00:00,730.6466403999135
2023-02-12 00:00:00,724.5666435322231
2023-02-13 00:00:00,721.6221436259505
2023-02-14 00:00:00,718.7142098834468
2023-02-15 00:00:00,715.8221273190595
2023-02-16 00:00:00,712.9298218736241
2023-02-17 00:00:00,710.0294842724801
2023-02-19 00:00:00,704.2245055456161
2023-02-20 00:00:00,701.3515598004942
2023-02-21 00:00:00,698.5257524029552
2023-02-22 00:00:00,695.7645620208835
2023-02-23 00:00:00,693.0775947784016
2023-02-24 00:00:00,690.4647608423293
2023-02-26 00:00:00,685.4185620951665
2023-02-27 00:00:00,682.9510923600949
2023-02-28 00:00:00,680.4967151910324
2023-03-01 00:00:00,678.0414011131397
2023-03-02 00:00:00,675.5770501578974
2023-03-03 00:00:00,674.6345256480714
2023-03-05 00:00:00,673.6567695373463
2023-03-06 00:00:00,673.1861380723659
2023-03-07 00:00:00,672.7477472043172
2023-03-08 00:00:00,672.3552295932072
2023-03-09 00:00:00,672.0183573076368
2023-03-10 00:00:00,671.7414724424688
2023-03-12 00:00:00,671.3546167797971
2023-03-13 00:00:00,671.2247148061722
2023-03-14 00:00:00,671.1183273746789
2023-03-15 00:00:00,671.0209683183137
2023-03-16 00:00:00,670.9212969114086
2023-03-17 00:00:00,670.8135216684126
2023-03-19 00:00:00,670.5843104804891
2023-03-20 00:00:00,670.4824767006007
2023-03-21 00:00:00,671.4381563958108
2023-03-22 00:00:00,673.9342260816986
2023-03-23 00:00:00,676.4213639123218
2023-03-24 00:00:00,678.8978145762565
2023-03-26 00:00:00,683.8374837898652
2023-03-27 01:00:00,686.4210210391415
2023-03-28 01:00:00,688.9230745947768
2023-03-29 01:00:00,691.4534592970277
2023-03-30 01:00:00,694.0166807441266
2023-03-31 01:00:00,696.8619372537536
2023-04-02 01:00:00,706.6825216837135
2023-04-03 01:00:00,711.6169908765041
2023-04-04 01:00:00,716.557508956741
2023-04-05 01:00:00,721.4974232970388
2023-04-06 01:00:00,726.4320951419681
2023-04-09 01:00:00,741.1984396480165
2023-04-10 01:00:00,746.1181408295539
2023-04-11 01:00:00,751.0452344529117
2023-04-12 01:00:00,755.9847120938458
2023-04-13 01:00:00,760.9399519363212
2023-04-14 01:00:00,765.9121224383742
2023-04-16 01:00:00,775.9010149168562
2023-04-17 01:00:00,780.9112478012792
2023-04-18 01:00:00,785.9274212206196
2023-04-19 01:00:00,790.947278446873
2023-04-20 01:00:00,795.9700373091183
2023-04-21 01:00:00,800.9962941955292
2023-04-23 01:00:00,811.0654469396776
2023-04-24 01:00:00,816.1113233010335
2023-04-25 01:00:00,821.1655912278368
2023-04-26 01:00:00,826.2276786682562
2023-04-27 01:00:00,831.2961590968436
2023-04-28 01:00:00,836.369143383894
2023-04-30 01:00:00,846.5219505426977
2023-05-01 01:00:00,851.6003776705876
2023-05-02 01:00:00,856.6811267732312
2023-05-03 01:00:00,861.7663555237208
2023-05-04 01:00:00,866.8589515823686
2023-05-05 01:00:00,871.9618841571738
2023-05-07 01:00:00,882.2062968228175
2023-05-08 01:00:00,887.3472874593064
2023-05-09 01:00:00,892.4969719160274
2023-05-10 01:00:00,897.6502626979529
2023-05-11 01:00:00,902.8014503330038
2023-05-12 01:00:00,907.9455965631769
2023-05-14 01:00:00,918.2045201591866
2023-05-15 01:00:00,923.3231555774705
2023-05-16 01:00:00,928.4419368435764
2023-05-17 01:00:00,933.5683439535009
2023-05-18 01:00:00,938.7095088388044
2023-05-19 01:00:00,943.8706341827154
2023-05-21 01:00:00,954.2573872621512
2023-05-22 01:00:00,959.4762025637076
2023-05-23 01:00:00,964.7022554493466
2023-05-24 01:00:00,969.9260509104384
2023-05-25 01:00:00,975.1381812167735
2023-05-26 01:00:00,980.3309488716284
2023-05-28 01:00:00,990.6439080106749
2023-05-29 01:00:00,995.7670000179288
2023-05-30 01:00:00,1000.876261074661
2023-05-31 01:00:00,1005.9814457181526
2023-06-01 01:00:00,1011.0930739947315
2023-06-02 01:00:00,1016.2402135539108
2023-06-04 01:00:00,1027.6081201583388
2023-06-05 01:00:00,1033.3948459666094
2023-06-06 01:00:00,1039.2145964619333
2023-06-07 01:00:00,1045.0259453096844
2023-06-08 01:00:00,1050.7858474000266
2023-06-09 01:00:00,1056.4597781717353
2023-06-11 01:00:00,1067.503025934833
2023-06-12 01:00:00,1072.901959666975
2023-06-13 01:00:00,1078.2675648665984
2023-06-14 01:00:00,1083.6459621092788
2023-06-15 01:00:00,1089.0796725475282
2023-06-16 01:00:00,1094.5991748699885
2023-06-18 01:00:00,1105.92610094612
2023-06-19 01:00:00,1111.6996408178168
2023-06-20 01:00:00,1117.496811801583
2023-06-21 01:00:00,1123.268886409145
2023-06-22 01:00:00,1128.9673578026282
2023-06-23 01:00:00,1134.551870308301
2023-06-25 01:00:00,1145.2955582685618
2023-06-26 01:00:00,1150.461619077788
2023-06-27 01:00:00,1155.5265626545133
2023-06-28 01:00:00,1160.534742595198
2023-06-29 01:00:00,1165.5354618589731
2023-06-30 01:00:00,1170.5735182738615
2023-07-02 01:00:00,1180.8619851657413
2023-07-03 01:00:00,1186.1029602232677
2023-07-04 01:00:00,1191.3599200920276
2023-07-05 01:00:00,1196.5738381148474
2023-07-06 01:00:00,1201.682533562708
2023-07-07 01:00:00,1206.6355579854282
2023-07-09 01:00:00,1215.9976258479903
2023-07-10 01:00:00,1220.4398630703845
2023-07-11 01:00:00,1224.7827853533909
2023-07-12 01:00:00,1229.0837899094245
2023-07-13 01:00:00,1233.3955735224945
2023-07-14 01:00:00,1237.7556960489833
2023-07-16 01:00:00,1246.65808961836
2023-07-17 01:00:00,1251.1586861902665
2023-07-18 01:00:00,1255.6313834654638
2023-07-19 01:00:00,1260.0166298211082
2023-07-20 01:00:00,1264.2547978296013
2023-07-21 01:00:00,1268.0343584442564
2023-07-23 01:00:00,1272.7400080093976
2023-07-24 01:00:00,1274.7341254256871
2023-07-25 01:00:00,1276.525824906327
2023-07-26 01:00:00,1278.1638703284423
2023-07-27 01:00:00,1279.7045757476956
2023-07-28 01:00:00,1281.2015102738226
2023-07-30 01:00:00,1284.201586582902
2023-07-31 01:00:00,1285.7117112624055
2023-08-01 01:00:00,1287.1882269915911
2023-08-02 01:00:00,1288.5761616846692
2023-08-03 01:00:00,1289.816596089311
2023-08-04 01:00:00,1290.8628035629886
2023-08-06 01:00:00,1292.3168932631122
2023-08-07 01:00:00,1292.7729839556494
2023-08-08 01:00:00,1293.1209448045927
2023-08-09 01:00:00,1293.429296365851
2023-08-10 01:00:00,1293.7631036685757
2023-08-11 01:00:00,1294.173592624891
2023-08-13 01:00:00,1295.3235218188827
2023-08-14 01:00:00,1296.0558178401834
2023-08-15 01:00:00,1296.857222382556
2023-08-16 01:00:00,1297.6877117287727
2023-08-17 01:00:00,1298.5067467024192
2023-08-18 01:00:00,1299.2814284638134
2023-08-20 01:00:00,1300.6413474944475
2023-08-21 01:00:00,1301.2455051513894
2023-08-22 01:00:00,1301.8425963986874
2023-08-23 01:00:00,1302.4828008457705
2023-08-24 01:00:00,1303.22229322108
2023-08-25 01:00:00,1304.114435431734
2023-08-27 01:00:00,1306.5022550201272
2023-08-28 01:00:00,1308.0166456149946
2023-08-29 01:00:00,1309.7173369541908
2023-08-30 01:00:00,1311.5609126628283
2023-08-31 01:00:00,1313.4979794411215
2023-09-01 01:00:00,1315.4859448077661
2023-09-03 01:00:00,1319.536023723249
2023-09-04 01:00:00,1321.614273459666
2023-09-05 01:00:00,1323.7687750621533
2023-09-06 01:00:00,1326.0407704503461
2023-09-07 01:00:00,1328.4690368234692
2023-09-08 01:00:00,1331.082169871873
2023-09-10 01:00:00,1336.8997828496056
2023-09-11 01:00:00,1340.08159427799
2023-09-12 01:00:00,1343.4081130859524
2023-09-13 01:00:00,1346.8421126397404
2023-09-14 01:00:00,1350.3460620360702
2023-09-15 01:00:00,1353.8876872992207
2023-09-17 01:00:00,1361.0054700862026
2023-09-18 01:00:00,1364.5736035215632
2023-09-19 01:00:00,1368.162761070672
2023-09-20 01:00:00,1371.795540180889
2023-09-21 01:00:00,1375.4985895950128
2023-09-22 01:00:00,1379.2972702781337
2023-09-24 01:00:00,1387.245584648378
2023-09-25 01:00:00,1391.3979849000068
2023-09-26 01:00:00,1395.6504291283245
2023-09-27 01:00:00,1399.977597257539
2023-09-28 01:00:00,1404.3518916113778
2023-09-29 01:00:00,1408.7497266994806
2023-10-01 01:00:00,1417.5681939169413
2023-10-02 01:00:00,1421.991522596099
2023-10-03 01:00:00,1426.4397772754046
2023-10-04 01:00:00,1430.9290610363848
2023-10-05 01:00:00,1434.970751229846
2023-10-06 01:00:00,1438.2602300994379
2023-10-08 01:00:00,1444.9850769592676
2023-10-09 01:00:00,1448.4147712097451
2023-10-10 01:00:00,1451.8833985969852
2023-10-11 01:00:00,1453.9495088199376
2023-10-12 01:00:00,1455.6404930293586
2023-10-13 01:00:00,1457.3388095746532
2023-10-15 01:00:00,1460.754316510386
2023-10-16 01:00:00,1462.4727541291304
2023-10-17 01:00:00,1464.2001916461077
2023-10-18 01:00:00,1465.937975596224
2023-10-19 01:00:00,1467.6867548465261
2023-10-20 01:00:00,1469.4461583835825
2023-10-22 01:00:00,1472.9905597972129
2023-10-23 01:00:00,1474.7713673211513
2023-10-24 01:00:00,1476.5558465107842
2023-10-25 01:00:00,1478.343936160304
2023-10-26 01:00:00,1480.137173726903
2023-10-27 01:00:00,1481.9383453656792
2023-10-29 01:00:00,1484.9387766516586
2023-10-30 00:00:00,1485.1232672752315
2023-10-31 00:00:00,1485.3285109405233
2023-11-01 00:00:00,1485.5440417616362
2023-11-02 00:00:00,1485.765578846851
2023-11-03 00:00:00,1485.9877841927785
2023-11-05 00:00:00,1486.414022782575
2023-11-06 00:00:00,1486.611750514573
2023-11-07 00:00:00,1486.7990554655503
2023-11-08 00:00:00,1486.9792450311509
2023-11-09 00:00:00,1487.1580040360627
2023-11-10 00:00:00,1487.3425518418815
2023-11-12 00:00:00,1487.5560383315844
2023-11-13 00:00:00,1486.3111528266897
2023-11-14 00:00:00,1485.0891759965955
2023-11-15 00:00:00,1483.8866734840567
2023-11-16 00:00:00,1482.696302488096
2023-11-17 00:00:00,1481.5079367705496
2023-11-19 00:00:00,1479.0951860104256
2023-11-20 00:00:00,1477.8563639024244
2023-11-21 00:00:00,1476.5946810502478
2023-11-22 00:00:00,1475.3165346907235
2023-11-23 00:00:00,1474.033171182922
2023-11-24 00:00:00,1472.7582232101734
2023-11-26 00:00:00,1470.282865374537
2023-11-27 00:00:00,1469.0966701786217
2023-11-28 00:00:00,1467.944317803333
2023-11-29 00:00:00,1466.8178851683324
2023-11-30 00:00:00,1464.9669124163606
2023-12-01 00:00:00,1461.262215844964
2023-12-03 00:00:00,1453.9040486400365
2023-12-04 00:00:00,1450.2674067042062
2023-12-05 00:00:00,1446.660796407614
2023-12-06 00:00:00,1443.0778812003855
2023-12-07 00:00:00,1439.507211151035
2023-12-08 00:00:00,1435.934073668151
2023-12-10 00:00:00,1428.7203142244275
2023-12-11 00:00:00,1422.9047487304229
2023-12-12 00:00:00,1416.6886205195942
2023-12-13 00:00:00,1410.4387594596435
2023-12-14 00:00:00,1404.1687090923922
2023-12-15 00:00:00,1397.8972275298238
2023-12-17 00:00:00,1385.4275166514758
2023-12-18 00:00:00,1379.2560905557984
2023-12-19 00:00:00,1373.1302990112795
2023-12-20 00:00:00,1367.0404195379724
2023-12-21 00:00:00,1360.969197987332
2023-12-22 00:00:00,1353.1366349267716
2023-12-25 00:00:00,1327.324555868776
2023-12-26 00:00:00,1318.6333104043679
2023-12-27 00:00:00,1309.908955822399
2023-12-28 00:00:00,1301.1686272725265
2023-12-29 00:00:00,1292.432734850083
2024-01-01 00:00:00,1266.430746104669
2024-01-02 00:00:00,1257.8634652939709
2024-01-03 00:00:00,1249.342807314404
2024-01-04 00:00:00,1240.8557220411421
2024-01-05 00:00:00,1232.3843169304073
2024-01-07 00:00:00,1215.4111795875754
2024-01-08 00:00:00,1206.878313755517
2024-01-09 00:00:00,1198.3053127764456
2024-01-10 00:00:00,1189.6969979780697
2024-01-11 00:00:00,1181.067717759538
2024-01-12 00:00:00,1172.4387981011528
2024-01-14 00:00:00,1155.2735348847405
2024-01-15 00:00:00,1146.7698616075634
2024-01-16 00:00:00,1138.3239349025953
2024-01-17 00:00:00,1129.9255514395675
2024-01-18 00:00:00,1121.555988540126
2024-01-19 00:00:00,1113.1924362934797
2024-01-21 00:00:00,1096.40114775168
2024-01-22 00:00:00,1087.9486105532578
2024-01-23 00:00:00,1079.4566254645038
2024-01-24 00:00:00,1070.935220361271
2024-01-25 00:00:00,1062.4009990226982
2024-01-26 00:00:00,1053.8739230790325
2024-01-28 00:00:00,1036.9168752131977
2024-01-29 00:00:00,1028.5136974868656
2024-01-30 00:00:00,1020.1673834099034
2024-01-31 00:00:00,1011.8735308415513
2024-02-01 00:00:00,1003.6210423485142
2024-02-02 00:00:00,995.3939492127336
2024-02-04 00:00:00,978.9437487987261
2024-02-05 00:00:00,970.6897508958384
2024-02-06 00:00:00,962.4053586238473
2024-02-07 00:00:00,954.0924570948155
2024-02-08 00:00:00,945.7615456935745
2024-02-09 00:00:00,937.4297937799022
2024-02-11 00:00:00,920.8418248489893
2024-02-12 00:00:00,912.6152503800927
2024-02-13 00:00:00,904.4399057019393
2024-02-14 00:00:00,896.3088378041275
2024-02-15 00:00:00,888.207785644277
2024-02-16 00:00:00,880.1188637531502
2024-02-18 00:00:00,863.9117205223952
2024-02-19 00:00:00,855.773007229539
2024-02-20 00:00:00,847.6085883633544
2024-02-21 00:00:00,839.4251027582447
2024-02-22 00:00:00,831.2340171687887
2024-02-23 00:00:00,823.7003554375733
2024-02-25 00:00:00,809.2632246221602
2024-02-26 00:00:00,802.0987183467558
2024-02-27 00:00:00,794.9754222393295
2024-02-28 00:00:00,787.8909887051523
2024-02-29 00:00:00,780.8386270445446
2024-03-01 00:00:00,773.8082772024184
2024-03-03 00:00:00,759.7671756491998
2024-03-04 00:00:00,752.7359661536764
2024-03-05 00:00:00,745.6895592769149
2024-03-06 00:00:00,738.6279618417368
2024-03-07 00:00:00,731.556310294506
2024-03-08 00:00:00,724.4837750610347
2024-03-10 00:00:00,710.3794998393953
2024-03-11 00:00:00,703.3650500558099
2024-03-12 00:00:00,696.3802682604032
2024-03-13 00:00:00,689.4223776806355
2024-03-14 00:00:00,682.48472566259
2024-03-15 00:00:00,675.558732559273
2024-03-17 00:00:00,661.7101681334402
2024-03-18 00:00:00,654.7778153523793
2024-03-19 00:00:00,647.8388625470033
2024-03-20 00:00:00,640.8960182424321
2024-03-21 00:00:00,633.9538548157777
2024-03-22 00:00:00,627.1045124539005
2024-03-24 00:00:00,617.747078396163
2024-03-25 00:00:00,613.0933053687186
2024-03-26 00:00:00,608.4570275304723
2024-03-27 00:00:00,603.8368010112724
2024-03-28 00:00:00,599.2300080088752
2024-03-31 00:00:00,585.4596907495018
2024-04-01 01:00:00,580.6875385821521
2024-04-02 01:00:00,576.110683367415
2024-04-03 01:00:00,571.5387825693513
2024-04-04 01:00:00,566.9735509435777
2024-04-05 01:00:00,562.4165655979227
2024-04-07 01:00:00,553.3294100060635
2024-04-08 01:00:00,548.7975538788703
2024-04-09 01:00:00,544.2711376827681
2024-04-10 01:00:00,539.748459656894
2024-04-11 01:00:00,535.4806658976327
2024-04-12 01:00:00,532.3074185872458
2024-04-14 01:00:00,525.984425240494
2024-04-15 01:00:00,522.8410419195959
2024-04-16 01:00:00,519.7135342296172
2024-04-17 01:00:00,516.603250785657
2024-04-18 01:00:00,514.1656768233238
2024-04-19 01:00:00,513.5130618883635
2024-04-21 01:00:00,512.231852979211
2024-04-22 01:00:00,511.94324387732433
2024-04-23 01:00:00,511.6943334699981
2024-04-24 01:00:00,511.469387302249
2024-04-25 01:00:00,511.26883508417063
2024-04-26 01:00:00,511.0903960783238
2024-04-28 01:00:00,510.77806501394326
2024-04-29 01:00:00,510.6293298916631
2024-04-30 01:00:00,510.4757873582986
2024-05-01 01:00:00,510.3127304965706
2024-05-02 01:00:00,510.13930888993735
2024-05-03 01:00:00,509.9592135395865
2024-05-05 01:00:00,509.6129189105555
2024-05-06 01:00:00,509.4679990484784
2024-05-07 01:00:00,509.3540763581118
2024-05-08 01:00:00,509.2753306328666
2024-05-09 01:00:00,509.23040828813464
2024-05-10 01:00:00,509.21260524061
2024-05-12 01:00:00,509.21439461247667
2024-05-13 01:00:00,509.21060600978467
2024-05-14 01:00:00,509.1919803659403
2024-05-15 01:00:00,509.15526088337
2024-05-16 01:00:00,509.10245184673545
2024-05-17 01:00:00,509.0403925838964
2024-05-19 01:00:00,510.24398220962337
2024-05-20 01:00:00,512.5660407712356
2024-05-21 01:00:00,516.316014814584
2024-05-22 01:00:00,520.3464754970533
2024-05-23 01:00:00,524.4852488738269
2024-05-24 01:00:00,530.0923287738947
2024-05-26 01:00:00,542.6714810151196
2024-05-27 01:00:00,548.941578489289
2024-05-28 01:00:00,555.1418929925035
2024-05-29 01:00:00,561.2462176301601
2024-05-30 01:00:00,567.2502181631207
2024-05-31 01:00:00,573.1736174468513
2024-06-02 01:00:00,584.953990948834
2024-06-03 01:00:00,590.9185159778269
2024-06-04 01:00:00,596.993858213774
2024-06-05 01:00:00,603.2023289571785
2024-06-06 01:00:00,609.5404802043485
2024-06-07 01:00:00,615.9800625178157
2024-06-09 01:00:00,628.9685537911907
2024-06-10 01:00:00,635.410570871968
2024-06-11 01:00:00,641.7614925348842
2024-06-12 01:00:00,648.0020729950934
2024-06-13 01:00:00,654.1354770120664
2024-06-14 01:00:00,660.185932705614
2024-06-16 01:00:00,672.2095100063314
2024-06-17 01:00:00,678.2830884515488
2024-06-18 01:00:00,684.4576498108486
2024-06-19 01:00:00,690.7606687769338
2024-06-20 01:00:00,697.1985459805466
2024-06-21 01:00:00,703.7541429242907
2024-06-23 01:00:00,717.0468855270698
2024-06-24 01:00:00,723.6695420576009
2024-06-25 01:00:00,730.2037909424265
2024-06-26 01:00:00,736.6161417989911
2024-06-27 01:00:00,742.9004838764706
2024-06-28 01:00:00,749.0802725063318
2024-06-30 01:00:00,761.3334734183554
2024-07-01 01:00:00,767.5326896890416
2024-07-02 01:00:00,773.8515082297661
2024-07-03 01:00:00,780.3163502497237
2024-07-04 01:00:00,786.9248942340249
2024-07-05 01:00:00,793.6473725044672
2024-07-07 01:00:00,807.2233306114226
2024-07-08 01:00:00,813.9590337626942
2024-07-09 01:00:00,820.5956195502285
2024-07-10 01:00:00,827.1081452799913
2024-07-11 01:00:00,833.4949415016421
2024-07-12 01:00:00,839.7767561899927
2024-07-14 01:00:00,852.1919332692968
2024-07-15 01:00:00,858.4280138243731
2024-07-16 01:00:00,865.3559432285471
2024-07-17 01:00:00,873.1152717077342
2024-07-18 01:00:00,880.999072954059
2024-07-19 01:00:00,888.9944532198839
2024-07-21 01:00:00,905.1610582235273
2024-07-22 01:00:00,913.2216819517287
2024-07-23 01:00:00,921.1957095716627
2024-07-24 01:00:00,929.0495021302797
2024-07-25 01:00:00,936.7756725803797
2024-07-26 01:00:00,944.3949592371885
2024-07-28 01:00:00,959.5015076972611
2024-07-29 01:00:00,967.1025959236982
2024-07-30 01:00:00,974.7993342474681
2024-07-31 01:00:00,982.6153158433056
2024-08-01 01:00:00,990.5490865928664
2024-08-02 01:00:00,998.575707685547
2024-08-04 01:00:00,1014.7304127551209
2024-08-05 01:00:00,1022.7592115971474
2024-08-06 01:00:00,1030.7004871742577
2024-08-07 01:00:00,1038.5312056831972
2024-08-08 01:00:00,1046.246844228506
2024-08-09 01:00:00,1053.8609630766541
2024-08-11 01:00:00,1068.9086253389496
2024-08-12 01:00:00,1076.4222796681745
2024-08-13 01:00:00,1083.981192105352
2024-08-14 01:00:00,1091.6132425612109
2024-08-15 01:00:00,1099.7321896818241
2024-08-16 01:00:00,1108.5234002091547
2024-08-18 01:00:00,1126.2376075594
2024-08-19 01:00:00,1135.0811612854668
2024-08-20 01:00:00,1142.0543423539264
2024-08-21 01:00:00,1148.1558256894405
2024-08-22 01:00:00,1154.1598782967292
2024-08-23 01:00:00,1160.0787223526063
2024-08-25 01:00:00,1171.783965559081
2024-08-26 01:00:00,1177.6454784426921
2024-08-27 01:00:00,1183.5548221943109
2024-08-28 01:00:00,1189.5274920504733
2024-08-29 01:00:00,1195.5630760030165
2024-08-30 01:00:00,1201.6467762282182
2024-09-01 01:00:00,1213.8541449082852
2024-09-02 01:00:00,1219.9201085669404
2024-09-03 01:00:00,1225.9292692267234
2024-09-04 01:00:00,1231.7434675217023
2024-09-05 01:00:00,1235.134869346554
2024-09-06 01:00:00,1238.4981231275685
2024-09-08 01:00:00,1245.1606178184807
2024-09-09 01:00:00,1248.4730382995303
2024-09-10 01:00:00,1251.7813274650775
2024-09-11 01:00:00,1255.089873728437
2024-09-12 01:00:00,1258.400549507923
2024-09-13 01:00:00,1261.7124061522916
2024-09-15 01:00:00,1268.3239091954183
2024-09-16 01:00:00,1271.6125245207008
2024-09-17 01:00:00,1274.8827447190697
2024-09-18 01:00:00,1278.1313830808447
2024-09-19 01:00:00,1281.3576542117366
2024-09-20 01:00:00,1284.5630289259152
2024-09-22 01:00:00,1290.923503998945
2024-09-23 01:00:00,1294.084827398675
2024-09-24 01:00:00,1297.2359503545065
2024-09-25 01:00:00,1300.3767880543296
2024-09-26 01:00:00,1303.50594739474
2024-09-27 01:00:00,1306.6213003156204
2024-09-29 01:00:00,1312.8024220281543
2024-09-30 01:00:00,1315.86583843704
2024-10-01 01:00:00,1318.911194329161
2024-10-02 01:00:00,1321.9395697839839
2024-10-03 01:00:00,1324.952447374379
2024-10-04 01:00:00,1327.9511961618387
2024-10-06 01:00:00,1333.9081842681742
2024-10-07 01:00:00,1336.8645044645177
2024-10-08 01:00:00,1339.802713456117
2024-10-09 01:00:00,1342.7192169253194
2024-10-10 01:00:00,1345.6103246946886
2024-10-11 01:00:00,1348.4731347613374
2024-10-13 01:00:00,1354.1111615040775
2024-10-14 01:00:00,1356.890798595461
2024-10-15 01:00:00,1359.355180520804
2024-10-16 01:00:00,1359.6153869158902
2024-10-17 01:00:00,1359.866364911231
2024-10-18 01:00:00,1360.110543160375
2024-10-20 01:00:00,1360.5705163367359
2024-10-21 01:00:00,1360.774135609413
2024-10-22 01:00:00,1360.9490680380047
2024-10-23 01:00:00,1361.0874655021512
2024-10-24 01:00:00,1361.183960418898
2024-10-25 01:00:00,1361.2367841963985
2024-10-27 01:00:00,1361.2235706960785
2024-10-28 00:00:00,1361.1731418133722
2024-10-29 00:00:00,1361.102806872433
2024-10-30 00:00:00,1361.0220334612072
2024-10-31 00:00:00,1360.9373892575277
2024-11-01 00:00:00,1360.8521598848192
2024-11-03 00:00:00,1360.6722161702853
2024-11-04 00:00:00,1359.6280856792148
2024-11-05 00:00:00,1356.9241141753125
2024-11-06 00:00:00,1354.175333742018
2024-11-07 00:00:00,1351.3704555309628
2024-11-08 00:00:00,1348.5019895498951
2024-11-10 00:00:00,1342.573613570035
2024-11-11 00:00:00,1339.5292984662758
2024-11-12 00:00:00,1336.4501131510967
2024-11-13 00:00:00,1333.3519489502103
2024-11-14 00:00:00,1330.2479912892989
2024-11-15 00:00:00,1327.1453915558016
2024-11-17 00:00:00,1320.9325713336318
2024-11-18 00:00:00,1317.7982778478176
2024-11-19 00:00:00,1314.622634544106
2024-11-20 00:00:00,1311.3892819961384
2024-11-21 00:00:00,1308.0866473208328
2024-11-22 00:00:00,1304.7101036319066
2024-11-24 00:00:00,1297.7537255736888
2024-11-25 00:00:00,1294.1979137445303
2024-11-26 00:00:00,1290.6116738687779
2024-11-27 00:00:00,1287.0108631964797
2024-11-28 00:00:00,1283.4080165366468
2024-11-29 00:00:00,1279.8101657749207
2024-12-01 00:00:00,1272.6225311692745
2024-12-02 00:00:00,1269.0116941638753
2024-12-03 00:00:00,1265.366531955213
2024-12-04 00:00:00,1261.6672116301565
2024-12-05 00:00:00,1257.8961639639688
2024-12-06 00:00:00,1254.0417068477568
2024-12-08 00:00:00,1246.0799948674724
2024-12-09 00:00:00,1241.994896035445
2024-12-10 00:00:00,1237.8668780783632
2024-12-11 00:00:00,1233.7189023024719
2024-12-12 00:00:00,1229.5705130788376
2024-12-13 00:00:00,1224.0754230718214
2024-12-15 00:00:00,1210.8883621221923
2024-12-16 00:00:00,1204.2489664867728
2024-12-17 00:00:00,1197.551654347509
2024-12-18 00:00:00,1190.7759583838488
2024-12-19 00:00:00,1183.906855160619
2024-12-20 00:00:00,1176.9376569173817
2024-12-22 00:00:00,1162.7181932061685
2024-12-23 00:00:00,1155.496861010799
2024-12-24 00:00:00,1148.2281834387022
2024-12-25 00:00:00,1140.9334620416264
2024-12-26 00:00:00,1133.6309181283118
2024-12-27 00:00:00,1126.3329579514868
2024-12-29 00:00:00,1111.7613268747898
2024-12-30 00:00:00,1104.4728500335577
2024-12-31 00:00:00,1097.1624148398478
2025-01-01 00:00:00,1089.8118159578892
2025-01-02 00:00:00,1082.4053089098456
2025-01-03 00:00:00,1074.933648850893
2025-01-05 00:00:00,1059.8060195730027
2025-01-06 00:00:00,1052.1806476704694
2025-01-07 00:00:00,1044.5470047417593
2025-01-08 00:00:00,1036.9327815784984
2025-01-09 00:00:00,1029.362313479779
2025-01-10 00:00:00,1021.8523780038503
2025-01-12 00:00:00,1007.0313408472115
2025-01-13 00:00:00,999.7059822358859
2025-01-14 00:00:00,992.4187088431727
2025-01-15 00:00:00,985.1549695620031
2025-01-16 00:00:00,977.9045830445937
2025-01-17 00:00:00,970.6643590302845
2025-01-19 00:00:00,956.2412592551832
2025-01-20 00:00:00,950.6763283819515
2025-01-21 00:00:00,945.2635873006575
2025-01-22 00:00:00,939.9187190901735
2025-01-23 00:00:00,934.6613202091003
2025-01-24 00:00:00,929.506345139437
2025-01-26 00:00:00,919.5305569295123
2025-01-27 00:00:00,914.7056163074637
2025-01-28 00:00:00,909.9770530671547
2025-01-29 00:00:00,905.3322384898039
2025-01-30 00:00:00,900.759760230014
2025-01-31 00:00:00,896.2527142746359
2025-02-02 00:00:00,887.5970964699699
2025-02-03 00:00:00,884.832317802157
2025-02-04 00:00:00,882.1218544859112
2025-02-05 00:00:00,879.5171392768747
2025-02-06 00:00:00,877.0618412990209
2025-02-07 00:00:00,874.783081123596
2025-02-09 00:00:00,870.759956266636
2025-02-10 00:00:00,868.9718052904204
2025-02-11 00:00:00,867.2853313959537
2025-02-12 00:00:00,865.663755168975
2025-02-13 00:00:00,864.07798410524
2025-02-14 00:00:00,862.5112743383448
2025-02-16 00:00:00,859.4380715701465
2025-02-17 00:00:00,857.9636893415565
2025-02-18 00:00:00,856.5656870805336
2025-02-19 00:00:00,855.2735727787425
2025-02-20 00:00:00,854.1138223599648
2025-02-21 00:00:00,853.1057456022276
2025-02-23 00:00:00,851.5701883986054
2025-02-24 00:00:00,851.02796735114
2025-02-25 00:00:00,850.611474297282
2025-02-26 00:00:00,850.2968783728822
2025-02-27 00:00:00,850.0620556319467
2025-02-28 00:00:00,849.8912940302856
2025-03-02 00:00:00,849.7279155825295
2025-03-03 00:00:00,849.7525877437043
2025-03-04 00:00:00,849.870186396564
2025-03-05 00:00:00,850.0985044984458
2025-03-06 00:00:00,850.4508223552357
2025-03-07 00:00:00,850.9332903638118
2025-03-09 00:00:00,852.2756871733578
2025-03-10 00:00:00,853.115710288385
2025-03-11 00:00:00,854.0517750085951
2025-03-12 00:00:00,855.0731422771084
2025-03-13 00:00:00,856.1724664922692
2025-03-14 00:00:00,857.346197929901
2025-03-16 00:00:00,859.9172045923141
2025-03-17 00:00:00,861.3176163228612
2025-03-18 00:00:00,862.7954860982447
2025-03-19 00:00:00,864.3485116433644
2025-03-20 00:00:00,865.9712047903377
2025-03-21 00:00:00,867.6551039839431
2025-03-23 00:00:00,871.164632240633
2025-03-24 00:00:00,872.9706285775087
2025-03-25 00:00:00,874.8023755250688
2025-03-26 00:00:00,876.6591315840218
2025-03-27 00:00:00,878.5447510791114
2025-03-28 00:00:00,880.466135742453
2025-03-30 00:00:00,884.4416295152521
2025-03-31 01:00:00,886.5824621164359
2025-04-01 01:00:00,888.6741194912165
2025-04-02 01:00:00,891.3465810046351
2025-04-03 01:00:00,894.2264376248091
2025-04-04 01:00:00,897.0271563611791
2025-04-06 01:00:00,902.3571456660901
2025-04-07 01:00:00,904.8789178710396
2025-04-08 01:00:00,907.7067367479415
2025-04-09 01:00:00,910.6440698340696
2025-04-10 01:00:00,913.4155825802244
2025-04-11 01:00:00,916.0277907249371
2025-04-13 01:00:00,920.7955808455877
2025-04-14 01:00:00,922.9565892723901
2025-04-15 01:00:00,924.9682291099746
2025-04-16 01:00:00,926.8268089023891
2025-04-17 01:00:00,928.5270490820291
2025-04-20 01:00:00,932.6307051507661
2025-04-21 01:00:00,933.6638006549853
2025-04-22 01:00:00,934.6600008810956
2025-04-23 01:00:00,935.5635521773223
2025-04-24 01:00:00,936.3360360369945
2025-04-25 01:00:00,937.7051561157638
2025-04-27 01:00:00,942.1639827172089
2025-04-28 01:00:00,944.6193187784542
2025-04-29 01:00:00,947.1924987899408
2025-04-30 01:00:00,949.8213120135204
2025-05-01 01:00:00,952.430350365584
2025-05-02 01:00:00,954.9495720568518
2025-05-04 01:00:00,959.5599386075843
2025-05-05 01:00:00,961.6551233590758
2025-05-06 01:00:00,963.6654852446287
2025-05-07 01:00:00,965.658834988937
2025-05-08 01:00:00,967.7092790281606
2025-05-09 01:00:00,969.8844486299158
2025-05-11 01:00:00,974.7841419013232
2025-05-12 01:00:00,977.5281879155183
2025-05-13 01:00:00,980.43163346614
2025-05-14 01:00:00,983.4339953690939
2025-05-15 01:00:00,986.4579692322388
2025-05-16 01:00:00,989.4214882898119
2025-05-18 01:00:00,994.8985079582242
2025-05-19 01:00:00,997.3455371367706
2025-05-20 01:00:00,999.6152516991741
2025-05-21 01:00:00,1001.7672280322604
2025-05-22 01:00:00,1003.8884960588293
2025-05-23 01:00:00,1006.0769188531173
2025-05-25 01:00:00,1010.9752985479583
2025-05-26 01:00:00,1013.7530120158758
2025-05-27 01:00:00,1016.7137585322348
2025-05-28 01:00:00,1019.7766649926866
2025-05-29 01:00:00,1022.8396077701786
2025-05-30 01:00:00,1025.8047851722015
2025-06-01 01:00:00,1031.200667326439
2025-06-02 01:00:00,1033.6186629529896
2025-06-03 01:00:00,1035.910951319348
2025-06-04 01:00:00,1038.1592459433355
2025-06-05 01:00:00,1040.4553351719073
2025-06-06 01:00:00,1042.8847564649332
2025-06-08 01:00:00,1048.3730784227057
2025-06-09 01:00:00,1051.4638709141468
2025-06-10 01:00:00,1054.7460348871723
2025-06-11 01:00:00,1058.149516663076
2025-06-12 01:00:00,1061.5838722637352
2025-06-13 01:00:00,1064.9529142598317
2025-06-15 01:00:00,1071.179648776995
2025-06-16 01:00:00,1073.9572829747606
2025-06-17 01:00:00,1076.5266577789082
2025-06-18 01:00:00,1078.9512496371965
2025-06-19 01:00:00,1081.3245192365564
2025-06-20 01:00:00,1083.7518153936023
2025-06-22 01:00:00,1089.1167320427492
2025-06-23 01:00:00,1092.133375630982
2025-06-24 01:00:00,1095.3422767229026
2025-06-25 01:00:00,1098.6644793823577
2025-06-26 01:00:00,1101.9978216598715
2025-06-27 01:00:00,1105.241714727433
2025-06-29 01:00:00,1111.195973595254
2025-06-30 01:00:00,1113.8771231408205
2025-07-01 01:00:00,1116.4101648502071
2025-07-02 01:00:00,1118.8694640309382
2025-07-03 01:00:00,1121.3418653408
2025-07-04 01:00:00,1123.9108898661634
2025-07-06 01:00:00,1132.7719938056457
2025-07-07 01:00:00,1138.0322472802484
2025-07-08 01:00:00,1143.472261851809
2025-07-09 01:00:00,1149.031519239044
2025-07-10 01:00:00,1154.6298997295974
2025-07-11 01:00:00,1160.181355535789
2025-07-13 01:00:00,1170.859415916901
2025-07-14 01:00:00,1175.912401076853
2025-07-15 01:00:00,1180.7859197969801
2025-07-16 01:00:00,1185.533059307358
2025-07-17 01:00:00,1190.2321304233776
2025-07-18 01:00:00,1194.9708811414864
2025-07-20 01:00:00,1204.855664551819
2025-07-21 01:00:00,1210.0681967748937
2025-07-22 01:00:00,1214.059140478361
2025-07-23 01:00:00,1218.066483136578
2025-07-24 01:00:00,1222.0883750928474
2025-07-25 01:00:00,1226.0779921053304
2025-07-27 01:00:00,1233.8308582955635
2025-07-28 01:00:00,1237.5739485046158
2025-07-29 01:00:00,1241.2451494281452
2025-07-30 01:00:00,1244.8745750076303
2025-07-31 01:00:00,1248.4989719596956
2025-08-01 01:00:00,1252.1549404334767
2025-08-03 01:00:00,1259.6713889545601
2025-08-04 01:00:00,1263.5559527965252
2025-08-05 01:00:00,1267.516901744833
2025-08-06 01:00:00,1271.5321254789772
2025-08-07 01:00:00,1275.5710345696916
2025-08-08 01:00:00,1279.6001726252243
