datetime,cycle
1999-06-03 01:00:00,771.4681433850504
1999-06-04 01:00:00,772.467990627086
1999-06-06 01:00:00,774.4538940147206
1999-06-07 01:00:00,775.4396124291075
1999-06-08 01:00:00,776.4202763941927
1999-06-09 01:00:00,777.3957056985962
1999-06-10 01:00:00,778.3657150058569
1999-06-11 01:00:00,779.3301140693778
1999-06-13 01:00:00,781.2413022233171
1999-06-14 01:00:00,782.1876984799936
1999-06-15 01:00:00,783.1277038762042
1999-06-16 01:00:00,784.0611298159236
1999-06-17 01:00:00,784.987793800989
1999-06-18 01:00:00,785.9075194888809
1999-06-20 01:00:00,787.7254763945589
1999-06-21 01:00:00,788.6233772252481
1999-06-22 01:00:00,789.5136768267203
1999-06-23 01:00:00,790.3962149479102
1999-06-24 01:00:00,791.2708321611071
1999-06-25 01:00:00,792.1373694906092
1999-06-27 01:00:00,793.8455690138454
1999-06-28 01:00:00,794.6869127030782
1999-06-29 01:00:00,795.5195387321612
1999-06-30 01:00:00,796.3432852436838
1999-07-01 01:00:00,797.1579884446639
1999-07-02 01:00:00,797.9634820703263
1999-07-04 01:00:00,799.5461601950193
1999-07-05 01:00:00,800.3229955441573
1999-07-06 01:00:00,801.0899223974706
1999-07-07 01:00:00,801.8467560945305
1999-07-08 01:00:00,802.5933080434436
1999-07-09 01:00:00,803.3293863305487
1999-07-11 01:00:00,804.769345312088
1999-07-12 01:00:00,805.4728390892785
1999-07-13 01:00:00,806.1650900600921
1999-07-14 01:00:00,806.8459163893008
1999-07-15 01:00:00,807.5151437081013
1999-07-16 01:00:00,808.1726052204145
1999-07-18 01:00:00,809.4515965771759
1999-07-19 01:00:00,810.0728220835865
1999-07-20 01:00:00,810.681670745739
1999-07-21 01:00:00,811.2779982972298
1999-07-22 01:00:00,811.8616624095507
1999-07-23 01:00:00,812.4325223587675
1999-07-25 01:00:00,813.5352734974613
1999-07-26 01:00:00,814.0668891280491
1999-07-27 01:00:00,814.5851487972619
1999-07-28 01:00:00,815.0899155690277
1999-07-29 01:00:00,815.5810518437014
1999-07-30 01:00:00,816.0584187083186
1999-08-01 01:00:00,816.9712785627006
1999-08-02 01:00:00,817.4064826512259
1999-08-03 01:00:00,817.8273394427575
1999-08-04 01:00:00,818.233698801949
1999-08-05 01:00:00,818.6254094563558
1999-08-06 01:00:00,819.0023202179632
1999-08-08 01:00:00,819.7111476682162
1999-08-09 01:00:00,820.0427783131618
1999-08-10 01:00:00,820.3590411214801
1999-08-11 01:00:00,820.6598130707096
1999-08-12 01:00:00,820.9449814146135
1999-08-13 01:00:00,821.2144437443171
1999-08-15 01:00:00,821.7058879504066
1999-08-16 01:00:00,821.9277087640002
1999-08-17 01:00:00,822.1334991117909
1999-08-18 01:00:00,822.3231937509973
1999-08-19 01:00:00,822.4967323121405
1999-08-20 01:00:00,822.6540589942807
1999-08-22 01:00:00,822.9198753386459
1999-08-23 01:00:00,823.0282747163676
1999-08-24 01:00:00,823.120281088602
1999-08-25 01:00:00,823.1958581899615
1999-08-26 01:00:00,823.2549722417514
1999-08-27 01:00:00,823.2975911864178
1999-08-29 01:00:00,823.3332201808289
1999-08-30 01:00:00,823.3261698970837
1999-08-31 01:00:00,823.3025044310402
1999-09-01 01:00:00,823.2621974152064
1999-09-02 01:00:00,823.20522646358
1999-09-03 01:00:00,823.1315751178292
1999-09-05 01:00:00,822.934207314177
1999-09-06 01:00:00,822.8105056029785
1999-09-07 01:00:00,822.6701561964129
1999-09-08 01:00:00,822.513199647361
1999-09-09 01:00:00,822.3396910017947
1999-09-10 01:00:00,822.1496995665894
1999-09-12 01:00:00,821.7206120286511
1999-09-13 01:00:00,821.4817176403308
1999-09-14 01:00:00,821.2267415748141
1999-09-15 01:00:00,820.9558096167393
1999-09-16 01:00:00,820.6690561031812
1999-09-17 01:00:00,820.3666234906431
1999-09-19 01:00:00,819.7153296741902
1999-09-20 01:00:00,819.3667914543662
1999-09-21 01:00:00,819.003219341339
1999-09-22 01:00:00,818.6247914291067
1999-09-23 01:00:00,818.2316910932436
1999-09-24 01:00:00,817.824105979995
1999-09-26 01:00:00,816.96624791672
1999-09-27 01:00:00,816.5163649229664
1999-09-28 01:00:00,816.0527779654012
1999-09-29 01:00:00,815.5756922602518
1999-09-30 01:00:00,815.0853206538413
1999-10-01 01:00:00,814.5818860719983
1999-10-03 01:00:00,813.5367824462236
1999-10-04 01:00:00,812.9956261213922
1999-10-05 01:00:00,812.4424335124913
1999-10-06 01:00:00,811.877498319839
1999-10-07 01:00:00,811.3011285271109
1999-10-08 01:00:00,810.7136454672776
1999-10-10 01:00:00,809.5066843246221
1999-10-11 01:00:00,808.887904264047
1999-10-12 01:00:00,808.2594042435885
1999-10-13 01:00:00,807.6215529362893
1999-10-14 01:00:00,806.9747248860796
1999-10-15 01:00:00,806.319299677381
1999-10-17 01:00:00,804.984197229379
1999-10-18 01:00:00,804.3052983422016
1999-10-19 01:00:00,803.6193575756388
1999-10-20 01:00:00,802.9267692680593
1999-10-21 01:00:00,802.2279279602601
1999-10-22 01:00:00,801.5232271122118
1999-10-24 01:00:00,800.0978081242707
1999-10-25 01:00:00,799.3778624893588
1999-10-26 01:00:00,798.6536031436556
1999-10-27 01:00:00,797.9254119324787
1999-10-28 01:00:00,797.1936730986461
1999-10-29 01:00:00,796.4587760046528
1999-10-31 01:00:00,794.9811010869767
1999-11-01 00:00:00,794.2701266536966
1999-11-02 00:00:00,793.526700530616
1999-11-03 00:00:00,792.7821569723013
1999-11-04 00:00:00,792.0369256467035
1999-11-05 00:00:00,791.2914391863133
1999-11-07 00:00:00,789.801437712485
1999-11-08 00:00:00,789.0577902319161
1999-11-09 00:00:00,788.3156201475635
1999-11-10 00:00:00,787.5753547930171
1999-11-11 00:00:00,786.8374170164582
1999-11-12 00:00:00,786.1022243240104
1999-11-14 00:00:00,784.6417132176216
1999-11-15 00:00:00,783.9171969384228
1999-11-16 00:00:00,783.1970287740138
1999-11-17 00:00:00,782.4815895230655
1999-11-18 00:00:00,781.7712504877522
1999-11-19 00:00:00,781.0663725657298
1999-11-21 00:00:00,779.6743867808681
1999-11-22 00:00:00,778.9879429004861
1999-11-23 00:00:00,778.3082894344526
1999-11-24 00:00:00,777.6357339472744
1999-11-25 00:00:00,776.9705790380879
1999-11-26 00:00:00,776.3131254945403
1999-11-28 00:00:00,775.0225288283881
1999-11-29 00:00:00,774.3899917271187
1999-11-30 00:00:00,773.7663662339753
1999-12-01 00:00:00,773.1519531853994
1999-12-02 00:00:00,772.5470496814276
1999-12-03 00:00:00,771.9519477300672
1999-12-05 00:00:00,770.7922847550418
1999-12-06 00:00:00,770.2282735337458
1999-12-07 00:00:00,769.6751621201983
1999-12-08 00:00:00,769.1332041739695
1999-12-09 00:00:00,768.602643869438
1999-12-10 00:00:00,768.0837154369652
1999-12-12 00:00:00,767.0816391145607
1999-12-13 00:00:00,766.5989067846502
1999-12-14 00:00:00,766.1286369458113
1999-12-15 00:00:00,765.6710093645594
1999-12-16 00:00:00,765.2261921461636
1999-12-17 00:00:00,764.7943414642519
1999-12-19 00:00:00,763.9701038466986
1999-12-20 00:00:00,763.5779694083927
1999-12-21 00:00:00,763.1993084721405
1999-12-22 00:00:00,762.8342236943045
1999-12-23 00:00:00,762.4828130198636
1999-12-24 00:00:00,762.1451728080298
1999-12-26 00:00:00,761.5115939678544
1999-12-27 00:00:00,761.2158542431265
1999-12-28 00:00:00,760.9342808512761
1999-12-29 00:00:00,760.6669716255573
1999-12-30 00:00:00,760.4140207487693
1999-12-31 00:00:00,760.1755175016704
2000-01-02 00:00:00,759.7421817492914
2000-01-03 00:00:00,759.5474971438927
2000-01-04 00:00:00,759.36755539473
2000-01-05 00:00:00,759.2024132840013
2000-01-06 00:00:00,759.0521202072327
2000-01-07 00:00:00,758.9167179492472
2000-01-09 00:00:00,758.690713649811
2000-01-10 00:00:00,758.6001550329004
2000-01-11 00:00:00,758.5245737506252
2000-01-12 00:00:00,758.4639704346738
2000-01-13 00:00:00,758.4183372400521
2000-01-14 00:00:00,758.3876579497569
2000-01-16 00:00:00,758.3710559940479
2000-01-17 00:00:00,758.3850624195383
2000-01-18 00:00:00,758.4138831060458
2000-01-19 00:00:00,758.4574701215357
2000-01-20 00:00:00,758.5157744116306
2000-01-21 00:00:00,758.588748296585
2000-01-23 00:00:00,758.7785316575
2000-01-24 00:00:00,758.8952646699819
2000-01-25 00:00:00,759.0265126273489
2000-01-26 00:00:00,759.172242403044
2000-01-27 00:00:00,759.3324198932476
2000-01-28 00:00:00,759.5070087079221
2000-01-30 00:00:00,759.8992585227377
2000-01-31 00:00:00,760.116829289686
2000-02-01 00:00:00,760.3486305370443
2000-02-02 00:00:00,760.5946070623193
2000-02-03 00:00:00,760.8546993721352
2000-02-04 00:00:00,761.1288434451329
2000-02-06 00:00:00,761.719006273563
2000-02-07 00:00:00,762.0348714550878
2000-02-08 00:00:00,762.3644806944098
2000-02-09 00:00:00,762.7077428934808
2000-02-10 00:00:00,763.0645612349475
2000-02-11 00:00:00,763.4348334998485
2000-02-13 00:00:00,764.2153073995173
2000-02-14 00:00:00,764.6252836631514
2000-02-15 00:00:00,765.0482654679043
2000-02-16 00:00:00,765.4841367546045
2000-02-17 00:00:00,765.9327831077055
2000-02-18 00:00:00,766.394093464562
2000-02-20 00:00:00,767.3542858151162
2000-02-21 00:00:00,767.8529703921959
2000-02-22 00:00:00,768.3639227310196
2000-02-23 00:00:00,768.8870527046831
2000-02-24 00:00:00,769.4222709122888
2000-02-25 00:00:00,769.9694873621967
2000-02-27 00:00:00,771.0995468548571
2000-02-28 00:00:00,771.6822003293635
2000-02-29 00:00:00,772.27647247678
2000-03-01 00:00:00,772.8822621956706
2000-03-02 00:00:00,773.499465631761
2000-03-03 00:00:00,774.1279759478012
2000-03-05 00:00:00,775.4184728139609
2000-03-06 00:00:00,776.0802273020028
2000-03-07 00:00:00,776.752823692442
2000-03-08 00:00:00,777.4361344223423
2000-03-09 00:00:00,778.1300272223464
2000-03-10 00:00:00,778.8343655925341
2000-03-12 00:00:00,780.2738172205551
2000-03-13 00:00:00,781.0086452642806
2000-03-14 00:00:00,781.7533511960642
2000-03-15 00:00:00,782.5077943260194
2000-03-16 00:00:00,783.2718371175429
2000-03-17 00:00:00,784.045346212853
2000-03-19 00:00:00,785.6202541972956
2000-03-20 00:00:00,786.421410591604
2000-03-21 00:00:00,787.2315470112561
2000-03-22 00:00:00,788.0505506802018
2000-03-23 00:00:00,788.8783100016371
2000-03-24 00:00:00,789.7147133849485
2000-03-26 00:00:00,791.4130008005025
2000-03-27 01:00:00,792.3106257097144
2000-03-28 01:00:00,793.1808042384602
2000-03-29 01:00:00,794.0590410629643
2000-03-30 01:00:00,794.9452134905077
2000-03-31 01:00:00,795.8391962529943
2000-04-02 01:00:00,797.6500766474646
2000-04-03 01:00:00,798.5667071952779
2000-04-04 01:00:00,799.4906128405493
2000-04-05 01:00:00,800.4216488346156
2000-04-06 01:00:00,801.359665703829
2000-04-07 01:00:00,802.3045098352973
2000-04-09 01:00:00,804.2140519933256
2000-04-10 01:00:00,805.1784342080397
2000-04-11 01:00:00,806.1490154190633
2000-04-12 01:00:00,807.1256430126339
2000-04-13 01:00:00,808.1081684909973
2000-04-14 01:00:00,809.0964479291563
2000-04-16 01:00:00,811.089715857803
2000-04-17 01:00:00,812.0944382050444
2000-04-18 01:00:00,813.1043808130912
2000-04-19 01:00:00,814.1194173778348
2000-04-20 01:00:00,815.1394225389605
2000-04-21 01:00:00,816.1642709313555
2000-04-23 01:00:00,818.2279913552644
2000-04-24 01:00:00,819.2666064522621
2000-04-25 01:00:00,820.3095502515359
2000-04-26 01:00:00,821.3566890890531
2000-04-27 01:00:00,822.4078869144817
2000-04-28 01:00:00,823.463005081549
2000-04-30 01:00:00,825.5844328582594
2000-05-01 01:00:00,826.6504487174184
2000-05-02 01:00:00,827.7197962750865
2000-05-03 01:00:00,828.7923172534327
2000-05-04 01:00:00,829.8678483952364
2000-05-05 01:00:00,830.9462220488881
2000-05-07 01:00:00,833.1108129278705
2000-05-08 01:00:00,834.1966875515174
2000-05-09 01:00:00,835.2847236123229
2000-05-10 01:00:00,836.3747577034835
2000-05-11 01:00:00,837.4666314056855
2000-05-12 01:00:00,838.560191281216
2000-05-14 01:00:00,840.7517778056979
2000-05-15 01:00:00,841.849517414405
2000-05-16 01:00:00,842.9483674895512
2000-05-17 01:00:00,844.0481896638919
2000-05-18 01:00:00,845.1488461809904
2000-05-19 01:00:00,846.2501991595041
2000-05-21 01:00:00,848.4544385709466
2000-05-22 01:00:00,849.5570433491434
2000-05-23 01:00:00,850.6597805501979
2000-05-24 01:00:00,851.7625041811683
2000-05-25 01:00:00,852.8650657843901
2000-05-26 01:00:00,853.9673142187355
2000-05-28 01:00:00,856.1702517302587
2000-05-29 01:00:00,857.3518527234544
2000-05-30 01:00:00,858.6657908506193
2000-05-31 01:00:00,859.9783842304818
2000-06-01 01:00:00,861.2894506782459
2000-06-02 01:00:00,862.5988029195331
2000-06-04 01:00:00,865.211600770419
2000-06-05 01:00:00,866.5146648361685
2000-06-06 01:00:00,867.8152571419517
2000-06-07 01:00:00,869.1131986738164
2000-06-08 01:00:00,870.4083171781417
2000-06-09 01:00:00,871.7004467094918
2000-06-11 01:00:00,874.2751001728793
2000-06-12 01:00:00,875.5573136582033
2000-06-13 01:00:00,876.835915061304
2000-06-14 01:00:00,878.1107533466974
2000-06-15 01:00:00,879.3816776904855
2000-06-16 01:00:00,880.6485368333623
2000-06-18 01:00:00,883.1694488692189
2000-06-19 01:00:00,884.4231921220303
2000-06-20 01:00:00,885.672250027262
2000-06-21 01:00:00,886.9164616057157
2000-06-22 01:00:00,888.1556628235403
2000-06-23 01:00:00,889.3896862920284
2000-06-25 01:00:00,891.8415115692637
2000-06-26 01:00:00,893.0589584550335
2000-06-27 01:00:00,894.270516754981
2000-06-28 01:00:00,895.4759961497314
2000-06-29 01:00:00,896.6752007836506
2000-06-30 01:00:00,897.8679298845047
2000-07-02 01:00:00,900.2331442106213
2000-07-03 01:00:00,901.4052219123528
2000-07-04 01:00:00,902.5700150964587
2000-07-05 01:00:00,903.727333627445
2000-07-06 01:00:00,904.8769951468404
2000-07-07 01:00:00,906.0188244022462
2000-07-09 01:00:00,908.2783119492178
2000-07-10 01:00:00,909.395641886744
2000-07-11 01:00:00,910.5044802345102
2000-07-12 01:00:00,911.6046661835985
2000-07-13 01:00:00,912.696038889768
2000-07-14 01:00:00,913.7784369636809
2000-07-16 01:00:00,915.9156582767561
2000-07-17 01:00:00,916.970152046841
2000-07-18 01:00:00,918.015011369303
2000-07-19 01:00:00,919.0500655483387
2000-07-20 01:00:00,920.0751407533487
2000-07-21 01:00:00,921.0900596476331
2000-07-23 01:00:00,923.0886995069727
2000-07-24 01:00:00,924.0720451456849
2000-07-25 01:00:00,925.0444832210541
2000-07-26 01:00:00,926.0058140816309
2000-07-27 01:00:00,926.955833367054
2000-07-28 01:00:00,927.8943328018428
2000-07-30 01:00:00,929.7359299716024
2000-07-31 01:00:00,930.6386101416363
2000-08-01 01:00:00,931.528941374916
2000-08-02 01:00:00,932.4067310600918
2000-08-03 01:00:00,933.2717956130605
2000-08-04 01:00:00,934.1239597899023
2000-08-06 01:00:00,935.7889178913861
2000-08-07 01:00:00,936.6013876994987
2000-08-08 01:00:00,937.4003058827483
2000-08-09 01:00:00,938.1855147554597
2000-08-10 01:00:00,938.9568570005338
2000-08-11 01:00:00,939.7141752793789
2000-08-13 01:00:00,941.1861085752639
2000-08-14 01:00:00,941.9004058911278
2000-08-15 01:00:00,942.6000430225257
2000-08-16 01:00:00,943.2848571684002
2000-08-17 01:00:00,943.9546830721168
2000-08-18 01:00:00,944.6093525679237
2000-08-20 01:00:00,945.8725330591441
2000-08-21 01:00:00,946.480690556592
2000-08-22 01:00:00,947.0729846873149
2000-08-23 01:00:00,947.6492303338295
2000-08-24 01:00:00,948.2092400198742
2000-08-25 01:00:00,948.7528251469492
2000-08-27 01:00:00,949.7899734348341
2000-08-28 01:00:00,950.2831732752745
2000-08-29 01:00:00,950.75922749046
2000-08-30 01:00:00,951.2179769506844
2000-08-31 01:00:00,951.6592740158301
2000-09-01 01:00:00,952.0829819593439
2000-09-03 01:00:00,952.8771284731137
2000-09-04 01:00:00,953.2473327783001
2000-09-05 01:00:00,953.5168233496129
2000-09-06 01:00:00,953.7156269049702
2000-09-07 01:00:00,953.9031242132654
2000-09-08 01:00:00,954.0792555383256
2000-09-10 01:00:00,954.3971896221744
2000-09-11 01:00:00,954.5388808720496
2000-09-12 01:00:00,954.6689827344211
2000-09-13 01:00:00,954.787442257899
2000-09-14 01:00:00,954.8942070458811
2000-09-15 01:00:00,954.9892249373063
2000-09-17 01:00:00,955.1438113841429
2000-09-18 01:00:00,955.2032756719508
2000-09-19 01:00:00,955.2507851236946
2000-09-20 01:00:00,955.286289454795
2000-09-21 01:00:00,955.309740554282
2000-09-22 01:00:00,955.3210936517197
2000-09-24 01:00:00,955.3073517904262
2000-09-25 01:00:00,955.2821968314695
2000-09-26 01:00:00,955.2448266975694
2000-09-27 01:00:00,955.1952342109057
2000-09-28 01:00:00,955.1334224146992
2000-09-29 01:00:00,955.0594042160002
2000-10-01 01:00:00,954.874844083483
2000-10-02 01:00:00,954.7643684493022
2000-10-03 01:00:00,954.6418170013686
2000-10-04 01:00:00,954.5072373670536
2000-10-05 01:00:00,954.3606820543365
2000-10-06 01:00:00,954.202208280108
2000-10-08 01:00:00,953.8497572939963
2000-10-09 01:00:00,953.6559173249406
2000-10-10 01:00:00,953.4504330185113
2000-10-11 01:00:00,953.2333832629163
2000-10-12 01:00:00,953.0048503747225
2000-10-13 01:00:00,952.7649196682983
2000-10-15 01:00:00,951.9785667677264
2000-10-16 01:00:00,951.5420817713104
2000-10-17 01:00:00,951.087392378157
2000-10-18 01:00:00,950.6146560702098
2000-10-19 01:00:00,950.1240411759895
2000-10-20 01:00:00,949.6157294346735
2000-10-22 01:00:00,948.5468237651187
2000-10-23 01:00:00,947.9866805793461
2000-10-24 01:00:00,947.4097447058712
2000-10-25 01:00:00,946.8162929603944
2000-10-26 01:00:00,946.2066227510414
2000-10-27 01:00:00,945.5810509668327
2000-10-29 01:00:00,944.2835573256465
2000-10-30 00:00:00,943.6405093586375
2000-10-31 00:00:00,942.9554280910578
2000-11-01 00:00:00,942.2562425366366
2000-11-02 00:00:00,941.5433494342068
2000-11-03 00:00:00,940.817154662026
2000-11-05 00:00:00,939.3265262895447
2000-11-06 00:00:00,938.5629456167919
2000-11-07 00:00:00,937.7877678417725
2000-11-08 00:00:00,937.0014360164381
2000-11-09 00:00:00,936.2043979667645
2000-11-10 00:00:00,935.3971050858153
2000-11-12 00:00:00,933.7535726310298
2000-11-13 00:00:00,932.9182474618518
2000-11-14 00:00:00,932.074498083214
2000-11-15 00:00:00,931.2227930072945
2000-11-16 00:00:00,930.3636098257239
2000-11-17 00:00:00,929.4974379060629
2000-11-19 00:00:00,927.7461552018381
2000-11-20 00:00:00,926.8620950896503
2000-11-21 00:00:00,925.9731468380238
2000-11-22 00:00:00,925.0798699085459
2000-11-23 00:00:00,924.1828346687062
2000-11-24 00:00:00,923.2826203495508
2000-11-26 00:00:00,921.4750024247382
2000-11-27 00:00:00,920.568781603026
2000-11-28 00:00:00,919.661743083884
2000-11-29 00:00:00,918.7544780679009
2000-11-30 00:00:00,917.8475748338759
2000-12-01 00:00:00,916.9416176078483
2000-12-03 00:00:00,915.1348523627707
2000-12-04 00:00:00,914.2351846076077
2000-12-05 00:00:00,913.3387416432082
2000-12-06 00:00:00,912.4460741324308
2000-12-07 00:00:00,911.5577229236176
2000-12-08 00:00:00,910.6742178092207
2000-12-10 00:00:00,908.9238040018856
2000-12-11 00:00:00,908.0578933455739
2000-12-12 00:00:00,907.1988270624859
2000-12-13 00:00:00,906.3470802162973
2000-12-14 00:00:00,905.5031238516641
2000-12-15 00:00:00,904.6674281124499
2000-12-17 00:00:00,903.0227045019203
2000-12-18 00:00:00,902.2146220329604
2000-12-19 00:00:00,901.4166881192488
2000-12-20 00:00:00,900.6293704305756
2000-12-21 00:00:00,899.8531307741216
2000-12-22 00:00:00,899.088423129686
2000-12-24 00:00:00,897.5953705011918
2000-12-25 00:00:00,896.8678798090931
2000-12-26 00:00:00,896.1536272270939
2000-12-27 00:00:00,895.4530056107769
2000-12-28 00:00:00,894.7663925286342
2000-12-29 00:00:00,894.0941497083661
2000-12-31 00:00:00,892.7941404223931
2001-01-01 00:00:00,892.1670153974098
2001-01-02 00:00:00,891.5555431420322
2001-01-03 00:00:00,890.960002135751
2001-01-04 00:00:00,890.3806533968256
2001-01-05 00:00:00,889.8177405024842
2001-01-07 00:00:00,888.7421066131242
2001-01-08 00:00:00,888.2297852016952
2001-01-09 00:00:00,887.7347020245417
2001-01-10 00:00:00,887.2570236082911
2001-01-11 00:00:00,886.7969096569257
2001-01-12 00:00:00,886.3545167182905
2001-01-14 00:00:00,885.5235162033244
2001-01-15 00:00:00,885.1352174784838
2001-01-16 00:00:00,884.7652540981189
2001-01-17 00:00:00,884.41376973701
2001-01-18 00:00:00,884.0808999777312
2001-01-19 00:00:00,883.7667708446871
2001-01-21 00:00:00,883.1951851537934
2001-01-22 00:00:00,882.9379255294141
2001-01-23 00:00:00,882.6997996678626
2001-01-24 00:00:00,882.4808761432408
2001-01-25 00:00:00,882.2812112041537
2001-01-26 00:00:00,882.1008486732421
2001-01-28 00:00:00,881.7981439642234
2001-01-29 00:00:00,881.6758275376953
2001-01-30 00:00:00,881.5728653407336
2001-01-31 00:00:00,881.4892402031692
2001-02-01 00:00:00,881.4249232967396
2001-02-02 00:00:00,881.3798743774174
2001-02-04 00:00:00,881.3473650331279
2001-02-05 00:00:00,881.3597722791261
2001-02-06 00:00:00,881.391186173997
2001-02-07 00:00:00,881.4415248865798
2001-02-08 00:00:00,881.5107059493365
2001-02-09 00:00:00,881.5986495300912
2001-02-11 00:00:00,881.8305292418567
2001-02-12 00:00:00,881.9743295507269
2001-02-13 00:00:00,882.1366171203719
2001-02-14 00:00:00,882.3173266148049
2001-02-15 00:00:00,882.5163896350633
2001-02-16 00:00:00,882.7337332545603
2001-02-18 00:00:00,883.2229432535787
2001-02-19 00:00:00,883.4946354418581
2001-02-20 00:00:00,883.7842596106732
2001-02-21 00:00:00,884.0917135471766
2001-02-22 00:00:00,884.416888855892
2001-02-23 00:00:00,884.7596708410352
2001-02-25 00:00:00,885.4975638478265
2001-02-26 00:00:00,885.8924130717651
2001-02-27 00:00:00,886.3043454371171
2001-02-28 00:00:00,886.7332140606351
2001-03-01 00:00:00,887.17886609354
2001-03-02 00:00:00,887.6411431490493
2001-03-04 00:00:00,888.6149149190135
2001-03-05 00:00:00,889.126071922204
2001-03-06 00:00:00,889.6531814589105
2001-03-07 00:00:00,890.1960731400206
2001-03-08 00:00:00,890.7545801686294
2001-03-09 00:00:00,891.328541724135
2001-03-11 00:00:00,892.52222328512
2001-03-12 00:00:00,893.1416592370103
2001-03-13 00:00:00,893.7759783322172
2001-03-14 00:00:00,894.4250485948689
2001-03-15 00:00:00,895.0887379635429
2001-03-16 00:00:00,895.7669127041694
2001-03-18 00:00:00,897.1661697989947
2001-03-19 00:00:00,897.8869700531012
2001-03-20 00:00:00,898.6216912953363
2001-03-21 00:00:00,899.3701843108568
2001-03-22 00:00:00,900.1322965097032
2001-03-23 00:00:00,900.9078717507241
2001-03-25 00:00:00,902.4987675488221
2001-03-26 01:00:00,903.347791397918
2001-03-27 01:00:00,904.1761100256091
2001-03-28 01:00:00,905.017042541804
2001-03-29 01:00:00,905.8704080177613
2001-03-30 01:00:00,906.7360222692674
2001-04-01 01:00:00,908.5032495578255
2001-04-02 01:00:00,909.4044869999628
2001-04-03 01:00:00,910.317224945962
2001-04-04 01:00:00,911.2412806696361
2001-04-05 01:00:00,912.1764765737854
2001-04-06 01:00:00,913.1226416812449
2001-04-08 01:00:00,915.0472331262994
2001-04-09 01:00:00,916.0253540202114
2001-04-10 01:00:00,917.013830466569
2001-04-11 01:00:00,918.0125203561769
2001-04-12 01:00:00,919.0212822304745
2001-04-13 01:00:00,920.0399737391047
2001-04-15 01:00:00,922.1065662982595
2001-04-16 01:00:00,923.1541714437864
2001-04-17 01:00:00,924.2111141751192
2001-04-18 01:00:00,925.2772399288943
2001-04-19 01:00:00,926.3523914151352
2001-04-20 01:00:00,927.4364084362081
2001-04-22 01:00:00,929.6303819584128
2001-04-23 01:00:00,930.7400006617091
2001-04-24 01:00:00,931.8578087346951
2001-04-25 01:00:00,932.9836271189346
2001-04-26 01:00:00,934.1172730840292
2001-04-27 01:00:00,935.2585610529792
2001-04-29 01:00:00,937.5633140482541
2001-04-30 01:00:00,938.7264058729953
2001-05-01 01:00:00,939.8963965112694
2001-05-02 01:00:00,941.0731076773912
2001-05-03 01:00:00,942.2563667316817
2001-05-04 01:00:00,943.4460074292753
2001-05-06 01:00:00,945.8438015511701
2001-05-07 01:00:00,946.7446394009992
2001-05-08 01:00:00,947.4763274394254
2001-05-09 01:00:00,948.2116864981294
2001-05-10 01:00:00,948.9506294625699
2001-05-11 01:00:00,949.693068679994
2001-05-13 01:00:00,951.1880792262533
2001-05-14 01:00:00,951.9404683139732
2001-05-15 01:00:00,952.6959889365114
2001-05-16 01:00:00,953.4545456498603
2001-05-17 01:00:00,954.2160412189832
2001-05-18 01:00:00,954.9803765166496
2001-05-20 01:00:00,956.5171592171986
2001-05-21 01:00:00,957.2893970348074
2001-05-22 01:00:00,958.0640549269198
2001-05-23 01:00:00,958.8410211764575
2001-05-24 01:00:00,959.6201814608967
2001-05-25 01:00:00,960.4014194505426
2001-05-27 01:00:00,961.9696591664072
2001-05-28 01:00:00,962.7564277948907
2001-05-29 01:00:00,963.5448102498336
2001-05-30 01:00:00,964.3346963649625
2001-05-31 01:00:00,965.1259796229929
2001-06-01 01:00:00,965.9185572255881
2001-06-03 01:00:00,967.5072013164015
2001-06-04 01:00:00,968.3030777106374
2001-06-05 01:00:00,969.0998668841147
2001-06-06 01:00:00,969.8974775316636
2001-06-07 01:00:00,970.6958184498048
2001-06-08 01:00:00,971.4947978651929
2001-06-10 01:00:00,973.0942992678321
2001-06-11 01:00:00,973.8946309557712
2001-06-12 01:00:00,974.6952202239415
2001-06-13 01:00:00,975.4959675051138
2001-06-14 01:00:00,976.2967713664148
2001-06-15 01:00:00,977.0975284218899
2001-06-17 01:00:00,978.6984777831141
2001-06-18 01:00:00,979.4984517897157
2001-06-19 01:00:00,980.2979418572771
2001-06-20 01:00:00,981.0968316682341
2001-06-21 01:00:00,981.8950021173301
2001-06-22 01:00:00,982.6923319477901
2001-06-24 01:00:00,984.2839810009623
2001-06-25 01:00:00,985.0780584462545
2001-06-26 01:00:00,985.8708144990555
2001-06-27 01:00:00,986.6621364107257
2001-06-28 01:00:00,987.4519155596125
2001-06-29 01:00:00,988.2400471670686
2001-07-01 01:00:00,989.8109642732302
2001-07-02 01:00:00,990.5935537078865
2001-07-03 01:00:00,991.3741020421918
2001-07-04 01:00:00,992.1525137779415
2001-07-05 01:00:00,992.9286933143296
2001-07-06 01:00:00,993.7025444380381
2001-07-08 01:00:00,995.2428711031822
2001-07-09 01:00:00,996.0091478543346
2001-07-10 01:00:00,996.7726982425838
2001-07-11 01:00:00,997.5334185376872
2001-07-12 01:00:00,998.2912031217419
2001-07-13 01:00:00,999.0459444015426
2001-07-15 01:00:00,1000.5458559334054
2001-07-16 01:00:00,1001.2907996249888
2001-07-17 01:00:00,1002.0322464145736
2001-07-18 01:00:00,1002.7700760706646
2001-07-19 01:00:00,1003.5041656290682
2001-07-20 01:00:00,1004.2343900185972
2001-07-22 01:00:00,1005.6827400128897
2001-07-23 01:00:00,1006.4006175638124
2001-07-24 01:00:00,1007.1141371015347
2001-07-25 01:00:00,1007.8231846139197
2001-07-26 01:00:00,1008.5276508873919
2001-07-27 01:00:00,1009.2274309174126
2001-07-29 01:00:00,1010.6125277919072
2001-07-30 01:00:00,1011.297647421078
2001-07-31 01:00:00,1011.977684823127
2001-08-01 01:00:00,1012.6525431688649
2001-08-02 01:00:00,1013.3221254220825
2001-08-03 01:00:00,1013.9863339698151
2001-08-05 01:00:00,1015.2982347756748
2001-08-06 01:00:00,1015.8735433744254
2001-08-07 01:00:00,1016.3309562075511
2001-08-08 01:00:00,1016.7860206178868
2001-08-09 01:00:00,1017.2386719283974
2001-08-10 01:00:00,1017.6888440013172
2001-08-12 01:00:00,1018.5814779372502
2001-08-13 01:00:00,1019.0237991752289
2001-08-14 01:00:00,1019.463359614539
2001-08-15 01:00:00,1019.9000838968963
2001-08-16 01:00:00,1020.333894538888
2001-08-17 01:00:00,1020.7647121670452
2001-08-19 01:00:00,1021.6170452651427
2001-08-20 01:00:00,1022.0383994290148
2001-08-21 01:00:00,1022.4564402780902
2001-08-22 01:00:00,1022.871092220039
2001-08-23 01:00:00,1023.2822826140248
2001-08-24 01:00:00,1023.6899415025006
2001-08-26 01:00:00,1024.4943947831687
2001-08-27 01:00:00,1024.8910571692254
2001-08-28 01:00:00,1025.283922960416
2001-08-29 01:00:00,1025.6729269424761
2001-08-30 01:00:00,1026.058003670791
2001-08-31 01:00:00,1026.4390872848846
2001-09-02 01:00:00,1027.1890087011755
2001-09-03 01:00:00,1027.5577113046525
2001-09-04 01:00:00,1027.9221500955043
2001-09-05 01:00:00,1028.282254840336
2001-09-06 01:00:00,1028.637954002552
2001-09-07 01:00:00,1028.9891746248566
2001-09-09 01:00:00,1029.6778806949585
2001-09-10 01:00:00,1030.0152122266481
2001-09-11 01:00:00,1030.3477572364652
2001-09-12 01:00:00,1030.6754343632954
2001-09-13 01:00:00,1030.9981605755463
2001-09-14 01:00:00,1031.3158514869267
2001-09-16 01:00:00,1031.9357870668346
2001-09-17 01:00:00,1032.2378632066616
2001-09-18 01:00:00,1032.5345693232027
2001-09-19 01:00:00,1032.8258277308987
2001-09-20 01:00:00,1033.1115644265
2001-09-21 01:00:00,1033.3917088309952
2001-09-23 01:00:00,1033.9349515586257
2001-09-24 01:00:00,1034.197919562187
2001-09-25 01:00:00,1034.4550333919549
2001-09-26 01:00:00,1034.7062296840343
2001-09-27 01:00:00,1034.9514452591516
2001-09-28 01:00:00,1035.1906169951233
2001-09-30 01:00:00,1035.6505761963645
2001-10-01 01:00:00,1035.8712368635468
2001-10-02 01:00:00,1036.0855998513928
2001-10-03 01:00:00,1036.2936007551596
2001-10-04 01:00:00,1036.4951744965917
2001-10-05 01:00:00,1036.6902551910914
2001-10-07 01:00:00,1037.0606693585978
2001-10-08 01:00:00,1037.2358664752994
2001-10-09 01:00:00,1037.4042979727012
2001-10-10 01:00:00,1037.5658938320935
2001-10-11 01:00:00,1037.720583786732
2001-10-12 01:00:00,1037.8682978390857
2001-10-14 01:00:00,1038.1425242170635
2001-10-15 01:00:00,1038.2689055358717
2001-10-16 01:00:00,1038.3880511200905
2001-10-17 01:00:00,1038.4999060875682
2001-10-18 01:00:00,1038.6044208388873
2001-10-19 01:00:00,1038.7015508576471
2001-10-21 01:00:00,1038.8735001969055
2001-10-22 01:00:00,1038.9482497085344
2001-10-23 01:00:00,1039.0154735395895
2001-10-24 01:00:00,1039.075142577867
2001-10-25 01:00:00,1039.127229507006
2001-10-26 01:00:00,1039.1717087378374
2001-10-28 01:00:00,1039.23775029945
2001-10-29 00:00:00,1039.2584345077155
2001-10-30 00:00:00,1039.272582741812
2001-10-31 00:00:00,1039.2790209884058
2001-11-01 00:00:00,1039.2777329574167
2001-11-02 00:00:00,1039.2687034910682
2001-11-04 00:00:00,1038.876419674695
2001-11-05 00:00:00,1038.6499666540763
2001-11-06 00:00:00,1038.4127467610924
2001-11-07 00:00:00,1038.1648278746254
2001-11-08 00:00:00,1037.906283003363
2001-11-09 00:00:00,1037.6371914972947
2001-11-11 00:00:00,1037.06772542985
2001-11-12 00:00:00,1036.7675527694296
2001-11-13 00:00:00,1036.4572393221592
2001-11-14 00:00:00,1036.1369134114761
2001-11-15 00:00:00,1035.8067144890679
2001-11-16 00:00:00,1035.4667922891697
2001-11-18 00:00:00,1034.7584205420214
2001-11-19 00:00:00,1034.3903098110914
2001-11-20 00:00:00,1034.013151105055
2001-11-21 00:00:00,1033.6271267449706
2001-11-22 00:00:00,1033.2324232598373
2001-11-23 00:00:00,1032.8292312203216
2001-11-25 00:00:00,1031.9981634789742
2001-11-26 00:00:00,1031.5706883030712
2001-11-27 00:00:00,1031.1355252103433
2001-11-28 00:00:00,1030.6928828889595
2001-11-29 00:00:00,1030.2429727365286
2001-11-30 00:00:00,1029.786008497137
2001-12-02 00:00:00,1028.8517835537782
2001-12-03 00:00:00,1028.3749618220745
2001-12-04 00:00:00,1027.8919653198761
2001-12-05 00:00:00,1027.4030233219185
2001-12-06 00:00:00,1026.9083712817098
2001-12-07 00:00:00,1026.4082521341875
2001-12-09 00:00:00,1025.392627785191
2001-12-10 00:00:00,1024.8776538137377
2001-12-11 00:00:00,1024.3582754985139
2001-12-12 00:00:00,1023.8347820204546
2001-12-13 00:00:00,1023.3074708483508
2001-12-14 00:00:00,1022.7766465446675
2001-12-16 00:00:00,1021.7057036657906
2001-12-17 00:00:00,1021.1662167072677
2001-12-18 00:00:00,1020.6244772830145
2001-12-19 00:00:00,1020.0808049309048
2001-12-20 00:00:00,1019.5355192928298
2001-12-21 00:00:00,1018.9889396907984
2001-12-23 00:00:00,1017.8931724294641
2001-12-24 00:00:00,1017.3446190393819
2001-12-25 00:00:00,1016.7960394600467
2001-12-26 00:00:00,1016.2477462974657
2001-12-27 00:00:00,1015.7000493635423
2001-12-28 00:00:00,1015.1532551155935
2001-12-30 00:00:00,1014.0635817152286
2001-12-31 00:00:00,1013.52129705589
2002-01-01 00:00:00,1012.9811055662274
2002-01-02 00:00:00,1012.4432997099154
2002-01-03 00:00:00,1011.908172746073
2002-01-04 00:00:00,1011.3760202398407
2002-01-06 00:00:00,1010.3218355854308
2002-01-07 00:00:00,1009.8004093099923
2002-01-08 00:00:00,1009.283167692555
2002-01-09 00:00:00,1008.7704171352229
2002-01-10 00:00:00,1008.2624632659504
2002-01-11 00:00:00,1007.7596096223731
2002-01-13 00:00:00,1006.7703990626864
2002-01-14 00:00:00,1006.2846276191202
2002-01-15 00:00:00,1005.8051253550113
2002-01-16 00:00:00,1005.3321683078041
2002-01-17 00:00:00,1004.8660247332162
2002-01-18 00:00:00,1004.4069547794379
2002-01-20 00:00:00,1003.5110346464701
2002-01-21 00:00:00,1003.0746626587263
2002-01-22 00:00:00,1002.6463203548998
2002-01-23 00:00:00,1002.2262247581065
2002-01-24 00:00:00,1001.8145836019279
2002-01-25 00:00:00,1001.4115950761803
2002-01-27 00:00:00,1000.6323206367622
2002-01-28 00:00:00,1000.2563842509252
2002-01-29 00:00:00,999.8898016683017
2002-01-30 00:00:00,999.5327305957487
2002-01-31 00:00:00,999.185325429742
2002-02-01 00:00:00,998.8477389845632
2002-02-03 00:00:00,998.2026300811037
2002-02-04 00:00:00,997.8954088208934
2002-02-05 00:00:00,997.598606535221
2002-02-06 00:00:00,997.3123659020612
2002-02-07 00:00:00,997.0368241612458
2002-02-08 00:00:00,996.7721121417225
2002-02-10 00:00:00,996.2756641853498
2002-02-11 00:00:00,996.0441519245795
2002-02-12 00:00:00,995.8239159802661
2002-02-13 00:00:00,995.6150468996107
2002-02-14 00:00:00,995.4176264177721
2002-02-15 00:00:00,995.2317274536853
2002-02-17 00:00:00,994.8947422198897
2002-02-18 00:00:00,994.7437586924615
2002-02-19 00:00:00,994.6045024834473
2002-02-20 00:00:00,994.4770043144019
2002-02-21 00:00:00,994.3612868600475
2002-02-22 00:00:00,994.257364872423
2002-02-24 00:00:00,994.0849283305286
2002-02-25 00:00:00,994.0164071511816
2002-02-26 00:00:00,993.9596705052902
2002-02-27 00:00:00,993.9147040583304
2002-02-28 00:00:00,993.8814926521266
2002-03-01 00:00:00,993.8600221274374
2002-03-03 00:00:00,993.8522567438233
2002-03-04 00:00:00,993.8659418532446
2002-03-05 00:00:00,993.891325170976
2002-03-06 00:00:00,993.9283939429911
2002-03-07 00:00:00,993.9771319032053
2002-03-08 00:00:00,994.0375184647073
2002-03-10 00:00:00,994.1931308361297
2002-03-11 00:00:00,994.2882906735194
2002-03-12 00:00:00,994.394967017479
2002-03-13 00:00:00,994.5131139318183
2002-03-14 00:00:00,994.6426802989067
2002-03-15 00:00:00,994.7836098595977
2002-03-17 00:00:00,995.0993083109589
2002-03-18 00:00:00,995.2739398521379
2002-03-19 00:00:00,995.4596602188406
2002-03-20 00:00:00,995.6563892941405
2002-03-21 00:00:00,995.8640427511457
2002-03-22 00:00:00,996.0825323050288
2002-03-24 00:00:00,996.5516490111238
2002-03-25 00:00:00,996.8020838941192
2002-03-26 00:00:00,997.0629723354976
2002-03-27 00:00:00,997.3342164334078
2002-03-28 00:00:00,997.6157204921245
2002-03-29 00:00:00,997.9073925359423
2002-03-31 00:00:00,998.520895125652
2002-04-01 01:00:00,998.8560300142716
2002-04-02 01:00:00,999.1879463362956
2002-04-03 01:00:00,999.5296201153958
2002-04-04 01:00:00,999.8809714275
2002-04-05 01:00:00,1000.2419180821986
2002-04-07 01:00:00,1000.9922550813259
2002-04-08 01:00:00,1001.3814671623487
2002-04-09 01:00:00,1001.7799180887008
2002-04-10 01:00:00,1002.1875117298549
2002-04-11 01:00:00,1002.6041491882322
2002-04-12 01:00:00,1003.0297287842922
2002-04-14 01:00:00,1003.907293671756
2002-04-15 01:00:00,1004.3590616676557
2002-04-16 01:00:00,1004.8193373767436
2002-04-17 01:00:00,1005.2880057100859
2002-04-18 01:00:00,1005.764949400578
2002-04-19 01:00:00,1006.2500493513525
2002-04-21 01:00:00,1007.2442353440412
2002-04-22 01:00:00,1007.7530788535577
2002-04-23 01:00:00,1008.2695953385798
2002-04-24 01:00:00,1008.7936667136365
2002-04-25 01:00:00,1009.3251783385414
2002-04-26 01:00:00,1009.8640200680663
2002-04-28 01:00:00,1010.9632780378873
2002-04-29 01:00:00,1011.5234972093367
2002-04-30 01:00:00,1012.0906498087245
2002-05-01 01:00:00,1012.6646419898888
2002-05-02 01:00:00,1013.2453792336744
2002-05-03 01:00:00,1013.8327654827067
2002-05-05 01:00:00,1015.0270907013911
2002-05-06 01:00:00,1015.6338272157692
2002-05-07 01:00:00,1016.2468079175131
2002-05-08 01:00:00,1016.8659265058642
2002-05-09 01:00:00,1017.4910747148284
2002-05-10 01:00:00,1018.1221422709524
2002-05-12 01:00:00,1019.401583862515
2002-05-13 01:00:00,1020.0497267078209
2002-05-14 01:00:00,1020.7033265552922
2002-05-15 01:00:00,1021.3622626755061
2002-05-16 01:00:00,1022.0264127456223
2002-05-17 01:00:00,1022.6956533355282
2002-05-19 01:00:00,1024.0489106371215
2002-05-20 01:00:00,1024.7326810748705
2002-05-21 01:00:00,1025.4210512101577
2002-05-22 01:00:00,1026.1139033023871
2002-05-23 01:00:00,1026.8111233251761
2002-05-24 01:00:00,1027.512601564942
2002-05-26 01:00:00,1028.9266533124771
2002-05-27 01:00:00,1029.3314854168348
2002-05-28 01:00:00,1029.7394822184312
2002-05-29 01:00:00,1030.1505979772694
2002-05-30 01:00:00,1030.5647871812816
2002-05-31 01:00:00,1030.9820039509557
2002-06-02 01:00:00,1031.8253326800627
2002-06-03 01:00:00,1032.2513484099998
2002-06-04 01:00:00,1032.6801991641605
2002-06-05 01:00:00,1033.111834232191
2002-06-06 01:00:00,1033.5462018583498
2002-06-07 01:00:00,1033.9832491911588
2002-06-09 01:00:00,1034.8651655239123
2002-06-10 01:00:00,1035.3099224200378
2002-06-11 01:00:00,1035.7571346224345
2002-06-12 01:00:00,1036.2067423883036
2002-06-13 01:00:00,1036.6586846362254
2002-06-14 01:00:00,1037.1128992436488
2002-06-16 01:00:00,1038.0278945990237
2002-06-17 01:00:00,1038.488550346632
2002-06-18 01:00:00,1038.951229635112
2002-06-19 01:00:00,1039.4158730170132
2002-06-20 01:00:00,1039.8824231019464
2002-06-21 01:00:00,1040.3508248125695
2002-06-23 01:00:00,1041.2929745496724
2002-06-24 01:00:00,1041.7666235065153
2002-06-25 01:00:00,1042.2419250500504
2002-06-26 01:00:00,1042.7188326147495
2002-06-27 01:00:00,1043.197299728448
2002-06-28 01:00:00,1043.67727949721
2002-06-30 01:00:00,1044.6415852430646
2002-07-01 01:00:00,1045.1258127057456
2002-07-02 01:00:00,1045.6113556644589
2002-07-03 01:00:00,1046.098162017711
2002-07-04 01:00:00,1046.5861785137888
2002-07-05 01:00:00,1047.075350709497
2002-07-07 01:00:00,1048.0569379094345
2002-07-08 01:00:00,1048.549237110799
2002-07-09 01:00:00,1049.0424601441362
2002-07-10 01:00:00,1049.5365449743917
2002-07-11 01:00:00,1050.0314280119478
2002-07-12 01:00:00,1050.5270444622793
2002-07-14 01:00:00,1051.5202159414632
2002-07-15 01:00:00,1052.0176410831953
2002-07-16 01:00:00,1052.5155412786935
2002-07-17 01:00:00,1053.0138554558473
2002-07-18 01:00:00,1053.5125247577569
2002-07-19 01:00:00,1054.0114925710805
2002-07-21 01:00:00,1055.0101074337638
2002-07-22 01:00:00,1055.509650416715
2002-07-23 01:00:00,1056.0092829086893
2002-07-24 01:00:00,1056.5089549276283
2002-07-25 01:00:00,1057.0086164495817
2002-07-26 01:00:00,1057.5082169953278
2002-07-28 01:00:00,1058.5070291488469
2002-07-29 01:00:00,1059.006135144126
2002-07-30 01:00:00,1059.5049687568514
2002-07-31 01:00:00,1060.0034742522778
2002-08-01 01:00:00,1060.501594686282
2002-08-02 01:00:00,1060.9992718689969
2002-08-04 01:00:00,1061.9930569805263
2002-08-05 01:00:00,1062.4890413971414
2002-08-06 01:00:00,1062.9843352446296
2002-08-07 01:00:00,1063.4788724284915
2002-08-08 01:00:00,1063.9725851579863
2002-08-09 01:00:00,1064.465404304288
2002-08-11 01:00:00,1065.4480827705852
2002-08-12 01:00:00,1065.9378039565197
2002-08-13 01:00:00,1066.4263570151193
2002-08-14 01:00:00,1066.9136777431283
2002-08-15 01:00:00,1067.39970444673
2002-08-16 01:00:00,1067.8843777624384
2002-08-18 01:00:00,1068.849436112027
2002-08-19 01:00:00,1069.32971037561
2002-08-20 01:00:00,1069.8084087988104
2002-08-21 01:00:00,1070.2854772908859
2002-08-22 01:00:00,1070.760861585187
2002-08-23 01:00:00,1071.2345069257228
2002-08-25 01:00:00,1072.1763577959393
2002-08-26 01:00:00,1072.6444493551073
2002-08-27 01:00:00,1073.110573796339
2002-08-28 01:00:00,1073.5746712125217
2002-08-29 01:00:00,1074.0366804462858
2002-08-30 01:00:00,1074.4965390491427
2002-09-01 01:00:00,1075.4095476735847
2002-09-02 01:00:00,1075.8625655681226
2002-09-03 01:00:00,1076.3131683098911
2002-09-04 01:00:00,1076.7612855083844
2002-09-05 01:00:00,1077.2068450461502
2002-09-06 01:00:00,1077.6497734172578
2002-09-08 01:00:00,1078.5274400160497
2002-09-09 01:00:00,1078.9620316582957
2002-09-10 01:00:00,1079.3937010101151
2002-09-11 01:00:00,1079.8223806070268
2002-09-12 01:00:00,1080.0
2002-09-13 01:00:00,1080.0
2002-09-15 01:00:00,1080.0
2002-09-16 01:00:00,1080.0
2002-09-17 01:00:00,1080.0
2002-09-18 01:00:00,1080.0
2002-09-19 01:00:00,1080.0
2002-09-20 01:00:00,1080.0
2002-09-22 01:00:00,1080.0
2002-09-23 01:00:00,1080.0
2002-09-24 01:00:00,1080.0
2002-09-25 01:00:00,1080.0
2002-09-26 01:00:00,1080.0
2002-09-27 01:00:00,1080.0
2002-09-29 01:00:00,1080.0
2002-09-30 01:00:00,1080.0
2002-10-01 01:00:00,1080.0
2002-10-02 01:00:00,1080.0
2002-10-03 01:00:00,1080.0
2002-10-04 01:00:00,1080.0
2002-10-06 01:00:00,1080.0
2002-10-07 01:00:00,1080.0
2002-10-08 01:00:00,1080.0
2002-10-09 01:00:00,1080.0
2002-10-10 01:00:00,1080.0
2002-10-11 01:00:00,1080.0
2002-10-13 01:00:00,1080.0
2002-10-14 01:00:00,1080.0
2002-10-15 01:00:00,1080.0
2002-10-16 01:00:00,1080.0
2002-10-17 01:00:00,1080.0
2002-10-18 01:00:00,1080.0
2002-10-20 01:00:00,1080.0
2002-10-21 01:00:00,1080.0
2002-10-22 01:00:00,1080.0
2002-10-23 01:00:00,1080.0
2002-10-24 01:00:00,1080.0
2002-10-25 01:00:00,1080.0
2002-10-27 01:00:00,1080.0
2002-10-28 00:00:00,1080.0
2002-10-29 00:00:00,1080.0
2002-10-30 00:00:00,1080.0
2002-10-31 00:00:00,1080.0
2002-11-01 00:00:00,1080.0
2002-11-03 00:00:00,1080.0
2002-11-04 00:00:00,1080.0
2002-11-05 00:00:00,1080.0
2002-11-06 00:00:00,1080.0
2002-11-07 00:00:00,1080.0
2002-11-08 00:00:00,1080.0
2002-11-10 00:00:00,1080.0
2002-11-11 00:00:00,1080.0
2002-11-12 00:00:00,1080.0
2002-11-13 00:00:00,1080.0
2002-11-14 00:00:00,1080.0
2002-11-15 00:00:00,1080.0
2002-11-17 00:00:00,1080.0
2002-11-18 00:00:00,1080.0
2002-11-19 00:00:00,1080.0
2002-11-20 00:00:00,1080.0
2002-11-21 00:00:00,1080.0
2002-11-22 00:00:00,1080.0
2002-11-24 00:00:00,1080.0
2002-11-25 00:00:00,1080.0
2002-11-26 00:00:00,1080.0
2002-11-27 00:00:00,1080.0
2002-11-28 00:00:00,1080.0
2002-11-29 00:00:00,1080.0
2002-12-01 00:00:00,1080.0
2002-12-02 00:00:00,1080.0
2002-12-03 00:00:00,1080.0
2002-12-04 00:00:00,1080.0
2002-12-05 00:00:00,1080.0
2002-12-06 00:00:00,1080.0
2002-12-08 00:00:00,1080.0
2002-12-09 00:00:00,1080.0
2002-12-10 00:00:00,1080.0
2002-12-11 00:00:00,1080.0
2002-12-12 00:00:00,1080.0
2002-12-13 00:00:00,1080.0
2002-12-15 00:00:00,1080.0
2002-12-16 00:00:00,1080.0
2002-12-17 00:00:00,1080.0
2002-12-18 00:00:00,1080.0
2002-12-19 00:00:00,1080.0
2002-12-20 00:00:00,1080.0
2002-12-22 00:00:00,1080.0
2002-12-23 00:00:00,1080.0
2002-12-24 00:00:00,1080.0
2002-12-25 00:00:00,1080.0
2002-12-26 00:00:00,1080.0
2002-12-27 00:00:00,1080.0
2002-12-29 00:00:00,1080.0
2002-12-30 00:00:00,1080.0
2002-12-31 00:00:00,1080.0
2003-01-01 00:00:00,1080.0
2003-01-02 00:00:00,1080.0
2003-01-03 00:00:00,1080.0
2003-01-05 00:00:00,1080.0
2003-01-06 00:00:00,1080.0
2003-01-07 00:00:00,1080.0
2003-01-08 00:00:00,1080.0
2003-01-09 00:00:00,1080.0
2003-01-10 00:00:00,1080.0
2003-01-12 00:00:00,1080.0
2003-01-13 00:00:00,1080.0
2003-01-14 00:00:00,1080.0
2003-01-15 00:00:00,1080.0
2003-01-16 00:00:00,1080.0
2003-01-17 00:00:00,1080.0
2003-01-19 00:00:00,1080.0
2003-01-20 00:00:00,1080.0
2003-01-21 00:00:00,1080.0
2003-01-22 00:00:00,1080.0
2003-01-23 00:00:00,1080.0
2003-01-24 00:00:00,1080.0
2003-01-26 00:00:00,1080.0
2003-01-27 00:00:00,1080.0
2003-01-28 00:00:00,1080.0
2003-01-29 00:00:00,1080.0
2003-01-30 00:00:00,1080.0
2003-01-31 00:00:00,1080.0
2003-02-02 00:00:00,1080.0
2003-02-03 00:00:00,1080.0
2003-02-04 00:00:00,1080.0
2003-02-05 00:00:00,1080.0
2003-02-06 00:00:00,1080.0
2003-02-07 00:00:00,1080.0
2003-02-09 00:00:00,1080.0
2003-02-10 00:00:00,1080.0
2003-02-11 00:00:00,1080.0
2003-02-12 00:00:00,1080.0
2003-02-13 00:00:00,1080.0
2003-02-14 00:00:00,1080.0
2003-02-16 00:00:00,1080.0
2003-02-17 00:00:00,1079.783504707219
2003-02-18 00:00:00,1079.466246444912
2003-02-19 00:00:00,1079.1522514458704
2003-02-20 00:00:00,1078.8416936441695
2003-02-21 00:00:00,1078.5347461197348
2003-02-23 00:00:00,1077.9323730816423
2003-02-24 00:00:00,1077.6372925524959
2003-02-25 00:00:00,1077.3465113637508
2003-02-26 00:00:00,1077.060198970486
2003-02-27 00:00:00,1076.7785222070443
2003-02-28 00:00:00,1076.5016444792832
2003-03-02 00:00:00,1075.9629181402552
2003-03-03 00:00:00,1075.7013727726585
2003-03-04 00:00:00,1075.4452318681926
2003-03-05 00:00:00,1075.1946321213213
2003-03-06 00:00:00,1074.9497037490614
2003-03-07 00:00:00,1074.7105703978277
2003-03-09 00:00:00,1074.2501504921756
2003-03-10 00:00:00,1074.029078510464
2003-03-11 00:00:00,1073.8142307790629
2003-03-12 00:00:00,1073.6056984357747
2003-03-13 00:00:00,1073.4035661450455
2003-03-14 00:00:00,1073.207912084011
2003-03-16 00:00:00,1072.836319463098
2003-03-17 00:00:00,1072.6605063464053
2003-03-18 00:00:00,1072.4914237468563
2003-03-19 00:00:00,1072.3291231820806
2003-03-20 00:00:00,1072.173653958822
2003-03-21 00:00:00,1072.0250643664892
2003-03-23 00:00:00,1071.7487157871485
2003-03-24 00:00:00,1071.621051625396
2003-03-25 00:00:00,1071.5004554867621
2003-03-26 00:00:00,1071.3869706129783
2003-03-27 00:00:00,1071.2806371447427
2003-03-28 00:00:00,1071.1814915296584
2003-03-30 00:00:00,1071.0048887512874
2003-03-31 01:00:00,1070.924309005053
2003-04-01 01:00:00,1070.854496933716
2003-04-02 01:00:00,1070.7919890972773
2003-04-03 01:00:00,1070.7367942746855
2003-04-04 01:00:00,1070.6889165098537
2003-04-06 01:00:00,1070.6151053138337
2003-04-07 01:00:00,1070.5891573829117
2003-04-08 01:00:00,1070.5704978117503
2003-04-09 01:00:00,1070.5591089319812
2003-04-10 01:00:00,1070.5549691397484
2003-04-11 01:00:00,1070.5580530246261
2003-04-13 01:00:00,1070.585772380259
2003-04-14 01:00:00,1070.610340383533
2003-04-15 01:00:00,1070.641998489196
2003-04-16 01:00:00,1070.6807087905488
2003-04-17 01:00:00,1070.726433808527
2003-04-18 01:00:00,1070.779137602305
2003-04-20 01:00:00,1070.9053485467562
2003-04-21 01:00:00,1070.9787938785587
2003-04-22 01:00:00,1071.0590927254812
2003-04-23 01:00:00,1071.1462149239048
2003-04-24 01:00:00,1071.240129005789
2003-04-25 01:00:00,1071.340801649824
2003-04-27 01:00:00,1071.5622783313747
2003-04-28 01:00:00,1071.683004349866
2003-04-29 01:00:00,1071.8103328192879
2003-04-30 01:00:00,1071.9442187475067
2003-05-01 01:00:00,1072.0846147668335
2003-05-02 01:00:00,1072.2314711625977
2003-05-04 01:00:00,1072.5443547879827
2003-05-05 01:00:00,1072.7102713768745
2003-05-06 01:00:00,1072.8824272580891
2003-05-07 01:00:00,1073.060762088811
2003-05-08 01:00:00,1073.2452137445528
2003-05-09 01:00:00,1073.4357184755204
2003-05-11 01:00:00,1073.8346253724574
2003-05-12 01:00:00,1074.0428943117554
2003-05-13 01:00:00,1074.256950998203
2003-05-14 01:00:00,1074.4767293846744
2003-05-15 01:00:00,1074.7021652989245
2003-05-16 01:00:00,1074.933197328524
2003-05-18 01:00:00,1075.4118203079402
2003-05-19 01:00:00,1075.659303830324
2003-05-20 01:00:00,1075.912166939278
2003-05-21 01:00:00,1076.1703591309529
2003-05-22 01:00:00,1076.4338294847917
2003-05-23 01:00:00,1076.7025260914186
2003-05-25 01:00:00,1077.2553838453202
2003-05-26 01:00:00,1077.539434349727
2003-05-27 01:00:00,1077.8284898344725
2003-05-28 01:00:00,1078.1224915035364
2003-05-29 01:00:00,1078.4213792026335
2003-05-30 01:00:00,1078.7250914141953
2003-06-01 01:00:00,1079.346736442279
2003-06-02 01:00:00,1079.6645393884805
2003-06-03 01:00:00,1079.9869071973033
2003-06-04 01:00:00,1080.0
2003-06-05 01:00:00,1080.0
2003-06-06 01:00:00,1080.0
2003-06-08 01:00:00,1080.0
2003-06-09 01:00:00,1080.0
2003-06-10 01:00:00,1080.0
2003-06-11 01:00:00,1080.0
2003-06-12 01:00:00,1080.0
2003-06-13 01:00:00,1080.0
2003-06-15 01:00:00,1080.0
2003-06-16 01:00:00,1080.0
2003-06-17 01:00:00,1080.0
2003-06-18 01:00:00,1080.0
2003-06-19 01:00:00,1080.0
2003-06-20 01:00:00,1080.0
2003-06-22 01:00:00,1080.0
2003-06-23 01:00:00,1080.0
2003-06-24 01:00:00,1080.0
2003-06-25 01:00:00,1080.0
2003-06-26 01:00:00,1080.0
2003-06-27 01:00:00,1080.0
2003-06-29 01:00:00,1080.0
2003-06-30 01:00:00,1080.0
2003-07-01 01:00:00,1080.0
2003-07-02 01:00:00,1080.0
2003-07-03 01:00:00,1080.0
2003-07-04 01:00:00,1080.0
2003-07-06 01:00:00,1080.0
2003-07-07 01:00:00,1080.0
2003-07-08 01:00:00,1080.0
2003-07-09 01:00:00,1080.0
2003-07-10 01:00:00,1080.0
2003-07-11 01:00:00,1080.0
2003-07-13 01:00:00,1080.0
2003-07-14 01:00:00,1080.0
2003-07-15 01:00:00,1080.0
2003-07-16 01:00:00,1080.0
2003-07-17 01:00:00,1080.0
2003-07-18 01:00:00,1080.0
2003-07-20 01:00:00,1080.0
2003-07-21 01:00:00,1080.0
2003-07-22 01:00:00,1080.0
2003-07-23 01:00:00,1080.0
2003-07-24 01:00:00,1080.0
2003-07-25 01:00:00,1080.0
2003-07-27 01:00:00,1080.0
2003-07-28 01:00:00,1080.0
2003-07-29 01:00:00,1080.0
2003-07-30 01:00:00,1080.0
2003-07-31 01:00:00,1080.0
2003-08-01 01:00:00,1080.0
2003-08-03 01:00:00,1080.0
2003-08-04 01:00:00,1080.0
2003-08-05 01:00:00,1080.0
2003-08-06 01:00:00,1080.0
2003-08-07 01:00:00,1080.0
2003-08-08 01:00:00,1080.0
2003-08-10 01:00:00,1080.0
2003-08-11 01:00:00,1080.0
2003-08-12 01:00:00,1080.0
2003-08-13 01:00:00,1080.0
2003-08-14 01:00:00,1080.0
2003-08-15 01:00:00,1080.0
2003-08-17 01:00:00,1080.0
2003-08-18 01:00:00,1080.0
2003-08-19 01:00:00,1080.0
2003-08-20 01:00:00,1080.0
2003-08-21 01:00:00,1080.0
2003-08-22 01:00:00,1080.0
2003-08-24 01:00:00,1080.0
2003-08-25 01:00:00,1080.0
2003-08-26 01:00:00,1080.0
2003-08-27 01:00:00,1080.0
2003-08-28 01:00:00,1080.0
2003-08-29 01:00:00,1080.0
2003-08-31 01:00:00,1079.5390697694238
2003-09-01 01:00:00,1079.0253659258778
2003-09-02 01:00:00,1078.5123403605444
2003-09-03 01:00:00,1078.0000690937925
2003-09-04 01:00:00,1077.488625542917
2003-09-05 01:00:00,1076.978080593518
2003-09-07 01:00:00,1075.9599591042174
2003-09-08 01:00:00,1075.45251469897
2003-09-09 01:00:00,1074.946234202401
2003-09-10 01:00:00,1074.4411818928268
2003-09-11 01:00:00,1073.937422281443
2003-09-12 01:00:00,1073.4350205407634
2003-09-14 01:00:00,1072.4345564360176
2003-09-15 01:00:00,1071.9366299729302
2003-09-16 01:00:00,1071.4403332832521
2003-09-17 01:00:00,1070.9457374656236
2003-09-18 01:00:00,1070.4529148331978
2003-09-19 01:00:00,1069.9619389050663
2003-09-21 01:00:00,1068.9858275154068
2003-09-22 01:00:00,1068.50084561889
2003-09-23 01:00:00,1068.0180177351183
2003-09-24 01:00:00,1067.5374243277793
2003-09-25 01:00:00,1067.0591471453088
2003-09-26 01:00:00,1066.5832687594357
2003-09-28 01:00:00,1065.6390380538442
2003-09-29 01:00:00,1065.1708473426834
2003-09-30 01:00:00,1064.705376862746
2003-10-01 01:00:00,1064.24270070307
2003-10-02 01:00:00,1063.7828898581736
2003-10-03 01:00:00,1063.3260125583008
2003-10-05 01:00:00,1062.4213208819647
2003-10-06 01:00:00,1061.9736340610364
2003-10-07 01:00:00,1061.529136964525
2003-10-08 01:00:00,1061.0878920764771
2003-10-09 01:00:00,1060.6499621061114
2003-10-10 01:00:00,1060.2154103011774
2003-10-12 01:00:00,1059.3566982818954
2003-10-13 01:00:00,1058.93266912743
2003-10-14 01:00:00,1058.5122804149094
2003-10-15 01:00:00,1058.0956004540496
2003-10-16 01:00:00,1057.6826986709266
2003-10-17 01:00:00,1057.2736456012624
2003-10-19 01:00:00,1056.4673734369376
2003-10-20 01:00:00,1056.070301278438
2003-10-21 01:00:00,1055.6773718451952
2003-10-22 01:00:00,1055.288661862141
2003-10-23 01:00:00,1054.9042492013014
2003-10-24 01:00:00,1054.5242124496324
2003-10-26 01:00:00,1053.7775797180825
2003-10-27 00:00:00,1053.4264021892893
2003-10-28 00:00:00,1053.064441983
2003-10-29 00:00:00,1052.7072262526037
2003-10-30 00:00:00,1052.3548197883133
2003-10-31 00:00:00,1052.0072842860304
2003-11-02 00:00:00,1051.327062084625
2003-11-03 00:00:00,1050.9944901408733
2003-11-04 00:00:00,1050.667019846318
2003-11-05 00:00:00,1050.3447077664134
2003-11-06 00:00:00,1050.0276107374066
2003-11-07 00:00:00,1049.7157860727807
2003-11-09 00:00:00,1049.1081864357798
2003-11-10 00:00:00,1048.8125298054977
2003-11-11 00:00:00,1048.522382397369
2003-11-12 00:00:00,1048.2378057576557
2003-11-13 00:00:00,1047.9588624302537
2003-11-14 00:00:00,1047.6856159508093
2003-11-16 00:00:00,1047.1564725863157
2003-11-17 00:00:00,1046.9007076752646
2003-11-18 00:00:00,1046.6509035510828
2003-11-19 00:00:00,1046.4071285623913
2003-11-20 00:00:00,1046.169451760559
2003-11-21 00:00:00,1045.9379424748943
2003-11-23 00:00:00,1045.493700446087
2003-11-24 00:00:00,1045.2810997214533
2003-11-25 00:00:00,1045.0749282246159
2003-11-26 00:00:00,1044.8752423031399
2003-11-27 00:00:00,1044.6820938478845
2003-11-28 00:00:00,1044.4955309078418
2003-11-30 00:00:00,1044.1423402612718
2003-12-01 00:00:00,1043.9757978783173
2003-12-02 00:00:00,1043.8160129924436
2003-12-03 00:00:00,1043.6630268437616
2003-12-04 00:00:00,1043.5168805818064
2003-12-05 00:00:00,1043.3776153572442
2003-12-07 00:00:00,1043.1198929699367
2003-12-08 00:00:00,1043.0015186118335
2003-12-09 00:00:00,1042.8901910049199
2003-12-10 00:00:00,1042.7859521014207
2003-12-11 00:00:00,1042.688844118228
2003-12-12 00:00:00,1042.5989095155624
2003-12-14 00:00:00,1042.440731126468
2003-12-15 00:00:00,1042.3725727800636
2003-12-16 00:00:00,1042.3117583942749
2003-12-17 00:00:00,1042.2583300151139
2003-12-18 00:00:00,1042.212328883849
2003-12-19 00:00:00,1042.173794902037
2003-12-21 00:00:00,1042.1192764142218
2003-12-22 00:00:00,1042.1033569240963
2003-12-23 00:00:00,1042.0950323530653
2003-12-24 00:00:00,1042.0943215673844
2003-12-25 00:00:00,1042.1012372584057
2003-12-26 00:00:00,1042.1157865144721
2003-12-28 00:00:00,1042.1677921493372
2003-12-29 00:00:00,1042.205243877599
2003-12-30 00:00:00,1042.2503213927048
2003-12-31 00:00:00,1042.303017413012
2004-01-01 00:00:00,1042.3633230964142
2004-01-02 00:00:00,1042.4312280329154
2004-01-04 00:00:00,1042.5897859010317
2004-01-05 00:00:00,1042.6804097481456
2004-01-06 00:00:00,1042.7785747905189
2004-01-07 00:00:00,1042.8842623363046
2004-01-08 00:00:00,1042.9974521279617
2004-01-09 00:00:00,1043.1181222753862
2004-01-11 00:00:00,1043.3818072909844
2004-01-12 00:00:00,1043.5247689678833
2004-01-13 00:00:00,1043.6751039744238
2004-01-14 00:00:00,1043.832779076559
2004-01-15 00:00:00,1043.9977574540228
2004-01-16 00:00:00,1044.1699980078465
2004-01-18 00:00:00,1044.5360748426444
2004-01-19 00:00:00,1044.729799727351
2004-01-20 00:00:00,1044.9305622357042
2004-01-21 00:00:00,1045.138287157348
2004-01-22 00:00:00,1045.352891083616
2004-01-23 00:00:00,1045.5742830215506
2004-01-25 00:00:00,1046.0370353746118
2004-01-26 00:00:00,1046.2781856206393
2004-01-27 00:00:00,1046.5257053499877
2004-01-28 00:00:00,1046.7794806258173
2004-01-29 00:00:00,1047.0393945802766
2004-01-30 00:00:00,1047.305327456392
2004-02-01 00:00:00,1047.854756417282
2004-02-02 00:00:00,1048.137998487748
2004-02-03 00:00:00,1048.426751589276
2004-02-04 00:00:00,1048.7208818771646
2004-02-05 00:00:00,1049.0202530350552
2004-02-06 00:00:00,1049.324726398671
2004-02-08 00:00:00,1049.9484134213317
2004-02-09 00:00:00,1050.2673376024811
2004-02-10 00:00:00,1050.5907843075222
2004-02-11 00:00:00,1050.9186005749123
2004-02-12 00:00:00,1051.2506290309277
2004-02-13 00:00:00,1051.5867071887758
2004-02-15 00:00:00,1052.2703332186236
2004-02-16 00:00:00,1052.617525134009
2004-02-17 00:00:00,1052.9680542645651
2004-02-18 00:00:00,1053.3217255814955
2004-02-19 00:00:00,1053.6783378316225
2004-02-20 00:00:00,1054.0376844476239
2004-02-22 00:00:00,1054.7637351187318
2004-02-23 00:00:00,1055.1300103728115
2004-02-24 00:00:00,1055.4981644993627
2004-02-25 00:00:00,1055.867981405699
2004-02-26 00:00:00,1056.2392452943989
2004-02-27 00:00:00,1056.6117408883597
2004-02-29 00:00:00,1057.359569530098
2004-03-01 00:00:00,1057.7344759051987
2004-03-02 00:00:00,1058.1097610383465
2004-03-03 00:00:00,1058.4852147428126
2004-03-04 00:00:00,1058.8606286084837
2004-03-05 00:00:00,1059.235796272898
2004-03-07 00:00:00,1059.9845785800908
2004-03-08 00:00:00,1060.3577911987395
2004-03-09 00:00:00,1060.7299527427163
2004-03-10 00:00:00,1061.1008651223826
2004-03-11 00:00:00,1061.4703300318733
2004-03-12 00:00:00,1061.8381482138593
2004-03-14 00:00:00,1062.5680398897232
2004-03-15 00:00:00,1062.9297071357348
2004-03-16 00:00:00,1063.288915708742
2004-03-17 00:00:00,1063.645460189147
2004-03-18 00:00:00,1063.9991355731906
2004-03-19 00:00:00,1064.349738257136
2004-03-21 00:00:00,1065.0409243230465
2004-03-22 00:00:00,1065.3811166207631
2004-03-23 00:00:00,1065.7174556356417
2004-03-24 00:00:00,1066.0497585423805
2004-03-25 00:00:00,1066.3778482906464
2004-03-26 00:00:00,1066.701553710469
2004-03-28 00:00:00,1067.3351563102783
2004-03-29 01:00:00,1067.6576126031846
2004-03-30 01:00:00,1067.9619761467545
2004-03-31 01:00:00,1068.2611818905318
2004-04-01 01:00:00,1068.555094399975
2004-04-02 01:00:00,1068.8435843426437
2004-04-04 01:00:00,1069.403809226324
2004-04-05 01:00:00,1069.675314495103
2004-04-06 01:00:00,1069.9409364572712
2004-04-07 01:00:00,1070.2005706260754
2004-04-08 01:00:00,1070.454114651604
2004-04-09 01:00:00,1070.7014673530691
2004-04-11 01:00:00,1071.1771971390324
2004-04-12 01:00:00,1071.4053752748846
2004-04-13 01:00:00,1071.6269652948924
2004-04-14 01:00:00,1071.8418724197584
2004-04-15 01:00:00,1072.0500051829508
2004-04-16 01:00:00,1072.251276161361
2004-04-18 01:00:00,1072.632906935157
2004-04-19 01:00:00,1072.8131171579544
2004-04-20 01:00:00,1072.9861670967464
2004-04-21 01:00:00,1073.1519965289613
2004-04-22 01:00:00,1073.3105511832591
2004-04-23 01:00:00,1073.461782638312
2004-04-25 01:00:00,1073.7421104663508
2004-04-26 01:00:00,1073.8711376022147
2004-04-27 01:00:00,1073.9927026996718
2004-04-28 01:00:00,1074.1067838784927
2004-04-29 01:00:00,1074.213364127229
2004-04-30 01:00:00,1074.3124311765087
2004-05-02 01:00:00,1074.487998925645
2004-05-03 01:00:00,1074.5644960532275
2004-05-04 01:00:00,1074.6334712796195
2004-05-05 01:00:00,1074.6949286228723
2004-05-06 01:00:00,1074.7488722493918
2004-05-07 01:00:00,1074.7953054363206
2004-05-09 01:00:00,1074.8656467076041
2004-05-10 01:00:00,1074.8895553868624
2004-05-11 01:00:00,1074.9059564417846
2004-05-12 01:00:00,1074.9148515420513
2004-05-13 01:00:00,1074.9162444922079
2004-05-14 01:00:00,1074.9101418272305
2004-05-16 01:00:00,1074.8754916587736
2004-05-17 01:00:00,1074.8469737083656
2004-05-18 01:00:00,1074.811019440089
2004-05-19 01:00:00,1074.767652493147
2004-05-20 01:00:00,1074.716900006762
2004-05-21 01:00:00,1074.6587925183526
2004-05-23 01:00:00,1074.5206508101758
2004-05-24 01:00:00,1074.4406932887837
2004-05-25 01:00:00,1074.3535338238582
2004-05-26 01:00:00,1074.2592175848722
2004-05-27 01:00:00,1074.1577922049519
2004-05-28 01:00:00,1074.0493076276375
2004-05-30 01:00:00,1073.811370812059
2004-05-31 01:00:00,1073.6820274081867
2004-06-01 01:00:00,1073.545841142406
2004-06-02 01:00:00,1073.4028668691421
2004-06-03 01:00:00,1073.2531577159275
2004-06-04 01:00:00,1073.0967641518157
2004-06-06 01:00:00,1072.7641104824836
2004-06-07 01:00:00,1072.587937469718
2004-06-08 01:00:00,1072.4052562190038
2004-06-09 01:00:00,1072.2161086981646
2004-06-10 01:00:00,1072.0205380219593
2004-06-11 01:00:00,1071.8185890193042
2004-06-13 01:00:00,1071.3957455612538
2004-06-14 01:00:00,1071.174951242468
2004-06-15 01:00:00,1070.9479788716892
2004-06-16 01:00:00,1070.714883843089
2004-06-17 01:00:00,1070.4757236102082
2004-06-18 01:00:00,1070.2305576319366
2004-06-20 01:00:00,1069.722455876367
2004-06-21 01:00:00,1069.4596483330552
2004-06-22 01:00:00,1069.1910912782055
2004-06-23 01:00:00,1068.9168527900508
2004-06-24 01:00:00,1068.6370022666392
2004-06-25 01:00:00,1068.351610245461
2004-06-27 01:00:00,1067.764488056487
2004-06-28 01:00:00,1067.4629020326313
2004-06-29 01:00:00,1067.1560616675022
2004-06-30 01:00:00,1066.844037147894
2004-07-01 01:00:00,1066.5268963774859
2004-07-02 01:00:00,1066.204704223486
2004-07-04 01:00:00,1065.5454086217658
2004-07-05 01:00:00,1065.2084196529909
2004-07-06 01:00:00,1064.866610258968
2004-07-07 01:00:00,1064.5200354751448
2004-07-08 01:00:00,1064.168751295486
2004-07-09 01:00:00,1063.812815239737
2004-07-11 01:00:00,1063.0872265743258
2004-07-12 01:00:00,1062.7176980676363
2004-07-13 01:00:00,1062.3437657636048
2004-07-14 01:00:00,1061.9654959754137
2004-07-15 01:00:00,1061.5829566097414
2004-07-16 01:00:00,1061.1962171329162
2004-07-18 01:00:00,1060.4104233336045
2004-07-19 01:00:00,1060.0115154167368
2004-07-20 01:00:00,1059.6087000233044
2004-07-21 01:00:00,1059.2020535457405
2004-07-22 01:00:00,1058.791653336443
2004-07-23 01:00:00,1058.3775774564228
2004-07-25 01:00:00,1057.5387125458544
2004-07-26 01:00:00,1057.1140800269395
2004-07-27 01:00:00,1056.686083818574
2004-07-28 01:00:00,1056.2547992543161
2004-07-29 01:00:00,1055.8202993282566
2004-07-30 01:00:00,1055.3826541690694
2004-08-01 01:00:00,1054.4981935564438
2004-08-02 01:00:00,1054.0515044939161
2004-08-03 01:00:00,1053.601924744362
2004-08-04 01:00:00,1053.149515434502
2004-08-05 01:00:00,1052.6943385968673
2004-08-06 01:00:00,1052.2364577333008
2004-08-08 01:00:00,1051.3128465994248
2004-08-09 01:00:00,1050.8472519818833
2004-08-10 01:00:00,1050.3792244374222
2004-08-11 01:00:00,1049.908835629209
2004-08-12 01:00:00,1049.4361585932843
2004-08-13 01:00:00,1048.9612677019188
2004-08-15 01:00:00,1048.0051484513072
2004-08-16 01:00:00,1047.5240753822068
2004-08-17 01:00:00,1047.0410989022544
2004-08-18 01:00:00,1046.5562994726379
2004-08-19 01:00:00,1046.0697582962337
2004-08-20 01:00:00,1045.5815569700835
2004-08-22 01:00:00,1044.6004996505492
2004-08-23 01:00:00,1044.1078047858782
2004-08-24 01:00:00,1043.6137709990699
2004-08-25 01:00:00,1043.1184747856187
2004-08-26 01:00:00,1042.6219901811628
2004-08-27 01:00:00,1042.1243884882906
2004-08-29 01:00:00,1041.1261055630532
2004-08-30 01:00:00,1040.625554671407
2004-08-31 01:00:00,1040.1241488440542
2004-09-01 01:00:00,1039.6219512621178
2004-09-02 01:00:00,1039.1190257968656
2004-09-03 01:00:00,1038.6154375425667
2004-09-05 01:00:00,1037.6065405496986
2004-09-06 01:00:00,1037.1013695318654
2004-09-07 01:00:00,1036.5958109548933
2004-09-08 01:00:00,1036.0899369484496
2004-09-09 01:00:00,1035.5838207554273
2004-09-10 01:00:00,1035.077536688786
2004-09-12 01:00:00,1034.064767519636
2004-09-13 01:00:00,1033.5584363905919
2004-09-14 01:00:00,1033.0522452597404
2004-09-15 01:00:00,1032.5462734778548
2004-09-16 01:00:00,1032.0406009227029
2004-09-17 01:00:00,1031.5353075590335
2004-09-19 01:00:00,1030.5261753538664
2004-09-20 01:00:00,1030.022491748729
2004-09-21 01:00:00,1029.519496732027
2004-09-22 01:00:00,1029.0172624652323
2004-09-23 01:00:00,1028.5158584212243
2004-09-24 01:00:00,1028.015351378099
2004-09-26 01:00:00,1027.0172832819687
2004-09-27 01:00:00,1026.519845006833
2004-09-28 01:00:00,1026.0235505334813
2004-09-29 01:00:00,1025.528459445692
2004-09-30 01:00:00,1025.0346317850124
2004-10-01 01:00:00,1024.5421285122789
2004-10-03 01:00:00,1023.5613450035326
2004-10-04 01:00:00,1023.0731928596613
2004-10-05 01:00:00,1022.5866211462344
2004-10-06 01:00:00,1022.1016966816902
2004-10-07 01:00:00,1021.6184872090665
2004-10-08 01:00:00,1021.1370613452065
2004-10-10 01:00:00,1020.1798392926387
2004-10-11 01:00:00,1019.7041847987292
2004-10-12 01:00:00,1019.2305973042232
2004-10-13 01:00:00,1018.7591497826025
2004-10-14 01:00:00,1018.289915671513
2004-10-15 01:00:00,1017.8229683761143
2004-10-17 01:00:00,1016.8962235822368
2004-10-18 01:00:00,1016.4365664202892
2004-10-19 01:00:00,1015.9794755338462
2004-10-20 01:00:00,1015.5250144323464
2004-10-21 01:00:00,1015.0732437473323
2004-10-22 01:00:00,1014.6242214950303
2004-10-24 01:00:00,1013.734643907765
2004-10-25 01:00:00,1013.2941957473263
2004-10-26 01:00:00,1012.8567114871323
2004-10-27 01:00:00,1012.4222435682343
2004-10-28 01:00:00,1011.9908448632292
2004-10-29 01:00:00,1011.5625690359782
2004-10-31 01:00:00,1010.7156059279527
2004-11-01 00:00:00,1010.3144781059996
2004-11-02 00:00:00,1009.8991121527001
2004-11-03 00:00:00,1009.4871512887344
2004-11-04 00:00:00,1009.0786555055457
2004-11-05 00:00:00,1008.6736856715131
2004-11-07 00:00:00,1007.8745716590946
2004-11-08 00:00:00,1007.4805536300152
2004-11-09 00:00:00,1007.0903138922125
2004-11-10 00:00:00,1006.7039177492474
2004-11-11 00:00:00,1006.321431093413
2004-11-12 00:00:00,1005.9429199142493
2004-11-14 00:00:00,1005.1980838488472
2004-11-15 00:00:00,1004.8318841658565
2004-11-16 00:00:00,1004.469908854356
2004-11-17 00:00:00,1004.1122129758602
2004-11-18 00:00:00,1003.7588485077725
2004-11-19 00:00:00,1003.4098648562972
2004-11-21 00:00:00,1002.7252287436888
2004-11-22 00:00:00,1002.389668145618
2004-11-23 00:00:00,1002.0586731793461
2004-11-24 00:00:00,1001.7322895481734
2004-11-25 00:00:00,1001.4105635172026
2004-11-26 00:00:00,1001.0935421576421
2004-11-28 00:00:00,1000.4738067381093
2004-11-29 00:00:00,1000.1711920734305
2004-11-30 00:00:00,999.8734808955833
2004-12-01 00:00:00,999.5807256338393
2004-12-02 00:00:00,999.2929797080885
2004-12-03 00:00:00,999.0102974675756
2004-12-05 00:00:00,998.4603458585391
2004-12-06 00:00:00,998.1931895735685
2004-12-07 00:00:00,997.931323122802
2004-12-08 00:00:00,997.6748050995495
2004-12-09 00:00:00,997.4236946263864
2004-12-10 00:00:00,997.1780508865894
2004-12-12 00:00:00,996.703395900942
2004-12-13 00:00:00,996.4744955593586
2004-12-14 00:00:00,996.2512818962522
2004-12-15 00:00:00,996.0338015916644
2004-12-16 00:00:00,995.8220977146084
2004-12-17 00:00:00,995.616210430309
2004-12-19 00:00:00,995.2220371472974
2004-12-20 00:00:00,995.0338247152145
2004-12-21 00:00:00,994.851577153208
2004-12-22 00:00:00,994.6753313048877
2004-12-23 00:00:00,994.5051244906662
2004-12-24 00:00:00,994.3409946206514
2004-12-26 00:00:00,994.0311207112305
2004-12-27 00:00:00,993.8854559615964
2004-12-28 00:00:00,993.7460267466947
2004-12-29 00:00:00,993.6128744753172
2004-12-30 00:00:00,993.4860411700469
2004-12-31 00:00:00,993.3655693815913
2005-01-02 00:00:00,993.1438826232932
2005-01-03 00:00:00,993.0427545184342
2005-01-04 00:00:00,992.9481616314877
2005-01-05 00:00:00,992.8601475192104
2005-01-06 00:00:00,992.7787555209736
2005-01-07 00:00:00,992.7040280868251
2005-01-09 00:00:00,992.5747276447541
2005-01-10 00:00:00,992.5202273481576
2005-01-11 00:00:00,992.4725349698454
2005-01-12 00:00:00,992.4316751549521
2005-01-13 00:00:00,992.3976675763823
2005-01-14 00:00:00,992.3705277136436
2005-01-16 00:00:00,992.3368985312655
2005-01-17 00:00:00,992.330428540499
2005-01-18 00:00:00,992.3308662086428
2005-01-19 00:00:00,992.3382192324376
2005-01-20 00:00:00,992.3524948179875
2005-01-21 00:00:00,992.3736996575026
2005-01-23 00:00:00,992.4369209936096
2005-01-24 00:00:00,992.4789478617905
2005-01-25 00:00:00,992.5279246487617
2005-01-26 00:00:00,992.5838547785531
2005-01-27 00:00:00,992.6467408582166
2005-01-28 00:00:00,992.7165845660311
2005-01-30 00:00:00,992.8771459723914
2005-01-31 00:00:00,992.9678607916098
2005-02-01 00:00:00,993.0655269557996
2005-02-02 00:00:00,993.1701383083722
2005-02-03 00:00:00,993.2816860797668
2005-02-04 00:00:00,993.4001582853127
2005-02-06 00:00:00,993.6578071210416
2005-02-07 00:00:00,993.7969359215174
2005-02-08 00:00:00,993.9428916044035
2005-02-09 00:00:00,994.0956331337654
2005-02-10 00:00:00,994.2551123469261
2005-02-11 00:00:00,994.421274745773
2005-02-13 00:00:00,994.7734065116977
2005-02-14 00:00:00,994.959245660466
2005-02-15 00:00:00,995.151509108297
2005-02-16 00:00:00,995.3501257018418
2005-02-17 00:00:00,995.5550221751087
2005-02-18 00:00:00,995.7661230678514
2005-02-20 00:00:00,996.206624660363
2005-02-21 00:00:00,996.4358626017556
2005-02-22 00:00:00,996.6709793837075
2005-02-23 00:00:00,996.9118874980588
2005-02-24 00:00:00,997.1584969765454
2005-02-25 00:00:00,997.4107153398305
2005-02-27 00:00:00,997.9315954264756
2005-02-28 00:00:00,998.2000580874306
2005-03-01 00:00:00,998.4737308043383
2005-03-02 00:00:00,998.7525048973931
2005-03-03 00:00:00,999.0362671070782
2005-03-04 00:00:00,999.324898972457
2005-03-06 00:00:00,999.9162677431511
2005-03-07 00:00:00,1000.2187356236426
2005-03-08 00:00:00,1000.5255340631384
2005-03-09 00:00:00,1000.8365096675816
2005-03-10 00:00:00,1001.1515018517565
2005-03-11 00:00:00,1001.4703438127225
2005-03-13 00:00:00,1002.1188866668888
2005-03-14 00:00:00,1002.448234647788
2005-03-15 00:00:00,1002.7807285354713
2005-03-16 00:00:00,1003.1161879380676
2005-03-17 00:00:00,1003.4544315001444
2005-03-18 00:00:00,1003.7952769400729
2005-03-20 00:00:00,1004.4840397012911
2005-03-21 00:00:00,1004.8315879501888
2005-03-22 00:00:00,1005.1810001408429
2005-03-23 00:00:00,1005.5320900903187
2005-03-24 00:00:00,1005.8846712575712
2005-03-25 00:00:00,1006.2385568684117
2005-03-27 00:00:00,1006.9494931640237
2005-03-28 01:00:00,1007.3210651638369
2005-03-29 01:00:00,1007.6783149820611
2005-03-30 01:00:00,1008.0359195591249
2005-03-31 01:00:00,1008.3936860954625
2005-04-01 01:00:00,1008.7514190722081
2005-04-03 01:00:00,1009.4659862887668
2005-04-04 01:00:00,1009.8224129473241
2005-04-05 01:00:00,1010.1779910712402
2005-04-06 01:00:00,1010.5325092544191
2005-04-07 01:00:00,1010.8857542832287
2005-04-08 01:00:00,1011.2375122780162
2005-04-10 01:00:00,1011.9357160325246
2005-04-11 01:00:00,1012.281741999429
2005-04-12 01:00:00,1012.6254431633545
2005-04-13 01:00:00,1012.9666189454665
2005-04-14 01:00:00,1013.3050730973156
2005-04-15 01:00:00,1013.6406137326169
2005-04-17 01:00:00,1014.3022085433055
2005-04-18 01:00:00,1014.6279005526717
2005-04-19 01:00:00,1014.9499548051318
2005-04-20 01:00:00,1015.2682012887905
2005-04-21 01:00:00,1015.582474607881
2005-04-22 01:00:00,1015.8926140358692
2005-04-24 01:00:00,1016.4998710601761
2005-04-25 01:00:00,1016.7966889598056
2005-04-26 01:00:00,1017.0887723988051
2005-04-27 01:00:00,1017.3759789745887
2005-04-28 01:00:00,1017.6581678122607
2005-04-29 01:00:00,1017.9351989176434
2005-05-01 01:00:00,1018.473230576892
2005-05-02 01:00:00,1018.7339540610765
2005-05-03 01:00:00,1018.9889665659585
2005-05-04 01:00:00,1019.2381335498169
2005-05-05 01:00:00,1019.4813235052357
2005-05-06 01:00:00,1019.7184088642425
2005-05-08 01:00:00,1020.1737803173594
2005-05-09 01:00:00,1020.3918381640058
2005-05-10 01:00:00,1020.6033358545025
2005-05-11 01:00:00,1020.8081754717983
2005-05-12 01:00:00,1021.006265681498
2005-05-13 01:00:00,1021.1975215535964
2005-05-15 01:00:00,1021.559221162237
2005-05-16 01:00:00,1021.7295249466666
2005-05-17 01:00:00,1021.8927141216004
2005-05-18 01:00:00,1022.0487325680007
2005-05-19 01:00:00,1022.1975294940968
2005-05-20 01:00:00,1022.3390592856545
2005-05-22 01:00:00,1022.6001591756838
2005-05-23 01:00:00,1022.7196606617641
2005-05-24 01:00:00,1022.8317561977408
2005-05-25 01:00:00,1022.9364181028437
2005-05-26 01:00:00,1023.0336195039253
2005-05-27 01:00:00,1023.1233335889987
2005-05-29 01:00:00,1023.2801916346884
2005-05-30 01:00:00,1023.3472820782014
2005-05-31 01:00:00,1023.4067796103373
2005-06-01 01:00:00,1023.4586614799969
2005-06-02 01:00:00,1023.5029080035115
2005-06-03 01:00:00,1023.5395032052622
2005-06-05 01:00:00,1023.5896970669588
2005-06-06 01:00:00,1023.6032859904135
2005-06-07 01:00:00,1023.6092043965822
2005-06-08 01:00:00,1023.6074593743052
2005-06-09 01:00:00,1023.5980626316699
2005-06-10 01:00:00,1023.5810302719221
2005-06-12 01:00:00,1023.5241434974648
2005-06-13 01:00:00,1023.4843408805665
2005-06-14 01:00:00,1023.4370057757518
2005-06-15 01:00:00,1023.3821724915286
2005-06-16 01:00:00,1023.3198783797175
2005-06-17 01:00:00,1023.2501636439175
2005-06-19 01:00:00,1023.0886455904666
2005-06-20 01:00:00,1022.9969336734353
2005-06-21 01:00:00,1022.897982427028
2005-06-22 01:00:00,1022.7918385809962
2005-06-23 01:00:00,1022.6785474840053
2005-06-24 01:00:00,1022.5581524078418
2005-06-26 01:00:00,1022.296212687257
2005-06-27 01:00:00,1022.1547456700584
2005-06-28 01:00:00,1022.0063319142283
2005-06-29 01:00:00,1021.8510111965995
2005-06-30 01:00:00,1021.6888252642344
2005-07-01 01:00:00,1021.5198183382454
2005-07-03 01:00:00,1021.1615322987388
2005-07-04 01:00:00,1020.9723558100765
2005-07-05 01:00:00,1020.7765635586801
2005-07-06 01:00:00,1020.5742139455162
2005-07-07 01:00:00,1020.3653680162053
2005-07-08 01:00:00,1020.1500892986397
2005-07-10 01:00:00,1019.700498896823
2005-07-11 01:00:00,1019.4663249599242
2005-07-12 01:00:00,1019.2259933460264
2005-07-13 01:00:00,1018.9795771356204
2005-07-14 01:00:00,1018.7271507834301
2005-07-15 01:00:00,1018.4687899302909
2005-07-17 01:00:00,1017.9345716084599
2005-07-18 01:00:00,1017.6588684872626
2005-07-19 01:00:00,1017.3775382992958
2005-07-20 01:00:00,1017.090655989157
2005-07-21 01:00:00,1016.7982940682376
2005-07-22 01:00:00,1016.5005220075237
2005-07-24 01:00:00,1015.8890102623864
2005-07-25 01:00:00,1015.5753965535991
2005-07-26 01:00:00,1015.2566269151695
2005-07-27 01:00:00,1014.9327639995854
2005-07-28 01:00:00,1014.60387199098
2005-07-29 01:00:00,1014.2700170290839
2005-07-31 01:00:00,1013.5876933438136
2005-08-01 01:00:00,1013.2393673268398
2005-08-02 01:00:00,1012.88636356353
2005-08-03 01:00:00,1012.5287580815237
2005-08-04 01:00:00,1012.1666285730614
2005-08-05 01:00:00,1011.8000542809219
2005-08-07 01:00:00,1011.0538953099965
2005-08-08 01:00:00,1010.674475674925
2005-08-09 01:00:00,1010.2909410158481
2005-08-10 01:00:00,1009.903376156082
2005-08-11 01:00:00,1009.5118664983515
2005-08-12 01:00:00,1009.1164978041094
2005-08-14 01:00:00,1008.314526453132
2005-08-15 01:00:00,1007.9080942660468
2005-08-16 01:00:00,1007.4981429259516
2005-08-17 01:00:00,1007.0847539890112
2005-08-18 01:00:00,1006.668006317597
2005-08-19 01:00:00,1006.2479756007167
2005-08-21 01:00:00,1005.398352167142
2005-08-22 01:00:00,1004.9688972038688
2005-08-23 01:00:00,1004.5364368904374
2005-08-24 01:00:00,1004.1010392670219
2005-08-25 01:00:00,1003.6627737041263
2005-08-26 01:00:00,1003.221711293148
2005-08-28 01:00:00,1002.3314892561533
2005-08-29 01:00:00,1001.8824804226862
2005-08-30 01:00:00,1001.4309759859522
2005-08-31 01:00:00,1000.9770547259252
2005-09-01 01:00:00,1000.5207965378646
2005-09-02 01:00:00,1000.0622823420032
2005-09-04 01:00:00,999.1388142002841
2005-09-05 01:00:00,998.6740263628371
2005-09-06 01:00:00,998.2073144420466
2005-09-07 01:00:00,997.7387627353884
2005-09-08 01:00:00,997.2684556352975
2005-09-09 01:00:00,996.7964773443407
2005-09-11 01:00:00,995.8478410660982
2005-09-12 01:00:00,995.3713473859776
2005-09-13 01:00:00,994.8935102236068
2005-09-14 01:00:00,994.4144069922585
2005-09-15 01:00:00,993.9341123412662
2005-09-16 01:00:00,993.4526978578994
2005-09-18 01:00:00,992.4867809884634
2005-09-19 01:00:00,992.0024087405934
2005-09-20 01:00:00,991.5171788205348
2005-09-21 01:00:00,991.0311549940494
2005-09-22 01:00:00,990.5444020628149
2005-09-23 01:00:00,990.0569862651773
2005-09-25 01:00:00,989.0804385701888
2005-09-26 01:00:00,988.5914462894827
2005-09-27 01:00:00,988.1020699772564
2005-09-28 01:00:00,987.6123819397949
2005-09-29 01:00:00,987.1224552202743
2005-09-30 01:00:00,986.6323635207602
2005-10-02 01:00:00,985.6519829380672
2005-10-03 01:00:00,985.1618441994601
2005-10-04 01:00:00,984.6718405334947
2005-10-05 01:00:00,984.1820476326548
2005-10-06 01:00:00,983.6925409861736
2005-10-07 01:00:00,983.2033955220326
2005-10-09 01:00:00,982.2264826143564
2005-10-10 01:00:00,981.7388585308605
2005-10-11 01:00:00,981.2518815423313
2005-10-12 01:00:00,980.7656177140809
2005-10-13 01:00:00,980.2801303528965
2005-10-14 01:00:00,979.7954799323021
2005-10-16 01:00:00,978.8289188357982
2005-10-17 01:00:00,978.3471176753361
2005-10-18 01:00:00,977.866374011922
2005-10-19 01:00:00,977.3867411991246
2005-10-20 01:00:00,976.9082733633999
2005-10-21 01:00:00,976.4310258092929
2005-10-23 01:00:00,975.4804192990188
2005-10-24 01:00:00,975.0071772015461
2005-10-25 01:00:00,974.5353887386673
2005-10-26 01:00:00,974.0651145040939
2005-10-27 01:00:00,973.5964156913996
2005-10-28 01:00:00,973.1293540202751
2005-10-30 01:00:00,972.2003914180816
2005-10-31 00:00:00,971.7578660677221
2005-11-01 00:00:00,971.2979004336728
2005-11-02 00:00:00,970.8398842336875
2005-11-03 00:00:00,970.3838808131968
2005-11-04 00:00:00,969.9299529026379
2005-11-06 00:00:00,969.0285684372594
2005-11-07 00:00:00,968.5812297552222
2005-11-08 00:00:00,968.1362015277647
2005-11-09 00:00:00,967.693536591862
2005-11-10 00:00:00,967.2532851490573
2005-11-11 00:00:00,966.8154949163393
2005-11-13 00:00:00,965.94747857293
2005-11-14 00:00:00,965.5173390322544
2005-11-15 00:00:00,965.0898350782438
2005-11-16 00:00:00,964.6650091361627
2005-11-17 00:00:00,964.2429043367941
2005-11-18 00:00:00,963.8235648859911
2005-11-20 00:00:00,962.9933651407651
2005-11-21 00:00:00,962.582599468734
2005-11-22 00:00:00,962.1747881299382
2005-11-23 00:00:00,961.7699808760759
2005-11-24 00:00:00,961.3682281821932
2005-11-25 00:00:00,960.9695811689699
2005-11-27 00:00:00,960.1818117125704
2005-11-28 00:00:00,959.7927945296143
2005-11-29 00:00:00,959.4070934755088
2005-11-30 00:00:00,959.0247623780494
2005-12-01 00:00:00,958.645855129892
2005-12-02 00:00:00,958.2704252154858
2005-12-04 00:00:00,957.5302055746379
2005-12-05 00:00:00,957.1655151692676
2005-12-06 00:00:00,956.8044997952891
2005-12-07 00:00:00,956.4472026513879
2005-12-08 00:00:00,956.0936644090502
2005-12-09 00:00:00,955.7439236049038
2005-12-11 00:00:00,955.0559808964492
2005-12-12 00:00:00,954.7178501745633
2005-12-13 00:00:00,954.3836603265406
2005-12-14 00:00:00,954.0534471584448
2005-12-15 00:00:00,953.7272473180553
2005-12-16 00:00:00,953.4050985696323
2005-12-18 00:00:00,952.7731118298888
2005-12-19 00:00:00,952.4633558370558
2005-12-20 00:00:00,952.1578147818891
2005-12-21 00:00:00,951.8565325113449
2005-12-22 00:00:00,951.5595537911374
2005-12-23 00:00:00,951.2669242124111
2005-12-25 00:00:00,950.6948986648138
2005-12-26 00:00:00,950.4155976325608
2005-12-27 00:00:00,950.1408355501216
2005-12-28 00:00:00,949.870661476652
2005-12-29 00:00:00,949.6051247364373
2005-12-30 00:00:00,949.3442744360345
2006-01-01 00:00:00,948.8368242441144
2006-01-02 00:00:00,948.5903148476049
2006-01-03 00:00:00,948.3486716205414
2006-01-04 00:00:00,948.1119325471665
2006-01-05 00:00:00,947.8801328413799
2006-01-06 00:00:00,947.6533056131967
2006-01-08 00:00:00,947.2146949305904
2006-01-09 00:00:00,947.0029735326298
2006-01-10 00:00:00,946.796349738356
2006-01-11 00:00:00,946.5948555172837
2006-01-12 00:00:00,946.3985237169727
2006-01-13 00:00:00,946.2073882125189
2006-01-15 00:00:00,945.8408471914111
2006-01-16 00:00:00,945.6655150507398
2006-01-17 00:00:00,945.4955258544878
2006-01-18 00:00:00,945.3309188168125
2006-01-19 00:00:00,945.171733961233
2006-01-20 00:00:00,945.0180120031742
2006-01-22 00:00:00,944.7271225095461
2006-01-23 00:00:00,944.5900390305374
2006-01-24 00:00:00,944.4585863903558
2006-01-25 00:00:00,944.3328073393172
2006-01-26 00:00:00,944.2127445046347
2006-01-27 00:00:00,944.0984398988323
2006-01-29 00:00:00,943.8872658322886
2006-01-30 00:00:00,943.7904700595438
2006-01-31 00:00:00,943.6995782739458
2006-02-01 00:00:00,943.6146178038713
2006-02-02 00:00:00,943.5356122807103
2006-02-03 00:00:00,943.4625824455696
2006-02-05 00:00:00,943.3345241042239
2006-02-06 00:00:00,943.2795308002665
2006-02-07 00:00:00,943.230584641803
2006-02-08 00:00:00,943.1877032823754
2006-02-09 00:00:00,943.1509046735737
2006-02-10 00:00:00,943.1202070717205
2006-02-12 00:00:00,943.0771892575196
2006-02-13 00:00:00,943.0649067468754
2006-02-14 00:00:00,943.0588004982002
2006-02-15 00:00:00,943.0588895032871
2006-02-16 00:00:00,943.0651925896236
2006-02-17 00:00:00,943.0777282629258
2006-02-19 00:00:00,943.1215687522403
2006-02-20 00:00:00,943.1529073912055
2006-02-21 00:00:00,943.1905458566494
2006-02-22 00:00:00,943.2344981983704
2006-02-23 00:00:00,943.2847767286407
2006-02-24 00:00:00,943.3413914745731
2006-02-26 00:00:00,943.4736536236114
2006-02-27 00:00:00,943.5493021512582
2006-02-28 00:00:00,943.6312873871506
2006-03-01 00:00:00,943.7195956856006
2006-03-02 00:00:00,943.8142077200409
2006-03-03 00:00:00,943.915099385695
2006-03-05 00:00:00,944.1356082423168
2006-03-06 00:00:00,944.2551632465818
2006-03-07 00:00:00,944.3808747260376
2006-03-08 00:00:00,944.5127082660689
2006-03-09 00:00:00,944.6506282563381
2006-03-10 00:00:00,944.7945977718044
2006-03-12 00:00:00,945.1005303063276
2006-03-13 00:00:00,945.262411754053
2006-03-14 00:00:00,945.4301793863965
2006-03-15 00:00:00,945.6037879360131
2006-03-16 00:00:00,945.7831901369291
2006-03-17 00:00:00,945.9683365622641
2006-03-19 00:00:00,946.355652296711
2006-03-20 00:00:00,946.5577098819904
2006-03-21 00:00:00,946.7652876164644
2006-03-22 00:00:00,946.9783213050434
2006-03-23 00:00:00,947.1967426418415
2006-03-24 00:00:00,947.4204786299462
2006-03-26 00:00:00,947.8835748304725
2006-03-27 01:00:00,948.1327956379197
2006-03-28 01:00:00,948.377147045549
2006-03-29 01:00:00,948.6263483377251
2006-03-30 01:00:00,948.8802853956952
2006-03-31 01:00:00,949.1388380331737
2006-04-02 01:00:00,949.6692870776756
2006-04-03 01:00:00,949.9409244910927
2006-04-04 01:00:00,950.2166610521375
2006-04-05 01:00:00,950.4963625868878
2006-04-06 01:00:00,950.7798932829896
2006-04-07 01:00:00,951.0671155824252
2006-04-09 01:00:00,951.6520753889934
2006-04-10 01:00:00,951.9495282341102
2006-04-11 01:00:00,952.2501033492109
2006-04-12 01:00:00,952.5536535673757
2006-04-13 01:00:00,952.8600298234891
2006-04-14 01:00:00,953.169081121377
2006-04-16 01:00:00,953.7945944936966
2006-04-17 01:00:00,954.1107435543674
2006-04-18 01:00:00,954.4289410044644
2006-04-19 01:00:00,954.7490229795123
2006-04-20 01:00:00,955.0708219171245
2006-04-21 01:00:00,955.3941660956303
2006-04-23 01:00:00,956.0447798411589
2006-04-24 01:00:00,956.3716814688753
2006-04-25 01:00:00,956.6993922106836
2006-04-26 01:00:00,957.0277153551448
2006-04-27 01:00:00,957.3564501950258
2006-04-28 01:00:00,957.6853932956606
2006-04-30 01:00:00,958.3430856872728
2006-05-01 01:00:00,958.6714271685889
2006-05-02 01:00:00,958.9991630875543
2006-05-03 01:00:00,959.3260943890814
2006-05-04 01:00:00,959.6520243573003
2006-05-05 01:00:00,959.9767585635068
2006-05-07 01:00:00,960.6218730252712
2006-05-08 01:00:00,960.9418754430593
2006-05-09 01:00:00,961.2599265342427
2006-05-10 01:00:00,961.5758431867458
2006-05-11 01:00:00,961.8894447790738
2006-05-12 01:00:00,962.2005532064811
2006-05-14 01:00:00,962.8145901165394
2006-05-15 01:00:00,963.1171735688565
2006-05-16 01:00:00,963.4165729651165
2006-05-17 01:00:00,963.712618972893
2006-05-18 01:00:00,964.0051426094511
2006-05-19 01:00:00,964.2939748265991
2006-05-21 01:00:00,964.8598871499398
2006-05-22 01:00:00,965.1366275811924
2006-05-23 01:00:00,965.4089978738751
2006-05-24 01:00:00,965.6768293261538
2006-05-25 01:00:00,965.939955171747
2006-05-26 01:00:00,966.1982117099976
2006-05-28 01:00:00,966.6994842395143
2006-05-29 01:00:00,966.9421978335567
2006-05-30 01:00:00,967.179438515777
2006-05-31 01:00:00,967.4110711160205
2006-06-01 01:00:00,967.6369669166654
2006-06-02 01:00:00,967.8570034201994
2006-06-04 01:00:00,968.2790381099098
2006-06-05 01:00:00,968.480820235275
2006-06-06 01:00:00,968.6763106537481
2006-06-07 01:00:00,968.865414909598
2006-06-08 01:00:00,969.0480438060702
2006-06-09 01:00:00,969.2241132480239
2006-06-11 01:00:00,969.5562611075817
2006-06-12 01:00:00,969.7121935815958
2006-06-13 01:00:00,969.8612733546339
2006-06-14 01:00:00,970.0034346264673
2006-06-15 01:00:00,970.1386131195261
2006-06-16 01:00:00,970.2667455907078
2006-06-18 01:00:00,970.5016239962306
2006-06-19 01:00:00,970.6082487538072
2006-06-20 01:00:00,970.7075862662612
2006-06-21 01:00:00,970.7995818112743
2006-06-22 01:00:00,970.8841844209103
2006-06-23 01:00:00,970.9613476508274
2006-06-25 01:00:00,971.0931966559821
2006-06-26 01:00:00,971.1478173248253
2006-06-27 01:00:00,971.194868790951
2006-06-28 01:00:00,971.2343335641469
2006-06-29 01:00:00,971.2661998602605
2006-06-30 01:00:00,971.2904612487368
2006-07-02 01:00:00,971.3161681293673
2006-07-03 01:00:00,971.3176243156074
2006-07-04 01:00:00,971.3114964433765
2006-07-05 01:00:00,971.2978000071304
2006-07-06 01:00:00,971.2765541909297
2006-07-07 01:00:00,971.2477816279838
2006-07-09 01:00:00,971.1677618585164
2006-07-10 01:00:00,971.116573330482
2006-07-11 01:00:00,971.0579739116438
2006-07-12 01:00:00,970.991995271409
2006-07-13 01:00:00,970.9186685543273
2006-07-14 01:00:00,970.838023940031
2006-07-16 01:00:00,970.6548974309245
2006-07-17 01:00:00,970.5524732833946
2006-07-18 01:00:00,970.4428484054449
2006-07-19 01:00:00,970.3260550173121
2006-07-20 01:00:00,970.2021280634394
2006-07-21 01:00:00,970.0711057257882
2006-07-23 01:00:00,969.7879456827197
2006-07-24 01:00:00,969.6359028110866
2006-07-25 01:00:00,969.4769542029447
2006-07-26 01:00:00,969.3111564832476
2006-07-27 01:00:00,969.138569597915
2006-07-28 01:00:00,968.9592565183993
2006-07-30 01:00:00,968.5807169247403
2006-07-31 01:00:00,968.3816287467107
2006-08-01 01:00:00,968.1760905495022
2006-08-02 01:00:00,967.9641762055188
2006-08-03 01:00:00,967.7459611175472
2006-08-04 01:00:00,967.5215220051286
2006-08-06 01:00:00,967.0542833075439
2006-08-07 01:00:00,966.8116404737559
2006-08-08 01:00:00,966.5630857984147
2006-08-09 01:00:00,966.3086954476071
2006-08-10 01:00:00,966.048543363437
2006-08-11 01:00:00,965.7827008984546
2006-08-13 01:00:00,965.2342186913816
2006-08-14 01:00:00,964.9517124655047
2006-08-15 01:00:00,964.6637849855533
2006-08-16 01:00:00,964.3705041850909
2006-08-17 01:00:00,964.0719398572338
2006-08-18 01:00:00,963.7681639970339
2006-08-20 01:00:00,963.1452772914909
2006-08-21 01:00:00,962.8263219440895
2006-08-22 01:00:00,962.5024658246919
2006-08-23 01:00:00,962.1737917805407
2006-08-24 01:00:00,961.8403843735621
2006-08-25 01:00:00,961.502329666548
2006-08-27 01:00:00,960.8126287561561
2006-08-28 01:00:00,960.461160154475
2006-08-29 01:00:00,960.1053990336941
2006-08-30 01:00:00,959.7454356712277
2006-08-31 01:00:00,959.3813605985737
2006-09-01 01:00:00,958.8040320865001
2006-09-03 01:00:00,957.4666520934101
2006-09-04 01:00:00,956.794402596822
2006-09-05 01:00:00,956.1199654034191
2006-09-06 01:00:00,955.4434750312194
2006-09-07 01:00:00,954.7650619937624
2006-09-08 01:00:00,954.0848530409573
2006-09-10 01:00:00,952.7195417328493
2006-09-11 01:00:00,952.0346849037995
2006-09-12 01:00:00,951.3485263348567
2006-09-13 01:00:00,950.6611934293417
2006-09-14 01:00:00,949.9728165566718
2006-09-15 01:00:00,949.2835289040726
2006-09-17 01:00:00,947.9027656738041
2006-09-18 01:00:00,947.2115667636211
2006-09-19 01:00:00,946.5200095771775
2006-09-20 01:00:00,945.8282351332791
2006-09-21 01:00:00,945.1363849467016
2006-09-22 01:00:00,944.4446007417528
2006-09-24 01:00:00,943.0617964890944
2006-09-25 01:00:00,942.3710583160463
2006-09-26 01:00:00,941.6809492736327
2006-09-27 01:00:00,940.9916077187471
2006-09-28 01:00:00,940.3031704366308
2006-09-29 01:00:00,939.6157723247991
2006-10-01 01:00:00,938.2446215960049
2006-10-02 01:00:00,937.5611258877242
2006-10-03 01:00:00,936.879182212964
2006-10-04 01:00:00,936.1989098548291
2006-10-05 01:00:00,935.5204239157189
2006-10-06 01:00:00,934.8438355985701
2006-10-08 01:00:00,933.4967828542573
2006-10-09 01:00:00,932.8265314338502
2006-10-10 01:00:00,932.1586066680599
2006-10-11 01:00:00,931.4931186585592
2006-10-12 01:00:00,930.8301799917326
2006-10-13 01:00:00,930.1699054852498
2006-10-15 01:00:00,928.8578162065247
2006-10-16 01:00:00,928.2062373687853
2006-10-17 01:00:00,927.5577936192402
2006-10-18 01:00:00,926.9126032911811
2006-10-19 01:00:00,926.2707843339427
2006-10-20 01:00:00,925.6324540914483
2006-10-22 01:00:00,924.366724723872
2006-10-23 01:00:00,923.7395551065672
2006-10-24 01:00:00,923.1163326194431
2006-10-25 01:00:00,922.4971676353495
2006-10-26 01:00:00,921.8821681530096
2006-10-27 01:00:00,921.271439443812
2006-10-29 01:00:00,920.0631997383998
2006-10-30 00:00:00,919.4907571476687
2006-10-31 00:00:00,918.897903166195
2006-11-01 00:00:00,918.3097904861726
2006-11-02 00:00:00,917.7265021113342
2006-11-03 00:00:00,917.1481172959926
2006-11-05 00:00:00,916.0063615929114
2006-11-06 00:00:00,915.4431391005852
2006-11-07 00:00:00,914.8851195413262
2006-11-08 00:00:00,914.332379196434
2006-11-09 00:00:00,913.7849961879537
2006-11-10 00:00:00,913.2430502497416
2006-11-12 00:00:00,912.1757933097762
2006-11-13 00:00:00,911.6506447337289
2006-11-14 00:00:00,911.1312570446976
2006-11-15 00:00:00,910.617709898955
2006-11-16 00:00:00,910.1100817962491
2006-11-17 00:00:00,909.6084498901511
2006-11-19 00:00:00,908.6234754607002
2006-11-20 00:00:00,908.1402787524312
2006-11-21 00:00:00,907.6633692851949
2006-11-22 00:00:00,907.192813956045
2006-11-23 00:00:00,906.7286765394516
2006-11-24 00:00:00,906.2710172657162
2006-11-26 00:00:00,905.3753541935414
2006-11-27 00:00:00,904.9374502232301
2006-11-28 00:00:00,904.5062238331932
2006-11-29 00:00:00,904.081714007147
2006-11-30 00:00:00,903.663955712647
2006-12-01 00:00:00,903.2529804150919
2006-12-03 00:00:00,902.4514917987542
2006-12-04 00:00:00,902.0610314243061
2006-12-05 00:00:00,901.6774618689847
2006-12-06 00:00:00,901.3008100452148
2006-12-07 00:00:00,900.9311038338536
2006-12-08 00:00:00,900.5683719150605
2006-12-10 00:00:00,899.8639468469296
2006-12-11 00:00:00,899.5223105122836
2006-12-12 00:00:00,899.1877610690779
2006-12-13 00:00:00,898.8603236665917
2006-12-14 00:00:00,898.5400216112207
2006-12-15 00:00:00,898.2268761982704
2006-12-17 00:00:00,897.622129578253
2006-12-18 00:00:00,897.3305595330304
2006-12-19 00:00:00,897.0462079442275
2006-12-20 00:00:00,896.7690831106967
2006-12-21 00:00:00,896.4991896624573
2006-12-22 00:00:00,896.2365280799139
2006-12-24 00:00:00,895.732879353457
2006-12-25 00:00:00,895.4918695247904
2006-12-26 00:00:00,895.2580463556831
2006-12-27 00:00:00,895.0313871736042
2006-12-28 00:00:00,894.8118656756017
2006-12-29 00:00:00,894.599452646166
2006-12-31 00:00:00,894.1958252368416
2007-01-01 00:00:00,894.0045448246132
2007-01-02 00:00:00,893.8202421403518
2007-01-03 00:00:00,893.6428841940341
2007-01-04 00:00:00,893.4724385838184
2007-01-05 00:00:00,893.3088731027702
2007-01-07 00:00:00,893.002254581495
2007-01-08 00:00:00,892.8591360223486
2007-01-09 00:00:00,892.7227658883866
2007-01-10 00:00:00,892.593108366692
2007-01-11 00:00:00,892.470125948649
2007-01-12 00:00:00,892.3537792993343
2007-01-14 00:00:00,892.1408263177526
2007-01-15 00:00:00,892.0441313702806
2007-01-16 00:00:00,891.9538946258632
2007-01-17 00:00:00,891.8700657326557
2007-01-18 00:00:00,891.7925912676801
2007-01-19 00:00:00,891.7214142579695
2007-01-21 00:00:00,891.5977045384816
2007-01-22 00:00:00,891.5450372617228
2007-01-23 00:00:00,891.4983987863388
2007-01-24 00:00:00,891.4577129675979
2007-01-25 00:00:00,891.4229015717066
2007-01-26 00:00:00,891.3938852277756
2007-01-28 00:00:00,891.3529194743043
2007-01-29 00:00:00,891.3408124635022
2007-01-30 00:00:00,891.334186141629
2007-01-31 00:00:00,891.3329648215346
2007-02-01 00:00:00,891.3370742685889
2007-02-02 00:00:00,891.3464416044671
2007-02-04 00:00:00,891.3806639223777
2007-02-05 00:00:00,891.4053777920082
2007-02-06 00:00:00,891.4350667404136
2007-02-07 00:00:00,891.4696608533169
2007-02-08 00:00:00,891.5090901031288
2007-02-09 00:00:00,891.5532842383004
2007-02-11 00:00:00,891.655684643204
2007-02-12 00:00:00,891.7137487029331
2007-02-13 00:00:00,891.7762930010064
2007-02-14 00:00:00,891.8432448211794
2007-02-15 00:00:00,891.9145302574318
2007-02-16 00:00:00,891.9900737517918
2007-02-18 00:00:00,892.1536217439578
2007-02-19 00:00:00,892.2414635371459
2007-02-20 00:00:00,892.3332384305221
2007-02-21 00:00:00,892.428860733573
2007-02-22 00:00:00,892.5282447640459
2007-02-23 00:00:00,892.6313059641197
2007-02-25 00:00:00,892.8481323209922
2007-02-26 00:00:00,892.9617404894568
2007-02-27 00:00:00,893.0787122056834
2007-02-28 00:00:00,893.1989762622335
2007-03-01 00:00:00,893.1924388825487
2007-03-02 00:00:00,893.100086525022
2007-03-04 00:00:00,892.9308975001256
2007-03-05 00:00:00,892.8541168571696
2007-03-06 00:00:00,892.7825840424612
2007-03-07 00:00:00,892.7163286901668
2007-03-08 00:00:00,892.6553807877157
2007-03-09 00:00:00,892.5997705060688
2007-03-11 00:00:00,892.5046834803594
2007-03-12 00:00:00,892.4652666465357
2007-03-13 00:00:00,892.4313069561773
2007-03-14 00:00:00,892.4028331902184
2007-03-15 00:00:00,892.379873163146
2007-03-16 00:00:00,892.3624532268212
2007-03-18 00:00:00,892.3443274768057
2007-03-19 00:00:00,892.3436603303103
2007-03-20 00:00:00,892.3486091917482
2007-03-21 00:00:00,892.3591825857004
2007-03-22 00:00:00,892.375384939495
2007-03-23 00:00:00,892.3972174349058
2007-03-25 00:00:00,892.4577672979274
2007-03-26 01:00:00,892.4981424160292
2007-03-27 01:00:00,892.5427092904033
2007-03-28 01:00:00,892.5928924917612
2007-03-29 01:00:00,892.6486880710435
2007-03-30 01:00:00,892.7100917397538
2007-04-01 01:00:00,892.8497037892171
2007-04-02 01:00:00,892.927900799642
2007-04-03 01:00:00,893.0116828688983
2007-04-04 01:00:00,893.1010420355349
2007-04-05 01:00:00,893.1959690989133
2007-04-06 01:00:00,893.2964534072966
2007-04-08 01:00:00,893.5140425401738
2007-04-09 01:00:00,893.6311167373335
2007-04-10 01:00:00,893.7536864073272
2007-04-11 01:00:00,893.8817299796287
2007-04-12 01:00:00,894.0152227111732
2007-04-13 01:00:00,894.1541361329306
2007-04-15 01:00:00,894.4480881880559
2007-04-16 01:00:00,894.6030444450164
2007-04-17 01:00:00,894.7632552538361
2007-04-18 01:00:00,894.9286630215589
2007-04-19 01:00:00,895.0992039461252
2007-04-20 01:00:00,895.2748090596716
2007-04-22 01:00:00,895.6409175879148
2007-04-23 01:00:00,895.8312677095928
2007-04-24 01:00:00,896.0263765920982
2007-04-25 01:00:00,896.2261634302694
2007-04-26 01:00:00,896.4305457715609
2007-04-27 01:00:00,896.6394393416044
2007-04-29 01:00:00,897.0704129236011
2007-04-30 01:00:00,897.2923138176011
2007-05-01 01:00:00,897.5183674772088
2007-05-02 01:00:00,897.7484783474608
2007-05-03 01:00:00,897.9825482643162
2007-05-04 01:00:00,898.220476297378
2007-05-06 01:00:00,898.7074879635595
2007-05-07 01:00:00,898.9563539827786
2007-05-08 01:00:00,899.2086423253967
2007-05-09 01:00:00,899.4642346036361
2007-05-10 01:00:00,899.723007932251
2007-05-11 01:00:00,899.9848344586271
2007-05-13 01:00:00,900.5171076210723
2007-05-14 01:00:00,900.7872688936079
2007-05-15 01:00:00,901.0599119599898
2007-05-16 01:00:00,901.3348776485996
2007-05-17 01:00:00,901.6120011146073
2007-05-18 01:00:00,901.8911131402589
2007-05-20 01:00:00,902.4546130781985
2007-05-21 01:00:00,902.7386533805136
2007-05-22 01:00:00,903.0239885459882
2007-05-23 01:00:00,903.3104447705606
2007-05-24 01:00:00,903.5978484010193
2007-05-25 01:00:00,903.8860258033445
2007-05-27 01:00:00,904.4640068232575
2007-05-28 01:00:00,904.7534624747282
2007-05-29 01:00:00,905.0429959954114
2007-05-30 01:00:00,905.3324330972574
2007-05-31 01:00:00,905.6215994365718
2007-06-01 01:00:00,905.9103205957249
2007-06-03 01:00:00,906.4857287458059
2007-06-04 01:00:00,906.7720653866924
2007-06-05 01:00:00,907.0572556284512
2007-06-06 01:00:00,907.3411220216324
2007-06-07 01:00:00,907.6234856364844
2007-06-08 01:00:00,907.9041657604297
2007-06-10 01:00:00,908.4597423528755
2007-06-11 01:00:00,908.73426678016
2007-06-12 01:00:00,909.0063639522618
2007-06-13 01:00:00,909.2758436835851
2007-06-14 01:00:00,909.5425156296092
2007-06-15 01:00:00,909.8061906383234
2007-06-17 01:00:00,910.3238076685134
2007-06-18 01:00:00,910.5773892424213
2007-06-19 01:00:00,910.827254325465
2007-06-20 01:00:00,911.0732356523553
2007-06-21 01:00:00,911.3151711319963
2007-06-22 01:00:00,911.5529036119473
2007-06-24 01:00:00,912.0151543733443
2007-06-25 01:00:00,912.2393813388378
2007-06-26 01:00:00,912.3552614292004
2007-06-27 01:00:00,912.3377238398846
2007-06-28 01:00:00,912.3123898609838
2007-06-29 01:00:00,912.2791797427781
2007-07-01 01:00:00,912.1888283229448
2007-07-02 01:00:00,912.1315425456132
2007-07-03 01:00:00,912.0660908157746
2007-07-04 01:00:00,911.9924059594767
2007-07-05 01:00:00,911.9104223611598
2007-07-06 01:00:00,911.820075993244
2007-07-08 01:00:00,911.6140485641897
2007-07-09 01:00:00,911.4982508428438
2007-07-10 01:00:00,911.3738585946232
2007-07-11 01:00:00,911.2408237901323
2007-07-12 01:00:00,911.0991043121788
2007-07-13 01:00:00,910.9486648901196
2007-07-15 01:00:00,910.6215232440873
2007-07-16 01:00:00,910.4447892819469
2007-07-17 01:00:00,910.2592715092035
2007-07-18 01:00:00,910.0649724594202
2007-07-19 01:00:00,909.8619009547684
2007-07-20 01:00:00,909.6500714914316
2007-07-22 01:00:00,909.2002220799795
2007-07-23 01:00:00,908.9622554365732
2007-07-24 01:00:00,908.7156368995385
2007-07-25 01:00:00,908.4604035557129
2007-07-26 01:00:00,908.1965962009932
2007-07-27 01:00:00,907.9242589852589
2007-07-29 01:00:00,907.3541854721669
2007-07-30 01:00:00,907.0565496234797
2007-07-31 01:00:00,906.7505835895518
2007-08-01 01:00:00,906.4363402166964
2007-08-02 01:00:00,906.1138728405292
2007-08-03 01:00:00,905.7832354601586
2007-08-05 01:00:00,905.0976733482842
2007-08-06 01:00:00,904.7428657209954
2007-08-07 01:00:00,904.3801240918918
2007-08-08 01:00:00,904.0095167216839
2007-08-09 01:00:00,903.6311170428078
2007-08-10 01:00:00,903.2450040859858
2007-08-12 01:00:00,902.44998337937
2007-08-13 01:00:00,902.041262230498
2007-08-14 01:00:00,901.6252002510223
2007-08-15 01:00:00,901.2019028597255
2007-08-16 01:00:00,900.7714792373756
2007-08-17 01:00:00,900.3340417256213
2007-08-19 01:00:00,899.4385871958659
2007-08-20 01:00:00,898.9808064904887
2007-08-21 01:00:00,898.516483928083
2007-08-22 01:00:00,898.0457416295496
2007-08-23 01:00:00,897.5687028330767
2007-08-24 01:00:00,897.085491558513
2007-08-26 01:00:00,896.1010488508073
2007-08-27 01:00:00,895.6000649550449
2007-08-28 01:00:00,895.0934024541874
2007-08-29 01:00:00,894.5811815065117
2007-08-30 01:00:00,894.0635203939795
2007-08-31 01:00:00,893.5405359139367
2007-09-02 01:00:00,892.4790618488933
2007-09-03 01:00:00,891.940806995269
2007-09-04 01:00:00,891.3977003052851
2007-09-05 01:00:00,890.8498655856829
2007-09-06 01:00:00,890.2974301066865
2007-09-07 01:00:00,889.7405246547643
2007-09-09 01:00:00,888.6138435428097
2007-09-10 01:00:00,888.0443450736974
2007-09-11 01:00:00,887.4709301841946
2007-09-12 01:00:00,886.8937428510299
2007-09-13 01:00:00,886.3129283300383
2007-09-14 01:00:00,885.7286326864876
2007-09-16 01:00:00,884.5501839130038
2007-09-17 01:00:00,883.9563235506444
2007-09-18 01:00:00,883.3595670865235
2007-09-19 01:00:00,882.7600596375946
2007-09-20 01:00:00,882.1579454289118
2007-09-21 01:00:00,881.5533675289499
2007-09-23 01:00:00,880.3373850047337
2007-09-24 01:00:00,879.7262572121765
2007-09-25 01:00:00,879.1132183831351
2007-09-26 01:00:00,878.4983994861153
2007-09-27 01:00:00,877.8819282113417
2007-09-28 01:00:00,877.263929480789
2007-09-30 01:00:00,876.0238418914572
2007-10-01 01:00:00,875.4019993672189
2007-10-02 01:00:00,874.779124322118
2007-10-03 01:00:00,874.1553445226041
2007-10-04 01:00:00,873.5307901320494
2007-10-05 01:00:00,872.9055934768522
2007-10-07 01:00:00,871.6538111141172
2007-10-08 01:00:00,871.0274971942525
2007-10-09 01:00:00,870.4010837539588
2007-10-10 01:00:00,869.7747077761484
2007-10-11 01:00:00,869.1485060144167
2007-10-12 01:00:00,868.522614655023
2007-10-14 01:00:00,867.2723032023994
2007-10-15 01:00:00,866.6481499838447
2007-10-16 01:00:00,866.0248404568782
2007-10-17 01:00:00,865.4025039135822
2007-10-18 01:00:00,864.7812676405539
2007-10-19 01:00:00,864.1612567062531
2007-10-21 01:00:00,862.9253984170869
2007-10-22 01:00:00,862.309787474704
2007-10-23 01:00:00,861.6958739582374
2007-10-24 01:00:00,861.0837671745936
2007-10-25 01:00:00,860.4735727065197
2007-10-26 01:00:00,859.865392922552
2007-10-28 01:00:00,858.6554772285285
2007-10-29 00:00:00,858.0789993856104
2007-10-30 00:00:00,857.4797765922757
2007-10-31 00:00:00,856.8830679863414
2007-11-01 00:00:00,856.2889785541101
2007-11-02 00:00:00,855.6976146931049
2007-11-04 00:00:00,854.5234929747388
2007-11-05 00:00:00,853.9409500389339
2007-11-06 00:00:00,853.3615616653482
2007-11-07 00:00:00,852.7854338162007
2007-11-08 00:00:00,852.212671332321
2007-11-09 00:00:00,851.6433776928839
2007-11-11 00:00:00,850.5156026621908
2007-11-12 00:00:00,849.9573193345202
2007-11-13 00:00:00,849.4029005323188
2007-11-14 00:00:00,848.8524395074978
2007-11-15 00:00:00,848.3060268347136
2007-11-16 00:00:00,847.7637502180115
2007-11-18 00:00:00,846.6919403761806
2007-11-19 00:00:00,846.1625663021046
2007-11-20 00:00:00,845.6376461554761
2007-11-21 00:00:00,845.1172502037109
2007-11-22 00:00:00,844.6014450086292
2007-11-23 00:00:00,844.0902938899582
2007-11-25 00:00:00,843.0821964680626
2007-11-26 00:00:00,842.5853697218934
2007-11-27 00:00:00,842.0934383585969
2007-11-28 00:00:00,841.6064646138204
2007-11-29 00:00:00,841.1245120340367
2007-11-30 00:00:00,840.647644971903
2007-12-02 00:00:00,839.7094249273074
2007-12-03 00:00:00,839.2481989886561
2007-12-04 00:00:00,838.7923117603525
2007-12-05 00:00:00,838.341823240821
2007-12-06 00:00:00,837.8967915755582
2007-12-07 00:00:00,837.4572728849708
2007-12-09 00:00:00,836.5949877346156
2007-12-10 00:00:00,836.172321752648
2007-12-11 00:00:00,835.7553692623314
2007-12-12 00:00:00,835.4167915455795
2007-12-13 00:00:00,835.3937138399892
2007-12-14 00:00:00,835.3768446437896
2007-12-16 00:00:00,835.361730942027
2007-12-17 00:00:00,835.363477972892
2007-12-18 00:00:00,835.3714169370156
2007-12-19 00:00:00,835.385536533465
2007-12-20 00:00:00,835.4058233735668
2007-12-21 00:00:00,835.4322626348456
2007-12-23 00:00:00,835.5035365356596
2007-12-24 00:00:00,835.5483409588605
2007-12-25 00:00:00,835.5992380460441
2007-12-26 00:00:00,835.6562141919495
2007-12-27 00:00:00,835.7192555736826
2007-12-28 00:00:00,835.7883473356126
2007-12-30 00:00:00,835.9446129985313
2007-12-31 00:00:00,836.0317460383512
2008-01-01 00:00:00,836.1248471284193
2008-01-02 00:00:00,836.2238883456023
2008-01-03 00:00:00,836.3288385996932
2008-01-04 00:00:00,836.4396635802091
2008-01-06 00:00:00,836.6787842920671
2008-01-07 00:00:00,836.806994479087
2008-01-08 00:00:00,836.9409082649935
2008-01-09 00:00:00,837.0804737300082
2008-01-10 00:00:00,837.2256351040953
2008-01-11 00:00:00,837.3763327813815
2008-01-13 00:00:00,837.6940802895559
2008-01-14 00:00:00,837.860993397849
2008-01-15 00:00:00,838.0331701521402
2008-01-16 00:00:00,838.2105357683323
2008-01-17 00:00:00,838.3930138716704
2008-01-18 00:00:00,838.5805271091656
2008-01-20 00:00:00,838.970348183202
2008-01-21 00:00:00,839.1725012477057
2008-01-22 00:00:00,839.3793802409027
2008-01-23 00:00:00,839.5909086340959
2008-01-24 00:00:00,839.8070095123276
2008-01-25 00:00:00,840.0276048825045
2008-01-27 00:00:00,840.4819578443844
2008-01-28 00:00:00,840.7155487473274
2008-01-29 00:00:00,840.9533002380069
2008-01-30 00:00:00,841.1951219793972
2008-01-31 00:00:00,841.440921741615
2008-02-01 00:00:00,841.6906015704367
2008-02-03 00:00:00,842.2012064356186
2008-02-04 00:00:00,842.4619253748831
2008-02-05 00:00:00,842.726113044258
2008-02-06 00:00:00,842.9936589587126
2008-02-07 00:00:00,843.2644495695888
2008-02-08 00:00:00,843.5383683527308
2008-02-10 00:00:00,844.0951111534316
2008-02-11 00:00:00,844.3776904082627
2008-02-12 00:00:00,844.662909616969
2008-02-13 00:00:00,844.9506443183609
2008-02-14 00:00:00,845.2407704690139
2008-02-15 00:00:00,845.533164999543
2008-02-17 00:00:00,846.1242740580785
2008-02-18 00:00:00,846.4227500994505
2008-02-19 00:00:00,846.7230174542826
2008-02-20 00:00:00,847.0249604307519
2008-02-21 00:00:00,847.3284640765415
2008-02-22 00:00:00,847.6334136533014
2008-02-24 00:00:00,848.2471897717687
2008-02-25 00:00:00,848.5557838598775
2008-02-26 00:00:00,848.8653585572216
2008-02-27 00:00:00,849.1757948832885
2008-02-28 00:00:00,849.4869727620429
2008-02-29 00:00:00,849.7987710974189
2008-03-02 00:00:00,850.4237400213843
2008-03-03 00:00:00,850.7366637417961
2008-03-04 00:00:00,851.0497141247046
2008-03-05 00:00:00,851.3627652577834
2008-03-06 00:00:00,851.6756901788644
2008-03-07 00:00:00,851.9883609762887
2008-03-09 00:00:00,852.6124258040337
2008-03-10 00:00:00,852.923563088727
2008-03-11 00:00:00,853.2339344040882
2008-03-12 00:00:00,853.5434156007302
2008-03-13 00:00:00,853.8518855892729
2008-03-14 00:00:00,854.1592267471428
2008-03-16 00:00:00,854.7700699212936
2008-03-17 00:00:00,855.0733540432459
2008-03-18 00:00:00,855.3750729071229
2008-03-19 00:00:00,855.6751244350135
2008-03-20 00:00:00,855.9734085342579
2008-03-21 00:00:00,856.2698266710346
2008-03-23 00:00:00,856.8566764514021
2008-03-24 00:00:00,857.146915678759
2008-03-25 00:00:00,857.4349037308559
2008-03-26 00:00:00,857.7205455810712
2008-03-27 00:00:00,858.0037466060576
2008-03-28 00:00:00,858.2844126136365
2008-03-30 00:00:00,858.8377651227029
2008-03-31 01:00:00,859.1216092201915
2008-04-01 01:00:00,859.3910802405537
2008-04-02 01:00:00,859.6575480269319
2008-04-03 01:00:00,859.9209207295157
2008-04-04 01:00:00,860.1811068228415
2008-04-06 01:00:00,860.6915564905424
2008-04-07 01:00:00,860.9416422457887
2008-04-08 01:00:00,861.1881874827138
2008-04-09 01:00:00,861.4311107789272
2008-04-10 01:00:00,861.6703350560829
2008-04-11 01:00:00,861.9057877971117
2008-04-13 01:00:00,862.3651100750405
2008-04-14 01:00:00,862.5888545836442
2008-04-15 01:00:00,862.8085763619915
2008-04-16 01:00:00,863.0242196674533
2008-04-17 01:00:00,863.2357306198376
2008-04-18 01:00:00,863.4430568470312
2008-04-20 01:00:00,863.8449514691604
2008-04-21 01:00:00,864.0394202834807
2008-04-22 01:00:00,864.2295048828327
2008-04-23 01:00:00,864.4151570706014
2008-04-24 01:00:00,864.5963291536358
2008-04-25 01:00:00,864.7729739188882
2008-04-27 01:00:00,865.1124949708287
2008-04-28 01:00:00,865.2752790955155
2008-04-29 01:00:00,865.433351497091
2008-04-30 01:00:00,865.5866669936137
2008-05-01 01:00:00,865.7351806940338
2008-05-02 01:00:00,865.8788480605152
2008-05-04 01:00:00,866.1514690313227
2008-05-05 01:00:00,866.2803386401405
2008-05-06 01:00:00,866.4041955898336
2008-05-07 01:00:00,866.523005126495
2008-05-08 01:00:00,866.6367367273316
2008-05-09 01:00:00,866.7453642375325
2008-05-11 01:00:00,866.9472218576807
2008-05-12 01:00:00,867.0404170875311
2008-05-13 01:00:00,867.128437029565
2008-05-14 01:00:00,867.2112688928823
2008-05-15 01:00:00,867.2889009009383
2008-05-16 01:00:00,867.3613220236333
2008-05-18 01:00:00,867.4904901353455
2008-05-19 01:00:00,867.5472173042899
2008-05-20 01:00:00,867.5986937343309
2008-05-21 01:00:00,867.6449099866296
2008-05-22 01:00:00,867.6858566853523
2008-05-23 01:00:00,867.7215244797436
2008-05-25 01:00:00,867.7769859706757
2008-05-26 01:00:00,867.7967609690701
2008-05-27 01:00:00,867.8112196709988
2008-05-28 01:00:00,867.8203527474822
2008-05-29 01:00:00,867.8241509416679
2008-05-30 01:00:00,867.822605199171
2008-06-01 01:00:00,867.803448494353
2008-06-02 01:00:00,867.7858238385594
2008-06-03 01:00:00,867.7628293857102
2008-06-04 01:00:00,867.7344648459039
2008-06-05 01:00:00,867.7007337993074
2008-06-06 01:00:00,867.6616438167207
2008-06-08 01:00:00,867.5674346725012
2008-06-09 01:00:00,867.5123457116187
2008-06-10 01:00:00,867.4519566396267
2008-06-11 01:00:00,867.3862856607333
2008-06-12 01:00:00,867.3153513967701
2008-06-13 01:00:00,867.2391726918279
2008-06-15 01:00:00,867.0711578768525
2008-06-16 01:00:00,866.979359834168
2008-06-17 01:00:00,866.8823933909739
2008-06-18 01:00:00,866.7802774699499
2008-06-19 01:00:00,866.6730308541034
2008-06-20 01:00:00,866.5606721435821
2008-06-22 01:00:00,866.3206918121435
2008-06-23 01:00:00,866.19310640718
2008-06-24 01:00:00,866.0604814433675
2008-06-25 01:00:00,865.9228348552806
2008-06-26 01:00:00,865.7801847438532
2008-06-27 01:00:00,865.6325496069416
2008-06-29 01:00:00,865.3224023798181
2008-06-30 01:00:00,865.1599329750492
2008-07-01 01:00:00,864.9925652399893
2008-07-02 01:00:00,864.8203271612705
2008-07-03 01:00:00,864.6432503941214
2008-07-04 01:00:00,864.4613703371091
2008-07-06 01:00:00,864.0833581246193
2008-07-07 01:00:00,863.8873106967546
2008-07-08 01:00:00,863.6866278437828
2008-07-09 01:00:00,863.4813544500043
2008-07-10 01:00:00,863.2715355826851
2008-07-11 01:00:00,863.0572163280134
2008-07-13 01:00:00,862.6152568035197
2008-07-14 01:00:00,862.3877064913115
2008-07-15 01:00:00,862.1558356891613
2008-07-16 01:00:00,861.9196891851018
2008-07-17 01:00:00,861.6793116078828
2008-07-18 01:00:00,861.4347473678392
2008-07-20 01:00:00,860.933235242479
2008-07-21 01:00:00,860.6763749310901
2008-07-22 01:00:00,860.4155032850324
2008-07-23 01:00:00,860.1506640248449
2008-07-24 01:00:00,859.8819012608406
2008-07-25 01:00:00,859.6092598375535
2008-07-27 01:00:00,859.0525266198317
2008-07-28 01:00:00,858.7685322418142
2008-07-29 01:00:00,858.4808551061418
2008-07-30 01:00:00,858.1895508610282
2008-07-31 01:00:00,857.8946785701651
2008-08-01 01:00:00,857.5963006732842
2008-08-03 01:00:00,856.9892921679965
2008-08-04 01:00:00,856.6807987269267
2008-08-05 01:00:00,856.36907253089
2008-08-06 01:00:00,856.054184141881
2008-08-07 01:00:00,855.7362040919068
2008-08-08 01:00:00,855.415202713579
2008-08-10 01:00:00,854.7644160562766
2008-08-11 01:00:00,854.4347702289051
2008-08-12 01:00:00,854.1023819908694
2008-08-13 01:00:00,853.7673204624623
2008-08-14 01:00:00,853.4296544353745
2008-08-15 01:00:00,853.0894522909916
2008-08-17 01:00:00,852.4017107507076
2008-08-18 01:00:00,852.0543057009778
2008-08-19 01:00:00,851.7046334521373
2008-08-20 01:00:00,851.3527606849998
2008-08-21 01:00:00,850.9987544878138
2008-08-22 01:00:00,850.6426828312234
2008-08-24 01:00:00,849.9246224483782
2008-08-25 01:00:00,849.5627785030347
2008-08-26 01:00:00,849.1991594285827
2008-08-27 01:00:00,848.8338442577099
2008-08-28 01:00:00,848.466914875783
2008-08-29 01:00:00,848.098455819232
2008-08-31 01:00:00,847.3572974101935
2008-09-01 01:00:00,846.9847758873457
2008-09-02 01:00:00,846.6110790676205
2008-09-03 01:00:00,846.2362965951737
2008-09-04 01:00:00,845.8605176402941
2008-09-05 01:00:00,845.4838307176717
2008-09-07 01:00:00,844.7280834160681
2008-09-08 01:00:00,844.349196473124
2008-09-09 01:00:00,843.9697484586898
2008-09-10 01:00:00,843.5898243131787
2008-09-11 01:00:00,843.2095081824064
2008-09-12 01:00:00,842.8288833253166
2008-09-14 01:00:00,842.0670355153308
2008-09-15 01:00:00,841.6859740749402
2008-09-16 01:00:00,841.3049271758646
2008-09-17 01:00:00,840.9239738772767
2008-09-18 01:00:00,840.5431933536827
2008-09-19 01:00:00,840.1626655198253
2008-09-21 01:00:00,839.4026948743631
2008-09-22 01:00:00,839.0234205275058
2008-09-23 01:00:00,838.6447362435528
2008-09-24 01:00:00,838.2667318933027
2008-09-25 01:00:00,837.8894993412537
2008-09-26 01:00:00,837.5131320747307
2008-09-28 01:00:00,836.7633726127867
2008-09-29 01:00:00,836.3901710754428
2008-09-30 01:00:00,836.0182151132109
2008-10-01 01:00:00,835.6475989108875
2008-10-02 01:00:00,835.2784155586451
2008-10-03 01:00:00,834.9107568741655
2008-10-05 01:00:00,834.1803740047687
2008-10-06 01:00:00,833.8178266691489
2008-10-07 01:00:00,833.4571577256639
2008-10-08 01:00:00,833.09845223225
2008-10-09 01:00:00,832.7417938447223
2008-10-10 01:00:00,832.3872647374135
2008-10-12 01:00:00,831.6849151395627
2008-10-13 01:00:00,831.3372509959167
2008-10-14 01:00:00,830.9920290641473
2008-10-15 01:00:00,830.6493243578537
2008-10-16 01:00:00,830.3092115646592
2008-10-17 01:00:00,829.9717658254809
2008-10-19 01:00:00,829.3051826745011
2008-10-20 01:00:00,828.9762034906087
2008-10-21 01:00:00,828.6502079633754
2008-10-22 01:00:00,828.3272796858058
2008-10-23 01:00:00,828.007503337741
2008-10-24 01:00:00,827.6909641599075
2008-10-26 01:00:00,827.0679380720953
2008-10-27 00:00:00,826.7743767076585
2008-10-28 00:00:00,826.4714831042365
2008-10-29 00:00:00,826.1722417785709
2008-10-30 00:00:00,825.8767325012567
2008-10-31 00:00:00,825.5850332033191
2008-11-02 00:00:00,825.013366617458
2008-11-03 00:00:00,824.7335454848244
2008-11-04 00:00:00,824.4578266596056
2008-11-05 00:00:00,824.0771344887
2008-11-06 00:00:00,823.5940634153001
2008-11-07 00:00:00,823.1191723148005
2008-11-09 00:00:00,822.1943706407325
2008-11-10 00:00:00,821.7446710406564
2008-11-11 00:00:00,821.3035738353212
2008-11-12 00:00:00,820.8711768857002
2008-11-13 00:00:00,820.4475768352825
2008-11-14 00:00:00,820.0328707219372
2008-11-16 00:00:00,819.2305396043056
2008-11-17 00:00:00,818.8431224413224
2008-11-18 00:00:00,818.4650147173165
2008-11-19 00:00:00,818.0963268951841
2008-11-20 00:00:00,817.7371699263903
2008-11-21 00:00:00,817.3876539689612
2008-11-23 00:00:00,816.7179757184294
2008-11-24 00:00:00,816.3980215741767
2008-11-25 00:00:00,816.0881237293878
2008-11-26 00:00:00,815.7883770325163
2008-11-27 00:00:00,815.498872099612
2008-11-28 00:00:00,815.2196951172828
2008-11-30 00:00:00,814.6926468625364
2008-12-01 00:00:00,814.4449249049877
2008-12-02 00:00:00,814.2078295219944
2008-12-03 00:00:00,813.981423783856
2008-12-04 00:00:00,813.7657661703266
2008-12-05 00:00:00,813.5609105788064
2008-12-07 00:00:00,813.1837982163499
2008-12-08 00:00:00,813.0116266593599
2008-12-09 00:00:00,812.8504281171519
2008-12-10 00:00:00,812.7002358462363
2008-12-11 00:00:00,812.5610811099757
2008-12-12 00:00:00,812.4329947554367
2008-12-14 00:00:00,812.2101579506923
2008-12-15 00:00:00,812.1154793798195
2008-12-16 00:00:00,812.0320126395865
2008-12-17 00:00:00,811.9597979291907
2008-12-18 00:00:00,811.8988744188009
2008-12-19 00:00:00,811.849278667434
2008-12-21 00:00:00,811.7841968764421
2008-12-22 00:00:00,811.7687621411512
2008-12-23 00:00:00,811.764757062938
2008-12-24 00:00:00,811.7721940317776
2008-12-25 00:00:00,811.7910798683447
2008-12-26 00:00:00,811.8214157117828
2008-12-28 00:00:00,811.9164129434076
2008-12-29 00:00:00,811.9810473422519
2008-12-30 00:00:00,812.057077702799
2008-12-31 00:00:00,812.1444757130565
2009-01-01 00:00:00,812.2432072406972
2009-01-02 00:00:00,812.3532324584842
2009-01-04 00:00:00,812.6069774593457
2009-01-05 00:00:00,812.7505908394235
2009-01-06 00:00:00,812.9052862342014
2009-01-07 00:00:00,813.0710000044353
2009-01-08 00:00:00,813.2476659649722
2009-01-09 00:00:00,813.4352167804724
2009-01-11 00:00:00,813.842706248856
2009-01-12 00:00:00,814.0625154176224
2009-01-13 00:00:00,814.2929501666811
2009-01-14 00:00:00,814.5339473478123
2009-01-15 00:00:00,814.7854415298757
2009-01-16 00:00:00,815.0473632351809
2009-01-18 00:00:00,815.6021837464348
2009-01-19 00:00:00,815.8949141280943
2009-01-20 00:00:00,816.197734750189
2009-01-21 00:00:00,816.5105450564068
2009-01-22 00:00:00,816.833238022997
2009-01-23 00:00:00,817.1657001973613
2009-01-25 00:00:00,817.8594462000939
2009-01-26 00:00:00,818.2204709068928
2009-01-27 00:00:00,818.5907465930607
2009-01-28 00:00:00,818.970127706358
2009-01-29 00:00:00,819.3584625788686
2009-01-30 00:00:00,819.7555937511526
2009-02-01 00:00:00,820.5755889350528
2009-02-02 00:00:00,820.9981135622363
2009-02-03 00:00:00,821.4287571699073
2009-02-04 00:00:00,821.8673422150779
2009-02-05 00:00:00,822.3136898152073
2009-02-06 00:00:00,822.6312437139844
2009-02-08 00:00:00,823.1168292637907
2009-02-09 00:00:00,823.3655766926115
2009-02-10 00:00:00,823.6181749214561
2009-02-11 00:00:00,823.8745349991177
2009-02-12 00:00:00,824.134567158588
2009-02-13 00:00:00,824.3981799312265
2009-02-15 00:00:00,824.9357691173599
2009-02-16 00:00:00,825.2095493189137
2009-02-17 00:00:00,825.4865175915572
2009-02-18 00:00:00,825.7665686707467
2009-02-19 00:00:00,826.0495946434671
2009-02-20 00:00:00,826.3354850692949
2009-02-22 00:00:00,826.9154053728203
2009-02-23 00:00:00,827.209202376186
2009-02-24 00:00:00,827.5053981774129
2009-02-25 00:00:00,827.803870681749
2009-02-26 00:00:00,828.1044957720808
2009-02-27 00:00:00,828.4071475797377
2009-03-01 00:00:00,829.018021470562
2009-03-02 00:00:00,829.3259868989574
2009-03-03 00:00:00,829.6354668500356
2009-03-04 00:00:00,829.9463338146256
2009-03-05 00:00:00,830.2584616127784
2009-03-06 00:00:00,830.5717258663209
2009-03-08 00:00:00,831.2011771784628
2009-03-09 00:00:00,831.5171267045948
2009-03-10 00:00:00,831.8337371971941
2009-03-11 00:00:00,832.1508942298938
2009-03-12 00:00:00,832.4684839476347
2009-03-13 00:00:00,832.7863923422302
2009-03-15 00:00:00,833.4227051491587
2009-03-16 00:00:00,833.740876748123
2009-03-17 00:00:00,834.0589013282182
2009-03-18 00:00:00,834.3766597475002
2009-03-19 00:00:00,834.6940320516195
2009-03-20 00:00:00,835.0108976392003
2009-03-22 00:00:00,835.6426237490144
2009-03-23 00:00:00,835.957240781761
2009-03-24 00:00:00,836.2708642238717
2009-03-25 00:00:00,836.5833715688267
2009-03-26 00:00:00,836.8946402368802
2009-03-27 00:00:00,837.2045478701003
2009-03-29 00:00:00,837.8197945020586
2009-03-30 01:00:00,838.1376068796958
2009-03-31 01:00:00,838.4407913907195
2009-04-01 01:00:00,838.7420207612661
2009-04-02 01:00:00,839.0411858832865
2009-04-03 01:00:00,839.3381814202833
2009-04-05 01:00:00,839.9252610607728
2009-04-06 01:00:00,840.2151524251096
2009-04-07 01:00:00,840.5024878800455
2009-04-08 01:00:00,840.7871775607989
2009-04-09 01:00:00,841.0691331473088
2009-04-10 01:00:00,841.3482673024265
2009-04-12 01:00:00,841.8977243561437
2009-04-13 01:00:00,842.167874266526
2009-04-14 01:00:00,842.4348566554224
2009-04-15 01:00:00,842.6985854560282
2009-04-16 01:00:00,842.9589749686214
2009-04-17 01:00:00,843.2159399911384
2009-04-19 01:00:00,843.7192588011951
2009-04-20 01:00:00,843.9654453692722
2009-04-21 01:00:00,844.2078730466405
2009-04-22 01:00:00,844.4464599922694
2009-04-23 01:00:00,844.6811252205584
2009-04-24 01:00:00,844.9117888604826
2009-04-26 01:00:00,845.3608002647608
2009-04-27 01:00:00,845.5789986214936
2009-04-28 01:00:00,845.792898010217
2009-04-29 01:00:00,846.0024329158564
2009-04-30 01:00:00,846.2075422060302
2009-05-01 01:00:00,846.4081690539479
2009-05-03 01:00:00,846.7957674081956
2009-05-04 01:00:00,846.9826429347058
2009-05-05 01:00:00,847.164842883084
2009-05-06 01:00:00,847.342324684879
2009-05-07 01:00:00,847.515047010497
2009-05-08 01:00:00,847.6829693658729
2009-05-10 01:00:00,848.0042546150453
2009-05-11 01:00:00,848.1575384269993
2009-05-12 01:00:00,848.3058639860792
2009-05-13 01:00:00,848.4491923104928
2009-05-14 01:00:00,848.5874847587017
2009-05-15 01:00:00,848.7207031252328
2009-05-17 01:00:00,848.9717674312946
2009-05-18 01:00:00,849.0895397362337
2009-05-19 01:00:00,849.2020907344933
2009-05-20 01:00:00,849.3093851767392
2009-05-21 01:00:00,849.4113885724792
2009-05-22 01:00:00,849.5080674249963
2009-05-24 01:00:00,849.6853251990012
2009-05-25 01:00:00,849.7658468169548
2009-05-26 01:00:00,849.8409308061824
2009-05-27 01:00:00,849.9105575681735
2009-05-28 01:00:00,850.0012878971464
2009-05-29 01:00:00,850.1705258808535
2009-05-31 01:00:00,850.477611666044
2009-06-01 01:00:00,850.6153904993499
2009-06-02 01:00:00,850.7426173369383
2009-06-03 01:00:00,850.8592614973218
2009-06-04 01:00:00,850.9652927324389
2009-06-05 01:00:00,851.0606809724654
2009-06-07 01:00:00,851.2194085206315
2009-06-08 01:00:00,851.2826881200564
2009-06-09 01:00:00,851.3352055842497
2009-06-10 01:00:00,851.376932078766
2009-06-11 01:00:00,851.4078396573029
2009-06-12 01:00:00,851.4279015752963
2009-06-14 01:00:00,851.4353892923082
2009-06-15 01:00:00,851.422770294723
2009-06-16 01:00:00,851.3992165996721
2009-06-17 01:00:00,851.3647119028269
2009-06-18 01:00:00,851.3192430896501
2009-06-19 01:00:00,851.2628009605437
2009-06-21 01:00:00,851.1169861062572
2009-06-22 01:00:00,851.0276254080957
2009-06-23 01:00:00,850.9273183921788
2009-06-24 01:00:00,850.8160943455277
2009-06-25 01:00:00,850.6939924920584
2009-06-26 01:00:00,850.5610608773839
2009-06-28 01:00:00,850.262933972436
2009-06-29 01:00:00,850.0978628594358
2009-06-30 01:00:00,849.9222077102603
2009-07-01 01:00:00,849.7360369495448
2009-07-02 01:00:00,849.5394207845002
2009-07-03 01:00:00,849.3324312178145
2009-07-05 01:00:00,848.8876296108626
2009-07-06 01:00:00,848.6499717892059
2009-07-07 01:00:00,848.4022493716341
2009-07-08 01:00:00,848.1445456866973
2009-07-09 01:00:00,847.8769469676517
2009-07-10 01:00:00,847.5995426302024
2009-07-12 01:00:00,847.2066968502431
2009-07-13 01:00:00,847.0240129416782
2009-07-14 01:00:00,846.8364538746657
2009-07-15 01:00:00,846.6440509770487
2009-07-16 01:00:00,846.4468363420649
2009-07-17 01:00:00,846.2448431026943
2009-07-19 01:00:00,845.8266610769741
2009-07-20 01:00:00,845.6105480416021
2009-07-21 01:00:00,845.3898092390283
2009-07-22 01:00:00,845.1644909937507
2009-07-23 01:00:00,844.9346435448032
2009-07-24 01:00:00,844.7003206562797
2009-07-26 01:00:00,844.2184762128062
2009-07-27 01:00:00,843.9710718874177
2009-07-28 01:00:00,843.7194250018692
2009-07-29 01:00:00,843.4635944879547
2009-07-30 01:00:00,843.2036388838533
2009-07-31 01:00:00,842.9396163190451
2009-08-02 01:00:00,842.3996010872941
2009-08-03 01:00:00,842.1237231232654
2009-08-04 01:00:00,841.8440076995903
2009-08-05 01:00:00,841.5605116765756
2009-08-06 01:00:00,841.2732917825558
2009-08-07 01:00:00,840.9824046684516
2009-08-09 01:00:00,840.3898555035896
2009-08-10 01:00:00,840.0883072384457
2009-08-11 01:00:00,839.7833196418985
2009-08-12 01:00:00,839.4749508033334
2009-08-13 01:00:00,839.1632597036307
2009-08-14 01:00:00,838.8483065281405
2009-08-16 01:00:00,838.208863119211
2009-08-17 01:00:00,837.8845031503985
2009-08-18 01:00:00,837.5571426570916
2009-08-19 01:00:00,837.226854568097
2009-08-20 01:00:00,836.8937152420191
2009-08-21 01:00:00,836.5578040592804
2009-08-23 01:00:00,835.8779938670867
2009-08-24 01:00:00,835.5342609732672
2009-08-25 01:00:00,835.1880868516367
2009-08-26 01:00:00,834.8395536727269
2009-08-27 01:00:00,834.4887427479655
2009-08-28 01:00:00,834.1357345565757
2009-08-30 01:00:00,833.4234447206069
2009-08-31 01:00:00,833.0643207610768
2009-09-01 01:00:00,832.703315038782
2009-09-02 01:00:00,832.3405051595029
2009-09-03 01:00:00,831.9759682742347
2009-09-04 01:00:00,831.6097811082494
2009-09-06 01:00:00,830.872761121044
2009-09-07 01:00:00,830.5020804375198
2009-09-08 01:00:00,830.1300541586496
2009-09-09 01:00:00,829.7567589228685
2009-09-10 01:00:00,829.3822721522952
2009-09-11 01:00:00,829.0066724193935
2009-09-13 01:00:00,828.252456408434
2009-09-14 01:00:00,827.8740064594767
2009-09-15 01:00:00,827.4947768388857
2009-09-16 01:00:00,826.9245621064898
2009-09-17 01:00:00,826.2143546894692
2009-09-18 01:00:00,825.5035961198523
2009-09-20 01:00:00,824.0811167137531
2009-09-21 01:00:00,823.3697417067231
2009-09-22 01:00:00,822.6585045478141
2009-09-23 01:00:00,821.9475731623616
2009-09-24 01:00:00,821.2371126410312
2009-09-25 01:00:00,820.5272853344046
2009-09-27 01:00:00,819.1101675263683
2009-09-28 01:00:00,818.4031902250913
2009-09-29 01:00:00,817.6974728841076
2009-09-30 01:00:00,816.9931673674354
2009-10-01 01:00:00,816.2904237296234
2009-10-02 01:00:00,815.5893902447472
2009-10-04 01:00:00,814.1930386352985
2009-10-05 01:00:00,813.498009694671
2009-10-06 01:00:00,812.8052702406295
2009-10-07 01:00:00,812.1149640665162
2009-10-08 01:00:00,811.4272360189318
2009-10-09 01:00:00,810.7422328144822
2009-10-11 01:00:00,809.3810012570132
2009-10-12 01:00:00,808.7050811636163
2009-10-13 01:00:00,808.0325027582626
2009-10-14 01:00:00,807.3634284907697
2009-10-15 01:00:00,806.6980233662365
2009-10-16 01:00:00,806.0364540146533
2009-10-18 01:00:00,804.7254900744795
2009-10-19 01:00:00,804.0764258789595
2009-10-20 01:00:00,803.4318560856801
2009-10-21 01:00:00,802.7919382673063
2009-10-22 01:00:00,802.1568261892455
2009-10-23 01:00:00,801.5266698751774
2009-10-25 01:00:00,800.2818073501127
2009-10-26 00:00:00,799.6929828513605
2009-10-27 00:00:00,799.0838521436904
2009-10-28 00:00:00,798.4803739288886
2009-10-29 00:00:00,797.882680390319
2009-10-30 00:00:00,797.2909010448072
2009-11-01 00:00:00,796.1255902168916
2009-11-02 00:00:00,795.5523057881073
2009-11-03 00:00:00,794.9854307272282
2009-11-04 00:00:00,794.4250858117974
2009-11-05 00:00:00,793.8713924498454
2009-11-06 00:00:00,793.3244737063735
2009-11-08 00:00:00,792.2514650232577
2009-11-09 00:00:00,791.7256346988307
2009-11-10 00:00:00,791.2070977598669
2009-11-11 00:00:00,790.6959895077291
2009-11-12 00:00:00,790.1924459879689
2009-11-13 00:00:00,789.6966029697754
2009-11-15 00:00:00,788.7285539401902
2009-11-16 00:00:00,788.2566090384216
2009-11-17 00:00:00,787.7928853054108
2009-11-18 00:00:00,787.3375035425676
2009-11-19 00:00:00,786.890580055117
2009-11-20 00:00:00,786.4522266772673
2009-11-22 00:00:00,785.6016563692523
2009-11-23 00:00:00,785.1896426435328
2009-11-24 00:00:00,784.7866058961191
2009-11-25 00:00:00,784.3926388042184
2009-11-26 00:00:00,784.0078306724135
2009-11-27 00:00:00,783.6322674738155
2009-11-29 00:00:00,782.9092036365181
2009-11-30 00:00:00,782.5618595527728
2009-12-01 00:00:00,782.2240745794987
2009-12-02 00:00:00,781.8959226147215
2009-12-03 00:00:00,781.5774777860772
2009-12-04 00:00:00,781.2688157010522
2009-12-06 00:00:00,780.6811546423359
2009-12-07 00:00:00,780.4023196924427
2009-12-08 00:00:00,780.1335942704798
2009-12-09 00:00:00,779.8750633793886
2009-12-10 00:00:00,779.626811004184
2009-12-11 00:00:00,779.3889189528056
2009-12-13 00:00:00,778.9445266556938
2009-12-14 00:00:00,778.738171578538
2009-12-15 00:00:00,778.5424661984814
2009-12-16 00:00:00,778.3574709495444
2009-12-17 00:00:00,778.1832410563127
2009-12-18 00:00:00,778.0198265469195
2009-12-20 00:00:00,777.7256185982949
2009-12-21 00:00:00,777.5949006188805
2009-12-22 00:00:00,777.6818041069375
2009-12-23 00:00:00,777.8975195388446
2009-12-24 00:00:00,778.1267123714576
2009-12-25 00:00:00,778.3693508165879
2009-12-27 00:00:00,778.8948214339194
2009-12-28 00:00:00,779.1775753754487
2009-12-29 00:00:00,779.4736200406945
2009-12-30 00:00:00,779.7829138624727
2009-12-31 00:00:00,780.1054169930006
2010-01-01 00:00:00,780.4410929413748
2010-01-03 00:00:00,781.1518395120152
2010-01-04 00:00:00,781.5268582944177
2010-01-05 00:00:00,781.9149428497094
2010-01-06 00:00:00,782.3160686912665
2010-01-07 00:00:00,782.7302078061331
2010-01-08 00:00:00,783.1573270457283
2010-01-10 00:00:00,784.0503421369197
2010-01-11 00:00:00,784.5161393398635
2010-01-12 00:00:00,784.994719180326
2010-01-13 00:00:00,785.4860153592488
2010-01-14 00:00:00,785.9899549673755
2010-01-15 00:00:00,786.5064586669469
2010-01-17 00:00:00,787.5768102877914
2010-01-18 00:00:00,788.1304697164379
2010-01-19 00:00:00,788.6963169089073
2010-01-20 00:00:00,789.2742446402731
2010-01-21 00:00:00,789.86414107882
2010-01-22 00:00:00,790.4658900932204
2010-01-24 00:00:00,791.7044619508458
2010-01-25 00:00:00,792.3410346462214
2010-01-26 00:00:00,792.9889611570279
2010-01-27 00:00:00,793.6481122370498
2010-01-28 00:00:00,794.318359477886
2010-01-29 00:00:00,794.9995769225786
2010-01-31 00:00:00,796.3944369601076
2010-02-01 00:00:00,797.1078452568472
2010-02-02 00:00:00,797.8317517241995
2010-02-03 00:00:00,798.5660384997857
2010-02-04 00:00:00,799.3105826814165
2010-02-05 00:00:00,800.0652545014398
2010-02-07 00:00:00,801.6044226512931
2010-02-08 00:00:00,802.3886197733718
2010-02-09 00:00:00,803.1823466229481
2010-02-10 00:00:00,803.9854348890431
2010-02-11 00:00:00,804.7977094018181
2010-02-12 00:00:00,805.6189884253822
2010-02-14 00:00:00,807.2878018702734
2010-02-15 00:00:00,808.1349425370577
2010-02-16 00:00:00,808.9903009247962
2010-02-17 00:00:00,809.8536671937115
2010-02-18 00:00:00,810.7248271737591
2010-02-19 00:00:00,811.6035629141796
2010-02-21 00:00:00,813.3828746819754
2010-02-22 00:00:00,814.2830017899012
2010-02-23 00:00:00,815.1898086144884
2010-02-24 00:00:00,816.1030696662472
2010-02-25 00:00:00,817.0225613388977
2010-02-26 00:00:00,817.9480632828988
2010-02-28 00:00:00,819.8162380963615
2010-03-01 00:00:00,820.7584911829599
2010-03-02 00:00:00,821.7059118642544
2010-03-03 00:00:00,822.6582918945865
2010-03-04 00:00:00,823.6154189156107
2010-03-05 00:00:00,824.577074521645
2010-03-07 00:00:00,826.5130628348953
2010-03-08 00:00:00,827.4869239599657
2010-03-09 00:00:00,828.4643716188216
2010-03-10 00:00:00,829.4451554465954
2010-03-11 00:00:00,830.4290203758762
2010-03-12 00:00:00,831.4157071035463
2010-03-14 00:00:00,833.3964898366448
2010-03-15 00:00:00,834.390049388671
2010-03-16 00:00:00,835.3853586435235
2010-03-17 00:00:00,836.3821429732659
2010-03-18 00:00:00,837.3801262870995
2010-03-19 00:00:00,838.379031834223
2010-03-21 00:00:00,840.3785047749242
2010-03-22 00:00:00,841.3785237951171
2010-03-23 00:00:00,842.378370402021
2010-03-24 00:00:00,843.3777792397293
2010-03-25 00:00:00,844.3764904136516
2010-03-26 00:00:00,845.374250374881
2010-03-28 00:00:00,847.3659365256951
2010-03-29 01:00:00,848.4008230932614
2010-03-30 01:00:00,849.3922907597205
2010-03-31 01:00:00,850.381616346668
2010-04-01 01:00:00,851.3685691181672
2010-04-02 01:00:00,852.3529152421659
2010-04-04 01:00:00,854.3128320734563
2010-04-05 01:00:00,855.2879153258805
2010-04-06 01:00:00,856.2594183085988
2010-04-07 01:00:00,857.2270906971128
2010-04-08 01:00:00,858.1906808574306
2010-04-09 01:00:00,859.149936375474
2010-04-11 01:00:00,861.054432223831
2010-04-12 01:00:00,861.9991670385849
2010-04-13 01:00:00,862.9385568515584
2010-04-14 01:00:00,863.8723507206648
2010-04-15 01:00:00,864.8002995135218
2010-04-16 01:00:00,865.72215681148
2010-04-18 01:00:00,867.5466313595393
2010-04-19 01:00:00,868.4487793828512
2010-04-20 01:00:00,869.3438996515996
2010-04-21 01:00:00,870.2317757447806
2010-04-22 01:00:00,871.1121997518097
2010-04-23 01:00:00,871.9849724400678
2010-04-25 01:00:00,873.7068080714918
2010-04-26 01:00:00,874.5555106888465
2010-04-27 01:00:00,875.3653615241469
2010-04-28 01:00:00,875.9971862875535
2010-04-29 01:00:00,876.6238527889425
2010-04-30 01:00:00,877.2452500947163
2010-05-02 01:00:00,878.4717824648804
2010-05-03 01:00:00,879.0766846920064
2010-05-04 01:00:00,879.6758526951627
2010-05-05 01:00:00,880.2691662062068
2010-05-06 01:00:00,880.8565042156904
2010-05-07 01:00:00,881.4377453018909
2010-05-09 01:00:00,882.5814502310244
2010-05-10 01:00:00,883.1436708699698
2010-05-11 01:00:00,883.6993084565848
2010-05-12 01:00:00,884.2482421792952
2010-05-13 01:00:00,884.7903521526374
2010-05-14 01:00:00,885.3255200397347
2010-05-16 01:00:00,886.3745689560294
2010-05-17 01:00:00,886.8882288372743
2010-05-18 01:00:00,887.3945059971094
2010-05-19 01:00:00,887.8933023115468
2010-05-20 01:00:00,888.3845250947393
2010-05-21 01:00:00,888.8680867625293
2010-05-23 01:00:00,889.8118976581326
2010-05-24 01:00:00,889.9751349180012
2010-05-25 01:00:00,890.0811226005203
2010-05-26 01:00:00,890.186332386689
2010-05-27 01:00:00,890.290737609706
2010-05-28 01:00:00,890.3943115217128
2010-05-30 01:00:00,890.5988572485138
2010-05-31 01:00:00,890.6997741770894
2010-06-01 01:00:00,890.7997499866802
2010-06-02 01:00:00,890.8987564114982
2010-06-03 01:00:00,890.9967649242136
2010-06-04 01:00:00,891.0937467837005
2010-06-06 01:00:00,891.2845147408937
2010-06-07 01:00:00,891.37824259524
2010-06-08 01:00:00,891.4708273432872
2010-06-09 01:00:00,891.6880622152541
2010-06-10 01:00:00,891.9932010457437
2010-06-11 01:00:00,892.2938270980464
2010-06-13 01:00:00,892.8812171295954
2010-06-14 01:00:00,893.1678228970654
2010-06-15 01:00:00,893.4496007988721
2010-06-16 01:00:00,893.7264780603882
2010-06-17 01:00:00,893.9983847999638
2010-06-18 01:00:00,894.2652537156963
2010-06-20 01:00:00,894.7836183300967
2010-06-21 01:00:00,895.0349868877634
2010-06-22 01:00:00,895.2810620738351
2010-06-23 01:00:00,895.5217803576531
2010-06-24 01:00:00,895.7570774288895
2010-06-25 01:00:00,895.9868879398875
2010-06-27 01:00:00,896.4297820139085
2010-06-28 01:00:00,896.6427290750673
2010-06-29 01:00:00,896.8499168521643
2010-06-30 01:00:00,897.0512749747377
2010-07-01 01:00:00,897.246732661539
2010-07-02 01:00:00,897.4362189683551
2010-07-04 01:00:00,897.7969941442453
2010-07-05 01:00:00,897.9681421516063
2010-07-06 01:00:00,898.1330373997195
2010-07-07 01:00:00,898.2916110712752
2010-07-08 01:00:00,898.4437954876378
2010-07-09 01:00:00,898.5895245903484
2010-07-11 01:00:00,898.8613649580594
2010-07-12 01:00:00,898.9873590775115
2010-07-13 01:00:00,899.1066653195088
2010-07-14 01:00:00,899.2192373506331
2010-07-15 01:00:00,899.325034093428
2010-07-16 01:00:00,899.4240191612362
2010-07-18 01:00:00,899.6014268043408
2010-07-19 01:00:00,899.6797919524138
2010-07-20 01:00:00,899.7512291522612
2010-07-21 01:00:00,899.8157132085861
2010-07-22 01:00:00,899.8732198231812
2010-07-23 01:00:00,899.9237255561883
2010-07-25 01:00:00,900.0036453176699
2010-07-26 01:00:00,900.0330176053308
2010-07-27 01:00:00,899.9752375783387
2010-07-28 01:00:00,899.7844101143407
2010-07-29 01:00:00,899.5828198005345
2010-07-30 01:00:00,899.3704946638228
2010-08-01 01:00:00,898.9137671812923
2010-08-02 01:00:00,898.6694372005016
2010-08-03 01:00:00,898.4145178819084
2010-08-04 01:00:00,898.1490559184112
2010-08-05 01:00:00,897.8731031493497
2010-08-06 01:00:00,897.5867173817338
2010-08-08 01:00:00,896.9829147590872
2010-08-09 01:00:00,896.665654307467
2010-08-10 01:00:00,896.3382762032644
2010-08-11 01:00:00,896.0008858652068
2010-08-12 01:00:00,895.6535994190081
2010-08-13 01:00:00,895.2965420606997
2010-08-15 01:00:00,894.5536476032647
2010-08-16 01:00:00,894.168087136758
2010-08-17 01:00:00,893.6933528573745
2010-08-18 01:00:00,892.919754084352
2010-08-19 01:00:00,892.1301900479599
2010-08-20 01:00:00,891.3249397501263
2010-08-22 01:00:00,889.6685173603512
2010-08-23 01:00:00,888.8179259582853
2010-08-24 01:00:00,887.9528107640666
2010-08-25 01:00:00,887.0734767735873
2010-08-26 01:00:00,886.1802358624328
2010-08-27 01:00:00,885.2734073937545
2010-08-29 01:00:00,883.4203064051386
2010-08-30 01:00:00,882.4747156422238
2010-08-31 01:00:00,881.5169020991226
2010-09-01 01:00:00,880.5472320485842
2010-09-02 01:00:00,879.5660833907881
2010-09-03 01:00:00,878.5738468341871
2010-09-05 01:00:00,876.5577462087567
2010-09-06 01:00:00,875.5347421691108
2010-09-07 01:00:00,874.5023731253709
2010-09-08 01:00:00,873.4611155849218
2010-09-09 01:00:00,872.4114625446998
2010-09-10 01:00:00,871.3539194342006
2010-09-12 01:00:00,869.2172165270279
2010-09-13 01:00:00,868.1390860009371
2010-09-14 01:00:00,867.055118307741
2010-09-15 01:00:00,865.9658205073829
2010-09-16 01:00:00,864.8716960826108
2010-09-17 01:00:00,863.7732455119439
2010-09-19 01:00:00,861.5653561940867
2010-09-20 01:00:00,860.6396879409881
2010-09-21 01:00:00,859.7157842565924
2010-09-22 01:00:00,858.7900572673514
2010-09-23 01:00:00,857.8628330920346
2010-09-24 01:00:00,856.9344370809608
2010-09-26 01:00:00,855.0754289624641
2010-09-27 01:00:00,854.1454667412605
2010-09-28 01:00:00,853.2156333849952
2010-09-29 01:00:00,852.2862561951931
2010-09-30 01:00:00,851.3576644400382
2010-10-01 01:00:00,850.4301900329244
2010-10-03 01:00:00,848.5799386979535
2010-10-04 01:00:00,847.6578455698173
2010-10-05 01:00:00,846.7382382357755
2010-10-06 01:00:00,845.8214704660495
2010-10-07 01:00:00,844.9078987893065
2010-10-08 01:00:00,843.9978797284434
2010-10-10 01:00:00,842.1899052397378
2010-10-11 01:00:00,841.2926335850473
2010-10-12 01:00:00,840.40027843866
2010-10-13 01:00:00,839.5131563218362
2010-10-14 01:00:00,838.631573821651
2010-10-15 01:00:00,837.7558284234507
2010-10-17 01:00:00,836.0229981462519
2010-10-18 01:00:00,835.1664693144569
2010-10-19 01:00:00,834.3168904890072
2010-10-20 01:00:00,833.4745227687555
2010-10-21 01:00:00,832.6396209591677
2010-10-22 01:00:00,831.8124339074376
2010-10-24 01:00:00,830.1821725891837
2010-10-25 01:00:00,829.3795711304597
2010-10-26 01:00:00,828.585631665025
2010-10-27 01:00:00,827.8005829133438
2010-10-28 01:00:00,827.0246521192795
2010-10-29 01:00:00,826.2580658452252
2010-10-31 01:00:00,824.7538334766163
2010-11-01 00:00:00,824.0473302368094
2010-11-02 00:00:00,823.3199627768395
2010-11-03 00:00:00,822.6030669678023
2010-11-04 00:00:00,821.8968684683307
2010-11-05 00:00:00,821.2015888821074
2010-11-07 00:00:00,819.8446375926801
2010-11-08 00:00:00,819.1833672214904
2010-11-09 00:00:00,818.5338157923676
2010-11-10 00:00:00,817.896155436332
2010-11-11 00:00:00,817.2705475080935
2010-11-12 00:00:00,816.6571436613899
2010-11-14 00:00:00,815.4675127560855
2010-11-15 00:00:00,814.8915495345445
2010-11-16 00:00:00,814.3283193138093
2010-11-17 00:00:00,813.7779381024025
2010-11-18 00:00:00,813.2405162389263
2010-11-19 00:00:00,812.7161587968275
2010-11-21 00:00:00,811.7070345747981
2010-11-22 00:00:00,811.2224574769784
2010-11-23 00:00:00,810.7513262489562
2010-11-24 00:00:00,810.2937316078661
2010-11-25 00:00:00,809.8497646841911
2010-11-26 00:00:00,809.4195178924258
2010-11-28 00:00:00,808.600563299668
2010-11-29 00:00:00,808.2120489591363
2010-11-30 00:00:00,807.837640445842
2010-12-01 00:00:00,807.4774352018759
2010-12-02 00:00:00,807.1315285477104
2010-12-03 00:00:00,806.8000119420929
2010-12-05 00:00:00,806.1804848208003
2010-12-06 00:00:00,805.8926229357113
2010-12-07 00:00:00,805.6194466258368
2010-12-08 00:00:00,805.3610080731544
2010-12-09 00:00:00,805.117351161233
2010-12-10 00:00:00,804.8885123941897
2010-12-12 00:00:00,804.4754042810939
2010-12-13 00:00:00,804.2911794251743
2010-12-14 00:00:00,804.1218629293762
2010-12-15 00:00:00,803.9674665153951
2010-12-16 00:00:00,803.82799830781
2010-12-17 00:00:00,803.7034631380803
2010-12-19 00:00:00,803.4991975070692
2010-12-20 00:00:00,803.4194651478624
2010-12-21 00:00:00,803.3546641145296
2010-12-22 00:00:00,803.3047938153805
2010-12-23 00:00:00,803.269856118611
2010-12-24 00:00:00,803.2498562799092
2010-12-26 00:00:00,803.2547093010705
2010-12-27 00:00:00,803.2795888563759
2010-12-28 00:00:00,803.319457038446
2010-12-29 00:00:00,803.3743278934339
2010-12-30 00:00:00,803.4442126918345
2010-12-31 00:00:00,803.5291183863994
2011-01-02 00:00:00,803.7439912099692
2011-01-03 00:00:00,803.8739405345502
2011-01-04 00:00:00,804.0188741499383
2011-01-05 00:00:00,804.2913176171573
2011-01-06 00:00:00,804.7052633936592
2011-01-07 00:00:00,805.1372543987586
2011-01-09 00:00:00,806.0549565320429
2011-01-10 00:00:00,806.5404485115073
2011-01-11 00:00:00,807.0435488970525
2011-01-12 00:00:00,807.5641397404379
2011-01-13 00:00:00,808.1021004944013
2011-01-14 00:00:00,808.6573083399669
2011-01-16 00:00:00,809.8189655160999
2011-01-17 00:00:00,810.4251630605283
2011-01-18 00:00:00,811.0481065778607
2011-01-19 00:00:00,811.6876744192317
2011-01-20 00:00:00,812.3437497247104
2011-01-21 00:00:00,813.0162217192986
2011-01-23 00:00:00,814.4099436624583
2011-01-24 00:00:00,815.1309988809118
2011-01-25 00:00:00,815.8680562706141
2011-01-26 00:00:00,816.6210178566241
2011-01-27 00:00:00,817.3897806552392
2011-01-28 00:00:00,818.1742349361205
2011-01-30 00:00:00,819.7897394854419
2011-01-31 00:00:00,820.6205296038315
2011-02-01 00:00:00,821.4664909323332
2011-02-02 00:00:00,822.3274729623278
2011-02-03 00:00:00,823.2033178011167
2011-02-04 00:00:00,824.0938608440665
2011-02-06 00:00:00,825.9183540859457
2011-02-07 00:00:00,826.8519482840547
2011-02-08 00:00:00,827.7995300225416
2011-02-09 00:00:00,828.7609118556194
2011-02-10 00:00:00,829.7359034081857
2011-02-11 00:00:00,830.7243117671746
2011-02-13 00:00:00,832.740597416463
2011-02-14 00:00:00,833.7680812071662
2011-02-15 00:00:00,834.8081970223391
2011-02-16 00:00:00,835.860750992978
2011-02-17 00:00:00,836.9255534706796
2011-02-18 00:00:00,838.002420524577
2011-02-20 00:00:00,840.1916431077649
2011-02-21 00:00:00,841.3036569725599
2011-02-22 00:00:00,842.427046207418
2011-02-23 00:00:00,843.5616368993389
2011-02-24 00:00:00,844.707248328686
2011-02-25 00:00:00,845.8636912947122
2011-02-27 00:00:00,848.2082694538998
2011-02-28 00:00:00,849.395981281309
2011-03-01 00:00:00,850.5936790049443
2011-03-02 00:00:00,851.8011313662602
2011-03-03 00:00:00,853.0181004387532
2011-03-04 00:00:00,854.2443422647024
2011-03-06 00:00:00,856.7236420967919
2011-03-07 00:00:00,857.9761879560756
2011-03-08 00:00:00,859.2369836207225
2011-03-09 00:00:00,860.5057649122444
2011-03-10 00:00:00,861.7822655457919
2011-03-11 00:00:00,863.0662177303074
2011-03-13 00:00:00,865.6554020078084
2011-03-14 00:00:00,866.9600973775163
2011-03-15 00:00:00,868.2711730273809
2011-03-16 00:00:00,869.5883666265739
2011-03-17 00:00:00,870.9114210631102
2011-03-18 00:00:00,872.2400858803998
2011-03-20 00:00:00,874.9132807630447
2011-03-21 00:00:00,876.2573421617174
2011-03-22 00:00:00,877.6060708002685
2011-03-23 00:00:00,878.9592323600367
2011-03-24 00:00:00,880.3165864932784
2011-03-25 00:00:00,881.6778850813516
2011-03-27 00:00:00,884.4112827199081
2011-03-28 01:00:00,885.8400716922865
2011-03-29 01:00:00,887.1086208589666
2011-03-30 01:00:00,887.8483816867636
2011-03-31 01:00:00,888.5897242222982
2011-04-01 01:00:00,889.3324927244778
2011-04-03 01:00:00,890.8216773011386
2011-04-04 01:00:00,891.5677754943251
2011-04-05 01:00:00,892.3146645843441
2011-04-06 01:00:00,893.0621845229749
2011-04-07 01:00:00,893.8101755361956
2011-04-08 01:00:00,894.5584785593157
2011-04-10 01:00:00,896.0553906619045
2011-04-11 01:00:00,896.8036894086737
2011-04-12 01:00:00,897.5516806465976
2011-04-13 01:00:00,898.2992165619745
2011-04-14 01:00:00,899.0461534973664
2011-04-15 01:00:00,899.7923525082286
2011-04-17 01:00:00,901.2820052009449
2011-04-18 01:00:00,902.0252033011315
2011-04-19 01:00:00,902.7671494215673
2011-04-20 01:00:00,903.5077187613574
2011-04-21 01:00:00,904.2467844786112
2011-04-22 01:00:00,904.9842166642543
2011-04-24 01:00:00,906.4536444117584
2011-04-25 01:00:00,907.1853649711809
2011-04-26 01:00:00,907.9149032696503
2011-04-27 01:00:00,908.6421176640881
2011-04-28 01:00:00,909.3668658223415
2011-04-29 01:00:00,910.0890050816757
2011-05-01 01:00:00,911.5248862187264
2011-05-02 01:00:00,912.2383434780824
2011-05-03 01:00:00,912.9486231496901
2011-05-04 01:00:00,913.6555849818155
2011-05-05 01:00:00,914.3590902519028
2011-05-06 01:00:00,915.0590022576175
2011-05-08 01:00:00,916.4475129587879
2011-05-09 01:00:00,917.1358531667511
2011-05-10 01:00:00,917.8200841920908
2011-05-11 01:00:00,918.5000873700806
2011-05-12 01:00:00,919.1757490194501
2011-05-13 01:00:00,919.8469606261154
2011-05-15 01:00:00,921.175624232998
2011-05-16 01:00:00,921.8328814979501
2011-05-17 01:00:00,922.485296575244
2011-05-18 01:00:00,923.1327755689061
2011-05-19 01:00:00,923.7752230817547
2011-05-20 01:00:00,924.4125412137043
2011-05-22 01:00:00,925.6713837183128
2011-05-23 01:00:00,926.2926992809965
2011-05-24 01:00:00,926.9084690753332
2011-05-25 01:00:00,927.5185854937826
2011-05-26 01:00:00,928.1229406382828
2011-05-27 01:00:00,928.7214266666757
2011-05-29 01:00:00,929.9003616647342
2011-05-30 01:00:00,930.4805971458516
2011-05-31 01:00:00,931.054536941332
2011-06-01 01:00:00,931.6220767213025
2011-06-02 01:00:00,932.1831137964973
2011-06-03 01:00:00,932.7375476698724
2011-06-05 01:00:00,933.8262185823983
2011-06-06 01:00:00,934.3602712802073
2011-06-07 01:00:00,934.8873531525812
2011-06-08 01:00:00,935.407383401354
2011-06-09 01:00:00,935.9202860837901
2011-06-10 01:00:00,936.4259898932567
2011-06-12 01:00:00,937.4155354373123
2011-06-13 01:00:00,937.8992515246132
2011-06-14 01:00:00,938.375514957919
2011-06-15 01:00:00,938.8442641940486
2011-06-16 01:00:00,939.3054358861182
2011-06-17 01:00:00,939.7589640692265
2011-06-19 01:00:00,940.6428115403608
2011-06-20 01:00:00,941.0729851623634
2011-06-21 01:00:00,941.4952250315222
2011-06-22 01:00:00,941.9094543776404
2011-06-23 01:00:00,942.3155958459695
2011-06-24 01:00:00,942.713571870056
2011-06-26 01:00:00,943.4847177220312
2011-06-27 01:00:00,943.8577333455111
2011-06-28 01:00:00,944.222275487394
2011-06-29 01:00:00,944.5782687490256
2011-06-30 01:00:00,944.9256391120512
2011-07-01 01:00:00,945.264314578197
2011-07-03 01:00:00,945.9153076607838
2011-07-04 01:00:00,946.2274985219675
2011-07-05 01:00:00,946.5307422243328
2011-07-06 01:00:00,946.8249874861762
2011-07-07 01:00:00,947.1101877959518
2011-07-08 01:00:00,947.3863007841569
2011-07-10 01:00:00,947.9111103707766
2011-07-11 01:00:00,948.1597339287842
2011-07-12 01:00:00,948.3991217648177
2011-07-13 01:00:00,948.6292364440335
2011-07-14 01:00:00,948.8500385014781
2011-07-15 01:00:00,949.061485930067
2011-07-17 01:00:00,949.4561354971428
2011-07-18 01:00:00,949.6392409865852
2011-07-19 01:00:00,949.812799516687
2011-07-20 01:00:00,949.976759124571
2011-07-21 01:00:00,950.131067375554
2011-07-22 01:00:00,950.2756717875295
2011-07-24 01:00:00,950.5355607690393
2011-07-25 01:00:00,950.6507426708343
2011-07-26 01:00:00,950.7560158526205
2011-07-27 01:00:00,950.8513316264173
2011-07-28 01:00:00,950.9366431392029
2011-07-29 01:00:00,951.0119061090915
2011-07-31 01:00:00,951.1321279153401
2011-08-01 01:00:00,951.1770198837391
2011-08-02 01:00:00,951.2117311741121
2011-08-03 01:00:00,951.2362435369217
2011-08-04 01:00:00,951.2505444282799
2011-08-05 01:00:00,951.2546259439246
2011-08-07 01:00:00,951.232114285887
2011-08-08 01:00:00,951.2055163833368
2011-08-09 01:00:00,951.1686874798299
2011-08-10 01:00:00,951.1216243664165
2011-08-11 01:00:00,951.0643225043355
2011-08-12 01:00:00,950.9967758714944
2011-08-14 01:00:00,950.8309174106352
2011-08-15 01:00:00,950.7325877041056
2011-08-16 01:00:00,950.6239784216779
2011-08-17 01:00:00,950.5050804452648
2011-08-18 01:00:00,950.3758855801924
2011-08-19 01:00:00,950.2363870463071
2011-08-21 01:00:00,949.926461355579
2011-08-22 01:00:00,949.7560311584217
2011-08-23 01:00:00,949.5752918647769
2011-08-24 01:00:00,949.3842492948703
2011-08-25 01:00:00,949.1829131172249
2011-08-26 01:00:00,948.9712976657432
2011-08-28 01:00:00,948.51731613496
2011-08-29 01:00:00,948.2750121983479
2011-08-30 01:00:00,948.0225552272007
2011-08-31 01:00:00,947.7599982255715
2011-09-01 01:00:00,947.4874023575575
2011-09-02 01:00:00,947.204835412436
2011-09-04 01:00:00,946.6100815324392
2011-09-05 01:00:00,946.2980474830032
2011-09-06 01:00:00,945.9763460449905
2011-09-07 01:00:00,945.6450560904556
2011-09-08 01:00:00,945.3042571136249
2011-09-09 01:00:00,944.9540294328094
2011-09-11 01:00:00,944.2256153475843
2011-09-12 01:00:00,943.847596936191
2011-09-13 01:00:00,943.4604867478654
2011-09-14 01:00:00,943.0643752512797
2011-09-15 01:00:00,942.659356427413
2011-09-16 01:00:00,942.2455282642169
2011-09-18 01:00:00,941.3918585831824
2011-09-19 01:00:00,940.9522369520291
2011-09-20 01:00:00,940.5042465198727
2011-09-21 01:00:00,940.0480115714184
2011-09-22 01:00:00,939.5836630418898
2011-09-23 01:00:00,939.1113392747933
2011-09-25 01:00:00,938.1433624099129
2011-09-26 01:00:00,937.6480323161785
2011-09-27 01:00:00,937.1453747401779
2011-09-28 01:00:00,936.6355788301033
2011-09-29 01:00:00,936.1188436897081
2011-09-30 01:00:00,935.5953762969391
2011-10-02 01:00:00,934.5290973435589
2011-10-03 01:00:00,933.9867183278124
2011-10-04 01:00:00,933.4384697919562
2011-10-05 01:00:00,932.8845701794604
2011-10-06 01:00:00,932.325238779772
2011-10-07 01:00:00,931.7606961057744
2011-10-09 01:00:00,930.6168674015685
2011-10-10 01:00:00,930.0380318096338
2011-10-11 01:00:00,929.4548863845005
2011-10-12 01:00:00,928.8676627883025
2011-10-13 01:00:00,928.276595726177
2011-10-14 01:00:00,927.6819232135057
2011-10-16 01:00:00,926.4827320132847
2011-10-17 01:00:00,925.8787082240299
2011-10-18 01:00:00,925.2720692643738
2011-10-19 01:00:00,924.6630735060813
2011-10-20 01:00:00,924.0519842337737
2011-10-21 01:00:00,923.439070080986
2011-10-23 01:00:00,922.2088718199168
2011-10-24 01:00:00,921.5921569057294
2011-10-25 01:00:00,920.9747561807303
2011-10-26 01:00:00,920.3569716078628
2011-10-27 01:00:00,919.7391102140654
2011-10-28 01:00:00,919.1214816147899
2011-10-30 01:00:00,917.8881570436465
2011-10-31 00:00:00,917.2987310853993
2011-11-01 00:00:00,916.6850260056208
2011-11-02 00:00:00,916.0730452817094
2011-11-03 00:00:00,915.4630742624336
2011-11-04 00:00:00,914.8553935935118
2011-11-06 00:00:00,913.6480051653707
2011-11-07 00:00:00,913.0488389105228
2011-11-08 00:00:00,912.45304638652
2011-11-09 00:00:00,911.8608896561415
2011-11-10 00:00:00,911.2726275210306
2011-11-11 00:00:00,910.6885156830424
2011-11-13 00:00:00,909.5337515903938
2011-11-14 00:00:00,908.9635974796254
2011-11-15 00:00:00,908.3985905982189
2011-11-16 00:00:00,907.8389752877483
2011-11-17 00:00:00,907.2849946148259
2011-11-18 00:00:00,906.736890723219
2011-11-20 00:00:00,905.6592793082264
2011-11-21 00:00:00,905.1302542974069
2011-11-22 00:00:00,904.608071082406
2011-11-23 00:00:00,904.0929696075594
2011-11-24 00:00:00,903.5851874072675
2011-11-25 00:00:00,903.0849575169071
2011-11-27 00:00:00,902.1080499787489
2011-11-28 00:00:00,901.6317956851378
2011-11-29 00:00:00,901.163938421497
2011-11-30 00:00:00,900.7046626403408
2011-12-01 00:00:00,900.2541428098118
2011-12-02 00:00:00,899.8125443806654
2011-12-04 00:00:00,898.9567335675945
2011-12-05 00:00:00,898.5428140370416
2011-12-06 00:00:00,898.1384025039849
2011-12-07 00:00:00,897.7436291545877
2011-12-08 00:00:00,897.3586182408806
2011-12-09 00:00:00,896.9834884352513
2011-12-11 00:00:00,896.2633216954164
2011-12-12 00:00:00,895.9184986742677
2011-12-13 00:00:00,895.5839858791019
2011-12-14 00:00:00,895.2598823299022
2011-12-15 00:00:00,894.9462849791165
2011-12-16 00:00:00,894.6432891713122
2011-12-18 00:00:00,894.0694771528475
2011-12-19 00:00:00,893.7988453294137
2011-12-20 00:00:00,893.5391832925471
2011-12-21 00:00:00,893.2905783591419
2011-12-22 00:00:00,893.053114168169
2011-12-23 00:00:00,892.8268691608272
2011-12-26 00:00:00,892.2161226240898
2011-12-27 00:00:00,892.0353831235641
2011-12-28 00:00:00,891.866131756828
2011-12-29 00:00:00,891.7083959172971
2011-12-30 00:00:00,891.5621959453584
2012-01-01 00:00:00,891.3044556027202
2012-01-02 00:00:00,891.1929288369629
2012-01-03 00:00:00,891.0929662207236
2012-01-04 00:00:00,891.0045643353316
2012-01-05 00:00:00,890.9277162063576
2012-01-06 00:00:00,890.8624118802084
2012-01-08 00:00:00,890.7663814193872
2012-01-09 00:00:00,890.7356238328256
2012-01-10 00:00:00,890.716348704904
2012-01-11 00:00:00,890.7085389445534
2012-01-12 00:00:00,890.7121781612211
2012-01-13 00:00:00,890.7272510651925
2012-01-15 00:00:00,890.7916423967723
2012-01-16 00:00:00,890.8409347294646
2012-01-17 00:00:00,890.9016071144765
2012-01-18 00:00:00,890.9736445426352
2012-01-19 00:00:00,891.0570292641935
2012-01-20 00:00:00,891.1517395941123
2012-01-22 00:00:00,891.3750241752646
2012-01-23 00:00:00,891.5035265576316
2012-01-24 00:00:00,891.6432101836582
2012-01-25 00:00:00,891.7940230690604
2012-01-26 00:00:00,891.9559076882642
2012-01-27 00:00:00,892.1288018238101
2012-01-29 00:00:00,892.5073512895381
2012-01-30 00:00:00,892.712865724088
2012-01-31 00:00:00,892.9291088449102
2012-02-01 00:00:00,893.156004905705
2012-02-02 00:00:00,893.3934765088469
2012-02-03 00:00:00,893.6414448369944
2012-02-05 00:00:00,894.1685512979052
2012-02-06 00:00:00,894.4475281865291
2012-02-07 00:00:00,894.7366806648762
2012-02-08 00:00:00,895.035930255157
2012-02-09 00:00:00,895.3452006595716
2012-02-10 00:00:00,895.6644181453348
2012-02-12 00:00:00,896.3324111926967
2012-02-13 00:00:00,896.6810487392563
2012-02-14 00:00:00,897.0393549498023
2012-02-15 00:00:00,897.4072587948008
2012-02-16 00:00:00,897.7846861530429
2012-02-17 00:00:00,898.1715588418913
2012-02-19 00:00:00,898.9733032412469
2012-02-20 00:00:00,899.3879933330736
2012-02-21 00:00:00,899.8117654599085
2012-02-22 00:00:00,900.244515976383
2012-02-23 00:00:00,900.6861368468078
2012-02-24 00:00:00,901.1365162766326
2012-02-26 00:00:00,902.0630887486216
2012-02-27 00:00:00,902.5390450333308
2012-02-28 00:00:00,903.0232872585811
2012-02-29 00:00:00,903.5156931453748
2012-03-01 00:00:00,904.0161393291041
2012-03-02 00:00:00,904.5245015726434
2012-03-04 00:00:00,905.5644746602917
2012-03-05 00:00:00,906.0958357081731
2012-03-06 00:00:00,906.6346144832072
2012-03-07 00:00:00,907.1806891491116
2012-03-08 00:00:00,907.733940504604
2012-03-09 00:00:00,908.2942524566091
2012-03-11 00:00:00,909.4356081344349
2012-03-12 00:00:00,910.0164310673704
2012-03-13 00:00:00,910.6038699109022
2012-03-14 00:00:00,911.1978113517916
2012-03-15 00:00:00,911.7981383396104
2012-03-16 00:00:00,912.4047293186069
2012-03-18 00:00:00,913.6361929265948
2012-03-19 00:00:00,914.2607985906141
2012-03-20 00:00:00,914.891134896263
2012-03-21 00:00:00,915.5270580421103
2012-03-22 00:00:00,916.1684209248498
2012-03-23 00:00:00,916.8150736642136
2012-03-25 00:00:00,918.1236385276673
2012-03-26 01:00:00,918.8128582990831
2012-03-27 01:00:00,919.4793279968844
2012-03-28 01:00:00,920.1503077180307
2012-03-29 01:00:00,920.8256408874024
2012-03-30 01:00:00,921.5051710327293
2012-04-01 01:00:00,922.8761988090603
2012-04-02 01:00:00,923.5673872380345
2012-04-03 01:00:00,924.2621554226448
2012-04-04 01:00:00,924.9603541730348
2012-04-05 01:00:00,925.6618378314791
2012-04-06 01:00:00,926.3664647879322
2012-04-08 01:00:00,927.7846014135937
2012-04-09 01:00:00,928.4978439725816
2012-04-10 01:00:00,929.2136921198935
2012-04-11 01:00:00,929.9320107379266
2012-04-12 01:00:00,930.6526612918414
2012-04-13 01:00:00,931.3755012203136
2012-04-15 01:00:00,932.8271591809026
2012-04-16 01:00:00,933.5556736241298
2012-04-17 01:00:00,934.2857714007579
2012-04-18 01:00:00,935.0172946824466
2012-04-19 01:00:00,935.7500841750754
2012-04-20 01:00:00,936.4839795812437
2012-04-22 01:00:00,937.9544445561668
2012-04-23 01:00:00,938.6906924106511
2012-04-24 01:00:00,939.4274035587893
2012-04-25 01:00:00,940.1644189989842
2012-04-26 01:00:00,940.901581117383
2012-04-27 01:00:00,941.6387340179667
2012-04-29 01:00:00,943.1123992466869
2012-04-30 01:00:00,943.8486116655258
2012-05-01 01:00:00,944.5842160548152
2012-05-02 01:00:00,945.3190714200294
2012-05-03 01:00:00,946.0530414410188
2012-05-04 01:00:00,946.7859948726328
2012-05-06 01:00:00,948.2483512779364
2012-05-07 01:00:00,948.9775130199325
2012-05-08 01:00:00,949.7051722210583
2012-05-09 01:00:00,950.431209210536
2012-05-10 01:00:00,951.1555017321383
2012-05-11 01:00:00,951.8779243365883
2012-05-13 01:00:00,953.3166431515727
2012-05-14 01:00:00,954.032675483558
2012-05-15 01:00:00,954.7463115921565
2012-05-16 01:00:00,955.4574171178466
2012-05-17 01:00:00,956.1658577179364
2012-05-18 01:00:00,956.871499449973
2012-05-20 01:00:00,958.2738544794288
2012-05-21 01:00:00,958.9703047521946
2012-05-22 01:00:00,959.6634307404147
2012-05-23 01:00:00,960.3531052745134
2012-05-24 01:00:00,961.0392035382453
2012-05-25 01:00:00,961.7216034192595
2012-05-27 01:00:00,963.0748352195743
2012-05-28 01:00:00,963.7454396451582
2012-05-29 01:00:00,964.4118914794191
2012-05-30 01:00:00,965.0740876610847
2012-05-31 01:00:00,965.7319300680035
2012-06-01 01:00:00,966.3853256685817
2012-06-03 01:00:00,967.6784278796115
2012-06-04 01:00:00,968.3179690490551
2012-06-05 01:00:00,968.9527293279427
2012-06-06 01:00:00,969.5826272838902
2012-06-07 01:00:00,970.2075791319933
2012-06-08 01:00:00,970.8274980756978
2012-06-10 01:00:00,972.0518760021388
2012-06-11 01:00:00,972.6561493097338
2012-06-12 01:00:00,973.2550199357411
2012-06-13 01:00:00,973.848393376366
2012-06-14 01:00:00,974.436175468078
2012-06-15 01:00:00,975.018272719839
2012-06-17 01:00:00,976.1650435562432
2012-06-18 01:00:00,976.7295356217292
2012-06-19 01:00:00,977.2879802945107
2012-06-20 01:00:00,977.840291041986
2012-06-21 01:00:00,978.3863836281163
2012-06-22 01:00:00,978.9261765092945
2012-06-24 01:00:00,979.9865528549551
2012-06-25 01:00:00,980.5069902287855
2012-06-26 01:00:00,981.0208363508632
2012-06-27 01:00:00,981.5280285308432
2012-06-28 01:00:00,982.0285084678509
2012-06-29 01:00:00,982.5222221115279
2012-07-01 01:00:00,983.4891525360904
2012-07-02 01:00:00,983.9622765170652
2012-07-03 01:00:00,984.4284458248374
2012-07-04 01:00:00,984.8876137663242
2012-07-05 01:00:00,985.3397310809671
2012-07-06 01:00:00,985.7847453147037
2012-07-08 01:00:00,986.6532393938539
2012-07-09 01:00:00,987.0766008098832
2012-07-10 01:00:00,987.4926238449399
2012-07-11 01:00:00,987.9012468274743
2012-07-12 01:00:00,988.302408157097
2012-07-13 01:00:00,988.6960466413614
2012-07-15 01:00:00,989.4605136668157
2012-07-16 01:00:00,989.8312237221825
2012-07-17 01:00:00,990.1941743746967
2012-07-18 01:00:00,990.5493096511424
2012-07-19 01:00:00,990.8965755280765
2012-07-20 01:00:00,991.235920412681
2012-07-22 01:00:00,991.8906560512347
2012-07-23 01:00:00,992.2059601952036
2012-07-24 01:00:00,992.5131707386976
2012-07-25 01:00:00,992.8122543953182
2012-07-26 01:00:00,993.1031817357374
2012-07-27 01:00:00,993.385926738378
2012-07-29 01:00:00,993.9267782500526
2012-07-30 01:00:00,994.1848423039276
2012-07-31 01:00:00,994.4346367294065
2012-08-01 01:00:00,994.6761382214614
2012-08-02 01:00:00,994.909320789921
2012-08-03 01:00:00,995.1341552895949
2012-08-05 01:00:00,995.5586482436227
2012-08-06 01:00:00,995.7582346916387
2012-08-07 01:00:00,995.9493304829263
2012-08-08 01:00:00,996.1318967100335
2012-08-09 01:00:00,996.305894386028
2012-08-10 01:00:00,996.471284821665
2012-08-12 01:00:00,996.7760921742527
2012-08-13 01:00:00,996.9154352280931
2012-08-14 01:00:00,997.0460237231811
2012-08-15 01:00:00,997.167823815794
2012-08-16 01:00:00,997.2808035929669
2012-08-17 01:00:00,997.3849336531039
2012-08-19 01:00:00,997.5665435199827
2012-08-20 01:00:00,997.6439828159023
2012-08-21 01:00:00,997.7124920952251
2012-08-22 01:00:00,997.7720622013485
2012-08-23 01:00:00,997.8226878747967
2012-08-24 01:00:00,997.8643669435894
2012-08-26 01:00:00,997.9208858935659
2012-08-27 01:00:00,997.9357274963199
2012-08-28 01:00:00,997.9416238988338
2012-08-29 01:00:00,997.9385730420946
2012-08-30 01:00:00,997.9265705033503
2012-08-31 01:00:00,997.9056092774928
2012-09-02 01:00:00,997.8367707771882
2012-09-03 01:00:00,997.7888689172049
2012-09-04 01:00:00,997.7319604743158
2012-09-05 01:00:00,997.6660314738288
2012-09-06 01:00:00,997.5910683623833
2012-09-07 01:00:00,997.5070584498845
2012-09-09 01:00:00,997.3118536757019
2012-09-10 01:00:00,997.2006403838354
2012-09-11 01:00:00,997.0803439256982
2012-09-12 01:00:00,996.9509601678004
2012-09-13 01:00:00,996.8124877909045
2012-09-14 01:00:00,996.6649289690158
2012-09-16 01:00:00,996.3425830841129
2012-09-17 01:00:00,996.1678251449074
2012-09-18 01:00:00,995.9840400058231
2012-09-19 01:00:00,995.7912572206395
2012-09-20 01:00:00,995.5895114581315
2012-09-21 01:00:00,995.3788412801495
2012-09-23 01:00:00,994.9308931970953
2012-09-24 01:00:00,994.6937000896112
2012-09-25 01:00:00,994.4477504395577
2012-09-26 01:00:00,994.1930853637231
2012-09-27 01:00:00,993.9297449738358
2012-09-28 01:00:00,993.6577684839363
2012-09-30 01:00:00,993.0880615137546
2012-10-01 01:00:00,992.7904084005452
2012-10-02 01:00:00,992.4842751290549
2012-10-03 01:00:00,992.1697033645737
2012-10-04 01:00:00,991.8467370702248
2012-10-05 01:00:00,991.5154230233974
2012-10-07 01:00:00,990.8279553491743
2012-10-08 01:00:00,990.4719128800713
2012-10-09 01:00:00,990.107745636839
2012-10-10 01:00:00,989.7355200959938
2012-10-11 01:00:00,989.355307963149
2012-10-12 01:00:00,988.967186900617
2012-10-14 01:00:00,988.1675638627466
2012-10-15 01:00:00,987.7562552058374
2012-10-16 01:00:00,987.33742548287
2012-10-17 01:00:00,986.9111934600642
2012-10-18 01:00:00,986.4776855257156
2012-10-19 01:00:00,986.0370339772579
2012-10-21 01:00:00,985.1348476902648
2012-10-22 01:00:00,984.673591680614
2012-10-23 01:00:00,984.2057479251571
2012-10-24 01:00:00,983.7314580064766
2012-10-25 01:00:00,983.2508645035332
2012-10-26 01:00:00,982.7641113803015
2012-10-28 01:00:00,981.772711798807
2012-10-29 00:00:00,981.2894650540468
2012-10-30 00:00:00,980.779788495535
2012-10-31 00:00:00,980.2647028276508
2012-11-01 00:00:00,979.7443702066669
2012-11-02 00:00:00,979.2189574944282
2012-11-04 00:00:00,978.1535849961631
2012-11-05 00:00:00,977.6139856102291
2012-11-06 00:00:00,977.0700274805552
2012-11-07 00:00:00,976.521905865502
2012-11-08 00:00:00,975.969822671681
2012-11-09 00:00:00,975.4139869712786
2012-11-11 00:00:00,974.2919341372018
2012-11-12 00:00:00,973.7261769741311
2012-11-13 00:00:00,973.1575880246548
2012-11-14 00:00:00,972.5864198878327
2012-11-15 00:00:00,972.0129323936468
2012-11-16 00:00:00,971.437390310933
2012-11-18 00:00:00,970.2812111127354
2012-11-19 00:00:00,969.7011073572247
2012-11-20 00:00:00,969.120013745965
2012-11-21 00:00:00,968.5381927613544
2012-11-22 00:00:00,967.9559055437528
2012-11-23 00:00:00,967.3734123873353
2012-11-25 00:00:00,966.2088477653922
2012-11-26 00:00:00,965.6272961781823
2012-11-27 00:00:00,965.0465788745635
2012-11-28 00:00:00,964.4669569003984
2012-11-29 00:00:00,963.8886920696048
2012-11-30 00:00:00,963.3120471364127
2012-12-02 00:00:00,962.1646736693833
2012-12-03 00:00:00,961.5944767615852
2012-12-04 00:00:00,961.0269632442245
2012-12-05 00:00:00,960.4624027399165
2012-12-06 00:00:00,959.9010666379991
2012-12-07 00:00:00,959.3432283052064
2012-12-09 00:00:00,958.2391499027515
2012-12-10 00:00:00,957.6934687465335
2012-12-11 00:00:00,957.152403106582
2012-12-12 00:00:00,956.6162377792488
2012-12-13 00:00:00,956.0852574422587
2012-12-14 00:00:00,955.5597442228946
2012-12-16 00:00:00,954.5262189886441
2012-12-17 00:00:00,954.0187364411498
2012-12-18 00:00:00,953.517778092094
2012-12-19 00:00:00,953.0235856142086
2012-12-20 00:00:00,952.5363923912148
2012-12-21 00:00:00,952.0564243621529
2012-12-23 00:00:00,951.1190345189758
2012-12-24 00:00:00,950.6620328638306
2012-12-26 00:00:00,949.7724240984758
2012-12-27 00:00:00,949.3402041673526
2012-12-28 00:00:00,948.916623626376
2012-12-30 00:00:00,948.0961023307732
2012-12-31 00:00:00,947.6995120545968
2013-01-01 00:00:00,947.312262837011
2013-01-02 00:00:00,946.9345211618265
2013-01-03 00:00:00,946.5664505716392
2013-01-04 00:00:00,946.208212318568
2013-01-06 00:00:00,945.5218639714288
2013-01-07 00:00:00,945.1940642019777
2013-01-08 00:00:00,944.8767165829837
2013-01-09 00:00:00,944.5699688606084
2013-01-10 00:00:00,944.2739639090147
2013-01-11 00:00:00,943.9888378589919
2013-01-13 00:00:00,943.4517212587529
2013-01-14 00:00:00,943.199952773998
2013-01-15 00:00:00,942.9595063081443
2013-01-16 00:00:00,942.7304647775346
2013-01-17 00:00:00,942.5129014785167
2013-01-18 00:00:00,942.3068813341754
2013-01-20 00:00:00,941.9296945529542
2013-01-21 00:00:00,941.7586243603015
2013-01-22 00:00:00,941.59929123302
2013-01-23 00:00:00,941.4517299094805
2013-01-24 00:00:00,941.3159703601528
2013-01-25 00:00:00,941.1920381609762
2013-01-27 00:00:00,940.9797388816679
2013-01-28 00:00:00,940.8914053268447
2013-01-29 00:00:00,940.8149673235232
2013-01-30 00:00:00,940.7504361688434
2013-01-31 00:00:00,940.6978218226766
2013-02-01 00:00:00,940.6571331658607
2013-02-03 00:00:00,940.6115632492953
2013-02-04 00:00:00,940.6066939076372
2013-02-05 00:00:00,940.6137730988427
2013-02-06 00:00:00,940.6328008276054
2013-02-07 00:00:00,940.6637728616483
2013-02-08 00:00:00,940.7066793472343
2013-02-10 00:00:00,940.8282200798751
2013-02-11 00:00:00,940.9067956337809
2013-02-12 00:00:00,940.9971877893211
2013-02-13 00:00:00,941.099346384243
2013-02-14 00:00:00,941.2132144854519
2013-02-15 00:00:00,941.3387295848916
2013-02-17 00:00:00,941.624429056147
2013-02-18 00:00:00,941.7844689849554
2013-02-19 00:00:00,941.9558680191252
2013-02-20 00:00:00,942.1385473321652
2013-02-21 00:00:00,942.3324259585042
2013-02-22 00:00:00,942.5374210742677
2013-02-24 00:00:00,942.98042243804
2013-02-25 00:00:00,943.2182574719844
2013-02-26 00:00:00,943.4668677167683
2013-02-27 00:00:00,943.726168095006
2013-02-28 00:00:00,943.9960745873262
2013-03-01 00:00:00,944.2765043637904
2013-03-03 00:00:00,944.8686068437612
2013-03-04 00:00:00,945.1801163722964
2013-03-05 00:00:00,945.5018209877412
2013-03-06 00:00:00,945.8336349905939
2013-03-07 00:00:00,946.1754690389052
2013-03-08 00:00:00,946.5272291075062
2013-03-10 00:00:00,947.2601229042095
2013-03-11 00:00:00,947.6410389332522
2013-03-12 00:00:00,948.0314456163051
2013-03-13 00:00:00,948.4312193778303
2013-03-14 00:00:00,948.8402320344953
2013-03-15 00:00:00,949.2583517602594
2013-03-17 00:00:00,950.1213721554168
2013-03-18 00:00:00,950.5659982457767
2013-03-19 00:00:00,951.0191831675809
2013-03-20 00:00:00,951.4807870053446
2013-03-21 00:00:00,951.9506692212436
2013-03-22 00:00:00,952.4286888693481
2013-03-24 00:00:00,953.4085764516531
2013-03-25 00:00:00,953.9101635660369
2013-03-26 00:00:00,954.419327581466
2013-03-27 00:00:00,954.9359318242876
2013-03-28 00:00:00,955.4598420192152
2013-03-31 00:00:00,957.0741004115474
2013-04-01 01:00:00,957.6489840861542
2013-04-02 01:00:00,958.2077522859672
2013-04-03 01:00:00,958.7730411825663
2013-04-04 01:00:00,959.3447148940257
2013-04-05 01:00:00,959.9226332240975
2013-04-07 01:00:00,961.0966195872925
2013-04-08 01:00:00,961.6923839671202
2013-04-09 01:00:00,962.2937863024302
2013-04-10 01:00:00,962.9006649819288
2013-04-11 01:00:00,963.512855659427
2013-04-12 01:00:00,964.1301920246392
2013-04-14 01:00:00,965.379631061455
2013-04-15 01:00:00,966.0113973844074
2013-04-16 01:00:00,966.6476375877872
2013-04-17 01:00:00,967.2881843330823
2013-04-18 01:00:00,967.9328710822059
2013-04-19 01:00:00,968.5815323167195
2013-04-21 01:00:00,969.8901229665638
2013-04-22 01:00:00,970.5497293391796
2013-04-23 01:00:00,971.2126651619398
2013-04-24 01:00:00,971.878775962941
2013-04-25 01:00:00,972.5479110221502
2013-04-26 01:00:00,973.219923485845
2013-04-28 01:00:00,974.5720093895782
2013-04-29 01:00:00,975.2518017313552
2013-04-30 01:00:00,975.9339061405148
2013-05-01 01:00:00,976.618179646947
2013-05-02 01:00:00,977.3044762159622
2013-05-03 01:00:00,977.9926463677482
2013-05-05 01:00:00,979.3739930003229
2013-05-06 01:00:00,980.0668552910539
2013-05-07 01:00:00,980.7609639101662
2013-05-08 01:00:00,981.456157386853
2013-05-09 01:00:00,982.1522736031301
2013-05-10 01:00:00,982.8491503917292
2013-05-12 01:00:00,984.2445400694047
2013-05-13 01:00:00,984.9427331181984
2013-05-14 01:00:00,985.6410478440317
2013-05-15 01:00:00,986.33932893192
2013-05-16 01:00:00,987.0374233778689
2013-05-17 01:00:00,987.7351807050444
2013-05-19 01:00:00,989.1290962021195
2013-05-20 01:00:00,989.8249684992696
2013-05-21 01:00:00,990.5199327782433
2013-05-22 01:00:00,991.2138561256414
2013-05-23 01:00:00,991.9066104169042
2013-05-24 01:00:00,992.5980724107477
2013-05-26 01:00:00,993.9766477099266
2013-05-27 01:00:00,994.6635319110944
2013-05-28 01:00:00,995.3486621498489
2013-05-29 01:00:00,996.0319230204256
2013-05-30 01:00:00,996.7131965618346
2013-05-31 01:00:00,997.3923620439822
2013-06-02 01:00:00,998.7438744336313
2013-06-03 01:00:00,999.4159704231972
2013-06-04 01:00:00,1000.0854579332058
2013-06-05 01:00:00,1000.7522108441431
2013-06-06 01:00:00,1001.41610376317
2013-06-07 01:00:00,1002.077012455132
2013-06-09 01:00:00,1003.3893882671857
2013-06-10 01:00:00,1004.0406159778954
2013-06-11 01:00:00,1004.6883812442456
2013-06-12 01:00:00,1005.332570692642
2013-06-13 01:00:00,1005.9730739058671
2013-06-14 01:00:00,1006.6097836235919
2013-06-16 01:00:00,1007.8714105492643
2013-06-17 01:00:00,1008.4961309762637
2013-06-18 01:00:00,1009.1166649327218
2013-06-19 01:00:00,1009.7329246210162
2013-06-20 01:00:00,1010.3448269777828
2013-06-21 01:00:00,1010.9522936658728
2013-06-23 01:00:00,1012.1536270635397
2013-06-24 01:00:00,1012.7473538458619
2013-06-25 01:00:00,1013.3363617135202
2013-06-26 01:00:00,1013.9205796724193
2013-06-27 01:00:00,1014.4999340391164
2013-06-28 01:00:00,1015.0743482709152
2013-06-30 01:00:00,1016.2080389630792
2013-07-01 01:00:00,1016.7671535953606
2013-07-02 01:00:00,1017.3210060397092
2013-07-03 01:00:00,1017.8695155942389
2013-07-04 01:00:00,1018.4126025661612
2013-07-05 01:00:00,1018.9501885902179
2013-07-07 01:00:00,1020.0085524722933
2013-07-08 01:00:00,1020.5291824283413
2013-07-09 01:00:00,1021.0440160914546
2013-07-10 01:00:00,1021.5529853101485
2013-07-11 01:00:00,1022.0560246718793
2013-07-12 01:00:00,1022.5530717252105
2013-07-14 01:00:00,1023.5289551464582
2013-07-15 01:00:00,1024.007683256484
2013-07-16 01:00:00,1024.4802029260738
2013-07-17 01:00:00,1024.9464694720432
2013-07-18 01:00:00,1025.4064421749779
2013-07-19 01:00:00,1025.8600841304374
2013-07-21 01:00:00,1026.7482438544305
2013-07-22 01:00:00,1027.1827002282348
2013-07-23 01:00:00,1027.6107000757024
2013-07-24 01:00:00,1028.0322105218224
2013-07-25 01:00:00,1028.4471956887346
2013-07-26 01:00:00,1028.8556164952943
2013-07-28 01:00:00,1029.652595766497
2013-07-29 01:00:00,1030.0410657079549
2013-07-30 01:00:00,1030.422795955991
2013-07-31 01:00:00,1030.7977419268848
2013-08-01 01:00:00,1031.1658598388342
2013-08-02 01:00:00,1031.5271069824626
2013-08-04 01:00:00,1032.2288245937355
2013-08-05 01:00:00,1032.5692166064896
2013-08-06 01:00:00,1032.9025813182702
2013-08-07 01:00:00,1033.2288841434377
2013-08-08 01:00:00,1033.5043963786593
2013-08-09 01:00:00,1033.370833042079
2013-08-11 01:00:00,1033.090603622909
2013-08-12 01:00:00,1032.9440200055851
2013-08-13 01:00:00,1032.793181820662
2013-08-14 01:00:00,1032.6381345677164
2013-08-15 01:00:00,1032.478924962056
2013-08-16 01:00:00,1032.3156005318706
2013-08-18 01:00:00,1031.9767983440765
2013-08-19 01:00:00,1031.8014150042168
2013-08-20 01:00:00,1031.6221046930646
2013-08-21 01:00:00,1031.4389115948643
2013-08-22 01:00:00,1031.2518786306227
2013-08-23 01:00:00,1031.0610478941005
2013-08-25 01:00:00,1030.6681610048304
2013-08-26 01:00:00,1030.4661903193485
2013-08-27 01:00:00,1030.2605936538953
2013-08-28 01:00:00,1030.0514169090397
2013-08-29 01:00:00,1029.8387075120943
2013-08-30 01:00:00,1029.6225144302489
2013-09-01 01:00:00,1029.1798807379687
2013-09-02 01:00:00,1028.9535457383304
2013-09-03 01:00:00,1028.7239383429012
2013-09-04 01:00:00,1028.4911153914613
2013-09-05 01:00:00,1028.2551354448174
2013-09-06 01:00:00,1028.0160588182819
2013-09-08 01:00:00,1027.5288653525026
2013-09-09 01:00:00,1027.2808773187849
2013-09-10 01:00:00,1027.0300497432613
2013-09-11 01:00:00,1026.7764497135158
2013-09-12 01:00:00,1026.5201447082666
2013-09-13 01:00:00,1026.2612021558714
2013-09-15 01:00:00,1025.7356712316657
2013-09-16 01:00:00,1025.4692136538888
2013-09-17 01:00:00,1025.200379567204
2013-09-18 01:00:00,1024.929230800275
2013-09-19 01:00:00,1024.6558278922773
2013-09-20 01:00:00,1024.3802304811957
2013-09-22 01:00:00,1023.8226892502848
2013-09-23 01:00:00,1023.5408647464777
2013-09-24 01:00:00,1023.2570851329958
2013-09-25 01:00:00,1022.971412312645
2013-09-26 01:00:00,1022.68390932645
2013-09-27 01:00:00,1022.3946403551846
2013-09-29 01:00:00,1021.8110667251325
2013-09-30 01:00:00,1021.5168959272271
2013-10-01 01:00:00,1021.2212268986765
2013-10-02 01:00:00,1020.9241294204976
2013-10-03 01:00:00,1020.6256745238181
2013-10-04 01:00:00,1020.3259345369214
2013-10-06 01:00:00,1019.7228948959635
2013-10-07 01:00:00,1019.4197456966256
2013-10-08 01:00:00,1019.1156116769662
2013-10-09 01:00:00,1018.8105690797383
2013-10-10 01:00:00,1018.504693665293
2013-10-11 01:00:00,1018.1980602256979
2013-10-13 01:00:00,1017.5828113688578
2013-10-14 01:00:00,1017.2743377991155
2013-10-15 01:00:00,1016.96538977613
2013-10-16 01:00:00,1016.6560339787111
2013-10-17 01:00:00,1016.3463357274153
2013-10-18 01:00:00,1016.0363593336231
2013-10-20 01:00:00,1015.4158267299196
2013-10-21 01:00:00,1015.1053976654229
2013-10-22 01:00:00,1014.7949453657865
2013-10-23 01:00:00,1014.4845344646517
2013-10-24 01:00:00,1014.1742302470243
2013-10-25 01:00:00,1013.8640986589788
2013-10-27 01:00:00,1013.244620317619
2013-10-28 00:00:00,1012.9483029786973
2013-10-29 00:00:00,1012.6395149223923
2013-10-30 00:00:00,1012.3312356547517
2013-10-31 00:00:00,1012.0235349583927
2013-11-01 00:00:00,1011.7164834127112
2013-11-03 00:00:00,1011.1046140224876
2013-11-04 00:00:00,1010.7999408024784
2013-11-05 00:00:00,1010.4962052721
2013-11-06 00:00:00,1010.1934793653857
2013-11-07 00:00:00,1009.8918337893036
2013-11-08 00:00:00,1009.5913374756205
2013-11-10 00:00:00,1008.9940575429594
2013-11-11 00:00:00,1008.6974007621619
2013-11-12 00:00:00,1008.4021471942035
2013-11-13 00:00:00,1008.1083554471559
2013-11-14 00:00:00,1007.8160827446283
2013-11-15 00:00:00,1007.5253852571851
2013-11-17 00:00:00,1006.9489372565715
2013-11-18 00:00:00,1006.6632965855522
2013-11-19 00:00:00,1006.3794512800121
2013-11-20 00:00:00,1006.0974563869155
2013-11-21 00:00:00,1005.8173672172411
2013-11-22 00:00:00,1005.5392393795919
2013-11-24 00:00:00,1004.9890916040175
2013-11-25 00:00:00,1004.7171843118651
2013-11-26 00:00:00,1004.4474636425218
2013-11-27 00:00:00,1004.1799866519038
2013-11-28 00:00:00,1003.9148107705136
2013-11-29 00:00:00,1003.6519938641375
2013-12-01 00:00:00,1003.1336706600086
2013-12-02 00:00:00,1002.8782819286206
2013-12-03 00:00:00,1002.6254866170677
2013-12-04 00:00:00,1002.3753423346573
2013-12-05 00:00:00,1002.1279050235978
2013-12-06 00:00:00,1001.8832283299836
2013-12-08 00:00:00,1001.4023580023082
2013-12-09 00:00:00,1001.166258428648
2013-12-10 00:00:00,1000.933108221994
2013-12-11 00:00:00,1000.7029494470505
2013-12-12 00:00:00,1000.4758229248267
2013-12-13 00:00:00,1000.25176856849
2013-12-15 00:00:00,999.8130330250926
2013-12-16 00:00:00,999.5984292898167
2013-12-17 00:00:00,999.3870529415153
2013-12-18 00:00:00,999.1789424812656
2013-12-19 00:00:00,998.9741364958724
2013-12-20 00:00:00,998.7726737083822
2013-12-22 00:00:00,998.3799334207753
2013-12-23 00:00:00,998.1887341765478
2013-12-24 00:00:00,998.0010346419078
2013-12-26 00:00:00,997.6362931149745
2013-12-27 00:00:00,997.4593308712185
2013-12-29 00:00:00,997.116424475435
2013-12-30 00:00:00,996.9505610342432
2013-12-31 00:00:00,996.7884773937016
2014-01-01 00:00:00,996.6302123122036
2014-01-02 00:00:00,996.4758027051865
2014-01-03 00:00:00,996.3252829532317
2014-01-05 00:00:00,996.0360357449052
2014-01-06 00:00:00,995.8973624511979
2014-01-07 00:00:00,995.7626882295813
2014-01-08 00:00:00,995.6320351216003
2014-01-09 00:00:00,995.5054240791079
2014-01-10 00:00:00,995.3828753195776
2014-01-12 00:00:00,995.1500431883597
2014-01-13 00:00:00,995.0397983309601
2014-01-14 00:00:00,994.9336929661891
2014-01-15 00:00:00,994.8317459734259
2014-01-16 00:00:00,994.7339761961858
2014-01-17 00:00:00,994.640402492785
2014-01-19 00:00:00,994.465919025561
2014-01-20 00:00:00,994.385047312942
2014-01-21 00:00:00,994.3084477758147
2014-01-22 00:00:00,994.2361396115939
2014-01-23 00:00:00,994.1681420524901
2014-01-24 00:00:00,994.1044743294291
2014-01-26 00:00:00,993.9902048449661
2014-01-27 00:00:00,993.9396405748191
2014-01-28 00:00:00,993.893480487284
2014-01-29 00:00:00,993.8517408718906
2014-01-30 00:00:00,993.8144359250616
2014-01-31 00:00:00,993.781577080704
2014-02-02 00:00:00,993.2840537476513
2014-02-03 00:00:00,993.0063280459012
2014-02-04 00:00:00,992.7386492630611
2014-02-05 00:00:00,992.481150161422
2014-02-06 00:00:00,992.2339542065829
2014-02-07 00:00:00,991.9971767064982
2014-02-09 00:00:00,991.5553027408853
2014-02-10 00:00:00,991.3504031025585
2014-02-11 00:00:00,991.1563163594114
2014-02-12 00:00:00,990.9731265380317
2014-02-13 00:00:00,990.8009124167681
2014-02-14 00:00:00,990.6397478279325
2014-02-16 00:00:00,990.3508398794113
2014-02-17 00:00:00,990.2232225605121
2014-02-18 00:00:00,990.1069075447741
2014-02-19 00:00:00,990.0019490596883
2014-02-20 00:00:00,989.9083982703971
2014-02-21 00:00:00,989.8263034252976
2014-02-23 00:00:00,989.6966601999585
2014-02-24 00:00:00,989.6491935849994
2014-02-25 00:00:00,989.6133456836428
2014-02-26 00:00:00,989.5891475463801
2014-02-27 00:00:00,989.5766243788963
2014-02-28 00:00:00,989.5757939692888
2014-03-02 00:00:00,989.6092364410559
2014-03-03 00:00:00,989.6434960197838
2014-03-04 00:00:00,989.6894217947586
2014-03-05 00:00:00,989.7469827079436
2014-03-06 00:00:00,989.8161401024627
2014-03-07 00:00:00,989.8968490740839
2014-03-09 00:00:00,990.0927171491185
2014-03-10 00:00:00,990.2077635567185
2014-03-11 00:00:00,990.3341370295586
2014-03-12 00:00:00,990.4717725922503
2014-03-13 00:00:00,990.6206023120847
2014-03-14 00:00:00,990.780555592981
2014-03-16 00:00:00,991.133539283622
2014-03-17 00:00:00,991.3264185571139
2014-03-18 00:00:00,991.5301199449473
2014-03-19 00:00:00,991.7445652809099
2014-03-20 00:00:00,991.9696758196977
2014-03-21 00:00:00,992.2053722489138
2014-03-23 00:00:00,992.7082013937903
2014-03-24 00:00:00,992.9751700065622
2014-03-25 00:00:00,993.2523949583832
2014-03-26 00:00:00,993.5397874383311
2014-03-27 00:00:00,993.8372541255507
2014-03-28 00:00:00,994.1446960639797
2014-03-30 00:00:00,994.7890761148353
2014-03-31 01:00:00,995.1398918777762
2014-04-01 01:00:00,995.4865016971529
2014-04-02 01:00:00,995.8424826711691
2014-04-03 01:00:00,996.207697179798
2014-04-04 01:00:00,996.582004273597
2014-04-06 01:00:00,997.3573215133997
2014-04-07 01:00:00,997.7580407764593
2014-04-08 01:00:00,998.1672716214672
2014-04-09 01:00:00,998.5848665612009
2014-04-10 01:00:00,999.010677641135
2014-04-11 01:00:00,999.444556650619
2014-04-13 01:00:00,1000.3359260724781
2014-04-14 01:00:00,1000.7931216305012
2014-04-15 01:00:00,1001.2577962125763
2014-04-16 01:00:00,1001.7298054461321
2014-04-17 01:00:00,1002.2090065740215
2014-04-20 01:00:00,1003.6883529485203
2014-04-21 01:00:00,1004.1686866372997
2014-04-22 01:00:00,1004.4148830417917
2014-04-23 01:00:00,1004.6620871478846
2014-04-24 01:00:00,1004.9102065204537
2014-04-25 01:00:00,1005.1591460577137
2014-04-27 01:00:00,1005.6590928257589
2014-04-28 01:00:00,1005.9098984912719
2014-04-29 01:00:00,1006.1611221816049
2014-04-30 01:00:00,1006.4126602920244
2014-05-01 01:00:00,1006.6644090900329
2014-05-02 01:00:00,1006.9162651544017
2014-05-04 01:00:00,1007.4198886737365
2014-05-05 01:00:00,1007.6714530147968
2014-05-06 01:00:00,1007.9227185157024
2014-05-07 01:00:00,1008.1735859262228
2014-05-08 01:00:00,1008.4239569653566
2014-05-09 01:00:00,1008.6737343800359
2014-05-11 01:00:00,1009.171125018226
2014-05-12 01:00:00,1009.4185497547356
2014-05-13 01:00:00,1009.6650040545388
2014-05-14 01:00:00,1009.9103970749123
2014-05-15 01:00:00,1010.154639127325
2014-05-16 01:00:00,1010.3976413103868
2014-05-18 01:00:00,1010.8795712120054
2014-05-19 01:00:00,1011.1183201458268
2014-05-20 01:00:00,1011.3554706993492
2014-05-21 01:00:00,1011.5909303429921
2014-05-22 01:00:00,1011.8246051647383
2014-05-23 01:00:00,1012.0564001127839
2014-05-25 01:00:00,1012.5139668014205
2014-05-26 01:00:00,1012.7395464506536
2014-05-27 01:00:00,1012.9628630225457
2014-05-28 01:00:00,1013.1838223503834
2014-05-29 01:00:00,1013.4023318025244
2014-05-30 01:00:00,1013.6183006082848
2014-06-01 01:00:00,1014.0422638087135
2014-06-02 01:00:00,1014.2500876214931
2014-06-03 01:00:00,1014.4550297056403
2014-06-04 01:00:00,1014.6570105484313
2014-06-05 01:00:00,1014.8559529429936
2014-06-06 01:00:00,1015.0517820022446
2014-06-08 01:00:00,1015.4338124149849
2014-06-09 01:00:00,1015.6198760092258
2014-06-10 01:00:00,1015.8025508124406
2014-06-11 01:00:00,1015.9817740445951
2014-06-12 01:00:00,1016.1574850623971
2014-06-13 01:00:00,1016.3296249081799
2014-06-15 01:00:00,1016.6629597782577
2014-06-16 01:00:00,1016.8240393270281
2014-06-17 01:00:00,1016.981315715036
2014-06-18 01:00:00,1017.1347295684063
2014-06-19 01:00:00,1017.2842210001305
2014-06-20 01:00:00,1017.4297300737325
2014-06-22 01:00:00,1017.7085644100229
2014-06-23 01:00:00,1017.8417743286827
2014-06-24 01:00:00,1017.9707720446531
2014-06-25 01:00:00,1018.0955046708691
2014-06-26 01:00:00,1018.215921730671
2014-06-27 01:00:00,1018.3319753344992
2014-06-29 01:00:00,1018.550814207918
2014-06-30 01:00:00,1018.6535174357148
2014-07-01 01:00:00,1018.7516931207113
2014-07-02 01:00:00,1018.8453071270934
2014-07-03 01:00:00,1018.9343279962968
2014-07-04 01:00:00,1019.0187269058998
2014-07-06 01:00:00,1019.1735565849206
2014-07-07 01:00:00,1019.2439426821875
2014-07-08 01:00:00,1019.3096173938344
2014-07-09 01:00:00,1019.3705645424363
2014-07-10 01:00:00,1019.4267700203933
2014-07-11 01:00:00,1019.4782213040155
2014-07-13 01:00:00,1019.5668149827525
2014-07-14 01:00:00,1019.6039339088359
2014-07-15 01:00:00,1019.6362506414256
2014-07-16 01:00:00,1019.6637513775108
2014-07-17 01:00:00,1019.6864218414373
2014-07-18 01:00:00,1019.7042479213613
2014-07-20 01:00:00,1019.7253152330757
2014-07-21 01:00:00,1019.7285345619334
2014-07-22 01:00:00,1019.7268664025908
2014-07-23 01:00:00,1019.720305112502
2014-07-24 01:00:00,1019.7088474328923
2014-07-25 01:00:00,1019.6924925472902
2014-07-27 01:00:00,1019.6451002668385
2014-07-28 01:00:00,1019.6140736201087
2014-07-29 01:00:00,1019.5781712198335
2014-07-30 01:00:00,1019.5374045023289
2014-07-31 01:00:00,1019.4917872297353
2014-08-01 01:00:00,1019.4413354210204
2014-08-03 01:00:00,1019.3260031271091
2014-08-04 01:00:00,1019.2611653034651
2014-08-05 01:00:00,1019.1915780604278
2014-08-06 01:00:00,1019.117267362181
2014-08-07 01:00:00,1019.038260578207
2014-08-08 01:00:00,1018.954586019887
2014-08-10 01:00:00,1018.7733477471179
2014-08-11 01:00:00,1018.6758395634656
2014-08-12 01:00:00,1018.5737737159126
2014-08-13 01:00:00,1018.4671749120942
2014-08-14 01:00:00,1018.35606711877
2014-08-15 01:00:00,1018.2404742961504
2014-08-17 01:00:00,1017.995933738216
2014-08-18 01:00:00,1017.8670398670466
2014-08-19 01:00:00,1017.7337693038666
2014-08-20 01:00:00,1017.5961538570707
2014-08-21 01:00:00,1017.4542273852555
2014-08-22 01:00:00,1017.3080257761666
2014-08-24 01:00:00,1017.0029506865624
2014-08-25 01:00:00,1016.8441588990495
2014-08-26 01:00:00,1016.6812553087872
2014-08-27 01:00:00,1016.514285552152
2014-08-28 01:00:00,1016.343297090752
2014-08-29 01:00:00,1016.1683391301281
2014-08-31 01:00:00,1015.8067196140279
2014-09-01 01:00:00,1015.6201641530693
2014-09-02 01:00:00,1015.429851046747
2014-09-03 01:00:00,1015.2358361490125
2014-09-04 01:00:00,1015.0381759334199
2014-09-05 01:00:00,1014.836927071286
2014-09-07 01:00:00,1014.4238879399844
2014-09-08 01:00:00,1014.2122072708817
2014-09-09 01:00:00,1013.9971564389222
2014-09-10 01:00:00,1013.7787865050955
2014-09-11 01:00:00,1013.5571475499419
2014-09-12 01:00:00,1013.3322893991148
2014-09-14 01:00:00,1012.8731179180654
2014-09-15 01:00:00,1012.6389089443417
2014-09-16 01:00:00,1012.4016900450413
2014-09-17 01:00:00,1012.1615174997843
2014-09-18 01:00:00,1011.9184492271744
2014-09-19 01:00:00,1011.6725447077412
2014-09-21 01:00:00,1011.1724722541139
2014-09-22 01:00:00,1010.9184305470365
2014-09-23 01:00:00,1010.6618049876357
2014-09-24 01:00:00,1010.4026621198152
2014-09-25 01:00:00,1010.1410697822614
2014-09-26 01:00:00,1009.8770970200926
2014-09-28 01:00:00,1009.3422916002786
2014-09-29 01:00:00,1009.0716016521571
2014-09-30 01:00:00,1008.7988162133818
2014-10-01 01:00:00,1008.5240074974823
2014-10-02 01:00:00,1008.2472474841953
2014-10-03 01:00:00,1007.9686075398279
2014-10-05 01:00:00,1007.4059678630887
2014-10-06 01:00:00,1007.122104346299
2014-10-07 01:00:00,1006.8366329392786
2014-10-08 01:00:00,1006.5496174904506
2014-10-09 01:00:00,1006.2611206626044
2014-10-10 01:00:00,1005.971204563773
2014-10-12 01:00:00,1005.3873641186118
2014-10-13 01:00:00,1005.0935666089504
2014-10-14 01:00:00,1004.7986040291713
2014-10-15 01:00:00,1004.5025427344873
2014-10-16 01:00:00,1004.205450214646
2014-10-17 01:00:00,1003.9073949871528
2014-10-19 01:00:00,1003.3086750404156
2014-10-20 01:00:00,1003.0081517273254
2014-10-21 01:00:00,1002.7069484514227
2014-10-22 01:00:00,1002.4051378743474
2014-10-23 01:00:00,1002.1027933866444
2014-10-24 01:00:00,1001.7999890278637
2014-10-26 01:00:00,1001.1932991511151
2014-10-27 00:00:00,1000.9022317498215
2014-10-28 00:00:00,1000.5983408526251
2014-10-29 00:00:00,1000.2943594041484
2014-10-30 00:00:00,999.9903600873691
2014-10-31 00:00:00,999.6864141620216
2014-11-02 00:00:00,999.0789587948475
2014-11-03 00:00:00,998.7755826552391
2014-11-04 00:00:00,998.4725264827989
2014-11-05 00:00:00,998.169852290599
2014-11-06 00:00:00,997.8676207781037
2014-11-07 00:00:00,997.5658918391339
2014-11-09 00:00:00,996.9641803894588
2014-11-10 00:00:00,996.6643180687556
2014-11-11 00:00:00,996.3651992032719
2014-11-12 00:00:00,996.0668855915156
2014-11-13 00:00:00,995.7694397038046
2014-11-14 00:00:00,995.4729245774815
2014-11-16 00:00:00,994.8829409812399
2014-11-17 00:00:00,994.5896005921801
2014-11-18 00:00:00,994.2974470547391
2014-11-19 00:00:00,994.0065451810223
2014-11-20 00:00:00,993.7169600709545
2014-11-21 00:00:00,993.4287570591281
2014-11-23 00:00:00,992.8567589761906
2014-11-24 00:00:00,992.5730940850312
2014-11-25 00:00:00,992.2910708886637
2014-11-26 00:00:00,992.0107520203583
2014-11-27 00:00:00,991.7321983561048
2014-11-28 00:00:00,991.4554687044091
2014-11-30 00:00:00,990.9077054943718
2014-12-01 00:00:00,990.6367784709371
2014-12-02 00:00:00,990.3678888870744
2014-12-03 00:00:00,990.10108549131
2014-12-04 00:00:00,989.8364158454204
2014-12-05 00:00:00,989.5739267353472
2014-12-07 00:00:00,989.055675746267
2014-12-08 00:00:00,988.8000068768721
2014-12-09 00:00:00,988.5467049763317
2014-12-10 00:00:00,988.2958174948733
2014-12-11 00:00:00,988.0473922912495
2014-12-12 00:00:00,987.8014775565432
2014-12-14 00:00:00,987.317373387441
2014-12-15 00:00:00,987.0792812498523
2014-12-16 00:00:00,986.8438940965161
2014-12-17 00:00:00,986.6112607920644
2014-12-18 00:00:00,986.3814302801271
2014-12-19 00:00:00,986.1544515526782
2014-12-21 00:00:00,985.7092449492627
2014-12-22 00:00:00,985.4911138067406
2014-12-23 00:00:00,985.2760270786839
2014-12-24 00:00:00,985.0640300738792
2014-12-25 00:00:00,984.8551659607855
2014-12-26 00:00:00,984.6494754426615
2014-12-28 00:00:00,984.2477654066372
2014-12-29 00:00:00,984.0518153218197
2014-12-30 00:00:00,983.8591784240629
2014-12-31 00:00:00,983.6698854631371
2015-01-01 00:00:00,983.4839663185883
2015-01-02 00:00:00,983.3014503380643
2015-01-04 00:00:00,982.9467442618077
2015-01-05 00:00:00,982.7746125241446
2015-01-06 00:00:00,982.6060008658803
2015-01-07 00:00:00,982.4409391091157
2015-01-08 00:00:00,982.2794573761794
2015-01-09 00:00:00,982.121586042809
2015-01-11 00:00:00,981.8167969299973
2015-01-12 00:00:00,981.6699405489525
2015-01-13 00:00:00,981.5268172626326
2015-01-14 00:00:00,981.3874577950285
2015-01-15 00:00:00,981.2518928415378
2015-01-16 00:00:00,981.1201530344889
2015-01-18 00:00:00,980.8682704211121
2015-01-19 00:00:00,980.7481871795519
2015-01-20 00:00:00,980.6320473719462
2015-01-21 00:00:00,980.5198774462172
2015-01-22 00:00:00,980.4117014716035
2015-01-23 00:00:00,980.3075407484371
2015-01-25 00:00:00,980.111336308118
2015-01-26 00:00:00,980.0193222492237
2015-01-27 00:00:00,979.9313838137355
2015-01-28 00:00:00,979.8475322484455
2015-01-29 00:00:00,979.7677781982135
2015-01-30 00:00:00,979.6921319938675
2015-02-01 00:00:00,979.553203954035
2015-02-02 00:00:00,979.4899426147332
2015-02-03 00:00:00,979.43083023915
2015-02-04 00:00:00,979.3758773864398
2015-02-05 00:00:00,979.3250947531922
2015-02-06 00:00:00,979.2784931409253
2015-02-08 00:00:00,979.1978763760446
2015-02-09 00:00:00,979.1638828137686
2015-02-10 00:00:00,979.1341133152282
2015-02-11 00:00:00,979.108578265894
2015-02-12 00:00:00,979.0872877769748
2015-02-13 00:00:00,979.0702516097024
2015-02-15 00:00:00,979.0489787312423
2015-02-16 00:00:00,979.0447582485867
2015-02-17 00:00:00,979.0448237318266
2015-02-18 00:00:00,979.04917921605
2015-02-19 00:00:00,979.0578260339009
2015-02-20 00:00:00,979.0707623690047
2015-02-22 00:00:00,979.1094803255753
2015-02-23 00:00:00,979.1352434895643
2015-02-24 00:00:00,979.1652605552488
2015-02-25 00:00:00,979.199518399862
2015-02-26 00:00:00,979.238003315628
2015-02-27 00:00:00,979.2807012786462
2015-03-01 00:00:00,979.3786793413119
2015-03-02 00:00:00,979.4339305592255
2015-03-03 00:00:00,979.4933370406015
2015-03-04 00:00:00,979.5568839059885
2015-03-05 00:00:00,979.6245560628826
2015-03-06 00:00:00,979.6963381770347
2015-03-08 00:00:00,979.8521694696917
2015-03-09 00:00:00,979.9361863193726
2015-03-10 00:00:00,980.0242483036675
2015-03-11 00:00:00,980.1163379372722
2015-03-12 00:00:00,980.2124370089197
2015-03-13 00:00:00,980.3125264421471
2015-03-15 00:00:00,980.5245946280679
2015-03-16 00:00:00,980.6365289476337
2015-03-17 00:00:00,980.752363980883
2015-03-18 00:00:00,980.8720720301161
2015-03-19 00:00:00,980.9956222521764
2015-03-20 00:00:00,981.1229802562488
2015-03-22 00:00:00,981.3889641083847
2015-03-23 00:00:00,981.5275044604928
2015-03-24 00:00:00,981.6696830225616
2015-03-25 00:00:00,981.8154525496684
2015-03-26 00:00:00,981.9647651153623
2015-03-27 00:00:00,982.1175724036741
2015-03-29 00:00:00,982.4334764647842
2015-03-30 01:00:00,982.6033057024824
2015-03-31 01:00:00,982.769739981839
2015-04-01 01:00:00,982.9394204595653
2015-04-02 01:00:00,983.1122965474185
2015-04-05 01:00:00,983.6495849968071
2015-04-06 01:00:00,983.8347273118767
2015-04-07 01:00:00,984.0228041754016
2015-04-08 01:00:00,984.2137612903441
2015-04-09 01:00:00,984.4075433560868
2015-04-10 01:00:00,984.6040938636254
2015-04-12 01:00:00,985.0052666207838
2015-04-13 01:00:00,985.2097673948876
2015-04-14 01:00:00,985.4167929379929
2015-04-15 01:00:00,985.626276147309
2015-04-16 01:00:00,985.8381466902257
2015-04-17 01:00:00,986.0523307879033
2015-04-19 01:00:00,986.487327893947
2015-04-20 01:00:00,986.7079781086718
2015-04-21 01:00:00,986.9306177543202
2015-04-22 01:00:00,987.1551618718721
2015-04-23 01:00:00,987.3815252608131
2015-04-24 01:00:00,987.6096228078087
2015-04-26 01:00:00,988.0706809632879
2015-04-27 01:00:00,988.3034723022733
2015-04-28 01:00:00,988.5376591207433
2015-04-29 01:00:00,988.7731569258884
2015-04-30 01:00:00,989.009881218728
2015-05-01 01:00:00,989.2477475015841
2015-05-03 01:00:00,989.7265681415024
2015-05-04 01:00:00,989.9673535833024
2015-05-05 01:00:00,990.2089430776572
2015-05-06 01:00:00,990.4512518533274
2015-05-07 01:00:00,990.6941946964428
2015-05-08 01:00:00,990.9376856803628
2015-05-10 01:00:00,991.4259629216331
2015-05-11 01:00:00,991.6705709152626
2015-05-12 01:00:00,991.9153699183178
2015-05-13 01:00:00,992.1602658394588
2015-05-14 01:00:00,992.4051622953832
2015-05-15 01:00:00,992.6499606521844
2015-05-17 01:00:00,993.1388589837735
2015-05-18 01:00:00,993.3827537440801
2015-05-19 01:00:00,993.6261413746427
2015-05-20 01:00:00,993.86891925838
2015-05-21 01:00:00,994.1109858728724
2015-05-22 01:00:00,994.3522411167618
2015-05-24 01:00:00,994.8319248453217
2015-05-25 01:00:00,995.0701608069357
2015-05-26 01:00:00,995.3072001948559
2015-05-27 01:00:00,995.5429502067018
2015-05-28 01:00:00,995.7773193393082
2015-05-29 01:00:00,996.0102173920103
2015-05-31 01:00:00,996.4712460790101
2015-06-01 01:00:00,996.6992029412748
2015-06-02 01:00:00,996.9253410664526
2015-06-03 01:00:00,997.1495764889037
2015-06-04 01:00:00,997.3718259997847
2015-06-05 01:00:00,997.5920067793329
2015-06-07 01:00:00,998.0258303664198
2015-06-08 01:00:00,998.2393059396856
2015-06-09 01:00:00,998.4503778179736
2015-06-10 01:00:00,998.6589601746874
2015-06-11 01:00:00,998.8649663740581
2015-06-12 01:00:00,999.0683092517942
2015-06-14 01:00:00,999.4666563448175
2015-06-15 01:00:00,999.6614878245542
2015-06-16 01:00:00,999.8533116855848
2015-06-17 01:00:00,1000.0420457457158
2015-06-18 01:00:00,1000.2276103134409
2015-06-19 01:00:00,1000.4099284174848
2015-06-21 01:00:00,1000.7645313033715
2015-06-22 01:00:00,1000.9366759195831
2015-06-23 01:00:00,1001.1052935161035
2015-06-24 01:00:00,1001.2703203031062
2015-06-25 01:00:00,1001.4316948401449
2015-06-26 01:00:00,1001.5893579897279
2015-06-28 01:00:00,1001.8933249401267
2015-06-29 01:00:00,1002.0395217147
2015-06-30 01:00:00,1002.1817928572962
2015-07-01 01:00:00,1002.3200898288554
2015-07-02 01:00:00,1002.4543655449622
2015-07-03 01:00:00,1002.584573900393
2015-07-05 01:00:00,1002.83260590076
2015-07-06 01:00:00,1002.9503378599308
2015-07-07 01:00:00,1003.0638186830392
2015-07-08 01:00:00,1003.1730016633784
2015-07-09 01:00:00,1003.2778401783748
2015-07-10 01:00:00,1003.3782881626894
2015-07-12 01:00:00,1003.5658341663357
2015-07-13 01:00:00,1003.6528474202507
2015-07-14 01:00:00,1003.7353014660604
2015-07-15 01:00:00,1003.8131601222506
2015-07-16 01:00:00,1003.8863901532181
2015-07-17 01:00:00,1003.9549613682021
2015-07-19 01:00:00,1004.0780217408711
2015-07-20 01:00:00,1004.1324653879738
2015-07-21 01:00:00,1004.1821589225835
2015-07-22 01:00:00,1004.2270862538574
2015-07-23 01:00:00,1004.2672337205255
2015-07-24 01:00:00,1004.3025899964424
2015-07-26 01:00:00,1004.3588949031835
2015-07-27 01:00:00,1004.3798318718104
2015-07-28 01:00:00,1004.395954064987
2015-07-29 01:00:00,1004.407260287609
2015-07-30 01:00:00,1004.4137506066944
2015-07-31 01:00:00,1004.415425825102
2015-08-02 01:00:00,1004.4043343851853
2015-08-03 01:00:00,1004.391568186945
2015-08-04 01:00:00,1004.3739875067151
2015-08-05 01:00:00,1004.3515912077629
2015-08-06 01:00:00,1004.3243783671873
2015-08-07 01:00:00,1004.2923489129585
2015-08-09 01:00:00,1004.2138475418977
2015-08-10 01:00:00,1004.1673844227493
2015-08-11 01:00:00,1004.1161228389724
2015-08-12 01:00:00,1004.0600733626932
2015-08-13 01:00:00,1003.9992492078127
2015-08-14 01:00:00,1003.9336662255632
2015-08-16 01:00:00,1003.7883000066032
2015-08-17 01:00:00,1003.7085609799693
2015-08-18 01:00:00,1003.6241512785598
2015-08-19 01:00:00,1003.5350984864322
2015-08-20 01:00:00,1003.4414321278803
2015-08-21 01:00:00,1003.3431835470967
2015-08-23 01:00:00,1003.1330735556959
2015-08-24 01:00:00,1003.0212829601155
2015-08-25 01:00:00,1002.9050514734623
2015-08-26 01:00:00,1002.7844176009844
2015-08-27 01:00:00,1002.6594205129544
2015-08-28 01:00:00,1002.5300995415431
2015-08-30 01:00:00,1002.2586407118557
2015-08-31 01:00:00,1002.116577626543
2015-09-01 01:00:00,1001.9703399825747
2015-09-02 01:00:00,1001.8199627143524
2015-09-03 01:00:00,1001.665480770447
2015-09-04 01:00:00,1001.5069298772355
2015-09-06 01:00:00,1001.1777716740344
2015-09-07 01:00:00,1001.0072444437676
2015-09-08 01:00:00,1000.8328087359463
2015-09-09 01:00:00,1000.6545099523412
2015-09-10 01:00:00,1000.4723955897699
2015-09-11 01:00:00,1000.286515160057
2015-09-13 01:00:00,999.9036636632677
2015-09-14 01:00:00,999.706800820655
2015-09-15 01:00:00,999.5063881227414
2015-09-16 01:00:00,999.3024835731629
2015-09-17 01:00:00,999.0951464884866
2015-09-18 01:00:00,998.5002614909296
2015-09-20 01:00:00,997.1168310388948
2015-09-21 01:00:00,996.4223937557308
2015-09-22 01:00:00,995.7263110418725
2015-09-23 01:00:00,995.0287084370545
2015-09-24 01:00:00,994.3297096615719
2015-09-25 01:00:00,993.6294360067386
2015-09-27 01:00:00,992.2255345983608
2015-09-28 01:00:00,991.5221350597014
2015-09-29 01:00:00,990.8179187152725
2015-09-30 01:00:00,990.1129973121679
2015-10-01 01:00:00,989.4074845888364
2015-10-02 01:00:00,988.7014976073053
2015-10-04 01:00:00,987.2885892703233
2015-10-05 01:00:00,986.5819220029981
2015-10-06 01:00:00,985.8752877855193
2015-10-07 01:00:00,985.1688214384183
2015-10-08 01:00:00,984.4626599837255
2015-10-09 01:00:00,983.7569422567881
2015-10-11 01:00:00,982.3474005369861
2015-10-12 01:00:00,981.6438606080613
2015-10-13 01:00:00,980.9413319943385
2015-10-14 01:00:00,980.2399582681057
2015-10-15 01:00:00,979.5398830605978
2015-10-16 01:00:00,978.8412497222904
2015-10-18 01:00:00,977.4488785441549
2015-10-19 01:00:00,976.7554228086408
2015-10-20 01:00:00,976.0639723863392
2015-10-21 01:00:00,975.3746637177305
2015-10-22 01:00:00,974.6876306148473
2015-10-23 01:00:00,974.0030038396637
2015-10-25 01:00:00,972.6414756705284
2015-10-26 00:00:00,971.9930347405152
2015-10-27 00:00:00,971.3191559889223
2015-10-28 00:00:00,970.648290453978
2015-10-29 00:00:00,969.9805590046119
2015-10-30 00:00:00,969.3160853515117
2015-11-01 00:00:00,967.9974244415148
2015-11-02 00:00:00,967.343502555826
2015-11-03 00:00:00,966.6933681448188
2015-11-04 00:00:00,966.0471601536808
2015-11-05 00:00:00,965.4050189030107
2015-11-06 00:00:00,964.7670856333079
2015-11-08 00:00:00,963.5044106691132
2015-11-09 00:00:00,962.8799533813001
2015-11-10 00:00:00,962.2602724198201
2015-11-11 00:00:00,961.6455094744899
2015-11-12 00:00:00,961.0358054678732
2015-11-13 00:00:00,960.4313001539088
2015-11-15 00:00:00,959.2384360756785
2015-11-16 00:00:00,958.6503468902639
2015-11-17 00:00:00,958.0679946798653
2015-11-18 00:00:00,957.4915066916817
2015-11-19 00:00:00,956.9210065662301
2015-11-20 00:00:00,956.3566141628268
2015-11-22 00:00:00,955.2466132949622
2015-11-23 00:00:00,954.7012270063095
2015-11-24 00:00:00,954.1623944125334
2015-11-25 00:00:00,953.6302226613387
2015-11-26 00:00:00,953.1048197656451
2015-11-27 00:00:00,952.5862958266517
2015-11-29 00:00:00,951.570339407356
2015-11-30 00:00:00,951.0731411586246
2015-12-01 00:00:00,950.5832892391784
2015-12-02 00:00:00,950.1009049512237
2015-12-03 00:00:00,949.6261099812376
2015-12-04 00:00:00,949.1590258600147
2015-12-06 00:00:00,948.2484732428152
2015-12-07 00:00:00,947.8052439635115
2015-12-08 00:00:00,947.3702035033732
2015-12-09 00:00:00,946.9434680537631
2015-12-10 00:00:00,946.5251518530238
2015-12-11 00:00:00,946.1153667088563
2015-12-13 00:00:00,945.3218212011589
2015-12-14 00:00:00,944.938266982412
2015-12-15 00:00:00,944.5636549987925
2015-12-16 00:00:00,944.1980764052153
2015-12-17 00:00:00,943.8416171701958
2015-12-18 00:00:00,943.4943581957195
2015-12-20 00:00:00,942.8277416924807
2015-12-21 00:00:00,942.5085250021694
2015-12-22 00:00:00,942.1987920394163
2015-12-23 00:00:00,941.898608000525
2015-12-24 00:00:00,941.6080379119712
2015-12-27 00:00:00,940.7946744583778
2015-12-28 00:00:00,940.5432289021888
2015-12-29 00:00:00,940.301736059539
2015-12-30 00:00:00,940.0702643851587
2015-12-31 00:00:00,939.8488809383441
2016-01-03 00:00:00,939.2458973159942
2016-01-04 00:00:00,939.0654901918659
2016-01-05 00:00:00,938.8954679270428
2016-01-06 00:00:00,938.7358797525116
2016-01-07 00:00:00,938.5867709027141
2016-01-08 00:00:00,938.4481818536053
2016-01-10 00:00:00,938.2026975682095
2016-01-11 00:00:00,938.0958534686615
2016-01-12 00:00:00,937.9996300422505
2016-01-13 00:00:00,937.914034048682
2016-01-14 00:00:00,937.8390644857193
2016-01-15 00:00:00,937.774713089829
2016-01-17 00:00:00,937.6778006388819
2016-01-18 00:00:00,937.645195079907
2016-01-19 00:00:00,937.6231207666717
2016-01-20 00:00:00,937.6115475317958
2016-01-21 00:00:00,937.6104434488213
2016-01-22 00:00:00,937.6197752754483
2016-01-24 00:00:00,937.6696078167474
2016-01-25 00:00:00,937.7100355298885
2016-01-26 00:00:00,937.7607521639522
2016-01-27 00:00:00,937.8217151724537
2016-01-28 00:00:00,937.8928783722797
2016-01-29 00:00:00,937.9741913398459
2016-01-31 00:00:00,938.167040912794
2016-02-01 00:00:00,938.2784517157286
2016-02-02 00:00:00,938.3997601954137
2016-02-03 00:00:00,938.5308894078298
2016-02-04 00:00:00,938.6717563002842
2016-02-05 00:00:00,938.8222712795716
2016-02-07 00:00:00,939.1518507911142
2016-02-08 00:00:00,939.3306976428315
2016-02-09 00:00:00,939.5187559108535
2016-02-10 00:00:00,939.7158940049117
2016-02-11 00:00:00,939.9219714361184
2016-02-12 00:00:00,940.13683986307
2016-02-14 00:00:00,940.5923262679074
2016-02-15 00:00:00,940.8326223171908
2016-02-16 00:00:00,941.0810681723491
2016-02-17 00:00:00,941.3374980053165
2016-02-18 00:00:00,941.6017451498911
2016-02-19 00:00:00,941.8736422516263
2016-02-21 00:00:00,942.4397130718077
2016-02-22 00:00:00,942.7335475786285
2016-02-23 00:00:00,943.034352954171
2016-02-24 00:00:00,943.3419554161603
2016-02-25 00:00:00,943.6561787878859
2016-02-26 00:00:00,943.9768441421776
2016-02-28 00:00:00,944.6367697735647
2016-02-29 00:00:00,944.9756564015057
2016-03-01 00:00:00,945.3202375511588
2016-03-02 00:00:00,945.6703179389591
2016-03-03 00:00:00,946.0256987581026
2016-03-04 00:00:00,946.3861774830823
2016-03-06 00:00:00,947.1215978823227
2016-03-07 00:00:00,947.4961124497644
2016-03-08 00:00:00,947.874869866737
2016-03-09 00:00:00,948.2576434644881
2016-03-10 00:00:00,948.6442019882528
2016-03-11 00:00:00,949.0343110433472
2016-03-13 00:00:00,949.824239620808
2016-03-14 00:00:00,950.2235928614582
2016-03-15 00:00:00,950.6255670420935
2016-03-16 00:00:00,951.0299388840662
2016-03-17 00:00:00,951.4364896568147
2016-03-18 00:00:00,951.8450049473838
2016-03-20 00:00:00,952.6670909191506
2016-03-21 00:00:00,953.0802511850395
2016-03-22 00:00:00,953.4945544650407
2016-03-23 00:00:00,953.9098027347223
2016-03-24 00:00:00,954.325800292852
2016-03-27 00:00:00,955.5763608423933
2016-03-28 01:00:00,956.010836176001
2016-03-29 01:00:00,956.4276978346448
2016-03-30 01:00:00,956.8441620237463
2016-03-31 01:00:00,957.2600431132016
2016-04-01 01:00:00,957.6751561398748
2016-04-03 01:00:00,958.5023394150412
2016-04-04 01:00:00,958.9140397289212
2016-04-05 01:00:00,959.3242313497544
2016-04-06 01:00:00,959.7327273926683
2016-04-07 01:00:00,960.1393407692608
2016-04-08 01:00:00,960.5438855079173
2016-04-10 01:00:00,961.3460422016583
2016-04-11 01:00:00,961.7433048753106
2016-04-12 01:00:00,962.1378028322594
2016-04-13 01:00:00,962.5293798313903
2016-04-14 01:00:00,962.9178867416782
2016-04-15 01:00:00,963.3031808021751
2016-04-17 01:00:00,964.063586604048
2016-04-18 01:00:00,964.4384381508171
2016-04-19 01:00:00,964.8095554264653
2016-04-20 01:00:00,965.1768178469681
2016-04-21 01:00:00,965.5401079398123
2016-04-22 01:00:00,965.8993109897411
2016-04-24 01:00:00,966.605008763511
2016-04-25 01:00:00,966.951284660201
2016-04-26 01:00:00,967.2930351720084
2016-04-27 01:00:00,967.6301541270666
2016-04-28 01:00:00,967.9625360593384
2016-04-29 01:00:00,968.29007586953
2016-05-01 01:00:00,968.9302083832619
2016-05-02 01:00:00,969.2425894482325
2016-05-03 01:00:00,969.5497045518841
2016-05-04 01:00:00,969.8514457257138
2016-05-05 01:00:00,970.1477046777262
2016-05-06 01:00:00,970.438373902878
2016-05-08 01:00:00,971.0025268269922
2016-05-09 01:00:00,971.2758141382568
2016-05-10 01:00:00,971.5431211377278
2016-05-11 01:00:00,971.8043650489885
2016-05-12 01:00:00,972.0594687729199
2016-05-13 01:00:00,972.3083599818817
2016-05-15 01:00:00,972.7872340198406
2016-05-16 01:00:00,973.0170885111581
2016-05-17 01:00:00,973.2404727769014
2016-05-18 01:00:00,973.4573276278794
2016-05-19 01:00:00,973.6675953086743
2016-05-20 01:00:00,973.8712192358009
2016-05-22 01:00:00,974.2583136517312
2016-05-23 01:00:00,974.441674176723
2016-05-24 01:00:00,974.6181703337563
2016-05-25 01:00:00,974.7877467136898
2016-05-26 01:00:00,974.9503471341263
2016-05-27 01:00:00,975.1059143522647
2016-05-29 01:00:00,975.395713545229
2016-05-30 01:00:00,975.5298239491268
2016-05-31 01:00:00,975.6566580172097
2016-06-01 01:00:00,975.7761515952432
2016-06-02 01:00:00,975.888240068906
2016-06-03 01:00:00,975.9928594299856
2016-06-05 01:00:00,976.1794462627219
2016-06-06 01:00:00,976.2613014307241
2016-06-07 01:00:00,976.3354648317319
2016-06-08 01:00:00,976.4018935998466
2016-06-09 01:00:00,976.4605498162756
2016-06-10 01:00:00,976.5113996745389
2016-06-12 01:00:00,976.5895604866222
2016-06-13 01:00:00,976.6168171483419
2016-06-14 01:00:00,976.6361579235065
2016-06-15 01:00:00,976.6475594329025
2016-06-16 01:00:00,976.650999400179
2016-06-17 01:00:00,976.6464564891684
2016-06-19 01:00:00,976.6133401911414
2016-06-20 01:00:00,976.584726836988
2016-06-21 01:00:00,976.5480500039304
2016-06-22 01:00:00,976.5032891065923
2016-06-23 01:00:00,976.4504226729937
2016-06-24 01:00:00,976.3894280760479
2016-06-26 01:00:00,976.2429574127659
2016-06-27 01:00:00,976.1574298559929
2016-06-28 01:00:00,976.0636717535918
2016-06-29 01:00:00,975.9616560690667
2016-06-30 01:00:00,975.8513565306006
2016-07-01 01:00:00,975.7327486678239
2016-07-03 01:00:00,975.4705260523441
2016-07-04 01:00:00,975.3268815186235
2016-07-05 01:00:00,975.1748705119833
2016-07-06 01:00:00,975.0144916846616
2016-07-07 01:00:00,974.8457487490289
2016-07-08 01:00:00,974.668649740556
2016-07-10 01:00:00,974.2894324444229
2016-07-11 01:00:00,974.0873449818514
2016-07-12 01:00:00,973.8769621289433
2016-07-13 01:00:00,973.658303747635
2016-07-14 01:00:00,973.4313910759408
2016-07-15 01:00:00,973.1962465825106
2016-07-17 01:00:00,972.701357062544
2016-07-18 01:00:00,972.4416612305336
2016-07-19 01:00:00,972.1738312281752
2016-07-20 01:00:00,971.8978916093063
2016-07-21 01:00:00,971.6138661117312
2016-07-22 01:00:00,971.3217773308351
2016-07-24 01:00:00,970.7134941708715
2016-07-25 01:00:00,970.3973396255133
2016-07-26 01:00:00,970.0732026246543
2016-07-27 01:00:00,969.7411037740522
2016-07-28 01:00:00,969.4010656048986
2016-07-29 01:00:00,969.0531135546687
2016-07-31 01:00:00,968.3335893687522
2016-08-01 01:00:00,967.9620899126447
2016-08-02 01:00:00,967.5828226343119
2016-08-03 01:00:00,967.1958367808029
2016-08-04 01:00:00,966.8011862751734
2016-08-05 01:00:00,966.3989290731794
2016-08-07 01:00:00,965.5718422833252
2016-08-08 01:00:00,965.1471425594601
2016-08-09 01:00:00,964.7150948824831
2016-08-10 01:00:00,964.275768220539
2016-08-11 01:00:00,963.8292326982701
2016-08-12 01:00:00,963.3755594371098
2016-08-14 01:00:00,962.4470880606806
2016-08-15 01:00:00,961.972435256512
2016-08-16 01:00:00,961.4909345608147
2016-08-17 01:00:00,961.0026578491468
2016-08-18 01:00:00,960.5076757505276
2016-08-19 01:00:00,960.0060572405382
2016-08-21 01:00:00,958.9831782305695
2016-08-22 01:00:00,958.4620482602377
2016-08-23 01:00:00,957.9345446694699
2016-08-24 01:00:00,957.4007339280785
2016-08-25 01:00:00,956.8606850372868
2016-08-26 01:00:00,956.3144704578419
2016-08-28 01:00:00,955.2038550075581
2016-08-29 01:00:00,954.6396208442383
2016-08-30 01:00:00,954.0695544097018
2016-08-31 01:00:00,953.4937500256144
2016-09-01 01:00:00,952.9123057444458
2016-09-02 01:00:00,952.3253227921667
2016-09-04 01:00:00,951.1351580613599
2016-09-05 01:00:00,950.5321893434854
2016-09-06 01:00:00,949.9241071517217
2016-09-07 01:00:00,949.3110205803316
2016-09-08 01:00:00,948.6930392513773
2016-09-09 01:00:00,948.0702731318341
2016-09-11 01:00:00,946.8108269771801
2016-09-12 01:00:00,946.1743666946383
2016-09-13 01:00:00,945.5335603848631
2016-09-14 01:00:00,944.8885155916051
2016-09-15 01:00:00,944.2393379519858
2016-09-16 01:00:00,943.5861307247192
2016-09-18 01:00:00,942.2680280670302
2016-09-19 01:00:00,941.6033281653264
2016-09-20 01:00:00,940.9349919332807
2016-09-21 01:00:00,940.26311783864
2016-09-22 01:00:00,939.5878071125375
2016-09-23 01:00:00,938.9091646586041
2016-09-25 01:00:00,937.5423247575718
2016-09-26 01:00:00,936.8543575261599
2016-09-27 01:00:00,936.1635183784899
2016-09-28 01:00:00,935.4699309658279
2016-09-29 01:00:00,934.7737215248662
2016-09-30 01:00:00,934.0750183853785
2016-10-02 01:00:00,932.6706519004713
2016-10-03 01:00:00,931.9652514137953
2016-10-04 01:00:00,931.2578821367928
2016-10-05 01:00:00,930.5486761932355
2016-10-06 01:00:00,929.8377654605927
2016-10-07 01:00:00,929.1252813570056
2016-10-09 01:00:00,927.696115166211
2016-10-10 01:00:00,926.9796916364902
2016-10-11 01:00:00,926.2622111855644
2016-10-12 01:00:00,925.543798922117
2016-10-13 01:00:00,924.8245773994104
2016-10-14 01:00:00,924.1046661455049
2016-10-16 01:00:00,922.6632366621694
2016-10-17 01:00:00,921.9419430555645
2016-10-18 01:00:00,921.2204113639979
2016-10-19 01:00:00,920.4987534972068
2016-10-20 01:00:00,919.7770840771939
2016-10-21 01:00:00,919.0555214110494
2016-10-23 01:00:00,917.613209309258
2016-10-24 01:00:00,916.8927152447927
2016-10-25 01:00:00,916.1728375232861
2016-10-26 01:00:00,915.453710072926
2016-10-27 01:00:00,914.735468310036
2016-10-28 01:00:00,914.0182486891026
2016-10-30 01:00:00,912.5874245503733
2016-10-31 00:00:00,911.9038435000872
2016-11-01 00:00:00,911.1920181376004
2016-11-02 00:00:00,910.4818942164455
2016-11-03 00:00:00,909.773607047427
2016-11-04 00:00:00,909.0672907219957
2016-11-06 00:00:00,907.6610994332037
2016-11-07 00:00:00,906.961484372184
2016-11-08 00:00:00,906.2643593794409
2016-11-09 00:00:00,905.5698484945427
2016-11-10 00:00:00,904.8780726980226
2016-11-11 00:00:00,904.1891495516136
2016-11-13 00:00:00,902.8203137790002
2016-11-14 00:00:00,902.1406199122389
2016-11-15 00:00:00,901.4642184782938
2016-11-16 00:00:00,900.7912172446215
2016-11-17 00:00:00,900.1217263957445
2016-11-18 00:00:00,899.4558596631708
2016-11-20 00:00:00,898.135472634924
2016-11-21 00:00:00,897.4811975848525
2016-11-22 00:00:00,896.8310355913874
2016-11-23 00:00:00,896.1851139893301
2016-11-24 00:00:00,895.5435607883978
2016-11-25 00:00:00,894.9065042253719
2016-11-27 00:00:00,893.6463931295242
2016-11-28 00:00:00,893.0235934176545
2016-11-29 00:00:00,892.4057994586811
2016-11-30 00:00:00,891.7931362163635
2016-12-01 00:00:00,891.1857271488111
2016-12-02 00:00:00,890.5836939027981
2016-12-04 00:00:00,889.3962305995328
2016-12-05 00:00:00,888.8110321155715
2016-12-06 00:00:00,888.231672052044
2016-12-07 00:00:00,887.658258688716
2016-12-08 00:00:00,887.0908968511159
2016-12-09 00:00:00,886.5296877505901
2016-12-11 00:00:00,885.4261149358979
2016-12-12 00:00:00,884.8839374365563
2016-12-13 00:00:00,884.3482871852491
2016-12-14 00:00:00,883.8192553210575
2016-12-15 00:00:00,883.2969350588437
2016-12-16 00:00:00,882.7814228581311
2016-12-18 00:00:00,881.7712265613347
2016-12-19 00:00:00,881.2767520644202
2016-12-20 00:00:00,880.78950306779
2016-12-21 00:00:00,880.3095879963997
2016-12-22 00:00:00,879.8371152946387
2016-12-23 00:00:00,879.3721929272725
2016-12-26 00:00:00,878.0237936704837
2016-12-27 00:00:00,877.5281533427903
2016-12-28 00:00:00,876.8664656642455
2016-12-29 00:00:00,876.2194571839425
2016-12-30 00:00:00,875.5872902955651
2017-01-02 00:00:00,873.7813796579702
2017-01-03 00:00:00,873.210087632216
2017-01-04 00:00:00,872.6543577616679
2017-01-05 00:00:00,872.1143135966823
2017-01-06 00:00:00,871.590071138374
2017-01-08 00:00:00,870.5894252350471
2017-01-09 00:00:00,870.1132267827775
2017-01-10 00:00:00,869.6532435978907
2017-01-11 00:00:00,869.2095749278469
2017-01-12 00:00:00,868.7823227099485
2017-01-13 00:00:00,868.37159309306
2017-01-15 00:00:00,867.6001489449523
2017-01-16 00:00:00,867.2396665530537
2017-01-17 00:00:00,866.8961676723025
2017-01-18 00:00:00,866.5697690969587
2017-01-19 00:00:00,866.2605850076926
2017-01-20 00:00:00,865.968725914193
2017-01-22 00:00:00,865.4374022838682
2017-01-23 00:00:00,865.1981348800246
2017-01-24 00:00:00,864.9765858936215
2017-01-25 00:00:00,864.7728392212853
2017-01-26 00:00:00,864.586971798143
2017-01-27 00:00:00,864.4190527583289
2017-01-29 00:00:00,864.1372916974962
2017-01-30 00:00:00,864.0235405931571
2017-01-31 00:00:00,863.927918404678
2017-02-01 00:00:00,863.8504432829404
2017-02-02 00:00:00,863.7911226836237
2017-02-03 00:00:00,863.749954198364
2017-02-05 00:00:00,863.7220222080183
2017-02-06 00:00:00,863.735216901155
2017-02-07 00:00:00,863.7664836292394
2017-02-08 00:00:00,863.8157932913645
2017-02-09 00:00:00,863.8831163275568
2017-02-10 00:00:00,863.9684235661778
2017-02-12 00:00:00,864.1928754934704
2017-02-13 00:00:00,864.3319604396102
2017-02-14 00:00:00,864.4889069110238
2017-02-15 00:00:00,864.6636754089493
2017-02-16 00:00:00,864.8562196058696
2017-02-17 00:00:00,865.0664851536283
2017-02-19 00:00:00,865.5399180231027
2017-02-20 00:00:00,865.8029301826426
2017-02-21 00:00:00,866.083352534126
2017-02-22 00:00:00,866.3810815332924
2017-02-23 00:00:00,866.6960022350379
2017-02-24 00:00:00,867.0279874582958
2017-02-26 00:00:00,867.7425755681074
2017-02-27 00:00:00,868.1248539837593
2017-02-28 00:00:00,868.5235466880888
2017-03-01 00:00:00,868.9384530349299
2017-03-02 00:00:00,869.3693581447587
2017-03-03 00:00:00,869.8135155584373
2017-03-05 00:00:00,870.2531176302186
2017-03-06 00:00:00,870.4864435875239
2017-03-07 00:00:00,870.7286177080794
2017-03-08 00:00:00,870.9795116815426
2017-03-09 00:00:00,871.2389962711597
2017-03-10 00:00:00,871.506941510757
2017-03-12 00:00:00,872.0676895706232
2017-03-13 00:00:00,872.36022661451
2017-03-14 00:00:00,872.6606914378057
2017-03-15 00:00:00,872.968944471958
2017-03-16 00:00:00,873.2848422070547
2017-03-17 00:00:00,873.6082366571989
2017-03-19 00:00:00,874.2768993064997
2017-03-20 00:00:00,874.6218465108828
2017-03-21 00:00:00,874.9736482420769
2017-03-22 00:00:00,875.3321307762292
2017-03-23 00:00:00,875.6971148651963
2017-03-24 00:00:00,876.0684154686552
2017-03-26 00:00:00,876.8291947636102
2017-03-27 01:00:00,877.2345627258046
2017-03-28 01:00:00,877.6293770585804
2017-03-29 01:00:00,878.0294741479971
2017-03-30 01:00:00,878.4346291907711
2017-03-31 01:00:00,878.8446131395248
2017-04-02 01:00:00,879.6781417180615
2017-04-03 01:00:00,880.1012236970047
2017-04-04 01:00:00,880.528211830321
2017-04-05 01:00:00,880.9588799967984
2017-04-06 01:00:00,881.3930047576744
2017-04-07 01:00:00,881.8303651822174
2017-04-09 01:00:00,882.7139197132028
2017-04-10 01:00:00,883.1596810197073
2017-04-11 01:00:00,883.6078114063816
2017-04-12 01:00:00,884.0580961186803
2017-04-13 01:00:00,884.5103202432647
2017-04-16 01:00:00,885.8764711348889
2017-04-17 01:00:00,886.3342907888311
2017-04-18 01:00:00,886.7929643828038
2017-04-19 01:00:00,887.2522720133958
2017-04-20 01:00:00,887.7119927122857
2017-04-21 01:00:00,888.1719042797629
2017-04-23 01:00:00,889.0914034077366
2017-04-24 01:00:00,889.5505378209218
2017-04-25 01:00:00,890.0089564791359
2017-04-26 01:00:00,890.466427871058
2017-04-27 01:00:00,890.9227198374152
2017-04-28 01:00:00,891.377601316015
2017-04-30 01:00:00,892.2822267432699
2017-05-01 01:00:00,892.7315322937596
2017-05-02 01:00:00,893.1785527215635
2017-05-03 01:00:00,893.6230870135213
2017-05-04 01:00:00,894.0649410360331
2017-05-05 01:00:00,894.5039268077041
2017-05-07 01:00:00,895.3725679859731
2017-05-08 01:00:00,895.8018717739935
2017-05-09 01:00:00,896.2276029596726
2017-05-10 01:00:00,896.6495945309923
2017-05-11 01:00:00,897.0676822044695
2017-05-12 01:00:00,897.481704058288
2017-05-14 01:00:00,898.2969125700704
2017-05-15 01:00:00,898.6977845816136
2017-05-16 01:00:00,899.0939610735073
2017-05-17 01:00:00,899.4852880625963
2017-05-18 01:00:00,899.871612560142
2017-05-19 01:00:00,900.2527823312892
2017-05-21 01:00:00,900.9990507360153
2017-05-22 01:00:00,901.3638459844758
2017-05-23 01:00:00,901.7228794201358
2017-05-24 01:00:00,902.075999302659
2017-05-25 01:00:00,902.4230550331117
2017-05-26 01:00:00,902.7638987462706
2017-05-28 01:00:00,903.4263841813683
2017-05-29 01:00:00,903.7477607969645
2017-05-30 01:00:00,904.0623968664665
2017-05-31 01:00:00,904.3701799813014
2017-06-01 01:00:00,904.6710046483373
2017-06-02 01:00:00,904.9647711745914
2017-06-04 01:00:00,905.5307540515556
2017-06-05 01:00:00,905.8027917285087
2017-06-06 01:00:00,906.0674127965071
2017-06-07 01:00:00,906.3245348106791
2017-06-08 01:00:00,906.5740774165487
2017-06-09 01:00:00,906.8159620355016
2017-06-11 01:00:00,907.276450065894
2017-06-12 01:00:00,907.4949025322329
2017-06-13 01:00:00,907.7053945991966
2017-06-14 01:00:00,907.907852340588
2017-06-15 01:00:00,908.1022020591588
2017-06-16 01:00:00,908.288370092462
2017-06-18 01:00:00,908.6358655597787
2017-06-19 01:00:00,908.7970444095597
2017-06-20 01:00:00,908.9497444742816
2017-06-21 01:00:00,909.0938912844226
2017-06-22 01:00:00,909.2294115419883
2017-06-23 01:00:00,909.3562345567822
2017-06-25 01:00:00,909.5835296588409
2017-06-26 01:00:00,909.6838884871595
2017-06-27 01:00:00,909.775325024893
2017-06-28 01:00:00,909.8578008180771
2017-06-29 01:00:00,909.9312833641898
2017-06-30 01:00:00,909.995744886294
2017-07-02 01:00:00,910.0975110320562
2017-07-03 01:00:00,910.1347751084463
2017-07-04 01:00:00,910.1629360950509
2017-07-05 01:00:00,910.1819781688623
2017-07-06 01:00:00,910.191886838548
2017-07-07 01:00:00,910.1926487383893
2017-07-09 01:00:00,910.16668301356
2017-07-10 01:00:00,910.139932136498
2017-07-11 01:00:00,910.1039874566598
2017-07-12 01:00:00,910.0588375470572
2017-07-13 01:00:00,910.0044706862153
2017-07-14 01:00:00,909.9408747434085
2017-07-16 01:00:00,909.7859449365626
2017-07-17 01:00:00,909.6945849834541
2017-07-18 01:00:00,909.593944345724
2017-07-19 01:00:00,909.4840109158081
2017-07-20 01:00:00,909.3647743662713
2017-07-21 01:00:00,909.2362274061413
2017-07-23 01:00:00,908.9511967755952
2017-07-24 01:00:00,908.7947257828312
2017-07-25 01:00:00,908.6289708434433
2017-07-26 01:00:00,908.4539549714373
2017-07-27 01:00:00,908.2697065704446
2017-07-28 01:00:00,908.0762582334991
2017-07-30 01:00:00,907.661906709579
2017-07-31 01:00:00,907.4410810165048
2017-08-01 01:00:00,907.2112094478902
2017-08-02 01:00:00,906.9723339866673
2017-08-03 01:00:00,906.7244975635842
2017-08-04 01:00:00,906.4677439091246
2017-08-06 01:00:00,905.9276626666662
2017-08-07 01:00:00,905.6444246136527
2017-08-08 01:00:00,905.3524478060658
2017-08-09 01:00:00,905.051776338914
2017-08-10 01:00:00,904.7424535984239
2017-08-11 01:00:00,904.4245221824551
2017-08-13 01:00:00,903.7630004556113
2017-08-14 01:00:00,903.419493069216
2017-08-15 01:00:00,903.0675439422888
2017-08-16 01:00:00,902.7071966425334
2017-08-17 01:00:00,902.3384971390312
2017-08-18 01:00:00,901.9614948504257
2017-08-20 01:00:00,901.1828029471594
2017-08-21 01:00:00,900.7812378026905
2017-08-22 01:00:00,900.3716193560349
2017-08-23 01:00:00,899.9540241218801
2017-08-24 01:00:00,899.5285331353035
2017-08-25 01:00:00,899.0952308801051
2017-08-27 01:00:00,898.2055418113622
2017-08-28 01:00:00,897.7493330481947
2017-08-29 01:00:00,897.2856681792136
2017-08-30 01:00:00,896.8146378638868
2017-08-31 01:00:00,896.3363330889642
2017-09-01 01:00:00,895.8508450498956
2017-09-03 01:00:00,894.8586839843286
2017-09-04 01:00:00,894.3521926190538
2017-09-05 01:00:00,893.8388806612503
2017-09-06 01:00:00,893.3188367032578
2017-09-07 01:00:00,892.7921479021795
2017-09-08 01:00:00,892.2588998964939
2017-09-10 01:00:00,891.1730625574739
2017-09-11 01:00:00,890.6206398844915
2017-09-12 01:00:00,890.0619929646637
2017-09-13 01:00:00,889.4972075428943
2017-09-14 01:00:00,888.9263720639667
2017-09-15 01:00:00,888.3495785174333
2017-09-17 01:00:00,887.1785066480023
2017-09-18 01:00:00,886.5844347331386
2017-09-19 01:00:00,885.9848174851281
2017-09-20 01:00:00,885.3797690556784
2017-09-21 01:00:00,884.7694068616273
2017-09-22 01:00:00,884.1538507024864
2017-09-24 01:00:00,882.907642564139
2017-09-25 01:00:00,882.2772350381205
2017-09-26 01:00:00,881.6421215355323
2017-09-27 01:00:00,881.0024239166102
2017-09-28 01:00:00,880.3582635552189
2017-09-29 01:00:00,879.2645571641557
2017-10-01 01:00:00,876.9646090638666
2017-10-02 01:00:00,875.8059707661091
2017-10-03 01:00:00,874.6418078487707
2017-10-04 01:00:00,873.4723048096259
2017-10-05 01:00:00,872.2976422376255
2017-10-06 01:00:00,871.1179967124931
2017-10-08 01:00:00,868.7444465637852
2017-10-09 01:00:00,867.5508826127304
2017-10-10 01:00:00,866.3530208969769
2017-10-11 01:00:00,865.1510363766295
2017-10-12 01:00:00,863.9451091148438
2017-10-13 01:00:00,862.7354253089476
2017-10-15 01:00:00,860.3055655192825
2017-10-16 01:00:00,859.0857938801815
2017-10-17 01:00:00,857.8630730759652
2017-10-18 01:00:00,856.6376175130591
2017-10-19 01:00:00,855.4096445804032
2017-10-20 01:00:00,854.1793734614816
2017-10-22 01:00:00,851.7128157375023
2017-10-23 01:00:00,850.4769670848798
2017-10-24 01:00:00,849.2396948129992
2017-10-25 01:00:00,848.0012136658029
2017-10-26 01:00:00,846.7617361372038
2017-10-27 01:00:00,845.5214723094861
2017-10-29 01:00:00,843.0394128252824
2017-10-30 00:00:00,841.849799459669
2017-10-31 00:00:00,840.6084327838907
2017-11-01 00:00:00,839.3672760561237
2017-11-02 00:00:00,838.1265177481862
2017-11-03 00:00:00,836.8863411982672
2017-11-05 00:00:00,834.4084440350871
2017-11-06 00:00:00,833.171071819747
2017-11-07 00:00:00,831.934982724426
2017-11-08 00:00:00,830.7003546135494
2017-11-09 00:00:00,829.4673706556201
2017-11-10 00:00:00,828.2362202066246
2017-11-12 00:00:00,825.7802073441462
2017-11-13 00:00:00,824.5557513178078
2017-11-14 00:00:00,823.3339394193403
2017-11-15 00:00:00,822.114982590303
2017-11-16 00:00:00,820.8990929857072
2017-11-17 00:00:00,819.6864830547654
2017-11-19 00:00:00,817.2719485675791
2017-11-20 00:00:00,816.070443343692
2017-11-21 00:00:00,814.873055305805
2017-11-22 00:00:00,813.6799878980884
2017-11-23 00:00:00,812.4914414553346
2017-11-24 00:00:00,811.3076129926247
2017-11-26 00:00:00,808.9548803061743
2017-11-27 00:00:00,807.7863516059183
2017-11-28 00:00:00,806.6232912241528
2017-11-29 00:00:00,805.4658755444856
2017-11-30 00:00:00,804.3142755564044
2017-12-01 00:00:00,803.1686566109205
2017-12-03 00:00:00,800.8959974765348
2017-12-04 00:00:00,799.7692664401154
2017-12-05 00:00:00,798.6491395818011
2017-12-06 00:00:00,797.5357743347939
2017-12-07 00:00:00,796.4293337552518
2017-12-08 00:00:00,795.3299875016053
2017-12-10 00:00:00,793.1532870770203
2017-12-11 00:00:00,792.0762989110063
2017-12-12 00:00:00,791.0071341174771
2017-12-13 00:00:00,789.9459807429637
2017-12-14 00:00:00,788.8930268613153
2017-12-15 00:00:00,787.8484598253597
2017-12-17 00:00:00,785.785228596304
2017-12-18 00:00:00,784.7669304958913
2017-12-19 00:00:00,783.75775052907
2017-12-20 00:00:00,782.7578647286099
2017-12-21 00:00:00,781.7674456646826
2017-12-22 00:00:00,780.7866621595092
2017-12-25 00:00:00,777.9037520079696
2017-12-26 00:00:00,776.9631156744136
2017-12-27 00:00:00,776.0328943351748
2017-12-28 00:00:00,775.113229071933
2017-12-29 00:00:00,774.2042555519547
2018-01-01 00:00:00,771.5427722016658
2018-01-02 00:00:00,770.6778399911467
2018-01-03 00:00:00,769.8242330753969
2018-01-04 00:00:00,768.9820853903162
2018-01-05 00:00:00,768.1515378290112
2018-01-07 00:00:00,766.5258389344403
2018-01-08 00:00:00,765.7309976305769
2018-01-09 00:00:00,764.9483726524859
2018-01-10 00:00:00,764.1781229441382
2018-01-11 00:00:00,763.4204067151354
2018-01-12 00:00:00,762.6753807295419
2018-01-14 00:00:00,761.2240165036828
2018-01-15 00:00:00,760.517980646261
2018-01-16 00:00:00,759.8252390781803
2018-01-17 00:00:00,759.1459352026162
2018-01-18 00:00:00,758.480208571928
2018-01-19 00:00:00,757.8281944732237
2018-01-21 00:00:00,756.5658214678582
2018-01-22 00:00:00,755.9557086712169
2018-01-23 00:00:00,755.3598001704181
2018-01-24 00:00:00,754.7782054261418
2018-01-25 00:00:00,754.2110283351456
2018-01-26 00:00:00,753.6583674082973
2018-01-28 00:00:00,752.5969647740675
2018-01-29 00:00:00,752.0884005377787
2018-01-30 00:00:00,751.5947114286777
2018-01-31 00:00:00,751.1159881107664
2018-02-01 00:00:00,750.6523263703143
2018-02-02 00:00:00,750.2038284207596
2018-02-04 00:00:00,749.3527631758956
2018-02-05 00:00:00,748.9504260334147
2018-02-06 00:00:00,748.5637088069107
2018-02-07 00:00:00,748.1927279419705
2018-02-08 00:00:00,747.8375976148628
2018-02-09 00:00:00,747.498428876375
2018-02-11 00:00:00,746.868401682294
2018-02-12 00:00:00,746.5777455717089
2018-02-13 00:00:00,746.3034550421748
2018-02-14 00:00:00,746.0456191678129
2018-02-15 00:00:00,745.804321293613
2018-02-16 00:00:00,745.5796384333564
2018-02-18 00:00:00,745.1803906018279
2018-02-19 00:00:00,745.005943001793
2018-02-20 00:00:00,744.8483445864576
2018-02-21 00:00:00,744.7076340913175
2018-02-22 00:00:00,744.5838425768981
2018-02-23 00:00:00,744.4769940201987
2018-02-25 00:00:00,744.3141920900048
2018-02-26 00:00:00,744.2582612796738
2018-02-27 00:00:00,744.2193221837812
2018-02-28 00:00:00,744.1973839709132
2018-03-01 00:00:00,744.1924583060465
2018-03-02 00:00:00,744.2045602749008
2018-03-04 00:00:00,744.2799223372334
2018-03-05 00:00:00,744.3432228796925
2018-03-06 00:00:00,744.4236276643774
2018-03-07 00:00:00,744.5211501528831
2018-03-08 00:00:00,744.635797855569
2018-03-09 00:00:00,744.7675712548372
2018-03-11 00:00:00,745.0824580693596
2018-03-12 00:00:00,745.265532201847
2018-03-13 00:00:00,745.4656527329805
2018-03-14 00:00:00,745.6827775069687
2018-03-15 00:00:00,745.9168543863481
2018-03-16 00:00:00,746.167820522687
2018-03-18 00:00:00,746.7201110412162
2018-03-19 00:00:00,747.021249706357
2018-03-20 00:00:00,747.3389056027746
2018-03-21 00:00:00,747.6729543379156
2018-03-22 00:00:00,748.0232599597948
2018-03-23 00:00:00,748.3896762552022
2018-03-25 00:00:00,749.170214585583
2018-03-26 01:00:00,749.6014244554169
2018-03-27 01:00:00,750.0313192742565
2018-03-28 01:00:00,750.4764925531595
2018-03-29 01:00:00,750.936771599196
2018-04-01 01:00:00,752.4065041783573
2018-04-02 01:00:00,752.925456005554
2018-04-03 01:00:00,753.4586213082528
2018-04-04 01:00:00,754.0058049397223
2018-04-05 01:00:00,754.5668022529463
2018-04-06 01:00:00,755.1413981004023
2018-04-08 01:00:00,756.3304690487525
2018-04-09 01:00:00,756.9444573258887
2018-04-10 01:00:00,757.5710701856777
2018-04-11 01:00:00,758.2100348161066
2018-04-12 01:00:00,758.8610661255136
2018-04-13 01:00:00,759.5238662491131
2018-04-15 01:00:00,760.883514303212
2018-04-16 01:00:00,761.5796981382617
2018-04-17 01:00:00,762.2863227319011
2018-04-18 01:00:00,763.0030227032654
2018-04-19 01:00:00,763.7294219051234
2018-04-20 01:00:00,764.4651359006131
2018-04-22 01:00:00,765.9629454807636
2018-04-23 01:00:00,766.7242546129902
2018-04-24 01:00:00,767.4933093920274
2018-04-25 01:00:00,768.2697188517643
2018-04-26 01:00:00,769.0530940532018
2018-04-27 01:00:00,769.8430477917283
2018-04-29 01:00:00,771.4411457800678
2018-04-30 01:00:00,772.2485157265567
2018-05-01 01:00:00,773.0609128722261
2018-05-02 01:00:00,773.8779422884575
2018-05-03 01:00:00,774.699203976893
2018-05-04 01:00:00,775.5242922783273
2018-05-06 01:00:00,777.1842965777696
2018-05-07 01:00:00,778.018371960755
2018-05-08 01:00:00,778.854593120641
2018-05-09 01:00:00,779.6925260662929
2018-05-10 01:00:00,780.5317315163516
2018-05-11 01:00:00,781.3717647985394
2018-05-13 01:00:00,783.0525081055662
2018-05-14 01:00:00,783.8923005706037
2018-05-15 01:00:00,784.7310866225455
2018-05-16 01:00:00,785.5683965956555
2018-05-17 01:00:00,786.4037601890932
2018-05-18 01:00:00,787.2367098146242
2018-05-20 01:00:00,788.8935311377892
2018-05-21 01:00:00,789.7165101406757
2018-05-22 01:00:00,790.5352927125755
2018-05-23 01:00:00,791.3494625288251
2018-05-24 01:00:00,792.158614577349
2018-05-25 01:00:00,792.9623540080834
2018-05-27 01:00:00,794.5520587771008
2018-05-28 01:00:00,795.3372738339231
2018-05-29 01:00:00,796.1155734258986
2018-05-30 01:00:00,796.8865953550635
2018-05-31 01:00:00,797.6499810971251
2018-06-01 01:00:00,798.4053752925076
2018-06-03 01:00:00,799.890781874144
2018-06-04 01:00:00,800.6200976188734
2018-06-05 01:00:00,801.3400286157439
2018-06-06 01:00:00,802.0502336783209
2018-06-07 01:00:00,802.7503744568239
2018-06-08 01:00:00,803.4401152775829
2018-06-10 01:00:00,804.787066321819
2018-06-11 01:00:00,805.4436168151979
2018-06-12 01:00:00,806.088448547384
2018-06-13 01:00:00,806.7212400544589
2018-06-14 01:00:00,807.3416767453939
2018-06-15 01:00:00,807.9494542079005
2018-06-17 01:00:00,809.1258847664974
2018-06-18 01:00:00,809.6940068427602
2018-06-19 01:00:00,810.248408792649
2018-06-20 01:00:00,810.7888676373562
2018-06-21 01:00:00,811.315174527381
2018-06-22 01:00:00,811.8271326666185
2018-06-24 01:00:00,812.807265010035
2018-06-25 01:00:00,813.2750908713118
2018-06-26 01:00:00,813.7278691036324
2018-06-27 01:00:00,814.1654414492764
2018-06-28 01:00:00,814.5876546661041
2018-06-29 01:00:00,814.9943599750914
2018-07-01 01:00:00,815.7606715724035
2018-07-02 01:00:00,816.1199992451643
2018-07-03 01:00:00,816.4632613836009
2018-07-04 01:00:00,816.7903268922814
2018-07-05 01:00:00,817.1010676810322
2018-07-06 01:00:00,817.3953584705491
2018-07-08 01:00:00,817.934101806896
2018-07-09 01:00:00,818.1783164805645
2018-07-10 01:00:00,818.4056060719721
2018-07-11 01:00:00,818.6158604884948
2018-07-12 01:00:00,818.8089762929841
2018-07-13 01:00:00,818.9848596668876
2018-07-15 01:00:00,819.2846200063914
2018-07-16 01:00:00,819.4083812625245
2018-07-17 01:00:00,819.5146788501166
2018-07-18 01:00:00,819.6034916121263
2018-07-19 01:00:00,819.6748091023308
2018-07-20 01:00:00,819.728629109103
2018-07-22 01:00:00,819.7837975645459
2018-07-23 01:00:00,819.7851674503906
2018-07-24 01:00:00,819.7690810594395
2018-07-25 01:00:00,819.7355567547897
2018-07-26 01:00:00,819.6846150985871
2018-07-27 01:00:00,819.6162784726207
2018-07-29 01:00:00,819.4275168809196
2018-07-30 01:00:00,819.3071428500675
2018-07-31 01:00:00,819.1694752789692
2018-08-01 01:00:00,819.0145414110225
2018-08-02 01:00:00,818.8423690269296
2018-08-03 01:00:00,818.6529864336864
2018-08-05 01:00:00,818.2227069027433
2018-08-06 01:00:00,817.9818703493931
2018-08-07 01:00:00,817.7239454968918
2018-08-08 01:00:00,817.44896818031
2018-08-09 01:00:00,817.1569793942015
2018-08-10 01:00:00,816.8480278061804
2018-08-12 01:00:00,816.1794844300946
2018-08-13 01:00:00,815.8200483238207
2018-08-14 01:00:00,815.443960690841
2018-08-15 01:00:00,815.0513283008014
2018-08-16 01:00:00,814.6422653987138
2018-08-17 01:00:00,814.2168911720584
2018-08-19 01:00:00,813.3176990415202
2018-08-20 01:00:00,812.8441296626045
2018-08-21 01:00:00,812.3547448241841
2018-08-22 01:00:00,811.8496699457866
2018-08-23 01:00:00,811.329030503319
2018-08-24 01:00:00,810.7929518334653
2018-08-26 01:00:00,809.6749760259063
2018-08-27 01:00:00,809.0933266550437
2018-08-28 01:00:00,808.4967331401009
2018-08-29 01:00:00,807.885316647956
2018-08-30 01:00:00,807.2591971852805
2018-08-31 01:00:00,806.6184937728563
2018-09-02 01:00:00,805.2938084198638
2018-09-03 01:00:00,804.6100635009309
2018-09-04 01:00:00,803.912210393866
2018-09-05 01:00:00,803.200372385511
2018-09-06 01:00:00,802.4746773790132
2018-09-07 01:00:00,801.7352598588027
2018-09-09 01:00:00,800.2158392607032
2018-09-10 01:00:00,799.4361525328773
2018-09-11 01:00:00,798.6433756620318
2018-09-12 01:00:00,797.8376894326786
2018-09-13 01:00:00,797.0192799703304
2018-09-14 01:00:00,796.1883363601223
2018-09-16 01:00:00,794.4896071070625
2018-09-17 01:00:00,793.6222004983956
2018-09-18 01:00:00,792.7430168237511
2018-09-19 01:00:00,791.8522427006754
2018-09-20 01:00:00,790.9500634284964
2018-09-21 01:00:00,790.0366629047497
2018-09-23 01:00:00,788.1769256544585
2018-09-24 01:00:00,787.2309479182412
2018-09-25 01:00:00,786.2744663741478
2018-09-26 01:00:00,785.3076546445302
2018-09-27 01:00:00,784.3306839024577
2018-09-28 01:00:00,783.3437231616697
2018-09-30 01:00:00,781.3405006713417
2018-10-01 01:00:00,780.3245726553725
2018-10-02 01:00:00,779.2993244499495
2018-10-03 01:00:00,778.2649276983152
2018-10-04 01:00:00,777.2215584948192
2018-10-05 01:00:00,776.1693987954598
2018-10-07 01:00:00,774.0394717019194
2018-10-08 01:00:00,772.9621056766664
2018-10-09 01:00:00,771.8767511134968
2018-10-10 01:00:00,770.783625040418
2018-10-11 01:00:00,769.682947926522
2018-10-12 01:00:00,768.5749416477653
2018-10-14 01:00:00,766.3378263746168
2018-10-15 01:00:00,765.209155308402
2018-10-16 01:00:00,764.0740299400456
2018-10-17 01:00:00,762.9326630611524
2018-10-18 01:00:00,761.7852649046126
2018-10-19 01:00:00,760.6320431313055
2018-10-21 01:00:00,758.3089457877813
2018-10-22 01:00:00,757.139471220023
2018-10-23 01:00:00,755.9649744116365
2018-10-24 01:00:00,754.7856469949672
2018-10-25 01:00:00,753.6016768209527
2018-10-26 01:00:00,752.4132482836524
2018-10-28 01:00:00,750.0237413444421
2018-10-29 00:00:00,748.8731089444207
2018-10-30 00:00:00,747.6688113944689
2018-10-31 00:00:00,746.4609559912476
2018-11-01 00:00:00,745.2497315541777
2018-11-02 00:00:00,744.0353321038027
2018-11-04 00:00:00,741.5978128147383
2018-11-05 00:00:00,740.3751092665755
2018-11-06 00:00:00,739.1500619562997
2018-11-07 00:00:00,737.9228892555109
2018-11-08 00:00:00,736.693811121409
2018-11-09 00:00:00,735.463047521674
2018-11-11 00:00:00,732.9973357460996
2018-11-12 00:00:00,731.7628166195589
2018-11-13 00:00:00,730.5274690756692
2018-11-14 00:00:00,729.2914989131475
2018-11-15 00:00:00,728.0551083054482
2018-11-16 00:00:00,726.8184958252723
2018-11-18 00:00:00,724.3453811734887
2018-11-19 00:00:00,723.1092572191897
2018-11-20 00:00:00,721.8736672239509
2018-11-21 00:00:00,720.6387891636662
2018-11-22 00:00:00,719.4047961732886
2018-11-23 00:00:00,718.1718567814914
2018-11-25 00:00:00,715.7097951840727
2018-11-26 00:00:00,714.4809969488465
2018-11-27 00:00:00,713.2539041483352
2018-11-28 00:00:00,712.0286832000924
2018-11-29 00:00:00,710.8055050262149
2018-11-30 00:00:00,709.5845456086154
2018-12-02 00:00:00,707.1500112615572
2018-12-03 00:00:00,705.9368105522019
2018-12-04 00:00:00,704.7265750793779
2018-12-05 00:00:00,703.5194974255778
2018-12-06 00:00:00,702.3157702657821
2018-12-07 00:00:00,701.1155852291768
2018-12-09 00:00:00,698.7265968958743
2018-12-10 00:00:00,697.5381634552012
2018-12-11 00:00:00,696.3540108856214
2018-12-12 00:00:00,695.1743144924251
2018-12-13 00:00:00,693.9992455213035
2018-12-14 00:00:00,692.8289711763538
2018-12-16 00:00:00,690.5034548758488
2018-12-17 00:00:00,689.3485266918902
2018-12-18 00:00:00,688.199020219914
2018-12-19 00:00:00,687.0550807417278
2018-12-20 00:00:00,685.9168484728809
2018-12-21 00:00:00,684.7844586892702
2018-12-23 00:00:00,682.537727852
2018-12-24 00:00:00,681.4236424591584
2018-12-25 00:00:00,680.3159154310338
2018-12-26 00:00:00,679.2146799074659
2018-12-27 00:00:00,678.1200744156075
2018-12-28 00:00:00,677.032243277035
2018-12-30 00:00:00,674.8775065344914
2018-12-31 00:00:00,673.8109111885306
2019-01-01 00:00:00,672.7517080705904
2019-01-02 00:00:00,671.7000555790128
2019-01-03 00:00:00,670.6561115125118
2019-01-04 00:00:00,669.6200321754285
2019-01-06 00:00:00,667.5720819029407
2019-01-07 00:00:00,666.5605108301096
2019-01-08 00:00:00,665.5574035169402
2019-01-09 00:00:00,664.5629011865101
2019-01-10 00:00:00,663.5771412574978
2019-01-11 00:00:00,662.6002573008924
2019-01-13 00:00:00,660.673631935562
2019-01-14 00:00:00,659.7241383717758
2019-01-15 00:00:00,658.7840156885447
2019-01-16 00:00:00,657.8533771076984
2019-01-17 00:00:00,656.9323313144104
2019-01-18 00:00:00,656.0209825423515
2019-01-20 00:00:00,654.2277748343297
2019-01-21 00:00:00,653.3461108174164
2019-01-22 00:00:00,652.4745383587176
2019-01-23 00:00:00,651.6131614051925
2019-01-24 00:00:00,650.7620903854192
2019-01-25 00:00:00,649.9214427432104
2019-01-27 00:00:00,648.2719171923462
2019-01-28 00:00:00,647.4632990741587
2019-01-29 00:00:00,646.6656204624528
2019-01-30 00:00:00,645.8790139636969
2019-01-31 00:00:00,645.1036112482781
2019-02-01 00:00:00,644.3395424045789
2019-02-03 00:00:00,642.8459160285188
2019-02-04 00:00:00,642.1166069211271
2019-02-05 00:00:00,641.3991279078473
2019-02-06 00:00:00,640.6935954285075
2019-02-07 00:00:00,640.0001223894341
2019-02-08 00:00:00,639.3188180042113
2019-02-10 00:00:00,637.993132955341
2019-02-11 00:00:00,637.3489513817105
2019-02-12 00:00:00,636.717336480886
2019-02-13 00:00:00,636.0983776459326
2019-02-14 00:00:00,635.4921601332215
2019-02-15 00:00:00,634.8987652400128
2019-02-17 00:00:00,633.7507526296224
2019-02-18 00:00:00,633.1962857963797
2019-02-19 00:00:00,632.6549476986099
2019-02-20 00:00:00,632.1268203893065
2019-02-21 00:00:00,631.611992667148
2019-02-22 00:00:00,631.1105608490988
2019-02-24 00:00:00,630.1483025655099
2019-02-25 00:00:00,629.6876953049867
2019-02-26 00:00:00,629.2409180720673
2019-02-27 00:00:00,628.8080818038227
2019-02-28 00:00:00,628.3892955379677
2019-03-01 00:00:00,627.9846657520361
2019-03-03 00:00:00,627.218286399081
2019-03-04 00:00:00,626.8567338104277
2019-03-05 00:00:00,626.5097311024983
2019-03-06 00:00:00,626.1773670536522
2019-03-07 00:00:00,625.8597259663943
2019-03-08 00:00:00,625.5568873415059
2019-03-10 00:00:00,624.995909848174
2019-03-11 00:00:00,624.737903800032
2019-03-12 00:00:00,624.4949656933621
2019-03-13 00:00:00,624.2671483810747
2019-03-14 00:00:00,624.0544995289458
2019-03-15 00:00:00,623.8570620238648
2019-03-17 00:00:00,623.507973509481
2019-03-18 00:00:00,623.3563932333432
2019-03-19 00:00:00,623.2201696282153
2019-03-20 00:00:00,623.0993417034051
2019-03-21 00:00:00,622.9939535357329
2019-03-22 00:00:00,622.904055018744
2019-03-24 00:00:00,622.7709505891903
2019-03-25 00:00:00,622.7278624087397
2019-03-26 00:00:00,622.7004944501654
2019-03-27 00:00:00,622.6889009641081
2019-03-28 00:00:00,622.6931313314332
2019-03-29 00:00:00,622.713229232652
2019-03-31 00:00:00,622.8011711600107
2019-04-01 01:00:00,622.8720373001718
2019-04-02 01:00:00,622.9565820757908
2019-04-03 01:00:00,623.0571144526331
2019-04-04 01:00:00,623.1736359236136
2019-04-05 01:00:00,623.3061395294853
2019-04-07 01:00:00,623.6190202881543
2019-04-08 01:00:00,623.7993375693643
2019-04-09 01:00:00,623.9955170952434
2019-04-10 01:00:00,624.2075055957445
2019-04-11 01:00:00,624.4352412421459
2019-04-12 01:00:00,624.6786545055622
2019-04-14 01:00:00,625.2122044108773
2019-04-15 01:00:00,625.5021751836949
2019-04-16 01:00:00,625.8074953440627
2019-04-17 01:00:00,626.1280786947009
2019-04-18 01:00:00,626.4638403038099
2019-04-21 01:00:00,627.561362456707
2019-04-22 01:00:00,627.957000348213
2019-04-23 01:00:00,628.3673855677716
2019-04-24 01:00:00,628.7924163615353
2019-04-25 01:00:00,629.2319812832575
2019-04-26 01:00:00,629.6859582815742
2019-04-28 01:00:00,630.6366046060668
2019-04-29 01:00:00,631.1329734865238
2019-04-30 01:00:00,631.643153195588
2019-05-01 01:00:00,632.1669640926308
2019-05-02 01:00:00,632.704214157963
2019-05-03 01:00:00,633.2546985270506
2019-05-05 01:00:00,634.3944839221194
2019-05-06 01:00:00,634.9833077807488
2019-05-07 01:00:00,635.5844119808995
2019-05-08 01:00:00,636.1975255417891
2019-05-09 01:00:00,636.8223664988279
2019-05-10 01:00:00,637.458643648207
2019-05-12 01:00:00,638.7643073109207
2019-05-13 01:00:00,639.4330828924019
2019-05-14 01:00:00,640.1120762576436
2019-05-15 01:00:00,640.8009777269104
2019-05-16 01:00:00,641.4994774573064
2019-05-17 01:00:00,642.2072652207758
2019-05-19 01:00:00,643.6494553547582
2019-05-20 01:00:00,644.383223373976
2019-05-21 01:00:00,645.1250067078673
2019-05-22 01:00:00,645.874469879541
2019-05-23 01:00:00,646.6312675436922
2019-05-24 01:00:00,647.3950438880925
2019-05-26 01:00:00,648.9420563832067
2019-05-27 01:00:00,649.7245284460175
2019-05-28 01:00:00,650.5124515220509
2019-05-29 01:00:00,651.3054186547607
2019-05-30 01:00:00,652.1030131276439
2019-05-31 01:00:00,652.9048084229801
2019-06-02 01:00:00,654.519246321461
2019-06-03 01:00:00,655.330987488593
2019-06-04 01:00:00,656.1451281162165
2019-06-05 01:00:00,656.9611981574838
2019-06-06 01:00:00,657.7787235121313
2019-06-07 01:00:00,658.5972288902873
2019-06-09 01:00:00,660.2352898080926
2019-06-10 01:00:00,661.0539130526886
2019-06-11 01:00:00,661.8716547444897
2019-06-12 01:00:00,662.688066817367
2019-06-13 01:00:00,663.5027085542326
2019-06-14 01:00:00,664.3151457557483
2019-06-16 01:00:00,665.9316948389646
2019-06-17 01:00:00,666.7349590157102
2019-06-18 01:00:00,667.5343203671291
2019-06-19 01:00:00,668.3293570920359
2019-06-20 01:00:00,669.119646578816
2019-06-21 01:00:00,669.9047651157216
2019-06-23 01:00:00,671.4577896172514
2019-06-24 01:00:00,672.2248443225185
2019-06-25 01:00:00,672.9850264118757
2019-06-26 01:00:00,673.7379106972508
2019-06-27 01:00:00,674.4830726877547
2019-06-28 01:00:00,675.220088703785
2019-06-30 01:00:00,676.6679927863165
2019-07-01 01:00:00,677.3780391575247
2019-07-02 01:00:00,678.0782578941719
2019-07-03 01:00:00,678.768236625061
2019-07-04 01:00:00,679.4475705643508
2019-07-05 01:00:00,680.1158657533122
2019-07-07 01:00:00,681.4178360296719
2019-07-08 01:00:00,682.050800940088
2019-07-09 01:00:00,682.6713077282955
2019-07-10 01:00:00,683.2790433830974
2019-07-11 01:00:00,683.8737094310808
2019-07-12 01:00:00,684.4550201461107
2019-07-14 01:00:00,685.5764861325305
2019-07-15 01:00:00,686.1161188987782
2019-07-16 01:00:00,686.6413488115658
2019-07-17 01:00:00,687.1519316030077
2019-07-18 01:00:00,687.6476283906225
2019-07-19 01:00:00,688.1282052950859
2019-07-21 01:00:00,689.0430881950306
2019-07-22 01:00:00,689.476950850059
2019-07-23 01:00:00,689.8948072063016
2019-07-24 01:00:00,690.2964484545325
2019-07-25 01:00:00,690.6816710410953
2019-07-26 01:00:00,691.0502766107267
2019-07-28 01:00:00,691.7368689150524
2019-07-29 01:00:00,692.054484985508
2019-07-30 01:00:00,692.3547439723924
2019-07-31 01:00:00,692.637477828145
2019-08-01 01:00:00,692.9025291478102
2019-08-02 01:00:00,693.149754184596
2019-08-04 01:00:00,693.5902346289088
2019-08-05 01:00:00,693.7832906308746
2019-08-06 01:00:00,693.9581205434395
2019-08-07 01:00:00,694.114666259745
2019-08-08 01:00:00,694.2528820992981
2019-08-09 01:00:00,694.3727323985547
2019-08-11 01:00:00,694.5572324897446
2019-08-12 01:00:00,694.6218456449765
2019-08-13 01:00:00,694.6680180725803
2019-08-14 01:00:00,694.6957428646532
2019-08-15 01:00:00,694.705016675364
2019-08-16 01:00:00,694.6958393801194
2019-08-18 01:00:00,694.6221458559928
2019-08-19 01:00:00,694.5576440021712
2019-08-20 01:00:00,694.4747197856855
2019-08-21 01:00:00,694.3733876160283
2019-08-22 01:00:00,694.2536648435279
2019-08-23 01:00:00,694.1155717671168
2019-08-25 01:00:00,693.784370902985
2019-08-26 01:00:00,693.5913193765587
2019-08-27 01:00:00,693.3800113159517
2019-08-28 01:00:00,693.1504868128136
2019-08-29 01:00:00,692.9027940190497
2019-08-30 01:00:00,692.6369918079835
2019-09-01 01:00:00,692.0513622969497
2019-09-02 01:00:00,691.7317234316183
2019-09-03 01:00:00,691.3943502921638
2019-09-04 01:00:00,691.0393677957595
2019-09-05 01:00:00,690.666908203832
2019-09-06 01:00:00,690.2771085660053
2019-09-08 01:00:00,689.4460507847
2019-09-09 01:00:00,689.0050770943761
2019-09-10 01:00:00,688.547331175695
2019-09-11 01:00:00,688.0729568194919
2019-09-12 01:00:00,687.5820980358287
2019-09-13 01:00:00,687.0748988958769
2019-09-15 01:00:00,686.0120553606379
2019-09-16 01:00:00,685.4566983992429
2019-09-17 01:00:00,684.885575933789
2019-09-18 01:00:00,684.298831288673
2019-09-19 01:00:00,683.696607840606
2019-09-20 01:00:00,683.0790492205924
2019-09-22 01:00:00,681.7985040072741
2019-09-23 01:00:00,681.1358090495593
2019-09-24 01:00:00,680.4583636904217
2019-09-25 01:00:00,679.766320667307
2019-09-26 01:00:00,679.0598383070258
2019-09-27 01:00:00,678.3390826593144
2019-09-29 01:00:00,676.8554655835679
2019-09-30 01:00:00,676.0929884834445
2019-10-01 01:00:00,675.317005046286
2019-10-02 01:00:00,674.527728724564
2019-10-03 01:00:00,673.7253766553547
2019-10-04 01:00:00,672.9101671406961
2019-10-06 01:00:00,671.2420450324635
2019-10-07 01:00:00,670.3895626685214
2019-10-08 01:00:00,669.5250827786268
2019-10-09 01:00:00,668.6488152398734
2019-10-10 01:00:00,667.7609678616012
2019-10-11 01:00:00,666.8617463767108
2019-10-13 01:00:00,665.0299932308296
2019-10-14 01:00:00,664.0978620078952
2019-10-15 01:00:00,663.1551574816976
2019-10-16 01:00:00,662.2020742289644
2019-10-17 01:00:00,661.2388048636808
2019-10-18 01:00:00,660.265540410848
2019-10-20 01:00:00,658.2897856241035
2019-10-21 01:00:00,657.2876747492617
2019-10-22 01:00:00,656.2763295276014
2019-10-23 01:00:00,655.2559439207246
2019-10-24 01:00:00,654.226715954489
2019-10-25 01:00:00,653.1888492406927
2019-10-27 01:00:00,651.0880493771649
2019-10-28 00:00:00,650.0698903760473
2019-10-29 00:00:00,648.9999703825611
2019-10-30 00:00:00,647.9225236679144
2019-10-31 00:00:00,646.8377872531322
2019-11-01 00:00:00,645.7459972771619
2019-11-03 00:00:00,643.5421873096913
2019-11-04 00:00:00,642.4306233928485
2019-11-05 00:00:00,641.3129176814575
2019-11-06 00:00:00,640.1892885291807
2019-11-07 00:00:00,639.0599506773339
2019-11-08 00:00:00,637.9251153489479
2019-11-10 00:00:00,635.6397795109245
2019-11-11 00:00:00,634.4896835461836
2019-11-12 00:00:00,633.3348990198348
2019-11-13 00:00:00,632.1756188828931
2019-11-14 00:00:00,631.0120326153493
2019-11-15 00:00:00,629.8443267085763
2019-11-17 00:00:00,627.4972915703584
2019-11-18 00:00:00,626.3183279200807
2019-11-19 00:00:00,625.1359780550663
2019-11-20 00:00:00,623.9504277036217
2019-11-21 00:00:00,622.761865825127
2019-11-22 00:00:00,621.5704855718324
2019-11-24 00:00:00,619.180067116039
2019-11-25 00:00:00,617.9814398106428
2019-11-26 00:00:00,616.7808144070952
2019-11-27 00:00:00,615.5784041407146
2019-11-28 00:00:00,614.3744221340224
2019-11-29 00:00:00,613.1690794991263
2019-12-01 00:00:00,610.7551383690284
2019-12-02 00:00:00,609.5469414076182
2019-12-03 00:00:00,608.3381864570449
2019-12-04 00:00:00,607.1290623266268
2019-12-05 00:00:00,605.9197533675901
2019-12-06 00:00:00,604.7104396514999
2019-12-08 00:00:00,602.2924971593203
2019-12-09 00:00:00,601.0842072747078
2019-12-10 00:00:00,599.8765901912539
2019-12-11 00:00:00,598.6698042261912
2019-12-12 00:00:00,597.4640033954346
2019-12-13 00:00:00,596.2593379253194
2019-12-15 00:00:00,593.8540006433277
2019-12-16 00:00:00,592.6536198511909
2019-12-17 00:00:00,591.4549593514391
2019-12-18 00:00:00,590.2581682207888
2019-12-19 00:00:00,589.0633989384518
2019-12-20 00:00:00,587.8708078996625
2019-12-22 00:00:00,585.4928057914439
2019-12-23 00:00:00,584.30772579443
2019-12-24 00:00:00,583.1254844092755
2019-12-25 00:00:00,581.9462511122022
2019-12-26 00:00:00,580.770194511227
2019-12-27 00:00:00,579.5974809631593
2019-12-29 00:00:00,577.2627306487005
2019-12-30 00:00:00,576.101006770144
2019-12-31 00:00:00,574.943251195765
2020-01-01 00:00:00,573.7896087192203
2020-01-02 00:00:00,572.6402197266677
2020-01-03 00:00:00,571.4952203960092
2020-01-05 00:00:00,569.2189151553948
2020-01-06 00:00:00,568.0878611294434
2020-01-07 00:00:00,566.9617005486075
2020-01-08 00:00:00,565.8405487417596
2020-01-09 00:00:00,564.7245167976848
2020-01-10 00:00:00,563.6137119871321
2020-01-12 00:00:00,561.4081996321858
2020-01-13 00:00:00,560.3648520817555
2020-01-14 00:00:00,559.4458912969279
2020-01-15 00:00:00,558.5326886087021
2020-01-16 00:00:00,557.6253367755753
2020-01-17 00:00:00,556.7239325659692
2020-01-19 00:00:00,554.9393709156345
2020-01-20 00:00:00,554.0564211717181
2020-01-21 00:00:00,553.1798324091385
2020-01-22 00:00:00,552.3097096508479
2020-01-23 00:00:00,551.4461566535114
2020-01-24 00:00:00,550.5892750975306
2020-01-26 00:00:00,548.8959188340671
2020-01-27 00:00:00,548.0596320453986
2020-01-28 00:00:00,547.2303921521825
2020-01-29 00:00:00,546.4082841949856
2020-01-30 00:00:00,545.5933897931432
2020-01-31 00:00:00,544.7857873095703
2020-02-02 00:00:00,543.1927560077111
2020-02-03 00:00:00,542.4074685196191
2020-02-04 00:00:00,541.629755552445
2020-02-05 00:00:00,540.8596799824792
2020-02-06 00:00:00,540.0973015928082
2020-02-07 00:00:00,539.3426773982679
2020-02-09 00:00:00,537.8569108253213
2020-02-10 00:00:00,537.1258779212862
2020-02-11 00:00:00,536.4028217870627
2020-02-12 00:00:00,535.6878049995913
2020-02-13 00:00:00,534.9808954641987
2020-02-14 00:00:00,534.2821663507602
2020-02-16 00:00:00,532.9095629006388
2020-02-17 00:00:00,532.2358518238236
2020-02-18 00:00:00,531.5706451252387
2020-02-19 00:00:00,530.914025521682
2020-02-20 00:00:00,530.2660746008348
2020-02-21 00:00:00,529.6268722641888
2020-02-23 00:00:00,528.3750220755253
2020-02-24 00:00:00,527.7625222965356
2020-02-25 00:00:00,527.1590668972298
2020-02-26 00:00:00,526.5647229905409
2020-02-27 00:00:00,525.9795548981061
2020-02-28 00:00:00,525.4036242277732
2020-03-01 00:00:00,524.2797085134184
2020-03-02 00:00:00,523.7318337832992
2020-03-03 00:00:00,523.1934171262644
2020-03-04 00:00:00,522.6645073547228
2020-03-05 00:00:00,522.1451508037769
2020-03-06 00:00:00,521.6353916033833
2020-03-08 00:00:00,520.6448350959985
2020-03-09 00:00:00,520.1641233783437
2020-03-10 00:00:00,519.6931839080593
2020-03-11 00:00:00,519.2320686094359
2020-03-12 00:00:00,518.780835725515
2020-03-13 00:00:00,518.3395498468814
2020-03-15 00:00:00,517.487102385622
2020-03-16 00:00:00,517.0760897912785
2020-03-17 00:00:00,516.6753188890474
2020-03-18 00:00:00,516.2848647307311
2020-03-19 00:00:00,515.9048009105584
2020-03-20 00:00:00,515.5351991221953
2020-03-22 00:00:00,514.8276573160359
2020-03-23 00:00:00,514.4898490254174
2020-03-24 00:00:00,514.162765914914
2020-03-25 00:00:00,513.8464670863428
2020-03-26 00:00:00,513.5410087474282
2020-03-27 00:00:00,513.2464441618953
2020-03-29 00:00:00,512.6901945340219
2020-03-30 01:00:00,512.4177525232483
2020-03-31 01:00:00,512.1676995854571
2020-04-01 01:00:00,511.92876447409094
2020-04-02 01:00:00,511.7009832169411
2020-04-03 01:00:00,511.48438954135383
2020-04-05 01:00:00,511.08489265213734
2020-04-06 01:00:00,511.0970876154107
2020-04-07 01:00:00,511.1284569522645
2020-04-08 01:00:00,511.1671419303459
2020-04-09 01:00:00,511.2131420640835
2020-04-12 01:00:00,511.39507560511197
2020-04-13 01:00:00,511.47038583360165
2020-04-14 01:00:00,511.55303849829625
2020-04-15 01:00:00,511.6430365677984
2020-04-16 01:00:00,511.74038040631854
2020-04-17 01:00:00,511.8450675902523
2020-04-19 01:00:00,512.0764480330048
2020-04-20 01:00:00,512.2031221054474
2020-04-21 01:00:00,512.3371010679774
2020-04-22 01:00:00,512.4783678972842
2020-04-23 01:00:00,512.6269024655776
2020-04-24 01:00:00,512.7826814793996
2020-04-26 01:00:00,513.1158637450726
2020-04-27 01:00:00,513.2932046208703
2020-04-28 01:00:00,513.4776654193076
2020-04-29 01:00:00,513.6692077555136
2020-04-30 01:00:00,513.867790820225
2020-05-01 01:00:00,514.0733717905134
2020-05-03 01:00:00,514.5053496537389
2020-05-04 01:00:00,514.7316568119717
2020-05-05 01:00:00,514.9647843122655
2020-05-06 01:00:00,515.2046906437826
2020-05-07 01:00:00,515.4513367479425
2020-05-08 01:00:00,515.7046857533676
2020-05-10 01:00:00,516.2313495954891
2020-05-11 01:00:00,516.5045908173445
2020-05-12 01:00:00,516.7843848143949
2020-05-13 01:00:00,517.0706866727826
2020-05-14 01:00:00,517.3634469082607
2020-05-15 01:00:00,517.6626112561238
2020-05-17 01:00:00,518.2799111209213
2020-05-18 01:00:00,518.5979140245557
2020-05-19 01:00:00,518.9220557730666
2020-05-20 01:00:00,519.2522578581011
2020-05-21 01:00:00,519.5884367128058
2020-05-22 01:00:00,519.9305035993258
2020-05-24 01:00:00,520.6319203616715
2020-05-25 01:00:00,520.9910667897335
2020-05-26 01:00:00,521.3556947731249
2020-05-27 01:00:00,521.7256908787475
2020-05-28 01:00:00,522.1009378398787
2020-05-29 01:00:00,522.4813152130201
2020-05-31 01:00:00,523.2569680830532
2020-06-01 01:00:00,523.6519938092796
2020-06-02 01:00:00,524.0516519882526
2020-06-03 01:00:00,524.4558177960922
2020-06-04 01:00:00,524.8643670259776
2020-06-05 01:00:00,525.2771756702385
2020-06-07 01:00:00,526.1150699496835
2020-06-08 01:00:00,526.5398981561444
2020-06-09 01:00:00,526.9684681830055
2020-06-10 01:00:00,527.4006388816995
2020-06-11 01:00:00,527.8362628666564
2020-06-12 01:00:00,528.275186377675
2020-06-14 01:00:00,529.1622855837397
2020-06-15 01:00:00,529.6101228907033
2020-06-16 01:00:00,530.0605832312654
2020-06-17 01:00:00,530.5134827689551
2020-06-18 01:00:00,530.9686318939755
2020-06-19 01:00:00,531.4258352424424
2020-06-21 01:00:00,532.3455949501397
2020-06-22 01:00:00,532.8077331549595
2020-06-23 01:00:00,533.2710902740077
2020-06-24 01:00:00,533.735446558237
2020-06-25 01:00:00,534.2005796526579
2020-06-26 01:00:00,534.6662657225468
2020-06-28 01:00:00,535.5984006037069
2020-06-29 01:00:00,536.0644036737507
2020-06-30 01:00:00,536.530069539957
2020-07-01 01:00:00,537.1466911753232
2020-07-02 01:00:00,537.8067805284109
2020-07-03 01:00:00,538.4678592409603
2020-07-05 01:00:00,539.7915409941658
2020-07-06 01:00:00,540.4534175232986
2020-07-07 01:00:00,541.1148271354825
2020-07-08 01:00:00,541.7753952213288
2020-07-09 01:00:00,542.4347411647507
2020-07-10 01:00:00,543.0924783338089
2020-07-12 01:00:00,544.4015521466026
2020-07-13 01:00:00,545.0520896125008
2020-07-14 01:00:00,545.6994211534939
2020-07-15 01:00:00,546.3431376865949
2020-07-16 01:00:00,546.982827125031
2020-07-17 01:00:00,547.6180747154258
2020-07-19 01:00:00,548.8735744930395
2020-07-20 01:00:00,549.4929883588652
2020-07-21 01:00:00,550.1062860208763
2020-07-22 01:00:00,550.7130509550028
2020-07-23 01:00:00,551.3128714446101
2020-07-24 01:00:00,551.9053430790801
2020-07-26 01:00:00,553.0666719303393
2020-07-27 01:00:00,553.6347746743888
2020-07-28 01:00:00,554.1940209031682
2020-07-29 01:00:00,554.7440644887565
2020-07-30 01:00:00,555.2845706537734
2020-07-31 01:00:00,555.8152147375911
2020-08-02 01:00:00,556.8456600746513
2020-08-03 01:00:00,557.34484981195
2020-08-04 01:00:00,557.8329519922177
2020-08-05 01:00:00,558.3096726707956
2020-08-06 01:00:00,558.7747216037749
2020-08-07 01:00:00,559.2278122569774
2020-08-09 01:00:00,560.0969930105987
2020-08-10 01:00:00,560.5125318469131
2020-08-11 01:00:00,560.9150108101696
2020-08-12 01:00:00,561.304167833346
2020-08-13 01:00:00,561.6797468151146
2020-08-14 01:00:00,562.0414977907417
2020-08-16 01:00:00,562.7225478382236
2020-08-17 01:00:00,563.0413803095396
2020-08-18 01:00:00,563.345453412781
2020-08-19 01:00:00,563.6345562791261
2020-08-20 01:00:00,563.9084905134122
2020-08-21 01:00:00,564.167072532708
2020-08-23 01:00:00,564.6375303536462
2020-08-24 01:00:00,564.8491257137191
2020-08-25 01:00:00,565.0448067616721
2020-08-26 01:00:00,565.2244734763443
2020-08-27 01:00:00,565.3880386302466
2020-08-28 01:00:00,565.5354258604666
2020-08-30 01:00:00,565.7814055544001
2020-08-31 01:00:00,565.8798858145152
2020-09-01 01:00:00,565.961961757206
2020-09-02 01:00:00,566.0275915507372
2020-09-03 01:00:00,566.0767381552108
2020-09-04 01:00:00,566.1093691612897
2020-09-06 01:00:00,566.1249780970667
2020-09-07 01:00:00,566.1079150124633
2020-09-08 01:00:00,566.0742546615998
2020-09-09 01:00:00,566.0239894184928
2020-09-10 01:00:00,565.9571169800635
2020-09-11 01:00:00,565.8736403812892
2020-09-13 01:00:00,565.6569138660225
2020-09-14 01:00:00,565.5236978140116
2020-09-15 01:00:00,565.3739466674077
2020-09-16 01:00:00,565.2076955335415
2020-09-17 01:00:00,565.0249897563104
2020-09-18 01:00:00,564.8258869820897
2020-09-20 01:00:00,564.3787912558992
2020-09-21 01:00:00,564.1309842301904
2020-09-22 01:00:00,563.8671493896427
2020-09-23 01:00:00,563.5874077492462
2020-09-24 01:00:00,563.2918871672039
2020-09-25 01:00:00,562.9807202736516
2020-09-27 01:00:00,562.3119933295524
2020-09-28 01:00:00,561.9547111003333
2020-09-29 01:00:00,561.5823371292503
2020-09-30 01:00:00,561.195013172416
2020-10-01 01:00:00,560.7928817149289
2020-10-02 01:00:00,560.3760858926449
2020-10-04 01:00:00,559.4990770302645
2020-10-05 01:00:00,559.0391538652489
2020-10-06 01:00:00,558.5651463656917
2020-10-07 01:00:00,558.0772020596569
2020-10-08 01:00:00,557.5754697820892
2020-10-09 01:00:00,557.0600998105784
2020-10-11 01:00:00,555.9890561882781
2020-10-12 01:00:00,555.4336923735768
2020-10-13 01:00:00,554.8653117995492
2020-10-14 01:00:00,554.2840780290923
2020-10-15 01:00:00,553.6901605913549
2020-10-16 01:00:00,553.0837367482185
2020-10-18 01:00:00,551.834125168404
2020-10-19 01:00:00,551.1913383796241
2020-10-20 01:00:00,550.5368442311058
2020-10-21 01:00:00,549.8708585474949
2020-10-22 01:00:00,549.1935987383525
2020-10-23 01:00:00,548.5052818222681
2020-10-25 01:00:00,547.0963359044753
2020-10-26 00:00:00,546.4062009504579
2020-10-27 00:00:00,545.6762099408072
2020-10-28 00:00:00,544.9362061340512
2020-10-29 00:00:00,544.1863928686166
2020-10-30 00:00:00,543.4269711408419
2020-11-01 00:00:00,541.880094917851
2020-11-02 00:00:00,541.0930313028992
2020-11-03 00:00:00,540.297141261095
2020-11-04 00:00:00,539.4926155130803
2020-11-05 00:00:00,538.6796433106108
2020-11-06 00:00:00,537.858412738372
2020-11-08 00:00:00,536.1919251211204
2020-11-09 00:00:00,535.3470419320679
2020-11-10 00:00:00,534.4946493715173
2020-11-11 00:00:00,533.6349371999584
2020-11-12 00:00:00,532.7680982873944
2020-11-13 00:00:00,531.9261965537271
2020-11-15 00:00:00,530.7516403036725
2020-11-16 00:00:00,530.1592632178828
2020-11-17 00:00:00,529.5637072454149
2020-11-18 00:00:00,528.9651383898108
2020-11-19 00:00:00,528.3637212655344
2020-11-20 00:00:00,527.7596179278281
2020-11-22 00:00:00,526.5439846956732
2020-11-23 00:00:00,525.932762497663
2020-11-24 00:00:00,525.319469782711
2020-11-25 00:00:00,524.7042528324151
2020-11-26 00:00:00,524.0872552520219
2020-11-27 00:00:00,523.4686180907224
2020-11-29 00:00:00,522.2269769234748
2020-11-30 00:00:00,521.6042429362916
2020-12-01 00:00:00,520.9804096170051
2020-12-02 00:00:00,520.3556066137718
2020-12-03 00:00:00,519.7299618253326
2020-12-04 00:00:00,519.1036017212061
2020-12-06 00:00:00,517.8492365789724
2020-12-07 00:00:00,517.2214808981302
2020-12-08 00:00:00,516.5935095570511
2020-12-09 00:00:00,515.9654482604728
2020-12-10 00:00:00,515.3374240559339
2020-12-11 00:00:00,514.7095657867658
2020-12-13 00:00:00,513.4548725769544
2020-12-14 00:00:00,512.828304676389
2020-12-15 00:00:00,512.2024351409568
2020-12-16 00:00:00,511.577397408534
2020-12-17 00:00:00,510.9533225223637
2020-12-18 00:00:00,510.33033809935534
2020-12-20 00:00:00,509.08813091182014
2020-12-21 00:00:00,508.4691430025483
2020-12-22 00:00:00,507.90597267015755
2020-12-23 00:00:00,507.51446649088086
2020-12-24 00:00:00,507.12522968453914
2020-12-27 00:00:00,505.9720314179683
2020-12-28 00:00:00,505.59275704856384
2020-12-29 00:00:00,505.2161838562645
2020-12-30 00:00:00,504.84239221807104
2020-12-31 00:00:00,504.47146096189437
2021-01-03 00:00:00,503.37660194630007
2021-01-04 00:00:00,503.01788225395103
2021-01-05 00:00:00,502.6624069701254
2021-01-06 00:00:00,502.310253360851
2021-01-07 00:00:00,501.9614994471425
2021-01-08 00:00:00,501.61622395507015
2021-01-10 00:00:00,500.93642543815565
2021-01-11 00:00:00,500.60206086538506
2021-01-12 00:00:00,500.2714903176121
2021-01-13 00:00:00,499.94478975648883
2021-01-14 00:00:00,499.622032483756
2021-01-15 00:00:00,499.3032886148029
2021-01-17 00:00:00,498.6781043205908
2021-01-18 00:00:00,498.3717870804686
2021-01-19 00:00:00,498.06973007130773
2021-01-20 00:00:00,497.7719875597046
2021-01-21 00:00:00,497.4786113485728
2021-01-22 00:00:00,497.18965095735996
2021-01-24 00:00:00,496.62516500642175
2021-01-25 00:00:00,496.34972803442747
2021-01-26 00:00:00,496.07888424729754
2021-01-27 00:00:00,495.8126733561787
2021-01-28 00:00:00,495.5511336414245
2021-01-29 00:00:00,495.2943023397539
2021-01-31 00:00:00,494.7949116341341
2021-02-01 00:00:00,494.5524259467801
2021-02-02 00:00:00,494.3147969443005
2021-02-03 00:00:00,494.0820634716224
2021-02-04 00:00:00,493.85426528590904
2021-02-05 00:00:00,493.63144281028974
2021-02-07 00:00:00,493.2008875070203
2021-02-08 00:00:00,492.9932347734982
2021-02-09 00:00:00,492.79071678512184
2021-02-10 00:00:00,492.5933698434666
2021-02-11 00:00:00,492.4012278254313
2021-02-12 00:00:00,492.214321844448
2021-02-14 00:00:00,491.85632778375157
2021-02-15 00:00:00,491.6852874094868
2021-02-16 00:00:00,491.5195788475455
2021-02-17 00:00:00,491.35921967312265
2021-02-18 00:00:00,491.20422538306684
2021-02-19 00:00:00,491.0546095882884
2021-02-21 00:00:00,490.77155930783874
2021-02-22 00:00:00,490.6381437086892
2021-02-23 00:00:00,490.5101445579662
2021-02-24 00:00:00,490.3875677465834
2021-02-25 00:00:00,490.2704181091474
2021-02-26 00:00:00,490.15869980832963
2021-02-28 00:00:00,489.9515736978078
2021-03-01 00:00:00,489.8561758232787
2021-03-02 00:00:00,489.76623014142706
2021-03-03 00:00:00,489.68174511886923
2021-03-04 00:00:00,489.60273056668507
2021-03-05 00:00:00,489.5291971550947
2021-03-07 00:00:00,489.39861685417554
2021-03-08 00:00:00,489.34158977787024
2021-03-09 00:00:00,489.2900823600313
2021-03-10 00:00:00,489.2441004721551
2021-03-11 00:00:00,489.2036477663869
2021-03-12 00:00:00,489.1687255057934
2021-03-14 00:00:00,489.11546510404355
2021-03-15 00:00:00,489.09711737471434
2021-03-16 00:00:00,489.0842811842422
2021-03-17 00:00:00,489.07694644157436
2021-03-18 00:00:00,489.07510128564644
2021-03-19 00:00:00,489.0787322637599
2021-03-21 00:00:00,489.10236169688733
2021-03-22 00:00:00,489.1223264533302
2021-03-23 00:00:00,489.14770013973725
2021-03-24 00:00:00,489.1784631505699
2021-03-25 00:00:00,489.2145951076336
2021-03-26 00:00:00,489.25607521345364
2021-03-28 00:00:00,489.3549977159164
2021-03-29 01:00:00,489.41483242932577
2021-03-30 01:00:00,489.4777279471971
2021-03-31 01:00:00,489.5458798805239
2021-04-01 01:00:00,489.61927501298317
2021-04-04 01:00:00,489.87079601305845
2021-04-05 01:00:00,489.96503732672977
2021-04-06 01:00:00,490.06445319031366
2021-04-07 01:00:00,490.16902491670294
2021-04-08 01:00:00,490.2787315029134
2021-04-09 01:00:00,490.3935496019618
2021-04-11 01:00:00,490.6384154383019
2021-04-12 01:00:00,490.7684051979418
2021-04-13 01:00:00,490.90339073559403
2021-04-14 01:00:00,491.0433380707068
2021-04-15 01:00:00,491.188211491572
2021-04-16 01:00:00,491.3379737090021
2021-04-18 01:00:00,491.6520083358372
2021-04-19 01:00:00,491.81619950409663
2021-04-20 01:00:00,491.9851172302482
2021-04-21 01:00:00,492.1587183367601
2021-04-22 01:00:00,492.33695896855124
2021-04-23 01:00:00,492.51979492733176
2021-04-25 01:00:00,492.8990772446326
2021-04-26 01:00:00,493.0954382146308
2021-04-27 01:00:00,493.2962248367272
2021-04-28 01:00:00,493.5013988474997
2021-04-29 01:00:00,493.7109235776155
2021-04-30 01:00:00,493.9247631348038
2021-05-02 01:00:00,494.3652407016034
2021-05-03 01:00:00,494.5918016415193
2021-05-04 01:00:00,494.8225220429455
2021-05-05 01:00:00,495.05735707277825
2021-05-06 01:00:00,495.29625918314684
2021-05-07 01:00:00,495.5391782017482
2021-05-09 01:00:00,496.03685386568554
2021-05-10 01:00:00,496.29149810455374
2021-05-11 01:00:00,496.5499346566851
2021-05-12 01:00:00,496.81210195413746
2021-05-13 01:00:00,497.07793649569976
2021-05-14 01:00:00,497.34737298435414
2021-05-16 01:00:00,497.89678254133787
2021-05-17 01:00:00,498.1766174255648
2021-05-18 01:00:00,498.45977823623946
2021-05-19 01:00:00,498.74619314914173
2021-05-20 01:00:00,499.03578966990983
2021-05-21 01:00:00,499.3284949731226
2021-05-23 01:00:00,499.9229416664069
2021-05-24 01:00:00,500.2245400227431
2021-05-25 01:00:00,500.5289620420532
2021-05-26 01:00:00,500.83614003026196
2021-05-27 01:00:00,501.1460075944842
2021-05-28 01:00:00,501.45849879722766
2021-05-30 01:00:00,502.09108383849434
2021-05-31 01:00:00,502.41103817435544
2021-06-01 01:00:00,502.7333358296944
2021-06-02 01:00:00,503.05789936724057
2021-06-03 01:00:00,503.3846482125921
2021-06-04 01:00:00,503.7134988576871
2021-06-06 01:00:00,504.3771581356592
2021-06-07 01:00:00,504.71178691400553
2021-06-08 01:00:00,505.0481580648858
2021-06-09 01:00:00,505.3861761142365
2021-06-10 01:00:00,505.7257435872799
2021-06-11 01:00:00,506.0667611558122
2021-06-13 01:00:00,506.75274110882356
2021-06-14 01:00:00,507.0974973613402
2021-06-15 01:00:00,507.4432919765851
2021-06-16 01:00:00,507.7900197392762
2021-06-17 01:00:00,508.1375751612925
2021-06-18 01:00:00,508.48585286408434
2021-06-20 01:00:00,509.184156695693
2021-06-21 01:00:00,509.53397644653023
2021-06-22 01:00:00,509.88410638425535
2021-06-23 01:00:00,510.2344472515532
2021-06-24 01:00:00,510.5849009896564
2021-06-25 01:00:00,510.9353699212853
2021-06-27 01:00:00,511.63595809107176
2021-06-28 01:00:00,511.985874430462
2021-06-29 01:00:00,512.3353989081205
2021-06-30 01:00:00,512.6844226497352
2021-07-01 01:00:00,513.0328338834263
2021-07-02 01:00:00,513.3805182576915
2021-07-04 01:00:00,514.0732380743726
2021-07-05 01:00:00,514.4180346850777
2021-07-06 01:00:00,514.7616271909857
2021-07-07 01:00:00,515.1038923969152
2021-07-08 01:00:00,515.4447058853834
2021-07-09 01:00:00,515.7839422009828
2021-07-11 01:00:00,516.4571777885894
2021-07-12 01:00:00,516.7909234106211
2021-07-13 01:00:00,517.1225853441887
2021-07-14 01:00:00,517.4520377156325
2021-07-15 01:00:00,517.779155845802
2021-07-16 01:00:00,518.1038166925548
2021-07-18 01:00:00,518.745284861431
2021-07-19 01:00:00,519.0618574471547
2021-07-20 01:00:00,519.3755035121636
2021-07-21 01:00:00,519.6861119425779
2021-07-22 01:00:00,519.9935734998278
2021-07-23 01:00:00,520.2977800484567
2021-07-25 01:00:00,520.895995562861
2021-07-26 01:00:00,521.1897857753294
2021-07-27 01:00:00,521.4798824672479
2021-07-28 01:00:00,521.7661721227856
2021-07-29 01:00:00,522.0485397729157
2021-07-30 01:00:00,522.326869389729
2021-08-01 01:00:00,522.8709475699977
2021-08-02 01:00:00,523.1364622849204
2021-08-03 01:00:00,523.3974718112738
2021-08-04 01:00:00,523.6538599800629
2021-08-05 01:00:00,523.9055112742799
2021-08-06 01:00:00,524.152311039749
2021-08-08 01:00:00,524.6309033921303
2021-08-09 01:00:00,524.8624738628777
2021-08-10 01:00:00,525.0887495571795
2021-08-11 01:00:00,525.3096259098786
2021-08-12 01:00:00,525.5250019440265
2021-08-13 01:00:00,525.7347807183792
2021-08-15 01:00:00,526.1371804626008
2021-08-16 01:00:00,526.3296293939146
2021-08-17 01:00:00,526.5161365900068
2021-08-18 01:00:00,526.6966257787348
2021-08-19 01:00:00,526.8710236051206
2021-08-20 01:00:00,527.0392588963456
2021-08-22 01:00:00,527.3569636696595
2021-08-23 01:00:00,527.5062955047539
2021-08-24 01:00:00,527.6491888406009
2021-08-25 01:00:00,527.7855752599231
2021-08-26 01:00:00,527.915386766851
2021-08-27 01:00:00,528.0385561673481
2021-08-29 01:00:00,528.2647062939685
2021-08-30 01:00:00,528.3675601012795
2021-08-31 01:00:00,528.4635185029535
2021-09-01 01:00:00,528.5525234043272
2021-09-02 01:00:00,528.6345191723514
2021-09-03 01:00:00,528.7094528128487
2021-09-05 01:00:00,528.8379364492373
2021-09-06 01:00:00,528.8913962917716
2021-09-07 01:00:00,528.9376147105253
2021-09-08 01:00:00,528.9765575082687
2021-09-09 01:00:00,529.0081958679617
2021-09-10 01:00:00,529.0325067270818
2021-09-12 01:00:00,529.0590827169871
2021-09-13 01:00:00,529.061329799361
2021-09-14 01:00:00,529.0562120957352
2021-09-15 01:00:00,529.0437312548518
2021-09-16 01:00:00,529.0238918439496
2021-09-17 01:00:00,528.9967006682152
2021-09-19 01:00:00,528.9202981755508
2021-09-20 01:00:00,528.8711072974374
2021-09-21 01:00:00,528.8146051929707
2021-09-22 01:00:00,528.750804478656
2021-09-23 01:00:00,528.679718981647
2021-09-24 01:00:00,528.6013640385997
2021-09-26 01:00:00,528.4229166341047
2021-09-27 01:00:00,528.3228651757258
2021-09-28 01:00:00,528.2156267196904
2021-09-29 01:00:00,528.1012282590735
2021-09-30 01:00:00,527.9796996186483
2021-10-01 01:00:00,527.8510735755776
2021-10-03 01:00:00,527.5726762683615
2021-10-04 01:00:00,527.4229873476177
2021-10-05 01:00:00,527.266366604345
2021-10-06 01:00:00,527.1028662287721
2021-10-07 01:00:00,526.932543782055
2021-10-08 01:00:00,526.7554624850164
2021-10-10 01:00:00,526.3813035284631
2021-10-11 01:00:00,526.1843776773371
2021-10-12 01:00:00,525.9809946784305
2021-10-13 01:00:00,525.771237772238
2021-10-14 01:00:00,525.5551915325996
2021-10-15 01:00:00,525.3329412989791
2021-10-17 01:00:00,524.8701721037866
2021-10-18 01:00:00,524.6298253013935
2021-10-19 01:00:00,524.3836188109636
2021-10-20 01:00:00,524.1316393640982
2021-10-21 01:00:00,523.873974207433
2021-10-22 01:00:00,523.6107113195749
2021-10-24 01:00:00,523.0677493090068
2021-10-25 01:00:00,522.7882318359012
2021-10-26 01:00:00,522.5034802862677
2021-10-27 01:00:00,522.2135893873001
2021-10-28 01:00:00,521.9186556275497
2021-10-29 01:00:00,521.6187773522211
2021-10-31 01:00:00,521.0045907744004
2021-11-01 00:00:00,520.7036249576707
2021-11-02 00:00:00,520.3851835282138
2021-11-03 00:00:00,520.0623200193613
2021-11-04 00:00:00,519.7351494607265
2021-11-05 00:00:00,519.4037909718356
2021-11-07 00:00:00,518.7290056547859
2021-11-08 00:00:00,518.3858336153849
2021-11-09 00:00:00,518.0389808736078
2021-11-10 00:00:00,517.6885766031744
2021-11-11 00:00:00,517.3347489586201
2021-11-12 00:00:00,516.9776246431676
2021-11-14 00:00:00,516.2539849435626
2021-11-15 00:00:00,515.8877153401397
2021-11-16 00:00:00,515.5186409354146
2021-11-17 00:00:00,515.1468816460062
2021-11-18 00:00:00,514.7725565043761
2021-11-19 00:00:00,514.3957838266806
2021-11-21 00:00:00,513.6353665839371
2021-11-22 00:00:00,513.2519566233234
2021-11-23 00:00:00,512.8665686621522
2021-11-24 00:00:00,512.4793199548641
2021-11-25 00:00:00,512.0903279786944
2021-11-26 00:00:00,511.69971055605913
2021-11-28 00:00:00,510.91407326179217
2021-11-29 00:00:00,510.5192922449502
2021-11-30 00:00:00,510.1233640631199
2021-12-01 00:00:00,509.7264114535277
2021-12-02 00:00:00,509.3285591251712
2021-12-03 00:00:00,508.92993394276766
2021-12-05 00:00:00,508.13088176450344
2021-12-06 00:00:00,507.7307154047411
2021-12-07 00:00:00,507.3302950823743
2021-12-08 00:00:00,506.9297479996286
2021-12-09 00:00:00,506.52919838585854
2021-12-10 00:00:00,506.1287671843735
2021-12-12 00:00:00,505.3287278534466
2021-12-13 00:00:00,504.92934649407937
2021-12-14 00:00:00,504.5305376994852
2021-12-15 00:00:00,504.1324090188823
2021-12-16 00:00:00,503.73506606818705
2021-12-17 00:00:00,503.3386126913143
2021-12-19 00:00:00,502.54878206372166
2021-12-20 00:00:00,502.15560499117294
2021-12-21 00:00:00,501.7637181844965
2021-12-22 00:00:00,501.37321898163987
2021-12-23 00:00:00,500.98420395047026
2021-12-26 00:00:00,499.8270219654563
2021-12-27 00:00:00,499.4449005608036
2021-12-28 00:00:00,499.0647414459213
2021-12-29 00:00:00,498.68664087383615
2021-12-30 00:00:00,498.3106958551722
2021-12-31 00:00:00,497.9370042359784
2022-01-02 00:00:00,497.1967752725225
2022-01-03 00:00:00,496.8304342746494
2022-01-04 00:00:00,496.4667373799955
2022-01-05 00:00:00,496.10577730692853
2022-01-06 00:00:00,495.74764311515105
2022-01-07 00:00:00,495.39241984705257
2022-01-09 00:00:00,494.691027238776
2022-01-10 00:00:00,494.3450101246282
2022-01-11 00:00:00,494.0022092146429
2022-01-12 00:00:00,493.6626940247297
2022-01-13 00:00:00,493.3265319321323
2022-01-14 00:00:00,492.9937883466116
2022-01-16 00:00:00,492.3388093293148
2022-01-17 00:00:00,492.0166961327301
2022-01-18 00:00:00,491.69824624791374
2022-01-19 00:00:00,491.3835175205253
2022-01-20 00:00:00,491.0725668960215
2022-01-21 00:00:00,490.7654506764578
2022-01-23 00:00:00,490.162944957478
2022-01-24 00:00:00,489.8676670517442
2022-01-25 00:00:00,489.5764471301344
2022-01-26 00:00:00,489.2893416373182
2022-01-27 00:00:00,489.00640744091754
2022-01-28 00:00:00,488.7277017549868
2022-01-30 00:00:00,488.1832046628018
2022-01-31 00:00:00,487.9175258195995
2022-02-01 00:00:00,487.65629898802194
2022-02-02 00:00:00,487.3995749191338
2022-02-03 00:00:00,487.1474008691973
2022-02-04 00:00:00,486.89982035967
2022-02-06 00:00:00,486.4185962881054
2022-02-07 00:00:00,486.18502317025934
2022-02-08 00:00:00,485.95618536741824
2022-02-09 00:00:00,485.73211228302034
2022-02-10 00:00:00,485.51283155237684
2022-02-11 00:00:00,485.29836922393883
2022-02-13 00:00:00,484.88399681590545
2022-02-14 00:00:00,484.68413204397984
2022-02-15 00:00:00,484.4891765886923
2022-02-16 00:00:00,484.29915064398404
2022-02-17 00:00:00,484.1140738594014
2022-02-18 00:00:00,483.9339656521512
2022-02-20 00:00:00,483.5887333551914
2022-02-21 00:00:00,483.42364960242526
2022-02-22 00:00:00,483.26361542470636
2022-02-23 00:00:00,483.10865266403823
2022-02-24 00:00:00,482.95878370850596
2022-02-25 00:00:00,482.8140312227425
2022-02-27 00:00:00,482.53996518485815
2022-02-28 00:00:00,482.41069416168307
2022-03-01 00:00:00,482.2866233924043
2022-03-02 00:00:00,482.16776907779865
2022-03-03 00:00:00,482.05414448309966
2022-03-04 00:00:00,481.9457597611497
2022-03-06 00:00:00,481.74473567336884
2022-03-07 00:00:00,481.6521026988487
2022-03-08 00:00:00,481.56472317422697
2022-03-09 00:00:00,481.4825955613262
2022-03-10 00:00:00,481.4057169884419
2022-03-11 00:00:00,481.3340834397368
2022-03-13 00:00:00,481.2065303891927
2022-03-14 00:00:00,481.1505982063501
2022-03-15 00:00:00,481.099885935501
2022-03-16 00:00:00,481.05438571740945
2022-03-17 00:00:00,481.01408951338374
2022-03-18 00:00:00,480.9789894488953
2022-03-20 00:00:00,480.9243492834071
2022-03-21 00:00:00,480.9047974025684
2022-03-22 00:00:00,480.8904184000919
2022-03-23 00:00:00,480.8812091650618
2022-03-24 00:00:00,480.8771672792126
2022-03-25 00:00:00,480.87829052936297
2022-03-27 00:00:00,480.89602120211714
2022-03-28 01:00:00,480.91334841413004
2022-03-29 01:00:00,480.9353091235805
2022-03-30 01:00:00,480.9624071712241
2022-03-31 01:00:00,480.99463056996876
2022-04-01 01:00:00,481.0319646914427
2022-04-03 01:00:00,481.1218940836783
2022-04-04 01:00:00,481.17444835546416
2022-04-05 01:00:00,481.2320319949507
2022-04-06 01:00:00,481.29462045276944
2022-04-07 01:00:00,481.3621880649166
2022-04-08 01:00:00,481.43470824187546
2022-04-10 01:00:00,481.5944960805873
2022-04-11 01:00:00,481.6817070120703
2022-04-12 01:00:00,481.7737572706426
2022-04-13 01:00:00,482.0386135831317
2022-04-14 01:00:00,482.5239284917784
2022-04-17 01:00:00,484.0012129157525
2022-04-18 01:00:00,484.5005880359853
2022-04-19 01:00:00,485.00335560690155
2022-04-20 01:00:00,485.5094669433265
2022-04-21 01:00:00,486.01887202713317
2022-04-22 01:00:00,486.53151856994725
2022-04-24 01:00:00,487.56631137857926
2022-04-25 01:00:00,488.08833646937876
2022-04-26 01:00:00,488.6133605233688
2022-04-27 01:00:00,489.1413140946254
2022-04-28 01:00:00,489.6721246104894
2022-04-29 01:00:00,490.2057167314647
2022-05-01 01:00:00,491.28093301098545
2022-05-02 01:00:00,491.82239630034326
2022-05-03 01:00:00,492.3663202101379
2022-05-04 01:00:00,492.912621427521
2022-05-05 01:00:00,493.46121595536226
2022-05-06 01:00:00,494.01201926662725
2022-05-08 01:00:00,495.11991212721773
2022-05-09 01:00:00,495.67683090442995
2022-05-10 01:00:00,496.2356171744733
2022-05-11 01:00:00,496.79618550047553
2022-05-12 01:00:00,497.35845085666904
2022-05-13 01:00:00,497.9223289425488
2022-05-15 01:00:00,499.05459120336434
2022-05-16 01:00:00,499.62281189637133
2022-05-17 01:00:00,500.1923175210783
2022-05-18 01:00:00,500.763026292306
2022-05-19 01:00:00,501.3348543737244
2022-05-20 01:00:00,501.907714664659
2022-05-22 01:00:00,503.0561623602937
2022-05-23 01:00:00,503.6315536598363
2022-05-24 01:00:00,504.20758529298894
2022-05-25 01:00:00,504.78414896652055
2022-05-26 01:00:00,505.3611331017423
2022-05-27 01:00:00,505.9384232911385
2022-05-29 01:00:00,507.0934525036548
2022-05-30 01:00:00,507.6709521119841
2022-05-31 01:00:00,508.24827960513335
2022-06-01 01:00:00,508.8253119534669
2022-06-02 01:00:00,509.4019252721888
2022-06-03 01:00:00,509.97799502256873
2022-06-05 01:00:00,511.1280033920607
2022-06-06 01:00:00,511.7016911094439
2022-06-07 01:00:00,512.274333781056
2022-06-08 01:00:00,512.8458060662828
2022-06-09 01:00:00,513.4159831072814
2022-06-10 01:00:00,513.9847408294002
2022-06-12 01:00:00,515.1175073462364
2022-06-13 01:00:00,515.6812733125753
2022-06-14 01:00:00,516.2431334028324
2022-06-15 01:00:00,516.8029659914928
2022-06-16 01:00:00,517.3606470405884
2022-06-17 01:00:00,517.9160486653902
2022-06-19 01:00:00,519.0194775682423
2022-06-20 01:00:00,519.5672241177023
2022-06-21 01:00:00,520.1121306878736
2022-06-22 01:00:00,520.6540466719923
2022-06-23 01:00:00,521.1928186952234
2022-06-24 01:00:00,521.7282912373773
2022-06-26 01:00:00,522.7887079734635
2022-06-27 01:00:00,523.3133344681496
2022-06-28 01:00:00,523.8340267543298
2022-06-29 01:00:00,524.3506247134112
2022-06-30 01:00:00,524.8629682709468
2022-07-01 01:00:00,525.3708976896177
2022-07-03 01:00:00,526.3728785030844
2022-07-04 01:00:00,526.8666145517358
2022-07-05 01:00:00,527.3553062793752
2022-07-06 01:00:00,527.8387996295436
2022-07-07 01:00:00,528.3169424791264
2022-07-08 01:00:00,528.7895849069297
2022-07-10 01:00:00,529.7177808535922
2022-07-11 01:00:00,530.1730463566311
2022-07-12 01:00:00,530.6222344107621
2022-07-13 01:00:00,531.0652037711465
2022-07-14 01:00:00,531.5018119397549
2022-07-15 01:00:00,531.9319137217777
2022-07-17 01:00:00,532.7719988927965
2022-07-18 01:00:00,533.1816735939519
2022-07-19 01:00:00,533.584226084934
2022-07-20 01:00:00,533.9794969361311
2022-07-21 01:00:00,534.36732663233
2022-07-22 01:00:00,534.7475564228495
2022-07-24 01:00:00,535.4845888351971
2022-07-25 01:00:00,535.8410828986873
2022-07-26 01:00:00,536.1893607134423
2022-07-27 01:00:00,536.5292748813555
2022-07-28 01:00:00,536.8606814379341
2022-07-29 01:00:00,537.183440256521
2022-07-31 01:00:00,537.8024758161276
2022-08-01 01:00:00,538.0984951229663
2022-08-02 01:00:00,538.3853525281335
2022-08-03 01:00:00,538.6629328151604
2022-08-04 01:00:00,538.9311266214122
2022-08-05 01:00:00,539.1898305730944
2022-08-07 01:00:00,539.6783852366917
2022-08-08 01:00:00,539.9080581955333
2022-08-09 01:00:00,540.1278845211505
2022-08-10 01:00:00,540.3377859530218
2022-08-11 01:00:00,540.537686278334
2022-08-12 01:00:00,540.7275101089486
2022-08-14 01:00:00,541.076627229834
2022-08-15 01:00:00,541.2357710281726
2022-08-16 01:00:00,541.3845413406025
2022-08-17 01:00:00,541.5228694381551
2022-08-18 01:00:00,541.6506912987754
2022-08-19 01:00:00,541.7679485603605
2022-08-21 01:00:00,541.9705679495111
2022-08-22 01:00:00,542.0558466991359
2022-08-23 01:00:00,542.1303946849285
2022-08-24 01:00:00,542.1941887932431
2022-08-25 01:00:00,542.2472138435747
2022-08-26 01:00:00,542.2894629126101
2022-08-28 01:00:00,542.3416487368686
2022-08-29 01:00:00,542.3516158945673
2022-08-30 01:00:00,542.3508683123011
2022-08-31 01:00:00,542.3394445400827
2022-09-01 01:00:00,542.3173923699608
2022-09-02 01:00:00,542.2847685096176
2022-09-04 01:00:00,542.1880738496743
2022-09-05 01:00:00,542.1241554484407
2022-09-06 01:00:00,542.0499681634508
2022-09-07 01:00:00,541.9656017895068
2022-09-08 01:00:00,541.8711494236427
2022-09-09 01:00:00,541.7667064980463
2022-09-11 01:00:00,541.5282399123987
2022-09-12 01:00:00,541.3944171930049
2022-09-13 01:00:00,541.2510075191589
2022-09-14 01:00:00,541.0981210823363
2022-09-15 01:00:00,540.9358738403683
2022-09-16 01:00:00,540.7643882063448
2022-09-18 01:00:00,540.3942257150779
2022-09-19 01:00:00,540.1958282225662
2022-09-20 01:00:00,539.9887509468841
2022-09-21 01:00:00,539.7731506297646
2022-09-22 01:00:00,539.5491906943174
2022-09-23 01:00:00,539.3170412334053
2022-09-25 01:00:00,538.8288876166115
2022-09-26 01:00:00,538.5732571744279
2022-09-27 01:00:00,538.3101844161039
2022-09-28 01:00:00,538.0398721567967
2022-09-29 01:00:00,537.7625286610265
2022-09-30 01:00:00,537.4783667247572
2022-10-02 01:00:00,536.8904544993832
2022-10-03 01:00:00,536.5871418330695
2022-10-04 01:00:00,536.2778835064655
2022-10-05 01:00:00,535.962897121315
2022-10-06 01:00:00,535.6423981006366
2022-10-07 01:00:00,535.316599167574
2022-10-09 01:00:00,534.649938469391
2022-10-10 01:00:00,534.3094892539514
2022-10-11 01:00:00,533.9645666268689
2022-10-12 01:00:00,533.6153743125382
2022-10-13 01:00:00,533.2621164025054
2022-10-14 01:00:00,532.9049978473237
2022-10-16 01:00:00,532.1800041140422
2022-10-17 01:00:00,531.8125442906395
2022-10-18 01:00:00,531.4420542459936
2022-10-19 01:00:00,531.0687436729922
2022-10-20 01:00:00,530.6928228181667
2022-10-21 01:00:00,530.3145024357411
2022-10-23 01:00:00,529.5515088213215
2022-10-24 01:00:00,529.1672599466865
2022-10-25 01:00:00,528.7814601603409
2022-10-26 01:00:00,528.3943225575351
2022-10-27 01:00:00,528.0060596642169
2022-10-28 01:00:00,527.6168824180342
2022-10-30 01:00:00,526.8366131730244
2022-10-31 00:00:00,526.4622254769085
2022-11-01 00:00:00,526.0714285046569
2022-11-02 00:00:00,525.6806993354943
2022-11-03 00:00:00,525.2902179121367
2022-11-04 00:00:00,524.9001578038763
2022-11-06 00:00:00,524.1219666913001
2022-11-07 00:00:00,523.7341556275345
2022-11-08 00:00:00,523.3474072516067
2022-11-09 00:00:00,522.9618722687625
2022-11-10 00:00:00,522.5776989432135
2022-11-11 00:00:00,522.1950336093092
2022-11-13 00:00:00,521.4348045172728
2022-11-14 00:00:00,521.0575261350064
2022-11-15 00:00:00,520.6823265710792
2022-11-16 00:00:00,520.309345196119
2022-11-17 00:00:00,519.9387200703885
2022-11-18 00:00:00,519.5705880238363
2022-11-20 00:00:00,518.8423452320305
2022-11-21 00:00:00,518.4825034403409
2022-11-22 00:00:00,518.1256928761577
2022-11-23 00:00:00,517.7720461631421
2022-11-24 00:00:00,517.4216945715891
2022-11-25 00:00:00,517.0747670913286
2022-11-27 00:00:00,516.3916815767299
2022-11-28 00:00:00,516.0557590421231
2022-11-29 00:00:00,515.7237300050906
2022-11-30 00:00:00,515.3956964286052
2022-12-01 00:00:00,515.0717542399292
2022-12-02 00:00:00,514.7519940020162
2022-12-04 00:00:00,514.1253593912602
2022-12-05 00:00:00,513.818646116646
2022-12-06 00:00:00,513.5164383103732
2022-12-07 00:00:00,513.218810458216
2022-12-08 00:00:00,512.9258355467659
2022-12-09 00:00:00,512.6375854503741
2022-12-11 00:00:00,512.0755432965245
2022-12-12 00:00:00,511.80189160136445
2022-12-13 00:00:00,511.53324562054956
2022-12-14 00:00:00,511.2696744215715
2022-12-15 00:00:00,511.01124668631735
2022-12-16 00:00:00,510.758030771328
2022-12-18 00:00:00,510.26750684333035
2022-12-19 00:00:00,510.0303349719039
2022-12-20 00:00:00,509.79864740952985
2022-12-21 00:00:00,509.57251237060234
2022-12-22 00:00:00,509.35199763352466
2022-12-23 00:00:00,509.13716969529185
2022-12-26 00:00:00,508.5274261576427
2022-12-27 00:00:00,508.3359415034265
2022-12-28 00:00:00,508.15041631514646
2022-12-29 00:00:00,507.97088961224335
2022-12-30 00:00:00,507.7973964014192
2023-01-02 00:00:00,507.31342629096
2023-01-03 00:00:00,507.1643666176849
2023-01-04 00:00:00,507.02148284527084
2023-01-05 00:00:00,506.8848006632736
2023-01-06 00:00:00,506.7543450523083
2023-01-08 00:00:00,506.5122138454125
2023-01-09 00:00:00,506.4005885612289
2023-01-10 00:00:00,506.29529067245664
2023-01-11 00:00:00,506.19634588704037
2023-01-12 00:00:00,506.1037802107878
2023-01-13 00:00:00,506.0176199752211
2023-01-15 00:00:00,505.86462302091854
2023-01-16 00:00:00,505.7978409784266
2023-01-17 00:00:00,505.7375737662078
2023-01-18 00:00:00,505.6838497122461
2023-01-19 00:00:00,505.6366970722777
2023-01-20 00:00:00,505.59614330791476
2023-01-22 00:00:00,505.5349315913289
2023-01-23 00:00:00,505.514314121755
2023-01-24 00:00:00,505.50037458723716
2023-01-25 00:00:00,505.49312089472096
2023-01-26 00:00:00,505.49255651423357
2023-01-27 00:00:00,505.4986814976621
2023-01-29 00:00:00,505.53098889772775
2023-01-30 00:00:00,505.5571629737708
2023-01-31 00:00:00,505.5900107804375
2023-02-01 00:00:00,505.6295271616955
2023-02-02 00:00:00,505.6757069567183
2023-02-03 00:00:00,505.7285451195654
2023-02-05 00:00:00,505.854177612228
2023-02-06 00:00:00,505.926963443486
2023-02-07 00:00:00,506.00639086915805
2023-02-08 00:00:00,506.09245708707317
2023-02-09 00:00:00,506.18516000861166
2023-02-10 00:00:00,506.2844982888066
2023-02-12 00:00:00,506.5030792436198
2023-02-13 00:00:00,506.6223228113439
2023-02-14 00:00:00,506.7482033402234
2023-02-15 00:00:00,506.8807224461565
2023-02-16 00:00:00,507.01988165011096
2023-02-17 00:00:00,507.16568173630833
2023-02-19 00:00:00,507.47719839163767
2023-02-20 00:00:00,507.6429039917509
2023-02-21 00:00:00,507.8152267601953
2023-02-22 00:00:00,507.99415017627723
2023-02-23 00:00:00,508.17965360016694
2023-02-24 00:00:00,508.37171323670657
2023-02-26 00:00:00,508.77539665786344
2023-02-27 00:00:00,508.9869661773555
2023-02-28 00:00:00,509.2049845085297
2023-03-01 00:00:00,509.4294246308218
2023-03-02 00:00:00,509.6602598914907
2023-03-03 00:00:00,509.8974640590542
2023-03-05 00:00:00,510.3908766333965
2023-03-06 00:00:00,510.64703528260884
2023-03-07 00:00:00,510.90946356047243
2023-03-08 00:00:00,511.1781386228914
2023-03-09 00:00:00,511.453038652377
2023-03-10 00:00:00,511.7341429168431
2023-03-12 00:00:00,512.3148865024783
2023-03-13 00:00:00,512.6144892719216
2023-03-14 00:00:00,512.920222715186
2023-03-15 00:00:00,513.2320696215149
2023-03-16 00:00:00,513.5500124150367
2023-03-17 00:00:00,513.8740325036293
2023-03-19 00:00:00,514.5402202988456
2023-03-20 00:00:00,514.882338366599
2023-03-21 00:00:00,515.2304330708541
2023-03-22 00:00:00,515.5844696036772
2023-03-23 00:00:00,515.944409353052
2023-03-24 00:00:00,516.310210703094
2023-03-26 00:00:00,517.059222670062
2023-03-27 01:00:00,517.4583511773965
2023-03-28 01:00:00,517.8473925572712
2023-03-29 01:00:00,518.2420712362651
2023-03-30 01:00:00,518.642343373933
2023-03-31 01:00:00,519.0481656837416
2023-04-02 01:00:00,519.8762905651215
2023-04-03 01:00:00,520.2985096357036
2023-04-04 01:00:00,520.7261121083063
2023-04-05 01:00:00,521.1590584437739
2023-04-06 01:00:00,521.5973102767636
2023-04-09 01:00:00,522.9435341478306
2023-04-10 01:00:00,523.4026490020534
2023-04-11 01:00:00,523.8668944219429
2023-04-12 01:00:00,524.3362366368066
2023-04-13 01:00:00,524.8106409209751
2023-04-14 01:00:00,525.2900708520472
2023-04-16 01:00:00,526.2638491096319
2023-04-17 01:00:00,526.7581098399493
2023-04-18 01:00:00,527.2572201832673
2023-04-19 01:00:00,527.7611266205635
2023-04-20 01:00:00,528.2697720637285
2023-04-21 01:00:00,528.7830965246229
2023-04-23 01:00:00,529.8235330836101
2023-04-24 01:00:00,530.3505181259343
2023-04-25 01:00:00,530.8819292766866
2023-04-26 01:00:00,531.417703004933
2023-04-27 01:00:00,531.9577761843767
2023-04-28 01:00:00,532.5020861317635
2023-04-30 01:00:00,533.6031678694619
2023-05-01 01:00:00,534.1598166936627
2023-05-02 01:00:00,534.7204565667035
2023-05-03 01:00:00,535.2850278494199
2023-05-04 01:00:00,535.8534719944357
2023-05-05 01:00:00,536.4257317137311
2023-05-07 01:00:00,537.5814750727966
2023-05-08 01:00:00,538.1648497294458
2023-05-09 01:00:00,538.7518208703727
2023-05-10 01:00:00,539.342333502046
2023-05-11 01:00:00,539.9363308021505
2023-05-12 01:00:00,540.5337532219509
2023-05-14 01:00:00,541.7386174376185
2023-05-15 01:00:00,542.3459210901232
2023-05-16 01:00:00,542.9563733138623
2023-05-17 01:00:00,543.5698947221341
2023-05-18 01:00:00,544.1864023827072
2023-05-19 01:00:00,544.8058104247484
2023-05-21 01:00:00,546.0529736828701
2023-05-22 01:00:00,546.6805486881092
2023-05-23 01:00:00,547.3106647490577
2023-05-24 01:00:00,547.9432307344291
2023-05-25 01:00:00,548.5781555631221
2023-05-26 01:00:00,549.2153482823408
2023-05-28 01:00:00,550.4961743894679
2023-05-29 01:00:00,551.1396268093492
2023-05-30 01:00:00,551.7849853868695
2023-05-31 01:00:00,552.4321607449112
2023-06-01 01:00:00,553.0810643393195
2023-06-02 01:00:00,553.7316086808038
2023-06-04 01:00:00,555.0372752836288
2023-06-05 01:00:00,555.6922273905374
2023-06-06 01:00:00,556.3484785215538
2023-06-07 01:00:00,557.0059418255607
2023-06-08 01:00:00,557.6645275480712
2023-06-09 01:00:00,558.3241419109645
2023-06-11 01:00:00,559.6460572407984
2023-06-12 01:00:00,560.3081458792159
2023-06-13 01:00:00,560.9708389128631
2023-06-14 01:00:00,561.6340188095098
2023-06-15 01:00:00,562.2975644605715
2023-06-16 01:00:00,562.9613518106509
2023-06-18 01:00:00,564.2891443442044
2023-06-19 01:00:00,564.9528920739344
2023-06-20 01:00:00,565.6163675465677
2023-06-21 01:00:00,566.279440179048
2023-06-22 01:00:00,566.9419791442168
2023-06-23 01:00:00,567.603853507473
2023-06-25 01:00:00,568.9250846211759
2023-06-26 01:00:00,569.5841796633939
2023-06-27 01:00:00,570.242086920667
2023-06-28 01:00:00,570.8986763622136
2023-06-29 01:00:00,571.5538186934546
2023-06-30 01:00:00,572.2073856083564
2023-07-02 01:00:00,573.5092854727047
2023-07-03 01:00:00,574.1573665279776
2023-07-04 01:00:00,574.8033667766821
2023-07-05 01:00:00,575.4471578208822
2023-07-06 01:00:00,576.088607559255
2023-07-07 01:00:00,576.7275788188603
2023-07-09 01:00:00,577.9975078419124
2023-07-10 01:00:00,578.6281621478345
2023-07-11 01:00:00,579.2557322992354
2023-07-12 01:00:00,579.8800552625324
2023-07-13 01:00:00,580.5009649950241
2023-07-14 01:00:00,581.1182931702025
2023-07-16 01:00:00,582.3415237747218
2023-07-17 01:00:00,582.9470833116038
2023-07-18 01:00:00,583.548376372093
2023-07-19 01:00:00,584.1452309982348
2023-07-20 01:00:00,584.737475594628
2023-07-21 01:00:00,585.3249391566873
2023-07-23 01:00:00,586.4848431714954
2023-07-24 01:00:00,587.056946105353
2023-07-25 01:00:00,587.6235933127691
2023-07-26 01:00:00,588.1846193541187
2023-07-27 01:00:00,588.7398605473244
2023-07-28 01:00:00,589.2891552076073
2023-07-30 01:00:00,590.3692687181899
2023-07-31 01:00:00,590.8997739103957
2023-08-01 01:00:00,591.4237035783801
2023-08-02 01:00:00,591.9409006538814
2023-08-03 01:00:00,592.4512049626614
2023-08-04 01:00:00,592.9544517086676
2023-08-06 01:00:00,593.9390865590482
2023-08-07 01:00:00,594.420119547686
2023-08-08 01:00:00,594.8933869563284
2023-08-09 01:00:00,595.3587043852797
2023-08-10 01:00:00,595.8158869016358
2023-08-11 01:00:00,596.2647499393108
2023-08-13 01:00:00,597.1367851305238
2023-08-14 01:00:00,597.5595954927584
2023-08-15 01:00:00,597.9733636526341
2023-08-16 01:00:00,598.3779150222689
2023-08-17 01:00:00,598.7730782157744
2023-08-18 01:00:00,599.1586853906374
2023-08-20 01:00:00,599.9005798847804
2023-08-21 01:00:00,600.2565519058473
2023-08-22 01:00:00,600.6023378035301
2023-08-23 01:00:00,600.937791612152
2023-08-24 01:00:00,601.2627724264865
2023-08-25 01:00:00,601.5771445525929
2023-08-27 01:00:00,602.1735458680132
2023-08-28 01:00:00,602.4553284741208
2023-08-29 01:00:00,602.7260074664634
2023-08-30 01:00:00,602.9854666202106
2023-08-31 01:00:00,603.2335895998798
2023-09-01 01:00:00,603.4702585147993
2023-09-03 01:00:00,603.9087521078793
2023-09-04 01:00:00,604.1103327023577
2023-09-05 01:00:00,604.299974141403
2023-09-06 01:00:00,604.4775585550731
2023-09-07 01:00:00,604.6429725723451
2023-09-08 01:00:00,604.7961083681865
2023-09-10 01:00:00,605.0651458161163
2023-09-11 01:00:00,605.1808650151078
2023-09-12 01:00:00,605.2839418079035
2023-09-13 01:00:00,605.3743038481865
2023-09-14 01:00:00,605.4518869708377
2023-09-15 01:00:00,605.5166355530388
2023-09-17 01:00:00,605.6074513397492
2023-09-18 01:00:00,605.6334528639806
2023-09-19 01:00:00,605.6464888626089
2023-09-20 01:00:00,605.6465503763795
2023-09-21 01:00:00,605.6336379968776
2023-09-22 01:00:00,605.6077616802272
2023-09-24 01:00:00,605.5172015213964
2023-09-25 01:00:00,605.4525799859044
2023-09-26 01:00:00,605.3751170022932
2023-09-27 01:00:00,605.284858580756
2023-09-28 01:00:00,605.1818539832487
2023-09-29 01:00:00,605.0661545342061
2023-10-01 01:00:00,604.7968851062833
2023-10-02 01:00:00,604.6434289986666
2023-10-03 01:00:00,604.4775090036445
2023-10-04 01:00:00,604.2991964380911
2023-10-05 01:00:00,604.1085712021683
2023-10-06 01:00:00,603.9057226917141
2023-10-08 01:00:00,603.4637635398608
2023-10-09 01:00:00,603.2248822356731
2023-10-10 01:00:00,602.9742363661563
2023-10-11 01:00:00,602.7119661423723
2023-10-12 01:00:00,602.4382220336023
2023-10-13 01:00:00,602.1531648353239
2023-10-15 01:00:00,601.5498063271737
2023-10-16 01:00:00,601.2318785074082
2023-10-17 01:00:00,600.9033842176086
2023-10-18 01:00:00,600.5645349804977
2023-10-19 01:00:00,600.2155512304008
2023-10-20 01:00:00,599.8566614405067
2023-10-22 01:00:00,599.1101113748941
2023-10-23 01:00:00,598.7229380367849
2023-10-24 01:00:00,598.3268297761824
2023-10-25 01:00:00,597.9220369205117
2023-10-26 01:00:00,597.5088101642746
2023-10-27 01:00:00,597.087399725223
2023-10-29 01:00:00,596.2210256740343
2023-10-30 00:00:00,595.795173003202
2023-10-31 00:00:00,595.3438242956436
2023-11-01 00:00:00,594.8855390138918
2023-11-02 00:00:00,594.4205778874986
2023-11-03 00:00:00,593.9492068730432
2023-11-05 00:00:00,592.9883256164612
2023-11-06 00:00:00,592.4993731869355
2023-11-07 00:00:00,592.0051257490778
2023-11-08 00:00:00,591.5058731196434
2023-11-09 00:00:00,591.0019088780343
2023-11-10 00:00:00,590.4935301380439
2023-11-12 00:00:00,589.4647341220646
2023-11-13 00:00:00,588.9449268492547
2023-11-14 00:00:00,588.4219242715656
2023-11-15 00:00:00,587.8960366803896
2023-11-16 00:00:00,587.3675748720648
2023-11-17 00:00:00,586.8368488497977
2023-11-19 00:00:00,585.7698315046308
2023-11-20 00:00:00,585.2341432535892
2023-11-21 00:00:00,584.6973944660042
2023-11-22 00:00:00,584.1598709852506
2023-11-23 00:00:00,583.6218511678142
2023-11-24 00:00:00,583.0836057836832
2023-11-26 00:00:00,582.007485800181
2023-11-27 00:00:00,581.4701196243575
2023-11-28 00:00:00,580.9335469382811
2023-11-29 00:00:00,580.398011647968
2023-11-30 00:00:00,579.8637553046348
2023-12-01 00:00:00,579.3310176361421
2023-12-03 00:00:00,578.2710490196997
2023-12-04 00:00:00,577.7442889726211
2023-12-05 00:00:00,577.2199889269989
2023-12-06 00:00:00,576.6983788113233
2023-12-07 00:00:00,576.1796860011443
2023-12-08 00:00:00,575.6641352508054
2023-12-10 00:00:00,574.6433458779256
2023-12-11 00:00:00,574.1385436741218
2023-12-12 00:00:00,573.6377560757041
2023-12-13 00:00:00,573.1411936483779
2023-12-14 00:00:00,572.6490626418081
2023-12-15 00:00:00,572.1615637780318
2023-12-17 00:00:00,571.2012295250404
2023-12-18 00:00:00,570.7287561623147
2023-12-19 00:00:00,570.2616375191157
2023-12-20 00:00:00,569.8000306489554
2023-12-21 00:00:00,569.3440833459987
2023-12-22 00:00:00,568.8939348688887
2023-12-25 00:00:00,567.5795666414847
2023-12-26 00:00:00,567.1538687328391
2023-12-27 00:00:00,566.734571737129
2023-12-28 00:00:00,566.3217838732803
2023-12-29 00:00:00,565.9156109358958
2024-01-01 00:00:00,564.7378085599014
2024-01-02 00:00:00,564.3591121946569
2024-01-03 00:00:00,563.9875290154599
2024-01-04 00:00:00,563.623152413754
2024-01-05 00:00:00,563.2660734344154
2024-01-07 00:00:00,562.5741636190571
2024-01-08 00:00:00,562.2395055045099
2024-01-09 00:00:00,561.9124906789478
2024-01-10 00:00:00,561.5932005040597
2024-01-11 00:00:00,561.2817133756564
2024-01-12 00:00:00,560.9781035942672
2024-01-14 00:00:00,560.3947845567014
2024-01-15 00:00:00,560.1151916105098
2024-01-16 00:00:00,559.8437074592252
2024-01-17 00:00:00,559.580370863125
2024-01-18 00:00:00,559.3252139417867
2024-01-19 00:00:00,559.0782633139995
2024-01-21 00:00:00,558.6090666397725
2024-01-22 00:00:00,558.3868559424925
2024-01-23 00:00:00,558.1729237878876
2024-01-24 00:00:00,557.9672835880784
2024-01-25 00:00:00,557.769947975318
2024-01-26 00:00:00,557.5809291368573
2024-01-28 00:00:00,557.2278895562102
2024-01-29 00:00:00,557.063892493749
2024-01-30 00:00:00,556.9082595768991
2024-01-31 00:00:00,556.7610023946394
2024-02-01 00:00:00,556.6221323567438
2024-02-02 00:00:00,556.4916606796122
2024-02-04 00:00:00,556.2559564594642
2024-02-05 00:00:00,556.1507456451302
2024-02-06 00:00:00,556.0539765871649
2024-02-07 00:00:00,555.9656594214925
2024-02-08 00:00:00,555.8858031661712
2024-02-09 00:00:00,555.8144146925682
2024-02-11 00:00:00,555.6970496796426
2024-02-12 00:00:00,555.6510641330688
2024-02-13 00:00:00,555.6135269770092
2024-02-14 00:00:00,555.5844186646877
2024-02-15 00:00:00,555.5637149634313
2024-02-16 00:00:00,555.5513883060888
2024-02-18 00:00:00,555.551746519298
2024-02-19 00:00:00,555.5643696324805
2024-02-20 00:00:00,555.5852474472005
2024-02-21 00:00:00,555.6143494231549
2024-02-22 00:00:00,555.6516456356771
2024-02-23 00:00:00,555.6971069253476
2024-02-25 00:00:00,555.8124125615888
2024-02-26 00:00:00,555.8822032456133
2024-02-27 00:00:00,555.9600517218279
2024-02-28 00:00:00,556.0459336120771
2024-02-29 00:00:00,556.139825445823
2024-03-01 00:00:00,556.2417045981592
2024-03-03 00:00:00,556.4693382178795
2024-03-04 00:00:00,556.5950510816749
2024-03-05 00:00:00,556.7286678057181
2024-03-06 00:00:00,556.8701685275331
2024-03-07 00:00:00,557.0195329676711
2024-03-08 00:00:00,557.1767395376834
2024-03-10 00:00:00,557.5145788813487
2024-03-11 00:00:00,557.6951509235855
2024-03-12 00:00:00,557.883442070241
2024-03-13 00:00:00,558.0794090916293
2024-03-14 00:00:00,558.2830048040244
2024-03-15 00:00:00,558.4941794953302
2024-03-17 00:00:00,558.9390622570145
2024-03-18 00:00:00,559.1726690012631
2024-03-19 00:00:00,559.4136531241405
2024-03-20 00:00:00,559.6619663407785
2024-03-21 00:00:00,559.9175615466253
2024-03-22 00:00:00,560.1803928409824
2024-03-24 00:00:00,560.727586259581
2024-03-25 00:00:00,561.0118628600993
2024-03-26 00:00:00,561.3032045705713
2024-03-27 00:00:00,561.6015719465863
2024-03-28 00:00:00,561.906926845763
2024-03-31 00:00:00,562.8645529205083
2024-04-01 01:00:00,563.2114120119286
2024-04-02 01:00:00,563.5514544915559
2024-04-03 01:00:00,563.8982740977596
2024-04-04 01:00:00,564.2518366205107
2024-04-05 01:00:00,564.6121064734754
2024-04-07 01:00:00,565.3526127744642
2024-04-08 01:00:00,565.7327618578393
2024-04-09 01:00:00,566.1194421414859
2024-04-10 01:00:00,566.5125981815318
2024-04-11 01:00:00,566.9121708070443
2024-04-12 01:00:00,567.318098463455
2024-04-14 01:00:00,568.1487687439512
2024-04-15 01:00:00,568.5733873045226
2024-04-16 01:00:00,569.0041138566546
2024-04-17 01:00:00,569.4408892999916
2024-04-18 01:00:00,569.8836558370537
2024-04-19 01:00:00,570.3323569193878
2024-04-21 01:00:00,571.2473425813329
2024-04-22 01:00:00,572.0435231192719
2024-04-23 01:00:00,572.8644035699815
2024-04-24 01:00:00,573.6914395947695
2024-04-25 01:00:00,574.5245662091403
2024-04-26 01:00:00,575.3637203809324
2024-04-28 01:00:00,577.0598671136138
2024-04-29 01:00:00,577.9167400340845
2024-04-30 01:00:00,578.7793999837611
2024-05-01 01:00:00,579.6477866158433
2024-05-02 01:00:00,580.5218378132336
2024-05-03 01:00:00,581.4014886366172
2024-05-05 01:00:00,583.1773087131587
2024-05-06 01:00:00,584.0733245983664
2024-05-07 01:00:00,584.9746324515517
2024-05-08 01:00:00,585.8811415203343
2024-05-09 01:00:00,586.7927569712023
2024-05-10 01:00:00,587.7093815850789
2024-05-12 01:00:00,589.557267577333
2024-05-13 01:00:00,590.4883364232641
2024-05-14 01:00:00,591.4240307125767
2024-05-15 01:00:00,592.3642593157535
2024-05-16 01:00:00,593.3089331625665
2024-05-17 01:00:00,594.2579650588864
2024-05-19 01:00:00,596.1687627460358
2024-05-20 01:00:00,597.1303625135673
2024-05-21 01:00:00,598.0959883396124
2024-05-22 01:00:00,599.0655614924314
2024-05-23 01:00:00,600.0390050143269
2024-05-24 01:00:00,601.0162435995456
2024-05-26 01:00:00,602.9818108701162
2024-05-27 01:00:00,603.9699931902783
2024-05-28 01:00:00,604.96167608516
2024-05-29 01:00:00,605.9567833388205
2024-05-30 01:00:00,606.9552355586848
2024-05-31 01:00:00,607.9569491265869
2024-06-02 01:00:00,609.9697995007448
2024-06-03 01:00:00,610.9807410736053
2024-06-04 01:00:00,611.994553321358
2024-06-05 01:00:00,613.0111241738919
2024-06-06 01:00:00,614.0303372803523
2024-06-07 01:00:00,615.0520734245882
2024-06-09 01:00:00,617.102632320593
2024-06-10 01:00:00,618.1312145119052
2024-06-11 01:00:00,619.1618400670864
2024-06-12 01:00:00,620.1943919997697
2024-06-13 01:00:00,621.2287547950523
2024-06-14 01:00:00,622.2648142497366
2024-06-16 01:00:00,624.3415719911544
2024-06-17 01:00:00,625.3820473382237
2024-06-18 01:00:00,626.4237735337935
2024-06-19 01:00:00,627.4666420036576
2024-06-20 01:00:00,628.5105455063257
2024-06-21 01:00:00,629.5553780873602
2024-06-23 01:00:00,631.6474109791699
2024-06-24 01:00:00,632.6944013873497
2024-06-25 01:00:00,633.7418987156782
2024-06-26 01:00:00,634.7897921853674
2024-06-27 01:00:00,635.8379661229365
2024-06-28 01:00:00,636.8862988300206
2024-06-30 01:00:00,638.9829197667996
2024-07-01 01:00:00,640.030930257426
2024-07-02 01:00:00,641.0785447655845
2024-07-03 01:00:00,642.1256093135935
2024-07-04 01:00:00,643.1719656199599
2024-07-05 01:00:00,644.2174523342908
2024-07-07 01:00:00,646.3051634867061
2024-07-08 01:00:00,647.347060161324
2024-07-09 01:00:00,648.3874331091228
2024-07-10 01:00:00,649.426120061273
2024-07-11 01:00:00,650.4629597084153
2024-07-12 01:00:00,651.4977916202713
2024-07-14 01:00:00,653.5607942466372
2024-07-15 01:00:00,654.5886476633262
2024-07-16 01:00:00,655.6138588366258
2024-07-17 01:00:00,656.6362711465708
2024-07-18 01:00:00,657.6557290502864
2024-07-19 01:00:00,658.6720781191209
2024-07-21 01:00:00,660.6948357534699
2024-07-22 01:00:00,661.7009366244037
2024-07-23 01:00:00,662.703310364712
2024-07-24 01:00:00,663.7017952826028
2024-07-25 01:00:00,664.6962232418178
2024-07-26 01:00:00,665.6864183903713
2024-07-28 01:00:00,667.6533659243844
2024-07-29 01:00:00,668.6297269597453
2024-07-30 01:00:00,669.6010744258484
2024-07-31 01:00:00,670.5671982039318
2024-08-01 01:00:00,671.5278846353551
2024-08-02 01:00:00,672.4829176989922
2024-08-04 01:00:00,674.3751540334368
2024-08-05 01:00:00,675.3119222205713
2024-08-06 01:00:00,676.2421681446438
2024-08-07 01:00:00,677.1656765431087
2024-08-08 01:00:00,678.0822335469062
2024-08-09 01:00:00,678.9916267278788
2024-08-11 01:00:00,680.7880790374836
2024-08-12 01:00:00,681.6747204534605
2024-08-13 01:00:00,682.5533627726833
2024-08-14 01:00:00,683.4238011818891
2024-08-15 01:00:00,684.2858328095067
2024-08-16 01:00:00,685.1392568229697
2024-08-18 01:00:00,686.8194873800751
2024-08-19 01:00:00,687.6458983828514
2024-08-20 01:00:00,688.4629074532336
2024-08-21 01:00:00,689.2703104227547
2024-08-22 01:00:00,690.0678965698122
2024-08-23 01:00:00,690.8554471780977
2024-08-25 01:00:00,692.3995263134385
2024-08-26 01:00:00,693.155580079241
2024-08-27 01:00:00,693.9006522661134
2024-08-28 01:00:00,694.6344964284629
2024-08-29 01:00:00,695.3568654779665
2024-08-30 01:00:00,696.0675129084157
2024-09-01 01:00:00,697.4526654244155
2024-09-02 01:00:00,698.1266882276265
2024-09-03 01:00:00,698.7880259998321
2024-09-04 01:00:00,699.4364464551354
2024-09-05 01:00:00,700.0717214966354
2024-09-06 01:00:00,700.6936274221281
2024-09-08 01:00:00,701.8964598750331
2024-09-09 01:00:00,702.4769620672099
2024-09-10 01:00:00,703.0432467131305
2024-09-11 01:00:00,703.5951139295573
2024-09-12 01:00:00,704.1323690360465
2024-09-13 01:00:00,704.654822620794
2024-09-15 01:00:00,705.654592353588
2024-09-16 01:00:00,706.1315518740253
2024-09-17 01:00:00,706.5929933074076
2024-09-18 01:00:00,707.0387396689899
2024-09-19 01:00:00,707.4686101844392
2024-09-20 01:00:00,707.8824187498119
2024-09-22 01:00:00,708.661080020013
2024-09-23 01:00:00,709.0255402347611
2024-09-24 01:00:00,709.3731586853721
2024-09-25 01:00:00,709.7037431797971
2024-09-26 01:00:00,710.0171070158156
2024-09-27 01:00:00,710.3130702936875
2024-09-29 01:00:00,710.8521147063599
2024-09-30 01:00:00,711.0948769569305
2024-10-01 01:00:00,711.3196018335609
2024-10-02 01:00:00,711.526153308372
2024-10-03 01:00:00,711.7144054307223
2024-10-04 01:00:00,711.8842426493067
2024-10-06 01:00:00,712.1682636250273
2024-10-07 01:00:00,712.282270223189
2024-10-08 01:00:00,712.3775077900206
2024-10-09 01:00:00,712.4539153060066
2024-10-10 01:00:00,712.5114427594757
2024-10-11 01:00:00,712.5500509731128
2024-10-13 01:00:00,712.5704042513174
2024-10-14 01:00:00,712.5521192505723
2024-10-15 01:00:00,712.5148515493604
2024-10-16 01:00:00,712.4586004040949
2024-10-17 01:00:00,712.3833666864844
2024-10-18 01:00:00,712.289151474628
2024-10-20 01:00:00,712.0437843595005
2024-10-21 01:00:00,711.8926447237603
2024-10-22 01:00:00,711.7225544536864
2024-10-23 01:00:00,711.5335420799839
2024-10-24 01:00:00,711.3256495390277
2024-10-25 01:00:00,711.0989334143335
2024-10-27 01:00:00,710.5893334796993
2024-10-28 00:00:00,710.3186086758822
2024-10-29 00:00:00,710.0182428457405
2024-10-30 00:00:00,709.6995640558117
2024-10-31 00:00:00,709.3627227328504
2024-11-01 00:00:00,709.0078855643471
2024-11-03 00:00:00,708.2449721045954
2024-11-04 00:00:00,707.8373105987217
2024-11-05 00:00:00,707.4124822768417
2024-11-06 00:00:00,706.9707335888781
2024-11-07 00:00:00,706.5123255101076
2024-11-08 00:00:00,706.0375326445029
2024-11-10 00:00:00,705.039952088672
2024-11-11 00:00:00,704.5177701618401
2024-11-12 00:00:00,703.9804111590382
2024-11-13 00:00:00,703.4281949758117
2024-11-14 00:00:00,702.8614445756808
2024-11-15 00:00:00,702.2804847922029
2024-11-17 00:00:00,701.077247925929
2024-11-18 00:00:00,700.4556379238312
2024-11-19 00:00:00,699.8211584514823
2024-11-20 00:00:00,699.1741674468966
2024-11-21 00:00:00,698.515036444404
2024-11-22 00:00:00,697.844151270729
2024-11-24 00:00:00,696.4687323993654
2024-11-25 00:00:00,695.7650393422364
2024-11-26 00:00:00,695.0512720110137
2024-11-27 00:00:00,694.3278813189936
2024-11-28 00:00:00,693.5953293543583
2024-11-29 00:00:00,692.8540888776647
2024-12-01 00:00:00,691.3474834967462
2024-12-02 00:00:00,690.5831120401385
2024-12-03 00:00:00,689.8120370039904
2024-12-04 00:00:00,689.034773094331
2024-12-05 00:00:00,688.2518394594847
2024-12-06 00:00:00,687.4637577933855
2024-12-08 00:00:00,685.8742376084101
2024-12-09 00:00:00,685.0738366778753
2024-12-10 00:00:00,684.2703588430605
2024-12-11 00:00:00,683.4643080834786
2024-12-12 00:00:00,682.6561797685212
2024-12-13 00:00:00,681.8464601415785
2024-12-15 00:00:00,680.2241499256435
2024-12-16 00:00:00,679.4124948336226
2024-12-17 00:00:00,678.6011239212114
2024-12-18 00:00:00,677.7904988412074
2024-12-19 00:00:00,676.9810816694181
2024-12-20 00:00:00,676.1733352513738
2024-12-22 00:00:00,674.5647073225588
2024-12-23 00:00:00,673.7647502384106
2024-12-24 00:00:00,672.9683108802158
2024-12-25 00:00:00,672.1758454849074
2024-12-26 00:00:00,671.3878065999743
2024-12-27 00:00:00,670.6046425762808
2024-12-29 00:00:00,669.0547087721326
2024-12-30 00:00:00,668.2888102653654
2024-12-31 00:00:00,667.5295275205488
2025-01-01 00:00:00,666.7772783318222
2025-01-02 00:00:00,666.0324706830736
2025-01-03 00:00:00,665.2955008389857
2025-01-05 00:00:00,663.84658970346
2025-01-06 00:00:00,663.1353662139026
2025-01-07 00:00:00,662.4334139603347
2025-01-08 00:00:00,661.7410483117364
2025-01-09 00:00:00,661.0585673128963
2025-01-10 00:00:00,660.386252609731
2025-01-12 00:00:00,659.0731756899505
2025-01-13 00:00:00,658.4329095578327
2025-01-14 00:00:00,657.8038060199253
2025-01-15 00:00:00,657.1860913665223
2025-01-16 00:00:00,656.5799858611873
2025-01-17 00:00:00,655.9857043650562
2025-01-19 00:00:00,654.8334460282371
2025-01-20 00:00:00,654.2758711299425
2025-01-21 00:00:00,653.7309232554919
2025-01-22 00:00:00,653.1987871489239
2025-01-23 00:00:00,652.6796405880007
2025-01-24 00:00:00,652.1736543358244
2025-01-26 00:00:00,651.2018108927344
2025-01-27 00:00:00,650.7362602064524
2025-01-28 00:00:00,650.2844822764232
2025-01-29 00:00:00,649.846610892777
2025-01-30 00:00:00,649.4227701713038
2025-01-31 00:00:00,649.0130729205534
2025-02-02 00:00:00,648.2364937324492
2025-02-03 00:00:00,647.8697677024262
2025-02-04 00:00:00,647.5174964585588
2025-02-05 00:00:00,647.179721708463
2025-02-06 00:00:00,646.8564727903532
2025-02-07 00:00:00,646.5477684889693
2025-02-09 00:00:00,645.9740274005671
2025-02-10 00:00:00,645.70899203841
2025-02-11 00:00:00,645.4585072770387
2025-02-12 00:00:00,645.2225650341646
2025-02-13 00:00:00,645.0011555655828
2025-02-14 00:00:00,644.7942679717411
2025-02-16 00:00:00,644.4240098928739
2025-02-17 00:00:00,644.2606123362317
2025-02-18 00:00:00,644.1116820230346
2025-02-19 00:00:00,643.9772015024565
2025-02-20 00:00:00,643.8571514152625
2025-02-21 00:00:00,643.7515104431676
2025-02-23 00:00:00,643.5833609095204
2025-02-24 00:00:00,643.5208000258498
2025-02-25 00:00:00,643.4725432196846
2025-02-26 00:00:00,643.4385580206379
2025-02-27 00:00:00,643.4188077581147
2025-02-28 00:00:00,643.4132499348487
2025-03-02 00:00:00,643.444501969137
2025-03-03 00:00:00,643.4811834405821
2025-03-04 00:00:00,643.5318002138301
2025-03-05 00:00:00,643.5962655154667
2025-03-06 00:00:00,643.6744863978033
2025-03-07 00:00:00,643.7663658538419
2025-03-09 00:00:00,643.9907031708566
2025-03-10 00:00:00,644.1229618885237
2025-03-11 00:00:00,644.2684828157564
2025-03-12 00:00:00,644.4271697255327
2025-03-13 00:00:00,644.5989285665718
2025-03-14 00:00:00,644.7836676467181
2025-03-16 00:00:00,645.1917316325563
2025-03-17 00:00:00,645.4148846466502
2025-03-18 00:00:00,645.6506736713542
2025-03-19 00:00:00,645.8990172567919
2025-03-20 00:00:00,646.1598353056362
2025-03-21 00:00:00,646.4330488840583
2025-03-23 00:00:00,647.0163518600635
2025-03-24 00:00:00,647.3262878951317
2025-03-25 00:00:00,647.6483121734749
2025-03-26 00:00:00,647.98234834379
2025-03-27 00:00:00,648.3283186243663
2025-03-28 00:00:00,648.6861422711154
2025-03-30 00:00:00,649.4370011910926
2025-03-31 01:00:00,649.8462678312825
2025-04-01 01:00:00,650.2510589493893
2025-04-02 01:00:00,650.667202933009
2025-04-03 01:00:00,651.0945835559614
2025-04-04 01:00:00,651.5330832697612
2025-04-06 01:00:00,652.442974185573
2025-04-07 01:00:00,652.9141381917682
2025-04-08 01:00:00,653.395968073482
2025-04-09 01:00:00,653.8883580190267
2025-04-10 01:00:00,654.3912054927777
2025-04-11 01:00:00,654.9044111813866
2025-04-13 01:00:00,655.9615154875497
2025-04-14 01:00:00,656.505230612401
2025-04-15 01:00:00,657.0589366071039
2025-04-16 01:00:00,657.622548215352
2025-04-17 01:00:00,658.1959823423459
2025-04-20 01:00:00,659.9744157980429
2025-04-21 01:00:00,660.5863429954769
2025-04-22 01:00:00,661.2077000154281
2025-04-23 01:00:00,661.8384101703789
2025-04-24 01:00:00,662.4783956743908
2025-04-25 01:00:00,663.1275762886854
2025-04-27 01:00:00,664.4531799884704
2025-04-28 01:00:00,665.1294165429906
2025-04-29 01:00:00,665.8144741192339
2025-04-30 01:00:00,666.5082440048028
2025-05-01 01:00:00,667.2106141212736
2025-05-02 01:00:00,667.9214714027462
2025-05-04 01:00:00,669.3682019373836
2025-05-05 01:00:00,670.1038593175482
2025-05-06 01:00:00,670.8475730613972
2025-05-07 01:00:00,671.5992435816308
2025-05-08 01:00:00,672.3587744475166
2025-05-09 01:00:00,673.1260721836727
2025-05-11 01:00:00,674.6836081693702
2025-05-12 01:00:00,675.4736728811345
2025-05-13 01:00:00,676.2711571362255
2025-05-14 01:00:00,677.0759800667523
2025-05-15 01:00:00,677.8880628144298
2025-05-16 01:00:00,678.70732824737
2025-05-18 01:00:00,680.3671051325908
2025-05-19 01:00:00,681.207467514012
2025-05-20 01:00:00,682.0547133608059
2025-05-21 01:00:00,682.9087674265937
2025-05-22 01:00:00,683.769552658878
2025-05-23 01:00:00,684.636989017738
2025-05-25 01:00:00,686.391472019519
2025-05-26 01:00:00,687.2783321948489
2025-05-27 01:00:00,688.1714696100812
2025-05-28 01:00:00,689.0707756029121
2025-05-29 01:00:00,689.9761377486459
2025-05-30 01:00:00,690.8874421186495
2025-06-01 01:00:00,692.7274262258587
2025-06-02 01:00:00,693.6558863138865
2025-06-03 01:00:00,694.5898503577456
2025-06-04 01:00:00,695.5292160687902
2025-06-05 01:00:00,696.4738838637168
2025-06-06 01:00:00,697.4237565777938
2025-06-08 01:00:00,699.3387388793761
2025-06-09 01:00:00,700.3036645081374
2025-06-10 01:00:00,701.2734269718238
2025-06-11 01:00:00,702.2479388896197
2025-06-12 01:00:00,703.2271144766653
2025-06-13 01:00:00,704.2108692635402
2025-06-15 01:00:00,706.1917825014433
2025-06-16 01:00:00,707.1887741652521
2025-06-17 01:00:00,708.1900099635651
2025-06-18 01:00:00,709.1954031328199
2025-06-19 01:00:00,710.2048638510146
2025-06-20 01:00:00,711.2182981636278
2025-06-22 01:00:00,713.2566848422508
2025-06-23 01:00:00,714.2814200153134
2025-06-24 01:00:00,715.309693942787
2025-06-25 01:00:00,716.3413824247383
2025-06-26 01:00:00,717.3763571351581
2025-06-27 01:00:00,718.4144876056716
2025-06-29 01:00:00,720.4996944316314
2025-06-30 01:00:00,721.5465142401977
2025-07-01 01:00:00,722.595977930979
2025-07-02 01:00:00,723.6479632878148
2025-07-03 01:00:00,724.7023502502032
2025-07-04 01:00:00,725.7590205893111
2025-07-06 01:00:00,727.8787460834219
2025-07-07 01:00:00,728.9415719363458
2025-07-08 01:00:00,730.0062224417317
2025-07-09 01:00:00,731.0725860790523
2025-07-10 01:00:00,732.1405524508688
2025-07-11 01:00:00,733.2100120308671
2025-07-13 01:00:00,735.3529740381609
2025-07-14 01:00:00,736.4262563892091
2025-07-15 01:00:00,737.5005897571446
2025-07-16 01:00:00,738.5758576291686
2025-07-17 01:00:00,739.6519388328949
2025-07-18 01:00:00,740.7287065275232
2025-07-20 01:00:00,742.8837612818058
2025-07-21 01:00:00,743.9617609167029
2025-07-22 01:00:00,745.03987256469
2025-07-23 01:00:00,746.1179368824315
2025-07-24 01:00:00,747.1957903666779
2025-07-25 01:00:00,748.2732670430887
2025-07-27 01:00:00,750.4264234722415
2025-07-28 01:00:00,751.5017723396044
2025-07-29 01:00:00,752.576083965676
2025-07-30 01:00:00,753.6491975207952
2025-07-31 01:00:00,754.7209539151721
2025-08-01 01:00:00,755.7911954990736
2025-08-03 01:00:00,757.9265092897264
2025-08-04 01:00:00,758.9912713900453
2025-08-05 01:00:00,760.0538983895854
2025-08-06 01:00:00,761.1142375226203
2025-08-07 01:00:00,762.1721369383974
2025-08-08 01:00:00,763.2274455198559
