datetime,cycle
1999-06-03 01:00:00,1210.6953538686244
1999-06-04 01:00:00,1208.138399557539
1999-06-06 01:00:00,1203.5591763033945
1999-06-07 01:00:00,1201.4445425189333
1999-06-08 01:00:00,1199.3820494791962
1999-06-09 01:00:00,1197.3357734894896
1999-06-10 01:00:00,1195.290141219766
1999-06-11 01:00:00,1193.254379634948
1999-06-13 01:00:00,1189.3590590552435
1999-06-14 01:00:00,1187.6001639389965
1999-06-15 01:00:00,1186.0270804162228
1999-06-16 01:00:00,1184.6625278317872
1999-06-17 01:00:00,1183.5051810345904
1999-06-18 01:00:00,1182.5315646466518
1999-06-20 01:00:00,1180.9740326869844
1999-06-21 01:00:00,1180.8306374232955
1999-06-22 01:00:00,1181.967331622808
1999-06-23 01:00:00,1183.1524493957058
1999-06-24 01:00:00,1184.3852535688645
1999-06-25 01:00:00,1185.6702777650758
1999-06-27 01:00:00,1188.433359281417
1999-06-28 01:00:00,1189.9331450008765
1999-06-29 01:00:00,1191.5247288848934
1999-06-30 01:00:00,1193.2142436637146
1999-07-01 01:00:00,1195.0036907285064
1999-07-02 01:00:00,1196.8906492543026
1999-07-04 01:00:00,1200.9283667897946
1999-07-05 01:00:00,1203.0589537738178
1999-07-06 01:00:00,1205.2502594824248
1999-07-07 01:00:00,1207.4946320157626
1999-07-08 01:00:00,1209.7884548190905
1999-07-09 01:00:00,1212.1328170827542
1999-07-11 01:00:00,1216.5319257824258
1999-07-12 01:00:00,1218.5693420184557
1999-07-13 01:00:00,1220.6653838594727
1999-07-14 01:00:00,1222.8221750575863
1999-07-15 01:00:00,1225.0370478576922
1999-07-16 01:00:00,1227.3028072412196
1999-07-18 01:00:00,1231.9422694606835
1999-07-19 01:00:00,1234.2898951087172
1999-07-20 01:00:00,1236.6387422038435
1999-07-21 01:00:00,1238.9769385878499
1999-07-22 01:00:00,1241.2937771367249
1999-07-23 01:00:00,1243.5794132826268
1999-07-25 01:00:00,1248.0183853343349
1999-07-26 01:00:00,1250.1506946562013
1999-07-27 01:00:00,1252.208709094769
1999-07-28 01:00:00,1254.1783685613325
1999-07-29 01:00:00,1256.0442817830929
1999-07-30 01:00:00,1257.7902617946124
1999-08-01 01:00:00,1260.858456761748
1999-08-02 01:00:00,1262.1517708779854
1999-08-03 01:00:00,1263.2689363787854
1999-08-04 01:00:00,1264.2017002671341
1999-08-05 01:00:00,1264.94466905803
1999-08-06 01:00:00,1265.4948854831798
1999-08-08 01:00:00,1266.0136093518863
1999-08-09 01:00:00,1265.9827840734033
1999-08-10 01:00:00,1265.76004052036
1999-08-11 01:00:00,1265.3476454945544
1999-08-12 01:00:00,1264.2085241829993
1999-08-13 01:00:00,1262.3873668691967
1999-08-15 01:00:00,1258.2094846982968
1999-08-16 01:00:00,1255.879318022345
1999-08-17 01:00:00,1253.4100936989041
1999-08-18 01:00:00,1250.8200873916528
1999-08-19 01:00:00,1248.1280616588947
1999-08-20 01:00:00,1245.3524070832132
1999-08-22 01:00:00,1239.618292528473
1999-08-23 01:00:00,1238.7864696753545
1999-08-24 01:00:00,1239.2316099868128
1999-08-25 01:00:00,1239.7945484596728
1999-08-26 01:00:00,1240.4838211221688
1999-08-27 01:00:00,1241.305520282889
1999-08-29 01:00:00,1249.1031813088773
1999-08-30 01:00:00,1255.1499395525677
1999-08-31 01:00:00,1261.2828361720549
1999-09-01 01:00:00,1267.4794463790645
1999-09-02 01:00:00,1273.7205596848141
1999-09-03 01:00:00,1279.9919516708587
1999-09-05 01:00:00,1292.59905830046
1999-09-06 01:00:00,1298.9351166572787
1999-09-07 01:00:00,1305.2986974525668
1999-09-08 01:00:00,1311.694812879127
1999-09-09 01:00:00,1318.1261855955752
1999-09-10 01:00:00,1324.5916543147152
1999-09-12 01:00:00,1337.5980245349522
1999-09-13 01:00:00,1344.1164451602483
1999-09-14 01:00:00,1350.6271532896324
1999-09-15 01:00:00,1357.1176513869968
1999-09-16 01:00:00,1363.5785774525625
1999-09-17 01:00:00,1370.005198736361
1999-09-19 01:00:00,1382.7633744746463
1999-09-20 01:00:00,1389.1110433462932
1999-09-21 01:00:00,1395.453955857459
1999-09-22 01:00:00,1401.8052430447337
1999-09-23 01:00:00,1408.1758962887948
1999-09-24 01:00:00,1414.5724073787935
1999-09-26 01:00:00,1427.436767185348
1999-09-27 01:00:00,1433.8846864510579
1999-09-28 01:00:00,1440.321728495403
1999-09-29 01:00:00,1446.7305981518402
1999-09-30 01:00:00,1453.097714826606
1999-10-01 01:00:00,1459.416528658356
1999-10-03 01:00:00,1471.9255813421291
1999-10-04 01:00:00,1478.1417124975364
1999-10-05 01:00:00,1484.3552242259784
1999-10-06 01:00:00,1490.5818432753194
1999-10-07 01:00:00,1495.751081755904
1999-10-08 01:00:00,1498.9221272393813
1999-10-10 01:00:00,1505.3961974637673
1999-10-11 01:00:00,1508.6693214813024
1999-10-12 01:00:00,1511.9405542736515
1999-10-13 01:00:00,1515.1906317709315
1999-10-14 01:00:00,1518.4041081144721
1999-10-15 01:00:00,1521.571641589642
1999-10-17 01:00:00,1525.964468193401
1999-10-18 01:00:00,1526.3795255962543
1999-10-19 01:00:00,1526.8283044669695
1999-10-20 01:00:00,1527.3314173434599
1999-10-21 01:00:00,1527.9075131180177
1999-10-22 01:00:00,1528.5699457577978
1999-10-24 01:00:00,1530.166408259459
1999-10-25 01:00:00,1531.0847762101
1999-10-26 01:00:00,1532.062205710375
1999-10-27 01:00:00,1533.0814954992113
1999-10-28 01:00:00,1534.130807839786
1999-10-29 01:00:00,1535.2078611492097
1999-10-31 01:00:00,1537.4946642875234
1999-11-01 00:00:00,1538.6984081583146
1999-11-02 00:00:00,1540.069197058218
1999-11-03 00:00:00,1541.5867134138089
1999-11-04 00:00:00,1543.2758139335647
1999-11-05 00:00:00,1545.1531255741895
1999-11-07 00:00:00,1549.4916560849747
1999-11-08 00:00:00,1551.9408195793364
1999-11-09 00:00:00,1554.557664634516
1999-11-10 00:00:00,1557.3231820077413
1999-11-11 00:00:00,1560.2168473678757
1999-11-12 00:00:00,1563.2178087675024
1999-11-14 00:00:00,1569.458455242907
1999-11-15 00:00:00,1572.6557619490939
1999-11-16 00:00:00,1575.874517541169
1999-11-17 00:00:00,1579.0903609631714
1999-11-18 00:00:00,1582.2769494747436
1999-11-19 00:00:00,1585.4057429511524
1999-11-21 00:00:00,1591.3651894750767
1999-11-22 00:00:00,1594.1305254142528
1999-11-23 00:00:00,1596.7115422167785
1999-11-24 00:00:00,1599.0839216862757
1999-11-25 00:00:00,1601.2333610025528
1999-11-26 00:00:00,1603.158425689637
1999-11-28 00:00:00,1606.3953682392441
1999-11-29 00:00:00,1607.762371497969
1999-11-30 00:00:00,1609.0064981992757
1999-12-01 00:00:00,1610.1600902201185
1999-12-02 00:00:00,1611.2496739958863
1999-12-03 00:00:00,1610.205055869159
1999-12-05 00:00:00,1604.3364729826262
1999-12-06 00:00:00,1600.9488123821027
1999-12-07 00:00:00,1597.5128260714876
1999-12-08 00:00:00,1594.05151956151
1999-12-09 00:00:00,1590.58406803722
1999-12-10 00:00:00,1587.1240246989553
1999-12-12 00:00:00,1580.2474404665386
1999-12-13 00:00:00,1576.8257633678118
1999-12-14 00:00:00,1573.4035823212628
1999-12-15 00:00:00,1569.969032306817
1999-12-16 00:00:00,1564.805698050899
1999-12-17 00:00:00,1558.8505461215616
1999-12-19 00:00:00,1546.8349508067042
1999-12-20 00:00:00,1540.7865614801283
1999-12-21 00:00:00,1534.7275495319143
1999-12-22 00:00:00,1528.6726938475504
1999-12-23 00:00:00,1522.6347692192985
1999-12-24 00:00:00,1516.6216785774486
1999-12-26 00:00:00,1504.669881551795
1999-12-27 00:00:00,1498.717422467433
1999-12-28 00:00:00,1492.7664711381012
1999-12-29 00:00:00,1486.8065710894898
1999-12-30 00:00:00,1480.8299875001812
1999-12-31 00:00:00,1474.832963035638
2000-01-02 00:00:00,1462.783465037925
2000-01-03 00:00:00,1456.7421247064738
2000-01-04 00:00:00,1450.6999586654824
2000-01-05 00:00:00,1444.6645290592173
2000-01-06 00:00:00,1438.6417890965936
2000-01-07 00:00:00,1432.6352587238412
2000-01-09 00:00:00,1420.6711255792911
2000-01-10 00:00:00,1414.7075372493277
2000-01-11 00:00:00,1408.749539386156
2000-01-12 00:00:00,1402.7914477234067
2000-01-13 00:00:00,1396.8282913767107
2000-01-14 00:00:00,1390.856687389166
2000-01-16 00:00:00,1378.885240013185
2000-01-17 00:00:00,1372.8888455299466
2000-01-18 00:00:00,1366.889569960234
2000-01-19 00:00:00,1360.8905453805828
2000-01-20 00:00:00,1354.8938096471352
2000-01-21 00:00:00,1348.8998900091738
2000-01-23 00:00:00,1330.450536699347
2000-01-24 00:00:00,1321.0248704539044
2000-01-25 00:00:00,1311.5791394045202
2000-01-26 00:00:00,1302.114730415123
2000-01-27 00:00:00,1292.6370200183724
2000-01-28 00:00:00,1283.154504821609
2000-01-30 00:00:00,1264.2145583204233
2000-01-31 00:00:00,1254.7744115764576
2000-02-01 00:00:00,1245.3617321716454
2000-02-02 00:00:00,1235.9789890670902
2000-02-03 00:00:00,1226.6271719198926
2000-02-04 00:00:00,1217.3076712862894
2000-02-06 00:00:00,1198.787937347248
2000-02-07 00:00:00,1189.6147789802117
2000-02-08 00:00:00,1180.5319560841706
2000-02-09 00:00:00,1171.5757559399476
2000-02-10 00:00:00,1162.790620749907
2000-02-11 00:00:00,1154.225976471878
2000-02-13 00:00:00,1137.952976088784
2000-02-14 00:00:00,1130.3262393650646
2000-02-15 00:00:00,1123.0766933893779
2000-02-16 00:00:00,1116.218791272132
2000-02-17 00:00:00,1109.7593935992295
2000-02-18 00:00:00,1103.7026117226021
2000-02-20 00:00:00,1092.8297120336088
2000-02-21 00:00:00,1088.04672105628
2000-02-22 00:00:00,1081.1852311110501
2000-02-23 00:00:00,1074.730618213294
2000-02-24 00:00:00,1068.7970753708403
2000-02-25 00:00:00,1063.4091361500964
2000-02-27 00:00:00,1054.2320228945664
2000-02-28 00:00:00,1050.340681264937
2000-02-29 00:00:00,1046.7918289254371
2000-03-01 00:00:00,1043.4622179020635
2000-03-02 00:00:00,1040.2159170911386
2000-03-03 00:00:00,1036.9172806541844
2000-03-05 00:00:00,1029.70058409662
2000-03-06 00:00:00,1025.6245800016532
2000-03-07 00:00:00,1021.1937594167782
2000-03-08 00:00:00,1016.4228749007821
2000-03-09 00:00:00,1011.3553991459873
2000-03-10 00:00:00,1006.0490977261683
2000-03-12 00:00:00,994.916381780019
2000-03-13 00:00:00,989.1249224865235
2000-03-14 00:00:00,983.1495620705709
2000-03-15 00:00:00,976.9267986274205
2000-03-16 00:00:00,970.9302732815871
2000-03-17 00:00:00,966.1306504503195
2000-03-19 00:00:00,954.615585176157
2000-03-20 00:00:00,947.9278976140861
2000-03-21 00:00:00,940.7046402474922
2000-03-22 00:00:00,933.0461553292358
2000-03-23 00:00:00,925.0640629944728
2000-03-24 00:00:00,916.8636769420374
2000-03-26 00:00:00,900.1084062926169
2000-03-27 01:00:00,891.2594022964961
2000-03-28 01:00:00,882.6655333123261
2000-03-29 01:00:00,873.9184960278474
2000-03-30 01:00:00,864.9458751010671
2000-03-31 01:00:00,855.6719407923957
2000-04-02 01:00:00,835.9906097527079
2000-04-03 01:00:00,825.5439217277105
2000-04-04 01:00:00,814.732770151832
2000-04-05 01:00:00,803.6353709428565
2000-04-06 01:00:00,792.3560610132107
2000-04-07 01:00:00,781.7645852725552
2000-04-09 01:00:00,761.1560394198094
2000-04-10 01:00:00,750.9688539511941
2000-04-11 01:00:00,740.8140549571143
2000-04-12 01:00:00,730.6042893934057
2000-04-13 01:00:00,720.2320063689584
2000-04-14 01:00:00,709.5935698068682
2000-04-16 01:00:00,687.4787820187667
2000-04-17 01:00:00,676.932283338095
2000-04-18 01:00:00,666.0698478516694
2000-04-19 01:00:00,654.9781961735711
2000-04-20 01:00:00,643.7580966858047
2000-04-21 01:00:00,632.5054142149174
2000-04-23 01:00:00,610.1660720287049
2000-04-24 01:00:00,599.1225273769006
2000-04-25 01:00:00,588.1281205653066
2000-04-26 01:00:00,577.1160652358069
2000-04-27 01:00:00,565.9997871540878
2000-04-28 01:00:00,554.6874069345627
2000-04-30 01:00:00,533.3518227124296
2000-05-01 01:00:00,522.6131327510881
2000-05-02 01:00:00,511.60486345020695
2000-05-03 01:00:00,500.3947240280366
2000-05-04 01:00:00,489.08070878676983
2000-05-05 01:00:00,477.7713750959522
2000-05-07 01:00:00,455.5137921420338
2000-05-08 01:00:00,444.63979811776755
2000-05-09 01:00:00,434.9065424855099
2000-05-10 01:00:00,428.95025013283515
2000-05-11 01:00:00,426.24251124801526
2000-05-12 01:00:00,423.4330903893114
2000-05-14 01:00:00,417.2410162591092
2000-05-15 01:00:00,413.8226798232156
2000-05-16 01:00:00,410.2319572138656
2000-05-17 01:00:00,406.5375018276548
2000-05-18 01:00:00,404.0267466143987
2000-05-19 01:00:00,403.46616215059333
2000-05-21 01:00:00,408.86989018688496
2000-05-22 01:00:00,412.3209135410987
2000-05-23 01:00:00,415.8195437726885
2000-05-24 01:00:00,419.3111132874175
2000-05-25 01:00:00,422.724492521937
2000-05-26 01:00:00,425.9828392252437
2000-05-28 01:00:00,431.7708567132149
2000-05-29 01:00:00,434.30533034246685
2000-05-30 01:00:00,436.6801515951002
2000-05-31 01:00:00,438.8029586507449
2000-06-01 01:00:00,440.73888071010214
2000-06-02 01:00:00,442.56249006160726
2000-06-04 01:00:00,446.1126122262808
2000-06-05 01:00:00,447.887237412307
2000-06-06 01:00:00,449.6346473397516
2000-06-07 01:00:00,451.2978686323716
2000-06-08 01:00:00,452.8062113927229
2000-06-09 01:00:00,454.0911518161645
2000-06-11 01:00:00,455.8052450458692
2000-06-12 01:00:00,456.20564965293727
2000-06-13 01:00:00,456.32432197212336
2000-06-14 01:00:00,456.2006310837449
2000-06-15 01:00:00,455.88083586067427
2000-06-16 01:00:00,455.4086301456184
2000-06-18 01:00:00,454.1253524735933
2000-06-19 01:00:00,453.3331817997935
2000-06-20 01:00:00,452.42512696207655
2000-06-21 01:00:00,451.3720076068847
2000-06-22 01:00:00,450.399443324769
2000-06-23 01:00:00,450.0634582666529
2000-06-25 01:00:00,448.60041763155806
2000-06-26 01:00:00,447.4417788132457
2000-06-27 01:00:00,446.0065137397878
2000-06-28 01:00:00,444.322952250939
2000-06-29 01:00:00,442.43280771398787
2000-06-30 01:00:00,440.384400250441
2000-07-02 01:00:00,435.99300321189713
2000-07-03 01:00:00,434.8508041048726
2000-07-04 01:00:00,436.18859844188466
2000-07-05 01:00:00,437.54552691779764
2000-07-06 01:00:00,438.9084743040549
2000-07-07 01:00:00,440.26768663514355
2000-07-09 01:00:00,446.7734958857973
2000-07-10 01:00:00,453.03201708556014
2000-07-11 01:00:00,459.2459424026024
2000-07-12 01:00:00,465.41345808240754
2000-07-13 01:00:00,471.5327786995427
2000-07-14 01:00:00,477.6007603085943
2000-07-16 01:00:00,489.56016187636794
2000-07-17 01:00:00,495.4363052495802
2000-07-18 01:00:00,501.2325038847995
2000-07-19 01:00:00,506.9419801613847
2000-07-20 01:00:00,512.5605756706633
2000-07-21 01:00:00,518.0875678962102
2000-07-23 01:00:00,528.8810557277925
2000-07-24 01:00:00,534.6023611566515
2000-07-25 01:00:00,541.1131211201526
2000-07-26 01:00:00,547.5451048665343
2000-07-27 01:00:00,553.8986419187568
2000-07-28 01:00:00,560.172512159184
2000-07-30 01:00:00,572.4714593883142
2000-07-31 01:00:00,578.4922923874178
2000-08-01 01:00:00,584.427438303703
2000-08-02 01:00:00,590.2805341084868
2000-08-03 01:00:00,596.05830297351
2000-08-04 01:00:00,602.0097795051722
2000-08-06 01:00:00,619.9513006916054
2000-08-07 01:00:00,629.0170501238625
2000-08-08 01:00:00,638.1371631926891
2000-08-09 01:00:00,647.3081740701258
2000-08-10 01:00:00,656.5290247278695
2000-08-11 01:00:00,667.1439991670918
2000-08-13 01:00:00,691.1722144272381
2000-08-14 01:00:00,703.331374690188
2000-08-15 01:00:00,715.5683152408163
2000-08-16 01:00:00,727.8661815222199
2000-08-17 01:00:00,740.205898161768
2000-08-18 01:00:00,752.5666806587508
2000-08-20 01:00:00,777.2669207855116
2000-08-21 01:00:00,789.5686960715054
2000-08-22 01:00:00,801.8200825864349
2000-08-23 01:00:00,814.0150792276509
2000-08-24 01:00:00,826.1545229485629
2000-08-25 01:00:00,838.2452323237194
2000-08-27 01:00:00,862.3238689528628
2000-08-28 01:00:00,874.3321563993862
2000-08-29 01:00:00,886.3263852970991
2000-08-30 01:00:00,898.303599389772
2000-08-31 01:00:00,910.2546073675634
2000-09-01 01:00:00,922.1659945407453
2000-09-03 01:00:00,945.8135251049669
2000-09-04 01:00:00,957.5291797870265
2000-09-05 01:00:00,969.1684095552876
2000-09-06 01:00:00,980.7359511004214
2000-09-07 01:00:00,992.2420686221402
2000-09-08 01:00:00,1003.7007705019886
2000-09-10 01:00:00,1026.5368265862655
2000-09-11 01:00:00,1037.9398787897737
2000-09-12 01:00:00,1049.3427403232372
2000-09-13 01:00:00,1060.7451237517291
2000-09-14 01:00:00,1072.1401160503106
2000-09-15 01:00:00,1083.5149881466837
2000-09-17 01:00:00,1106.137099701652
2000-09-18 01:00:00,1117.3518284043823
2000-09-19 01:00:00,1128.4880938229362
2000-09-20 01:00:00,1139.5446743275754
2000-09-21 01:00:00,1150.5290023577875
2000-09-22 01:00:00,1161.4557972088319
2000-09-24 01:00:00,1183.2119557152894
2000-09-25 01:00:00,1194.073739882548
2000-09-26 01:00:00,1204.9345797974804
2000-09-27 01:00:00,1215.7894671523552
2000-09-28 01:00:00,1226.6235708109152
2000-09-29 01:00:00,1237.414888776065
2000-10-01 01:00:00,1258.7700125934186
2000-10-02 01:00:00,1269.2910332520207
2000-10-03 01:00:00,1279.6895088288275
2000-10-04 01:00:00,1289.961168331777
2000-10-05 01:00:00,1300.108309744173
2000-10-06 01:00:00,1310.1375865688974
2000-10-08 01:00:00,1329.8729712292486
2000-10-09 01:00:00,1339.5865873697246
2000-10-10 01:00:00,1349.1915739116453
2000-10-11 01:00:00,1358.6721978466878
2000-10-12 01:00:00,1368.0027597255003
2000-10-13 01:00:00,1377.1484991904565
2000-10-15 01:00:00,1394.7171207995282
2000-10-16 01:00:00,1403.053032036197
2000-10-17 01:00:00,1411.0388183871728
2000-10-18 01:00:00,1418.64639172284
2000-10-19 01:00:00,1425.8578989204389
2000-10-20 01:00:00,1430.2825048396026
2000-10-22 01:00:00,1437.583450427943
2000-10-23 01:00:00,1440.6378081470148
2000-10-24 01:00:00,1443.3062587964118
2000-10-25 01:00:00,1445.6013528950634
2000-10-26 01:00:00,1447.5427260551019
2000-10-27 01:00:00,1449.1621744583265
2000-10-29 01:00:00,1447.5414794969538
2000-10-30 00:00:00,1446.0302248571718
2000-10-31 00:00:00,1444.4436188228347
2000-11-01 00:00:00,1442.9662376369715
2000-11-02 00:00:00,1441.722317000301
2000-11-03 00:00:00,1440.8300587051815
2000-11-05 00:00:00,1440.4928391112023
2000-11-06 00:00:00,1441.1858229404393
2000-11-07 00:00:00,1442.5003516419708
2000-11-08 00:00:00,1444.4380910514922
2000-11-09 00:00:00,1446.976801923464
2000-11-10 00:00:00,1450.0750039568416
2000-11-12 00:00:00,1457.7243412115288
2000-11-13 00:00:00,1462.1529815825586
2000-11-14 00:00:00,1466.9085670686677
2000-11-15 00:00:00,1471.9456109236737
2000-11-16 00:00:00,1477.2300026150126
2000-11-17 00:00:00,1482.738131751572
2000-11-19 00:00:00,1494.365394472037
2000-11-20 00:00:00,1500.459555291582
2000-11-21 00:00:00,1506.7204320157987
2000-11-22 00:00:00,1513.1270123579825
2000-11-23 00:00:00,1519.653636459513
2000-11-24 00:00:00,1526.271809377838
2000-11-26 00:00:00,1539.6709439282772
2000-11-27 00:00:00,1545.2053341492497
2000-11-28 00:00:00,1549.4479686456384
2000-11-29 00:00:00,1553.7544093859185
2000-11-30 00:00:00,1558.1141187422281
2000-12-01 00:00:00,1562.51336181006
2000-12-03 00:00:00,1566.7831272489718
2000-12-04 00:00:00,1567.975265749441
2000-12-05 00:00:00,1569.148782221548
2000-12-06 00:00:00,1570.3000414895403
2000-12-07 00:00:00,1571.430454018691
2000-12-08 00:00:00,1569.318112689328
2000-12-10 00:00:00,1564.8167214815426
2000-12-11 00:00:00,1562.5835620348594
2000-12-12 00:00:00,1560.3721406579266
2000-12-13 00:00:00,1558.1844560641389
2000-12-14 00:00:00,1556.017546310666
2000-12-15 00:00:00,1553.8644288718228
2000-12-17 00:00:00,1549.5631768751807
2000-12-18 00:00:00,1547.3990801853365
2000-12-19 00:00:00,1545.2201527900884
2000-12-20 00:00:00,1543.0265866380166
2000-12-21 00:00:00,1540.8217595507695
2000-12-22 00:00:00,1538.6110406549337
2000-12-24 00:00:00,1534.1949912457735
2000-12-25 00:00:00,1531.9984793872609
2000-12-26 00:00:00,1529.8123418634937
2000-12-27 00:00:00,1527.636025484954
2000-12-28 00:00:00,1525.4673248269296
2000-12-29 00:00:00,1523.3030214273576
2000-12-31 00:00:00,1518.974065698715
2001-01-01 00:00:00,1516.804294325781
2001-01-02 00:00:00,1513.8572409634191
2001-01-03 00:00:00,1508.4206265524147
2001-01-04 00:00:00,1502.9662397943682
2001-01-05 00:00:00,1497.5000699105922
2001-01-07 00:00:00,1486.55206610802
2001-01-08 00:00:00,1481.0734662312054
2001-01-09 00:00:00,1475.5889427712475
2001-01-10 00:00:00,1470.0943399211728
2001-01-11 00:00:00,1464.586721935254
2001-01-12 00:00:00,1459.0670517344417
2001-01-14 00:00:00,1448.0236223636298
2001-01-15 00:00:00,1442.5292665179852
2001-01-16 00:00:00,1437.077552786346
2001-01-17 00:00:00,1431.6860874678162
2001-01-18 00:00:00,1426.3689752478006
2001-01-19 00:00:00,1421.1356464011728
2001-01-21 00:00:00,1410.9381404988821
2001-01-22 00:00:00,1405.9791655272554
2001-01-23 00:00:00,1401.1203615568136
2001-01-24 00:00:00,1396.374432781188
2001-01-25 00:00:00,1391.7634252394653
2001-01-26 00:00:00,1387.320543607262
2001-01-28 00:00:00,1379.1293158443798
2001-01-29 00:00:00,1375.4997260824878
2001-01-30 00:00:00,1372.2683895688795
2001-01-31 00:00:00,1369.499177347995
2001-02-01 00:00:00,1367.2469948897717
2001-02-02 00:00:00,1365.5519544142303
2001-02-04 00:00:00,1363.7837434658047
2001-02-05 00:00:00,1362.7599612911408
2001-02-06 00:00:00,1362.270353124417
2001-02-07 00:00:00,1362.2731959725322
2001-02-08 00:00:00,1362.7245741722966
2001-02-09 00:00:00,1363.5827072017678
2001-02-11 00:00:00,1366.364955127533
2001-02-12 00:00:00,1368.2068019154867
2001-02-13 00:00:00,1370.279582766394
2001-02-14 00:00:00,1372.5133892737592
2001-02-15 00:00:00,1374.823178701392
2001-02-16 00:00:00,1377.1121944990975
2001-02-18 00:00:00,1381.2213800384395
2001-02-19 00:00:00,1382.8520602164608
2001-02-20 00:00:00,1383.3010089085508
2001-02-21 00:00:00,1383.2576486950788
2001-02-22 00:00:00,1382.7662590760867
2001-02-23 00:00:00,1381.8296829891606
2001-02-25 00:00:00,1378.7538743356597
2001-02-26 00:00:00,1376.7264449766424
2001-02-27 00:00:00,1374.4616858121992
2001-02-28 00:00:00,1372.0228138888124
2001-03-01 00:00:00,1369.458721997178
2001-03-02 00:00:00,1366.7967461838673
2001-03-04 00:00:00,1361.1656055315543
2001-03-05 00:00:00,1358.138083835121
2001-03-06 00:00:00,1354.9135653765377
2001-03-07 00:00:00,1351.456187350186
2001-03-08 00:00:00,1347.749698074789
2001-03-09 00:00:00,1343.8052062462175
2001-03-11 00:00:00,1335.383626665076
2001-03-12 00:00:00,1331.0396510413832
2001-03-13 00:00:00,1326.6968274028561
2001-03-14 00:00:00,1322.4033308796659
2001-03-15 00:00:00,1318.1815121691313
2001-03-16 00:00:00,1314.0261088200195
2001-03-18 00:00:00,1305.7807374807776
2001-03-19 00:00:00,1301.591738216626
2001-03-20 00:00:00,1297.2902934539027
2001-03-21 00:00:00,1292.8372491377663
2001-03-22 00:00:00,1288.2116476193364
2001-03-23 00:00:00,1283.4147551845672
2001-03-25 00:00:00,1273.423117099255
2001-03-26 01:00:00,1268.1151486114634
2001-03-27 01:00:00,1263.0354146332133
2001-03-28 01:00:00,1258.0223502173135
2001-03-29 01:00:00,1253.1086004296797
2001-03-30 01:00:00,1248.3006332027676
2001-04-01 01:00:00,1238.8861261015109
2001-04-02 01:00:00,1234.165003892442
2001-04-03 01:00:00,1229.341734088301
2001-04-04 01:00:00,1224.355052670629
2001-04-05 01:00:00,1219.166521437404
2001-04-06 01:00:00,1213.768515484986
2001-04-08 01:00:00,1202.4657439641433
2001-04-09 01:00:00,1198.4972715379138
2001-04-10 01:00:00,1197.1756896170905
2001-04-11 01:00:00,1195.8579381804605
2001-04-12 01:00:00,1194.560198167422
2001-04-13 01:00:00,1193.2731329005528
2001-04-15 01:00:00,1190.5876609030065
2001-04-16 01:00:00,1189.0870339611386
2001-04-17 01:00:00,1187.4110540857962
2001-04-18 01:00:00,1185.5191943721493
2001-04-19 01:00:00,1183.38924594913
2001-04-20 01:00:00,1181.0215285820632
2001-04-22 01:00:00,1175.6876115491991
2001-04-23 01:00:00,1172.823004874755
2001-04-24 01:00:00,1169.9079553138622
2001-04-25 01:00:00,1166.9985603449634
2001-04-26 01:00:00,1164.1352241768554
2001-04-27 01:00:00,1161.335758815143
2001-04-29 01:00:00,1155.8770657373116
2001-04-30 01:00:00,1153.143831471487
2001-05-01 01:00:00,1150.3450289985637
2001-05-02 01:00:00,1147.4409983274284
2001-05-03 01:00:00,1144.4105513500301
2001-05-04 01:00:00,1141.257405884307
2001-05-06 01:00:00,1134.7150960205336
2001-05-07 01:00:00,1131.429413134929
2001-05-08 01:00:00,1130.8783957084156
2001-05-09 01:00:00,1131.1112018223755
2001-05-10 01:00:00,1131.3674953707682
2001-05-11 01:00:00,1131.6476252521031
2001-05-13 01:00:00,1132.1975337237789
2001-05-14 01:00:00,1132.3998401917836
2001-05-15 01:00:00,1132.5039123544404
2001-05-16 01:00:00,1132.4785541589324
2001-05-17 01:00:00,1133.5625691509972
2001-05-18 01:00:00,1135.334721166808
2001-05-20 01:00:00,1138.0852364545324
2001-05-21 01:00:00,1139.1185286492007
2001-05-22 01:00:00,1139.9697891045455
2001-05-23 01:00:00,1140.670213105327
2001-05-24 01:00:00,1141.2404225452203
2001-05-25 01:00:00,1141.6858823511168
2001-05-27 01:00:00,1142.143331083242
2001-05-28 01:00:00,1140.863493732977
2001-05-29 01:00:00,1139.1367162383312
2001-05-30 01:00:00,1137.2758303902613
2001-05-31 01:00:00,1135.2638596803426
2001-06-01 01:00:00,1133.0985120190596
2001-06-03 01:00:00,1128.3635803522416
2001-06-04 01:00:00,1125.841994889169
2001-06-05 01:00:00,1123.2518557580931
2001-06-06 01:00:00,1120.6131099293052
2001-06-07 01:00:00,1117.9376931854179
2001-06-08 01:00:00,1115.2289927238173
2001-06-10 01:00:00,1109.6909543713853
2001-06-11 01:00:00,1106.8418830044702
2001-06-12 01:00:00,1103.9261367930421
2001-06-13 01:00:00,1100.5566235247088
2001-06-14 01:00:00,1096.3887625103976
2001-06-15 01:00:00,1092.1510468203644
2001-06-17 01:00:00,1083.529104555769
2001-06-18 01:00:00,1079.1865530353223
2001-06-19 01:00:00,1075.823766680403
2001-06-20 01:00:00,1073.012131989231
2001-06-21 01:00:00,1070.1732489694086
2001-06-22 01:00:00,1067.3000209720037
2001-06-24 01:00:00,1061.4068414229694
2001-06-25 01:00:00,1058.3633620992143
2001-06-26 01:00:00,1055.2429921879304
2001-06-27 01:00:00,1052.0412012959582
2001-06-28 01:00:00,1048.7574027404876
2001-06-29 01:00:00,1045.3938035055537
2001-07-01 01:00:00,1038.4380567069684
2001-07-02 01:00:00,1034.8473803060756
2001-07-03 01:00:00,1031.17819275086
2001-07-04 01:00:00,1027.4251617086504
2001-07-05 01:00:00,1023.5820704834665
2001-07-06 01:00:00,1019.6434724630593
2001-07-08 01:00:00,1011.4712910018874
2001-07-09 01:00:00,1007.2433579729031
2001-07-10 01:00:00,1002.9317314690952
2001-07-11 01:00:00,998.5487762233755
2001-07-12 01:00:00,994.1081467934907
2001-07-13 01:00:00,989.8182632474776
2001-07-15 01:00:00,984.86773087799
2001-07-16 01:00:00,984.0201690053301
2001-07-17 01:00:00,983.816518893472
2001-07-18 01:00:00,984.9007663486011
2001-07-19 01:00:00,987.9456123473598
2001-07-20 01:00:00,989.7033163588926
2001-07-22 01:00:00,992.289653678519
2001-07-23 01:00:00,993.8768346615665
2001-07-24 01:00:00,995.6541852731959
2001-07-25 01:00:00,997.6175978514998
2001-07-26 01:00:00,999.7606579970534
2001-07-27 01:00:00,1002.0727529638965
2001-07-29 01:00:00,1007.1358008867028
2001-07-30 01:00:00,1009.8410781406385
2001-07-31 01:00:00,1012.6270493741679
2001-08-01 01:00:00,1015.4669454261273
2001-08-02 01:00:00,1018.3362046440136
2001-08-03 01:00:00,1021.214225685743
2001-08-05 01:00:00,1026.9406010398284
2001-08-06 01:00:00,1029.948284865808
2001-08-07 01:00:00,1035.969968728383
2001-08-08 01:00:00,1043.2327376716603
2001-08-09 01:00:00,1050.9206558549195
2001-08-10 01:00:00,1058.6697691821248
2001-08-12 01:00:00,1073.8236787841076
2001-08-13 01:00:00,1081.2357903642708
2001-08-14 01:00:00,1088.5717988468793
2001-08-15 01:00:00,1095.8728449611372
2001-08-16 01:00:00,1103.183513931003
2001-08-17 01:00:00,1110.5418093105748
2001-08-19 01:00:00,1125.4649869118073
2001-08-20 01:00:00,1133.0026621388736
2001-08-21 01:00:00,1140.5378748202634
2001-08-22 01:00:00,1148.0179013468435
2001-08-23 01:00:00,1155.3954390429874
2001-08-24 01:00:00,1162.6399373178483
2001-08-26 01:00:00,1176.725243201784
2001-08-27 01:00:00,1183.619179361301
2001-08-28 01:00:00,1190.473774233753
2001-08-29 01:00:00,1197.3389287837174
2001-08-30 01:00:00,1204.2579087621357
2001-08-31 01:00:00,1211.260177690726
2001-09-02 01:00:00,1225.5375787343642
2001-09-03 01:00:00,1232.7738806273653
2001-09-04 01:00:00,1240.0207969048108
2001-09-05 01:00:00,1247.224511555276
2001-09-06 01:00:00,1254.3303411294225
2001-09-07 01:00:00,1261.2915827429576
2001-09-09 01:00:00,1274.6796702347738
2001-09-10 01:00:00,1281.1132524965406
2001-09-11 01:00:00,1287.4159001522398
2001-09-12 01:00:00,1293.640601639909
2001-09-13 01:00:00,1299.8451557768065
2001-09-14 01:00:00,1306.0790667774186
2001-09-16 01:00:00,1316.627120935116
2001-09-17 01:00:00,1321.5554830718327
2001-09-18 01:00:00,1326.3985833622949
2001-09-19 01:00:00,1331.1262614841876
2001-09-20 01:00:00,1335.7088976480557
2001-09-21 01:00:00,1340.1222921894048
2001-09-23 01:00:00,1348.38645078331
2001-09-24 01:00:00,1352.2296658941743
2001-09-25 01:00:00,1355.8835766587567
2001-09-26 01:00:00,1359.3515744837841
2001-09-27 01:00:00,1362.6335292989522
2001-09-28 01:00:00,1365.722950454147
2001-09-30 01:00:00,1371.2568411241177
2001-10-01 01:00:00,1373.646613422378
2001-10-02 01:00:00,1375.7373784259696
2001-10-03 01:00:00,1377.4895293613108
2001-10-04 01:00:00,1378.5173978741707
2001-10-05 01:00:00,1378.416416807664
2001-10-07 01:00:00,1376.8880230708485
2001-10-08 01:00:00,1375.4679291959756
2001-10-09 01:00:00,1373.64708374944
2001-10-10 01:00:00,1371.477183669029
2001-10-11 01:00:00,1369.0272772361157
2001-10-12 01:00:00,1366.3799890891878
2001-10-14 01:00:00,1360.8613567576417
2001-10-15 01:00:00,1358.1772114142002
2001-10-16 01:00:00,1355.661904057971
2001-10-17 01:00:00,1353.3963282649504
2001-10-18 01:00:00,1351.4538414510948
2001-10-19 01:00:00,1349.8998931059748
2001-10-21 01:00:00,1348.1754269703395
2001-10-22 01:00:00,1348.08797594748
2001-10-23 01:00:00,1348.5522768690614
2001-10-24 01:00:00,1349.5779229879754
2001-10-25 01:00:00,1351.1604564135673
2001-10-26 01:00:00,1353.2816948641237
2001-10-28 01:00:00,1359.006115238508
2001-10-29 00:00:00,1362.3630618191428
2001-10-30 00:00:00,1366.2216880934357
2001-10-31 00:00:00,1370.45079123877
2001-11-01 00:00:00,1375.0139198885372
2001-11-02 00:00:00,1379.626678960015
2001-11-04 00:00:00,1389.099845805199
2001-11-05 00:00:00,1394.105983905651
2001-11-06 00:00:00,1399.2021932463263
2001-11-07 00:00:00,1404.3823219579606
2001-11-08 00:00:00,1409.6444719026385
2001-11-09 00:00:00,1414.9875098730645
2001-11-11 00:00:00,1425.8969804808216
2001-11-12 00:00:00,1431.44112806907
2001-11-13 00:00:00,1437.0219459083964
2001-11-14 00:00:00,1442.6192623621512
2001-11-15 00:00:00,1448.2141644695919
2001-11-16 00:00:00,1453.7918257246724
2001-11-18 00:00:00,1464.866075094593
2001-11-19 00:00:00,1470.3631062019529
2001-11-20 00:00:00,1475.8414014333957
2001-11-21 00:00:00,1481.3099067499297
2001-11-22 00:00:00,1486.7774945726887
2001-11-23 00:00:00,1492.2512265257349
2001-11-25 00:00:00,1503.229639907352
2001-11-26 00:00:00,1508.7316788098838
2001-11-27 00:00:00,1514.235412083602
2001-11-28 00:00:00,1519.7334301587111
2001-11-29 00:00:00,1525.2181951207265
2001-11-30 00:00:00,1530.6834640229206
2001-12-02 00:00:00,1541.5434091046443
2001-12-03 00:00:00,1546.9398842963826
2001-12-04 00:00:00,1552.3199946985487
2001-12-05 00:00:00,1554.461026856061
2001-12-06 00:00:00,1556.5244949929424
2001-12-07 00:00:00,1558.5912769336655
2001-12-09 00:00:00,1562.7445768690686
2001-12-10 00:00:00,1564.8297455428503
2001-12-11 00:00:00,1566.9167030693834
2001-12-12 00:00:00,1566.5769206036628
2001-12-13 00:00:00,1565.9798632816915
2001-12-14 00:00:00,1565.377355722889
2001-12-16 00:00:00,1557.8806580677901
2001-12-17 00:00:00,1554.111058271997
2001-12-18 00:00:00,1550.3383755613074
2001-12-19 00:00:00,1546.5613477247657
2001-12-20 00:00:00,1542.7797408557265
2001-12-21 00:00:00,1538.9944715884337
2001-12-23 00:00:00,1531.421055623009
2001-12-24 00:00:00,1525.164898981112
2001-12-25 00:00:00,1515.5146399803698
2001-12-26 00:00:00,1505.8020759343997
2001-12-27 00:00:00,1496.1023486252666
2001-12-28 00:00:00,1486.4104251016297
2001-12-30 00:00:00,1467.0251392571802
2001-12-31 00:00:00,1457.3256004731568
2002-01-01 00:00:00,1447.6276394672502
2002-01-02 00:00:00,1437.9468875477842
2002-01-03 00:00:00,1428.3079655734225
2002-01-04 00:00:00,1417.360956480132
2002-01-06 00:00:00,1393.0095109220497
2002-01-07 00:00:00,1381.0680409692113
2002-01-08 00:00:00,1369.3089012750174
2002-01-09 00:00:00,1357.7426297808984
2002-01-10 00:00:00,1346.3758928309308
2002-01-11 00:00:00,1335.216228734254
2002-01-13 00:00:00,1313.5822535666882
2002-01-14 00:00:00,1303.1683967767235
2002-01-15 00:00:00,1293.085895558232
2002-01-16 00:00:00,1283.3969313409646
2002-01-17 00:00:00,1274.1712815137284
2002-01-18 00:00:00,1265.4799360017078
2002-01-20 00:00:00,1249.9415533085328
2002-01-21 00:00:00,1243.1681767749108
2002-01-22 00:00:00,1237.0614271606025
2002-01-23 00:00:00,1231.5814244720564
2002-01-24 00:00:00,1226.6539143428683
2002-01-25 00:00:00,1222.1745267134218
2002-01-27 00:00:00,1216.5029795171445
2002-01-28 00:00:00,1217.6038245506688
2002-01-29 00:00:00,1218.6620927428896
2002-01-30 00:00:00,1219.5176812567345
2002-01-31 00:00:00,1220.0467470470387
2002-02-01 00:00:00,1220.1604363173356
2002-02-03 00:00:00,1218.9121571829353
2002-02-04 00:00:00,1217.466627872902
2002-02-05 00:00:00,1215.4228113033303
2002-02-06 00:00:00,1212.742410009856
2002-02-07 00:00:00,1209.3897823362215
2002-02-08 00:00:00,1205.3374016838463
2002-02-10 00:00:00,1195.098681339503
2002-02-11 00:00:00,1188.9453835046454
2002-02-12 00:00:00,1182.1613816247532
2002-02-13 00:00:00,1174.8153856464976
2002-02-14 00:00:00,1166.989951144612
2002-02-15 00:00:00,1158.7738799621964
2002-02-17 00:00:00,1141.5030854408888
2002-02-18 00:00:00,1132.5786457468348
2002-02-19 00:00:00,1123.5114977684275
2002-02-20 00:00:00,1114.3073400310927
2002-02-21 00:00:00,1104.9484220944976
2002-02-22 00:00:00,1095.399759798711
2002-02-24 00:00:00,1075.5666130100178
2002-02-25 00:00:00,1065.220877680113
2002-02-26 00:00:00,1054.5843929045552
2002-02-27 00:00:00,1043.689719331963
2002-02-28 00:00:00,1032.5955946959798
2002-03-01 00:00:00,1021.3756375319047
2002-03-03 00:00:00,998.8285187093048
2002-03-04 00:00:00,987.5805537331296
2002-03-05 00:00:00,976.3503451879859
2002-03-06 00:00:00,965.102001985074
2002-03-07 00:00:00,953.7813300885531
2002-03-08 00:00:00,942.3282604641247
2002-03-10 00:00:00,918.825974521594
2002-03-11 00:00:00,906.7241490425006
2002-03-12 00:00:00,894.3934548505738
2002-03-13 00:00:00,881.8670025292148
2002-03-14 00:00:00,869.1956978024224
2002-03-15 00:00:00,856.4400751935254
2002-03-17 00:00:00,830.908093651086
2002-03-18 00:00:00,818.2153261257026
2002-03-19 00:00:00,805.5917801152622
2002-03-20 00:00:00,793.0216815951015
2002-03-21 00:00:00,780.4661720366955
2002-03-22 00:00:00,767.8694446033735
2002-03-24 00:00:00,742.304038576655
2002-03-25 00:00:00,729.2344693759736
2002-03-26 00:00:00,715.9439859384564
2002-03-27 00:00:00,702.4481025055692
2002-03-28 00:00:00,688.790600310112
2002-03-29 00:00:00,675.03305670293
2002-03-31 00:00:00,647.4583175823642
2002-04-01 01:00:00,633.1428830590526
2002-04-02 01:00:00,619.43291832114
2002-04-03 01:00:00,605.7228877494548
2002-04-04 01:00:00,591.964892689628
2002-04-05 01:00:00,578.1064134783393
2002-04-07 01:00:00,549.9211327694433
2002-04-08 01:00:00,535.5571837444375
2002-04-09 01:00:00,521.0267583079918
2002-04-10 01:00:00,506.36961937335735
2002-04-11 01:00:00,491.64359234993185
2002-04-12 01:00:00,476.917395146351
2002-04-14 01:00:00,447.7438570972562
2002-04-15 01:00:00,433.4150595701034
2002-04-16 01:00:00,419.3115766437055
2002-04-17 01:00:00,405.44996664379465
2002-04-18 01:00:00,391.8289543272122
2002-04-19 01:00:00,378.43378355753276
2002-04-21 01:00:00,352.23805210149766
2002-04-22 01:00:00,339.41013119799686
2002-04-23 01:00:00,326.7689654642088
2002-04-24 01:00:00,314.34473948897767
2002-04-25 01:00:00,302.1859689218873
2002-04-26 01:00:00,290.35183024312005
2002-04-28 01:00:00,267.88247252996797
2002-04-29 01:00:00,257.324604658907
2002-04-30 01:00:00,247.23550720293375
2002-05-01 01:00:00,237.6037554214991
2002-05-02 01:00:00,228.40458162645115
2002-05-03 01:00:00,219.60752671179188
2002-05-05 01:00:00,203.9939384093453
2002-05-06 01:00:00,197.37045849210725
2002-05-07 01:00:00,191.09471577252913
2002-05-08 01:00:00,186.35369072976206
2002-05-09 01:00:00,183.01179661590373
2002-05-10 01:00:00,180.0914548025664
2002-05-12 01:00:00,182.8597772719363
2002-05-13 01:00:00,186.3590604193916
2002-05-14 01:00:00,190.26149774772426
2002-05-15 01:00:00,194.56403883935928
2002-05-16 01:00:00,199.2640476330365
2002-05-17 01:00:00,204.35786601338492
2002-05-19 01:00:00,215.6961106206204
2002-05-20 01:00:00,221.9113714567223
2002-05-21 01:00:00,228.4592459359205
2002-05-22 01:00:00,235.30626028011463
2002-05-23 01:00:00,242.41184339040137
2002-05-24 01:00:00,249.72981103913634
2002-05-26 01:00:00,264.80338442119734
2002-05-27 01:00:00,272.4575783224917
2002-05-28 01:00:00,280.12417893167867
2002-05-29 01:00:00,287.75617776658635
2002-05-30 01:00:00,295.30874138807343
2002-05-31 01:00:00,302.7391944791487
2002-06-02 01:00:00,317.0740206284802
2002-06-03 01:00:00,323.9046173411318
2002-06-04 01:00:00,330.6160925012333
2002-06-05 01:00:00,338.8680656583596
2002-06-06 01:00:00,347.036691002582
2002-06-07 01:00:00,354.8576313296654
2002-06-09 01:00:00,369.3948774895637
2002-06-10 01:00:00,376.09637121987987
2002-06-11 01:00:00,382.41881058291335
2002-06-12 01:00:00,388.36561707612066
2002-06-13 01:00:00,393.9410014999407
2002-06-14 01:00:00,399.1480318270472
2002-06-16 01:00:00,408.4572785874073
2002-06-17 01:00:00,412.55451428259414
2002-06-18 01:00:00,416.27686952175134
2002-06-19 01:00:00,419.62513850240634
2002-06-20 01:00:00,422.60556236607675
2002-06-21 01:00:00,425.2302089096047
2002-06-23 01:00:00,429.4821861508458
2002-06-24 01:00:00,431.1474525067874
2002-06-25 01:00:00,432.52617628344393
2002-06-26 01:00:00,433.62616633632774
2002-06-27 01:00:00,434.44741598699835
2002-06-28 01:00:00,434.98247180381384
2002-06-30 01:00:00,435.1767315117613
2002-07-01 01:00:00,437.80644726953756
2002-07-02 01:00:00,440.1847046644155
2002-07-03 01:00:00,443.97314250864935
2002-07-04 01:00:00,449.31761302648596
2002-07-05 01:00:00,454.97957195811165
2002-07-07 01:00:00,466.0961166528283
2002-07-08 01:00:00,471.6378469560982
2002-07-09 01:00:00,477.2204529709322
2002-07-10 01:00:00,482.8662665570128
2002-07-11 01:00:00,488.576846828553
2002-07-12 01:00:00,494.33081483339333
2002-07-14 01:00:00,505.79213204099943
2002-07-15 01:00:00,511.3954472101544
2002-07-16 01:00:00,516.8602447647975
2002-07-17 01:00:00,522.1760889891725
2002-07-18 01:00:00,527.3627240197457
2002-07-19 01:00:00,532.4676965782543
2002-07-21 01:00:00,544.0824884636369
2002-07-22 01:00:00,553.1388490727727
2002-07-23 01:00:00,562.3250477664956
2002-07-24 01:00:00,571.6494518350656
2002-07-25 01:00:00,581.0916621236976
2002-07-26 01:00:00,591.74510289528
2002-07-28 01:00:00,616.2164218040294
2002-07-29 01:00:00,628.2161443094524
2002-07-30 01:00:00,639.9838523034932
2002-07-31 01:00:00,651.4927037826005
2002-08-01 01:00:00,662.7457246804769
2002-08-02 01:00:00,673.7758674780453
2002-08-04 01:00:00,695.4154512955174
2002-08-05 01:00:00,706.1755103703615
2002-08-06 01:00:00,716.9865350310387
2002-08-07 01:00:00,727.8879409414031
2002-08-08 01:00:00,738.8826308484546
2002-08-09 01:00:00,749.9329147954321
2002-08-11 01:00:00,771.8875674754211
2002-08-12 01:00:00,782.6066309872876
2002-08-13 01:00:00,793.054897585233
2002-08-14 01:00:00,803.205865839901
2002-08-15 01:00:00,813.0800636987955
2002-08-16 01:00:00,822.7397268689768
2002-08-18 01:00:00,841.7776837812445
2002-08-19 01:00:00,851.3344381346913
2002-08-20 01:00:00,860.998088588796
2002-08-21 01:00:00,870.7845295342601
2002-08-22 01:00:00,880.6691441914965
2002-08-23 01:00:00,890.5914569741457
2002-08-25 01:00:00,910.1938984586117
2002-08-26 01:00:00,919.6835026806054
2002-08-27 01:00:00,928.8597738781497
2002-08-28 01:00:00,937.6780519271231
2002-08-29 01:00:00,946.1299187002237
2002-08-30 01:00:00,954.2438689158627
2002-09-01 01:00:00,969.7199154674038
2002-09-02 01:00:00,977.2504816252824
2002-09-03 01:00:00,984.7471255290859
2002-09-04 01:00:00,992.2554457919724
2002-09-05 01:00:00,999.7771206004784
2002-09-06 01:00:00,1007.263505371598
2002-09-08 01:00:00,1021.7266827073465
2002-09-09 01:00:00,1028.4575272038824
2002-09-10 01:00:00,1034.714934310493
2002-09-11 01:00:00,1040.4462737802842
2002-09-12 01:00:00,1045.652385853366
2002-09-13 01:00:00,1050.3808733787637
2002-09-15 01:00:00,1058.7234861469353
2002-09-16 01:00:00,1062.4967359214495
2002-09-17 01:00:00,1066.07370450131
2002-09-18 01:00:00,1069.4616899624807
2002-09-19 01:00:00,1072.6298488709367
2002-09-20 01:00:00,1075.515940081082
2002-09-22 01:00:00,1080.1153768521995
2002-09-23 01:00:00,1081.6760214433993
2002-09-24 01:00:00,1082.681472286751
2002-09-25 01:00:00,1083.1333536146824
2002-09-26 01:00:00,1083.0802717490687
2002-09-27 01:00:00,1082.617498494787
2002-09-29 01:00:00,1081.0313302872046
2002-09-30 01:00:00,1080.2433006624112
2002-10-01 01:00:00,1079.678499568569
2002-10-02 01:00:00,1079.468271189059
2002-10-03 01:00:00,1079.6960849989548
2002-10-04 01:00:00,1080.3883215913577
2002-10-06 01:00:00,1083.0092146133375
2002-10-07 01:00:00,1084.7795398710116
2002-10-08 01:00:00,1086.7462975545034
2002-10-09 01:00:00,1088.8565510602953
2002-10-10 01:00:00,1091.0946024410207
2002-10-11 01:00:00,1093.4791731249934
2002-10-13 01:00:00,1098.857598295492
2002-10-14 01:00:00,1101.934061660478
2002-10-15 01:00:00,1105.2933488762942
2002-10-16 01:00:00,1108.918073760803
2002-10-17 01:00:00,1112.7603071576073
2002-10-18 01:00:00,1116.7467969696968
2002-10-20 01:00:00,1124.7917981391545
2002-10-21 01:00:00,1128.6712843762289
2002-10-22 01:00:00,1132.3591237232738
2002-10-23 01:00:00,1135.812954735979
2002-10-24 01:00:00,1139.0196713316245
2002-10-25 01:00:00,1141.9954847047695
2002-10-27 01:00:00,1147.4406889753375
2002-10-28 00:00:00,1149.9315419378072
2002-10-29 00:00:00,1152.5384388238272
2002-10-30 00:00:00,1155.2065450954549
2002-10-31 00:00:00,1157.968801128144
2002-11-01 00:00:00,1160.831522419785
2002-11-03 00:00:00,1166.7667544799976
2002-11-04 00:00:00,1169.763984056458
2002-11-05 00:00:00,1175.7963322533217
2002-11-06 00:00:00,1183.1507357407377
2002-11-07 00:00:00,1190.4363056127274
2002-11-08 00:00:00,1197.6850678626151
2002-11-10 00:00:00,1212.267070855617
2002-11-11 00:00:00,1219.7002833557372
2002-11-12 00:00:00,1227.279031715114
2002-11-13 00:00:00,1235.0216595404618
2002-11-14 00:00:00,1242.9296463135415
2002-11-15 00:00:00,1250.9904202719688
2002-11-17 00:00:00,1267.4800822229333
2002-11-18 00:00:00,1275.8607898909104
2002-11-19 00:00:00,1284.3075233423688
2002-11-20 00:00:00,1292.8120930332968
2002-11-21 00:00:00,1301.3755886642032
2002-11-22 00:00:00,1310.0072356492424
2002-11-24 00:00:00,1327.5362175021867
2002-11-25 00:00:00,1336.465588769056
2002-11-26 00:00:00,1342.4987882137045
2002-11-27 00:00:00,1348.5844239270996
2002-11-28 00:00:00,1354.7903640754573
2002-11-29 00:00:00,1361.109308036368
2002-12-01 00:00:00,1374.0519637477162
2002-12-02 00:00:00,1380.6626038849947
2002-12-03 00:00:00,1387.3626463150802
2002-12-04 00:00:00,1394.1533346792758
2002-12-05 00:00:00,1401.0368648309297
2002-12-06 00:00:00,1408.014054001336
2002-12-08 00:00:00,1417.5836917490785
2002-12-09 00:00:00,1421.5919791660444
2002-12-10 00:00:00,1425.6653520403497
2002-12-11 00:00:00,1429.7900119331027
2002-12-12 00:00:00,1433.9541389478118
2002-12-13 00:00:00,1438.1500613679752
2002-12-15 00:00:00,1446.6344181546067
2002-12-16 00:00:00,1450.9349356028629
2002-12-17 00:00:00,1455.2885051283447
2002-12-18 00:00:00,1459.7065491156457
2002-12-19 00:00:00,1464.1973797281082
2002-12-20 00:00:00,1468.7630379548868
2002-12-22 00:00:00,1478.081438139598
2002-12-23 00:00:00,1482.7904306966943
2002-12-24 00:00:00,1487.4897542383028
2002-12-25 00:00:00,1492.1428859849493
2002-12-26 00:00:00,1496.7166554748712
2002-12-27 00:00:00,1501.1869312677711
2002-12-29 00:00:00,1509.7861243871098
2002-12-30 00:00:00,1513.931611390457
2002-12-31 00:00:00,1517.9979513877786
2003-01-01 00:00:00,1522.0019773543866
2003-01-02 00:00:00,1525.9513870564972
2003-01-03 00:00:00,1529.840163500651
2003-01-05 00:00:00,1537.3413654840979
2003-01-06 00:00:00,1540.8838098368988
2003-01-07 00:00:00,1544.2404585439451
2003-01-08 00:00:00,1547.3886152973216
2003-01-09 00:00:00,1550.3245327987004
2003-01-10 00:00:00,1553.0676357636146
2003-01-12 00:00:00,1558.1679073880478
2003-01-13 00:00:00,1560.6654929405663
2003-01-14 00:00:00,1563.2358744511953
2003-01-15 00:00:00,1565.9566690715042
2003-01-16 00:00:00,1567.3243229493814
2003-01-17 00:00:00,1568.2820256305604
2003-01-19 00:00:00,1570.7625889683875
2003-01-20 00:00:00,1572.278105760031
2003-01-21 00:00:00,1573.955323651134
2003-01-22 00:00:00,1575.771552783394
2003-01-23 00:00:00,1577.7050185295564
2003-01-24 00:00:00,1579.7392817824607
2003-01-26 00:00:00,1584.0856080933042
2003-01-27 00:00:00,1586.405159018616
2003-01-28 00:00:00,1588.761740098561
2003-01-29 00:00:00,1589.9702838440949
2003-01-30 00:00:00,1588.9244435626845
2003-01-31 00:00:00,1587.8947137241719
2003-02-02 00:00:00,1585.9038038989079
2003-02-03 00:00:00,1584.96056222381
2003-02-04 00:00:00,1584.0713166438343
2003-02-05 00:00:00,1583.2503741591586
2003-02-06 00:00:00,1582.507884923867
2003-02-07 00:00:00,1581.8474810082782
2003-02-09 00:00:00,1580.749791718887
2003-02-10 00:00:00,1580.284149332754
2003-02-11 00:00:00,1579.847792283809
2003-02-12 00:00:00,1579.4198884339933
2003-02-13 00:00:00,1578.9825551212066
2003-02-14 00:00:00,1578.5239469444798
2003-02-16 00:00:00,1577.5384394966477
2003-02-17 00:00:00,1577.0320115776053
2003-02-18 00:00:00,1576.5416286647205
2003-02-19 00:00:00,1576.088867006393
2003-02-20 00:00:00,1575.691403059291
2003-02-21 00:00:00,1574.1652838700923
2003-02-23 00:00:00,1564.725887840281
2003-02-24 00:00:00,1560.0227213287214
2003-02-25 00:00:00,1555.3016577077935
2003-02-26 00:00:00,1550.5416257960906
2003-02-27 00:00:00,1545.7273907809831
2003-02-28 00:00:00,1540.8524561551553
2003-03-02 00:00:00,1530.9422391528788
2003-03-03 00:00:00,1525.93722314543
2003-03-04 00:00:00,1520.9259257980248
2003-03-05 00:00:00,1515.9281492015548
2003-03-06 00:00:00,1510.959269357855
2003-03-07 00:00:00,1506.0278837882406
2003-03-09 00:00:00,1496.2726763349415
2003-03-10 00:00:00,1491.4283853694167
2003-03-11 00:00:00,1484.4943639780427
2003-03-12 00:00:00,1477.1128953879079
2003-03-13 00:00:00,1469.699743395687
2003-03-14 00:00:00,1462.2431812415148
2003-03-16 00:00:00,1447.1919394000943
2003-03-17 00:00:00,1439.614853083695
2003-03-18 00:00:00,1432.0266608906877
2003-03-19 00:00:00,1424.4480817938918
2003-03-20 00:00:00,1416.8969078454218
2003-03-21 00:00:00,1409.383918970674
2003-03-23 00:00:00,1394.4690351056788
2003-03-24 00:00:00,1387.0451813231764
2003-03-25 00:00:00,1379.6219661219397
2003-03-26 00:00:00,1372.1840345758344
2003-03-27 00:00:00,1364.7213472350718
2003-03-28 00:00:00,1357.2315246693202
2003-03-30 00:00:00,1342.2019541792122
2003-03-31 01:00:00,1334.3811949737485
2003-04-01 01:00:00,1326.9084699790942
2003-04-02 01:00:00,1319.490527319004
2003-04-03 01:00:00,1312.145509837885
2003-04-04 01:00:00,1304.886814341512
2003-04-06 01:00:00,1290.6536825542696
2003-04-07 01:00:00,1283.6784849940511
2003-04-08 01:00:00,1276.7903117899823
2003-04-09 01:00:00,1269.981359226562
2003-04-10 01:00:00,1263.2444851602963
2003-04-11 01:00:00,1256.5753594001742
2003-04-13 01:00:00,1243.44660156951
2003-04-14 01:00:00,1237.0033610068533
2003-04-15 01:00:00,1230.6588391887574
2003-04-16 01:00:00,1224.4284053783867
2003-04-17 01:00:00,1218.325350744821
2003-04-18 01:00:00,1212.3583166765684
2003-04-20 01:00:00,1200.8359640470644
2003-04-21 01:00:00,1195.2687971138319
2003-04-22 01:00:00,1189.8178103575106
2003-04-23 01:00:00,1184.4728794370046
2003-04-24 01:00:00,1179.226197256373
2003-04-25 01:00:00,1174.0734173302665
2003-04-27 01:00:00,1164.0494899791126
2003-04-28 01:00:00,1159.1841775615462
2003-04-29 01:00:00,1154.4215248594974
2003-04-30 01:00:00,1149.7636508341186
2003-05-01 01:00:00,1145.2099510569847
2003-05-02 01:00:00,1140.7563857282528
2003-05-04 01:00:00,1132.1155692623875
2003-05-05 01:00:00,1127.9035144609445
2003-05-06 01:00:00,1123.743612838467
2003-05-07 01:00:00,1119.6197459919408
2003-05-08 01:00:00,1115.5163178904936
2003-05-09 01:00:00,1111.1253350156412
2003-05-11 01:00:00,1101.036319004709
2003-05-12 01:00:00,1095.9762959233308
2003-05-13 01:00:00,1090.8981791656292
2003-05-14 01:00:00,1085.7973904301457
2003-05-15 01:00:00,1080.6694246191398
2003-05-16 01:00:00,1075.5093808154702
2003-05-18 01:00:00,1065.0721176578845
2003-05-19 01:00:00,1059.7852913709253
2003-05-20 01:00:00,1054.448511249791
2003-05-21 01:00:00,1049.0605205618278
2003-05-22 01:00:00,1043.6218071910885
2003-05-23 01:00:00,1038.134232839418
2003-05-25 01:00:00,1027.0230273145808
2003-05-26 01:00:00,1021.4042601837652
2003-05-27 01:00:00,1015.8194541769607
2003-05-28 01:00:00,1011.4884967301215
2003-05-29 01:00:00,1006.9827403138793
2003-05-30 01:00:00,1002.3050903438636
2003-06-01 01:00:00,992.4472747404349
2003-06-02 01:00:00,987.2759602343697
2003-06-03 01:00:00,981.9511757508253
2003-06-04 01:00:00,976.4807997740955
2003-06-05 01:00:00,970.8737078073771
2003-06-06 01:00:00,965.1389560541585
2003-06-08 01:00:00,953.3168802937156
2003-06-09 01:00:00,947.2385270312456
2003-06-10 01:00:00,942.0702624318526
2003-06-11 01:00:00,938.1580033641995
2003-06-12 01:00:00,934.1341032408302
2003-06-13 01:00:00,931.1246476046476
2003-06-15 01:00:00,928.7223909568887
2003-06-16 01:00:00,927.5833028925189
2003-06-17 01:00:00,926.4671009868404
2003-06-18 01:00:00,925.3494247033739
2003-06-19 01:00:00,924.2038713611263
2003-06-20 01:00:00,923.0079730092518
2003-06-22 01:00:00,921.5610289193274
2003-06-23 01:00:00,921.5538694346906
2003-06-24 01:00:00,921.5977752046565
2003-06-25 01:00:00,921.7191812446763
2003-06-26 01:00:00,921.9470872221831
2003-06-27 01:00:00,922.3079525219396
2003-06-29 01:00:00,923.493012018265
2003-06-30 01:00:00,924.317958927529
2003-07-01 01:00:00,925.2741631132939
2003-07-02 01:00:00,930.3766493219467
2003-07-03 01:00:00,935.5736670161212
2003-07-04 01:00:00,940.7888205308647
2003-07-06 01:00:00,951.1059074999387
2003-07-07 01:00:00,956.1672747700597
2003-07-08 01:00:00,961.1722843618215
2003-07-09 01:00:00,967.6655343568664
2003-07-10 01:00:00,974.8503641470493
2003-07-11 01:00:00,982.0893139432754
2003-07-13 01:00:00,996.8252022981144
2003-07-14 01:00:00,1004.3191207381535
2003-07-15 01:00:00,1011.8598555413828
2003-07-16 01:00:00,1019.401032309349
2003-07-17 01:00:00,1026.8926155701283
2003-07-18 01:00:00,1034.2910110159194
2003-07-20 01:00:00,1048.7124249283122
2003-07-21 01:00:00,1055.7380068865011
2003-07-22 01:00:00,1062.6741650863248
2003-07-23 01:00:00,1069.5639470931123
2003-07-24 01:00:00,1076.456117424001
2003-07-25 01:00:00,1083.3971113880018
2003-07-27 01:00:00,1100.107047594296
2003-07-28 01:00:00,1110.0989294609565
2003-07-29 01:00:00,1120.1086926546213
2003-07-30 01:00:00,1130.0926380867863
2003-07-31 01:00:00,1139.9944760303656
2003-08-01 01:00:00,1149.7556915800296
2003-08-03 01:00:00,1168.6809855683475
2003-08-04 01:00:00,1177.8146565901015
2003-08-05 01:00:00,1186.754093098897
2003-08-06 01:00:00,1195.5465634880466
2003-08-07 01:00:00,1202.889931870182
2003-08-08 01:00:00,1208.8341986696207
2003-08-10 01:00:00,1220.890726494874
2003-08-11 01:00:00,1227.0030964164312
2003-08-12 01:00:00,1233.1251474712872
2003-08-13 01:00:00,1239.1968504328893
2003-08-14 01:00:00,1245.151180837931
2003-08-15 01:00:00,1250.9262038460477
2003-08-17 01:00:00,1261.7722386135601
2003-08-18 01:00:00,1266.8153392554198
2003-08-19 01:00:00,1271.622945883391
2003-08-20 01:00:00,1276.2290426427082
2003-08-21 01:00:00,1280.675209187288
2003-08-22 01:00:00,1286.250873616128
2003-08-24 01:00:00,1298.7256132332755
2003-08-25 01:00:00,1304.8337498177088
2003-08-26 01:00:00,1310.8140936089826
2003-08-27 01:00:00,1316.2506872260228
2003-08-28 01:00:00,1318.768508516743
2003-08-29 01:00:00,1320.9479130745033
2003-08-31 01:00:00,1324.0661250589255
2003-09-01 01:00:00,1324.9603147038072
2003-09-02 01:00:00,1325.4357869049807
2003-09-03 01:00:00,1325.5465860391853
2003-09-04 01:00:00,1325.3633935171933
2003-09-05 01:00:00,1324.960635394067
2003-09-07 01:00:00,1323.7450892596794
2003-09-08 01:00:00,1322.821907558579
2003-09-09 01:00:00,1324.7880604223853
2003-09-10 01:00:00,1327.5797831227183
2003-09-11 01:00:00,1330.3596699217019
2003-09-12 01:00:00,1333.0995247097621
2003-09-14 01:00:00,1338.4224961987127
2003-09-15 01:00:00,1341.0357949255867
2003-09-16 01:00:00,1343.668051504963
2003-09-17 01:00:00,1346.3745739601013
2003-09-18 01:00:00,1349.216361681228
2003-09-19 01:00:00,1352.2522004769453
2003-09-21 01:00:00,1359.0830314157856
2003-09-22 01:00:00,1362.9182470070082
2003-09-23 01:00:00,1367.0210660145326
2003-09-24 01:00:00,1371.3542874603386
2003-09-25 01:00:00,1375.8652717808575
2003-09-26 01:00:00,1380.4958995808904
2003-09-28 01:00:00,1389.9236923673093
2003-09-29 01:00:00,1394.6714110499336
2003-09-30 01:00:00,1399.4467267868893
2003-10-01 01:00:00,1404.2770808599169
2003-10-02 01:00:00,1409.198584362782
2003-10-03 01:00:00,1414.245281037035
2003-10-05 01:00:00,1424.7872987390124
2003-10-06 01:00:00,1430.2740035336615
2003-10-07 01:00:00,1435.8698183090469
2003-10-08 01:00:00,1441.5343006428004
2003-10-09 01:00:00,1447.223943405146
2003-10-10 01:00:00,1452.899230344775
2003-10-12 01:00:00,1464.099711126176
2003-10-13 01:00:00,1469.6045628485274
2003-10-14 01:00:00,1475.0542296542976
2003-10-15 01:00:00,1480.4681547875653
2003-10-16 01:00:00,1485.8717947684122
2003-10-17 01:00:00,1491.2920188502846
2003-10-19 01:00:00,1502.2690307136982
2003-10-20 01:00:00,1507.8475253081472
2003-10-21 01:00:00,1513.481884122364
2003-10-22 01:00:00,1519.1556150241458
2003-10-23 01:00:00,1524.8451221060805
2003-10-24 01:00:00,1530.524802681623
2003-10-26 01:00:00,1541.7759082273517
2003-10-27 00:00:00,1545.193164157051
2003-10-28 00:00:00,1548.243285726375
2003-10-29 00:00:00,1551.28811203497
2003-10-30 00:00:00,1554.3342310954868
2003-10-31 00:00:00,1557.3876318248974
2003-11-02 00:00:00,1563.5299663911094
2003-11-03 00:00:00,1566.6194515199647
2003-11-04 00:00:00,1569.7180820230424
2003-11-05 00:00:00,1572.822269265732
2003-11-06 00:00:00,1575.9285549662618
2003-11-07 00:00:00,1576.3050803359024
2003-11-09 00:00:00,1576.2664907782496
2003-11-10 00:00:00,1576.2774323026379
2003-11-11 00:00:00,1576.305828098927
2003-11-12 00:00:00,1576.3493825641158
2003-11-13 00:00:00,1576.4062398228161
2003-11-14 00:00:00,1576.4754065856337
2003-11-16 00:00:00,1576.6519903891526
2003-11-17 00:00:00,1576.7622471804655
2003-11-18 00:00:00,1576.889572434892
2003-11-19 00:00:00,1577.0351996335855
2003-11-20 00:00:00,1577.1991422676879
2003-11-21 00:00:00,1577.072880672592
2003-11-23 00:00:00,1575.9639912763314
2003-11-24 00:00:00,1575.4023865798222
2003-11-25 00:00:00,1574.8340391656448
2003-11-26 00:00:00,1574.2604876806943
2003-11-27 00:00:00,1573.686118932937
2003-11-28 00:00:00,1573.117596807961
2003-11-30 00:00:00,1572.0289070871163
2003-12-01 00:00:00,1571.522031620543
2003-12-02 00:00:00,1571.045485937379
2003-12-03 00:00:00,1570.6000606553282
2003-12-04 00:00:00,1570.184393218885
2003-12-05 00:00:00,1569.795927581655
2003-12-07 00:00:00,1567.7658545292638
2003-12-08 00:00:00,1564.8356337250543
2003-12-09 00:00:00,1561.9346181791316
2003-12-10 00:00:00,1559.0728195185684
2003-12-11 00:00:00,1556.264939843778
2003-12-12 00:00:00,1553.5299802008315
2003-12-14 00:00:00,1547.8146560545292
2003-12-15 00:00:00,1544.2865162421563
2003-12-16 00:00:00,1541.2042718174066
2003-12-17 00:00:00,1538.6123879067868
2003-12-18 00:00:00,1536.5470874125797
2003-12-19 00:00:00,1535.0336371907988
2003-12-21 00:00:00,1533.6957819943957
2003-12-22 00:00:00,1533.8492761307602
2003-12-23 00:00:00,1533.260843420448
2003-12-24 00:00:00,1532.3758299847664
2003-12-25 00:00:00,1531.5970139843907
2003-12-26 00:00:00,1530.9024604358522
2003-12-28 00:00:00,1529.6555665366968
2003-12-29 00:00:00,1529.035309980349
2003-12-30 00:00:00,1528.3655968584378
2003-12-31 00:00:00,1527.6063645057536
2004-01-01 00:00:00,1526.7197663113866
2004-01-02 00:00:00,1525.672805362153
2004-01-04 00:00:00,1523.0022575948417
2004-01-05 00:00:00,1521.3530503667994
2004-01-06 00:00:00,1519.4934252553742
2004-01-07 00:00:00,1517.4342983532028
2004-01-08 00:00:00,1515.19486759465
2004-01-09 00:00:00,1512.8007459920686
2004-01-11 00:00:00,1507.6661914084643
2004-01-12 00:00:00,1504.9819575066485
2004-01-13 00:00:00,1502.2484314286276
2004-01-14 00:00:00,1499.476441185123
2004-01-15 00:00:00,1496.6669143092488
2004-01-16 00:00:00,1493.8118921409855
2004-01-18 00:00:00,1487.90792743318
2004-01-19 00:00:00,1484.8310413892802
2004-01-20 00:00:00,1481.6619521654443
2004-01-21 00:00:00,1478.405915075439
2004-01-22 00:00:00,1475.0781895503267
2004-01-23 00:00:00,1469.6469269670358
2004-01-25 00:00:00,1457.5606717104383
2004-01-26 00:00:00,1451.4599353652575
2004-01-27 00:00:00,1445.33816123734
2004-01-28 00:00:00,1439.1959295009046
2004-01-29 00:00:00,1433.0252505195888
2004-01-30 00:00:00,1425.514701628964
2004-02-01 00:00:00,1407.7773847387423
2004-02-02 00:00:00,1398.7826398442594
2004-02-03 00:00:00,1389.694805065374
2004-02-04 00:00:00,1380.5163871830007
2004-02-05 00:00:00,1371.257783403187
2004-02-06 00:00:00,1361.9361173891741
2004-02-08 00:00:00,1343.1898677111683
2004-02-09 00:00:00,1333.8063662025588
2004-02-10 00:00:00,1324.4343904110729
2004-02-11 00:00:00,1315.0767404631458
2004-02-12 00:00:00,1305.7261111048806
2004-02-13 00:00:00,1296.3663705242864
2004-02-15 00:00:00,1277.5315819565155
2004-02-16 00:00:00,1268.0149050198054
2004-02-17 00:00:00,1258.4150799747617
2004-02-18 00:00:00,1248.7319461537704
2004-02-19 00:00:00,1238.9757808947118
2004-02-20 00:00:00,1229.1646629462336
2004-02-22 00:00:00,1209.4623941511795
2004-02-23 00:00:00,1199.6061280456668
2004-02-24 00:00:00,1189.7580769171755
2004-02-25 00:00:00,1180.3610932294034
2004-02-26 00:00:00,1171.822693914402
2004-02-27 00:00:00,1163.2286832306347
2004-02-29 00:00:00,1145.9456075820294
2004-03-01 00:00:00,1137.2890243706172
2004-03-02 00:00:00,1128.6367370982473
2004-03-03 00:00:00,1119.991507169865
2004-03-04 00:00:00,1111.349210387759
2004-03-05 00:00:00,1099.2061989223864
2004-03-07 00:00:00,1073.6211414512586
2004-03-08 00:00:00,1060.7312128880305
2004-03-09 00:00:00,1047.7732791696926
2004-03-10 00:00:00,1034.7564231376025
2004-03-11 00:00:00,1021.7001916576261
2004-03-12 00:00:00,1008.6337202612402
2004-03-14 00:00:00,982.6187221755875
2004-03-15 00:00:00,969.7498323595449
2004-03-16 00:00:00,957.0231164190392
2004-03-17 00:00:00,944.4701908439675
2004-03-18 00:00:00,934.4021439951974
2004-03-19 00:00:00,924.6316957720406
2004-03-21 00:00:00,905.7884727188472
2004-03-22 00:00:00,896.7175836476863
2004-03-23 00:00:00,887.90410573311
2004-03-24 00:00:00,879.3855383949874
2004-03-25 00:00:00,871.213172546794
2004-03-26 00:00:00,863.4476259180469
2004-03-28 00:00:00,849.3912919415835
2004-03-29 01:00:00,842.9716146917859
2004-03-30 01:00:00,837.4490450661515
2004-03-31 01:00:00,832.5778832175777
2004-04-01 01:00:00,828.3648805013064
2004-04-02 01:00:00,824.8014540888545
2004-04-04 01:00:00,819.5359148446186
2004-04-05 01:00:00,817.7795849161821
2004-04-06 01:00:00,816.5749911890869
2004-04-07 01:00:00,815.9058586113457
2004-04-08 01:00:00,815.7632531998444
2004-04-09 01:00:00,816.1428510459186
2004-04-11 01:00:00,818.4427665473464
2004-04-12 01:00:00,820.3278642521581
2004-04-13 01:00:00,822.6555305072646
2004-04-14 01:00:00,825.3695768376622
2004-04-15 01:00:00,828.3996006263037
2004-04-16 01:00:00,831.6655308027468
2004-04-18 01:00:00,838.5700619071544
2004-04-19 01:00:00,842.049144891049
2004-04-20 01:00:00,845.4523605797599
2004-04-21 01:00:00,848.7215291323519
2004-04-22 01:00:00,851.8083400157406
2004-04-23 01:00:00,854.673318881034
2004-04-25 01:00:00,859.6145723324005
2004-04-26 01:00:00,861.6417323122911
2004-04-27 01:00:00,863.346369339534
2004-04-28 01:00:00,864.71189074927
2004-04-29 01:00:00,865.7248152996824
2004-04-30 01:00:00,866.3756146469267
2004-05-02 01:00:00,866.5784963971446
2004-05-03 01:00:00,866.1390136703151
2004-05-04 01:00:00,865.3535794572861
2004-05-05 01:00:00,864.2377803413257
2004-05-06 01:00:00,862.80799514776
2004-05-07 01:00:00,861.0788823415835
2004-05-09 01:00:00,856.762621804411
2004-05-10 01:00:00,854.1864346866552
2004-05-11 01:00:00,851.3359495142521
2004-05-12 01:00:00,848.2162832338558
2004-05-13 01:00:00,844.8366883662342
2004-05-14 01:00:00,841.2116491851968
2004-05-16 01:00:00,833.3066624182976
2004-05-17 01:00:00,829.0736082470588
2004-05-18 01:00:00,824.6836150929192
2004-05-19 01:00:00,820.1542798272484
2004-05-20 01:00:00,815.4965049652897
2004-05-21 01:00:00,810.7131921632289
2004-05-23 01:00:00,800.7416996064354
2004-05-24 01:00:00,795.5239344611523
2004-05-25 01:00:00,790.127151623777
2004-05-26 01:00:00,788.1026310018693
2004-05-27 01:00:00,786.358886135169
2004-05-28 01:00:00,784.4545368030102
2004-05-30 01:00:00,780.2519067261976
2004-05-31 01:00:00,778.0339875578858
2004-06-01 01:00:00,775.8009707513046
2004-06-02 01:00:00,773.5905768598988
2004-06-03 01:00:00,771.4201677440687
2004-06-04 01:00:00,769.2801194094528
2004-06-06 01:00:00,764.9236221027488
2004-06-07 01:00:00,762.5874663710645
2004-06-08 01:00:00,760.0705887039088
2004-06-09 01:00:00,757.3403290914306
2004-06-10 01:00:00,754.3932016445675
2004-06-11 01:00:00,751.2554720147842
2004-06-13 01:00:00,745.0236716728647
2004-06-14 01:00:00,747.1087675173217
2004-06-15 01:00:00,749.2459800649615
2004-06-16 01:00:00,751.467030108809
2004-06-17 01:00:00,753.7808748653307
2004-06-18 01:00:00,756.1709031353677
2004-06-20 01:00:00,760.9954796838001
2004-06-21 01:00:00,763.2978342030403
2004-06-22 01:00:00,765.431839231143
2004-06-23 01:00:00,767.3389534493874
2004-06-24 01:00:00,768.9846367139302
2004-06-25 01:00:00,770.366428575055
2004-06-27 01:00:00,772.6538057814726
2004-06-28 01:00:00,777.3608475429895
2004-06-29 01:00:00,782.010948524715
2004-06-30 01:00:00,786.6758091351396
2004-07-01 01:00:00,791.3954127641413
2004-07-02 01:00:00,796.1665586136545
2004-07-04 01:00:00,805.6420549063123
2004-07-05 01:00:00,810.1735098145986
2004-07-06 01:00:00,814.4546001390879
2004-07-07 01:00:00,818.4338107663358
2004-07-08 01:00:00,822.1010618762283
2004-07-09 01:00:00,825.4883469793509
2004-07-11 01:00:00,831.8009461039467
2004-07-12 01:00:00,836.6776192296392
2004-07-13 01:00:00,841.5287057168746
2004-07-14 01:00:00,846.410116766663
2004-07-15 01:00:00,851.3450931704978
2004-07-16 01:00:00,856.320340804739
2004-07-18 01:00:00,866.1708000369018
2004-07-19 01:00:00,870.8776110338257
2004-07-20 01:00:00,875.3147203933225
2004-07-21 01:00:00,879.4037849844211
2004-07-22 01:00:00,883.0958212244661
2004-07-23 01:00:00,886.3810933394298
2004-07-25 01:00:00,891.8994804000014
2004-07-26 01:00:00,894.2976690239402
2004-07-27 01:00:00,896.5872554663225
2004-07-28 01:00:00,898.8519688864505
2004-07-29 01:00:00,901.1381945955243
2004-07-30 01:00:00,903.4422689367477
2004-08-01 01:00:00,907.8405324811997
2004-08-02 01:00:00,909.7259860142736
2004-08-03 01:00:00,911.2599415351767
2004-08-04 01:00:00,912.3682822342798
2004-08-05 01:00:00,913.0204060611446
2004-08-06 01:00:00,913.231126493197
2004-08-08 01:00:00,912.563227168834
2004-08-09 01:00:00,911.8460139516467
2004-08-10 01:00:00,910.9776641498433
2004-08-11 01:00:00,910.0124104317559
2004-08-12 01:00:00,908.9732164774172
2004-08-13 01:00:00,907.8478230017867
2004-08-15 01:00:00,905.1313466241324
2004-08-16 01:00:00,903.3865056085851
2004-08-17 01:00:00,901.2769878943928
2004-08-18 01:00:00,898.7440683383255
2004-08-19 01:00:00,896.3976422276793
2004-08-20 01:00:00,895.8416830177753
2004-08-22 01:00:00,894.0248455644258
2004-08-23 01:00:00,892.9531765705079
2004-08-24 01:00:00,891.9224142949944
2004-08-25 01:00:00,891.0325038417823
2004-08-26 01:00:00,890.3506946667349
2004-08-27 01:00:00,889.8998010715834
2004-08-29 01:00:00,889.5640243838875
2004-08-30 01:00:00,889.5448108568328
2004-08-31 01:00:00,889.527462189545
2004-09-01 01:00:00,890.1533358129591
2004-09-02 01:00:00,891.9100227843535
2004-09-03 01:00:00,893.6312103166671
2004-09-05 01:00:00,897.1773551052898
2004-09-06 01:00:00,899.1432230893259
2004-09-07 01:00:00,901.3293825358744
2004-09-08 01:00:00,903.7850313954724
2004-09-09 01:00:00,906.5331304737299
2004-09-10 01:00:00,909.5663771297422
2004-09-12 01:00:00,916.3171226403487
2004-09-13 01:00:00,919.8986036546681
2004-09-14 01:00:00,923.5147372994156
2004-09-15 01:00:00,927.0978897130964
2004-09-16 01:00:00,930.6012344967253
2004-09-17 01:00:00,934.0058472857326
2004-09-19 01:00:00,940.5884551176036
2004-09-20 01:00:00,943.8568025558916
2004-09-21 01:00:00,947.1850661168647
2004-09-22 01:00:00,950.620392711192
2004-09-23 01:00:00,954.1888430754824
2004-09-24 01:00:00,957.8881194945128
2004-09-26 01:00:00,965.543892254528
2004-09-27 01:00:00,969.4235410559094
2004-09-28 01:00:00,974.0782676818297
2004-09-29 01:00:00,978.6394433523922
2004-09-30 01:00:00,986.8149673502996
2004-10-01 01:00:00,996.6655550029865
2004-10-03 01:00:00,1016.0058409860153
2004-10-04 01:00:00,1025.5590211916801
2004-10-05 01:00:00,1035.0791036367048
2004-10-06 01:00:00,1044.5920470903598
2004-10-07 01:00:00,1054.1122589944075
2004-10-08 01:00:00,1063.6407725252654
2004-10-10 01:00:00,1082.6664452185632
2004-10-11 01:00:00,1092.11598807351
2004-10-12 01:00:00,1101.4888165120774
2004-10-13 01:00:00,1110.764884143273
2004-10-14 01:00:00,1119.9336347356507
2004-10-15 01:00:00,1128.9956544506458
2004-10-17 01:00:00,1146.850213581136
2004-10-18 01:00:00,1153.2182102349352
2004-10-19 01:00:00,1158.8399705601028
2004-10-20 01:00:00,1164.4465339569654
2004-10-21 01:00:00,1170.0399246973031
2004-10-22 01:00:00,1175.61790349082
2004-10-24 01:00:00,1186.7081662661842
2004-10-25 01:00:00,1192.212400032142
2004-10-26 01:00:00,1197.6883064487824
2004-10-27 01:00:00,1203.1390153012699
2004-10-28 01:00:00,1208.5698175019088
2004-10-29 01:00:00,1213.9865368078795
2004-10-31 01:00:00,1224.793056965164
2004-11-01 00:00:00,1229.9581750245022
2004-11-02 00:00:00,1235.3322594816766
2004-11-03 00:00:00,1240.681402841287
2004-11-04 00:00:00,1245.9947817590164
2004-11-05 00:00:00,1251.2620458496403
2004-11-07 00:00:00,1265.5439457161788
2004-11-08 00:00:00,1272.7017402367285
2004-11-09 00:00:00,1279.8194411504828
2004-11-10 00:00:00,1286.9097994009749
2004-11-11 00:00:00,1293.9864031171494
2004-11-12 00:00:00,1301.0595119811442
2004-11-14 00:00:00,1315.1944483527227
2004-11-15 00:00:00,1321.2618139354959
2004-11-16 00:00:00,1326.800593007297
2004-11-17 00:00:00,1332.2499693196885
2004-11-18 00:00:00,1337.5898159870615
2004-11-19 00:00:00,1342.8010245046567
2004-11-21 00:00:00,1352.7723632992847
2004-11-22 00:00:00,1357.5048443906533
2004-11-23 00:00:00,1362.0506345714175
2004-11-24 00:00:00,1366.3936975359609
2004-11-25 00:00:00,1368.4483763665057
2004-11-26 00:00:00,1369.7737746192531
2004-11-28 00:00:00,1371.3587917112616
2004-11-29 00:00:00,1371.5498933724202
2004-11-30 00:00:00,1371.298647747298
2004-12-01 00:00:00,1370.5777223173427
2004-12-02 00:00:00,1369.3635960215072
2004-12-03 00:00:00,1367.638043796721
2004-12-05 00:00:00,1362.6222202947336
2004-12-06 00:00:00,1359.4344071052114
2004-12-07 00:00:00,1356.8289084960074
2004-12-08 00:00:00,1353.8167843373926
2004-12-09 00:00:00,1350.4844398463335
2004-12-10 00:00:00,1346.9425396922463
2004-12-12 00:00:00,1339.7617288092142
2004-12-13 00:00:00,1336.406528222771
2004-12-14 00:00:00,1333.3874719549347
2004-12-15 00:00:00,1330.8155927124076
2004-12-16 00:00:00,1328.7732429830573
2004-12-17 00:00:00,1327.3100336714053
2004-12-19 00:00:00,1326.161075153377
2004-12-20 00:00:00,1326.4306652686041
2004-12-21 00:00:00,1327.2042574933607
2004-12-22 00:00:00,1328.4274506713803
2004-12-23 00:00:00,1330.0455362121193
2004-12-24 00:00:00,1332.008466447992
2004-12-26 00:00:00,1336.8099023628465
2004-12-27 00:00:00,1339.5927261283641
2004-12-28 00:00:00,1342.607708908834
2004-12-29 00:00:00,1345.9986051959452
2004-12-30 00:00:00,1349.9795553706367
2004-12-31 00:00:00,1354.0579591127114
2005-01-02 00:00:00,1362.5115433440221
2005-01-03 00:00:00,1366.870914164223
2005-01-04 00:00:00,1371.2961284347375
2005-01-05 00:00:00,1375.7637897670973
2005-01-06 00:00:00,1380.2491488922826
2005-01-07 00:00:00,1384.7303279100672
2005-01-09 00:00:00,1393.6316803065506
2005-01-10 00:00:00,1398.0547550917095
2005-01-11 00:00:00,1402.4787536152678
2005-01-12 00:00:00,1406.9257098676007
2005-01-13 00:00:00,1411.4166306531297
2005-01-14 00:00:00,1415.965911990625
2005-01-16 00:00:00,1425.955716247473
2005-01-17 00:00:00,1431.0750405493336
2005-01-18 00:00:00,1436.2367806480427
2005-01-19 00:00:00,1441.4184574956948
2005-01-20 00:00:00,1446.600639324338
2005-01-21 00:00:00,1451.7700158780722
2005-01-23 00:00:00,1462.057755674678
2005-01-24 00:00:00,1467.190553138462
2005-01-25 00:00:00,1472.33677403854
2005-01-26 00:00:00,1476.676621202008
2005-01-27 00:00:00,1478.6251207664754
2005-01-28 00:00:00,1480.247316282446
2005-01-30 00:00:00,1479.1142383610381
2005-01-31 00:00:00,1478.640709623668
2005-02-01 00:00:00,1478.2142465334846
2005-02-02 00:00:00,1477.8162616358727
2005-02-03 00:00:00,1477.4260298501115
2005-02-04 00:00:00,1477.0247769912403
2005-02-06 00:00:00,1476.1477469892138
2005-02-07 00:00:00,1475.675672762772
2005-02-08 00:00:00,1475.1997981913084
2005-02-09 00:00:00,1474.7414789595277
2005-02-10 00:00:00,1474.3218479761083
2005-02-11 00:00:00,1473.9566052645282
2005-02-13 00:00:00,1473.4069140156935
2005-02-14 00:00:00,1473.208291010331
2005-02-15 00:00:00,1473.0400749768578
2005-02-16 00:00:00,1472.8838375953544
2005-02-17 00:00:00,1472.7228313418173
2005-02-18 00:00:00,1472.544744339688
2005-02-20 00:00:00,1472.119445559519
2005-02-21 00:00:00,1471.8794708921046
2005-02-22 00:00:00,1471.6346776107819
2005-02-23 00:00:00,1471.39843801595
2005-02-24 00:00:00,1471.1836948353089
2005-02-25 00:00:00,1471.0004112212323
2005-02-27 00:00:00,1470.7412726170587
2005-02-28 00:00:00,1470.6553688588633
2005-03-01 00:00:00,1470.580993452784
2005-03-02 00:00:00,1470.4986937475944
2005-03-03 00:00:00,1470.3867484073862
2005-03-04 00:00:00,1470.2240918079465
2005-03-06 00:00:00,1469.682311386605
2005-03-07 00:00:00,1469.2861150228946
2005-03-08 00:00:00,1468.3073499716163
2005-03-09 00:00:00,1466.2588887496347
2005-03-10 00:00:00,1464.136770263781
2005-03-11 00:00:00,1461.9426502799856
2005-03-13 00:00:00,1457.3215244819066
2005-03-14 00:00:00,1454.8742146695101
2005-03-15 00:00:00,1452.3169557288152
2005-03-16 00:00:00,1449.6348498956324
2005-03-17 00:00:00,1446.8149638717298
2005-03-18 00:00:00,1443.8480948723966
2005-03-20 00:00:00,1437.4615561783908
2005-03-21 00:00:00,1434.0491973264532
2005-03-22 00:00:00,1430.5035195998548
2005-03-23 00:00:00,1426.8384610826388
2005-03-24 00:00:00,1423.069940122632
2005-03-25 00:00:00,1419.2146050310348
2005-03-27 00:00:00,1411.3078756669292
2005-03-28 01:00:00,1407.1171270511372
2005-03-29 01:00:00,1403.0659627225875
2005-03-30 01:00:00,1399.8139497664843
2005-03-31 01:00:00,1399.9224392912806
2005-04-01 01:00:00,1400.0218297396532
2005-04-03 01:00:00,1399.9613271628446
2005-04-04 01:00:00,1397.197174782036
2005-04-05 01:00:00,1394.3721082327759
2005-04-06 01:00:00,1391.4807281281555
2005-04-07 01:00:00,1388.5189321251903
2005-04-08 01:00:00,1385.483133166876
2005-04-10 01:00:00,1379.2835049602231
2005-04-11 01:00:00,1378.4807020935816
2005-04-12 01:00:00,1377.5940960240814
2005-04-13 01:00:00,1376.6261199692242
2005-04-14 01:00:00,1375.5789119388116
2005-04-15 01:00:00,1374.4541241927286
2005-04-17 01:00:00,1371.9769204525664
2005-04-18 01:00:00,1370.6274801113864
2005-04-19 01:00:00,1369.2073216078775
2005-04-20 01:00:00,1367.7202222387361
2005-04-21 01:00:00,1366.171162913194
2005-04-22 01:00:00,1364.5660635496522
2005-04-24 01:00:00,1361.212590049634
2005-04-25 01:00:00,1359.474812181681
2005-04-26 01:00:00,1357.7005706993905
2005-04-27 01:00:00,1355.8901118279189
2005-04-28 01:00:00,1354.0413685267617
2005-04-29 01:00:00,1350.1399254357937
2005-05-01 01:00:00,1341.2834073054887
2005-05-02 01:00:00,1336.6616258906054
2005-05-03 01:00:00,1331.9175426332831
2005-05-04 01:00:00,1327.0597566913002
2005-05-05 01:00:00,1322.0987685737148
2005-05-06 01:00:00,1317.045457727299
2005-05-08 01:00:00,1308.08543454131
2005-05-09 01:00:00,1305.811731132274
2005-05-10 01:00:00,1303.5722626377524
2005-05-11 01:00:00,1301.3496317970555
2005-05-12 01:00:00,1299.1189925628225
2005-05-13 01:00:00,1296.852373893715
2005-05-15 01:00:00,1292.1134930311312
2005-05-16 01:00:00,1289.6129764410389
2005-05-17 01:00:00,1287.0259727298683
2005-05-18 01:00:00,1284.3690703413463
2005-05-19 01:00:00,1281.6693866482594
2005-05-20 01:00:00,1278.9603169022853
2005-05-22 01:00:00,1273.6435101494012
2005-05-23 01:00:00,1271.0791746042712
2005-05-24 01:00:00,1268.5815779034065
2005-05-25 01:00:00,1266.131576848924
2005-05-26 01:00:00,1263.6950258636125
2005-05-27 01:00:00,1261.2300154145323
2005-05-29 01:00:00,1256.0699086730788
2005-05-30 01:00:00,1253.3417437434512
2005-05-31 01:00:00,1250.5290920451257
2005-06-01 01:00:00,1247.6681397768175
2005-06-02 01:00:00,1244.8076482905988
2005-06-03 01:00:00,1241.9994105130418
2005-06-05 01:00:00,1236.7064206037078
2005-06-06 01:00:00,1234.2645399295784
2005-06-07 01:00:00,1231.9546541840416
2005-06-08 01:00:00,1229.7503210331554
2005-06-09 01:00:00,1227.612230378242
2005-06-10 01:00:00,1225.4954422893597
2005-06-12 01:00:00,1221.1661019683738
2005-06-13 01:00:00,1218.9051578148933
2005-06-14 01:00:00,1216.578164210312
2005-06-15 01:00:00,1214.2084223401089
2005-06-16 01:00:00,1211.8359042358225
2005-06-17 01:00:00,1209.5110665725135
2005-06-19 01:00:00,1205.2060177949697
2005-06-20 01:00:00,1203.2972882097463
2005-06-21 01:00:00,1201.5625944570402
2005-06-22 01:00:00,1199.977549490742
2005-06-23 01:00:00,1198.4948996649894
2005-06-24 01:00:00,1197.054832758438
2005-06-26 01:00:00,1194.0843405617052
2005-06-27 01:00:00,1194.907024635913
2005-06-28 01:00:00,1197.0641882013226
2005-06-29 01:00:00,1199.446836931845
2005-06-30 01:00:00,1201.717459196998
2005-07-01 01:00:00,1203.9345924483614
2005-07-03 01:00:00,1208.3890243546607
2005-07-04 01:00:00,1210.6656753586153
2005-07-05 01:00:00,1212.9608000005437
2005-07-06 01:00:00,1215.2353143458997
2005-07-07 01:00:00,1217.4345061146464
2005-07-08 01:00:00,1219.496666919908
2005-07-10 01:00:00,1225.1230812467436
2005-07-11 01:00:00,1228.6623072110574
2005-07-12 01:00:00,1231.9328501390082
2005-07-13 01:00:00,1234.9672550002444
2005-07-14 01:00:00,1237.8306741967892
2005-07-15 01:00:00,1240.6099986694721
2005-07-17 01:00:00,1246.2778904556221
2005-07-18 01:00:00,1249.3006384029125
2005-07-19 01:00:00,1252.4763789333329
2005-07-20 01:00:00,1255.7665544814106
2005-07-21 01:00:00,1259.0906164153223
2005-07-22 01:00:00,1262.3440453733033
2005-07-24 01:00:00,1268.2544065233058
2005-07-25 01:00:00,1270.8058422580887
2005-07-26 01:00:00,1273.0993233393315
2005-07-27 01:00:00,1275.1999919638838
2005-07-28 01:00:00,1277.2007589659286
2005-07-29 01:00:00,1279.202151628904
2005-07-31 01:00:00,1283.5354555515403
2005-08-01 01:00:00,1285.9563115450208
2005-08-02 01:00:00,1288.5453206933257
2005-08-03 01:00:00,1291.2600248015215
2005-08-04 01:00:00,1294.0357459598624
2005-08-05 01:00:00,1296.7987379491879
2005-08-07 01:00:00,1302.0290015098942
2005-08-08 01:00:00,1304.4211149946582
2005-08-09 01:00:00,1306.6648783994538
2005-08-10 01:00:00,1308.8011929184233
2005-08-11 01:00:00,1310.89879391201
2005-08-12 01:00:00,1313.0449029851623
2005-08-14 01:00:00,1317.4312083868333
2005-08-15 01:00:00,1319.8106117002146
2005-08-16 01:00:00,1322.4242694419831
2005-08-17 01:00:00,1325.262757380023
2005-08-18 01:00:00,1328.2944016754207
2005-08-19 01:00:00,1331.4735539663502
2005-08-21 01:00:00,1338.0945151383507
2005-08-22 01:00:00,1341.4809256060867
2005-08-23 01:00:00,1344.91579430733
2005-08-24 01:00:00,1348.4222419690766
2005-08-25 01:00:00,1352.0354607164807
2005-08-26 01:00:00,1355.79371074883
2005-08-28 01:00:00,1363.8635540440685
2005-08-29 01:00:00,1368.1996345270707
2005-08-30 01:00:00,1370.8732106874343
2005-08-31 01:00:00,1373.0163842968025
2005-09-01 01:00:00,1375.2663954205104
2005-09-02 01:00:00,1377.7257387041302
2005-09-04 01:00:00,1386.5114980237495
2005-09-05 01:00:00,1390.9655979979043
2005-09-06 01:00:00,1395.4486795766006
2005-09-07 01:00:00,1399.9576577469954
2005-09-08 01:00:00,1404.4935353257858
2005-09-09 01:00:00,1409.0602508356042
2005-09-11 01:00:00,1418.3068649650422
2005-09-12 01:00:00,1422.994259606018
2005-09-13 01:00:00,1427.7245741673516
2005-09-14 01:00:00,1432.4933636114795
2005-09-15 01:00:00,1437.2930811003853
2005-09-16 01:00:00,1442.114553936647
2005-09-18 01:00:00,1451.7899784333651
2005-09-19 01:00:00,1456.6344384130425
2005-09-20 01:00:00,1461.483191627375
2005-09-21 01:00:00,1466.3401666962247
2005-09-22 01:00:00,1471.2111900297375
2005-09-23 01:00:00,1476.1025492007047
2005-09-25 01:00:00,1485.9664123342343
2005-09-26 01:00:00,1490.9443414876514
2005-09-27 01:00:00,1495.9531949188702
2005-09-28 01:00:00,1500.9911882039364
2005-09-29 01:00:00,1504.378052318449
2005-09-30 01:00:00,1506.1060070377898
2005-10-02 01:00:00,1509.7374131065337
2005-10-03 01:00:00,1509.5364240207646
2005-10-04 01:00:00,1509.2064774682867
2005-10-05 01:00:00,1508.9066928579007
2005-10-06 01:00:00,1509.021209916522
2005-10-07 01:00:00,1511.4782563517717
2005-10-09 01:00:00,1516.3889104295533
2005-10-10 01:00:00,1518.844413606946
2005-10-11 01:00:00,1521.302243932735
2005-10-12 01:00:00,1523.7637927028356
2005-10-13 01:00:00,1526.2293695686851
2005-10-14 01:00:00,1528.6977005962137
2005-10-16 01:00:00,1533.6302335056062
2005-10-17 01:00:00,1536.086294608698
2005-10-18 01:00:00,1538.5307076527174
2005-10-19 01:00:00,1540.9616007747547
2005-10-20 01:00:00,1543.379129646691
2005-10-21 01:00:00,1545.7854118830314
2005-10-23 01:00:00,1549.4683788164264
2005-10-24 01:00:00,1548.6086737100413
2005-10-25 01:00:00,1547.7680573907448
2005-10-26 01:00:00,1546.9495809591829
2005-10-27 01:00:00,1546.153794795295
2005-10-28 01:00:00,1545.37884999454
2005-10-30 01:00:00,1543.8761261660338
2005-10-31 00:00:00,1543.1708236924505
2005-11-01 00:00:00,1542.4416093364082
2005-11-02 00:00:00,1541.7209267768385
2005-11-03 00:00:00,1541.0145420218428
2005-11-04 00:00:00,1540.332982967463
2005-11-06 00:00:00,1539.1064720043532
2005-11-07 00:00:00,1538.5975595844004
2005-11-08 00:00:00,1538.180885389811
2005-11-09 00:00:00,1537.8690308725327
2005-11-10 00:00:00,1537.6694547535308
2005-11-11 00:00:00,1537.5848189893911
2005-11-13 00:00:00,1537.7567046151235
2005-11-14 00:00:00,1538.0118878495573
2005-11-15 00:00:00,1538.3839829674969
2005-11-16 00:00:00,1538.8817621591425
2005-11-17 00:00:00,1539.5182298322416
2005-11-18 00:00:00,1540.3086074499531
2005-11-20 00:00:00,1542.4028118228828
2005-11-21 00:00:00,1543.7159775956209
2005-11-22 00:00:00,1545.1944761604213
2005-11-23 00:00:00,1546.8121371218695
2005-11-24 00:00:00,1548.5288851646335
2005-11-25 00:00:00,1550.2930604696126
2005-11-27 00:00:00,1553.7258863434836
2005-11-28 00:00:00,1555.2771468297933
2005-11-29 00:00:00,1556.6525837921113
2005-11-30 00:00:00,1557.8193398479868
2005-12-01 00:00:00,1558.7609499526163
2005-12-02 00:00:00,1559.477465723968
2005-12-04 00:00:00,1560.302149140312
2005-12-05 00:00:00,1560.4624096724735
2005-12-06 00:00:00,1559.9747145145896
2005-12-07 00:00:00,1559.3961302212008
2005-12-08 00:00:00,1558.742753683081
2005-12-09 00:00:00,1558.014351413196
2005-12-11 00:00:00,1556.30120002508
2005-12-12 00:00:00,1555.297683875345
2005-12-13 00:00:00,1554.189624663332
2005-12-14 00:00:00,1552.9806953866744
2005-12-15 00:00:00,1551.6825537416373
2005-12-16 00:00:00,1550.3137822886238
2005-12-18 00:00:00,1547.4578278099818
2005-12-19 00:00:00,1546.0169124505778
2005-12-20 00:00:00,1544.5913479733683
2005-12-21 00:00:00,1543.1902568852252
2005-12-22 00:00:00,1541.8142605274518
2005-12-23 00:00:00,1540.4557838893318
2005-12-25 00:00:00,1537.730184034777
2005-12-26 00:00:00,1536.3253168322562
2005-12-27 00:00:00,1534.8693707966186
2005-12-28 00:00:00,1533.3519588845138
2005-12-29 00:00:00,1531.771580919494
2005-12-30 00:00:00,1530.1367789518893
2006-01-01 00:00:00,1526.7798900519401
2006-01-02 00:00:00,1525.1048365775139
2006-01-03 00:00:00,1523.4587617956036
2006-01-04 00:00:00,1521.8509197318483
2006-01-05 00:00:00,1520.2793838979649
2006-01-06 00:00:00,1518.7319804815045
2006-01-08 00:00:00,1515.6323102575986
2006-01-09 00:00:00,1514.0415947145582
2006-01-10 00:00:00,1512.4068853151928
2006-01-11 00:00:00,1510.7265330519642
2006-01-12 00:00:00,1509.0084977733738
2006-01-13 00:00:00,1507.269023928383
2006-01-15 00:00:00,1503.8153465564776
2006-01-16 00:00:00,1501.8810412861508
2006-01-17 00:00:00,1499.8202607836945
2006-01-18 00:00:00,1499.4041045545212
2006-01-19 00:00:00,1501.8515249477537
2006-01-20 00:00:00,1504.3359794376765
2006-01-22 00:00:00,1509.3464075577926
2006-01-23 00:00:00,1511.8309015152029
2006-01-24 00:00:00,1514.2755110595117
2006-01-25 00:00:00,1516.6666432585473
2006-01-26 00:00:00,1518.998631257922
2006-01-27 00:00:00,1521.2749621010682
2006-01-29 00:00:00,1520.4355448811252
2006-01-30 00:00:00,1519.0084262596388
2006-01-31 00:00:00,1517.5699612834173
2006-02-01 00:00:00,1516.1288235536892
2006-02-02 00:00:00,1514.6844119951816
2006-02-03 00:00:00,1513.2275879998817
2006-02-05 00:00:00,1510.21555186295
2006-02-06 00:00:00,1508.6294113599515
2006-02-07 00:00:00,1506.976169276522
2006-02-08 00:00:00,1505.254163049868
2006-02-09 00:00:00,1503.4693062350673
2006-02-10 00:00:00,1501.6340823616965
2006-02-12 00:00:00,1497.883085561791
2006-02-13 00:00:00,1496.0056480017463
2006-02-14 00:00:00,1494.150111098603
2006-02-15 00:00:00,1492.329735713551
2006-02-16 00:00:00,1490.5535812439778
2006-02-17 00:00:00,1488.82661464975
2006-02-19 00:00:00,1485.5247383445096
2006-02-20 00:00:00,1483.9486422210693
2006-02-21 00:00:00,1482.4228981028004
2006-02-22 00:00:00,1480.9514891189565
2006-02-23 00:00:00,1479.5429792803388
2006-02-24 00:00:00,1478.2109929401229
2006-02-26 00:00:00,1475.851433855181
2006-02-27 00:00:00,1474.8650298753937
2006-02-28 00:00:00,1474.03174814458
2006-03-01 00:00:00,1473.363182946968
2006-03-02 00:00:00,1472.8638807427883
2006-03-03 00:00:00,1472.5312908590054
2006-03-05 00:00:00,1472.3285150400523
2006-03-06 00:00:00,1472.4312121286976
2006-03-07 00:00:00,1472.649701507913
2006-03-08 00:00:00,1472.9686748028146
2006-03-09 00:00:00,1473.3730892131907
2006-03-10 00:00:00,1473.847914930477
2006-03-12 00:00:00,1473.6807951733078
2006-03-13 00:00:00,1472.4261913177509
2006-03-14 00:00:00,1471.156536958477
2006-03-15 00:00:00,1469.8535800162465
2006-03-16 00:00:00,1468.499111013172
2006-03-17 00:00:00,1467.07575841913
2006-03-19 00:00:00,1463.9620599206828
2006-03-20 00:00:00,1462.2482770809054
2006-03-21 00:00:00,1460.4197148806059
2006-03-22 00:00:00,1458.4730895132736
2006-03-23 00:00:00,1456.4082832808897
2006-03-24 00:00:00,1454.2276631266477
2006-03-26 00:00:00,1449.5351393757985
2006-03-27 01:00:00,1446.9241375856877
2006-03-28 01:00:00,1444.3170515516151
2006-03-29 01:00:00,1441.6131654261833
2006-03-30 01:00:00,1438.8151942339296
2006-03-31 01:00:00,1435.9264118456674
2006-04-02 01:00:00,1429.8954574383852
2006-04-03 01:00:00,1426.7660158692265
2006-04-04 01:00:00,1423.5703693998405
2006-04-05 01:00:00,1420.3156530661988
2006-04-06 01:00:00,1417.007811688347
2006-04-07 01:00:00,1413.650929329273
2006-04-09 01:00:00,1406.7954838189567
2006-04-10 01:00:00,1403.2947416015286
2006-04-11 01:00:00,1399.7417482595367
2006-04-12 01:00:00,1396.1335037176752
2006-04-13 01:00:00,1392.4678953515215
2006-04-14 01:00:00,1388.7445787807023
2006-04-16 01:00:00,1381.1358408350216
2006-04-17 01:00:00,1377.262455055534
2006-04-18 01:00:00,1373.3543619734485
2006-04-19 01:00:00,1369.420685006734
2006-04-20 01:00:00,1366.9148924634799
2006-04-21 01:00:00,1365.8354614739142
2006-04-23 01:00:00,1363.7157818445237
2006-04-24 01:00:00,1362.6897257622643
2006-04-25 01:00:00,1361.700235567387
2006-04-26 01:00:00,1360.7578356147512
2006-04-27 01:00:00,1359.8699300403362
2006-04-28 01:00:00,1359.0389441972109
2006-04-30 01:00:00,1357.5296378447347
2006-05-01 01:00:00,1356.8315291496028
2006-05-02 01:00:00,1356.1550425150535
2006-05-03 01:00:00,1355.4897318415606
2006-05-04 01:00:00,1354.829004551095
2006-05-05 01:00:00,1354.1713190808123
2006-05-07 01:00:00,1353.8770469628903
2006-05-08 01:00:00,1355.4907398137411
2006-05-09 01:00:00,1357.1648000776963
2006-05-10 01:00:00,1358.934299641104
2006-05-11 01:00:00,1360.8254111398292
2006-05-12 01:00:00,1362.508076672684
2006-05-14 01:00:00,1358.0499999351882
2006-05-15 01:00:00,1355.8737806300371
2006-05-16 01:00:00,1353.677522165226
2006-05-17 01:00:00,1351.4172884513935
2006-05-18 01:00:00,1349.0588158485382
2006-05-19 01:00:00,1346.586437620375
2006-05-21 01:00:00,1341.3578196120918
2006-05-22 01:00:00,1338.6858979472693
2006-05-23 01:00:00,1336.0532662297462
2006-05-24 01:00:00,1333.5169164490583
2006-05-25 01:00:00,1331.1185696124735
2006-05-26 01:00:00,1328.8763311449945
2006-05-28 01:00:00,1324.802690547864
2006-05-29 01:00:00,1322.8913099379452
2006-05-30 01:00:00,1320.9947474469993
2006-05-31 01:00:00,1319.066274224026
2006-06-01 01:00:00,1317.0743628526204
2006-06-02 01:00:00,1315.0082356514986
2006-06-04 01:00:00,1310.718777436939
2006-06-05 01:00:00,1308.5720778419782
2006-06-06 01:00:00,1306.491296918731
2006-06-07 01:00:00,1304.5265589330895
2006-06-08 01:00:00,1300.7488025562618
2006-06-09 01:00:00,1296.6094121853398
2006-06-11 01:00:00,1288.8472911081165
2006-06-12 01:00:00,1285.155248284347
2006-06-13 01:00:00,1281.516602749761
2006-06-14 01:00:00,1277.872627170961
2006-06-15 01:00:00,1274.1764173036768
2006-06-16 01:00:00,1270.4039989350756
2006-06-18 01:00:00,1262.680857041157
2006-06-19 01:00:00,1259.614470960872
2006-06-20 01:00:00,1256.8417498240192
2006-06-21 01:00:00,1254.2152470480019
2006-06-22 01:00:00,1251.7793517687862
2006-06-23 01:00:00,1249.5525009922148
2006-06-25 01:00:00,1245.659173326308
2006-06-26 01:00:00,1243.9043891383703
2006-06-27 01:00:00,1242.2017589264628
2006-06-28 01:00:00,1240.4989640990893
2006-06-29 01:00:00,1238.7590907539245
2006-06-30 01:00:00,1236.9665513879208
2006-07-02 01:00:00,1233.2747526470482
2006-07-03 01:00:00,1231.4485940664122
2006-07-04 01:00:00,1229.7032145351532
2006-07-05 01:00:00,1228.0909286772267
2006-07-06 01:00:00,1226.65458247286
2006-07-07 01:00:00,1225.4195909572613
2006-07-09 01:00:00,1223.5381477350747
2006-07-10 01:00:00,1222.82414726542
2006-07-11 01:00:00,1222.186720763469
2006-07-12 01:00:00,1221.5630199472025
2006-07-13 01:00:00,1220.8997478661543
2006-07-14 01:00:00,1220.1640872145063
2006-07-16 01:00:00,1218.4766878352789
2006-07-17 01:00:00,1217.583660231898
2006-07-18 01:00:00,1216.7174699101124
2006-07-19 01:00:00,1215.9200206229318
2006-07-20 01:00:00,1215.2174401539226
2006-07-21 01:00:00,1214.6131517776594
2006-07-23 01:00:00,1213.594879266128
2006-07-24 01:00:00,1213.0840885876044
2006-07-25 01:00:00,1212.4949326035521
2006-07-26 01:00:00,1211.7740046059482
2006-07-27 01:00:00,1210.8809625021474
2006-07-28 01:00:00,1209.7932737326887
2006-07-30 01:00:00,1207.0394698297987
2006-07-31 01:00:00,1205.4173999868297
2006-08-01 01:00:00,1203.6793631710825
2006-08-02 01:00:00,1201.865062032388
2006-08-03 01:00:00,1200.009152444226
2006-08-04 01:00:00,1198.1349061234584
2006-08-06 01:00:00,1194.3427825441968
2006-08-07 01:00:00,1192.3879392818174
2006-08-08 01:00:00,1190.3480210261337
2006-08-09 01:00:00,1188.1837401739117
2006-08-10 01:00:00,1185.8630861845368
2006-08-11 01:00:00,1183.36935296034
2006-08-13 01:00:00,1177.8946417689974
2006-08-14 01:00:00,1174.9731982849485
2006-08-15 01:00:00,1171.9845813062468
2006-08-16 01:00:00,1168.9695539987858
2006-08-17 01:00:00,1165.9590233186018
2006-08-18 01:00:00,1162.969613612466
2006-08-20 01:00:00,1157.0477158500876
2006-08-21 01:00:00,1154.139173470456
2006-08-22 01:00:00,1154.7790344928437
2006-08-23 01:00:00,1155.4136424705096
2006-08-24 01:00:00,1156.018351564355
2006-08-25 01:00:00,1156.5783236171737
2006-08-27 01:00:00,1157.688711438233
2006-08-28 01:00:00,1160.3353694071232
2006-08-29 01:00:00,1162.968903446081
2006-08-30 01:00:00,1165.6067453446444
2006-08-31 01:00:00,1168.2636671626312
2006-09-01 01:00:00,1170.948887515599
2006-09-03 01:00:00,1173.8922691412097
2006-09-04 01:00:00,1175.3069630868556
2006-09-05 01:00:00,1176.7121429849615
2006-09-06 01:00:00,1178.1021094001114
2006-09-07 01:00:00,1179.4725123116568
2006-09-08 01:00:00,1180.8212175840451
2006-09-10 01:00:00,1183.4567995738118
2006-09-11 01:00:00,1181.8282886501017
2006-09-12 01:00:00,1179.6418337055234
2006-09-13 01:00:00,1177.4782202245942
2006-09-14 01:00:00,1175.336104154538
2006-09-15 01:00:00,1173.2155417865933
2006-09-17 01:00:00,1171.559523058093
2006-09-18 01:00:00,1171.479921990082
2006-09-19 01:00:00,1171.3907258230429
2006-09-20 01:00:00,1171.2920148435826
2006-09-21 01:00:00,1171.1829229242499
2006-09-22 01:00:00,1171.0619217807612
2006-09-24 01:00:00,1170.777569585088
2006-09-25 01:00:00,1170.6121937547948
2006-09-26 01:00:00,1170.4316943892318
2006-09-27 01:00:00,1169.285867180872
2006-09-28 01:00:00,1166.5527825731942
2006-09-29 01:00:00,1163.8190778182568
2006-10-01 01:00:00,1158.384562533695
2006-10-02 01:00:00,1155.6897938233017
2006-10-03 01:00:00,1153.002696167045
2006-10-04 01:00:00,1150.309015614711
2006-10-05 01:00:00,1147.5900243501042
2006-10-06 01:00:00,1144.8266855397833
2006-10-08 01:00:00,1139.117646207154
2006-10-09 01:00:00,1136.1711825067216
2006-10-10 01:00:00,1133.1801860173232
2006-10-11 01:00:00,1130.1662057181263
2006-10-12 01:00:00,1127.1519072617493
2006-10-13 01:00:00,1124.1554141272943
2006-10-15 01:00:00,1118.2399986117002
2006-10-16 01:00:00,1115.3035868753527
2006-10-17 01:00:00,1112.3517792706648
2006-10-18 01:00:00,1109.3534898819314
2006-10-19 01:00:00,1106.2756952592379
2006-10-20 01:00:00,1103.0881161845682
2006-10-22 01:00:00,1096.3009731606305
2006-10-23 01:00:00,1093.0208521186944
2006-10-24 01:00:00,1090.0084649805306
2006-10-25 01:00:00,1086.7016182465386
2006-10-26 01:00:00,1084.0202860890618
2006-10-27 01:00:00,1081.306102114686
2006-10-29 01:00:00,1075.0287774050696
2006-10-30 00:00:00,1071.5772278832305
2006-10-31 00:00:00,1067.6118904062428
2006-11-01 00:00:00,1064.3317553567413
2006-11-02 00:00:00,1060.9955791527275
2006-11-03 00:00:00,1057.4400327899539
2006-11-05 00:00:00,1049.579642385346
2006-11-06 00:00:00,1045.3014910484296
2006-11-07 00:00:00,1040.8603510289245
2006-11-08 00:00:00,1037.9036320449868
2006-11-09 00:00:00,1038.5457000333313
2006-11-10 00:00:00,1039.2506927881395
2006-11-12 00:00:00,1042.111071291038
2006-11-13 00:00:00,1046.2480698948946
2006-11-14 00:00:00,1049.9617285630552
2006-11-15 00:00:00,1053.1467631202445
2006-11-16 00:00:00,1056.020579128561
2006-11-17 00:00:00,1059.9910350618775
2006-11-19 00:00:00,1065.8609546746513
2006-11-20 00:00:00,1067.8103016037178
2006-11-21 00:00:00,1069.1857895423623
2006-11-22 00:00:00,1070.0785203930523
2006-11-23 00:00:00,1070.5913075436865
2006-11-24 00:00:00,1070.8265890229331
2006-11-26 00:00:00,1070.7981921259286
2006-11-27 00:00:00,1070.6341363406675
2006-11-28 00:00:00,1070.3833777925577
2006-11-29 00:00:00,1070.020371893052
2006-11-30 00:00:00,1069.503122829379
2006-12-01 00:00:00,1068.7875087317898
2006-12-03 00:00:00,1066.6602295362904
2006-12-04 00:00:00,1065.2648393615698
2006-12-05 00:00:00,1063.707114977666
2006-12-06 00:00:00,1062.0569651858943
2006-12-07 00:00:00,1060.3895531463472
2006-12-08 00:00:00,1058.7710031212189
2006-12-10 00:00:00,1055.8361757583752
2006-12-11 00:00:00,1056.6918944287258
2006-12-12 00:00:00,1059.9258640719631
2006-12-13 00:00:00,1063.8664524496753
2006-12-14 00:00:00,1067.7966502909535
2006-12-15 00:00:00,1071.660354641638
2006-12-17 00:00:00,1079.035987666724
2006-12-18 00:00:00,1082.5274188505587
2006-12-19 00:00:00,1085.9165830278605
2006-12-20 00:00:00,1089.2531599238857
2006-12-21 00:00:00,1092.6002917051485
2006-12-22 00:00:00,1096.0228882342908
2006-12-24 00:00:00,1103.286717063528
2006-12-25 00:00:00,1107.1605613364982
2006-12-26 00:00:00,1111.1671869156187
2006-12-27 00:00:00,1115.2528830936592
2006-12-28 00:00:00,1119.350679159455
2006-12-29 00:00:00,1123.394836554799
2006-12-31 00:00:00,1131.147793171182
2007-01-01 00:00:00,1134.8394600736758
2007-01-02 00:00:00,1138.4454871352443
2007-01-03 00:00:00,1142.0206738821905
2007-01-04 00:00:00,1145.6269456113473
2007-01-05 00:00:00,1149.3205187190936
2007-01-07 00:00:00,1157.107658559658
2007-01-08 00:00:00,1161.2130800355744
2007-01-09 00:00:00,1165.4307275588346
2007-01-10 00:00:00,1169.7182387278017
2007-01-11 00:00:00,1174.0255694180396
2007-01-12 00:00:00,1178.303446088089
2007-01-14 00:00:00,1186.625326682578
2007-01-15 00:00:00,1190.640540162801
2007-01-16 00:00:00,1194.574376485196
2007-01-17 00:00:00,1198.4627675892575
2007-01-18 00:00:00,1202.3538467341448
2007-01-19 00:00:00,1206.2985133375096
2007-01-21 00:00:00,1214.5036899619238
2007-01-22 00:00:00,1218.7927657827051
2007-01-23 00:00:00,1222.2361226061014
2007-01-24 00:00:00,1224.049127291102
2007-01-25 00:00:00,1225.8737275503092
2007-01-26 00:00:00,1227.659426780562
2007-01-28 00:00:00,1230.9732538765406
2007-01-29 00:00:00,1231.6012210331714
2007-01-30 00:00:00,1229.5960608606342
2007-01-31 00:00:00,1227.593295733537
2007-02-01 00:00:00,1225.639409305461
2007-02-02 00:00:00,1223.778365955913
2007-02-04 00:00:00,1220.4633960937913
2007-02-05 00:00:00,1219.0420208505946
2007-02-06 00:00:00,1217.7791594455016
2007-02-07 00:00:00,1216.6640355538716
2007-02-08 00:00:00,1215.6813214208041
2007-02-09 00:00:00,1214.8156101894613
2007-02-11 00:00:00,1215.0210565360665
2007-02-12 00:00:00,1216.9884979020735
2007-02-13 00:00:00,1219.1106549348376
2007-02-14 00:00:00,1221.3989601346543
2007-02-15 00:00:00,1223.863846262167
2007-02-16 00:00:00,1226.5125741911806
2007-02-18 00:00:00,1232.362069209318
2007-02-19 00:00:00,1235.5443802515792
2007-02-20 00:00:00,1238.872912861663
2007-02-21 00:00:00,1242.3201596619372
2007-02-22 00:00:00,1245.854499728694
2007-02-23 00:00:00,1249.4427892658148
2007-02-25 00:00:00,1256.6560550024374
2007-02-26 00:00:00,1260.227067059286
2007-02-27 00:00:00,1263.7455705481239
2007-02-28 00:00:00,1267.1952762060469
2007-03-01 00:00:00,1270.56347119958
2007-03-02 00:00:00,1273.8403557947738
2007-03-04 00:00:00,1280.0924442742114
2007-03-05 00:00:00,1283.0586475869977
2007-03-06 00:00:00,1285.9153830207201
2007-03-07 00:00:00,1288.6628426163911
2007-03-08 00:00:00,1291.3031676913247
2007-03-09 00:00:00,1293.840392509103
2007-03-11 00:00:00,1298.6295690246998
2007-03-12 00:00:00,1300.8959514503554
2007-03-13 00:00:00,1303.086675278297
2007-03-14 00:00:00,1305.2080778876932
2007-03-15 00:00:00,1307.264900661757
2007-03-16 00:00:00,1309.260000214046
2007-03-18 00:00:00,1313.068732953837
2007-03-19 00:00:00,1314.8828641314378
2007-03-20 00:00:00,1316.6385316897884
2007-03-21 00:00:00,1318.3395195604444
2007-03-22 00:00:00,1319.9920334827584
2007-03-23 00:00:00,1321.2813490966448
2007-03-25 00:00:00,1321.1726048654468
2007-03-26 01:00:00,1321.0874300124844
2007-03-27 01:00:00,1320.992697016581
2007-03-28 01:00:00,1320.8831322548438
2007-03-29 01:00:00,1320.7545221747328
2007-03-30 01:00:00,1320.600832395909
2007-04-01 01:00:00,1320.1928620689066
2007-04-02 01:00:00,1320.900877329428
2007-04-03 01:00:00,1323.4820084566093
2007-04-04 01:00:00,1326.1213213565175
2007-04-05 01:00:00,1328.81307234129
2007-04-06 01:00:00,1331.5488020651746
2007-04-08 01:00:00,1337.1119244627237
2007-04-09 01:00:00,1339.9208854538547
2007-04-10 01:00:00,1342.7404966817496
2007-04-11 01:00:00,1345.5707095712507
2007-04-12 01:00:00,1348.4167595410597
2007-04-13 01:00:00,1351.2885985503021
2007-04-15 01:00:00,1357.1618407449043
2007-04-16 01:00:00,1360.1871175554757
2007-04-17 01:00:00,1363.2800037455306
2007-04-18 01:00:00,1366.4382631020642
2007-04-19 01:00:00,1369.6526218886481
2007-04-20 01:00:00,1372.9088878809387
2007-04-22 01:00:00,1379.4869134556259
2007-04-23 01:00:00,1382.787332217495
2007-04-24 01:00:00,1386.0914779026741
2007-04-25 01:00:00,1389.4047955682304
2007-04-26 01:00:00,1392.8970166106606
2007-04-27 01:00:00,1397.758732758484
2007-04-29 01:00:00,1406.503837783218
2007-04-30 01:00:00,1409.2852017782586
2007-05-01 01:00:00,1412.211520859786
2007-05-02 01:00:00,1415.270893999535
2007-05-03 01:00:00,1418.4333398922456
2007-05-04 01:00:00,1421.6543335518406
2007-05-06 01:00:00,1428.059332184351
2007-05-07 01:00:00,1431.1443519305383
2007-05-08 01:00:00,1434.1067176748165
2007-05-09 01:00:00,1436.9391555186467
2007-05-10 01:00:00,1439.6582822562518
2007-05-11 01:00:00,1442.301949622811
2007-05-13 01:00:00,1447.5722923520152
2007-05-14 01:00:00,1450.2971421481716
2007-05-15 01:00:00,1453.1181041860962
2007-05-16 01:00:00,1456.0276480341665
2007-05-17 01:00:00,1458.9890988708878
2007-05-18 01:00:00,1461.9448570597622
2007-05-20 01:00:00,1467.5879765494249
2007-05-21 01:00:00,1467.2148989466903
2007-05-22 01:00:00,1466.1061285266398
2007-05-23 01:00:00,1464.9442724291341
2007-05-24 01:00:00,1463.7695721761816
2007-05-25 01:00:00,1462.6349482830153
2007-05-27 01:00:00,1460.7021798534497
2007-05-28 01:00:00,1459.987583748643
2007-05-29 01:00:00,1459.4668537788352
2007-05-30 01:00:00,1459.1321128497912
2007-05-31 01:00:00,1458.9540851505812
2007-06-01 01:00:00,1458.886505864604
2007-06-03 01:00:00,1458.859121596517
2007-06-04 01:00:00,1458.7971506202673
2007-06-05 01:00:00,1458.6602027658419
2007-06-06 01:00:00,1458.4456276719918
2007-06-07 01:00:00,1458.1772216743575
2007-06-08 01:00:00,1457.9018077328626
2007-06-10 01:00:00,1457.578394367013
2007-06-11 01:00:00,1457.6472687186474
2007-06-12 01:00:00,1457.9171569777395
2007-06-13 01:00:00,1458.3873487598462
2007-06-14 01:00:00,1459.0268367862338
2007-06-15 01:00:00,1459.782010035007
2007-06-17 01:00:00,1461.393265447401
2007-06-18 01:00:00,1462.1518253816066
2007-06-19 01:00:00,1462.849981105868
2007-06-20 01:00:00,1463.497035535945
2007-06-21 01:00:00,1464.1228327697256
2007-06-22 01:00:00,1464.7699622247956
2007-06-24 01:00:00,1466.3067123388867
2007-06-25 01:00:00,1467.263493698337
2007-06-26 01:00:00,1468.362615328829
2007-06-27 01:00:00,1469.5903198264075
2007-06-28 01:00:00,1470.9121277476038
2007-06-29 01:00:00,1472.277022864686
2007-07-01 01:00:00,1474.8933511455718
2007-07-02 01:00:00,1476.5347040893498
2007-07-03 01:00:00,1478.676929095012
2007-07-04 01:00:00,1480.602030293723
2007-07-05 01:00:00,1482.318375048604
2007-07-06 01:00:00,1483.8545339418254
2007-07-08 01:00:00,1486.554783334638
2007-07-09 01:00:00,1487.798523563149
2007-07-10 01:00:00,1489.000893397193
2007-07-11 01:00:00,1490.15651797438
2007-07-12 01:00:00,1491.2374661007514
2007-07-13 01:00:00,1492.1994586172252
2007-07-15 01:00:00,1493.5672598480592
2007-07-16 01:00:00,1493.892518052814
2007-07-17 01:00:00,1493.9516068591215
2007-07-18 01:00:00,1493.7475773336785
2007-07-19 01:00:00,1493.2996000251733
2007-07-20 01:00:00,1492.637786237066
2007-07-22 01:00:00,1490.8093364729564
2007-07-23 01:00:00,1489.7004622818665
2007-07-24 01:00:00,1488.483436168609
2007-07-25 01:00:00,1487.1576707428303
2007-07-26 01:00:00,1485.7090609040768
2007-07-27 01:00:00,1484.1126945801361
2007-07-29 01:00:00,1480.3524207726518
2007-07-30 01:00:00,1478.1319961488264
2007-07-31 01:00:00,1475.6620837740545
2007-08-01 01:00:00,1472.9428864480549
2007-08-02 01:00:00,1469.989597037452
2007-08-03 01:00:00,1466.830049299879
2007-08-05 01:00:00,1460.0360414296888
2007-08-06 01:00:00,1456.4705238013453
2007-08-07 01:00:00,1452.8253316745495
2007-08-08 01:00:00,1449.1104236243457
2007-08-09 01:00:00,1445.3248728269473
2007-08-10 01:00:00,1441.4604550599731
2007-08-12 01:00:00,1433.4568308715357
2007-08-13 01:00:00,1429.309630997508
2007-08-14 01:00:00,1425.4396464923898
2007-08-15 01:00:00,1422.56910687161
2007-08-16 01:00:00,1419.6741498730612
2007-08-17 01:00:00,1416.774038741706
2007-08-19 01:00:00,1422.2671111680268
2007-08-20 01:00:00,1428.2604210872908
2007-08-21 01:00:00,1434.2123992816232
2007-08-22 01:00:00,1440.1163513832828
2007-08-23 01:00:00,1445.9620658593572
2007-08-24 01:00:00,1448.3480513099053
2007-08-26 01:00:00,1450.0660069971148
2007-08-27 01:00:00,1450.8733590116888
2007-08-28 01:00:00,1451.6423323055956
2007-08-29 01:00:00,1452.3717950019418
2007-08-30 01:00:00,1453.0616248910458
2007-08-31 01:00:00,1453.712052895109
2007-09-02 01:00:00,1454.8938085925215
2007-09-03 01:00:00,1455.422881949118
2007-09-04 01:00:00,1455.9083556601956
2007-09-05 01:00:00,1456.3485861763288
2007-09-06 01:00:00,1456.7428420718684
2007-09-07 01:00:00,1457.0917965213794
2007-09-09 01:00:00,1457.6639456410949
2007-09-10 01:00:00,1457.8948336504084
2007-09-11 01:00:00,1458.0944639626214
2007-09-12 01:00:00,1458.2661313604056
2007-09-13 01:00:00,1458.4116429686856
2007-09-14 01:00:00,1458.5309187108862
2007-09-16 01:00:00,1458.6809527927446
2007-09-17 01:00:00,1458.703304237943
2007-09-18 01:00:00,1458.684175623652
2007-09-19 01:00:00,1458.6197274907172
2007-09-20 01:00:00,1458.508067730481
2007-09-21 01:00:00,1458.349957522901
2007-09-23 01:00:00,1457.9114515459887
2007-09-24 01:00:00,1457.6447967937622
2007-09-25 01:00:00,1457.3565533007077
2007-09-26 01:00:00,1457.0521956898642
2007-09-27 01:00:00,1456.733431335746
2007-09-28 01:00:00,1456.3970558030646
2007-09-30 01:00:00,1455.6351578578626
2007-10-01 01:00:00,1455.1844282109332
2007-10-02 01:00:00,1454.670674322224
2007-10-03 01:00:00,1454.085393059125
2007-10-04 01:00:00,1453.424956870133
2007-10-05 01:00:00,1452.690602719436
2007-10-07 01:00:00,1451.0215730449067
2007-10-08 01:00:00,1450.099708342066
2007-10-09 01:00:00,1449.1251888211739
2007-10-10 01:00:00,1448.0972840234767
2007-10-11 01:00:00,1447.0100557406977
2007-10-12 01:00:00,1445.8522276787294
2007-10-14 01:00:00,1443.2583370327807
2007-10-15 01:00:00,1443.0819687216451
2007-10-16 01:00:00,1441.8825980798474
2007-10-17 01:00:00,1439.732669160568
2007-10-18 01:00:00,1437.497049459666
2007-10-19 01:00:00,1435.1815404579784
2007-10-21 01:00:00,1430.329367606377
2007-10-22 01:00:00,1427.8051442067351
2007-10-23 01:00:00,1425.23107799212
2007-10-24 01:00:00,1422.4632045447745
2007-10-25 01:00:00,1419.5275406092314
2007-10-26 01:00:00,1416.561922460838
2007-10-28 01:00:00,1410.8359768667988
2007-10-29 00:00:00,1408.3521487881808
2007-10-30 00:00:00,1406.0370999052725
2007-10-31 00:00:00,1404.0510196851956
2007-11-01 00:00:00,1402.406289836772
2007-11-02 00:00:00,1401.0820681669331
2007-11-04 00:00:00,1399.1905263329306
2007-11-05 00:00:00,1398.4932529900273
2007-11-06 00:00:00,1397.8794360121517
2007-11-07 00:00:00,1397.3050000534142
2007-11-08 00:00:00,1396.747289202188
2007-11-09 00:00:00,1396.2071056307088
2007-11-11 00:00:00,1395.2866545808308
2007-11-12 00:00:00,1394.994212433041
2007-11-13 00:00:00,1394.8776798636536
2007-11-14 00:00:00,1394.9748538693075
2007-11-15 00:00:00,1395.3051688698215
2007-11-16 00:00:00,1395.8643155717946
2007-11-18 00:00:00,1397.5292370617087
2007-11-19 00:00:00,1398.5177524176083
2007-11-20 00:00:00,1399.5196418449154
2007-11-21 00:00:00,1400.4766283970157
2007-11-22 00:00:00,1401.3536528230104
2007-11-23 00:00:00,1402.147632113303
2007-11-25 00:00:00,1403.634879459231
2007-11-26 00:00:00,1404.4535689668744
2007-11-27 00:00:00,1405.4076870388974
2007-11-28 00:00:00,1406.5381879726954
2007-11-29 00:00:00,1407.8557142071047
2007-11-30 00:00:00,1409.3398193314251
2007-12-02 00:00:00,1412.6113588516835
2007-12-03 00:00:00,1414.2759359657803
2007-12-04 00:00:00,1415.8844658090757
2007-12-05 00:00:00,1417.3999858957113
2007-12-06 00:00:00,1418.8085086140945
2007-12-07 00:00:00,1420.120818616067
2007-12-09 00:00:00,1422.6074004320283
2007-12-10 00:00:00,1423.8908372516398
2007-12-11 00:00:00,1425.278092195449
2007-12-12 00:00:00,1426.815474032983
2007-12-13 00:00:00,1428.530060405938
2007-12-14 00:00:00,1430.4246169197272
2007-12-16 00:00:00,1434.6407818521036
2007-12-17 00:00:00,1436.8578966655457
2007-12-18 00:00:00,1439.0641312769353
2007-12-19 00:00:00,1441.20420770674
2007-12-20 00:00:00,1443.2429268634667
2007-12-21 00:00:00,1445.4202872401568
2007-12-23 00:00:00,1453.569489865591
2007-12-24 00:00:00,1454.1422481115633
2007-12-25 00:00:00,1454.7889937662246
2007-12-26 00:00:00,1455.5492449780797
2007-12-27 00:00:00,1456.209383162369
2007-12-28 00:00:00,1455.9839787606368
2007-12-30 00:00:00,1455.7675250573798
2007-12-31 00:00:00,1455.6825313751165
2008-01-01 00:00:00,1455.5525329088289
2008-01-02 00:00:00,1455.3458205344045
2008-01-03 00:00:00,1455.0479723383203
2008-01-04 00:00:00,1454.6636027935976
2008-01-06 00:00:00,1453.7373233897483
2008-01-07 00:00:00,1453.273138598975
2008-01-08 00:00:00,1452.8640134072255
2008-01-09 00:00:00,1452.5437473154795
2008-01-10 00:00:00,1452.3323633934936
2008-01-11 00:00:00,1452.232461125063
2008-01-13 00:00:00,1452.2889008187522
2008-01-14 00:00:00,1452.3717067371836
2008-01-15 00:00:00,1452.431384439528
2008-01-16 00:00:00,1452.4271813196256
2008-01-17 00:00:00,1452.3302685167555
2008-01-18 00:00:00,1452.1280016171515
2008-01-20 00:00:00,1451.4363003394258
2008-01-21 00:00:00,1448.6042513220405
2008-01-22 00:00:00,1445.4093557168815
2008-01-23 00:00:00,1442.2075797994603
2008-01-24 00:00:00,1438.9952747934633
2008-01-25 00:00:00,1435.7548988154435
2008-01-27 00:00:00,1429.0686695452882
2008-01-28 00:00:00,1425.5518025515835
2008-01-29 00:00:00,1421.8759930380215
2008-01-30 00:00:00,1418.019426401097
2008-01-31 00:00:00,1413.972771158147
2008-02-01 00:00:00,1409.740596531409
2008-02-03 00:00:00,1403.9064469964853
2008-02-04 00:00:00,1401.31339909707
2008-02-05 00:00:00,1398.6652395902033
2008-02-06 00:00:00,1396.0044554933916
2008-02-07 00:00:00,1393.3702575786901
2008-02-08 00:00:00,1390.79605401064
2008-02-10 00:00:00,1385.9264431917782
2008-02-11 00:00:00,1383.6648376757917
2008-02-12 00:00:00,1381.5341438493074
2008-02-13 00:00:00,1379.5434696335901
2008-02-14 00:00:00,1377.7015052971642
2008-02-15 00:00:00,1376.0163875079763
2008-02-17 00:00:00,1373.1396405344894
2008-02-18 00:00:00,1371.9502657980483
2008-02-19 00:00:00,1370.9203466980314
2008-02-20 00:00:00,1370.0393431592056
2008-02-21 00:00:00,1369.2940071813366
2008-02-22 00:00:00,1368.6706264801292
2008-02-24 00:00:00,1367.745672010159
2008-02-25 00:00:00,1367.4319451466245
2008-02-26 00:00:00,1367.2166488109044
2008-02-27 00:00:00,1367.3918512037976
2008-02-28 00:00:00,1368.3761520531818
2008-02-29 00:00:00,1369.3491954578253
2008-03-02 00:00:00,1371.2917000226932
2008-03-03 00:00:00,1372.260020190593
2008-03-04 00:00:00,1373.2146150207464
2008-03-05 00:00:00,1374.1406534537962
2008-03-06 00:00:00,1375.0220630973604
2008-03-07 00:00:00,1375.845475268521
2008-03-09 00:00:00,1377.3015112283065
2008-03-10 00:00:00,1377.9513221717668
2008-03-11 00:00:00,1378.6389751259094
2008-03-12 00:00:00,1381.8413180528776
2008-03-13 00:00:00,1385.0480132469825
2008-03-14 00:00:00,1390.7697534849922
2008-03-16 00:00:00,1402.2883923659333
2008-03-17 00:00:00,1405.69851785461
2008-03-18 00:00:00,1407.3318381409526
2008-03-19 00:00:00,1407.774038203859
2008-03-20 00:00:00,1408.2353295597804
2008-03-21 00:00:00,1408.7216313008682
2008-03-23 00:00:00,1409.770046969084
2008-03-24 00:00:00,1410.320998103297
2008-03-25 00:00:00,1411.201875797999
2008-03-26 00:00:00,1412.5242989047017
2008-03-27 00:00:00,1413.872142871268
2008-03-28 00:00:00,1415.2366759446475
2008-03-30 00:00:00,1418.0037628361088
2008-03-31 01:00:00,1419.472502425119
2008-04-01 01:00:00,1420.9151322097891
2008-04-02 01:00:00,1422.4033991036167
2008-04-03 01:00:00,1423.951708387723
2008-04-04 01:00:00,1425.5718638438052
2008-04-06 01:00:00,1429.0461053036463
2008-04-07 01:00:00,1430.8905447672062
2008-04-08 01:00:00,1432.78852434365
2008-04-09 01:00:00,1434.7219299338253
2008-04-10 01:00:00,1436.673910969567
2008-04-11 01:00:00,1438.6330795404783
2008-04-13 01:00:00,1442.5677303328216
2008-04-14 01:00:00,1444.56009993367
2008-04-15 01:00:00,1446.588683809293
2008-04-16 01:00:00,1448.6691217798946
2008-04-17 01:00:00,1450.8137033479777
2008-04-18 01:00:00,1453.0287397083748
2008-04-20 01:00:00,1457.6577315000727
2008-04-21 01:00:00,1460.0470012287124
2008-04-22 01:00:00,1462.4602080152858
2008-04-23 01:00:00,1464.8744491089308
2008-04-24 01:00:00,1467.2675677083294
2008-04-25 01:00:00,1469.1682088164732
2008-04-27 01:00:00,1471.83847114537
2008-04-28 01:00:00,1473.0750460962417
2008-04-29 01:00:00,1474.2560830933685
2008-04-30 01:00:00,1475.3955013402003
2008-05-01 01:00:00,1476.50867277285
2008-05-02 01:00:00,1477.6086798074168
2008-05-04 01:00:00,1479.7888128214074
2008-05-05 01:00:00,1480.855885455514
2008-05-06 01:00:00,1481.8844030752318
2008-05-07 01:00:00,1482.8508428328093
2008-05-08 01:00:00,1483.7331811818135
2008-05-09 01:00:00,1484.516034034712
2008-05-11 01:00:00,1485.7720472886404
2008-05-12 01:00:00,1486.2639310746156
2008-05-13 01:00:00,1486.6881417775446
2008-05-14 01:00:00,1487.0638603801908
2008-05-15 01:00:00,1487.4070174027697
2008-05-16 01:00:00,1487.7273550913883
2008-05-18 01:00:00,1488.299224302989
2008-05-19 01:00:00,1488.5315590724013
2008-05-20 01:00:00,1488.7059087991556
2008-05-21 01:00:00,1488.8024065257755
2008-05-22 01:00:00,1488.8023107634422
2008-05-23 01:00:00,1488.6909079562172
2008-05-25 01:00:00,1488.108330821413
2008-05-26 01:00:00,1487.643779000244
2008-05-27 01:00:00,1487.0805528853946
2008-05-28 01:00:00,1486.4381192325343
2008-05-29 01:00:00,1485.7380324605538
2008-05-30 01:00:00,1485.000372662183
2008-06-01 01:00:00,1483.4647796058591
2008-06-02 01:00:00,1482.672680708534
2008-06-03 01:00:00,1481.8550565490827
2008-06-04 01:00:00,1480.999250438185
2008-06-05 01:00:00,1480.0938822141238
2008-06-06 01:00:00,1479.1336405008005
2008-06-08 01:00:00,1477.6912441497748
2008-06-09 01:00:00,1480.194135840988
2008-06-10 01:00:00,1482.679893064635
2008-06-11 01:00:00,1485.1569418528004
2008-06-12 01:00:00,1487.6316163453403
2008-06-13 01:00:00,1490.1056742662672
2008-06-15 01:00:00,1495.0292501382455
2008-06-16 01:00:00,1496.0612199405805
2008-06-17 01:00:00,1496.937456318006
2008-06-18 01:00:00,1497.7504204809484
2008-06-19 01:00:00,1498.511294497043
2008-06-20 01:00:00,1499.2290314736683
2008-06-22 01:00:00,1500.5497184935175
2008-06-23 01:00:00,1501.1470615217968
2008-06-24 01:00:00,1501.6905293306058
2008-06-25 01:00:00,1502.1669791826644
2008-06-26 01:00:00,1502.562408385833
2008-06-27 01:00:00,1502.8645821048567
2008-06-29 01:00:00,1503.1637802525959
2008-06-30 01:00:00,1503.1643489089358
2008-07-01 01:00:00,1503.0784037211945
2008-07-02 01:00:00,1502.920414268956
2008-07-03 01:00:00,1502.704792282174
2008-07-04 01:00:00,1500.1870688569306
2008-07-06 01:00:00,1494.1095214875165
2008-07-07 01:00:00,1491.0003847104583
2008-07-08 01:00:00,1487.8331285971492
2008-07-09 01:00:00,1484.59768274294
2008-07-10 01:00:00,1481.2854325398966
2008-07-11 01:00:00,1478.179220000817
2008-07-13 01:00:00,1473.1558677334547
2008-07-14 01:00:00,1470.5305632808943
2008-07-15 01:00:00,1467.841641819124
2008-07-16 01:00:00,1465.1002769978963
2008-07-17 01:00:00,1462.3176151897867
2008-07-18 01:00:00,1459.5035431378774
2008-07-20 01:00:00,1452.8700663151815
2008-07-21 01:00:00,1445.694132665039
2008-07-22 01:00:00,1438.448690935934
2008-07-23 01:00:00,1431.1437310570257
2008-07-24 01:00:00,1423.789161868056
2008-07-25 01:00:00,1416.3957299817757
2008-07-27 01:00:00,1401.5434555825807
2008-07-28 01:00:00,1393.7747319750576
2008-07-29 01:00:00,1383.861411077183
2008-07-30 01:00:00,1373.9838240425538
2008-07-31 01:00:00,1364.1652048996186
2008-08-01 01:00:00,1354.4227515383502
2008-08-03 01:00:00,1335.1984140681534
2008-08-04 01:00:00,1325.7168666595583
2008-08-05 01:00:00,1313.9800349902848
2008-08-06 01:00:00,1300.7558897422807
2008-08-07 01:00:00,1287.64961440538
2008-08-08 01:00:00,1274.6609720230847
2008-08-10 01:00:00,1249.0564572975886
2008-08-11 01:00:00,1236.4554851755734
2008-08-12 01:00:00,1223.9971184104636
2008-08-13 01:00:00,1211.6833011836097
2008-08-14 01:00:00,1200.2506126073108
2008-08-15 01:00:00,1190.424451252925
2008-08-17 01:00:00,1174.916182312787
2008-08-18 01:00:00,1168.4990599212153
2008-08-19 01:00:00,1162.1328560185932
2008-08-20 01:00:00,1155.822014160349
2008-08-21 01:00:00,1149.5785961036688
2008-08-22 01:00:00,1143.6736442493452
2008-08-24 01:00:00,1132.8931726834023
2008-08-25 01:00:00,1127.6209825890778
2008-08-26 01:00:00,1122.424489981436
2008-08-27 01:00:00,1117.2859528674526
2008-08-28 01:00:00,1112.1778657255943
2008-08-29 01:00:00,1107.0692686515788
2008-08-31 01:00:00,1096.7520630905858
2008-09-01 01:00:00,1091.5247309854021
2008-09-02 01:00:00,1086.2653027329584
2008-09-03 01:00:00,1081.002342188973
2008-09-04 01:00:00,1075.773729915577
2008-09-05 01:00:00,1070.6198763932732
2008-09-07 01:00:00,1060.666890693632
2008-09-08 01:00:00,1055.8993610614846
2008-09-09 01:00:00,1051.4981791269256
2008-09-10 01:00:00,1047.7170694554427
2008-09-11 01:00:00,1043.9158629412186
2008-09-12 01:00:00,1040.0435152983725
2008-09-14 01:00:00,1034.1170120777997
2008-09-15 01:00:00,1030.9186288642527
2008-09-16 01:00:00,1028.5125954699909
2008-09-17 01:00:00,1026.0946789741547
2008-09-18 01:00:00,1023.7151023655529
2008-09-19 01:00:00,1021.4443122595359
2008-09-21 01:00:00,1017.4774892524349
2008-09-22 01:00:00,1015.8475934958441
2008-09-23 01:00:00,1014.4432272845779
2008-09-24 01:00:00,1013.9534177265665
2008-09-25 01:00:00,1014.2279934086203
2008-09-26 01:00:00,1014.7754165750187
2008-09-28 01:00:00,1016.5138030363224
2008-09-29 01:00:00,1017.6769402975146
2008-09-30 01:00:00,1019.0623522824613
2008-10-01 01:00:00,1020.71566412572
2008-10-02 01:00:00,1022.689335132323
2008-10-03 01:00:00,1025.0275172381632
2008-10-05 01:00:00,1030.8444753412402
2008-10-06 01:00:00,1034.249859709476
2008-10-07 01:00:00,1037.864625856844
2008-10-08 01:00:00,1041.5479503735326
2008-10-09 01:00:00,1045.1325597223615
2008-10-10 01:00:00,1048.441337512314
2008-10-12 01:00:00,1053.589713071667
2008-10-13 01:00:00,1055.1978484823417
2008-10-14 01:00:00,1056.0953634711877
2008-10-15 01:00:00,1056.3061104868675
2008-10-16 01:00:00,1055.9049993289018
2008-10-17 01:00:00,1054.9990790195047
2008-10-19 01:00:00,1052.1068402041963
2008-10-20 01:00:00,1050.2687226112948
2008-10-21 01:00:00,1048.1952804623452
2008-10-22 01:00:00,1045.8527782859846
2008-10-23 01:00:00,1043.1814283686685
2008-10-24 01:00:00,1040.115919876728
2008-10-26 01:00:00,1032.6332868507284
2008-10-27 00:00:00,1028.4120212197604
2008-10-28 00:00:00,1023.6345498730946
2008-10-29 00:00:00,1018.5729730202366
2008-10-30 00:00:00,1013.3461663893142
2008-10-31 00:00:00,1008.0783325169615
2008-11-02 00:00:00,997.8410818177367
2008-11-03 00:00:00,993.0038682675311
2008-11-04 00:00:00,988.374723563263
2008-11-05 00:00:00,983.9175530270284
2008-11-06 00:00:00,979.5631163867507
2008-11-07 00:00:00,975.2218126385435
2008-11-09 00:00:00,966.2193126414387
2008-11-10 00:00:00,961.4318951883242
2008-11-11 00:00:00,956.4352625202303
2008-11-12 00:00:00,951.2758238960898
2008-11-13 00:00:00,946.0423311552452
2008-11-14 00:00:00,940.8473343567667
2008-11-16 00:00:00,930.9827292723442
2008-11-17 00:00:00,926.4240307218247
2008-11-18 00:00:00,922.0997466554813
2008-11-19 00:00:00,917.9367835601721
2008-11-20 00:00:00,913.8323262816064
2008-11-21 00:00:00,909.6769872450808
2008-11-23 00:00:00,900.8729655019986
2008-11-24 00:00:00,896.1466386697317
2008-11-25 00:00:00,891.2248843050169
2008-11-26 00:00:00,886.1714512362711
2008-11-27 00:00:00,881.074466133492
2008-11-28 00:00:00,876.0304186788593
2008-11-30 00:00:00,867.8662494762527
2008-12-01 00:00:00,865.0957615068776
2008-12-02 00:00:00,863.8016907553947
2008-12-03 00:00:00,863.4162492597361
2008-12-04 00:00:00,863.1636575587518
2008-12-05 00:00:00,862.9606268708201
2008-12-07 00:00:00,862.3617093367466
2008-12-08 00:00:00,861.8369869652051
2008-12-09 00:00:00,861.1305651289397
2008-12-10 00:00:00,860.2699616616412
2008-12-11 00:00:00,859.320014284332
2008-12-12 00:00:00,858.368438707484
2008-12-14 00:00:00,856.7982034710911
2008-12-15 00:00:00,856.2809606718636
2008-12-16 00:00:00,855.9420428997099
2008-12-17 00:00:00,856.2218013322481
2008-12-18 00:00:00,858.3091303619245
2008-12-19 00:00:00,860.3774964550629
2008-12-21 00:00:00,864.3056832043994
2008-12-22 00:00:00,866.1294883358024
2008-12-23 00:00:00,867.8669164383268
2008-12-24 00:00:00,869.5438865980329
2008-12-25 00:00:00,871.1967590480064
2008-12-26 00:00:00,872.8657977650644
2008-12-28 00:00:00,876.395648387831
2008-12-29 00:00:00,878.305185258868
2008-12-30 00:00:00,880.3234125263491
2008-12-31 00:00:00,882.4442833272622
2009-01-01 00:00:00,885.754421325006
2009-01-02 00:00:00,890.0881933996869
2009-01-04 00:00:00,898.4608390551508
2009-01-05 00:00:00,902.43015262944
2009-01-06 00:00:00,906.2242581074142
2009-01-07 00:00:00,909.8351987843848
2009-01-08 00:00:00,913.2657063966415
2009-01-09 00:00:00,916.5249926825053
2009-01-11 00:00:00,922.565277366398
2009-01-12 00:00:00,925.3487045806716
2009-01-13 00:00:00,927.9620720951309
2009-01-14 00:00:00,930.3886780184403
2009-01-15 00:00:00,932.6116791464258
2009-01-16 00:00:00,934.6199406819161
2009-01-18 00:00:00,938.0038891947446
2009-01-19 00:00:00,940.0333424053672
2009-01-20 00:00:00,944.27999074756
2009-01-21 00:00:00,948.5183074480175
2009-01-22 00:00:00,952.7171202496372
2009-01-23 00:00:00,956.8464587233078
2009-01-25 00:00:00,963.4843752007085
2009-01-26 00:00:00,965.2920666139611
2009-01-27 00:00:00,966.9470373089308
2009-01-28 00:00:00,970.5884242478166
2009-01-29 00:00:00,974.5039812246248
2009-01-30 00:00:00,977.9409760542169
2009-02-01 00:00:00,983.4243008070512
2009-02-02 00:00:00,985.5155934002078
2009-02-03 00:00:00,987.2117522780932
2009-02-04 00:00:00,988.5424523006482
2009-02-05 00:00:00,989.5339039688417
2009-02-06 00:00:00,990.2064647098135
2009-02-08 00:00:00,990.6449373922809
2009-02-09 00:00:00,990.4256230810289
2009-02-10 00:00:00,989.9231743092138
2009-02-11 00:00:00,989.148899856143
2009-02-12 00:00:00,988.1199630437279
2009-02-13 00:00:00,986.8591810982335
2009-02-15 00:00:00,984.4326993932567
2009-02-16 00:00:00,983.136462971707
2009-02-17 00:00:00,982.5882854738509
2009-02-18 00:00:00,982.8533786482758
2009-02-19 00:00:00,983.6833575835267
2009-02-20 00:00:00,984.3397866059129
2009-02-22 00:00:00,985.1699283944018
2009-02-23 00:00:00,986.7194482365667
2009-02-24 00:00:00,989.4426054529083
2009-02-25 00:00:00,993.7259577697307
2009-02-26 00:00:00,998.6418775550158
2009-02-27 00:00:00,1003.5359812654137
2009-03-01 00:00:00,1013.1303565091193
2009-03-02 00:00:00,1017.7568629568925
2009-03-03 00:00:00,1023.4324674597191
2009-03-04 00:00:00,1029.151347273998
2009-03-05 00:00:00,1034.7400354347108
2009-03-06 00:00:00,1040.2189794917354
2009-03-08 00:00:00,1050.9910789595267
2009-03-09 00:00:00,1056.3617880656273
2009-03-10 00:00:00,1061.7597760040032
2009-03-11 00:00:00,1067.1922876894462
2009-03-12 00:00:00,1072.6469559593359
2009-03-13 00:00:00,1078.0945639183633
2009-03-15 00:00:00,1088.8084268756784
2009-03-16 00:00:00,1093.9986792712639
2009-03-17 00:00:00,1099.0457869237375
2009-03-18 00:00:00,1103.947852176967
2009-03-19 00:00:00,1108.722790837784
2009-03-20 00:00:00,1110.2332339964664
2009-03-22 00:00:00,1111.8809437859622
2009-03-23 00:00:00,1112.715140900182
2009-03-24 00:00:00,1113.6183757588249
2009-03-25 00:00:00,1114.619079288967
2009-03-26 00:00:00,1115.7251884521374
2009-03-27 00:00:00,1116.9229015644753
2009-03-29 00:00:00,1119.4518817253502
2009-03-30 01:00:00,1125.7030776547747
2009-03-31 01:00:00,1132.153040917922
2009-04-01 01:00:00,1138.5347046018633
2009-04-02 01:00:00,1144.8547976720113
2009-04-03 01:00:00,1151.1454941619427
2009-04-05 01:00:00,1163.8105373379212
2009-04-06 01:00:00,1168.6303791554785
2009-04-07 01:00:00,1173.6016911816962
2009-04-08 01:00:00,1178.7237617609699
2009-04-09 01:00:00,1183.9667122697756
2009-04-10 01:00:00,1189.2755788760476
2009-04-12 01:00:00,1199.8009756773451
2009-04-13 01:00:00,1204.8716079422477
2009-04-14 01:00:00,1209.7374301060074
2009-04-15 01:00:00,1214.3671812670564
2009-04-16 01:00:00,1218.7540243583517
2009-04-17 01:00:00,1222.9137159195038
2009-04-19 01:00:00,1230.693774936005
2009-04-20 01:00:00,1234.4000506263128
2009-04-21 01:00:00,1238.0321837857414
2009-04-22 01:00:00,1241.709163567911
2009-04-23 01:00:00,1246.4100475472976
2009-04-24 01:00:00,1250.9412214550343
2009-04-26 01:00:00,1259.2679602284704
2009-04-27 01:00:00,1262.9308247063077
2009-04-28 01:00:00,1266.186334061963
2009-04-29 01:00:00,1269.0092619466266
2009-04-30 01:00:00,1271.4064237097814
2009-05-01 01:00:00,1273.4146008918779
2009-05-03 01:00:00,1276.503834899975
2009-05-04 01:00:00,1277.7102884642698
2009-05-05 01:00:00,1278.7528971230145
2009-05-06 01:00:00,1279.648501463426
2009-05-07 01:00:00,1280.387970298988
2009-05-08 01:00:00,1280.9406541648766
2009-05-10 01:00:00,1281.3092301136971
2009-05-11 01:00:00,1281.0421524416372
2009-05-12 01:00:00,1280.4416865630672
2009-05-13 01:00:00,1279.5104026797085
2009-05-14 01:00:00,1278.2753423230272
2009-05-15 01:00:00,1276.7863405746361
2009-05-17 01:00:00,1273.3290065808071
2009-05-18 01:00:00,1271.5205398754467
2009-05-19 01:00:00,1269.7598927075883
2009-05-20 01:00:00,1268.1053883162713
2009-05-21 01:00:00,1266.5931490736607
2009-05-22 01:00:00,1265.2342709698019
2009-05-24 01:00:00,1262.9135073680707
2009-05-25 01:00:00,1261.892109905277
2009-05-26 01:00:00,1260.9289656687029
2009-05-27 01:00:00,1260.0189919115542
2009-05-28 01:00:00,1259.1808788293433
2009-05-29 01:00:00,1258.4554872822268
2009-05-31 01:00:00,1257.5684020220808
2009-06-01 01:00:00,1257.5168778607804
2009-06-02 01:00:00,1257.777748380689
2009-06-03 01:00:00,1258.3628480043833
2009-06-04 01:00:00,1259.2614431429088
2009-06-05 01:00:00,1260.4440452321553
2009-06-07 01:00:00,1263.4913773221915
2009-06-08 01:00:00,1265.2689255269743
2009-06-09 01:00:00,1267.1698796145608
2009-06-10 01:00:00,1269.1759545953325
2009-06-11 01:00:00,1271.2839382277987
2009-06-12 01:00:00,1273.5048171275112
2009-06-14 01:00:00,1278.3816509418095
2009-06-15 01:00:00,1281.0979453286545
2009-06-16 01:00:00,1284.036712011703
2009-06-17 01:00:00,1287.2153979531238
2009-06-18 01:00:00,1290.6380395837336
2009-06-19 01:00:00,1294.293684037168
2009-06-21 01:00:00,1302.1973117417224
2009-06-22 01:00:00,1306.6829960014375
2009-06-23 01:00:00,1311.6135907689104
2009-06-24 01:00:00,1316.6484862395805
2009-06-25 01:00:00,1321.7863252115199
2009-06-26 01:00:00,1327.0400002944123
2009-06-28 01:00:00,1337.988212911404
2009-06-29 01:00:00,1343.7297210272668
2009-06-30 01:00:00,1349.6689729797624
2009-07-01 01:00:00,1355.8064490659751
2009-07-02 01:00:00,1362.1308292742856
2009-07-03 01:00:00,1368.621210065767
2009-07-05 01:00:00,1381.9900700090811
2009-07-06 01:00:00,1388.8117815701107
2009-07-07 01:00:00,1395.6919914642835
2009-07-08 01:00:00,1402.6122088642894
2009-07-09 01:00:00,1409.559512889125
2009-07-10 01:00:00,1416.5258842599778
2009-07-12 01:00:00,1430.4996441131416
2009-07-13 01:00:00,1437.5014339086463
2009-07-14 01:00:00,1444.507513434842
2009-07-15 01:00:00,1451.5101930483486
2009-07-16 01:00:00,1458.4984276001219
2009-07-17 01:00:00,1465.4584434809462
2009-07-19 01:00:00,1475.1769264050852
2009-07-20 01:00:00,1477.8570878744306
2009-07-21 01:00:00,1480.5166655650983
2009-07-22 01:00:00,1483.154784863604
2009-07-23 01:00:00,1485.7717421054576
2009-07-24 01:00:00,1488.3682801462237
2009-07-26 01:00:00,1493.50122591387
2009-07-27 01:00:00,1496.0360460171182
2009-07-28 01:00:00,1498.547385434923
2009-07-29 01:00:00,1501.0331084564705
2009-07-30 01:00:00,1503.4915403397163
2009-07-31 01:00:00,1503.6660023835586
2009-08-02 01:00:00,1501.140765613885
2009-08-03 01:00:00,1499.9233540937987
2009-08-04 01:00:00,1498.7406456851722
2009-08-05 01:00:00,1497.5961537528142
2009-08-06 01:00:00,1496.4926391017557
2009-08-07 01:00:00,1495.4314792847022
2009-08-09 01:00:00,1493.4323659238723
2009-08-10 01:00:00,1492.4876569576277
2009-08-11 01:00:00,1491.5726378522231
2009-08-12 01:00:00,1490.681740643681
2009-08-13 01:00:00,1489.810581714287
2009-08-14 01:00:00,1488.9572648387286
2009-08-16 01:00:00,1487.3141846953677
2009-08-17 01:00:00,1486.5382365514693
2009-08-18 01:00:00,1486.7000773541583
2009-08-19 01:00:00,1488.1759541832275
2009-08-20 01:00:00,1489.6408144378909
2009-08-21 01:00:00,1491.0946796283224
2009-08-23 01:00:00,1493.94442632483
2009-08-24 01:00:00,1495.3183955639815
2009-08-25 01:00:00,1496.6416607677675
2009-08-26 01:00:00,1497.9035100501594
2009-08-27 01:00:00,1497.6188674113419
2009-08-28 01:00:00,1496.3612514236868
2009-08-30 01:00:00,1493.7243171941693
2009-08-31 01:00:00,1492.318350895756
2009-09-01 01:00:00,1490.833955369642
2009-09-02 01:00:00,1489.257076001432
2009-09-03 01:00:00,1487.5765293551203
2009-09-04 01:00:00,1485.7853165841511
2009-09-06 01:00:00,1481.867640319775
2009-09-07 01:00:00,1479.7511882983138
2009-09-08 01:00:00,1477.5416494527003
2009-09-09 01:00:00,1475.248889773461
2009-09-10 01:00:00,1472.8804851127934
2009-09-11 01:00:00,1470.4395410568143
2009-09-13 01:00:00,1460.8338191018545
2009-09-14 01:00:00,1455.534126006367
2009-09-15 01:00:00,1450.1317349104042
2009-09-16 01:00:00,1444.620064283375
2009-09-17 01:00:00,1439.001044221024
2009-09-18 01:00:00,1433.2879955264004
2009-09-20 01:00:00,1421.6922319561909
2009-09-21 01:00:00,1415.8883078976187
2009-09-22 01:00:00,1410.1393598607083
2009-09-23 01:00:00,1405.9405108210785
2009-09-24 01:00:00,1402.428919733261
2009-09-25 01:00:00,1398.8554953803905
2009-09-27 01:00:00,1391.415300040559
2009-09-28 01:00:00,1387.4911556813538
2009-09-29 01:00:00,1383.39603081114
2009-09-30 01:00:00,1379.1104024476367
2009-10-01 01:00:00,1374.6229562041958
2009-10-02 01:00:00,1369.932167222526
2009-10-04 01:00:00,1359.9858427992929
2009-10-05 01:00:00,1354.7755003026562
2009-10-06 01:00:00,1349.44702231186
2009-10-07 01:00:00,1344.0320136108442
2009-10-08 01:00:00,1338.5581473536206
2009-10-09 01:00:00,1334.8065991568092
2009-10-11 01:00:00,1327.370620980997
2009-10-12 01:00:00,1323.4366139329109
2009-10-13 01:00:00,1319.5478776935315
2009-10-14 01:00:00,1316.9591115854696
2009-10-15 01:00:00,1315.209408209263
2009-10-16 01:00:00,1313.3612093648562
2009-10-18 01:00:00,1309.4375116025583
2009-10-19 01:00:00,1307.4572153156141
2009-10-20 01:00:00,1305.545099158402
2009-10-21 01:00:00,1303.754003111869
2009-10-22 01:00:00,1302.1176487741745
2009-10-23 01:00:00,1300.645020389941
2009-10-25 01:00:00,1298.1043381427264
2009-10-26 00:00:00,1296.9950569215569
2009-10-27 00:00:00,1295.8384023827418
2009-10-28 00:00:00,1294.6304239134909
2009-10-29 00:00:00,1293.3300131333312
2009-10-30 00:00:00,1291.9160056589926
2009-11-01 00:00:00,1288.7845977996676
2009-11-02 00:00:00,1287.143748135816
2009-11-03 00:00:00,1285.5298077430032
2009-11-04 00:00:00,1284.00401412196
2009-11-05 00:00:00,1282.6153468401644
2009-11-06 00:00:00,1281.3898277166804
2009-11-08 00:00:00,1279.3876977244076
2009-11-09 00:00:00,1278.5260503860088
2009-11-10 00:00:00,1277.676216761404
2009-11-11 00:00:00,1276.7789276323795
2009-11-12 00:00:00,1275.791907210821
2009-11-13 00:00:00,1274.698612913864
2009-11-15 00:00:00,1272.2662200619393
2009-11-16 00:00:00,1271.0171322838153
2009-11-17 00:00:00,1269.8215509886606
2009-11-18 00:00:00,1268.7306149320677
2009-11-19 00:00:00,1267.780022123548
2009-11-20 00:00:00,1266.984996855992
2009-11-22 00:00:00,1265.817900010618
2009-11-23 00:00:00,1265.3820012193235
2009-11-24 00:00:00,1264.986176906879
2009-11-25 00:00:00,1264.5859435614016
2009-11-26 00:00:00,1264.1452278953427
2009-11-27 00:00:00,1263.6425940809313
2009-11-29 00:00:00,1262.4600070585325
2009-11-30 00:00:00,1261.8304052355481
2009-12-01 00:00:00,1261.2304834815197
2009-12-02 00:00:00,1260.705824465905
2009-12-03 00:00:00,1260.2938723996049
2009-12-04 00:00:00,1260.0156588992788
2009-12-06 00:00:00,1259.8390407821537
2009-12-07 00:00:00,1259.8826646032142
2009-12-08 00:00:00,1259.9578293905101
2009-12-09 00:00:00,1260.022830508682
2009-12-10 00:00:00,1260.047028328866
2009-12-11 00:00:00,1260.0161695777433
2009-12-13 00:00:00,1259.8163194240744
2009-12-14 00:00:00,1259.6912663754083
2009-12-15 00:00:00,1259.5862646666967
2009-12-16 00:00:00,1259.5244842393377
2009-12-17 00:00:00,1259.5193552070302
2009-12-18 00:00:00,1259.571940192513
2009-12-20 00:00:00,1259.7922359006166
2009-12-21 00:00:00,1259.9056996856561
2009-12-22 00:00:00,1259.9750327362942
2009-12-23 00:00:00,1259.9638224662945
2009-12-24 00:00:00,1259.8390940730285
2009-12-25 00:00:00,1260.226530157749
2009-12-27 00:00:00,1259.7200899050672
2009-12-28 00:00:00,1258.6948503721985
2009-12-29 00:00:00,1257.1303296441754
2009-12-30 00:00:00,1255.8898827603412
2009-12-31 00:00:00,1254.7395425405975
2010-01-01 00:00:00,1253.4926456330456
2010-01-03 00:00:00,1250.796157432115
2010-01-04 00:00:00,1249.3960101202865
2010-01-05 00:00:00,1248.0007561882264
2010-01-06 00:00:00,1249.5743927894891
2010-01-07 00:00:00,1253.4236110146576
2010-01-08 00:00:00,1257.2278476072213
2010-01-10 00:00:00,1264.5980755929468
2010-01-11 00:00:00,1268.1329784405327
2010-01-12 00:00:00,1272.7309539554794
2010-01-13 00:00:00,1278.5501985361732
2010-01-14 00:00:00,1284.2490537407841
2010-01-15 00:00:00,1289.8299080432612
2010-01-17 00:00:00,1300.657613402868
2010-01-18 00:00:00,1305.9186910969395
2010-01-19 00:00:00,1311.0897829397124
2010-01-20 00:00:00,1316.1811668685846
2010-01-21 00:00:00,1321.2036710344491
2010-01-22 00:00:00,1326.1679500220375
2010-01-24 00:00:00,1335.9581017819762
2010-01-25 00:00:00,1340.7962353346404
2010-01-26 00:00:00,1345.5994481799019
2010-01-27 00:00:00,1350.3661282461778
2010-01-28 00:00:00,1352.5119747673398
2010-01-29 00:00:00,1353.8816546534913
2010-01-31 00:00:00,1356.4768060002425
2010-02-01 00:00:00,1357.7068375563686
2010-02-02 00:00:00,1358.9007314230325
2010-02-03 00:00:00,1360.0682684986336
2010-02-04 00:00:00,1362.3389484696033
2010-02-05 00:00:00,1366.115305802242
2010-02-07 00:00:00,1373.6818912986428
2010-02-08 00:00:00,1377.472469520428
2010-02-09 00:00:00,1381.274710595901
2010-02-10 00:00:00,1385.0967908850714
2010-02-11 00:00:00,1388.9473397236284
2010-02-12 00:00:00,1392.8337294565963
2010-02-14 00:00:00,1398.692916204438
2010-02-15 00:00:00,1399.1313622830621
2010-02-16 00:00:00,1399.5893948716237
2010-02-17 00:00:00,1400.0568752968334
2010-02-18 00:00:00,1402.362745673235
2010-02-19 00:00:00,1404.8330131103507
2010-02-21 00:00:00,1409.6890687688483
2010-02-22 00:00:00,1412.0697301979258
2010-02-23 00:00:00,1414.425853741289
2010-02-24 00:00:00,1416.7698662552832
2010-02-25 00:00:00,1419.117456765713
2010-02-26 00:00:00,1421.4842684632333
2010-02-28 00:00:00,1426.316294283226
2010-03-01 00:00:00,1428.7830505511815
2010-03-02 00:00:00,1431.270934485385
2010-03-03 00:00:00,1433.763064916479
2010-03-04 00:00:00,1436.2411621264278
2010-03-05 00:00:00,1438.689811036536
2010-03-07 00:00:00,1443.469580047387
2010-03-08 00:00:00,1445.8055130590658
2010-03-09 00:00:00,1451.10558734356
2010-03-10 00:00:00,1454.906548127741
2010-03-11 00:00:00,1457.8678519776743
2010-03-12 00:00:00,1460.8909302074865
2010-03-14 00:00:00,1467.153815266433
2010-03-15 00:00:00,1470.3921700908825
2010-03-16 00:00:00,1473.6887462302566
2010-03-17 00:00:00,1477.026109591359
2010-03-18 00:00:00,1480.3833306821875
2010-03-19 00:00:00,1481.4633221965046
2010-03-21 00:00:00,1479.77217366445
2010-03-22 00:00:00,1478.871966588908
2010-03-23 00:00:00,1477.94927256507
2010-03-24 00:00:00,1477.0251749101774
2010-03-25 00:00:00,1476.1258942205868
2010-03-26 00:00:00,1475.2784056325088
2010-03-28 00:00:00,1473.8224490478194
2010-03-29 01:00:00,1473.2104290230068
2010-03-30 01:00:00,1472.7130508416865
2010-03-31 01:00:00,1472.2906528848184
2010-04-01 01:00:00,1471.9279252865988
2010-04-02 01:00:00,1471.6121790307245
2010-04-04 01:00:00,1471.105637016576
2010-04-05 01:00:00,1470.9281992979547
2010-04-06 01:00:00,1470.8227179389555
2010-04-07 01:00:00,1470.8109693709603
2010-04-08 01:00:00,1470.915463221623
2010-04-09 01:00:00,1471.156183906297
2010-04-11 01:00:00,1472.097536626724
2010-04-12 01:00:00,1472.8043695340684
2010-04-13 01:00:00,1473.6590628454371
2010-04-14 01:00:00,1474.6457680473009
2010-04-15 01:00:00,1475.7446467405525
2010-04-16 01:00:00,1476.935278193495
2010-04-18 01:00:00,1479.5282383586616
2010-04-19 01:00:00,1480.9158768788614
2010-04-20 01:00:00,1482.3679717637938
2010-04-21 01:00:00,1483.8958506015545
2010-04-22 01:00:00,1485.5140703756165
2010-04-23 01:00:00,1487.2360653656074
2010-04-25 01:00:00,1491.013554904104
2010-04-26 01:00:00,1493.055603405925
2010-04-27 01:00:00,1495.1736198671078
2010-04-28 01:00:00,1497.3383809918755
2010-04-29 01:00:00,1499.5180855245758
2010-04-30 01:00:00,1501.683030664461
2010-05-02 01:00:00,1505.8814885444299
2010-05-03 01:00:00,1507.8921118718636
2010-05-04 01:00:00,1509.8416151753922
2010-05-05 01:00:00,1511.7357821622236
2010-05-06 01:00:00,1513.5832145154827
2010-05-07 01:00:00,1515.392583228573
2010-05-09 01:00:00,1518.9177543933847
2010-05-10 01:00:00,1520.631923585016
2010-05-11 01:00:00,1522.3036545514387
2010-05-12 01:00:00,1523.9195715717315
2010-05-13 01:00:00,1525.4639486102415
2010-05-14 01:00:00,1526.9214022155961
2010-05-16 01:00:00,1529.5324808962648
2010-05-17 01:00:00,1530.6802074095351
2010-05-18 01:00:00,1531.7308125094962
2010-05-19 01:00:00,1532.6980856644116
2010-05-20 01:00:00,1533.5991035138104
2010-05-21 01:00:00,1534.4509069629335
2010-05-23 01:00:00,1536.0556534570874
2010-05-24 01:00:00,1536.5204246586202
2010-05-25 01:00:00,1536.903604817388
2010-05-26 01:00:00,1537.251945992688
2010-05-27 01:00:00,1537.5541410327908
2010-05-28 01:00:00,1537.8000971361942
2010-05-30 01:00:00,1538.100975931869
2010-05-31 01:00:00,1536.2923594439308
2010-06-01 01:00:00,1533.9493056203487
2010-06-02 01:00:00,1531.5848809238048
2010-06-03 01:00:00,1529.1902671656335
2010-06-04 01:00:00,1526.7569761649982
2010-06-06 01:00:00,1521.7507295740977
2010-06-07 01:00:00,1519.174014706182
2010-06-08 01:00:00,1516.5517176532617
2010-06-09 01:00:00,1513.890292893678
2010-06-10 01:00:00,1511.1979508623685
2010-06-11 01:00:00,1508.4831288581177
2010-06-13 01:00:00,1503.0118525486268
2010-06-14 01:00:00,1500.261093546044
2010-06-15 01:00:00,1497.4986218894094
2010-06-16 01:00:00,1494.7200322575445
2010-06-17 01:00:00,1491.919986645812
2010-06-18 01:00:00,1489.093873510328
2010-06-20 01:00:00,1483.3567763851236
2010-06-21 01:00:00,1480.45020495862
2010-06-22 01:00:00,1477.5259260622165
2010-06-23 01:00:00,1474.5918415750048
2010-06-24 01:00:00,1471.6562188636074
2010-06-25 01:00:00,1468.7266986462034
2010-06-27 01:00:00,1462.9100066612248
2010-06-28 01:00:00,1460.0313099419493
2010-06-29 01:00:00,1457.1761905781523
2010-06-30 01:00:00,1454.346802026759
2010-07-01 01:00:00,1450.9691567770237
2010-07-02 01:00:00,1443.9101195758608
2010-07-04 01:00:00,1430.0022950048967
2010-07-05 01:00:00,1423.174891918302
2010-07-06 01:00:00,1416.4457746679093
2010-07-07 01:00:00,1409.823045111981
2010-07-08 01:00:00,1403.311329105505
2010-07-09 01:00:00,1396.9111050991842
2010-07-11 01:00:00,1384.429288870584
2010-07-12 01:00:00,1378.3358857228704
2010-07-13 01:00:00,1372.3351688985629
2010-07-14 01:00:00,1366.42805331715
2010-07-15 01:00:00,1360.6208777636111
2010-07-16 01:00:00,1354.9246120075381
2010-07-18 01:00:00,1343.9157885431728
2010-07-19 01:00:00,1338.6220658521338
2010-07-20 01:00:00,1333.471377977041
2010-07-21 01:00:00,1328.456565544036
2010-07-22 01:00:00,1323.5642854577627
2010-07-23 01:00:00,1318.777562833905
2010-07-25 01:00:00,1309.4544423932532
2010-07-26 01:00:00,1304.8951816082686
2010-07-27 01:00:00,1300.400628367755
2010-07-28 01:00:00,1295.9788506126179
2010-07-29 01:00:00,1291.6461945567232
2010-07-30 01:00:00,1287.4254830243995
2010-08-01 01:00:00,1280.1592741839597
2010-08-02 01:00:00,1277.467876698844
2010-08-03 01:00:00,1274.974294231131
2010-08-04 01:00:00,1272.6794588588796
2010-08-05 01:00:00,1269.428299390645
2010-08-06 01:00:00,1266.1668257689437
2010-08-08 01:00:00,1260.009852161793
2010-08-09 01:00:00,1257.6520652222605
2010-08-10 01:00:00,1256.5188136433767
2010-08-11 01:00:00,1253.4514821690288
2010-08-12 01:00:00,1250.5141567754133
2010-08-13 01:00:00,1247.7546920535754
2010-08-15 01:00:00,1242.9654845009122
2010-08-16 01:00:00,1241.0078712535312
2010-08-17 01:00:00,1239.2806037107866
2010-08-18 01:00:00,1237.5650759465502
2010-08-19 01:00:00,1236.1215392000313
2010-08-20 01:00:00,1234.9205446192268
2010-08-22 01:00:00,1233.909264962749
2010-08-23 01:00:00,1233.8951288933326
2010-08-24 01:00:00,1234.0440057498658
2010-08-25 01:00:00,1234.371356903793
2010-08-26 01:00:00,1234.9038961359033
2010-08-27 01:00:00,1235.6746320238735
2010-08-29 01:00:00,1238.051384162421
2010-08-30 01:00:00,1239.6876131066222
2010-08-31 01:00:00,1241.6073462882312
2010-09-01 01:00:00,1243.7651937306346
2010-09-02 01:00:00,1246.087285882897
2010-09-03 01:00:00,1248.475464307984
2010-09-05 01:00:00,1252.9919342019646
2010-09-06 01:00:00,1254.8972662271722
2010-09-07 01:00:00,1256.4499604900823
2010-09-08 01:00:00,1257.600455610832
2010-09-09 01:00:00,1258.3327791032916
2010-09-10 01:00:00,1258.6576117550449
2010-09-12 01:00:00,1258.1788580923678
2010-09-13 01:00:00,1257.4062698863431
2010-09-14 01:00:00,1256.2702060022002
2010-09-15 01:00:00,1254.741017573726
2010-09-16 01:00:00,1252.7763696219276
2010-09-17 01:00:00,1250.3302737236197
2010-09-19 01:00:00,1243.8490362738169
2010-09-20 01:00:00,1239.7850340066527
2010-09-21 01:00:00,1235.191818536594
2010-09-22 01:00:00,1230.1153305791975
2010-09-23 01:00:00,1224.623287388221
2010-09-24 01:00:00,1218.7988767059323
2010-09-26 01:00:00,1206.5092397143849
2010-09-27 01:00:00,1200.203738963165
2010-09-28 01:00:00,1193.866936439081
2010-09-29 01:00:00,1187.52323025569
2010-09-30 01:00:00,1181.1689201955453
2010-10-01 01:00:00,1174.7759202553038
2010-10-03 01:00:00,1157.4906923030792
2010-10-04 01:00:00,1147.0611688590734
2010-10-05 01:00:00,1137.3794864672486
2010-10-06 01:00:00,1127.6012981818578
2010-10-07 01:00:00,1117.7785192998851
2010-10-08 01:00:00,1107.9839066111554
2010-10-10 01:00:00,1093.9369717987902
2010-10-11 01:00:00,1087.921646925515
2010-10-12 01:00:00,1082.1195824731815
2010-10-13 01:00:00,1076.5121132941042
2010-10-14 01:00:00,1071.0575474175089
2010-10-15 01:00:00,1065.7011884052258
2010-10-17 01:00:00,1055.0647057544538
2010-10-18 01:00:00,1049.703875182885
2010-10-19 01:00:00,1044.2926488897706
2010-10-20 01:00:00,1038.8421452379707
2010-10-21 01:00:00,1033.3835778736816
2010-10-22 01:00:00,1027.962735724871
2010-10-24 01:00:00,1017.4412989891458
2010-10-25 01:00:00,1012.4288841652822
2010-10-26 01:00:00,1009.7931022690669
2010-10-27 01:00:00,1009.5653232932766
2010-10-28 01:00:00,1009.5044242486655
2010-10-29 01:00:00,1009.555541897221
2010-10-31 01:00:00,1009.7234917833702
2010-11-01 00:00:00,1009.7170070931933
2010-11-02 00:00:00,1009.59247309694
2010-11-03 00:00:00,1009.3378264527682
2010-11-04 00:00:00,1008.9686298153051
2010-11-05 00:00:00,1008.5213677539552
2010-11-07 00:00:00,1007.570045869357
2010-11-08 00:00:00,1007.1336654048894
2010-11-09 00:00:00,1006.7374927002935
2010-11-10 00:00:00,1006.3651708110596
2010-11-11 00:00:00,1005.9829263262636
2010-11-12 00:00:00,1005.5466594777756
2010-11-14 00:00:00,1004.3328629396627
2010-11-15 00:00:00,1003.4863072205216
2010-11-16 00:00:00,1002.4580374823618
2010-11-17 00:00:00,1001.2530070259619
2010-11-18 00:00:00,999.8921344560338
2010-11-19 00:00:00,998.4084187295238
2010-11-21 00:00:00,995.5036769758007
2010-11-22 00:00:00,995.1498743632308
2010-11-23 00:00:00,994.7686958818184
2010-11-24 00:00:00,994.3627388062558
2010-11-25 00:00:00,993.9193461377348
2010-11-26 00:00:00,993.4130842093014
2010-11-28 00:00:00,992.0778025822788
2010-11-29 00:00:00,991.185586151446
2010-11-30 00:00:00,990.1166117954025
2010-12-01 00:00:00,988.8672316158867
2010-12-02 00:00:00,987.4471764035338
2010-12-03 00:00:00,985.8747761967919
2010-12-05 00:00:00,984.1769552405976
2010-12-06 00:00:00,983.7074915302069
2010-12-07 00:00:00,982.8683392136138
2010-12-08 00:00:00,981.6197196633557
2010-12-09 00:00:00,979.917427308711
2010-12-10 00:00:00,977.715542149904
2010-12-12 00:00:00,972.1173054606314
2010-12-13 00:00:00,969.6802795528586
2010-12-14 00:00:00,966.643647092568
2010-12-15 00:00:00,965.570719196802
2010-12-16 00:00:00,964.7676510028316
2010-12-17 00:00:00,965.2875830664605
2010-12-19 00:00:00,967.9105892376649
2010-12-20 00:00:00,969.2983069304645
2010-12-21 00:00:00,970.6788140503562
2010-12-22 00:00:00,972.0062753400975
2010-12-23 00:00:00,973.2377153101448
2010-12-24 00:00:00,974.3365291899314
2010-12-26 00:00:00,976.0350446737973
2010-12-27 00:00:00,976.6086223531767
2010-12-28 00:00:00,976.9955279611604
2010-12-29 00:00:00,977.2016420087256
2010-12-30 00:00:00,977.2364596123057
2010-12-31 00:00:00,977.1110297409462
2011-01-02 00:00:00,976.4231138800353
2011-01-03 00:00:00,975.8806624829098
2011-01-04 00:00:00,975.2183215038867
2011-01-05 00:00:00,974.4454984829333
2011-01-06 00:00:00,973.572345822116
2011-01-07 00:00:00,972.6100922668606
2011-01-09 00:00:00,970.468240980232
2011-01-10 00:00:00,969.3146692419424
2011-01-11 00:00:00,968.1223496681264
2011-01-12 00:00:00,966.901251919524
2011-01-13 00:00:00,965.6583748184376
2011-01-14 00:00:00,964.3971607443565
2011-01-16 00:00:00,962.706803661365
2011-01-17 00:00:00,963.8626930991093
2011-01-18 00:00:00,965.0617110484677
2011-01-19 00:00:00,966.3086568918314
2011-01-20 00:00:00,967.6050888456547
2011-01-21 00:00:00,968.9481296714556
2011-01-23 00:00:00,971.7403644514767
2011-01-24 00:00:00,973.1660518094575
2011-01-25 00:00:00,974.5964363836357
2011-01-26 00:00:00,976.0246983167858
2011-01-27 00:00:00,977.4499075141105
2011-01-28 00:00:00,978.8771801400571
2011-01-30 00:00:00,981.7808824859704
2011-01-31 00:00:00,983.2831931641831
2011-02-01 00:00:00,984.8342586866506
2011-02-02 00:00:00,986.4406146224715
2011-02-03 00:00:00,988.1033892023651
2011-02-04 00:00:00,989.818037676626
2011-02-06 00:00:00,993.8269277227996
2011-02-07 00:00:00,998.1956173847302
2011-02-08 00:00:00,1002.529305451724
2011-02-09 00:00:00,1006.796861199572
2011-02-10 00:00:00,1010.9829390629963
2011-02-11 00:00:00,1015.0913770918828
2011-02-13 00:00:00,1023.1847365216177
2011-02-14 00:00:00,1027.2586003212266
2011-02-15 00:00:00,1031.4173045522489
2011-02-16 00:00:00,1035.701682183477
2011-02-17 00:00:00,1040.1334495593821
2011-02-18 00:00:00,1044.7085940955503
2011-02-20 00:00:00,1054.1449004908718
2011-02-21 00:00:00,1059.0068595069827
2011-02-22 00:00:00,1065.7157180734187
2011-02-23 00:00:00,1072.3670185339113
2011-02-24 00:00:00,1078.954120587789
2011-02-25 00:00:00,1085.4985029934282
2011-02-27 00:00:00,1098.6460871850331
2011-02-28 00:00:00,1105.360853384742
2011-03-01 00:00:00,1112.2332775447244
2011-03-02 00:00:00,1119.289226345617
2011-03-03 00:00:00,1126.5304416107115
2011-03-04 00:00:00,1133.9334836961261
2011-03-06 00:00:00,1149.0250944308348
2011-03-07 00:00:00,1156.580994094699
2011-03-08 00:00:00,1164.0512373717875
2011-03-09 00:00:00,1171.3774500103289
2011-03-10 00:00:00,1178.5191524049471
2011-03-11 00:00:00,1185.4581150207796
2011-03-13 00:00:00,1198.765825022654
2011-03-14 00:00:00,1205.1950008364447
2011-03-15 00:00:00,1211.5247724936676
2011-03-16 00:00:00,1217.7833899972395
2011-03-17 00:00:00,1226.5246772883165
2011-03-18 00:00:00,1235.18998417106
2011-03-20 00:00:00,1247.4009120805244
2011-03-21 00:00:00,1252.2128053364713
2011-03-22 00:00:00,1256.630763726275
2011-03-23 00:00:00,1260.5949186333664
2011-03-24 00:00:00,1264.0781374056999
2011-03-25 00:00:00,1267.0872918651903
2011-03-27 00:00:00,1271.8400238713048
2011-03-28 01:00:00,1273.763150001782
2011-03-29 01:00:00,1275.2189822263533
2011-03-30 01:00:00,1275.9000125103166
2011-03-31 01:00:00,1276.351682077394
2011-04-01 01:00:00,1276.5686368317376
2011-04-03 01:00:00,1276.1997399276795
2011-04-04 01:00:00,1275.547968296542
2011-04-05 01:00:00,1274.5476872517945
2011-04-06 01:00:00,1273.1895792423377
2011-04-07 01:00:00,1271.4870653707903
2011-04-08 01:00:00,1269.479463971049
2011-04-10 01:00:00,1264.8285908497026
2011-04-11 01:00:00,1262.3695262859178
2011-04-12 01:00:00,1259.9550948424937
2011-04-13 01:00:00,1259.4286920037634
2011-04-14 01:00:00,1259.269741195667
2011-04-15 01:00:00,1259.2670113676497
2011-04-17 01:00:00,1259.6559844872543
2011-04-18 01:00:00,1259.9613638697883
2011-04-19 01:00:00,1259.617988790551
2011-04-20 01:00:00,1259.141740817402
2011-04-21 01:00:00,1259.737968283705
2011-04-22 01:00:00,1260.1443512934447
2011-04-24 01:00:00,1260.5313560492104
2011-04-25 01:00:00,1260.6071671452828
2011-04-26 01:00:00,1260.6640724911706
2011-04-27 01:00:00,1260.7319266428544
2011-04-28 01:00:00,1260.823113644136
2011-04-29 01:00:00,1260.9316986449792
2011-05-01 01:00:00,1260.9942036548864
2011-05-02 01:00:00,1259.34077577067
2011-05-03 01:00:00,1257.7221115634345
2011-05-04 01:00:00,1255.9641389486296
2011-05-05 01:00:00,1254.0514145881511
2011-05-06 01:00:00,1251.9838579774182
2011-05-08 01:00:00,1247.4590283586613
2011-05-09 01:00:00,1245.0672104254766
2011-05-10 01:00:00,1242.7580733376003
2011-05-11 01:00:00,1240.5449386804046
2011-05-12 01:00:00,1239.5048287712748
2011-05-13 01:00:00,1241.0629003471515
2011-05-15 01:00:00,1244.208936371559
2011-05-16 01:00:00,1245.7405102524717
2011-05-17 01:00:00,1247.397852857776
2011-05-18 01:00:00,1249.1436432850885
2011-05-19 01:00:00,1250.8679926558516
2011-05-20 01:00:00,1252.5749097927253
2011-05-22 01:00:00,1257.6041304467392
2011-05-23 01:00:00,1261.0733405790784
2011-05-24 01:00:00,1265.3407397121648
2011-05-25 01:00:00,1270.058103728152
2011-05-26 01:00:00,1274.9410579843875
2011-05-27 01:00:00,1279.9865621895567
2011-05-29 01:00:00,1290.5182561909176
2011-05-30 01:00:00,1295.9715946630092
2011-05-31 01:00:00,1301.5278154671646
2011-06-01 01:00:00,1307.1740915776534
2011-06-02 01:00:00,1312.9025815406676
2011-06-03 01:00:00,1318.7107963027956
2011-06-05 01:00:00,1330.5774024305206
2011-06-06 01:00:00,1336.645722719459
2011-06-07 01:00:00,1342.8085886675722
2011-06-08 01:00:00,1349.0643045935424
2011-06-09 01:00:00,1355.4053587795718
2011-06-10 01:00:00,1361.8186346800558
2011-06-12 01:00:00,1374.7904713450653
2011-06-13 01:00:00,1381.3111055496113
2011-06-14 01:00:00,1386.716108327535
2011-06-15 01:00:00,1388.8380733683925
2011-06-16 01:00:00,1390.9600460958227
2011-06-17 01:00:00,1393.0795358320654
2011-06-19 01:00:00,1397.3011284744725
2011-06-20 01:00:00,1399.3970900496618
2011-06-21 01:00:00,1401.478041691617
2011-06-22 01:00:00,1403.5396775278016
2011-06-23 01:00:00,1405.5778805262048
2011-06-24 01:00:00,1407.589312561608
2011-06-26 01:00:00,1411.5255076108579
2011-06-27 01:00:00,1413.4514379244238
2011-06-28 01:00:00,1415.3527985532917
2011-06-29 01:00:00,1416.7071824657662
2011-06-30 01:00:00,1416.1401796851935
2011-07-01 01:00:00,1415.5371044124927
2011-07-03 01:00:00,1414.2183853779356
2011-07-04 01:00:00,1413.5070196557144
2011-07-05 01:00:00,1412.7678932012034
2011-07-06 01:00:00,1412.0078785149144
2011-07-07 01:00:00,1411.2333789218492
2011-07-08 01:00:00,1410.448544630472
2011-07-10 01:00:00,1408.8463217643898
2011-07-11 01:00:00,1408.0183814697687
2011-07-12 01:00:00,1407.1608448015575
2011-07-13 01:00:00,1406.2639489501055
2011-07-14 01:00:00,1405.3194398340495
2011-07-15 01:00:00,1404.3221226675353
2011-07-17 01:00:00,1402.1681696088085
2011-07-18 01:00:00,1401.0205565248673
2011-07-19 01:00:00,1399.8361975150053
2011-07-20 01:00:00,1398.6237290001347
2011-07-21 01:00:00,1397.3903120948203
2011-07-22 01:00:00,1396.1399915189472
2011-07-24 01:00:00,1393.1520674929466
2011-07-25 01:00:00,1390.5111525443701
2011-07-26 01:00:00,1387.8364974950744
2011-07-27 01:00:00,1385.089133320856
2011-07-28 01:00:00,1382.2315454458599
2011-07-29 01:00:00,1379.2346049018292
2011-07-31 01:00:00,1372.7831328394125
2011-08-01 01:00:00,1369.3558258183382
2011-08-02 01:00:00,1365.8399225150315
2011-08-03 01:00:00,1362.2800096728931
2011-08-04 01:00:00,1358.7163328685278
2011-08-05 01:00:00,1355.174445456145
2011-08-07 01:00:00,1348.149041736978
2011-08-08 01:00:00,1344.6097443065328
2011-08-09 01:00:00,1340.99386037447
2011-08-10 01:00:00,1337.2560385576764
2011-08-11 01:00:00,1333.3621442211886
2011-08-12 01:00:00,1329.296860622934
2011-08-14 01:00:00,1320.7049415393394
2011-08-15 01:00:00,1316.2580900793753
2011-08-16 01:00:00,1311.7890821040912
2011-08-17 01:00:00,1307.6834079907103
2011-08-18 01:00:00,1307.4892176812436
2011-08-19 01:00:00,1307.387626628578
2011-08-21 01:00:00,1307.4284090371864
2011-08-22 01:00:00,1307.5043491723827
2011-08-23 01:00:00,1307.5458554897186
2011-08-24 01:00:00,1307.488545140824
2011-08-25 01:00:00,1307.2702456875045
2011-08-26 01:00:00,1306.8411921932518
2011-08-28 01:00:00,1305.2668310278214
2011-08-29 01:00:00,1304.1508421602714
2011-08-30 01:00:00,1302.8781462144618
2011-08-31 01:00:00,1301.512990169492
2011-09-01 01:00:00,1300.1153824998491
2011-09-02 01:00:00,1298.7262980816436
2011-09-04 01:00:00,1295.9933444907415
2011-09-05 01:00:00,1294.590370312123
2011-09-06 01:00:00,1293.0949276646409
2011-09-07 01:00:00,1291.4531534868572
2011-09-08 01:00:00,1289.6236153320654
2011-09-09 01:00:00,1287.5860472860759
2011-09-11 01:00:00,1282.932770691244
2011-09-12 01:00:00,1280.3982079725674
2011-09-13 01:00:00,1277.8055455589267
2011-09-14 01:00:00,1275.221579446822
2011-09-15 01:00:00,1272.706627361927
2011-09-16 01:00:00,1270.3061106698901
2011-09-18 01:00:00,1265.9229152975072
2011-09-19 01:00:00,1263.9190556355009
2011-09-20 01:00:00,1261.9921363567678
2011-09-21 01:00:00,1260.089738412735
2011-09-22 01:00:00,1258.1575154540037
2011-09-23 01:00:00,1256.150049248117
2011-09-25 01:00:00,1251.831391287684
2011-09-26 01:00:00,1249.5501106399458
2011-09-27 01:00:00,1247.2505893335585
2011-09-28 01:00:00,1244.9980629207942
2011-09-29 01:00:00,1242.853601921809
2011-09-30 01:00:00,1240.9792544680167
2011-10-02 01:00:00,1241.947328559233
2011-10-03 01:00:00,1242.6002631723532
2011-10-04 01:00:00,1243.292732537663
2011-10-05 01:00:00,1243.9655213750393
2011-10-06 01:00:00,1244.5702392230726
2011-10-07 01:00:00,1245.473682429435
2011-10-09 01:00:00,1252.3466888437376
2011-10-10 01:00:00,1255.6511601566765
2011-10-11 01:00:00,1258.9280528708805
2011-10-12 01:00:00,1262.228931767672
2011-10-13 01:00:00,1265.6003501864534
2011-10-14 01:00:00,1269.0768155740072
2011-10-16 01:00:00,1273.502686045362
2011-10-17 01:00:00,1274.581148164616
2011-10-18 01:00:00,1274.8482303757073
2011-10-19 01:00:00,1272.6764828696287
2011-10-20 01:00:00,1270.4950939137943
2011-10-21 01:00:00,1268.263721868719
2011-10-23 01:00:00,1263.569574426701
2011-10-24 01:00:00,1261.1199554032644
2011-10-25 01:00:00,1258.6451936113199
2011-10-26 01:00:00,1256.1932350664758
2011-10-27 01:00:00,1253.8110488420682
2011-10-28 01:00:00,1251.5328562596176
2011-10-30 01:00:00,1247.3212353700499
2011-10-31 00:00:00,1245.4335248299192
2011-11-01 00:00:00,1243.50785669719
2011-11-02 00:00:00,1241.5888853998642
2011-11-03 00:00:00,1239.643775284421
2011-11-04 00:00:00,1237.652273939493
2011-11-06 00:00:00,1233.5263268260128
2011-11-07 00:00:00,1231.425320977764
2011-11-08 00:00:00,1229.3373598063035
2011-11-09 00:00:00,1227.2956865190015
2011-11-10 00:00:00,1225.3309481233575
2011-11-11 00:00:00,1223.4671274407558
2011-11-13 00:00:00,1220.0909436645895
2011-11-14 00:00:00,1218.8874979414338
2011-11-15 00:00:00,1220.9678167916102
2011-11-16 00:00:00,1223.9023563661435
2011-11-17 00:00:00,1226.7850042288621
2011-11-18 00:00:00,1229.6143322511107
2011-11-20 00:00:00,1235.089259990304
2011-11-21 00:00:00,1237.71230526537
2011-11-22 00:00:00,1240.237715448935
2011-11-23 00:00:00,1242.6467532419113
2011-11-24 00:00:00,1244.9209052430645
2011-11-25 00:00:00,1247.0438394446637
2011-11-27 00:00:00,1250.791579648266
2011-11-28 00:00:00,1252.407386694875
2011-11-29 00:00:00,1253.855131550566
2011-11-30 00:00:00,1255.145964775982
2011-12-01 00:00:00,1256.2981433854284
2011-12-02 00:00:00,1257.3373547089986
2011-12-04 00:00:00,1263.1165161083513
2011-12-05 00:00:00,1266.7912519671095
2011-12-06 00:00:00,1270.4522260477754
2011-12-07 00:00:00,1274.0560167966678
2011-12-08 00:00:00,1277.563652801515
2011-12-09 00:00:00,1280.94298948625
2011-12-11 00:00:00,1287.230169462118
2011-12-12 00:00:00,1290.1164743459965
2011-12-13 00:00:00,1292.8302999946554
2011-12-14 00:00:00,1295.3793725302899
2011-12-15 00:00:00,1297.7764906235614
2011-12-16 00:00:00,1300.0378749657384
2011-12-18 00:00:00,1304.2245328920262
2011-12-19 00:00:00,1306.183095755726
2011-12-20 00:00:00,1308.0695972662484
2011-12-21 00:00:00,1309.8929877295425
2011-12-22 00:00:00,1311.6589376007291
2011-12-23 00:00:00,1313.3710147576764
2011-12-26 00:00:00,1318.2208207524295
2011-12-27 00:00:00,1319.763600215962
2011-12-28 00:00:00,1322.4066975871046
2011-12-29 00:00:00,1326.5310073636713
2011-12-30 00:00:00,1330.7036676691437
2012-01-01 00:00:00,1339.1577904256908
2012-01-02 00:00:00,1343.429969723002
2012-01-03 00:00:00,1347.7329535237586
2012-01-04 00:00:00,1352.072079851081
2012-01-05 00:00:00,1356.4553541654016
2012-01-06 00:00:00,1360.8919582989215
2012-01-08 00:00:00,1369.957450250322
2012-01-09 00:00:00,1374.5953247902903
2012-01-10 00:00:00,1379.3020324245854
2012-01-11 00:00:00,1384.0705379700541
2012-01-12 00:00:00,1388.8897391281344
2012-01-13 00:00:00,1393.7463688157827
2012-01-15 00:00:00,1403.5247381531613
2012-01-16 00:00:00,1408.4343106090505
2012-01-17 00:00:00,1413.3606747684678
2012-01-18 00:00:00,1418.3148626066936
2012-01-19 00:00:00,1423.3126206879172
2012-01-20 00:00:00,1428.3711064895856
2012-01-22 00:00:00,1438.7246560768017
2012-01-23 00:00:00,1444.0315345342715
2012-01-24 00:00:00,1449.4204359714417
2012-01-25 00:00:00,1454.87942849845
2012-01-26 00:00:00,1460.3926123135816
2012-01-27 00:00:00,1465.9432956703774
2012-01-29 00:00:00,1477.1050252530351
2012-01-30 00:00:00,1482.7041838610817
2012-01-31 00:00:00,1488.3190910318622
2012-02-01 00:00:00,1493.9604383366598
2012-02-02 00:00:00,1499.5922866296216
2012-02-03 00:00:00,1502.709331087946
2012-02-05 00:00:00,1509.1133006469356
2012-02-06 00:00:00,1512.4190110417717
2012-02-07 00:00:00,1515.7941429236748
2012-02-08 00:00:00,1519.2285424649062
2012-02-09 00:00:00,1522.705077612953
2012-02-10 00:00:00,1526.202751125707
2012-02-12 00:00:00,1533.1846367830624
2012-02-13 00:00:00,1536.6467274747574
2012-02-14 00:00:00,1540.0907944368143
2012-02-15 00:00:00,1543.5294842191
2012-02-16 00:00:00,1546.9814184577413
2012-02-17 00:00:00,1550.466656158306
2012-02-19 00:00:00,1557.5962669407095
2012-02-20 00:00:00,1561.2492678066947
2012-02-21 00:00:00,1564.9499109939634
2012-02-22 00:00:00,1568.678352460869
2012-02-23 00:00:00,1572.4088046370434
2012-02-24 00:00:00,1573.8446510508327
2012-02-26 00:00:00,1572.661997030054
2012-02-27 00:00:00,1572.0573685500658
2012-02-28 00:00:00,1571.4569659002316
2012-02-29 00:00:00,1570.880994163934
2012-03-01 00:00:00,1570.3558432097927
2012-03-02 00:00:00,1569.9112153239105
2012-03-04 00:00:00,1569.3781485509783
2012-03-05 00:00:00,1568.1009626417765
2012-03-06 00:00:00,1565.92498685717
2012-03-07 00:00:00,1563.918196741034
2012-03-08 00:00:00,1562.07124029624
2012-03-09 00:00:00,1560.3688627959318
2012-03-11 00:00:00,1557.3351726522155
2012-03-12 00:00:00,1555.985173306538
2012-03-13 00:00:00,1554.7475796219244
2012-03-14 00:00:00,1553.6328281354622
2012-03-15 00:00:00,1553.951565788
2012-03-16 00:00:00,1554.837240776504
2012-03-18 00:00:00,1557.0484494265604
2012-03-19 00:00:00,1558.361846840619
2012-03-20 00:00:00,1559.7876694641245
2012-03-21 00:00:00,1561.29481539498
2012-03-22 00:00:00,1562.8466689536756
2012-03-23 00:00:00,1564.4051044465566
2012-03-25 00:00:00,1567.4047129115288
2012-03-26 01:00:00,1568.8493255404917
2012-03-27 01:00:00,1570.1403361878617
2012-03-28 01:00:00,1571.3328787039359
2012-03-29 01:00:00,1572.4302837672954
2012-03-30 01:00:00,1573.441021610283
2012-04-01 01:00:00,1575.2451988812306
2012-04-02 01:00:00,1576.0555551093291
2012-04-03 01:00:00,1576.8081558354388
2012-04-04 01:00:00,1577.4977162105588
2012-04-05 01:00:00,1578.1132157861273
2012-04-06 01:00:00,1578.6402498014631
2012-04-08 01:00:00,1579.3762339603165
2012-04-09 01:00:00,1579.571950497678
2012-04-10 01:00:00,1579.6569222399992
2012-04-11 01:00:00,1578.3457849439885
2012-04-12 01:00:00,1576.61917287782
2012-04-13 01:00:00,1574.8454136452538
2012-04-15 01:00:00,1571.1217247653474
2012-04-16 01:00:00,1569.16710688282
2012-04-17 01:00:00,1567.1573402613521
2012-04-18 01:00:00,1565.1037007015561
2012-04-19 01:00:00,1563.0203304338193
2012-04-20 01:00:00,1560.922009786531
2012-04-22 01:00:00,1556.7307068125588
2012-04-23 01:00:00,1554.6540975475316
2012-04-24 01:00:00,1552.593986232336
2012-04-25 01:00:00,1550.5480682011357
2012-04-26 01:00:00,1548.5108522638036
2012-04-27 01:00:00,1546.4749466955552
2012-04-29 01:00:00,1542.377309658285
2012-04-30 01:00:00,1540.3052457007275
2012-05-01 01:00:00,1538.2162341385904
2012-05-02 01:00:00,1536.114020683087
2012-05-03 01:00:00,1534.0057020132301
2012-05-04 01:00:00,1531.900371682217
2012-05-06 01:00:00,1527.722869731347
2012-05-07 01:00:00,1522.249063240666
2012-05-08 01:00:00,1516.736040576096
2012-05-09 01:00:00,1511.1807809404347
2012-05-10 01:00:00,1505.5782228796515
2012-05-11 01:00:00,1499.9229089554653
2012-05-13 01:00:00,1488.4386388841074
2012-05-14 01:00:00,1482.6077131710038
2012-05-15 01:00:00,1476.7203307369614
2012-05-16 01:00:00,1470.7809028338684
2012-05-17 01:00:00,1464.7948464613273
2012-05-18 01:00:00,1458.767856122219
2012-05-20 01:00:00,1446.6123212627797
2012-05-21 01:00:00,1440.493200770465
2012-05-22 01:00:00,1434.3523689254334
2012-05-23 01:00:00,1431.220925642777
2012-05-24 01:00:00,1428.884947616822
2012-05-25 01:00:00,1426.5794619873107
2012-05-27 01:00:00,1420.9004676762781
2012-05-28 01:00:00,1414.3003739766823
2012-05-29 01:00:00,1407.742395967758
2012-05-30 01:00:00,1401.2422079917762
2012-05-31 01:00:00,1394.8130584548571
2012-06-01 01:00:00,1388.4639972135965
2012-06-03 01:00:00,1382.5654968733745
2012-06-04 01:00:00,1381.9240101791272
2012-06-05 01:00:00,1381.323080902298
2012-06-06 01:00:00,1380.7504377715386
2012-06-07 01:00:00,1380.1993270942855
2012-06-08 01:00:00,1379.6685150972125
2012-06-10 01:00:00,1378.6796049892712
2012-06-11 01:00:00,1378.2270681168757
2012-06-12 01:00:00,1377.8000973142534
2012-06-13 01:00:00,1377.3893520263541
2012-06-14 01:00:00,1376.9788557919856
2012-06-15 01:00:00,1376.5470928900413
2012-06-17 01:00:00,1375.5200885347226
2012-06-18 01:00:00,1374.8774499610101
2012-06-19 01:00:00,1374.1252103534184
2012-06-20 01:00:00,1373.2559711698188
2012-06-21 01:00:00,1372.2726028139018
2012-06-22 01:00:00,1371.1883520363992
2012-06-24 01:00:00,1368.8100743116593
2012-06-25 01:00:00,1367.570227863414
2012-06-26 01:00:00,1366.3270052064718
2012-06-27 01:00:00,1365.0908312010822
2012-06-28 01:00:00,1363.8579083019897
2012-06-29 01:00:00,1362.6102164578447
2012-07-01 01:00:00,1359.9516082513749
2012-07-02 01:00:00,1358.4793466100289
2012-07-03 01:00:00,1356.8535642567406
2012-07-04 01:00:00,1354.5920863888077
2012-07-05 01:00:00,1352.1840462029238
2012-07-06 01:00:00,1349.684114561106
2012-07-08 01:00:00,1344.6851371697671
2012-07-09 01:00:00,1342.312148898654
2012-07-10 01:00:00,1340.0759474453716
2012-07-11 01:00:00,1337.9820669027195
2012-07-12 01:00:00,1336.0083109130114
2012-07-13 01:00:00,1334.109814011399
2012-07-15 01:00:00,1330.298888986273
2012-07-16 01:00:00,1328.268522817277
2012-07-17 01:00:00,1326.0986596821776
2012-07-18 01:00:00,1323.7767900093706
2012-07-19 01:00:00,1321.319917076857
2012-07-20 01:00:00,1318.7739783585228
2012-07-22 01:00:00,1313.7005963612082
2012-07-23 01:00:00,1311.3278174333157
2012-07-24 01:00:00,1309.142815645984
2012-07-25 01:00:00,1307.163627151562
2012-07-26 01:00:00,1305.365452937742
2012-07-27 01:00:00,1303.6825399749853
2012-07-29 01:00:00,1300.2679491402137
2012-07-30 01:00:00,1298.3317316031932
2012-07-31 01:00:00,1296.142557649128
2012-08-01 01:00:00,1293.674833237385
2012-08-02 01:00:00,1290.948279338633
2012-08-03 01:00:00,1288.0208556283317
2012-08-05 01:00:00,1281.8914425723754
2012-08-06 01:00:00,1278.8445256548307
2012-08-07 01:00:00,1275.8741754253126
2012-08-08 01:00:00,1272.9853750526836
2012-08-09 01:00:00,1270.1464404978487
2012-08-10 01:00:00,1267.2950340238983
2012-08-12 01:00:00,1261.2197962321832
2012-08-13 01:00:00,1257.8277783040428
2012-08-14 01:00:00,1254.115603797084
2012-08-15 01:00:00,1250.0596906567303
2012-08-16 01:00:00,1246.335943312163
2012-08-17 01:00:00,1242.7783645086763
2012-08-19 01:00:00,1235.2304090049286
2012-08-20 01:00:00,1231.4502937987452
2012-08-21 01:00:00,1227.780031547451
2012-08-22 01:00:00,1224.2577338970875
2012-08-23 01:00:00,1220.8719343360683
2012-08-24 01:00:00,1217.5645049783564
2012-08-26 01:00:00,1210.8106678745198
2012-08-27 01:00:00,1207.1730466694949
2012-08-28 01:00:00,1203.276002447264
2012-08-29 01:00:00,1199.109872426203
2012-08-30 01:00:00,1194.7133221350489
2012-08-31 01:00:00,1190.165106410726
2012-09-02 01:00:00,1181.027535904143
2012-09-03 01:00:00,1176.6349795929389
2012-09-04 01:00:00,1172.450470430776
2012-09-05 01:00:00,1168.4961249244247
2012-09-06 01:00:00,1164.7547955570863
2012-09-07 01:00:00,1161.1753029009765
2012-09-09 01:00:00,1154.1907513915776
2012-09-10 01:00:00,1150.6183505366098
2012-09-11 01:00:00,1146.9023036887697
2012-09-12 01:00:00,1143.010264665439
2012-09-13 01:00:00,1138.9481674151286
2012-09-14 01:00:00,1134.7612515485057
2012-09-16 01:00:00,1126.3421082265543
2012-09-17 01:00:00,1122.3001091919532
2012-09-18 01:00:00,1118.473177002697
2012-09-19 01:00:00,1114.8942348716278
2012-09-20 01:00:00,1111.5495376738393
2012-09-21 01:00:00,1108.38190751508
2012-09-23 01:00:00,1102.2200177867965
2012-09-24 01:00:00,1099.043776287561
2012-09-25 01:00:00,1095.7198137260143
2012-09-26 01:00:00,1092.2318552089419
2012-09-27 01:00:00,1088.604270866249
2012-09-28 01:00:00,1084.8944504585768
2012-09-30 01:00:00,1077.5392500353269
2012-10-01 01:00:00,1074.0436610589284
2012-10-02 01:00:00,1070.7394553762665
2012-10-03 01:00:00,1068.2734888357793
2012-10-04 01:00:00,1066.8211557595278
2012-10-05 01:00:00,1065.4800541774105
2012-10-07 01:00:00,1067.4451504446608
2012-10-08 01:00:00,1068.9013376368378
2012-10-09 01:00:00,1070.2980806250985
2012-10-10 01:00:00,1071.616692600992
2012-10-11 01:00:00,1072.8546711337842
2012-10-12 01:00:00,1074.0265115024022
2012-10-14 01:00:00,1076.295937066357
2012-10-15 01:00:00,1077.4688847812035
2012-10-16 01:00:00,1078.7096560392908
2012-10-17 01:00:00,1080.032675834438
2012-10-18 01:00:00,1081.43379514065
2012-10-19 01:00:00,1082.891621043328
2012-10-21 01:00:00,1085.8405334767567
2012-10-22 01:00:00,1087.261590507915
2012-10-23 01:00:00,1088.6136032191107
2012-10-24 01:00:00,1089.8877457328688
2012-10-25 01:00:00,1091.088504628824
2012-10-26 01:00:00,1093.618969650649
2012-10-28 01:00:00,1099.9915842058817
2012-10-29 00:00:00,1102.0878103396687
2012-10-30 00:00:00,1103.3016870937593
2012-10-31 00:00:00,1104.3403878703134
2012-11-01 00:00:00,1105.1802277660006
2012-11-02 00:00:00,1105.7928138237146
2012-11-04 00:00:00,1106.2039641958117
2012-11-05 00:00:00,1105.9304513962272
2012-11-06 00:00:00,1105.2882704860729
2012-11-07 00:00:00,1104.2418704994036
2012-11-08 00:00:00,1102.7588826878891
2012-11-09 00:00:00,1100.812039418859
2012-11-11 00:00:00,1095.456647517526
2012-11-12 00:00:00,1092.0405834120945
2012-11-13 00:00:00,1088.1520069914386
2012-11-14 00:00:00,1083.8293613909616
2012-11-15 00:00:00,1079.1334423463998
2012-11-16 00:00:00,1074.1485716742238
2012-11-18 00:00:00,1065.3977908409252
2012-11-19 00:00:00,1062.900843930846
2012-11-20 00:00:00,1060.4749805185243
2012-11-21 00:00:00,1058.1654002669143
2012-11-22 00:00:00,1056.0108164871765
2012-11-23 00:00:00,1054.0396982222092
2012-11-25 00:00:00,1050.7001992232522
2012-11-26 00:00:00,1049.3286321276537
2012-11-27 00:00:00,1048.1385918497808
2012-11-28 00:00:00,1049.2487748010271
2012-11-29 00:00:00,1050.6225876829594
2012-11-30 00:00:00,1052.1226767263843
2012-12-02 00:00:00,1055.4538718147764
2012-12-03 00:00:00,1057.2759345832205
2012-12-04 00:00:00,1059.2047653387422
2012-12-05 00:00:00,1061.2451547616015
2012-12-06 00:00:00,1063.400132970974
2012-12-07 00:00:00,1065.6672512021707
2012-12-09 00:00:00,1073.3660765295201
2012-12-10 00:00:00,1078.329777560607
2012-12-11 00:00:00,1083.397594942501
2012-12-12 00:00:00,1088.5458365584118
2012-12-13 00:00:00,1093.8924509738877
2012-12-14 00:00:00,1101.7279853379302
2012-12-16 00:00:00,1117.6274004847755
2012-12-17 00:00:00,1125.656685352982
2012-12-18 00:00:00,1133.0853445491564
2012-12-19 00:00:00,1138.0099469001293
2012-12-20 00:00:00,1142.9244352889243
2012-12-21 00:00:00,1147.8285185910813
2012-12-23 00:00:00,1157.6289283359822
2012-12-24 00:00:00,1160.2265443228603
2012-12-26 00:00:00,1164.6984729517117
2012-12-27 00:00:00,1166.9991287637065
2012-12-28 00:00:00,1169.3466212189542
2012-12-30 00:00:00,1174.1630636957454
2012-12-31 00:00:00,1176.6110925335552
2013-01-01 00:00:00,1179.0669596577577
2013-01-02 00:00:00,1181.5164625046461
2013-01-03 00:00:00,1183.948495687152
2013-01-04 00:00:00,1186.3575306363048
2013-01-06 00:00:00,1191.1208736290205
2013-01-07 00:00:00,1193.499821576198
2013-01-08 00:00:00,1195.9008498045032
2013-01-09 00:00:00,1198.3420705532867
2013-01-10 00:00:00,1200.8367749893932
2013-01-11 00:00:00,1203.3900317368607
2013-01-13 00:00:00,1208.6452304117936
2013-01-14 00:00:00,1211.3152651540265
2013-01-15 00:00:00,1213.9878294070227
2013-01-16 00:00:00,1216.6470477032099
2013-01-17 00:00:00,1219.2840383202683
2013-01-18 00:00:00,1221.8984180157659
2013-01-20 00:00:00,1227.0967857110438
2013-01-21 00:00:00,1229.7125743805827
2013-01-22 00:00:00,1232.363472834156
2013-01-23 00:00:00,1235.0650569541654
2013-01-24 00:00:00,1237.8277653194245
2013-01-25 00:00:00,1240.6550628874852
2013-01-27 00:00:00,1246.4783972157247
2013-01-28 00:00:00,1249.4445892384463
2013-01-29 00:00:00,1252.4198760798483
2013-01-30 00:00:00,1255.3831107412439
2013-01-31 00:00:00,1258.3170020839286
2013-02-01 00:00:00,1261.2113365527705
2013-02-03 00:00:00,1266.8858547542723
2013-02-04 00:00:00,1269.6894594946914
2013-02-05 00:00:00,1272.4948007847026
2013-02-06 00:00:00,1275.3197006143514
2013-02-07 00:00:00,1278.1756789718759
2013-02-08 00:00:00,1281.064036306459
2013-02-10 00:00:00,1288.9412223134893
2013-02-11 00:00:00,1293.3551311251986
2013-02-12 00:00:00,1297.5902986088847
2013-02-13 00:00:00,1301.596488915948
2013-02-14 00:00:00,1305.3286271557145
2013-02-15 00:00:00,1308.7492478379208
2013-02-17 00:00:00,1314.5461751381508
2013-02-18 00:00:00,1316.8840104825613
2013-02-19 00:00:00,1318.829330408846
2013-02-20 00:00:00,1320.3700118586019
2013-02-21 00:00:00,1321.4934631722958
2013-02-22 00:00:00,1322.1858252971588
2013-02-24 00:00:00,1322.2183542144674
2013-02-25 00:00:00,1321.5330646859063
2013-02-26 00:00:00,1320.3722535243605
2013-02-27 00:00:00,1320.3821755745396
2013-02-28 00:00:00,1321.1365074654393
2013-03-01 00:00:00,1321.7279139408547
2013-03-03 00:00:00,1322.5130354768614
2013-03-04 00:00:00,1322.7790516324617
2013-03-05 00:00:00,1323.019688336961
2013-03-06 00:00:00,1323.2796533515489
2013-03-07 00:00:00,1323.5975497847867
2013-03-08 00:00:00,1327.5665049306908
2013-03-10 00:00:00,1337.2116067238298
2013-03-11 00:00:00,1341.9449940418092
2013-03-12 00:00:00,1346.5801651004745
2013-03-13 00:00:00,1351.0936221016177
2013-03-14 00:00:00,1355.469945886054
2013-03-15 00:00:00,1359.703116296378
2013-03-17 00:00:00,1367.7601783836662
2013-03-18 00:00:00,1371.6108770207243
2013-03-19 00:00:00,1375.3668654363241
2013-03-20 00:00:00,1379.0462723389828
2013-03-21 00:00:00,1382.66431487623
2013-03-22 00:00:00,1386.2313494872305
2013-03-24 00:00:00,1393.2239193083365
2013-03-25 00:00:00,1396.6411248493403
2013-03-26 00:00:00,1399.9936373533121
2013-03-27 00:00:00,1403.2712355582366
2013-03-28 00:00:00,1406.4659708354243
2013-03-31 00:00:00,1415.5496961468748
2013-04-01 01:00:00,1418.5575743165573
2013-04-02 01:00:00,1421.3990823536087
2013-04-03 01:00:00,1424.2104779628473
2013-04-04 01:00:00,1427.0031320356372
2013-04-05 01:00:00,1429.7829359016082
2013-04-07 01:00:00,1435.298508911298
2013-04-08 01:00:00,1438.8246690025398
2013-04-09 01:00:00,1442.4702086972136
2013-04-10 01:00:00,1446.0720899597752
2013-04-11 01:00:00,1449.6248579008882
2013-04-12 01:00:00,1453.126713086287
2013-04-14 01:00:00,1459.9881950291278
2013-04-15 01:00:00,1463.3596087333544
2013-04-16 01:00:00,1466.701365707594
2013-04-17 01:00:00,1470.020511919985
2013-04-18 01:00:00,1473.3224309253706
2013-04-19 01:00:00,1476.6100577631262
2013-04-21 01:00:00,1483.1403430984415
2013-04-22 01:00:00,1486.375950115458
2013-04-23 01:00:00,1487.6648832539581
2013-04-24 01:00:00,1488.221126821539
2013-04-25 01:00:00,1488.7412537581715
2013-04-26 01:00:00,1489.223114507559
2013-04-28 01:00:00,1490.0746488130756
2013-04-29 01:00:00,1490.2059896502612
2013-04-30 01:00:00,1488.108524350434
2013-05-01 01:00:00,1485.980173919809
2013-05-02 01:00:00,1482.443532292028
2013-05-03 01:00:00,1478.6199362914763
2013-05-05 01:00:00,1470.8915552362826
2013-05-06 01:00:00,1464.4898778342051
2013-05-07 01:00:00,1456.2463428208803
2013-05-08 01:00:00,1448.003780904164
2013-05-09 01:00:00,1442.4316253885231
2013-05-10 01:00:00,1435.8725025870554
2013-05-12 01:00:00,1415.9839552349865
2013-05-13 01:00:00,1405.9912836040635
2013-05-14 01:00:00,1394.7708938438764
2013-05-15 01:00:00,1383.2778208789584
2013-05-16 01:00:00,1371.8146640866114
2013-05-17 01:00:00,1360.4107810086948
2013-05-19 01:00:00,1337.8851475221295
2013-05-20 01:00:00,1326.7974975497018
2013-05-21 01:00:00,1315.8321239614888
2013-05-22 01:00:00,1304.979844177489
2013-05-23 01:00:00,1294.224183130382
2013-05-24 01:00:00,1283.5469891501148
2013-05-26 01:00:00,1263.773854154878
2013-05-27 01:00:00,1254.5375734197976
2013-05-28 01:00:00,1247.5492234230069
2013-05-29 01:00:00,1241.8967097427005
2013-05-30 01:00:00,1237.7711822671415
2013-05-31 01:00:00,1233.6715629487667
2013-06-02 01:00:00,1225.5915996350752
2013-06-03 01:00:00,1221.5849053153047
2013-06-04 01:00:00,1217.5561320935278
2013-06-05 01:00:00,1213.461020551561
2013-06-06 01:00:00,1209.2557393868033
2013-06-07 01:00:00,1204.9044579679007
2013-06-09 01:00:00,1195.6953731099684
2013-06-10 01:00:00,1190.8500308512641
2013-06-11 01:00:00,1185.8833306562549
2013-06-12 01:00:00,1180.8424150497108
2013-06-13 01:00:00,1175.7804902179787
2013-06-14 01:00:00,1170.7477629904854
2013-06-16 01:00:00,1160.8995981783778
2013-06-17 01:00:00,1156.0915133163726
2013-06-18 01:00:00,1151.3213477717488
2013-06-19 01:00:00,1146.530688909958
2013-06-20 01:00:00,1141.6491142290552
2013-06-21 01:00:00,1136.6083913273842
2013-06-23 01:00:00,1129.2672223105726
2013-06-24 01:00:00,1125.5489723401593
2013-06-25 01:00:00,1121.8236150442237
2013-06-26 01:00:00,1118.1670735964738
2013-06-27 01:00:00,1114.6583281449894
2013-06-28 01:00:00,1111.35978493722
2013-06-30 01:00:00,1105.480951879414
2013-07-01 01:00:00,1102.853022297853
2013-07-02 01:00:00,1100.3509622711274
2013-07-03 01:00:00,1097.8932018168307
2013-07-04 01:00:00,1095.3985771356545
2013-07-05 01:00:00,1092.7991516086772
2013-07-07 01:00:00,1087.1368500101673
2013-07-08 01:00:00,1084.0751744420015
2013-07-09 01:00:00,1080.9099534952468
2013-07-10 01:00:00,1077.7067095487055
2013-07-11 01:00:00,1074.5403313489571
2013-07-12 01:00:00,1071.4812415012495
2013-07-14 01:00:00,1065.861688968282
2013-07-15 01:00:00,1063.3060336257115
2013-07-16 01:00:00,1060.8594589411182
2013-07-17 01:00:00,1058.4357522825353
2013-07-18 01:00:00,1055.9314935850207
2013-07-19 01:00:00,1053.2455499044852
2013-07-21 01:00:00,1047.0594622816884
2013-07-22 01:00:00,1043.5376544298588
2013-07-23 01:00:00,1040.4561354687469
2013-07-24 01:00:00,1037.4947652981507
2013-07-25 01:00:00,1034.5113100589494
2013-07-26 01:00:00,1031.5906400188776
2013-07-28 01:00:00,1026.08533985006
2013-07-29 01:00:00,1023.463217748761
2013-07-30 01:00:00,1020.8416867818494
2013-07-31 01:00:00,1018.1307471168127
2013-08-01 01:00:00,1015.2404728379666
2013-08-02 01:00:00,1012.0968478979628
2013-08-04 01:00:00,1004.9035878590021
2013-08-05 01:00:00,1000.8740364547742
2013-08-06 01:00:00,996.6299765774779
2013-08-07 01:00:00,992.2614698345366
2013-08-08 01:00:00,987.870553648269
2013-08-09 01:00:00,983.5549136184756
2013-08-11 01:00:00,975.4236987774017
2013-08-12 01:00:00,971.6524416534808
2013-08-13 01:00:00,968.0367746916168
2013-08-14 01:00:00,964.5009517827359
2013-08-15 01:00:00,960.9496704266718
2013-08-16 01:00:00,957.2884384299558
2013-08-18 01:00:00,949.3888528525071
2013-08-19 01:00:00,945.1378914131465
2013-08-20 01:00:00,940.7578621586132
2013-08-21 01:00:00,936.3462676505569
2013-08-22 01:00:00,932.0091957426578
2013-08-23 01:00:00,927.8371594379672
2013-08-25 01:00:00,920.16962615382
2013-08-26 01:00:00,916.6573420605775
2013-08-27 01:00:00,913.286771990448
2013-08-28 01:00:00,909.9760708681971
2013-08-29 01:00:00,906.6401779712075
2013-08-30 01:00:00,903.205877888506
2013-09-01 01:00:00,895.8775448556858
2013-09-02 01:00:00,891.9840333697105
2013-09-03 01:00:00,887.9929130389364
2013-09-04 01:00:00,883.977111669964
2013-09-05 01:00:00,880.0206671226902
2013-09-06 01:00:00,876.2041516810717
2013-09-08 01:00:00,869.2128492738165
2013-09-09 01:00:00,866.0693277856483
2013-09-10 01:00:00,863.121743787153
2013-09-11 01:00:00,860.3031762278151
2013-09-12 01:00:00,857.5308982799842
2013-09-13 01:00:00,854.7233630499594
2013-09-15 01:00:00,848.782725047708
2013-09-16 01:00:00,845.626957152552
2013-09-17 01:00:00,842.3939806112419
2013-09-18 01:00:00,839.5243948214239
2013-09-19 01:00:00,838.2609442449826
2013-09-20 01:00:00,840.142695212867
2013-09-22 01:00:00,844.06875217767
2013-09-23 01:00:00,846.1127044910421
2013-09-24 01:00:00,848.2018524735882
2013-09-25 01:00:00,850.3256515713623
2013-09-26 01:00:00,852.4728612920453
2013-09-27 01:00:00,854.6335956492104
2013-09-29 01:00:00,858.9725058502523
2013-09-30 01:00:00,861.150019912392
2013-10-01 01:00:00,863.3398293150756
2013-10-02 01:00:00,865.551446247518
2013-10-03 01:00:00,867.7960687805788
2013-10-04 01:00:00,870.0847681521929
2013-10-06 01:00:00,875.0687724904415
2013-10-07 01:00:00,879.735166494365
2013-10-08 01:00:00,884.3514960050562
2013-10-09 01:00:00,889.3123157187622
2013-10-10 01:00:00,895.5619856995178
2013-10-11 01:00:00,901.6774733962901
2013-10-13 01:00:00,913.4696723807768
2013-10-14 01:00:00,919.1153999435991
2013-10-15 01:00:00,924.5651525742925
2013-10-16 01:00:00,929.7922979068571
2013-10-17 01:00:00,934.7681439525496
2013-10-18 01:00:00,939.4633683954721
2013-10-20 01:00:00,947.897455981753
2013-10-21 01:00:00,951.5820371912223
2013-10-22 01:00:00,954.8779929865317
2013-10-23 01:00:00,957.7625830193701
2013-10-24 01:00:00,960.2161157838648
2013-10-25 01:00:00,962.22358048921
2013-10-27 01:00:00,964.8787270640644
2013-10-28 00:00:00,965.526507258987
2013-10-29 00:00:00,965.8055733934157
2013-10-30 00:00:00,966.105837557326
2013-10-31 00:00:00,968.4303506232043
2013-11-01 00:00:00,970.6861976196194
2013-11-03 00:00:00,975.1424810809626
2013-11-04 00:00:00,979.2152404900442
2013-11-05 00:00:00,983.8170229923915
2013-11-06 00:00:00,988.2672738930931
2013-11-07 00:00:00,992.5382490040067
2013-11-08 00:00:00,996.6112676624446
2013-11-10 00:00:00,1004.1310380656189
2013-11-11 00:00:00,1007.5777032288772
2013-11-12 00:00:00,1010.8220088772287
2013-11-13 00:00:00,1013.8708977642419
2013-11-14 00:00:00,1016.7315836421731
2013-11-15 00:00:00,1019.4112030034429
2013-11-17 00:00:00,1024.256720904797
2013-11-18 00:00:00,1026.4392627083362
2013-11-19 00:00:00,1028.4749306548774
2013-11-20 00:00:00,1032.280600542324
2013-11-21 00:00:00,1036.5511064424893
2013-11-22 00:00:00,1040.8340692757758
2013-11-24 00:00:00,1049.3633741793053
2013-11-25 00:00:00,1053.5775786615197
2013-11-26 00:00:00,1057.7423670145918
2013-11-27 00:00:00,1064.2692913599458
2013-11-28 00:00:00,1070.9857306129084
2013-11-29 00:00:00,1076.9185063917512
2013-12-01 00:00:00,1087.2897389245481
2013-12-02 00:00:00,1092.490220424102
2013-12-03 00:00:00,1097.6954000492415
2013-12-04 00:00:00,1102.8950736583306
2013-12-05 00:00:00,1108.0737370561858
2013-12-06 00:00:00,1113.2123091217825
2013-12-08 00:00:00,1123.2933756992068
2013-12-09 00:00:00,1128.2080754788929
2013-12-10 00:00:00,1133.031376581682
2013-12-11 00:00:00,1137.7663862760096
2013-12-12 00:00:00,1142.421425329033
2013-12-13 00:00:00,1147.0074377380172
2013-12-15 00:00:00,1156.0125399566502
2013-12-16 00:00:00,1160.4428728609228
2013-12-17 00:00:00,1164.823691543928
2013-12-18 00:00:00,1169.1466617448082
2013-12-19 00:00:00,1173.3983756082457
2013-12-20 00:00:00,1177.5619881333137
2013-12-22 00:00:00,1185.5544254243632
2013-12-23 00:00:00,1189.3543596877773
2013-12-24 00:00:00,1193.0131908701317
2013-12-26 00:00:00,1199.921224560159
2013-12-27 00:00:00,1203.1955827326128
2013-12-29 00:00:00,1209.4824088239397
2013-12-30 00:00:00,1212.5337939069886
2013-12-31 00:00:00,1215.5409550363588
2014-01-01 00:00:00,1218.5059799441772
2014-01-02 00:00:00,1221.4218212455116
2014-01-03 00:00:00,1224.27506556688
2014-01-05 00:00:00,1223.6957544688335
2014-01-06 00:00:00,1222.7442060962255
2014-01-07 00:00:00,1221.7006236788795
2014-01-08 00:00:00,1220.985616094253
2014-01-09 00:00:00,1224.3303543700551
2014-01-10 00:00:00,1227.6950928867027
2014-01-12 00:00:00,1234.5723969468254
2014-01-13 00:00:00,1238.115401634069
2014-01-14 00:00:00,1241.7349614873438
2014-01-15 00:00:00,1245.4252425023187
2014-01-16 00:00:00,1249.172394502891
2014-01-17 00:00:00,1252.9565065300196
2014-01-19 00:00:00,1260.5422742286792
2014-01-20 00:00:00,1264.2994170290483
2014-01-21 00:00:00,1268.0096583017594
2014-01-22 00:00:00,1271.663004230068
2014-01-23 00:00:00,1275.2554724351676
2014-01-24 00:00:00,1278.7875684691728
2014-01-26 00:00:00,1285.676524384555
2014-01-27 00:00:00,1289.0256420715443
2014-01-28 00:00:00,1292.290088894493
2014-01-29 00:00:00,1295.4372223959108
2014-01-30 00:00:00,1298.4202366387142
2014-01-31 00:00:00,1301.1810691961002
2014-02-02 00:00:00,1305.7841917785495
2014-02-03 00:00:00,1307.510900628415
2014-02-04 00:00:00,1308.7950610500243
2014-02-05 00:00:00,1309.6094040483688
2014-02-06 00:00:00,1309.94042852806
2014-02-07 00:00:00,1309.7868649413008
2014-02-09 00:00:00,1308.0714349282928
2014-02-10 00:00:00,1306.553673064742
2014-02-11 00:00:00,1304.6383727822708
2014-02-12 00:00:00,1302.3672649239606
2014-02-13 00:00:00,1299.790323748386
2014-02-14 00:00:00,1296.9658877559446
2014-02-16 00:00:00,1290.846752941034
2014-02-17 00:00:00,1287.7036767123263
2014-02-18 00:00:00,1284.6121608612857
2014-02-19 00:00:00,1281.6532376627927
2014-02-20 00:00:00,1278.9048579286275
2014-02-21 00:00:00,1276.4388254709631
2014-02-23 00:00:00,1272.5921322559086
2014-02-24 00:00:00,1271.2977507379503
2014-02-25 00:00:00,1270.4538407290138
2014-02-26 00:00:00,1270.0625746755138
2014-02-27 00:00:00,1270.1105561014863
2014-02-28 00:00:00,1270.572296240234
2014-03-02 00:00:00,1272.6069652037052
2014-03-03 00:00:00,1274.1172442871589
2014-03-04 00:00:00,1275.9240609755193
2014-03-05 00:00:00,1278.0129477485978
2014-03-06 00:00:00,1280.376171299887
2014-03-07 00:00:00,1283.0103891562744
2014-03-09 00:00:00,1289.0837908206543
2014-03-10 00:00:00,1292.5143986022022
2014-03-11 00:00:00,1296.195676125693
2014-03-12 00:00:00,1300.113211330173
2014-03-13 00:00:00,1304.24885533715
2014-03-14 00:00:00,1308.5821082388413
2014-03-16 00:00:00,1317.7587146455635
2014-03-17 00:00:00,1322.5659464458872
2014-03-18 00:00:00,1327.5015729827542
2014-03-19 00:00:00,1332.5586222079776
2014-03-20 00:00:00,1337.7351327580132
2014-03-21 00:00:00,1343.0333245923796
2014-03-23 00:00:00,1354.0151136985216
2014-03-24 00:00:00,1359.7086138772002
2014-03-25 00:00:00,1365.5397004760896
2014-03-26 00:00:00,1371.505231838067
2014-03-27 00:00:00,1377.5978341942161
2014-03-28 00:00:00,1383.8070416866121
2014-03-30 00:00:00,1396.529258644357
2014-03-31 01:00:00,1403.296193233046
2014-04-01 01:00:00,1409.874545581746
2014-04-02 01:00:00,1416.5327693803024
2014-04-03 01:00:00,1423.272469874483
2014-04-04 01:00:00,1430.0967399148992
2014-04-06 01:00:00,1444.0112749570276
2014-04-07 01:00:00,1451.10473441759
2014-04-08 01:00:00,1458.2881292086631
2014-04-09 01:00:00,1465.5585535720825
2014-04-10 01:00:00,1472.9117910970447
2014-04-11 01:00:00,1480.3429911129272
2014-04-13 01:00:00,1495.4208901180434
2014-04-14 01:00:00,1503.060490226198
2014-04-15 01:00:00,1510.7643073536415
2014-04-16 01:00:00,1518.5313606396935
2014-04-17 01:00:00,1523.6816770663615
2014-04-20 01:00:00,1533.4599305917234
2014-04-21 01:00:00,1536.7568605223678
2014-04-22 01:00:00,1540.0679668650973
2014-04-23 01:00:00,1541.5519560388918
2014-04-24 01:00:00,1540.7001678795314
2014-04-25 01:00:00,1539.8256927505736
2014-04-27 01:00:00,1538.010127912213
2014-04-28 01:00:00,1537.0683409109713
2014-04-29 01:00:00,1536.1039035915562
2014-04-30 01:00:00,1535.1184274365162
2014-05-01 01:00:00,1534.1155678510336
2014-05-02 01:00:00,1533.101249416755
2014-05-04 01:00:00,1526.6692662293904
2014-05-05 01:00:00,1521.369022071088
2014-05-06 01:00:00,1516.1520596582682
2014-05-07 01:00:00,1511.0350371735435
2014-05-08 01:00:00,1506.031351297346
2014-05-09 01:00:00,1501.150579826109
2014-05-11 01:00:00,1491.777458270996
2014-05-12 01:00:00,1485.6408863374818
2014-05-13 01:00:00,1478.7869533014073
2014-05-14 01:00:00,1472.0879547177828
2014-05-15 01:00:00,1465.5463486691924
2014-05-16 01:00:00,1459.1678680727814
2014-05-18 01:00:00,1446.9400022890068
2014-05-19 01:00:00,1441.1155778834086
2014-05-20 01:00:00,1435.5001548658872
2014-05-21 01:00:00,1430.1018699681683
2014-05-22 01:00:00,1424.9237955607541
2014-05-23 01:00:00,1419.963690040424
2014-05-25 01:00:00,1410.6690358116093
2014-05-26 01:00:00,1406.3171270215498
2014-05-27 01:00:00,1402.1533533056327
2014-05-28 01:00:00,1396.5176855459542
2014-05-29 01:00:00,1390.2295579777544
2014-05-30 01:00:00,1384.0883976904888
2014-06-01 01:00:00,1372.386401708102
2014-06-02 01:00:00,1366.9087892807704
2014-06-03 01:00:00,1361.731221691805
2014-06-04 01:00:00,1356.879132669165
2014-06-05 01:00:00,1352.3618959912687
2014-06-06 01:00:00,1348.1707569746527
2014-06-08 01:00:00,1340.6482464477724
2014-06-09 01:00:00,1337.2287873600526
2014-06-10 01:00:00,1333.9727534759877
2014-06-11 01:00:00,1330.8394873766476
2014-06-12 01:00:00,1327.8033495590676
2014-06-13 01:00:00,1324.8582567183857
2014-06-15 01:00:00,1314.6687023712411
2014-06-16 01:00:00,1309.65477814009
2014-06-17 01:00:00,1304.8280564846634
2014-06-18 01:00:00,1300.1908509862826
2014-06-19 01:00:00,1295.7183307083958
2014-06-20 01:00:00,1291.3586163241303
2014-06-22 01:00:00,1282.6754642241342
2014-06-23 01:00:00,1278.1863611484018
2014-06-24 01:00:00,1273.5016230638232
2014-06-25 01:00:00,1268.5717628972611
2014-06-26 01:00:00,1263.3720011543573
2014-06-27 01:00:00,1257.902409691037
2014-06-29 01:00:00,1246.2528667548584
2014-06-30 01:00:00,1240.1496261431962
2014-07-01 01:00:00,1233.9121497556969
2014-07-02 01:00:00,1227.5664613149427
2014-07-03 01:00:00,1221.1209847598266
2014-07-04 01:00:00,1214.5636922709316
2014-07-06 01:00:00,1200.970767682575
2014-07-07 01:00:00,1193.8319521355506
2014-07-08 01:00:00,1186.3918417546452
2014-07-09 01:00:00,1178.6077766773387
2014-07-10 01:00:00,1170.4585424475308
2014-07-11 01:00:00,1161.9507654635254
2014-07-13 01:00:00,1144.022455850814
2014-07-14 01:00:00,1134.7695567758135
2014-07-15 01:00:00,1126.5573675163987
2014-07-16 01:00:00,1118.172349859135
2014-07-17 01:00:00,1109.6198994739277
2014-07-18 01:00:00,1100.895653347602
2014-07-20 01:00:00,1082.8814230023663
2014-07-21 01:00:00,1073.5619711950153
2014-07-22 01:00:00,1064.0201928213014
2014-07-23 01:00:00,1054.2545782888274
2014-07-24 01:00:00,1044.272965740821
2014-07-25 01:00:00,1034.0925479998123
2014-07-27 01:00:00,1013.2415051160945
2014-07-28 01:00:00,1002.634711351621
2014-07-29 01:00:00,991.9504530662373
2014-07-30 01:00:00,981.2173619517808
2014-07-31 01:00:00,970.4581616450034
2014-08-01 01:00:00,959.6884416683623
2014-08-03 01:00:00,939.0022837601425
2014-08-04 01:00:00,931.9537902164931
2014-08-05 01:00:00,924.9048266157931
2014-08-06 01:00:00,917.8448103494695
2014-08-07 01:00:00,910.7690540504366
2014-08-08 01:00:00,903.680928815135
2014-08-10 01:00:00,889.5216224765694
2014-08-11 01:00:00,882.49040464978
2014-08-12 01:00:00,875.5180755270788
2014-08-13 01:00:00,868.6177135655157
2014-08-14 01:00:00,861.7933667134334
2014-08-15 01:00:00,855.0397882591495
2014-08-17 01:00:00,841.6904817853584
2014-08-18 01:00:00,835.0612038414179
2014-08-19 01:00:00,830.1019967781613
2014-08-20 01:00:00,825.5076750018335
2014-08-21 01:00:00,820.9165123547943
2014-08-22 01:00:00,816.3334986164408
2014-08-24 01:00:00,807.236829088321
2014-08-25 01:00:00,802.7516373561714
2014-08-26 01:00:00,798.5879236763283
2014-08-27 01:00:00,795.3664789892118
2014-08-28 01:00:00,792.2221863745893
2014-08-29 01:00:00,789.1541520507205
2014-08-31 01:00:00,783.2174193855997
2014-09-01 01:00:00,780.3248914479612
2014-09-02 01:00:00,777.4650104909799
2014-09-03 01:00:00,774.6264823285011
2014-09-04 01:00:00,771.8025093112309
2014-09-05 01:00:00,768.9923044875947
2014-09-07 01:00:00,763.4401975569795
2014-09-08 01:00:00,760.721882379964
2014-09-09 01:00:00,758.0588214001365
2014-09-10 01:00:00,755.4598613281164
2014-09-11 01:00:00,752.9285345115334
2014-09-12 01:00:00,750.4627972777419
2014-09-14 01:00:00,745.6997785230957
2014-09-15 01:00:00,743.384616791618
2014-09-16 01:00:00,741.1036353653967
2014-09-17 01:00:00,739.5629355020944
2014-09-18 01:00:00,739.6653845404887
2014-09-19 01:00:00,739.768718613981
2014-09-21 01:00:00,739.9464136382651
2014-09-22 01:00:00,740.0012298868131
2014-09-23 01:00:00,740.0204385882521
2014-09-24 01:00:00,739.9960395810959
2014-09-25 01:00:00,739.9221556001426
2014-09-26 01:00:00,739.7951564787065
2014-09-28 01:00:00,739.3762857090585
2014-09-29 01:00:00,739.0838275995228
2014-09-30 01:00:00,738.735065601701
2014-10-01 01:00:00,738.3273539412312
2014-10-02 01:00:00,737.8556534649177
2014-10-03 01:00:00,737.3123762828643
2014-10-05 01:00:00,735.9711797066244
2014-10-06 01:00:00,735.1518858520204
2014-10-07 01:00:00,734.2209819259313
2014-10-08 01:00:00,733.1722193400337
2014-10-09 01:00:00,732.0027907730819
2014-10-10 01:00:00,730.713663462815
2014-10-12 01:00:00,727.7996368189741
2014-10-13 01:00:00,726.1964392465069
2014-10-14 01:00:00,724.517358880426
2014-10-15 01:00:00,722.7842537391504
2014-10-16 01:00:00,722.9587012938138
2014-10-17 01:00:00,723.6989619046211
2014-10-19 01:00:00,731.5623976858304
2014-10-20 01:00:00,737.1023065985687
2014-10-21 01:00:00,743.3909694745176
2014-10-22 01:00:00,750.2801260115483
2014-10-23 01:00:00,756.6891030809959
2014-10-24 01:00:00,762.581033429536
2014-10-26 01:00:00,772.7538872437834
2014-10-27 00:00:00,776.873991606211
2014-10-28 00:00:00,780.6722157690521
2014-10-29 00:00:00,783.9865964406384
2014-10-30 00:00:00,786.8502116685985
2014-10-31 00:00:00,789.3010886801325
2014-11-02 00:00:00,796.7502754056313
2014-11-03 00:00:00,800.3795115742819
2014-11-04 00:00:00,803.9495217132358
2014-11-05 00:00:00,807.4978901533514
2014-11-06 00:00:00,811.056788947447
2014-11-07 00:00:00,814.6478879180174
2014-11-09 00:00:00,821.9457595550487
2014-11-10 00:00:00,825.6300312331234
2014-11-11 00:00:00,829.3083304502848
2014-11-12 00:00:00,832.9554990836823
2014-11-13 00:00:00,836.5508860114023
2014-11-14 00:00:00,842.2648676662192
2014-11-16 00:00:00,853.7008952360845
2014-11-17 00:00:00,859.3738961991937
2014-11-18 00:00:00,865.0600271552867
2014-11-19 00:00:00,870.7966346588198
2014-11-20 00:00:00,876.6178270507521
2014-11-21 00:00:00,882.548188945445
2014-11-23 00:00:00,894.756979368786
2014-11-24 00:00:00,901.00013217709
2014-11-25 00:00:00,907.2858121258664
2014-11-26 00:00:00,913.5666059593423
2014-11-27 00:00:00,922.4168819380595
2014-11-28 00:00:00,931.4970515232761
2014-11-30 00:00:00,949.4159510165621
2014-12-01 00:00:00,958.3122294196974
2014-12-02 00:00:00,967.2315326939946
2014-12-03 00:00:00,976.2273719962728
2014-12-04 00:00:00,985.3435275795873
2014-12-05 00:00:00,994.6052436962509
2014-12-07 00:00:00,1013.5495598047966
2014-12-08 00:00:00,1023.1700934375513
2014-12-09 00:00:00,1032.8242295527687
2014-12-10 00:00:00,1042.4584539779362
2014-12-11 00:00:00,1052.0270768455966
2014-12-12 00:00:00,1061.5001587022884
2014-12-14 00:00:00,1080.1455542260674
2014-12-15 00:00:00,1089.364548961606
2014-12-16 00:00:00,1098.5739367324368
2014-12-17 00:00:00,1107.8291325092007
2014-12-18 00:00:00,1117.1830995686914
2014-12-19 00:00:00,1126.676442575971
2014-12-21 00:00:00,1146.132349795036
2014-12-22 00:00:00,1156.0525275822715
2014-12-23 00:00:00,1166.031987844518
2014-12-24 00:00:00,1176.002979026666
2014-12-25 00:00:00,1185.9026490148115
2014-12-26 00:00:00,1195.6882046695534
2014-12-28 00:00:00,1214.9011760493577
2014-12-29 00:00:00,1224.398409762115
2014-12-30 00:00:00,1233.9039267798657
2014-12-31 00:00:00,1243.4840752557818
2015-01-01 00:00:00,1253.1926516061194
2015-01-02 00:00:00,1262.738797843614
2015-01-04 00:00:00,1279.482051134637
2015-01-05 00:00:00,1287.9967500975604
2015-01-06 00:00:00,1296.5257662666354
2015-01-07 00:00:00,1305.0011744287617
2015-01-08 00:00:00,1313.3622135171788
2015-01-09 00:00:00,1321.5640692771562
2015-01-11 00:00:00,1337.4209349686412
2015-01-12 00:00:00,1345.098317083012
2015-01-13 00:00:00,1352.6542280614112
2015-01-14 00:00:00,1360.135783641602
2015-01-15 00:00:00,1367.5888497962806
2015-01-16 00:00:00,1375.0475299633968
2015-01-18 00:00:00,1390.0049935308136
2015-01-19 00:00:00,1397.4443779517123
2015-01-20 00:00:00,1403.5777815458182
2015-01-21 00:00:00,1407.9845216879949
2015-01-22 00:00:00,1412.1255099153213
2015-01-23 00:00:00,1415.9488270822276
2015-01-25 00:00:00,1422.6105886180417
2015-01-26 00:00:00,1425.5253004618874
2015-01-27 00:00:00,1428.2590065017505
2015-01-28 00:00:00,1430.8985532244515
2015-01-29 00:00:00,1433.5255509654348
2015-01-30 00:00:00,1436.2053011708967
2015-02-01 00:00:00,1441.8676786275287
2015-02-02 00:00:00,1444.863643296324
2015-02-03 00:00:00,1447.9480533127619
2015-02-04 00:00:00,1451.093269044445
2015-02-05 00:00:00,1454.2721971818382
2015-02-06 00:00:00,1457.4653203677096
2015-02-08 00:00:00,1463.8808865868739
2015-02-09 00:00:00,1467.1333605509828
2015-02-10 00:00:00,1470.4567987808696
2015-02-11 00:00:00,1473.8914208847955
2015-02-12 00:00:00,1477.4772217584893
2015-02-13 00:00:00,1481.2464650957327
2015-02-15 00:00:00,1489.384921132679
2015-02-16 00:00:00,1493.7273488053415
2015-02-17 00:00:00,1498.2010673930235
2015-02-18 00:00:00,1502.7525186454523
2015-02-19 00:00:00,1507.3286890551756
2015-02-20 00:00:00,1511.8884005893688
2015-02-22 00:00:00,1520.8977116755211
2015-02-23 00:00:00,1526.095590333202
2015-02-24 00:00:00,1531.5141787852212
2015-02-25 00:00:00,1536.990535589401
2015-02-26 00:00:00,1542.5555548340233
2015-02-27 00:00:00,1548.2276131671683
2015-03-01 00:00:00,1559.889709486966
2015-03-02 00:00:00,1563.6495356975838
2015-03-03 00:00:00,1564.376075852408
2015-03-04 00:00:00,1565.0706545992382
2015-03-05 00:00:00,1565.726116306417
2015-03-06 00:00:00,1564.9657042085319
2015-03-08 00:00:00,1562.941331729346
2015-03-09 00:00:00,1561.9265917036105
2015-03-10 00:00:00,1560.9040673164807
2015-03-11 00:00:00,1559.8671908182246
2015-03-12 00:00:00,1558.8092539495742
2015-03-13 00:00:00,1557.72467282133
2015-03-15 00:00:00,1555.4648968554707
2015-03-16 00:00:00,1554.2915701594477
2015-03-17 00:00:00,1553.0947949745464
2015-03-18 00:00:00,1551.8804115352243
2015-03-19 00:00:00,1550.6539104765013
2015-03-20 00:00:00,1549.4191338767093
2015-03-22 00:00:00,1546.9277346725326
2015-03-23 00:00:00,1545.6669863903376
2015-03-24 00:00:00,1544.391416318425
2015-03-25 00:00:00,1543.0975181225053
2015-03-26 00:00:00,1541.782876911223
2015-03-27 00:00:00,1540.4465409347142
2015-03-29 00:00:00,1537.7112858183934
2015-03-30 01:00:00,1536.2564991012785
2015-03-31 01:00:00,1534.842619649888
2015-04-01 01:00:00,1533.4121614925075
2015-04-02 01:00:00,1531.9647416274447
2015-04-05 01:00:00,1527.5071512608124
2015-04-06 01:00:00,1522.8367964772583
2015-04-07 01:00:00,1517.2401784631888
2015-04-08 01:00:00,1511.5756163614672
2015-04-09 01:00:00,1505.853721165491
2015-04-10 01:00:00,1500.0894052452204
2015-04-12 01:00:00,1488.5027483240988
2015-04-13 01:00:00,1482.7115537441175
2015-04-14 01:00:00,1476.93501305761
2015-04-15 01:00:00,1471.1754678584525
2015-04-16 01:00:00,1463.3337709853095
2015-04-17 01:00:00,1455.177677214511
2015-04-19 01:00:00,1438.8996938644755
2015-04-20 01:00:00,1430.7986361941655
2015-04-21 01:00:00,1422.754077309668
2015-04-22 01:00:00,1414.8006252438365
2015-04-23 01:00:00,1407.1747641870634
2015-04-24 01:00:00,1401.842145484213
2015-04-26 01:00:00,1391.4950397322607
2015-04-27 01:00:00,1386.4964652037852
2015-04-28 01:00:00,1381.6065229893584
2015-04-29 01:00:00,1376.8072369298725
2015-04-30 01:00:00,1372.0748711893998
2015-05-01 01:00:00,1367.3842514681894
2015-05-03 01:00:00,1358.0477229857474
2015-05-04 01:00:00,1351.5805904651124
2015-05-05 01:00:00,1344.4442589283076
2015-05-06 01:00:00,1337.4907802699256
2015-05-07 01:00:00,1330.7547765759714
2015-05-08 01:00:00,1324.2759443933924
2015-05-10 01:00:00,1312.2316563379477
2015-05-11 01:00:00,1306.7068893760493
2015-05-12 01:00:00,1301.5105433087851
2015-05-13 01:00:00,1296.6165047167817
2015-05-14 01:00:00,1291.9850566246246
2015-05-15 01:00:00,1287.5715538689244
2015-05-17 01:00:00,1276.443998483895
2015-05-18 01:00:00,1270.9570818035224
2015-05-19 01:00:00,1265.6349487110144
2015-05-20 01:00:00,1260.5089074121738
2015-05-21 01:00:00,1255.6179669544836
2015-05-22 01:00:00,1250.9988495225223
2015-05-24 01:00:00,1242.657493334792
2015-05-25 01:00:00,1238.9257547395134
2015-05-26 01:00:00,1235.4436636734813
2015-05-27 01:00:00,1232.1552860937938
2015-05-28 01:00:00,1230.4708773188206
2015-05-29 01:00:00,1229.8248220337096
2015-05-31 01:00:00,1228.5088356186745
2015-06-01 01:00:00,1227.7026007119066
2015-06-02 01:00:00,1226.7396882852356
2015-06-03 01:00:00,1225.604180096021
2015-06-04 01:00:00,1224.2988151555467
2015-06-05 01:00:00,1222.8374902629835
2015-06-07 01:00:00,1219.4955832252501
2015-06-08 01:00:00,1217.6050819047791
2015-06-09 01:00:00,1215.5256657428445
2015-06-10 01:00:00,1213.1985339627106
2015-06-11 01:00:00,1210.5515195450835
2015-06-12 01:00:00,1207.511177046995
2015-06-14 01:00:00,1200.027463645846
2015-06-15 01:00:00,1195.5370675384152
2015-06-16 01:00:00,1190.5664004582352
2015-06-17 01:00:00,1185.1618507952405
2015-06-18 01:00:00,1179.3844673146405
2015-06-19 01:00:00,1173.2977333326319
2015-06-21 01:00:00,1160.3955355184667
2015-06-22 01:00:00,1153.630065775146
2015-06-23 01:00:00,1146.6499775946422
2015-06-24 01:00:00,1139.425856336424
2015-06-25 01:00:00,1131.9148126553105
2015-06-26 01:00:00,1124.0687442521844
2015-06-28 01:00:00,1107.2069942178944
2015-06-29 01:00:00,1098.1474788179944
2015-06-30 01:00:00,1088.676606499156
2015-07-01 01:00:00,1078.8301293950333
2015-07-02 01:00:00,1069.3331502619249
2015-07-03 01:00:00,1059.8347573888102
2015-07-05 01:00:00,1040.1835503546931
2015-07-06 01:00:00,1030.0975151193454
2015-07-07 01:00:00,1019.8367777662761
2015-07-08 01:00:00,1009.3675655861296
2015-07-09 01:00:00,998.6397239900786
2015-07-10 01:00:00,987.6000763185684
2015-07-12 01:00:00,964.4390064686922
2015-07-13 01:00:00,952.3070530424786
2015-07-14 01:00:00,939.8491890061412
2015-07-15 01:00:00,927.1280863211205
2015-07-16 01:00:00,914.2209689723835
2015-07-17 01:00:00,903.6943901620206
2015-07-19 01:00:00,883.4532593861478
2015-07-20 01:00:00,873.4372502149115
2015-07-21 01:00:00,863.5026826048853
2015-07-22 01:00:00,853.6335011403479
2015-07-23 01:00:00,843.7993980381939
2015-07-24 01:00:00,833.9628633850765
2015-07-26 01:00:00,814.1445705643082
2015-07-27 01:00:00,804.122642803433
2015-07-28 01:00:00,794.0290562170303
2015-07-29 01:00:00,783.8920269726842
2015-07-30 01:00:00,773.7566399107413
2015-07-31 01:00:00,763.6769195321712
2015-08-02 01:00:00,743.8802456990464
2015-08-03 01:00:00,734.2201231288369
2015-08-04 01:00:00,724.7173364830307
2015-08-05 01:00:00,715.5362539038479
2015-08-06 01:00:00,707.5281817434666
2015-08-07 01:00:00,701.6529800285743
2015-08-09 01:00:00,700.4296852887369
2015-08-10 01:00:00,700.163374687864
2015-08-11 01:00:00,699.8625681921316
2015-08-12 01:00:00,699.5475003880254
2015-08-13 01:00:00,699.2468439239472
2015-08-14 01:00:00,698.9899797426476
2015-08-16 01:00:00,698.6882890706232
2015-08-17 01:00:00,698.6522527983119
2015-08-18 01:00:00,698.6745763551725
2015-08-19 01:00:00,698.7253615989305
2015-08-20 01:00:00,698.765690771396
2015-08-21 01:00:00,698.752421033186
2015-08-23 01:00:00,698.4036539358169
2015-08-24 01:00:00,698.0081239371718
2015-08-25 01:00:00,697.4462417119292
2015-08-26 01:00:00,696.7215006214103
2015-08-27 01:00:00,695.8492971196301
2015-08-28 01:00:00,694.8520412766065
2015-08-30 01:00:00,696.1280459692892
2015-08-31 01:00:00,697.1937926686737
2015-09-01 01:00:00,698.0628887032526
2015-09-02 01:00:00,700.121808967625
2015-09-03 01:00:00,702.1368323155152
2015-09-04 01:00:00,703.8318875503081
2015-09-06 01:00:00,706.2116835952547
2015-09-07 01:00:00,706.8786365454639
2015-09-08 01:00:00,707.1899457076645
2015-09-09 01:00:00,707.1427315549
2015-09-10 01:00:00,706.7344922827557
2015-09-11 01:00:00,705.9618090329831
2015-09-13 01:00:00,703.299155133385
2015-09-14 01:00:00,701.3907288637387
2015-09-15 01:00:00,699.081097894861
2015-09-16 01:00:00,696.3555787961061
2015-09-17 01:00:00,693.1986857739338
2015-09-18 01:00:00,689.5952526889312
2015-09-20 01:00:00,680.9970987475139
2015-09-21 01:00:00,675.9848001940929
2015-09-22 01:00:00,670.4932148761675
2015-09-23 01:00:00,664.5271039951753
2015-09-24 01:00:00,658.0986018486714
2015-09-25 01:00:00,651.2283309876158
2015-09-27 01:00:00,636.2944970996522
2015-09-28 01:00:00,628.3249749215468
2015-09-29 01:00:00,620.1032171849611
2015-09-30 01:00:00,611.7061362427464
2015-10-01 01:00:00,603.220542104792
2015-10-02 01:00:00,594.7398760464037
2015-10-04 01:00:00,578.1728386877933
2015-10-05 01:00:00,570.2636849276682
2015-10-06 01:00:00,562.7044657811451
2015-10-07 01:00:00,555.551869194181
2015-10-08 01:00:00,548.8455806981312
2015-10-09 01:00:00,542.7884048122789
2015-10-11 01:00:00,531.5551507875467
2015-10-12 01:00:00,526.7156945659351
2015-10-13 01:00:00,522.3038194138242
2015-10-14 01:00:00,518.2899799392702
2015-10-15 01:00:00,514.6423687650846
2015-10-16 01:00:00,511.32881901017026
2015-10-18 01:00:00,505.6650060928091
2015-10-19 01:00:00,504.0237171221339
2015-10-20 01:00:00,502.5974988121827
2015-10-21 01:00:00,501.3561030968241
2015-10-22 01:00:00,500.26776401763186
2015-10-23 01:00:00,499.29928583268793
2015-10-25 01:00:00,497.5891405499568
2015-10-26 00:00:00,497.0819490193079
2015-10-27 00:00:00,497.9246812659733
2015-10-28 00:00:00,498.77615400328824
2015-10-29 00:00:00,499.63011270752656
2015-10-30 00:00:00,500.4871909729095
2015-11-01 00:00:00,502.2317868346359
2015-11-02 00:00:00,503.12978351422186
2015-11-03 00:00:00,504.0467244247766
2015-11-04 00:00:00,505.8151661710625
2015-11-05 00:00:00,507.65292265519463
2015-11-06 00:00:00,509.4951996058652
2015-11-08 00:00:00,513.1343834239699
2015-11-09 00:00:00,515.072376439761
2015-11-10 00:00:00,519.0901092342247
2015-11-11 00:00:00,523.1474636280875
2015-11-12 00:00:00,527.2398441106897
2015-11-13 00:00:00,531.7875171398081
2015-11-15 00:00:00,543.0881972197335
2015-11-16 00:00:00,548.6578309503784
2015-11-17 00:00:00,554.1233209170151
2015-11-18 00:00:00,559.4700997993953
2015-11-19 00:00:00,564.7083046846295
2015-11-20 00:00:00,569.8723887227685
2015-11-22 00:00:00,580.1974827505371
2015-11-23 00:00:00,585.4746914678658
2015-11-24 00:00:00,590.8843853358956
2015-11-25 00:00:00,596.4371579270917
2015-11-26 00:00:00,604.4161562161495
2015-11-27 00:00:00,613.056872712211
2015-11-29 00:00:00,630.3302637687607
2015-11-30 00:00:00,638.8566961006678
2015-12-01 00:00:00,647.2681735719317
2015-12-02 00:00:00,655.5645008468599
2015-12-03 00:00:00,663.769979333912
2015-12-04 00:00:00,671.928094522854
2015-12-06 00:00:00,688.3220402367376
2015-12-07 00:00:00,696.6623455867042
2015-12-08 00:00:00,705.1464564794253
2015-12-09 00:00:00,713.7842261144267
2015-12-10 00:00:00,722.5602348429712
2015-12-11 00:00:00,731.4347301479481
2015-12-13 00:00:00,749.2339938271533
2015-12-14 00:00:00,758.0234378358724
2015-12-15 00:00:00,766.6648553368204
2015-12-16 00:00:00,775.1300860150769
2015-12-17 00:00:00,783.4203070756303
2015-12-18 00:00:00,791.5648000514128
2015-12-20 00:00:00,807.621658516455
2015-12-21 00:00:00,815.6390105189585
2015-12-22 00:00:00,823.6903726365133
2015-12-23 00:00:00,831.7678818639899
2015-12-24 00:00:00,839.8270814826527
2015-12-27 00:00:00,863.0330858046901
2015-12-28 00:00:00,870.1037792385109
2015-12-29 00:00:00,876.6885752843468
2015-12-30 00:00:00,882.7221003843142
2015-12-31 00:00:00,888.158914981171
2016-01-03 00:00:00,900.6315937904814
2016-01-04 00:00:00,903.4412229871339
2016-01-05 00:00:00,905.5286370978649
2016-01-06 00:00:00,906.8489409690412
2016-01-07 00:00:00,907.3483006024103
2016-01-08 00:00:00,906.9713066080599
2016-01-10 00:00:00,905.2840208457391
2016-01-11 00:00:00,904.36547348252
2016-01-12 00:00:00,902.6069820760592
2016-01-13 00:00:00,900.1453096992375
2016-01-14 00:00:00,897.1748074843404
2016-01-15 00:00:00,893.9343952188574
2016-01-17 00:00:00,887.6898289181072
2016-01-18 00:00:00,885.176570455635
2016-01-19 00:00:00,883.3292077992495
2016-01-20 00:00:00,882.2701599383263
2016-01-21 00:00:00,882.0595629830232
2016-01-22 00:00:00,882.7024510700893
2016-01-24 00:00:00,886.4785347359713
2016-01-25 00:00:00,889.5217769579897
2016-01-26 00:00:00,893.1117471339921
2016-01-27 00:00:00,897.1884979615777
2016-01-28 00:00:00,901.7205080167018
2016-01-29 00:00:00,906.7022317191272
2016-01-31 00:00:00,918.4087453760375
2016-02-01 00:00:00,925.021081144311
2016-02-02 00:00:00,932.1141732554502
2016-02-03 00:00:00,939.6686915090729
2016-02-04 00:00:00,947.6520746301331
2016-02-05 00:00:00,956.0183117649722
2016-02-07 00:00:00,973.6675969333048
2016-02-08 00:00:00,982.8294267550391
2016-02-09 00:00:00,992.1467944508331
2016-02-10 00:00:00,1001.5865407789424
2016-02-11 00:00:00,1011.1348884714841
2016-02-12 00:00:00,1020.7965235813912
2016-02-14 00:00:00,1040.5390053758124
2016-02-15 00:00:00,1050.666573190821
2016-02-16 00:00:00,1060.9858890606663
2016-02-17 00:00:00,1071.4974215417753
2016-02-18 00:00:00,1082.1884873178105
2016-02-19 00:00:00,1093.0361161951807
2016-02-21 00:00:00,1115.0875827681757
2016-02-22 00:00:00,1126.2395401064318
2016-02-23 00:00:00,1137.4521209456777
2016-02-24 00:00:00,1148.7187471074574
2016-02-25 00:00:00,1160.041458786355
2016-02-26 00:00:00,1171.4291507181233
2016-02-28 00:00:00,1194.45360328059
2016-02-29 00:00:00,1206.1181467467081
2016-03-01 00:00:00,1217.8981979692837
2016-03-02 00:00:00,1229.798237198195
2016-03-03 00:00:00,1241.8172678555104
2016-03-04 00:00:00,1253.9495545657514
2016-03-06 00:00:00,1278.518457593398
2016-03-07 00:00:00,1290.9383100219643
2016-03-08 00:00:00,1303.4421101621692
2016-03-09 00:00:00,1316.0304152519404
2016-03-10 00:00:00,1328.7075325550986
2016-03-11 00:00:00,1341.4796852904642
2016-03-13 00:00:00,1367.329634373512
2016-03-14 00:00:00,1380.4103529534077
2016-03-15 00:00:00,1393.5910934730016
2016-03-16 00:00:00,1404.4756106909103
2016-03-17 00:00:00,1413.8587659798677
2016-03-18 00:00:00,1422.3458617065182
2016-03-20 00:00:00,1433.762212428342
2016-03-21 00:00:00,1439.5020735697044
2016-03-22 00:00:00,1445.2665729217656
2016-03-23 00:00:00,1451.0580438716854
2016-03-24 00:00:00,1456.8776891962402
2016-03-27 00:00:00,1470.3988859347517
2016-03-28 01:00:00,1473.7367488492437
2016-03-29 01:00:00,1476.9484204297014
2016-03-30 01:00:00,1479.8505058742312
2016-03-31 01:00:00,1480.5452730432726
2016-04-01 01:00:00,1481.2527974742256
2016-04-03 01:00:00,1482.6781397424243
2016-04-04 01:00:00,1483.3732088883467
2016-04-05 01:00:00,1484.0375155647753
2016-04-06 01:00:00,1484.656612871416
2016-04-07 01:00:00,1485.218563808808
2016-04-08 01:00:00,1485.715839281675
2016-04-10 01:00:00,1486.512331623776
2016-04-11 01:00:00,1486.819872779119
2016-04-12 01:00:00,1487.0750193328352
2016-04-13 01:00:00,1487.281851011937
2016-04-14 01:00:00,1487.440415703414
2016-04-15 01:00:00,1487.5459670140544
2016-04-17 01:00:00,1487.5582496592333
2016-04-18 01:00:00,1487.4390877664887
2016-04-19 01:00:00,1487.2189354959437
2016-04-20 01:00:00,1486.8873727649404
2016-04-21 01:00:00,1486.4379303069395
2016-04-22 01:00:00,1485.8690171125322
2016-04-24 01:00:00,1484.3919070841634
2016-04-25 01:00:00,1483.5041225186244
2016-04-26 01:00:00,1482.5348524075955
2016-04-27 01:00:00,1481.4978517181373
2016-04-28 01:00:00,1480.40435321538
2016-04-29 01:00:00,1479.2610810500855
2016-05-01 01:00:00,1476.823375990586
2016-05-02 01:00:00,1475.5147923081738
2016-05-03 01:00:00,1474.1320112299559
2016-05-04 01:00:00,1472.6653792316376
2016-05-05 01:00:00,1471.1106375048705
2016-05-06 01:00:00,1469.4719691225866
2016-05-08 01:00:00,1466.007212637569
2016-05-09 01:00:00,1464.2316883608864
2016-05-10 01:00:00,1462.4653879199802
2016-05-11 01:00:00,1460.7330545266198
2016-05-12 01:00:00,1459.0521515717037
2016-05-13 01:00:00,1457.4314237283552
2016-05-15 01:00:00,1458.737710542319
2016-05-16 01:00:00,1460.6696999459307
2016-05-17 01:00:00,1462.5298219439678
2016-05-18 01:00:00,1464.2980620527046
2016-05-19 01:00:00,1465.960725708068
2016-05-20 01:00:00,1467.511749026294
2016-05-22 01:00:00,1470.2935788989828
2016-05-23 01:00:00,1471.5479239624337
2016-05-24 01:00:00,1472.7332783342626
2016-05-25 01:00:00,1473.8664604795035
2016-05-26 01:00:00,1471.9907693975235
2016-05-27 01:00:00,1469.8932062038036
2016-05-29 01:00:00,1465.5974410628646
2016-05-30 01:00:00,1463.3765800518331
2016-05-31 01:00:00,1461.0839317776808
2016-06-01 01:00:00,1458.701888592254
2016-06-02 01:00:00,1456.2179869144807
2016-06-03 01:00:00,1453.6284828224075
2016-06-05 01:00:00,1445.507761117822
2016-06-06 01:00:00,1440.0708801475055
2016-06-07 01:00:00,1434.5975572074785
2016-06-08 01:00:00,1429.107215883978
2016-06-09 01:00:00,1423.6115129923928
2016-06-10 01:00:00,1417.127175907165
2016-06-12 01:00:00,1400.048337530966
2016-06-13 01:00:00,1391.3363497622126
2016-06-14 01:00:00,1382.4891235906925
2016-06-15 01:00:00,1373.4940337089915
2016-06-16 01:00:00,1364.3436296724474
2016-06-17 01:00:00,1355.037269792697
2016-06-19 01:00:00,1335.9903615290525
2016-06-20 01:00:00,1326.2818919962597
2016-06-21 01:00:00,1315.1309483384496
2016-06-22 01:00:00,1302.1420673563057
2016-06-23 01:00:00,1288.9299055426054
2016-06-24 01:00:00,1275.4943268903903
2016-06-26 01:00:00,1248.0017224979542
2016-06-27 01:00:00,1233.9927593512596
2016-06-28 01:00:00,1219.8520818985605
2016-06-29 01:00:00,1205.6152500166413
2016-06-30 01:00:00,1191.315239053543
2016-07-01 01:00:00,1176.978902209411
2016-07-03 01:00:00,1148.2659539594983
2016-07-04 01:00:00,1133.907596422304
2016-07-05 01:00:00,1119.5556017206184
2016-07-06 01:00:00,1105.217810599497
2016-07-07 01:00:00,1090.907168930058
2016-07-08 01:00:00,1076.64278444604
2016-07-10 01:00:00,1048.3552915622681
2016-07-11 01:00:00,1034.3902364073838
2016-07-12 01:00:00,1020.5822126092444
2016-07-13 01:00:00,1006.9550993811295
2016-07-14 01:00:00,993.5265916016772
2016-07-15 01:00:00,980.3069473332655
2016-07-17 01:00:00,954.6841527557996
2016-07-18 01:00:00,943.4959446722117
2016-07-19 01:00:00,932.4330463177048
2016-07-20 01:00:00,921.4818369788105
2016-07-21 01:00:00,910.631421826635
2016-07-22 01:00:00,899.8757535709148
2016-07-24 01:00:00,878.6546414656124
2016-07-25 01:00:00,868.20596719032
2016-07-26 01:00:00,857.8819756516441
2016-07-27 01:00:00,847.6953239860451
2016-07-28 01:00:00,837.6552626902002
2016-07-29 01:00:00,827.7656173558248
2016-07-31 01:00:00,808.4224613436556
2016-08-01 01:00:00,798.9499303445723
2016-08-02 01:00:00,789.594540792035
2016-08-03 01:00:00,780.3464763614759
2016-08-04 01:00:00,771.1998331464273
2016-08-05 01:00:00,762.1535300840792
2016-08-07 01:00:00,744.3803597897858
2016-08-08 01:00:00,735.6708933417195
2016-08-09 01:00:00,727.2900463464744
2016-08-10 01:00:00,721.302714162812
2016-08-11 01:00:00,715.4248075959263
2016-08-12 01:00:00,709.6646890997808
2016-08-14 01:00:00,698.4831898186458
2016-08-15 01:00:00,693.0348421603258
2016-08-16 01:00:00,687.6564567450162
2016-08-17 01:00:00,684.828994712293
2016-08-18 01:00:00,682.0540333498066
2016-08-19 01:00:00,679.2835665052055
2016-08-21 01:00:00,673.7879512928226
2016-08-22 01:00:00,671.1080932744974
2016-08-23 01:00:00,669.0670077657463
2016-08-24 01:00:00,667.3265782411822
2016-08-25 01:00:00,666.1478316454738
2016-08-26 01:00:00,665.4012200845655
2016-08-28 01:00:00,664.0661448350902
2016-08-29 01:00:00,665.2556976040253
2016-08-30 01:00:00,668.1512843762206
2016-08-31 01:00:00,671.6315567802804
2016-09-01 01:00:00,675.2159248258884
2016-09-02 01:00:00,678.9109658125724
2016-09-04 01:00:00,688.2888935629269
2016-09-05 01:00:00,693.8201122834378
2016-09-06 01:00:00,699.6908893008538
2016-09-07 01:00:00,705.8841505171234
2016-09-08 01:00:00,712.3702720261547
2016-09-09 01:00:00,719.1078596672876
2016-09-11 01:00:00,733.1269234189151
2016-09-12 01:00:00,740.2903314969606
2016-09-13 01:00:00,747.4755221853923
2016-09-14 01:00:00,754.6239257798785
2016-09-15 01:00:00,761.6796916506313
2016-09-16 01:00:00,768.5887756075344
2016-09-18 01:00:00,781.7470930163563
2016-09-19 01:00:00,787.8790934228849
2016-09-20 01:00:00,793.6301301023234
2016-09-21 01:00:00,798.9393678119441
2016-09-22 01:00:00,803.7549095834215
2016-09-23 01:00:00,808.0407136861207
2016-09-25 01:00:00,814.9931345709476
2016-09-26 01:00:00,817.7059297441015
2016-09-27 01:00:00,819.9752059061078
2016-09-28 01:00:00,821.8660152965734
2016-09-29 01:00:00,823.4460850753035
2016-09-30 01:00:00,824.7776172622496
2016-10-02 01:00:00,826.8785623487985
2016-10-03 01:00:00,827.6968063353889
2016-10-04 01:00:00,828.3640537609572
2016-10-05 01:00:00,828.8666292493283
2016-10-06 01:00:00,829.1851263126788
2016-10-07 01:00:00,829.3024947335966
2016-10-09 01:00:00,828.9253658670843
2016-10-10 01:00:00,828.4739507616262
2016-10-11 01:00:00,827.9111403018608
2016-10-12 01:00:00,829.2334685981364
2016-10-13 01:00:00,831.6982529081617
2016-10-14 01:00:00,834.2763939824974
2016-10-16 01:00:00,839.9207637342076
2016-10-17 01:00:00,842.9802821417348
2016-10-18 01:00:00,846.1370798284867
2016-10-19 01:00:00,849.3171924694622
2016-10-20 01:00:00,852.4445534083627
2016-10-21 01:00:00,855.4605478597058
2016-10-23 01:00:00,861.0886227947842
2016-10-24 01:00:00,863.756911968149
2016-10-25 01:00:00,866.4130184693547
2016-10-26 01:00:00,869.137096009388
2016-10-27 01:00:00,872.0047102533282
2016-10-28 01:00:00,875.0737139936912
2016-10-30 01:00:00,881.9307893909219
2016-10-31 00:00:00,887.6122896472485
2016-11-01 00:00:00,893.6683568629077
2016-11-02 00:00:00,899.7755711637619
2016-11-03 00:00:00,905.8458735413384
2016-11-04 00:00:00,911.7986542789391
2016-11-06 00:00:00,923.1469038837304
2016-11-07 00:00:00,928.5273307853995
2016-11-08 00:00:00,933.7661354432144
2016-11-09 00:00:00,938.9445844765299
2016-11-10 00:00:00,944.1608760725654
2016-11-11 00:00:00,949.5110127787065
2016-11-13 00:00:00,960.8620228805945
2016-11-14 00:00:00,966.8731512052427
2016-11-15 00:00:00,973.0306663538638
2016-11-16 00:00:00,979.2309438763087
2016-11-17 00:00:00,985.3630632138195
2016-11-18 00:00:00,991.3367904034687
2016-11-20 00:00:00,1002.6682188067979
2016-11-21 00:00:00,1008.0807767924491
2016-11-22 00:00:00,1013.4280528399163
2016-11-23 00:00:00,1018.812746973415
2016-11-24 00:00:00,1024.9413990655598
2016-11-25 00:00:00,1033.4031789536227
2016-11-27 00:00:00,1051.0678417512274
2016-11-28 00:00:00,1060.236400508468
2016-11-29 00:00:00,1069.5429707419185
2016-11-30 00:00:00,1078.8896068433926
2016-12-01 00:00:00,1088.169230427307
2016-12-02 00:00:00,1097.2826394322124
2016-12-04 00:00:00,1114.7463174245793
2016-12-05 00:00:00,1123.0623813096004
2016-12-06 00:00:00,1131.1502238893586
2016-12-07 00:00:00,1139.0920515104553
2016-12-08 00:00:00,1146.9895706983589
2016-12-09 00:00:00,1154.9434382596446
2016-12-11 00:00:00,1171.2847390933293
2016-12-12 00:00:00,1179.6843821351133
2016-12-13 00:00:00,1188.1543177664269
2016-12-14 00:00:00,1196.58124111073
2016-12-15 00:00:00,1204.8389305586277
2016-12-16 00:00:00,1212.8170166797001
2016-12-18 00:00:00,1227.6955245110853
2016-12-19 00:00:00,1234.598814428176
2016-12-20 00:00:00,1241.2160415663752
2016-12-21 00:00:00,1247.6309636495246
2016-12-22 00:00:00,1253.930996393104
2016-12-23 00:00:00,1260.1918945479144
2016-12-26 00:00:00,1279.125456939995
2016-12-27 00:00:00,1284.6202838901588
2016-12-28 00:00:00,1289.0173236438013
2016-12-29 00:00:00,1293.3436245936668
2016-12-30 00:00:00,1297.5937492240048
2017-01-02 00:00:00,1310.0103649615548
2017-01-03 00:00:00,1314.1505047685657
2017-01-04 00:00:00,1318.3777499903995
2017-01-05 00:00:00,1322.7513974342537
2017-01-06 00:00:00,1327.3244100891154
2017-01-08 00:00:00,1336.1777636478218
2017-01-09 00:00:00,1339.2164129854536
2017-01-10 00:00:00,1342.421375599566
2017-01-11 00:00:00,1345.7669116145069
2017-01-12 00:00:00,1349.2252818280158
2017-01-13 00:00:00,1352.770987741627
2017-01-15 00:00:00,1360.0524671814135
2017-01-16 00:00:00,1363.7708198371145
2017-01-17 00:00:00,1367.5402498557896
2017-01-18 00:00:00,1371.365513520189
2017-01-19 00:00:00,1375.2525992138255
2017-01-20 00:00:00,1379.2063982831703
2017-01-22 00:00:00,1387.3181049186535
2017-01-23 00:00:00,1391.467806044808
2017-01-24 00:00:00,1395.6681205379941
2017-01-25 00:00:00,1399.9067175174273
2017-01-26 00:00:00,1404.1704500394594
2017-01-27 00:00:00,1408.4471133487011
2017-01-29 00:00:00,1417.0041566100642
2017-01-30 00:00:00,1421.2766662526938
2017-01-31 00:00:00,1425.5466868711771
2017-02-01 00:00:00,1429.8194371250916
2017-02-02 00:00:00,1434.1017592465187
2017-02-03 00:00:00,1438.4003576480259
2017-02-05 00:00:00,1447.062808317008
2017-02-06 00:00:00,1451.426748939631
2017-02-07 00:00:00,1455.807142159628
2017-02-08 00:00:00,1460.197332208826
2017-02-09 00:00:00,1464.590364074098
2017-02-10 00:00:00,1468.9804502979139
2017-02-12 00:00:00,1477.739528921345
2017-02-13 00:00:00,1482.1081559254862
2017-02-14 00:00:00,1486.4720536799994
2017-02-15 00:00:00,1490.833947263125
2017-02-16 00:00:00,1495.1961849889074
2017-02-17 00:00:00,1499.5601175948843
2017-02-19 00:00:00,1508.291989954678
2017-02-20 00:00:00,1512.656536250825
2017-02-21 00:00:00,1517.016843661846
2017-02-22 00:00:00,1521.370500465722
2017-02-23 00:00:00,1525.7157849938528
2017-02-24 00:00:00,1530.0519736203116
2017-02-26 00:00:00,1538.6989302250329
2017-02-27 00:00:00,1543.0118367350517
2017-02-28 00:00:00,1546.182155116654
2017-03-01 00:00:00,1545.2598748891924
2017-03-02 00:00:00,1544.2817891738569
2017-03-03 00:00:00,1543.2497628556707
2017-03-05 00:00:00,1541.0363165651106
2017-03-06 00:00:00,1539.8604984404662
2017-03-07 00:00:00,1538.639978448461
2017-03-08 00:00:00,1537.3731458106786
2017-03-09 00:00:00,1536.0565455540225
2017-03-10 00:00:00,1534.6857495619022
2017-03-12 00:00:00,1531.7667896387975
2017-03-13 00:00:00,1530.2165978676894
2017-03-14 00:00:00,1528.6100803322868
2017-03-15 00:00:00,1526.955088727409
2017-03-16 00:00:00,1525.262993779622
2017-03-17 00:00:00,1523.5478535424593
2017-03-19 00:00:00,1522.516480169374
2017-03-20 00:00:00,1525.7580028312873
2017-03-21 00:00:00,1529.0110088988502
2017-03-22 00:00:00,1532.2623793398498
2017-03-23 00:00:00,1535.4948262063247
2017-03-24 00:00:00,1538.6878850702244
2017-03-26 00:00:00,1539.7280954082498
2017-03-27 01:00:00,1539.3600581855683
2017-03-28 01:00:00,1539.0544810409863
2017-03-29 01:00:00,1538.800757021693
2017-03-30 01:00:00,1538.6093498355197
2017-03-31 01:00:00,1538.4942869961073
2017-04-02 01:00:00,1538.5495437030834
2017-04-03 01:00:00,1538.7385989507084
2017-04-04 01:00:00,1539.036946505966
2017-04-05 01:00:00,1539.4369886805966
2017-04-06 01:00:00,1539.9257052723792
2017-04-07 01:00:00,1540.4872360079232
2017-04-09 01:00:00,1541.7682131282902
2017-04-10 01:00:00,1542.4658473191578
2017-04-11 01:00:00,1543.1953475290154
2017-04-12 01:00:00,1543.9585127320597
2017-04-13 01:00:00,1544.7611341625209
2017-04-16 01:00:00,1547.4801187444243
2017-04-17 01:00:00,1548.5034323157874
2017-04-18 01:00:00,1549.5786369637867
2017-04-19 01:00:00,1550.691242526321
2017-04-20 01:00:00,1551.8199070535798
2017-04-21 01:00:00,1552.938083283386
2017-04-23 01:00:00,1555.0276090873022
2017-04-24 01:00:00,1555.947268406056
2017-04-25 01:00:00,1556.7600918131357
2017-04-26 01:00:00,1557.4605321414333
2017-04-27 01:00:00,1558.0531419936735
2017-04-28 01:00:00,1558.5502135607037
2017-04-30 01:00:00,1559.3185889609047
2017-05-01 01:00:00,1559.6111986244134
2017-05-02 01:00:00,1559.8440474687063
2017-05-03 01:00:00,1560.0074032612813
2017-05-04 01:00:00,1560.0853197511738
2017-05-05 01:00:00,1560.059257890748
2017-05-07 01:00:00,1559.630992643566
2017-05-08 01:00:00,1559.2107831015164
2017-05-09 01:00:00,1558.6540153079955
2017-05-10 01:00:00,1557.9712120997494
2017-05-11 01:00:00,1557.1793046217665
2017-05-12 01:00:00,1556.2992340149578
2017-05-14 01:00:00,1554.3605229167006
2017-05-15 01:00:00,1553.3369772831004
2017-05-16 01:00:00,1552.290656507653
2017-05-17 01:00:00,1551.2220173433204
2017-05-18 01:00:00,1550.12386492135
2017-05-19 01:00:00,1548.9827806345302
2017-05-21 01:00:00,1543.8975514444533
2017-05-22 01:00:00,1540.7184930178937
2017-05-23 01:00:00,1537.4263295980647
2017-05-24 01:00:00,1534.025084677855
2017-05-25 01:00:00,1530.5284929807665
2017-05-26 01:00:00,1526.9576301115019
2017-05-28 01:00:00,1519.6850702768695
2017-05-29 01:00:00,1516.017173782279
2017-05-30 01:00:00,1511.1985156357366
2017-05-31 01:00:00,1506.0209372372726
2017-06-01 01:00:00,1500.8069837018907
2017-06-02 01:00:00,1495.538056230511
2017-06-04 01:00:00,1484.7667807700168
2017-06-05 01:00:00,1479.2428270202495
2017-06-06 01:00:00,1473.624376700687
2017-06-07 01:00:00,1467.919214255606
2017-06-08 01:00:00,1462.1413224864698
2017-06-09 01:00:00,1456.3086414515883
2017-06-11 01:00:00,1444.5541025459313
2017-06-12 01:00:00,1438.663622760582
2017-06-13 01:00:00,1432.7769885771363
2017-06-14 01:00:00,1426.8958211332947
2017-06-15 01:00:00,1421.0154903678483
2017-06-16 01:00:00,1415.126347855062
2017-06-18 01:00:00,1403.2717188441286
2017-06-19 01:00:00,1396.13672604104
2017-06-20 01:00:00,1385.5733287660867
2017-06-21 01:00:00,1374.9626566102802
2017-06-22 01:00:00,1364.327589478559
2017-06-23 01:00:00,1353.6971293740314
2017-06-25 01:00:00,1332.5717666338705
2017-06-26 01:00:00,1322.1270165055305
2017-06-27 01:00:00,1311.7806715255504
2017-06-28 01:00:00,1301.536046167374
2017-06-29 01:00:00,1292.006638918069
2017-06-30 01:00:00,1284.7396032944678
2017-07-02 01:00:00,1270.2593273843243
2017-07-03 01:00:00,1263.0298436211845
2017-07-04 01:00:00,1255.8050168898285
2017-07-05 01:00:00,1248.5896725418922
2017-07-06 01:00:00,1241.3929310648314
2017-07-07 01:00:00,1234.2265490963619
2017-07-09 01:00:00,1220.0332425069028
2017-07-10 01:00:00,1213.0256287831537
2017-07-11 01:00:00,1206.0842169677512
2017-07-12 01:00:00,1199.208554354173
2017-07-13 01:00:00,1192.3938220887321
2017-07-14 01:00:00,1185.631720852946
2017-07-16 01:00:00,1172.224170120565
2017-07-17 01:00:00,1165.5599658569224
2017-07-18 01:00:00,1158.9147441859388
2017-07-19 01:00:00,1152.2887896763264
2017-07-20 01:00:00,1145.687299339612
2017-07-21 01:00:00,1139.1192380041057
2017-07-23 01:00:00,1130.4823893168802
2017-07-24 01:00:00,1126.5996488533083
2017-07-25 01:00:00,1121.6447125719258
2017-07-26 01:00:00,1115.2801592391002
2017-07-27 01:00:00,1108.867385412864
2017-07-28 01:00:00,1102.4119928290456
2017-07-30 01:00:00,1089.3933197505173
2017-07-31 01:00:00,1082.8351913716913
2017-08-01 01:00:00,1076.243539820693
2017-08-02 01:00:00,1069.6143414563608
2017-08-03 01:00:00,1062.941614296394
2017-08-04 01:00:00,1056.2182844048054
2017-08-06 01:00:00,1042.5914758234373
2017-08-07 01:00:00,1035.6759948341598
2017-08-08 01:00:00,1028.686758665548
2017-08-09 01:00:00,1021.6213209956015
2017-08-10 01:00:00,1014.4783913051465
2017-08-11 01:00:00,1007.2573370187283
2017-08-13 01:00:00,992.5782795129703
2017-08-14 01:00:00,985.1177196605714
2017-08-15 01:00:00,977.5737185393838
2017-08-16 01:00:00,969.9439319726222
2017-08-17 01:00:00,962.226676949473
2017-08-18 01:00:00,954.4218548412618
2017-08-20 01:00:00,938.5610570648763
2017-08-21 01:00:00,930.5179035152104
2017-08-22 01:00:00,922.4124264392991
2017-08-23 01:00:00,914.2566983122132
2017-08-24 01:00:00,906.0639852789083
2017-08-25 01:00:00,897.8482474705746
2017-08-27 01:00:00,881.4055740456705
2017-08-28 01:00:00,874.3027740071846
2017-08-29 01:00:00,867.4301212741965
2017-08-30 01:00:00,860.5936542243483
2017-08-31 01:00:00,853.8105323525191
2017-09-01 01:00:00,847.1024164929812
2017-09-03 01:00:00,834.0149465049626
2017-09-04 01:00:00,828.8445217979912
2017-09-05 01:00:00,824.2344226618012
2017-09-06 01:00:00,819.5321005678076
2017-09-07 01:00:00,814.7375515810904
2017-09-08 01:00:00,809.8437337348695
2017-09-10 01:00:00,799.6956086018273
2017-09-11 01:00:00,794.4007401949846
2017-09-12 01:00:00,788.9352061427444
2017-09-13 01:00:00,783.2924287999359
2017-09-14 01:00:00,777.4799361367291
2017-09-15 01:00:00,771.5202529928808
2017-09-17 01:00:00,764.343091035276
2017-09-18 01:00:00,762.3082831698164
2017-09-19 01:00:00,760.469382288748
2017-09-20 01:00:00,758.8369711184073
2017-09-21 01:00:00,757.3966328738127
2017-09-22 01:00:00,756.1097726845959
2017-09-24 01:00:00,753.7581288873305
2017-09-25 01:00:00,752.561222705292
2017-09-26 01:00:00,751.2751715724811
2017-09-27 01:00:00,749.8674672821978
2017-09-28 01:00:00,748.3315845853856
2017-09-29 01:00:00,746.6879052880658
2017-10-01 01:00:00,743.2685988248369
2017-10-02 01:00:00,741.6185360920346
2017-10-03 01:00:00,740.089375230032
2017-10-04 01:00:00,738.7220093350816
2017-10-05 01:00:00,737.5289081485556
2017-10-06 01:00:00,736.8975516128398
2017-10-08 01:00:00,737.4422559895161
2017-10-09 01:00:00,737.6596798806522
2017-10-10 01:00:00,737.7370375667772
2017-10-11 01:00:00,737.6302603083831
2017-10-12 01:00:00,737.3369487437684
2017-10-13 01:00:00,736.8987358768286
2017-10-15 01:00:00,735.9084361350777
2017-10-16 01:00:00,735.5417418087468
2017-10-17 01:00:00,735.3622747081832
2017-10-18 01:00:00,735.4067381692678
2017-10-19 01:00:00,737.5589103773677
2017-10-20 01:00:00,740.7830554715309
2017-10-22 01:00:00,747.3813864230402
2017-10-23 01:00:00,750.5717337010062
2017-10-24 01:00:00,753.581357044759
2017-10-25 01:00:00,756.3609799046611
2017-10-26 01:00:00,758.8975474397491
2017-10-27 01:00:00,761.2163520169821
2017-10-29 01:00:00,765.4640299847459
2017-10-30 00:00:00,767.483490280249
2017-10-31 00:00:00,769.6972070988922
2017-11-01 00:00:00,772.0866128823465
2017-11-02 00:00:00,774.6822380994731
2017-11-03 00:00:00,777.4679337973953
2017-11-05 00:00:00,783.3215710735817
2017-11-06 00:00:00,786.1774084333238
2017-11-07 00:00:00,788.8471428381089
2017-11-08 00:00:00,791.2672657838086
2017-11-09 00:00:00,793.4264702020728
2017-11-10 00:00:00,795.3677643336068
2017-11-12 00:00:00,798.9606144107373
2017-11-13 00:00:00,800.8250548076442
2017-11-14 00:00:00,804.2207353193721
2017-11-15 00:00:00,808.5296175767685
2017-11-16 00:00:00,813.0378744795671
2017-11-17 00:00:00,817.6939280143408
2017-11-19 00:00:00,827.0742279787764
2017-11-20 00:00:00,831.5736529266834
2017-11-21 00:00:00,835.8057073107148
2017-11-22 00:00:00,839.6947477414127
2017-11-23 00:00:00,843.2002041466784
2017-11-24 00:00:00,846.3192478953338
2017-11-26 00:00:00,851.5492838238301
2017-11-27 00:00:00,853.7856385944252
2017-11-28 00:00:00,855.85621734918
2017-11-29 00:00:00,858.5427122492689
2017-11-30 00:00:00,861.2318055935054
2017-12-01 00:00:00,863.5069522649783
2017-12-03 00:00:00,866.2965476691281
2017-12-04 00:00:00,866.4811234360798
2017-12-05 00:00:00,865.6467176110839
2017-12-06 00:00:00,863.685984769905
2017-12-07 00:00:00,861.3237224468043
2017-12-08 00:00:00,858.8499268631477
2017-12-10 00:00:00,852.1331705093437
2017-12-11 00:00:00,848.2221898716133
2017-12-12 00:00:00,844.1886158912539
2017-12-13 00:00:00,840.205038440399
2017-12-14 00:00:00,836.4157091104909
2017-12-15 00:00:00,832.9273436007722
2017-12-17 00:00:00,833.9351578304547
2017-12-18 00:00:00,836.0889860543138
2017-12-19 00:00:00,838.2888787720756
2017-12-20 00:00:00,840.494784439339
2017-12-21 00:00:00,842.6872500628
2017-12-22 00:00:00,844.8711236351196
2017-12-25 00:00:00,851.742173925091
2017-12-26 00:00:00,854.9080077444265
2017-12-27 00:00:00,859.9967542992323
2017-12-28 00:00:00,865.3361310576998
2017-12-29 00:00:00,870.9181560464772
2018-01-01 00:00:00,888.6078767076491
2018-01-02 00:00:00,894.5756022764268
2018-01-03 00:00:00,900.4750526197485
2018-01-04 00:00:00,906.2829424554452
2018-01-05 00:00:00,912.0086303371951
2018-01-07 00:00:00,923.3723679601175
2018-01-08 00:00:00,930.0202936744807
2018-01-09 00:00:00,936.7942501734401
2018-01-10 00:00:00,943.6958527455313
2018-01-11 00:00:00,950.7281280819751
2018-01-12 00:00:00,957.8739838213271
2018-01-14 00:00:00,974.1565894758642
2018-01-15 00:00:00,983.9793812606193
2018-01-16 00:00:00,993.7990686622875
2018-01-17 00:00:00,1003.5904280420676
2018-01-18 00:00:00,1013.3421608945589
2018-01-19 00:00:00,1023.0570260605281
2018-01-21 00:00:00,1042.443714300906
2018-01-22 00:00:00,1052.165383528438
2018-01-23 00:00:00,1061.939957708181
2018-01-24 00:00:00,1071.7862717683706
2018-01-25 00:00:00,1081.7134954839762
2018-01-26 00:00:00,1091.719996061274
2018-01-28 00:00:00,1111.9217550072976
2018-01-29 00:00:00,1122.083552772091
2018-01-30 00:00:00,1132.1504129209463
2018-01-31 00:00:00,1139.8318446575663
2018-02-01 00:00:00,1147.54173575326
2018-02-02 00:00:00,1155.2855707939157
2018-02-04 00:00:00,1170.900842288751
2018-02-05 00:00:00,1178.7805623147972
2018-02-06 00:00:00,1186.7085147361865
2018-02-07 00:00:00,1194.681094605139
2018-02-08 00:00:00,1202.6933525151853
2018-02-09 00:00:00,1210.7409533108798
2018-02-11 00:00:00,1222.299584188605
2018-02-12 00:00:00,1227.0270595977538
2018-02-13 00:00:00,1231.776072355222
2018-02-14 00:00:00,1236.5503310177473
2018-02-15 00:00:00,1241.353509350801
2018-02-16 00:00:00,1246.1884525907763
2018-02-18 00:00:00,1255.9564830687539
2018-02-19 00:00:00,1260.885334061065
2018-02-20 00:00:00,1265.8374776286482
2018-02-21 00:00:00,1270.8060313025708
2018-02-22 00:00:00,1275.783962768764
2018-02-23 00:00:00,1280.765556963024
2018-02-25 00:00:00,1290.7308858601461
2018-02-26 00:00:00,1295.7186130392558
2018-02-27 00:00:00,1300.716732163428
2018-02-28 00:00:00,1305.7313392943013
2018-03-01 00:00:00,1310.766576649178
2018-03-02 00:00:00,1315.822639246449
2018-03-04 00:00:00,1325.9718908575712
2018-03-05 00:00:00,1331.317654662249
2018-03-06 00:00:00,1337.4358722061736
2018-03-07 00:00:00,1343.4273776285695
2018-03-08 00:00:00,1349.2595788564652
2018-03-09 00:00:00,1354.9024830189044
2018-03-11 00:00:00,1365.5202698328624
2018-03-12 00:00:00,1370.455711860426
2018-03-13 00:00:00,1375.1218028107944
2018-03-14 00:00:00,1379.5058973791347
2018-03-15 00:00:00,1383.5956517798209
2018-03-16 00:00:00,1387.3775300821935
2018-03-18 00:00:00,1393.9511943000343
2018-03-19 00:00:00,1396.7029409012719
2018-03-20 00:00:00,1399.0687148800248
2018-03-21 00:00:00,1402.563901048869
2018-03-22 00:00:00,1406.1734784938787
2018-03-23 00:00:00,1409.623738593709
2018-03-25 00:00:00,1416.0555137980705
2018-03-26 01:00:00,1419.1879885440792
2018-03-27 01:00:00,1422.0882228008065
2018-03-28 01:00:00,1424.9120725557707
2018-03-29 01:00:00,1427.6865893545205
2018-04-01 01:00:00,1435.9044563165548
2018-04-02 01:00:00,1438.6384746496929
2018-04-03 01:00:00,1441.7795856116618
2018-04-04 01:00:00,1445.5547278000006
2018-04-05 01:00:00,1449.3287295637099
2018-04-06 01:00:00,1453.1072573393726
2018-04-08 01:00:00,1460.7281390354724
2018-04-09 01:00:00,1464.6079376178589
2018-04-10 01:00:00,1468.563887597136
2018-04-11 01:00:00,1472.6185066473038
2018-04-12 01:00:00,1476.7910381655622
2018-04-13 01:00:00,1481.0947711730553
2018-04-15 01:00:00,1490.10740611462
2018-04-16 01:00:00,1494.7992924595483
2018-04-17 01:00:00,1499.5906152076113
2018-04-18 01:00:00,1502.4370254229382
2018-04-19 01:00:00,1504.6980501757137
2018-04-20 01:00:00,1506.9946946096472
2018-04-22 01:00:00,1511.6768028513648
2018-04-23 01:00:00,1514.0775673559392
2018-04-24 01:00:00,1516.539892375474
2018-04-25 01:00:00,1519.082446379451
2018-04-26 01:00:00,1521.7202700103594
2018-04-27 01:00:00,1524.461120683919
2018-04-29 01:00:00,1530.2369536225283
2018-04-30 01:00:00,1533.2435674636413
2018-05-01 01:00:00,1536.3016289428451
2018-05-02 01:00:00,1539.3892193975403
2018-05-03 01:00:00,1542.4878407080348
2018-05-04 01:00:00,1545.5851439135938
2018-05-06 01:00:00,1551.7649440512014
2018-05-07 01:00:00,1554.8607225612109
2018-05-08 01:00:00,1557.9787631687466
2018-05-09 01:00:00,1561.1362385346845
2018-05-10 01:00:00,1564.3494244436113
2018-05-11 01:00:00,1567.6306168290205
2018-05-13 01:00:00,1574.4115465714813
2018-05-14 01:00:00,1577.897787749395
2018-05-15 01:00:00,1581.4265810449829
2018-05-16 01:00:00,1584.9770007895743
2018-05-17 01:00:00,1588.5293795290274
2018-05-18 01:00:00,1592.0698283545564
2018-05-20 01:00:00,1599.1056787268435
2018-05-21 01:00:00,1602.6201648758793
2018-05-22 01:00:00,1606.1559731050954
2018-05-23 01:00:00,1609.7327918474552
2018-05-24 01:00:00,1610.1358637388369
2018-05-25 01:00:00,1609.7580031289137
2018-05-27 01:00:00,1607.077487429857
2018-05-28 01:00:00,1604.1906732267576
2018-05-29 01:00:00,1601.271853492339
2018-05-30 01:00:00,1598.3056769160673
2018-05-31 01:00:00,1595.279794536229
2018-06-01 01:00:00,1592.1870952432682
2018-06-03 01:00:00,1585.8054713972083
2018-06-04 01:00:00,1582.5346928638191
2018-06-05 01:00:00,1579.231119961204
2018-06-06 01:00:00,1575.9135551525053
2018-06-07 01:00:00,1572.6006087430642
2018-06-08 01:00:00,1569.3081319878083
2018-06-10 01:00:00,1561.8169980810599
2018-06-11 01:00:00,1558.0339316289715
2018-06-12 01:00:00,1554.2727484755146
2018-06-13 01:00:00,1550.5522277151294
2018-06-14 01:00:00,1546.8902827328309
2018-06-15 01:00:00,1543.3004818275117
2018-06-17 01:00:00,1532.3181604412698
2018-06-18 01:00:00,1524.8844931343706
2018-06-19 01:00:00,1517.5797956013496
2018-06-20 01:00:00,1511.5871967077308
2018-06-21 01:00:00,1506.8293311050181
2018-06-22 01:00:00,1501.4762872085757
2018-06-24 01:00:00,1488.2891731229681
2018-06-25 01:00:00,1481.8805233208043
2018-06-26 01:00:00,1475.5829916932728
2018-06-27 01:00:00,1469.3867799039929
2018-06-28 01:00:00,1463.283783827844
2018-06-29 01:00:00,1457.2689062230197
2018-07-01 01:00:00,1445.5017710767586
2018-07-02 01:00:00,1439.757762181826
2018-07-03 01:00:00,1434.1171063476102
2018-07-04 01:00:00,1430.2739248834798
2018-07-05 01:00:00,1427.4359106949503
2018-07-06 01:00:00,1423.1617537584361
2018-07-08 01:00:00,1412.5724285620054
2018-07-09 01:00:00,1407.4960530036778
2018-07-10 01:00:00,1402.5522437984043
2018-07-11 01:00:00,1397.7261531036452
2018-07-12 01:00:00,1393.0044616256923
2018-07-13 01:00:00,1388.3800047674276
2018-07-15 01:00:00,1379.4400468589401
2018-07-16 01:00:00,1375.1555161559945
2018-07-17 01:00:00,1371.024537338462
2018-07-18 01:00:00,1367.07056494788
2018-07-19 01:00:00,1363.3136421384067
2018-07-20 01:00:00,1359.7685203399892
2018-07-22 01:00:00,1352.557971911509
2018-07-23 01:00:00,1349.188287391458
2018-07-24 01:00:00,1346.0406844101678
2018-07-25 01:00:00,1343.1157357840275
2018-07-26 01:00:00,1340.4178919510662
2018-07-27 01:00:00,1337.9555810544089
2018-07-29 01:00:00,1333.7826916282645
2018-07-30 01:00:00,1332.0930992864976
2018-07-31 01:00:00,1330.675378550723
2018-08-01 01:00:00,1329.5262001778863
2018-08-02 01:00:00,1328.6333071984611
2018-08-03 01:00:00,1327.9754672862166
2018-08-05 01:00:00,1327.2454511974643
2018-08-06 01:00:00,1327.1056536611218
2018-08-07 01:00:00,1327.072860448917
2018-08-08 01:00:00,1327.1201561374553
2018-08-09 01:00:00,1327.2254820383564
2018-08-10 01:00:00,1327.3691942968765
2018-08-12 01:00:00,1327.6783329464474
2018-08-13 01:00:00,1327.7760983412863
2018-08-14 01:00:00,1327.7727959902056
2018-08-15 01:00:00,1327.610108055061
2018-08-16 01:00:00,1327.2274509327729
2018-08-17 01:00:00,1326.5693483124946
2018-08-19 01:00:00,1324.270348017372
2018-08-20 01:00:00,1322.5961599968273
2018-08-21 01:00:00,1320.5811629672596
2018-08-22 01:00:00,1318.251470544545
2018-08-23 01:00:00,1315.6426255231086
2018-08-24 01:00:00,1312.7932974867667
2018-08-26 01:00:00,1306.5060048689672
2018-08-27 01:00:00,1303.1080497436224
2018-08-28 01:00:00,1299.543379812052
2018-08-29 01:00:00,1295.795859406293
2018-08-30 01:00:00,1291.8386998541541
2018-08-31 01:00:00,1287.6413772364106
2018-09-02 01:00:00,1278.4414260208735
2018-09-03 01:00:00,1273.4431971205797
2018-09-04 01:00:00,1268.2264529101035
2018-09-05 01:00:00,1262.8601623622033
2018-09-06 01:00:00,1257.431765926115
2018-09-07 01:00:00,1252.0338598507087
2018-09-09 01:00:00,1241.6283664986909
2018-09-10 01:00:00,1236.695437356931
2018-09-11 01:00:00,1231.9317479900594
2018-09-12 01:00:00,1227.2911849137497
2018-09-13 01:00:00,1222.7128724722286
2018-09-14 01:00:00,1218.137930110997
2018-09-16 01:00:00,1208.8577156486263
2018-09-17 01:00:00,1204.1537170939196
2018-09-18 01:00:00,1199.4568285802416
2018-09-19 01:00:00,1194.8322407251326
2018-09-20 01:00:00,1190.3553797040204
2018-09-21 01:00:00,1186.099988755527
2018-09-23 01:00:00,1178.4720572778656
2018-09-24 01:00:00,1175.1436735369823
2018-09-25 01:00:00,1172.11531784022
2018-09-26 01:00:00,1169.3302694179038
2018-09-27 01:00:00,1165.8303733929997
2018-09-28 01:00:00,1162.2250908763763
2018-09-30 01:00:00,1155.0687448267327
2018-10-01 01:00:00,1151.4711196636408
2018-10-02 01:00:00,1147.8710561026498
2018-10-03 01:00:00,1144.3078314676504
2018-10-04 01:00:00,1140.8379775496426
2018-10-05 01:00:00,1137.5233945140744
2018-10-07 01:00:00,1131.5524559103183
2018-10-08 01:00:00,1128.9320838374513
2018-10-09 01:00:00,1126.5301014135537
2018-10-10 01:00:00,1124.296405313033
2018-10-11 01:00:00,1122.168351934153
2018-10-12 01:00:00,1120.0843791757738
2018-10-14 01:00:00,1115.8780638618907
2018-10-15 01:00:00,1113.7287520478333
2018-10-16 01:00:00,1112.3335874273077
2018-10-17 01:00:00,1113.9961147010074
2018-10-18 01:00:00,1115.787185096754
2018-10-19 01:00:00,1117.7554864039948
2018-10-21 01:00:00,1122.3657619796547
2018-10-22 01:00:00,1125.0301433990905
2018-10-23 01:00:00,1127.9080949838888
2018-10-24 01:00:00,1130.9498010854152
2018-10-25 01:00:00,1134.0875251959806
2018-10-26 01:00:00,1137.24570370144
2018-10-28 01:00:00,1143.3576188267873
2018-10-29 00:00:00,1146.1160264285777
2018-10-30 00:00:00,1150.0105352716264
2018-10-31 00:00:00,1154.7529053268572
2018-11-01 00:00:00,1159.4023918245318
2018-11-02 00:00:00,1164.0140490149088
2018-11-04 00:00:00,1173.2893516729407
2018-11-05 00:00:00,1177.9742852771883
2018-11-06 00:00:00,1182.6547053626036
2018-11-07 00:00:00,1187.2711352519173
2018-11-08 00:00:00,1191.7502974341846
2018-11-09 00:00:00,1196.0183585235557
2018-11-11 00:00:00,1203.692956745218
2018-11-12 00:00:00,1207.0404140240023
2018-11-13 00:00:00,1210.0620268738367
2018-11-14 00:00:00,1212.7836666752098
2018-11-15 00:00:00,1215.243503051508
2018-11-16 00:00:00,1217.4835265233262
2018-11-18 00:00:00,1221.4401348979402
2018-11-19 00:00:00,1223.187746237029
2018-11-20 00:00:00,1224.7697336294061
2018-11-21 00:00:00,1226.1536135406961
2018-11-22 00:00:00,1227.2948219405912
2018-11-23 00:00:00,1228.1470227002599
2018-11-25 00:00:00,1228.8649494890044
2018-11-26 00:00:00,1228.7367412865833
2018-11-27 00:00:00,1228.3427110159619
2018-11-28 00:00:00,1227.9998135781364
2018-11-29 00:00:00,1230.4598921940606
2018-11-30 00:00:00,1232.7832056466812
2018-12-02 00:00:00,1237.058501976041
2018-12-03 00:00:00,1239.0005887736154
2018-12-04 00:00:00,1240.7813838659963
2018-12-05 00:00:00,1242.3634258496577
2018-12-06 00:00:00,1243.7056750936854
2018-12-07 00:00:00,1244.7714466028672
2018-12-09 00:00:00,1245.9884719929564
2018-12-10 00:00:00,1246.1392924166285
2018-12-11 00:00:00,1246.013485801613
2018-12-12 00:00:00,1245.650099115087
2018-12-13 00:00:00,1245.096658940598
2018-12-14 00:00:00,1244.4032882090942
2018-12-16 00:00:00,1242.7741763389151
2018-12-17 00:00:00,1241.9001734446806
2018-12-18 00:00:00,1241.003139190002
2018-12-19 00:00:00,1240.076239250533
2018-12-20 00:00:00,1239.1003262328354
2018-12-21 00:00:00,1238.0494142588307
2018-12-23 00:00:00,1238.385381725146
2018-12-24 00:00:00,1239.2247886887149
2018-12-25 00:00:00,1239.9899123706948
2018-12-26 00:00:00,1240.6964122862087
2018-12-27 00:00:00,1241.3690441185206
2018-12-28 00:00:00,1242.0349393930092
2018-12-30 00:00:00,1243.4297960415258
2018-12-31 00:00:00,1244.1760219399528
2019-01-01 00:00:00,1244.9484678402998
2019-01-02 00:00:00,1245.7323771344336
2019-01-03 00:00:00,1246.5097927406437
2019-01-04 00:00:00,1247.2637035482014
2019-01-06 00:00:00,1248.6558121163664
2019-01-07 00:00:00,1249.2869923443395
2019-01-08 00:00:00,1249.8801711733918
2019-01-09 00:00:00,1250.4445554096187
2019-01-10 00:00:00,1250.9910481454672
2019-01-11 00:00:00,1251.5300492233382
2019-01-13 00:00:00,1252.6141119325375
2019-01-14 00:00:00,1254.4359239793573
2019-01-15 00:00:00,1257.8902027929937
2019-01-16 00:00:00,1261.3587712328651
2019-01-17 00:00:00,1264.8373306617477
2019-01-18 00:00:00,1268.3235789149655
2019-01-20 00:00:00,1275.3267272974729
2019-01-21 00:00:00,1278.855221114207
2019-01-22 00:00:00,1282.4113732422522
2019-01-23 00:00:00,1284.4919169526079
2019-01-24 00:00:00,1286.6352670110068
2019-01-25 00:00:00,1288.791761467371
2019-01-27 00:00:00,1293.1325329592041
2019-01-28 00:00:00,1295.3105528819435
2019-01-29 00:00:00,1297.4912028252427
2019-01-30 00:00:00,1299.6750123639104
2019-01-31 00:00:00,1301.864665529743
2019-02-01 00:00:00,1304.0646401061247
2019-02-03 00:00:00,1308.517707296247
2019-02-04 00:00:00,1310.7809959682445
2019-02-05 00:00:00,1313.0730001743052
2019-02-06 00:00:00,1315.3937357564284
2019-02-07 00:00:00,1317.740174416617
2019-02-08 00:00:00,1320.1062939362096
2019-02-10 00:00:00,1324.8622421087364
2019-02-11 00:00:00,1327.2322356746195
2019-02-12 00:00:00,1329.5852082361343
2019-02-13 00:00:00,1331.9157074267987
2019-02-14 00:00:00,1334.2220981658165
2019-02-15 00:00:00,1336.5066094529745
2019-02-17 00:00:00,1341.0314285698066
2019-02-18 00:00:00,1343.2821723572597
2019-02-19 00:00:00,1346.7009232430812
2019-02-20 00:00:00,1351.0805353691044
2019-02-21 00:00:00,1355.4383856963495
2019-02-22 00:00:00,1359.7545061032145
2019-02-24 00:00:00,1368.167197181742
2019-02-25 00:00:00,1372.2194587875624
2019-02-26 00:00:00,1376.1471206393835
2019-02-27 00:00:00,1378.2502395610074
2019-02-28 00:00:00,1379.5852304260225
2019-03-01 00:00:00,1380.799680163847
2019-03-03 00:00:00,1382.7822748507374
2019-03-04 00:00:00,1383.5151719554517
2019-03-05 00:00:00,1384.0616401990221
2019-03-06 00:00:00,1384.4205516339525
2019-03-07 00:00:00,1384.599300911196
2019-03-08 00:00:00,1384.6135051379065
2019-03-10 00:00:00,1384.243205871789
2019-03-11 00:00:00,1383.915102111721
2019-03-12 00:00:00,1383.5292321531538
2019-03-13 00:00:00,1383.1092891375783
2019-03-14 00:00:00,1382.6728600763051
2019-03-15 00:00:00,1382.2307919243622
2019-03-17 00:00:00,1381.346557256442
2019-03-18 00:00:00,1380.9078117891938
2019-03-19 00:00:00,1380.4773742421196
2019-03-20 00:00:00,1380.067241836905
2019-03-21 00:00:00,1379.6969148316068
2019-03-22 00:00:00,1379.3920131902946
2019-03-24 00:00:00,1379.088983549418
2019-03-25 00:00:00,1379.1364731628616
2019-03-26 00:00:00,1379.3332014264738
2019-03-27 00:00:00,1379.6787307872708
2019-03-28 00:00:00,1380.1630684802617
2019-03-29 00:00:00,1380.7690592580038
2019-03-31 00:00:00,1382.2612320981002
2019-04-01 01:00:00,1383.1431818089109
2019-04-02 01:00:00,1384.037862824226
2019-04-03 01:00:00,1384.9732969893957
2019-04-04 01:00:00,1385.9514755759626
2019-04-05 01:00:00,1386.9815654105332
2019-04-07 01:00:00,1389.257717923988
2019-04-08 01:00:00,1390.5363337801666
2019-04-09 01:00:00,1391.9248923379664
2019-04-10 01:00:00,1393.4268540757193
2019-04-11 01:00:00,1395.036598178013
2019-04-12 01:00:00,1396.7396714629162
2019-04-14 01:00:00,1400.3381184045925
2019-04-15 01:00:00,1402.1867599224206
2019-04-16 01:00:00,1404.0445252960753
2019-04-17 01:00:00,1405.9046844781246
2019-04-18 01:00:00,1407.771364805629
2019-04-21 01:00:00,1413.569974194686
2019-04-22 01:00:00,1415.6314691555426
2019-04-23 01:00:00,1417.7777625588478
2019-04-24 01:00:00,1420.0091117784602
2019-04-25 01:00:00,1422.317492820676
2019-04-26 01:00:00,1424.6885231311478
2019-04-28 01:00:00,1429.5465112866896
2019-04-29 01:00:00,1431.999610293431
2019-04-30 01:00:00,1434.4532212009449
2019-05-01 01:00:00,1436.8508883937093
2019-05-02 01:00:00,1438.9884628439072
2019-05-03 01:00:00,1441.0873983552042
2019-05-05 01:00:00,1445.3711322483916
2019-05-06 01:00:00,1447.459938306609
2019-05-07 01:00:00,1448.4583643308226
2019-05-08 01:00:00,1449.6285233262183
2019-05-09 01:00:00,1450.9639637845307
2019-05-10 01:00:00,1452.4340978153298
2019-05-12 01:00:00,1455.5749453981582
2019-05-13 01:00:00,1457.1353264754189
2019-05-14 01:00:00,1458.6330946757569
2019-05-15 01:00:00,1460.0532850471068
2019-05-16 01:00:00,1461.4063307118572
2019-05-17 01:00:00,1462.724430010787
2019-05-19 01:00:00,1465.4381926138183
2019-05-20 01:00:00,1466.918883228194
2019-05-21 01:00:00,1468.5165044015275
2019-05-22 01:00:00,1470.23285300168
2019-05-23 01:00:00,1472.0504854769258
2019-05-24 01:00:00,1473.9366286657912
2019-05-26 01:00:00,1477.743577799152
2019-05-27 01:00:00,1479.5797632896006
2019-05-28 01:00:00,1481.3279676460581
2019-05-29 01:00:00,1482.9729207928085
2019-05-30 01:00:00,1484.5156383720882
2019-05-31 01:00:00,1485.972510060993
2019-06-02 01:00:00,1480.5766475457367
2019-06-03 01:00:00,1477.8044813376655
2019-06-04 01:00:00,1475.1449050925607
2019-06-05 01:00:00,1472.6129462940396
2019-06-06 01:00:00,1470.2070570457802
2019-06-07 01:00:00,1467.9099251832938
2019-06-09 01:00:00,1463.5214286632
2019-06-10 01:00:00,1461.3653142707683
2019-06-11 01:00:00,1459.2030981378846
2019-06-12 01:00:00,1457.027350588421
2019-06-13 01:00:00,1454.9910857148623
2019-06-14 01:00:00,1454.2123945640383
2019-06-16 01:00:00,1451.6818083541145
2019-06-17 01:00:00,1451.1276228026882
2019-06-18 01:00:00,1449.0927760193945
2019-06-19 01:00:00,1447.5181563100155
2019-06-20 01:00:00,1446.6535715117238
2019-06-21 01:00:00,1445.7271466157997
2019-06-23 01:00:00,1443.707172976823
2019-06-24 01:00:00,1441.670824937676
2019-06-25 01:00:00,1437.8569244869923
2019-06-26 01:00:00,1433.998248562295
2019-06-27 01:00:00,1430.0927027755552
2019-06-28 01:00:00,1426.1362652854139
2019-06-30 01:00:00,1418.049070823381
2019-07-01 01:00:00,1413.9073472298367
2019-07-02 01:00:00,1409.6944705480369
2019-07-03 01:00:00,1405.408124375015
2019-07-04 01:00:00,1401.0476657248944
2019-07-05 01:00:00,1396.4916995476415
2019-07-07 01:00:00,1387.0913933370243
2019-07-08 01:00:00,1382.2899773422553
2019-07-09 01:00:00,1377.5968307033183
2019-07-10 01:00:00,1374.1777428104338
2019-07-11 01:00:00,1370.8408223040217
2019-07-12 01:00:00,1367.5807673511624
2019-07-14 01:00:00,1361.2769183091318
2019-07-15 01:00:00,1358.2304680848563
2019-07-16 01:00:00,1355.2542603969443
2019-07-17 01:00:00,1352.3474371078566
2019-07-18 01:00:00,1347.4185075022117
2019-07-19 01:00:00,1344.5183857281875
2019-07-21 01:00:00,1338.8736277857674
2019-07-22 01:00:00,1336.0805836718926
2019-07-23 01:00:00,1333.2670866910005
2019-07-24 01:00:00,1330.4026373143975
2019-07-25 01:00:00,1327.5776744294392
2019-07-26 01:00:00,1328.1029741540285
2019-07-28 01:00:00,1328.4865959763429
2019-07-29 01:00:00,1328.3368117289797
2019-07-30 01:00:00,1327.970880348445
2019-07-31 01:00:00,1327.4008241792594
2019-08-01 01:00:00,1326.631940927357
2019-08-02 01:00:00,1325.6559917488541
2019-08-04 01:00:00,1322.968027563427
2019-08-05 01:00:00,1321.1685589097474
2019-08-06 01:00:00,1319.0046635446529
2019-08-07 01:00:00,1316.4449480010308
2019-08-08 01:00:00,1313.479142845668
2019-08-09 01:00:00,1310.1211228639813
2019-08-11 01:00:00,1302.3871446757546
2019-08-12 01:00:00,1298.1208410414736
2019-08-13 01:00:00,1293.6639743683152
2019-08-14 01:00:00,1289.0626643768135
2019-08-15 01:00:00,1284.346995152192
2019-08-16 01:00:00,1279.5277620414056
2019-08-18 01:00:00,1269.5271133089395
2019-08-19 01:00:00,1264.2842186371902
2019-08-20 01:00:00,1258.828814023849
2019-08-21 01:00:00,1253.1291030262396
2019-08-22 01:00:00,1247.1697067071184
2019-08-23 01:00:00,1240.959262590168
2019-08-25 01:00:00,1228.3611820106657
2019-08-26 01:00:00,1222.9243332042702
2019-08-27 01:00:00,1217.514009312319
2019-08-28 01:00:00,1212.215731192689
2019-08-29 01:00:00,1207.0911784728733
2019-08-30 01:00:00,1202.164909820837
2019-09-01 01:00:00,1192.7965345696748
2019-09-02 01:00:00,1188.2209299329224
2019-09-03 01:00:00,1183.613860050345
2019-09-04 01:00:00,1179.931117323873
2019-09-05 01:00:00,1177.6817188528892
2019-09-06 01:00:00,1175.3058604027153
2019-09-08 01:00:00,1170.4058823780986
2019-09-09 01:00:00,1168.0421032707118
2019-09-10 01:00:00,1165.8421809445633
2019-09-11 01:00:00,1163.8648008378389
2019-09-12 01:00:00,1162.1397981703296
2019-09-13 01:00:00,1160.663363454926
2019-09-15 01:00:00,1159.6731095026148
2019-09-16 01:00:00,1159.5575791586743
2019-09-17 01:00:00,1159.3766002745845
2019-09-18 01:00:00,1159.0492722534937
2019-09-19 01:00:00,1158.5177312795226
2019-09-20 01:00:00,1157.7583510980535
2019-09-22 01:00:00,1155.6620654578944
2019-09-23 01:00:00,1154.4683633124314
2019-09-24 01:00:00,1153.309341261973
2019-09-25 01:00:00,1152.2826178769449
2019-09-26 01:00:00,1151.4586629707744
2019-09-27 01:00:00,1150.8626566472153
2019-09-29 01:00:00,1149.8751752942057
2019-09-30 01:00:00,1149.2054148909115
2019-10-01 01:00:00,1148.4746588879093
2019-10-02 01:00:00,1147.6318079076868
2019-10-03 01:00:00,1146.6519722366047
2019-10-04 01:00:00,1145.5405246738435
2019-10-06 01:00:00,1143.0711490198269
2019-10-07 01:00:00,1141.8231487498629
2019-10-08 01:00:00,1140.6413445441299
2019-10-09 01:00:00,1139.5682235792963
2019-10-10 01:00:00,1138.6263736603403
2019-10-11 01:00:00,1137.8148798614848
2019-10-13 01:00:00,1136.4655173704841
2019-10-14 01:00:00,1135.8259481383297
2019-10-15 01:00:00,1135.1289322949906
2019-10-16 01:00:00,1134.318253251835
2019-10-17 01:00:00,1133.3523141587411
2019-10-18 01:00:00,1132.2111028091617
2019-10-20 01:00:00,1129.4475663055641
2019-10-21 01:00:00,1127.9030602050511
2019-10-22 01:00:00,1126.3240241006888
2019-10-23 01:00:00,1124.7652632314132
2019-10-24 01:00:00,1123.265492739139
2019-10-25 01:00:00,1121.836530367987
2019-10-27 01:00:00,1119.081300691923
2019-10-28 00:00:00,1117.6995673611218
2019-10-29 00:00:00,1116.1220446797404
2019-10-30 00:00:00,1114.3451611438832
2019-10-31 00:00:00,1112.5359542158371
2019-11-01 00:00:00,1112.7138337890149
2019-11-03 00:00:00,1113.2580293157341
2019-11-04 00:00:00,1113.7342568219722
2019-11-05 00:00:00,1114.4210088865002
2019-11-06 00:00:00,1115.3592494292209
2019-11-07 00:00:00,1116.568052711567
2019-11-08 00:00:00,1118.0397529206919
2019-11-10 00:00:00,1121.6044104604105
2019-11-11 00:00:00,1123.5571389651448
2019-11-12 00:00:00,1125.5079272185612
2019-11-13 00:00:00,1127.3689392684664
2019-11-14 00:00:00,1129.064152543239
2019-11-15 00:00:00,1130.5381254127356
2019-11-17 00:00:00,1132.7318620503513
2019-11-18 00:00:00,1133.470841136556
2019-11-19 00:00:00,1134.0160267195863
2019-11-20 00:00:00,1134.4109910910536
2019-11-21 00:00:00,1134.6943616126696
2019-11-22 00:00:00,1134.890949871426
2019-11-24 00:00:00,1135.0296195074
2019-11-25 00:00:00,1135.8302861762158
2019-11-26 00:00:00,1137.6358357906552
2019-11-27 00:00:00,1139.2733942916427
2019-11-28 00:00:00,1140.734364463174
2019-11-29 00:00:00,1142.0261627261577
2019-12-01 00:00:00,1144.2036109790633
2019-12-02 00:00:00,1145.1622736506495
2019-12-03 00:00:00,1146.086104739543
2019-12-04 00:00:00,1144.6936562361425
2019-12-05 00:00:00,1143.1516417366006
2019-12-06 00:00:00,1141.6013960999876
2019-12-08 00:00:00,1138.4816276623812
2019-12-09 00:00:00,1136.9062690431192
2019-12-10 00:00:00,1135.3136844945045
2019-12-11 00:00:00,1133.6987170929074
2019-12-12 00:00:00,1133.3714520906153
2019-12-13 00:00:00,1133.9573993167392
2019-12-15 00:00:00,1135.0536929420568
2019-12-16 00:00:00,1135.5751871141506
2019-12-17 00:00:00,1136.0880868913255
2019-12-18 00:00:00,1136.5985717683698
2019-12-19 00:00:00,1137.1108372423187
2019-12-20 00:00:00,1137.6263699853932
2019-12-22 00:00:00,1138.6611015388828
2019-12-23 00:00:00,1139.1734359164527
2019-12-24 00:00:00,1139.6775998022304
2019-12-25 00:00:00,1140.1712261528214
2019-12-26 00:00:00,1140.6535115837412
2019-12-27 00:00:00,1141.1250950625358
2019-12-29 00:00:00,1142.042766181842
2019-12-30 00:00:00,1142.4921680201994
2019-12-31 00:00:00,1142.9363402476827
2020-01-01 00:00:00,1143.3747536827348
2020-01-02 00:00:00,1143.8058696075116
2020-01-03 00:00:00,1145.0612402005177
2020-01-05 00:00:00,1146.6146733485295
2020-01-06 00:00:00,1146.5571316777125
2020-01-07 00:00:00,1146.4932159606592
2020-01-08 00:00:00,1146.4200038548402
2020-01-09 00:00:00,1146.173226384113
2020-01-10 00:00:00,1145.620145434096
2020-01-12 00:00:00,1144.3918406608163
2020-01-13 00:00:00,1145.5330457179045
2020-01-14 00:00:00,1147.9031318583448
2020-01-15 00:00:00,1150.276406971447
2020-01-16 00:00:00,1152.6721852284973
2020-01-17 00:00:00,1155.1067762157381
2020-01-19 00:00:00,1160.1176709846322
2020-01-20 00:00:00,1162.6795085549165
2020-01-21 00:00:00,1165.2532300327164
2020-01-22 00:00:00,1167.8126744103079
2020-01-23 00:00:00,1170.3320870867155
2020-01-24 00:00:00,1172.7910156141227
2020-01-26 00:00:00,1177.4931916761082
2020-01-27 00:00:00,1179.7474782486897
2020-01-28 00:00:00,1181.9616367250394
2020-01-29 00:00:00,1184.162188350231
2020-01-30 00:00:00,1186.3765697606514
2020-01-31 00:00:00,1188.627635419126
2020-02-02 00:00:00,1193.2785133811567
2020-02-03 00:00:00,1195.6615305560204
2020-02-04 00:00:00,1198.0463711028726
2020-02-05 00:00:00,1200.3902407129376
2020-02-06 00:00:00,1202.6444817580543
2020-02-07 00:00:00,1204.7620909908146
2020-02-09 00:00:00,1208.4551922933201
2020-02-10 00:00:00,1210.0104673509882
2020-02-11 00:00:00,1211.3917899415412
2020-02-12 00:00:00,1212.6328632776656
2020-02-13 00:00:00,1213.7706166631892
2020-02-14 00:00:00,1214.8333882736629
2020-02-16 00:00:00,1216.75359314705
2020-02-17 00:00:00,1217.5673046939562
2020-02-18 00:00:00,1218.2271592183504
2020-02-19 00:00:00,1218.6838813329673
2020-02-20 00:00:00,1218.8949111284824
2020-02-21 00:00:00,1218.8334953924104
2020-02-23 00:00:00,1217.9002096673537
2020-02-24 00:00:00,1217.0937336001807
2020-02-25 00:00:00,1216.1404071803445
2020-02-26 00:00:00,1214.7424119840514
2020-02-27 00:00:00,1211.9712590964475
2020-02-28 00:00:00,1209.3412171334978
2020-03-01 00:00:00,1204.789679060526
2020-03-02 00:00:00,1202.9152294765208
2020-03-03 00:00:00,1201.2716737266885
2020-03-04 00:00:00,1199.7888938956544
2020-03-05 00:00:00,1198.3781352074702
2020-03-06 00:00:00,1196.950328550746
2020-03-08 00:00:00,1193.8035979945364
2020-03-09 00:00:00,1192.069149213798
2020-03-10 00:00:00,1190.296470563055
2020-03-11 00:00:00,1188.5827591950924
2020-03-12 00:00:00,1187.0337090125886
2020-03-13 00:00:00,1185.7362808684
2020-03-15 00:00:00,1184.0234534124043
2020-03-16 00:00:00,1183.5435333180026
2020-03-17 00:00:00,1183.2026230621063
2020-03-18 00:00:00,1182.8916351770454
2020-03-19 00:00:00,1182.5062146388746
2020-03-20 00:00:00,1181.9648279031242
2020-03-22 00:00:00,1181.93413952149
2020-03-23 00:00:00,1181.9143232237923
2020-03-24 00:00:00,1181.800592441502
2020-03-25 00:00:00,1181.6853584336052
2020-03-26 00:00:00,1181.6670761009132
2020-03-27 00:00:00,1181.833900038635
2020-03-29 00:00:00,1182.940138026957
2020-03-30 01:00:00,1183.9375776202417
2020-03-31 01:00:00,1185.1084090981076
2020-04-01 01:00:00,1186.7473455910394
2020-04-02 01:00:00,1189.3260723554372
2020-04-03 01:00:00,1191.8251783249655
2020-04-05 01:00:00,1196.304941960613
2020-04-06 01:00:00,1198.2550036989617
2020-04-07 01:00:00,1200.0743581262927
2020-04-08 01:00:00,1201.8581161539566
2020-04-09 01:00:00,1203.7129169446791
2020-04-12 01:00:00,1210.4104112221064
2020-04-13 01:00:00,1213.0336932643831
2020-04-14 01:00:00,1215.752226546758
2020-04-15 01:00:00,1218.4707141822903
2020-04-16 01:00:00,1221.096579724242
2020-04-17 01:00:00,1223.5566659042154
2020-04-19 01:00:00,1227.848185196751
2020-04-20 01:00:00,1229.704854135081
2020-04-21 01:00:00,1231.4387428364275
2020-04-22 01:00:00,1233.127851073219
2020-04-23 01:00:00,1234.8549475573332
2020-04-24 01:00:00,1236.6938060372295
2020-04-26 01:00:00,1240.8884927018046
2020-04-27 01:00:00,1243.2575090229784
2020-04-28 01:00:00,1245.7619955574507
2020-04-29 01:00:00,1248.3339602524209
2020-04-30 01:00:00,1250.890786630401
2020-05-01 01:00:00,1253.3496531314051
2020-05-03 01:00:00,1257.7321374161932
2020-05-04 01:00:00,1259.614987864834
2020-05-05 01:00:00,1261.3257268075338
2020-05-06 01:00:00,1262.925410837442
2020-05-07 01:00:00,1264.4842986974809
2020-05-08 01:00:00,1266.0636139440878
2020-05-10 01:00:00,1269.3942054116822
2020-05-11 01:00:00,1271.1182469436708
2020-05-12 01:00:00,1272.8167694125682
2020-05-13 01:00:00,1274.4224160987521
2020-05-14 01:00:00,1275.868226901885
2020-05-15 01:00:00,1277.099110070421
2020-05-17 01:00:00,1278.79990689063
2020-05-18 01:00:00,1279.2714227763424
2020-05-19 01:00:00,1279.5267081373543
2020-05-20 01:00:00,1279.610503349749
2020-05-21 01:00:00,1279.5718165003527
2020-05-22 01:00:00,1279.4556240590528
2020-05-24 01:00:00,1286.0130080608114
2020-05-25 01:00:00,1289.8515305858625
2020-05-26 01:00:00,1293.6093622225153
2020-05-27 01:00:00,1297.2526400173333
2020-05-28 01:00:00,1300.7411334192866
2020-05-29 01:00:00,1306.3443416343273
2020-05-31 01:00:00,1317.3999205692771
2020-06-01 01:00:00,1322.4459646511302
2020-06-02 01:00:00,1327.1812919171116
2020-06-03 01:00:00,1331.6222279940769
2020-06-04 01:00:00,1335.7864783057241
2020-06-05 01:00:00,1339.6881655502434
2020-06-07 01:00:00,1346.724292888635
2020-06-08 01:00:00,1349.8488893622573
2020-06-09 01:00:00,1352.6943452963742
2020-06-10 01:00:00,1355.2445583540634
2020-06-11 01:00:00,1357.4842242730278
2020-06-12 01:00:00,1359.4011136108531
2020-06-14 01:00:00,1362.2396871405858
2020-06-15 01:00:00,1363.1588476774164
2020-06-16 01:00:00,1363.748360521906
2020-06-17 01:00:00,1364.0131659456379
2020-06-18 01:00:00,1363.9584901814253
2020-06-19 01:00:00,1363.589278551581
2020-06-21 01:00:00,1361.927443121073
2020-06-22 01:00:00,1360.6486633151833
2020-06-23 01:00:00,1359.0866831032595
2020-06-24 01:00:00,1357.2606061755762
2020-06-25 01:00:00,1355.1973679307293
2020-06-26 01:00:00,1352.9321162155952
2020-06-28 01:00:00,1347.970409436635
2020-06-29 01:00:00,1345.3708600955604
2020-06-30 01:00:00,1342.7571236436852
2020-07-01 01:00:00,1340.174313924675
2020-07-02 01:00:00,1337.6635223266671
2020-07-03 01:00:00,1335.262365796749
2020-07-05 01:00:00,1330.933497257097
2020-07-06 01:00:00,1329.0814267044095
2020-07-07 01:00:00,1327.4931206358012
2020-07-08 01:00:00,1326.2142198998893
2020-07-09 01:00:00,1325.2919109780946
2020-07-10 01:00:00,1324.7722900783274
2020-07-12 01:00:00,1325.1003441814128
2020-07-13 01:00:00,1326.00554438689
2020-07-14 01:00:00,1327.4239356321395
2020-07-15 01:00:00,1329.3542338234993
2020-07-16 01:00:00,1331.7839929346944
2020-07-17 01:00:00,1334.6925334690402
2020-07-19 01:00:00,1341.8480192689717
2020-07-20 01:00:00,1346.0533519281635
2020-07-21 01:00:00,1350.663470708955
2020-07-22 01:00:00,1355.6831700590149
2020-07-23 01:00:00,1361.129175085957
2020-07-24 01:00:00,1367.0263030676158
2020-07-26 01:00:00,1380.271682393372
2020-07-27 01:00:00,1387.6442168918434
2020-07-28 01:00:00,1395.504564391942
2020-07-29 01:00:00,1403.81987440001
2020-07-30 01:00:00,1412.542183514627
2020-07-31 01:00:00,1420.070052240241
2020-08-02 01:00:00,1431.9095172142463
2020-08-03 01:00:00,1437.9814909043114
2020-08-04 01:00:00,1443.4692658700342
2020-08-05 01:00:00,1445.8336225466535
2020-08-06 01:00:00,1448.9872815241476
2020-08-07 01:00:00,1453.4930081440727
2020-08-09 01:00:00,1462.7319075471776
2020-08-10 01:00:00,1467.4688488238705
2020-08-11 01:00:00,1472.2784763409127
2020-08-12 01:00:00,1477.1496562699674
2020-08-13 01:00:00,1482.0664143138138
2020-08-14 01:00:00,1487.0095555831745
2020-08-16 01:00:00,1496.8966221193978
2020-08-17 01:00:00,1501.809005685361
2020-08-18 01:00:00,1506.6899019381299
2020-08-19 01:00:00,1511.5414448999245
2020-08-20 01:00:00,1516.373743708386
2020-08-21 01:00:00,1521.2025260664243
2020-08-23 01:00:00,1530.9159565936
2020-08-24 01:00:00,1535.8222950959375
2020-08-25 01:00:00,1540.762525018471
2020-08-26 01:00:00,1545.4817092626101
2020-08-27 01:00:00,1548.2656856607412
2020-08-28 01:00:00,1551.0324549348438
2020-08-30 01:00:00,1556.4465942147453
2020-08-31 01:00:00,1559.074478784911
2020-09-01 01:00:00,1561.649533474352
2020-09-02 01:00:00,1564.1814178808172
2020-09-03 01:00:00,1565.4940301120532
2020-09-04 01:00:00,1565.7595100791762
2020-09-06 01:00:00,1566.3196062119155
2020-09-07 01:00:00,1566.6408199299722
2020-09-08 01:00:00,1566.9963825157058
2020-09-09 01:00:00,1567.3820143382661
2020-09-10 01:00:00,1567.7864269309628
2020-09-11 01:00:00,1568.1931117375113
2020-09-13 01:00:00,1568.9383044499941
2020-09-14 01:00:00,1569.2452469833902
2020-09-15 01:00:00,1569.4980634949948
2020-09-16 01:00:00,1569.7004366432304
2020-09-17 01:00:00,1569.8653954603158
2020-09-18 01:00:00,1570.0126600191068
2020-09-20 01:00:00,1570.3372068836431
2020-09-21 01:00:00,1570.5421296226305
2020-09-22 01:00:00,1570.7774092955656
2020-09-23 01:00:00,1571.031230714765
2020-09-24 01:00:00,1571.2840941692698
2020-09-25 01:00:00,1569.8344657852144
2020-09-27 01:00:00,1564.542985855551
2020-09-28 01:00:00,1561.8541178214602
2020-09-29 01:00:00,1559.1389751765926
2020-09-30 01:00:00,1556.4099377053642
2020-10-01 01:00:00,1553.6858130162348
2020-10-02 01:00:00,1550.9890833244156
2020-10-04 01:00:00,1545.7675728006666
2020-10-05 01:00:00,1543.27926718105
2020-10-06 01:00:00,1540.8874012157276
2020-10-07 01:00:00,1538.5947149443862
2020-10-08 01:00:00,1536.3977617744474
2020-10-09 01:00:00,1534.288520194377
2020-10-11 01:00:00,1530.2936851568581
2020-10-12 01:00:00,1528.3941155207442
2020-10-13 01:00:00,1526.5604601499654
2020-10-14 01:00:00,1524.8038524647764
2020-10-15 01:00:00,1523.144031971321
2020-10-16 01:00:00,1521.6067561676487
2020-10-18 01:00:00,1519.0039113580474
2020-10-19 01:00:00,1517.974289838449
2020-10-20 01:00:00,1517.1305038199985
2020-10-21 01:00:00,1516.4589938459594
2020-10-22 01:00:00,1515.9338477122449
2020-10-23 01:00:00,1515.5197947405404
2020-10-25 01:00:00,1514.8593355602334
2020-10-26 00:00:00,1514.5436230055725
2020-10-27 00:00:00,1514.1641144652363
2020-10-28 00:00:00,1513.702561070034
2020-10-29 00:00:00,1513.1338477183722
2020-10-30 00:00:00,1512.43974222024
2020-11-01 00:00:00,1510.6325142982935
2020-11-02 00:00:00,1509.5092078202647
2020-11-03 00:00:00,1508.23722460322
2020-11-04 00:00:00,1506.8164021785337
2020-11-05 00:00:00,1505.2467952764289
2020-11-06 00:00:00,1503.528526067723
2020-11-08 00:00:00,1499.6502628660955
2020-11-09 00:00:00,1497.497689719978
2020-11-10 00:00:00,1494.362773760409
2020-11-11 00:00:00,1489.412587417513
2020-11-12 00:00:00,1484.3892825356402
2020-11-13 00:00:00,1479.3150940589599
2020-11-15 00:00:00,1469.1033618917124
2020-11-16 00:00:00,1464.002254514596
2020-11-17 00:00:00,1458.9191425979398
2020-11-18 00:00:00,1453.857371897035
2020-11-19 00:00:00,1448.815413695087
2020-11-20 00:00:00,1443.7889585873481
2020-11-22 00:00:00,1433.7643663594251
2020-11-23 00:00:00,1428.7615242097463
2020-11-24 00:00:00,1423.7663250406
2020-11-25 00:00:00,1418.7830093656937
2020-11-26 00:00:00,1413.817520084187
2020-11-27 00:00:00,1408.8764181798883
2020-11-29 00:00:00,1399.090331762224
2020-11-30 00:00:00,1394.2527970473795
2020-12-01 00:00:00,1389.4537647979487
2020-12-02 00:00:00,1384.691810639026
2020-12-03 00:00:00,1379.963968538452
2020-12-04 00:00:00,1375.2664113088713
2020-12-06 00:00:00,1365.9471675802222
2020-12-07 00:00:00,1361.3201751283916
2020-12-08 00:00:00,1356.7136248359516
2020-12-09 00:00:00,1352.1281270100017
2020-12-10 00:00:00,1347.5649819063751
2020-12-11 00:00:00,1343.0254571886874
2020-12-13 00:00:00,1334.0178829789136
2020-12-14 00:00:00,1329.5471646811325
2020-12-15 00:00:00,1323.7600037104721
2020-12-16 00:00:00,1316.1749015253663
2020-12-17 00:00:00,1308.5910648856798
2020-12-18 00:00:00,1301.0084025400874
2020-12-20 00:00:00,1285.8672315237932
2020-12-21 00:00:00,1278.325487982726
2020-12-22 00:00:00,1270.8681195754818
2020-12-23 00:00:00,1263.6151695650276
2020-12-24 00:00:00,1256.3961816445271
2020-12-27 00:00:00,1234.848268216252
2020-12-28 00:00:00,1227.65049705103
2020-12-29 00:00:00,1220.4178576033037
2020-12-30 00:00:00,1213.139349319328
2020-12-31 00:00:00,1205.811560305062
2021-01-03 00:00:00,1177.3183600399204
2021-01-04 00:00:00,1167.326574437552
2021-01-05 00:00:00,1157.410863009697
2021-01-06 00:00:00,1147.599494914432
2021-01-07 00:00:00,1137.8997563540993
2021-01-08 00:00:00,1128.2947561937322
2021-01-10 00:00:00,1109.2003825751096
2021-01-11 00:00:00,1102.2285974089532
2021-01-12 00:00:00,1096.337349956911
2021-01-13 00:00:00,1092.299514726349
2021-01-14 00:00:00,1088.1143562603443
2021-01-15 00:00:00,1083.8102354204661
2021-01-17 00:00:00,1075.0519232520498
2021-01-18 00:00:00,1070.7129552346535
2021-01-19 00:00:00,1066.4604405835016
2021-01-20 00:00:00,1062.311061176271
2021-01-21 00:00:00,1058.2525720629608
2021-01-22 00:00:00,1054.2441050527698
2021-01-24 00:00:00,1046.103832610464
2021-01-25 00:00:00,1041.8087592153215
2021-01-26 00:00:00,1037.2605305834536
2021-01-27 00:00:00,1032.4038448516885
2021-01-28 00:00:00,1027.2130031592515
2021-01-29 00:00:00,1021.6974390706062
2021-01-31 00:00:00,1009.8962584239501
2021-02-01 00:00:00,1003.766944633067
2021-02-02 00:00:00,997.5932621273346
2021-02-03 00:00:00,991.4320750015971
2021-02-04 00:00:00,985.3042830220918
2021-02-05 00:00:00,979.1913689864059
2021-02-07 00:00:00,968.3919456570194
2021-02-08 00:00:00,964.232932290706
2021-02-09 00:00:00,959.8538853696675
2021-02-10 00:00:00,955.2446725865875
2021-02-11 00:00:00,950.43811114788
2021-02-12 00:00:00,946.2782970079566
2021-02-14 00:00:00,943.4933029456536
2021-02-15 00:00:00,945.2334757363978
2021-02-16 00:00:00,948.6632955352676
2021-02-17 00:00:00,951.9296937309553
2021-02-18 00:00:00,955.0361765927818
2021-02-19 00:00:00,957.955368644835
2021-02-21 00:00:00,962.9958959086186
2021-02-22 00:00:00,964.9671076519392
2021-02-23 00:00:00,966.4786749638827
2021-02-24 00:00:00,967.4876678946035
2021-02-25 00:00:00,967.9883463713965
2021-02-26 00:00:00,968.0191957351325
2021-02-28 00:00:00,967.0312605866844
2021-03-01 00:00:00,966.2546033582391
2021-03-02 00:00:00,965.4477428259071
2021-03-03 00:00:00,964.6907245108769
2021-03-04 00:00:00,964.0118409916677
2021-03-05 00:00:00,963.3833484228298
2021-03-07 00:00:00,964.7778655940549
2021-03-08 00:00:00,965.4250485597138
2021-03-09 00:00:00,965.8449450114406
2021-03-10 00:00:00,965.9896444830767
2021-03-11 00:00:00,965.8592385990173
2021-03-12 00:00:00,965.500506028508
2021-03-14 00:00:00,964.4506790720598
2021-03-15 00:00:00,963.9666142176106
2021-03-16 00:00:00,963.6314866339094
2021-03-17 00:00:00,963.5018321213222
2021-03-18 00:00:00,963.5959747373622
2021-03-19 00:00:00,963.8927930618438
2021-03-21 00:00:00,964.8465871128649
2021-03-22 00:00:00,965.331065741279
2021-03-23 00:00:00,965.7023275659777
2021-03-24 00:00:00,965.8928014162635
2021-03-25 00:00:00,965.8684747700358
2021-03-26 00:00:00,965.6372730480866
2021-03-28 00:00:00,966.8757808166547
2021-03-29 01:00:00,968.0133960643255
2021-03-30 01:00:00,969.1781809008598
2021-03-31 01:00:00,970.4516169303918
2021-04-01 01:00:00,971.8439613901704
2021-04-04 01:00:00,976.4379408258158
2021-04-05 01:00:00,977.9345765455447
2021-04-06 01:00:00,979.3312466137788
2021-04-07 01:00:00,980.602691709553
2021-04-08 01:00:00,981.7472097156432
2021-04-09 01:00:00,982.78547425921
2021-04-11 01:00:00,984.703471988676
2021-04-12 01:00:00,985.677610674604
2021-04-13 01:00:00,986.7177578570195
2021-04-14 01:00:00,987.8508062526028
2021-04-15 01:00:00,989.0872082371133
2021-04-16 01:00:00,990.4204794114694
2021-04-18 01:00:00,993.2812627143849
2021-04-19 01:00:00,994.7393156932459
2021-04-20 01:00:00,996.1676146282794
2021-04-21 01:00:00,997.5386164814762
2021-04-22 01:00:00,998.8387659704367
2021-04-23 01:00:00,1000.0720728927829
2021-04-25 01:00:00,1002.4402011946222
2021-04-26 01:00:00,1003.8556126667025
2021-04-27 01:00:00,1006.8650370976088
2021-04-28 01:00:00,1009.9380995234461
2021-04-29 01:00:00,1013.0791800942919
2021-04-30 01:00:00,1016.2749034467357
2021-05-02 01:00:00,1022.7094490261742
2021-05-03 01:00:00,1025.8755851229687
2021-05-04 01:00:00,1028.9659550400763
2021-05-05 01:00:00,1031.9627028167847
2021-05-06 01:00:00,1034.8614256905125
2021-05-07 01:00:00,1037.6700810168616
2021-05-09 01:00:00,1043.0899004001014
2021-05-10 01:00:00,1045.744239495521
2021-05-11 01:00:00,1049.1182360495818
2021-05-12 01:00:00,1054.537549289494
2021-05-13 01:00:00,1059.7934873422105
2021-05-14 01:00:00,1064.8817644577084
2021-05-16 01:00:00,1074.528134395842
2021-05-17 01:00:00,1079.0698074490906
2021-05-18 01:00:00,1083.8759603053222
2021-05-19 01:00:00,1090.4444814211681
2021-05-20 01:00:00,1096.819391442289
2021-05-21 01:00:00,1102.9970142715315
2021-05-23 01:00:00,1114.7373942151728
2021-05-24 01:00:00,1120.287117378623
2021-05-25 01:00:00,1125.6157324420797
2021-05-26 01:00:00,1130.7199817887433
2021-05-27 01:00:00,1135.5991120194246
2021-05-28 01:00:00,1140.2547799042088
2021-05-30 01:00:00,1150.9135061642357
2021-05-31 01:00:00,1157.4627008626674
2021-06-01 01:00:00,1163.9567875356984
2021-06-02 01:00:00,1170.3979905540339
2021-06-03 01:00:00,1176.788740389894
2021-06-04 01:00:00,1183.1322887811355
2021-06-06 01:00:00,1195.698102056056
2021-06-07 01:00:00,1201.935018645974
2021-06-08 01:00:00,1208.1539305247181
2021-06-09 01:00:00,1214.3659252122716
2021-06-10 01:00:00,1220.5826076756582
2021-06-11 01:00:00,1226.815339333445
2021-06-13 01:00:00,1239.3688814839693
2021-06-14 01:00:00,1245.705380265349
2021-06-15 01:00:00,1252.0890191149012
2021-06-16 01:00:00,1258.5234177009872
2021-06-17 01:00:00,1265.0116186519133
2021-06-18 01:00:00,1271.557125453887
2021-06-20 01:00:00,1284.8419739361298
2021-06-21 01:00:00,1291.5974583823927
2021-06-22 01:00:00,1298.4417380924533
2021-06-23 01:00:00,1305.385054464705
2021-06-24 01:00:00,1312.4357324512332
2021-06-25 01:00:00,1319.5985727902755
2021-06-27 01:00:00,1334.2575911473498
2021-06-28 01:00:00,1341.7420691930029
2021-06-29 01:00:00,1349.3180573932234
2021-06-30 01:00:00,1356.976618315455
2021-07-01 01:00:00,1364.7109859649688
2021-07-02 01:00:00,1371.8272717945665
2021-07-04 01:00:00,1384.9522231617268
2021-07-05 01:00:00,1391.6345099062999
2021-07-06 01:00:00,1398.4078679957138
2021-07-07 01:00:00,1405.280890089163
2021-07-08 01:00:00,1409.8624405379207
2021-07-09 01:00:00,1414.4084761842378
2021-07-11 01:00:00,1423.8202287513252
2021-07-12 01:00:00,1428.670554877161
2021-07-13 01:00:00,1433.6006065120482
2021-07-14 01:00:00,1439.1531215610191
2021-07-15 01:00:00,1445.3642268937447
2021-07-16 01:00:00,1451.6153755591306
2021-07-18 01:00:00,1464.2268864732994
2021-07-19 01:00:00,1470.5970995994442
2021-07-20 01:00:00,1477.0241900768829
2021-07-21 01:00:00,1483.519728073559
2021-07-22 01:00:00,1490.0919857066792
2021-07-23 01:00:00,1495.399702616973
2021-07-25 01:00:00,1503.7157262958008
2021-07-26 01:00:00,1507.9382907890656
2021-07-27 01:00:00,1512.175572071072
2021-07-28 01:00:00,1516.4066912363112
2021-07-29 01:00:00,1520.6149911814932
2021-07-30 01:00:00,1524.2054122923632
2021-08-01 01:00:00,1529.4905654792478
2021-08-02 01:00:00,1531.4825311246937
2021-08-03 01:00:00,1529.77805626834
2021-08-04 01:00:00,1528.1068815069539
2021-08-05 01:00:00,1526.4842517678542
2021-08-06 01:00:00,1524.9201461058472
2021-08-08 01:00:00,1521.9721851544632
2021-08-09 01:00:00,1520.5722254142865
2021-08-10 01:00:00,1519.201047110699
2021-08-11 01:00:00,1517.8399585849736
2021-08-12 01:00:00,1512.5012382966486
2021-08-13 01:00:00,1507.1698568007348
2021-08-15 01:00:00,1496.5974799358285
2021-08-16 01:00:00,1491.3779759687689
2021-08-17 01:00:00,1486.2277789026023
2021-08-18 01:00:00,1481.1675677236353
2021-08-19 01:00:00,1476.2142091021185
2021-08-20 01:00:00,1473.2429951866297
2021-08-22 01:00:00,1467.9166463453575
2021-08-23 01:00:00,1465.3252100817158
2021-08-24 01:00:00,1462.7562632622266
2021-08-25 01:00:00,1460.1905839503527
2021-08-26 01:00:00,1457.6133374017002
2021-08-27 01:00:00,1455.0166634848263
2021-08-29 01:00:00,1449.7737578956726
2021-08-30 01:00:00,1447.1497587831261
2021-08-31 01:00:00,1444.5468082063921
2021-09-01 01:00:00,1441.9837491973678
2021-09-02 01:00:00,1439.477194761036
2021-09-03 01:00:00,1437.0387229628072
2021-09-05 01:00:00,1432.3755163993808
2021-09-06 01:00:00,1430.1355126834828
2021-09-07 01:00:00,1427.9355617144888
2021-09-08 01:00:00,1425.7563261487435
2021-09-09 01:00:00,1423.58065540104
2021-09-10 01:00:00,1421.3977739696354
2021-09-12 01:00:00,1417.0149289667986
2021-09-13 01:00:00,1414.8415235210086
2021-09-14 01:00:00,1412.7092087331284
2021-09-15 01:00:00,1410.6420845125058
2021-09-16 01:00:00,1408.6605927541464
2021-09-17 01:00:00,1406.7779964898957
2021-09-19 01:00:00,1403.3182188426183
2021-09-20 01:00:00,1401.7260886582415
2021-09-21 01:00:00,1400.2085978052294
2021-09-22 01:00:00,1398.7528970600777
2021-09-23 01:00:00,1397.3502420564712
2021-09-24 01:00:00,1395.998280053284
2021-09-26 01:00:00,1393.473685654654
2021-09-27 01:00:00,1392.3310741216508
2021-09-28 01:00:00,1391.2956069299044
2021-09-29 01:00:00,1390.3894112596906
2021-09-30 01:00:00,1389.632284116868
2021-10-01 01:00:00,1389.0386794041008
2021-10-03 01:00:00,1388.358450349051
2021-10-04 01:00:00,1388.2553057407479
2021-10-05 01:00:00,1388.2830361419062
2021-10-06 01:00:00,1388.4120102684135
2021-10-07 01:00:00,1388.6088976068395
2021-10-08 01:00:00,1388.8402141856322
2021-10-10 01:00:00,1389.121591107341
2021-10-11 01:00:00,1390.7691310688147
2021-10-12 01:00:00,1392.2530770319347
2021-10-13 01:00:00,1393.4624772783154
2021-10-14 01:00:00,1394.2986201848814
2021-10-15 01:00:00,1394.68189255016
2021-10-17 01:00:00,1393.887717164529
2021-10-18 01:00:00,1392.6674554351769
2021-10-19 01:00:00,1390.9032575856895
2021-10-20 01:00:00,1388.6173125495957
2021-10-21 01:00:00,1385.8409838214195
2021-10-22 01:00:00,1382.6106253707007
2021-10-24 01:00:00,1374.939484591268
2021-10-25 01:00:00,1370.57179675002
2021-10-26 01:00:00,1365.89449530859
2021-10-27 01:00:00,1360.9387053510955
2021-10-28 01:00:00,1355.7340776078597
2021-10-29 01:00:00,1350.309659994683
2021-10-31 01:00:00,1338.9191433240846
2021-11-01 00:00:00,1333.2620416976433
2021-11-02 00:00:00,1327.2600882585527
2021-11-03 00:00:00,1321.1858649688018
2021-11-04 00:00:00,1315.0650095949793
2021-11-05 00:00:00,1308.918413336903
2021-11-07 00:00:00,1296.6028415936194
2021-11-08 00:00:00,1290.4477276534353
2021-11-09 00:00:00,1284.2972361090508
2021-11-10 00:00:00,1278.1514333746823
2021-11-11 00:00:00,1272.8782770001071
2021-11-12 00:00:00,1268.620157619186
2021-11-14 00:00:00,1260.1369968165657
2021-11-15 00:00:00,1255.9201752123413
2021-11-16 00:00:00,1251.726108028114
2021-11-17 00:00:00,1247.5587126475918
2021-11-18 00:00:00,1243.4205719997835
2021-11-19 00:00:00,1239.312752383264
2021-11-21 00:00:00,1231.1859719256572
2021-11-22 00:00:00,1227.1641491378316
2021-11-23 00:00:00,1223.168048478486
2021-11-24 00:00:00,1219.1968966357279
2021-11-25 00:00:00,1215.2509026935859
2021-11-26 00:00:00,1210.4385379007301
2021-11-28 00:00:00,1196.3733075513962
2021-11-29 00:00:00,1189.4045945976118
2021-11-30 00:00:00,1182.4811485186276
2021-12-01 00:00:00,1175.5996059240638
2021-12-02 00:00:00,1168.7520162006426
2021-12-03 00:00:00,1161.9274015504834
2021-12-05 00:00:00,1148.305992688975
2021-12-06 00:00:00,1141.500281997506
2021-12-07 00:00:00,1134.7043746833554
2021-12-08 00:00:00,1127.9321289494171
2021-12-09 00:00:00,1121.2015935107208
2021-12-10 00:00:00,1114.5306133900233
2021-12-12 00:00:00,1101.4127413307888
2021-12-13 00:00:00,1094.9678827503653
2021-12-14 00:00:00,1088.5857713352864
2021-12-15 00:00:00,1082.2479277797104
2021-12-16 00:00:00,1075.6982164123851
2021-12-17 00:00:00,1068.0021623270957
2021-12-19 00:00:00,1052.4339543210176
2021-12-20 00:00:00,1044.5483572564274
2021-12-21 00:00:00,1036.6154028264596
2021-12-22 00:00:00,1028.6719314507848
2021-12-23 00:00:00,1020.7677405229439
2021-12-26 00:00:00,997.8222723371482
2021-12-27 00:00:00,990.5520016475967
2021-12-28 00:00:00,983.476966485146
2021-12-29 00:00:00,976.5617464948521
2021-12-30 00:00:00,971.9186944745085
2021-12-31 00:00:00,968.9650544524068
2022-01-02 00:00:00,963.0190140312938
2022-01-03 00:00:00,959.9807587317472
2022-01-04 00:00:00,956.9307174933306
2022-01-05 00:00:00,953.9330246200848
2022-01-06 00:00:00,951.0670135692235
2022-01-07 00:00:00,948.4081531008012
2022-01-09 00:00:00,943.8975743880749
2022-01-10 00:00:00,942.0554048429967
2022-01-11 00:00:00,940.4402296681093
2022-01-12 00:00:00,938.9858578631563
2022-01-13 00:00:00,937.6160666413647
2022-01-14 00:00:00,936.257143496451
2022-01-16 00:00:00,933.3546399558088
2022-01-17 00:00:00,931.7636804123242
2022-01-18 00:00:00,930.0947014221749
2022-01-19 00:00:00,928.3904292722503
2022-01-20 00:00:00,926.7090461134605
2022-01-21 00:00:00,925.1112739241821
2022-01-23 00:00:00,922.331319925544
2022-01-24 00:00:00,921.1517068450828
2022-01-25 00:00:00,920.0449233595114
2022-01-26 00:00:00,918.9099354194934
2022-01-27 00:00:00,917.6188699015228
2022-01-28 00:00:00,916.0372930188946
2022-01-30 00:00:00,911.5750577577887
2022-01-31 00:00:00,908.5971183498292
2022-02-01 00:00:00,905.1532178410978
2022-02-02 00:00:00,901.3315413106208
2022-02-03 00:00:00,897.2479319179178
2022-02-04 00:00:00,893.0189299902116
2022-02-06 00:00:00,884.4548994515085
2022-02-07 00:00:00,880.1775565869254
2022-02-08 00:00:00,875.8677426328079
2022-02-09 00:00:00,871.456277869624
2022-02-10 00:00:00,866.8576700040152
2022-02-11 00:00:00,861.9868896627845
2022-02-13 00:00:00,851.182742765888
2022-02-14 00:00:00,845.2076437790413
2022-02-15 00:00:00,838.8881770456544
2022-02-16 00:00:00,832.2993889834804
2022-02-17 00:00:00,825.6797838403165
2022-02-18 00:00:00,819.1421722827688
2022-02-20 00:00:00,806.1627369824334
2022-02-21 00:00:00,799.8350189405173
2022-02-22 00:00:00,793.6138740997866
2022-02-23 00:00:00,787.438904155085
2022-02-24 00:00:00,781.2151801046691
2022-02-25 00:00:00,774.8336766658534
2022-02-27 00:00:00,761.2359341018732
2022-02-28 00:00:00,753.938331561427
2022-03-01 00:00:00,746.3405212927319
2022-03-02 00:00:00,738.5248877306348
2022-03-03 00:00:00,731.4167882314755
2022-03-04 00:00:00,726.1344285814544
2022-03-06 00:00:00,716.010480119264
2022-03-07 00:00:00,711.3914519953023
2022-03-08 00:00:00,707.0306365121542
2022-03-09 00:00:00,702.7775689388636
2022-03-10 00:00:00,698.5477137598834
2022-03-11 00:00:00,694.2537666940473
2022-03-13 00:00:00,685.1973439263261
2022-03-14 00:00:00,680.3669243241652
2022-03-15 00:00:00,675.3485356035933
2022-03-16 00:00:00,670.1953952713976
2022-03-17 00:00:00,664.9858552709504
2022-03-18 00:00:00,659.8096052976101
2022-03-20 00:00:00,649.8730367192089
2022-03-21 00:00:00,645.20397401468
2022-03-22 00:00:00,643.0667032693747
2022-03-23 00:00:00,641.8959410412308
2022-03-24 00:00:00,640.838720636006
2022-03-25 00:00:00,639.8074020083992
2022-03-27 00:00:00,637.5313518255298
2022-03-28 01:00:00,636.1576609426218
2022-03-29 01:00:00,635.1717783165723
2022-03-30 01:00:00,635.6005449578861
2022-03-31 01:00:00,636.0663139684942
2022-04-01 01:00:00,636.6409177292121
2022-04-03 01:00:00,638.3204740698645
2022-04-04 01:00:00,639.4600404649602
2022-04-05 01:00:00,640.7742818014958
2022-04-06 01:00:00,643.508735002164
2022-04-07 01:00:00,646.3498512654373
2022-04-08 01:00:00,649.1871566871109
2022-04-10 01:00:00,654.609032073889
2022-04-11 01:00:00,657.1115264067942
2022-04-12 01:00:00,659.4545017015505
2022-04-13 01:00:00,661.6482093217468
2022-04-14 01:00:00,663.7181628374325
2022-04-17 01:00:00,669.492510711143
2022-04-18 01:00:00,671.3289401724371
2022-04-19 01:00:00,673.1047769828591
2022-04-20 01:00:00,674.7812259527093
2022-04-21 01:00:00,676.307352562957
2022-04-22 01:00:00,677.6295158263134
2022-04-24 01:00:00,680.5128603769542
2022-04-25 01:00:00,683.750372449666
2022-04-26 01:00:00,686.5684812552922
2022-04-27 01:00:00,688.9726080161698
2022-04-28 01:00:00,690.9724817967417
2022-04-29 01:00:00,692.5777930635177
2022-05-01 01:00:00,694.9158629614604
2022-05-02 01:00:00,697.2125290298202
2022-05-03 01:00:00,699.1124101665307
2022-05-04 01:00:00,700.6027745476966
2022-05-05 01:00:00,701.6704151241386
2022-05-06 01:00:00,702.3040342835073
2022-05-08 01:00:00,702.2451545255165
2022-05-09 01:00:00,701.5546197237239
2022-05-10 01:00:00,700.4344168482716
2022-05-11 01:00:00,698.8992030315853
2022-05-12 01:00:00,696.9672767894954
2022-05-13 01:00:00,694.6592782806094
2022-05-15 01:00:00,689.0050726769841
2022-05-16 01:00:00,685.708407523004
2022-05-17 01:00:00,682.1372276512876
2022-05-18 01:00:00,678.3272260620118
2022-05-19 01:00:00,674.3212516002269
2022-05-20 01:00:00,670.1695233215505
2022-05-22 01:00:00,661.6562918716515
2022-05-23 01:00:00,657.4125206407007
2022-05-24 01:00:00,653.2511554743822
2022-05-25 01:00:00,649.2196562840873
2022-05-26 01:00:00,645.3572889179547
2022-05-27 01:00:00,641.6953180433688
2022-05-29 01:00:00,635.0669197221803
2022-05-30 01:00:00,632.8418643895412
2022-05-31 01:00:00,631.3567945051219
2022-06-01 01:00:00,630.176957873183
2022-06-02 01:00:00,629.3256587008457
2022-06-03 01:00:00,628.8286548905287
2022-06-05 01:00:00,629.0031032364448
2022-06-06 01:00:00,629.7203802966064
2022-06-07 01:00:00,630.8769686936137
2022-06-08 01:00:00,632.4743563840397
2022-06-09 01:00:00,634.5016573783405
2022-06-10 01:00:00,636.9361799916634
2022-06-12 01:00:00,642.8966869825574
2022-06-13 01:00:00,646.3547354004926
2022-06-14 01:00:00,650.0975721187712
2022-06-15 01:00:00,654.1170926309734
2022-06-16 01:00:00,658.4218731048209
2022-06-17 01:00:00,664.6558394108163
2022-06-19 01:00:00,679.9396818296548
2022-06-20 01:00:00,688.0944841325752
2022-06-21 01:00:00,696.5906466183183
2022-06-22 01:00:00,705.4212470805812
2022-06-23 01:00:00,714.5747185359113
2022-06-24 01:00:00,724.0364338319154
2022-06-26 01:00:00,743.8231546716797
2022-06-27 01:00:00,754.1219514809138
2022-06-28 01:00:00,764.6796132937324
2022-06-29 01:00:00,775.4932906160053
2022-06-30 01:00:00,786.5646030112771
2022-07-01 01:00:00,797.8986122354261
2022-07-03 01:00:00,821.3809050598877
2022-07-04 01:00:00,833.5378302153276
2022-07-05 01:00:00,845.9694760465762
2022-07-06 01:00:00,858.6645069896741
2022-07-07 01:00:00,871.6025717962203
2022-07-08 01:00:00,884.7546172172888
2022-07-10 01:00:00,911.5529285852181
2022-07-11 01:00:00,925.1198340129081
2022-07-12 01:00:00,938.750217908774
2022-07-13 01:00:00,952.4166693030015
2022-07-14 01:00:00,966.1010902236193
2022-07-15 01:00:00,979.7938448655078
2022-07-17 01:00:00,1007.1886986766385
2022-07-18 01:00:00,1020.8818797249338
2022-07-19 01:00:00,1034.5587878894273
2022-07-20 01:00:00,1048.2015888895692
2022-07-21 01:00:00,1061.7871362664496
2022-07-22 01:00:00,1075.289295904644
2022-07-24 01:00:00,1101.94174594332
2022-07-25 01:00:00,1115.0511257448006
2022-07-26 01:00:00,1127.9996692258337
2022-07-27 01:00:00,1140.785211752259
2022-07-28 01:00:00,1153.4136234683658
2022-07-29 01:00:00,1165.8975556736204
2022-07-31 01:00:00,1190.50234835304
2022-08-01 01:00:00,1199.6986820578
2022-08-02 01:00:00,1208.5559822977252
2022-08-03 01:00:00,1218.40187371651
2022-08-04 01:00:00,1228.1323789416335
2022-08-05 01:00:00,1237.7598432997588
2022-08-07 01:00:00,1256.7817966200935
2022-08-08 01:00:00,1266.2165209467269
2022-08-09 01:00:00,1275.6199797451234
2022-08-10 01:00:00,1284.9959088123398
2022-08-11 01:00:00,1294.3373924481068
2022-08-12 01:00:00,1303.6283038387273
2022-08-14 01:00:00,1321.9721589393878
2022-08-15 01:00:00,1330.9863069500825
2022-08-16 01:00:00,1339.8804697288876
2022-08-17 01:00:00,1348.6545997760797
2022-08-18 01:00:00,1357.316689584095
2022-08-19 01:00:00,1365.8802512176255
2022-08-21 01:00:00,1382.7734434810502
2022-08-22 01:00:00,1391.1277415774618
2022-08-23 01:00:00,1399.4274727147538
2022-08-24 01:00:00,1407.668302870344
2022-08-25 01:00:00,1415.8378608040184
2022-08-26 01:00:00,1423.9167976745132
2022-08-28 01:00:00,1439.7040436281832
2022-08-29 01:00:00,1446.6214491741102
2022-08-30 01:00:00,1451.4844148359525
2022-08-31 01:00:00,1456.14656519407
2022-09-01 01:00:00,1460.601066873532
2022-09-02 01:00:00,1464.8479665966688
2022-09-04 01:00:00,1471.4340193671298
2022-09-05 01:00:00,1473.880691600926
2022-09-06 01:00:00,1476.282349767875
2022-09-07 01:00:00,1478.6380456746144
2022-09-08 01:00:00,1480.9372753406676
2022-09-09 01:00:00,1483.1615859948972
2022-09-11 01:00:00,1487.2930103016502
2022-09-12 01:00:00,1489.1580668883935
2022-09-13 01:00:00,1490.871567956139
2022-09-14 01:00:00,1492.4308610442931
2022-09-15 01:00:00,1493.841926907992
2022-09-16 01:00:00,1495.11796115932
2022-09-18 01:00:00,1497.341007939454
2022-09-19 01:00:00,1498.1618926018914
2022-09-20 01:00:00,1497.4230143210002
2022-09-21 01:00:00,1496.531672745979
2022-09-22 01:00:00,1495.5457299752268
2022-09-23 01:00:00,1494.5268617036666
2022-09-25 01:00:00,1492.651723696896
2022-09-26 01:00:00,1491.9307020626986
2022-09-27 01:00:00,1492.6997575046946
2022-09-28 01:00:00,1496.5348008798376
2022-09-29 01:00:00,1500.46412640085
2022-09-30 01:00:00,1504.511002994131
2022-10-02 01:00:00,1512.2358406899762
2022-10-03 01:00:00,1513.999482206777
2022-10-04 01:00:00,1515.9466524529882
2022-10-05 01:00:00,1518.0758398708736
2022-10-06 01:00:00,1520.376830903972
2022-10-07 01:00:00,1522.8323011160282
2022-10-09 01:00:00,1528.118642222075
2022-10-10 01:00:00,1530.90516432131
2022-10-11 01:00:00,1533.7622855847667
2022-10-12 01:00:00,1536.6766257886632
2022-10-13 01:00:00,1537.4446768360517
2022-10-14 01:00:00,1537.367415219222
2022-10-16 01:00:00,1537.0068974554313
2022-10-17 01:00:00,1536.7553506371487
2022-10-18 01:00:00,1536.4726354970269
2022-10-19 01:00:00,1536.1664696188996
2022-10-20 01:00:00,1535.8408895136251
2022-10-21 01:00:00,1535.4968133122297
2022-10-23 01:00:00,1534.747260684682
2022-10-24 01:00:00,1534.3376033614757
2022-10-25 01:00:00,1533.9032497812361
2022-10-26 01:00:00,1533.4451905218177
2022-10-27 01:00:00,1532.9662726712152
2022-10-28 01:00:00,1532.4707727377067
2022-10-30 01:00:00,1531.449225846402
2022-10-31 00:00:00,1530.9524756468093
2022-11-01 00:00:00,1530.431986412608
2022-11-02 00:00:00,1529.9090005881576
2022-11-03 00:00:00,1529.3821066782111
2022-11-04 00:00:00,1526.3712531038768
2022-11-06 00:00:00,1520.2611575834496
2022-11-07 00:00:00,1516.9507695555335
2022-11-08 00:00:00,1510.6479445976343
2022-11-09 00:00:00,1504.3462167861946
2022-11-10 00:00:00,1498.0398004954754
2022-11-11 00:00:00,1491.724940893233
2022-11-13 00:00:00,1479.0718891236772
2022-11-14 00:00:00,1472.7437941912278
2022-11-15 00:00:00,1466.4257376178246
2022-11-16 00:00:00,1460.126641300874
2022-11-17 00:00:00,1453.8531737187732
2022-11-18 00:00:00,1447.6075773311802
2022-11-20 00:00:00,1435.1791213905972
2022-11-21 00:00:00,1428.9713020845745
2022-11-22 00:00:00,1422.7724345472936
2022-11-23 00:00:00,1417.0968708840467
2022-11-24 00:00:00,1411.3695209666346
2022-11-25 00:00:00,1405.5887673778948
2022-11-27 00:00:00,1393.915283362885
2022-11-28 00:00:00,1388.0685310560596
2022-11-29 00:00:00,1382.2505451247062
2022-11-30 00:00:00,1375.9072028530118
2022-12-01 00:00:00,1366.3964501029877
2022-12-02 00:00:00,1354.3923756302738
2022-12-04 00:00:00,1329.0103612956277
2022-12-05 00:00:00,1316.306362336629
2022-12-06 00:00:00,1303.5625858644478
2022-12-07 00:00:00,1290.764645753734
2022-12-08 00:00:00,1277.9103030321899
2022-12-09 00:00:00,1265.011471489854
2022-12-11 00:00:00,1239.1961605372028
2022-12-12 00:00:00,1226.363322510359
2022-12-13 00:00:00,1213.6438721014736
2022-12-14 00:00:00,1201.082563918325
2022-12-15 00:00:00,1188.7150134880012
2022-12-16 00:00:00,1176.5634463006322
2022-12-18 00:00:00,1152.921614741078
2022-12-19 00:00:00,1141.4066923991165
2022-12-20 00:00:00,1130.0700738000337
2022-12-21 00:00:00,1118.898637925237
2022-12-22 00:00:00,1107.8960137639394
2022-12-23 00:00:00,1097.090770402173
2022-12-26 00:00:00,1066.552880314427
2022-12-27 00:00:00,1057.3170617689293
2022-12-28 00:00:00,1048.7081646773038
2022-12-29 00:00:00,1040.7882156599953
2022-12-30 00:00:00,1034.721377288204
2023-01-02 00:00:00,1027.2286872859236
2023-01-03 00:00:00,1026.7006338415483
2023-01-04 00:00:00,1026.9860368675008
2023-01-05 00:00:00,1027.9438636672164
2023-01-06 00:00:00,1029.415035848798
2023-01-08 00:00:00,1033.217166947947
2023-01-09 00:00:00,1035.212167436502
2023-01-10 00:00:00,1037.0643909246069
2023-01-11 00:00:00,1038.641388160643
2023-01-12 00:00:00,1039.8295499229762
2023-01-13 00:00:00,1040.5320731854154
2023-01-15 00:00:00,1040.1578452084543
2023-01-16 00:00:00,1038.9465222164142
2023-01-17 00:00:00,1036.9827284722833
2023-01-18 00:00:00,1034.2364666885567
2023-01-19 00:00:00,1030.704342899824
2023-01-20 00:00:00,1026.4164003263188
2023-01-22 00:00:00,1015.8686536985524
2023-01-23 00:00:00,1009.9993823022661
2023-01-24 00:00:00,1005.8577365424027
2023-01-25 00:00:00,1001.454378359183
2023-01-26 00:00:00,996.8562893462243
2023-01-27 00:00:00,992.0934393006073
2023-01-29 00:00:00,982.0351707939273
2023-01-30 00:00:00,976.6735828994971
2023-01-31 00:00:00,971.0403101168448
2023-02-01 00:00:00,965.1104185840139
2023-02-02 00:00:00,958.8785375629514
2023-02-03 00:00:00,952.3622543496926
2023-02-05 00:00:00,938.6539756076705
2023-02-06 00:00:00,931.5882211014052
2023-02-07 00:00:00,924.4740648898173
2023-02-08 00:00:00,917.3732592405859
2023-02-09 00:00:00,910.3309018716864
2023-02-10 00:00:00,903.369218399588
2023-02-12 00:00:00,889.6489403134385
2023-02-13 00:00:00,882.8141098169782
2023-02-14 00:00:00,875.9213947356866
2023-02-15 00:00:00,868.912760529772
2023-02-16 00:00:00,861.7435290010428
2023-02-17 00:00:00,854.3933036757262
2023-02-19 00:00:00,839.2191287736422
2023-02-20 00:00:00,831.4942403017269
2023-02-21 00:00:00,823.7619232411779
2023-02-22 00:00:00,816.075861284842
2023-02-23 00:00:00,808.4658936955201
2023-02-24 00:00:00,800.9325670602262
2023-02-26 00:00:00,785.969363974996
2023-02-27 00:00:00,778.4378902432941
2023-02-28 00:00:00,770.8013922607788
2023-03-01 00:00:00,763.0177523504719
2023-03-02 00:00:00,755.062516278784
2023-03-03 00:00:00,749.7173360149259
2023-03-05 00:00:00,743.3923477490899
2023-03-06 00:00:00,740.1313117823855
2023-03-07 00:00:00,736.8648907699426
2023-03-08 00:00:00,733.6340624095675
2023-03-09 00:00:00,730.4682719570947
2023-03-10 00:00:00,727.3807587554852
2023-03-12 00:00:00,721.4029489711918
2023-03-13 00:00:00,718.4541205597696
2023-03-14 00:00:00,715.4768029658721
2023-03-15 00:00:00,712.4289751836891
2023-03-16 00:00:00,709.2785327214968
2023-03-17 00:00:00,706.0106076798595
2023-03-19 00:00:00,699.1679858124858
2023-03-20 00:00:00,695.6612277246868
2023-03-21 00:00:00,693.1893875812355
2023-03-22 00:00:00,692.2659997069135
2023-03-23 00:00:00,691.3648272504659
2023-03-24 00:00:00,690.4972725818742
2023-03-26 00:00:00,688.8906424009162
2023-03-27 01:00:00,688.130937154425
2023-03-28 01:00:00,687.4611862396034
2023-03-29 01:00:00,689.4624710833847
2023-03-30 01:00:00,692.3141391667406
2023-03-31 01:00:00,695.1926594899528
2023-04-02 01:00:00,701.0692626803852
2023-04-03 01:00:00,704.0926659787115
2023-04-04 01:00:00,707.1908124671743
2023-04-05 01:00:00,710.3759404949246
2023-04-06 01:00:00,713.6578885194962
2023-04-09 01:00:00,731.8623100057806
2023-04-10 01:00:00,737.9254649633896
2023-04-11 01:00:00,743.9012434427275
2023-04-12 01:00:00,749.7919533159604
2023-04-13 01:00:00,755.598708112431
2023-04-14 01:00:00,761.320816779076
2023-04-16 01:00:00,772.4994480922879
2023-04-17 01:00:00,777.947850533163
2023-04-18 01:00:00,783.2974320090213
2023-04-19 01:00:00,788.5463965007901
2023-04-20 01:00:00,793.6950590232439
2023-04-21 01:00:00,798.7458383743414
2023-04-23 01:00:00,808.5713696183735
2023-04-24 01:00:00,813.3572003133916
2023-04-25 01:00:00,818.0663827670824
2023-04-26 01:00:00,822.70503708302
2023-04-27 01:00:00,827.279517468123
2023-04-28 01:00:00,831.7967585525327
2023-04-30 01:00:00,840.6927512675704
2023-05-01 01:00:00,845.0918902869769
2023-05-02 01:00:00,849.474763153876
2023-05-03 01:00:00,853.855272635971
2023-05-04 01:00:00,858.2479369463115
2023-05-05 01:00:00,862.6669845346873
2023-05-07 01:00:00,871.6335572925135
2023-05-08 01:00:00,876.1992931832824
2023-05-09 01:00:00,880.8268943818005
2023-05-10 01:00:00,885.5178950560281
2023-05-11 01:00:00,890.272039708298
2023-05-12 01:00:00,895.0887034096996
2023-05-14 01:00:00,904.9132913942417
2023-05-15 01:00:00,909.9286770134012
2023-05-16 01:00:00,915.0211959479775
2023-05-17 01:00:00,920.1982646233112
2023-05-18 01:00:00,925.4664133189293
2023-05-19 01:00:00,930.829812721164
2023-05-21 01:00:00,941.8412835018349
2023-05-22 01:00:00,947.4791556248247
2023-05-23 01:00:00,953.1929222433012
2023-05-24 01:00:00,958.971155416981
2023-05-25 01:00:00,964.8025084936692
2023-05-26 01:00:00,970.6773752361386
2023-05-28 01:00:00,982.5358449832058
2023-05-29 01:00:00,988.5189125367945
2023-05-30 01:00:00,994.5441840519001
2023-05-31 01:00:00,1000.6199798726423
2023-06-01 01:00:00,1006.755513291379
2023-06-02 01:00:00,1012.9786754191088
2023-06-04 01:00:00,1026.6509214356156
2023-06-05 01:00:00,1033.6642483786961
2023-06-06 01:00:00,1040.7592729598432
2023-06-07 01:00:00,1047.8939908202888
2023-06-08 01:00:00,1055.0248710905964
2023-06-09 01:00:00,1062.1169814248447
2023-06-11 01:00:00,1076.13684754852
2023-06-12 01:00:00,1083.0936276388613
2023-06-13 01:00:00,1090.0630443624582
2023-06-14 01:00:00,1097.090878510664
2023-06-15 01:00:00,1104.2192311387107
2023-06-16 01:00:00,1111.4780378191704
2023-06-18 01:00:00,1126.414484948006
2023-06-19 01:00:00,1134.0561000863663
2023-06-20 01:00:00,1141.76162202653
2023-06-21 01:00:00,1149.480420111815
2023-06-22 01:00:00,1157.1616744101336
2023-06-23 01:00:00,1164.7622809509269
2023-06-25 01:00:00,1179.624898111918
2023-06-26 01:00:00,1186.8861655028277
2023-06-27 01:00:00,1194.0644710978083
2023-06-28 01:00:00,1201.1995907549142
2023-06-29 01:00:00,1208.3361103917307
2023-06-30 01:00:00,1215.514083566612
2023-07-02 01:00:00,1230.0762934125935
2023-07-03 01:00:00,1237.4424473214056
2023-07-04 01:00:00,1244.8115700966655
2023-07-05 01:00:00,1252.121211018642
2023-07-06 01:00:00,1259.306193020919
2023-07-07 01:00:00,1266.3135028225072
2023-07-09 01:00:00,1279.7099411457566
2023-07-10 01:00:00,1286.1291070058087
2023-07-11 01:00:00,1292.4205672123715
2023-07-12 01:00:00,1298.6409042023352
2023-07-13 01:00:00,1304.8422285207273
2023-07-14 01:00:00,1311.061701392448
2023-07-16 01:00:00,1323.59134422618
2023-07-17 01:00:00,1329.8596575745867
2023-07-18 01:00:00,1336.0694598822645
2023-07-19 01:00:00,1342.1612444408613
2023-07-20 01:00:00,1348.0754441002657
2023-07-21 01:00:00,1353.5005884285054
2023-07-23 01:00:00,1361.4062019716741
2023-07-24 01:00:00,1364.9546865822356
2023-07-25 01:00:00,1368.2702585798288
2023-07-26 01:00:00,1371.4015477968599
2023-07-27 01:00:00,1374.4046685408248
2023-07-28 01:00:00,1378.6872372810697
2023-07-30 01:00:00,1391.0405352460355
2023-07-31 01:00:00,1397.1977512574522
2023-08-01 01:00:00,1403.2971547029122
2023-08-02 01:00:00,1409.2792567763343
2023-08-03 01:00:00,1412.5667035554015
2023-08-04 01:00:00,1415.5636021041935
2023-08-06 01:00:00,1420.9881839621253
2023-08-07 01:00:00,1423.451463418436
2023-08-08 01:00:00,1425.8116635226813
2023-08-09 01:00:00,1428.129285233565
2023-08-10 01:00:00,1430.460750648776
2023-08-11 01:00:00,1432.8480702590768
2023-08-13 01:00:00,1437.849840646842
2023-08-14 01:00:00,1440.4364704884324
2023-08-15 01:00:00,1443.030201706798
2023-08-16 01:00:00,1445.5800667830265
2023-08-17 01:00:00,1448.0345172366858
2023-08-18 01:00:00,1450.3496833891254
2023-08-20 01:00:00,1454.4627337262382
2023-08-21 01:00:00,1456.2587746893269
2023-08-22 01:00:00,1457.911532822711
2023-08-23 01:00:00,1459.4621268827245
2023-08-24 01:00:00,1460.9584596264096
2023-08-25 01:00:00,1462.4465838851543
2023-08-27 01:00:00,1465.520593931894
2023-08-28 01:00:00,1467.1173241145111
2023-08-29 01:00:00,1468.7242982788891
2023-08-30 01:00:00,1470.299144505317
2023-08-31 01:00:00,1471.796036168566
2023-09-01 01:00:00,1473.1787330002583
2023-09-03 01:00:00,1475.5633907403605
2023-09-04 01:00:00,1476.6092942824819
2023-09-05 01:00:00,1477.621683960403
2023-09-06 01:00:00,1478.662365520923
2023-09-07 01:00:00,1479.79247992849
2023-09-08 01:00:00,1481.0640743500924
2023-09-10 01:00:00,1484.1628822259497
2023-09-11 01:00:00,1486.012540232303
2023-09-12 01:00:00,1488.052299124907
2023-09-13 01:00:00,1490.2623580318218
2023-09-14 01:00:00,1492.6197559312473
2023-09-15 01:00:00,1495.1037453494678
2023-09-17 01:00:00,1500.403793489358
2023-09-18 01:00:00,1503.2199149474536
2023-09-19 01:00:00,1506.1625687128942
2023-09-20 01:00:00,1509.2521171395063
2023-09-21 01:00:00,1512.5109831620723
2023-09-22 01:00:00,1515.95862733487
2023-09-24 01:00:00,1523.454261614785
2023-09-25 01:00:00,1527.4877290514987
2023-09-26 01:00:00,1531.680428403594
2023-09-27 01:00:00,1535.9974962229492
2023-09-28 01:00:00,1540.401921593988
2023-09-29 01:00:00,1544.861058626135
2023-10-01 01:00:00,1553.8622013042152
2023-10-02 01:00:00,1558.3919375311718
2023-10-03 01:00:00,1562.9479684345747
2023-10-04 01:00:00,1567.540890816586
2023-10-05 01:00:00,1571.6773560264944
2023-10-06 01:00:00,1575.048757555735
2023-10-08 01:00:00,1581.8862794975578
2023-10-09 01:00:00,1585.3418972252423
2023-10-10 01:00:00,1588.8138056341743
2023-10-11 01:00:00,1590.8593230810677
2023-10-12 01:00:00,1592.504972308079
2023-10-13 01:00:00,1594.1326518422095
2023-10-15 01:00:00,1597.3299925588867
2023-10-16 01:00:00,1598.900907813559
2023-10-17 01:00:00,1600.4554618676646
2023-10-18 01:00:00,1601.99534916225
2023-10-19 01:00:00,1603.5216548847022
2023-10-20 01:00:00,1602.27108528313
2023-10-22 01:00:00,1598.5448568211443
2023-10-23 01:00:00,1596.6940374757853
2023-10-24 01:00:00,1594.853021643391
2023-10-25 01:00:00,1593.021481634926
2023-10-26 01:00:00,1591.197466508107
2023-10-27 01:00:00,1589.3777592162837
2023-10-29 01:00:00,1585.0978426562458
2023-10-30 00:00:00,1579.5478545021533
2023-10-31 00:00:00,1574.4130099580975
2023-11-01 00:00:00,1569.2708714307846
2023-11-02 00:00:00,1564.1258372306477
2023-11-03 00:00:00,1558.983388605733
2023-11-05 00:00:00,1548.7271417192746
2023-11-06 00:00:00,1543.6200845613375
2023-11-07 00:00:00,1538.527579026617
2023-11-08 00:00:00,1533.4466222538497
2023-11-09 00:00:00,1528.3718741721514
2023-11-10 00:00:00,1523.2965046299962
2023-11-12 00:00:00,1513.116494448972
2023-11-13 00:00:00,1508.002246040834
2023-11-14 00:00:00,1502.870649690055
2023-11-15 00:00:00,1497.7258850787287
2023-11-16 00:00:00,1492.576119266607
2023-11-17 00:00:00,1487.4323875618309
2023-11-19 00:00:00,1477.2091671345713
2023-11-20 00:00:00,1472.1464341371216
2023-11-21 00:00:00,1467.119267373951
2023-11-22 00:00:00,1462.1227669199259
2023-11-23 00:00:00,1457.1473604820444
2023-11-24 00:00:00,1452.1812977576687
2023-11-26 00:00:00,1442.2367179836194
2023-11-27 00:00:00,1437.2491692310048
2023-11-28 00:00:00,1432.25601354799
2023-11-29 00:00:00,1427.2688061173524
2023-11-30 00:00:00,1421.5659692042514
2023-12-01 00:00:00,1414.051978837335
2023-12-03 00:00:00,1399.3300849620643
2023-12-04 00:00:00,1392.18511645355
2023-12-05 00:00:00,1385.199178342799
2023-12-06 00:00:00,1378.3619151183484
2023-12-07 00:00:00,1371.6487365498224
2023-12-08 00:00:00,1365.0264022526558
2023-12-10 00:00:00,1351.9230869948392
2023-12-11 00:00:00,1343.2491500054953
2023-12-12 00:00:00,1334.2410374773751
2023-12-13 00:00:00,1325.2913329113144
2023-12-14 00:00:00,1316.4532432070537
2023-12-15 00:00:00,1307.7934906905068
2023-12-17 00:00:00,1291.264231359887
2023-12-18 00:00:00,1283.4720110384499
2023-12-19 00:00:00,1275.9900217132333
2023-12-20 00:00:00,1268.7669483232116
2023-12-21 00:00:00,1261.7198699906787
2023-12-22 00:00:00,1254.7469272274943
2023-12-25 00:00:00,1233.3009315083484
2023-12-26 00:00:00,1225.7600258243854
2023-12-27 00:00:00,1217.992223493225
2023-12-28 00:00:00,1210.0233065195553
2023-12-29 00:00:00,1204.9096718706885
2024-01-01 00:00:00,1187.1381384940407
2024-01-02 00:00:00,1180.4905495872927
2024-01-03 00:00:00,1173.5137289270745
2024-01-04 00:00:00,1166.202567469005
2024-01-05 00:00:00,1158.5391047700707
2024-01-07 00:00:00,1142.064093214678
2024-01-08 00:00:00,1133.2254250113376
2024-01-09 00:00:00,1123.9983902638785
2024-01-10 00:00:00,1114.424261817583
2024-01-11 00:00:00,1104.5701740426202
2024-01-12 00:00:00,1094.5215849233082
2024-01-14 00:00:00,1074.1893630105635
2024-01-15 00:00:00,1064.0354040276438
2024-01-16 00:00:00,1053.9228630286557
2024-01-17 00:00:00,1043.8325924797764
2024-01-18 00:00:00,1033.7184763782109
2024-01-19 00:00:00,1023.5208835633474
2024-01-21 00:00:00,1002.6583690459789
2024-01-22 00:00:00,991.9315563445193
2024-01-23 00:00:00,981.0101237022595
2024-01-24 00:00:00,969.9284971648369
2024-01-25 00:00:00,958.7402134079775
2024-01-26 00:00:00,947.5083330670954
2024-01-28 00:00:00,925.6487828763078
2024-01-29 00:00:00,915.9530338961517
2024-01-30 00:00:00,906.3986163858098
2024-01-31 00:00:00,896.9726521039029
2024-02-01 00:00:00,887.6420752577137
2024-02-02 00:00:00,878.3591135946417
2024-02-04 00:00:00,859.7195485566835
2024-02-05 00:00:00,850.2701323589439
2024-02-06 00:00:00,840.7006863051575
2024-02-07 00:00:00,831.0166113298045
2024-02-08 00:00:00,821.2490867100734
2024-02-09 00:00:00,811.4492492349493
2024-02-11 00:00:00,791.9851786604697
2024-02-12 00:00:00,782.4090657324086
2024-02-13 00:00:00,772.955283736005
2024-02-14 00:00:00,763.6026699252509
2024-02-15 00:00:00,754.3081903960965
2024-02-16 00:00:00,745.0179849360973
2024-02-18 00:00:00,726.2526935681573
2024-02-19 00:00:00,716.7158868035085
2024-02-20 00:00:00,707.0693503874461
2024-02-21 00:00:00,697.3329412156085
2024-02-22 00:00:00,687.5410308039113
2024-02-23 00:00:00,678.3864614268466
2024-02-25 00:00:00,660.7533760158669
2024-02-26 00:00:00,652.0521340163668
2024-02-27 00:00:00,643.4435961374738
2024-02-28 00:00:00,634.9211008132991
2024-02-29 00:00:00,627.7760401782373
2024-03-01 00:00:00,622.8823538165541
2024-03-03 00:00:00,613.146925326915
2024-03-04 00:00:00,608.2413018045957
2024-03-05 00:00:00,603.2838590736455
2024-03-06 00:00:00,598.2723846758458
2024-03-07 00:00:00,593.2195671312679
2024-03-08 00:00:00,588.1496596883013
2024-03-10 00:00:00,578.0729769377324
2024-03-11 00:00:00,573.1085995746118
2024-03-12 00:00:00,568.1998525466511
2024-03-13 00:00:00,563.3322214484604
2024-03-14 00:00:00,558.4790578736074
2024-03-15 00:00:00,553.6074940477911
2024-03-17 00:00:00,543.6843454302079
2024-03-18 00:00:00,538.5878661877973
2024-03-19 00:00:00,533.3873778858731
2024-03-20 00:00:00,531.1459195466307
2024-03-21 00:00:00,528.6585036013188
2024-03-22 00:00:00,525.9889733792565
2024-03-24 00:00:00,524.0894491788316
2024-03-25 00:00:00,522.6801013782094
2024-03-26 00:00:00,520.9463056091005
2024-03-27 00:00:00,518.8752713073957
2024-03-28 00:00:00,516.4554656514938
2024-03-31 00:00:00,507.0236183273273
2024-04-01 01:00:00,502.97645677166634
2024-04-02 01:00:00,498.72462936395823
2024-04-03 01:00:00,494.1246762412849
2024-04-04 01:00:00,489.1927679564344
2024-04-05 01:00:00,483.9493190469268
2024-04-07 01:00:00,472.6276927411101
2024-04-08 01:00:00,466.6077195414263
2024-04-09 01:00:00,460.3925788638254
2024-04-10 01:00:00,454.01978992952286
2024-04-11 01:00:00,447.78218799587734
2024-04-12 01:00:00,442.5626305387731
2024-04-14 01:00:00,432.09134991536376
2024-04-15 01:00:00,426.9301354793872
2024-04-16 01:00:00,421.8745429868177
2024-04-17 01:00:00,416.96087424862947
2024-04-18 01:00:00,412.875460446284
2024-04-19 01:00:00,410.75692855746473
2024-04-21 01:00:00,412.7539030499424
2024-04-22 01:00:00,414.4539348360897
2024-04-23 01:00:00,416.2551448827001
2024-04-24 01:00:00,418.16209819506275
2024-04-25 01:00:00,420.1760148927572
2024-04-26 01:00:00,422.2945319444236
2024-04-28 01:00:00,426.8198000424696
2024-04-29 01:00:00,429.208518471927
2024-04-30 01:00:00,431.6687838779064
2024-05-01 01:00:00,434.1935187576798
2024-05-02 01:00:00,436.7793582149615
2024-05-03 01:00:00,439.42740421922787
2024-05-05 01:00:00,444.93363318531385
2024-05-06 01:00:00,447.80800226752166
2024-05-07 01:00:00,450.77212891839594
2024-05-08 01:00:00,453.8278914950624
2024-05-09 01:00:00,456.97177109367124
2024-05-10 01:00:00,460.1950468863257
2024-05-12 01:00:00,466.82853967496516
2024-05-13 01:00:00,470.2121290985829
2024-05-14 01:00:00,473.62666157083373
2024-05-15 01:00:00,477.0676414342352
2024-05-16 01:00:00,480.53597936387547
2024-05-17 01:00:00,484.0375606308421
2024-05-19 01:00:00,491.1809589645456
2024-05-20 01:00:00,494.845927305942
2024-05-21 01:00:00,499.97882591884195
2024-05-22 01:00:00,505.4318288213115
2024-05-23 01:00:00,511.03245662901566
2024-05-24 01:00:00,518.1404777031144
2024-05-26 01:00:00,533.8381861206852
2024-05-27 01:00:00,541.7257124285021
2024-05-28 01:00:00,549.5821296480826
2024-05-29 01:00:00,557.3811477933323
2024-05-30 01:00:00,565.1183046996059
2024-05-31 01:00:00,572.8131170004796
2024-06-02 01:00:00,588.2496392368888
2024-06-03 01:00:00,596.0977359827313
2024-06-04 01:00:00,604.0924855241709
2024-06-05 01:00:00,614.4387321491945
2024-06-06 01:00:00,626.3834110654565
2024-06-07 01:00:00,638.5229429062078
2024-06-09 01:00:00,663.1618351627263
2024-06-10 01:00:00,675.5361833626953
2024-06-11 01:00:00,687.8766919214466
2024-06-12 01:00:00,700.1521036126711
2024-06-13 01:00:00,712.3526992192942
2024-06-14 01:00:00,724.4892197764101
2024-06-16 01:00:00,748.6864802494487
2024-06-17 01:00:00,760.8205812746348
2024-06-18 01:00:00,773.9968555760406
2024-06-19 01:00:00,788.1436007503848
2024-06-20 01:00:00,802.3289429060011
2024-06-21 01:00:00,816.5199656567481
2024-06-23 01:00:00,844.694926794577
2024-06-24 01:00:00,858.54328657126
2024-06-25 01:00:00,872.1487643395096
2024-06-26 01:00:00,885.4718308874187
2024-06-27 01:00:00,898.5017676234847
2024-06-28 01:00:00,911.25862620856
2024-06-30 01:00:00,936.1514815236675
2024-07-01 01:00:00,948.4105695472455
2024-07-02 01:00:00,960.6149476120942
2024-07-03 01:00:00,972.7906443824871
2024-07-04 01:00:00,984.9350762543037
2024-07-05 01:00:00,997.0182317814395
2024-07-07 01:00:00,1020.788469020282
2024-07-08 01:00:00,1032.3565852576123
2024-07-09 01:00:00,1043.6478657814241
2024-07-10 01:00:00,1054.63602806873
2024-07-11 01:00:00,1065.317673829228
2024-07-12 01:00:00,1075.7113888509537
2024-07-14 01:00:00,1095.7904699584506
2024-07-15 01:00:00,1105.571717549695
2024-07-16 01:00:00,1115.2393112167044
2024-07-17 01:00:00,1124.8203048696398
2024-07-18 01:00:00,1134.3202271323132
2024-07-19 01:00:00,1143.7199744008458
2024-07-21 01:00:00,1162.0316822360755
2024-07-22 01:00:00,1170.8170232941834
2024-07-23 01:00:00,1179.2719366217812
2024-07-24 01:00:00,1187.3528530813205
2024-07-25 01:00:00,1195.0416614021299
2024-07-26 01:00:00,1202.3475780936178
2024-07-28 01:00:00,1215.9493720083722
2024-07-29 01:00:00,1222.3322511710176
2024-07-30 01:00:00,1228.4812803936893
2024-07-31 01:00:00,1234.4052374033283
2024-08-01 01:00:00,1240.0875936106581
2024-08-02 01:00:00,1245.488340683556
2024-08-04 01:00:00,1255.2098098640442
2024-08-05 01:00:00,1259.4046757416543
2024-08-06 01:00:00,1263.0855947727387
2024-08-07 01:00:00,1266.2215781494879
2024-08-08 01:00:00,1268.80373172624
2024-08-09 01:00:00,1273.649050904464
2024-08-11 01:00:00,1282.8842272785012
2024-08-12 01:00:00,1287.1290906293523
2024-08-13 01:00:00,1291.1987193406353
2024-08-14 01:00:00,1295.1437287320919
2024-08-15 01:00:00,1299.4063812558381
2024-08-16 01:00:00,1304.2062884680338
2024-08-18 01:00:00,1313.6962937021535
2024-08-19 01:00:00,1318.3996509787135
2024-08-20 01:00:00,1321.2808487281438
2024-08-21 01:00:00,1323.3905873546578
2024-08-22 01:00:00,1325.5548098072811
2024-08-23 01:00:00,1327.8355673746676
2024-08-25 01:00:00,1333.0519903402262
2024-08-26 01:00:00,1336.1420909958447
2024-08-27 01:00:00,1339.6389868732629
2024-08-28 01:00:00,1343.5834031751306
2024-08-29 01:00:00,1347.99407464764
2024-08-30 01:00:00,1352.8694251551844
2024-09-01 01:00:00,1363.9348630317286
2024-09-02 01:00:00,1370.0670222419758
2024-09-03 01:00:00,1376.5593068281357
2024-09-04 01:00:00,1383.2625062598504
2024-09-05 01:00:00,1387.9340739388808
2024-09-06 01:00:00,1392.9506768883173
2024-09-08 01:00:00,1403.9536250017875
2024-09-09 01:00:00,1409.9046711865146
2024-09-10 01:00:00,1416.128810904174
2024-09-11 01:00:00,1422.6029248825398
2024-09-12 01:00:00,1429.301076925963
2024-09-13 01:00:00,1436.1947691303058
2024-09-15 01:00:00,1450.447187618675
2024-09-16 01:00:00,1457.7454352111079
2024-09-17 01:00:00,1465.121400383372
2024-09-18 01:00:00,1472.5519288854443
2024-09-19 01:00:00,1477.4059904731423
2024-09-20 01:00:00,1481.044712430717
2024-09-22 01:00:00,1488.3228356408488
2024-09-23 01:00:00,1491.96168734053
2024-09-24 01:00:00,1495.5992489902587
2024-09-25 01:00:00,1499.2333927556908
2024-09-26 01:00:00,1502.8611115424042
2024-09-27 01:00:00,1506.47903580646
2024-09-29 01:00:00,1513.6739242889294
2024-09-30 01:00:00,1517.1201767337545
2024-10-01 01:00:00,1517.1234905617719
2024-10-02 01:00:00,1517.138557033359
2024-10-03 01:00:00,1517.1636132194685
2024-10-04 01:00:00,1517.196898449694
2024-10-06 01:00:00,1517.2842824067147
2024-10-07 01:00:00,1517.3391391955738
2024-10-08 01:00:00,1517.403914293859
2024-10-09 01:00:00,1517.481520329085
2024-10-10 01:00:00,1517.5749446349657
2024-10-11 01:00:00,1517.686373604127
2024-10-13 01:00:00,1517.9630598018566
2024-10-14 01:00:00,1518.1224557650567
2024-10-15 01:00:00,1518.2885983673564
2024-10-16 01:00:00,1518.454940311206
2024-10-17 01:00:00,1518.6158807199001
2024-10-18 01:00:00,1518.7682889830874
2024-10-20 01:00:00,1519.0526036120243
2024-10-21 01:00:00,1519.1952189180752
2024-10-22 01:00:00,1519.3482773050807
2024-10-23 01:00:00,1519.5189221563148
2024-10-24 01:00:00,1519.7118482722694
2024-10-25 01:00:00,1519.928192418681
2024-10-27 01:00:00,1520.4167054808318
2024-10-28 00:00:00,1520.66328088505
2024-10-29 00:00:00,1520.9174651551534
2024-10-30 00:00:00,1521.1595664006734
2024-10-31 00:00:00,1521.3827925736284
2024-11-01 00:00:00,1521.5837375470853
2024-11-03 00:00:00,1521.9266387877515
2024-11-04 00:00:00,1521.1484317472082
2024-11-05 00:00:00,1518.7440344342672
2024-11-06 00:00:00,1516.3549289905682
2024-11-07 00:00:00,1513.9936549778936
2024-11-08 00:00:00,1511.6692210499955
2024-11-10 00:00:00,1507.1391522228887
2024-11-11 00:00:00,1504.9225845127794
2024-11-12 00:00:00,1502.723536872309
2024-11-13 00:00:00,1500.5294821559605
2024-11-14 00:00:00,1498.3310909761628
2024-11-15 00:00:00,1496.125615111321
2024-11-17 00:00:00,1491.7258737409359
2024-11-18 00:00:00,1489.567901213848
2024-11-19 00:00:00,1486.2300827946367
2024-11-20 00:00:00,1482.3884088416596
2024-11-21 00:00:00,1478.8227504314289
2024-11-22 00:00:00,1475.569989772923
2024-11-24 00:00:00,1470.1276062759512
2024-11-25 00:00:00,1467.9905413222482
2024-11-26 00:00:00,1466.2738174081767
2024-11-27 00:00:00,1464.9989250064118
2024-11-28 00:00:00,1464.1859882230744
2024-11-29 00:00:00,1463.8523091618529
2024-12-01 00:00:00,1464.6587158342452
2024-12-02 00:00:00,1465.7860451612773
2024-12-03 00:00:00,1467.356139293996
2024-12-04 00:00:00,1469.3080477953354
2024-12-05 00:00:00,1470.16547202026
2024-12-06 00:00:00,1470.1109532046294
2024-12-08 00:00:00,1470.0614679509952
2024-12-09 00:00:00,1469.9549616715672
2024-12-10 00:00:00,1469.7162715597494
2024-12-11 00:00:00,1469.2940341897504
2024-12-12 00:00:00,1468.6494646378035
2024-12-13 00:00:00,1466.402365336078
2024-12-15 00:00:00,1458.950688335033
2024-12-16 00:00:00,1454.864727032796
2024-12-17 00:00:00,1450.5807113859687
2024-12-18 00:00:00,1446.1329065464397
2024-12-19 00:00:00,1441.5511364675028
2024-12-20 00:00:00,1436.8571834847467
2024-12-22 00:00:00,1427.1726454064267
2024-12-23 00:00:00,1422.1813038065018
2024-12-24 00:00:00,1417.0811527654166
2024-12-25 00:00:00,1411.8632137450998
2024-12-26 00:00:00,1406.520920378644
2024-12-27 00:00:00,1400.9131962653971
2024-12-29 00:00:00,1384.5581606465707
2024-12-30 00:00:00,1376.1327037761455
2024-12-31 00:00:00,1367.5869910894965
2025-01-01 00:00:00,1358.956226064949
2025-01-02 00:00:00,1350.2720708159693
2025-01-03 00:00:00,1341.5587632333934
2025-01-05 00:00:00,1324.089621757371
2025-01-06 00:00:00,1315.329556783735
2025-01-07 00:00:00,1306.5363215501357
2025-01-08 00:00:00,1297.6940153548653
2025-01-09 00:00:00,1288.7896231877153
2025-01-10 00:00:00,1279.8172579596949
2025-01-12 00:00:00,1261.6930292960176
2025-01-13 00:00:00,1252.5754331053317
2025-01-14 00:00:00,1243.4524304206088
2025-01-15 00:00:00,1234.3479829629487
2025-01-16 00:00:00,1225.2815299255271
2025-01-17 00:00:00,1216.2654014110276
2025-01-19 00:00:00,1198.393349601964
2025-01-20 00:00:00,1191.1119012448487
2025-01-21 00:00:00,1183.9440084303694
2025-01-22 00:00:00,1176.7692059312014
2025-01-23 00:00:00,1169.5751235134683
2025-01-24 00:00:00,1161.8104939851207
2025-01-26 00:00:00,1139.4798562352335
2025-01-27 00:00:00,1128.2840775572129
2025-01-28 00:00:00,1117.0898876711112
2025-01-29 00:00:00,1105.9168349332062
2025-01-30 00:00:00,1094.7830005736375
2025-01-31 00:00:00,1083.701693791238
2025-02-02 00:00:00,1061.8673397043685
2025-02-03 00:00:00,1052.4643837626757
2025-02-04 00:00:00,1043.0421938947875
2025-02-05 00:00:00,1033.6170364496545
2025-02-06 00:00:00,1024.202547911193
2025-02-07 00:00:00,1014.8068663412078
2025-02-09 00:00:00,996.0704278165131
2025-02-10 00:00:00,986.71404094955
2025-02-11 00:00:00,977.349633447837
2025-02-12 00:00:00,967.9654005713121
2025-02-13 00:00:00,958.5527128071662
2025-02-14 00:00:00,949.1078198202642
2025-02-16 00:00:00,930.1346058770667
2025-02-17 00:00:00,920.6260992991886
2025-02-18 00:00:00,911.1231679573705
2025-02-19 00:00:00,901.6442858745205
2025-02-20 00:00:00,892.2090366342139
2025-02-21 00:00:00,882.837033430527
2025-02-23 00:00:00,864.3578896774034
2025-02-24 00:00:00,855.2869336363727
2025-02-25 00:00:00,846.3532486463555
2025-02-26 00:00:00,839.2405539388491
2025-02-27 00:00:00,833.9142374077719
2025-02-28 00:00:00,828.7229469728173
2025-03-02 00:00:00,819.8316344763864
2025-03-03 00:00:00,818.2487362233967
2025-03-04 00:00:00,816.7513320072468
2025-03-05 00:00:00,815.3660122344896
2025-03-06 00:00:00,814.115120270476
2025-03-07 00:00:00,813.013987600735
2025-03-09 00:00:00,811.2844188523928
2025-03-10 00:00:00,810.6536774878664
2025-03-11 00:00:00,810.1734980474714
2025-03-12 00:00:00,809.9262334381538
2025-03-13 00:00:00,811.3922856653028
2025-03-14 00:00:00,812.7874471178916
2025-03-16 00:00:00,815.367492545229
2025-03-17 00:00:00,816.5616064866834
2025-03-18 00:00:00,817.7003440847395
2025-03-19 00:00:00,818.7900514311075
2025-03-20 00:00:00,819.836186910175
2025-03-21 00:00:00,820.8434280047476
2025-03-23 00:00:00,822.7614282054498
2025-03-24 00:00:00,823.6872488253631
2025-03-25 00:00:00,824.607133710771
2025-03-26 00:00:00,825.5390336198386
2025-03-27 00:00:00,826.5049988790327
2025-03-28 00:00:00,827.5290920129867
2025-03-30 00:00:00,829.8379368600852
2025-03-31 01:00:00,831.2057290716068
2025-04-01 01:00:00,832.6301884157566
2025-04-02 01:00:00,834.7165391010284
2025-04-03 01:00:00,837.0968008050593
2025-04-04 01:00:00,839.488039833705
2025-04-06 01:00:00,845.0235588785333
2025-04-07 01:00:00,847.6168741718794
2025-04-08 01:00:00,850.4391094406296
2025-04-09 01:00:00,853.2824694000693
2025-04-10 01:00:00,855.8592483107894
2025-04-11 01:00:00,858.1679121663078
2025-04-13 01:00:00,863.6029707293885
2025-04-14 01:00:00,866.2087132023864
2025-04-15 01:00:00,868.7346551047455
2025-04-16 01:00:00,871.1738214260871
2025-04-17 01:00:00,873.5177683811024
2025-04-20 01:00:00,879.901903020428
2025-04-21 01:00:00,881.8026737938083
2025-04-22 01:00:00,883.716283375049
2025-04-23 01:00:00,885.5848312352756
2025-04-24 01:00:00,887.3679258123108
2025-04-25 01:00:00,889.7914664534594
2025-04-27 01:00:00,896.4841571906771
2025-04-28 01:00:00,900.116122996226
2025-04-29 01:00:00,903.9041048787418
2025-04-30 01:00:00,907.7848517172197
2025-05-01 01:00:00,911.6820512913755
2025-05-02 01:00:00,915.5248867509043
2025-05-04 01:00:00,922.886335631308
2025-05-05 01:00:00,926.4080112301551
2025-05-06 01:00:00,929.8783443888728
2025-05-07 01:00:00,933.3648931046262
2025-05-08 01:00:00,936.9415901565603
2025-05-09 01:00:00,940.6759629037699
2025-05-11 01:00:00,948.7927826654254
2025-05-12 01:00:00,953.1947926688829
2025-05-13 01:00:00,957.7892043152481
2025-05-14 01:00:00,962.5155901483619
2025-05-15 01:00:00,967.2966798005185
2025-05-16 01:00:00,972.0503936402974
2025-05-18 01:00:00,981.2065751120499
2025-05-19 01:00:00,985.542028360688
2025-05-20 01:00:00,989.7320813787892
2025-05-21 01:00:00,993.835545461047
2025-05-22 01:00:00,997.9384071034528
2025-05-23 01:00:00,1002.1371620423545
2025-05-25 01:00:00,1011.1350866908155
2025-05-26 01:00:00,1015.9973188903714
2025-05-27 01:00:00,1021.0619028719867
2025-05-28 01:00:00,1026.2445520625502
2025-05-29 01:00:00,1031.4393419602354
2025-05-30 01:00:00,1036.544339262238
2025-06-01 01:00:00,1046.2260853427526
2025-06-02 01:00:00,1050.7809920844347
2025-06-03 01:00:00,1055.200115682448
2025-06-04 01:00:00,1059.5608040961386
2025-06-05 01:00:00,1063.9507391821035
2025-06-06 01:00:00,1068.451685686827
2025-06-08 01:00:00,1078.0029660667171
2025-06-09 01:00:00,1083.8129700756506
2025-06-10 01:00:00,1092.6103671407695
2025-06-11 01:00:00,1101.4227528107824
2025-06-12 01:00:00,1110.15548110733
2025-06-13 01:00:00,1118.7090715813133
2025-06-15 01:00:00,1134.95395846234
2025-06-16 01:00:00,1142.561892186436
2025-06-17 01:00:00,1149.8408712057362
2025-06-18 01:00:00,1156.8535795883593
2025-06-19 01:00:00,1163.692832557744
2025-06-20 01:00:00,1170.4633897361462
2025-06-22 01:00:00,1184.1441205568926
2025-06-23 01:00:00,1191.1317577802201
2025-06-24 01:00:00,1198.185701547027
2025-06-25 01:00:00,1205.2256957501081
2025-06-26 01:00:00,1212.1480009678094
2025-06-27 01:00:00,1218.8501462241816
2025-06-29 01:00:00,1231.3195949988474
2025-06-30 01:00:00,1237.0522105550915
2025-07-01 01:00:00,1242.495033546461
2025-07-02 01:00:00,1247.718747835793
2025-07-03 01:00:00,1252.806119201971
2025-07-04 01:00:00,1257.8361871217983
2025-07-06 01:00:00,1267.9407264130411
2025-07-07 01:00:00,1273.0461189478003
2025-07-08 01:00:00,1278.1495087894302
2025-07-09 01:00:00,1283.1840886250238
2025-07-10 01:00:00,1288.0631723959498
2025-07-11 01:00:00,1292.6939368613157
2025-07-13 01:00:00,1300.8988395660313
2025-07-14 01:00:00,1304.3856833286522
2025-07-15 01:00:00,1307.464627085312
2025-07-16 01:00:00,1310.1827994354717
2025-07-17 01:00:00,1312.6133061234943
2025-07-18 01:00:00,1314.8397280296265
2025-07-20 01:00:00,1318.9590699910611
2025-07-21 01:00:00,1320.918454839527
2025-07-22 01:00:00,1321.4132298291638
2025-07-23 01:00:00,1321.6879259096622
2025-07-24 01:00:00,1321.7506048552143
2025-07-25 01:00:00,1321.568083140474
2025-07-27 01:00:00,1320.4126799710032
2025-07-28 01:00:00,1319.4674889639487
2025-07-29 01:00:00,1318.3330292163582
2025-07-30 01:00:00,1317.073120056507
2025-07-31 01:00:00,1315.7613123877832
2025-08-01 01:00:00,1314.4733682325948
2025-08-03 01:00:00,1312.2419149365269
2025-08-04 01:00:00,1311.40427051916
2025-08-05 01:00:00,1310.7969081773767
2025-08-06 01:00:00,1310.4345915006
2025-08-07 01:00:00,1310.3205788201158
2025-08-08 01:00:00,1310.4516995992462
