datetime,cycle
1999-06-03 01:00:00,895.4838265206259
1999-06-04 01:00:00,896.999840842502
1999-06-06 01:00:00,900.320789773438
1999-06-07 01:00:00,901.9978568769055
1999-06-08 01:00:00,903.597673644388
1999-06-09 01:00:00,905.0711577005094
1999-06-10 01:00:00,906.3967101974602
1999-06-11 01:00:00,907.586085867277
1999-06-13 01:00:00,909.7506953772026
1999-06-14 01:00:00,910.8600664590664
1999-06-15 01:00:00,912.0676303144526
1999-06-16 01:00:00,913.4039656344561
1999-06-17 01:00:00,914.8676651772137
1999-06-18 01:00:00,916.427819212448
1999-06-20 01:00:00,919.6236205556572
1999-06-21 01:00:00,921.6713493454203
1999-06-22 01:00:00,924.8605214364028
1999-06-23 01:00:00,927.954078596593
1999-06-24 01:00:00,930.019905272132
1999-06-25 01:00:00,931.2064419835402
1999-06-27 01:00:00,933.4622628798861
1999-06-28 01:00:00,934.5767578353707
1999-06-29 01:00:00,935.7090072907775
1999-06-30 01:00:00,936.8715375376493
1999-07-01 01:00:00,938.0683666925545
1999-07-02 01:00:00,939.29443310522
1999-07-04 01:00:00,941.7748760335575
1999-07-05 01:00:00,942.9875145290581
1999-07-06 01:00:00,944.1531149599889
1999-07-07 01:00:00,945.255499413189
1999-07-08 01:00:00,946.2866421391122
1999-07-09 01:00:00,947.248132512832
1999-07-11 01:00:00,949.0091415396696
1999-07-12 01:00:00,949.841964308499
1999-07-13 01:00:00,950.6626156878084
1999-07-14 01:00:00,951.4781601440573
1999-07-15 01:00:00,952.2874851873786
1999-07-16 01:00:00,953.0820643426061
1999-07-18 01:00:00,954.5705949398946
1999-07-19 01:00:00,955.2343564375918
1999-07-20 01:00:00,955.8283362873512
1999-07-21 01:00:00,956.3459491233689
1999-07-22 01:00:00,956.7855262219697
1999-07-23 01:00:00,957.1496295880811
1999-07-25 01:00:00,957.6742537404739
1999-07-26 01:00:00,957.8473643299344
1999-07-27 01:00:00,957.9671215113767
1999-07-28 01:00:00,958.0348968663636
1999-07-29 01:00:00,958.0491279668973
1999-07-30 01:00:00,958.0057266821744
1999-08-01 01:00:00,957.7228858007388
1999-08-02 01:00:00,957.4722985287865
1999-08-03 01:00:00,957.1441560895541
1999-08-04 01:00:00,956.7379393149826
1999-08-05 01:00:00,956.2555889503595
1999-08-06 01:00:00,955.7006366556092
1999-08-08 01:00:00,954.387772146167
1999-08-09 01:00:00,953.6343991572024
1999-08-10 01:00:00,952.816779112474
1999-08-11 01:00:00,951.9339963174923
1999-08-12 01:00:00,950.9856650118238
1999-08-13 01:00:00,949.9733479800748
1999-08-15 01:00:00,947.7787367686672
1999-08-16 01:00:00,946.6159141340833
1999-08-17 01:00:00,945.4267333803484
1999-08-18 01:00:00,944.2254290212877
1999-08-19 01:00:00,943.025246680417
1999-08-20 01:00:00,941.8369172850075
1999-08-22 01:00:00,939.5204386899017
1999-08-23 01:00:00,938.3950636363156
1999-08-24 01:00:00,937.2886181039456
1999-08-25 01:00:00,936.1975394371768
1999-08-26 01:00:00,935.1196284315131
1999-08-27 01:00:00,934.0561576297996
1999-08-29 01:00:00,932.0042823942462
1999-08-30 01:00:00,931.0461328812089
1999-08-31 01:00:00,930.1603407034909
1999-09-01 01:00:00,929.3680632299963
1999-09-02 01:00:00,928.6862341292369
1999-09-03 01:00:00,928.1240409280156
1999-09-05 01:00:00,927.3452176350974
1999-09-06 01:00:00,927.099627900949
1999-09-07 01:00:00,926.9222875174099
1999-09-08 01:00:00,926.7931324192557
1999-09-09 01:00:00,926.6979781100002
1999-09-10 01:00:00,926.6315342786094
1999-09-12 01:00:00,926.612719541719
1999-09-13 01:00:00,926.6943418687298
1999-09-14 01:00:00,926.8661036315289
1999-09-15 01:00:00,927.1488915543457
1999-09-16 01:00:00,927.5576954774559
1999-09-17 01:00:00,928.0985450488137
1999-09-19 01:00:00,929.5480708314983
1999-09-20 01:00:00,930.4186331164842
1999-09-21 01:00:00,931.350301883932
1999-09-22 01:00:00,932.3141452318443
1999-09-23 01:00:00,933.2855759281833
1999-09-24 01:00:00,934.2490501793748
1999-09-26 01:00:00,936.1544374747132
1999-09-27 01:00:00,937.1310773509771
1999-09-28 01:00:00,938.1628957141563
1999-09-29 01:00:00,939.2817022287526
1999-09-30 01:00:00,940.5117242156045
1999-10-01 01:00:00,941.8629433780162
1999-10-03 01:00:00,944.8827680184014
1999-10-04 01:00:00,946.4922272042161
1999-10-05 01:00:00,948.1167554454336
1999-10-06 01:00:00,949.7205371219195
1999-10-07 01:00:00,951.278228705638
1999-10-08 01:00:00,952.7793931983093
1999-10-10 01:00:00,955.6506531326213
1999-10-11 01:00:00,957.0728414164591
1999-10-12 01:00:00,958.5326630981243
1999-10-13 01:00:00,960.0645018448047
1999-10-14 01:00:00,961.6949354440212
1999-10-15 01:00:00,963.4381272478453
1999-10-17 01:00:00,967.2448195458186
1999-10-18 01:00:00,969.2641910546142
1999-10-19 01:00:00,971.3147878617696
1999-10-20 01:00:00,973.3576974036795
1999-10-21 01:00:00,975.3586201158193
1999-10-22 01:00:00,977.2946045339639
1999-10-24 01:00:00,980.9658812172288
1999-10-25 01:00:00,982.7445383562595
1999-10-26 01:00:00,984.5370732120773
1999-10-27 01:00:00,986.3867228784393
1999-10-28 01:00:00,988.3273044391251
1999-10-29 01:00:00,990.3749327485209
1999-10-31 01:00:00,994.7461717693736
1999-11-01 00:00:00,996.9083040362393
1999-11-02 00:00:00,999.1551254342388
1999-11-03 00:00:00,1001.3508969027264
1999-11-04 00:00:00,1003.4659193400939
1999-11-05 00:00:00,1005.4873668887126
1999-11-07 00:00:00,1009.2891068453546
1999-11-08 00:00:00,1011.1265885189882
1999-11-09 00:00:00,1012.9739161303564
1999-11-10 00:00:00,1014.8704196765107
1999-11-11 00:00:00,1016.8477522706465
1999-11-12 00:00:00,1018.9249511829001
1999-11-14 00:00:00,1023.3777378862542
1999-11-15 00:00:00,1025.7153143016567
1999-11-16 00:00:00,1028.0828640243894
1999-11-17 00:00:00,1030.4410409281377
1999-11-18 00:00:00,1032.7535272449354
1999-11-19 00:00:00,1034.9939837479317
1999-11-21 00:00:00,1039.2353024931435
1999-11-22 00:00:00,1041.2707210322942
1999-11-23 00:00:00,1043.2968795413153
1999-11-24 00:00:00,1045.3558846028575
1999-11-25 00:00:00,1047.4826849543156
1999-11-26 00:00:00,1049.6962643680208
1999-11-28 00:00:00,1054.3593449535178
1999-11-29 00:00:00,1056.7543001419695
1999-11-30 00:00:00,1059.1406310266707
1999-12-01 00:00:00,1061.4817745800926
1999-12-02 00:00:00,1063.7511289226206
1999-12-03 00:00:00,1063.8479493071682
1999-12-05 00:00:00,1063.1346742931626
1999-12-06 00:00:00,1062.7130109648192
1999-12-07 00:00:00,1062.290070923133
1999-12-08 00:00:00,1061.8978303275226
1999-12-09 00:00:00,1061.5624181073833
1999-12-10 00:00:00,1061.3003420786667
1999-12-12 00:00:00,1061.0033866447707
1999-12-13 00:00:00,1060.9435662760754
1999-12-14 00:00:00,1060.9116246720373
1999-12-15 00:00:00,1060.8788746483203
1999-12-16 00:00:00,1059.113238579266
1999-12-17 00:00:00,1056.5396409778004
1999-12-19 00:00:00,1051.2198910150812
1999-12-20 00:00:00,1048.4930064748355
1999-12-21 00:00:00,1045.751778860185
1999-12-22 00:00:00,1043.0242824255652
1999-12-23 00:00:00,1040.3348608566355
1999-12-24 00:00:00,1037.6983418702723
1999-12-26 00:00:00,1032.58074987544
1999-12-27 00:00:00,1030.0710085924138
1999-12-28 00:00:00,1027.5651519735227
1999-12-29 00:00:00,1025.0419584562078
1999-12-30 00:00:00,1022.4857421128875
1999-12-31 00:00:00,1019.8888573723405
2000-01-02 00:00:00,1014.5846903192057
2000-01-03 00:00:00,1011.8997744754885
2000-01-04 00:00:00,1009.2136059799763
2000-01-05 00:00:00,1006.5415005935888
2000-01-06 00:00:00,1003.8955951827
2000-01-07 00:00:00,1001.283200850988
2000-01-09 00:00:00,996.1607825473143
2000-01-10 00:00:00,993.6394715888324
2000-01-11 00:00:00,991.1317911063949
2000-01-12 00:00:00,988.6267545098915
2000-01-13 00:00:00,986.1148067931374
2000-01-14 00:00:00,983.5895664636075
2000-01-16 00:00:00,978.4948909159909
2000-01-17 00:00:00,975.933030274681
2000-01-18 00:00:00,973.3703372639768
2000-01-19 00:00:00,970.8132864192318
2000-01-20 00:00:00,968.2660715495815
2000-01-21 00:00:00,965.729739715191
2000-01-23 00:00:00,960.6802957847544
2000-01-24 00:00:00,958.1596797733692
2000-01-25 00:00:00,955.6380135507894
2000-01-26 00:00:00,953.1149544453364
2000-01-27 00:00:00,950.5924188286998
2000-01-28 00:00:00,948.0739326254507
2000-01-30 00:00:00,943.064043303826
2000-01-31 00:00:00,940.5767573303389
2000-02-01 00:00:00,938.1000055536964
2000-02-02 00:00:00,935.6295125815913
2000-02-03 00:00:00,933.1588947016296
2000-02-04 00:00:00,930.6807710820417
2000-02-06 00:00:00,925.6764755743973
2000-02-07 00:00:00,923.1441615347566
2000-02-08 00:00:00,920.59441945258
2000-02-09 00:00:00,918.0349312538576
2000-02-10 00:00:00,915.4770053708199
2000-02-11 00:00:00,912.933544228051
2000-02-13 00:00:00,907.9322050050195
2000-02-14 00:00:00,905.4821010240511
2000-02-15 00:00:00,903.0585576683593
2000-02-16 00:00:00,900.6473414071919
2000-02-17 00:00:00,898.2301519555378
2000-02-18 00:00:00,895.7886759129806
2000-02-20 00:00:00,890.7850630155516
2000-02-21 00:00:00,888.2202998434364
2000-02-22 00:00:00,883.0808929954594
2000-02-23 00:00:00,877.8456998502717
2000-02-24 00:00:00,872.6318575466046
2000-02-25 00:00:00,867.4792430367528
2000-02-27 00:00:00,857.4552526918495
2000-02-28 00:00:00,852.588219002286
2000-02-29 00:00:00,847.7897604417401
2000-03-01 00:00:00,843.0202026310548
2000-03-02 00:00:00,838.2322000627963
2000-03-03 00:00:00,833.3785414885809
2000-03-05 00:00:00,825.6426086754537
2000-03-06 00:00:00,822.7921046429799
2000-03-07 00:00:00,819.8346730885864
2000-03-08 00:00:00,816.8139674202297
2000-03-09 00:00:00,813.7886452599569
2000-03-10 00:00:00,810.8213316277057
2000-03-12 00:00:00,805.251129210079
2000-03-13 00:00:00,802.679655333883
2000-03-14 00:00:00,800.2190519857447
2000-03-15 00:00:00,797.8114782207692
2000-03-16 00:00:00,795.3853305005052
2000-03-17 00:00:00,792.8707826585003
2000-03-19 00:00:00,787.3933383906185
2000-03-20 00:00:00,784.4144036270033
2000-03-21 00:00:00,781.3177941379878
2000-03-22 00:00:00,778.1656488326735
2000-03-23 00:00:00,775.0299684973091
2000-03-24 00:00:00,771.9786731460606
2000-03-26 00:00:00,766.3094277149072
2000-03-27 01:00:00,763.6089045384715
2000-03-28 01:00:00,761.1448369935076
2000-03-29 01:00:00,758.7508980578933
2000-03-30 01:00:00,756.3590479119721
2000-03-31 01:00:00,753.8995034388419
2000-04-02 01:00:00,748.5611286691708
2000-04-03 01:00:00,745.6365157420676
2000-04-04 01:00:00,742.564885530297
2000-04-05 01:00:00,739.4033518728453
2000-04-06 01:00:00,736.2305317040158
2000-04-07 01:00:00,733.1306475419001
2000-04-09 01:00:00,727.4039225858551
2000-04-10 01:00:00,724.8191910615404
2000-04-11 01:00:00,722.3803657425983
2000-04-12 01:00:00,720.0155962873276
2000-04-13 01:00:00,717.6372497476171
2000-04-14 01:00:00,715.161171577022
2000-04-16 01:00:00,709.6970740753329
2000-04-17 01:00:00,706.6882338074898
2000-04-18 01:00:00,703.5417494108801
2000-04-19 01:00:00,700.3270224127947
2000-04-20 01:00:00,697.124865072707
2000-04-21 01:00:00,694.0123052629153
2000-04-23 01:00:00,688.268796274451
2000-04-24 01:00:00,685.6733281429954
2000-04-25 01:00:00,683.234700071635
2000-04-26 01:00:00,680.8997959843664
2000-04-27 01:00:00,678.5994574777772
2000-04-28 01:00:00,676.2599713992188
2000-04-30 01:00:00,671.2211322789225
2000-05-01 01:00:00,668.4606206020992
2000-05-02 01:00:00,665.55315394891
2000-05-03 01:00:00,662.5506122922732
2000-05-04 01:00:00,659.528380252243
2000-05-05 01:00:00,656.5694693096543
2000-05-07 01:00:00,651.0992657273632
2000-05-08 01:00:00,648.6348815461882
2000-05-09 01:00:00,646.3167927606132
2000-05-10 01:00:00,644.0791390087636
2000-05-11 01:00:00,641.8414600389134
2000-05-12 01:00:00,639.526751795377
2000-05-14 01:00:00,634.4661851757904
2000-05-15 01:00:00,631.6992238495523
2000-05-16 01:00:00,628.8133791759559
2000-05-17 01:00:00,625.8670985546524
2000-05-18 01:00:00,624.1349118483453
2000-05-19 01:00:00,624.3707471803319
2000-05-21 01:00:00,627.4194009074823
2000-05-22 01:00:00,629.1830045507244
2000-05-23 01:00:00,631.0893344040634
2000-05-24 01:00:00,633.0990341035053
2000-05-25 01:00:00,635.158775444878
2000-05-26 01:00:00,637.2099752522589
2000-05-28 01:00:00,641.0847646898455
2000-05-29 01:00:00,642.9318992918631
2000-05-30 01:00:00,644.8005909070994
2000-05-31 01:00:00,646.5914797090387
2000-06-01 01:00:00,648.3578660692889
2000-06-02 01:00:00,650.1606455113714
2000-06-04 01:00:00,654.0727796650967
2000-06-05 01:00:00,656.2238169156541
2000-06-06 01:00:00,658.485781582617
2000-06-07 01:00:00,660.8152642836966
2000-06-08 01:00:00,663.1581406918762
2000-06-09 01:00:00,665.4622805603573
2000-06-11 01:00:00,669.8179108248285
2000-06-12 01:00:00,671.8530029088835
2000-06-13 01:00:00,673.815842431247
2000-06-14 01:00:00,675.7416759585001
2000-06-15 01:00:00,677.6713557012918
2000-06-16 01:00:00,679.6437062703344
2000-06-18 01:00:00,683.8261816748742
2000-06-19 01:00:00,686.0584288309032
2000-06-20 01:00:00,688.3763045187515
2000-06-21 01:00:00,690.7587965411583
2000-06-22 01:00:00,693.1774456116591
2000-06-23 01:00:00,695.6011640609229
2000-06-25 01:00:00,700.3570907911936
2000-06-26 01:00:00,702.6582241750889
2000-06-27 01:00:00,704.9077589205613
2000-06-28 01:00:00,707.1206383936563
2000-06-29 01:00:00,709.3202551661145
2000-06-30 01:00:00,711.532915612394
2000-07-02 01:00:00,716.080065012309
2000-07-03 01:00:00,718.4311049976136
2000-07-04 01:00:00,720.826150086216
2000-07-05 01:00:00,723.2490165951356
2000-07-06 01:00:00,725.6809265985197
2000-07-07 01:00:00,728.1054990524577
2000-07-09 01:00:00,733.0406573966465
2000-07-10 01:00:00,737.8780137068372
2000-07-11 01:00:00,742.7124540476093
2000-07-12 01:00:00,747.5487733456972
2000-07-13 01:00:00,752.3912509852985
2000-07-14 01:00:00,757.2426628843292
2000-07-16 01:00:00,766.9735691889184
2000-07-17 01:00:00,771.8494376690827
2000-07-18 01:00:00,776.7283304072176
2000-07-19 01:00:00,781.6075371368801
2000-07-20 01:00:00,786.4855911885193
2000-07-21 01:00:00,791.3628711808562
2000-07-23 01:00:00,801.1262071803659
2000-07-24 01:00:00,806.0208146649201
2000-07-25 01:00:00,810.9294093611909
2000-07-26 01:00:00,815.8536189445905
2000-07-27 01:00:00,820.7917725779063
2000-07-28 01:00:00,825.7385986890043
2000-07-30 01:00:00,833.1629865363989
2000-07-31 01:00:00,835.5482401063547
2000-08-01 01:00:00,837.9132642700152
2000-08-02 01:00:00,840.2597096289664
2000-08-03 01:00:00,842.5945976928846
2000-08-04 01:00:00,844.9289380220354
2000-08-06 01:00:00,849.6446507277896
2000-08-07 01:00:00,852.0443231367547
2000-08-08 01:00:00,854.4758356715291
2000-08-09 01:00:00,856.9346817606777
2000-08-10 01:00:00,859.4109618048674
2000-08-11 01:00:00,861.8910024817044
2000-08-13 01:00:00,866.8024962022743
2000-08-14 01:00:00,869.2088776458878
2000-08-15 01:00:00,871.5733613822997
2000-08-16 01:00:00,873.8974014314173
2000-08-17 01:00:00,876.1897098554252
2000-08-18 01:00:00,878.4654903603108
2000-08-20 01:00:00,883.0469507771564
2000-08-21 01:00:00,885.391005498857
2000-08-22 01:00:00,887.7871400698818
2000-08-23 01:00:00,890.2358190996428
2000-08-24 01:00:00,892.7261424366396
2000-08-25 01:00:00,895.2372659352989
2000-08-27 01:00:00,900.2146255675796
2000-08-28 01:00:00,902.6333176900149
2000-08-29 01:00:00,904.9893501665256
2000-08-30 01:00:00,907.2876450893468
2000-08-31 01:00:00,909.5462652487015
2000-09-01 01:00:00,911.7922684518767
2000-09-03 01:00:00,916.3622227568153
2000-09-04 01:00:00,918.7294576668239
2000-09-05 01:00:00,921.162133650143
2000-09-06 01:00:00,923.6523662469327
2000-09-07 01:00:00,926.1812722390268
2000-09-08 01:00:00,928.722483857324
2000-09-10 01:00:00,933.7263791810494
2000-09-11 01:00:00,936.1406141920421
2000-09-12 01:00:00,938.4785382489166
2000-09-13 01:00:00,940.7418376225527
2000-09-14 01:00:00,942.9452570766289
2000-09-15 01:00:00,945.1149531906638
2000-09-17 01:00:00,949.4892241919783
2000-09-18 01:00:00,951.7588190334947
2000-09-19 01:00:00,954.111288944744
2000-09-20 01:00:00,956.548122834344
2000-09-21 01:00:00,959.0530252127271
2000-09-22 01:00:00,961.5945895324088
2000-09-24 01:00:00,966.6264054731117
2000-09-25 01:00:00,969.0445738127204
2000-09-26 01:00:00,971.3715926012504
2000-09-27 01:00:00,973.6117600768657
2000-09-28 01:00:00,975.7880467965422
2000-09-29 01:00:00,977.936713465962
2000-10-01 01:00:00,982.31272727016
2000-10-02 01:00:00,984.604034761134
2000-10-03 01:00:00,986.98375412326
2000-10-04 01:00:00,989.4457576551397
2000-10-05 01:00:00,991.9689169134126
2000-10-06 01:00:00,994.5213226874843
2000-10-08 01:00:00,999.5669178992778
2000-10-09 01:00:00,1001.9954776512428
2000-10-10 01:00:00,1004.3351074407966
2000-10-11 01:00:00,1006.5848422805606
2000-10-12 01:00:00,1008.7602258275866
2000-10-13 01:00:00,1010.891366035485
2000-10-15 01:00:00,1015.1821739947349
2000-10-16 01:00:00,1017.4196259312721
2000-10-17 01:00:00,1019.7520801348427
2000-10-18 01:00:00,1022.1820455682735
2000-10-19 01:00:00,1024.691710069384
2000-10-20 01:00:00,1024.8637350091633
2000-10-22 01:00:00,1024.827713049216
2000-10-23 01:00:00,1024.7074497359747
2000-10-24 01:00:00,1024.4900624022657
2000-10-25 01:00:00,1024.1786445378682
2000-10-26 01:00:00,1023.7955922837052
2000-10-27 01:00:00,1023.3771768561301
2000-10-29 01:00:00,1018.4887190081495
2000-10-30 00:00:00,1015.7072847495001
2000-10-31 00:00:00,1012.8880565975675
2000-11-01 00:00:00,1010.1520745978659
2000-11-02 00:00:00,1007.4829746483741
2000-11-03 00:00:00,1004.852885921828
2000-11-05 00:00:00,999.5719992380581
2000-11-06 00:00:00,996.8567543004579
2000-11-07 00:00:00,994.0626332193658
2000-11-08 00:00:00,991.1845706703182
2000-11-09 00:00:00,988.2329902430085
2000-11-10 00:00:00,985.2324195876976
2000-11-12 00:00:00,979.2250433031379
2000-11-13 00:00:00,976.2889442950312
2000-11-14 00:00:00,973.4302741113366
2000-11-15 00:00:00,970.6538431074313
2000-11-16 00:00:00,967.9468828295328
2000-11-17 00:00:00,965.2820267426216
2000-11-19 00:00:00,959.9357925604934
2000-11-20 00:00:00,957.1903559691309
2000-11-21 00:00:00,954.3724803232478
2000-11-22 00:00:00,951.4832387948321
2000-11-23 00:00:00,948.5384746701836
2000-11-24 00:00:00,945.5646023718518
2000-11-26 00:00:00,939.6521417889992
2000-11-27 00:00:00,935.5660175981012
2000-11-28 00:00:00,930.2532622056143
2000-11-29 00:00:00,925.0783458662188
2000-11-30 00:00:00,920.0227627120446
2000-12-01 00:00:00,915.0514583599319
2000-12-03 00:00:00,905.1793734581934
2000-12-04 00:00:00,900.1896741287628
2000-12-05 00:00:00,895.1212030425606
2000-12-06 00:00:00,889.9623853479435
2000-12-07 00:00:00,884.7213034486858
2000-12-08 00:00:00,879.4242344344887
2000-12-10 00:00:00,868.8243259779842
2000-12-11 00:00:00,863.6055925736935
2000-12-12 00:00:00,858.4811184476986
2000-12-13 00:00:00,853.4591118765927
2000-12-14 00:00:00,848.528118599839
2000-12-15 00:00:00,843.6607541049865
2000-12-17 00:00:00,833.9741275185625
2000-12-18 00:00:00,829.092652715605
2000-12-19 00:00:00,824.1635492725877
2000-12-20 00:00:00,819.1885634654511
2000-12-21 00:00:00,814.182223232298
2000-12-22 00:00:00,809.1670471796886
2000-12-24 00:00:00,799.2066645470169
2000-12-25 00:00:00,795.9402997661454
2000-12-26 00:00:00,793.2578672379175
2000-12-27 00:00:00,790.6271719220208
2000-12-28 00:00:00,788.040101125758
2000-12-29 00:00:00,785.4844090908905
2000-12-31 00:00:00,780.4149901593938
2001-01-01 00:00:00,777.881453799343
2001-01-02 00:00:00,775.3431509915647
2001-01-03 00:00:00,772.8022952250369
2001-01-04 00:00:00,770.2649840079102
2001-01-05 00:00:00,767.7390017577458
2001-01-07 00:00:00,762.7447375509093
2001-01-08 00:00:00,760.2784443074814
2001-01-09 00:00:00,757.8264922227107
2001-01-10 00:00:00,755.3807522938021
2001-01-11 00:00:00,752.9339615548995
2001-01-12 00:00:00,750.4831594666347
2001-01-14 00:00:00,745.5898567699115
2001-01-15 00:00:00,743.1720631786861
2001-01-16 00:00:00,740.793754369244
2001-01-17 00:00:00,738.4668459870221
2001-01-18 00:00:00,736.1963776959692
2001-01-19 00:00:00,733.9786427691878
2001-01-21 00:00:00,729.645458074774
2001-01-22 00:00:00,727.4888586427609
2001-01-23 00:00:00,725.3100424058987
2001-01-24 00:00:00,723.0923069494131
2001-01-25 00:00:00,720.8272087499769
2001-01-26 00:00:00,718.5169741396378
2001-01-28 00:00:00,713.8267480110595
2001-01-29 00:00:00,711.5029048669683
2001-01-30 00:00:00,709.2382237881309
2001-01-31 00:00:00,707.0633664391436
2001-02-01 00:00:00,704.9987658807132
2001-02-02 00:00:00,703.049246995693
2001-02-04 00:00:00,699.4237318875477
2001-02-05 00:00:00,697.6735826798817
2001-02-06 00:00:00,695.9044418542829
2001-02-07 00:00:00,694.0777614554917
2001-02-08 00:00:00,692.1732891532822
2001-02-09 00:00:00,690.1956862583812
2001-02-11 00:00:00,686.161358620942
2001-02-12 00:00:00,684.2111822349035
2001-02-13 00:00:00,682.3761972059326
2001-02-14 00:00:00,680.6907551293331
2001-02-15 00:00:00,679.1653078849977
2001-02-16 00:00:00,677.7851010609182
2001-02-18 00:00:00,675.3015570498256
2001-02-19 00:00:00,674.0930805387345
2001-02-20 00:00:00,672.8384270352875
2001-02-21 00:00:00,671.5008770582241
2001-02-22 00:00:00,670.0635790722293
2001-02-23 00:00:00,668.5333211070879
2001-02-25 00:00:00,665.3380373475179
2001-02-26 00:00:00,663.7899027693501
2001-02-27 00:00:00,662.3654629369922
2001-02-28 00:00:00,661.125386651127
2001-03-01 00:00:00,660.1105220890424
2001-03-02 00:00:00,659.3330621735479
2001-03-04 00:00:00,658.378982178089
2001-03-05 00:00:00,658.0807516098461
2001-03-06 00:00:00,657.8005379430534
2001-03-07 00:00:00,657.4721363664497
2001-03-08 00:00:00,657.0569242147307
2001-03-09 00:00:00,656.5541304935562
2001-03-11 00:00:00,655.4716739403505
2001-03-12 00:00:00,655.0443616608226
2001-03-13 00:00:00,654.7978861670326
2001-03-14 00:00:00,654.7863662939156
2001-03-15 00:00:00,655.0303114856455
2001-03-16 00:00:00,655.5141528642166
2001-03-18 00:00:00,656.9921083510098
2001-03-19 00:00:00,657.8400527350738
2001-03-20 00:00:00,658.6610152652659
2001-03-21 00:00:00,659.3967950935496
2001-03-22 00:00:00,660.0137810390889
2001-03-23 00:00:00,660.5082801680722
2001-03-25 00:00:00,661.2642326381722
2001-03-26 01:00:00,661.6674745312672
2001-03-27 01:00:00,662.162917896518
2001-03-28 01:00:00,662.8295377804681
2001-03-29 01:00:00,663.7068125800909
2001-03-30 01:00:00,664.7995342672957
2001-04-01 01:00:00,667.4625668421312
2001-04-02 01:00:00,668.8736022510702
2001-04-03 01:00:00,670.2098611898888
2001-04-04 01:00:00,671.3870327411258
2001-04-05 01:00:00,672.3514891702447
2001-04-06 01:00:00,673.0909268429523
2001-04-08 01:00:00,674.0495210471503
2001-04-09 01:00:00,674.412548025766
2001-04-10 01:00:00,674.8015156434165
2001-04-11 01:00:00,675.2723731972552
2001-04-12 01:00:00,675.8493570197312
2001-04-13 01:00:00,676.5219117027934
2001-04-15 01:00:00,677.9663878772046
2001-04-16 01:00:00,678.6020779830019
2001-04-17 01:00:00,679.0854474952716
2001-04-18 01:00:00,679.3606891827945
2001-04-19 01:00:00,679.3957019392968
2001-04-20 01:00:00,679.1877004076498
2001-04-22 01:00:00,678.1792601573405
2001-04-23 01:00:00,677.5042000898022
2001-04-24 01:00:00,676.8157475217624
2001-04-25 01:00:00,676.1818740941153
2001-04-26 01:00:00,675.6489721699883
2001-04-27 01:00:00,675.2327203687943
2001-04-29 01:00:00,674.6469788679597
2001-04-30 01:00:00,674.3606194870507
2001-05-01 01:00:00,673.982214015598
2001-05-02 01:00:00,673.4495783012962
2001-05-03 01:00:00,672.7253446140976
2001-05-04 01:00:00,671.8056766437833
2001-05-06 01:00:00,669.5232391101737
2001-05-07 01:00:00,668.2833595645262
2001-05-08 01:00:00,667.0656804865
2001-05-09 01:00:00,665.9204642032739
2001-05-10 01:00:00,664.8746290350623
2001-05-11 01:00:00,663.9290463731819
2001-05-13 01:00:00,662.229551926502
2001-05-14 01:00:00,661.3851785895247
2001-05-15 01:00:00,660.4774617349029
2001-05-16 01:00:00,659.4643829203266
2001-05-17 01:00:00,658.3192294979093
2001-05-18 01:00:00,657.0351085780569
2001-05-20 01:00:00,654.1253321921732
2001-05-21 01:00:00,652.5782403459025
2001-05-22 01:00:00,651.0351309493782
2001-05-23 01:00:00,649.5412767550873
2001-05-24 01:00:00,648.1282843940157
2001-05-25 01:00:00,646.8079473342204
2001-05-27 01:00:00,644.385815120947
2001-05-28 01:00:00,643.2132489038713
2001-05-29 01:00:00,642.0083331593121
2001-05-30 01:00:00,640.7343616750524
2001-05-31 01:00:00,639.369593193524
2001-06-01 01:00:00,637.9116121377482
2001-06-03 01:00:00,634.7912146472013
2001-06-04 01:00:00,633.1918603663073
2001-06-05 01:00:00,631.6102906524685
2001-06-06 01:00:00,630.07084578424
2001-06-07 01:00:00,628.5862729302529
2001-06-08 01:00:00,627.1569170085043
2001-06-10 01:00:00,624.4140233141758
2001-06-11 01:00:00,623.0602936026874
2001-06-12 01:00:00,621.6895120287786
2001-06-13 01:00:00,620.2841927036437
2001-06-14 01:00:00,618.8336180193857
2001-06-15 01:00:00,617.33520570481
2001-06-17 01:00:00,614.2226255859243
2001-06-18 01:00:00,612.6351940810277
2001-06-19 01:00:00,611.0471456915918
2001-06-20 01:00:00,609.4703749460588
2001-06-21 01:00:00,607.9112381126881
2001-06-22 01:00:00,606.369709122164
2001-06-24 01:00:00,603.314179620652
2001-06-25 01:00:00,601.7826832831365
2001-06-26 01:00:00,600.2397740788512
2001-06-27 01:00:00,598.6837093697733
2001-06-28 01:00:00,597.1170194919678
2001-06-29 01:00:00,595.5450475142037
2001-07-01 01:00:00,592.4053064813116
2001-07-02 01:00:00,590.8405730502284
2001-07-03 01:00:00,589.2746293867752
2001-07-04 01:00:00,587.6996436774529
2001-07-05 01:00:00,586.1062714221986
2001-07-06 01:00:00,584.4859427805739
2001-07-08 01:00:00,581.1470495479608
2001-07-09 01:00:00,579.4327176148713
2001-07-10 01:00:00,577.700657186017
2001-07-11 01:00:00,575.9655978087809
2001-07-12 01:00:00,574.2439705035879
2001-07-13 01:00:00,572.5506093545448
2001-07-15 01:00:00,569.2793739023384
2001-07-16 01:00:00,569.1593390719506
2001-07-17 01:00:00,569.6047839971491
2001-07-18 01:00:00,570.0452892486865
2001-07-19 01:00:00,570.4536484992327
2001-07-20 01:00:00,570.806794045515
2001-07-22 01:00:00,571.312421320918
2001-07-23 01:00:00,571.4862578314604
2001-07-24 01:00:00,571.6451329440853
2001-07-25 01:00:00,571.8258026245632
2001-07-26 01:00:00,572.0612337929055
2001-07-27 01:00:00,572.3722289190815
2001-07-29 01:00:00,573.2171554588161
2001-07-30 01:00:00,573.7069134262377
2001-07-31 01:00:00,574.1929275365748
2001-08-01 01:00:00,574.6345989401384
2001-08-02 01:00:00,574.9966193224908
2001-08-03 01:00:00,575.2549702000957
2001-08-05 01:00:00,575.4435831930632
2001-08-06 01:00:00,575.5808829261117
2001-08-07 01:00:00,578.712215394936
2001-08-08 01:00:00,583.1070610871196
2001-08-09 01:00:00,587.9909588410688
2001-08-10 01:00:00,593.0345136698312
2001-08-12 01:00:00,603.1440790411549
2001-08-13 01:00:00,608.2097478959929
2001-08-14 01:00:00,613.2824308592677
2001-08-15 01:00:00,618.3619315944132
2001-08-16 01:00:00,623.4480416127121
2001-08-17 01:00:00,628.5405409782545
2001-08-19 01:00:00,638.743792185834
2001-08-20 01:00:00,643.8540881293117
2001-08-21 01:00:00,648.9698778171778
2001-08-22 01:00:00,654.090969654132
2001-08-23 01:00:00,659.2171942751486
2001-08-24 01:00:00,664.3484032672843
2001-08-26 01:00:00,674.6252622713328
2001-08-27 01:00:00,679.77068359985
2001-08-28 01:00:00,684.9206243205996
2001-08-29 01:00:00,690.0749819695737
2001-08-30 01:00:00,695.2336550990934
2001-08-31 01:00:00,700.3965421545397
2001-09-02 01:00:00,710.734546009072
2001-09-03 01:00:00,715.90945146959
2001-09-04 01:00:00,721.0881464862568
2001-09-05 01:00:00,726.2705162035321
2001-09-06 01:00:00,731.4564404575596
2001-09-07 01:00:00,736.6457928743367
2001-09-09 01:00:00,747.0342399358702
2001-09-10 01:00:00,752.2330418592427
2001-09-11 01:00:00,757.4346839467494
2001-09-12 01:00:00,762.6389922327211
2001-09-13 01:00:00,767.8457791543548
2001-09-14 01:00:00,773.0548428700708
2001-09-16 01:00:00,779.1082879754462
2001-09-17 01:00:00,781.8315873332758
2001-09-18 01:00:00,784.5551432989091
2001-09-19 01:00:00,787.2788199508785
2001-09-20 01:00:00,790.0024891941343
2001-09-21 01:00:00,792.7260320436974
2001-09-23 01:00:00,798.1723046777041
2001-09-24 01:00:00,800.8948336037367
2001-09-25 01:00:00,803.6168307291551
2001-09-26 01:00:00,806.3382038797567
2001-09-27 01:00:00,809.0588620242482
2001-09-28 01:00:00,811.7787146637706
2001-09-30 01:00:00,817.2156418335413
2001-10-01 01:00:00,819.9325349186577
2001-10-02 01:00:00,822.6482589552326
2001-10-03 01:00:00,825.3627209452778
2001-10-04 01:00:00,828.0758260294775
2001-10-05 01:00:00,830.7874768136525
2001-10-07 01:00:00,836.2060082233722
2001-10-08 01:00:00,838.9126746736923
2001-10-09 01:00:00,841.6174565986677
2001-10-10 01:00:00,844.320232656108
2001-10-11 01:00:00,847.020874687054
2001-10-12 01:00:00,849.7192473616469
2001-10-14 01:00:00,855.1086086817633
2001-10-15 01:00:00,857.7992954846845
2001-10-16 01:00:00,860.4871138154022
2001-10-17 01:00:00,863.1719104863357
2001-10-18 01:00:00,865.8535372252941
2001-10-19 01:00:00,868.531853048752
2001-10-21 01:00:00,873.8780298339585
2001-10-22 01:00:00,876.5456493787392
2001-10-23 01:00:00,879.209472894459
2001-10-24 01:00:00,881.8693940037784
2001-10-25 01:00:00,884.5253100814298
2001-10-26 01:00:00,887.1771216261391
2001-10-28 01:00:00,892.4680467831491
2001-10-29 00:00:00,894.9968764551514
2001-10-30 00:00:00,897.6315180213894
2001-10-31 00:00:00,900.2616002540698
2001-11-01 00:00:00,902.887038134382
2001-11-02 00:00:00,905.507747955977
2001-11-04 00:00:00,910.7346503082043
2001-11-05 00:00:00,913.3406743089741
2001-11-06 00:00:00,915.9416313629363
2001-11-07 00:00:00,918.5374313618014
2001-11-08 00:00:00,921.1279808517131
2001-11-09 00:00:00,923.7131829151153
2001-11-11 00:00:00,928.8671417124827
2001-11-12 00:00:00,931.4356918301628
2001-11-13 00:00:00,933.9984842541651
2001-11-14 00:00:00,936.55541812086
2001-11-15 00:00:00,939.1063976112697
2001-11-16 00:00:00,941.6513341496626
2001-11-18 00:00:00,946.7227691650102
2001-11-19 00:00:00,949.2491373219681
2001-11-20 00:00:00,951.7692014924405
2001-11-21 00:00:00,954.2829192392824
2001-11-22 00:00:00,956.7902559254503
2001-11-23 00:00:00,959.2911841083397
2001-11-25 00:00:00,964.2737388993645
2001-11-26 00:00:00,966.7553438694301
2001-11-27 00:00:00,969.2304970497089
2001-11-28 00:00:00,971.6992040436231
2001-11-29 00:00:00,974.1614769541569
2001-11-30 00:00:00,976.6173340863818
2001-12-02 00:00:00,981.5099013431479
2001-12-03 00:00:00,983.9466722481275
2001-12-04 00:00:00,986.3771466061461
2001-12-05 00:00:00,988.8013602757429
2001-12-06 00:00:00,991.2193497122047
2001-12-07 00:00:00,993.6311516909855
2001-12-09 00:00:00,998.4363433366348
2001-12-10 00:00:00,1000.8298114244345
2001-12-11 00:00:00,1003.217250726616
2001-12-12 00:00:00,1003.1737994304867
2001-12-13 00:00:00,1002.8718606382731
2001-12-14 00:00:00,1002.5647937694189
2001-12-16 00:00:00,1001.936062143898
2001-12-17 00:00:00,1001.6148035833661
2001-12-18 00:00:00,1001.2892274777021
2001-12-19 00:00:00,1000.959545983227
2001-12-20 00:00:00,1000.6259737004912
2001-12-21 00:00:00,1000.2887272535538
2001-12-23 00:00:00,999.6040865534401
2001-12-24 00:00:00,999.2571328418187
2001-12-25 00:00:00,996.4812635574647
2001-12-26 00:00:00,993.634351744729
2001-12-27 00:00:00,990.79017186499
2001-12-28 00:00:00,987.9429487490798
2001-12-30 00:00:00,982.2104616434725
2001-12-31 00:00:00,979.313308675866
2002-01-01 00:00:00,976.3932088700349
2002-01-02 00:00:00,973.4545981009059
2002-01-03 00:00:00,970.5068210217917
2002-01-04 00:00:00,966.1812545274686
2002-01-06 00:00:00,954.778632890106
2002-01-07 00:00:00,949.1211659964979
2002-01-08 00:00:00,943.4909843272121
2002-01-09 00:00:00,937.8779399470934
2002-01-10 00:00:00,932.2670328318383
2002-01-11 00:00:00,926.6415050300305
2002-01-13 00:00:00,915.2908103866304
2002-01-14 00:00:00,909.5516518508425
2002-01-15 00:00:00,903.7730673309159
2002-01-16 00:00:00,897.9668902647663
2002-01-17 00:00:00,892.150869092377
2002-01-18 00:00:00,886.3459691357298
2002-01-20 00:00:00,874.8487491888351
2002-01-21 00:00:00,869.1832254323567
2002-01-22 00:00:00,863.5769729629816
2002-01-23 00:00:00,858.0205976615146
2002-01-24 00:00:00,852.4957843130027
2002-01-25 00:00:00,846.9781420717813
2002-01-27 00:00:00,835.8635582190379
2002-01-28 00:00:00,830.230540437746
2002-01-29 00:00:00,824.5419244772671
2002-01-30 00:00:00,818.8115723810864
2002-01-31 00:00:00,813.0657144135979
2002-02-01 00:00:00,807.3371857765858
2002-02-03 00:00:00,796.0493829858851
2002-02-04 00:00:00,790.5203658462366
2002-02-05 00:00:00,785.0620396498434
2002-02-06 00:00:00,779.6517776856911
2002-02-07 00:00:00,774.2579476021726
2002-02-08 00:00:00,769.7156903289253
2002-02-10 00:00:00,763.5125356901526
2002-02-11 00:00:00,760.299701871763
2002-02-12 00:00:00,757.0165383138982
2002-02-13 00:00:00,753.6827604370144
2002-02-14 00:00:00,750.3283401916999
2002-02-15 00:00:00,746.9888166634885
2002-02-17 00:00:00,740.4901659014738
2002-02-18 00:00:00,737.3789602851053
2002-02-19 00:00:00,734.3700418620953
2002-02-20 00:00:00,731.4519043834105
2002-02-21 00:00:00,728.5989231111473
2002-02-22 00:00:00,725.7753915053814
2002-02-24 00:00:00,720.0624607887145
2002-02-25 00:00:00,717.1135157328079
2002-02-26 00:00:00,714.089054287683
2002-02-27 00:00:00,711.00384097525
2002-02-28 00:00:00,707.8908903235202
2002-03-01 00:00:00,704.7938526882472
2002-03-03 00:00:00,698.8091295407022
2002-03-04 00:00:00,695.9663268636931
2002-03-05 00:00:00,693.2192274475519
2002-03-06 00:00:00,690.5410975073255
2002-03-07 00:00:00,687.8933897569634
2002-03-08 00:00:00,685.2339954990723
2002-03-10 00:00:00,679.7408591743247
2002-03-11 00:00:00,676.8694370743156
2002-03-12 00:00:00,673.9167521132703
2002-03-13 00:00:00,670.90418946553
2002-03-14 00:00:00,667.865207689823
2002-03-15 00:00:00,664.8398769075507
2002-03-17 00:00:00,658.984698515269
2002-03-18 00:00:00,656.210822629131
2002-03-19 00:00:00,653.5534146573714
2002-03-20 00:00:00,651.0023954130651
2002-03-21 00:00:00,648.5323925542991
2002-03-22 00:00:00,646.1068133649519
2002-03-24 00:00:00,641.2261129712402
2002-03-25 00:00:00,638.7051563594586
2002-03-26 00:00:00,636.1116202066461
2002-03-27 00:00:00,633.4564907682163
2002-03-28 00:00:00,630.7694993298917
2002-03-29 00:00:00,628.0920877161489
2002-03-31 00:00:00,622.926713601675
2002-04-01 01:00:00,620.3878075854798
2002-04-02 01:00:00,618.0486339070128
2002-04-03 01:00:00,615.7826206168071
2002-04-04 01:00:00,613.5555392318322
2002-04-05 01:00:00,611.3292433592285
2002-04-07 01:00:00,606.7502071498494
2002-04-08 01:00:00,604.3609861567767
2002-04-09 01:00:00,601.9048520680402
2002-04-10 01:00:00,599.3989338663406
2002-04-11 01:00:00,596.8708276623516
2002-04-12 01:00:00,594.3537918005154
2002-04-14 01:00:00,589.4812638971998
2002-04-15 01:00:00,587.1724079399701
2002-04-16 01:00:00,584.9606159398676
2002-04-17 01:00:00,582.8384427691417
2002-04-18 01:00:00,580.7862710274596
2002-04-19 01:00:00,578.7756107942923
2002-04-21 01:00:00,574.7518037268633
2002-04-22 01:00:00,572.6869603391293
2002-04-23 01:00:00,570.5711483416178
2002-04-24 01:00:00,568.411135048978
2002-04-25 01:00:00,566.2274032121247
2002-04-26 01:00:00,564.048995942129
2002-04-28 01:00:00,559.8231473229616
2002-04-29 01:00:00,557.8126022829464
2002-04-30 01:00:00,555.8737816377452
2002-05-01 01:00:00,553.9937872694788
2002-05-02 01:00:00,552.1513552075818
2002-05-03 01:00:00,550.3218299807688
2002-05-05 01:00:00,546.6148256395559
2002-05-06 01:00:00,544.7107793250744
2002-05-07 01:00:00,542.7701376428619
2002-05-08 01:00:00,541.9708665303458
2002-05-09 01:00:00,542.1656426393024
2002-05-10 01:00:00,542.3641082914041
2002-05-12 01:00:00,546.4583963661963
2002-05-13 01:00:00,549.265816537816
2002-05-14 01:00:00,552.0796522457485
2002-05-15 01:00:00,554.8998029447043
2002-05-16 01:00:00,557.7261626087932
2002-05-17 01:00:00,560.5586206305296
2002-05-19 01:00:00,566.2413745894393
2002-05-20 01:00:00,569.091439735238
2002-05-21 01:00:00,571.9471460980297
2002-05-22 01:00:00,574.8083863503213
2002-05-23 01:00:00,577.6750609926665
2002-05-24 01:00:00,580.5470805803063
2002-05-26 01:00:00,586.3068534582367
2002-05-27 01:00:00,589.1944826357926
2002-05-28 01:00:00,592.0872039325286
2002-05-29 01:00:00,594.9849698528479
2002-05-30 01:00:00,597.8877327040498
2002-05-31 01:00:00,600.7954420069516
2002-06-02 01:00:00,606.6254750659717
2002-06-03 01:00:00,609.5476730232078
2002-06-04 01:00:00,612.62430049057
2002-06-05 01:00:00,617.543674212913
2002-06-06 01:00:00,622.70640592205
2002-06-07 01:00:00,627.8679551720572
2002-06-09 01:00:00,638.1809805701666
2002-06-10 01:00:00,643.3337472486108
2002-06-11 01:00:00,648.4873083379034
2002-06-12 01:00:00,653.6447110534801
2002-06-13 01:00:00,658.8081317049191
2002-06-14 01:00:00,663.977865673985
2002-06-16 01:00:00,674.3253572321022
2002-06-17 01:00:00,679.4928750664901
2002-06-18 01:00:00,684.6488915455333
2002-06-19 01:00:00,689.7898910542732
2002-06-20 01:00:00,694.9159934103645
2002-06-21 01:00:00,700.031298745467
2002-06-23 01:00:00,710.2612815368248
2002-06-24 01:00:00,715.3943436659137
2002-06-25 01:00:00,720.5489868009397
2002-06-26 01:00:00,725.7275577658581
2002-06-27 01:00:00,730.9273973723278
2002-06-28 01:00:00,736.1410402330117
2002-06-30 01:00:00,746.5635722779311
2002-07-01 01:00:00,751.7474116638356
2002-07-02 01:00:00,756.8996662772204
2002-07-03 01:00:00,762.0160307705835
2002-07-04 01:00:00,767.0982687913418
2002-07-05 01:00:00,772.1543258733964
2002-07-07 01:00:00,782.2435528124195
2002-07-08 01:00:00,787.3095780051553
2002-07-09 01:00:00,792.4090197072696
2002-07-10 01:00:00,796.0495329907168
2002-07-11 01:00:00,798.916073217131
2002-07-12 01:00:00,801.8152163221149
2002-07-14 01:00:00,807.6330680391119
2002-07-15 01:00:00,810.5061034750898
2002-07-16 01:00:00,813.3309397834525
2002-07-17 01:00:00,816.1012656272087
2002-07-18 01:00:00,818.8228821330478
2002-07-19 01:00:00,821.5127954029691
2002-07-21 01:00:00,826.8973798616712
2002-07-22 01:00:00,829.6418948524623
2002-07-23 01:00:00,832.4442295825639
2002-07-24 01:00:00,835.3087649622762
2002-07-25 01:00:00,838.2281976196277
2002-07-26 01:00:00,841.1848340480068
2002-07-28 01:00:00,847.106626385303
2002-07-29 01:00:00,850.0174273693283
2002-07-30 01:00:00,852.8660216510843
2002-07-31 01:00:00,855.6421465465975
2002-08-01 01:00:00,858.347273581568
2002-08-02 01:00:00,860.9946732459557
2002-08-04 01:00:00,866.2151797136568
2002-08-05 01:00:00,868.8481640706837
2002-08-06 01:00:00,871.5322720628476
2002-08-07 01:00:00,874.2829702625946
2002-08-08 01:00:00,877.10111034058
2002-08-09 01:00:00,879.9713131303307
2002-08-11 01:00:00,885.7417262459907
2002-08-12 01:00:00,888.5673518974359
2002-08-13 01:00:00,891.3135764490412
2002-08-14 01:00:00,893.9696940048641
2002-08-15 01:00:00,896.5438731785051
2002-08-16 01:00:00,899.06103481453
2002-08-18 01:00:00,904.069690578139
2002-08-19 01:00:00,906.6330279173329
2002-08-20 01:00:00,909.2688529226425
2002-08-21 01:00:00,911.9840008223844
2002-08-22 01:00:00,914.7692172193262
2002-08-23 01:00:00,917.6010289858729
2002-08-25 01:00:00,923.2658861658035
2002-08-26 01:00:00,926.0248835386502
2002-08-27 01:00:00,928.6944147046662
2002-08-28 01:00:00,931.2581425000818
2002-08-29 01:00:00,933.7144339001779
2002-08-30 01:00:00,936.0766464195386
2002-09-01 01:00:00,940.6326759999422
2002-09-02 01:00:00,942.8991075273882
2002-09-03 01:00:00,945.2035553365563
2002-09-04 01:00:00,947.5676581824209
2002-09-05 01:00:00,949.9958421202404
2002-09-06 01:00:00,952.4727804492874
2002-09-08 01:00:00,957.4299319462615
2002-09-09 01:00:00,959.8220226143025
2002-09-10 01:00:00,962.1081046597501
2002-09-11 01:00:00,964.2731897252493
2002-09-12 01:00:00,966.323964012405
2002-09-13 01:00:00,968.2860094516969
2002-09-15 01:00:00,972.0975554647583
2002-09-16 01:00:00,974.0232258547446
2002-09-17 01:00:00,975.9971607623643
2002-09-18 01:00:00,978.0264879066132
2002-09-19 01:00:00,980.1014471621752
2002-09-20 01:00:00,982.1975129349986
2002-09-22 01:00:00,986.308993996976
2002-09-23 01:00:00,988.24733610439
2002-09-24 01:00:00,990.064469263706
2002-09-25 01:00:00,991.7416167952911
2002-09-26 01:00:00,993.2740317764783
2002-09-27 01:00:00,994.6713148536456
2002-09-29 01:00:00,997.1577814918915
2002-09-30 01:00:00,998.3120524964377
2002-10-01 01:00:00,999.4494227645798
2002-10-02 01:00:00,1000.5910873902594
2002-10-03 01:00:00,1001.7430441455016
2002-10-04 01:00:00,1002.893443439013
2002-10-06 01:00:00,1005.0654723083586
2002-10-07 01:00:00,1006.0074570234292
2002-10-08 01:00:00,1006.8074430666127
2002-10-09 01:00:00,1007.4486539178149
2002-10-10 01:00:00,1007.9329781243521
2002-10-11 01:00:00,1008.2790306591214
2002-10-13 01:00:00,1008.678771890412
2002-10-14 01:00:00,1008.7956538114667
2002-10-15 01:00:00,1008.8878484027647
2002-10-16 01:00:00,1008.9637385052745
2002-10-17 01:00:00,1009.018839421843
2002-10-18 01:00:00,1009.0376251287289
2002-10-20 01:00:00,1008.8715362306064
2002-10-21 01:00:00,1008.6368651543366
2002-10-22 01:00:00,1008.2751297207191
2002-10-23 01:00:00,1007.7773514500642
2002-10-24 01:00:00,1007.1451877839627
2002-10-25 01:00:00,1006.3910462039792
2002-10-27 01:00:00,1004.6107264014269
2002-10-28 00:00:00,1003.6848058936685
2002-10-29 00:00:00,1002.7081807514414
2002-10-30 00:00:00,1001.7445939162149
2002-10-31 00:00:00,1000.8092265770232
2002-11-01 00:00:00,999.9062226137606
2002-11-03 00:00:00,998.1655389269912
2002-11-04 00:00:00,997.2995342529879
2002-11-05 00:00:00,996.4201140227087
2002-11-06 00:00:00,995.5240987812873
2002-11-07 00:00:00,994.6182477966307
2002-11-08 00:00:00,993.7182643054616
2002-11-10 00:00:00,992.0235967216692
2002-11-11 00:00:00,991.272880797478
2002-11-12 00:00:00,990.6089491489281
2002-11-13 00:00:00,990.0402898676975
2002-11-14 00:00:00,989.5683362819026
2002-11-15 00:00:00,989.1886110022077
2002-11-17 00:00:00,988.6706283895841
2002-11-18 00:00:00,988.5129472122352
2002-11-19 00:00:00,988.4125340487108
2002-11-20 00:00:00,988.3655522196616
2002-11-21 00:00:00,988.3717259512127
2002-11-22 00:00:00,988.4339064753518
2002-11-24 00:00:00,988.7469270650021
2002-11-25 00:00:00,989.0084724038716
2002-11-26 00:00:00,989.3446597603178
2002-11-27 00:00:00,989.7555959406258
2002-11-28 00:00:00,990.2384254440084
2002-11-29 00:00:00,990.7880385830192
2002-12-01 00:00:00,992.0642343712447
2002-12-02 00:00:00,992.7820768747063
2002-12-03 00:00:00,993.5509467394511
2002-12-04 00:00:00,994.3719779569898
2002-12-05 00:00:00,995.2470949172163
2002-12-06 00:00:00,996.1774763723747
2002-12-08 00:00:00,998.1973766178805
2002-12-09 00:00:00,999.2765734866073
2002-12-10 00:00:00,1000.3914747321402
2002-12-11 00:00:00,1001.5335484721871
2002-12-12 00:00:00,1002.6957143834773
2002-12-13 00:00:00,1003.8738110968783
2002-12-15 00:00:00,1006.2806094169707
2002-12-16 00:00:00,1007.5202761942606
2002-12-17 00:00:00,1008.7959324872202
2002-12-18 00:00:00,1010.1173549261139
2002-12-19 00:00:00,1011.4926078528256
2002-12-20 00:00:00,1012.9259880555641
2002-12-22 00:00:00,1015.9563576043973
2002-12-23 00:00:00,1017.5326583418356
2002-12-24 00:00:00,1019.127842132691
2002-12-25 00:00:00,1020.7234896905217
2002-12-26 00:00:00,1022.304195784217
2002-12-27 00:00:00,1023.8613935527883
2002-12-29 00:00:00,1026.9187851301474
2002-12-30 00:00:00,1028.4488816698026
2002-12-31 00:00:00,1030.0090905797447
2003-01-01 00:00:00,1031.6209500090883
2003-01-02 00:00:00,1033.2995553037788
2003-01-03 00:00:00,1035.0498762039886
2003-01-05 00:00:00,1038.728850782001
2003-01-06 00:00:00,1040.6162318459785
2003-01-07 00:00:00,1042.5007589015017
2003-01-08 00:00:00,1044.3583063471303
2003-01-09 00:00:00,1046.1718125193238
2003-01-10 00:00:00,1047.9343605808476
2003-01-12 00:00:00,1051.334947724315
2003-01-13 00:00:00,1053.0112290407483
2003-01-14 00:00:00,1054.706769526798
2003-01-15 00:00:00,1056.4488448696154
2003-01-16 00:00:00,1056.6922009034267
2003-01-17 00:00:00,1056.3502418968928
2003-01-19 00:00:00,1055.6549857426971
2003-01-20 00:00:00,1055.3020652703701
2003-01-21 00:00:00,1054.9458701470874
2003-01-22 00:00:00,1054.586593411848
2003-01-23 00:00:00,1054.2244313704557
2003-01-24 00:00:00,1053.8595844386668
2003-01-26 00:00:00,1053.1226619701085
2003-01-27 00:00:00,1052.7510126797024
2003-01-28 00:00:00,1052.3775309889338
2003-01-29 00:00:00,1052.0024427328146
2003-01-30 00:00:00,1049.3308684459744
2003-01-31 00:00:00,1046.6467479411513
2003-02-02 00:00:00,1041.266895024865
2003-02-03 00:00:00,1038.5721947833404
2003-02-04 00:00:00,1035.8749675625893
2003-02-05 00:00:00,1033.1756806465773
2003-02-06 00:00:00,1030.4747828068193
2003-02-07 00:00:00,1027.772705476431
2003-02-09 00:00:00,1022.366657889792
2003-02-10 00:00:00,1019.6634725648812
2003-02-11 00:00:00,1016.9606782681956
2003-02-12 00:00:00,1014.2586305526683
2003-02-13 00:00:00,1011.557669943659
2003-02-14 00:00:00,1008.8581219296888
2003-02-16 00:00:00,1003.4644949359807
2003-02-17 00:00:00,1000.7710022394867
2003-02-18 00:00:00,998.0801016459549
2003-02-19 00:00:00,995.3920741600402
2003-02-20 00:00:00,992.7072040441532
2003-02-21 00:00:00,990.0257819001773
2003-02-23 00:00:00,984.6744799133143
2003-02-24 00:00:00,982.0052127864982
2003-02-25 00:00:00,979.3406133309273
2003-02-26 00:00:00,976.6809878309335
2003-02-27 00:00:00,974.0266367419088
2003-02-28 00:00:00,971.377851964408
2003-03-02 00:00:00,966.0980928034551
2003-03-03 00:00:00,963.4676409516542
2003-03-04 00:00:00,960.8437981373028
2003-03-05 00:00:00,958.226788021459
2003-03-06 00:00:00,955.6168187957414
2003-03-07 00:00:00,953.0140835359938
2003-03-09 00:00:00,947.8310149976706
2003-03-10 00:00:00,945.2509973393126
2003-03-11 00:00:00,940.5889954624483
2003-03-12 00:00:00,935.5062918084968
2003-03-13 00:00:00,930.4356755743282
2003-03-14 00:00:00,925.377346180512
2003-03-16 00:00:00,915.2982182009013
2003-03-17 00:00:00,910.2776959066589
2003-03-18 00:00:00,905.2700217477073
2003-03-19 00:00:00,900.2752993561274
2003-03-20 00:00:00,895.2936346153674
2003-03-21 00:00:00,890.3251445877738
2003-03-23 00:00:00,880.4282419221006
2003-03-24 00:00:00,875.5001471718654
2003-03-25 00:00:00,870.5858540020413
2003-03-26 00:00:00,865.6855400452679
2003-03-27 00:00:00,860.7993797336251
2003-03-28 00:00:00,855.9275398272666
2003-03-30 00:00:00,849.6153190558697
2003-03-31 01:00:00,846.9862968238428
2003-04-01 01:00:00,844.4800728036323
2003-04-02 01:00:00,841.9906832704024
2003-04-03 01:00:00,839.5181786376388
2003-04-04 01:00:00,837.0625951140157
2003-04-06 01:00:00,832.2022664363687
2003-04-07 01:00:00,829.7975249447016
2003-04-08 01:00:00,827.4097125921804
2003-04-09 01:00:00,825.0387987797037
2003-04-10 01:00:00,822.6847401678161
2003-04-11 01:00:00,820.3474805842876
2003-04-13 01:00:00,815.7230697434416
2003-04-14 01:00:00,813.4357438427588
2003-04-15 01:00:00,811.1648713385164
2003-04-16 01:00:00,808.9103455611288
2003-04-17 01:00:00,806.6720606834647
2003-04-18 01:00:00,804.4499175867845
2003-04-20 01:00:00,800.0537185865512
2003-04-21 01:00:00,797.8795255687223
2003-04-22 01:00:00,795.721195842125
2003-04-23 01:00:00,793.5786807177784
2003-04-24 01:00:00,791.4519325337983
2003-04-25 01:00:00,789.34090168272
2003-04-27 01:00:00,785.1657724981974
2003-04-28 01:00:00,783.1015506978207
2003-04-29 01:00:00,781.0527981465083
2003-04-30 01:00:00,779.0194371437493
2003-05-01 01:00:00,777.0013830992443
2003-05-02 01:00:00,774.9985443247156
2003-05-04 01:00:00,771.038109409288
2003-05-05 01:00:00,769.0802932117786
2003-05-06 01:00:00,767.1372521331823
2003-05-07 01:00:00,765.2088576439206
2003-05-08 01:00:00,763.2949738301945
2003-05-09 01:00:00,761.395457366375
2003-05-11 01:00:00,757.6389162118795
2003-05-12 01:00:00,755.7815687355389
2003-05-13 01:00:00,753.937944900962
2003-05-14 01:00:00,752.1078715101607
2003-05-15 01:00:00,750.2911758910335
2003-05-16 01:00:00,748.4876901813667
2003-05-18 01:00:00,744.9197239096375
2003-05-19 01:00:00,743.1549601577244
2003-05-20 01:00:00,741.4028387065034
2003-05-21 01:00:00,739.6632414391573
2003-05-22 01:00:00,737.9360543047017
2003-05-23 01:00:00,736.2211645541114
2003-05-25 01:00:00,732.8278214886177
2003-05-26 01:00:00,731.149134751137
2003-05-27 01:00:00,729.4822774958719
2003-05-28 01:00:00,727.8271254776433
2003-05-29 01:00:00,726.1835510745004
2003-05-30 01:00:00,724.5514230888665
2003-06-01 01:00:00,721.3209621626849
2003-06-02 01:00:00,719.7223465656117
2003-06-03 01:00:00,718.1346115411192
2003-06-04 01:00:00,716.5576041089463
2003-06-05 01:00:00,714.9911663761001
2003-06-06 01:00:00,713.435135525445
2003-06-08 01:00:00,710.3536192793476
2003-06-09 01:00:00,708.8277852306987
2003-06-10 01:00:00,708.3328529682838
2003-06-11 01:00:00,709.2182078202536
2003-06-12 01:00:00,710.1215840981403
2003-06-13 01:00:00,711.0578828735366
2003-06-15 01:00:00,713.0662756415999
2003-06-16 01:00:00,714.1381217580032
2003-06-17 01:00:00,715.2416190509301
2003-06-18 01:00:00,716.3596000690429
2003-06-19 01:00:00,717.4734528415329
2003-06-20 01:00:00,718.5670826521532
2003-06-22 01:00:00,720.6606443956603
2003-06-23 01:00:00,721.6642683526655
2003-06-24 01:00:00,722.6544343797294
2003-06-25 01:00:00,723.6494813956891
2003-06-26 01:00:00,724.6697390928514
2003-06-27 01:00:00,725.7341391225631
2003-06-29 01:00:00,728.0449755626195
2003-06-30 01:00:00,729.2959160886058
2003-07-01 01:00:00,730.5977937115963
2003-07-02 01:00:00,731.9302683877934
2003-07-03 01:00:00,733.267682402945
2003-07-04 01:00:00,734.5836504427322
2003-07-06 01:00:00,737.073857494271
2003-07-07 01:00:00,738.2369281788624
2003-07-08 01:00:00,739.3603358072373
2003-07-09 01:00:00,741.9847678777476
2003-07-10 01:00:00,745.3053516467676
2003-07-11 01:00:00,748.6756654756753
2003-07-13 01:00:00,755.6419483994435
2003-07-14 01:00:00,759.2403127689499
2003-07-15 01:00:00,762.892526161045
2003-07-16 01:00:00,766.5683308099442
2003-07-17 01:00:00,770.2345874747541
2003-07-18 01:00:00,773.8621040373522
2003-07-20 01:00:00,780.9352880977988
2003-07-21 01:00:00,784.3813841711273
2003-07-22 01:00:00,787.7888096637759
2003-07-23 01:00:00,791.1854774054697
2003-07-24 01:00:00,794.6031372887267
2003-07-25 01:00:00,798.0720510351068
2003-07-27 01:00:00,805.2468709759573
2003-07-28 01:00:00,808.96381048157
2003-07-29 01:00:00,812.7504554678983
2003-07-30 01:00:00,816.5778849262747
2003-07-31 01:00:00,820.4091056842752
2003-08-01 01:00:00,824.2059880704956
2003-08-03 01:00:00,831.5852634272618
2003-08-04 01:00:00,835.1510411082552
2003-08-05 01:00:00,838.6540764965968
2003-08-06 01:00:00,842.1287360431357
2003-08-07 01:00:00,845.616832256402
2003-08-08 01:00:00,849.1584426004788
2003-08-10 01:00:00,856.5036570666939
2003-08-11 01:00:00,860.3132685040583
2003-08-12 01:00:00,864.187825291747
2003-08-13 01:00:00,868.0911881688709
2003-08-14 01:00:00,871.9829749281585
2003-08-15 01:00:00,875.826648423269
2003-08-17 01:00:00,883.2803708024975
2003-08-18 01:00:00,886.8838188698616
2003-08-19 01:00:00,890.4257438573666
2003-08-20 01:00:00,893.9361573860574
2003-08-21 01:00:00,897.4506801150876
2003-08-22 01:00:00,902.2537782178238
2003-08-24 01:00:00,911.4807180479195
2003-08-25 01:00:00,914.7581882036072
2003-08-26 01:00:00,918.1073454464744
2003-08-27 01:00:00,921.4984517586787
2003-08-28 01:00:00,924.8921859324613
2003-08-29 01:00:00,928.2474297962698
2003-08-31 01:00:00,934.2600864717601
2003-09-01 01:00:00,936.8456162499538
2003-09-02 01:00:00,939.3599026660529
2003-09-03 01:00:00,941.8378461564182
2003-09-04 01:00:00,944.3215605883554
2003-09-05 01:00:00,946.8510662655302
2003-09-07 01:00:00,952.148260242604
2003-09-08 01:00:00,954.9230893792645
2003-09-09 01:00:00,957.7580282341742
2003-09-10 01:00:00,960.6197798358862
2003-09-11 01:00:00,963.4709739452799
2003-09-12 01:00:00,966.2773768540329
2003-09-14 01:00:00,971.6679172460979
2003-09-15 01:00:00,974.2413607196089
2003-09-16 01:00:00,976.7488454592532
2003-09-17 01:00:00,979.2151773267863
2003-09-18 01:00:00,981.6709968766884
2003-09-19 01:00:00,984.1477029577798
2003-09-21 01:00:00,989.2620729464808
2003-09-22 01:00:00,991.9222251662034
2003-09-23 01:00:00,994.6433312133636
2003-09-24 01:00:00,997.4031618188191
2003-09-25 01:00:00,1000.1706687677597
2003-09-26 01:00:00,1002.9123666628072
2003-09-28 01:00:00,1008.2156521794323
2003-09-29 01:00:00,1010.7585847370144
2003-09-30 01:00:00,1013.2424936444859
2003-10-01 01:00:00,1015.693325724382
2003-10-02 01:00:00,1018.1426590267074
2003-10-03 01:00:00,1020.6203957344214
2003-10-05 01:00:00,1025.7364494680405
2003-10-06 01:00:00,1028.381065612783
2003-10-07 01:00:00,1031.0673741695305
2003-10-08 01:00:00,1033.773015988265
2003-10-09 01:00:00,1036.4730333775608
2003-10-10 01:00:00,1039.1446043320598
2003-10-12 01:00:00,1044.3427601715182
2003-10-13 01:00:00,1046.860576632438
2003-10-14 01:00:00,1049.3324043525877
2003-10-15 01:00:00,1051.77274580673
2003-10-16 01:00:00,1054.1998451727993
2003-10-17 01:00:00,1056.6326579348054
2003-10-19 01:00:00,1061.5765088058479
2003-10-20 01:00:00,1064.103227058269
2003-10-21 01:00:00,1066.6643109402087
2003-10-22 01:00:00,1069.2490757177175
2003-10-23 01:00:00,1071.8420165631296
2003-10-24 01:00:00,1074.426222244384
2003-10-26 01:00:00,1079.5162810317825
2003-10-27 00:00:00,1080.0
2003-10-28 00:00:00,1080.0
2003-10-29 00:00:00,1080.0
2003-10-30 00:00:00,1080.0
2003-10-31 00:00:00,1080.0
2003-11-02 00:00:00,1080.0
2003-11-03 00:00:00,1080.0
2003-11-04 00:00:00,1080.0
2003-11-05 00:00:00,1080.0
2003-11-06 00:00:00,1080.0
2003-11-07 00:00:00,1080.0
2003-11-09 00:00:00,1080.0
2003-11-10 00:00:00,1080.0
2003-11-11 00:00:00,1080.0
2003-11-12 00:00:00,1080.0
2003-11-13 00:00:00,1080.0
2003-11-14 00:00:00,1080.0
2003-11-16 00:00:00,1080.0
2003-11-17 00:00:00,1080.0
2003-11-18 00:00:00,1080.0
2003-11-19 00:00:00,1080.0
2003-11-20 00:00:00,1080.0
2003-11-21 00:00:00,1080.0
2003-11-23 00:00:00,1080.0
2003-11-24 00:00:00,1080.0
2003-11-25 00:00:00,1080.0
2003-11-26 00:00:00,1080.0
2003-11-27 00:00:00,1080.0
2003-11-28 00:00:00,1080.0
2003-11-30 00:00:00,1080.0
2003-12-01 00:00:00,1080.0
2003-12-02 00:00:00,1080.0
2003-12-03 00:00:00,1080.0
2003-12-04 00:00:00,1080.0
2003-12-05 00:00:00,1080.0
2003-12-07 00:00:00,1078.6737882202074
2003-12-08 00:00:00,1076.0583670175756
2003-12-09 00:00:00,1073.4413982597787
2003-12-10 00:00:00,1070.8229629289108
2003-12-11 00:00:00,1068.2031421278446
2003-12-12 00:00:00,1065.5820174639189
2003-12-14 00:00:00,1060.3361881545827
2003-12-15 00:00:00,1057.7116534333422
2003-12-16 00:00:00,1055.0861559365646
2003-12-17 00:00:00,1052.4597878406462
2003-12-18 00:00:00,1049.8326460943895
2003-12-19 00:00:00,1047.2048340235638
2003-12-21 00:00:00,1041.947655826948
2003-12-22 00:00:00,1039.3185454959864
2003-12-23 00:00:00,1036.6892782652435
2003-12-24 00:00:00,1034.060010872174
2003-12-25 00:00:00,1031.43090775582
2003-12-26 00:00:00,1028.8021370859808
2003-12-28 00:00:00,1023.5462626006414
2003-12-29 00:00:00,1020.9194848933068
2003-12-30 00:00:00,1018.2936899891589
2003-12-31 00:00:00,1015.6690296231202
2004-01-01 00:00:00,1013.0456516929822
2004-01-02 00:00:00,1010.4237008391045
2004-01-04 00:00:00,1005.1846449814744
2004-01-05 00:00:00,1002.5678146205204
2004-01-06 00:00:00,999.9529623733583
2004-01-07 00:00:00,997.3402187802081
2004-01-08 00:00:00,994.7297118178276
2004-01-09 00:00:00,992.121566688082
2004-01-11 00:00:00,986.9128506916724
2004-01-12 00:00:00,984.3125197986151
2004-01-13 00:00:00,981.7150322213771
2004-01-14 00:00:00,979.1205073104858
2004-01-15 00:00:00,976.5290661999151
2004-01-16 00:00:00,975.5624987451278
2004-01-18 00:00:00,975.0575178153535
2004-01-19 00:00:00,974.8060731337191
2004-01-20 00:00:00,974.5554777539246
2004-01-21 00:00:00,974.3058462716132
2004-01-22 00:00:00,974.0572928094807
2004-01-23 00:00:00,973.8099301216038
2004-01-25 00:00:00,973.3192164830798
2004-01-26 00:00:00,973.0760779053329
2004-01-27 00:00:00,972.8345544653997
2004-01-28 00:00:00,972.5947445126928
2004-01-29 00:00:00,972.3567434834861
2004-01-30 00:00:00,970.8230928019369
2004-02-01 00:00:00,965.2375176022177
2004-02-02 00:00:00,962.4450866147571
2004-02-03 00:00:00,959.6532638249791
2004-02-04 00:00:00,956.8623255112659
2004-02-05 00:00:00,954.0725460607113
2004-02-06 00:00:00,951.2841974754692
2004-02-08 00:00:00,945.7128679473825
2004-02-09 00:00:00,942.9304192486617
2004-02-10 00:00:00,940.1504681274628
2004-02-11 00:00:00,937.3732814686167
2004-02-12 00:00:00,934.5991303438155
2004-02-13 00:00:00,931.8282926395414
2004-02-15 00:00:00,926.2977191332953
2004-02-16 00:00:00,923.5385966959509
2004-02-17 00:00:00,920.7840184939663
2004-02-18 00:00:00,918.0343316668415
2004-02-19 00:00:00,915.2899001144111
2004-02-20 00:00:00,912.5511028188912
2004-02-22 00:00:00,907.0919844904619
2004-02-23 00:00:00,904.3724683998923
2004-02-24 00:00:00,901.6601900226008
2004-02-25 00:00:00,898.9555569300389
2004-02-26 00:00:00,896.258975894441
2004-02-27 00:00:00,893.5708525459283
2004-02-29 00:00:00,888.2215963677845
2004-03-01 00:00:00,885.5612703274325
2004-03-02 00:00:00,882.911015581803
2004-03-03 00:00:00,880.2712331400405
2004-03-04 00:00:00,877.6423219990219
2004-03-05 00:00:00,875.0246781227141
2004-03-07 00:00:00,869.8247547879291
2004-03-08 00:00:00,867.2432443857934
2004-03-09 00:00:00,864.6745401826528
2004-03-10 00:00:00,862.1190182313193
2004-03-11 00:00:00,859.5770557384529
2004-03-12 00:00:00,857.04903478077
2004-03-14 00:00:00,852.0363925166408
2004-03-15 00:00:00,849.5525916232497
2004-03-16 00:00:00,847.084377756249
2004-03-17 00:00:00,844.632203119018
2004-03-18 00:00:00,844.4808942687413
2004-03-19 00:00:00,844.4202803262434
2004-03-21 00:00:00,844.2859425955315
2004-03-22 00:00:00,844.1625144955266
2004-03-23 00:00:00,843.9834283005116
2004-03-24 00:00:00,843.7490384805685
2004-03-25 00:00:00,843.4700121245806
2004-03-26 00:00:00,843.1646969206581
2004-03-28 00:00:00,842.5653144917337
2004-03-29 01:00:00,842.3035588576817
2004-03-30 01:00:00,842.1044198714425
2004-03-31 01:00:00,841.9601836342603
2004-04-01 01:00:00,841.8656490413566
2004-04-02 01:00:00,841.8077448500203
2004-04-04 01:00:00,841.7267998975791
2004-04-05 01:00:00,841.666191987359
2004-04-06 01:00:00,841.5746813938957
2004-04-07 01:00:00,841.4489348068768
2004-04-08 01:00:00,841.2943795195538
2004-04-09 01:00:00,841.1236784312656
2004-04-11 01:00:00,840.8008505845693
2004-04-12 01:00:00,840.6786603167685
2004-04-13 01:00:00,840.593857285145
2004-04-14 01:00:00,840.5461658937662
2004-04-15 01:00:00,840.5291482771732
2004-04-16 01:00:00,840.532438221338
2004-04-18 01:00:00,840.5553654732978
2004-04-19 01:00:00,840.5581808319989
2004-04-20 01:00:00,840.5503193228853
2004-04-21 01:00:00,840.5330987719101
2004-04-22 01:00:00,840.5109367598338
2004-04-23 01:00:00,840.4900427489771
2004-04-25 01:00:00,840.4773328452659
2004-04-26 01:00:00,840.4947772217831
2004-04-27 01:00:00,840.5305630901083
2004-04-28 01:00:00,840.5836211362108
2004-04-29 01:00:00,840.6511801577749
2004-04-30 01:00:00,840.7297866084755
2004-05-02 01:00:00,840.9097998744415
2004-05-03 01:00:00,841.0103215519648
2004-05-04 01:00:00,841.1205199822036
2004-05-05 01:00:00,841.243947514394
2004-05-06 01:00:00,841.3838673174565
2004-05-07 01:00:00,841.5418450630125
2004-05-09 01:00:00,841.9043341531783
2004-05-10 01:00:00,842.098826021832
2004-05-11 01:00:00,842.2936964110894
2004-05-12 01:00:00,842.4841052040089
2004-05-13 01:00:00,842.6683083650173
2004-05-14 01:00:00,842.848454158244
2004-05-16 01:00:00,843.2231300861916
2004-05-17 01:00:00,843.4363101943973
2004-05-18 01:00:00,843.6792558874217
2004-05-19 01:00:00,843.9587302628423
2004-05-20 01:00:00,844.2775868024944
2004-05-21 01:00:00,844.6339018028607
2004-05-23 01:00:00,845.427420235025
2004-05-24 01:00:00,845.8399521594462
2004-05-25 01:00:00,846.2443769029334
2004-05-26 01:00:00,846.6288501453869
2004-05-27 01:00:00,846.986337166256
2004-05-28 01:00:00,847.3165940715551
2004-05-30 01:00:00,847.931926973656
2004-05-31 01:00:00,848.250287457426
2004-06-01 01:00:00,848.6018544283228
2004-06-02 01:00:00,849.0026308674194
2004-06-03 01:00:00,849.4605433680163
2004-06-04 01:00:00,849.9727358424582
2004-06-06 01:00:00,851.0965977932032
2004-06-07 01:00:00,851.6618009419426
2004-06-08 01:00:00,852.1995235477408
2004-06-09 01:00:00,852.696650601262
2004-06-10 01:00:00,853.1512945416605
2004-06-11 01:00:00,853.5729612197051
2004-06-13 01:00:00,854.3977016992677
2004-06-14 01:00:00,854.8500646152174
2004-06-15 01:00:00,855.3591732421779
2004-06-16 01:00:00,855.9396903084881
2004-06-17 01:00:00,856.5967343422788
2004-06-18 01:00:00,857.3247787726225
2004-06-20 01:00:00,858.9228520295252
2004-06-21 01:00:00,859.7404958494658
2004-06-22 01:00:00,860.5324078488802
2004-06-23 01:00:00,861.274826525512
2004-06-24 01:00:00,861.9534325458484
2004-06-25 01:00:00,862.566615112306
2004-06-27 01:00:00,863.6580810857067
2004-06-28 01:00:00,864.1937761979507
2004-06-29 01:00:00,864.7682103349937
2004-06-30 01:00:00,865.410014695788
2004-07-01 01:00:00,866.1348783474309
2004-07-02 01:00:00,866.9409941337216
2004-07-04 01:00:00,868.7053667435691
2004-07-05 01:00:00,869.5925543931221
2004-07-06 01:00:00,870.4364651505189
2004-07-07 01:00:00,871.2152761931513
2004-07-08 01:00:00,871.9236850613213
2004-07-09 01:00:00,872.5731901417406
2004-07-11 01:00:00,873.8041411341077
2004-07-12 01:00:00,874.4540265103391
2004-07-13 01:00:00,875.1693707347969
2004-07-14 01:00:00,875.9715386540514
2004-07-15 01:00:00,876.8689431068215
2004-07-16 01:00:00,877.8555131170609
2004-07-18 01:00:00,880.0055223059067
2004-07-19 01:00:00,881.1008544655103
2004-07-20 01:00:00,882.1598906279609
2004-07-21 01:00:00,883.1513638008819
2004-07-22 01:00:00,884.0559455046965
2004-07-23 01:00:00,884.8702099939275
2004-07-25 01:00:00,886.2979839389895
2004-07-26 01:00:00,886.9795509499377
2004-07-27 01:00:00,887.6941341356568
2004-07-28 01:00:00,888.4768208250806
2004-07-29 01:00:00,889.3479971831177
2004-07-30 01:00:00,890.3082635153418
2004-08-01 01:00:00,892.4000868168681
2004-08-02 01:00:00,893.4533813000033
2004-08-03 01:00:00,894.458462919731
2004-08-04 01:00:00,895.3887645355236
2004-08-05 01:00:00,896.2352624241975
2004-08-06 01:00:00,897.0071914377776
2004-08-08 01:00:00,898.434593679724
2004-08-09 01:00:00,899.1610377995489
2004-08-10 01:00:00,899.9415925537788
2004-08-11 01:00:00,900.8003132279698
2004-08-12 01:00:00,901.7480881078466
2004-08-13 01:00:00,902.7808301806341
2004-08-15 01:00:00,905.0156729922743
2004-08-16 01:00:00,906.1511005522066
2004-08-17 01:00:00,907.2492085545607
2004-08-18 01:00:00,908.2788913871235
2004-08-19 01:00:00,909.2206814960875
2004-08-20 01:00:00,910.07050629261
2004-08-22 01:00:00,911.5582246020966
2004-08-23 01:00:00,912.2591599940926
2004-08-24 01:00:00,912.9819767826591
2004-08-25 01:00:00,913.7591333402245
2004-08-26 01:00:00,914.6098835638168
2004-08-27 01:00:00,915.5358062033741
2004-08-29 01:00:00,917.5340768045662
2004-08-30 01:00:00,918.5399479956977
2004-08-31 01:00:00,919.5041663943218
2004-09-01 01:00:00,921.0937793027857
2004-09-02 01:00:00,923.8032312287021
2004-09-03 01:00:00,926.4528610644182
2004-09-05 01:00:00,931.6504752401981
2004-09-06 01:00:00,934.253706891225
2004-09-07 01:00:00,936.8970737821694
2004-09-08 01:00:00,939.6014341234242
2004-09-09 01:00:00,942.3777228239726
2004-09-10 01:00:00,945.2252705327716
2004-09-12 01:00:00,951.0767414214827
2004-09-13 01:00:00,954.0325985366836
2004-09-14 01:00:00,956.9720374879273
2004-09-15 01:00:00,959.8716124967812
2004-09-16 01:00:00,962.716226935256
2004-09-17 01:00:00,965.5018937643162
2004-09-19 01:00:00,970.9378844480208
2004-09-20 01:00:00,973.6306888701024
2004-09-21 01:00:00,976.3406052351199
2004-09-22 01:00:00,979.089012879437
2004-09-23 01:00:00,981.8885704934038
2004-09-24 01:00:00,984.7403090310114
2004-09-26 01:00:00,990.5526666061521
2004-09-27 01:00:00,993.4736386968302
2004-09-28 01:00:00,996.3772097111118
2004-09-29 01:00:00,999.2488176858333
2004-09-30 01:00:00,1002.0817289498608
2004-10-01 01:00:00,1004.8774258515688
2004-10-03 01:00:00,1010.3957034309988
2004-10-04 01:00:00,1013.1464190978783
2004-10-05 01:00:00,1015.9106040438126
2004-10-06 01:00:00,1018.6990721970337
2004-10-07 01:00:00,1020.5418588792247
2004-10-08 01:00:00,1021.0006531661668
2004-10-10 01:00:00,1021.9764980375936
2004-10-11 01:00:00,1022.4738927138169
2004-10-12 01:00:00,1022.9632245642423
2004-10-13 01:00:00,1023.4359595753406
2004-10-14 01:00:00,1023.8873127779909
2004-10-15 01:00:00,1024.316924937171
2004-10-17 01:00:00,1025.128755701655
2004-10-18 01:00:00,1025.5251217560958
2004-10-19 01:00:00,1025.9241792293976
2004-10-20 01:00:00,1026.3299073703135
2004-10-21 01:00:00,1026.7430708729792
2004-10-22 01:00:00,1027.161618677967
2004-10-24 01:00:00,1027.999833408368
2004-10-25 01:00:00,1028.4132098248126
2004-10-26 01:00:00,1028.8215283667805
2004-10-27 01:00:00,1029.2265567737231
2004-10-28 01:00:00,1029.6315775490527
2004-10-29 01:00:00,1030.0403132674157
2004-10-31 01:00:00,1030.8790066181502
2004-11-01 00:00:00,1031.2908249630846
2004-11-02 00:00:00,1031.7235155497906
2004-11-03 00:00:00,1032.1535920328693
2004-11-04 00:00:00,1032.5744769016917
2004-11-05 00:00:00,1032.9801075033442
2004-11-07 00:00:00,1037.6443178331333
2004-11-08 00:00:00,1040.0488738726212
2004-11-09 00:00:00,1042.449607257148
2004-11-10 00:00:00,1044.8573322771613
2004-11-11 00:00:00,1047.2838535984538
2004-11-12 00:00:00,1049.7392510610687
2004-11-14 00:00:00,1054.7520037262666
2004-11-15 00:00:00,1057.2995245197521
2004-11-16 00:00:00,1059.8568702977846
2004-11-17 00:00:00,1062.40640884689
2004-11-18 00:00:00,1064.9320206978823
2004-11-19 00:00:00,1067.4232207612552
2004-11-21 00:00:00,1072.3037236958578
2004-11-22 00:00:00,1074.715392353091
2004-11-23 00:00:00,1077.1328480065183
2004-11-24 00:00:00,1079.5768064886804
2004-11-25 00:00:00,1080.0
2004-11-26 00:00:00,1080.0
2004-11-28 00:00:00,1080.0
2004-11-29 00:00:00,1080.0
2004-11-30 00:00:00,1080.0
2004-12-01 00:00:00,1080.0
2004-12-02 00:00:00,1080.0
2004-12-03 00:00:00,1080.0
2004-12-05 00:00:00,1080.0
2004-12-06 00:00:00,1080.0
2004-12-07 00:00:00,1080.0
2004-12-08 00:00:00,1080.0
2004-12-09 00:00:00,1080.0
2004-12-10 00:00:00,1080.0
2004-12-12 00:00:00,1080.0
2004-12-13 00:00:00,1080.0
2004-12-14 00:00:00,1080.0
2004-12-15 00:00:00,1080.0
2004-12-16 00:00:00,1080.0
2004-12-17 00:00:00,1080.0
2004-12-19 00:00:00,1080.0
2004-12-20 00:00:00,1080.0
2004-12-21 00:00:00,1080.0
2004-12-22 00:00:00,1080.0
2004-12-23 00:00:00,1080.0
2004-12-24 00:00:00,1080.0
2004-12-26 00:00:00,1080.0
2004-12-27 00:00:00,1080.0
2004-12-28 00:00:00,1080.0
2004-12-29 00:00:00,1080.0
2004-12-30 00:00:00,1080.0
2004-12-31 00:00:00,1080.0
2005-01-02 00:00:00,1080.0
2005-01-03 00:00:00,1080.0
2005-01-04 00:00:00,1080.0
2005-01-05 00:00:00,1080.0
2005-01-06 00:00:00,1080.0
2005-01-07 00:00:00,1080.0
2005-01-09 00:00:00,1080.0
2005-01-10 00:00:00,1080.0
2005-01-11 00:00:00,1080.0
2005-01-12 00:00:00,1080.0
2005-01-13 00:00:00,1080.0
2005-01-14 00:00:00,1080.0
2005-01-16 00:00:00,1080.0
2005-01-17 00:00:00,1080.0
2005-01-18 00:00:00,1080.0
2005-01-19 00:00:00,1080.0
2005-01-20 00:00:00,1080.0
2005-01-21 00:00:00,1080.0
2005-01-23 00:00:00,1080.0
2005-01-24 00:00:00,1080.0
2005-01-25 00:00:00,1080.0
2005-01-26 00:00:00,1080.0
2005-01-27 00:00:00,1080.0
2005-01-28 00:00:00,1079.6229681394373
2005-01-30 00:00:00,1074.30433731136
2005-01-31 00:00:00,1071.6471964720074
2005-02-01 00:00:00,1068.991620243967
2005-02-02 00:00:00,1066.3376978586093
2005-02-03 00:00:00,1063.6855219188196
2005-02-04 00:00:00,1061.0351892683968
2005-02-06 00:00:00,1055.7404668964755
2005-02-07 00:00:00,1053.0962971443005
2005-02-08 00:00:00,1050.4544088744356
2005-02-09 00:00:00,1047.8149195287056
2005-02-10 00:00:00,1045.177944227014
2005-02-11 00:00:00,1042.5435923897662
2005-02-13 00:00:00,1037.2831548934905
2005-02-14 00:00:00,1034.6572441602257
2005-02-15 00:00:00,1032.034307889965
2005-02-16 00:00:00,1029.4144140421618
2005-02-17 00:00:00,1026.797624908612
2005-02-18 00:00:00,1024.1839980354234
2005-02-20 00:00:00,1018.9664410893009
2005-02-21 00:00:00,1016.3626069790895
2005-02-22 00:00:00,1013.7621274767287
2005-02-23 00:00:00,1011.1650424469733
2005-02-24 00:00:00,1008.5713889616371
2005-02-25 00:00:00,1005.9812017225368
2005-02-27 00:00:00,1000.8113564782834
2005-02-28 00:00:00,998.2317617172862
2005-03-01 00:00:00,995.6557613077513
2005-03-02 00:00:00,993.0833885463991
2005-03-03 00:00:00,990.5146789082394
2005-03-04 00:00:00,987.9496708563065
2005-03-06 00:00:00,986.7404714345855
2005-03-07 00:00:00,986.569389429138
2005-03-08 00:00:00,986.402082482815
2005-03-09 00:00:00,986.2386054574763
2005-03-10 00:00:00,986.079010889446
2005-03-11 00:00:00,985.9233482684041
2005-03-13 00:00:00,985.6239986934775
2005-03-14 00:00:00,985.480392170879
2005-03-15 00:00:00,985.3408787951346
2005-03-16 00:00:00,985.2054903205719
2005-03-17 00:00:00,985.0742557742584
2005-03-18 00:00:00,984.9472017761262
2005-03-20 00:00:00,984.705731269904
2005-03-21 00:00:00,984.5913578599982
2005-03-22 00:00:00,984.4812514485119
2005-03-23 00:00:00,984.3754293297945
2005-03-24 00:00:00,984.2739073607429
2005-03-25 00:00:00,984.1767001727014
2005-03-27 00:00:00,983.9952841678963
2005-03-28 01:00:00,983.9076209531502
2005-03-29 01:00:00,983.8279867294322
2005-03-30 01:00:00,983.7527326795315
2005-03-31 01:00:00,983.6818719591938
2005-04-01 01:00:00,983.6154180455127
2005-04-03 01:00:00,983.334254136264
2005-04-04 01:00:00,980.5413046024325
2005-04-05 01:00:00,977.7533058319933
2005-04-06 01:00:00,974.9704733281945
2005-04-07 01:00:00,972.1930266289955
2005-04-08 01:00:00,969.4211866691352
2005-04-10 01:00:00,964.0024310734032
2005-04-11 01:00:00,963.722506787449
2005-04-12 01:00:00,963.4494705899456
2005-04-13 01:00:00,963.1857751903958
2005-04-14 01:00:00,962.9319511703225
2005-04-15 01:00:00,962.6865608238974
2005-04-17 01:00:00,962.20904420258
2005-04-18 01:00:00,961.970786966448
2005-04-19 01:00:00,961.7308875408786
2005-04-20 01:00:00,961.4906651247585
2005-04-21 01:00:00,961.2539766877035
2005-04-22 01:00:00,961.0267602238171
2005-04-24 01:00:00,960.6281264053144
2005-04-25 01:00:00,960.4674801816643
2005-04-26 01:00:00,960.3346406819122
2005-04-27 01:00:00,960.225662326011
2005-04-28 01:00:00,960.1322793030973
2005-04-29 01:00:00,960.0434151696787
2005-05-01 01:00:00,959.8364774617188
2005-05-02 01:00:00,959.7064923716343
2005-05-03 01:00:00,959.5612923769297
2005-05-04 01:00:00,959.410909805727
2005-05-05 01:00:00,959.269995431716
2005-05-06 01:00:00,959.1547470327562
2005-05-08 01:00:00,959.053755231477
2005-05-09 01:00:00,959.0800973827543
2005-05-10 01:00:00,959.153558713524
2005-05-11 01:00:00,959.2623004615357
2005-05-12 01:00:00,959.3895783256354
2005-05-13 01:00:00,959.5166175817595
2005-05-15 01:00:00,959.7045486119307
2005-05-16 01:00:00,959.7465357042008
2005-05-17 01:00:00,959.7544538104631
2005-05-18 01:00:00,959.7393548926428
2005-05-19 01:00:00,959.7192951325935
2005-05-20 01:00:00,959.7164826317785
2005-05-22 01:00:00,959.8484069366797
2005-05-23 01:00:00,960.0115915159189
2005-05-24 01:00:00,960.241740940887
2005-05-25 01:00:00,960.5254855515188
2005-05-26 01:00:00,960.8392489285096
2005-05-27 01:00:00,961.1540421113277
2005-05-29 01:00:00,961.684712122981
2005-05-30 01:00:00,961.875057635243
2005-05-31 01:00:00,962.0221013807618
2005-06-01 01:00:00,962.1475086000778
2005-06-02 01:00:00,962.2810807153079
2005-06-03 01:00:00,962.4544376632842
2005-06-05 01:00:00,963.0193664716651
2005-06-06 01:00:00,963.4332573089229
2005-06-07 01:00:00,963.9277166949466
2005-06-08 01:00:00,964.482193108472
2005-06-09 01:00:00,965.0677526242549
2005-06-10 01:00:00,965.6519480638184
2005-06-12 01:00:00,966.7012059800527
2005-06-13 01:00:00,967.1304149557172
2005-06-14 01:00:00,967.4928282945496
2005-06-15 01:00:00,967.8028429078112
2005-06-16 01:00:00,968.0861920995281
2005-06-17 01:00:00,968.3757912974961
2005-06-19 01:00:00,969.1060161053572
2005-06-20 01:00:00,969.5935341925294
2005-06-21 01:00:00,970.1699563510036
2005-06-22 01:00:00,970.8188086017838
2005-06-23 01:00:00,971.5083921873999
2005-06-24 01:00:00,972.1986343751365
2005-06-26 01:00:00,973.4379352731285
2005-06-27 01:00:00,975.9606081590313
2005-06-28 01:00:00,978.5911905890543
2005-06-29 01:00:00,981.1827763599448
2005-06-30 01:00:00,983.773033083029
2005-07-01 01:00:00,986.401877642767
2005-07-03 01:00:00,991.9003978441077
2005-07-04 01:00:00,994.7992191768202
2005-07-05 01:00:00,997.790452669003
2005-07-06 01:00:00,1000.8501446510847
2005-07-07 01:00:00,1003.9441999334385
2005-07-08 01:00:00,1007.034143926391
2005-07-10 01:00:00,1013.0633285828013
2005-07-11 01:00:00,1015.957437575266
2005-07-12 01:00:00,1018.7643156315175
2005-07-13 01:00:00,1021.4977356118383
2005-07-14 01:00:00,1024.1845637633824
2005-07-15 01:00:00,1026.8604064280016
2005-07-17 01:00:00,1032.3273171425449
2005-07-18 01:00:00,1035.173890233366
2005-07-19 01:00:00,1038.1079440821754
2005-07-20 01:00:00,1041.1149314002967
2005-07-21 01:00:00,1044.1634418918907
2005-07-22 01:00:00,1047.2123729552895
2005-07-24 01:00:00,1053.1596988686433
2005-07-25 01:00:00,1056.0163804408503
2005-07-26 01:00:00,1058.799417765607
2005-07-27 01:00:00,1061.5343285488175
2005-07-28 01:00:00,1064.2573185293686
2005-07-29 01:00:00,1067.0071614581361
2005-07-31 01:00:00,1072.7104097310041
2005-08-01 01:00:00,1073.9413760622692
2005-08-02 01:00:00,1074.545657091296
2005-08-03 01:00:00,1075.2113381764982
2005-08-04 01:00:00,1075.9077276396777
2005-08-05 01:00:00,1076.6000518437577
2005-08-07 01:00:00,1077.846775305194
2005-08-08 01:00:00,1078.3593433278158
2005-08-09 01:00:00,1078.790350421248
2005-08-10 01:00:00,1079.150510966689
2005-08-11 01:00:00,1079.4620095503294
2005-08-12 01:00:00,1079.7548672352755
2005-08-14 01:00:00,1080.0
2005-08-15 01:00:00,1080.0
2005-08-16 01:00:00,1080.0
2005-08-17 01:00:00,1080.0
2005-08-18 01:00:00,1080.0
2005-08-19 01:00:00,1080.0
2005-08-21 01:00:00,1080.0
2005-08-22 01:00:00,1080.0
2005-08-23 01:00:00,1080.0
2005-08-24 01:00:00,1080.0
2005-08-25 01:00:00,1080.0
2005-08-26 01:00:00,1080.0
2005-08-28 01:00:00,1080.0
2005-08-29 01:00:00,1080.0
2005-08-30 01:00:00,1078.147969333285
2005-08-31 01:00:00,1075.60321584535
2005-09-01 01:00:00,1073.0402956002627
2005-09-02 01:00:00,1070.6034003457353
2005-09-04 01:00:00,1069.500410945684
2005-09-05 01:00:00,1069.0178615456148
2005-09-06 01:00:00,1068.586751349433
2005-09-07 01:00:00,1068.2008684998402
2005-09-08 01:00:00,1067.8469958121877
2005-09-09 01:00:00,1067.5072853151448
2005-09-11 01:00:00,1066.7954108831145
2005-09-12 01:00:00,1066.3945020630642
2005-09-13 01:00:00,1065.9559643197922
2005-09-14 01:00:00,1065.4845624858103
2005-09-15 01:00:00,1064.9922221434022
2005-09-16 01:00:00,1064.4949964911043
2005-09-18 01:00:00,1063.5461708712492
2005-09-19 01:00:00,1063.1125687874724
2005-09-20 01:00:00,1062.7068285933701
2005-09-21 01:00:00,1062.3217896237281
2005-09-22 01:00:00,1061.9467830082963
2005-09-23 01:00:00,1061.570417440418
2005-09-25 01:00:00,1060.7786591158551
2005-09-26 01:00:00,1060.3552162377237
2005-09-27 01:00:00,1059.9147567806333
2005-09-28 01:00:00,1059.4622152259997
2005-09-29 01:00:00,1059.00401116582
2005-09-30 01:00:00,1058.5465009135605
2005-10-02 01:00:00,1057.6512060853713
2005-10-03 01:00:00,1057.2163764058796
2005-10-04 01:00:00,1056.7881911992208
2005-10-05 01:00:00,1056.363266688725
2005-10-06 01:00:00,1055.9379067660125
2005-10-07 01:00:00,1055.5092601735535
2005-10-09 01:00:00,1054.63988384423
2005-10-10 01:00:00,1054.2031087024952
2005-10-11 01:00:00,1053.7696950968564
2005-10-12 01:00:00,1053.342846937467
2005-10-13 01:00:00,1052.9237436813157
2005-10-14 01:00:00,1052.5105389726396
2005-10-16 01:00:00,1051.6805929959971
2005-10-17 01:00:00,1051.2497580234017
2005-10-18 01:00:00,1050.8004372212056
2005-10-19 01:00:00,1050.330505598858
2005-10-20 01:00:00,1049.842164942464
2005-10-21 01:00:00,1049.341850568623
2005-10-23 01:00:00,1048.344998380931
2005-10-24 01:00:00,1047.869390939314
2005-10-25 01:00:00,1047.419293730835
2005-10-26 01:00:00,1046.9969735762477
2005-10-27 01:00:00,1046.5991792696914
2005-10-28 01:00:00,1046.2172904484314
2005-10-30 01:00:00,1045.4475918845123
2005-10-31 00:00:00,1045.048095026778
2005-11-01 00:00:00,1044.5939264870212
2005-11-02 00:00:00,1044.0958147003894
2005-11-03 00:00:00,1043.5554044814194
2005-11-04 00:00:00,1042.982691871333
2005-11-06 00:00:00,1041.8138242701007
2005-11-07 00:00:00,1041.2607267534677
2005-11-08 00:00:00,1040.7518997395744
2005-11-09 00:00:00,1040.2939434352954
2005-11-10 00:00:00,1039.8815223305185
2005-11-11 00:00:00,1039.498095845641
2005-11-13 00:00:00,1038.7168619648967
2005-11-14 00:00:00,1038.2675640454404
2005-11-15 00:00:00,1037.7552772649144
2005-11-16 00:00:00,1037.1758643468906
2005-11-17 00:00:00,1036.5377647571117
2005-11-18 00:00:00,1035.8603989314663
2005-11-20 00:00:00,1034.4970651491653
2005-11-21 00:00:00,1033.8662239312623
2005-11-22 00:00:00,1033.296383793222
2005-11-23 00:00:00,1032.7950029182111
2005-11-24 00:00:00,1032.3571514332375
2005-11-25 00:00:00,1031.9661478706785
2005-11-27 00:00:00,1031.2162111146022
2005-11-28 00:00:00,1030.795702562656
2005-11-29 00:00:00,1030.3097330364408
2005-11-30 00:00:00,1029.7444362703905
2005-12-01 00:00:00,1029.100709693549
2005-12-02 00:00:00,1028.395454767091
2005-12-04 00:00:00,1026.9313786226655
2005-12-05 00:00:00,1026.2497740219787
2005-12-06 00:00:00,1025.6434752227728
2005-12-07 00:00:00,1025.124536231159
2005-12-08 00:00:00,1024.6852736598887
2005-12-09 00:00:00,1024.2994006040187
2005-12-11 00:00:00,1023.5300243524501
2005-12-12 00:00:00,1023.0667122507235
2005-12-13 00:00:00,1022.5135463403826
2005-12-14 00:00:00,1021.8625845342352
2005-12-15 00:00:00,1021.12404225925
2005-12-16 00:00:00,1020.3239943529637
2005-12-18 00:00:00,1018.6908284440035
2005-12-19 00:00:00,1017.936312482575
2005-12-20 00:00:00,1017.263997641608
2005-12-21 00:00:00,1016.6881282883757
2005-12-22 00:00:00,1016.2068209005937
2005-12-23 00:00:00,1015.802517636922
2005-12-25 00:00:00,1015.0956091558257
2005-12-26 00:00:00,1014.7150323078855
2005-12-27 00:00:00,1014.2690547542036
2005-12-28 00:00:00,1013.7361063615143
2005-12-29 00:00:00,1013.1123915029651
2005-12-30 00:00:00,1012.4141189139298
2006-01-01 00:00:00,1010.9415487504416
2006-01-02 00:00:00,1010.258544136889
2006-01-03 00:00:00,1009.6621033662674
2006-01-04 00:00:00,1009.168427674393
2006-01-05 00:00:00,1008.7708587478871
2006-01-06 00:00:00,1008.4416918784102
2006-01-08 00:00:00,1007.8176263170071
2006-01-09 00:00:00,1007.4361088923464
2006-01-10 00:00:00,1006.967342754083
2006-01-11 00:00:00,1006.4017970916917
2006-01-12 00:00:00,1005.7487279774899
2006-01-13 00:00:00,1005.0336234850382
2006-01-15 00:00:00,1003.567440159055
2006-01-16 00:00:00,1002.8950461018968
2006-01-17 00:00:00,1002.3050036895831
2006-01-18 00:00:00,1001.8135369669874
2006-01-19 00:00:00,1001.4218155413676
2006-01-20 00:00:00,1001.1161978467416
2006-01-22 00:00:00,1000.6507723769321
2006-01-23 00:00:00,1000.4197821896291
2006-01-24 00:00:00,1000.1445558938906
2006-01-25 00:00:00,999.8021444524641
2006-01-26 00:00:00,999.3848028432201
2006-01-27 00:00:00,998.9024794756522
2006-01-29 00:00:00,997.8597117182821
2006-01-30 00:00:00,997.3765560563111
2006-01-31 00:00:00,996.9644773640903
2006-02-01 00:00:00,996.6404086521618
2006-02-02 00:00:00,996.4021011831995
2006-02-03 00:00:00,996.2295982839549
2006-02-05 00:00:00,995.9496773197623
2006-02-06 00:00:00,995.7736029410615
2006-02-07 00:00:00,995.5402375044036
2006-02-08 00:00:00,995.240784689869
2006-02-09 00:00:00,994.880627226206
2006-02-10 00:00:00,994.4772183484727
2006-02-12 00:00:00,993.6457151806903
2006-02-13 00:00:00,993.2729551084922
2006-02-14 00:00:00,992.9585954686171
2006-02-15 00:00:00,992.7147213938777
2006-02-16 00:00:00,992.5433847616667
2006-02-17 00:00:00,992.4368129370956
2006-02-19 00:00:00,992.3482838536969
2006-02-20 00:00:00,992.3211341524732
2006-02-21 00:00:00,992.2759189400853
2006-02-22 00:00:00,992.1969387421328
2006-02-23 00:00:00,992.0774784683538
2006-02-24 00:00:00,991.9212820330774
2006-02-26 00:00:00,991.5595197381103
2006-02-27 00:00:00,991.3963202279538
2006-02-28 00:00:00,991.270945743918
2006-03-01 00:00:00,991.1940104574396
2006-03-02 00:00:00,991.1661937312774
2006-03-03 00:00:00,991.1787782667541
2006-03-05 00:00:00,991.262614614518
2006-03-06 00:00:00,991.3011203542443
2006-03-07 00:00:00,991.3216485230856
2006-03-08 00:00:00,991.320015989742
2006-03-09 00:00:00,991.2983392684107
2006-03-10 00:00:00,991.2637201140234
2006-03-12 00:00:00,989.931101204565
2006-03-13 00:00:00,988.0740826667404
2006-03-14 00:00:00,986.2225791156703
2006-03-15 00:00:00,984.3801365020406
2006-03-16 00:00:00,982.5466986290393
2006-03-17 00:00:00,980.7192178171367
2006-03-19 00:00:00,977.0616139679171
2006-03-20 00:00:00,975.2210122664646
2006-03-21 00:00:00,973.3678027502864
2006-03-22 00:00:00,971.5012785762701
2006-03-23 00:00:00,969.6231434718073
2006-03-24 00:00:00,967.7368140289387
2006-03-26 00:00:00,963.9542100124445
2006-03-27 01:00:00,961.9824436851205
2006-03-28 01:00:00,960.0884366112566
2006-03-29 01:00:00,958.1893995234459
2006-03-30 01:00:00,956.2815712179811
2006-03-31 01:00:00,954.3623132972172
2006-04-02 01:00:00,950.4919246004177
2006-04-03 01:00:00,948.5492894115775
2006-04-04 01:00:00,946.6106352758835
2006-04-05 01:00:00,944.68286195701
2006-04-06 01:00:00,942.7709676612328
2006-04-07 01:00:00,940.8767071416321
2006-04-09 01:00:00,937.1286554334383
2006-04-10 01:00:00,935.2599732001042
2006-04-11 01:00:00,933.3814018810042
2006-04-12 01:00:00,931.4827133792827
2006-04-13 01:00:00,929.5558299049179
2006-04-14 01:00:00,927.5965618986963
2006-04-16 01:00:00,923.5905258440691
2006-04-17 01:00:00,921.5623760313622
2006-04-18 01:00:00,919.5368947502052
2006-04-19 01:00:00,918.8705553039786
2006-04-20 01:00:00,919.0050628439398
2006-04-21 01:00:00,919.1857658595299
2006-04-23 01:00:00,919.6699301816168
2006-04-24 01:00:00,919.9438028220186
2006-04-25 01:00:00,920.2102263496863
2006-04-26 01:00:00,920.4478859546842
2006-04-27 01:00:00,920.6417996484702
2006-04-28 01:00:00,920.7870131495005
2006-04-30 01:00:00,920.9673510865113
2006-05-01 01:00:00,921.0420356774246
2006-05-02 01:00:00,921.1385521298839
2006-05-03 01:00:00,921.2777817429784
2006-05-04 01:00:00,921.4728553562628
2006-05-05 01:00:00,921.7267235564257
2006-05-07 01:00:00,923.363620147438
2006-05-08 01:00:00,925.9373807393647
2006-05-09 01:00:00,928.5182657565078
2006-05-10 01:00:00,931.1060225738329
2006-05-11 01:00:00,933.7004044465224
2006-05-12 01:00:00,936.3011702467142
2006-05-14 01:00:00,941.5209131730786
2006-05-15 01:00:00,944.139428620577
2006-05-16 01:00:00,946.7634014508044
2006-05-17 01:00:00,949.3926018396053
2006-05-18 01:00:00,952.0267971151983
2006-05-19 01:00:00,954.6657502959079
2006-05-21 01:00:00,959.9569555597928
2006-05-22 01:00:00,962.6087062468653
2006-05-23 01:00:00,965.2642133080828
2006-05-24 01:00:00,967.9232162345588
2006-05-25 01:00:00,970.5854544198155
2006-05-26 01:00:00,973.2506702537472
2006-05-28 01:00:00,978.5890385979367
2006-05-29 01:00:00,981.2617179840172
2006-05-30 01:00:00,983.9364319886785
2006-05-31 01:00:00,986.612974581677
2006-06-01 01:00:00,989.2911516970796
2006-06-02 01:00:00,991.9707803391432
2006-06-04 01:00:00,997.3337100089936
2006-06-05 01:00:00,1000.0166927163334
2006-06-06 01:00:00,1002.7004895147049
2006-06-07 01:00:00,1005.3849626393962
2006-06-08 01:00:00,1006.1012628403417
2006-06-09 01:00:00,1006.2787225849655
2006-06-11 01:00:00,1006.6445588432941
2006-06-12 01:00:00,1006.8328695692927
2006-06-13 01:00:00,1007.0247332128441
2006-06-14 01:00:00,1007.220119525438
2006-06-15 01:00:00,1007.4189991781979
2006-06-16 01:00:00,1007.6213434146231
2006-06-18 01:00:00,1008.0363105162124
2006-06-19 01:00:00,1008.2488741522503
2006-06-20 01:00:00,1008.4647829201898
2006-06-21 01:00:00,1008.6840034609603
2006-06-22 01:00:00,1008.9065003777728
2006-06-23 01:00:00,1009.1322361325348
2006-06-25 01:00:00,1009.5932635766361
2006-06-26 01:00:00,1009.8284703066585
2006-06-27 01:00:00,1010.0667465128888
2006-06-28 01:00:00,1010.3080463640378
2006-06-29 01:00:00,1010.5523232516097
2006-06-30 01:00:00,1010.7995300415047
2006-07-02 01:00:00,1011.3025432412318
2006-07-03 01:00:00,1011.558254182532
2006-07-04 01:00:00,1011.8167042489948
2006-07-05 01:00:00,1012.0778456334398
2006-07-06 01:00:00,1012.3416306665723
2006-07-07 01:00:00,1012.6080119691767
2006-07-09 01:00:00,1013.1483765916986
2006-07-10 01:00:00,1013.4222686118263
2006-07-11 01:00:00,1013.6985747151538
2006-07-12 01:00:00,1013.977252061814
2006-07-13 01:00:00,1014.2582587526063
2006-07-14 01:00:00,1014.5415533612218
2006-07-16 01:00:00,1015.1148390766299
2006-07-17 01:00:00,1015.4047437907269
2006-07-18 01:00:00,1015.696762603062
2006-07-19 01:00:00,1015.9908475561067
2006-07-20 01:00:00,1016.2869485073338
2006-07-21 01:00:00,1016.5850132005459
2006-07-23 01:00:00,1017.1868152155139
2006-07-24 01:00:00,1017.490439121181
2006-07-25 01:00:00,1017.7958004468794
2006-07-26 01:00:00,1018.1028395302943
2006-07-27 01:00:00,1018.4114959909043
2006-07-28 01:00:00,1018.7217089506862
2006-07-30 01:00:00,1019.3465594237838
2006-07-31 01:00:00,1019.6610741392299
2006-08-01 01:00:00,1019.9768999545165
2006-08-02 01:00:00,1020.2939755727856
2006-08-03 01:00:00,1020.6122399173918
2006-08-04 01:00:00,1020.9316322787295
2006-08-06 01:00:00,1021.573561274969
2006-08-07 01:00:00,1021.8959802804762
2006-08-08 01:00:00,1022.2192924830218
2006-08-09 01:00:00,1022.5434421062708
2006-08-10 01:00:00,1022.8683744092386
2006-08-11 01:00:00,1023.1940351486102
2006-08-13 01:00:00,1023.8473227882641
2006-08-14 01:00:00,1024.1748366881566
2006-08-15 01:00:00,1024.5028519298603
2006-08-16 01:00:00,1024.8313066265448
2006-08-17 01:00:00,1025.1601366953162
2006-08-18 01:00:00,1025.4892760975147
2006-08-20 01:00:00,1026.1482106802227
2006-08-21 01:00:00,1026.4778665526874
2006-08-22 01:00:00,1026.8075536502588
2006-08-23 01:00:00,1027.1372002289004
2006-08-24 01:00:00,1027.4667341010713
2006-08-25 01:00:00,1027.7960828297996
2006-08-27 01:00:00,1028.586669945426
2006-08-28 01:00:00,1031.1265056450545
2006-08-29 01:00:00,1033.6677311369067
2006-08-30 01:00:00,1036.2102946442885
2006-08-31 01:00:00,1038.7541462809133
2006-09-01 01:00:00,1041.299238426801
2006-09-03 01:00:00,1046.392968599062
2006-09-04 01:00:00,1048.9415284903819
2006-09-05 01:00:00,1051.4911741676503
2006-09-06 01:00:00,1054.0418792282426
2006-09-07 01:00:00,1056.5936219830967
2006-09-08 01:00:00,1059.1463840862104
2006-09-10 01:00:00,1064.2548914122824
2006-09-11 01:00:00,1066.8105897699788
2006-09-12 01:00:00,1069.3672092962784
2006-09-13 01:00:00,1071.9247093422061
2006-09-14 01:00:00,1074.4830425505036
2006-09-15 01:00:00,1077.0421560649263
2006-09-17 01:00:00,1080.0
2006-09-18 01:00:00,1080.0
2006-09-19 01:00:00,1080.0
2006-09-20 01:00:00,1080.0
2006-09-21 01:00:00,1080.0
2006-09-22 01:00:00,1080.0
2006-09-24 01:00:00,1080.0
2006-09-25 01:00:00,1080.0
2006-09-26 01:00:00,1080.0
2006-09-27 01:00:00,1079.0479918113524
2006-09-28 01:00:00,1076.519195083577
2006-09-29 01:00:00,1073.9968929704946
2006-10-01 01:00:00,1068.9955765369746
2006-10-02 01:00:00,1066.521035025007
2006-10-03 01:00:00,1064.0594151434407
2006-10-04 01:00:00,1061.6015870639267
2006-10-05 01:00:00,1059.1355087976954
2006-10-06 01:00:00,1056.6490096340895
2006-10-08 01:00:00,1051.5843888464458
2006-10-09 01:00:00,1049.0072694581806
2006-10-10 01:00:00,1046.4126545702345
2006-10-11 01:00:00,1043.815981069346
2006-10-12 01:00:00,1041.2335877521396
2006-10-13 01:00:00,1038.6789628838717
2006-10-15 01:00:00,1033.6757669984947
2006-10-16 01:00:00,1031.2194439425587
2006-10-17 01:00:00,1028.776624981174
2006-10-18 01:00:00,1026.3292518432945
2006-10-19 01:00:00,1023.858315928797
2006-10-20 01:00:00,1021.3470128592903
2006-10-22 01:00:00,1016.1638125025302
2006-10-23 01:00:00,1013.4918316837628
2006-10-24 01:00:00,1010.7806507591063
2006-10-25 01:00:00,1008.0504865208309
2006-10-26 01:00:00,1005.3258588428698
2006-10-27 01:00:00,1002.6313629136628
2006-10-29 01:00:00,997.4027480837585
2006-10-30 00:00:00,994.9815782660487
2006-10-31 00:00:00,992.4984227765433
2006-11-01 00:00:00,990.0342673919398
2006-11-02 00:00:00,987.5575038015536
2006-11-03 00:00:00,985.0372227109835
2006-11-05 00:00:00,979.7882121139799
2006-11-06 00:00:00,977.0576129337312
2006-11-07 00:00:00,974.2809562530149
2006-11-08 00:00:00,971.4903021102365
2006-11-09 00:00:00,968.7200807527902
2006-11-10 00:00:00,965.9994550045732
2006-11-12 00:00:00,960.7641675717438
2006-11-13 00:00:00,958.2417351828319
2006-11-14 00:00:00,955.7557008423796
2006-11-15 00:00:00,953.274978957991
2006-11-16 00:00:00,951.0673819615662
2006-11-17 00:00:00,950.5666681328626
2006-11-19 00:00:00,949.3138099674253
2006-11-20 00:00:00,948.5565609854654
2006-11-21 00:00:00,947.7328813260843
2006-11-22 00:00:00,946.8741638610936
2006-11-23 00:00:00,946.0191004558098
2006-11-24 00:00:00,945.2068625106546
2006-11-26 00:00:00,943.825068213466
2006-11-27 00:00:00,943.2732684412729
2006-11-28 00:00:00,942.7945119725466
2006-11-29 00:00:00,942.3533563301031
2006-11-30 00:00:00,941.9056221835106
2006-12-01 00:00:00,941.4077745425564
2006-12-03 00:00:00,940.1471134632045
2006-12-04 00:00:00,939.3754869546843
2006-12-05 00:00:00,938.5380718938786
2006-12-06 00:00:00,937.6748329793197
2006-12-07 00:00:00,936.8302332957542
2006-12-08 00:00:00,936.0435753946698
2006-12-10 00:00:00,934.7324096996742
2006-12-11 00:00:00,934.2081373728681
2006-12-12 00:00:00,933.7441046815253
2006-12-13 00:00:00,933.3053943087768
2006-12-14 00:00:00,932.8527492868038
2006-12-15 00:00:00,932.34921954115
2006-12-17 00:00:00,931.0893701868425
2006-12-18 00:00:00,930.3199122148267
2006-12-19 00:00:00,929.4767942977959
2006-12-20 00:00:00,928.5932727734462
2006-12-21 00:00:00,927.7115419973222
2006-12-22 00:00:00,926.8749434373512
2006-12-24 00:00:00,925.4654449845236
2006-12-25 00:00:00,924.9142995496296
2006-12-26 00:00:00,924.4465275446262
2006-12-27 00:00:00,924.0262789839176
2006-12-28 00:00:00,923.6088464251401
2006-12-29 00:00:00,923.1503276841227
2006-12-31 00:00:00,921.9933593082783
2007-01-01 00:00:00,921.2832694184583
2007-01-02 00:00:00,920.5103269056281
2007-01-03 00:00:00,919.7109379822408
2007-01-04 00:00:00,918.9262582027634
2007-01-05 00:00:00,918.19364166574
2007-01-07 00:00:00,916.9762034162858
2007-01-08 00:00:00,916.4990930095929
2007-01-09 00:00:00,916.0902856000871
2007-01-10 00:00:00,915.7214958891245
2007-01-11 00:00:00,915.3593463635669
2007-01-12 00:00:00,914.9710075702676
2007-01-14 00:00:00,914.0190447013188
2007-01-15 00:00:00,913.4365019992779
2007-01-16 00:00:00,912.7937247183274
2007-01-17 00:00:00,912.1149836576978
2007-01-18 00:00:00,911.4327801020186
2007-01-19 00:00:00,910.7815726724566
2007-01-21 00:00:00,909.6783184770354
2007-01-22 00:00:00,909.247114763815
2007-01-23 00:00:00,907.9344379122683
2007-01-24 00:00:00,904.9706067225889
2007-01-25 00:00:00,902.0162819849742
2007-01-26 00:00:00,899.0398402187056
2007-01-28 00:00:00,892.936649240218
2007-01-29 00:00:00,889.8004941805403
2007-01-30 00:00:00,886.6236279672595
2007-01-31 00:00:00,883.4293679847501
2007-02-01 00:00:00,880.24403735683
2007-02-02 00:00:00,877.0916459881662
2007-02-04 00:00:00,870.9469670624951
2007-02-05 00:00:00,867.96259031772
2007-02-06 00:00:00,865.0274617472389
2007-02-07 00:00:00,862.1262454085393
2007-02-08 00:00:00,859.7478280114801
2007-02-09 00:00:00,859.2317367884632
2007-02-11 00:00:00,859.7502470455399
2007-02-12 00:00:00,861.6660570935077
2007-02-13 00:00:00,863.5844097193589
2007-02-14 00:00:00,865.5054637275421
2007-02-15 00:00:00,867.4293756087868
2007-02-16 00:00:00,869.3562980768945
2007-02-18 00:00:00,873.2197568216602
2007-02-19 00:00:00,875.156565709244
2007-02-20 00:00:00,877.0969295476866
2007-02-21 00:00:00,879.0409661882934
2007-02-22 00:00:00,880.98878887684
2007-02-23 00:00:00,882.9405085590304
2007-02-25 00:00:00,886.8560829128662
2007-02-26 00:00:00,888.8201635262064
2007-02-27 00:00:00,890.788594290689
2007-02-28 00:00:00,892.7614943165634
2007-03-01 00:00:00,894.7389852141841
2007-03-02 00:00:00,896.7211909070078
2007-03-04 00:00:00,900.7002521951408
2007-03-05 00:00:00,902.6973643271614
2007-03-06 00:00:00,904.6997034175245
2007-03-07 00:00:00,906.7073994002144
2007-03-08 00:00:00,908.7205820014661
2007-03-09 00:00:00,910.7393803139503
2007-03-11 00:00:00,914.7943352154181
2007-03-12 00:00:00,916.8307438382449
2007-03-13 00:00:00,918.8732714775625
2007-03-14 00:00:00,920.9220385288579
2007-03-15 00:00:00,922.9771614257705
2007-03-16 00:00:00,925.0387508224388
2007-03-18 00:00:00,929.1817275440199
2007-03-19 00:00:00,931.2632835000258
2007-03-20 00:00:00,933.351638915579
2007-03-21 00:00:00,935.4468405123787
2007-03-22 00:00:00,937.5489220680608
2007-03-23 00:00:00,939.6579080656247
2007-03-25 00:00:00,943.8966677379367
2007-03-26 01:00:00,946.1150823528978
2007-03-27 01:00:00,948.2521542113403
2007-03-28 01:00:00,950.3962217688044
2007-03-29 01:00:00,952.5473054283177
2007-03-30 01:00:00,954.705426359702
2007-04-01 01:00:00,959.1393242346232
2007-04-02 01:00:00,961.4693596748675
2007-04-03 01:00:00,963.8512011412762
2007-04-04 01:00:00,966.2811985309171
2007-04-05 01:00:00,968.748910999957
2007-04-06 01:00:00,971.2382800082048
2007-04-08 01:00:00,976.2040326186668
2007-04-09 01:00:00,978.6444627813374
2007-04-10 01:00:00,981.041737118507
2007-04-11 01:00:00,983.3958835671802
2007-04-12 01:00:00,985.7173899139771
2007-04-13 01:00:00,988.026084889639
2007-04-15 01:00:00,992.7087934941814
2007-04-16 01:00:00,995.1301378681446
2007-04-17 01:00:00,997.6215362501756
2007-04-18 01:00:00,1000.178344030246
2007-04-19 01:00:00,1002.7819081882556
2007-04-20 01:00:00,1005.4038304266447
2007-04-22 01:00:00,1010.5828572204268
2007-04-23 01:00:00,1013.097969197888
2007-04-24 01:00:00,1015.5565444747554
2007-04-25 01:00:00,1017.9704411936706
2007-04-26 01:00:00,1020.3621931519172
2007-04-27 01:00:00,1022.760391576631
2007-04-29 01:00:00,1026.440955142902
2007-04-30 01:00:00,1026.60311718274
2007-05-01 01:00:00,1026.849078479919
2007-05-02 01:00:00,1027.1725889473464
2007-05-03 01:00:00,1027.5556360747896
2007-05-04 01:00:00,1027.9708050986342
2007-05-06 01:00:00,1028.7662191024526
2007-05-07 01:00:00,1029.0863115992192
2007-05-08 01:00:00,1029.3293056358104
2007-05-09 01:00:00,1029.4936412449752
2007-05-10 01:00:00,1029.5937105845544
2007-05-11 01:00:00,1029.658012953222
2007-05-13 01:00:00,1029.8313079005493
2007-05-14 01:00:00,1030.0114532078146
2007-05-15 01:00:00,1030.2815414256265
2007-05-16 01:00:00,1030.638760547686
2007-05-17 01:00:00,1031.060596417916
2007-05-18 01:00:00,1031.510323969292
2007-05-20 01:00:00,1032.3314310807857
2007-05-21 01:00:00,1032.642767792055
2007-05-22 01:00:00,1032.8745340486805
2007-05-23 01:00:00,1033.0388058186716
2007-05-24 01:00:00,1033.1618891640248
2007-05-25 01:00:00,1033.2785998094382
2007-05-27 01:00:00,1033.6353403768737
2007-05-28 01:00:00,1033.9302042704294
2007-05-29 01:00:00,1034.319457452211
2007-05-30 01:00:00,1034.7973441105864
2007-05-31 01:00:00,1035.343794595882
2007-06-01 01:00:00,1035.9273593487642
2007-06-03 01:00:00,1037.0540746972288
2007-06-04 01:00:00,1037.5276205557677
2007-06-05 01:00:00,1037.911684698218
2007-06-06 01:00:00,1038.203640156863
2007-06-07 01:00:00,1038.4184656012885
2007-06-08 01:00:00,1038.5864827534774
2007-06-10 01:00:00,1038.944236723791
2007-06-11 01:00:00,1039.2102800860812
2007-06-12 01:00:00,1039.5650470648459
2007-06-13 01:00:00,1040.0075569297378
2007-06-14 01:00:00,1040.516833321818
2007-06-15 01:00:00,1041.0570881039803
2007-06-17 01:00:00,1042.0678909887838
2007-06-18 01:00:00,1042.4751613732853
2007-06-19 01:00:00,1042.7996136663435
2007-06-20 01:00:00,1043.049595415888
2007-06-21 01:00:00,1043.2477494102623
2007-06-22 01:00:00,1043.4258491146238
2007-06-24 01:00:00,1043.8576470206724
2007-06-25 01:00:00,1044.1660847792075
2007-06-26 01:00:00,1044.554989643513
2007-06-27 01:00:00,1045.0215272044347
2007-06-28 01:00:00,1045.5494300370187
2007-06-29 01:00:00,1046.1116668367874
2007-07-01 01:00:00,1047.2057369929425
2007-07-02 01:00:00,1048.1794206402267
2007-07-03 01:00:00,1049.7430326506196
2007-07-04 01:00:00,1051.1894413418927
2007-07-05 01:00:00,1052.5296024707566
2007-07-06 01:00:00,1053.787381164741
2007-07-08 01:00:00,1056.1843816226883
2007-07-09 01:00:00,1057.3833114954818
2007-07-10 01:00:00,1058.6056551713807
2007-07-11 01:00:00,1059.849719725696
2007-07-12 01:00:00,1061.0982924265118
2007-07-13 01:00:00,1062.3228378835622
2007-07-15 01:00:00,1064.569143194357
2007-07-16 01:00:00,1065.5375786859834
2007-07-17 01:00:00,1066.3846970683041
2007-07-18 01:00:00,1067.1122232749221
2007-07-19 01:00:00,1067.7324938130707
2007-07-20 01:00:00,1068.2650267477602
2007-07-22 01:00:00,1069.1552931503563
2007-07-23 01:00:00,1069.549942616735
2007-07-24 01:00:00,1069.9241127135047
2007-07-25 01:00:00,1070.2763337641343
2007-07-26 01:00:00,1070.5959725388466
2007-07-27 01:00:00,1070.865008890085
2007-07-29 01:00:00,1071.1616642759543
2007-07-30 01:00:00,1071.1475676115183
2007-07-31 01:00:00,1071.0069166538092
2007-08-01 01:00:00,1070.7370616207586
2007-08-02 01:00:00,1070.3450274820634
2007-08-03 01:00:00,1069.8459664242187
2007-08-05 01:00:00,1068.6078006574953
2007-08-06 01:00:00,1067.9067764152687
2007-08-07 01:00:00,1067.1675044636652
2007-08-08 01:00:00,1066.3925928462268
2007-08-09 01:00:00,1065.5775077457436
2007-08-10 01:00:00,1064.7130406533781
2007-08-12 01:00:00,1062.7969081596877
2007-08-13 01:00:00,1061.7338938084417
2007-08-14 01:00:00,1060.9690671560065
2007-08-15 01:00:00,1061.217108444613
2007-08-16 01:00:00,1061.4447240572865
2007-08-17 01:00:00,1061.660720086975
2007-08-19 01:00:00,1062.094905369593
2007-08-20 01:00:00,1062.3275551252484
2007-08-21 01:00:00,1062.5753079541894
2007-08-22 01:00:00,1062.8375189556452
2007-08-23 01:00:00,1063.110713023282
2007-08-24 01:00:00,1063.3896486214858
2007-08-26 01:00:00,1063.9431217023173
2007-08-27 01:00:00,1064.2102905846848
2007-08-28 01:00:00,1064.4699313900392
2007-08-29 01:00:00,1064.7239623284388
2007-08-30 01:00:00,1064.975595428831
2007-08-31 01:00:00,1065.2280284637934
2007-09-02 01:00:00,1065.7409820850721
2007-09-03 01:00:00,1065.9991271286194
2007-09-04 01:00:00,1066.254062278689
2007-09-05 01:00:00,1066.5022461867632
2007-09-06 01:00:00,1066.7415643001361
2007-09-07 01:00:00,1066.9723862324004
2007-09-09 01:00:00,1067.423706169807
2007-09-10 01:00:00,1067.6566070415086
2007-09-11 01:00:00,1067.9032444905927
2007-09-12 01:00:00,1068.1685394873796
2007-09-13 01:00:00,1068.454450660495
2007-09-14 01:00:00,1068.7592146113777
2007-09-16 01:00:00,1069.3997440450405
2007-09-17 01:00:00,1069.7160651960196
2007-09-18 01:00:00,1070.0155547325076
2007-09-19 01:00:00,1070.2897033518814
2007-09-20 01:00:00,1070.5341505655977
2007-09-21 01:00:00,1070.7501313037274
2007-09-23 01:00:00,1071.131329343184
2007-09-24 01:00:00,1071.3252097543138
2007-09-25 01:00:00,1071.5427721180379
2007-09-26 01:00:00,1071.7966222667073
2007-09-27 01:00:00,1072.0923090209405
2007-09-28 01:00:00,1072.4260693406645
2007-09-30 01:00:00,1073.1486236616847
2007-10-01 01:00:00,1073.4953587972282
2007-10-02 01:00:00,1073.8062237254603
2007-10-03 01:00:00,1074.070421470005
2007-10-04 01:00:00,1074.2878810231
2007-10-05 01:00:00,1074.4693106063794
2007-10-07 01:00:00,1074.8054436272014
2007-10-08 01:00:00,1075.0078474104828
2007-10-09 01:00:00,1075.2608306560765
2007-10-10 01:00:00,1075.576515597251
2007-10-11 01:00:00,1075.957280863161
2007-10-12 01:00:00,1076.3951125054175
2007-10-14 01:00:00,1077.3650406612803
2007-10-15 01:00:00,1079.1427819259436
2007-10-16 01:00:00,1080.0
2007-10-17 01:00:00,1080.0
2007-10-18 01:00:00,1080.0
2007-10-19 01:00:00,1080.0
2007-10-21 01:00:00,1080.0
2007-10-22 01:00:00,1080.0
2007-10-23 01:00:00,1080.0
2007-10-24 01:00:00,1079.8348819597172
2007-10-25 01:00:00,1079.4997214072737
2007-10-26 01:00:00,1077.7621427783085
2007-10-28 01:00:00,1072.7935118105843
2007-10-29 00:00:00,1070.4058487655352
2007-10-30 00:00:00,1067.9549880655736
2007-10-31 00:00:00,1065.5673747269798
2007-11-01 00:00:00,1063.2466606925755
2007-11-02 00:00:00,1060.9785605702166
2007-11-04 00:00:00,1056.4790390490882
2007-11-05 00:00:00,1054.1746429686475
2007-11-06 00:00:00,1051.7906371615818
2007-11-07 00:00:00,1049.3072666290464
2007-11-08 00:00:00,1046.719179394997
2007-11-09 00:00:00,1044.0364227305033
2007-11-11 00:00:00,1038.493886655263
2007-11-12 00:00:00,1035.70865536722
2007-11-13 00:00:00,1032.9662213600145
2007-11-14 00:00:00,1030.2978823264966
2007-11-15 00:00:00,1027.7219693238496
2007-11-16 00:00:00,1025.2403113779762
2007-11-18 00:00:00,1020.4823253681247
2007-11-19 00:00:00,1018.1344189017032
2007-11-20 00:00:00,1015.7504386273985
2007-11-21 00:00:00,1013.2937833682738
2007-11-22 00:00:00,1010.7430031257189
2007-11-23 00:00:00,1008.0976822407913
2007-11-25 00:00:00,1002.6277645771622
2007-11-26 00:00:00,999.8890265847031
2007-11-27 00:00:00,997.2059702337717
2007-11-28 00:00:00,994.6067513681294
2007-11-29 00:00:00,992.0992723086406
2007-11-30 00:00:00,989.6706881934472
2007-12-02 00:00:00,984.9224101337313
2007-12-03 00:00:00,982.5224216027539
2007-12-04 00:00:00,980.0561513205319
2007-12-05 00:00:00,977.4998441818686
2007-12-06 00:00:00,974.8451077765018
2007-12-07 00:00:00,972.1001165075611
2007-12-09 00:00:00,966.4439940593597
2007-12-10 00:00:00,963.6079030275837
2007-12-11 00:00:00,960.8194395712504
2007-12-12 00:00:00,958.1107597110488
2007-12-13 00:00:00,955.5012551026601
2007-12-14 00:00:00,952.9941610620702
2007-12-16 00:00:00,948.2177536238096
2007-12-17 00:00:00,945.8817604507558
2007-12-18 00:00:00,943.5268925685057
2007-12-19 00:00:00,941.117838649023
2007-12-20 00:00:00,938.6326764967338
2007-12-21 00:00:00,936.0680897784537
2007-12-23 00:00:00,930.7824172280785
2007-12-24 00:00:00,928.1336088411359
2007-12-25 00:00:00,925.5319992543059
2007-12-26 00:00:00,923.0044152183871
2007-12-27 00:00:00,920.5613804402465
2007-12-28 00:00:00,918.1961315046406
2007-12-30 00:00:00,913.6050449438094
2007-12-31 00:00:00,911.3158278921056
2008-01-01 00:00:00,908.9901192851519
2008-01-02 00:00:00,906.6066034523573
2008-01-03 00:00:00,904.1555941552846
2008-01-04 00:00:00,901.6402178000139
2008-01-06 00:00:00,896.4853098846174
2008-01-07 00:00:00,893.8984930663138
2008-01-08 00:00:00,891.3435473576295
2008-01-09 00:00:00,888.8440169980015
2008-01-10 00:00:00,886.4145493367804
2008-01-11 00:00:00,884.0585050407959
2008-01-13 00:00:00,879.5229909422092
2008-01-14 00:00:00,877.2998361725951
2008-01-15 00:00:00,875.0711550002347
2008-01-16 00:00:00,872.8138233627735
2008-01-17 00:00:00,870.5133186094251
2008-01-18 00:00:00,868.166609522998
2008-01-20 00:00:00,863.3791489569143
2008-01-21 00:00:00,860.978881180561
2008-01-22 00:00:00,858.6031033857453
2008-01-23 00:00:00,856.2674049038224
2008-01-24 00:00:00,853.978771865493
2008-01-25 00:00:00,851.7351223347366
2008-01-27 00:00:00,847.3392631622913
2008-01-28 00:00:00,845.156460471358
2008-01-29 00:00:00,842.9637947892415
2008-01-30 00:00:00,840.7506082899258
2008-01-31 00:00:00,838.5116389352336
2008-02-01 00:00:00,836.2473971641612
2008-02-03 00:00:00,834.7719679844184
2008-02-04 00:00:00,834.5221127931468
2008-02-05 00:00:00,834.2852202537381
2008-02-06 00:00:00,834.0689435657316
2008-02-07 00:00:00,833.8772111128624
2008-02-08 00:00:00,833.7098083938633
2008-02-10 00:00:00,833.4299209317112
2008-02-11 00:00:00,833.3039828129969
2008-02-12 00:00:00,833.1789478853625
2008-02-13 00:00:00,833.0511491507796
2008-02-14 00:00:00,832.9199651125409
2008-02-15 00:00:00,832.7873807013906
2008-02-17 00:00:00,832.5316142592133
2008-02-18 00:00:00,832.4136244049333
2008-02-19 00:00:00,832.3024243642869
2008-02-20 00:00:00,832.1953854751889
2008-02-21 00:00:00,832.0884826403064
2008-02-22 00:00:00,831.9775570279626
2008-02-24 00:00:00,831.7340868005248
2008-02-25 00:00:00,831.6029682423018
2008-02-26 00:00:00,831.4710653087222
2008-02-27 00:00:00,831.3449910517628
2008-02-28 00:00:00,831.2318780703878
2008-02-29 00:00:00,831.1377759995602
2008-03-02 00:00:00,831.0163034357585
2008-03-03 00:00:00,830.9835943654334
2008-03-04 00:00:00,830.9590638608229
2008-03-05 00:00:00,830.9310999159313
2008-03-06 00:00:00,830.8874594960485
2008-03-07 00:00:00,830.817883864672
2008-03-09 00:00:00,830.5851751465586
2008-03-10 00:00:00,830.4316025554127
2008-03-11 00:00:00,830.3328672207977
2008-03-12 00:00:00,832.7558686385537
2008-03-13 00:00:00,835.1810681533727
2008-03-14 00:00:00,837.6084002734091
2008-03-16 00:00:00,842.0340265973887
2008-03-17 00:00:00,841.853758849776
2008-03-18 00:00:00,841.6774444300539
2008-03-19 00:00:00,841.505109660091
2008-03-20 00:00:00,841.3367821143174
2008-03-21 00:00:00,841.1724907553323
2008-03-23 00:00:00,840.8561395475283
2008-03-24 00:00:00,840.7041445067665
2008-03-25 00:00:00,840.556314981379
2008-03-26 00:00:00,840.4126860077956
2008-03-27 00:00:00,840.2732933519317
2008-03-28 00:00:00,840.1381733551151
2008-03-30 00:00:00,842.3529876054918
2008-03-31 01:00:00,844.6859661426415
2008-04-01 01:00:00,846.9304785254911
2008-04-02 01:00:00,849.1798448014562
2008-04-03 01:00:00,851.4341074332415
2008-04-04 01:00:00,853.693304681968
2008-04-06 01:00:00,858.2266324699077
2008-04-07 01:00:00,860.500816695155
2008-04-08 01:00:00,862.7800452962018
2008-04-09 01:00:00,865.064340643629
2008-04-10 01:00:00,867.3537271855856
2008-04-11 01:00:00,869.6482331983406
2008-04-13 01:00:00,874.2527408624492
2008-04-14 01:00:00,876.5628231477992
2008-04-15 01:00:00,878.8781850951749
2008-04-16 01:00:00,881.1988763105934
2008-04-17 01:00:00,883.5249487636423
2008-04-18 01:00:00,885.8564561012373
2008-04-20 01:00:00,890.5359945951568
2008-04-21 01:00:00,892.8841358741902
2008-04-22 01:00:00,895.2379311999867
2008-04-23 01:00:00,897.597433826145
2008-04-24 01:00:00,899.9626955057022
2008-04-25 01:00:00,902.3337661605801
2008-04-27 01:00:00,907.0935232008256
2008-04-28 01:00:00,909.4822976217152
2008-04-29 01:00:00,911.8770562464454
2008-04-30 01:00:00,914.2778345159838
2008-05-01 01:00:00,916.6846629543641
2008-05-02 01:00:00,919.0975659548989
2008-05-04 01:00:00,923.9416548880309
2008-05-05 01:00:00,926.3728486819458
2008-05-06 01:00:00,928.8101331043011
2008-05-07 01:00:00,931.2534932569271
2008-05-08 01:00:00,933.7029110823261
2008-05-09 01:00:00,936.1583685035349
2008-05-11 01:00:00,941.0873433587047
2008-05-12 01:00:00,943.5608410446796
2008-05-13 01:00:00,946.0403385204413
2008-05-14 01:00:00,948.525833934633
2008-05-15 01:00:00,951.0173270743572
2008-05-16 01:00:00,953.5148185203517
2008-05-18 01:00:00,958.5277985681088
2008-05-19 01:00:00,961.0432865626243
2008-05-20 01:00:00,963.5647706472098
2008-05-21 01:00:00,966.0922465582081
2008-05-22 01:00:00,968.6257075597496
2008-05-23 01:00:00,971.1651439467101
2008-05-25 01:00:00,976.2618861673907
2008-05-26 01:00:00,978.8191531628545
2008-05-27 01:00:00,981.3823167124837
2008-05-28 01:00:00,983.9513440978965
2008-05-29 01:00:00,986.5261956776542
2008-05-30 01:00:00,989.1068235749124
2008-06-01 01:00:00,994.2851661415262
2008-06-02 01:00:00,996.8827298235793
2008-06-03 01:00:00,999.4857662638088
2008-06-04 01:00:00,1002.0941687172042
2008-06-05 01:00:00,1004.7078213573934
2008-06-06 01:00:00,1007.3266030892545
2008-06-08 01:00:00,1012.5790651232066
2008-06-09 01:00:00,1015.2125061576867
2008-06-10 01:00:00,1017.8505994499669
2008-06-11 01:00:00,1020.4932325247314
2008-06-12 01:00:00,1023.1402945411485
2008-06-13 01:00:00,1025.7916753789937
2008-06-15 01:00:00,1031.1069523858673
2008-06-16 01:00:00,1033.7706262249953
2008-06-17 01:00:00,1036.438173591982
2008-06-18 01:00:00,1039.1094802418947
2008-06-19 01:00:00,1041.7844302391843
2008-06-20 01:00:00,1044.4629056230156
2008-06-22 01:00:00,1049.8299479600862
2008-06-23 01:00:00,1052.51826463427
2008-06-24 01:00:00,1055.2096048611143
2008-06-25 01:00:00,1057.9038324750854
2008-06-26 01:00:00,1060.6008053487662
2008-06-27 01:00:00,1063.300374251662
2008-06-29 01:00:00,1068.706659545118
2008-06-30 01:00:00,1071.4130295841528
2008-07-01 01:00:00,1074.1213009864455
2008-07-02 01:00:00,1076.8312717368942
2008-07-03 01:00:00,1079.5427304668583
2008-07-04 01:00:00,1080.0
2008-07-06 01:00:00,1080.0
2008-07-07 01:00:00,1080.0
2008-07-08 01:00:00,1080.0
2008-07-09 01:00:00,1080.0
2008-07-10 01:00:00,1080.0
2008-07-11 01:00:00,1080.0
2008-07-13 01:00:00,1080.0
2008-07-14 01:00:00,1080.0
2008-07-15 01:00:00,1080.0
2008-07-16 01:00:00,1080.0
2008-07-17 01:00:00,1080.0
2008-07-18 01:00:00,1080.0
2008-07-20 01:00:00,1080.0
2008-07-21 01:00:00,1080.0
2008-07-22 01:00:00,1080.0
2008-07-23 01:00:00,1080.0
2008-07-24 01:00:00,1080.0
2008-07-25 01:00:00,1080.0
2008-07-27 01:00:00,1080.0
2008-07-28 01:00:00,1079.6600164509655
2008-07-29 01:00:00,1077.1552439993557
2008-07-30 01:00:00,1074.6498860059478
2008-07-31 01:00:00,1072.152907426872
2008-08-01 01:00:00,1069.6701791536473
2008-08-03 01:00:00,1064.7508636002276
2008-08-04 01:00:00,1062.3074973676228
2008-08-05 01:00:00,1059.8676865697057
2008-08-06 01:00:00,1057.426326841987
2008-08-07 01:00:00,1054.9801135026207
2008-08-08 01:00:00,1052.5280392124746
2008-08-10 01:00:00,1047.612230896659
2008-08-11 01:00:00,1045.154068387421
2008-08-12 01:00:00,1042.6991491643678
2008-08-13 01:00:00,1040.2484512596395
2008-08-14 01:00:00,1038.540586587056
2008-08-15 01:00:00,1038.3057836543387
2008-08-17 01:00:00,1037.8198038037851
2008-08-18 01:00:00,1037.5614803350466
2008-08-19 01:00:00,1037.2909306473641
2008-08-20 01:00:00,1037.0100844459398
2008-08-21 01:00:00,1036.7238807271651
2008-08-22 01:00:00,1036.4395284884954
2008-08-24 01:00:00,1034.9109728259978
2008-08-25 01:00:00,1032.1431135933922
2008-08-26 01:00:00,1029.3914610541065
2008-08-27 01:00:00,1026.6488354182684
2008-08-28 01:00:00,1023.9041264687474
2008-08-29 01:00:00,1021.144814858028
2008-08-31 01:00:00,1015.5422949749968
2008-09-01 01:00:00,1012.6911612718013
2008-09-02 01:00:00,1009.8119100658192
2008-09-03 01:00:00,1006.9156412667579
2008-09-04 01:00:00,1004.0171293691614
2008-09-05 01:00:00,1001.1321031630275
2008-09-07 01:00:00,995.4526197418493
2008-09-08 01:00:00,992.6695885693969
2008-09-09 01:00:00,989.9202685758735
2008-09-10 01:00:00,987.1929274541517
2008-09-11 01:00:00,984.4707037923457
2008-09-12 01:00:00,981.7343016007253
2008-09-14 01:00:00,976.1499196048018
2008-09-15 01:00:00,973.2817726746295
2008-09-16 01:00:00,970.3644175318037
2008-09-17 01:00:00,967.4115359183975
2008-09-18 01:00:00,964.4451223258571
2008-09-19 01:00:00,961.4913228498392
2008-09-21 01:00:00,955.712052914052
2008-09-22 01:00:00,952.9082854673085
2008-09-23 01:00:00,950.1543920701394
2008-09-24 01:00:00,947.4289986289997
2008-09-25 01:00:00,944.7031488104833
2008-09-26 01:00:00,941.9463626225098
2008-09-28 01:00:00,936.2479036377318
2008-09-29 01:00:00,933.2885484477812
2008-09-30 01:00:00,930.2663337602146
2008-10-01 01:00:00,927.2040142239605
2008-10-02 01:00:00,924.1316100311058
2008-10-03 01:00:00,921.0810212191959
2008-10-05 01:00:00,915.1492964614526
2008-10-06 01:00:00,912.295199134875
2008-10-07 01:00:00,909.512262747232
2008-10-08 01:00:00,906.7821019775299
2008-10-09 01:00:00,904.076688432533
2008-10-10 01:00:00,901.3629278523622
2008-10-12 01:00:00,895.7873281112695
2008-10-13 01:00:00,892.886394963254
2008-10-14 01:00:00,889.9082827415136
2008-10-15 01:00:00,886.8726543745267
2008-10-16 01:00:00,883.8131040915564
2008-10-17 01:00:00,880.7703034423388
2008-10-19 01:00:00,874.8767830687882
2008-10-20 01:00:00,872.0609633936756
2008-10-21 01:00:00,869.3229259399022
2008-10-22 01:00:00,866.6328262723205
2008-10-23 01:00:00,863.9501454478292
2008-10-24 01:00:00,861.2324624500708
2008-10-26 01:00:00,855.5631668377304
2008-10-27 00:00:00,852.7107818642346
2008-10-28 00:00:00,849.6516526231396
2008-10-29 00:00:00,846.5356416189287
2008-10-30 00:00:00,843.4007548705641
2008-10-31 00:00:00,840.2883401715022
2008-11-02 00:00:00,834.2717080221581
2008-11-03 00:00:00,831.4089151663042
2008-11-04 00:00:00,828.6451118661563
2008-11-05 00:00:00,825.85297955817
2008-11-06 00:00:00,823.0042395650948
2008-11-07 00:00:00,820.1709785439474
2008-11-09 00:00:00,814.3993778828662
2008-11-10 00:00:00,811.4075932053559
2008-11-11 00:00:00,808.3363245146584
2008-11-12 00:00:00,805.2033628665192
2008-11-13 00:00:00,802.0436415546916
2008-11-14 00:00:00,798.9017849982819
2008-11-16 00:00:00,792.8347447088121
2008-11-17 00:00:00,789.9537739237608
2008-11-18 00:00:00,787.1687027411386
2008-11-19 00:00:00,784.4504436987937
2008-11-20 00:00:00,781.7580906130573
2008-11-21 00:00:00,779.0481685022098
2008-11-23 00:00:00,773.4407054399196
2008-11-24 00:00:00,770.5128904417292
2008-11-25 00:00:00,767.5112413420935
2008-11-26 00:00:00,764.4617191782778
2008-11-27 00:00:00,761.400053915292
2008-11-28 00:00:00,758.365333696377
2008-11-30 00:00:00,752.511741596682
2008-12-01 00:00:00,749.7346609102083
2008-12-02 00:00:00,748.3000472802341
2008-12-03 00:00:00,747.6617307392863
2008-12-04 00:00:00,747.0829958650204
2008-12-05 00:00:00,746.5307741304719
2008-12-07 00:00:00,745.3702019916459
2008-12-08 00:00:00,744.7107651626791
2008-12-09 00:00:00,743.986227996197
2008-12-10 00:00:00,743.2077836274495
2008-12-11 00:00:00,742.4015316592913
2008-12-12 00:00:00,741.6026971421974
2008-12-14 00:00:00,740.1628009785491
2008-12-15 00:00:00,739.5624166489849
2008-12-16 00:00:00,739.0416443907093
2008-12-17 00:00:00,739.0702448520507
2008-12-18 00:00:00,740.8810361592806
2008-12-19 00:00:00,742.6952886166822
2008-12-21 00:00:00,746.3338507584034
2008-12-22 00:00:00,748.1579572853666
2008-12-23 00:00:00,749.985118185805
2008-12-24 00:00:00,751.8151910114851
2008-12-25 00:00:00,753.6480167077934
2008-12-26 00:00:00,755.483419286458
2008-12-28 00:00:00,759.1611639859617
2008-12-29 00:00:00,761.0030657556616
2008-12-30 00:00:00,762.8466630353975
2008-12-31 00:00:00,764.691689503926
2009-01-01 00:00:00,766.5378601021853
2009-01-02 00:00:00,768.3848710016248
2009-01-04 00:00:00,772.080104062801
2009-01-05 00:00:00,773.9276249617501
2009-01-06 00:00:00,775.7745862418953
2009-01-07 00:00:00,777.6205978444067
2009-01-08 00:00:00,779.4652591211935
2009-01-09 00:00:00,781.3081635987692
2009-01-11 00:00:00,784.9870752048951
2009-01-12 00:00:00,786.8222758575126
2009-01-13 00:00:00,788.6541038843444
2009-01-14 00:00:00,790.4821505409674
2009-01-15 00:00:00,792.3059924504583
2009-01-16 00:00:00,794.1251843929933
2009-01-18 00:00:00,797.7476978753427
2009-01-19 00:00:00,799.5499806510467
2009-01-20 00:00:00,801.3455330147407
2009-01-21 00:00:00,803.1337514180952
2009-01-22 00:00:00,804.9139971105345
2009-01-23 00:00:00,806.6855949562758
2009-01-25 00:00:00,812.4296703204368
2009-01-26 00:00:00,813.9953062816692
2009-01-27 00:00:00,815.5450120594528
2009-01-28 00:00:00,817.0779746691795
2009-01-29 00:00:00,818.59333653556
2009-01-30 00:00:00,820.0901940585459
2009-02-01 00:00:00,823.0245455850045
2009-02-02 00:00:00,824.4599948875104
2009-02-03 00:00:00,825.872850892331
2009-02-04 00:00:00,827.2619742854723
2009-02-05 00:00:00,828.6261827547569
2009-02-06 00:00:00,829.8278778021817
2009-02-08 00:00:00,831.9762460147535
2009-02-09 00:00:00,833.0013891114637
2009-02-10 00:00:00,833.9921740249761
2009-02-11 00:00:00,834.947313521722
2009-02-12 00:00:00,835.8654813445656
2009-02-13 00:00:00,836.7453040916132
2009-02-15 00:00:00,839.0683455889595
2009-02-16 00:00:00,840.3275476953289
2009-02-17 00:00:00,841.5134713256667
2009-02-18 00:00:00,842.6228560348258
2009-02-19 00:00:00,843.6583684425118
2009-02-20 00:00:00,844.6281320065943
2009-02-22 00:00:00,846.4206849123957
2009-02-23 00:00:00,847.2703828954728
2009-02-24 00:00:00,848.1027413199932
2009-02-25 00:00:00,848.921084191505
2009-02-26 00:00:00,849.7210034423543
2009-02-27 00:00:00,850.4898694263535
2009-03-01 00:00:00,851.8510714315643
2009-03-02 00:00:00,852.3951653492303
2009-03-03 00:00:00,852.8209062981666
2009-03-04 00:00:00,853.1183075564691
2009-03-05 00:00:00,853.2893501281461
2009-03-06 00:00:00,853.3480938527065
2009-03-08 00:00:00,853.2253993699856
2009-03-09 00:00:00,853.0959269739107
2009-03-10 00:00:00,852.9460541749462
2009-03-11 00:00:00,852.7805155841722
2009-03-12 00:00:00,852.590901510087
2009-03-13 00:00:00,852.3575108731978
2009-03-15 00:00:00,851.6514994996206
2009-03-16 00:00:00,851.1275695119496
2009-03-17 00:00:00,850.4678808410199
2009-03-18 00:00:00,849.6708197353787
2009-03-19 00:00:00,848.7479963331007
2009-03-20 00:00:00,847.7228950339683
2009-03-22 00:00:00,845.4989273789871
2009-03-23 00:00:00,844.3721455554139
2009-03-24 00:00:00,843.27695190176
2009-03-25 00:00:00,842.232397227942
2009-03-26 00:00:00,841.2439518649988
2009-03-27 00:00:00,840.3026948983838
2009-03-29 00:00:00,838.4693316984097
2009-03-30 01:00:00,837.479892162648
2009-03-31 01:00:00,836.4765409679187
2009-04-01 01:00:00,835.4161291477576
2009-04-02 01:00:00,834.3123964618776
2009-04-03 01:00:00,833.1966400169839
2009-04-05 01:00:00,831.1074738921552
2009-04-06 01:00:00,830.2246524576467
2009-04-07 01:00:00,829.4939812674409
2009-04-08 01:00:00,828.9276397395914
2009-04-09 01:00:00,828.5187094410425
2009-04-10 01:00:00,828.2437346380128
2009-04-12 01:00:00,827.9547670856937
2009-04-13 01:00:00,827.868995878095
2009-04-14 01:00:00,827.7872424368793
2009-04-15 01:00:00,827.6997169490741
2009-04-16 01:00:00,827.6119425360746
2009-04-17 01:00:00,827.5434420666581
2009-04-19 01:00:00,827.5895809410669
2009-04-20 01:00:00,827.7740887298503
2009-04-21 01:00:00,828.1052053154372
2009-04-22 01:00:00,828.5977060800742
2009-04-23 01:00:00,829.2497708250071
2009-04-24 01:00:00,830.0418462291028
2009-04-26 01:00:00,831.8974295834345
2009-04-27 01:00:00,832.8726747634023
2009-04-28 01:00:00,833.8300618589782
2009-04-29 01:00:00,834.7521751480501
2009-04-30 01:00:00,835.6427022236372
2009-05-01 01:00:00,836.525008077278
2009-05-03 01:00:00,838.4182420089992
2009-05-04 01:00:00,839.5081396668587
2009-05-05 01:00:00,840.7303735004976
2009-05-06 01:00:00,842.0918701431481
2009-05-07 01:00:00,843.5811427409277
2009-05-08 01:00:00,845.1710837193808
2009-05-10 01:00:00,848.5012863525772
2009-05-11 01:00:00,850.1651141003474
2009-05-12 01:00:00,851.7894487044417
2009-05-13 01:00:00,853.3610287749835
2009-05-14 01:00:00,854.881175870463
2009-05-15 01:00:00,856.3648062452643
2009-05-17 01:00:00,859.3309278585882
2009-05-18 01:00:00,860.8775964982284
2009-05-19 01:00:00,862.5048582445385
2009-05-20 01:00:00,864.22967204227
2009-05-21 01:00:00,866.0546592475224
2009-05-22 01:00:00,867.9666229064928
2009-05-24 01:00:00,871.9334778201886
2009-05-25 01:00:00,873.914771575628
2009-05-26 01:00:00,875.8521674891618
2009-05-27 01:00:00,877.7300724559572
2009-05-28 01:00:00,879.5507133111777
2009-05-29 01:00:00,881.3330038986879
2009-05-31 01:00:00,884.908400794906
2009-06-01 01:00:00,886.7666501830549
2009-06-02 01:00:00,888.7027041361692
2009-06-03 01:00:00,890.7234332113816
2009-06-04 01:00:00,892.821585274211
2009-06-05 01:00:00,894.9781546600306
2009-06-07 01:00:00,899.3587020690499
2009-06-08 01:00:00,901.528253707713
2009-06-09 01:00:00,903.6563055947831
2009-06-10 01:00:00,905.7329910121891
2009-06-11 01:00:00,907.7585232435094
2009-06-12 01:00:00,909.7425476807924
2009-06-14 01:00:00,913.6591468068611
2009-06-15 01:00:00,915.6360091787506
2009-06-16 01:00:00,917.6524888535254
2009-06-17 01:00:00,919.7218090965877
2009-06-18 01:00:00,921.848066331823
2009-06-19 01:00:00,924.0251856754495
2009-06-21 01:00:00,928.465027623012
2009-06-22 01:00:00,930.6838630331187
2009-06-23 01:00:00,932.8758437500805
2009-06-24 01:00:00,935.0306139764324
2009-06-25 01:00:00,937.1482874662524
2009-06-26 01:00:00,939.2386236221636
2009-06-28 01:00:00,943.405448317391
2009-06-29 01:00:00,945.5171532488291
2009-06-30 01:00:00,947.6641474823796
2009-07-01 01:00:00,949.8501286378915
2009-07-02 01:00:00,952.0716840940731
2009-07-03 01:00:00,954.3198498990712
2009-07-05 01:00:00,958.8470998804406
2009-07-06 01:00:00,961.1027525233355
2009-07-07 01:00:00,963.3420636951906
2009-07-08 01:00:00,965.5618109948596
2009-07-09 01:00:00,967.7629734602845
2009-07-10 01:00:00,969.9500747020709
2009-07-12 01:00:00,974.3107910329846
2009-07-13 01:00:00,976.4997419918822
2009-07-14 01:00:00,978.7025157113268
2009-07-15 01:00:00,980.9220062647462
2009-07-16 01:00:00,983.1580433797252
2009-07-17 01:00:00,985.4077584734299
2009-07-19 01:00:00,989.9297295084936
2009-07-20 01:00:00,992.1934775804069
2009-07-21 01:00:00,994.4563358937284
2009-07-22 01:00:00,996.7190831440635
2009-07-23 01:00:00,998.9842784759061
2009-07-24 01:00:00,1001.2548962091299
2009-07-26 01:00:00,1005.8186795648928
2009-07-27 01:00:00,1008.1099257186728
2009-07-28 01:00:00,1010.4031052923357
2009-07-29 01:00:00,1012.6940818358065
2009-07-30 01:00:00,1014.9795318998266
2009-07-31 01:00:00,1017.2580971725899
2009-08-02 01:00:00,1021.802318407699
2009-08-03 01:00:00,1024.077999070655
2009-08-04 01:00:00,1026.3653025971782
2009-08-05 01:00:00,1028.6712655280803
2009-08-06 01:00:00,1031.0013388156983
2009-08-07 01:00:00,1033.3581109236131
2009-08-09 01:00:00,1038.1428025861233
2009-08-10 01:00:00,1040.556270839663
2009-08-11 01:00:00,1042.969199923563
2009-08-12 01:00:00,1045.3695980560694
2009-08-13 01:00:00,1047.7476621602566
2009-08-14 01:00:00,1050.0983682888418
2009-08-16 01:00:00,1054.7317546546778
2009-08-17 01:00:00,1057.0384655077469
2009-08-18 01:00:00,1059.361646159261
2009-08-19 01:00:00,1061.7182872271649
2009-08-20 01:00:00,1064.1198614805216
2009-08-21 01:00:00,1066.5690167107114
2009-08-23 01:00:00,1071.572338413979
2009-08-24 01:00:00,1074.0898148534748
2009-08-25 01:00:00,1076.5897755123342
2009-08-26 01:00:00,1079.0554838624234
2009-08-27 01:00:00,1080.0
2009-08-28 01:00:00,1080.0
2009-08-30 01:00:00,1080.0
2009-08-31 01:00:00,1080.0
2009-09-01 01:00:00,1080.0
2009-09-02 01:00:00,1080.0
2009-09-03 01:00:00,1080.0
2009-09-04 01:00:00,1080.0
2009-09-06 01:00:00,1080.0
2009-09-07 01:00:00,1080.0
2009-09-08 01:00:00,1080.0
2009-09-09 01:00:00,1080.0
2009-09-10 01:00:00,1080.0
2009-09-11 01:00:00,1080.0
2009-09-13 01:00:00,1075.5093889395919
2009-09-14 01:00:00,1072.9030743490778
2009-09-15 01:00:00,1070.2995201785302
2009-09-16 01:00:00,1067.508609979771
2009-09-17 01:00:00,1064.581422939947
2009-09-18 01:00:00,1061.6574821935249
2009-09-20 01:00:00,1055.8203136676798
2009-09-21 01:00:00,1052.9075449149493
2009-09-22 01:00:00,1049.998936158779
2009-09-23 01:00:00,1047.0946817734412
2009-09-24 01:00:00,1044.194962981719
2009-09-25 01:00:00,1041.299949420778
2009-09-27 01:00:00,1035.5246675590147
2009-09-28 01:00:00,1032.644692980361
2009-09-29 01:00:00,1029.7700125371696
2009-09-30 01:00:00,1026.9007548287932
2009-10-01 01:00:00,1024.037041709424
2009-10-02 01:00:00,1021.1789885986292
2009-10-04 01:00:00,1015.4802954861946
2009-10-05 01:00:00,1012.6398603284363
2009-10-06 01:00:00,1009.8054988478897
2009-10-07 01:00:00,1006.9773095077398
2009-10-08 01:00:00,1004.1553928350354
2009-10-09 01:00:00,1001.3398530601761
2009-10-11 01:00:00,992.8386638495243
2009-10-12 01:00:00,987.4972230777418
2009-10-13 01:00:00,982.1619237523452
2009-10-14 01:00:00,978.1590697492929
2009-10-15 01:00:00,975.0800010714051
2009-10-16 01:00:00,972.0100810720793
2009-10-18 01:00:00,965.8985032837069
2009-10-19 01:00:00,962.8572349371126
2009-10-20 01:00:00,959.8258889655667
2009-10-21 01:00:00,956.8046316236768
2009-10-22 01:00:00,953.7936168627696
2009-10-23 01:00:00,950.7929871621486
2009-10-25 01:00:00,944.8234026324889
2009-10-26 00:00:00,941.9785177944988
2009-10-27 00:00:00,939.0202087004211
2009-10-28 00:00:00,936.0728592178243
2009-10-29 00:00:00,933.1365634762388
2009-10-30 00:00:00,930.2114088771937
2009-11-01 00:00:00,924.394840462349
2009-11-02 00:00:00,921.503571214058
2009-11-03 00:00:00,918.6237349879267
2009-11-04 00:00:00,915.7553973251468
2009-11-05 00:00:00,912.8986256788022
2009-11-06 00:00:00,910.0534922276942
2009-11-08 00:00:00,904.398464851434
2009-11-09 00:00:00,901.5887542246093
2009-11-10 00:00:00,898.7910476337552
2009-11-11 00:00:00,896.0054542984019
2009-11-12 00:00:00,893.2320871265683
2009-11-13 00:00:00,890.4710603200513
2009-11-15 00:00:00,884.98647644414
2009-11-16 00:00:00,882.263132783865
2009-11-17 00:00:00,879.5525525263299
2009-11-18 00:00:00,876.8548238315351
2009-11-19 00:00:00,874.1700259212348
2009-11-20 00:00:00,871.4982291206184
2009-11-22 00:00:00,866.1938785781282
2009-11-23 00:00:00,863.5614259422122
2009-11-24 00:00:00,860.9421779164193
2009-11-25 00:00:00,858.3361689156943
2009-11-26 00:00:00,855.7434274357338
2009-11-27 00:00:00,853.1639760523198
2009-11-29 00:00:00,848.0450039960219
2009-11-30 00:00:00,845.5054990148012
2009-12-01 00:00:00,842.9793168609432
2009-12-02 00:00:00,840.466455151816
2009-12-03 00:00:00,837.9669112729443
2009-12-04 00:00:00,835.4806854280207
2009-12-06 00:00:00,830.5482190170569
2009-12-07 00:00:00,828.1020136741886
2009-12-08 00:00:00,825.6691965052541
2009-12-09 00:00:00,823.2498020078341
2009-12-10 00:00:00,820.8438678432962
2009-12-11 00:00:00,818.4514325352069
2009-12-13 00:00:00,813.7072050767185
2009-12-14 00:00:00,811.3554777950711
2009-12-15 00:00:00,809.017376725476
2009-12-16 00:00:00,806.692921019445
2009-12-17 00:00:00,804.3821233370614
2009-12-18 00:00:00,802.0849895919877
2009-12-20 00:00:00,797.5317039602878
2009-12-21 00:00:00,795.2755309212748
2009-12-22 00:00:00,793.032980137502
2009-12-23 00:00:00,790.8040262355842
2009-12-24 00:00:00,788.588638351031
2009-12-25 00:00:00,786.386780180029
2009-12-27 00:00:00,782.0234802500378
2009-12-28 00:00:00,779.8619381754952
2009-12-29 00:00:00,777.71372548745
2009-12-30 00:00:00,775.5787795403965
2009-12-31 00:00:00,773.4570348592667
2010-01-01 00:00:00,771.3484254489559
2010-01-03 00:00:00,767.1703614606711
2010-01-04 00:00:00,765.1007937883497
2010-01-05 00:00:00,763.0441363521279
2010-01-06 00:00:00,761.0003446722671
2010-01-07 00:00:00,758.9693768723811
2010-01-08 00:00:00,756.9511909385734
2010-01-10 00:00:00,752.9529855863778
2010-01-11 00:00:00,750.9728674979174
2010-01-12 00:00:00,750.1799625613072
2010-01-13 00:00:00,750.7369836429416
2010-01-14 00:00:00,751.3050698921373
2010-01-15 00:00:00,751.8879564487502
2010-01-17 00:00:00,753.1133692619942
2010-01-18 00:00:00,753.7602572464348
2010-01-19 00:00:00,754.4289274380388
2010-01-20 00:00:00,755.1151829486649
2010-01-21 00:00:00,755.8125371122455
2010-01-22 00:00:00,756.5133792661973
2010-01-24 00:00:00,757.8997584323432
2010-01-25 00:00:00,758.5801542190957
2010-01-26 00:00:00,759.2563405322661
2010-01-27 00:00:00,759.9376306465842
2010-01-28 00:00:00,760.6365678884447
2010-01-29 00:00:00,761.3661417539367
2010-01-31 00:00:00,762.9512910402946
2010-02-01 00:00:00,763.8069118647852
2010-02-02 00:00:00,764.691652676613
2010-02-03 00:00:00,765.5887843422398
2010-02-04 00:00:00,766.4802596214055
2010-02-05 00:00:00,767.3511157685659
2010-02-07 00:00:00,769.0059615687129
2010-02-08 00:00:00,769.7986566078862
2010-02-09 00:00:00,770.5865330677165
2010-02-10 00:00:00,771.3890641918239
2010-02-11 00:00:00,772.2263215181755
2010-02-12 00:00:00,773.1155761143207
2010-02-14 00:00:00,775.0882372575076
2010-02-15 00:00:00,776.169841915241
2010-02-16 00:00:00,777.2989661216393
2010-02-17 00:00:00,778.4542769733719
2010-02-18 00:00:00,781.4515784675676
2010-02-19 00:00:00,784.603868005797
2010-02-21 00:00:00,790.758207908102
2010-02-22 00:00:00,793.7494976699774
2010-02-23 00:00:00,796.6975292311408
2010-02-24 00:00:00,799.6272667051848
2010-02-25 00:00:00,802.5703223610544
2010-02-26 00:00:00,805.5583259316813
2010-02-28 00:00:00,811.7524694584921
2010-03-01 00:00:00,814.9627638233521
2010-03-02 00:00:00,818.2239202651317
2010-03-03 00:00:00,821.5027890589905
2010-03-04 00:00:00,824.7634253563571
2010-03-05 00:00:00,829.956949787068
2010-03-07 00:00:00,840.9351675440737
2010-03-08 00:00:00,846.3326281962363
2010-03-09 00:00:00,851.6984623572434
2010-03-10 00:00:00,855.313390388297
2010-03-11 00:00:00,858.0751034247289
2010-03-12 00:00:00,860.900078403313
2010-03-14 00:00:00,866.8075437149105
2010-03-15 00:00:00,869.8906639775837
2010-03-16 00:00:00,873.0371605274299
2010-03-17 00:00:00,876.2153630240689
2010-03-18 00:00:00,879.3873431674572
2010-03-19 00:00:00,882.5152399203698
2010-03-21 00:00:00,888.5281587695592
2010-03-22 00:00:00,891.3946108337404
2010-03-23 00:00:00,894.184850736736
2010-03-24 00:00:00,896.9316307902485
2010-03-25 00:00:00,899.6769257573783
2010-03-26 00:00:00,902.4632498120386
2010-03-28 00:00:00,908.2765240882277
2010-03-29 01:00:00,911.4439361240907
2010-03-30 01:00:00,914.547003990253
2010-03-31 01:00:00,917.6713003597663
2010-04-01 01:00:00,920.7730512836357
2010-04-02 01:00:00,923.8142794650444
2010-04-04 01:00:00,929.6366380328502
2010-04-05 01:00:00,932.4235109023914
2010-04-06 01:00:00,935.1579962405016
2010-04-07 01:00:00,937.8756817917556
2010-04-08 01:00:00,940.6146193699253
2010-04-09 01:00:00,943.4087735075739
2010-04-11 01:00:00,949.245803115188
2010-04-12 01:00:00,952.2936592554738
2010-04-13 01:00:00,955.4051900784467
2010-04-14 01:00:00,958.5473923271722
2010-04-15 01:00:00,961.6803899437007
2010-04-16 01:00:00,964.7643823976342
2010-04-18 01:00:00,970.6695843606876
2010-04-19 01:00:00,973.471240454199
2010-04-20 01:00:00,976.1893276867384
2010-04-21 01:00:00,978.8563805557794
2010-04-22 01:00:00,981.5136305913763
2010-04-23 01:00:00,984.2023576981185
2010-04-25 01:00:00,989.7874535656442
2010-04-26 01:00:00,992.6964980141647
2010-04-27 01:00:00,995.6295036652008
2010-04-28 01:00:00,998.4125058159099
2010-04-29 01:00:00,1001.1790813545897
2010-04-30 01:00:00,1003.8941358195173
2010-05-02 01:00:00,1009.0898496001524
2010-05-03 01:00:00,1011.5690470105494
2010-05-04 01:00:00,1013.991768499321
2010-05-05 01:00:00,1016.3870265507686
2010-05-06 01:00:00,1018.787139915958
2010-05-07 01:00:00,1021.2221510139317
2010-05-09 01:00:00,1026.2769806159884
2010-05-10 01:00:00,1028.9073305159422
2010-05-11 01:00:00,1031.5917774783368
2010-05-12 01:00:00,1034.305690536729
2010-05-13 01:00:00,1037.0182439759906
2010-05-14 01:00:00,1039.6980451456893
2010-05-16 01:00:00,1044.8658952765643
2010-05-17 01:00:00,1047.3366517110185
2010-05-18 01:00:00,1049.7436390912437
2010-05-19 01:00:00,1052.110672562385
2010-05-20 01:00:00,1054.46798273217
2010-05-21 01:00:00,1056.8456711627573
2010-05-23 01:00:00,1061.744008801395
2010-05-24 01:00:00,1063.977566673547
2010-05-25 01:00:00,1066.2009022497753
2010-05-26 01:00:00,1068.4476117674149
2010-05-27 01:00:00,1070.6918897050907
2010-05-28 01:00:00,1072.9105902444521
2010-05-30 01:00:00,1077.2159879424357
2010-05-31 01:00:00,1077.434838618814
2010-06-01 01:00:00,1077.1407478060278
2010-06-02 01:00:00,1076.8543177638267
2010-06-03 01:00:00,1076.5756085434218
2010-06-04 01:00:00,1076.3046804861115
2010-06-06 01:00:00,1075.7864094196132
2010-06-07 01:00:00,1075.5391868521353
2010-06-08 01:00:00,1075.2999860538403
2010-06-09 01:00:00,1075.1946887890995
2010-06-10 01:00:00,1075.1866364711798
2010-06-11 01:00:00,1075.1834982989747
2010-06-13 01:00:00,1075.1919702794999
2010-06-14 01:00:00,1075.2035765327882
2010-06-15 01:00:00,1075.220088405665
2010-06-16 01:00:00,1075.2414958166376
2010-06-17 01:00:00,1075.2677855687746
2010-06-18 01:00:00,1075.2989418122597
2010-06-20 01:00:00,1075.3757807403706
2010-06-21 01:00:00,1075.4214239258663
2010-06-22 01:00:00,1075.471855658037
2010-06-23 01:00:00,1075.527055390719
2010-06-24 01:00:00,1075.587002830845
2010-06-25 01:00:00,1075.6516780894922
2010-06-27 01:00:00,1075.7951347482724
2010-06-28 01:00:00,1075.8738784268837
2010-06-29 01:00:00,1075.9572742112955
2010-06-30 01:00:00,1076.0453035106227
2010-07-01 01:00:00,1076.137947523828
2010-07-02 01:00:00,1076.2351870842017
2010-07-04 01:00:00,1076.4433736320957
2010-07-05 01:00:00,1076.5542794652747
2010-07-06 01:00:00,1076.6696983686077
2010-07-07 01:00:00,1076.7896077970777
2010-07-08 01:00:00,1076.9139841318972
2010-07-09 01:00:00,1077.0428023854283
2010-07-11 01:00:00,1077.3136553522227
2010-07-12 01:00:00,1077.455629316105
2010-07-13 01:00:00,1077.6019229202952
2010-07-14 01:00:00,1077.7524983422056
2010-07-15 01:00:00,1077.9073150376862
2010-07-16 01:00:00,1078.0663303687502
2010-07-18 01:00:00,1078.3967804756571
2010-07-19 01:00:00,1078.5681260998028
2010-07-20 01:00:00,1078.7434930128998
2010-07-21 01:00:00,1078.922837554208
2010-07-22 01:00:00,1079.1061167156213
2010-07-23 01:00:00,1079.293288142203
2010-07-25 01:00:00,1079.6791412861376
2010-07-26 01:00:00,1079.8777409134943
2010-07-27 01:00:00,1080.0
2010-07-28 01:00:00,1080.0
2010-07-29 01:00:00,1080.0
2010-07-30 01:00:00,1080.0
2010-08-01 01:00:00,1080.0
2010-08-02 01:00:00,1080.0
2010-08-03 01:00:00,1080.0
2010-08-04 01:00:00,1080.0
2010-08-05 01:00:00,1080.0
2010-08-06 01:00:00,1080.0
2010-08-08 01:00:00,1078.492404391008
2010-08-09 01:00:00,1076.9693357414433
2010-08-10 01:00:00,1076.5936138812594
2010-08-11 01:00:00,1074.189870467733
2010-08-12 01:00:00,1071.7872984353246
2010-08-13 01:00:00,1069.386411650409
2010-08-15 01:00:00,1064.5918667772848
2010-08-16 01:00:00,1062.199334251174
2010-08-17 01:00:00,1059.7307764443074
2010-08-18 01:00:00,1056.9769466679386
2010-08-19 01:00:00,1054.2211961762166
2010-08-20 01:00:00,1051.4642652829348
2010-08-22 01:00:00,1045.9498993797274
2010-08-23 01:00:00,1043.1940266199579
2010-08-24 01:00:00,1040.4401016557936
2010-08-25 01:00:00,1037.688957649501
2010-08-26 01:00:00,1034.9414520408777
2010-08-27 01:00:00,1032.198468646945
2010-08-29 01:00:00,1026.7297489678815
2010-08-30 01:00:00,1024.00593242994
2010-08-31 01:00:00,1021.2904824555981
2010-09-01 01:00:00,1018.58444980546
2010-09-02 01:00:00,1015.8889272803417
2010-09-03 01:00:00,1013.2050542961988
2010-09-05 01:00:00,1007.8770858714416
2010-09-06 01:00:00,1005.2355651705379
2010-09-07 01:00:00,1002.6108615637067
2010-09-08 01:00:00,1000.004460871703
2010-09-09 01:00:00,997.4179356511229
2010-09-10 01:00:00,994.8529405818672
2010-09-12 01:00:00,989.7945099491105
2010-09-13 01:00:00,987.3047004576017
2010-09-14 01:00:00,984.8436564192402
2010-09-15 01:00:00,982.4133010425879
2010-09-16 01:00:00,980.0155986138716
2010-09-17 01:00:00,977.6525559322076
2010-09-19 01:00:00,973.0386993273149
2010-09-20 01:00:00,970.9749042226763
2010-09-21 01:00:00,968.9583556981589
2010-09-22 01:00:00,966.9872061295779
2010-09-23 01:00:00,965.0635650472173
2010-09-24 01:00:00,963.1895814129145
2010-09-26 01:00:00,959.5993588422524
2010-09-27 01:00:00,957.887581775961
2010-09-28 01:00:00,956.2343758135976
2010-09-29 01:00:00,954.6420234163025
2010-09-30 01:00:00,953.1128155939875
2010-10-01 01:00:00,951.6490439997475
2010-10-03 01:00:00,948.9269284469215
2010-10-04 01:00:00,947.6730929613188
2010-10-05 01:00:00,946.4936895295948
2010-10-06 01:00:00,945.3908678739672
2010-10-07 01:00:00,944.3667001073019
2010-10-08 01:00:00,943.4231461853176
2010-10-10 01:00:00,941.7848746896407
2010-10-11 01:00:00,941.093063475267
2010-10-12 01:00:00,940.4875611521057
2010-10-13 01:00:00,939.9689684936326
2010-10-14 01:00:00,939.5374486571377
2010-10-15 01:00:00,939.1926791302959
2010-10-17 01:00:00,938.7594065678475
2010-10-18 01:00:00,938.6674437940922
2010-10-19 01:00:00,938.6552433641001
2010-10-20 01:00:00,938.7194663475921
2010-10-21 01:00:00,938.8560973212932
2010-10-22 01:00:00,939.0604445307537
2010-10-24 01:00:00,939.6502469847621
2010-10-25 01:00:00,940.0231584786461
2010-10-26 01:00:00,940.4388152998802
2010-10-27 01:00:00,940.8897139429893
2010-10-28 01:00:00,941.368019174771
2010-10-29 01:00:00,941.8656726082108
2010-10-31 01:00:00,942.8863736775061
2010-11-01 00:00:00,943.3730425796126
2010-11-02 00:00:00,943.8678597439019
2010-11-03 00:00:00,944.342754515173
2010-11-04 00:00:00,944.7906857620081
2010-11-05 00:00:00,945.205095266244
2010-11-07 00:00:00,945.9097798050196
2010-11-08 00:00:00,946.1896730803546
2010-11-09 00:00:00,946.4153051565845
2010-11-10 00:00:00,946.5829314120666
2010-11-11 00:00:00,946.6893873131121
2010-11-12 00:00:00,946.7320801015725
2010-11-14 00:00:00,946.6185614802744
2010-11-15 00:00:00,946.4598427345916
2010-11-16 00:00:00,946.2322790127515
2010-11-17 00:00:00,945.9357573921201
2010-11-18 00:00:00,945.5705474371864
2010-11-19 00:00:00,945.1372587236449
2010-11-21 00:00:00,944.0703398883566
2010-11-22 00:00:00,943.4392740438216
2010-11-23 00:00:00,942.7451921916386
2010-11-24 00:00:00,941.9898515770193
2010-11-25 00:00:00,941.1751519482092
2010-11-26 00:00:00,940.3031124844182
2010-11-28 00:00:00,938.3955552811243
2010-11-29 00:00:00,937.3644752933609
2010-11-30 00:00:00,936.284888179236
2010-12-01 00:00:00,935.15908431136
2010-12-02 00:00:00,933.9893456343917
2010-12-03 00:00:00,932.7779261819637
2010-12-05 00:00:00,930.2388150388485
2010-12-06 00:00:00,928.9153412940151
2010-12-07 00:00:00,927.5586021396091
2010-12-08 00:00:00,926.1705009748363
2010-12-09 00:00:00,924.7528553897658
2010-12-10 00:00:00,923.307400052469
2010-12-12 00:00:00,920.339609685159
2010-12-13 00:00:00,918.820367779176
2010-12-14 00:00:00,917.2795096500847
2010-12-15 00:00:00,915.7184153541191
2010-12-16 00:00:00,914.1384026640882
2010-12-17 00:00:00,912.5407290532172
2010-12-19 00:00:00,909.2971418169251
2010-12-20 00:00:00,907.6534661385182
2010-12-21 00:00:00,905.9966150734377
2010-12-22 00:00:00,904.3275980578245
2010-12-23 00:00:00,902.6473930529279
2010-12-24 00:00:00,900.9569532392449
2010-12-26 00:00:00,897.5490851723711
2010-12-27 00:00:00,895.8334709729298
2010-12-28 00:00:00,894.111247289163
2010-12-29 00:00:00,892.3832672242514
2010-12-30 00:00:00,890.6503553548231
2010-12-31 00:00:00,888.9133031242534
2011-01-02 00:00:00,885.4297554053983
2011-01-03 00:00:00,883.6846463544553
2011-01-04 00:00:00,881.9381671958485
2011-01-05 00:00:00,880.303455409936
2011-01-06 00:00:00,878.7950829833691
2011-01-07 00:00:00,877.2901370682765
2011-01-09 00:00:00,874.2921329146611
2011-01-10 00:00:00,872.7997976506581
2011-01-11 00:00:00,871.3123406337197
2011-01-12 00:00:00,869.8300543838244
2011-01-13 00:00:00,868.3532072152159
2011-01-14 00:00:00,866.8820444300204
2011-01-16 00:00:00,863.9576446877663
2011-01-17 00:00:00,862.5047942691833
2011-01-18 00:00:00,861.0584062136018
2011-01-19 00:00:00,859.6186371496095
2011-01-20 00:00:00,858.1856377107724
2011-01-21 00:00:00,856.7595584074043
2011-01-23 00:00:00,853.9287890161467
2011-01-24 00:00:00,852.5244316205951
2011-01-25 00:00:00,851.1276561275206
2011-01-26 00:00:00,849.7386352226101
2011-01-27 00:00:00,848.3575352443335
2011-01-28 00:00:00,846.984511511833
2011-01-30 00:00:00,844.2632386082254
2011-01-31 00:00:00,842.9152181557215
2011-02-01 00:00:00,841.5757290341259
2011-02-02 00:00:00,840.24483721113
2011-02-03 00:00:00,838.9225891932397
2011-02-04 00:00:00,837.6090126507416
2011-02-06 00:00:00,835.4736584085477
2011-02-07 00:00:00,836.7539527121809
2011-02-08 00:00:00,838.0067834222803
2011-02-09 00:00:00,839.211214341381
2011-02-10 00:00:00,840.3568189495707
2011-02-11 00:00:00,841.4459483749965
2011-02-13 00:00:00,843.5268438042615
2011-02-14 00:00:00,844.5774541699112
2011-02-15 00:00:00,845.6790136565074
2011-02-16 00:00:00,846.8585172757448
2011-02-17 00:00:00,848.1302209596198
2011-02-18 00:00:00,849.4912378857797
2011-02-20 00:00:00,852.384373832339
2011-02-21 00:00:00,853.841332107171
2011-02-22 00:00:00,855.2555286022574
2011-02-23 00:00:00,856.6039869881153
2011-02-24 00:00:00,857.8824674416221
2011-02-25 00:00:00,859.1057157719225
2011-02-27 00:00:00,861.5143802467239
2011-02-28 00:00:00,862.7767123578824
2011-03-01 00:00:00,864.1226174689723
2011-03-02 00:00:00,865.57187562092
2011-03-03 00:00:00,867.1288469921293
2011-03-04 00:00:00,868.781866353047
2011-03-06 00:00:00,872.2630230394568
2011-03-07 00:00:00,874.0153760096637
2011-03-08 00:00:00,875.7242987924225
2011-03-09 00:00:00,877.3601223464194
2011-03-10 00:00:00,878.9063706605413
2011-03-11 00:00:00,880.3626638147025
2011-03-13 00:00:00,883.0837735799431
2011-03-14 00:00:00,884.4180120211771
2011-03-15 00:00:00,885.7890784274346
2011-03-16 00:00:00,887.2320415077697
2011-03-17 00:00:00,888.7678385180709
2011-03-18 00:00:00,890.3976005564482
2011-03-20 00:00:00,893.841159301509
2011-03-21 00:00:00,895.5717977040766
2011-03-22 00:00:00,897.2508558048936
2011-03-23 00:00:00,898.84987617069
2011-03-24 00:00:00,900.3607293510158
2011-03-25 00:00:00,901.7963439920377
2011-03-27 00:00:00,904.5709262346991
2011-03-28 01:00:00,906.050541763138
2011-03-29 01:00:00,907.4362202375518
2011-03-30 01:00:00,908.3820931179639
2011-03-31 01:00:00,909.4243264048495
2011-04-01 01:00:00,910.5522761184162
2011-04-03 01:00:00,912.9562582589632
2011-04-04 01:00:00,914.1588201278968
2011-04-05 01:00:00,915.312137866018
2011-04-06 01:00:00,916.3874573471799
2011-04-07 01:00:00,917.36847755875
2011-04-08 01:00:00,918.2539134932609
2011-04-10 01:00:00,919.8068833004752
2011-04-11 01:00:00,920.5368605900229
2011-04-12 01:00:00,921.2852418436307
2011-04-13 01:00:00,922.0843987551875
2011-04-14 01:00:00,922.9545174190376
2011-04-15 01:00:00,923.898674829415
2011-04-17 01:00:00,925.9328574787369
2011-04-18 01:00:00,926.9546100172006
2011-04-19 01:00:00,927.9307956839209
2011-04-20 01:00:00,928.8361593171466
2011-04-21 01:00:00,929.6615142050647
2011-04-22 01:00:00,930.4147610324779
2011-04-24 01:00:00,933.9846837753914
2011-04-25 01:00:00,936.9993817489899
2011-04-26 01:00:00,940.0548647003671
2011-04-27 01:00:00,943.1695147081913
2011-04-28 01:00:00,946.3498698190896
2011-04-29 01:00:00,949.590126193501
2011-05-01 01:00:00,956.0688384801728
2011-05-02 01:00:00,956.8141663955018
2011-05-03 01:00:00,957.5269390702388
2011-05-04 01:00:00,958.1865283282868
2011-05-05 01:00:00,958.7808948770739
2011-05-06 01:00:00,959.3083309055335
2011-05-08 01:00:00,960.2061458712438
2011-05-09 01:00:00,960.6173656960458
2011-05-10 01:00:00,961.0358969250545
2011-05-11 01:00:00,961.4830216082057
2011-05-12 01:00:00,962.8227431936887
2011-05-13 01:00:00,965.3270191864725
2011-05-15 01:00:00,970.4335350533845
2011-05-16 01:00:00,972.9968115452032
2011-05-17 01:00:00,975.5387329356898
2011-05-18 01:00:00,978.0442135622567
2011-05-19 01:00:00,980.5069103473442
2011-05-20 01:00:00,982.929728141783
2011-05-22 01:00:00,987.7024450142889
2011-05-23 01:00:00,990.0837229750839
2011-05-24 01:00:00,992.4811606117504
2011-05-25 01:00:00,994.9044116511842
2011-05-26 01:00:00,997.3573736333198
2011-05-27 01:00:00,999.8380775982114
2011-05-29 01:00:00,1004.8519660632033
2011-05-30 01:00:00,1007.3638897010371
2011-05-31 01:00:00,1009.8652053743873
2011-06-01 01:00:00,1012.3483884995551
2011-06-02 01:00:00,1014.8096821206542
2011-06-03 01:00:00,1017.2494384933304
2011-06-05 01:00:00,1022.0829964047683
2011-06-06 01:00:00,1024.4909702468276
2011-06-07 01:00:00,1026.9025208507107
2011-06-08 01:00:00,1029.3224237806617
2011-06-09 01:00:00,1031.7524321073508
2011-06-10 01:00:00,1034.1913519719187
2011-06-12 01:00:00,1039.0817677540988
2011-06-13 01:00:00,1041.5257977499605
2011-06-14 01:00:00,1043.9663969291346
2011-06-15 01:00:00,1046.4042177470535
2011-06-16 01:00:00,1048.8416618037668
2011-06-17 01:00:00,1051.2818663617993
2011-06-19 01:00:00,1056.1796798247765
2011-06-20 01:00:00,1058.6374990247934
2011-06-21 01:00:00,1061.0979377826723
2011-06-22 01:00:00,1063.5565301117388
2011-06-23 01:00:00,1066.008409314564
2011-06-24 01:00:00,1068.449559947109
2011-06-26 01:00:00,1073.2945854952964
2011-06-27 01:00:00,1075.703366612707
2011-06-28 01:00:00,1078.11114316038
2011-06-29 01:00:00,1080.0
2011-06-30 01:00:00,1080.0
2011-07-01 01:00:00,1080.0
2011-07-03 01:00:00,1080.0
2011-07-04 01:00:00,1080.0
2011-07-05 01:00:00,1080.0
2011-07-06 01:00:00,1080.0
2011-07-07 01:00:00,1080.0
2011-07-08 01:00:00,1080.0
2011-07-10 01:00:00,1080.0
2011-07-11 01:00:00,1080.0
2011-07-12 01:00:00,1080.0
2011-07-13 01:00:00,1080.0
2011-07-14 01:00:00,1080.0
2011-07-15 01:00:00,1080.0
2011-07-17 01:00:00,1080.0
2011-07-18 01:00:00,1080.0
2011-07-19 01:00:00,1080.0
2011-07-20 01:00:00,1080.0
2011-07-21 01:00:00,1080.0
2011-07-22 01:00:00,1080.0
2011-07-24 01:00:00,1080.0
2011-07-25 01:00:00,1080.0
2011-07-26 01:00:00,1080.0
2011-07-27 01:00:00,1080.0
2011-07-28 01:00:00,1080.0
2011-07-29 01:00:00,1080.0
2011-07-31 01:00:00,1080.0
2011-08-01 01:00:00,1080.0
2011-08-02 01:00:00,1080.0
2011-08-03 01:00:00,1080.0
2011-08-04 01:00:00,1080.0
2011-08-05 01:00:00,1080.0
2011-08-07 01:00:00,1080.0
2011-08-08 01:00:00,1080.0
2011-08-09 01:00:00,1080.0
2011-08-10 01:00:00,1080.0
2011-08-11 01:00:00,1080.0
2011-08-12 01:00:00,1080.0
2011-08-14 01:00:00,1080.0
2011-08-15 01:00:00,1080.0
2011-08-16 01:00:00,1080.0
2011-08-17 01:00:00,1080.0
2011-08-18 01:00:00,1080.0
2011-08-19 01:00:00,1080.0
2011-08-21 01:00:00,1080.0
2011-08-22 01:00:00,1080.0
2011-08-23 01:00:00,1080.0
2011-08-24 01:00:00,1080.0
2011-08-25 01:00:00,1080.0
2011-08-26 01:00:00,1080.0
2011-08-28 01:00:00,1080.0
2011-08-29 01:00:00,1080.0
2011-08-30 01:00:00,1080.0
2011-08-31 01:00:00,1080.0
2011-09-01 01:00:00,1080.0
2011-09-02 01:00:00,1080.0
2011-09-04 01:00:00,1080.0
2011-09-05 01:00:00,1080.0
2011-09-06 01:00:00,1080.0
2011-09-07 01:00:00,1080.0
2011-09-08 01:00:00,1080.0
2011-09-09 01:00:00,1080.0
2011-09-11 01:00:00,1080.0
2011-09-12 01:00:00,1080.0
2011-09-13 01:00:00,1080.0
2011-09-14 01:00:00,1080.0
2011-09-15 01:00:00,1080.0
2011-09-16 01:00:00,1080.0
2011-09-18 01:00:00,1078.4828203584807
2011-09-19 01:00:00,1075.9184378882305
2011-09-20 01:00:00,1073.3535500490132
2011-09-21 01:00:00,1070.7881912366736
2011-09-22 01:00:00,1068.2223984526383
2011-09-23 01:00:00,1065.6562121032914
2011-09-25 01:00:00,1060.5228435396132
2011-09-26 01:00:00,1057.9557683445605
2011-09-27 01:00:00,1055.388514599794
2011-09-28 01:00:00,1052.8211509514701
2011-09-29 01:00:00,1050.2537493169516
2011-09-30 01:00:00,1047.8068572184743
2011-10-02 01:00:00,1047.164089394153
2011-10-03 01:00:00,1046.84237263827
2011-10-04 01:00:00,1046.5205305350203
2011-10-05 01:00:00,1046.1986333682783
2011-10-06 01:00:00,1045.8767499999967
2011-10-07 01:00:00,1045.5549481257156
2011-10-09 01:00:00,1044.9118551303584
2011-10-10 01:00:00,1044.590695436045
2011-10-11 01:00:00,1044.2698803980431
2011-10-12 01:00:00,1043.9494746972432
2011-10-13 01:00:00,1043.6295428505969
2011-10-14 01:00:00,1043.3101493469355
2011-10-16 01:00:00,1039.7798079968484
2011-10-17 01:00:00,1036.719696217822
2011-10-18 01:00:00,1033.6579137668389
2011-10-19 01:00:00,1030.5947051156406
2011-10-20 01:00:00,1027.530320659404
2011-10-21 01:00:00,1024.4650177660246
2011-10-23 01:00:00,1018.3327298402397
2011-10-24 01:00:00,1015.2663084540781
2011-10-25 01:00:00,1012.2000988954691
2011-10-26 01:00:00,1009.1344149723601
2011-10-27 01:00:00,1006.069581287882
2011-10-28 01:00:00,1003.0059289629934
2011-10-30 01:00:00,996.8834922670756
2011-10-31 00:00:00,993.9527722103354
2011-11-01 00:00:00,990.8969965853873
2011-11-02 00:00:00,987.8439759833126
2011-11-03 00:00:00,984.7939990807907
2011-11-04 00:00:00,981.747345838683
2011-11-06 00:00:00,975.6650933846352
2011-11-07 00:00:00,972.6300197524415
2011-11-08 00:00:00,969.599321980303
2011-11-09 00:00:00,966.573248942309
2011-11-10 00:00:00,963.5520444403636
2011-11-11 00:00:00,960.5359474858716
2011-11-13 00:00:00,954.5200108297273
2011-11-14 00:00:00,951.8299881847643
2011-11-15 00:00:00,951.2771386480252
2011-11-16 00:00:00,950.7194569139486
2011-11-17 00:00:00,950.173024842861
2011-11-18 00:00:00,949.6514601707534
2011-11-20 00:00:00,948.7109883378445
2011-11-21 00:00:00,948.2895866664743
2011-11-22 00:00:00,947.8893288561876
2011-11-23 00:00:00,947.497790768866
2011-11-24 00:00:00,947.1033739553386
2011-11-25 00:00:00,946.6980204868096
2011-11-27 00:00:00,945.8491195351941
2011-11-28 00:00:00,945.4146577916961
2011-11-29 00:00:00,944.983834844812
2011-11-30 00:00:00,944.5642165191068
2011-12-01 00:00:00,944.1611003490865
2011-12-02 00:00:00,943.7767010686313
2011-12-04 00:00:00,943.0588820054355
2011-12-05 00:00:00,942.7187722747204
2011-12-06 00:00:00,942.386529396327
2011-12-07 00:00:00,942.0601879612251
2011-12-08 00:00:00,941.7397976697774
2011-12-09 00:00:00,941.4274403742484
2011-12-11 00:00:00,940.8417338452354
2011-12-12 00:00:00,940.5760432220457
2011-12-13 00:00:00,940.331342544373
2011-12-14 00:00:00,940.1066545547201
2011-12-15 00:00:00,939.8980194824524
2011-12-16 00:00:00,939.6990192532096
2011-12-18 00:00:00,939.3009262237539
2011-12-19 00:00:00,939.0918678745837
2011-12-20 00:00:00,938.8763841694881
2011-12-21 00:00:00,938.6611541350844
2011-12-22 00:00:00,938.4572764652435
2011-12-23 00:00:00,938.2778498461903
2011-12-26 00:00:00,937.9832779342219
2011-12-27 00:00:00,937.9702902530183
2011-12-28 00:00:00,937.985334724384
2011-12-29 00:00:00,938.0125960065136
2011-12-30 00:00:00,938.035574179295
2012-01-01 00:00:00,938.0187645969603
2012-01-02 00:00:00,937.9694785770334
2012-01-03 00:00:00,937.8991674851504
2012-01-04 00:00:00,937.8212778407404
2012-01-05 00:00:00,937.7540370305692
2012-01-06 00:00:00,937.7175327614457
2012-01-08 00:00:00,937.8060844897702
2012-01-09 00:00:00,937.9505618615653
2012-01-10 00:00:00,938.1597523873133
2012-01-11 00:00:00,938.4195375093711
2012-01-12 00:00:00,938.7074136986312
2012-01-13 00:00:00,938.9963296001429
2012-01-15 00:00:00,939.4799722624914
2012-01-16 00:00:00,939.6485455269406
2012-01-17 00:00:00,939.7733148773053
2012-01-18 00:00:00,939.875245458511
2012-01-19 00:00:00,939.9847117031445
2012-01-20 00:00:00,940.1349163308751
2012-01-22 00:00:00,940.6620373540851
2012-01-23 00:00:00,941.060554142308
2012-01-24 00:00:00,941.5383530968895
2012-01-25 00:00:00,942.0706900082675
2012-01-26 00:00:00,942.624935401572
2012-01-27 00:00:00,943.166925611909
2012-01-29 00:00:00,944.1070174645179
2012-01-30 00:00:00,944.4800776744618
2012-01-31 00:00:00,944.7948732245088
2012-02-01 00:00:00,945.0723739066829
2012-02-02 00:00:00,945.3426350875138
2012-02-03 00:00:00,945.6398182664623
2012-02-05 00:00:00,946.4374195554105
2012-02-06 00:00:00,946.9752422940171
2012-02-07 00:00:00,947.6064076417588
2012-02-08 00:00:00,948.3109092801504
2012-02-09 00:00:00,949.0549949542473
2012-02-10 00:00:00,949.7974365502968
2012-02-12 00:00:00,955.4037133391249
2012-02-13 00:00:00,958.1958655287057
2012-02-14 00:00:00,960.9094619229913
2012-02-15 00:00:00,963.5727676147956
2012-02-16 00:00:00,966.226701226277
2012-02-17 00:00:00,968.9158610277424
2012-02-19 00:00:00,974.5409103435311
2012-02-20 00:00:00,977.5080392088023
2012-02-21 00:00:00,980.5672693656414
2012-02-22 00:00:00,983.6890952562194
2012-02-23 00:00:00,986.8335765169023
2012-02-24 00:00:00,989.957972683292
2012-02-26 00:00:00,996.006277153675
2012-02-27 00:00:00,998.8921085362347
2012-02-28 00:00:00,1001.6870574582679
2012-02-29 00:00:00,1004.411483113458
2012-03-01 00:00:00,1007.0973164725053
2012-03-02 00:00:00,1009.7826646875935
2012-03-04 00:00:00,1015.296142656017
2012-03-05 00:00:00,1016.9392036292134
2012-03-06 00:00:00,1017.6051131674201
2012-03-07 00:00:00,1018.3441574262217
2012-03-08 00:00:00,1019.1224345124112
2012-03-09 00:00:00,1019.896825609539
2012-03-11 00:00:00,1021.273545011852
2012-03-12 00:00:00,1021.8298401709186
2012-03-13 00:00:00,1022.3013412857181
2012-03-14 00:00:00,1022.7151190578902
2012-03-15 00:00:00,1024.4072987374198
2012-03-16 00:00:00,1026.5410472110868
2012-03-18 00:00:00,1030.9852437809118
2012-03-19 00:00:00,1033.327018753999
2012-03-20 00:00:00,1035.73980074396
2012-03-21 00:00:00,1038.1974311516626
2012-03-22 00:00:00,1040.6641881769901
2012-03-23 00:00:00,1043.1015673432628
2012-03-25 00:00:00,1047.7590489441675
2012-03-26 01:00:00,1050.029711554443
2012-03-27 01:00:00,1052.1079305658905
2012-03-28 01:00:00,1054.10159928863
2012-03-29 01:00:00,1056.0361912802384
2012-03-30 01:00:00,1057.943074068735
2012-04-01 01:00:00,1061.7965727305493
2012-04-02 01:00:00,1063.7868842983905
2012-04-03 01:00:00,1065.8280226625586
2012-04-04 01:00:00,1067.907731995961
2012-04-05 01:00:00,1070.0005242083002
2012-04-06 01:00:00,1072.0728093065175
2012-04-08 01:00:00,1076.0268435047296
2012-04-09 01:00:00,1077.8689115468494
2012-04-10 01:00:00,1079.6199411252792
2012-04-11 01:00:00,1080.0
2012-04-12 01:00:00,1080.0
2012-04-13 01:00:00,1080.0
2012-04-15 01:00:00,1080.0
2012-04-16 01:00:00,1080.0
2012-04-17 01:00:00,1080.0
2012-04-18 01:00:00,1080.0
2012-04-19 01:00:00,1080.0
2012-04-20 01:00:00,1080.0
2012-04-22 01:00:00,1080.0
2012-04-23 01:00:00,1080.0
2012-04-24 01:00:00,1080.0
2012-04-25 01:00:00,1080.0
2012-04-26 01:00:00,1080.0
2012-04-27 01:00:00,1080.0
2012-04-29 01:00:00,1080.0
2012-04-30 01:00:00,1080.0
2012-05-01 01:00:00,1080.0
2012-05-02 01:00:00,1080.0
2012-05-03 01:00:00,1080.0
2012-05-04 01:00:00,1080.0
2012-05-06 01:00:00,1080.0
2012-05-07 01:00:00,1080.0
2012-05-08 01:00:00,1080.0
2012-05-09 01:00:00,1080.0
2012-05-10 01:00:00,1080.0
2012-05-11 01:00:00,1080.0
2012-05-13 01:00:00,1080.0
2012-05-14 01:00:00,1080.0
2012-05-15 01:00:00,1080.0
2012-05-16 01:00:00,1080.0
2012-05-17 01:00:00,1080.0
2012-05-18 01:00:00,1080.0
2012-05-20 01:00:00,1080.0
2012-05-21 01:00:00,1080.0
2012-05-22 01:00:00,1080.0
2012-05-23 01:00:00,1080.0
2012-05-24 01:00:00,1080.0
2012-05-25 01:00:00,1080.0
2012-05-27 01:00:00,1080.0
2012-05-28 01:00:00,1080.0
2012-05-29 01:00:00,1080.0
2012-05-30 01:00:00,1080.0
2012-05-31 01:00:00,1080.0
2012-06-01 01:00:00,1080.0
2012-06-03 01:00:00,1080.0
2012-06-04 01:00:00,1080.0
2012-06-05 01:00:00,1080.0
2012-06-06 01:00:00,1080.0
2012-06-07 01:00:00,1080.0
2012-06-08 01:00:00,1080.0
2012-06-10 01:00:00,1080.0
2012-06-11 01:00:00,1080.0
2012-06-12 01:00:00,1080.0
2012-06-13 01:00:00,1080.0
2012-06-14 01:00:00,1080.0
2012-06-15 01:00:00,1080.0
2012-06-17 01:00:00,1080.0
2012-06-18 01:00:00,1080.0
2012-06-19 01:00:00,1080.0
2012-06-20 01:00:00,1080.0
2012-06-21 01:00:00,1080.0
2012-06-22 01:00:00,1080.0
2012-06-24 01:00:00,1080.0
2012-06-25 01:00:00,1080.0
2012-06-26 01:00:00,1080.0
2012-06-27 01:00:00,1080.0
2012-06-28 01:00:00,1080.0
2012-06-29 01:00:00,1080.0
2012-07-01 01:00:00,1080.0
2012-07-02 01:00:00,1080.0
2012-07-03 01:00:00,1079.967782366769
2012-07-04 01:00:00,1079.420331760353
2012-07-05 01:00:00,1078.827383741959
2012-07-06 01:00:00,1078.2088408528668
2012-07-08 01:00:00,1076.9974141405253
2012-07-09 01:00:00,1076.4507698414723
2012-07-10 01:00:00,1075.9616851567096
2012-07-11 01:00:00,1075.5303055181562
2012-07-12 01:00:00,1075.1457468553203
2012-07-13 01:00:00,1074.7881540362769
2012-07-15 01:00:00,1074.0510588770478
2012-07-16 01:00:00,1073.621404829882
2012-07-17 01:00:00,1073.1269573867219
2012-07-18 01:00:00,1072.561932699221
2012-07-19 01:00:00,1071.932733024077
2012-07-20 01:00:00,1071.2577704339003
2012-07-22 01:00:00,1069.8874656579153
2012-07-23 01:00:00,1069.2566684419073
2012-07-24 01:00:00,1068.6962527543046
2012-07-25 01:00:00,1068.2162128200796
2012-07-26 01:00:00,1067.8099572060937
2012-07-27 01:00:00,1067.4550074531264
2012-07-29 01:00:00,1066.758472906089
2012-07-30 01:00:00,1066.3443708714615
2012-07-31 01:00:00,1065.852635639152
2012-08-01 01:00:00,1065.2777732879777
2012-08-02 01:00:00,1064.6322233347537
2012-08-03 01:00:00,1063.9434181316697
2012-08-05 01:00:00,1062.5822321809462
2012-08-06 01:00:00,1061.9781894152836
2012-08-07 01:00:00,1061.4544301495728
2012-08-08 01:00:00,1061.0148410206248
2012-08-09 01:00:00,1060.6481568590953
2012-08-10 01:00:00,1060.3303962025989
2012-08-12 01:00:00,1059.7093980169163
2012-08-13 01:00:00,1059.338844561935
2012-08-14 01:00:00,1058.8941245826143
2012-08-15 01:00:00,1058.3650056537438
2012-08-16 01:00:00,1057.7570556308451
2012-08-17 01:00:00,1057.0916435449842
2012-08-19 01:00:00,1055.7315950891193
2012-08-20 01:00:00,1055.117185117112
2012-08-21 01:00:00,1054.58912101421
2012-08-22 01:00:00,1054.160138725754
2012-08-23 01:00:00,1053.8229408461443
2012-08-24 01:00:00,1053.5513896918278
2012-08-26 01:00:00,1053.043390101823
2012-08-27 01:00:00,1052.7241679757885
2012-08-28 01:00:00,1052.3230050533682
2012-08-29 01:00:00,1051.8329468014317
2012-08-30 01:00:00,1051.2664871709637
2012-08-31 01:00:00,1050.6523172877132
2012-09-02 01:00:00,1049.4361543391421
2012-09-03 01:00:00,1048.908331271879
2012-09-04 01:00:00,1048.4676036247224
2012-09-05 01:00:00,1048.1211397199525
2012-09-06 01:00:00,1047.8606296609012
2012-09-07 01:00:00,1047.6643631864783
2012-09-09 01:00:00,1047.336127734423
2012-09-10 01:00:00,1047.1356361261548
2012-09-11 01:00:00,1046.8739832013478
2012-09-12 01:00:00,1046.537764333843
2012-09-13 01:00:00,1046.1289856185253
2012-09-14 01:00:00,1045.6654592403218
2012-09-16 01:00:00,1044.705032089324
2012-09-17 01:00:00,1044.2839715176146
2012-09-18 01:00:00,1043.9435995388394
2012-09-19 01:00:00,1043.6970700192724
2012-09-20 01:00:00,1043.5389022841762
2012-09-21 01:00:00,1043.4462691791218
2012-09-23 01:00:00,1043.3147464874423
2012-09-24 01:00:00,1043.2032302058637
2012-09-25 01:00:00,1043.027654890063
2012-09-26 01:00:00,1042.781601168261
2012-09-27 01:00:00,1042.4749035499565
2012-09-28 01:00:00,1042.1305972381901
2012-09-30 01:00:00,1041.4538846019198
2012-10-01 01:00:00,1041.1814967467324
2012-10-02 01:00:00,1040.981148820024
2012-10-03 01:00:00,1040.8602477688914
2012-10-04 01:00:00,1040.8144135489517
2012-10-05 01:00:00,1040.8288872952903
2012-10-07 01:00:00,1040.9456809710366
2012-10-08 01:00:00,1040.9962981671079
2012-10-09 01:00:00,1041.0123665840013
2012-10-10 01:00:00,1040.98148505913
2012-10-11 01:00:00,1040.9020987925694
2012-10-12 01:00:00,1040.784049013373
2012-10-14 01:00:00,1040.515820667832
2012-10-15 01:00:00,1040.416652281051
2012-10-16 01:00:00,1040.3696919896115
2012-10-17 01:00:00,1040.3852259330893
2012-10-18 01:00:00,1040.4612959165738
2012-10-19 01:00:00,1040.5845981413977
2012-10-21 01:00:00,1040.8863157047836
2012-10-22 01:00:00,1041.0208262467431
2012-10-23 01:00:00,1041.1243339141588
2012-10-24 01:00:00,1041.1928868452542
2012-10-25 01:00:00,1041.2316713833807
2012-10-26 01:00:00,1041.2528500215362
2012-10-28 01:00:00,1041.3062951622112
2012-10-29 00:00:00,1041.365010527435
2012-10-30 00:00:00,1041.4620381106968
2012-10-31 00:00:00,1041.5988585976131
2012-11-01 00:00:00,1041.7732697145846
2012-11-02 00:00:00,1041.756750330298
2012-11-04 00:00:00,1037.23115191218
2012-11-05 00:00:00,1034.9706559895963
2012-11-06 00:00:00,1032.7003721677072
2012-11-07 00:00:00,1030.4160008113533
2012-11-08 00:00:00,1028.1173559121921
2012-11-09 00:00:00,1025.8080545256087
2012-11-11 00:00:00,1021.1835609353375
2012-11-12 00:00:00,1018.8818514433889
2012-11-13 00:00:00,1016.5930138007924
2012-11-14 00:00:00,1014.3175506921347
2012-11-15 00:00:00,1012.0530110844252
2012-11-16 00:00:00,1009.7952623304132
2012-11-18 00:00:00,1005.284910042288
2012-11-19 00:00:00,1003.0293442930945
2012-11-20 00:00:00,1000.7753505214157
2012-11-21 00:00:00,998.5261787350797
2012-11-22 00:00:00,996.2850401004268
2012-11-23 00:00:00,994.0537716520711
2012-11-25 00:00:00,989.6164248927026
2012-11-26 00:00:00,987.4020438337761
2012-11-27 00:00:00,985.1822016792016
2012-11-28 00:00:00,985.0883924106438
2012-11-29 00:00:00,985.0990752730177
2012-11-30 00:00:00,985.0923004543284
2012-12-02 00:00:00,985.0336737810273
2012-12-03 00:00:00,984.9948802109855
2012-12-04 00:00:00,984.9632449236562
2012-12-05 00:00:00,984.9499545545158
2012-12-06 00:00:00,984.9642423813386
2012-12-07 00:00:00,985.0109110082159
2012-12-09 00:00:00,985.188105366689
2012-12-10 00:00:00,985.2952102244658
2012-12-11 00:00:00,985.3915096700962
2012-12-12 00:00:00,985.4594338470521
2012-12-13 00:00:00,985.6236315582992
2012-12-14 00:00:00,988.184017841296
2012-12-16 00:00:00,993.3103734054819
2012-12-17 00:00:00,995.8759225877287
2012-12-18 00:00:00,998.4427920679448
2012-12-19 00:00:00,1001.0108009338321
2012-12-20 00:00:00,1003.5797785826325
2012-12-21 00:00:00,1006.1495633177606
2012-12-23 00:00:00,1011.2909447456226
2012-12-24 00:00:00,1011.5436694418004
2012-12-26 00:00:00,1011.2401778167335
2012-12-27 00:00:00,1011.0944913298501
2012-12-28 00:00:00,1010.9528817276263
2012-12-30 00:00:00,1010.6820045271276
2012-12-31 00:00:00,1010.5527927055126
2013-01-01 00:00:00,1010.4277695037467
2013-01-02 00:00:00,1010.3069632842245
2013-01-03 00:00:00,1010.1904026815904
2013-01-04 00:00:00,1010.0781167433751
2013-01-06 00:00:00,1009.8664857871146
2013-01-07 00:00:00,1009.7671996448942
2013-01-08 00:00:00,1009.6723053476105
2013-01-09 00:00:00,1009.581831288316
2013-01-10 00:00:00,1009.4958044845616
2013-01-11 00:00:00,1009.4142498748387
2013-01-13 00:00:00,1009.2646430506543
2013-01-14 00:00:00,1009.1966259608151
2013-01-15 00:00:00,1009.1331515699101
2013-01-16 00:00:00,1009.074230680852
2013-01-17 00:00:00,1009.0198722811049
2013-01-18 00:00:00,1008.9700839995389
2013-01-20 00:00:00,1008.8842433673573
2013-01-21 00:00:00,1008.8482018674994
2013-01-22 00:00:00,1008.816752372544
2013-01-23 00:00:00,1008.7898987336567
2013-01-24 00:00:00,1008.7676442765616
2013-01-25 00:00:00,1008.7499918834891
2013-01-27 00:00:00,1008.7285032621711
2013-01-28 00:00:00,1008.7246716211782
2013-01-29 00:00:00,1008.7254514555095
2013-01-30 00:00:00,1008.7308451356394
2013-01-31 00:00:00,1008.7408551290922
2013-02-01 00:00:00,1008.7554839312934
2013-02-03 00:00:00,1008.7986071150285
2013-02-04 00:00:00,1008.8271048918809
2013-02-05 00:00:00,1008.860227562296
2013-02-06 00:00:00,1008.8979739076046
2013-02-07 00:00:00,1008.9403406360788
2013-02-08 00:00:00,1008.9873218354263
2013-02-10 00:00:00,1009.0950883039096
2013-02-11 00:00:00,1009.1558454948182
2013-02-12 00:00:00,1009.2211612426098
2013-02-13 00:00:00,1009.291014032857
2013-02-14 00:00:00,1009.3653801842205
2013-02-15 00:00:00,1009.4442343124349
2013-02-17 00:00:00,1009.615298453051
2013-02-18 00:00:00,1009.7074517819451
2013-02-19 00:00:00,1009.8039799168655
2013-02-20 00:00:00,1009.9048522214931
2013-02-21 00:00:00,1010.0100372210775
2013-02-22 00:00:00,1010.1195026714718
2013-02-24 00:00:00,1010.3511427689
2013-02-25 00:00:00,1010.473250190249
2013-02-26 00:00:00,1010.5995039188168
2013-02-27 00:00:00,1010.7298698237074
2013-02-28 00:00:00,1010.8643136480687
2013-03-01 00:00:00,1011.0028008741448
2013-03-03 00:00:00,1011.2917643881457
2013-03-04 00:00:00,1011.4421673045878
2013-03-05 00:00:00,1011.5964658998995
2013-03-06 00:00:00,1011.7546184732875
2013-03-07 00:00:00,1011.9165804810887
2013-03-08 00:00:00,1012.0823041835931
2013-03-10 00:00:00,1012.4248285196758
2013-03-11 00:00:00,1012.6015164516866
2013-03-12 00:00:00,1012.7817410691368
2013-03-13 00:00:00,1012.965438538055
2013-03-14 00:00:00,1013.1525427979834
2013-03-15 00:00:00,1013.3429860062565
2013-03-17 00:00:00,1013.733611089056
2013-03-18 00:00:00,1013.9336511783698
2013-03-19 00:00:00,1014.136746922528
2013-03-20 00:00:00,1014.3428252683694
2013-03-21 00:00:00,1014.5518124236664
2013-03-22 00:00:00,1014.7636339424915
2013-03-24 00:00:00,1015.1954798074639
2013-03-25 00:00:00,1015.4153533188196
2013-03-26 00:00:00,1015.6377599245347
2013-03-27 00:00:00,1015.8626243503622
2013-03-28 00:00:00,1016.0898715272506
2013-03-31 00:00:00,1021.6337929145906
2013-04-01 01:00:00,1024.3477242483134
2013-04-02 01:00:00,1026.9546650945065
2013-04-03 01:00:00,1029.5631151649634
2013-04-04 01:00:00,1032.173010942656
2013-04-05 01:00:00,1034.784281435023
2013-04-07 01:00:00,1040.0106285830266
2013-04-08 01:00:00,1042.6255319418794
2013-04-09 01:00:00,1045.2414656877024
2013-04-10 01:00:00,1047.8583341496974
2013-04-11 01:00:00,1050.4760403042092
2013-04-12 01:00:00,1053.0944868989125
2013-04-14 01:00:00,1058.3332163567222
2013-04-15 01:00:00,1060.9533103339643
2013-04-16 01:00:00,1063.5737675541104
2013-04-17 01:00:00,1066.194498261357
2013-04-18 01:00:00,1068.8154147335674
2013-04-19 01:00:00,1071.4364314325462
2013-04-21 01:00:00,1076.6784362924436
2013-04-22 01:00:00,1079.2992680207067
2013-04-23 01:00:00,1080.0
2013-04-24 01:00:00,1080.0
2013-04-25 01:00:00,1080.0
2013-04-26 01:00:00,1080.0
2013-04-28 01:00:00,1080.0
2013-04-29 01:00:00,1079.7560828278279
2013-04-30 01:00:00,1077.312255851859
2013-05-01 01:00:00,1074.863470974729
2013-05-02 01:00:00,1072.406822179435
2013-05-03 01:00:00,1069.9424704923442
2013-05-05 01:00:00,1065.0022142167404
2013-05-06 01:00:00,1062.5334962207771
2013-05-07 01:00:00,1060.068846926077
2013-05-08 01:00:00,1057.6082580584853
2013-05-09 01:00:00,1055.1498347916627
2013-05-10 01:00:00,1052.6904371839705
2013-05-12 01:00:00,1047.755835916837
2013-05-13 01:00:00,1045.277031094695
2013-05-14 01:00:00,1042.7914940348926
2013-05-15 01:00:00,1040.3027557004893
2013-05-16 01:00:00,1037.8161079030647
2013-05-17 01:00:00,1035.3375648819283
2013-05-19 01:00:00,1030.4239559010666
2013-05-20 01:00:00,1027.9918054615173
2013-05-21 01:00:00,1025.5717264896957
2013-05-22 01:00:00,1023.1556812705815
2013-05-23 01:00:00,1020.7332172461659
2013-05-24 01:00:00,1018.2937264260647
2013-05-26 01:00:00,1013.3366357677978
2013-05-27 01:00:00,1010.8197415737643
2013-05-28 01:00:00,1008.2885264971349
2013-05-29 01:00:00,1006.2230000646781
2013-05-30 01:00:00,1005.7025318127628
2013-05-31 01:00:00,1005.2082070823565
2013-06-02 01:00:00,1004.3154542155123
2013-06-03 01:00:00,1003.9068516466136
2013-06-04 01:00:00,1003.505958332536
2013-06-05 01:00:00,1003.0952582230506
2013-06-06 01:00:00,1002.6574276807191
2013-06-07 01:00:00,1002.1783724139145
2013-06-09 01:00:00,1001.0703133072939
2013-06-10 01:00:00,1000.4469657706446
2013-06-11 01:00:00,999.7936002272563
2013-06-12 01:00:00,999.1295260113573
2013-06-13 01:00:00,998.476525659358
2013-06-14 01:00:00,997.8552283561478
2013-06-16 01:00:00,996.7620209683865
2013-06-17 01:00:00,996.294343747259
2013-06-18 01:00:00,995.8644273738286
2013-06-19 01:00:00,995.4496083934062
2013-06-20 01:00:00,995.0224201259841
2013-06-21 01:00:00,994.5562557400832
2013-06-23 01:00:00,993.4411333124608
2013-06-24 01:00:00,992.7925969875189
2013-06-25 01:00:00,992.1074795960534
2013-06-26 01:00:00,991.4159761518946
2013-06-27 01:00:00,990.7496914632928
2013-06-28 01:00:00,990.133825737456
2013-06-30 01:00:00,989.0907262195666
2013-07-01 01:00:00,988.6463962589597
2013-07-02 01:00:00,988.222742783743
2013-07-03 01:00:00,987.7890675184831
2013-07-04 01:00:00,987.3152504380682
2013-07-05 01:00:00,986.7768787854469
2013-07-07 01:00:00,985.4598748068229
2013-07-08 01:00:00,984.6891081353799
2013-07-09 01:00:00,983.8689461457399
2013-07-10 01:00:00,983.0298837481021
2013-07-11 01:00:00,982.2062528368627
2013-07-12 01:00:00,981.4305978206372
2013-07-14 01:00:00,980.1108799801136
2013-07-15 01:00:00,979.5767070100495
2013-07-16 01:00:00,979.1070279462604
2013-07-17 01:00:00,978.6705565386895
2013-07-18 01:00:00,978.2287458405822
2013-07-19 01:00:00,977.7435756861562
2013-07-21 01:00:00,976.5433223369057
2013-07-22 01:00:00,975.8225824650023
2013-07-23 01:00:00,975.0498506581083
2013-07-24 01:00:00,974.2635868928103
2013-07-25 01:00:00,973.505145463827
2013-07-26 01:00:00,972.8086972912415
2013-07-28 01:00:00,971.6608128346118
2013-07-29 01:00:00,971.1939669179275
2013-07-30 01:00:00,970.7634469160139
2013-07-31 01:00:00,970.3327238594651
2013-08-01 01:00:00,969.8651785711374
2013-08-02 01:00:00,969.330431491702
2013-08-04 01:00:00,967.9971730948685
2013-08-05 01:00:00,967.2044241221932
2013-08-06 01:00:00,966.3554377935277
2013-08-07 01:00:00,965.4846548784318
2013-08-08 01:00:00,964.6311099124091
2013-08-09 01:00:00,963.8319010285029
2013-08-11 01:00:00,962.49737822532
2013-08-12 01:00:00,961.975011086587
2013-08-13 01:00:00,961.5296196047102
2013-08-14 01:00:00,961.1283203540921
2013-08-15 01:00:00,960.7304197423335
2013-08-16 01:00:00,960.2956124047319
2013-08-18 01:00:00,959.2069335248409
2013-08-19 01:00:00,958.5437096752499
2013-08-20 01:00:00,957.8273638188293
2013-08-21 01:00:00,957.0952456188735
2013-08-22 01:00:00,956.3883506233221
2013-08-23 01:00:00,955.7416500391671
2013-08-25 01:00:00,954.6974261661574
2013-08-26 01:00:00,954.2916309206232
2013-08-27 01:00:00,953.2060979192215
2013-08-28 01:00:00,950.4562263557411
2013-08-29 01:00:00,947.6875105702068
2013-08-30 01:00:00,944.8704911916595
2013-09-01 01:00:00,939.0254481545846
2013-09-02 01:00:00,935.9976518159099
2013-09-03 01:00:00,932.9218870679455
2013-09-04 01:00:00,929.8274519487012
2013-09-05 01:00:00,926.7481217276686
2013-09-06 01:00:00,923.7163129383804
2013-09-08 01:00:00,917.8848951835688
2013-09-09 01:00:00,915.0982632596446
2013-09-10 01:00:00,912.3824894965442
2013-09-11 01:00:00,909.7110634277889
2013-09-12 01:00:00,907.0511535575889
2013-09-13 01:00:00,904.3703971342654
2013-09-15 01:00:00,898.8594061458998
2013-09-16 01:00:00,896.0205590658481
2013-09-17 01:00:00,893.1449828800526
2013-09-18 01:00:00,890.6327030611585
2013-09-19 01:00:00,889.6813802091646
2013-09-20 01:00:00,891.7908058327306
2013-09-22 01:00:00,895.8342180915297
2013-09-23 01:00:00,897.769566418922
2013-09-24 01:00:00,899.6655371685757
2013-09-25 01:00:00,901.5439252998331
2013-09-26 01:00:00,903.4280789850568
2013-09-27 01:00:00,905.3388122301311
2013-09-29 01:00:00,909.2914353701511
2013-09-30 01:00:00,911.3377845457688
2013-10-01 01:00:00,913.4194931823973
2013-10-02 01:00:00,915.5197791740654
2013-10-03 01:00:00,917.6188091689835
2013-10-04 01:00:00,919.6973553248096
2013-10-06 01:00:00,923.7393655170882
2013-10-07 01:00:00,925.6945158869199
2013-10-08 01:00:00,927.6137373451829
2013-10-09 01:00:00,929.5111539295715
2013-10-10 01:00:00,931.4038558679367
2013-10-11 01:00:00,933.3080204060866
2013-10-13 01:00:00,937.1915476953354
2013-10-14 01:00:00,939.1737224051276
2013-10-15 01:00:00,941.1737496670416
2013-10-16 01:00:00,943.1797518328005
2013-10-17 01:00:00,945.1794783309153
2013-10-18 01:00:00,947.1630340817933
2013-10-20 01:00:00,951.0631662396606
2013-10-21 01:00:00,952.981605778279
2013-10-22 01:00:00,954.8857403323766
2013-10-23 01:00:00,956.782511942748
2013-10-24 01:00:00,958.6784181474779
2013-10-25 01:00:00,960.5782321667338
2013-10-27 01:00:00,964.3960723307956
2013-10-28 00:00:00,966.2318221236221
2013-10-29 00:00:00,968.1465462995882
2013-10-30 00:00:00,970.0570338478655
2013-10-31 00:00:00,971.9603936822435
2013-11-01 00:00:00,973.8555811001711
2013-11-03 00:00:00,977.6275062301323
2013-11-04 00:00:00,979.5105280864715
2013-11-05 00:00:00,981.3954687260228
2013-11-06 00:00:00,983.2828642180302
2013-11-07 00:00:00,985.1701782364173
2013-11-08 00:00:00,987.0518642573212
2013-11-10 00:00:00,990.7683726110814
2013-11-11 00:00:00,992.590347217324
2013-11-12 00:00:00,994.3848313544461
2013-11-13 00:00:00,996.154842637998
2013-11-14 00:00:00,997.907530780279
2013-11-15 00:00:00,999.652687681299
2013-11-17 00:00:00,1003.1600570862113
2013-11-18 00:00:00,1004.9358895207095
2013-11-19 00:00:00,1006.7280847057286
2013-11-20 00:00:00,1008.5310045025248
2013-11-21 00:00:00,1010.3338340835062
2013-11-22 00:00:00,1012.121906149509
2013-11-24 00:00:00,1015.5891028012895
2013-11-25 00:00:00,1017.2409864389917
2013-11-26 00:00:00,1018.828830458221
2013-11-27 00:00:00,1020.3546272777318
2013-11-28 00:00:00,1021.8281923975115
2013-11-29 00:00:00,1022.5016180320484
2013-12-01 00:00:00,1022.390310118911
2013-12-02 00:00:00,1022.4044701678444
2013-12-03 00:00:00,1022.4764555684012
2013-12-04 00:00:00,1022.6002551119547
2013-12-05 00:00:00,1022.7580457686392
2013-12-06 00:00:00,1022.9238202050466
2013-12-08 00:00:00,1023.1719658439288
2013-12-09 00:00:00,1023.2189857418447
2013-12-10 00:00:00,1023.2120117439736
2013-12-11 00:00:00,1023.1658331255563
2013-12-12 00:00:00,1023.105157296852
2013-12-13 00:00:00,1023.0594712623795
2013-12-15 00:00:00,1023.1215967720764
2013-12-16 00:00:00,1023.264935019322
2013-12-17 00:00:00,1023.488352786441
2013-12-18 00:00:00,1023.780575803586
2013-12-19 00:00:00,1024.1196714231519
2013-12-20 00:00:00,1024.476267754519
2013-12-22 00:00:00,1025.1150303556979
2013-12-23 00:00:00,1025.3445655886119
2013-12-24 00:00:00,1025.495706799157
2013-12-26 00:00:00,1025.5901034407943
2013-12-27 00:00:00,1025.5807363951249
2013-12-29 00:00:00,1025.6266433787619
2013-12-30 00:00:00,1025.7486751289339
2013-12-31 00:00:00,1025.9611290471034
2014-01-01 00:00:00,1026.258816719508
2014-01-02 00:00:00,1026.6166594830888
2014-01-03 00:00:00,1026.9951690156472
2014-01-05 00:00:00,1027.644171194197
2014-01-06 00:00:00,1027.8556191246478
2014-01-07 00:00:00,1027.9834782452851
2014-01-08 00:00:00,1028.0465556748873
2014-01-09 00:00:00,1028.0783867162988
2014-01-10 00:00:00,1028.1197345096339
2014-01-12 00:00:00,1028.3829074090686
2014-01-13 00:00:00,1028.6556874301948
2014-01-14 00:00:00,1029.0318358733853
2014-01-15 00:00:00,1029.4980331347504
2014-01-16 00:00:00,1030.026873411493
2014-01-17 00:00:00,1030.58116168456
2014-01-19 00:00:00,1031.6040755830386
2014-01-20 00:00:00,1032.004422436713
2014-01-21 00:00:00,1032.3049292532146
2014-01-22 00:00:00,1032.5065425873904
2014-01-23 00:00:00,1032.6273480271943
2014-01-24 00:00:00,1032.700009991425
2014-01-26 00:00:00,1032.8699300748367
2014-01-27 00:00:00,1033.0466879300805
2014-01-28 00:00:00,1033.3170323196828
2014-01-29 00:00:00,1033.6799518356925
2014-01-30 00:00:00,1034.11226695495
2014-01-31 00:00:00,1034.573553171521
2014-02-02 00:00:00,1035.399349817146
2014-02-03 00:00:00,1035.695217484602
2014-02-04 00:00:00,1035.898726872485
2014-02-05 00:00:00,1036.0252802114555
2014-02-06 00:00:00,1036.106310308603
2014-02-07 00:00:00,1036.1817234903083
2014-02-09 00:00:00,1036.4692939051963
2014-02-10 00:00:00,1036.73515934819
2014-02-11 00:00:00,1037.0944440946826
2014-02-12 00:00:00,1037.5365396304544
2014-02-13 00:00:00,1038.0372287555915
2014-02-14 00:00:00,1038.5628935234279
2014-02-16 00:00:00,1039.541512559333
2014-02-17 00:00:00,1039.9317617652353
2014-02-18 00:00:00,1040.2315511651025
2014-02-19 00:00:00,1040.4402687958102
2014-02-20 00:00:00,1040.572166043822
2014-02-21 00:00:00,1040.6541236826497
2014-02-23 00:00:00,1040.8097525675616
2014-02-24 00:00:00,1040.9511647955328
2014-02-25 00:00:00,1041.1640713924737
2014-02-26 00:00:00,1041.4502785665431
2014-02-27 00:00:00,1041.7940269200287
2014-02-28 00:00:00,1042.165553517072
2014-03-02 00:00:00,1042.8500463143382
2014-03-03 00:00:00,1043.1064947015002
2014-03-04 00:00:00,1043.2902370834515
2014-03-05 00:00:00,1043.4090075540983
2014-03-06 00:00:00,1043.4830748913676
2014-03-07 00:00:00,1043.5399981945047
2014-03-09 00:00:00,1043.7139608034468
2014-03-10 00:00:00,1043.8724743678938
2014-03-11 00:00:00,1044.0903650669711
2014-03-12 00:00:00,1044.3628859918745
2014-03-13 00:00:00,1044.6758426923423
2014-03-14 00:00:00,1045.0084763451123
2014-03-16 00:00:00,1045.63972988053
2014-03-17 00:00:00,1045.8984283288419
2014-03-18 00:00:00,1046.1032859947081
2014-03-19 00:00:00,1046.2532346108044
2014-03-20 00:00:00,1046.356143748913
2014-03-21 00:00:00,1046.42728216522
2014-03-23 00:00:00,1046.554139534123
2014-03-24 00:00:00,1046.647484290411
2014-03-25 00:00:00,1046.7766939050857
2014-03-26 00:00:00,1046.9430305181254
2014-03-27 00:00:00,1047.1388771240922
2014-03-28 00:00:00,1047.3500700093057
2014-03-30 00:00:00,1047.7519296814285
2014-03-31 01:00:00,1047.9225877909828
2014-04-01 01:00:00,1048.0540220185674
2014-04-02 01:00:00,1048.1567466498627
2014-04-03 01:00:00,1048.2389117512907
2014-04-04 01:00:00,1048.3113642829373
2014-04-06 01:00:00,1048.469081836175
2014-04-07 01:00:00,1048.5688674680516
2014-04-08 01:00:00,1048.6859922024155
2014-04-09 01:00:00,1048.8182844263285
2014-04-10 01:00:00,1048.9608404292076
2014-04-11 01:00:00,1049.1074176881723
2014-04-13 01:00:00,1049.3896497040937
2014-04-14 01:00:00,1049.518179383791
2014-04-15 01:00:00,1049.6375592882703
2014-04-16 01:00:00,1049.7499728013859
2014-04-17 01:00:00,1049.8588585318482
2014-04-20 01:00:00,1050.1932436639095
2014-04-21 01:00:00,1050.308727238963
2014-04-22 01:00:00,1050.4222867854105
2014-04-23 01:00:00,1050.53033851551
2014-04-24 01:00:00,1050.630473832459
2014-04-25 01:00:00,1050.7225905565529
2014-04-27 01:00:00,1050.8966675448335
2014-04-28 01:00:00,1050.990814925809
2014-04-29 01:00:00,1051.0984476913254
2014-04-30 01:00:00,1051.2240419977184
2014-05-01 01:00:00,1051.368741677278
2014-05-02 01:00:00,1051.5297430140304
2014-05-04 01:00:00,1051.87177386636
2014-05-05 01:00:00,1052.0332474788163
2014-05-06 01:00:00,1052.1755932863807
2014-05-07 01:00:00,1052.2924085907969
2014-05-08 01:00:00,1052.3817602092513
2014-05-09 01:00:00,1052.446993881359
2014-05-11 01:00:00,1052.5431714747863
2014-05-12 01:00:00,1052.601245230304
2014-05-13 01:00:00,1052.6847697652343
2014-05-14 01:00:00,1052.8040965051428
2014-05-15 01:00:00,1052.9633398065405
2014-05-16 01:00:00,1053.26442250563
2014-05-18 01:00:00,1058.145504192674
2014-05-19 01:00:00,1060.5795858277888
2014-05-20 01:00:00,1062.9841492079163
2014-05-21 01:00:00,1065.3479131439385
2014-05-22 01:00:00,1067.6698599483593
2014-05-23 01:00:00,1069.9598611774327
2014-05-25 01:00:00,1074.5240739125425
2014-05-26 01:00:00,1076.8456892038434
2014-05-27 01:00:00,1079.2203836365657
2014-05-28 01:00:00,1080.0
2014-05-29 01:00:00,1080.0
2014-05-30 01:00:00,1080.0
2014-06-01 01:00:00,1080.0
2014-06-02 01:00:00,1080.0
2014-06-03 01:00:00,1080.0
2014-06-04 01:00:00,1080.0
2014-06-05 01:00:00,1080.0
2014-06-06 01:00:00,1080.0
2014-06-08 01:00:00,1080.0
2014-06-09 01:00:00,1080.0
2014-06-10 01:00:00,1080.0
2014-06-11 01:00:00,1080.0
2014-06-12 01:00:00,1080.0
2014-06-13 01:00:00,1080.0
2014-06-15 01:00:00,1075.359153036302
2014-06-16 01:00:00,1072.889645874734
2014-06-17 01:00:00,1070.4209240040323
2014-06-18 01:00:00,1067.953044870777
2014-06-19 01:00:00,1065.4860735248947
2014-06-20 01:00:00,1063.0200810067618
2014-06-22 01:00:00,1058.0913340701095
2014-06-23 01:00:00,1055.6287332055672
2014-06-24 01:00:00,1053.1674149363118
2014-06-25 01:00:00,1050.7074518202721
2014-06-26 01:00:00,1048.248912764392
2014-06-27 01:00:00,1045.7918622909212
2014-06-29 01:00:00,1040.8824603159055
2014-06-30 01:00:00,1038.4302121729802
2014-07-01 01:00:00,1035.9796591667337
2014-07-02 01:00:00,1033.530839552731
2014-07-03 01:00:00,1031.0837863712904
2014-07-04 01:00:00,1028.6385275079379
2014-07-06 01:00:00,1023.75347798004
2014-07-07 01:00:00,1021.3137160116381
2014-07-08 01:00:00,1018.8758049323476
2014-07-09 01:00:00,1016.4397433410788
2014-07-10 01:00:00,1014.0055232120284
2014-07-11 01:00:00,1011.5731306242302
2014-07-13 01:00:00,1006.7137545378057
2014-07-14 01:00:00,1004.2867345531679
2014-07-15 01:00:00,1001.8614759530155
2014-07-16 01:00:00,999.4379748629208
2014-07-17 01:00:00,997.0162357774173
2014-07-18 01:00:00,994.5962707202996
2014-07-20 01:00:00,989.7617378713909
2014-07-21 01:00:00,987.3472154435765
2014-07-22 01:00:00,984.934554556625
2014-07-23 01:00:00,982.5237791021809
2014-07-24 01:00:00,980.1149118094361
2014-07-25 01:00:00,977.7079737192873
2014-07-27 01:00:00,972.899958430199
2014-07-28 01:00:00,970.4989114892244
2014-07-29 01:00:00,968.0998537509776
2014-07-30 01:00:00,965.702792902703
2014-07-31 01:00:00,963.3077333629744
2014-08-01 01:00:00,960.9146761689616
2014-08-03 01:00:00,956.134555093065
2014-08-04 01:00:00,953.7474746440779
2014-08-05 01:00:00,951.3623626218478
2014-08-06 01:00:00,948.9791990938359
2014-08-07 01:00:00,946.5979585945919
2014-08-08 01:00:00,944.2186099919364
2014-08-10 01:00:00,939.4654399787472
2014-08-11 01:00:00,937.0915380838475
2014-08-12 01:00:00,934.7193729423179
2014-08-13 01:00:00,932.3489114294393
2014-08-14 01:00:00,929.9801276825058
2014-08-15 01:00:00,927.6130036134327
2014-08-17 01:00:00,922.8836958455507
2014-08-18 01:00:00,920.521505101623
2014-08-19 01:00:00,919.8202432999251
2014-08-20 01:00:00,919.4830549916601
2014-08-21 01:00:00,919.1498547992574
2014-08-22 01:00:00,918.8206697974933
2014-08-24 01:00:00,918.174450845918
2014-08-25 01:00:00,917.857467863771
2014-08-26 01:00:00,917.54460176346
2014-08-27 01:00:00,917.235875700644
2014-08-28 01:00:00,916.9313116738649
2014-08-29 01:00:00,916.6309304085397
2014-08-31 01:00:00,916.0427920743897
2014-09-01 01:00:00,915.7550691886955
2014-09-02 01:00:00,915.4715972638396
2014-09-03 01:00:00,915.1923892764063
2014-09-04 01:00:00,914.9174565211164
2014-09-05 01:00:00,914.6468087518192
2014-09-07 01:00:00,914.1184018927606
2014-09-08 01:00:00,913.8606592083551
2014-09-09 01:00:00,913.6072363052633
2014-09-10 01:00:00,913.3581454137768
2014-09-11 01:00:00,913.1134017825319
2014-09-12 01:00:00,912.8730237813362
2014-09-14 01:00:00,912.405451340968
2014-09-15 01:00:00,912.1783049000339
2014-09-16 01:00:00,911.9556188202866
2014-09-17 01:00:00,911.7374191437136
2014-09-18 01:00:00,911.5237320732695
2014-09-19 01:00:00,911.3145837983267
2014-09-21 01:00:00,910.9100076577686
2014-09-22 01:00:00,910.7146311435292
2014-09-23 01:00:00,910.5238958951686
2014-09-24 01:00:00,910.3378263582904
2014-09-25 01:00:00,910.1564461874407
2014-09-26 01:00:00,909.9797780605413
2014-09-28 01:00:00,909.640662761827
2014-09-29 01:00:00,909.478254677045
2014-09-30 01:00:00,909.3206366754476
2014-10-01 01:00:00,909.16782478404
2014-10-02 01:00:00,909.0198337497745
2014-10-03 01:00:00,908.8766772747043
2014-10-05 01:00:00,908.6049201352189
2014-10-06 01:00:00,908.4763461343993
2014-10-07 01:00:00,908.3526616599522
2014-10-08 01:00:00,908.233884350578
2014-10-09 01:00:00,908.1200347894359
2014-10-10 01:00:00,908.0111366625533
2014-10-12 01:00:00,906.0739549574766
2014-10-13 01:00:00,903.3989412125038
2014-10-14 01:00:00,900.7286266081331
2014-10-15 01:00:00,898.0630879953598
2014-10-16 01:00:00,897.337531979143
2014-10-17 01:00:00,897.1796639878918
2014-10-19 01:00:00,896.8570017559789
2014-10-20 01:00:00,896.6948090119614
2014-10-21 01:00:00,896.5377487846526
2014-10-22 01:00:00,896.3922383660878
2014-10-23 01:00:00,896.2650278654792
2014-10-24 01:00:00,896.1616777776859
2014-10-26 01:00:00,896.0339497550451
2014-10-27 00:00:00,896.0040589800278
2014-10-28 00:00:00,895.983504595379
2014-10-29 00:00:00,895.9624299087095
2014-10-30 00:00:00,895.9294752218
2014-10-31 00:00:00,895.8765556155796
2014-11-02 00:00:00,895.7088878947777
2014-11-03 00:00:00,895.610803527137
2014-11-04 00:00:00,895.5233962898085
2014-11-05 00:00:00,895.463944818408
2014-11-06 00:00:00,895.4468544805425
2014-11-07 00:00:00,895.4802756483158
2014-11-09 00:00:00,895.6897873785545
2014-11-10 00:00:00,895.841763689559
2014-11-11 00:00:00,896.0004697498324
2014-11-12 00:00:00,896.1460072558739
2014-11-13 00:00:00,896.261950082423
2014-11-14 00:00:00,898.5201923851234
2014-11-16 00:00:00,903.1026795120031
2014-11-17 00:00:00,905.3614708327036
2014-11-18 00:00:00,907.6258968562781
2014-11-19 00:00:00,909.9199982872476
2014-11-20 00:00:00,912.2658311824326
2014-11-21 00:00:00,914.6792531653975
2014-11-23 00:00:00,919.721078217505
2014-11-24 00:00:00,922.3254876929586
2014-11-25 00:00:00,924.9520767005572
2014-11-26 00:00:00,927.5692056479123
2014-11-27 00:00:00,930.1480508904168
2014-11-28 00:00:00,932.6695482688596
2014-11-30 00:00:00,937.5399632674812
2014-12-01 00:00:00,939.9272793595641
2014-12-02 00:00:00,942.3260595331681
2014-12-03 00:00:00,944.7719145406908
2014-12-04 00:00:00,947.293941844699
2014-12-05 00:00:00,949.9088593541013
2014-12-07 00:00:00,955.4063014554577
2014-12-08 00:00:00,958.2471537612666
2014-12-09 00:00:00,961.1056773798962
2014-12-10 00:00:00,963.9460402587579
2014-12-11 00:00:00,966.7376301344452
2014-12-12 00:00:00,969.4603417341731
2014-12-14 00:00:00,974.689166292025
2014-12-15 00:00:00,977.2261667541688
2014-12-16 00:00:00,979.7511166919721
2014-12-17 00:00:00,982.3008888533009
2014-12-18 00:00:00,984.9107470817593
2014-12-19 00:00:00,987.6077469099581
2014-12-21 00:00:00,993.2973681431424
2014-12-22 00:00:00,996.2619161288981
2014-12-23 00:00:00,999.260593038789
2014-12-24 00:00:00,1002.2484724665185
2014-12-25 00:00:00,1005.1839658654285
2014-12-26 00:00:00,1008.0389354645831
2014-12-28 00:00:00,1013.4987763333484
2014-12-29 00:00:00,1016.1514499506286
2014-12-30 00:00:00,1018.8077439075528
2014-12-31 00:00:00,1021.512852113813
2015-01-01 00:00:00,1024.303777126547
2015-01-02 00:00:00,1027.2022923656905
2015-01-04 00:00:00,1033.314796285858
2015-01-05 00:00:00,1036.481643830567
2015-01-06 00:00:00,1039.6713937196312
2015-01-07 00:00:00,1042.8417036224394
2015-01-08 00:00:00,1045.9555012281176
2015-01-09 00:00:00,1048.9869010049188
2015-01-11 00:00:00,1054.775417790578
2015-01-12 00:00:00,1057.5587430279043
2015-01-13 00:00:00,1060.3074831350505
2015-01-14 00:00:00,1063.0605882881955
2015-01-15 00:00:00,1065.8569189506525
2015-01-16 00:00:00,1068.7281609253605
2015-01-18 00:00:00,1074.7490883997411
2015-01-19 00:00:00,1077.87870776422
2015-01-20 00:00:00,1079.8482195088213
2015-01-21 00:00:00,1080.0
2015-01-22 00:00:00,1080.0
2015-01-23 00:00:00,1080.0
2015-01-25 00:00:00,1080.0
2015-01-26 00:00:00,1080.0
2015-01-27 00:00:00,1080.0
2015-01-28 00:00:00,1080.0
2015-01-29 00:00:00,1080.0
2015-01-30 00:00:00,1080.0
2015-02-01 00:00:00,1080.0
2015-02-02 00:00:00,1080.0
2015-02-03 00:00:00,1080.0
2015-02-04 00:00:00,1080.0
2015-02-05 00:00:00,1080.0
2015-02-06 00:00:00,1080.0
2015-02-08 00:00:00,1080.0
2015-02-09 00:00:00,1080.0
2015-02-10 00:00:00,1080.0
2015-02-11 00:00:00,1080.0
2015-02-12 00:00:00,1080.0
2015-02-13 00:00:00,1080.0
2015-02-15 00:00:00,1080.0
2015-02-16 00:00:00,1080.0
2015-02-17 00:00:00,1080.0
2015-02-18 00:00:00,1080.0
2015-02-19 00:00:00,1080.0
2015-02-20 00:00:00,1080.0
2015-02-22 00:00:00,1080.0
2015-02-23 00:00:00,1080.0
2015-02-24 00:00:00,1080.0
2015-02-25 00:00:00,1080.0
2015-02-26 00:00:00,1080.0
2015-02-27 00:00:00,1080.0
2015-03-01 00:00:00,1080.0
2015-03-02 00:00:00,1078.1250369624754
2015-03-03 00:00:00,1075.5049406063256
2015-03-04 00:00:00,1072.8953861250902
2015-03-05 00:00:00,1070.8315450230077
2015-03-06 00:00:00,1070.6273087219301
2015-03-08 00:00:00,1070.34741241353
2015-03-09 00:00:00,1070.2635923995877
2015-03-10 00:00:00,1070.2029452058523
2015-03-11 00:00:00,1070.1510462168378
2015-03-12 00:00:00,1070.0933847170268
2015-03-13 00:00:00,1070.0178766156864
2015-03-15 00:00:00,1069.7890921494838
2015-03-16 00:00:00,1069.6384780575465
2015-03-17 00:00:00,1069.4742379036397
2015-03-18 00:00:00,1069.3078258795356
2015-03-19 00:00:00,1069.1501070639722
2015-03-20 00:00:00,1069.0087542514318
2015-03-22 00:00:00,1068.7815567648963
2015-03-23 00:00:00,1068.6879123069396
2015-03-24 00:00:00,1068.5984246559133
2015-03-25 00:00:00,1068.5064841062622
2015-03-26 00:00:00,1068.407707033562
2015-03-27 00:00:00,1068.3006607604925
2015-03-29 00:00:00,1068.068645444487
2015-03-30 01:00:00,1067.9454003930718
2015-03-31 01:00:00,1067.8297230677613
2015-04-01 01:00:00,1067.7179339293077
2015-04-02 01:00:00,1067.6093454125476
2015-04-05 01:00:00,1067.2731767999944
2015-04-06 01:00:00,1067.1460082813314
2015-04-07 01:00:00,1067.0081857591035
2015-04-08 01:00:00,1066.8613062611544
2015-04-09 01:00:00,1066.7097032484755
2015-04-10 01:00:00,1066.5598649967533
2015-04-12 01:00:00,1066.2937823580244
2015-04-13 01:00:00,1066.1871539667222
2015-04-14 01:00:00,1066.097962800563
2015-04-15 01:00:00,1066.01984948669
2015-04-16 01:00:00,1063.8457320824787
2015-04-17 01:00:00,1061.3352459716782
2015-04-19 01:00:00,1056.2411036142144
2015-04-20 01:00:00,1053.649752757771
2015-04-21 01:00:00,1051.0351303673492
2015-04-22 01:00:00,1048.4096156739406
2015-04-23 01:00:00,1045.7889157101104
2015-04-24 01:00:00,1043.1887198432253
2015-04-26 01:00:00,1038.093405253051
2015-04-27 01:00:00,1035.6040602997807
2015-04-28 01:00:00,1033.1455117274688
2015-04-29 01:00:00,1030.7040758109883
2015-04-30 01:00:00,1028.2624786726492
2015-05-01 01:00:00,1025.8027047516366
2015-05-03 01:00:00,1020.7708877966293
2015-05-04 01:00:00,1018.185047563555
2015-05-05 01:00:00,1015.5569672610237
2015-05-06 01:00:00,1012.900690166203
2015-05-07 01:00:00,1010.2371327227842
2015-05-08 01:00:00,1007.5907003955765
2015-05-10 01:00:00,1002.4360242106567
2015-05-11 01:00:00,999.9513052137975
2015-05-12 01:00:00,997.5240845814026
2015-05-13 01:00:00,995.1356388006706
2015-05-14 01:00:00,992.7585094273913
2015-05-15 01:00:00,990.362395767738
2015-05-17 01:00:00,985.4186943921047
2015-05-18 01:00:00,982.8533295557386
2015-05-19 01:00:00,980.2378427530077
2015-05-20 01:00:00,977.5969496054174
2015-05-21 01:00:00,974.9618920176147
2015-05-22 01:00:00,972.3639305969966
2015-05-24 01:00:00,967.3690949899992
2015-05-25 01:00:00,964.9880492517644
2015-05-26 01:00:00,962.6736395474487
2015-05-27 01:00:00,960.4039429995715
2015-05-28 01:00:00,958.150444004211
2015-05-29 01:00:00,955.8828874734855
2015-05-31 01:00:00,951.2063304542415
2015-06-01 01:00:00,948.7718429525472
2015-06-02 01:00:00,946.2781363689684
2015-06-03 01:00:00,943.74616231344
2015-06-04 01:00:00,941.2077448902328
2015-06-05 01:00:00,938.7000651170997
2015-06-07 01:00:00,933.9082303404743
2015-06-08 01:00:00,931.6597611984371
2015-06-09 01:00:00,929.5044280544041
2015-06-10 01:00:00,927.4167097124264
2015-06-11 01:00:00,925.3593460735764
2015-06-12 01:00:00,923.2916067388986
2015-06-14 01:00:00,918.997732814691
2015-06-15 01:00:00,916.7460887833594
2015-06-16 01:00:00,914.4383888195129
2015-06-17 01:00:00,912.1049407476577
2015-06-18 01:00:00,909.7849049268908
2015-06-19 01:00:00,907.5183801589908
2015-06-21 01:00:00,903.2676444737936
2015-06-22 01:00:00,901.3106169575683
2015-06-23 01:00:00,899.4582380236061
2015-06-24 01:00:00,897.6878029321799
2015-06-25 01:00:00,895.9677757115662
2015-06-26 01:00:00,894.2633508896879
2015-06-28 01:00:00,890.7818683460757
2015-06-29 01:00:00,888.9713268130515
2015-06-30 01:00:00,887.1169340731602
2015-07-01 01:00:00,885.2408710767213
2015-07-02 01:00:00,884.0483206330052
2015-07-03 01:00:00,883.1651132805916
2015-07-05 01:00:00,881.5910056845801
2015-07-06 01:00:00,880.9391369185926
2015-07-07 01:00:00,880.3720493392199
2015-07-08 01:00:00,879.8627654250027
2015-07-09 01:00:00,879.372367064809
2015-07-10 01:00:00,878.8587279275167
2015-07-12 01:00:00,877.6306340461758
2015-07-13 01:00:00,876.8887197678248
2015-07-14 01:00:00,876.0732561373349
2015-07-15 01:00:00,875.2122017372077
2015-07-16 01:00:00,874.342034071131
2015-07-17 01:00:00,873.5004236685631
2015-07-19 01:00:00,872.0197071468824
2015-07-20 01:00:00,871.4087571199166
2015-07-21 01:00:00,870.8794097908733
2015-07-22 01:00:00,870.41220130546
2015-07-23 01:00:00,869.9788468786454
2015-07-24 01:00:00,869.5470484393627
2015-07-26 01:00:00,868.5712538804122
2015-07-27 01:00:00,867.990151937835
2015-07-28 01:00:00,867.3437214413501
2015-07-29 01:00:00,866.6475122998698
2015-07-30 01:00:00,865.9289286197271
2015-07-31 01:00:00,865.2218411777426
2015-08-02 01:00:00,863.9660031263635
2015-08-03 01:00:00,863.4524756454782
2015-08-04 01:00:00,863.012720056967
2015-08-05 01:00:00,862.8199734545911
2015-08-06 01:00:00,863.7392713310524
2015-08-07 01:00:00,864.7130231026397
2015-08-09 01:00:00,866.7027386377489
2015-08-10 01:00:00,867.6861018214876
2015-08-11 01:00:00,868.6617144647881
2015-08-12 01:00:00,869.6429205005759
2015-08-13 01:00:00,870.6487006775826
2015-08-14 01:00:00,871.6985260076932
2015-08-16 01:00:00,873.9837456073834
2015-08-17 01:00:00,875.2249072814624
2015-08-18 01:00:00,876.519649376561
2015-08-19 01:00:00,877.8480907769297
2015-08-20 01:00:00,879.1843836502995
2015-08-21 01:00:00,880.499913956527
2015-08-23 01:00:00,882.9619368597563
2015-08-24 01:00:00,884.0689971377371
2015-08-25 01:00:00,885.0813155331394
2015-08-26 01:00:00,886.0016945282359
2015-08-27 01:00:00,886.8409542801985
2015-08-28 01:00:00,887.6146789886633
2015-08-30 01:00:00,889.0255139146914
2015-08-31 01:00:00,889.6793075812383
2015-09-01 01:00:00,890.2962817631335
2015-09-02 01:00:00,890.8649434539774
2015-09-03 01:00:00,891.3692657719647
2015-09-04 01:00:00,891.7926428801532
2015-09-06 01:00:00,892.3488642427174
2015-09-07 01:00:00,892.4735025110648
2015-09-08 01:00:00,892.5012316399192
2015-09-09 01:00:00,892.4421968184906
2015-09-10 01:00:00,892.3086616393776
2015-09-11 01:00:00,892.1126113147116
2015-09-13 01:00:00,891.5688052203984
2015-09-14 01:00:00,891.2302575889787
2015-09-15 01:00:00,890.8476251042017
2015-09-16 01:00:00,890.4178997161493
2015-09-17 01:00:00,889.9368566990943
2015-09-18 01:00:00,889.4003585605191
2015-09-20 01:00:00,888.1514988190323
2015-09-21 01:00:00,887.4398566562952
2015-09-22 01:00:00,886.6742302254946
2015-09-23 01:00:00,885.8594936162433
2015-09-24 01:00:00,885.0005176933696
2015-09-25 01:00:00,884.1009529844189
2015-09-27 01:00:00,882.1842449107662
2015-09-28 01:00:00,881.1642808719827
2015-09-29 01:00:00,880.1002081347992
2015-09-30 01:00:00,878.9911020921569
2015-10-01 01:00:00,877.8386504503812
2015-10-02 01:00:00,876.6475121764083
2015-10-04 01:00:00,874.1782262732042
2015-10-05 01:00:00,872.9150456247996
2015-10-06 01:00:00,871.6396477179519
2015-10-07 01:00:00,870.3528086007846
2015-10-08 01:00:00,869.0513107668118
2015-10-09 01:00:00,867.7284730578007
2015-10-11 01:00:00,864.9824667470259
2015-10-12 01:00:00,863.5415384398241
2015-10-13 01:00:00,862.047377967655
2015-10-14 01:00:00,860.499243422083
2015-10-15 01:00:00,858.901667592968
2015-10-16 01:00:00,857.2644527133748
2015-10-18 01:00:00,853.9296388161789
2015-10-19 01:00:00,852.2640200128919
2015-10-20 01:00:00,850.6165887922685
2015-10-21 01:00:00,848.9922743511371
2015-10-22 01:00:00,847.3872730622188
2015-10-23 01:00:00,845.7889119457973
2015-10-25 01:00:00,842.5314199503507
2015-10-26 00:00:00,841.1629491345027
2015-10-27 00:00:00,841.0372970431484
2015-10-28 00:00:00,840.8607883825974
2015-10-29 00:00:00,840.6436734333529
2015-10-30 00:00:00,840.4062168417362
2015-11-01 00:00:00,839.9723671867335
2015-11-02 00:00:00,839.8201294602636
2015-11-03 00:00:00,839.7263452824494
2015-11-04 00:00:00,839.6883180855264
2015-11-05 00:00:00,839.6923676041891
2015-11-06 00:00:00,839.716460019763
2015-11-08 00:00:00,839.7187685620022
2015-11-09 00:00:00,839.8155885445527
2015-11-10 00:00:00,841.9669114673743
2015-11-11 00:00:00,844.1311180141306
2015-11-12 00:00:00,846.3078985650252
2015-11-13 00:00:00,848.4969553495123
2015-11-15 00:00:00,852.9107688007814
2015-11-16 00:00:00,855.1349938856821
2015-11-17 00:00:00,857.3704331408188
2015-11-18 00:00:00,859.6168559717157
2015-11-19 00:00:00,861.8740466163111
2015-11-20 00:00:00,864.1418043599008
2015-11-22 00:00:00,868.708292500087
2015-11-23 00:00:00,871.0066929626207
2015-11-24 00:00:00,873.1277462965083
2015-11-25 00:00:00,873.112030646253
2015-11-26 00:00:00,873.1009679065053
2015-11-27 00:00:00,873.0945822920085
2015-11-29 00:00:00,873.0959495524115
2015-11-30 00:00:00,873.1037592648581
2015-12-01 00:00:00,873.1163584546566
2015-12-02 00:00:00,873.133776019878
2015-12-03 00:00:00,873.1560402826026
2015-12-04 00:00:00,873.1831787759054
2015-12-06 00:00:00,873.2521838796498
2015-12-07 00:00:00,873.2941005446328
2015-12-08 00:00:00,873.3409913071321
2015-12-09 00:00:00,873.3928779232749
2015-12-10 00:00:00,873.4497804798202
2015-12-11 00:00:00,873.5117171432885
2015-12-13 00:00:00,873.6507544247468
2015-12-14 00:00:00,873.7278798345324
2015-12-15 00:00:00,873.810088836918
2015-12-16 00:00:00,873.8973878104999
2015-12-17 00:00:00,873.9897810958579
2015-12-18 00:00:00,874.087271381356
2015-12-20 00:00:00,874.2975482945166
2015-12-21 00:00:00,874.4103364650204
2015-12-22 00:00:00,874.5282257708386
2015-12-23 00:00:00,874.6512180965038
2015-12-24 00:00:00,874.7793163469375
2015-12-27 00:00:00,875.1942884254559
2015-12-28 00:00:00,875.3428532222495
2015-12-29 00:00:00,875.4965441976368
2015-12-30 00:00:00,875.6553624699615
2015-12-31 00:00:00,875.8193068927558
2016-01-03 00:00:00,876.3418456283016
2016-01-04 00:00:00,876.5262285972658
2016-01-05 00:00:00,876.7156894773316
2016-01-06 00:00:00,876.9102088610073
2016-01-07 00:00:00,877.1097635754143
2016-01-08 00:00:00,877.3143262815471
2016-01-10 00:00:00,879.5887278811142
2016-01-11 00:00:00,882.0478962364223
2016-01-12 00:00:00,884.5148734718854
2016-01-13 00:00:00,886.9895806858607
2016-01-14 00:00:00,889.4719411749446
2016-01-15 00:00:00,891.9618819910477
2016-01-17 00:00:00,896.9642370465878
2016-01-18 00:00:00,899.4765301489006
2016-01-19 00:00:00,901.9961603611728
2016-01-20 00:00:00,904.5230768760288
2016-01-21 00:00:00,907.0572305782845
2016-01-22 00:00:00,909.5985724107434
2016-01-24 00:00:00,914.8019163747759
2016-01-25 00:00:00,917.5041471481869
2016-01-26 00:00:00,920.1385630006409
2016-01-27 00:00:00,922.698457552269
2016-01-28 00:00:00,925.1898904600291
2016-01-29 00:00:00,927.6297047540728
2016-01-31 00:00:00,932.7840879471793
2016-02-01 00:00:00,935.3936255641794
2016-02-02 00:00:00,938.0094696248565
2016-02-03 00:00:00,940.6314990459765
2016-02-04 00:00:00,943.2595851668057
2016-02-05 00:00:00,945.8935911724059
2016-02-07 00:00:00,951.178771784415
2016-02-08 00:00:00,953.8296287890636
2016-02-09 00:00:00,956.4857720530381
2016-02-10 00:00:00,959.1470258991923
2016-02-11 00:00:00,961.8132124422812
2016-02-12 00:00:00,964.4841547311905
2016-02-14 00:00:00,969.839618267521
2016-02-15 00:00:00,972.5238088389356
2016-02-16 00:00:00,975.2120937753336
2016-02-17 00:00:00,977.9043198320164
2016-02-18 00:00:00,980.6003365021134
2016-02-19 00:00:00,983.2999946165501
2016-02-21 00:00:00,988.7096372609274
2016-02-22 00:00:00,991.4193185596239
2016-02-23 00:00:00,994.1320327018552
2016-02-24 00:00:00,996.8476192948922
2016-02-25 00:00:00,999.5659131797945
2016-02-26 00:00:00,1002.2867440993759
2016-02-28 00:00:00,1007.735310066331
2016-02-29 00:00:00,1010.4626788644871
2016-03-01 00:00:00,1013.1918524077807
2016-03-02 00:00:00,1015.9226351458565
2016-03-03 00:00:00,1018.6548263402489
2016-03-04 00:00:00,1021.3882196269417
2016-03-06 00:00:00,1026.8577553417815
2016-03-07 00:00:00,1029.593451887174
2016-03-08 00:00:00,1032.329458981533
2016-03-09 00:00:00,1035.0655386410463
2016-03-10 00:00:00,1037.8014510452651
2016-03-11 00:00:00,1040.5369586122251
2016-03-13 00:00:00,1046.0058445310158
2016-03-14 00:00:00,1048.7387916876608
2016-03-15 00:00:00,1051.4704734534373
2016-03-16 00:00:00,1054.200702138527
2016-03-17 00:00:00,1056.9292990048687
2016-03-18 00:00:00,1059.6560926310583
2016-03-20 00:00:00,1065.1036127179862
2016-03-21 00:00:00,1067.8240213473568
2016-03-22 00:00:00,1070.54198941207
2016-03-23 00:00:00,1073.2573653894128
2016-03-24 00:00:00,1075.9699996376746
2016-03-27 00:00:00,1080.0
2016-03-28 01:00:00,1080.0
2016-03-29 01:00:00,1080.0
2016-03-30 01:00:00,1079.6924812119287
2016-03-31 01:00:00,1077.1881243488829
2016-04-01 01:00:00,1074.7136480201116
2016-04-03 01:00:00,1069.8395899589793
2016-04-04 01:00:00,1067.4170269737765
2016-04-05 01:00:00,1064.9819788951477
2016-04-06 01:00:00,1062.5178543859156
2016-04-07 01:00:00,1060.0130766850339
2016-04-08 01:00:00,1057.4646363415416
2016-04-10 01:00:00,1052.274331785952
2016-04-11 01:00:00,1049.670117085026
2016-04-12 01:00:00,1047.0885656275045
2016-04-13 01:00:00,1044.546083164307
2016-04-14 01:00:00,1042.0500780739474
2016-04-15 01:00:00,1039.5974823775691
2016-04-17 01:00:00,1034.7646452871786
2016-04-18 01:00:00,1032.341689710289
2016-04-19 01:00:00,1029.8844773731169
2016-04-20 01:00:00,1027.37522805784
2016-04-21 01:00:00,1024.8035357193346
2016-04-22 01:00:00,1022.1682170707667
2016-04-24 01:00:00,1019.5053886719757
2016-04-25 01:00:00,1019.1170041194282
2016-04-26 01:00:00,1018.7425678025108
2016-04-27 01:00:00,1018.4078224230627
2016-04-28 01:00:00,1018.1322999695054
2016-04-29 01:00:00,1017.9251780234832
2016-05-01 01:00:00,1017.687693081536
2016-05-02 01:00:00,1017.6123778861047
2016-05-03 01:00:00,1017.5231125376241
2016-05-04 01:00:00,1017.3876323610236
2016-05-05 01:00:00,1017.1826281417095
2016-05-06 01:00:00,1016.8999618847297
2016-05-08 01:00:00,1016.1570394038265
2016-05-09 01:00:00,1015.758472287615
2016-05-10 01:00:00,1015.390398724978
2016-05-11 01:00:00,1015.0815390832372
2016-05-12 01:00:00,1014.8464274571597
2016-05-13 01:00:00,1014.682976261122
2016-05-15 01:00:00,1014.4903952650313
2016-05-16 01:00:00,1014.3988804651631
2016-05-17 01:00:00,1014.2661213966792
2016-05-18 01:00:00,1014.0652568614279
2016-05-19 01:00:00,1013.7800180760944
2016-05-20 01:00:00,1013.407402118934
2016-05-22 01:00:00,1012.4566633901386
2016-05-23 01:00:00,1011.9350659714481
2016-05-24 01:00:00,1011.4306621661808
2016-05-25 01:00:00,1010.9785132239022
2016-05-26 01:00:00,1010.6054153652876
2016-05-27 01:00:00,1010.32462120157
2016-05-29 01:00:00,1010.0092703684583
2016-05-30 01:00:00,1009.9203693633616
2016-05-31 01:00:00,1009.8245844995026
2016-06-01 01:00:00,1009.6816819699599
2016-06-02 01:00:00,1009.4616899064836
2016-06-03 01:00:00,1009.1521288526392
2016-06-05 01:00:00,1005.6569239096739
2016-06-06 01:00:00,1002.5951768254937
2016-06-07 01:00:00,999.5637778863137
2016-06-08 01:00:00,996.5976644204059
2016-06-09 01:00:00,993.7165851387457
2016-06-10 01:00:00,990.9219003415108
2016-06-12 01:00:00,985.5147682723655
2016-06-13 01:00:00,982.8373447792134
2016-06-14 01:00:00,980.1291883476426
2016-06-15 01:00:00,977.3600884421458
2016-06-16 01:00:00,974.5107307811458
2016-06-17 01:00:00,971.5758105454486
2016-06-19 01:00:00,965.5013831868505
2016-06-20 01:00:00,962.4181407126534
2016-06-21 01:00:00,959.5609642388068
2016-06-22 01:00:00,957.1405128859618
2016-06-23 01:00:00,954.7270684912255
2016-06-24 01:00:00,952.320636832655
2016-06-26 01:00:00,947.5288472454774
2016-06-27 01:00:00,945.1435160263526
2016-06-28 01:00:00,942.7652524560747
2016-06-29 01:00:00,940.39408180178
2016-06-30 01:00:00,938.0300344977501
2016-07-01 01:00:00,935.67314568357
2016-07-03 01:00:00,930.9810005238893
2016-07-04 01:00:00,928.6458253524868
2016-07-05 01:00:00,926.3179665977694
2016-07-06 01:00:00,923.9974578153158
2016-07-07 01:00:00,921.6843268546359
2016-07-08 01:00:00,919.378595345591
2016-07-10 01:00:00,914.7893874373974
2016-07-11 01:00:00,912.5059264178367
2016-07-12 01:00:00,910.2298969346427
2016-07-13 01:00:00,907.9612968534084
2016-07-14 01:00:00,905.7001206711367
2016-07-15 01:00:00,903.4463599319162
2016-07-17 01:00:00,898.9610364756315
2016-07-18 01:00:00,896.729442425685
2016-07-19 01:00:00,894.5052013563902
2016-07-20 01:00:00,892.2882911970734
2016-07-21 01:00:00,890.0786882226289
2016-07-22 01:00:00,887.8763679522092
2016-07-24 01:00:00,883.4934803651331
2016-07-25 01:00:00,881.3128700753367
2016-07-26 01:00:00,879.1394582748896
2016-07-27 01:00:00,876.9732314482674
2016-07-28 01:00:00,874.814179686066
2016-07-29 01:00:00,872.6622963633154
2016-07-31 01:00:00,868.3800208281873
2016-08-01 01:00:00,866.2496246175134
2016-08-02 01:00:00,864.1263864025692
2016-08-03 01:00:00,862.0103017269812
2016-08-04 01:00:00,859.9013630782606
2016-08-05 01:00:00,857.7995591506119
2016-08-07 01:00:00,853.6172893795384
2016-08-08 01:00:00,851.5367801829696
2016-08-09 01:00:00,849.4633195188128
2016-08-10 01:00:00,847.3968766726462
2016-08-11 01:00:00,845.3374178520485
2016-08-12 01:00:00,843.2849063589666
2016-08-14 01:00:00,839.2005642008314
2016-08-15 01:00:00,837.16864547188
2016-08-16 01:00:00,835.1434976168767
2016-08-17 01:00:00,835.6241287111144
2016-08-18 01:00:00,836.1250852782476
2016-08-19 01:00:00,836.6035374124328
2016-08-21 01:00:00,837.5016768519009
2016-08-22 01:00:00,837.937224778019
2016-08-23 01:00:00,838.3778651495757
2016-08-24 01:00:00,838.8330923912217
2016-08-25 01:00:00,839.3088228613709
2016-08-26 01:00:00,839.8065908209256
2016-08-28 01:00:00,841.0736115791051
2016-08-29 01:00:00,843.6483112981268
2016-08-30 01:00:00,846.2229850280662
2016-08-31 01:00:00,848.7941012678933
2016-09-01 01:00:00,851.3607863295687
2016-09-02 01:00:00,853.9245482874412
2016-09-04 01:00:00,859.0559560726372
2016-09-05 01:00:00,861.629908167023
2016-09-06 01:00:00,864.2116266298892
2016-09-07 01:00:00,866.8005587256573
2016-09-08 01:00:00,869.3943881990685
2016-09-09 01:00:00,871.9896495552983
2016-09-11 01:00:00,877.1710729526154
2016-09-12 01:00:00,879.7541653491544
2016-09-13 01:00:00,882.33421037837
2016-09-14 01:00:00,884.9160874680076
2016-09-15 01:00:00,887.5065902346292
2016-09-16 01:00:00,890.1129177916496
2016-09-18 01:00:00,895.3920530403853
2016-09-19 01:00:00,896.2702557849143
2016-09-20 01:00:00,896.4443199462091
2016-09-21 01:00:00,896.6204171163208
2016-09-22 01:00:00,896.7867090833183
2016-09-23 01:00:00,896.9334569395362
2016-09-25 01:00:00,897.1556575705588
2016-09-26 01:00:00,897.2408172285216
2016-09-27 01:00:00,897.3243630559564
2016-09-28 01:00:00,897.4217316581115
2016-09-29 01:00:00,897.547869842228
2016-09-30 01:00:00,897.7144451617795
2016-10-02 01:00:00,898.1868159754483
2016-10-03 01:00:00,898.4842769409665
2016-10-04 01:00:00,898.8061242670735
2016-10-05 01:00:00,899.1342227444409
2016-10-06 01:00:00,899.44903113601
2016-10-07 01:00:00,899.7329508159455
2016-10-09 01:00:00,900.1669264746006
2016-10-10 01:00:00,900.3179688010771
2016-10-11 01:00:00,900.4414480074353
2016-10-12 01:00:00,900.5593494266524
2016-10-13 01:00:00,900.6971831184601
2016-10-14 01:00:00,900.878846337429
2016-10-16 01:00:00,901.4286960646664
2016-10-17 01:00:00,901.7925550769648
2016-10-18 01:00:00,902.1904721100958
2016-10-19 01:00:00,902.5923687995842
2016-10-20 01:00:00,902.9674241056803
2016-10-21 01:00:00,903.2918834869182
2016-10-23 01:00:00,903.7602223570702
2016-10-24 01:00:00,903.9263095401465
2016-10-25 01:00:00,904.0809063382144
2016-10-26 01:00:00,904.2560577982763
2016-10-27 01:00:00,904.4820097888038
2016-10-28 01:00:00,904.7819533044434
2016-10-30 01:00:00,905.6654001781554
2016-10-31 00:00:00,908.2983493567856
2016-11-01 00:00:00,911.0895066758222
2016-11-02 00:00:00,913.8934887469218
2016-11-03 00:00:00,916.6752083766593
2016-11-04 00:00:00,919.402562834713
2016-11-06 00:00:00,924.6128543324521
2016-11-07 00:00:00,927.0900641530549
2016-11-08 00:00:00,929.5038447645564
2016-11-09 00:00:00,931.8868422921352
2016-11-10 00:00:00,934.2784708401479
2016-11-11 00:00:00,936.7172598533457
2016-11-13 00:00:00,941.8364669008613
2016-11-14 00:00:00,944.5211872910106
2016-11-15 00:00:00,947.2584777739322
2016-11-16 00:00:00,950.0069380642491
2016-11-17 00:00:00,952.7222232384902
2016-11-18 00:00:00,955.3682350726627
2016-11-20 00:00:00,960.3959345916808
2016-11-21 00:00:00,962.7994063893482
2016-11-22 00:00:00,965.1705275383496
2016-11-23 00:00:00,967.5502109531442
2016-11-24 00:00:00,969.978033540673
2016-11-25 00:00:00,972.4853099297148
2016-11-27 00:00:00,977.7937416070299
2016-11-28 00:00:00,980.5818885713152
2016-11-29 00:00:00,983.4254824974306
2016-11-30 00:00:00,986.2859263033608
2016-12-01 00:00:00,989.1210828014455
2016-12-02 00:00:00,991.8920953945818
2016-12-04 00:00:00,997.1399573389475
2016-12-05 00:00:00,999.6056127926515
2016-12-06 00:00:00,1001.9873513446596
2016-12-07 00:00:00,1004.3198797932367
2016-12-08 00:00:00,1006.6459955904705
2016-12-09 00:00:00,1009.0084030570874
2016-12-11 00:00:00,1013.9595223844469
2016-12-12 00:00:00,1016.5599596468458
2016-12-13 00:00:00,1019.2160044339936
2016-12-14 00:00:00,1021.8868899542638
2016-12-15 00:00:00,1024.5271327394319
2016-12-16 00:00:00,1027.0979918930202
2016-12-18 00:00:00,1031.9589987912004
2016-12-19 00:00:00,1034.2618786295584
2016-12-20 00:00:00,1036.5153540391468
2016-12-21 00:00:00,1038.7572617966152
2016-12-22 00:00:00,1041.0254001884534
2016-12-23 00:00:00,1043.3507657709729
2016-12-26 00:00:00,1050.7869347597898
2016-12-27 00:00:00,1053.322925549227
2016-12-28 00:00:00,1055.697609668665
2016-12-29 00:00:00,1058.055075198162
2016-12-30 00:00:00,1060.3613558330137
2017-01-02 00:00:00,1066.7783774683849
2017-01-03 00:00:00,1068.7535104065098
2017-01-04 00:00:00,1070.6818090819513
2017-01-05 00:00:00,1072.5971632707126
2017-01-06 00:00:00,1074.5335806972812
2017-01-08 00:00:00,1077.547370310459
2017-01-09 00:00:00,1077.3930787623917
2017-01-10 00:00:00,1077.2459036356636
2017-01-11 00:00:00,1077.1058843517455
2017-01-12 00:00:00,1076.9730616652303
2017-01-13 00:00:00,1076.8474782154522
2017-01-15 00:00:00,1076.618208967843
2017-01-16 00:00:00,1076.5146162800759
2017-01-17 00:00:00,1076.4184474541662
2017-01-18 00:00:00,1076.3297485730834
2017-01-19 00:00:00,1076.2485642595952
2017-01-20 00:00:00,1076.1749372324293
2017-01-22 00:00:00,1076.050514689356
2017-01-23 00:00:00,1075.999792793305
2017-01-24 00:00:00,1075.956775054744
2017-01-25 00:00:00,1075.9214911887516
2017-01-26 00:00:00,1075.8939675856318
2017-01-27 00:00:00,1075.8742269449685
2017-01-29 00:00:00,1075.8581645040872
2017-01-30 00:00:00,1075.8618661748294
2017-01-31 00:00:00,1075.8733972732302
2017-02-01 00:00:00,1075.8927572507537
2017-02-02 00:00:00,1075.9199408484722
2017-02-03 00:00:00,1075.9549385113532
2017-02-05 00:00:00,1076.0483198611632
2017-02-06 00:00:00,1076.1066686036286
2017-02-07 00:00:00,1076.1727630412138
2017-02-08 00:00:00,1076.2465822116203
2017-02-09 00:00:00,1076.3281048784952
2017-02-10 00:00:00,1076.4173098027263
2017-02-12 00:00:00,1076.6186806240446
2017-02-13 00:00:00,1076.7308016327854
2017-02-14 00:00:00,1076.8505135945027
2017-02-15 00:00:00,1076.9777885689643
2017-02-16 00:00:00,1077.112595095462
2017-02-17 00:00:00,1077.2548976871492
2017-02-19 00:00:00,1077.5618270069413
2017-02-20 00:00:00,1077.726360000702
2017-02-21 00:00:00,1077.898201239075
2017-02-22 00:00:00,1078.0772913216458
2017-02-23 00:00:00,1078.2635653891214
2017-02-24 00:00:00,1078.4569527622077
2017-02-26 00:00:00,1078.8647531091758
2017-02-27 00:00:00,1079.078991980299
2017-02-28 00:00:00,1079.2999955347134
2017-03-01 00:00:00,1079.5276593148883
2017-03-02 00:00:00,1079.7618725728835
2017-03-03 00:00:00,1080.0
2017-03-05 00:00:00,1080.0
2017-03-06 00:00:00,1080.0
2017-03-07 00:00:00,1080.0
2017-03-08 00:00:00,1080.0
2017-03-09 00:00:00,1080.0
2017-03-10 00:00:00,1080.0
2017-03-12 00:00:00,1080.0
2017-03-13 00:00:00,1080.0
2017-03-14 00:00:00,1080.0
2017-03-15 00:00:00,1080.0
2017-03-16 00:00:00,1080.0
2017-03-17 00:00:00,1080.0
2017-03-19 00:00:00,1080.0
2017-03-20 00:00:00,1080.0
2017-03-21 00:00:00,1080.0
2017-03-22 00:00:00,1080.0
2017-03-23 00:00:00,1080.0
2017-03-24 00:00:00,1080.0
2017-03-26 00:00:00,1080.0
2017-03-27 01:00:00,1080.0
2017-03-28 01:00:00,1080.0
2017-03-29 01:00:00,1080.0
2017-03-30 01:00:00,1080.0
2017-03-31 01:00:00,1080.0
2017-04-02 01:00:00,1080.0
2017-04-03 01:00:00,1080.0
2017-04-04 01:00:00,1080.0
2017-04-05 01:00:00,1080.0
2017-04-06 01:00:00,1080.0
2017-04-07 01:00:00,1080.0
2017-04-09 01:00:00,1080.0
2017-04-10 01:00:00,1080.0
2017-04-11 01:00:00,1080.0
2017-04-12 01:00:00,1080.0
2017-04-13 01:00:00,1080.0
2017-04-16 01:00:00,1080.0
2017-04-17 01:00:00,1080.0
2017-04-18 01:00:00,1080.0
2017-04-19 01:00:00,1080.0
2017-04-20 01:00:00,1080.0
2017-04-21 01:00:00,1080.0
2017-04-23 01:00:00,1080.0
2017-04-24 01:00:00,1080.0
2017-04-25 01:00:00,1080.0
2017-04-26 01:00:00,1080.0
2017-04-27 01:00:00,1080.0
2017-04-28 01:00:00,1080.0
2017-04-30 01:00:00,1080.0
2017-05-01 01:00:00,1080.0
2017-05-02 01:00:00,1080.0
2017-05-03 01:00:00,1080.0
2017-05-04 01:00:00,1080.0
2017-05-05 01:00:00,1080.0
2017-05-07 01:00:00,1080.0
2017-05-08 01:00:00,1080.0
2017-05-09 01:00:00,1080.0
2017-05-10 01:00:00,1080.0
2017-05-11 01:00:00,1080.0
2017-05-12 01:00:00,1080.0
2017-05-14 01:00:00,1080.0
2017-05-15 01:00:00,1080.0
2017-05-16 01:00:00,1080.0
2017-05-17 01:00:00,1080.0
2017-05-18 01:00:00,1080.0
2017-05-19 01:00:00,1080.0
2017-05-21 01:00:00,1077.3942630461204
2017-05-22 01:00:00,1075.5845482375794
2017-05-23 01:00:00,1073.7591117732354
2017-05-24 01:00:00,1071.9188752107236
2017-05-25 01:00:00,1070.064722659131
2017-05-26 01:00:00,1068.1974945501015
2017-05-28 01:00:00,1064.4269156015794
2017-05-29 01:00:00,1062.5249760767208
2017-05-30 01:00:00,1060.6127849170011
2017-05-31 01:00:00,1058.6909163231824
2017-06-01 01:00:00,1056.7599031618017
2017-06-02 01:00:00,1054.820243785809
2017-06-04 01:00:00,1052.2505845205771
2017-06-05 01:00:00,1052.1344712816629
2017-06-06 01:00:00,1052.0254468081534
2017-06-07 01:00:00,1051.9235225779698
2017-06-08 01:00:00,1051.8287081673025
2017-06-09 01:00:00,1051.7410114975519
2017-06-11 01:00:00,1051.5869961867072
2017-06-12 01:00:00,1051.5206871457206
2017-06-13 01:00:00,1051.461515417653
2017-06-14 01:00:00,1051.4094837929617
2017-06-15 01:00:00,1051.3645945110054
2017-06-16 01:00:00,1051.3268493720036
2017-06-18 01:00:00,1051.2727970257592
2017-06-19 01:00:00,1051.2564917659183
2017-06-20 01:00:00,1051.2473342785834
2017-06-21 01:00:00,1051.2453237466564
2017-06-22 01:00:00,1051.2504575014148
2017-06-23 01:00:00,1051.2627299294663
2017-06-25 01:00:00,1051.3086466714826
2017-06-26 01:00:00,1051.3422556695225
2017-06-27 01:00:00,1051.3829324829371
2017-06-28 01:00:00,1051.4306467580059
2017-06-29 01:00:00,1051.485364632532
2017-06-30 01:00:00,1051.5470497799372
2017-07-02 01:00:00,1051.6911691275798
2017-07-03 01:00:00,1051.773524821038
2017-07-04 01:00:00,1051.8626914166884
2017-07-05 01:00:00,1051.9586287964064
2017-07-06 01:00:00,1052.0612967894854
2017-07-07 01:00:00,1052.1706553164229
2017-07-09 01:00:00,1052.4092850668287
2017-07-10 01:00:00,1052.5384780550326
2017-07-11 01:00:00,1052.6742054295246
2017-07-12 01:00:00,1052.8164299694458
2017-07-13 01:00:00,1052.9651153834448
2017-07-14 01:00:00,1053.1202263197936
2017-07-16 01:00:00,1053.4495876350759
2017-07-17 01:00:00,1053.623771086546
2017-07-18 01:00:00,1053.8042455989294
2017-07-19 01:00:00,1053.99097770275
2017-07-20 01:00:00,1054.18393278651
2017-07-21 01:00:00,1054.3830742005714
2017-07-23 01:00:00,1054.799753854813
2017-07-24 01:00:00,1055.0172013952408
2017-07-25 01:00:00,1054.2209597601375
2017-07-26 01:00:00,1052.072387356291
2017-07-27 01:00:00,1049.9287275230922
2017-07-28 01:00:00,1047.790014237637
2017-07-30 01:00:00,1043.5275092734894
2017-07-31 01:00:00,1041.403739291618
2017-08-01 01:00:00,1039.2849629437935
2017-08-02 01:00:00,1037.1711790602508
2017-08-03 01:00:00,1035.062383155112
2017-08-04 01:00:00,1032.958567851107
2017-08-06 01:00:00,1028.7658377280652
2017-08-07 01:00:00,1026.6768981335417
2017-08-08 01:00:00,1024.5928912742238
2017-08-09 01:00:00,1022.5138047886669
2017-08-10 01:00:00,1020.4396284314455
2017-08-11 01:00:00,1018.3703552831767
2017-08-13 01:00:00,1014.2465134650336
2017-08-14 01:00:00,1012.1919553849675
2017-08-15 01:00:00,1010.1423220408556
2017-08-16 01:00:00,1008.0976318585239
2017-08-17 01:00:00,1006.0579070872852
2017-08-18 01:00:00,1004.0231720250799
2017-08-20 01:00:00,999.9687633349461
2017-08-21 01:00:00,997.949124465863
2017-08-22 01:00:00,995.9345391544357
2017-08-23 01:00:00,993.9250019444319
2017-08-24 01:00:00,991.9204963519309
2017-08-25 01:00:00,989.9209955966735
2017-08-27 01:00:00,985.9368591781246
2017-08-28 01:00:00,983.9521328080241
2017-08-29 01:00:00,981.9722328220602
2017-08-30 01:00:00,979.9971039012858
2017-08-31 01:00:00,978.0266881440458
2017-09-01 01:00:00,976.0609254149847
2017-09-03 01:00:00,972.1431087145183
2017-09-04 01:00:00,970.1909255508899
2017-09-05 01:00:00,968.2431380211357
2017-09-06 01:00:00,966.2996802030636
2017-09-07 01:00:00,964.3604874911396
2017-09-08 01:00:00,962.4254979445565
2017-09-10 01:00:00,958.5679015726479
2017-09-11 01:00:00,956.6451945800416
2017-09-12 01:00:00,954.7264910580077
2017-09-13 01:00:00,952.8117545849803
2017-09-14 01:00:00,950.9009528699407
2017-09-15 01:00:00,948.9940563551229
2017-09-17 01:00:00,949.8298688531254
2017-09-18 01:00:00,950.3614120695319
2017-09-19 01:00:00,950.9463572885605
2017-09-20 01:00:00,951.5927289190073
2017-09-21 01:00:00,952.2983741272144
2017-09-22 01:00:00,953.051239178239
2017-09-24 01:00:00,954.6154608105938
2017-09-25 01:00:00,955.3793168581462
2017-09-26 01:00:00,956.104030581653
2017-09-27 01:00:00,956.7785290903649
2017-09-28 01:00:00,957.4018576442027
2017-09-29 01:00:00,957.5383662990264
2017-10-01 01:00:00,957.6676030925447
2017-10-02 01:00:00,957.7596734313887
2017-10-03 01:00:00,957.9034992634613
2017-10-04 01:00:00,958.1159988198049
2017-10-05 01:00:00,958.4026027498794
2017-10-06 01:00:00,958.7550168488444
2017-10-08 01:00:00,959.5612252286304
2017-10-09 01:00:00,959.9492559544253
2017-10-10 01:00:00,960.2859804061236
2017-10-11 01:00:00,960.5538062375023
2017-10-12 01:00:00,960.7517734943099
2017-10-13 01:00:00,960.8965066424557
2017-10-15 01:00:00,961.1543800871523
2017-10-16 01:00:00,961.341527254119
2017-10-17 01:00:00,961.6079997651095
2017-10-18 01:00:00,961.9683827250667
2017-10-19 01:00:00,962.4209122814123
2017-10-20 01:00:00,962.9480132554966
2017-10-22 01:00:00,964.0990637224899
2017-10-23 01:00:00,964.6488263784797
2017-10-24 01:00:00,965.137732367848
2017-10-25 01:00:00,965.5457877305369
2017-10-26 01:00:00,965.8675115872883
2017-10-27 01:00:00,966.1127905125705
2017-10-29 01:00:00,966.4786041544812
2017-10-30 00:00:00,966.6619295127437
2017-10-31 00:00:00,966.9058158570377
2017-11-01 00:00:00,967.2300745450043
2017-11-02 00:00:00,967.6469566782353
2017-11-03 00:00:00,968.1501067890304
2017-11-05 00:00:00,967.2335446643143
2017-11-06 00:00:00,965.2176724646426
2017-11-07 00:00:00,963.1386497142026
2017-11-08 00:00:00,960.9716815796603
2017-11-09 00:00:00,958.7129958853327
2017-11-10 00:00:00,956.3807090597869
2017-11-12 00:00:00,951.6455298466224
2017-11-13 00:00:00,949.3306430921443
2017-11-14 00:00:00,948.4691503104858
2017-11-15 00:00:00,948.4201157537183
2017-11-16 00:00:00,948.4755516458234
2017-11-17 00:00:00,948.617703473678
2017-11-19 00:00:00,949.0259192675106
2017-11-20 00:00:00,949.2103436023049
2017-11-21 00:00:00,949.332146781215
2017-11-22 00:00:00,949.3669393466532
2017-11-23 00:00:00,949.3052147814843
2017-11-24 00:00:00,949.1535170799536
2017-11-26 00:00:00,948.676751596795
2017-11-27 00:00:00,948.4228257820048
2017-11-28 00:00:00,948.2093067667868
2017-11-29 00:00:00,948.0664610859178
2017-11-30 00:00:00,948.0105849626239
2017-12-01 00:00:00,948.0398196241559
2017-12-03 00:00:00,948.2560115951745
2017-12-04 00:00:00,948.3647267301494
2017-12-05 00:00:00,948.4205257971008
2017-12-06 00:00:00,948.3973889962244
2017-12-07 00:00:00,948.2888456375065
2017-12-08 00:00:00,948.1086679316168
2017-12-10 00:00:00,947.6619084567371
2017-12-11 00:00:00,947.4725803163599
2017-12-12 00:00:00,947.349673946109
2017-12-13 00:00:00,947.310773695078
2017-12-14 00:00:00,947.3577406025856
2017-12-15 00:00:00,947.4773446340188
2017-12-17 00:00:00,947.8273644479242
2017-12-18 00:00:00,947.9928612342246
2017-12-19 00:00:00,948.1122670531234
2017-12-20 00:00:00,948.1654150975235
2017-12-21 00:00:00,948.1434012271448
2017-12-22 00:00:00,948.0494583253251
2017-12-25 00:00:00,947.5205517298241
2017-12-26 00:00:00,947.9376036116287
2017-12-27 00:00:00,950.0948664202408
2017-12-28 00:00:00,952.311746455585
2017-12-29 00:00:00,954.5898337022654
2018-01-01 00:00:00,961.6285904542653
2018-01-02 00:00:00,963.9577136492311
2018-01-03 00:00:00,966.2418134486257
2018-01-04 00:00:00,968.4741074659862
2018-01-05 00:00:00,970.6605685431515
2018-01-07 00:00:00,974.967172354218
2018-01-08 00:00:00,977.132035840087
2018-01-09 00:00:00,979.3304850051209
2018-01-10 00:00:00,981.5734372792065
2018-01-11 00:00:00,983.8630905243336
2018-01-12 00:00:00,986.1934659740552
2018-01-14 00:00:00,990.9244240474765
2018-01-15 00:00:00,993.2937796079283
2018-01-16 00:00:00,995.6471517324841
2018-01-17 00:00:00,997.9755914481998
2018-01-18 00:00:00,1000.2755413539189
2018-01-19 00:00:00,1002.5489093324331
2018-01-21 00:00:00,1007.0454593441609
2018-01-22 00:00:00,1009.2895518729382
2018-01-23 00:00:00,1011.5449413261979
2018-01-24 00:00:00,1013.8194070299965
2018-01-25 00:00:00,1016.116783761181
2018-01-26 00:00:00,1018.43651473504
2018-01-28 00:00:00,1023.123484315747
2018-01-29 00:00:00,1025.4772385988124
2018-01-30 00:00:00,1027.7130742211739
2018-01-31 00:00:00,1027.5434329555849
2018-02-01 00:00:00,1027.3802851678458
2018-02-02 00:00:00,1027.2236728529758
2018-02-04 00:00:00,1026.9302352395853
2018-02-05 00:00:00,1026.7935043231037
2018-02-06 00:00:00,1026.6634957862038
2018-02-07 00:00:00,1026.5402568834177
2018-02-08 00:00:00,1026.4238337037887
2018-02-09 00:00:00,1026.3142708220041
2018-02-11 00:00:00,1026.1158954482562
2018-02-12 00:00:00,1026.0271628663213
2018-02-13 00:00:00,1025.9454501082757
2018-02-14 00:00:00,1025.8707915768475
2018-02-15 00:00:00,1025.8032190743925
2018-02-16 00:00:00,1025.74276155014
2018-02-18 00:00:00,1025.6432915143307
2018-02-19 00:00:00,1025.6043206151378
2018-02-20 00:00:00,1025.5725477203437
2018-02-21 00:00:00,1025.5479849345288
2018-02-22 00:00:00,1025.5306410623296
2018-02-23 00:00:00,1025.520521889936
2018-02-25 00:00:00,1025.521968342502
2018-02-26 00:00:00,1025.533534949249
2018-02-27 00:00:00,1025.5523297796233
2018-02-28 00:00:00,1025.5783525625884
2018-03-01 00:00:00,1025.6116040735903
2018-03-02 00:00:00,1025.6520864461418
2018-03-04 00:00:00,1025.754757590822
2018-03-05 00:00:00,1025.816953705771
2018-03-06 00:00:00,1025.8863934365072
2018-03-07 00:00:00,1025.9630766138673
2018-03-08 00:00:00,1026.0470001413782
2018-03-09 00:00:00,1026.138157550067
2018-03-11 00:00:00,1026.342129704198
2018-03-12 00:00:00,1026.4549125736057
2018-03-13 00:00:00,1026.5748652638083
2018-03-14 00:00:00,1026.7019613631107
2018-03-15 00:00:00,1026.8361698507965
2018-03-16 00:00:00,1026.9774547886425
2018-03-18 00:00:00,1027.281083798299
2018-03-19 00:00:00,1027.4433288005832
2018-03-20 00:00:00,1027.6124519381563
2018-03-21 00:00:00,1027.788389653332
2018-03-22 00:00:00,1027.9710733158095
2018-03-23 00:00:00,1028.1604298191387
2018-03-25 00:00:00,1028.558850928235
2018-03-26 01:00:00,1028.7765343031942
2018-03-27 01:00:00,1028.9920520707758
2018-03-28 01:00:00,1029.2138325873784
2018-03-29 01:00:00,1029.4720618307451
2018-04-01 01:00:00,1037.256635563176
2018-04-02 01:00:00,1039.8600610663077
2018-04-03 01:00:00,1042.467669132005
2018-04-04 01:00:00,1045.0793924750733
2018-04-05 01:00:00,1047.6951574660336
2018-04-06 01:00:00,1050.3148834502717
2018-04-08 01:00:00,1055.5658594296897
2018-04-09 01:00:00,1058.1969118392865
2018-04-10 01:00:00,1060.8315301414139
2018-04-11 01:00:00,1063.4695973731614
2018-04-12 01:00:00,1066.1109888012645
2018-04-13 01:00:00,1068.7555713064748
2018-04-15 01:00:00,1074.0537306927504
2018-04-16 01:00:00,1076.7069930908428
2018-04-17 01:00:00,1079.362817336885
2018-04-18 01:00:00,1080.0
2018-04-19 01:00:00,1080.0
2018-04-20 01:00:00,1080.0
2018-04-22 01:00:00,1080.0
2018-04-23 01:00:00,1080.0
2018-04-24 01:00:00,1080.0
2018-04-25 01:00:00,1080.0
2018-04-26 01:00:00,1080.0
2018-04-27 01:00:00,1080.0
2018-04-29 01:00:00,1080.0
2018-04-30 01:00:00,1080.0
2018-05-01 01:00:00,1080.0
2018-05-02 01:00:00,1080.0
2018-05-03 01:00:00,1080.0
2018-05-04 01:00:00,1080.0
2018-05-06 01:00:00,1080.0
2018-05-07 01:00:00,1080.0
2018-05-08 01:00:00,1080.0
2018-05-09 01:00:00,1080.0
2018-05-10 01:00:00,1080.0
2018-05-11 01:00:00,1080.0
2018-05-13 01:00:00,1080.0
2018-05-14 01:00:00,1080.0
2018-05-15 01:00:00,1080.0
2018-05-16 01:00:00,1080.0
2018-05-17 01:00:00,1080.0
2018-05-18 01:00:00,1080.0
2018-05-20 01:00:00,1080.0
2018-05-21 01:00:00,1080.0
2018-05-22 01:00:00,1080.0
2018-05-23 01:00:00,1080.0
2018-05-24 01:00:00,1080.0
2018-05-25 01:00:00,1080.0
2018-05-27 01:00:00,1078.076235987325
2018-05-28 01:00:00,1075.5867286405728
2018-05-29 01:00:00,1073.0973726375285
2018-05-30 01:00:00,1070.6082369627895
2018-05-31 01:00:00,1068.1193902436842
2018-06-01 01:00:00,1065.630901636978
2018-06-03 01:00:00,1060.65528243883
2018-06-04 01:00:00,1058.1682988475782
2018-06-05 01:00:00,1055.6819681251786
2018-06-06 01:00:00,1053.1963704903305
2018-06-07 01:00:00,1050.7115893979283
2018-06-08 01:00:00,1048.227712046372
2018-06-10 01:00:00,1043.2630415585318
2018-06-11 01:00:00,1040.7824512726197
2018-06-12 01:00:00,1038.303174171923
2018-06-13 01:00:00,1035.825336541563
2018-06-14 01:00:00,1033.3490772239352
2018-06-15 01:00:00,1030.8745472279757
2018-06-17 01:00:00,1025.9313253266457
2018-06-18 01:00:00,1023.4629699630714
2018-06-19 01:00:00,1020.9970090597135
2018-06-20 01:00:00,1019.7276466574184
2018-06-21 01:00:00,1019.5868279484906
2018-06-22 01:00:00,1019.4948729502994
2018-06-24 01:00:00,1019.4568875916856
2018-06-25 01:00:00,1019.4867507888271
2018-06-26 01:00:00,1019.5235478828607
2018-06-27 01:00:00,1019.5467557655585
2018-06-28 01:00:00,1019.539129956493
2018-06-29 01:00:00,1019.489212641951
2018-07-01 01:00:00,1019.2522468194768
2018-07-02 01:00:00,1019.0771815486029
2018-07-03 01:00:00,1018.8811197097807
2018-07-04 01:00:00,1018.6799444955216
2018-07-05 01:00:00,1018.4891153712844
2018-07-06 01:00:00,1018.3210816379446
2018-07-08 01:00:00,1018.0760755205088
2018-07-09 01:00:00,1017.9942560752542
2018-07-10 01:00:00,1017.9268424499384
2018-07-11 01:00:00,1017.8603926100695
2018-07-12 01:00:00,1017.782074475791
2018-07-13 01:00:00,1017.6827423146674
2018-07-15 01:00:00,1017.4130229257905
2018-07-16 01:00:00,1017.2525793328797
2018-07-17 01:00:00,1017.0873327745308
2018-07-18 01:00:00,1016.926795984204
2018-07-19 01:00:00,1016.7779827498773
2018-07-20 01:00:00,1016.644211087131
2018-07-22 01:00:00,1016.4169933911343
2018-07-23 01:00:00,1016.3152107784003
2018-07-24 01:00:00,1016.2146727685915
2018-07-25 01:00:00,1016.1115537743665
2018-07-26 01:00:00,1016.0039411320885
2018-07-27 01:00:00,1015.8920197838186
2018-07-29 01:00:00,1015.6640981591884
2018-07-30 01:00:00,1015.5542200361749
2018-07-31 01:00:00,1015.4504227078884
2018-08-01 01:00:00,1015.3534675513207
2018-08-02 01:00:00,1015.262179116865
2018-08-03 01:00:00,1015.1735762335989
2018-08-05 01:00:00,1014.9881313131691
2018-08-06 01:00:00,1014.8847343968671
2018-08-07 01:00:00,1014.7735978038136
2018-08-08 01:00:00,1014.6583465882446
2018-08-09 01:00:00,1014.545712414424
2018-08-10 01:00:00,1014.444166191334
2018-08-12 01:00:00,1014.3035342233459
2018-08-13 01:00:00,1014.2699830521491
2018-08-14 01:00:00,1014.2561163599031
2018-08-15 01:00:00,1014.2524608829004
2018-08-16 01:00:00,1014.24712095382
2018-08-17 01:00:00,1014.2285476532859
2018-08-19 01:00:00,1014.1226821461685
2018-08-20 01:00:00,1014.0343400607107
2018-08-21 01:00:00,1013.9312661518712
2018-08-22 01:00:00,1013.8258394487442
2018-08-23 01:00:00,1013.7327255746387
2018-08-24 01:00:00,1013.6664694828644
2018-08-26 01:00:00,1013.6577139036995
2018-08-27 01:00:00,1013.723377463479
2018-08-28 01:00:00,1013.82986819125
2018-08-29 01:00:00,1013.9642561982839
2018-08-30 01:00:00,1014.1084534862288
2018-08-31 01:00:00,1014.2420686366637
2018-09-02 01:00:00,1014.407533691299
2018-09-03 01:00:00,1014.4218439484588
2018-09-04 01:00:00,1014.3959706126382
2018-09-05 01:00:00,1014.3473854780834
2018-09-06 01:00:00,1014.3011036164635
2018-09-07 01:00:00,1014.2845380118897
2018-09-09 01:00:00,1014.4242075457172
2018-09-10 01:00:00,1014.5940344608074
2018-09-11 01:00:00,1014.8166955082738
2018-09-12 01:00:00,1015.0675794849162
2018-09-13 01:00:00,1014.4013384407468
2018-09-14 01:00:00,1013.2792960175985
2018-09-16 01:00:00,1010.9886420328842
2018-09-17 01:00:00,1009.8180188477266
2018-09-18 01:00:00,1008.6497205379327
2018-09-19 01:00:00,1007.5099384927369
2018-09-20 01:00:00,1006.4293905594897
2018-09-21 01:00:00,1005.4384922495077
2018-09-23 01:00:00,1003.8182177116321
2018-09-24 01:00:00,1003.2097146201248
2018-09-25 01:00:00,1002.7286140327777
2018-09-26 01:00:00,1002.354245944264
2018-09-27 01:00:00,1002.0569417855762
2018-09-28 01:00:00,1001.8032837226607
2018-09-30 01:00:00,1001.3143875685666
2018-10-01 01:00:00,1001.052411204971
2018-10-02 01:00:00,1000.7886273812737
2018-10-03 01:00:00,1000.5513163895985
2018-10-04 01:00:00,1000.3801936300247
2018-10-05 01:00:00,1000.3184628725588
2018-10-07 01:00:00,1000.6586133211755
2018-10-08 01:00:00,1001.0876943845201
2018-10-09 01:00:00,1001.6746091012902
2018-10-10 01:00:00,1002.387048627048
2018-10-11 01:00:00,1003.1840660123893
2018-10-12 01:00:00,1004.0251101995731
2018-10-14 01:00:00,1005.7255875793393
2018-10-15 01:00:00,1006.5659751803821
2018-10-16 01:00:00,1007.4135982371415
2018-10-17 01:00:00,1008.2945294083316
2018-10-18 01:00:00,1009.2412768974968
2018-10-19 01:00:00,1010.2865569452786
2018-10-21 01:00:00,1012.7681206783728
2018-10-22 01:00:00,1014.2195606263829
2018-10-23 01:00:00,1015.794180482482
2018-10-24 01:00:00,1017.4586843353057
2018-10-25 01:00:00,1019.1677325448469
2018-10-26 01:00:00,1020.8706581855895
2018-10-28 01:00:00,1024.0791421507777
2018-10-29 00:00:00,1025.4724695647283
2018-10-30 00:00:00,1026.8216968040274
2018-10-31 00:00:00,1028.0850638482586
2018-11-01 00:00:00,1028.6295325575104
2018-11-02 00:00:00,1028.8201839256326
2018-11-04 00:00:00,1029.4315729890336
2018-11-05 00:00:00,1029.8830867090387
2018-11-06 00:00:00,1030.4183824715665
2018-11-07 00:00:00,1031.0054649517829
2018-11-08 00:00:00,1031.6029746941376
2018-11-09 00:00:00,1032.1690846888785
2018-11-11 00:00:00,1033.0844679719012
2018-11-12 00:00:00,1033.4092629884842
2018-11-13 00:00:00,1033.6560725988534
2018-11-14 00:00:00,1033.8499152554173
2018-11-15 00:00:00,1034.0241005041678
2018-11-16 00:00:00,1034.2144609162387
2018-11-18 00:00:00,1034.764188954819
2018-11-19 00:00:00,1035.15719237717
2018-11-20 00:00:00,1035.6272292070444
2018-11-21 00:00:00,1036.1542326693695
2018-11-22 00:00:00,1036.706528966775
2018-11-23 00:00:00,1037.2467270025975
2018-11-25 00:00:00,1038.1578270277482
2018-11-26 00:00:00,1038.4915346184064
2018-11-27 00:00:00,1038.7470529606442
2018-11-28 00:00:00,1038.947283020255
2018-11-29 00:00:00,1039.1261040280872
2018-11-30 00:00:00,1039.3207426811389
2018-12-02 00:00:00,1038.8908258927365
2018-12-03 00:00:00,1038.1459521856643
2018-12-04 00:00:00,1037.4159298329514
2018-12-05 00:00:00,1036.6795500728379
2018-12-06 00:00:00,1035.9085866700937
2018-12-07 00:00:00,1035.0741620377198
2018-12-09 00:00:00,1033.129047148149
2018-12-10 00:00:00,1032.0004167823265
2018-12-11 00:00:00,1030.774277367475
2018-12-12 00:00:00,1029.4674975166586
2018-12-13 00:00:00,1028.103097079349
2018-12-14 00:00:00,1026.7064832377214
2018-12-16 00:00:00,1023.9065492993702
2018-12-17 00:00:00,1022.5320791083873
2018-12-18 00:00:00,1021.1786515070336
2018-12-19 00:00:00,1019.8372571330134
2018-12-20 00:00:00,1018.4912573205818
2018-12-21 00:00:00,1017.1199718629226
2018-12-23 00:00:00,1014.225859030303
2018-12-24 00:00:00,1012.6812466867372
2018-12-25 00:00:00,1011.0726276331077
2018-12-26 00:00:00,1009.4121180619009
2018-12-27 00:00:00,1007.7176520816495
2018-12-28 00:00:00,1006.0085358070955
2018-12-30 00:00:00,1002.6058596600263
2018-12-31 00:00:00,1000.9254359057752
2019-01-01 00:00:00,999.2556258204451
2019-01-02 00:00:00,997.5871209734194
2019-01-03 00:00:00,995.9083917945381
2019-01-04 00:00:00,994.2084630684883
2019-01-06 00:00:00,990.7160135026677
2019-01-07 00:00:00,988.9192435166182
2019-01-08 00:00:00,987.0924819327263
2019-01-09 00:00:00,985.2419696833535
2019-01-10 00:00:00,983.375042546999
2019-01-11 00:00:00,981.4986687129878
2019-01-13 00:00:00,977.7366049651606
2019-01-14 00:00:00,975.8541525531475
2019-01-15 00:00:00,973.9688993695107
2019-01-16 00:00:00,972.0775966105482
2019-01-17 00:00:00,970.176992274769
2019-01-18 00:00:00,968.2651245432
2019-01-20 00:00:00,964.4107697073429
2019-01-21 00:00:00,962.4749931431207
2019-01-22 00:00:00,960.539240898128
2019-01-23 00:00:00,959.4850400761031
2019-01-24 00:00:00,959.3945650732203
2019-01-25 00:00:00,959.3136066304463
2019-01-27 00:00:00,959.153645246802
2019-01-28 00:00:00,959.0606065627677
2019-01-29 00:00:00,958.9530595520089
2019-01-30 00:00:00,958.8315315520346
2019-01-31 00:00:00,958.7009915594241
2019-02-01 00:00:00,958.5701547048985
2019-02-03 00:00:00,958.3519135847499
2019-02-04 00:00:00,958.2855086037519
2019-02-05 00:00:00,958.2568980362446
2019-02-06 00:00:00,958.2672289060795
2019-02-07 00:00:00,958.3119914764113
2019-02-08 00:00:00,958.3811930404202
2019-02-10 00:00:00,958.5334890367501
2019-02-11 00:00:00,958.5843452866694
2019-02-12 00:00:00,958.6013195515777
2019-02-13 00:00:00,958.5795406929665
2019-02-14 00:00:00,958.5229207355832
2019-02-15 00:00:00,958.4443724954804
2019-02-17 00:00:00,958.3052135317987
2019-02-18 00:00:00,958.2896766216434
2019-02-19 00:00:00,959.5061111266992
2019-02-20 00:00:00,961.7567997653393
2019-02-21 00:00:00,964.0628540828077
2019-02-22 00:00:00,966.4031760890698
2019-02-24 00:00:00,971.078477672928
2019-02-25 00:00:00,973.3667456457636
2019-02-26 00:00:00,975.6065181322627
2019-02-27 00:00:00,976.1100220894714
2019-02-28 00:00:00,975.9510992867188
2019-03-01 00:00:00,975.7981410441595
2019-03-03 00:00:00,975.5102863240414
2019-03-04 00:00:00,975.3754702751552
2019-03-05 00:00:00,975.2467794174557
2019-03-06 00:00:00,975.1242498207572
2019-03-07 00:00:00,975.0079156542101
2019-03-08 00:00:00,974.8978090538401
2019-03-10 00:00:00,974.6963962837538
2019-03-11 00:00:00,974.6051433662728
2019-03-12 00:00:00,974.5202244688631
2019-03-13 00:00:00,974.4416605637075
2019-03-14 00:00:00,974.3694704807191
2019-03-15 00:00:00,974.3036710934821
2019-03-17 00:00:00,974.19130423651
2019-03-18 00:00:00,974.1447646000552
2019-03-19 00:00:00,974.1046729637613
2019-03-20 00:00:00,974.0710450149402
2019-03-21 00:00:00,974.0438986237199
2019-03-22 00:00:00,974.0232541049629
2019-03-24 00:00:00,974.0015617113551
2019-03-25 00:00:00,974.0005615135402
2019-03-26 00:00:00,974.0061564329465
2019-03-27 00:00:00,974.0183679606162
2019-03-28 00:00:00,974.0372153800902
2019-03-29 00:00:00,974.0627154271341
2019-03-31 00:00:00,974.133726514663
2019-04-01 01:00:00,974.1812130606039
2019-04-02 01:00:00,974.2337140495264
2019-04-03 01:00:00,974.2929077833936
2019-04-04 01:00:00,974.3587924051972
2019-04-05 01:00:00,974.4313623603088
2019-04-07 01:00:00,974.5965164265488
2019-04-08 01:00:00,974.6890694347492
2019-04-09 01:00:00,974.7882455317072
2019-04-10 01:00:00,974.89401908644
2019-04-11 01:00:00,975.0063607889165
2019-04-12 01:00:00,975.1252380262201
2019-04-14 01:00:00,975.3824552228411
2019-04-15 01:00:00,975.5207184629029
2019-04-16 01:00:00,975.6653652740814
2019-04-17 01:00:00,975.8163558048714
2019-04-18 01:00:00,975.9736506389445
2019-04-21 01:00:00,976.4829714276465
2019-04-22 01:00:00,976.665090810768
2019-04-23 01:00:00,976.8533115230279
2019-04-24 01:00:00,977.0475855174666
2019-04-25 01:00:00,977.2478603527264
2019-04-26 01:00:00,977.4540788212292
2019-04-28 01:00:00,977.8840929451857
2019-04-29 01:00:00,978.1077490584131
2019-04-30 01:00:00,978.337069582163
2019-05-01 01:00:00,978.518952919639
2019-05-02 01:00:00,978.4450455446475
2019-05-03 01:00:00,978.3256385228092
2019-05-05 01:00:00,978.0845531510025
2019-05-06 01:00:00,978.0348831020126
2019-05-07 01:00:00,978.070376517453
2019-05-08 01:00:00,978.2033238714921
2019-05-09 01:00:00,978.4293661441408
2019-05-10 01:00:00,978.7281169518473
2019-05-12 01:00:00,979.4085568700708
2019-05-13 01:00:00,979.7172388542301
2019-05-14 01:00:00,979.968244469641
2019-05-15 01:00:00,980.1523086427085
2019-05-16 01:00:00,980.2773256284415
2019-05-17 01:00:00,980.3659524658923
2019-05-19 01:00:00,981.4145132164373
2019-05-20 01:00:00,983.9054161075534
2019-05-21 01:00:00,986.4696479516894
2019-05-22 01:00:00,989.1109851665512
2019-05-23 01:00:00,991.8205732371429
2019-05-24 01:00:00,994.579477555027
2019-05-26 01:00:00,1000.1432705460923
2019-05-27 01:00:00,1002.8976474863465
2019-05-28 01:00:00,1005.6086755297879
2019-05-29 01:00:00,1008.2687496810436
2019-05-30 01:00:00,1010.8808789542124
2019-05-31 01:00:00,1013.4580497192162
2019-06-02 01:00:00,1018.5934925320968
2019-06-03 01:00:00,1021.1994685503831
2019-06-04 01:00:00,1023.8566801632746
2019-06-05 01:00:00,1026.5739764241716
2019-06-06 01:00:00,1029.349340597136
2019-06-07 01:00:00,1032.17040185812
2019-06-09 01:00:00,1037.866568351844
2019-06-10 01:00:00,1040.6973742610091
2019-06-11 01:00:00,1043.49498866545
2019-06-12 01:00:00,1046.2540050084685
2019-06-13 01:00:00,1048.9787812477607
2019-06-14 01:00:00,1051.681506676765
2019-06-16 01:00:00,1057.0876066160854
2019-06-17 01:00:00,1059.8217941591768
2019-06-18 01:00:00,1062.5896777291346
2019-06-19 01:00:00,1065.3931679021146
2019-06-20 01:00:00,1068.2281581042193
2019-06-21 01:00:00,1071.0859140634188
2019-06-23 01:00:00,1076.8236099869634
2019-06-24 01:00:00,1078.7299005485709
2019-06-25 01:00:00,1078.8869832940911
2019-06-26 01:00:00,1079.0244241071805
2019-06-27 01:00:00,1079.143419335619
2019-06-28 01:00:00,1079.2488263595362
2019-06-30 01:00:00,1079.4486449117385
2019-07-01 01:00:00,1079.557975187538
2019-07-02 01:00:00,1079.6803261995199
2019-07-03 01:00:00,1079.8168514724644
2019-07-04 01:00:00,1079.9655233496076
2019-07-05 01:00:00,1080.0
2019-07-07 01:00:00,1080.0
2019-07-08 01:00:00,1080.0
2019-07-09 01:00:00,1080.0
2019-07-10 01:00:00,1080.0
2019-07-11 01:00:00,1080.0
2019-07-12 01:00:00,1080.0
2019-07-14 01:00:00,1080.0
2019-07-15 01:00:00,1080.0
2019-07-16 01:00:00,1080.0
2019-07-17 01:00:00,1080.0
2019-07-18 01:00:00,1077.9119830741881
2019-07-19 01:00:00,1077.7943487283435
2019-07-21 01:00:00,1077.5933957331486
2019-07-22 01:00:00,1077.499974104976
2019-07-23 01:00:00,1077.4016463913624
2019-07-24 01:00:00,1077.291012638181
2019-07-25 01:00:00,1077.1625074530627
2019-07-26 01:00:00,1077.0139898214197
2019-07-28 01:00:00,1076.6711974671332
2019-07-29 01:00:00,1076.4951524109345
2019-07-30 01:00:00,1076.33276650511
2019-07-31 01:00:00,1076.1962406841121
2019-08-01 01:00:00,1076.0937493432796
2019-08-02 01:00:00,1076.0267833529415
2019-08-04 01:00:00,1075.9668591472368
2019-08-05 01:00:00,1075.9430501212937
2019-08-06 01:00:00,1075.9002950888432
2019-08-07 01:00:00,1075.8260003868459
2019-08-08 01:00:00,1075.7153261057038
2019-08-09 01:00:00,1075.572445874034
2019-08-11 01:00:00,1075.2449970493547
2019-08-12 01:00:00,1075.0985130538422
2019-08-13 01:00:00,1074.9889119316747
2019-08-14 01:00:00,1074.9301986376545
2019-08-15 01:00:00,1074.9293088924137
2019-08-16 01:00:00,1074.9847999148546
2019-08-18 01:00:00,1075.2180581512446
2019-08-19 01:00:00,1075.3566253014883
2019-08-20 01:00:00,1075.4789438361536
2019-08-21 01:00:00,1075.5639445120198
2019-08-22 01:00:00,1075.5969545315197
2019-08-23 01:00:00,1075.5729018632258
2019-08-25 01:00:00,1075.389924223773
2019-08-26 01:00:00,1075.2745165835083
2019-08-27 01:00:00,1075.1819195904968
2019-08-28 01:00:00,1075.1399307300812
2019-08-29 01:00:00,1075.1674853183936
2019-08-30 01:00:00,1075.2693593234412
2019-09-01 01:00:00,1075.6349670996913
2019-09-02 01:00:00,1075.8384729812208
2019-09-03 01:00:00,1076.0106453543985
2019-09-04 01:00:00,1076.1265539634614
2019-09-05 01:00:00,1076.175812589699
2019-09-06 01:00:00,1076.1644599141316
2019-09-08 01:00:00,1076.0513401288674
2019-09-09 01:00:00,1076.0134109291641
2019-09-10 01:00:00,1076.0303717611532
2019-09-11 01:00:00,1076.1257016835086
2019-09-12 01:00:00,1076.3113813550221
2019-09-13 01:00:00,1076.5859664854054
2019-09-15 01:00:00,1077.331236106496
2019-09-16 01:00:00,1077.7420878674375
2019-09-17 01:00:00,1078.1312049100363
2019-09-18 01:00:00,1078.4661517538648
2019-09-19 01:00:00,1078.7237044647345
2019-09-20 01:00:00,1078.8943336777672
2019-09-22 01:00:00,1079.0169145524428
2019-09-23 01:00:00,1079.0260071779605
2019-09-24 01:00:00,1079.0529068308217
2019-09-25 01:00:00,1079.1366102571849
2019-09-26 01:00:00,1079.305265764745
2019-09-27 01:00:00,1079.5689190726891
2019-09-29 01:00:00,1080.0
2019-09-30 01:00:00,1080.0
2019-10-01 01:00:00,1080.0
2019-10-02 01:00:00,1080.0
2019-10-03 01:00:00,1080.0
2019-10-04 01:00:00,1080.0
2019-10-06 01:00:00,1080.0
2019-10-07 01:00:00,1080.0
2019-10-08 01:00:00,1080.0
2019-10-09 01:00:00,1080.0
2019-10-10 01:00:00,1080.0
2019-10-11 01:00:00,1080.0
2019-10-13 01:00:00,1079.6617475222179
2019-10-14 01:00:00,1077.097735353743
2019-10-15 01:00:00,1074.5332749893366
2019-10-16 01:00:00,1071.9683874312962
2019-10-17 01:00:00,1069.403092756907
2019-10-18 01:00:00,1066.8374106477434
2019-10-20 01:00:00,1061.7049647749889
2019-10-21 01:00:00,1059.1382446476941
2019-10-22 01:00:00,1056.57122626618
2019-10-23 01:00:00,1054.0039393467634
2019-10-24 01:00:00,1051.4364190214235
2019-10-25 01:00:00,1048.8687070931292
2019-10-27 01:00:00,1043.7329132802
2019-10-28 00:00:00,1041.2719284041168
2019-10-29 00:00:00,1038.7040085248602
2019-10-30 00:00:00,1036.1362010568237
2019-10-31 00:00:00,1033.568574599503
2019-11-01 00:00:00,1031.0011948504414
2019-11-03 00:00:00,1025.867417659375
2019-11-04 00:00:00,1023.3011305806398
2019-11-05 00:00:00,1020.7353116332135
2019-11-06 00:00:00,1018.17000704577
2019-11-07 00:00:00,1015.6052602508348
2019-11-08 00:00:00,1013.0411120945807
2019-11-10 00:00:00,1007.9147623530196
2019-11-11 00:00:00,1005.3526294400026
2019-11-12 00:00:00,1002.7912322541733
2019-11-13 00:00:00,1000.2305980401841
2019-11-14 00:00:00,997.6707513755006
2019-11-15 00:00:00,995.111714623494
2019-11-17 00:00:00,989.996153747098
2019-11-18 00:00:00,987.4396708063194
2019-11-19 00:00:00,984.8840825145271
2019-11-20 00:00:00,982.3294146695586
2019-11-21 00:00:00,979.7756974843816
2019-11-22 00:00:00,977.2229668174801
2019-11-24 00:00:00,972.1206423980916
2019-11-25 00:00:00,970.4660381799388
2019-11-26 00:00:00,969.9621761037347
2019-11-27 00:00:00,969.4577746006078
2019-11-28 00:00:00,968.9529191981264
2019-11-29 00:00:00,968.4476945052404
2019-12-01 00:00:00,967.4364676984484
2019-12-02 00:00:00,966.9306259266791
2019-12-03 00:00:00,966.4247354018235
2019-12-04 00:00:00,963.604558368711
2019-12-05 00:00:00,960.6139805110566
2019-12-06 00:00:00,957.5836528802067
2019-12-08 00:00:00,951.4259001081476
2019-12-09 00:00:00,948.3236698916869
2019-12-10 00:00:00,945.2270243303159
2019-12-11 00:00:00,942.1507140331828
2019-12-12 00:00:00,940.4190245455318
2019-12-13 00:00:00,939.6633220630988
2019-12-15 00:00:00,938.2425052601851
2019-12-16 00:00:00,937.5591427013967
2019-12-17 00:00:00,936.8775799963942
2019-12-18 00:00:00,936.1866810636225
2019-12-19 00:00:00,935.4790305093563
2019-12-20 00:00:00,934.7524127551308
2019-12-22 00:00:00,933.2566300623968
2019-12-23 00:00:00,932.501818153871
2019-12-24 00:00:00,931.7521940682751
2019-12-25 00:00:00,931.0124536725423
2019-12-26 00:00:00,930.2840485805345
2019-12-27 00:00:00,929.5654412668471
2019-12-29 00:00:00,928.1429154008322
2019-12-30 00:00:00,927.4314404357704
2019-12-31 00:00:00,926.7169857750155
2020-01-01 00:00:00,926.0000103612325
2020-01-02 00:00:00,925.282954854414
2020-01-03 00:00:00,924.5695086688694
2020-01-05 00:00:00,923.1675848400653
2020-01-06 00:00:00,922.4822941096212
2020-01-07 00:00:00,921.8053082423924
2020-01-08 00:00:00,921.1315707301551
2020-01-09 00:00:00,920.2936936584786
2020-01-10 00:00:00,919.155576959264
2020-01-12 00:00:00,916.766523276144
2020-01-13 00:00:00,915.5152064390152
2020-01-14 00:00:00,914.2425381232539
2020-01-15 00:00:00,912.9713767938256
2020-01-16 00:00:00,911.7275302502146
2020-01-17 00:00:00,910.5328942485195
2020-01-19 00:00:00,908.3261698661887
2020-01-20 00:00:00,907.2957915247054
2020-01-21 00:00:00,906.2807756954792
2020-01-22 00:00:00,905.2472725834558
2020-01-23 00:00:00,904.1622556441434
2020-01-24 00:00:00,903.0000954381686
2020-01-26 00:00:00,900.4072289692493
2020-01-27 00:00:00,898.9966686958417
2020-01-28 00:00:00,897.5471038893215
2020-01-29 00:00:00,896.0981118293727
2020-01-30 00:00:00,894.6912476008373
2020-01-31 00:00:00,893.3628109832341
2020-02-02 00:00:00,891.0209890687177
2020-02-03 00:00:00,890.0020182062501
2020-02-04 00:00:00,889.0487724142188
2020-02-05 00:00:00,888.1156427123337
2020-02-06 00:00:00,887.1504694383048
2020-02-07 00:00:00,886.1045198382056
2020-02-09 00:00:00,883.6551093311346
2020-02-10 00:00:00,882.2572812347581
2020-02-11 00:00:00,880.7934611988638
2020-02-12 00:00:00,879.3253366123647
2020-02-13 00:00:00,877.9182053937751
2020-02-14 00:00:00,876.6246088337248
2020-02-16 00:00:00,874.4525684416478
2020-02-17 00:00:00,873.5325190528198
2020-02-18 00:00:00,872.6527345207646
2020-02-19 00:00:00,871.7450886695913
2020-02-20 00:00:00,870.7450204739731
2020-02-21 00:00:00,869.6033305159469
2020-02-23 00:00:00,866.8217035159098
2020-02-24 00:00:00,865.2147929921518
2020-02-25 00:00:00,863.5271777881717
2020-02-26 00:00:00,861.826616559736
2020-02-27 00:00:00,860.1845333591874
2020-02-28 00:00:00,858.6643271716823
2020-03-01 00:00:00,856.1415231727602
2020-03-02 00:00:00,855.1443427691411
2020-03-03 00:00:00,854.2771813849932
2020-03-04 00:00:00,853.4750114866473
2020-03-05 00:00:00,852.6606959915009
2020-03-06 00:00:00,851.7593701370697
2020-03-08 00:00:00,849.49972999869
2020-03-09 00:00:00,848.5084316226768
2020-03-10 00:00:00,849.1053208297818
2020-03-11 00:00:00,849.672291223973
2020-03-12 00:00:00,850.2977100356355
2020-03-13 00:00:00,851.0552433676638
2020-03-15 00:00:00,853.0852770362737
2020-03-16 00:00:00,854.3145287208936
2020-03-17 00:00:00,855.6023902259494
2020-03-18 00:00:00,856.8653975407087
2020-03-19 00:00:00,858.0236579777654
2020-03-20 00:00:00,859.0153077592599
2020-03-22 00:00:00,860.3975553095872
2020-03-23 00:00:00,860.8199577987108
2020-03-24 00:00:00,861.133052191339
2020-03-25 00:00:00,861.4130008151742
2020-03-26 00:00:00,861.7406099639425
2020-03-27 00:00:00,862.1882676411828
2020-03-29 00:00:00,863.6241893212251
2020-03-30 01:00:00,864.6716332972071
2020-03-31 01:00:00,865.8249835389255
2020-04-01 01:00:00,867.0546123951084
2020-04-02 01:00:00,868.2794683519243
2020-04-03 01:00:00,869.4194959284515
2020-04-05 01:00:00,871.2246174286374
2020-04-06 01:00:00,871.8666264268977
2020-04-07 01:00:00,872.3857316254971
2020-04-08 01:00:00,872.8585219610272
2020-04-09 01:00:00,873.3707402394376
2020-04-12 01:00:00,875.7128575136542
2020-04-13 01:00:00,876.7734175415895
2020-04-14 01:00:00,877.894143157648
2020-04-15 01:00:00,878.9989623505251
2020-04-16 01:00:00,880.0139579709049
2020-04-17 01:00:00,880.880733270696
2020-04-19 01:00:00,882.0650580280742
2020-04-20 01:00:00,882.4030524020698
2020-04-21 01:00:00,882.6277602903997
2020-04-22 01:00:00,882.8017753389927
2020-04-23 01:00:00,882.9915597646572
2020-04-24 01:00:00,883.2564521925894
2020-04-26 01:00:00,884.1586819098721
2020-04-27 01:00:00,884.8077812708613
2020-04-28 01:00:00,885.5534361113286
2020-04-29 01:00:00,886.3423171984225
2020-04-30 01:00:00,887.1096378007985
2020-05-01 01:00:00,887.7907217190813
2020-05-03 01:00:00,888.7089537409289
2020-05-04 01:00:00,888.9182584618176
2020-05-05 01:00:00,888.9915643924252
2020-05-06 01:00:00,888.9809551031796
2020-05-07 01:00:00,888.9461828075742
2020-05-08 01:00:00,888.9400335594538
2020-05-10 01:00:00,889.1183044764973
2020-05-11 01:00:00,889.2892425520259
2020-05-12 01:00:00,889.4684793979903
2020-05-13 01:00:00,889.6061043200389
2020-05-14 01:00:00,889.6522948413284
2020-05-15 01:00:00,889.5664226116057
2020-05-17 01:00:00,888.9175102598039
2020-05-18 01:00:00,888.3607439274147
2020-05-19 01:00:00,887.6808401619285
2020-05-20 01:00:00,886.915084135726
2020-05-21 01:00:00,886.103806887998
2020-05-22 01:00:00,885.2837770739008
2020-05-24 01:00:00,883.7152215312926
2020-05-25 01:00:00,882.9819945158997
2020-05-26 01:00:00,882.2701371947712
2020-05-27 01:00:00,881.5568191793053
2020-05-28 01:00:00,880.8144394309969
2020-05-29 01:00:00,880.0169341776736
2020-05-31 01:00:00,878.1958929595627
2020-06-01 01:00:00,877.1757064470564
2020-06-02 01:00:00,876.1076904856764
2020-06-03 01:00:00,875.022994534138
2020-06-04 01:00:00,873.9552852627588
2020-06-05 01:00:00,872.934084707207
2020-06-07 01:00:00,871.1039617366104
2020-06-08 01:00:00,870.3057301765522
2020-06-09 01:00:00,869.5792764623288
2020-06-10 01:00:00,868.9154681051252
2020-06-11 01:00:00,868.3060554877064
2020-06-12 01:00:00,867.7464459874283
2020-06-14 01:00:00,866.7835364072832
2020-06-15 01:00:00,866.3950487415033
2020-06-16 01:00:00,866.0826836992295
2020-06-17 01:00:00,865.8568747329995
2020-06-18 01:00:00,865.7253875549444
2020-06-19 01:00:00,865.6919797669766
2020-06-21 01:00:00,865.9132230407024
2020-06-22 01:00:00,866.1571514324879
2020-06-23 01:00:00,866.4815263438338
2020-06-24 01:00:00,866.8823946986204
2020-06-25 01:00:00,867.3597485742349
2020-06-26 01:00:00,867.9179887317002
2020-06-28 01:00:00,869.3090343966174
2020-06-29 01:00:00,870.156330292955
2020-06-30 01:00:00,871.1071562849144
2020-07-01 01:00:00,872.1542960829188
2020-07-02 01:00:00,873.2833845246859
2020-07-03 01:00:00,874.4750634469456
2020-07-05 01:00:00,876.9676251160743
2020-07-06 01:00:00,878.2410733378501
2020-07-07 01:00:00,879.5282810679392
2020-07-08 01:00:00,880.8379505737825
2020-07-09 01:00:00,882.1868034050689
2020-07-10 01:00:00,883.5963002544567
2020-07-12 01:00:00,886.6802596339147
2020-07-13 01:00:00,888.3813641115005
2020-07-14 01:00:00,890.189485593296
2020-07-15 01:00:00,892.0904020933752
2020-07-16 01:00:00,894.059014978328
2020-07-17 01:00:00,896.0626825786585
2020-07-19 01:00:00,900.0383206331461
2020-07-20 01:00:00,901.9572876840402
2020-07-21 01:00:00,903.8168594406228
2020-07-22 01:00:00,905.6287457891478
2020-07-23 01:00:00,907.4218217034359
2020-07-24 01:00:00,909.2369447871222
2020-07-26 01:00:00,913.1009648724527
2020-07-27 01:00:00,915.2044258585
2020-07-28 01:00:00,917.4236856118446
2020-07-29 01:00:00,919.7307034638444
2020-07-30 01:00:00,922.079718392864
2020-07-31 01:00:00,924.416765591479
2020-08-02 01:00:00,928.8639061976824
2020-08-03 01:00:00,930.9181233488555
2020-08-04 01:00:00,932.8588827427305
2020-08-05 01:00:00,934.7136094102823
2020-08-06 01:00:00,937.3001329161128
2020-08-07 01:00:00,941.2002086342499
2020-08-09 01:00:00,949.1858774276313
2020-08-10 01:00:00,953.3038732141495
2020-08-11 01:00:00,957.5098798386967
2020-08-12 01:00:00,961.7926594874103
2020-08-13 01:00:00,966.1304116817191
2020-08-14 01:00:00,970.4939096605702
2020-08-16 01:00:00,979.1728649810723
2020-08-17 01:00:00,983.4383811437347
2020-08-18 01:00:00,987.6402747232164
2020-08-19 01:00:00,991.7870382630753
2020-08-20 01:00:00,995.9023186325248
2020-08-21 01:00:00,1000.0202908635416
2020-08-23 01:00:00,1008.4049731061998
2020-08-24 01:00:00,1012.7176876265006
2020-08-25 01:00:00,1017.1132997366914
2020-08-26 01:00:00,1021.3266645088495
2020-08-27 01:00:00,1023.626704842602
2020-08-28 01:00:00,1025.9115425194361
2020-08-30 01:00:00,1030.2974906414915
2020-08-31 01:00:00,1032.3580711699497
2020-09-01 01:00:00,1034.3291512159785
2020-09-02 01:00:00,1036.2291349353072
2020-09-03 01:00:00,1036.8965393427345
2020-09-04 01:00:00,1036.5213408899983
2020-09-06 01:00:00,1035.8825473775898
2020-09-07 01:00:00,1035.6701563041868
2020-09-08 01:00:00,1035.5417236564542
2020-09-09 01:00:00,1035.4879251596171
2020-09-10 01:00:00,1035.4855376344776
2020-09-11 01:00:00,1035.5010311687142
2020-09-13 01:00:00,1035.4343860271392
2020-09-14 01:00:00,1035.2889087493722
2020-09-15 01:00:00,1035.0481431912242
2020-09-16 01:00:00,1034.7198880230912
2020-09-17 01:00:00,1034.3308953351839
2020-09-18 01:00:00,1033.9215839216517
2020-09-20 01:00:00,1033.2136517842423
2020-09-21 01:00:00,1032.973834766448
2020-09-22 01:00:00,1032.8168636224723
2020-09-23 01:00:00,1032.721710305258
2020-09-24 01:00:00,1032.652342214559
2020-09-25 01:00:00,1032.566212287953
2020-09-27 01:00:00,1032.193918744994
2020-09-28 01:00:00,1031.8634756270503
2020-09-29 01:00:00,1031.4346769556696
2020-09-30 01:00:00,1030.92618570716
2020-10-01 01:00:00,1030.3688367352481
2020-10-02 01:00:00,1029.800063560076
2020-10-04 01:00:00,1028.7734716611862
2020-10-05 01:00:00,1028.369146673743
2020-10-06 01:00:00,1028.0524313980486
2020-10-07 01:00:00,1027.8164622969207
2020-10-08 01:00:00,1027.6408597676916
2020-10-09 01:00:00,1027.494930416486
2020-10-11 01:00:00,1027.1488575121193
2020-10-12 01:00:00,1026.8861059160913
2020-10-13 01:00:00,1026.5405455641517
2020-10-14 01:00:00,1026.1157809705771
2020-10-15 01:00:00,1025.6330194324742
2020-10-16 01:00:00,1025.1267590669113
2020-10-18 01:00:00,1024.1973116275751
2020-10-19 01:00:00,1023.830142509458
2020-10-20 01:00:00,1023.5379979121723
2020-10-21 01:00:00,1023.3057371576087
2020-10-22 01:00:00,1023.1048312494063
2020-10-23 01:00:00,1022.9005608115613
2020-10-25 01:00:00,1022.3569615846028
2020-10-26 00:00:00,1021.9964267097181
2020-10-27 00:00:00,1021.5471516939209
2020-10-28 00:00:00,1021.0358029606424
2020-10-29 00:00:00,1020.4847181413293
2020-10-30 00:00:00,1019.9215316517724
2020-11-01 00:00:00,1018.8673261333109
2020-11-02 00:00:00,1018.417069246499
2020-11-03 00:00:00,1018.0305567610708
2020-11-04 00:00:00,1017.7044152712363
2020-11-05 00:00:00,1017.4257414970998
2020-11-06 00:00:00,1017.1742913348028
2020-11-08 00:00:00,1016.6563394705913
2020-11-09 00:00:00,1016.3463821249165
2020-11-10 00:00:00,1015.9850431521119
2020-11-11 00:00:00,1015.5723172795025
2020-11-12 00:00:00,1015.1192891053137
2020-11-13 00:00:00,1014.6456202881187
2020-11-15 00:00:00,1013.7278563375621
2020-11-16 00:00:00,1013.3192762194396
2020-11-17 00:00:00,1012.952976993396
2020-11-18 00:00:00,1012.6227782300055
2020-11-19 00:00:00,1012.3147694941413
2020-11-20 00:00:00,1012.0112833105093
2020-11-22 00:00:00,1011.3530221086824
2020-11-23 00:00:00,1010.9778543295284
2020-11-24 00:00:00,1010.569166079377
2020-11-25 00:00:00,1010.1324351816884
2020-11-26 00:00:00,1009.6772916861614
2020-11-27 00:00:00,1009.2152396811267
2020-11-29 00:00:00,1005.0113120582683
2020-11-30 00:00:00,1002.0338441411568
2020-12-01 00:00:00,999.0756918797036
2020-12-02 00:00:00,996.1344104538205
2020-12-03 00:00:00,993.2046864168093
2020-12-04 00:00:00,990.2796558532305
2020-12-06 00:00:00,984.4175130207882
2020-12-07 00:00:00,981.4719244111708
2020-12-08 00:00:00,978.5155665257711
2020-12-09 00:00:00,975.5508592935195
2020-12-10 00:00:00,972.5816277623769
2020-12-11 00:00:00,969.6116507529568
2020-12-13 00:00:00,963.6757713495689
2020-12-14 00:00:00,960.70715843162
2020-12-15 00:00:00,957.7334153828092
2020-12-16 00:00:00,954.7508974924349
2020-12-17 00:00:00,951.7577095066476
2020-12-18 00:00:00,948.7547186936167
2020-12-20 00:00:00,942.7368502963138
2020-12-21 00:00:00,939.7350284916782
2020-12-22 00:00:00,936.8006937947712
2020-12-23 00:00:00,934.0533429280399
2020-12-24 00:00:00,931.3236893390812
2020-12-27 00:00:00,923.1854701745654
2020-12-28 00:00:00,920.4575591620815
2020-12-29 00:00:00,917.704768215876
2020-12-30 00:00:00,914.9201468640263
2020-12-31 00:00:00,912.1016689054479
2021-01-03 00:00:00,897.1937476992421
2021-01-04 00:00:00,891.7239071143091
2021-01-05 00:00:00,886.3114269242798
2021-01-06 00:00:00,880.9774549256454
2021-01-07 00:00:00,875.7258693527068
2021-01-08 00:00:00,870.5406451288978
2021-01-10 00:00:00,860.2210020716642
2021-01-11 00:00:00,854.9944406807217
2021-01-12 00:00:00,849.6704707576611
2021-01-13 00:00:00,844.229955107984
2021-01-14 00:00:00,838.6766411504855
2021-01-15 00:00:00,833.0367729960838
2021-01-17 00:00:00,821.6800027707748
2021-01-18 00:00:00,816.0655424657805
2021-01-19 00:00:00,810.5495148047746
2021-01-20 00:00:00,805.152347697084
2021-01-21 00:00:00,799.872186797762
2021-01-22 00:00:00,794.6851461814521
2021-01-24 00:00:00,784.4110315102076
2021-01-25 00:00:00,779.2147371193346
2021-01-26 00:00:00,773.9114270288536
2021-01-27 00:00:00,768.4682724323623
2021-01-28 00:00:00,762.8757464470629
2021-01-29 00:00:00,757.1515195293529
2021-01-31 00:00:00,745.5034037240931
2021-02-01 00:00:00,739.7143456225022
2021-02-02 00:00:00,734.0360201153634
2021-02-03 00:00:00,728.5094403489157
2021-02-04 00:00:00,723.1422006676213
2021-02-05 00:00:00,717.9056047207032
2021-02-07 00:00:00,709.1737128371889
2021-02-08 00:00:00,706.1861401291851
2021-02-09 00:00:00,703.049263414794
2021-02-10 00:00:00,699.7284742187363
2021-02-11 00:00:00,696.2249090628143
2021-02-12 00:00:00,693.3454280483088
2021-02-14 00:00:00,689.9418029167348
2021-02-15 00:00:00,688.3109885190346
2021-02-16 00:00:00,686.8167671105125
2021-02-17 00:00:00,685.4972613420548
2021-02-18 00:00:00,684.3595167745065
2021-02-19 00:00:00,683.3790852282644
2021-02-21 00:00:00,681.6669242851124
2021-02-22 00:00:00,680.7899301188615
2021-02-23 00:00:00,679.8042870624829
2021-02-24 00:00:00,678.6597914293999
2021-02-25 00:00:00,677.3359335726642
2021-02-26 00:00:00,675.8479421192062
2021-02-28 00:00:00,672.6085785966477
2021-03-01 00:00:00,671.02362025389
2021-03-02 00:00:00,669.5717965738437
2021-03-03 00:00:00,668.3058863889854
2021-03-04 00:00:00,667.2382131945309
2021-03-05 00:00:00,666.3371826116024
2021-03-07 00:00:00,664.7440043396037
2021-03-08 00:00:00,663.873949123257
2021-03-09 00:00:00,662.8531741776907
2021-03-10 00:00:00,661.6414789220327
2021-03-11 00:00:00,660.2372670032012
2021-03-12 00:00:00,658.6764775112151
2021-03-14 00:00:00,655.3621593930224
2021-03-15 00:00:00,653.7720769855022
2021-03-16 00:00:00,652.3228463191849
2021-03-17 00:00:00,651.0589214848885
2021-03-18 00:00:00,649.9942923564689
2021-03-19 00:00:00,649.1114879875887
2021-03-21 00:00:00,647.6911900978594
2021-03-22 00:00:00,647.0149569844872
2021-03-23 00:00:00,646.2663379095642
2021-03-24 00:00:00,645.3910687401301
2021-03-25 00:00:00,644.3617874494512
2021-03-26 00:00:00,643.1847317823444
2021-03-28 00:00:00,640.5758057535545
2021-03-29 01:00:00,639.2401836779462
2021-03-30 01:00:00,638.0774845982797
2021-03-31 01:00:00,637.0827309093554
2021-04-01 01:00:00,636.2696623530543
2021-04-04 01:00:00,634.5260877807234
2021-04-05 01:00:00,633.9455601375881
2021-04-06 01:00:00,633.2553904120771
2021-04-07 01:00:00,632.4219927208653
2021-04-08 01:00:00,631.443152776772
2021-04-09 01:00:00,630.3464282040608
2021-04-11 01:00:00,628.0124434749854
2021-04-12 01:00:00,626.9004441317319
2021-04-13 01:00:00,625.8989326932071
2021-04-14 01:00:00,625.0429091186545
2021-04-15 01:00:00,624.3451400159573
2021-04-16 01:00:00,623.7954394999949
2021-04-18 01:00:00,623.0033961117912
2021-04-19 01:00:00,622.6629972053705
2021-04-20 01:00:00,622.2908558014715
2021-04-21 01:00:00,621.8460763580051
2021-04-22 01:00:00,621.305804125786
2021-04-23 01:00:00,620.6784474407172
2021-04-25 01:00:00,623.9402265611202
2021-04-26 01:00:00,625.5762745656939
2021-04-27 01:00:00,627.2820350945951
2021-04-28 01:00:00,629.0925022437734
2021-04-29 01:00:00,631.0203019451769
2021-04-30 01:00:00,633.0541190001703
2021-05-02 01:00:00,637.30273747601
2021-05-03 01:00:00,639.4313778391634
2021-05-04 01:00:00,641.513574693595
2021-05-05 01:00:00,643.5294838487123
2021-05-06 01:00:00,645.476655750396
2021-05-07 01:00:00,647.3686256706725
2021-05-09 01:00:00,651.0935121253028
2021-05-10 01:00:00,652.9879607128022
2021-05-11 01:00:00,654.9389744946128
2021-05-12 01:00:00,656.9625179500575
2021-05-13 01:00:00,659.0638708040817
2021-05-14 01:00:00,661.2378444504565
2021-05-16 01:00:00,665.7423683500534
2021-05-17 01:00:00,668.0315502218039
2021-05-18 01:00:00,670.7812750353453
2021-05-19 01:00:00,675.4815932686578
2021-05-20 01:00:00,680.1744634819374
2021-05-21 01:00:00,684.8605257010543
2021-05-23 01:00:00,694.2322884446579
2021-05-24 01:00:00,698.9322531633195
2021-05-25 01:00:00,703.6500481871117
2021-05-26 01:00:00,708.3888940533247
2021-05-27 01:00:00,713.1487292983126
2021-05-28 01:00:00,717.9268147298563
2021-05-30 01:00:00,727.5216891516242
2021-05-31 01:00:00,732.332365919456
2021-06-01 01:00:00,737.1508934422474
2021-06-02 01:00:00,741.9789869598852
2021-06-03 01:00:00,746.8194885802582
2021-06-04 01:00:00,751.6752302144395
2021-06-06 01:00:00,761.4375327721473
2021-06-07 01:00:00,766.3417736822338
2021-06-08 01:00:00,771.2566142693148
2021-06-09 01:00:00,776.17688275789
2021-06-10 01:00:00,781.0973498390159
2021-06-11 01:00:00,786.0139263632835
2021-06-13 01:00:00,795.8311679389853
2021-06-14 01:00:00,800.7376869596454
2021-06-15 01:00:00,805.6518742535868
2021-06-16 01:00:00,810.5829640964178
2021-06-17 01:00:00,815.5399862127343
2021-06-18 01:00:00,820.5295073597695
2021-06-20 01:00:00,830.6082001833487
2021-06-21 01:00:00,835.6838648096231
2021-06-22 01:00:00,840.7667024150347
2021-06-23 01:00:00,845.8416959009352
2021-06-24 01:00:00,850.8963052283656
2021-06-25 01:00:00,855.9238212759942
2021-06-27 01:00:00,865.9101659812574
2021-06-28 01:00:00,870.8932973314295
2021-06-29 01:00:00,875.8927046998713
2021-06-30 01:00:00,880.9250520170041
2021-07-01 01:00:00,886.0022198729115
2021-07-02 01:00:00,891.128844756799
2021-07-04 01:00:00,901.5084671371065
2021-07-05 01:00:00,906.7332293548027
2021-07-06 01:00:00,911.9556690512885
2021-07-07 01:00:00,917.1561248725598
2021-07-08 01:00:00,919.9205817655479
2021-07-09 01:00:00,922.4918153300423
2021-07-11 01:00:00,927.4936041205166
2021-07-12 01:00:00,929.9496402854762
2021-07-13 01:00:00,932.4049553572472
2021-07-14 01:00:00,934.8853981923711
2021-07-15 01:00:00,937.4141127460967
2021-07-16 01:00:00,940.0063660687939
2021-07-18 01:00:00,945.3813787673223
2021-07-19 01:00:00,948.1314159674681
2021-07-20 01:00:00,950.8851797705381
2021-07-21 01:00:00,953.6108035443722
2021-07-22 01:00:00,956.2821782222076
2021-07-23 01:00:00,957.5417755209035
2021-07-25 01:00:00,957.3701627503733
2021-07-26 01:00:00,957.2295181258189
2021-07-27 01:00:00,957.0940793285421
2021-07-28 01:00:00,956.9947296962912
2021-07-29 01:00:00,956.9543933288669
2021-07-30 01:00:00,956.9838248023174
2021-08-01 01:00:00,957.2269303974332
2021-08-02 01:00:00,957.3988802655806
2021-08-03 01:00:00,957.5646326432719
2021-08-04 01:00:00,957.6928149726174
2021-08-05 01:00:00,957.7571567011536
2021-08-06 01:00:00,957.7411421863605
2021-08-08 01:00:00,957.4690804650836
2021-08-09 01:00:00,957.2490092101067
2021-08-10 01:00:00,957.0157675387749
2021-08-11 01:00:00,956.8075574954307
2021-08-12 01:00:00,956.6585318634005
2021-08-13 01:00:00,956.5913164784895
2021-08-15 01:00:00,956.705748295812
2021-08-16 01:00:00,956.8439961981588
2021-08-17 01:00:00,956.9858576733178
2021-08-18 01:00:00,957.0892554185726
2021-08-19 01:00:00,957.119674890867
2021-08-20 01:00:00,957.0576536614576
2021-08-22 01:00:00,956.673886616388
2021-08-23 01:00:00,956.4035322654621
2021-08-24 01:00:00,956.1318073014304
2021-08-25 01:00:00,955.8974632195675
2021-08-26 01:00:00,955.7305774835846
2021-08-27 01:00:00,955.6473905612123
2021-08-29 01:00:00,955.7173694176428
2021-08-30 01:00:00,955.8277650917614
2021-08-31 01:00:00,955.9443193055808
2021-09-01 01:00:00,956.0305864148372
2021-09-02 01:00:00,956.0547619158642
2021-09-03 01:00:00,955.9953082878565
2021-09-05 01:00:00,955.6141041164421
2021-09-06 01:00:00,955.327283056406
2021-09-07 01:00:00,955.0217188572826
2021-09-08 01:00:00,954.738987750876
2021-09-09 01:00:00,954.516616843193
2021-09-10 01:00:00,954.3797330103508
2021-09-12 01:00:00,954.369553375251
2021-09-13 01:00:00,954.4523175325245
2021-09-14 01:00:00,954.5423975394212
2021-09-15 01:00:00,954.5974307950904
2021-09-16 01:00:00,954.5829568998744
2021-09-17 01:00:00,954.4795113522686
2021-09-19 01:00:00,954.0199920211112
2021-09-20 01:00:00,953.7115733638292
2021-09-21 01:00:00,953.3982783055225
2021-09-22 01:00:00,953.1166913779327
2021-09-23 01:00:00,952.8959743253573
2021-09-24 01:00:00,951.2627116850276
2021-09-26 01:00:00,946.5926111160829
2021-09-27 01:00:00,944.344657381635
2021-09-28 01:00:00,942.1177192503225
2021-09-29 01:00:00,939.8797197726686
2021-09-30 01:00:00,937.6014875262629
2021-10-01 01:00:00,935.2618053244316
2021-10-03 01:00:00,930.3751937925163
2021-10-04 01:00:00,927.8517877043859
2021-10-05 01:00:00,925.3104187830539
2021-10-06 01:00:00,922.7851337738708
2021-10-07 01:00:00,920.3075618502955
2021-10-08 01:00:00,917.8998310380873
2021-10-10 01:00:00,912.7739945312136
2021-10-11 01:00:00,908.4134618836275
2021-10-12 01:00:00,904.0887152821327
2021-10-13 01:00:00,899.736608228049
2021-10-14 01:00:00,895.3059364359322
2021-10-15 01:00:00,890.7679564438994
2021-10-17 01:00:00,881.387967245427
2021-10-18 01:00:00,876.6112274388934
2021-10-19 01:00:00,871.8414988098643
2021-10-20 01:00:00,867.1284999197111
2021-10-21 01:00:00,862.5122138658087
2021-10-22 01:00:00,858.0171574165186
2021-10-24 01:00:00,849.3996796861907
2021-10-25 01:00:00,845.2413291169487
2021-10-26 01:00:00,841.1402515090118
2021-10-27 01:00:00,837.0583487561051
2021-10-28 01:00:00,832.9603923062018
2021-10-29 01:00:00,828.8199488165932
2021-10-31 01:00:00,820.3753643368392
2021-11-01 00:00:00,816.2702214915404
2021-11-02 00:00:00,811.9818890855413
2021-11-03 00:00:00,807.7227354001168
2021-11-04 00:00:00,803.5261811354667
2021-11-05 00:00:00,799.4164770431311
2021-11-07 00:00:00,791.4826643632152
2021-11-08 00:00:00,787.6353692303555
2021-11-09 00:00:00,783.83730177728
2021-11-10 00:00:00,780.0639955062057
2021-11-11 00:00:00,776.2973637620571
2021-11-12 00:00:00,772.5292248693381
2021-11-14 00:00:00,765.0072047108698
2021-11-15 00:00:00,761.280796585843
2021-11-16 00:00:00,757.6000507806763
2021-11-17 00:00:00,753.9795731610317
2021-11-18 00:00:00,750.4291097762306
2021-11-19 00:00:00,746.9527413330496
2021-11-21 00:00:00,740.2147551610774
2021-11-22 00:00:00,736.9427816789599
2021-11-23 00:00:00,733.7286028612561
2021-11-24 00:00:00,730.5701334831082
2021-11-25 00:00:00,727.4693433873123
2021-11-26 00:00:00,724.4324163460619
2021-11-28 00:00:00,718.5888953149598
2021-11-29 00:00:00,715.8019466426213
2021-11-30 00:00:00,713.1128053518581
2021-12-01 00:00:00,710.5204042875547
2021-12-02 00:00:00,708.0176606107414
2021-12-03 00:00:00,705.593554718138
2021-12-05 00:00:00,700.941411318515
2021-12-06 00:00:00,698.7091918799706
2021-12-07 00:00:00,696.5534262936803
2021-12-08 00:00:00,694.4965738467986
2021-12-09 00:00:00,692.5666670632929
2021-12-10 00:00:00,690.7914084530029
2021-12-12 00:00:00,687.7804664416027
2021-12-13 00:00:00,686.5545977913164
2021-12-14 00:00:00,685.501733522712
2021-12-15 00:00:00,684.600104464578
2021-12-16 00:00:00,683.8235378003807
2021-12-17 00:00:00,683.1464776522957
2021-12-19 00:00:00,682.0204866964178
2021-12-20 00:00:00,681.5635625322817
2021-12-21 00:00:00,681.1942123536937
2021-12-22 00:00:00,680.9412685010633
2021-12-23 00:00:00,680.8428842983687
2021-12-26 00:00:00,681.8644924752833
2021-12-27 00:00:00,682.7225777210703
2021-12-28 00:00:00,683.830275427063
2021-12-29 00:00:00,685.1477872461135
2021-12-30 00:00:00,686.6176072235694
2021-12-31 00:00:00,688.1746157909646
2022-01-02 00:00:00,691.3300974053784
2022-01-03 00:00:00,692.8735251512541
2022-01-04 00:00:00,694.4051449830484
2022-01-05 00:00:00,695.9639256684231
2022-01-06 00:00:00,697.5996722009104
2022-01-07 00:00:00,699.3577933428314
2022-01-09 00:00:00,703.3238475519704
2022-01-10 00:00:00,705.5040115873028
2022-01-11 00:00:00,707.7521818625931
2022-01-12 00:00:00,709.9967197534401
2022-01-13 00:00:00,712.1585236179502
2022-01-14 00:00:00,714.1618216836464
2022-01-16 00:00:00,717.4640228743508
2022-01-17 00:00:00,718.7066455428015
2022-01-18 00:00:00,719.6849535949939
2022-01-19 00:00:00,720.4374666135686
2022-01-20 00:00:00,721.0215689397946
2022-01-21 00:00:00,721.5030689791142
2022-01-23 00:00:00,722.3859885506139
2022-01-24 00:00:00,722.8464460193659
2022-01-25 00:00:00,723.305791205011
2022-01-26 00:00:00,723.7119416300594
2022-01-27 00:00:00,723.9882171584347
2022-01-28 00:00:00,724.0484452082753
2022-01-30 00:00:00,723.2403037373192
2022-01-31 00:00:00,722.3133146967157
2022-02-01 00:00:00,721.0693604933559
2022-02-02 00:00:00,719.5796215052155
2022-02-03 00:00:00,717.9351423004354
2022-02-04 00:00:00,716.2259425364821
2022-02-06 00:00:00,712.8600705128121
2022-02-07 00:00:00,711.2398059048085
2022-02-08 00:00:00,709.6262746026199
2022-02-09 00:00:00,707.9594311599452
2022-02-10 00:00:00,706.1665081563686
2022-02-11 00:00:00,704.1754974484015
2022-02-13 00:00:00,699.3885010319092
2022-02-14 00:00:00,696.5532356118537
2022-02-15 00:00:00,693.4503040824194
2022-02-16 00:00:00,690.1377407355637
2022-02-17 00:00:00,686.6950825503513
2022-02-18 00:00:00,683.2106958376114
2022-02-20 00:00:00,676.4227192531455
2022-02-21 00:00:00,673.2062296356668
2022-02-22 00:00:00,670.1045333096059
2022-02-23 00:00:00,667.0677714141353
2022-02-24 00:00:00,664.0186420096339
2022-02-25 00:00:00,660.8687293989639
2022-02-27 00:00:00,653.9733771120052
2022-02-28 00:00:00,650.1611385747817
2022-03-01 00:00:00,646.1307358347287
2022-03-02 00:00:00,641.9474969800042
2022-03-03 00:00:00,637.6973010659785
2022-03-04 00:00:00,633.4672809805948
2022-03-06 00:00:00,625.319165727874
2022-03-07 00:00:00,621.4476387002117
2022-03-08 00:00:00,617.6861468796288
2022-03-09 00:00:00,613.9823412596477
2022-03-10 00:00:00,610.2693313195946
2022-03-11 00:00:00,606.4779382702291
2022-03-13 00:00:00,598.4413271171475
2022-03-14 00:00:00,594.1427668116905
2022-03-15 00:00:00,589.6687572190384
2022-03-16 00:00:00,585.0622503583717
2022-03-17 00:00:00,580.3862635226402
2022-03-18 00:00:00,575.7128476342166
2022-03-20 00:00:00,566.6276306389545
2022-03-21 00:00:00,562.2893112056471
2022-03-22 00:00:00,558.0856068150975
2022-03-23 00:00:00,553.9769173417735
2022-03-24 00:00:00,549.901735937269
2022-03-25 00:00:00,545.7900255184996
2022-03-27 00:00:00,537.2252043291724
2022-03-28 01:00:00,532.5246535327695
2022-03-29 01:00:00,528.309405339726
2022-03-30 01:00:00,525.4644405267121
2022-03-31 01:00:00,522.5996496740551
2022-04-01 01:00:00,519.7748683167843
2022-04-03 01:00:00,514.4213450503119
2022-04-04 01:00:00,511.92880337598
2022-04-05 01:00:00,509.5461664034284
2022-04-06 01:00:00,507.24100647241187
2022-04-07 01:00:00,504.9703752280868
2022-04-08 01:00:00,502.6886012971956
2022-04-10 01:00:00,497.94042609993596
2022-04-11 01:00:00,495.4319187215963
2022-04-12 01:00:00,492.83452336892003
2022-04-13 01:00:00,490.1701088012394
2022-04-14 01:00:00,487.4730746943575
2022-04-17 01:00:00,479.57051980315
2022-04-18 01:00:00,477.0885307979846
2022-04-19 01:00:00,474.68950462463386
2022-04-20 01:00:00,472.35291861910116
2022-04-21 01:00:00,470.04745548056434
2022-04-22 01:00:00,467.7385619853475
2022-04-24 01:00:00,463.0025256980515
2022-04-25 01:00:00,460.55225099127813
2022-04-26 01:00:00,458.05488648251844
2022-04-27 01:00:00,455.52962732525845
2022-04-28 01:00:00,453.0001208208513
2022-04-29 01:00:00,450.4889054407646
2022-05-01 01:00:00,445.8730353214405
2022-05-02 01:00:00,445.3459169391855
2022-05-03 01:00:00,444.86228855687153
2022-05-04 01:00:00,444.4104461905383
2022-05-05 01:00:00,443.9767842398835
2022-05-06 01:00:00,443.5486505905468
2022-05-08 01:00:00,442.6761064155827
2022-05-09 01:00:00,442.227236831657
2022-05-10 01:00:00,441.7744506123057
2022-05-11 01:00:00,441.3245585639579
2022-05-12 01:00:00,440.88450741110194
2022-05-13 01:00:00,440.4591141097333
2022-05-15 01:00:00,439.6526871409211
2022-05-16 01:00:00,439.2627234479508
2022-05-17 01:00:00,438.8728063596201
2022-05-18 01:00:00,438.47817078469365
2022-05-19 01:00:00,438.07847761056644
2022-05-20 01:00:00,437.6789612717779
2022-05-22 01:00:00,436.92226069714593
2022-05-23 01:00:00,436.58782983891024
2022-05-24 01:00:00,436.29207149579497
2022-05-25 01:00:00,436.03380496077034
2022-05-26 01:00:00,435.80428362995144
2022-05-27 01:00:00,435.58850110472287
2022-05-29 01:00:00,435.1239724742055
2022-05-30 01:00:00,434.841609827752
2022-05-31 01:00:00,434.5124327799531
2022-06-01 01:00:00,434.1367991584216
2022-06-02 01:00:00,433.7245943402528
2022-06-03 01:00:00,433.29441506620066
2022-06-05 01:00:00,432.48192961804114
2022-06-06 01:00:00,432.15149788724983
2022-06-07 01:00:00,431.8967931230466
2022-06-08 01:00:00,431.72276133974583
2022-06-09 01:00:00,431.61987266115653
2022-06-10 01:00:00,431.5643858480332
2022-06-12 01:00:00,431.6515454864749
2022-06-13 01:00:00,433.7873347161238
2022-06-14 01:00:00,435.84300950976456
2022-06-15 01:00:00,437.81651672196347
2022-06-16 01:00:00,439.7277837075767
2022-06-17 01:00:00,443.2363092713046
2022-06-19 01:00:00,452.14300324010384
2022-06-20 01:00:00,456.67559880408186
2022-06-21 01:00:00,461.2720261223999
2022-06-22 01:00:00,465.92646418121166
2022-06-23 01:00:00,470.6230397911614
2022-06-24 01:00:00,475.339131957812
2022-06-26 01:00:00,484.7316044012677
2022-06-27 01:00:00,489.36773458862774
2022-06-28 01:00:00,493.94964060927407
2022-06-29 01:00:00,498.4792028119332
2022-06-30 01:00:00,502.9686539574577
2022-07-01 01:00:00,507.43905331979494
2022-07-03 01:00:00,516.4318513028295
2022-07-04 01:00:00,521.0080887796952
2022-07-05 01:00:00,525.6634109383706
2022-07-06 01:00:00,530.4036074327535
2022-07-07 01:00:00,535.2209536079527
2022-07-08 01:00:00,540.0947765394443
2022-07-10 01:00:00,549.8863028056841
2022-07-11 01:00:00,554.7383619714115
2022-07-12 01:00:00,559.5302269818999
2022-07-13 01:00:00,564.2573866082467
2022-07-14 01:00:00,568.9334195463791
2022-07-15 01:00:00,573.587184709207
2022-07-17 01:00:00,582.9752214075797
2022-07-18 01:00:00,587.7718689319422
2022-07-19 01:00:00,592.6565464755679
2022-07-20 01:00:00,597.6229216441888
2022-07-21 01:00:00,602.6496412434523
2022-07-22 01:00:00,607.7051872953241
2022-07-24 01:00:00,617.7633644465087
2022-07-25 01:00:00,622.7078838418
2022-07-26 01:00:00,627.574602300024
2022-07-27 01:00:00,632.3646545209219
2022-07-28 01:00:00,637.0934168110568
2022-07-29 01:00:00,641.788357691662
2022-07-31 01:00:00,651.2207030393432
2022-08-01 01:00:00,656.1081728983685
2022-08-02 01:00:00,661.3198146872759
2022-08-03 01:00:00,666.5407679276476
2022-08-04 01:00:00,671.7708387219391
2022-08-05 01:00:00,677.0098362207186
2022-08-07 01:00:00,687.5138765919246
2022-08-08 01:00:00,692.7785734673955
2022-08-09 01:00:00,698.0515088460277
2022-08-10 01:00:00,703.3325374622027
2022-08-11 01:00:00,708.6215229028232
2022-08-12 01:00:00,713.918332477431
2022-08-14 01:00:00,724.5348698758628
2022-08-15 01:00:00,729.8542888657707
2022-08-16 01:00:00,735.1809055885207
2022-08-17 01:00:00,740.5145187461983
2022-08-18 01:00:00,745.8549086840966
2022-08-19 01:00:00,751.2018395431592
2022-08-21 01:00:00,761.9143124247862
2022-08-22 01:00:00,767.2793195843102
2022-08-23 01:00:00,772.6498001049138
2022-08-24 01:00:00,778.0254616971326
2022-08-25 01:00:00,783.4060029977918
2022-08-26 01:00:00,788.7911140379848
2022-08-28 01:00:00,799.5737669280861
2022-08-29 01:00:00,804.2308377646543
2022-08-30 01:00:00,807.0233616536909
2022-08-31 01:00:00,809.8189473535526
2022-09-01 01:00:00,812.6173625071075
2022-09-02 01:00:00,815.4183750201469
2022-09-04 01:00:00,821.0272750492188
2022-09-05 01:00:00,823.8347141697225
2022-09-06 01:00:00,826.6438568072621
2022-09-07 01:00:00,829.454494005736
2022-09-08 01:00:00,832.2664232854407
2022-09-09 01:00:00,835.0794468680185
2022-09-11 01:00:00,840.7079924340516
2022-09-12 01:00:00,843.5231153357365
2022-09-13 01:00:00,846.3385284381909
2022-09-14 01:00:00,849.1540137454141
2022-09-15 01:00:00,851.9693442324485
2022-09-16 01:00:00,854.7842844246724
2022-09-18 01:00:00,860.412016095223
2022-09-19 01:00:00,863.2243039419086
2022-09-20 01:00:00,866.0351959963125
2022-09-21 01:00:00,868.8444292933027
2022-09-22 01:00:00,871.6517372257705
2022-09-23 01:00:00,874.456849807041
2022-09-25 01:00:00,880.059394236557
2022-09-26 01:00:00,882.8562732972664
2022-09-27 01:00:00,885.6498536362985
2022-09-28 01:00:00,888.4398591610837
2022-09-29 01:00:00,891.2260173724391
2022-09-30 01:00:00,894.008061655572
2022-10-02 01:00:00,898.7481082436846
2022-10-03 01:00:00,898.7563193134806
2022-10-04 01:00:00,898.7603062267576
2022-10-05 01:00:00,898.7600670102902
2022-10-06 01:00:00,898.7556016432833
2022-10-07 01:00:00,898.7469115971927
2022-10-09 01:00:00,898.7168683088184
2022-10-10 01:00:00,898.695522059267
2022-10-11 01:00:00,898.669964853944
2022-10-12 01:00:00,898.6402014415389
2022-10-13 01:00:00,898.6062373241907
2022-10-14 01:00:00,898.5680790069848
2022-10-16 01:00:00,898.4792122175909
2022-10-17 01:00:00,898.4285237259214
2022-10-18 01:00:00,898.373681236691
2022-10-19 01:00:00,898.3146989694575
2022-10-20 01:00:00,898.2515929396419
2022-10-21 01:00:00,898.1843810161354
2022-10-23 01:00:00,898.0377208142315
2022-10-24 01:00:00,897.9583185887559
2022-10-25 01:00:00,897.8749029963457
2022-10-26 01:00:00,897.7875034328425
2022-10-27 01:00:00,897.6961522044182
2022-10-28 01:00:00,897.6008845826873
2022-10-30 01:00:00,897.3987552202577
2022-10-31 00:00:00,897.2964570549619
2022-11-01 00:00:00,897.1860845665112
2022-11-02 00:00:00,897.0720055780837
2022-11-03 00:00:00,896.9542664602398
2022-11-04 00:00:00,894.3547773291168
2022-11-06 00:00:00,888.8716820106152
2022-11-07 00:00:00,883.6433487776192
2022-11-08 00:00:00,878.4115849413647
2022-11-09 00:00:00,873.1727440226842
2022-11-10 00:00:00,867.923403839266
2022-11-11 00:00:00,862.6615271720539
2022-11-13 00:00:00,852.103438311717
2022-11-14 00:00:00,846.8149343216546
2022-11-15 00:00:00,841.5281486837591
2022-11-16 00:00:00,836.2494804958865
2022-11-17 00:00:00,830.9837968324227
2022-11-18 00:00:00,825.7329768735611
2022-11-20 00:00:00,815.2633175825856
2022-11-21 00:00:00,810.0283557519897
2022-11-22 00:00:00,804.77842639442
2022-11-23 00:00:00,799.5026328109831
2022-11-24 00:00:00,794.1936282475506
2022-11-25 00:00:00,788.8500859995244
2022-11-27 00:00:00,778.0903066379337
2022-11-28 00:00:00,772.7039767998497
2022-11-29 00:00:00,767.3363965580099
2022-11-30 00:00:00,762.0006114138007
2022-12-01 00:00:00,756.7020721527863
2022-12-02 00:00:00,751.436918002953
2022-12-04 00:00:00,740.9507773980002
2022-12-05 00:00:00,735.6903772307982
2022-12-06 00:00:00,730.3921944994364
2022-12-07 00:00:00,725.0421200422073
2022-12-08 00:00:00,719.6337629795324
2022-12-09 00:00:00,714.1697315390904
2022-12-11 00:00:00,703.1279372181814
2022-12-12 00:00:00,697.5924437833294
2022-12-13 00:00:00,692.079355458317
2022-12-14 00:00:00,686.6097827823022
2022-12-15 00:00:00,681.1977298805721
2022-12-16 00:00:00,675.8471113956707
2022-12-18 00:00:00,665.2886456706735
2022-12-19 00:00:00,660.0351773506131
2022-12-20 00:00:00,654.7592745997172
2022-12-21 00:00:00,649.43277967834
2022-12-22 00:00:00,644.0364796284275
2022-12-23 00:00:00,638.5654830827152
2022-12-26 00:00:00,621.8943140491531
2022-12-27 00:00:00,616.363405827524
2022-12-28 00:00:00,610.8974018879745
2022-12-29 00:00:00,605.5080839810403
2022-12-30 00:00:00,600.1891854423777
2023-01-02 00:00:00,584.3852002976822
2023-01-03 00:00:00,579.0521932365959
2023-01-04 00:00:00,573.6389391958985
2023-01-05 00:00:00,568.1336909730102
2023-01-06 00:00:00,562.5395043970701
2023-01-08 00:00:00,551.1656923799512
2023-01-09 00:00:00,545.4516434371963
2023-01-10 00:00:00,539.769683939507
2023-01-11 00:00:00,534.1533489425758
2023-01-12 00:00:00,528.6260422526674
2023-01-13 00:00:00,523.1968013020553
2023-01-15 00:00:00,512.5870110689791
2023-01-16 00:00:00,507.34750894586494
2023-01-17 00:00:00,502.09771250852816
2023-01-18 00:00:00,496.79736534158883
2023-01-19 00:00:00,491.4167163145157
2023-01-20 00:00:00,485.9440951139652
2023-01-22 00:00:00,474.785549634809
2023-01-23 00:00:00,469.3523480591158
2023-01-24 00:00:00,466.0473798192059
2023-01-25 00:00:00,462.81967556286264
2023-01-26 00:00:00,459.6876537884439
2023-01-27 00:00:00,456.647542139725
2023-01-29 00:00:00,450.73448444456943
2023-01-30 00:00:00,447.781470185837
2023-01-31 00:00:00,444.77683409532494
2023-02-01 00:00:00,441.69076558093036
2023-02-02 00:00:00,438.5080951659596
2023-02-03 00:00:00,435.23039310322406
2023-02-05 00:00:00,428.47387185029606
2023-02-06 00:00:00,425.06476317141687
2023-02-07 00:00:00,421.6888144467541
2023-02-08 00:00:00,418.3821723303772
2023-02-09 00:00:00,415.17058666991807
2023-02-10 00:00:00,412.06518498818014
2023-02-12 00:00:00,406.1349307593355
2023-02-13 00:00:00,403.2544051600597
2023-02-14 00:00:00,400.3778891282541
2023-02-15 00:00:00,397.46522073243636
2023-02-16 00:00:00,394.4854519813697
2023-02-17 00:00:00,391.42410268064515
2023-02-19 00:00:00,385.10057062427654
2023-02-20 00:00:00,381.903883650315
2023-02-21 00:00:00,378.7402124855664
2023-02-22 00:00:00,375.6456059946755
2023-02-23 00:00:00,372.64040264988296
2023-02-24 00:00:00,369.7255776741031
2023-02-26 00:00:00,364.08588171708857
2023-02-27 00:00:00,361.29512646146287
2023-02-28 00:00:00,358.47729503905265
2023-03-01 00:00:00,355.605428602408
2023-03-02 00:00:00,352.6643926179712
2023-03-03 00:00:00,351.18489185854656
2023-03-05 00:00:00,348.9837826989718
2023-03-06 00:00:00,347.8539857344926
2023-03-07 00:00:00,346.7460017571984
2023-03-08 00:00:00,345.6879088288225
2023-03-09 00:00:00,344.7000181771341
2023-03-10 00:00:00,343.7917334095433
2023-03-12 00:00:00,342.1905158235294
2023-03-13 00:00:00,341.4589108825386
2023-03-14 00:00:00,340.7363476196481
2023-03-15 00:00:00,339.9943280682313
2023-03-16 00:00:00,339.21060209905977
2023-03-17 00:00:00,338.3739808279072
2023-03-19 00:00:00,336.56479827968815
2023-03-20 00:00:00,335.63213422631907
2023-03-21 00:00:00,335.74771471008455
2023-03-22 00:00:00,337.4063654643868
2023-03-23 00:00:00,339.066237939409
2023-03-24 00:00:00,340.72734153343663
2023-03-26 00:00:00,344.0532558761099
2023-03-27 01:00:00,345.7872197134094
2023-03-28 01:00:00,347.4533138691269
2023-03-29 01:00:00,349.1206416502115
2023-03-30 01:00:00,350.7892018870733
2023-03-31 01:00:00,352.7074209994388
2023-04-02 01:00:00,360.59083785099796
2023-04-03 01:00:00,364.52808115465643
2023-04-04 01:00:00,368.462300573098
2023-04-05 01:00:00,372.39346534221147
2023-04-06 01:00:00,376.32154974702127
2023-04-09 01:00:00,388.0871576261033
2023-04-10 01:00:00,392.0027896860317
2023-04-11 01:00:00,395.91530495355653
2023-04-12 01:00:00,399.82470791744817
2023-04-13 01:00:00,403.73100104177416
2023-04-14 01:00:00,407.63418091308046
2023-04-16 01:00:00,415.4311323700776
2023-04-17 01:00:00,419.3248294075899
2023-04-18 01:00:00,423.2152561143597
2023-04-19 01:00:00,427.10231975657985
2023-04-20 01:00:00,430.98590498857845
2023-04-21 01:00:00,434.86587416300114
2023-04-23 01:00:00,442.6143282971096
2023-04-24 01:00:00,446.48246445804716
2023-04-25 01:00:00,450.34629362542177
2023-04-26 01:00:00,454.2056238496772
2023-04-27 01:00:00,458.06025862472956
2023-04-28 01:00:00,461.90999704805915
2023-04-30 01:00:00,469.5939584256452
2023-05-01 01:00:00,473.42775684201024
2023-05-02 01:00:00,477.2558108748402
2023-05-03 01:00:00,481.0779003717072
2023-05-04 01:00:00,484.8938052281029
2023-05-05 01:00:00,488.7033079477593
2023-05-07 01:00:00,496.30226431731126
2023-05-08 01:00:00,500.0913141211595
2023-05-09 01:00:00,503.8731526485749
2023-05-10 01:00:00,507.64758858251207
2023-05-11 01:00:00,511.41442664291685
2023-05-12 01:00:00,515.1734610061602
2023-05-14 01:00:00,522.667202156362
2023-05-15 01:00:00,526.4013856906794
2023-05-16 01:00:00,530.1267088976651
2023-05-17 01:00:00,533.8428245147114
2023-05-18 01:00:00,537.5493465384241
2023-05-19 01:00:00,541.2458501604542
2023-05-21 01:00:00,548.6069186024947
2023-05-22 01:00:00,552.2704574289334
2023-05-23 01:00:00,555.9219317168158
2023-05-24 01:00:00,559.5607566987939
2023-05-25 01:00:00,563.1863221407731
2023-05-26 01:00:00,566.7979928160144
2023-05-28 01:00:00,573.9769823008062
2023-05-29 01:00:00,577.542902318693
2023-05-30 01:00:00,581.0921293956683
2023-05-31 01:00:00,584.6238990624952
2023-06-01 01:00:00,588.1374234056119
2023-06-02 01:00:00,591.651750766801
2023-06-04 01:00:00,599.628422657739
2023-06-05 01:00:00,603.6594860431933
2023-06-06 01:00:00,607.6947572272559
2023-06-07 01:00:00,611.7061357564872
2023-06-08 01:00:00,615.6644231323658
2023-06-09 01:00:00,619.5460794337883
2023-06-11 01:00:00,627.0461443336649
2023-06-12 01:00:00,630.6831150587353
2023-06-13 01:00:00,634.276180559755
2023-06-14 01:00:00,637.8554151834742
2023-06-15 01:00:00,641.4484579419657
2023-06-16 01:00:00,645.0748823921916
2023-06-18 01:00:00,652.4450647036919
2023-06-19 01:00:00,656.1645456299337
2023-06-20 01:00:00,659.8725903718185
2023-06-21 01:00:00,663.5357656993402
2023-06-22 01:00:00,667.1207418671368
2023-06-23 01:00:00,670.5995784335065
2023-06-25 01:00:00,677.178813954684
2023-06-26 01:00:00,680.2814938842464
2023-06-27 01:00:00,683.2819744095067
2023-06-28 01:00:00,686.208545239919
2023-06-29 01:00:00,689.0927452738958
2023-06-30 01:00:00,691.9630606549796
2023-07-02 01:00:00,697.7231833096263
2023-07-03 01:00:00,700.6037187273753
2023-07-04 01:00:00,703.4501774997805
2023-07-05 01:00:00,706.2216220169686
2023-07-06 01:00:00,708.8749730454412
2023-07-07 01:00:00,711.3749301784582
2023-07-09 01:00:00,715.8564380863211
2023-07-10 01:00:00,717.8565322444829
2023-07-11 01:00:00,719.73363080733
2023-07-12 01:00:00,721.5240789415478
2023-07-13 01:00:00,723.2610455122272
2023-07-14 01:00:00,724.967573226427
2023-07-16 01:00:00,728.3059642622361
2023-07-17 01:00:00,729.905974588333
2023-07-18 01:00:00,731.4166114364178
2023-07-19 01:00:00,732.7961940099964
2023-07-20 01:00:00,734.0030504995702
2023-07-21 01:00:00,735.0017036792907
2023-07-23 01:00:00,736.2924401229102
2023-07-24 01:00:00,736.5812807038437
2023-07-25 01:00:00,736.6552156397415
2023-07-26 01:00:00,736.5457933966122
2023-07-27 01:00:00,736.2899018691601
2023-07-28 01:00:00,735.9229541718557
2023-07-30 01:00:00,734.9484613833214
2023-07-31 01:00:00,734.3472207364608
2023-08-01 01:00:00,733.6450949203908
2023-08-02 01:00:00,732.8076693129937
2023-08-03 01:00:00,731.7985119244179
2023-08-04 01:00:00,730.5899373613136
2023-08-06 01:00:00,727.5543268074575
2023-08-07 01:00:00,725.7693202430536
2023-08-08 01:00:00,723.8620174401145
2023-08-09 01:00:00,721.8843484146407
2023-08-10 01:00:00,719.8863814552963
2023-08-11 01:00:00,717.9093401113652
2023-08-13 01:00:00,714.113730066601
2023-08-14 01:00:00,712.3057587307754
2023-08-15 01:00:00,710.5442016670347
2023-08-16 01:00:00,708.8101208152905
2023-08-17 01:00:00,707.0840903293612
2023-08-18 01:00:00,705.3515443771645
2023-08-20 01:00:00,701.8571304302848
2023-08-21 01:00:00,700.1207484601839
2023-08-22 01:00:00,698.4283417389124
2023-08-23 01:00:00,696.8185350484839
2023-08-24 01:00:00,695.3333884651379
2023-08-25 01:00:00,694.012514660727
2023-08-27 01:00:00,691.9739491008743
2023-08-28 01:00:00,691.2740017516851
2023-08-29 01:00:00,690.7713370191678
2023-08-30 01:00:00,690.4383493176291
2023-08-31 01:00:00,690.2429673810765
2023-09-01 01:00:00,690.1571939429983
2023-09-03 01:00:00,690.2615603836094
2023-09-04 01:00:00,690.4612240009692
2023-09-05 01:00:00,690.7850210607797
2023-09-06 01:00:00,691.2590786675128
2023-09-07 01:00:00,691.9076683646304
2023-09-08 01:00:00,692.7481053002463
2023-09-10 01:00:00,695.021405099428
2023-09-11 01:00:00,696.4351335800161
2023-09-12 01:00:00,698.0059450108332
2023-09-13 01:00:00,699.706907626242
2023-09-14 01:00:00,701.5108813337515
2023-09-15 01:00:00,703.3942409683606
2023-09-17 01:00:00,707.3384820939829
2023-09-18 01:00:00,709.3899595646482
2023-09-19 01:00:00,711.5016299686578
2023-09-20 01:00:00,713.6866654071736
2023-09-21 01:00:00,715.9610026102471
2023-09-22 01:00:00,718.3397869806142
2023-09-24 01:00:00,723.4467034819035
2023-09-25 01:00:00,726.1735047308234
2023-09-26 01:00:00,729.0013404637442
2023-09-27 01:00:00,731.9119044548256
2023-09-28 01:00:00,734.8854244342779
2023-09-29 01:00:00,737.9048457837658
2023-10-01 01:00:00,744.0443499985299
2023-10-02 01:00:00,747.163720041984
2023-10-03 01:00:00,750.3248944763205
2023-10-04 01:00:00,753.5374288698079
2023-10-05 01:00:00,756.8099464142224
2023-10-06 01:00:00,760.1480193974015
2023-10-08 01:00:00,767.0222764510382
2023-10-09 01:00:00,770.5494402934441
2023-10-10 01:00:00,774.1262985266571
2023-10-11 01:00:00,776.3076001085378
2023-10-12 01:00:00,778.1174488635619
2023-10-13 01:00:00,779.9360699032926
2023-10-15 01:00:00,783.5940632061304
2023-10-16 01:00:00,785.4362886399678
2023-10-17 01:00:00,787.2913376782654
2023-10-18 01:00:00,789.1620978950515
2023-10-19 01:00:00,791.0500656258989
2023-10-20 01:00:00,792.9547001451986
2023-10-22 01:00:00,796.802222120452
2023-10-23 01:00:00,798.7371311498322
2023-10-24 01:00:00,800.6756032199695
2023-10-25 01:00:00,802.6177079833047
2023-10-26 01:00:00,804.5667070798526
2023-10-27 01:00:00,806.528354333746
2023-10-29 01:00:00,810.516234128589
2023-10-30 00:00:00,812.4656968502087
2023-10-31 00:00:00,814.5278902819289
2023-11-01 00:00:00,816.6129954357916
2023-11-02 00:00:00,818.7122618036631
2023-11-03 00:00:00,820.8148187403465
2023-11-05 00:00:00,824.9886447896408
2023-11-06 00:00:00,827.0468884393346
2023-11-07 00:00:00,829.0854130788011
2023-11-08 00:00:00,831.110617623633
2023-11-09 00:00:00,833.1336531714683
2023-11-10 00:00:00,835.1687374485855
2023-11-12 00:00:00,839.3325882569212
2023-11-13 00:00:00,841.4822119661267
2023-11-14 00:00:00,843.6806448548085
2023-11-15 00:00:00,845.9206842089475
2023-11-16 00:00:00,848.1873111002024
2023-11-17 00:00:00,850.4599443527298
2023-11-19 00:00:00,854.9378932146583
2023-11-20 00:00:00,857.1137371077681
2023-11-21 00:00:00,859.2446660410017
2023-11-22 00:00:00,861.3432228420046
2023-11-23 00:00:00,863.431669030364
2023-11-24 00:00:00,865.5370581863232
2023-11-26 00:00:00,869.8964826351098
2023-11-27 00:00:00,872.178593357071
2023-11-28 00:00:00,874.5277846731856
2023-11-29 00:00:00,876.9280422650513
2023-11-30 00:00:00,878.6163793448926
2023-12-01 00:00:00,878.4489994974374
2023-12-03 00:00:00,878.1065429630984
2023-12-04 00:00:00,877.9315727570208
2023-12-05 00:00:00,877.7541800835465
2023-12-06 00:00:00,877.5744199642177
2023-12-07 00:00:00,877.392348148567
2023-12-08 00:00:00,877.208021132145
2023-12-10 00:00:00,876.8328315261667
2023-12-11 00:00:00,874.4895705173344
2023-12-12 00:00:00,871.7861967446564
2023-12-13 00:00:00,869.083744694606
2023-12-14 00:00:00,866.382494051591
2023-12-15 00:00:00,863.682711848243
2023-12-17 00:00:00,858.2885387646669
2023-12-18 00:00:00,855.5945933063899
2023-12-19 00:00:00,852.9030057967464
2023-12-20 00:00:00,850.2139506454879
2023-12-21 00:00:00,847.5275858344341
2023-12-22 00:00:00,843.0850095401782
2023-12-25 00:00:00,827.6479456731363
2023-12-26 00:00:00,822.5064769916314
2023-12-27 00:00:00,817.3674290508409
2023-12-28 00:00:00,812.2309899382354
2023-12-29 00:00:00,807.097350892592
2024-01-01 00:00:00,791.7151951890039
2024-01-02 00:00:00,786.594728869372
2024-01-03 00:00:00,781.4780572307991
2024-01-04 00:00:00,776.3653817411913
2024-01-05 00:00:00,771.2569025985939
2024-01-07 00:00:00,761.0533448171932
2024-01-08 00:00:00,755.9586739797653
2024-01-09 00:00:00,750.8690169094614
2024-01-10 00:00:00,745.7845812792211
2024-01-11 00:00:00,740.7055725701042
2024-01-12 00:00:00,735.6321889690851
2024-01-14 00:00:00,725.5030137362662
2024-01-15 00:00:00,720.4475239384608
2024-01-16 00:00:00,715.3982557039192
2024-01-17 00:00:00,710.3552926317739
2024-01-18 00:00:00,705.3186950512365
2024-01-19 00:00:00,700.2885046569781
2024-01-21 00:00:00,690.2474470804317
2024-01-22 00:00:00,685.2366101034349
2024-01-23 00:00:00,680.232247060627
2024-01-24 00:00:00,675.2343656123619
2024-01-25 00:00:00,670.2429741945011
2024-01-26 00:00:00,665.2580834139783
2024-01-28 00:00:00,655.3078625761025
2024-01-29 00:00:00,650.3425715294348
2024-01-30 00:00:00,645.3838593241665
2024-01-31 00:00:00,640.4317551587076
2024-02-01 00:00:00,635.4862918586059
2024-02-02 00:00:00,630.5475059426093
2024-02-04 00:00:00,620.6901331405206
2024-02-05 00:00:00,615.7716424255586
2024-02-06 00:00:00,610.8600233131685
2024-02-07 00:00:00,605.9553403988598
2024-02-08 00:00:00,601.057664657219
2024-02-09 00:00:00,596.1670708673563
2024-02-11 00:00:00,586.4074162576381
2024-02-12 00:00:00,581.5384726946829
2024-02-13 00:00:00,576.6768333260101
2024-02-14 00:00:00,571.822507281325
2024-02-15 00:00:00,566.9754827031984
2024-02-16 00:00:00,562.1357302763444
2024-02-18 00:00:00,552.4778635891088
2024-02-19 00:00:00,547.659641501029
2024-02-20 00:00:00,542.8484817991792
2024-02-21 00:00:00,538.0443237552402
2024-02-22 00:00:00,533.2471067427455
2024-02-23 00:00:00,528.45677123796
2024-02-25 00:00:00,518.8965169151633
2024-02-26 00:00:00,514.1264913709224
2024-02-27 00:00:00,509.36313500375775
2024-02-28 00:00:00,504.6064039648845
2024-02-29 00:00:00,499.8562588743745
2024-03-01 00:00:00,495.11266509996244
2024-03-03 00:00:00,485.6450191599805
2024-03-04 00:00:00,480.9209257344096
2024-03-05 00:00:00,476.2033028333443
2024-03-06 00:00:00,471.49214881456476
2024-03-07 00:00:00,466.7874710358907
2024-03-08 00:00:00,462.0892855097528
2024-03-10 00:00:00,452.7124840578818
2024-03-11 00:00:00,448.03391478162206
2024-03-12 00:00:00,443.3619188549135
2024-03-13 00:00:00,438.696493421475
2024-03-14 00:00:00,434.03761869041415
2024-03-15 00:00:00,429.3852585994964
2024-03-17 00:00:00,420.09987357385086
2024-03-18 00:00:00,415.4667222473074
2024-03-19 00:00:00,410.8398386440434
2024-03-20 00:00:00,406.2191494529481
2024-03-21 00:00:00,401.60458010386935
2024-03-22 00:00:00,397.08290076865615
2024-03-24 00:00:00,392.36222058356276
2024-03-25 00:00:00,390.0116973586911
2024-03-26 00:00:00,387.6676772788079
2024-03-27 00:00:00,385.33013149014084
2024-03-28 00:00:00,382.99903338080054
2024-03-31 00:00:00,376.0442001902986
2024-04-01 01:00:00,373.6425155057216
2024-04-02 01:00:00,371.3436274990095
2024-04-03 01:00:00,369.05109456627383
2024-04-04 01:00:00,366.7649160421046
2024-04-05 01:00:00,364.4850959647055
2024-04-07 01:00:00,359.94456632329513
2024-04-08 01:00:00,357.68387866581907
2024-04-09 01:00:00,355.42958803206596
2024-04-10 01:00:00,353.18169757878275
2024-04-11 01:00:00,350.94020310635676
2024-04-12 01:00:00,348.7050923986609
2024-04-14 01:00:00,344.2539375861855
2024-04-15 01:00:00,342.03783754984016
2024-04-16 01:00:00,339.82801248137116
2024-04-17 01:00:00,337.6244272581931
2024-04-18 01:00:00,336.08298932390505
2024-04-19 01:00:00,336.318257668004
2024-04-21 01:00:00,336.8046851621135
2024-04-22 01:00:00,337.40582767354226
2024-04-23 01:00:00,338.05668742228124
2024-04-24 01:00:00,338.7442877109049
2024-04-25 01:00:00,339.46949633512355
2024-04-26 01:00:00,340.2277526029835
2024-04-28 01:00:00,341.7997827559471
2024-04-29 01:00:00,342.5838272883077
2024-04-30 01:00:00,343.3469913618702
2024-05-01 01:00:00,344.07981605229253
2024-05-02 01:00:00,344.7805472448761
2024-05-03 01:00:00,345.4565071746099
2024-05-05 01:00:00,346.8016934379086
2024-05-06 01:00:00,347.5133558456963
2024-05-07 01:00:00,348.2753528261469
2024-05-08 01:00:00,349.09600792013475
2024-05-09 01:00:00,349.972592668969
2024-05-10 01:00:00,350.89169571707896
2024-05-12 01:00:00,352.7695813460219
2024-05-13 01:00:00,353.68164990415147
2024-05-14 01:00:00,354.5524133940484
2024-05-15 01:00:00,355.3753916220503
2024-05-16 01:00:00,356.154626941432
2024-05-17 01:00:00,356.9038314075485
2024-05-19 01:00:00,359.7113969944479
2024-05-20 01:00:00,362.85064766220245
2024-05-21 01:00:00,366.0494537946607
2024-05-22 01:00:00,369.3196607311969
2024-05-23 01:00:00,372.66253277501875
2024-05-24 01:00:00,377.4432513320733
2024-05-26 01:00:00,388.3243023837658
2024-05-27 01:00:00,393.7526384338603
2024-05-28 01:00:00,399.1350053016074
2024-05-29 01:00:00,404.45394578780736
2024-05-30 01:00:00,409.70658197404487
2024-05-31 01:00:00,414.9060711650553
2024-06-02 01:00:00,425.2625473616102
2024-06-03 01:00:00,430.4912372868547
2024-06-04 01:00:00,435.79439795560126
2024-06-05 01:00:00,441.1868992585879
2024-06-06 01:00:00,446.6664374252162
2024-06-07 01:00:00,452.2141745258715
2024-06-09 01:00:00,463.3842531262939
2024-06-10 01:00:00,468.93532998420915
2024-06-11 01:00:00,474.42624827541135
2024-06-12 01:00:00,479.8441799836446
2024-06-13 01:00:00,485.19123880821246
2024-06-14 01:00:00,490.48358181102003
2024-06-16 01:00:00,501.0184855350384
2024-06-17 01:00:00,506.32803191495145
2024-06-18 01:00:00,511.7055121959895
2024-06-19 01:00:00,517.1692523346525
2024-06-20 01:00:00,522.7235299143151
2024-06-21 01:00:00,528.3569307130758
2024-06-23 01:00:00,539.746743953362
2024-06-24 01:00:00,545.4268549095776
2024-06-25 01:00:00,551.0487185830445
2024-06-26 01:00:00,556.5900170378618
2024-06-27 01:00:00,562.0466826645384
2024-06-28 01:00:00,567.4343552473218
2024-06-30 01:00:00,578.1409039674213
2024-07-01 01:00:00,583.5436371096197
2024-07-02 01:00:00,589.0267903007083
2024-07-03 01:00:00,594.6079641555652
2024-07-04 01:00:00,600.2855956039788
2024-07-05 01:00:00,606.0398229850676
2024-07-07 01:00:00,617.6374635427884
2024-07-08 01:00:00,623.4023258732291
2024-07-09 01:00:00,629.1016843107934
2024-07-10 01:00:00,634.7188960311852
2024-07-11 01:00:00,640.2528345174379
2024-07-12 01:00:00,645.7173192952237
2024-07-14 01:00:00,656.5488760882615
2024-07-15 01:00:00,661.9844053646412
2024-07-16 01:00:00,667.4757848735712
2024-07-17 01:00:00,673.0442989547967
2024-07-18 01:00:00,678.6973125212054
2024-07-19 01:00:00,684.4262193515578
2024-07-21 01:00:00,696.0057483111619
2024-07-22 01:00:00,701.7826227610876
2024-07-23 01:00:00,707.5032472375224
2024-07-24 01:00:00,713.1451947796703
2024-07-25 01:00:00,718.7035417236344
2024-07-26 01:00:00,724.1921159594435
2024-07-28 01:00:00,735.0857079358605
2024-07-29 01:00:00,740.5666133615731
2024-07-30 01:00:00,746.1127741881154
2024-07-31 01:00:00,751.7399164401475
2024-08-01 01:00:00,757.4470656624308
2024-08-02 01:00:00,763.2175886031182
2024-08-04 01:00:00,774.8306561105619
2024-08-05 01:00:00,780.606985087276
2024-08-06 01:00:00,786.3263881934362
2024-08-07 01:00:00,791.9734928382006
2024-08-08 01:00:00,797.5452659492022
2024-08-09 01:00:00,803.0507290489647
2024-08-11 01:00:00,813.9453032169494
2024-08-12 01:00:00,819.3877814759571
2024-08-13 01:00:00,824.8617216105239
2024-08-14 01:00:00,830.385689433765
2024-08-15 01:00:00,835.9679122079167
2024-08-16 01:00:00,841.6044318447929
2024-08-18 01:00:00,852.9685795374049
2024-08-19 01:00:00,858.6431714037739
2024-08-20 01:00:00,862.4691050324739
2024-08-21 01:00:00,865.45381086326
2024-08-22 01:00:00,868.3741513527057
2024-08-23 01:00:00,871.2382829973304
2024-08-25 01:00:00,876.8801129314459
2024-08-26 01:00:00,879.7079393913835
2024-08-27 01:00:00,882.5683514479704
2024-08-28 01:00:00,885.4717143870511
2024-08-29 01:00:00,888.4177899678523
2024-08-30 01:00:00,891.3967499359566
2024-09-01 01:00:00,897.3838834493695
2024-09-02 01:00:00,900.3536596930152
2024-09-03 01:00:00,903.2865188435728
2024-09-04 01:00:00,906.048738388004
2024-09-05 01:00:00,906.4135064308774
2024-09-06 01:00:00,906.7732472384033
2024-09-08 01:00:00,907.4770821685744
2024-09-09 01:00:00,907.8208979143145
2024-09-10 01:00:00,908.1591299462783
2024-09-11 01:00:00,908.4916438380632
2024-09-12 01:00:00,908.8183073719466
2024-09-13 01:00:00,909.1389906931712
2024-09-15 01:00:00,909.7619092905177
2024-09-16 01:00:00,910.0638961844037
2024-09-17 01:00:00,910.3594048571281
2024-09-18 01:00:00,910.6483130227202
2024-09-19 01:00:00,910.9304970603631
2024-09-20 01:00:00,911.205831029132
2024-09-22 01:00:00,911.7354318132254
2024-09-23 01:00:00,911.989435149243
2024-09-24 01:00:00,912.2360635409319
2024-09-25 01:00:00,912.4751851050014
2024-09-26 01:00:00,912.7066697880695
2024-09-27 01:00:00,912.9303901011199
2024-09-29 01:00:00,913.3540436165092
2024-09-30 01:00:00,913.5537389683486
2024-10-01 01:00:00,913.7451948964914
2024-10-02 01:00:00,913.9283030345404
2024-10-03 01:00:00,914.1029597391894
2024-10-04 01:00:00,914.2690663333932
2024-10-06 01:00:00,914.5752605519633
2024-10-07 01:00:00,914.7151773944005
2024-10-08 01:00:00,914.8462028299389
2024-10-09 01:00:00,914.9682655668572
2024-10-10 01:00:00,915.0813001112084
2024-10-11 01:00:00,915.1852467897527
2024-10-13 01:00:00,915.3656663108939
2024-10-14 01:00:00,915.4420472232723
2024-10-15 01:00:00,915.2138173690555
2024-10-16 01:00:00,912.7861870204571
2024-10-17 01:00:00,910.3491852659831
2024-10-18 01:00:00,907.9028017704295
2024-10-20 01:00:00,902.9818224766179
2024-10-21 01:00:00,900.5071935656802
2024-10-22 01:00:00,898.023126566256
2024-10-23 01:00:00,895.5296260033867
2024-10-24 01:00:00,893.0267098030447
2024-10-25 01:00:00,890.5144100136785
2024-10-27 01:00:00,885.4618582201548
2024-10-28 00:00:00,883.0275139012166
2024-10-29 00:00:00,880.4786565718761
2024-10-30 00:00:00,877.9207782338059
2024-10-31 00:00:00,875.353992105128
2024-11-01 00:00:00,872.7784250458893
2024-11-03 00:00:00,867.6015243898206
2024-11-04 00:00:00,864.0655148115865
2024-11-05 00:00:00,858.8893493931284
2024-11-06 00:00:00,853.7011517570222
2024-11-07 00:00:00,848.5013144647756
2024-11-08 00:00:00,843.2902490997673
2024-11-10 00:00:00,832.836158664624
2024-11-11 00:00:00,827.5940230809032
2024-11-12 00:00:00,822.3424277620217
2024-11-13 00:00:00,817.0818190905352
2024-11-14 00:00:00,811.8126326746869
2024-11-15 00:00:00,806.5352893760333
2024-11-17 00:00:00,795.9577473439896
2024-11-18 00:00:00,790.6583407592844
2024-11-19 00:00:00,785.3523805295871
2024-11-20 00:00:00,780.0402897513771
2024-11-21 00:00:00,774.7225159453252
2024-11-22 00:00:00,769.399534170186
2024-11-24 00:00:00,758.7399876671142
2024-11-25 00:00:00,753.4045112131848
2024-11-26 00:00:00,748.0660010347622
2024-11-27 00:00:00,742.7250643524948
2024-11-28 00:00:00,737.3823327845788
2024-11-29 00:00:00,732.0384626025279
2024-12-01 00:00:00,721.3500578500061
2024-12-02 00:00:00,716.0069633818266
2024-12-03 00:00:00,710.6656102440203
2024-12-04 00:00:00,705.3267809556556
2024-12-05 00:00:00,699.991279927121
2024-12-06 00:00:00,694.6599303196422
2024-12-08 00:00:00,684.0130473671866
2024-12-09 00:00:00,678.6992150852343
2024-12-10 00:00:00,673.3929251687092
2024-12-11 00:00:00,668.0950222627451
2024-12-12 00:00:00,662.8063376897547
2024-12-13 00:00:00,657.527684627772
2024-12-15 00:00:00,647.003624442801
2024-12-16 00:00:00,641.7597497615553
2024-12-17 00:00:00,636.5289842335028
2024-12-18 00:00:00,631.3120826198469
2024-12-19 00:00:00,626.1098097889468
2024-12-20 00:00:00,620.9229464683956
2024-12-22 00:00:00,610.5986685309994
2024-12-23 00:00:00,605.4629154132961
2024-12-24 00:00:00,600.3458944829999
2024-12-25 00:00:00,595.2484869274762
2024-12-26 00:00:00,590.1715940788579
2024-12-27 00:00:00,585.1161383836783
2024-12-29 00:00:00,575.073345089267
2024-12-30 00:00:00,570.0879768826163
2024-12-31 00:00:00,565.1279899934584
2025-01-01 00:00:00,560.1944463132207
2025-01-02 00:00:00,555.2884404735328
2025-01-03 00:00:00,550.4110982852095
2025-01-05 00:00:00,540.7470460135548
2025-01-06 00:00:00,535.962709561633
2025-01-07 00:00:00,531.2117712810127
2025-01-08 00:00:00,526.4954442907424
2025-01-09 00:00:00,521.8149440948079
2025-01-10 00:00:00,517.1714852356947
2025-01-12 00:00:00,508.00053707487825
2025-01-13 00:00:00,503.475468496339
2025-01-14 00:00:00,498.9922915616712
2025-01-15 00:00:00,494.55223846877243
2025-01-16 00:00:00,490.1565646070141
2025-01-17 00:00:00,485.8065570688278
2025-01-19 00:00:00,477.2488907460398
2025-01-20 00:00:00,474.6313158540803
2025-01-21 00:00:00,472.14979363461725
2025-01-22 00:00:00,469.6991149426399
2025-01-23 00:00:00,467.2801834462967
2025-01-24 00:00:00,464.89393105401945
2025-01-26 00:00:00,460.22334793011737
2025-01-27 00:00:00,457.94104802776803
2025-01-28 00:00:00,455.69549716666006
2025-01-29 00:00:00,453.4878184022017
2025-01-30 00:00:00,451.31918495862806
2025-01-31 00:00:00,449.1908222775985
2025-02-02 00:00:00,445.2144025153734
2025-02-03 00:00:00,444.73032392822273
2025-02-04 00:00:00,444.23914271625847
2025-02-05 00:00:00,443.7736976797314
2025-02-06 00:00:00,443.3617789098447
2025-02-07 00:00:00,443.0202644053346
2025-02-09 00:00:00,442.5473725745579
2025-02-10 00:00:00,442.3849137883986
2025-02-11 00:00:00,442.2391489067695
2025-02-12 00:00:00,442.0848050975026
2025-02-13 00:00:00,441.90179269410584
2025-02-14 00:00:00,441.6783046687507
2025-02-16 00:00:00,441.10955816853635
2025-02-17 00:00:00,440.78461655364833
2025-02-18 00:00:00,440.455225156477
2025-02-19 00:00:00,440.14059156390044
2025-02-20 00:00:00,439.8579316724679
2025-02-21 00:00:00,439.619713325724
2025-02-23 00:00:00,439.2921730765552
2025-02-24 00:00:00,439.1923570096035
2025-02-25 00:00:00,439.1183529612225
2025-02-26 00:00:00,439.05401895778283
2025-02-27 00:00:00,438.9843908865803
2025-02-28 00:00:00,438.8988289603652
2025-03-02 00:00:00,438.67021895736264
2025-03-03 00:00:00,438.5387544602692
2025-03-04 00:00:00,438.410751383306
2025-03-05 00:00:00,438.2984002496737
2025-03-06 00:00:00,438.2110290216989
2025-03-07 00:00:00,438.1533692560955
2025-03-09 00:00:00,438.12189349832465
2025-03-10 00:00:00,438.13694247670776
2025-03-11 00:00:00,438.1632531168698
2025-03-12 00:00:00,438.1952241960894
2025-03-13 00:00:00,438.2297247657458
2025-03-14 00:00:00,438.26636502136853
2025-03-16 00:00:00,438.3552290141065
2025-03-17 00:00:00,438.4145204685326
2025-03-18 00:00:00,438.4879150595648
2025-03-19 00:00:00,438.5768059588511
2025-03-20 00:00:00,438.68059967120064
2025-03-21 00:00:00,438.7968288583206
2025-03-23 00:00:00,439.0517036835894
2025-03-24 00:00:00,439.1838377959533
2025-03-25 00:00:00,439.3178466639739
2025-03-26 00:00:00,439.4564096078438
2025-03-27 00:00:00,439.60515890756693
2025-03-28 00:00:00,439.77161890021654
2025-03-30 00:00:00,440.1854997238479
2025-03-31 01:00:00,440.4500749304773
2025-04-01 01:00:00,440.7315827785678
2025-04-02 01:00:00,441.59418418407154
2025-04-03 01:00:00,442.6732114062253
2025-04-04 01:00:00,443.69042354638987
2025-04-06 01:00:00,445.5275398112424
2025-04-07 01:00:00,446.3429558382912
2025-04-08 01:00:00,447.487655440711
2025-04-09 01:00:00,448.75940053854737
2025-04-10 01:00:00,449.8760799577341
2025-04-11 01:00:00,450.8376987076706
2025-04-13 01:00:00,452.29950173198694
2025-04-14 01:00:00,452.80316418838584
2025-04-15 01:00:00,453.15855513349504
2025-04-16 01:00:00,453.36864866008926
2025-04-17 01:00:00,453.43677745852654
2025-04-20 01:00:00,452.8267283051711
2025-04-21 01:00:00,452.36530310892397
2025-04-22 01:00:00,451.90245478346844
2025-04-23 01:00:00,451.3733469946137
2025-04-24 01:00:00,450.7268677086846
2025-04-25 01:00:00,450.6767184784957
2025-04-27 01:00:00,452.251205873882
2025-04-28 01:00:00,453.2325983912581
2025-04-29 01:00:00,454.3163898980754
2025-04-30 01:00:00,455.4522559660958
2025-05-01 01:00:00,456.57936034579905
2025-05-02 01:00:00,457.6412005304571
2025-05-04 01:00:00,459.44046700925367
2025-05-05 01:00:00,460.1803216054756
2025-05-06 01:00:00,460.85728923239014
2025-05-07 01:00:00,461.5252523005088
2025-05-08 01:00:00,462.24314009659855
2025-05-09 01:00:00,463.0647111616654
2025-05-11 01:00:00,465.1577017701168
2025-05-12 01:00:00,466.444086658925
2025-05-13 01:00:00,467.86058724688394
2025-05-14 01:00:00,469.35850594017427
2025-05-15 01:00:00,470.8756927256907
2025-05-16 01:00:00,472.34619152542
2025-05-18 01:00:00,474.9310071357546
2025-05-19 01:00:00,475.9915561201433
2025-05-20 01:00:00,476.9107474768188
2025-05-21 01:00:00,477.735953213922
2025-05-22 01:00:00,478.5365116625551
2025-05-23 01:00:00,479.39043313709885
2025-05-25 01:00:00,481.5133500755388
2025-05-26 01:00:00,482.8360563404217
2025-05-27 01:00:00,484.303851245601
2025-05-28 01:00:00,485.8518545644183
2025-05-29 01:00:00,487.3982155331921
2025-05-30 01:00:00,488.86456754133087
2025-06-01 01:00:00,491.3639005734059
2025-06-02 01:00:00,492.3865435148108
2025-06-03 01:00:00,493.30647261507977
2025-06-04 01:00:00,494.18898448566347
2025-06-05 01:00:00,495.1074361293428
2025-06-06 01:00:00,496.1301835735668
2025-06-08 01:00:00,498.67185262654186
2025-06-09 01:00:00,500.216134478208
2025-06-10 01:00:00,501.9108360283373
2025-06-11 01:00:00,503.6998314121077
2025-06-12 01:00:00,505.5106784337586
2025-06-13 01:00:00,507.26633515689997
2025-06-15 01:00:00,510.359353824358
2025-06-16 01:00:00,511.63245511559484
2025-06-17 01:00:00,512.7355816696173
2025-06-18 01:00:00,513.7193932893322
2025-06-19 01:00:00,514.6585332044572
2025-06-20 01:00:00,515.6371531361883
2025-06-22 01:00:00,517.9909268788917
2025-06-23 01:00:00,519.4290635058003
2025-06-24 01:00:00,521.0168022194042
2025-06-25 01:00:00,522.6908943004931
2025-06-26 01:00:00,524.369544304894
2025-06-27 01:00:00,525.9722326501471
2025-06-29 01:00:00,528.7374555195687
2025-06-30 01:00:00,529.8765768966682
2025-07-01 01:00:00,530.8927218506456
2025-07-02 01:00:00,531.8453693963512
2025-07-03 01:00:00,532.8039810539817
2025-07-04 01:00:00,533.8353576987281
2025-07-06 01:00:00,539.5022662072606
2025-07-07 01:00:00,543.0975547390684
2025-07-08 01:00:00,546.8332264373892
2025-07-09 01:00:00,550.6608245418429
2025-07-10 01:00:00,554.5162069956891
2025-07-11 01:00:00,558.3304838079239
2025-07-13 01:00:00,565.6082164046433
2025-07-14 01:00:00,569.0126347891563
2025-07-15 01:00:00,572.2696296126302
2025-07-16 01:00:00,575.4215785218488
2025-07-17 01:00:00,578.5310313900866
2025-07-18 01:00:00,581.6680833199056
2025-07-20 01:00:00,588.2551598527232
2025-07-21 01:00:00,591.758181391601
2025-07-22 01:00:00,595.3833355797678
2025-07-23 01:00:00,599.0827295791823
2025-07-24 01:00:00,602.7937694481647
2025-07-25 01:00:00,606.4540394207628
2025-07-27 01:00:00,613.449672118482
2025-07-28 01:00:00,616.7582408366216
2025-07-29 01:00:00,619.9633837723246
2025-07-30 01:00:00,623.105303861948
2025-07-31 01:00:00,626.2330477720504
2025-08-01 01:00:00,629.3954658924849
2025-08-03 01:00:00,635.9709147926683
2025-08-04 01:00:00,639.4161502537885
2025-08-05 01:00:00,642.9559966697185
2025-08-06 01:00:00,646.5610142584918
2025-08-07 01:00:00,650.1904539610576
2025-08-08 01:00:00,653.7997390343146
