datetime,cycle
1999-06-03 01:00:00,3300.8208424616505
1999-06-04 01:00:00,3327.90018582193
1999-06-06 01:00:00,3214.0146026856205
1999-06-07 01:00:00,3435.925297732503
1999-06-08 01:00:00,3197.8201647181936
1999-06-09 01:00:00,3318.086231106292
1999-06-10 01:00:00,3556.856811992852
1999-06-11 01:00:00,3366.7202621341266
1999-06-13 01:00:00,3558.0996911461702
1999-06-14 01:00:00,3439.948890412244
1999-06-15 01:00:00,3566.0575849094134
1999-06-16 01:00:00,3469.5242029381416
1999-06-17 01:00:00,3484.0536487681948
1999-06-18 01:00:00,3596.1898480216
1999-06-20 01:00:00,3501.3241937545627
1999-06-21 01:00:00,3596.1359781161605
1999-06-22 01:00:00,3432.50505965934
1999-06-23 01:00:00,3405.791973455128
1999-06-24 01:00:00,3585.628474437083
1999-06-25 01:00:00,3498.8014231081766
1999-06-27 01:00:00,3522.712645932624
1999-06-28 01:00:00,3572.151774725475
1999-06-29 01:00:00,3391.8796084091055
1999-06-30 01:00:00,3435.141434466935
1999-07-01 01:00:00,3533.9543466527693
1999-07-02 01:00:00,3392.8526918735047
1999-07-04 01:00:00,3527.555317313403
1999-07-05 01:00:00,3444.4279226047556
1999-07-06 01:00:00,3377.7953055651706
1999-07-07 01:00:00,3538.5765305871887
1999-07-08 01:00:00,3449.925853878217
1999-07-09 01:00:00,3459.980415753899
1999-07-11 01:00:00,3469.102284147444
1999-07-12 01:00:00,3536.9077721346057
1999-07-13 01:00:00,3570.8914794867947
1999-07-14 01:00:00,3431.643497099863
1999-07-15 01:00:00,3527.5187434409077
1999-07-16 01:00:00,3456.6644703837032
1999-07-18 01:00:00,3483.077347594802
1999-07-19 01:00:00,3431.2929663933155
1999-07-20 01:00:00,3317.863548702062
1999-07-21 01:00:00,3459.920299590233
1999-07-22 01:00:00,3474.974421743227
1999-07-23 01:00:00,3259.600441414354
1999-07-25 01:00:00,3428.645884594709
1999-07-26 01:00:00,3183.3332669264237
1999-07-27 01:00:00,3258.901681853542
1999-07-28 01:00:00,3419.3408299279013
1999-07-29 01:00:00,3183.7008336340386
1999-07-30 01:00:00,3224.2717048414793
1999-08-01 01:00:00,3125.587475456775
1999-08-02 01:00:00,3176.50477283134
1999-08-03 01:00:00,3354.9699132231167
1999-08-04 01:00:00,3000.237689749498
1999-08-05 01:00:00,3152.357316678156
1999-08-06 01:00:00,3263.6895028218482
1999-08-08 01:00:00,3258.111368355936
1999-08-09 01:00:00,3214.793990304456
1999-08-10 01:00:00,3017.4407440308028
1999-08-11 01:00:00,3412.2918199199244
1999-08-12 01:00:00,3250.3159338687246
1999-08-13 01:00:00,3120.748240980799
1999-08-15 01:00:00,3317.492954207771
1999-08-16 01:00:00,3149.68283525899
1999-08-17 01:00:00,3428.6320051621983
1999-08-18 01:00:00,3373.720574442334
1999-08-19 01:00:00,3207.1442488515804
1999-08-20 01:00:00,3388.745490367581
1999-08-22 01:00:00,3398.9839935356626
1999-08-23 01:00:00,3493.0981077525335
1999-08-24 01:00:00,3504.8208023604516
1999-08-25 01:00:00,3362.366308275013
1999-08-26 01:00:00,3397.7868792724285
1999-08-27 01:00:00,3431.5590629503718
1999-08-29 01:00:00,3384.6205297432225
1999-08-30 01:00:00,3511.7609931095863
1999-08-31 01:00:00,3284.873970333791
1999-09-01 01:00:00,3337.0114248923005
1999-09-02 01:00:00,3442.771529300751
1999-09-03 01:00:00,3207.6198594172456
1999-09-05 01:00:00,3477.9932299632437
1999-09-06 01:00:00,3271.0371359063615
1999-09-07 01:00:00,3174.020458608519
1999-09-08 01:00:00,3385.069496555401
1999-09-09 01:00:00,3222.630579428594
1999-09-10 01:00:00,3039.79833478411
1999-09-12 01:00:00,3366.567716644458
1999-09-13 01:00:00,3192.284306543342
1999-09-14 01:00:00,3243.856843650331
1999-09-15 01:00:00,3400.7498524709945
1999-09-16 01:00:00,3337.345158571972
1999-09-17 01:00:00,3276.5343622325536
1999-09-19 01:00:00,3484.279220232904
1999-09-20 01:00:00,3422.600884282252
1999-09-21 01:00:00,3414.4052086868796
1999-09-22 01:00:00,3478.219801259617
1999-09-23 01:00:00,3480.6510791027918
1999-09-24 01:00:00,3368.953984096219
1999-09-26 01:00:00,3492.017956922549
1999-09-27 01:00:00,3456.785770733181
1999-09-28 01:00:00,3477.7232620286477
1999-09-29 01:00:00,3541.4461140153876
1999-09-30 01:00:00,3504.230689402724
1999-10-01 01:00:00,3495.7138885118197
1999-10-03 01:00:00,3430.902667234113
1999-10-04 01:00:00,3477.8024345421804
1999-10-05 01:00:00,3431.7927512622077
1999-10-06 01:00:00,3436.953703854577
1999-10-07 01:00:00,3560.639257181906
1999-10-08 01:00:00,3430.5501044211746
1999-10-10 01:00:00,3469.613157875621
1999-10-11 01:00:00,3438.7646512314764
1999-10-12 01:00:00,3203.0711395193184
1999-10-13 01:00:00,3311.0074668017087
1999-10-14 01:00:00,3474.1738393202245
1999-10-15 01:00:00,3214.122048307537
1999-10-17 01:00:00,3388.808303328362
1999-10-18 01:00:00,3349.5160180595744
1999-10-19 01:00:00,2992.3125156234037
1999-10-20 01:00:00,3177.175265772129
1999-10-21 01:00:00,3350.079232433002
1999-10-22 01:00:00,2988.480090905846
1999-10-24 01:00:00,3341.2999738259
1999-10-25 01:00:00,2990.784586923299
1999-10-26 01:00:00,3237.314054422453
1999-10-27 01:00:00,3392.7981899258057
1999-10-28 01:00:00,3099.0281742154702
1999-10-29 01:00:00,3419.0809996273133
1999-10-31 01:00:00,3229.7367229950137
1999-11-01 00:00:00,3460.500555789861
1999-11-02 00:00:00,3534.906470956659
1999-11-03 00:00:00,3330.025000248647
1999-11-04 00:00:00,3448.711720878959
1999-11-05 00:00:00,3566.4361557017937
1999-11-07 00:00:00,3456.377167312869
1999-11-08 00:00:00,3585.345741017532
1999-11-09 00:00:00,3519.851337618004
1999-11-10 00:00:00,3506.650297130912
1999-11-11 00:00:00,3561.288922308887
1999-11-12 00:00:00,3510.490770209959
1999-11-14 00:00:00,3556.7681599143452
1999-11-15 00:00:00,3358.2809748923714
1999-11-16 00:00:00,3461.2063875148765
1999-11-17 00:00:00,3577.6205244053895
1999-11-18 00:00:00,3334.7109860427954
1999-11-19 00:00:00,3438.3576143464784
1999-11-21 00:00:00,3220.249031458771
1999-11-22 00:00:00,3472.537344789121
1999-11-23 00:00:00,3406.982898228847
1999-11-24 00:00:00,3310.9571734085307
1999-11-25 00:00:00,3557.2303554504706
1999-11-26 00:00:00,3331.738614181825
1999-11-28 00:00:00,3520.4575330124912
1999-11-29 00:00:00,3335.440690327573
1999-11-30 00:00:00,3444.44762749932
1999-12-01 00:00:00,3557.128534513283
1999-12-02 00:00:00,3391.427195780343
1999-12-03 00:00:00,3404.326759025392
1999-12-05 00:00:00,3435.507294591156
1999-12-06 00:00:00,3334.3542608385965
1999-12-07 00:00:00,3510.8370958614587
1999-12-08 00:00:00,3553.8764497038756
1999-12-09 00:00:00,3400.8140104965087
1999-12-10 00:00:00,3453.79026379657
1999-12-12 00:00:00,3456.588850717507
1999-12-13 00:00:00,3442.871343281704
1999-12-14 00:00:00,3548.5307724528416
1999-12-15 00:00:00,3482.2556176041976
1999-12-16 00:00:00,3388.311249076094
1999-12-17 00:00:00,3478.9439846191494
1999-12-19 00:00:00,3345.108501844259
1999-12-20 00:00:00,3486.6718416307704
1999-12-21 00:00:00,3367.403190013687
1999-12-22 00:00:00,3429.7476747101987
1999-12-23 00:00:00,3533.3008396199334
1999-12-24 00:00:00,3385.7500399140076
1999-12-26 00:00:00,3492.4319077826035
1999-12-27 00:00:00,3301.585734591825
1999-12-28 00:00:00,3486.611924877451
1999-12-29 00:00:00,3512.5945390684906
1999-12-30 00:00:00,3332.422768611677
1999-12-31 00:00:00,3432.7880812097696
2000-01-02 00:00:00,3442.7996429233153
2000-01-03 00:00:00,3319.865756049653
2000-01-04 00:00:00,3442.4380417303714
2000-01-05 00:00:00,3477.7083097216046
2000-01-06 00:00:00,3332.3946371299744
2000-01-07 00:00:00,3292.3037341269187
2000-01-09 00:00:00,3559.4432874613517
2000-01-10 00:00:00,3399.5039016821947
2000-01-11 00:00:00,3356.8423090612946
2000-01-12 00:00:00,3519.5278033320033
2000-01-13 00:00:00,3462.1778874646443
2000-01-14 00:00:00,3180.304065500169
2000-01-16 00:00:00,3473.0014558503913
2000-01-17 00:00:00,3092.5745706142416
2000-01-18 00:00:00,3226.9186832942482
2000-01-19 00:00:00,3304.205232490011
2000-01-20 00:00:00,2752.8256210856784
2000-01-21 00:00:00,3002.117600474359
2000-01-23 00:00:00,2578.636190379216
2000-01-24 00:00:00,3006.607727776458
2000-01-25 00:00:00,3140.354468489616
2000-01-26 00:00:00,2726.6463071077023
2000-01-27 00:00:00,2962.2570032319777
2000-01-28 00:00:00,3257.316968461931
2000-01-30 00:00:00,2795.0293626234197
2000-01-31 00:00:00,3248.089968208841
2000-02-01 00:00:00,3347.612448813791
2000-02-02 00:00:00,3095.1596653177307
2000-02-03 00:00:00,3232.752689817487
2000-02-04 00:00:00,3528.6108821926628
2000-02-06 00:00:00,3275.0130689735715
2000-02-07 00:00:00,3455.0162472535494
2000-02-08 00:00:00,3488.5876495054877
2000-02-09 00:00:00,3397.22571642368
2000-02-10 00:00:00,3499.606766992234
2000-02-11 00:00:00,3503.6550690342287
2000-02-13 00:00:00,3487.075409448635
2000-02-14 00:00:00,3443.989337286558
2000-02-15 00:00:00,3486.953525721422
2000-02-16 00:00:00,3524.2696460951197
2000-02-17 00:00:00,3445.05735268544
2000-02-18 00:00:00,3590.897728785318
2000-02-20 00:00:00,3428.7835131754446
2000-02-21 00:00:00,3568.6445324181377
2000-02-22 00:00:00,3410.9608274292314
2000-02-23 00:00:00,3335.218285507332
2000-02-24 00:00:00,3511.514084410669
2000-02-25 00:00:00,3433.500487949553
2000-02-27 00:00:00,3552.5707211545587
2000-02-28 00:00:00,3560.0313003120123
2000-02-29 00:00:00,3439.3675190309646
2000-03-01 00:00:00,3518.1503515915742
2000-03-02 00:00:00,3573.6783814508985
2000-03-03 00:00:00,3519.6909206366945
2000-03-05 00:00:00,3519.0096707437147
2000-03-06 00:00:00,3575.9987816712073
2000-03-07 00:00:00,3525.9157917136677
2000-03-08 00:00:00,3445.7872665725176
2000-03-09 00:00:00,3600.0
2000-03-10 00:00:00,3512.2292496638656
2000-03-12 00:00:00,3525.8310918600105
2000-03-13 00:00:00,3418.1831095401412
2000-03-14 00:00:00,3319.865275302196
2000-03-15 00:00:00,3462.1115584106606
2000-03-16 00:00:00,3380.527514092016
2000-03-17 00:00:00,3373.093016815202
2000-03-19 00:00:00,3477.687846036558
2000-03-20 00:00:00,3488.217810048893
2000-03-21 00:00:00,3528.111493007008
2000-03-22 00:00:00,3537.957020058977
2000-03-23 00:00:00,3540.3182789094312
2000-03-24 00:00:00,3469.1817445472047
2000-03-26 00:00:00,3575.89682637018
2000-03-27 01:00:00,3420.2240050562655
2000-03-28 01:00:00,3359.1196610937645
2000-03-29 01:00:00,3531.0485214062305
2000-03-30 01:00:00,3444.5475347732936
2000-03-31 01:00:00,3201.5877649653735
2000-04-02 01:00:00,3465.8567679282696
2000-04-03 01:00:00,3062.5442805698044
2000-04-04 01:00:00,3024.055895042352
2000-04-05 01:00:00,3334.95110883892
2000-04-06 01:00:00,2879.161303995103
2000-04-07 01:00:00,2842.482492785653
2000-04-09 01:00:00,2733.4816067685924
2000-04-10 01:00:00,2783.2850718042773
2000-04-11 01:00:00,3172.7861755758026
2000-04-12 01:00:00,2591.304901143081
2000-04-13 01:00:00,2666.285585425183
2000-04-14 01:00:00,3100.758259552777
2000-04-16 01:00:00,2616.4290586622083
2000-04-17 01:00:00,3131.0378725973414
2000-04-18 01:00:00,2721.373180877964
2000-04-19 01:00:00,2597.016352111202
2000-04-20 01:00:00,3128.579783270775
2000-04-21 01:00:00,3080.226602070974
2000-04-23 01:00:00,3175.7090333704914
2000-04-24 01:00:00,3450.8084301867243
2000-04-25 01:00:00,3254.1144331438313
2000-04-26 01:00:00,3251.136024057987
2000-04-27 01:00:00,3512.10915674407
2000-04-28 01:00:00,3470.0032938151803
2000-04-30 01:00:00,3535.8172460534447
2000-05-01 01:00:00,3540.8811774322667
2000-05-02 01:00:00,3566.769531144424
2000-05-03 01:00:00,3598.473230483018
2000-05-04 01:00:00,3393.152423468837
2000-05-05 01:00:00,3480.4556362998383
2000-05-07 01:00:00,3187.301242435013
2000-05-08 01:00:00,3395.5707417118597
2000-05-09 01:00:00,3304.8939593175737
2000-05-10 01:00:00,2960.0499955635837
2000-05-11 01:00:00,3290.495878689667
2000-05-12 01:00:00,3350.301597481577
2000-05-14 01:00:00,3376.1144728208124
2000-05-15 01:00:00,3480.6117959375392
2000-05-16 01:00:00,3242.308705065101
2000-05-17 01:00:00,3359.3808649722437
2000-05-18 01:00:00,3492.447956218145
2000-05-19 01:00:00,3415.089641215558
2000-05-21 01:00:00,3595.1370936817916
2000-05-22 01:00:00,3402.907316212638
2000-05-23 01:00:00,3343.6276112330975
2000-05-24 01:00:00,3446.5242870697643
2000-05-25 01:00:00,3370.3571895082146
2000-05-26 01:00:00,3214.497370460702
2000-05-28 01:00:00,3421.819768932836
2000-05-29 01:00:00,3148.713025000959
2000-05-30 01:00:00,3278.9988946856292
2000-05-31 01:00:00,3316.735839589591
2000-06-01 01:00:00,3069.1447587336015
2000-06-02 01:00:00,3286.1053311254154
2000-06-04 01:00:00,3213.80049054136
2000-06-05 01:00:00,3509.428103973739
2000-06-06 01:00:00,3389.8270980279926
2000-06-07 01:00:00,3402.3511982355126
2000-06-08 01:00:00,3572.7115170969137
2000-06-09 01:00:00,3338.9746396593628
2000-06-11 01:00:00,3517.851013543383
2000-06-12 01:00:00,3275.3162523242854
2000-06-13 01:00:00,3268.519195560508
2000-06-14 01:00:00,3495.378135015952
2000-06-15 01:00:00,3272.8937761929387
2000-06-16 01:00:00,3113.8018034744173
2000-06-18 01:00:00,3336.1682739767875
2000-06-19 01:00:00,2976.5035616913915
2000-06-20 01:00:00,3114.9819364874197
2000-06-21 01:00:00,3391.7244013793775
2000-06-22 01:00:00,3116.387652342414
2000-06-23 01:00:00,2900.8870287284235
2000-06-25 01:00:00,3209.448931289473
2000-06-26 01:00:00,2805.0292708134975
2000-06-27 01:00:00,3138.384931704519
2000-06-28 01:00:00,3276.694135560526
2000-06-29 01:00:00,2812.897019607797
2000-06-30 01:00:00,3163.0599680478617
2000-07-02 01:00:00,2768.876811974059
2000-07-03 01:00:00,3238.6341373099076
2000-07-04 01:00:00,3016.98657702344
2000-07-05 01:00:00,2898.085066169362
2000-07-06 01:00:00,3369.1930115695463
2000-07-07 01:00:00,3027.726717792
2000-07-09 01:00:00,3424.337742262829
2000-07-10 01:00:00,3179.157492500059
2000-07-11 01:00:00,3133.0823870656914
2000-07-12 01:00:00,3447.4998952854753
2000-07-13 01:00:00,3346.178719733417
2000-07-14 01:00:00,3243.290141649937
2000-07-16 01:00:00,3528.657487264081
2000-07-17 01:00:00,3331.7408609793697
2000-07-18 01:00:00,3472.0776304572983
2000-07-19 01:00:00,3562.112744332998
2000-07-20 01:00:00,3305.1610461810187
2000-07-21 01:00:00,3350.26302902005
2000-07-23 01:00:00,3282.434115557732
2000-07-24 01:00:00,3204.5931253818276
2000-07-25 01:00:00,3454.9809831927873
2000-07-26 01:00:00,3258.2021350441064
2000-07-27 01:00:00,3162.283587543617
2000-07-28 01:00:00,3448.9947594815103
2000-07-30 01:00:00,3249.148047041128
2000-07-31 01:00:00,3514.093698269721
2000-08-01 01:00:00,3226.5237417141557
2000-08-02 01:00:00,3304.4058451586407
2000-08-03 01:00:00,3454.73063860493
2000-08-04 01:00:00,3228.321542405431
2000-08-06 01:00:00,3537.8436260886674
2000-08-07 01:00:00,3467.278457682216
2000-08-08 01:00:00,3444.7266426146252
2000-08-09 01:00:00,3552.068953273405
2000-08-10 01:00:00,3573.252325162865
2000-08-11 01:00:00,3517.222407005262
2000-08-13 01:00:00,3489.6722618259882
2000-08-14 01:00:00,3548.7751778025117
2000-08-15 01:00:00,3517.497378877982
2000-08-16 01:00:00,3398.972145846422
2000-08-17 01:00:00,3438.7345122025918
2000-08-18 01:00:00,3535.6139028120224
2000-08-20 01:00:00,3332.07593714854
2000-08-21 01:00:00,3531.7839609635344
2000-08-22 01:00:00,3466.912037134582
2000-08-23 01:00:00,3367.8875292135435
2000-08-24 01:00:00,3539.8986336698244
2000-08-25 01:00:00,3435.124768522501
2000-08-27 01:00:00,3558.7863274871793
2000-08-28 01:00:00,3363.284647063432
2000-08-29 01:00:00,3455.583531370952
2000-08-30 01:00:00,3506.562115398535
2000-08-31 01:00:00,3149.2275097667252
2000-09-01 01:00:00,3317.2613361169424
2000-09-03 01:00:00,2944.23306484435
2000-09-04 01:00:00,3160.108671516555
2000-09-05 01:00:00,3362.4624214800456
2000-09-06 01:00:00,2962.460795950984
2000-09-07 01:00:00,2883.3648922518037
2000-09-08 01:00:00,3267.123073744703
2000-09-10 01:00:00,2690.4313296612972
2000-09-11 01:00:00,2973.6037730352264
2000-09-12 01:00:00,3258.4911165863127
2000-09-13 01:00:00,2914.202956169485
2000-09-14 01:00:00,2924.9024761300657
2000-09-15 01:00:00,3355.701282554569
2000-09-17 01:00:00,3057.7555580708504
2000-09-18 01:00:00,3422.93276587934
2000-09-19 01:00:00,3385.19835199525
2000-09-20 01:00:00,3238.8167954657883
2000-09-21 01:00:00,3481.791478457213
2000-09-22 01:00:00,3510.047465392127
2000-09-24 01:00:00,3498.422671619722
2000-09-25 01:00:00,3509.823737418788
2000-09-26 01:00:00,3483.4770864366483
2000-09-27 01:00:00,3468.861071287505
2000-09-28 01:00:00,3499.6749380995666
2000-09-29 01:00:00,3555.8603734751246
2000-10-01 01:00:00,3473.327764011317
2000-10-02 01:00:00,3600.0
2000-10-03 01:00:00,3438.528949837415
2000-10-04 01:00:00,3335.7526397021193
2000-10-05 01:00:00,3513.990072735586
2000-10-06 01:00:00,3476.5341304915482
2000-10-08 01:00:00,3342.8960189074273
2000-10-09 01:00:00,3539.3018331876738
2000-10-10 01:00:00,3354.8612327591904
2000-10-11 01:00:00,3263.350648708381
2000-10-12 01:00:00,3538.511532728348
2000-10-13 01:00:00,3428.0539352353053
2000-10-15 01:00:00,3541.761800166718
2000-10-16 01:00:00,3457.223308586017
2000-10-17 01:00:00,3381.887432893493
2000-10-18 01:00:00,3575.5768820773765
2000-10-19 01:00:00,3471.2386289351302
2000-10-20 01:00:00,3494.647775274321
2000-10-22 01:00:00,3397.2932022648815
2000-10-23 01:00:00,3532.6005844004826
2000-10-24 01:00:00,3418.020632378947
2000-10-25 01:00:00,3201.8473614750837
2000-10-26 01:00:00,3454.0128772331786
2000-10-27 01:00:00,3212.065878146492
2000-10-29 01:00:00,3367.0373797706534
2000-10-30 00:00:00,3133.9130553884784
2000-10-31 00:00:00,2842.4253793807725
2000-11-01 00:00:00,3234.3869701542976
2000-11-02 00:00:00,3228.7010274988456
2000-11-03 00:00:00,2841.557741270042
2000-11-05 00:00:00,3365.6229531296203
2000-11-06 00:00:00,3014.2900239314085
2000-11-07 00:00:00,2922.7795484746725
2000-11-08 00:00:00,3297.6770802267934
2000-11-09 00:00:00,3152.82468013263
2000-11-10 00:00:00,2911.916183223063
2000-11-12 00:00:00,3184.2156693687853
2000-11-13 00:00:00,2997.205017959653
2000-11-14 00:00:00,3404.1557056845854
2000-11-15 00:00:00,3239.4072034398596
2000-11-16 00:00:00,3133.457123285449
2000-11-17 00:00:00,3480.785151473765
2000-11-19 00:00:00,3235.522197334676
2000-11-20 00:00:00,3527.5747278652016
2000-11-21 00:00:00,3293.135128353426
2000-11-22 00:00:00,3292.6697471476796
2000-11-23 00:00:00,3554.0154434105393
2000-11-24 00:00:00,3366.3140253439756
2000-11-26 00:00:00,3575.8470746313105
2000-11-27 00:00:00,3499.829665614601
2000-11-28 00:00:00,3410.1598635388077
2000-11-29 00:00:00,3535.0853102220076
2000-11-30 00:00:00,3498.8399154460994
2000-12-01 00:00:00,3372.217993098729
2000-12-03 00:00:00,3435.6756118906915
2000-12-04 00:00:00,3439.7534031461096
2000-12-05 00:00:00,3527.9893976153817
2000-12-06 00:00:00,3519.5906389303886
2000-12-07 00:00:00,3424.280011919848
2000-12-08 00:00:00,3554.55258130838
2000-12-10 00:00:00,3272.2217007999243
2000-12-11 00:00:00,3473.6322179838976
2000-12-12 00:00:00,3248.3663792415246
2000-12-13 00:00:00,3146.5683503479527
2000-12-14 00:00:00,3444.2018719672515
2000-12-15 00:00:00,3218.9654897906557
2000-12-17 00:00:00,3520.059441032096
2000-12-18 00:00:00,3248.0108746384262
2000-12-19 00:00:00,3315.49366876697
2000-12-20 00:00:00,3534.101451586041
2000-12-21 00:00:00,3376.1464045579473
2000-12-22 00:00:00,3388.339591507998
2000-12-24 00:00:00,3424.847239718755
2000-12-25 00:00:00,3423.807609878544
2000-12-26 00:00:00,3493.6552277584333
2000-12-27 00:00:00,3389.1553318086226
2000-12-28 00:00:00,3411.6540116369433
2000-12-29 00:00:00,3528.3435653596107
2000-12-31 00:00:00,3156.747125980265
2001-01-01 00:00:00,3377.8791123581605
2001-01-02 00:00:00,3239.9066758946915
2001-01-03 00:00:00,2787.19158626843
2001-01-04 00:00:00,3033.060607238405
2001-01-05 00:00:00,3083.14440717505
2001-01-07 00:00:00,2749.5353097686775
2001-01-08 00:00:00,2943.534718460985
2001-01-09 00:00:00,2370.521382440249
2001-01-10 00:00:00,2913.322887075278
2001-01-11 00:00:00,2819.127792219634
2001-01-12 00:00:00,2384.564804514904
2001-01-14 00:00:00,2747.2144520534916
2001-01-15 00:00:00,2565.1481551833576
2001-01-16 00:00:00,3128.0888958032438
2001-01-17 00:00:00,2996.5407936369734
2001-01-18 00:00:00,2788.126354472328
2001-01-19 00:00:00,3249.594872094833
2001-01-21 00:00:00,3091.8515392775366
2001-01-22 00:00:00,3318.7159810787643
2001-01-23 00:00:00,3507.187943309758
2001-01-24 00:00:00,3374.9171712526336
2001-01-25 00:00:00,3357.565611598866
2001-01-26 00:00:00,3542.1495954860343
2001-01-28 00:00:00,3509.8074693582157
2001-01-29 00:00:00,3561.752108939726
2001-01-30 00:00:00,3527.6878715970365
2001-01-31 00:00:00,3495.2165313045593
2001-02-01 00:00:00,3571.13206842261
2001-02-02 00:00:00,3482.175394172689
2001-02-04 00:00:00,3573.1755942419827
2001-02-05 00:00:00,3412.6910466801664
2001-02-06 00:00:00,3525.46590929618
2001-02-07 00:00:00,3462.053040297019
2001-02-08 00:00:00,3352.098610447716
2001-02-09 00:00:00,3563.750893448639
2001-02-11 00:00:00,3440.8936709711743
2001-02-12 00:00:00,3535.689896304779
2001-02-13 00:00:00,3267.404769499277
2001-02-14 00:00:00,3460.880510299379
2001-02-15 00:00:00,3507.3159101061738
2001-02-16 00:00:00,3282.505252295502
2001-02-18 00:00:00,3521.956593497302
2001-02-19 00:00:00,3371.2617699650727
2001-02-20 00:00:00,3301.6996826547393
2001-02-21 00:00:00,3465.9949805481806
2001-02-22 00:00:00,3490.999187999077
2001-02-23 00:00:00,3363.923304371432
2001-02-25 00:00:00,3591.8166420732437
2001-02-26 00:00:00,3429.314054839876
2001-02-27 00:00:00,3361.9266236007297
2001-02-28 00:00:00,3546.4579915889008
2001-03-01 00:00:00,3453.8758909406183
2001-03-02 00:00:00,3309.021848372451
2001-03-04 00:00:00,3423.0107845813577
2001-03-05 00:00:00,3272.613549587231
2001-03-06 00:00:00,3514.948134167623
2001-03-07 00:00:00,3278.6988064215484
2001-03-08 00:00:00,3248.6899915130844
2001-03-09 00:00:00,3423.0372050048272
2001-03-11 00:00:00,3239.2253970174283
2001-03-12 00:00:00,3221.407666415762
2001-03-13 00:00:00,2879.0807869188884
2001-03-14 00:00:00,3225.299280456586
2001-03-15 00:00:00,3123.265235586904
2001-03-16 00:00:00,2683.4200567312564
2001-03-18 00:00:00,3070.0851321809746
2001-03-19 00:00:00,2570.1186249968523
2001-03-20 00:00:00,2637.7394816537294
2001-03-21 00:00:00,3082.7660729987274
2001-03-22 00:00:00,2769.827122504572
2001-03-23 00:00:00,2480.187940882839
2001-03-25 00:00:00,3074.2111388987278
2001-03-26 01:00:00,2700.474763312893
2001-03-27 01:00:00,3052.42637732925
2001-03-28 01:00:00,3298.583107488963
2001-03-29 01:00:00,2970.3997743494297
2001-03-30 01:00:00,3130.8176761994555
2001-04-01 01:00:00,3254.854263067354
2001-04-02 01:00:00,3367.1583279051997
2001-04-03 01:00:00,3532.2046417538363
2001-04-04 01:00:00,3408.755404582207
2001-04-05 01:00:00,3511.3369249841076
2001-04-06 01:00:00,3541.095331134507
2001-04-08 01:00:00,3526.865618572349
2001-04-09 01:00:00,3451.3733933436547
2001-04-10 01:00:00,3494.4335866429633
2001-04-11 01:00:00,3597.739122812575
2001-04-12 01:00:00,3447.1430522334126
2001-04-13 01:00:00,3386.5741256374126
2001-04-15 01:00:00,3461.5850572962554
2001-04-16 01:00:00,3241.5169343339207
2001-04-17 01:00:00,3319.0403102634286
2001-04-18 01:00:00,3494.807678635583
2001-04-19 01:00:00,3320.257818947367
2001-04-20 01:00:00,3098.76473756051
2001-04-22 01:00:00,3422.812672100807
2001-04-23 01:00:00,3212.805307773797
2001-04-24 01:00:00,3334.562992537844
2001-04-25 01:00:00,3544.0507603238293
2001-04-26 01:00:00,3392.3961719333156
2001-04-27 01:00:00,3362.617698889126
2001-04-29 01:00:00,3460.9707332820744
2001-04-30 01:00:00,3496.3897586574917
2001-05-01 01:00:00,3520.8934692267408
2001-05-02 01:00:00,3459.5826102204733
2001-05-03 01:00:00,3496.358047076343
2001-05-04 01:00:00,3400.3330912943325
2001-05-06 01:00:00,3496.933723689739
2001-05-07 01:00:00,3359.5894508397428
2001-05-08 01:00:00,3416.467079967322
2001-05-09 01:00:00,3576.0179645212647
2001-05-10 01:00:00,3423.9603070502108
2001-05-11 01:00:00,3361.396536060675
2001-05-13 01:00:00,3526.358668790314
2001-05-14 01:00:00,3364.473785451362
2001-05-15 01:00:00,3474.588089177365
2001-05-16 01:00:00,3511.6640901204437
2001-05-17 01:00:00,3429.921369920866
2001-05-18 01:00:00,3411.920365849167
2001-05-20 01:00:00,3499.6772991482844
2001-05-21 01:00:00,3505.0993734976755
2001-05-22 01:00:00,3552.432922790159
2001-05-23 01:00:00,3496.0516909536404
2001-05-24 01:00:00,3547.845958009622
2001-05-25 01:00:00,3590.5707243312568
2001-05-27 01:00:00,3572.5330493672154
2001-05-28 01:00:00,3539.6217962135192
2001-05-29 01:00:00,3431.3948870325357
2001-05-30 01:00:00,3534.404390952543
2001-05-31 01:00:00,3447.265482982668
2001-06-01 01:00:00,3365.4565462775654
2001-06-03 01:00:00,3414.4886044746554
2001-06-04 01:00:00,3361.9541888417502
2001-06-05 01:00:00,3494.8527892957786
2001-06-06 01:00:00,3491.842555358012
2001-06-07 01:00:00,3444.916267696095
2001-06-08 01:00:00,3531.0045484231514
2001-06-10 01:00:00,3563.59964462612
2001-06-11 01:00:00,3537.150724611644
2001-06-12 01:00:00,3569.387210877846
2001-06-13 01:00:00,3596.5690172644
2001-06-14 01:00:00,3532.365575728144
2001-06-15 01:00:00,3399.0407089303235
2001-06-17 01:00:00,3458.4429540921283
2001-06-18 01:00:00,3276.1177668796863
2001-06-19 01:00:00,3346.0776488183915
2001-06-20 01:00:00,3381.9017859110736
2001-06-21 01:00:00,3161.475411191898
2001-06-22 01:00:00,3340.172241155056
2001-06-24 01:00:00,3265.7640525087713
2001-06-25 01:00:00,3490.7441198588726
2001-06-26 01:00:00,3467.399355983832
2001-06-27 01:00:00,3264.2511937433774
2001-06-28 01:00:00,3489.1888613879305
2001-06-29 01:00:00,3412.219464804454
2001-07-01 01:00:00,3450.209414005148
2001-07-02 01:00:00,3431.788085214115
2001-07-03 01:00:00,3241.42343726554
2001-07-04 01:00:00,3451.208597113041
2001-07-05 01:00:00,3527.5964815181806
2001-07-06 01:00:00,3330.150808676863
2001-07-08 01:00:00,3569.634564849623
2001-07-09 01:00:00,3414.5858138213644
2001-07-10 01:00:00,3350.4145272654105
2001-07-11 01:00:00,3533.8336423921924
2001-07-12 01:00:00,3486.6075475790826
2001-07-13 01:00:00,3287.940703775244
2001-07-15 01:00:00,3517.115883373787
2001-07-16 01:00:00,3364.548768485726
2001-07-17 01:00:00,3442.6386367556097
2001-07-18 01:00:00,3585.3971985950925
2001-07-19 01:00:00,3418.6657303492116
2001-07-20 01:00:00,3488.8990069016045
2001-07-22 01:00:00,3436.26091135344
2001-07-23 01:00:00,3506.671203015257
2001-07-24 01:00:00,3464.8456946390934
2001-07-25 01:00:00,3478.204577131319
2001-07-26 01:00:00,3511.207041649721
2001-07-27 01:00:00,3452.8859597161245
2001-07-29 01:00:00,3510.0613552728146
2001-07-30 01:00:00,3301.321078845847
2001-07-31 01:00:00,3434.621327876122
2001-08-01 01:00:00,3469.334455133129
2001-08-02 01:00:00,3143.625568992278
2001-08-03 01:00:00,3116.54808011621
2001-08-05 01:00:00,3185.8432604423742
2001-08-06 01:00:00,2807.563826219781
2001-08-07 01:00:00,3021.8833706380165
2001-08-08 01:00:00,3357.669687183122
2001-08-09 01:00:00,3095.792594791659
2001-08-10 01:00:00,2958.288677694801
2001-08-12 01:00:00,3418.780448216743
2001-08-13 01:00:00,3094.0489198303508
2001-08-14 01:00:00,3267.7035019883338
2001-08-15 01:00:00,3518.4092715720913
2001-08-16 01:00:00,3251.0165952584134
2001-08-17 01:00:00,3349.1784316980647
2001-08-19 01:00:00,3422.615371286678
2001-08-20 01:00:00,3514.00241363554
2001-08-21 01:00:00,3569.4831929799893
2001-08-22 01:00:00,3474.4144263238713
2001-08-23 01:00:00,3555.530580970176
2001-08-24 01:00:00,3551.108787128405
2001-08-26 01:00:00,3572.6445550584117
2001-08-27 01:00:00,3484.4037380768355
2001-08-28 01:00:00,3525.4656697007003
2001-08-29 01:00:00,3512.049658762595
2001-08-30 01:00:00,3433.3251288293714
2001-08-31 01:00:00,3401.0617054234876
2001-09-02 01:00:00,3501.474861629438
2001-09-03 01:00:00,3339.584510004715
2001-09-04 01:00:00,3423.7668364215656
2001-09-05 01:00:00,3552.4470868272624
2001-09-06 01:00:00,3313.6982073595395
2001-09-07 01:00:00,3277.626064264926
2001-09-09 01:00:00,3419.7346783450407
2001-09-10 01:00:00,3251.3915020617287
2001-09-11 01:00:00,3463.6251385881114
2001-09-12 01:00:00,3500.7090042693712
2001-09-13 01:00:00,3235.7456570037148
2001-09-14 01:00:00,3463.275652112324
2001-09-16 01:00:00,3206.3606790634135
2001-09-17 01:00:00,3462.275782237132
2001-09-18 01:00:00,3296.6935762297935
2001-09-19 01:00:00,3221.0325343245454
2001-09-20 01:00:00,3490.896577177223
2001-09-21 01:00:00,3302.94433854387
2001-09-23 01:00:00,3549.40035800803
2001-09-24 01:00:00,3380.7532659101075
2001-09-25 01:00:00,3199.001813577839
2001-09-26 01:00:00,3405.2733004947454
2001-09-27 01:00:00,3420.1632021716205
2001-09-28 01:00:00,3224.462040536513
2001-09-30 01:00:00,3502.4869314482257
2001-10-01 01:00:00,3410.768871094336
2001-10-02 01:00:00,3253.182294875297
2001-10-03 01:00:00,3466.169637322774
2001-10-04 01:00:00,3562.351277504974
2001-10-05 01:00:00,3327.218027336536
2001-10-07 01:00:00,3514.7069161196396
2001-10-08 01:00:00,3379.273119896918
2001-10-09 01:00:00,3309.431036610486
2001-10-10 01:00:00,3525.98848953305
2001-10-11 01:00:00,3479.0870154432296
2001-10-12 01:00:00,3412.325148912588
2001-10-14 01:00:00,3468.90158468892
2001-10-15 01:00:00,3497.989265432036
2001-10-16 01:00:00,3472.896559743984
2001-10-17 01:00:00,3554.9298048426394
2001-10-18 01:00:00,3349.927522562417
2001-10-19 01:00:00,3294.590848604079
2001-10-21 01:00:00,3212.2455242236624
2001-10-22 01:00:00,3185.2620384938987
2001-10-23 01:00:00,3473.3302483773377
2001-10-24 01:00:00,3251.149474588043
2001-10-25 01:00:00,3061.432686876415
2001-10-26 01:00:00,3376.7892001250016
2001-10-28 01:00:00,3103.8602561624352
2001-10-29 00:00:00,3211.118770706337
2001-10-30 00:00:00,3436.5654137106453
2001-10-31 00:00:00,3244.824803966576
2001-11-01 00:00:00,3202.7453076306956
2001-11-02 00:00:00,3462.034814345704
2001-11-04 00:00:00,3423.0622143873775
2001-11-05 00:00:00,3597.716277625152
2001-11-06 00:00:00,3546.8909830749226
2001-11-07 00:00:00,3498.0389745048515
2001-11-08 00:00:00,3506.4263844128313
2001-11-09 00:00:00,3379.850968026607
2001-11-11 00:00:00,3416.068238711361
2001-11-12 00:00:00,3145.8841705065634
2001-11-13 00:00:00,3402.876552818768
2001-11-14 00:00:00,3262.420832587983
2001-11-15 00:00:00,3023.0157107916316
2001-11-16 00:00:00,3359.474222681941
2001-11-18 00:00:00,2822.1117039822834
2001-11-19 00:00:00,3179.7123533911176
2001-11-20 00:00:00,3154.7400221770595
2001-11-21 00:00:00,2724.138398479411
2001-11-22 00:00:00,2931.9949014092826
2001-11-23 00:00:00,3309.729577359067
2001-11-25 00:00:00,2926.6488339545094
2001-11-26 00:00:00,3284.8958347386247
2001-11-27 00:00:00,3357.332542052039
2001-11-28 00:00:00,3101.911069516091
2001-11-29 00:00:00,3323.843422945014
2001-11-30 00:00:00,3558.271397162149
2001-12-02 00:00:00,3430.295311828584
2001-12-03 00:00:00,3552.4720399037124
2001-12-04 00:00:00,3557.5356428376067
2001-12-05 00:00:00,3484.7267520104137
2001-12-06 00:00:00,3478.4577588641023
2001-12-07 00:00:00,3577.051224114351
2001-12-09 00:00:00,3354.6231577533035
2001-12-10 00:00:00,3550.928676614415
2001-12-11 00:00:00,3340.0170646821566
2001-12-12 00:00:00,3106.283716128458
2001-12-13 00:00:00,3376.6971148195316
2001-12-14 00:00:00,3203.294509044004
2001-12-16 00:00:00,3320.161785796611
2001-12-17 00:00:00,3313.988857666996
2001-12-18 00:00:00,3022.353224416301
2001-12-19 00:00:00,3283.1464344461724
2001-12-20 00:00:00,3473.130363076873
2001-12-21 00:00:00,3160.347897189858
2001-12-23 00:00:00,3443.2054494188274
2001-12-24 00:00:00,3255.2364931586576
2001-12-25 00:00:00,3098.292790791727
2001-12-26 00:00:00,3432.9965635528824
2001-12-27 00:00:00,3422.8126027430017
2001-12-28 00:00:00,3189.1413072933233
2001-12-30 00:00:00,3368.730042734219
2001-12-31 00:00:00,3120.838627775423
2002-01-01 00:00:00,3407.422917417996
2002-01-02 00:00:00,3214.8070816532195
2002-01-03 00:00:00,3115.246064656035
2002-01-04 00:00:00,3408.826823586635
2002-01-06 00:00:00,3234.4038138460846
2002-01-07 00:00:00,3497.6644593120445
2002-01-08 00:00:00,3251.3005352221035
2002-01-09 00:00:00,3310.7306674691367
2002-01-10 00:00:00,3540.5178737349097
2002-01-11 00:00:00,3322.686286943956
2002-01-13 00:00:00,3538.316648755671
2002-01-14 00:00:00,3379.8504221741614
2002-01-15 00:00:00,3321.2254045996388
2002-01-16 00:00:00,3472.4127625064557
2002-01-17 00:00:00,3423.257741032303
2002-01-18 00:00:00,3275.1181910499786
2002-01-20 00:00:00,3514.6419457934794
2002-01-21 00:00:00,3313.6181804674543
2002-01-22 00:00:00,3346.1485025665993
2002-01-23 00:00:00,3490.3955927075103
2002-01-24 00:00:00,3212.9664779155873
2002-01-25 00:00:00,3159.9359326759686
2002-01-27 00:00:00,3148.118804170181
2002-01-28 00:00:00,3313.020659774617
2002-01-29 00:00:00,3496.5782860494933
2002-01-30 00:00:00,3314.2433822476346
2002-01-31 00:00:00,3558.7888644759037
2002-02-01 00:00:00,3411.7952292583727
2002-02-03 00:00:00,3481.0867450201818
2002-02-04 00:00:00,3221.643873714163
2002-02-05 00:00:00,3387.6523257941076
2002-02-06 00:00:00,3272.580894129271
2002-02-07 00:00:00,2968.997097781952
2002-02-08 00:00:00,3205.3062474052444
2002-02-10 00:00:00,2837.2679607890277
2002-02-11 00:00:00,3045.772364473962
2002-02-12 00:00:00,3279.7718553281265
2002-02-13 00:00:00,2850.872970111886
2002-02-14 00:00:00,2774.4738958017515
2002-02-15 00:00:00,3172.8634402998987
2002-02-17 00:00:00,2548.3100904126313
2002-02-18 00:00:00,2845.795886783336
2002-02-19 00:00:00,3158.8830674654473
2002-02-20 00:00:00,2713.2744703257904
2002-02-21 00:00:00,2686.5542779102034
2002-02-22 00:00:00,3181.1400860149975
2002-02-24 00:00:00,2639.967126139836
2002-02-25 00:00:00,3148.9010477474544
2002-02-26 00:00:00,2862.257803524147
2002-02-27 00:00:00,2819.0854186005104
2002-02-28 00:00:00,3311.4792362683743
2002-03-01 00:00:00,3025.25298359431
2002-03-03 00:00:00,3473.824182989628
2002-03-04 00:00:00,3237.6764269852415
2002-03-05 00:00:00,3347.8055413992633
2002-03-06 00:00:00,3527.393953120296
2002-03-07 00:00:00,3409.0673961946245
2002-03-08 00:00:00,3359.026773845207
2002-03-10 00:00:00,3567.183284712236
2002-03-11 00:00:00,3504.6352743430084
2002-03-12 00:00:00,3433.676058937906
2002-03-13 00:00:00,3461.8574865553533
2002-03-14 00:00:00,3534.968891408681
2002-03-15 00:00:00,3376.0654986785626
2002-03-17 00:00:00,3390.101877079885
2002-03-18 00:00:00,3471.855673854313
2002-03-19 00:00:00,3252.4126547633946
2002-03-20 00:00:00,3270.6047826659546
2002-03-21 00:00:00,3494.7997291044744
2002-03-22 00:00:00,3355.3980707955275
2002-03-24 00:00:00,3425.8739646870413
2002-03-25 00:00:00,3399.7232750482644
2002-03-26 00:00:00,3329.2339354252485
2002-03-27 00:00:00,3533.1674722083526
2002-03-28 00:00:00,3454.8763827160087
2002-03-29 00:00:00,3485.3414387588828
2002-03-31 00:00:00,3457.1244575006126
2002-04-01 01:00:00,3535.300547747841
2002-04-02 01:00:00,3415.7233219825716
2002-04-03 01:00:00,3404.430476384953
2002-04-04 01:00:00,3597.130343247426
2002-04-05 01:00:00,3388.4721649952767
2002-04-07 01:00:00,3448.689122421249
2002-04-08 01:00:00,3364.7957275563163
2002-04-09 01:00:00,3124.6274105376165
2002-04-10 01:00:00,3252.936684253557
2002-04-11 01:00:00,3425.036835825715
2002-04-12 01:00:00,3309.7400077259263
2002-04-14 01:00:00,3425.944970368901
2002-04-15 01:00:00,3398.524298615056
2002-04-16 01:00:00,3296.069130983187
2002-04-17 01:00:00,3494.4112465399244
2002-04-18 01:00:00,3514.0093943070924
2002-04-19 01:00:00,3382.386362284936
2002-04-21 01:00:00,3420.176872386614
2002-04-22 01:00:00,3193.643644403016
2002-04-23 01:00:00,3435.8305780192136
2002-04-24 01:00:00,3288.578530301464
2002-04-25 01:00:00,3117.956152608674
2002-04-26 01:00:00,3448.98545053512
2002-04-28 01:00:00,2985.8895424546968
2002-04-29 01:00:00,3309.869592049436
2002-04-30 01:00:00,2898.3122122647956
2002-05-01 01:00:00,2933.944728409888
2002-05-02 01:00:00,3316.549327616637
2002-05-03 01:00:00,3039.1301763783945
2002-05-05 01:00:00,3283.0649611502276
2002-05-06 01:00:00,3333.1183689726267
2002-05-07 01:00:00,3018.4670190974166
2002-05-08 01:00:00,3181.9797656867745
2002-05-09 01:00:00,3480.773762540455
2002-05-10 01:00:00,3302.473027341538
2002-05-12 01:00:00,3436.350251783401
2002-05-13 01:00:00,3510.3059963197366
2002-05-14 01:00:00,3299.7500057062034
2002-05-15 01:00:00,3428.5774712792527
2002-05-16 01:00:00,3549.676503524782
2002-05-17 01:00:00,3431.1652767500505
2002-05-19 01:00:00,3565.858967463378
2002-05-20 01:00:00,3545.341527765572
2002-05-21 01:00:00,3578.177648611139
2002-05-22 01:00:00,3549.8664136372286
2002-05-23 01:00:00,3591.7155127079636
2002-05-24 01:00:00,3541.540905122264
2002-05-26 01:00:00,3566.5182770218616
2002-05-27 01:00:00,3397.5668029621647
2002-05-28 01:00:00,3324.2802540560074
2002-05-29 01:00:00,3548.963248713017
2002-05-30 01:00:00,3330.8095028810158
2002-05-31 01:00:00,3211.687302785749
2002-06-02 01:00:00,3370.1088534348423
2002-06-03 01:00:00,3161.061398792147
2002-06-04 01:00:00,3407.235113938471
2002-06-05 01:00:00,3518.89029979285
2002-06-06 01:00:00,3273.607814740233
2002-06-07 01:00:00,3245.9004599631635
2002-06-09 01:00:00,3426.6565789521005
2002-06-10 01:00:00,3340.6947140489324
2002-06-11 01:00:00,3561.659445079502
2002-06-12 01:00:00,3539.426275006963
2002-06-13 01:00:00,3381.6546230176577
2002-06-14 01:00:00,3508.2201171005854
2002-06-16 01:00:00,3402.9479094686185
2002-06-17 01:00:00,3537.8238549221305
2002-06-18 01:00:00,3504.0683582790566
2002-06-19 01:00:00,3389.826913130522
2002-06-20 01:00:00,3565.0155912879563
2002-06-21 01:00:00,3504.1003420517773
2002-06-23 01:00:00,3576.7625697012263
2002-06-24 01:00:00,3492.152417097058
2002-06-25 01:00:00,3418.8567865820764
2002-06-26 01:00:00,3555.39680219728
2002-06-27 01:00:00,3479.9843475691296
2002-06-28 01:00:00,3340.3233821131303
2002-06-30 01:00:00,3513.3843776082144
2002-07-01 01:00:00,3305.1828794205935
2002-07-02 01:00:00,3348.0782515563274
2002-07-03 01:00:00,3532.971751107112
2002-07-04 01:00:00,3474.5307820794087
2002-07-05 01:00:00,3356.4878048180467
2002-07-07 01:00:00,3561.4315776300446
2002-07-08 01:00:00,3415.3898451188807
2002-07-09 01:00:00,3516.8115228413267
2002-07-10 01:00:00,3585.5886459466283
2002-07-11 01:00:00,3393.540798847286
2002-07-12 01:00:00,3537.6274670945927
2002-07-14 01:00:00,3271.9508075834556
2002-07-15 01:00:00,3480.487955078433
2002-07-16 01:00:00,3296.0478078681936
2002-07-17 01:00:00,2968.620076445976
2002-07-18 01:00:00,3303.3746986568212
2002-07-19 01:00:00,3043.4217108633648
2002-07-21 01:00:00,3135.929807271475
2002-07-22 01:00:00,2907.662323247039
2002-07-23 01:00:00,2420.604284137467
2002-07-24 01:00:00,2858.5841124696185
2002-07-25 01:00:00,2958.9474449372915
2002-07-26 01:00:00,2520.409956829415
2002-07-28 01:00:00,3231.5145910530796
2002-07-29 01:00:00,2947.893509883552
2002-07-30 01:00:00,2784.6364547824405
2002-07-31 01:00:00,3235.9323394617186
2002-08-01 01:00:00,3405.565054817397
2002-08-02 01:00:00,3096.6544866156955
2002-08-04 01:00:00,3481.243723512471
2002-08-05 01:00:00,3322.6281244024785
2002-08-06 01:00:00,3264.7214363325
2002-08-07 01:00:00,3464.8394977029557
2002-08-08 01:00:00,3387.1184445471113
2002-08-09 01:00:00,3471.900817019524
2002-08-11 01:00:00,3425.2774649560483
2002-08-12 01:00:00,3569.05767101243
2002-08-13 01:00:00,3480.486900420809
2002-08-14 01:00:00,3373.390919723074
2002-08-15 01:00:00,3538.2447623602043
2002-08-16 01:00:00,3347.136037710468
2002-08-18 01:00:00,3556.4690017651487
2002-08-19 01:00:00,3407.652188148647
2002-08-20 01:00:00,3384.731093566684
2002-08-21 01:00:00,3596.271875688784
2002-08-22 01:00:00,3470.183014593473
2002-08-23 01:00:00,3392.1462962171263
2002-08-25 01:00:00,3542.865322472461
2002-08-26 01:00:00,3387.5378090552076
2002-08-27 01:00:00,3484.86640545516
2002-08-28 01:00:00,3499.289430045468
2002-08-29 01:00:00,3364.136339179992
2002-08-30 01:00:00,3398.0043988175594
2002-09-01 01:00:00,3386.97489252131
2002-09-02 01:00:00,3398.062692565387
2002-09-03 01:00:00,3562.4312232075767
2002-09-04 01:00:00,3325.9142442661528
2002-09-05 01:00:00,3315.541123692509
2002-09-06 01:00:00,3552.069558035105
2002-09-08 01:00:00,3392.6474725555518
2002-09-09 01:00:00,3437.402331959588
2002-09-10 01:00:00,3161.610437637211
2002-09-11 01:00:00,3475.3441659917366
2002-09-12 01:00:00,3356.1368094703766
2002-09-13 01:00:00,3189.1442316765397
2002-09-15 01:00:00,3339.2328898097203
2002-09-16 01:00:00,3175.3661796180404
2002-09-17 01:00:00,3464.522438335672
2002-09-18 01:00:00,3440.8213429243806
2002-09-19 01:00:00,3184.491323764123
2002-09-20 01:00:00,3353.3439867821567
2002-09-22 01:00:00,3251.3143685769096
2002-09-23 01:00:00,3213.862373645256
2002-09-24 01:00:00,3457.3708981408267
2002-09-25 01:00:00,3428.931714664437
2002-09-26 01:00:00,3120.1263795509126
2002-09-27 01:00:00,3246.0569627514033
2002-09-29 01:00:00,3019.445395232469
2002-09-30 01:00:00,2974.1928896419417
2002-10-01 01:00:00,3349.692204193265
2002-10-02 01:00:00,2972.979991565748
2002-10-03 01:00:00,2898.236323133133
2002-10-04 01:00:00,3301.4941175177137
2002-10-06 01:00:00,3017.907548752766
2002-10-07 01:00:00,3153.817052988293
2002-10-08 01:00:00,2692.5923634641754
2002-10-09 01:00:00,3199.775874002148
2002-10-10 01:00:00,3034.331925409664
2002-10-11 01:00:00,2799.2280961290185
2002-10-13 01:00:00,3096.0426425666033
2002-10-14 01:00:00,2869.649089904711
2002-10-15 01:00:00,3304.3532266888797
2002-10-16 01:00:00,3302.703619434797
2002-10-17 01:00:00,2979.804007399982
2002-10-18 01:00:00,3227.483635790953
2002-10-20 01:00:00,3211.3440591359017
2002-10-21 01:00:00,3246.452093597411
2002-10-22 01:00:00,3540.8563636449585
2002-10-23 01:00:00,3448.1415347379298
2002-10-24 01:00:00,3339.7934395671277
2002-10-25 01:00:00,3538.4484068895104
2002-10-27 01:00:00,3240.4502710452184
2002-10-28 00:00:00,3411.273171728719
2002-10-29 00:00:00,3323.298050050783
2002-10-30 00:00:00,3057.5008862989657
2002-10-31 00:00:00,3362.451163480862
2002-11-01 00:00:00,3211.459299874997
2002-11-03 00:00:00,3363.175983577515
2002-11-04 00:00:00,3016.5962553192344
2002-11-05 00:00:00,3118.206930158328
2002-11-06 00:00:00,3415.6751732196585
2002-11-07 00:00:00,3117.7377595696025
2002-11-08 00:00:00,3410.514322686378
2002-11-10 00:00:00,3320.615019884188
2002-11-11 00:00:00,3531.9609439051455
2002-11-12 00:00:00,3510.245621527447
2002-11-13 00:00:00,3390.4868420592675
2002-11-14 00:00:00,3576.8567203379716
2002-11-15 00:00:00,3498.7077535370345
2002-11-17 00:00:00,3482.1034229902575
2002-11-18 00:00:00,3450.2149698021763
2002-11-19 00:00:00,3048.5791688856375
2002-11-20 00:00:00,3094.13057889618
2002-11-21 00:00:00,3303.599389181538
2002-11-22 00:00:00,2874.2569221576623
2002-11-24 00:00:00,3186.2927390299506
2002-11-25 00:00:00,2942.2593742528725
2002-11-26 00:00:00,2580.072296105906
2002-11-27 00:00:00,3083.0296427601556
2002-11-28 00:00:00,2968.3644790197372
2002-11-29 00:00:00,2565.0490184069663
2002-12-01 00:00:00,2903.970445107566
2002-12-02 00:00:00,2648.681318861534
2002-12-03 00:00:00,3242.5050070418256
2002-12-04 00:00:00,2920.1338380229736
2002-12-05 00:00:00,2948.4070696875688
2002-12-06 00:00:00,3380.809609737001
2002-12-08 00:00:00,3070.7534265567747
2002-12-09 00:00:00,3386.3131002893138
2002-12-10 00:00:00,3104.5342231149466
2002-12-11 00:00:00,3074.5094200798544
2002-12-12 00:00:00,3331.3805996873793
2002-12-13 00:00:00,3172.8458920675566
2002-12-15 00:00:00,3333.3129840447573
2002-12-16 00:00:00,3350.7077634990183
2002-12-17 00:00:00,3104.5520568154425
2002-12-18 00:00:00,3283.52997333601
2002-12-19 00:00:00,3425.1889900369665
2002-12-20 00:00:00,3160.5983300371604
2002-12-22 00:00:00,3515.183545583116
2002-12-23 00:00:00,3305.125013287814
2002-12-24 00:00:00,3245.151313815069
2002-12-25 00:00:00,3525.7168203733963
2002-12-26 00:00:00,3329.892966244626
2002-12-27 00:00:00,3250.0313744365467
2002-12-29 00:00:00,3289.5606886947367
2002-12-30 00:00:00,3257.1000695292914
2002-12-31 00:00:00,3419.4765677363816
2003-01-01 00:00:00,3286.927572740634
2003-01-02 00:00:00,3316.2632673846906
2003-01-03 00:00:00,3423.4314142353674
2003-01-05 00:00:00,3454.091437137804
2003-01-06 00:00:00,3421.8992565094104
2003-01-07 00:00:00,3386.6392944218082
2003-01-08 00:00:00,3483.9710222060658
2003-01-09 00:00:00,3339.720454485872
2003-01-10 00:00:00,3289.2324197930525
2003-01-12 00:00:00,3307.2574315191428
2003-01-13 00:00:00,3059.7366647319222
2003-01-14 00:00:00,3305.948696666284
2003-01-15 00:00:00,3254.351322781606
2003-01-16 00:00:00,2891.282671117274
2003-01-17 00:00:00,3201.655243322967
2003-01-19 00:00:00,2914.925859725166
2003-01-20 00:00:00,3167.216914656767
2003-01-21 00:00:00,3277.126537122932
2003-01-22 00:00:00,2921.368842412522
2003-01-23 00:00:00,3271.2077853752967
2003-01-24 00:00:00,3302.1577109877694
2003-01-26 00:00:00,3373.070420802795
2003-01-27 00:00:00,3322.0365671047184
2003-01-28 00:00:00,3134.9576988216604
2003-01-29 00:00:00,3467.673633664217
2003-01-30 00:00:00,3372.135120917132
2003-01-31 00:00:00,3188.2240627258393
2003-02-02 00:00:00,3415.667354670516
2003-02-03 00:00:00,3213.040004304029
2003-02-04 00:00:00,3473.591323186872
2003-02-05 00:00:00,3464.5826670531133
2003-02-06 00:00:00,3216.0507167036017
2003-02-07 00:00:00,3375.6895966506945
2003-02-09 00:00:00,3310.3736801112436
2003-02-10 00:00:00,3273.074035548419
2003-02-11 00:00:00,3534.878280457921
2003-02-12 00:00:00,3445.3074486422556
2003-02-13 00:00:00,3304.1378131117945
2003-02-14 00:00:00,3520.862003819494
2003-02-16 00:00:00,3352.000910665226
2003-02-17 00:00:00,3544.6629263484456
2003-02-18 00:00:00,3484.9082729019246
2003-02-19 00:00:00,3426.6898199948773
2003-02-20 00:00:00,3570.9123553336367
2003-02-21 00:00:00,3432.085417977215
2003-02-23 00:00:00,3524.2270640472134
2003-02-24 00:00:00,3399.8157824688324
2003-02-25 00:00:00,3523.3782279213
2003-02-26 00:00:00,3550.612156514976
2003-02-27 00:00:00,3389.8519221736465
2003-02-28 00:00:00,3520.194947704406
2003-03-02 00:00:00,3378.3947014120968
2003-03-03 00:00:00,3426.4375368996275
2003-03-04 00:00:00,3551.4129035780074
2003-03-05 00:00:00,3466.3884114802827
2003-03-06 00:00:00,3461.875187684323
2003-03-07 00:00:00,3575.8383214338164
2003-03-09 00:00:00,3525.474053389061
2003-03-10 00:00:00,3502.595636413858
2003-03-11 00:00:00,3485.7023654359928
2003-03-12 00:00:00,3494.133949450778
2003-03-13 00:00:00,3478.2226690487823
2003-03-14 00:00:00,3310.688422538295
2003-03-16 00:00:00,3500.120470448835
2003-03-17 00:00:00,3135.0617657313387
2003-03-18 00:00:00,3243.789925571087
2003-03-19 00:00:00,3350.8779238129614
2003-03-20 00:00:00,2873.1591459932697
2003-03-21 00:00:00,3166.3295963735973
2003-03-23 00:00:00,2574.0410772918226
2003-03-24 00:00:00,2985.3674080456863
2003-03-25 00:00:00,2946.136854675174
2003-03-26 00:00:00,2495.1595168657313
2003-03-27 00:00:00,2906.837402813462
2003-03-28 00:00:00,3177.8717149926374
2003-03-30 00:00:00,2923.919286273768
2003-03-31 01:00:00,3345.5306359605647
2003-04-01 01:00:00,3160.4443244140516
2003-04-02 01:00:00,3092.174365361515
2003-04-03 01:00:00,3415.531925575768
2003-04-04 01:00:00,3488.976649561637
2003-04-06 01:00:00,3398.4726717051412
2003-04-07 01:00:00,3495.900173693772
2003-04-08 01:00:00,3387.9988166187313
2003-04-09 01:00:00,3452.706447688418
2003-04-10 01:00:00,3597.94709190863
2003-04-11 01:00:00,3416.8016444644995
2003-04-13 01:00:00,3540.3961945467977
2003-04-14 01:00:00,3250.802646658788
2003-04-15 01:00:00,3347.1972839842265
2003-04-16 01:00:00,3382.169583178882
2003-04-17 01:00:00,3134.1200012981976
2003-04-18 01:00:00,3454.595530854568
2003-04-20 01:00:00,3166.1095378195405
2003-04-21 01:00:00,3478.1102066526737
2003-04-22 01:00:00,3124.4916035305278
2003-04-23 01:00:00,3118.3579720403873
2003-04-24 01:00:00,3421.5212352070025
2003-04-25 01:00:00,3075.9681963848248
2003-04-27 01:00:00,3344.5195190723957
2003-04-28 01:00:00,3176.6173313357795
2003-04-29 01:00:00,2832.2136147941437
2003-04-30 01:00:00,3132.3513396517487
2003-05-01 01:00:00,3304.0109895849932
2003-05-02 01:00:00,3000.3692758002253
2003-05-04 01:00:00,3456.7185158173597
2003-05-05 01:00:00,3298.305693543307
2003-05-06 01:00:00,3146.0862729806827
2003-05-07 01:00:00,3458.117028531161
2003-05-08 01:00:00,3477.8748675040433
2003-05-09 01:00:00,3300.0257153213697
2003-05-11 01:00:00,3557.487409610304
2003-05-12 01:00:00,3478.3762423748462
2003-05-13 01:00:00,3600.0
2003-05-14 01:00:00,3481.146273465905
2003-05-15 01:00:00,3537.621925105075
2003-05-16 01:00:00,3498.222405391566
2003-05-18 01:00:00,3571.7065850016807
2003-05-19 01:00:00,3359.268867449266
2003-05-20 01:00:00,3375.6102909125443
2003-05-21 01:00:00,3505.215752345607
2003-05-22 01:00:00,3216.2051091033645
2003-05-23 01:00:00,3214.321172242325
2003-05-25 01:00:00,3189.1356845350283
2003-05-26 01:00:00,2963.238984780921
2003-05-27 01:00:00,3275.6349963094485
2003-05-28 01:00:00,3273.192226284247
2003-05-29 01:00:00,2786.669532432733
2003-05-30 01:00:00,2873.9436455284017
2003-06-01 01:00:00,2905.520488504015
2003-06-02 01:00:00,2524.310197840943
2003-06-03 01:00:00,2971.141348113385
2003-06-04 01:00:00,3003.7487165434786
2003-06-05 01:00:00,2445.428097486854
2003-06-06 01:00:00,2727.8472939258413
2003-06-08 01:00:00,2498.2865348406
2003-06-09 01:00:00,2702.1270933951673
2003-06-10 01:00:00,3104.6177476617736
2003-06-11 01:00:00,2554.9211692738045
2003-06-12 01:00:00,2948.230173581639
2003-06-13 01:00:00,3136.0186806153365
2003-06-15 01:00:00,3279.926672339014
2003-06-16 01:00:00,3211.52621468395
2003-06-17 01:00:00,3056.8559488277983
2003-06-18 01:00:00,3483.001118521244
2003-06-19 01:00:00,3387.666669379907
2003-06-20 01:00:00,3332.3201691201907
2003-06-22 01:00:00,3428.1899744636703
2003-06-23 01:00:00,3343.432067243975
2003-06-24 01:00:00,3520.072962403014
2003-06-25 01:00:00,3316.328880808374
2003-06-26 01:00:00,2979.4353917280205
2003-06-27 01:00:00,3203.9049791083316
2003-06-29 01:00:00,2685.3083181166267
2003-06-30 01:00:00,2641.118896685753
2003-07-01 01:00:00,3037.3268894860994
2003-07-02 01:00:00,2552.239913004182
2003-07-03 01:00:00,2230.741785706727
2003-07-04 01:00:00,2887.5539762472836
2003-07-06 01:00:00,2352.6233933078734
2003-07-07 01:00:00,3014.1331417809765
2003-07-08 01:00:00,2818.134049808213
2003-07-09 01:00:00,2591.8994609054125
2003-07-10 01:00:00,3208.893835968201
2003-07-11 01:00:00,2847.074700352729
2003-07-13 01:00:00,3318.948741811188
2003-07-14 01:00:00,2801.172657413364
2003-07-15 01:00:00,3051.5265158301654
2003-07-16 01:00:00,3200.717209679331
2003-07-17 01:00:00,2680.082914860435
2003-07-18 01:00:00,2974.5945382182845
2003-07-20 01:00:00,2679.3158185530583
2003-07-21 01:00:00,2711.415321529604
2003-07-22 01:00:00,3170.9644181410044
2003-07-23 01:00:00,2905.2784351453683
2003-07-24 01:00:00,2578.759637363371
2003-07-25 01:00:00,3025.2982345312244
2003-07-27 01:00:00,2915.5303988595565
2003-07-28 01:00:00,3097.3178341420407
2003-07-29 01:00:00,3433.6651641776366
2003-07-30 01:00:00,3133.357615021251
2003-07-31 01:00:00,3208.1883144217827
2003-08-01 01:00:00,3468.76882029928
2003-08-03 01:00:00,3355.7389491161657
2003-08-04 01:00:00,3465.913101079999
2003-08-05 01:00:00,3166.176014515314
2003-08-06 01:00:00,3434.797386323736
2003-08-07 01:00:00,3298.7229876409674
2003-08-08 01:00:00,3043.2369919793346
2003-08-10 01:00:00,3019.5364984825824
2003-08-11 01:00:00,2892.2757327356617
2003-08-12 01:00:00,3286.479361063314
2003-08-13 01:00:00,2811.180008472633
2003-08-14 01:00:00,2734.5036330665184
2003-08-15 01:00:00,3210.2548123692395
2003-08-17 01:00:00,2639.1300280218607
2003-08-18 01:00:00,3102.0846391440627
2003-08-19 01:00:00,3141.2429923982804
2003-08-20 01:00:00,2676.771391794945
2003-08-21 01:00:00,2876.583893632301
2003-08-22 01:00:00,3274.7905314531304
2003-08-24 01:00:00,2955.0610886114423
2003-08-25 01:00:00,3397.837016361707
2003-08-26 01:00:00,3239.9028324398723
2003-08-27 01:00:00,3159.2203005323804
2003-08-28 01:00:00,3517.4080001770817
2003-08-29 01:00:00,3287.169461229903
2003-08-31 01:00:00,3482.063551025516
2003-09-01 01:00:00,3137.6414073374403
2003-09-02 01:00:00,3360.6719627616444
2003-09-03 01:00:00,3336.5672783940026
2003-09-04 01:00:00,3082.639472824938
2003-09-05 01:00:00,3418.8636342658997
2003-09-07 01:00:00,3090.1479915631176
2003-09-08 01:00:00,3435.469074142114
2003-09-09 01:00:00,3170.0073618572483
2003-09-10 01:00:00,3117.3419595748137
2003-09-11 01:00:00,3462.9885266187575
2003-09-12 01:00:00,3290.9640311105572
2003-09-14 01:00:00,3459.6975471063756
2003-09-15 01:00:00,3511.344565528494
2003-09-16 01:00:00,3359.6677594427024
2003-09-17 01:00:00,3436.7051857793685
2003-09-18 01:00:00,3588.3231443304853
2003-09-19 01:00:00,3513.413895992768
2003-09-21 01:00:00,3557.410923612207
2003-09-22 01:00:00,3589.6096556655807
2003-09-23 01:00:00,3550.2836697315943
2003-09-24 01:00:00,3548.0473709929993
2003-09-25 01:00:00,3519.149732830178
2003-09-26 01:00:00,3529.7104345888174
2003-09-28 01:00:00,3411.435101530909
2003-09-29 01:00:00,3526.967962784635
2003-09-30 01:00:00,3442.3463313074517
2003-10-01 01:00:00,3389.731142931849
2003-10-02 01:00:00,3581.1142635375177
2003-10-03 01:00:00,3443.813236032034
2003-10-05 01:00:00,3566.5830484410603
2003-10-06 01:00:00,3449.331181724528
2003-10-07 01:00:00,3277.7991682739093
2003-10-08 01:00:00,3498.7189608423923
2003-10-09 01:00:00,3475.131011994775
2003-10-10 01:00:00,3281.055047045808
2003-10-12 01:00:00,3564.920366642549
2003-10-13 01:00:00,3431.8756580066383
2003-10-14 01:00:00,3406.5378153548445
2003-10-15 01:00:00,3551.892736380433
2003-10-16 01:00:00,3523.066547782717
2003-10-17 01:00:00,3427.5812115162284
2003-10-19 01:00:00,3541.46397193806
2003-10-20 01:00:00,3385.8477904947667
2003-10-21 01:00:00,3498.1415278803347
2003-10-22 01:00:00,3544.8598530544555
2003-10-23 01:00:00,3323.073390806014
2003-10-24 01:00:00,3491.6795048424024
2003-10-26 01:00:00,3266.4350187440214
2003-10-27 00:00:00,3490.347212242796
2003-10-28 00:00:00,3374.985651824848
2003-10-29 00:00:00,3287.147218234985
2003-10-30 00:00:00,3567.61302179476
2003-10-31 00:00:00,3417.4595781865128
2003-11-02 00:00:00,3589.9382397853956
2003-11-03 00:00:00,3464.1251956081524
2003-11-04 00:00:00,3424.506020256751
2003-11-05 00:00:00,3591.2223642839913
2003-11-06 00:00:00,3490.6933537662017
2003-11-07 00:00:00,3396.718760531621
2003-11-09 00:00:00,3424.4692554064045
2003-11-10 00:00:00,3380.2286491044993
2003-11-11 00:00:00,3559.5736081888454
2003-11-12 00:00:00,3551.36730479052
2003-11-13 00:00:00,3330.7544713809257
2003-11-14 00:00:00,3431.84435713826
2003-11-16 00:00:00,3229.897611473828
2003-11-17 00:00:00,3123.3066898611437
2003-11-18 00:00:00,3389.8440408462484
2003-11-19 00:00:00,3210.746545841072
2003-11-20 00:00:00,3021.3173586416633
2003-11-21 00:00:00,3395.89912533201
2003-11-23 00:00:00,3080.250918350796
2003-11-24 00:00:00,3450.2590875720934
2003-11-25 00:00:00,3075.5168678828745
2003-11-26 00:00:00,3155.897151038631
2003-11-27 00:00:00,3366.2365988583
2003-11-28 00:00:00,3058.93508603759
2003-11-30 00:00:00,3451.6244370473355
2003-12-01 00:00:00,3248.6616091169312
2003-12-02 00:00:00,3293.1961660626534
2003-12-03 00:00:00,3464.1984368651915
2003-12-04 00:00:00,3428.740039588385
2003-12-05 00:00:00,3327.5995439493618
2003-12-07 00:00:00,3557.0670379597027
2003-12-08 00:00:00,3508.6128453556894
2003-12-09 00:00:00,3374.384083795554
2003-12-10 00:00:00,3363.686439074651
2003-12-11 00:00:00,3468.1721719563784
2003-12-12 00:00:00,3436.253267354526
2003-12-14 00:00:00,3437.0246159360154
2003-12-15 00:00:00,3553.834709946303
2003-12-16 00:00:00,3332.315005018578
2003-12-17 00:00:00,3337.218730495449
2003-12-18 00:00:00,3525.6842815306923
2003-12-19 00:00:00,3307.1610488201327
2003-12-21 00:00:00,3493.475562562437
2003-12-22 00:00:00,3327.0923083477373
2003-12-23 00:00:00,3491.8827007634754
2003-12-24 00:00:00,3544.4324157149263
2003-12-25 00:00:00,3435.7315492542816
2003-12-26 00:00:00,3528.4711422246487
2003-12-28 00:00:00,3406.871293711905
2003-12-29 00:00:00,3436.175587459729
2003-12-30 00:00:00,3482.0048858214395
2003-12-31 00:00:00,3386.6912324753494
2004-01-01 00:00:00,3456.0209850840083
2004-01-02 00:00:00,3554.146225263356
2004-01-04 00:00:00,3353.7146665543364
2004-01-05 00:00:00,3528.9513456795094
2004-01-06 00:00:00,3426.2065841889
2004-01-07 00:00:00,3292.324612707149
2004-01-08 00:00:00,3509.399345440679
2004-01-09 00:00:00,3401.689472579095
2004-01-11 00:00:00,3396.5207142768472
2004-01-12 00:00:00,3427.7209167587816
2004-01-13 00:00:00,3093.7580328039903
2004-01-14 00:00:00,3309.89384019213
2004-01-15 00:00:00,3405.6779470957617
2004-01-16 00:00:00,3048.129669374979
2004-01-18 00:00:00,3333.499336332216
2004-01-19 00:00:00,3005.091796857697
2004-01-20 00:00:00,3343.9037870502175
2004-01-21 00:00:00,3218.0800226515853
2004-01-22 00:00:00,3113.677730574476
2004-01-23 00:00:00,3469.180656646108
2004-01-25 00:00:00,3266.73640204716
2004-01-26 00:00:00,3537.7824685751093
2004-01-27 00:00:00,3335.380624215838
2004-01-28 00:00:00,3311.986911291082
2004-01-29 00:00:00,3552.8027178909706
2004-01-30 00:00:00,3463.4416995514825
2004-02-01 00:00:00,3511.4765533335703
2004-02-02 00:00:00,3569.3900705694205
2004-02-03 00:00:00,3395.3720225990637
2004-02-04 00:00:00,3465.9225088786857
2004-02-05 00:00:00,3579.8287342918793
2004-02-06 00:00:00,3490.0342588919884
2004-02-08 00:00:00,3546.400098329236
2004-02-09 00:00:00,3506.0084444230088
2004-02-10 00:00:00,3512.528252213723
2004-02-11 00:00:00,3581.188684954757
2004-02-12 00:00:00,3542.947180417214
2004-02-13 00:00:00,3587.47744524112
2004-02-15 00:00:00,3508.696412396906
2004-02-16 00:00:00,3582.9645255406463
2004-02-17 00:00:00,3410.490613210385
2004-02-18 00:00:00,3465.964766738368
2004-02-19 00:00:00,3544.8255880901825
2004-02-20 00:00:00,3240.457761357205
2004-02-22 00:00:00,3465.552446364948
2004-02-23 00:00:00,3085.7456318365844
2004-02-24 00:00:00,3145.1564682684543
2004-02-25 00:00:00,3428.2892970157227
2004-02-26 00:00:00,3199.3095853724135
2004-02-27 00:00:00,3024.7703166056826
2004-02-29 00:00:00,3438.967014877895
2004-03-01 00:00:00,3202.8273895852203
2004-03-02 00:00:00,3244.6072145179255
2004-03-03 00:00:00,3520.495824269086
2004-03-04 00:00:00,3473.2483242661865
2004-03-05 00:00:00,3372.818223336133
2004-03-07 00:00:00,3574.1832894712916
2004-03-08 00:00:00,3515.522173388435
2004-03-09 00:00:00,3549.6857265738176
2004-03-10 00:00:00,3531.1999925729147
2004-03-11 00:00:00,3589.011036793473
2004-03-12 00:00:00,3514.6855448167858
2004-03-14 00:00:00,3542.8310066411104
2004-03-15 00:00:00,3400.318892903844
2004-03-16 00:00:00,3230.7890769698533
2004-03-17 00:00:00,3482.6065750357748
2004-03-18 00:00:00,3350.288593006057
2004-03-19 00:00:00,3104.524876222193
2004-03-21 00:00:00,3370.1604871871123
2004-03-22 00:00:00,3070.347125063948
2004-03-23 00:00:00,3275.578368096065
2004-03-24 00:00:00,3468.878347885087
2004-03-25 00:00:00,3149.039562235494
2004-03-26 00:00:00,3062.41546776632
2004-03-28 00:00:00,3415.31649700671
2004-03-29 01:00:00,3128.283523037856
2004-03-30 01:00:00,3259.237619681165
2004-03-31 01:00:00,3465.104461968723
2004-04-01 01:00:00,3200.3461476201182
2004-04-02 01:00:00,3163.0341719597513
2004-04-04 01:00:00,3282.6562777354775
2004-04-05 01:00:00,3140.727749998085
2004-04-06 01:00:00,3462.2501412580364
2004-04-07 01:00:00,3214.1096833984116
2004-04-08 01:00:00,3155.5078376701704
2004-04-09 01:00:00,3454.354016730082
2004-04-11 01:00:00,3249.228420884135
2004-04-12 01:00:00,3467.044457317383
2004-04-13 01:00:00,3110.3027875055736
2004-04-14 01:00:00,3263.4336050737616
2004-04-15 01:00:00,3474.9147491946774
2004-04-16 01:00:00,3183.4082381216176
2004-04-18 01:00:00,3539.839803706316
2004-04-19 01:00:00,3306.390260528822
2004-04-20 01:00:00,3336.7024648435317
2004-04-21 01:00:00,3545.991107224013
2004-04-22 01:00:00,3494.8103290697936
2004-04-23 01:00:00,3438.1776159274305
2004-04-25 01:00:00,3600.0
2004-04-26 01:00:00,3532.1698989416523
2004-04-27 01:00:00,3546.8679086847674
2004-04-28 01:00:00,3554.297083945809
2004-04-29 01:00:00,3549.969682573747
2004-04-30 01:00:00,3592.0032148013256
2004-05-02 01:00:00,3533.997961245941
2004-05-03 01:00:00,3590.4412153974
2004-05-04 01:00:00,3454.2279368172826
2004-05-05 01:00:00,3537.595160855137
2004-05-06 01:00:00,3556.5337672984533
2004-05-07 01:00:00,3394.309196487035
2004-05-09 01:00:00,3470.1535311684183
2004-05-10 01:00:00,3373.513873466978
2004-05-11 01:00:00,3572.702491495594
2004-05-12 01:00:00,3472.046616962191
2004-05-13 01:00:00,3386.199924471702
2004-05-14 01:00:00,3562.508181651948
2004-05-16 01:00:00,3370.9898356380277
2004-05-17 01:00:00,3479.0398285516912
2004-05-18 01:00:00,3523.0322447033977
2004-05-19 01:00:00,3413.021857252364
2004-05-20 01:00:00,3461.084590336688
2004-05-21 01:00:00,3565.647178418216
2004-05-23 01:00:00,3468.488809436174
2004-05-24 01:00:00,3508.2772642664377
2004-05-25 01:00:00,3526.340657922097
2004-05-26 01:00:00,3493.4933647934936
2004-05-27 01:00:00,3521.214500246347
2004-05-28 01:00:00,3501.9508379129593
2004-05-30 01:00:00,3549.9006901312637
2004-05-31 01:00:00,3565.1349656920065
2004-06-01 01:00:00,3444.6324845036593
2004-06-02 01:00:00,3553.266095991096
2004-06-03 01:00:00,3523.3175752431616
2004-06-04 01:00:00,3312.3766704218315
2004-06-06 01:00:00,3352.527724956224
2004-06-07 01:00:00,3161.9393253178087
2004-06-08 01:00:00,3470.7416238052265
2004-06-09 01:00:00,3247.309034087766
2004-06-10 01:00:00,3010.889685461717
2004-06-11 01:00:00,3329.647479886585
2004-06-13 01:00:00,2955.175556901528
2004-06-14 01:00:00,3216.146653615233
2004-06-15 01:00:00,3499.5911646683576
2004-06-16 01:00:00,3286.7577922965725
2004-06-17 01:00:00,3306.7153398372307
2004-06-18 01:00:00,3529.1295589913366
2004-06-20 01:00:00,3449.8259089217236
2004-06-21 01:00:00,3598.227650240515
2004-06-22 01:00:00,3501.3912337861925
2004-06-23 01:00:00,3357.769403700423
2004-06-24 01:00:00,3523.8013131820276
2004-06-25 01:00:00,3496.3323671897733
2004-06-27 01:00:00,3417.0382163117943
2004-06-28 01:00:00,3430.32435769499
2004-06-29 01:00:00,3147.097393458487
2004-06-30 01:00:00,3411.858147027429
2004-07-01 01:00:00,3404.4666190143034
2004-07-02 01:00:00,3311.1393892731435
2004-07-04 01:00:00,3516.231939344126
2004-07-05 01:00:00,3501.506922247527
2004-07-06 01:00:00,3559.262998366332
2004-07-07 01:00:00,3525.7685195142085
2004-07-08 01:00:00,3527.0956958127213
2004-07-09 01:00:00,3507.763825707438
2004-07-11 01:00:00,3582.914038470453
2004-07-12 01:00:00,3446.7862168226525
2004-07-13 01:00:00,3413.382714315889
2004-07-14 01:00:00,3532.344260752234
2004-07-15 01:00:00,3469.684716664458
2004-07-16 01:00:00,3256.1295293571166
2004-07-18 01:00:00,3554.840620273175
2004-07-19 01:00:00,3393.5515996521563
2004-07-20 01:00:00,3309.341473356102
2004-07-21 01:00:00,3534.9288687143876
2004-07-22 01:00:00,3507.7847696887975
2004-07-23 01:00:00,3325.6469442183297
2004-07-25 01:00:00,3544.2917904993155
2004-07-26 01:00:00,3366.3237687454257
2004-07-27 01:00:00,3520.672932365837
2004-07-28 01:00:00,3549.524082647243
2004-07-29 01:00:00,3414.271444775481
2004-07-30 01:00:00,3538.9500944891056
2004-08-01 01:00:00,3465.7317593823354
2004-08-02 01:00:00,3564.857755933245
2004-08-03 01:00:00,3499.370108571865
2004-08-04 01:00:00,3537.019816801649
2004-08-05 01:00:00,3571.185473299026
2004-08-06 01:00:00,3513.4329194001634
2004-08-08 01:00:00,3596.5993094387236
2004-08-09 01:00:00,3529.711905642463
2004-08-10 01:00:00,3535.7422571062434
2004-08-11 01:00:00,3600.0
2004-08-12 01:00:00,3528.8005992310536
2004-08-13 01:00:00,3467.092831739306
2004-08-15 01:00:00,3567.7508009182447
2004-08-16 01:00:00,3411.440465594103
2004-08-17 01:00:00,3423.088401231728
2004-08-18 01:00:00,3526.979083284237
2004-08-19 01:00:00,3323.5319943246477
2004-08-20 01:00:00,3311.1726436703516
2004-08-22 01:00:00,3309.176253429992
2004-08-23 01:00:00,3333.430663398843
2004-08-24 01:00:00,3547.1354531391053
2004-08-25 01:00:00,3271.957626204393
2004-08-26 01:00:00,3394.3198793234665
2004-08-27 01:00:00,3475.969372574384
2004-08-29 01:00:00,3456.8168867167115
2004-08-30 01:00:00,3396.044259693675
2004-08-31 01:00:00,3304.31701569023
2004-09-01 01:00:00,3523.558034957178
2004-09-02 01:00:00,3467.008182974915
2004-09-03 01:00:00,3451.5262936130607
2004-09-05 01:00:00,3530.8019714686156
2004-09-06 01:00:00,3524.1917474864504
2004-09-07 01:00:00,3593.301513316895
2004-09-08 01:00:00,3560.4985366302185
2004-09-09 01:00:00,3533.0544218969544
2004-09-10 01:00:00,3559.5130618944863
2004-09-12 01:00:00,3424.1131280228446
2004-09-13 01:00:00,3533.7280492396912
2004-09-14 01:00:00,3490.067477872407
2004-09-15 01:00:00,3415.2919409455885
2004-09-16 01:00:00,3587.8757521620846
2004-09-17 01:00:00,3485.174872770352
2004-09-19 01:00:00,3488.0396399721385
2004-09-20 01:00:00,3286.2690180380046
2004-09-21 01:00:00,3025.9937797381735
2004-09-22 01:00:00,3333.5784920692204
2004-09-23 01:00:00,3031.797008093023
2004-09-24 01:00:00,2806.658531457172
2004-09-26 01:00:00,2843.1150337898443
2004-09-27 01:00:00,2646.366954034887
2004-09-28 01:00:00,3137.219570434302
2004-09-29 01:00:00,2780.115838362626
2004-09-30 01:00:00,2511.4112213032868
2004-10-01 01:00:00,3042.3545598932938
2004-10-03 01:00:00,2631.1237581627024
2004-10-04 01:00:00,2881.9457496806176
2004-10-05 01:00:00,3254.1127759351757
2004-10-06 01:00:00,3016.430595830796
2004-10-07 01:00:00,2892.666176626038
2004-10-08 01:00:00,3283.5827390280892
2004-10-10 01:00:00,3198.6440664320075
2004-10-11 01:00:00,3333.5396794267626
2004-10-12 01:00:00,3593.599074522984
2004-10-13 01:00:00,3466.2838529508567
2004-10-14 01:00:00,3470.48187850001
2004-10-15 01:00:00,3590.0396324591425
2004-10-17 01:00:00,3579.519693305652
2004-10-18 01:00:00,3556.114029339542
2004-10-19 01:00:00,3528.9719749608776
2004-10-20 01:00:00,3600.0
2004-10-21 01:00:00,3399.420396389376
2004-10-22 01:00:00,3441.383898685964
2004-10-24 01:00:00,3278.3337745511853
2004-10-25 01:00:00,3403.3025244682717
2004-10-26 01:00:00,3537.327118642758
2004-10-27 01:00:00,3299.242390341727
2004-10-28 01:00:00,3315.6457776483385
2004-10-29 01:00:00,3541.9790528948656
2004-10-31 01:00:00,3224.965078559394
2004-11-01 00:00:00,3441.190753726763
2004-11-02 00:00:00,3519.606476402652
2004-11-03 00:00:00,3272.375834054452
2004-11-04 00:00:00,3290.682041998316
2004-11-05 00:00:00,3551.7806624544623
2004-11-07 00:00:00,3341.6463721523464
2004-11-08 00:00:00,3459.9732182120815
2004-11-09 00:00:00,3541.351629221708
2004-11-10 00:00:00,3427.9908945901184
2004-11-11 00:00:00,3482.331243840137
2004-11-12 00:00:00,3529.328884227899
2004-11-14 00:00:00,3513.7332935289833
2004-11-15 00:00:00,3554.8464762724007
2004-11-16 00:00:00,3563.6427307541107
2004-11-17 00:00:00,3491.717425019357
2004-11-18 00:00:00,3523.075879809169
2004-11-19 00:00:00,3545.315748305451
2004-11-21 00:00:00,3437.3498133146736
2004-11-22 00:00:00,3549.4568046639706
2004-11-23 00:00:00,3333.2847142877145
2004-11-24 00:00:00,3355.1156918478546
2004-11-25 00:00:00,3545.5939406647635
2004-11-26 00:00:00,3300.788727352009
2004-11-28 00:00:00,3378.1969767916958
2004-11-29 00:00:00,3323.3864004568873
2004-11-30 00:00:00,2884.746292845678
2004-12-01 00:00:00,2981.3737985778384
2004-12-02 00:00:00,3278.083666735847
2004-12-03 00:00:00,2921.1572926597732
2004-12-05 00:00:00,3123.136187807474
2004-12-06 00:00:00,3068.6556066639323
2004-12-07 00:00:00,2652.9973753436498
2004-12-08 00:00:00,3127.1371338437043
2004-12-09 00:00:00,3235.8895555458075
2004-12-10 00:00:00,2878.451529793411
2004-12-12 00:00:00,3309.4964846657213
2004-12-13 00:00:00,3104.14424612897
2004-12-14 00:00:00,3435.7076778030787
2004-12-15 00:00:00,3292.182724937931
2004-12-16 00:00:00,3166.7732169238056
2004-12-17 00:00:00,3490.199521875549
2004-12-19 00:00:00,3178.1616407313895
2004-12-20 00:00:00,3457.5583206665565
2004-12-21 00:00:00,3370.559604345251
2004-12-22 00:00:00,3202.479570059305
2004-12-23 00:00:00,3378.262918188423
2004-12-24 00:00:00,3463.203145865751
2004-12-26 00:00:00,3414.4657750989063
2004-12-27 00:00:00,3568.146258440974
2004-12-28 00:00:00,3565.881602303551
2004-12-29 00:00:00,3570.5394163946444
2004-12-30 00:00:00,3580.555815371318
2004-12-31 00:00:00,3543.3104114868115
2005-01-02 00:00:00,3520.0433530783866
2005-01-03 00:00:00,3322.9700459414744
2005-01-04 00:00:00,3328.5067457822925
2005-01-05 00:00:00,3451.9623500221523
2005-01-06 00:00:00,3211.048853640937
2005-01-07 00:00:00,3264.046558144738
2005-01-09 00:00:00,3173.268506109922
2005-01-10 00:00:00,3361.9820192006096
2005-01-11 00:00:00,3438.628733094745
2005-01-12 00:00:00,3056.2616059778616
2005-01-13 00:00:00,3359.5155034560694
2005-01-14 00:00:00,3284.343373241659
2005-01-16 00:00:00,3401.450085913259
2005-01-17 00:00:00,3383.4587683667587
2005-01-18 00:00:00,3279.0215394730667
2005-01-19 00:00:00,3475.6114581846255
2005-01-20 00:00:00,3595.5588964387234
2005-01-21 00:00:00,3461.3337380144585
2005-01-23 00:00:00,3537.4167958784055
2005-01-24 00:00:00,3565.919487724938
2005-01-25 00:00:00,3568.177132711005
2005-01-26 00:00:00,3476.5517412474733
2005-01-27 00:00:00,3357.145121040864
2005-01-28 00:00:00,3510.700219595624
2005-01-30 00:00:00,3155.1275514095187
2005-01-31 00:00:00,3169.421104079134
2005-02-01 00:00:00,3411.0748222950087
2005-02-02 00:00:00,3005.225312446412
2005-02-03 00:00:00,2839.8648856656077
2005-02-04 00:00:00,3249.7255464991285
2005-02-06 00:00:00,2688.3745218603403
2005-02-07 00:00:00,3171.540756949131
2005-02-08 00:00:00,2618.442031046926
2005-02-09 00:00:00,2834.3610388438838
2005-02-10 00:00:00,3119.296455169378
2005-02-11 00:00:00,2604.2067807518692
2005-02-13 00:00:00,3231.904857195255
2005-02-14 00:00:00,2840.9375342288363
2005-02-15 00:00:00,3139.6448395384064
2005-02-16 00:00:00,3437.3325106437046
2005-02-17 00:00:00,3172.29264723099
2005-02-18 00:00:00,3203.0153149581192
2005-02-20 00:00:00,3398.7507844969705
2005-02-21 00:00:00,3356.906889182585
2005-02-22 00:00:00,3563.2064851967066
2005-02-23 00:00:00,3530.6093280036034
2005-02-24 00:00:00,3350.0924138795804
2005-02-25 00:00:00,3522.434673071028
2005-02-27 00:00:00,3381.955137260823
2005-02-28 00:00:00,3477.6495294322385
2005-03-01 00:00:00,3593.4617575988395
2005-03-02 00:00:00,3408.027270230894
2005-03-03 00:00:00,3502.5965545579766
2005-03-04 00:00:00,3583.1331610447364
2005-03-06 00:00:00,3577.642978014206
2005-03-07 00:00:00,3526.5608933533517
2005-03-08 00:00:00,3492.320648849849
2005-03-09 00:00:00,3563.2689066429734
2005-03-10 00:00:00,3353.1445207598695
2005-03-11 00:00:00,3485.3968385780354
2005-03-13 00:00:00,3291.138368629015
2005-03-14 00:00:00,3474.984150244909
2005-03-15 00:00:00,3464.9928927061037
2005-03-16 00:00:00,3240.5035774791436
2005-03-17 00:00:00,3402.250499403926
2005-03-18 00:00:00,3515.380177595499
2005-03-20 00:00:00,3254.635043753714
2005-03-21 00:00:00,3530.076418399503
2005-03-22 00:00:00,3440.388221030114
2005-03-23 00:00:00,3283.0885321034793
2005-03-24 00:00:00,3496.0208258083517
2005-03-25 00:00:00,3530.595275182404
2005-03-27 00:00:00,3487.7900854108975
2005-03-28 01:00:00,3545.892634414051
2005-03-29 01:00:00,3349.2080026701096
2005-03-30 01:00:00,3478.6551690402857
2005-03-31 01:00:00,3559.2749865549467
2005-04-01 01:00:00,3313.9738307983353
2005-04-03 01:00:00,3450.0481303363395
2005-04-04 01:00:00,3144.231492653834
2005-04-05 01:00:00,3419.347137159334
2005-04-06 01:00:00,3206.893046424257
2005-04-07 01:00:00,2954.4458513304307
2005-04-08 01:00:00,3324.166973299312
2005-04-10 01:00:00,2823.985962160427
2005-04-11 01:00:00,3240.0268279370353
2005-04-12 01:00:00,2999.5665653127094
2005-04-13 01:00:00,2687.104185897174
2005-04-14 01:00:00,3127.8769934559227
2005-04-15 01:00:00,3165.21172022921
2005-04-17 01:00:00,2919.175803660737
2005-04-18 01:00:00,3312.310541542306
2005-04-19 01:00:00,3019.3462791237107
2005-04-20 01:00:00,2929.5707828022937
2005-04-21 01:00:00,3364.5863727908677
2005-04-22 01:00:00,3311.156377136474
2005-04-24 01:00:00,3442.9591854387013
2005-04-25 01:00:00,3470.064686041299
2005-04-26 01:00:00,3349.140919081564
2005-04-27 01:00:00,3561.9368336684543
2005-04-28 01:00:00,3554.0099335212462
2005-04-29 01:00:00,3549.9409514792114
2005-05-01 01:00:00,3501.759238964439
2005-05-02 01:00:00,3600.0
2005-05-03 01:00:00,3366.3056929364866
2005-05-04 01:00:00,3330.6166515737154
2005-05-05 01:00:00,3482.6546208508785
2005-05-06 01:00:00,3072.956223830798
2005-05-08 01:00:00,3324.778038723495
2005-05-09 01:00:00,2875.6576132128394
2005-05-10 01:00:00,2621.3595918658693
2005-05-11 01:00:00,3087.567752101705
2005-05-12 01:00:00,2924.8750984800977
2005-05-13 01:00:00,2409.829376753735
2005-05-15 01:00:00,3051.773762655973
2005-05-16 01:00:00,2588.192769110097
2005-05-17 01:00:00,2540.942538292175
2005-05-18 01:00:00,3122.409724960139
2005-05-19 01:00:00,3037.453412258616
2005-05-20 01:00:00,2735.0443977721684
2005-05-22 01:00:00,3208.0639320302857
2005-05-23 01:00:00,2931.9815006652398
2005-05-24 01:00:00,3359.522381641091
2005-05-25 01:00:00,3129.4227224684073
2005-05-26 01:00:00,3072.2764615905344
2005-05-27 01:00:00,3421.541595814015
2005-05-29 01:00:00,3103.9115972543177
2005-05-30 01:00:00,3279.721664856369
2005-05-31 01:00:00,2822.0687927821164
2005-06-01 01:00:00,3098.952866982403
2005-06-02 01:00:00,3289.317926226042
2005-06-03 01:00:00,2870.727842601777
2005-06-05 01:00:00,3322.6427253975894
2005-06-06 01:00:00,3110.5641275873636
2005-06-07 01:00:00,3176.270890913991
2005-06-08 01:00:00,3537.5972195124787
2005-06-09 01:00:00,3396.647623781325
2005-06-10 01:00:00,3340.544355668352
2005-06-12 01:00:00,3452.662405647737
2005-06-13 01:00:00,3239.0437896516646
2005-06-14 01:00:00,3456.4743321947167
2005-06-15 01:00:00,3411.9733778819777
2005-06-16 01:00:00,3018.748216583935
2005-06-17 01:00:00,3162.407730419998
2005-06-19 01:00:00,2879.7960358790624
2005-06-20 01:00:00,3056.205989932633
2005-06-21 01:00:00,3267.5482655360092
2005-06-22 01:00:00,2810.5243078001063
2005-06-23 01:00:00,3164.494050306306
2005-06-24 01:00:00,3183.438813762897
2005-06-26 01:00:00,3247.502765532102
2005-06-27 01:00:00,3209.904697357139
2005-06-28 01:00:00,3114.6688371192595
2005-06-29 01:00:00,3471.5073524976633
2005-06-30 01:00:00,3504.8098082938004
2005-07-01 01:00:00,3370.3226029434168
2005-07-03 01:00:00,3501.1648524490893
2005-07-04 01:00:00,3518.170168610407
2005-07-05 01:00:00,3477.870006748971
2005-07-06 01:00:00,3476.5859997310627
2005-07-07 01:00:00,3548.803297592395
2005-07-08 01:00:00,3574.5263605259706
2005-07-10 01:00:00,3268.185090235909
2005-07-11 01:00:00,3470.46338375927
2005-07-12 01:00:00,3367.201058192266
2005-07-13 01:00:00,2998.700114080444
2005-07-14 01:00:00,3190.507718584025
2005-07-15 01:00:00,3292.665641932723
2005-07-17 01:00:00,2950.070903330014
2005-07-18 01:00:00,3234.2923806148947
2005-07-19 01:00:00,2739.4058084331496
2005-07-20 01:00:00,3027.499157809018
2005-07-21 01:00:00,3176.382899907287
2005-07-22 01:00:00,2732.8657095963017
2005-07-24 01:00:00,3015.4292463602233
2005-07-25 01:00:00,2832.062511677114
2005-07-26 01:00:00,3314.730929179867
2005-07-27 01:00:00,3065.4569381851175
2005-07-28 01:00:00,2990.424593454897
2005-07-29 01:00:00,3401.420580361739
2005-07-31 01:00:00,3192.9867451577925
2005-08-01 01:00:00,3433.6636887951736
2005-08-02 01:00:00,3552.780092042371
2005-08-03 01:00:00,3414.9355453982025
2005-08-04 01:00:00,3425.5655027734238
2005-08-05 01:00:00,3541.889359918685
2005-08-07 01:00:00,3362.7688360451366
2005-08-08 01:00:00,3377.274533940089
2005-08-09 01:00:00,3485.0964678417486
2005-08-10 01:00:00,3495.0486174441826
2005-08-11 01:00:00,3394.365528978512
2005-08-12 01:00:00,3554.768350560267
2005-08-14 01:00:00,3471.955738081632
2005-08-15 01:00:00,3549.6347896144266
2005-08-16 01:00:00,3507.4000682685232
2005-08-17 01:00:00,3421.1642430963266
2005-08-18 01:00:00,3498.9957294647193
2005-08-19 01:00:00,3428.141862726393
2005-08-21 01:00:00,3549.3923978421794
2005-08-22 01:00:00,3488.8717682937786
2005-08-23 01:00:00,3571.260435679902
2005-08-24 01:00:00,3503.8186174572347
2005-08-25 01:00:00,3455.4902706047205
2005-08-26 01:00:00,3547.6333669339297
2005-08-28 01:00:00,3468.1213504337684
2005-08-29 01:00:00,3501.141592411997
2005-08-30 01:00:00,3478.2143455112982
2005-08-31 01:00:00,3330.044964534952
2005-09-01 01:00:00,3422.796778139776
2005-09-02 01:00:00,3560.4000709027273
2005-09-04 01:00:00,3405.6997642950046
2005-09-05 01:00:00,3543.583987141081
2005-09-06 01:00:00,3506.215130307627
2005-09-07 01:00:00,3234.793682938525
2005-09-08 01:00:00,3296.848970835458
2005-09-09 01:00:00,3483.4090477347618
2005-09-11 01:00:00,3120.765688569003
2005-09-12 01:00:00,3425.6145945125877
2005-09-13 01:00:00,3130.2824791998287
2005-09-14 01:00:00,3035.7243197826037
2005-09-15 01:00:00,3421.5250964901934
2005-09-16 01:00:00,3067.0680706001167
2005-09-18 01:00:00,3427.394821969856
2005-09-19 01:00:00,3041.3800568635293
2005-09-20 01:00:00,3178.568040236296
2005-09-21 01:00:00,3450.123416423572
2005-09-22 01:00:00,3189.1648210657154
2005-09-23 01:00:00,3268.0990075007317
2005-09-25 01:00:00,3476.0183222812084
2005-09-26 01:00:00,3420.6475865195353
2005-09-27 01:00:00,3550.7217982289108
2005-09-28 01:00:00,3562.554758490917
2005-09-29 01:00:00,3526.904871530251
2005-09-30 01:00:00,3572.5721138686895
2005-10-02 01:00:00,3476.7839135668537
2005-10-03 01:00:00,3577.62982985087
2005-10-04 01:00:00,3416.55791880383
2005-10-05 01:00:00,3198.832830933783
2005-10-06 01:00:00,3394.0219671804057
2005-10-07 01:00:00,3327.314061664783
2005-10-09 01:00:00,3247.293976526013
2005-10-10 01:00:00,3274.722924573343
2005-10-11 01:00:00,2849.8871539706224
2005-10-12 01:00:00,3243.5718737488314
2005-10-13 01:00:00,3151.3830351749025
2005-10-14 01:00:00,2797.255923475196
2005-10-16 01:00:00,3009.854933213152
2005-10-17 01:00:00,2809.436009513318
2005-10-18 01:00:00,3283.5955398928163
2005-10-19 01:00:00,3046.215576627061
2005-10-20 01:00:00,2999.1294994067234
2005-10-21 01:00:00,3425.068235558037
2005-10-23 01:00:00,3100.7134777659053
2005-10-24 01:00:00,3429.6498307904535
2005-10-25 01:00:00,3367.2690639571097
2005-10-26 01:00:00,3146.5079123693554
2005-10-27 01:00:00,3304.776674280744
2005-10-28 01:00:00,3418.6900061480474
2005-10-30 01:00:00,3299.047470343038
2005-10-31 00:00:00,3516.697738891577
2005-11-01 00:00:00,3371.133547994282
2005-11-02 00:00:00,3357.8463850565267
2005-11-03 00:00:00,3578.172874134189
2005-11-04 00:00:00,3319.3348505487534
2005-11-06 00:00:00,3540.768104013664
2005-11-07 00:00:00,3283.4262063121587
2005-11-08 00:00:00,3409.1050001548797
2005-11-09 00:00:00,3486.704203871552
2005-11-10 00:00:00,3216.1515443832245
2005-11-11 00:00:00,3456.5021963814283
2005-11-13 00:00:00,3217.1390714450813
2005-11-14 00:00:00,3480.123067043074
2005-11-15 00:00:00,3329.4826156046056
2005-11-16 00:00:00,3181.736558719174
2005-11-17 00:00:00,3460.9318585009946
2005-11-18 00:00:00,3303.8611842661994
2005-11-20 00:00:00,3460.685212128802
2005-11-21 00:00:00,3416.23572191619
2005-11-22 00:00:00,3150.0974368893512
2005-11-23 00:00:00,3395.070217555104
2005-11-24 00:00:00,3524.008800136702
2005-11-25 00:00:00,3314.8641093288093
2005-11-27 00:00:00,3535.4864158430246
2005-11-28 00:00:00,3446.3458197535183
2005-11-29 00:00:00,3403.2112328005637
2005-11-30 00:00:00,3506.686992341382
2005-12-01 00:00:00,3526.1891243741147
2005-12-02 00:00:00,3435.5658596147878
2005-12-04 00:00:00,3586.3869688038753
2005-12-05 00:00:00,3436.1618118561873
2005-12-06 00:00:00,3551.8857038248307
2005-12-07 00:00:00,3538.5335814708974
2005-12-08 00:00:00,3403.5406890538447
2005-12-09 00:00:00,3532.7112068418046
2005-12-11 00:00:00,3421.102437714549
2005-12-12 00:00:00,3565.8659446656566
2005-12-13 00:00:00,3500.8368108793998
2005-12-14 00:00:00,3429.917653778517
2005-12-15 00:00:00,3545.3663406320597
2005-12-16 00:00:00,3475.821289217086
2005-12-18 00:00:00,3504.0853330763807
2005-12-19 00:00:00,3468.6593265301435
2005-12-20 00:00:00,3261.4992820374828
2005-12-21 00:00:00,3373.0599805442494
2005-12-22 00:00:00,3474.056320821362
2005-12-23 00:00:00,3202.344671664953
2005-12-25 00:00:00,3438.5885975115552
2005-12-26 00:00:00,3298.8426511589737
2005-12-27 00:00:00,3029.718172059098
2005-12-28 00:00:00,3328.9001843220894
2005-12-29 00:00:00,3296.4855417558288
2005-12-30 00:00:00,2988.293828971086
2006-01-01 00:00:00,3284.69035960131
2006-01-02 00:00:00,3172.7173455398665
2006-01-03 00:00:00,3522.088538601752
2006-01-04 00:00:00,3345.290580881902
2006-01-05 00:00:00,3377.2558704582184
2006-01-06 00:00:00,3557.3789271513783
2006-01-08 00:00:00,3508.9854310572064
2006-01-09 00:00:00,3579.656092617134
2006-01-10 00:00:00,3525.6530734828125
2006-01-11 00:00:00,3584.0441109830595
2006-01-12 00:00:00,3490.5467843717324
2006-01-13 00:00:00,3427.3412076361665
2006-01-15 00:00:00,3449.5115797037342
2006-01-16 00:00:00,3224.9000788930084
2006-01-17 00:00:00,3367.388950352889
2006-01-18 00:00:00,3439.617841315029
2006-01-19 00:00:00,3207.611083663081
2006-01-20 00:00:00,3259.6326933838172
2006-01-22 00:00:00,3388.571410425948
2006-01-23 00:00:00,3252.0258970674868
2006-01-24 00:00:00,3458.8618625792637
2006-01-25 00:00:00,3513.5469115141905
2006-01-26 00:00:00,3402.246253852694
2006-01-27 00:00:00,3538.965346182624
2006-01-29 00:00:00,3530.4192770503596
2006-01-30 00:00:00,3546.4602120003183
2006-01-31 00:00:00,3545.8181849476728
2006-02-01 00:00:00,3557.901726834984
2006-02-02 00:00:00,3516.557333684095
2006-02-03 00:00:00,3565.6036388175194
2006-02-05 00:00:00,3469.237024028611
2006-02-06 00:00:00,3485.4905760564575
2006-02-07 00:00:00,3581.993687490379
2006-02-08 00:00:00,3517.395637811912
2006-02-09 00:00:00,3384.80314808917
2006-02-10 00:00:00,3499.7557465597524
2006-02-12 00:00:00,3402.09523120881
2006-02-13 00:00:00,3325.6934790869727
2006-02-14 00:00:00,3489.2485655705927
2006-02-15 00:00:00,3485.323538683372
2006-02-16 00:00:00,3279.838139325588
2006-02-17 00:00:00,3320.8137330878185
2006-02-19 00:00:00,3376.4424365159193
2006-02-20 00:00:00,3203.8352645549035
2006-02-21 00:00:00,3431.182594160976
2006-02-22 00:00:00,3477.896211448146
2006-02-23 00:00:00,3248.5272552953766
2006-02-24 00:00:00,3450.369092381563
2006-02-26 00:00:00,3229.196867924956
2006-02-27 00:00:00,3521.971205885873
2006-02-28 00:00:00,3362.321977569147
2006-03-01 00:00:00,3279.176516043366
2006-03-02 00:00:00,3524.2743903515507
2006-03-03 00:00:00,3169.6349074199316
2006-03-05 00:00:00,3391.216869163206
2006-03-06 00:00:00,2987.4775322117134
2006-03-07 00:00:00,3051.2414053862553
2006-03-08 00:00:00,3319.8243469295603
2006-03-09 00:00:00,2870.1156400339028
2006-03-10 00:00:00,2801.6079198567427
2006-03-12 00:00:00,2925.4807355672388
2006-03-13 00:00:00,2511.3441600252527
2006-03-14 00:00:00,2935.1432060041216
2006-03-15 00:00:00,3028.850049828195
2006-03-16 00:00:00,2554.075784991505
2006-03-17 00:00:00,2769.2806264646006
2006-03-19 00:00:00,2876.2226210720464
2006-03-20 00:00:00,2803.8559287500443
2006-03-21 00:00:00,3307.135099030372
2006-03-22 00:00:00,3085.587746735668
2006-03-23 00:00:00,2911.5948271375087
2006-03-24 00:00:00,3353.8467390992582
2006-03-26 00:00:00,3036.8166614830284
2006-03-27 01:00:00,3408.1658433971975
2006-03-28 01:00:00,3163.590654248661
2006-03-29 01:00:00,3338.576386815599
2006-03-30 01:00:00,3517.9509485673875
2006-03-31 01:00:00,3315.984751079695
2006-04-02 01:00:00,3535.966608032288
2006-04-03 01:00:00,3404.5694003798985
2006-04-04 01:00:00,3557.3515579880004
2006-04-05 01:00:00,3536.3373691626025
2006-04-06 01:00:00,3438.01743900133
2006-04-07 01:00:00,3522.330187256248
2006-04-09 01:00:00,3462.1492672393874
2006-04-10 01:00:00,3500.501991064858
2006-04-11 01:00:00,3573.385834557825
2006-04-12 01:00:00,3464.18824184144
2006-04-13 01:00:00,3464.8299936829885
2006-04-14 01:00:00,3578.567032431877
2006-04-16 01:00:00,3455.973167965542
2006-04-17 01:00:00,3576.4343337162377
2006-04-18 01:00:00,3482.967796440212
2006-04-19 01:00:00,3487.830307117048
2006-04-20 01:00:00,3595.242917665696
2006-04-21 01:00:00,3460.7368258480988
2006-04-23 01:00:00,3558.9682968723005
2006-04-24 01:00:00,3337.9461187659244
2006-04-25 01:00:00,3490.5749260537777
2006-04-26 01:00:00,3470.782358105912
2006-04-27 01:00:00,3232.3258550215096
2006-04-28 01:00:00,3486.238855993598
2006-04-30 01:00:00,3183.13574659958
2006-05-01 01:00:00,3463.9635641131113
2006-05-02 01:00:00,3309.8484236506365
2006-05-03 01:00:00,3060.6448042988295
2006-05-04 01:00:00,3304.8016271687056
2006-05-05 01:00:00,3460.5732579728806
2006-05-07 01:00:00,3307.145907762165
2006-05-08 01:00:00,3510.194141999408
2006-05-09 01:00:00,3474.261864196672
2006-05-10 01:00:00,3383.969833296354
2006-05-11 01:00:00,3556.495136522921
2006-05-12 01:00:00,3538.9668113900543
2006-05-14 01:00:00,3592.5896147998187
2006-05-15 01:00:00,3398.0718422568652
2006-05-16 01:00:00,3361.2470194480143
2006-05-17 01:00:00,3519.6175147441263
2006-05-18 01:00:00,3163.2889716828495
2006-05-19 01:00:00,3164.354519239666
2006-05-21 01:00:00,3012.473131505851
2006-05-22 01:00:00,2981.3864194278103
2006-05-23 01:00:00,3351.1763347999886
2006-05-24 01:00:00,2961.9103699522248
2006-05-25 01:00:00,2989.621451008421
2006-05-26 01:00:00,3357.0724895742032
2006-05-28 01:00:00,3080.21685686059
2006-05-29 01:00:00,3465.202630409274
2006-05-30 01:00:00,3380.21470963775
2006-05-31 01:00:00,3293.113387678505
2006-06-01 01:00:00,3489.843628113928
2006-06-02 01:00:00,3539.6971851329886
2006-06-04 01:00:00,3480.0590004840587
2006-06-05 01:00:00,3532.4962581954674
2006-06-06 01:00:00,3530.730790168255
2006-06-07 01:00:00,3483.177694719033
2006-06-08 01:00:00,3509.5355982493516
2006-06-09 01:00:00,3533.24602296409
2006-06-11 01:00:00,3519.3364795934945
2006-06-12 01:00:00,3523.324815720986
2006-06-13 01:00:00,3562.1998839727057
2006-06-14 01:00:00,3448.861080000168
2006-06-15 01:00:00,3516.9511249060592
2006-06-16 01:00:00,3563.0178248423476
2006-06-18 01:00:00,3513.680675235896
2006-06-19 01:00:00,3533.6410830695936
2006-06-20 01:00:00,3340.7194033422006
2006-06-21 01:00:00,3496.2921436033703
2006-06-22 01:00:00,3509.674171554583
2006-06-23 01:00:00,3277.091546007753
2006-06-25 01:00:00,3504.3850705521804
2006-06-26 01:00:00,3281.3112235354943
2006-06-27 01:00:00,3388.3426302056914
2006-06-28 01:00:00,3487.169169586709
2006-06-29 01:00:00,3264.618574385617
2006-06-30 01:00:00,3284.603054034872
2006-07-02 01:00:00,3447.896552665348
2006-07-03 01:00:00,3336.173981091987
2006-07-04 01:00:00,3485.7306035271918
2006-07-05 01:00:00,3548.291761224047
2006-07-06 01:00:00,3404.7497472614073
2006-07-07 01:00:00,3458.672002258528
2006-07-09 01:00:00,3447.2367915502664
2006-07-10 01:00:00,3439.8088828595396
2006-07-11 01:00:00,3496.7178503045943
2006-07-12 01:00:00,3372.3209468289274
2006-07-13 01:00:00,3455.8032048362747
2006-07-14 01:00:00,3463.259677896471
2006-07-16 01:00:00,3525.278242927227
2006-07-17 01:00:00,3425.5837252042165
2006-07-18 01:00:00,3347.004834199067
2006-07-19 01:00:00,3521.7283544086918
2006-07-20 01:00:00,3324.3866788060423
2006-07-21 01:00:00,3213.9699614202323
2006-07-23 01:00:00,3229.344266496147
2006-07-24 01:00:00,3047.6603152855205
2006-07-25 01:00:00,3358.010759122134
2006-07-26 01:00:00,3271.848550732951
2006-07-27 01:00:00,2864.4518267436115
2006-07-28 01:00:00,3137.850376182967
2006-07-30 01:00:00,2925.5895695540353
2006-07-31 01:00:00,2893.5085318244032
2006-08-01 01:00:00,3333.1307678125113
2006-08-02 01:00:00,3175.368642643442
2006-08-03 01:00:00,2908.2325522240585
2006-08-04 01:00:00,3282.024745362281
2006-08-06 01:00:00,3094.309741332784
2006-08-07 01:00:00,3388.46966722623
2006-08-08 01:00:00,3477.2440428787563
2006-08-09 01:00:00,3291.076518037096
2006-08-10 01:00:00,3494.01972266701
2006-08-11 01:00:00,3484.146878861608
2006-08-13 01:00:00,3543.996443757129
2006-08-14 01:00:00,3599.615292193619
2006-08-15 01:00:00,3548.0632261503524
2006-08-16 01:00:00,3396.966983965323
2006-08-17 01:00:00,3470.0704430376463
2006-08-18 01:00:00,3429.857675171087
2006-08-20 01:00:00,3053.1823419482207
2006-08-21 01:00:00,3322.5708266126094
2006-08-22 01:00:00,2967.9956136655437
2006-08-23 01:00:00,2660.982095968647
2006-08-24 01:00:00,3021.333034909254
2006-08-25 01:00:00,3134.356183739668
2006-08-27 01:00:00,2743.8987884416447
2006-08-28 01:00:00,3210.2694379205886
2006-08-29 01:00:00,2981.54508433961
2006-08-30 01:00:00,2665.4294463663327
2006-08-31 01:00:00,3081.161244438638
2006-09-01 01:00:00,3116.6692555082213
2006-09-03 01:00:00,3215.872286788879
2006-09-04 01:00:00,3250.646149093455
2006-09-05 01:00:00,2838.830147947725
2006-09-06 01:00:00,3282.6246221473757
2006-09-07 01:00:00,2974.491599384387
2006-09-08 01:00:00,2870.5777771345506
2006-09-10 01:00:00,2651.799599041038
2006-09-11 01:00:00,2890.0645822655124
2006-09-12 01:00:00,3005.749088892949
2006-09-13 01:00:00,2429.0681504326526
2006-09-14 01:00:00,2809.56004306081
2006-09-15 01:00:00,3000.042064626063
2006-09-17 01:00:00,2811.9771048096145
2006-09-18 01:00:00,3264.9440438253228
2006-09-19 01:00:00,2936.4573653481225
2006-09-20 01:00:00,2824.2264339143767
2006-09-21 01:00:00,3288.4171096854443
2006-09-22 01:00:00,3223.7700449957547
2006-09-24 01:00:00,3135.040177175808
2006-09-25 01:00:00,3405.6020652776797
2006-09-26 01:00:00,3111.0233606678926
2006-09-27 01:00:00,3173.2218516961348
2006-09-28 01:00:00,3458.085285760762
2006-09-29 01:00:00,3114.0297306973325
2006-10-01 01:00:00,3344.6519623913605
2006-10-02 01:00:00,2952.317330208908
2006-10-03 01:00:00,2941.5857425400586
2006-10-04 01:00:00,3234.9421414019903
2006-10-05 01:00:00,2745.8128367411396
2006-10-06 01:00:00,3037.6680467063247
2006-10-08 01:00:00,2750.1497492432745
2006-10-09 01:00:00,3253.085221842237
2006-10-10 01:00:00,3044.3231366069494
2006-10-11 01:00:00,2807.194219362297
2006-10-12 01:00:00,3288.992136684772
2006-10-13 01:00:00,3112.0924915258415
2006-10-15 01:00:00,3325.201243150866
2006-10-16 01:00:00,3366.5133171780963
2006-10-17 01:00:00,3105.834013220702
2006-10-18 01:00:00,3291.744235646221
2006-10-19 01:00:00,3524.997944704495
2006-10-20 01:00:00,3272.097272008756
2006-10-22 01:00:00,3438.2119152902856
2006-10-23 01:00:00,3355.7269335337396
2006-10-24 01:00:00,3278.6349294378933
2006-10-25 01:00:00,3468.0889426681424
2006-10-26 01:00:00,3391.2263380135673
2006-10-27 01:00:00,3224.489223087393
2006-10-29 01:00:00,3348.2106316611485
2006-10-30 00:00:00,3101.4672541938776
2006-10-31 00:00:00,3399.3207852208216
2006-11-01 00:00:00,3111.3174437156135
2006-11-02 00:00:00,2838.3359238859994
2006-11-03 00:00:00,3225.2091170977083
2006-11-05 00:00:00,2677.071013417646
2006-11-06 00:00:00,2971.9367705929562
2006-11-07 00:00:00,2276.48921017259
2006-11-08 00:00:00,2704.0747802556316
2006-11-09 00:00:00,2794.551944745999
2006-11-10 00:00:00,2228.9857924798885
2006-11-12 00:00:00,2933.3737521329404
2006-11-13 00:00:00,2483.743474648636
2006-11-14 00:00:00,2706.115318250919
2006-11-15 00:00:00,3198.9628208089653
2006-11-16 00:00:00,3053.5821251674843
2006-11-17 00:00:00,2946.003566395708
2006-11-19 00:00:00,3364.962030830217
2006-11-20 00:00:00,3094.756511139056
2006-11-21 00:00:00,3340.651394584187
2006-11-22 00:00:00,3471.0330575441685
2006-11-23 00:00:00,3127.172650038176
2006-11-24 00:00:00,3263.846286144023
2006-11-26 00:00:00,3035.1141913035003
2006-11-27 00:00:00,3216.7632855630536
2006-11-28 00:00:00,3347.7348643765545
2006-11-29 00:00:00,3001.315876608554
2006-11-30 00:00:00,3303.280522396944
2006-12-01 00:00:00,3361.6857087299504
2006-12-03 00:00:00,3365.2501089319144
2006-12-04 00:00:00,3283.5527985227664
2006-12-05 00:00:00,3044.694225909377
2006-12-06 00:00:00,3395.0864150826023
2006-12-07 00:00:00,3299.1828511727217
2006-12-08 00:00:00,3120.7442031563305
2006-12-10 00:00:00,3454.430323332826
2006-12-11 00:00:00,3281.778618178045
2006-12-12 00:00:00,3415.002604885843
2006-12-13 00:00:00,3596.212706362619
2006-12-14 00:00:00,3511.566696790681
2006-12-15 00:00:00,3456.733943660403
2006-12-17 00:00:00,3515.6818055355316
2006-12-18 00:00:00,3552.5057615443543
2006-12-19 00:00:00,3547.635653987738
2006-12-20 00:00:00,3527.5391805817258
2006-12-21 00:00:00,3572.328594356234
2006-12-22 00:00:00,3523.992120551184
2006-12-24 00:00:00,3515.797764886181
2006-12-25 00:00:00,3459.713104327641
2006-12-26 00:00:00,3311.6617800754248
2006-12-27 00:00:00,3512.1513151198446
2006-12-28 00:00:00,3429.3451241497123
2006-12-29 00:00:00,3304.2190814297505
2006-12-31 00:00:00,3395.8543710133636
2007-01-01 00:00:00,3322.472031440062
2007-01-02 00:00:00,3557.7546095991233
2007-01-03 00:00:00,3339.0910165131368
2007-01-04 00:00:00,3286.370645777278
2007-01-05 00:00:00,3515.966062699434
2007-01-07 00:00:00,3073.5755037310855
2007-01-08 00:00:00,3298.8475037002545
2007-01-09 00:00:00,3172.7814772451693
2007-01-10 00:00:00,2881.173010116199
2007-01-11 00:00:00,3149.7635057258594
2007-01-12 00:00:00,3392.868930130757
2007-01-14 00:00:00,2978.3670883201357
2007-01-15 00:00:00,3360.164085563644
2007-01-16 00:00:00,3162.6519406228163
2007-01-17 00:00:00,2859.6228816902144
2007-01-18 00:00:00,3289.499004284036
2007-01-19 00:00:00,3228.2522886656016
2007-01-21 00:00:00,3420.117601418293
2007-01-22 00:00:00,3399.038729537231
2007-01-23 00:00:00,3232.3971709444936
2007-01-24 00:00:00,3499.039985131617
2007-01-25 00:00:00,3368.48469451062
2007-01-26 00:00:00,3311.772889100223
2007-01-28 00:00:00,3455.3434544813026
2007-01-29 00:00:00,3458.509964035024
2007-01-30 00:00:00,3408.8792836437638
2007-01-31 00:00:00,3428.291041167856
2007-02-01 00:00:00,3532.111976013494
2007-02-02 00:00:00,3365.8631754707017
2007-02-04 00:00:00,3518.2506561055066
2007-02-05 00:00:00,3376.852185572381
2007-02-06 00:00:00,3067.2757001777795
2007-02-07 00:00:00,3213.8260256273093
2007-02-08 00:00:00,3424.2714410991616
2007-02-09 00:00:00,3084.8294603113895
2007-02-11 00:00:00,3382.2745571685064
2007-02-12 00:00:00,3241.7486881537225
2007-02-13 00:00:00,2968.0136102850793
2007-02-14 00:00:00,3360.029720142849
2007-02-15 00:00:00,3311.4497271302594
2007-02-16 00:00:00,3044.234667029333
2007-02-18 00:00:00,3231.080973977674
2007-02-19 00:00:00,3186.2678517462045
2007-02-20 00:00:00,3459.5966893888294
2007-02-21 00:00:00,3069.814772821396
2007-02-22 00:00:00,3342.648557224989
2007-02-23 00:00:00,3378.6163903359297
2007-02-25 00:00:00,3480.1437254344783
2007-02-26 00:00:00,3361.98745983299
2007-02-27 00:00:00,3153.0083542681223
2007-02-28 00:00:00,3454.439077447614
2007-03-01 00:00:00,3397.9169195483023
2007-03-02 00:00:00,3147.9330102684266
2007-03-04 00:00:00,3482.7220195585996
2007-03-05 00:00:00,3174.6321843855967
2007-03-06 00:00:00,3156.5824175733933
2007-03-07 00:00:00,3456.870640654054
2007-03-08 00:00:00,3315.651713189499
2007-03-09 00:00:00,3042.8433878961
2007-03-11 00:00:00,3424.9828907419105
2007-03-12 00:00:00,3099.7181223843677
2007-03-13 00:00:00,3140.176334516371
2007-03-14 00:00:00,3471.736717560407
2007-03-15 00:00:00,3199.796197654596
2007-03-16 00:00:00,3198.8016404302693
2007-03-18 00:00:00,3270.6862288433035
2007-03-19 00:00:00,3364.3480578169206
2007-03-20 00:00:00,3514.8390403894628
2007-03-21 00:00:00,3301.7865375436513
2007-03-22 00:00:00,3517.1241792689043
2007-03-23 00:00:00,3500.687049353016
2007-03-25 00:00:00,3557.6176773368484
2007-03-26 01:00:00,3393.3666033342315
2007-03-27 01:00:00,3374.600805328839
2007-03-28 01:00:00,3478.7999771613413
2007-03-29 01:00:00,3401.099938411411
2007-03-30 01:00:00,3400.9014172900424
2007-04-01 01:00:00,3479.518830953565
2007-04-02 01:00:00,3390.8432116730346
2007-04-03 01:00:00,3556.84913322013
2007-04-04 01:00:00,3517.423877592178
2007-04-05 01:00:00,3330.9554787115208
2007-04-06 01:00:00,3454.2887521685466
2007-04-08 01:00:00,3309.8809969937197
2007-04-09 01:00:00,3328.0215028873417
2007-04-10 01:00:00,3493.6428327741783
2007-04-11 01:00:00,3227.354671814658
2007-04-12 01:00:00,3189.9173982911643
2007-04-13 01:00:00,3437.508994198519
2007-04-15 01:00:00,3206.800299472256
2007-04-16 01:00:00,3368.8147935427373
2007-04-17 01:00:00,2872.313903229843
2007-04-18 01:00:00,3174.1009853540945
2007-04-19 01:00:00,3059.6389753819376
2007-04-20 01:00:00,2689.5420750814114
2007-04-22 01:00:00,2923.1408464021333
2007-04-23 01:00:00,2654.884850545359
2007-04-24 01:00:00,3139.536387895804
2007-04-25 01:00:00,3072.880307311265
2007-04-26 01:00:00,2675.530544062865
2007-04-27 01:00:00,3033.5940690668863
2007-04-29 01:00:00,3117.05603360556
2007-04-30 01:00:00,3069.626327917465
2007-05-01 01:00:00,3382.0549661469995
2007-05-02 01:00:00,3361.045771637254
2007-05-03 01:00:00,3212.1323384572615
2007-05-04 01:00:00,3383.3031899575167
2007-05-06 01:00:00,3498.3234619252817
2007-05-07 01:00:00,3597.8864056432517
2007-05-08 01:00:00,3435.2219776339075
2007-05-09 01:00:00,3334.4345742860373
2007-05-10 01:00:00,3507.10723432782
2007-05-11 01:00:00,3338.906882558702
2007-05-13 01:00:00,3453.664141087319
2007-05-14 01:00:00,3247.1375853310856
2007-05-15 01:00:00,3034.6987696041606
2007-05-16 01:00:00,3350.697550110974
2007-05-17 01:00:00,3167.3964316737984
2007-05-18 01:00:00,3257.0644402541125
2007-05-20 01:00:00,3395.997931603107
2007-05-21 01:00:00,3460.184576404749
2007-05-22 01:00:00,3573.2459429666274
2007-05-23 01:00:00,3443.264021386639
2007-05-24 01:00:00,3437.796907678135
2007-05-25 01:00:00,3476.442630880256
2007-05-27 01:00:00,3478.3132869162782
2007-05-28 01:00:00,3550.322954785692
2007-05-29 01:00:00,3434.0162912355336
2007-05-30 01:00:00,3411.0851194948323
2007-05-31 01:00:00,3542.4900009289404
2007-06-01 01:00:00,3412.772256492604
2007-06-03 01:00:00,3500.270140333654
2007-06-04 01:00:00,3408.783123497482
2007-06-05 01:00:00,3223.8935105305877
2007-06-06 01:00:00,3450.323557799284
2007-06-07 01:00:00,3385.0040864366947
2007-06-08 01:00:00,3159.272293444665
2007-06-10 01:00:00,3320.7139478109343
2007-06-11 01:00:00,3136.1590441454273
2007-06-12 01:00:00,3445.409644886285
2007-06-13 01:00:00,3208.043422307807
2007-06-14 01:00:00,3171.131363396871
2007-06-15 01:00:00,3480.1490856048704
2007-06-17 01:00:00,3164.292482757874
2007-06-18 01:00:00,3387.532870585544
2007-06-19 01:00:00,2987.3668707800125
2007-06-20 01:00:00,3001.9223607048084
2007-06-21 01:00:00,3317.380253245715
2007-06-22 01:00:00,3007.671084419379
2007-06-24 01:00:00,3315.916103132867
2007-06-25 01:00:00,3283.762024309109
2007-06-26 01:00:00,2973.773799973492
2007-06-27 01:00:00,3255.8239191020552
2007-06-28 01:00:00,3448.661478621987
2007-06-29 01:00:00,3137.7182071230964
2007-07-01 01:00:00,3519.0422204798797
2007-07-02 01:00:00,3283.947978331083
2007-07-03 01:00:00,3321.0966433579633
2007-07-04 01:00:00,3527.9316536352894
2007-07-05 01:00:00,3337.6764886987876
2007-07-06 01:00:00,3359.9811727553906
2007-07-08 01:00:00,3359.8986936148385
2007-07-09 01:00:00,3367.5640785235682
2007-07-10 01:00:00,3501.516169972402
2007-07-11 01:00:00,3350.4600896180427
2007-07-12 01:00:00,3413.2850766322213
2007-07-13 01:00:00,3481.9797639324083
2007-07-15 01:00:00,3496.701756886263
2007-07-16 01:00:00,3535.1089046981906
2007-07-17 01:00:00,3445.9682706603126
2007-07-18 01:00:00,3538.9588913934494
2007-07-19 01:00:00,3571.143775676149
2007-07-20 01:00:00,3444.9693992381585
2007-07-22 01:00:00,3585.663998638722
2007-07-23 01:00:00,3386.788179880685
2007-07-24 01:00:00,3333.848679881443
2007-07-25 01:00:00,3492.9230641805016
2007-07-26 01:00:00,3364.8931812851793
2007-07-27 01:00:00,3075.6029950371503
2007-07-29 01:00:00,3323.0171356587
2007-07-30 01:00:00,3025.4516516447393
2007-07-31 01:00:00,3280.017529135844
2007-08-01 01:00:00,3352.8869243275353
2007-08-02 01:00:00,3084.8602723094705
2007-08-03 01:00:00,3383.172289476121
2007-08-05 01:00:00,3168.59495106472
2007-08-06 01:00:00,3496.5411458793046
2007-08-07 01:00:00,3372.218659326342
2007-08-08 01:00:00,3368.3462549213427
2007-08-09 01:00:00,3571.368837447303
2007-08-10 01:00:00,3202.186299676903
2007-08-12 01:00:00,3372.7056417646536
2007-08-13 01:00:00,2869.3206410729554
2007-08-14 01:00:00,2828.3891448743334
2007-08-15 01:00:00,3171.399026415898
2007-08-16 01:00:00,2676.395490281469
2007-08-17 01:00:00,2376.453802455369
2007-08-19 01:00:00,2858.8316797394514
2007-08-20 01:00:00,2496.421853833812
2007-08-21 01:00:00,2861.7203597038438
2007-08-22 01:00:00,3262.9940959013525
2007-08-23 01:00:00,2981.296440942615
2007-08-24 01:00:00,3050.1630343912125
2007-08-26 01:00:00,3322.919265924238
2007-08-27 01:00:00,3316.7643871323876
2007-08-28 01:00:00,3584.348432754332
2007-08-29 01:00:00,3406.3638580898028
2007-08-30 01:00:00,3489.694003519652
2007-08-31 01:00:00,3488.9795408916084
2007-09-02 01:00:00,3509.564908147159
2007-09-03 01:00:00,3401.1277902494226
2007-09-04 01:00:00,3334.4548703931537
2007-09-05 01:00:00,3548.4811944832277
2007-09-06 01:00:00,3376.9490037357245
2007-09-07 01:00:00,3255.0854972956213
2007-09-09 01:00:00,3295.892496148719
2007-09-10 01:00:00,3110.713871815
2007-09-11 01:00:00,3322.9419870573493
2007-09-12 01:00:00,3416.7198730741975
2007-09-13 01:00:00,3215.443790064576
2007-09-14 01:00:00,3345.1280511513605
2007-09-16 01:00:00,3465.7617817662594
2007-09-17 01:00:00,3386.634626077884
2007-09-18 01:00:00,3552.4026781004704
2007-09-19 01:00:00,3548.2648743769864
2007-09-20 01:00:00,3470.8335172073166
2007-09-21 01:00:00,3533.5041913760006
2007-09-23 01:00:00,3551.9795746381164
2007-09-24 01:00:00,3595.587552891729
2007-09-25 01:00:00,3527.244124516548
2007-09-26 01:00:00,3516.759424084274
2007-09-27 01:00:00,3512.3068132578005
2007-09-28 01:00:00,3345.2114750155542
2007-09-30 01:00:00,3341.085884818458
2007-10-01 01:00:00,3218.9906211721536
2007-10-02 01:00:00,3420.8144514107016
2007-10-03 01:00:00,3220.988757470926
2007-10-04 01:00:00,3147.338786166184
2007-10-05 01:00:00,3409.9019771195435
2007-10-07 01:00:00,3089.443592407466
2007-10-08 01:00:00,3394.5107815816687
2007-10-09 01:00:00,3428.5493510860424
2007-10-10 01:00:00,3149.334456861665
2007-10-11 01:00:00,3313.013047553253
2007-10-12 01:00:00,3515.0144778881754
2007-10-14 01:00:00,3213.493485075289
2007-10-15 01:00:00,3487.8571832293665
2007-10-16 01:00:00,3419.929156324722
2007-10-17 01:00:00,3239.4832861642226
2007-10-18 01:00:00,3450.6273678501293
2007-10-19 01:00:00,3479.435362533678
2007-10-21 01:00:00,3523.6838515384525
2007-10-22 01:00:00,3506.1600632212117
2007-10-23 01:00:00,3437.3486727187437
2007-10-24 01:00:00,3576.2122112748775
2007-10-25 01:00:00,3564.045903889164
2007-10-26 01:00:00,3545.6726018275926
2007-10-28 01:00:00,3508.9781522584026
2007-10-29 00:00:00,3523.77822755782
2007-10-30 00:00:00,3551.2703366587425
2007-10-31 00:00:00,3445.773234588089
2007-11-01 00:00:00,3490.470519833866
2007-11-02 00:00:00,3531.037512090591
2007-11-04 00:00:00,3456.2959380717275
2007-11-05 00:00:00,3571.7458459878826
2007-11-06 00:00:00,3344.307957982153
2007-11-07 00:00:00,3317.322557942744
2007-11-08 00:00:00,3531.621951685768
2007-11-09 00:00:00,3306.240422736668
2007-11-11 00:00:00,3223.4093089571247
2007-11-12 00:00:00,3182.3580247790574
2007-11-13 00:00:00,2771.954751348376
2007-11-14 00:00:00,2980.779865762289
2007-11-15 00:00:00,3242.968749146027
2007-11-16 00:00:00,2795.2378451272193
2007-11-18 00:00:00,3200.21915214522
2007-11-19 00:00:00,2724.1260709645408
2007-11-20 00:00:00,2575.9341324375787
2007-11-21 00:00:00,3039.9916006876642
2007-11-22 00:00:00,2478.7933923813703
2007-11-23 00:00:00,2626.844551674062
2007-11-25 00:00:00,2497.686663603719
2007-11-26 00:00:00,3023.8804989855084
2007-11-27 00:00:00,3112.625540072291
2007-11-28 00:00:00,2809.5280128800123
2007-11-29 00:00:00,3288.960938220314
2007-11-30 00:00:00,3319.943052119386
2007-12-02 00:00:00,3427.925586775752
2007-12-03 00:00:00,3543.129623897978
2007-12-04 00:00:00,3402.9972739369914
2007-12-05 00:00:00,3493.0271552061154
2007-12-06 00:00:00,3558.1351522815207
2007-12-07 00:00:00,3414.8957829620626
2007-12-09 00:00:00,3534.73960854778
2007-12-10 00:00:00,3284.2070425958477
2007-12-11 00:00:00,3269.7568326363407
2007-12-12 00:00:00,3435.0693696615426
2007-12-13 00:00:00,3136.2320799611557
2007-12-14 00:00:00,3021.272701235896
2007-12-16 00:00:00,3058.924483636066
2007-12-17 00:00:00,2698.170512256439
2007-12-18 00:00:00,3110.3952974403132
2007-12-19 00:00:00,2950.0780385825306
2007-12-20 00:00:00,2591.0118595725053
2007-12-21 00:00:00,3111.185877702769
2007-12-23 00:00:00,2699.9994303130516
2007-12-24 00:00:00,3230.2340458134613
2007-12-25 00:00:00,2840.748797521458
2007-12-26 00:00:00,2740.6830164192497
2007-12-27 00:00:00,3231.7443467964613
2007-12-28 00:00:00,2952.445866885438
2007-12-30 00:00:00,3293.246454047052
2007-12-31 00:00:00,3249.1831802231827
2008-01-01 00:00:00,3015.8418057329773
2008-01-02 00:00:00,3266.4433637751645
2008-01-03 00:00:00,3530.5008368118424
2008-01-04 00:00:00,3344.160302284535
2008-01-06 00:00:00,3548.15463960227
2008-01-07 00:00:00,3480.6380355354604
2008-01-08 00:00:00,3405.3565457329387
2008-01-09 00:00:00,3568.0475213640634
2008-01-10 00:00:00,3379.08424047521
2008-01-11 00:00:00,3270.6159671048517
2008-01-13 00:00:00,3229.032986360592
2008-01-14 00:00:00,3123.94965320693
2008-01-15 00:00:00,3423.8567627469156
2008-01-16 00:00:00,3018.693975574207
2008-01-17 00:00:00,2999.009247815518
2008-01-18 00:00:00,3304.659979063295
2008-01-20 00:00:00,2896.786370122304
2008-01-21 00:00:00,3094.0164496152483
2008-01-22 00:00:00,2503.0614244395124
2008-01-23 00:00:00,2873.794584843108
2008-01-24 00:00:00,2982.277068848988
2008-01-25 00:00:00,2405.5005374793186
2008-01-27 00:00:00,2997.3800144691145
2008-01-28 00:00:00,2395.884366560456
2008-01-29 00:00:00,2455.630122400129
2008-01-30 00:00:00,2952.212222848412
2008-01-31 00:00:00,2499.5996792122037
2008-02-01 00:00:00,2125.9047260006073
2008-02-03 00:00:00,2700.7399502252374
2008-02-04 00:00:00,2179.170784374032
2008-02-05 00:00:00,2660.5456444430756
2008-02-06 00:00:00,2997.995138696125
2008-02-07 00:00:00,2488.299489725541
2008-02-08 00:00:00,2886.5335873531526
2008-02-10 00:00:00,2788.1758756820304
2008-02-11 00:00:00,3233.003326337489
2008-02-12 00:00:00,3278.2502087308694
2008-02-13 00:00:00,2998.509880506819
2008-02-14 00:00:00,3384.077211990824
2008-02-15 00:00:00,3196.0670391152044
2008-02-17 00:00:00,3441.7929602436443
2008-02-18 00:00:00,3119.658238719103
2008-02-19 00:00:00,3216.146528708536
2008-02-20 00:00:00,3437.8085092263
2008-02-21 00:00:00,3040.7419147249016
2008-02-22 00:00:00,3125.652701100611
2008-02-24 00:00:00,2901.3323069999665
2008-02-25 00:00:00,2877.733421931788
2008-02-26 00:00:00,3246.796731200915
2008-02-27 00:00:00,3008.8237829539444
2008-02-28 00:00:00,2674.8465872265624
2008-02-29 00:00:00,3021.14677552933
2008-03-02 00:00:00,2683.135299783232
2008-03-03 00:00:00,2819.768241358692
2008-03-04 00:00:00,3266.590747880202
2008-03-05 00:00:00,2908.2791401142717
2008-03-06 00:00:00,2799.195298562315
2008-03-07 00:00:00,3274.810743259115
2008-03-09 00:00:00,2919.27041657267
2008-03-10 00:00:00,3374.8358986583376
2008-03-11 00:00:00,3160.7316939780276
2008-03-12 00:00:00,3213.6602399722783
2008-03-13 00:00:00,3544.1427697466966
2008-03-14 00:00:00,3398.9323266563742
2008-03-16 00:00:00,3588.8193134580574
2008-03-17 00:00:00,3504.8179055918436
2008-03-18 00:00:00,3431.674511032804
2008-03-19 00:00:00,3447.596143675077
2008-03-20 00:00:00,3542.457870415532
2008-03-21 00:00:00,3482.050269482606
2008-03-23 00:00:00,3428.064264631511
2008-03-24 00:00:00,3512.741223550102
2008-03-25 00:00:00,3221.903362078289
2008-03-26 00:00:00,3061.1938228962367
2008-03-27 00:00:00,3315.686830079874
2008-03-28 00:00:00,3218.569778763121
2008-03-30 00:00:00,3023.0580486817644
2008-03-31 01:00:00,3352.7638649420214
2008-04-01 01:00:00,3051.9658381753975
2008-04-02 01:00:00,3011.1018405200653
2008-04-03 01:00:00,3448.237490884265
2008-04-04 01:00:00,3264.915006363676
2008-04-06 01:00:00,3517.573063559176
2008-04-07 01:00:00,3365.819434558525
2008-04-08 01:00:00,3435.0923618292954
2008-04-09 01:00:00,3586.3937832520187
2008-04-10 01:00:00,3470.6594056810354
2008-04-11 01:00:00,3568.5015140027317
2008-04-13 01:00:00,3455.5437577241846
2008-04-14 01:00:00,3589.9600173558133
2008-04-15 01:00:00,3382.9844800271817
2008-04-16 01:00:00,3295.83495575137
2008-04-17 01:00:00,3485.768968149682
2008-04-18 01:00:00,3204.8404111869036
2008-04-20 01:00:00,3292.763158821943
2008-04-21 01:00:00,3306.2468011976853
2008-04-22 01:00:00,2994.926647412023
2008-04-23 01:00:00,3180.253491476112
2008-04-24 01:00:00,3423.9845550582863
2008-04-25 01:00:00,3242.615803780703
2008-04-27 01:00:00,3494.927271386684
2008-04-28 01:00:00,3389.5784950210896
2008-04-29 01:00:00,3150.423653170087
2008-04-30 01:00:00,3396.2060053655373
2008-05-01 01:00:00,3240.5499850805786
2008-05-02 01:00:00,2940.81617513432
2008-05-04 01:00:00,3121.1251029484115
2008-05-05 01:00:00,2905.457792657383
2008-05-06 01:00:00,3317.252543784014
2008-05-07 01:00:00,2859.416219210888
2008-05-08 01:00:00,2895.5554653725085
2008-05-09 01:00:00,3209.7577357575165
2008-05-11 01:00:00,2930.7370586190614
2008-05-12 01:00:00,3226.859894821811
2008-05-13 01:00:00,2844.2279723994566
2008-05-14 01:00:00,2968.927438306004
2008-05-15 01:00:00,3360.0682923304807
2008-05-16 01:00:00,3128.931046108274
2008-05-18 01:00:00,3416.44413464451
2008-05-19 01:00:00,3409.5693793847277
2008-05-20 01:00:00,3189.148407444292
2008-05-21 01:00:00,3409.2926247896803
2008-05-22 01:00:00,3529.5436839200665
2008-05-23 01:00:00,3338.1104447637913
2008-05-25 01:00:00,3534.9613542006564
2008-05-26 01:00:00,3412.294012484947
2008-05-27 01:00:00,3408.135414297221
2008-05-28 01:00:00,3584.980610275444
2008-05-29 01:00:00,3411.8162773126924
2008-05-30 01:00:00,3356.041256695878
2008-06-01 01:00:00,3255.2669399845427
2008-06-02 01:00:00,3355.0040806502816
2008-06-03 01:00:00,3439.3009868624367
2008-06-04 01:00:00,3106.977312771164
2008-06-05 01:00:00,3450.1323404603017
2008-06-06 01:00:00,3263.5962813691826
2008-06-08 01:00:00,3451.8695230498847
2008-06-09 01:00:00,3188.586241412362
2008-06-10 01:00:00,3131.9326084766244
2008-06-11 01:00:00,3461.8402156248108
2008-06-12 01:00:00,3243.8160253749757
2008-06-13 01:00:00,3143.6592951073694
2008-06-15 01:00:00,3369.893655461091
2008-06-16 01:00:00,3161.8650267774806
2008-06-17 01:00:00,3360.223362764193
2008-06-18 01:00:00,3433.2653213431336
2008-06-19 01:00:00,3247.631590239266
2008-06-20 01:00:00,3419.251274987655
2008-06-22 01:00:00,3286.748955941225
2008-06-23 01:00:00,3312.7789084858637
2008-06-24 01:00:00,3512.3467216190106
2008-06-25 01:00:00,3149.21249587879
2008-06-26 01:00:00,3160.4059008119116
2008-06-27 01:00:00,3430.058885516747
2008-06-29 01:00:00,3044.056014044228
2008-06-30 01:00:00,3326.4998461618284
2008-07-01 01:00:00,2750.7905422756967
2008-07-02 01:00:00,2989.283680877202
2008-07-03 01:00:00,3102.9921841443684
2008-07-04 01:00:00,2524.933451658457
2008-07-06 01:00:00,2905.737817728116
2008-07-07 01:00:00,2432.161093494842
2008-07-08 01:00:00,2922.702070415627
2008-07-09 01:00:00,2974.2755899691565
2008-07-10 01:00:00,2536.7653760218227
2008-07-11 01:00:00,2915.227581771536
2008-07-13 01:00:00,2901.1497734796703
2008-07-14 01:00:00,2916.258338904895
2008-07-15 01:00:00,3332.5661248983483
2008-07-16 01:00:00,3145.247592314945
2008-07-17 01:00:00,2968.7457385486055
2008-07-18 01:00:00,3334.9827945029087
2008-07-20 01:00:00,2968.854669999199
2008-07-21 01:00:00,3223.62504199006
2008-07-22 01:00:00,3316.6864819505263
2008-07-23 01:00:00,2850.769221989556
2008-07-24 01:00:00,3112.541867767028
2008-07-25 01:00:00,3292.360544766914
2008-07-27 01:00:00,3155.06841900751
2008-07-28 01:00:00,3317.2491201456673
2008-07-29 01:00:00,3005.1320597667323
2008-07-30 01:00:00,3368.7879954648442
2008-07-31 01:00:00,3438.5989831272145
2008-08-01 01:00:00,3328.0158171380845
2008-08-03 01:00:00,3403.7252897488634
2008-08-04 01:00:00,3406.6188582724003
2008-08-05 01:00:00,3516.424488879132
2008-08-06 01:00:00,3254.017163513511
2008-08-07 01:00:00,3297.6287939443387
2008-08-08 01:00:00,3434.0349136073687
2008-08-10 01:00:00,2896.7768059611763
2008-08-11 01:00:00,3252.697441394938
2008-08-12 01:00:00,3106.297075724131
2008-08-13 01:00:00,2710.0936181377306
2008-08-14 01:00:00,3023.317832161086
2008-08-15 01:00:00,3224.8712433483547
2008-08-17 01:00:00,2837.76385683694
2008-08-18 01:00:00,3241.4785538245937
2008-08-19 01:00:00,3020.1199268895957
2008-08-20 01:00:00,3056.703904734633
2008-08-21 01:00:00,3495.6058274098896
2008-08-22 01:00:00,3345.4660069428796
2008-08-24 01:00:00,3590.000109335505
2008-08-25 01:00:00,3427.9402683665244
2008-08-26 01:00:00,3481.6168197369734
2008-08-27 01:00:00,3418.097942291992
2008-08-28 01:00:00,3389.8603447240803
2008-08-29 01:00:00,3491.706775464407
2008-08-31 01:00:00,3282.5790299397872
2008-09-01 01:00:00,3404.918186002277
2008-09-02 01:00:00,2928.3093891976587
2008-09-03 01:00:00,2836.7905534659176
2008-09-04 01:00:00,3113.9113284853383
2008-09-05 01:00:00,2678.574611000275
2008-09-07 01:00:00,2776.5183442275043
2008-09-08 01:00:00,2694.9037089763196
2008-09-09 01:00:00,2041.8691450682904
2008-09-10 01:00:00,2306.620535357935
2008-09-11 01:00:00,2755.738380293767
2008-09-12 01:00:00,2175.0950355487867
2008-09-14 01:00:00,2701.232450117837
2008-09-15 01:00:00,2249.8065745619833
2008-09-16 01:00:00,1939.0127639443285
2008-09-17 01:00:00,2648.123021209215
2008-09-18 01:00:00,2229.528229944212
2008-09-19 01:00:00,2064.1444955235197
2008-09-21 01:00:00,2377.128847968989
2008-09-22 01:00:00,2381.661515148896
2008-09-23 01:00:00,3014.418635470959
2008-09-24 01:00:00,2589.3055859948245
2008-09-25 01:00:00,2677.5056212302593
2008-09-26 01:00:00,3181.3196883989217
2008-09-28 01:00:00,2901.8396692563147
2008-09-29 01:00:00,3336.647048619736
2008-09-30 01:00:00,3074.7663135715416
2008-10-01 01:00:00,3117.9005640473765
2008-10-02 01:00:00,3485.286091820881
2008-10-03 01:00:00,3304.1244022856563
2008-10-05 01:00:00,3547.159393252332
2008-10-06 01:00:00,3353.64076466309
2008-10-07 01:00:00,3253.96885580853
2008-10-08 01:00:00,3481.815637084113
2008-10-09 01:00:00,3343.982370915849
2008-10-10 01:00:00,3133.565345108587
2008-10-12 01:00:00,3342.237389590119
2008-10-13 01:00:00,3211.19829145812
2008-10-14 01:00:00,3483.4230142194483
2008-10-15 01:00:00,3376.9556502023197
2008-10-16 01:00:00,3278.5405857444885
2008-10-17 01:00:00,3506.179807508565
2008-10-19 01:00:00,3298.0676685130393
2008-10-20 01:00:00,3463.1287994502586
2008-10-21 01:00:00,3251.8378304373414
2008-10-22 01:00:00,3309.9873361321306
2008-10-23 01:00:00,3488.853490998241
2008-10-24 01:00:00,3272.7688198260894
2008-10-26 01:00:00,3570.616982426059
2008-10-27 00:00:00,3423.8350847220213
2008-10-28 00:00:00,3334.8760236213684
2008-10-29 00:00:00,3504.9773521464185
2008-10-30 00:00:00,3427.8449822767843
2008-10-31 00:00:00,3303.5119769671246
2008-11-02 00:00:00,3549.48131361713
2008-11-03 00:00:00,3460.158649450013
2008-11-04 00:00:00,3492.9716584535345
2008-11-05 00:00:00,3588.467394607729
2008-11-06 00:00:00,3560.9856741975823
2008-11-07 00:00:00,3576.110557561551
2008-11-09 00:00:00,3469.170006095535
2008-11-10 00:00:00,3543.8019314837607
2008-11-11 00:00:00,3558.551785293379
2008-11-12 00:00:00,3355.002370422196
2008-11-13 00:00:00,3518.9497884491107
2008-11-14 00:00:00,3425.4691377518816
2008-11-16 00:00:00,3455.9437959124048
2008-11-17 00:00:00,3233.2623968218463
2008-11-18 00:00:00,3022.901634046841
2008-11-19 00:00:00,3385.4551666994203
2008-11-20 00:00:00,3161.6608750956434
2008-11-21 00:00:00,2874.6421904298686
2008-11-23 00:00:00,3216.218112434966
2008-11-24 00:00:00,2837.244340153711
2008-11-25 00:00:00,3018.677034208853
2008-11-26 00:00:00,3379.7921637174077
2008-11-27 00:00:00,3113.9752579844294
2008-11-28 00:00:00,2910.329266809195
2008-11-30 00:00:00,3349.1624395944
2008-12-01 00:00:00,2977.3995211684237
2008-12-02 00:00:00,2942.957571108176
2008-12-03 00:00:00,3249.2089434283066
2008-12-04 00:00:00,3243.379026748394
2008-12-05 00:00:00,2982.522802978559
2008-12-07 00:00:00,3480.271121832788
2008-12-08 00:00:00,3200.7721585980225
2008-12-09 00:00:00,3191.682598841286
2008-12-10 00:00:00,3465.5878868206196
2008-12-11 00:00:00,3212.9476687471224
2008-12-12 00:00:00,3214.6815732574287
2008-12-14 00:00:00,3278.8089957887496
2008-12-15 00:00:00,3371.346125601281
2008-12-16 00:00:00,3555.122042430124
2008-12-17 00:00:00,3326.582305732293
2008-12-18 00:00:00,3379.698278900883
2008-12-19 00:00:00,3553.90721029444
2008-12-21 00:00:00,3408.572977475092
2008-12-22 00:00:00,3580.3107908660636
2008-12-23 00:00:00,3580.8584857628744
2008-12-24 00:00:00,3485.733568166346
2008-12-25 00:00:00,3519.007463624652
2008-12-26 00:00:00,3502.498586572009
2008-12-28 00:00:00,3410.860555892864
2008-12-29 00:00:00,3466.211256014712
2008-12-30 00:00:00,3495.690097931202
2008-12-31 00:00:00,3534.4720254934628
2009-01-01 00:00:00,3546.809579753915
2009-01-02 00:00:00,3499.944632780052
2009-01-04 00:00:00,3600.0
2009-01-05 00:00:00,3490.506474762313
2009-01-06 00:00:00,3500.5793972827037
2009-01-07 00:00:00,3595.4642498141066
2009-01-08 00:00:00,3441.466759183698
2009-01-09 00:00:00,3496.019900358612
2009-01-11 00:00:00,3354.790722918359
2009-01-12 00:00:00,3527.99849800368
2009-01-13 00:00:00,3419.29182794329
2009-01-14 00:00:00,3389.1089991946674
2009-01-15 00:00:00,3587.4613981826255
2009-01-16 00:00:00,3407.9961084533234
2009-01-18 00:00:00,3576.4446159310705
2009-01-19 00:00:00,3427.3318192275615
2009-01-20 00:00:00,3411.9784836588524
2009-01-21 00:00:00,3590.8425532317306
2009-01-22 00:00:00,3516.7387615002767
2009-01-23 00:00:00,3448.8474997366275
2009-01-25 00:00:00,3593.387197713332
2009-01-26 00:00:00,3542.923589631431
2009-01-27 00:00:00,3568.4672623049123
2009-01-28 00:00:00,3589.9702743899365
2009-01-29 00:00:00,3581.6053391576943
2009-01-30 00:00:00,3558.4352330556057
2009-02-01 00:00:00,3585.9919839837203
2009-02-02 00:00:00,3547.6994375617323
2009-02-03 00:00:00,3539.9741039979453
2009-02-04 00:00:00,3575.687408241949
2009-02-05 00:00:00,3537.0090618607155
2009-02-06 00:00:00,3576.0529528035217
2009-02-08 00:00:00,3522.55997118064
2009-02-09 00:00:00,3592.059153043409
2009-02-10 00:00:00,3515.246226598936
2009-02-11 00:00:00,3524.4759652268694
2009-02-12 00:00:00,3556.5331987301656
2009-02-13 00:00:00,3429.439315914773
2009-02-15 00:00:00,3563.469092702084
2009-02-16 00:00:00,3386.4981764450467
2009-02-17 00:00:00,3417.711422441704
2009-02-18 00:00:00,3593.5441715794095
2009-02-19 00:00:00,3383.916854224886
2009-02-20 00:00:00,3195.688417265977
2009-02-22 00:00:00,3396.961508456391
2009-02-23 00:00:00,3029.2706596146627
2009-02-24 00:00:00,3089.9016141713287
2009-02-25 00:00:00,3367.7586439415572
2009-02-26 00:00:00,3085.79312298967
2009-02-27 00:00:00,2951.8819592767827
2009-03-01 00:00:00,3120.9644564405835
2009-03-02 00:00:00,2848.43019785621
2009-03-03 00:00:00,3243.0595611108083
2009-03-04 00:00:00,3110.36706038588
2009-03-05 00:00:00,2821.8761842670665
2009-03-06 00:00:00,3243.7086779015885
2009-03-08 00:00:00,2936.623999740342
2009-03-09 00:00:00,3366.892548239434
2009-03-10 00:00:00,3243.4616188504842
2009-03-11 00:00:00,3188.3792644838295
2009-03-12 00:00:00,3484.528799678741
2009-03-13 00:00:00,3342.0499087105895
2009-03-15 00:00:00,3505.6656006161966
2009-03-16 00:00:00,3400.2177946952847
2009-03-17 00:00:00,3375.325222300663
2009-03-18 00:00:00,3580.454369791244
2009-03-19 00:00:00,3480.5220370257366
2009-03-20 00:00:00,3304.8262523757353
2009-03-22 00:00:00,3394.6745847161355
2009-03-23 00:00:00,3035.3777607591846
2009-03-24 00:00:00,3199.114791543768
2009-03-25 00:00:00,3335.0630081218396
2009-03-26 00:00:00,2896.1764283781313
2009-03-27 00:00:00,2995.961880298499
2009-03-29 00:00:00,2787.5206083750354
2009-03-30 01:00:00,3083.963986032357
2009-03-31 01:00:00,3351.4128900329497
2009-04-01 01:00:00,3053.8353008777817
2009-04-02 01:00:00,3396.629747078839
2009-04-03 01:00:00,3351.920102070473
2009-04-05 01:00:00,3462.798249652899
2009-04-06 01:00:00,3100.5369212298815
2009-04-07 01:00:00,3012.9474581066415
2009-04-08 01:00:00,3239.227493768269
2009-04-09 01:00:00,2563.84646481526
2009-04-10 01:00:00,2497.3506518337113
2009-04-12 01:00:00,2196.8651642881905
2009-04-13 01:00:00,2058.006914635625
2009-04-14 01:00:00,2649.9291783291173
2009-04-15 01:00:00,2342.427086155312
2009-04-16 01:00:00,1831.0510314227367
2009-04-17 01:00:00,2394.299621456865
2009-04-19 01:00:00,2072.7492450093177
2009-04-20 01:00:00,2221.794204173282
2009-04-21 01:00:00,2884.2107420966518
2009-04-22 01:00:00,2472.2621796540825
2009-04-23 01:00:00,2345.838472234655
2009-04-24 01:00:00,3024.0846599747433
2009-04-26 01:00:00,2527.677359252034
2009-04-27 01:00:00,3086.5629422553807
2009-04-28 01:00:00,2591.1301207980614
2009-04-29 01:00:00,2739.9943439196772
2009-04-30 01:00:00,3134.455887973264
2009-05-01 01:00:00,2621.659604832158
2009-05-03 01:00:00,3149.0207799521504
2009-05-04 01:00:00,2711.3496118562193
2009-05-05 01:00:00,3031.73428263128
2009-05-06 01:00:00,3199.0217215202865
2009-05-07 01:00:00,2831.702044734658
2009-05-08 01:00:00,3075.6097650567112
2009-05-10 01:00:00,3014.7100178783685
2009-05-11 01:00:00,3073.035038535434
2009-05-12 01:00:00,3405.921502197005
2009-05-13 01:00:00,3212.7744418468537
2009-05-14 01:00:00,3019.85669935662
2009-05-15 01:00:00,3272.121691795787
2009-05-17 01:00:00,3114.3739534721567
2009-05-18 01:00:00,3264.311398811524
2009-05-19 01:00:00,3484.0555948539163
2009-05-20 01:00:00,3311.889040862518
2009-05-21 01:00:00,3299.806179195634
2009-05-22 01:00:00,3530.8339959648397
2009-05-24 01:00:00,3418.9957387724457
2009-05-25 01:00:00,3514.0624676076577
2009-05-26 01:00:00,3343.208764303091
2009-05-27 01:00:00,3522.3536445022382
2009-05-28 01:00:00,3426.4827276678257
2009-05-29 01:00:00,3419.6156106944964
2009-05-31 01:00:00,3331.7248377330916
2009-06-01 01:00:00,3459.3080681840365
2009-06-02 01:00:00,3525.5982600424013
2009-06-03 01:00:00,3224.0463161969005
2009-06-04 01:00:00,3359.110159507533
2009-06-05 01:00:00,3424.947513915655
2009-06-07 01:00:00,3116.136019617577
2009-06-08 01:00:00,3323.0850282077126
2009-06-09 01:00:00,2949.2932068671594
2009-06-10 01:00:00,2850.7896800161984
2009-06-11 01:00:00,3257.8204921289853
2009-06-12 01:00:00,3131.500898610313
2009-06-14 01:00:00,3059.136299583304
2009-06-15 01:00:00,3223.8434108941487
2009-06-16 01:00:00,2742.4788438388014
2009-06-17 01:00:00,2862.681901217936
2009-06-18 01:00:00,3232.2319582650575
2009-06-19 01:00:00,2735.047340099834
2009-06-21 01:00:00,3137.199484508807
2009-06-22 01:00:00,2472.7799832729797
2009-06-23 01:00:00,2762.195190111491
2009-06-24 01:00:00,2824.8399574608793
2009-06-25 01:00:00,2362.964183096778
2009-06-26 01:00:00,2934.168448126878
2009-06-28 01:00:00,2495.225428681747
2009-06-29 01:00:00,3094.6583761948177
2009-06-30 01:00:00,2894.7819947044204
2009-07-01 01:00:00,2589.6888087241036
2009-07-02 01:00:00,3056.6634684680325
2009-07-03 01:00:00,3156.0397697864382
2009-07-05 01:00:00,3181.2929115465654
2009-07-06 01:00:00,3438.010028871223
2009-07-07 01:00:00,3348.137350314035
2009-07-08 01:00:00,3354.343950643652
2009-07-09 01:00:00,3517.0038739141974
2009-07-10 01:00:00,3484.702770810565
2009-07-12 01:00:00,3514.5147979745147
2009-07-13 01:00:00,3245.155928558588
2009-07-14 01:00:00,3192.270146038839
2009-07-15 01:00:00,3354.676438954825
2009-07-16 01:00:00,2969.1664391355052
2009-07-17 01:00:00,2957.909181379199
2009-07-19 01:00:00,2926.632807615761
2009-07-20 01:00:00,2931.884582581231
2009-07-21 01:00:00,3300.1230043229025
2009-07-22 01:00:00,2874.4302774770736
2009-07-23 01:00:00,3204.667758853456
2009-07-24 01:00:00,3335.0769765541845
2009-07-26 01:00:00,3346.8341741292243
2009-07-27 01:00:00,3216.4970757635474
2009-07-28 01:00:00,3012.0628249983642
2009-07-29 01:00:00,3384.270966225385
2009-07-30 01:00:00,3314.18390760166
2009-07-31 01:00:00,3134.151709999346
2009-08-02 01:00:00,3386.4622861381
2009-08-03 01:00:00,3039.587109774257
2009-08-04 01:00:00,3215.5029880518937
2009-08-05 01:00:00,3384.941027879071
2009-08-06 01:00:00,3002.664781153419
2009-08-07 01:00:00,2978.0019909574044
2009-08-09 01:00:00,3137.1930979898425
2009-08-10 01:00:00,2869.3788141548926
2009-08-11 01:00:00,3280.9522928628526
2009-08-12 01:00:00,3248.66631287961
2009-08-13 01:00:00,2881.1371901665593
2009-08-14 01:00:00,3281.7500449466716
2009-08-16 01:00:00,2958.301530021664
2009-08-17 01:00:00,3360.6085480438437
2009-08-18 01:00:00,3246.6318998729334
2009-08-19 01:00:00,3063.1197784686756
2009-08-20 01:00:00,3477.4915465759887
2009-08-21 01:00:00,3183.5915707760037
2009-08-23 01:00:00,3484.544934379261
2009-08-24 01:00:00,3175.364194697863
2009-08-25 01:00:00,3339.7991821313644
2009-08-26 01:00:00,3515.142940056843
2009-08-27 01:00:00,3233.03364127496
2009-08-28 01:00:00,3332.6051326290967
2009-08-30 01:00:00,3359.0237029209843
2009-08-31 01:00:00,3320.639359488467
2009-09-01 01:00:00,3556.7583993819276
2009-09-02 01:00:00,3527.6422990018564
2009-09-03 01:00:00,3436.558038280514
2009-09-04 01:00:00,3533.4552590742005
2009-09-06 01:00:00,3503.4337381561986
2009-09-07 01:00:00,3511.4420551186176
2009-09-08 01:00:00,3524.6062127680557
2009-09-09 01:00:00,3571.9586060036336
2009-09-10 01:00:00,3578.2266107610412
2009-09-11 01:00:00,3433.2739684619078
2009-09-13 01:00:00,3520.9728447092753
2009-09-14 01:00:00,3275.6807118264383
2009-09-15 01:00:00,3469.040208384195
2009-09-16 01:00:00,3441.3870447193394
2009-09-17 01:00:00,3227.722193297154
2009-09-18 01:00:00,3515.8186722981523
2009-09-20 01:00:00,3238.3725432779397
2009-09-21 01:00:00,3487.9862571264975
2009-09-22 01:00:00,3392.9548434345415
2009-09-23 01:00:00,3206.1527417232755
2009-09-24 01:00:00,3434.1623923679217
2009-09-25 01:00:00,3492.206138071849
2009-09-27 01:00:00,3205.5612154042183
2009-09-28 01:00:00,3469.0831194461894
2009-09-29 01:00:00,3306.733159694737
2009-09-30 01:00:00,3123.832952190572
2009-10-01 01:00:00,3414.277895479388
2009-10-02 01:00:00,3476.49277021541
2009-10-04 01:00:00,3392.71410195095
2009-10-05 01:00:00,3542.48016111252
2009-10-06 01:00:00,3354.5787183595035
2009-10-07 01:00:00,3486.2972640980543
2009-10-08 01:00:00,3563.507110544188
2009-10-09 01:00:00,3395.5509492402166
2009-10-11 01:00:00,3474.7338424299674
2009-10-12 01:00:00,3367.700214777794
2009-10-13 01:00:00,3583.457434862782
2009-10-14 01:00:00,3269.03372494075
2009-10-15 01:00:00,3222.9079894902106
2009-10-16 01:00:00,3446.2919475866443
2009-10-18 01:00:00,3024.92007636383
2009-10-19 01:00:00,3324.078889190304
2009-10-20 01:00:00,2873.0294760886445
2009-10-21 01:00:00,2835.735818895941
2009-10-22 01:00:00,3265.3912904135996
2009-10-23 01:00:00,2964.275605335984
2009-10-25 01:00:00,3129.758325795248
2009-10-26 00:00:00,3215.552442286018
2009-10-27 00:00:00,2877.5365435806375
2009-10-28 00:00:00,3059.583748563087
2009-10-29 00:00:00,3440.5969907752215
2009-10-30 00:00:00,3260.8384195020267
2009-11-01 00:00:00,3492.2549185381586
2009-11-02 00:00:00,3370.1656828201585
2009-11-03 00:00:00,3257.788487207029
2009-11-04 00:00:00,3497.400190630556
2009-11-05 00:00:00,3364.1715197406375
2009-11-06 00:00:00,3424.837664839941
2009-11-08 00:00:00,3383.0738779186568
2009-11-09 00:00:00,3528.3513281694313
2009-11-10 00:00:00,3550.7078878909197
2009-11-11 00:00:00,3388.4935015391984
2009-11-12 00:00:00,3541.14390837154
2009-11-13 00:00:00,3533.0128380555666
2009-11-15 00:00:00,3573.504357041343
2009-11-16 00:00:00,3544.555012297057
2009-11-17 00:00:00,3411.726099328175
2009-11-18 00:00:00,3546.97818997104
2009-11-19 00:00:00,3529.265712592982
2009-11-20 00:00:00,3425.2206066265094
2009-11-22 00:00:00,3558.809056829885
2009-11-23 00:00:00,3417.527494059778
2009-11-24 00:00:00,3482.4690270997885
2009-11-25 00:00:00,3519.7620204083796
2009-11-26 00:00:00,3350.5108971367263
2009-11-27 00:00:00,3362.8536843147135
2009-11-29 00:00:00,3394.3541654758005
2009-11-30 00:00:00,3339.918022757037
2009-12-01 00:00:00,3559.9646515879203
2009-12-02 00:00:00,3308.665129810815
2009-12-03 00:00:00,3263.439455686033
2009-12-04 00:00:00,3481.141717983254
2009-12-06 00:00:00,3263.897367314147
2009-12-07 00:00:00,3396.3695151363204
2009-12-08 00:00:00,3147.094586117078
2009-12-09 00:00:00,3361.6117590218582
2009-12-10 00:00:00,3506.9949948542576
2009-12-11 00:00:00,3354.3007991303507
2009-12-13 00:00:00,3575.115744205574
2009-12-14 00:00:00,3390.716577998632
2009-12-15 00:00:00,3411.8774778574457
2009-12-16 00:00:00,3440.135408622121
2009-12-17 00:00:00,3396.3360814809193
2009-12-18 00:00:00,3442.8528338331034
2009-12-20 00:00:00,3477.367929148807
2009-12-21 00:00:00,3509.9214259749297
2009-12-22 00:00:00,3550.21852136282
2009-12-23 00:00:00,3478.051422129798
2009-12-24 00:00:00,3419.7710659721297
2009-12-25 00:00:00,3530.913644787567
2009-12-27 00:00:00,3364.5628811914103
2009-12-28 00:00:00,3425.924559065377
2009-12-29 00:00:00,3474.391293528012
2009-12-30 00:00:00,3316.3234019301863
2009-12-31 00:00:00,3402.297552663909
2010-01-01 00:00:00,3507.539084723606
2010-01-03 00:00:00,3449.398732813188
2010-01-04 00:00:00,3415.653186845117
2010-01-05 00:00:00,3132.953449822578
2010-01-06 00:00:00,3408.3384601751695
2010-01-07 00:00:00,3347.5454772083776
2010-01-08 00:00:00,3229.224332397244
2010-01-10 00:00:00,3475.096151137513
2010-01-11 00:00:00,3388.6444474927816
2010-01-12 00:00:00,3559.1298604110248
2010-01-13 00:00:00,3591.157723315009
2010-01-14 00:00:00,3520.0815427045536
2010-01-15 00:00:00,3550.608849352054
2010-01-17 00:00:00,3489.308563479917
2010-01-18 00:00:00,3525.431982389741
2010-01-19 00:00:00,3543.7696310885703
2010-01-20 00:00:00,3501.9036838779366
2010-01-21 00:00:00,3519.8204910898658
2010-01-22 00:00:00,3571.3895605327953
2010-01-24 00:00:00,3391.130020779351
2010-01-25 00:00:00,3557.3255792802092
2010-01-26 00:00:00,3461.663364817686
2010-01-27 00:00:00,3337.0662092189814
2010-01-28 00:00:00,3544.7137076562326
2010-01-29 00:00:00,3381.826367132051
2010-01-31 00:00:00,3443.9857303581807
2010-02-01 00:00:00,3187.210936901019
2010-02-02 00:00:00,3262.985168778817
2010-02-03 00:00:00,3499.7362677346123
2010-02-04 00:00:00,3242.558398481645
2010-02-05 00:00:00,3366.4461371065186
2010-02-07 00:00:00,3374.6143690782365
2010-02-08 00:00:00,3337.405807708748
2010-02-09 00:00:00,3504.9142781840137
2010-02-10 00:00:00,3455.4274936523875
2010-02-11 00:00:00,3368.286588161624
2010-02-12 00:00:00,3479.8549349159243
2010-02-14 00:00:00,3570.3645826247766
2010-02-15 00:00:00,3581.978294594049
2010-02-16 00:00:00,3511.117500353487
2010-02-17 00:00:00,3498.1490014956494
2010-02-18 00:00:00,3561.0379890371987
2010-02-19 00:00:00,3420.418948194751
2010-02-21 00:00:00,3472.6421787513564
2010-02-22 00:00:00,3399.233113743672
2010-02-23 00:00:00,3267.6298494641123
2010-02-24 00:00:00,3490.766578671958
2010-02-25 00:00:00,3444.5940060888356
2010-02-26 00:00:00,3314.2418397300667
2010-02-28 00:00:00,3345.2927650896313
2010-03-01 00:00:00,3347.4024424040877
2010-03-02 00:00:00,3486.8282463567375
2010-03-03 00:00:00,3276.7242088707117
2010-03-04 00:00:00,3443.275539517375
2010-03-05 00:00:00,3483.942726700791
2010-03-07 00:00:00,3461.660065584856
2010-03-08 00:00:00,3428.8685236398724
2010-03-09 00:00:00,3285.653738793239
2010-03-10 00:00:00,3421.065065407075
2010-03-11 00:00:00,3549.24934692053
2010-03-12 00:00:00,3296.465455379622
2010-03-14 00:00:00,3436.8925297073715
2010-03-15 00:00:00,3328.4399025974267
2010-03-16 00:00:00,3093.777749701707
2010-03-17 00:00:00,3316.0992534612315
2010-03-18 00:00:00,3515.1105845109964
2010-03-19 00:00:00,3418.96950072191
2010-03-21 00:00:00,3564.215968512071
2010-03-22 00:00:00,3498.4285063906755
2010-03-23 00:00:00,3493.2857628241054
2010-03-24 00:00:00,3501.3483331709185
2010-03-25 00:00:00,3523.379067322587
2010-03-26 00:00:00,3569.282775321223
2010-03-28 00:00:00,3386.4692300039546
2010-03-29 01:00:00,3516.991487141729
2010-03-30 01:00:00,3206.4202417086394
2010-03-31 01:00:00,3332.180125333518
2010-04-01 01:00:00,3430.014753390077
2010-04-02 01:00:00,2997.3779357629946
2010-04-04 01:00:00,3351.4070373516215
2010-04-05 01:00:00,2933.440144020597
2010-04-06 01:00:00,2900.9911960060126
2010-04-07 01:00:00,3282.1033871714535
2010-04-08 01:00:00,3155.5202657206096
2010-04-09 01:00:00,2811.891333556876
2010-04-11 01:00:00,3365.6088319974724
2010-04-12 01:00:00,3011.369405017607
2010-04-13 01:00:00,2912.2777622905464
2010-04-14 01:00:00,3322.0947261106166
2010-04-15 01:00:00,3192.32353623024
2010-04-16 01:00:00,2984.2744244473006
2010-04-18 01:00:00,3389.0712049739673
2010-04-19 01:00:00,3137.361581692874
2010-04-20 01:00:00,3433.7320327151715
2010-04-21 01:00:00,3442.3581292784256
2010-04-22 01:00:00,3274.253542812721
2010-04-23 01:00:00,3510.967901131112
2010-04-25 01:00:00,3374.448852100838
2010-04-26 01:00:00,3539.5171345431495
2010-04-27 01:00:00,3349.656749164893
2010-04-28 01:00:00,3467.021769075316
2010-04-29 01:00:00,3454.7934185060726
2010-04-30 01:00:00,3304.5420463496803
2010-05-02 01:00:00,3419.7932117582686
2010-05-03 01:00:00,3234.290207215594
2010-05-04 01:00:00,3449.0282018174944
2010-05-05 01:00:00,3417.792136427351
2010-05-06 01:00:00,3111.1014420284173
2010-05-07 01:00:00,3270.6592478734287
2010-05-09 01:00:00,3270.052639640618
2010-05-10 01:00:00,3211.7234268650996
2010-05-11 01:00:00,3493.767025823557
2010-05-12 01:00:00,3385.1878314577084
2010-05-13 01:00:00,3184.5126166061127
2010-05-14 01:00:00,3461.6748983558978
2010-05-16 01:00:00,3244.734252207798
2010-05-17 01:00:00,3485.9912805214412
2010-05-18 01:00:00,3476.3615278490715
2010-05-19 01:00:00,3278.4526388623676
2010-05-20 01:00:00,3510.616020052845
2010-05-21 01:00:00,3469.628773951711
2010-05-23 01:00:00,3575.790376188827
2010-05-24 01:00:00,3469.0547685873644
2010-05-25 01:00:00,3425.0371067667056
2010-05-26 01:00:00,3577.361116337241
2010-05-27 01:00:00,3431.9580964755382
2010-05-28 01:00:00,3467.3086011680525
2010-05-30 01:00:00,3445.5428195884274
2010-05-31 01:00:00,3465.3947566116826
2010-06-01 01:00:00,3584.1295307548908
2010-06-02 01:00:00,3472.9066936626377
2010-06-03 01:00:00,3390.009781309532
2010-06-04 01:00:00,3551.1965824880526
2010-06-06 01:00:00,3372.070071459193
2010-06-07 01:00:00,3514.4929558209233
2010-06-08 01:00:00,3496.0749975356307
2010-06-09 01:00:00,3228.0371027540045
2010-06-10 01:00:00,3373.646319216162
2010-06-11 01:00:00,3459.558046528754
2010-06-13 01:00:00,3274.991028789926
2010-06-14 01:00:00,3312.0620518571013
2010-06-15 01:00:00,2888.991960379899
2010-06-16 01:00:00,3183.0548616800174
2010-06-17 01:00:00,3103.812751171973
2010-06-18 01:00:00,2628.7688433099743
2010-06-20 01:00:00,3004.596639746527
2010-06-21 01:00:00,2556.5683375073904
2010-06-22 01:00:00,3057.6429830889733
2010-06-23 01:00:00,3085.6216977848244
2010-06-24 01:00:00,2703.2209727006716
2010-06-25 01:00:00,3104.29731031615
2010-06-27 01:00:00,3005.3204343592693
2010-06-28 01:00:00,3173.932235728237
2010-06-29 01:00:00,3456.171786354883
2010-06-30 01:00:00,3405.630745614098
2010-07-01 01:00:00,3400.3915638985895
2010-07-02 01:00:00,3591.3895547119687
2010-07-04 01:00:00,3419.7191252148755
2010-07-05 01:00:00,3527.5751083710843
2010-07-06 01:00:00,3358.1445254854543
2010-07-07 01:00:00,3171.602645347216
2010-07-08 01:00:00,3459.37415996678
2010-07-09 01:00:00,3327.8078804524653
2010-07-11 01:00:00,3295.7358032144657
2010-07-12 01:00:00,3137.1596027471965
2010-07-13 01:00:00,2906.1566443167812
2010-07-14 01:00:00,3334.4624203881153
2010-07-15 01:00:00,3104.957653388604
2010-07-16 01:00:00,3079.93394352493
2010-07-18 01:00:00,3223.402141388865
2010-07-19 01:00:00,3298.617958067863
2010-07-20 01:00:00,3536.37447577698
2010-07-21 01:00:00,3324.115604260774
2010-07-22 01:00:00,3388.926129793365
2010-07-23 01:00:00,3587.159940530784
2010-07-25 01:00:00,3434.4284240344596
2010-07-26 01:00:00,3594.860723246625
2010-07-27 01:00:00,3482.101941863589
2010-07-28 01:00:00,3392.411967254775
2010-07-29 01:00:00,3513.858277845763
2010-07-30 01:00:00,3521.9578573306108
2010-08-01 01:00:00,3552.673343649048
2010-08-02 01:00:00,3587.6696472771205
2010-08-03 01:00:00,3453.1011519073154
2010-08-04 01:00:00,3535.6809904123807
2010-08-05 01:00:00,3571.1458730235954
2010-08-06 01:00:00,3469.2552996963122
2010-08-08 01:00:00,3540.228879337822
2010-08-09 01:00:00,3433.7867443436494
2010-08-10 01:00:00,3600.0
2010-08-11 01:00:00,3451.9262244972383
2010-08-12 01:00:00,3450.9032861991136
2010-08-13 01:00:00,3565.937039111921
2010-08-15 01:00:00,3479.599178530915
2010-08-16 01:00:00,3444.3229958571005
2010-08-17 01:00:00,3141.833831063457
2010-08-18 01:00:00,3348.2472034130437
2010-08-19 01:00:00,3325.693097813456
2010-08-20 01:00:00,2927.797686246174
2010-08-22 01:00:00,3306.4601795155017
2010-08-23 01:00:00,2900.9741106419733
2010-08-24 01:00:00,2807.732480698076
2010-08-25 01:00:00,3200.958690013938
2010-08-26 01:00:00,3011.24735182085
2010-08-27 01:00:00,2488.4306438789404
2010-08-29 01:00:00,3023.594167540616
2010-08-30 01:00:00,2502.4398588174404
2010-08-31 01:00:00,2591.7964077053907
2010-09-01 01:00:00,3084.7389044776937
2010-09-02 01:00:00,2572.037794896122
2010-09-03 01:00:00,2514.491629771791
2010-09-05 01:00:00,2643.24122951438
2010-09-06 01:00:00,2774.394100172351
2010-09-07 01:00:00,3190.872507436498
2010-09-08 01:00:00,2722.1177320500738
2010-09-09 01:00:00,3205.800574193799
2010-09-10 01:00:00,3181.121214420539
2010-09-12 01:00:00,3453.2409628969663
2010-09-13 01:00:00,3195.99663787488
2010-09-14 01:00:00,3201.358192882432
2010-09-15 01:00:00,3525.711183063924
2010-09-16 01:00:00,3295.480606279714
2010-09-17 01:00:00,3277.805048699002
2010-09-19 01:00:00,3399.3709119862006
2010-09-20 01:00:00,3259.477325501084
2010-09-21 01:00:00,3508.300636956661
2010-09-22 01:00:00,3534.3643672619082
2010-09-23 01:00:00,3371.6392819946527
2010-09-24 01:00:00,3483.6706887548835
2010-09-26 01:00:00,3443.6833360861756
2010-09-27 01:00:00,3508.9246231251923
2010-09-28 01:00:00,3586.81774038654
2010-09-29 01:00:00,3457.4320938029014
2010-09-30 01:00:00,3541.0016465181766
2010-10-01 01:00:00,3505.519403096664
2010-10-03 01:00:00,3441.603864081782
2010-10-04 01:00:00,3279.900749622467
2010-10-05 01:00:00,2898.1957827137985
2010-10-06 01:00:00,3260.5423861662507
2010-10-07 01:00:00,2888.5413341504423
2010-10-08 01:00:00,2738.8880704069766
2010-10-10 01:00:00,2580.119422775955
2010-10-11 01:00:00,2694.8193852091
2010-10-12 01:00:00,3088.1306403056656
2010-10-13 01:00:00,2532.391843047816
2010-10-14 01:00:00,2637.447774897796
2010-10-15 01:00:00,3166.7260513811416
2010-10-17 01:00:00,2669.4619996460165
2010-10-18 01:00:00,3127.642978348688
2010-10-19 01:00:00,3128.949620943699
2010-10-20 01:00:00,2826.8551553871885
2010-10-21 01:00:00,3128.824827361526
2010-10-22 01:00:00,3425.5145430509574
2010-10-24 01:00:00,3218.4998251307875
2010-10-25 01:00:00,3506.2522944656725
2010-10-26 01:00:00,3249.698433839998
2010-10-27 01:00:00,3173.8732194531026
2010-10-28 01:00:00,3476.836954722151
2010-10-29 01:00:00,3204.435781257918
2010-10-31 01:00:00,3417.020966321103
2010-11-01 00:00:00,3080.7087367642366
2010-11-02 00:00:00,2887.3159161494877
2010-11-03 00:00:00,3268.116017006483
2010-11-04 00:00:00,2772.3832907927012
2010-11-05 00:00:00,2709.593873444379
2010-11-07 00:00:00,2533.08434917325
2010-11-08 00:00:00,2754.5198696593593
2010-11-09 00:00:00,3090.706117262441
2010-11-10 00:00:00,2603.0736516972
2010-11-11 00:00:00,2763.8447833391856
2010-11-12 00:00:00,3172.5827987492808
2010-11-14 00:00:00,2829.4090749532306
2010-11-15 00:00:00,3321.1895441654456
2010-11-16 00:00:00,3318.4120135625717
2010-11-17 00:00:00,3127.986657237032
2010-11-18 00:00:00,3437.2451620470106
2010-11-19 00:00:00,3482.1630306056704
2010-11-21 00:00:00,3375.35128801501
2010-11-22 00:00:00,3364.698366108445
2010-11-23 00:00:00,3118.6304991778643
2010-11-24 00:00:00,3305.9553773830503
2010-11-25 00:00:00,3221.70209036734
2010-11-26 00:00:00,2987.8780806561385
2010-11-28 00:00:00,3123.6191352802102
2010-11-29 00:00:00,2895.707239971314
2010-11-30 00:00:00,3291.1449556784496
2010-12-01 00:00:00,2956.1323773544746
2010-12-02 00:00:00,2824.63280681758
2010-12-03 00:00:00,3258.4541622030174
2010-12-05 00:00:00,2726.67680824948
2010-12-06 00:00:00,3127.033864631507
2010-12-07 00:00:00,2581.2291300132692
2010-12-08 00:00:00,2649.8614577619383
2010-12-09 00:00:00,3116.447465302974
2010-12-10 00:00:00,2613.8933240006536
2010-12-12 00:00:00,2953.0872279678483
2010-12-13 00:00:00,2614.1452103351944
2010-12-14 00:00:00,2091.434697849229
2010-12-15 00:00:00,2591.504255972864
2010-12-16 00:00:00,2687.089149996861
2010-12-17 00:00:00,2171.307266854787
2010-12-19 00:00:00,2954.1856256862775
2010-12-20 00:00:00,2437.275444688451
2010-12-21 00:00:00,2762.4067095586447
2010-12-22 00:00:00,3074.0428656644444
2010-12-23 00:00:00,2588.026981729511
2010-12-24 00:00:00,2940.0214956160953
2010-12-26 00:00:00,2621.698063745789
2010-12-27 00:00:00,3036.6311619914936
2010-12-28 00:00:00,3067.5497849290427
2010-12-29 00:00:00,2622.335358015746
2010-12-30 00:00:00,3061.958713983258
2010-12-31 00:00:00,3012.8240472080165
2011-01-02 00:00:00,3017.6798483233206
2011-01-03 00:00:00,2961.145411526644
2011-01-04 00:00:00,2547.149719505112
2011-01-05 00:00:00,2925.875161024421
2011-01-06 00:00:00,3037.3293830828393
2011-01-07 00:00:00,2635.5836778480834
2011-01-09 00:00:00,3265.4360452716332
2011-01-10 00:00:00,2915.0852186812494
2011-01-11 00:00:00,2909.467008679773
2011-01-12 00:00:00,3335.8840293178837
2011-01-13 00:00:00,3067.2892695958444
2011-01-14 00:00:00,2788.9513076441704
2011-01-16 00:00:00,3089.80043158696
2011-01-17 00:00:00,2663.729621079581
2011-01-18 00:00:00,3049.8269586694037
2011-01-19 00:00:00,3004.6223224931437
2011-01-20 00:00:00,2692.9417819579053
2011-01-21 00:00:00,3217.7777612717236
2011-01-23 00:00:00,2971.9906638442435
2011-01-24 00:00:00,3398.61956853949
2011-01-25 00:00:00,2989.7878214526386
2011-01-26 00:00:00,3117.503295768524
2011-01-27 00:00:00,3342.84555651068
2011-01-28 00:00:00,2943.0941022042734
2011-01-30 00:00:00,3329.42350492233
2011-01-31 00:00:00,2952.2881240862343
2011-02-01 00:00:00,3141.0697430544988
2011-02-02 00:00:00,3361.499212500695
2011-02-03 00:00:00,2862.366395511253
2011-02-04 00:00:00,2841.730925586378
2011-02-06 00:00:00,2682.9984939592546
2011-02-07 00:00:00,2311.134564182365
2011-02-08 00:00:00,2745.019568791343
2011-02-09 00:00:00,2617.9909834056007
2011-02-10 00:00:00,1855.5928997172025
2011-02-11 00:00:00,2162.482876161628
2011-02-13 00:00:00,1805.0243259194904
2011-02-14 00:00:00,1757.5058684985668
2011-02-15 00:00:00,2443.2080676984106
2011-02-16 00:00:00,1785.2693043443414
2011-02-17 00:00:00,1806.1046492145792
2011-02-18 00:00:00,2524.476892358449
2011-02-20 00:00:00,2256.0814993581525
2011-02-21 00:00:00,2663.8879347462516
2011-02-22 00:00:00,2162.134032664824
2011-02-23 00:00:00,2851.681336022032
2011-02-24 00:00:00,3052.978848841069
2011-02-25 00:00:00,2793.731359803536
2011-02-27 00:00:00,3464.9779786381596
2011-02-28 00:00:00,3268.3518594891807
2011-03-01 00:00:00,3478.360293360362
2011-03-02 00:00:00,3568.437067450218
2011-03-03 00:00:00,3454.286072424265
2011-03-04 00:00:00,3553.0203002512844
2011-03-06 00:00:00,3224.4088234605806
2011-03-07 00:00:00,3281.975200905867
2011-03-08 00:00:00,3396.0770525079834
2011-03-09 00:00:00,3139.933766218133
2011-03-10 00:00:00,3138.919848986489
2011-03-11 00:00:00,3462.0765966173435
2011-03-13 00:00:00,3008.7094798143
2011-03-14 00:00:00,3327.5888308543445
2011-03-15 00:00:00,3240.276980516467
2011-03-16 00:00:00,2975.9667711049997
2011-03-17 00:00:00,3388.255366141539
2011-03-18 00:00:00,3279.6735782118517
2011-03-20 00:00:00,3518.5915764505567
2011-03-21 00:00:00,3208.3766997236417
2011-03-22 00:00:00,3395.1543481842477
2011-03-23 00:00:00,3472.5087270948356
2011-03-24 00:00:00,3225.421053819282
2011-03-25 00:00:00,3472.511905068013
2011-03-27 00:00:00,3204.4988533822384
2011-03-28 01:00:00,3438.419371088456
2011-03-29 01:00:00,3460.1815722227784
2011-03-30 01:00:00,3265.7800753867095
2011-03-31 01:00:00,3385.9604256489865
2011-04-01 01:00:00,3531.473397467626
2011-04-03 01:00:00,3448.401517084692
2011-04-04 01:00:00,3564.3597654406885
2011-04-05 01:00:00,3578.156653971828
2011-04-06 01:00:00,3507.85634014236
2011-04-07 01:00:00,3568.213480932609
2011-04-08 01:00:00,3600.0
2011-04-10 01:00:00,3529.020127175186
2011-04-11 01:00:00,3599.4805347329316
2011-04-12 01:00:00,3514.9526092049186
2011-04-13 01:00:00,3505.0300478608497
2011-04-14 01:00:00,3579.647031841845
2011-04-15 01:00:00,3385.069588715116
2011-04-17 01:00:00,3549.7954375494683
2011-04-18 01:00:00,3325.3044290293433
2011-04-19 01:00:00,3526.5080842939724
2011-04-20 01:00:00,3384.763094673902
2011-04-21 01:00:00,3306.2558760033953
2011-04-22 01:00:00,3546.32922558755
2011-04-24 01:00:00,3309.415917039646
2011-04-25 01:00:00,3559.2307927599304
2011-04-26 01:00:00,3489.5017548153114
2011-04-27 01:00:00,3314.4229684732954
2011-04-28 01:00:00,3418.7797173095955
2011-04-29 01:00:00,3559.8190665002426
2011-05-01 01:00:00,3401.9711486338256
2011-05-02 01:00:00,3520.2122959846292
2011-05-03 01:00:00,3584.19267785174
2011-05-04 01:00:00,3486.8991203771166
2011-05-05 01:00:00,3391.6508187992536
2011-05-06 01:00:00,3518.700105161887
2011-05-08 01:00:00,3262.7687555110742
2011-05-09 01:00:00,3298.4152044411358
2011-05-10 01:00:00,3500.2310848969296
2011-05-11 01:00:00,3155.6628225801783
2011-05-12 01:00:00,3064.6025465137914
2011-05-13 01:00:00,3363.9813848737717
2011-05-15 01:00:00,2956.8382320587175
2011-05-16 01:00:00,3251.9942388831996
2011-05-17 01:00:00,2680.935449478209
2011-05-18 01:00:00,2903.997506696003
2011-05-19 01:00:00,3094.7349631616894
2011-05-20 01:00:00,2522.096439225854
2011-05-22 01:00:00,3104.915127609091
2011-05-23 01:00:00,2649.084568446585
2011-05-24 01:00:00,2653.9583400268066
2011-05-25 01:00:00,3151.0559079635245
2011-05-26 01:00:00,3025.046311710394
2011-05-27 01:00:00,2773.7237798766937
2011-05-29 01:00:00,3438.482038580664
2011-05-30 01:00:00,3188.401198804537
2011-05-31 01:00:00,3213.428239666752
2011-06-01 01:00:00,3529.316728734018
2011-06-02 01:00:00,3505.216934285643
2011-06-03 01:00:00,3399.2475245001688
2011-06-05 01:00:00,3561.0848912729302
2011-06-06 01:00:00,3531.9086817019024
2011-06-07 01:00:00,3589.4140018421713
2011-06-08 01:00:00,3458.490665861419
2011-06-09 01:00:00,3502.1243092557406
2011-06-10 01:00:00,3529.8447762965025
2011-06-12 01:00:00,3526.12281247596
2011-06-13 01:00:00,3550.4280180945616
2011-06-14 01:00:00,3396.0399601176746
2011-06-15 01:00:00,3575.9413033475416
2011-06-16 01:00:00,3543.6498548213985
2011-06-17 01:00:00,3486.360847857306
2011-06-19 01:00:00,3467.984359316376
2011-06-20 01:00:00,3447.212413935991
2011-06-21 01:00:00,3544.0348322469613
2011-06-22 01:00:00,3331.4014068380366
2011-06-23 01:00:00,3156.0654360948324
2011-06-24 01:00:00,3421.609776654098
2011-06-26 01:00:00,3030.563307262567
2011-06-27 01:00:00,3146.0021950263367
2011-06-28 01:00:00,3400.0336978243186
2011-06-29 01:00:00,3027.711254087845
2011-06-30 01:00:00,2893.6960281720767
2011-07-01 01:00:00,3343.504394369703
2011-07-03 01:00:00,2950.258898969665
2011-07-04 01:00:00,3391.8364549672183
2011-07-05 01:00:00,3252.58646644042
2011-07-06 01:00:00,3101.8455821001653
2011-07-07 01:00:00,3481.7674408296284
2011-07-08 01:00:00,3323.064002033003
2011-07-10 01:00:00,3551.431351919728
2011-07-11 01:00:00,3336.743076027225
2011-07-12 01:00:00,3449.9437192940595
2011-07-13 01:00:00,3511.3721012891083
2011-07-14 01:00:00,3256.2617712906736
2011-07-15 01:00:00,3438.1504837251555
2011-07-17 01:00:00,3099.477338607131
2011-07-18 01:00:00,3335.652326228309
2011-07-19 01:00:00,3376.3089610872403
2011-07-20 01:00:00,2978.908416416534
2011-07-21 01:00:00,3065.1292633150792
2011-07-22 01:00:00,3326.4671747781626
2011-07-24 01:00:00,2686.558882458545
2011-07-25 01:00:00,3085.2103757385576
2011-07-26 01:00:00,3079.993344894447
2011-07-27 01:00:00,2552.48864354569
2011-07-28 01:00:00,2894.484593546451
2011-07-29 01:00:00,3153.8877892194664
2011-07-31 01:00:00,2922.2168276062002
2011-08-01 01:00:00,3195.895722595539
2011-08-02 01:00:00,2721.0515808479413
2011-08-03 01:00:00,3159.1014422984454
2011-08-04 01:00:00,3253.002163742413
2011-08-05 01:00:00,2967.3388431128096
2011-08-07 01:00:00,3370.0146307945347
2011-08-08 01:00:00,3256.7303946408892
2011-08-09 01:00:00,3569.403164905761
2011-08-10 01:00:00,3462.27530331675
2011-08-11 01:00:00,3432.5974498168853
2011-08-12 01:00:00,3573.7072611005524
2011-08-14 01:00:00,3499.811232573625
2011-08-15 01:00:00,3569.4862384882053
2011-08-16 01:00:00,3481.2582460832746
2011-08-17 01:00:00,3479.167925617894
2011-08-18 01:00:00,3586.1014775278627
2011-08-19 01:00:00,3448.7257119838987
2011-08-21 01:00:00,3499.794363998764
2011-08-22 01:00:00,3495.3774593258613
2011-08-23 01:00:00,3245.412111203651
2011-08-24 01:00:00,3316.87067547678
2011-08-25 01:00:00,3462.5201737350726
2011-08-26 01:00:00,3179.0539146835413
2011-08-28 01:00:00,3436.2371904094884
2011-08-29 01:00:00,3070.0599912536545
2011-08-30 01:00:00,3196.138945679477
2011-08-31 01:00:00,3378.9384409394615
2011-09-01 01:00:00,2978.4821174826784
2011-09-02 01:00:00,3324.536540378415
2011-09-04 01:00:00,2971.1575783490016
2011-09-05 01:00:00,3375.5456546789874
2011-09-06 01:00:00,3135.1976393646432
2011-09-07 01:00:00,2891.495743172753
2011-09-08 01:00:00,3331.4653053942548
2011-09-09 01:00:00,3079.643064641362
2011-09-11 01:00:00,3166.508653838475
2011-09-12 01:00:00,3041.9565591662667
2011-09-13 01:00:00,2511.551355179529
2011-09-14 01:00:00,2792.4141872173645
2011-09-15 01:00:00,3108.5256797477364
2011-09-16 01:00:00,2636.0029227428427
2011-09-18 01:00:00,3110.7789775861447
2011-09-19 01:00:00,2943.857180883565
2011-09-20 01:00:00,2527.7764177382405
2011-09-21 01:00:00,3007.180483600683
2011-09-22 01:00:00,3127.4177984957105
2011-09-23 01:00:00,2688.9865201895154
2011-09-25 01:00:00,3118.217814342295
2011-09-26 01:00:00,2670.6911116265214
2011-09-27 01:00:00,3172.5415955525564
2011-09-28 01:00:00,2710.083432680565
2011-09-29 01:00:00,2618.1248529474788
2011-09-30 01:00:00,2983.492900119862
2011-10-02 01:00:00,2603.578081876676
2011-10-03 01:00:00,2722.363138901272
2011-10-04 01:00:00,2019.2881325090282
2011-10-05 01:00:00,2447.6718637788304
2011-10-06 01:00:00,2725.849477387129
2011-10-07 01:00:00,2084.604338117189
2011-10-09 01:00:00,2939.466753275522
2011-10-10 01:00:00,2621.5850863415667
2011-10-11 01:00:00,2477.521455929017
2011-10-12 01:00:00,3081.0809698591474
2011-10-13 01:00:00,3222.57835314228
2011-10-14 01:00:00,2938.0634509052556
2011-10-16 01:00:00,3526.5084866079897
2011-10-17 01:00:00,3409.241476047964
2011-10-18 01:00:00,3429.3234572976235
2011-10-19 01:00:00,3572.6630401826915
2011-10-20 01:00:00,3415.0403151071328
2011-10-21 01:00:00,3471.9756938002183
2011-10-23 01:00:00,3184.337557505373
2011-10-24 01:00:00,3421.3434789975913
2011-10-25 01:00:00,3238.3811392862945
2011-10-26 01:00:00,2942.547239619962
2011-10-27 01:00:00,3307.464361364907
2011-10-28 01:00:00,2710.6342717038024
2011-10-30 01:00:00,2971.043518102257
2011-10-31 00:00:00,2354.2565186715633
2011-11-01 00:00:00,2582.0906013675
2011-11-02 00:00:00,2980.1052800350485
2011-11-03 00:00:00,2366.91752994341
2011-11-04 00:00:00,2463.9619142238935
2011-11-06 00:00:00,2712.668102150481
2011-11-07 00:00:00,2485.69749272866
2011-11-08 00:00:00,3057.409640119928
2011-11-09 00:00:00,3165.8557363047753
2011-11-10 00:00:00,2829.460789508236
2011-11-11 00:00:00,3042.28075693395
2011-11-13 00:00:00,3221.7383749017035
2011-11-14 00:00:00,3189.479502045678
2011-11-15 00:00:00,3494.410050444721
2011-11-16 00:00:00,3334.5655746095663
2011-11-17 00:00:00,3227.4330784666754
2011-11-18 00:00:00,3467.215573476972
2011-11-20 00:00:00,3268.491658537447
2011-11-21 00:00:00,3473.838125030592
2011-11-22 00:00:00,3166.46207206927
2011-11-23 00:00:00,3306.8427826444795
2011-11-24 00:00:00,3382.3448529369607
2011-11-25 00:00:00,3046.8809872199968
2011-11-27 00:00:00,3191.248661256616
2011-11-28 00:00:00,2929.1607319075783
2011-11-29 00:00:00,3334.389361146245
2011-11-30 00:00:00,3082.3979607817682
2011-12-01 00:00:00,2769.2030912225
2011-12-02 00:00:00,3106.3685127453723
2011-12-04 00:00:00,2412.3912047947306
2011-12-05 00:00:00,2623.1102256105532
2011-12-06 00:00:00,2944.4770296859747
2011-12-07 00:00:00,2360.5170518454606
2011-12-08 00:00:00,2139.558669659507
2011-12-09 00:00:00,2750.7970511079416
2011-12-11 00:00:00,2125.685707066759
2011-12-12 00:00:00,2729.324334248271
2011-12-13 00:00:00,2936.88725037446
2011-12-14 00:00:00,2417.255153566544
2011-12-15 00:00:00,2814.0493537749385
2011-12-16 00:00:00,3135.7396033206232
2011-12-18 00:00:00,2992.7608948990646
2011-12-19 00:00:00,3226.2137119191475
2011-12-20 00:00:00,2804.0721609663487
2011-12-21 00:00:00,3183.5200898762764
2011-12-22 00:00:00,3188.531604621845
2011-12-23 00:00:00,2920.2727355088546
2011-12-26 00:00:00,3167.1833881830266
2011-12-27 00:00:00,3500.756795809667
2011-12-28 00:00:00,3295.8051510392015
2011-12-29 00:00:00,3302.754582169872
2011-12-30 00:00:00,3525.454995020512
2012-01-01 00:00:00,3224.4727661496863
2012-01-02 00:00:00,3485.899074387805
2012-01-03 00:00:00,3350.3334604344377
2012-01-04 00:00:00,3127.734851240276
2012-01-05 00:00:00,3344.3949937771677
2012-01-06 00:00:00,3354.496097060698
2012-01-08 00:00:00,3170.1482478134885
2012-01-09 00:00:00,3378.2088217125583
2012-01-10 00:00:00,2932.2178374785663
2012-01-11 00:00:00,2975.237099121529
2012-01-12 00:00:00,3264.8125647892175
2012-01-13 00:00:00,2769.7834923130813
2012-01-15 00:00:00,3215.464014499986
2012-01-16 00:00:00,2756.6912971736774
2012-01-17 00:00:00,2892.4642555246546
2012-01-18 00:00:00,3294.304864401811
2012-01-19 00:00:00,2875.6067687831514
2012-01-20 00:00:00,3070.146763876353
2012-01-22 00:00:00,3050.4104432592467
2012-01-23 00:00:00,3280.1905855774835
2012-01-24 00:00:00,3486.649301352998
2012-01-25 00:00:00,3278.460781535562
2012-01-26 00:00:00,3419.474834279069
2012-01-27 00:00:00,3584.3421319192416
2012-01-29 00:00:00,3513.1815213922696
2012-01-30 00:00:00,3556.522049955323
2012-01-31 00:00:00,3366.7563943957266
2012-02-01 00:00:00,3422.4205303882777
2012-02-02 00:00:00,3534.082683994087
2012-02-03 00:00:00,3166.6767632650076
2012-02-05 00:00:00,3290.88580607749
2012-02-06 00:00:00,2882.276331850718
2012-02-07 00:00:00,2548.5149720483173
2012-02-08 00:00:00,3021.9947075821387
2012-02-09 00:00:00,2579.023016668183
2012-02-10 00:00:00,2253.3192820525833
2012-02-12 00:00:00,2394.4182850416073
2012-02-13 00:00:00,2203.682324311956
2012-02-14 00:00:00,2825.603150478923
2012-02-15 00:00:00,2378.239107923557
2012-02-16 00:00:00,2434.1558297844913
2012-02-17 00:00:00,3055.2455279676615
2012-02-19 00:00:00,2859.075669533142
2012-02-20 00:00:00,3342.407247868988
2012-02-21 00:00:00,3066.5246584318215
2012-02-22 00:00:00,3139.82733665636
2012-02-23 00:00:00,3457.156029106228
2012-02-24 00:00:00,3204.877309923112
2012-02-26 00:00:00,3441.2622257159956
2012-02-27 00:00:00,3076.267694585232
2012-02-28 00:00:00,2882.02364003209
2012-02-29 00:00:00,3248.2585860076997
2012-03-01 00:00:00,3062.5512933693994
2012-03-02 00:00:00,2546.0828335913307
2012-03-04 00:00:00,2956.354427797538
2012-03-05 00:00:00,2329.2921886402287
2012-03-06 00:00:00,2690.8086098357376
2012-03-07 00:00:00,2837.8349067811423
2012-03-08 00:00:00,2140.5661867764734
2012-03-09 00:00:00,2713.2266792651603
2012-03-11 00:00:00,1993.139897415013
2012-03-12 00:00:00,2683.50078375158
2012-03-13 00:00:00,2026.3974742483265
2012-03-14 00:00:00,1901.2440191356022
2012-03-15 00:00:00,2536.7936212500204
2012-03-16 00:00:00,1805.926894335373
2012-03-18 00:00:00,2548.8782578730065
2012-03-19 00:00:00,1835.5966505969084
2012-03-20 00:00:00,1885.4550503452547
2012-03-21 00:00:00,2624.6519939719583
2012-03-22 00:00:00,2149.910154143519
2012-03-23 00:00:00,1946.0285505441877
2012-03-25 00:00:00,2674.5122757360487
2012-03-26 01:00:00,2233.5913206410355
2012-03-27 01:00:00,2782.74880620116
2012-03-28 01:00:00,3086.7771454509375
2012-03-29 01:00:00,2679.1774985431393
2012-03-30 01:00:00,2854.6433625605255
2012-04-01 01:00:00,2976.544142539669
2012-04-02 01:00:00,2950.92177001364
2012-04-03 01:00:00,3375.87938030037
2012-04-04 01:00:00,3044.3782964549514
2012-04-05 01:00:00,3112.5979757482496
2012-04-06 01:00:00,3397.4262348299785
2012-04-08 01:00:00,3326.0492351052
2012-04-09 01:00:00,3209.6259512321044
2012-04-10 01:00:00,2967.051950209221
2012-04-11 01:00:00,3367.3036443803417
2012-04-12 01:00:00,2957.599055543001
2012-04-13 01:00:00,2924.529633628566
2012-04-15 01:00:00,2807.448798186205
2012-04-16 01:00:00,2692.6504572478534
2012-04-17 01:00:00,3154.39541004511
2012-04-18 01:00:00,2805.58707988453
2012-04-19 01:00:00,2452.699722269189
2012-04-20 01:00:00,2909.7386953703726
2012-04-22 01:00:00,2381.28338424187
2012-04-23 01:00:00,2545.580849916428
2012-04-24 01:00:00,2988.5138398719573
2012-04-25 01:00:00,2586.6060236840012
2012-04-26 01:00:00,2366.519351366775
2012-04-27 01:00:00,2962.4883407496895
2012-04-29 01:00:00,2516.468870456667
2012-04-30 01:00:00,2975.6978794137844
2012-05-01 01:00:00,3153.312304794188
2012-05-02 01:00:00,2705.900713891016
2012-05-03 01:00:00,3187.4586743618775
2012-05-04 01:00:00,3131.3992594217893
2012-05-06 01:00:00,3332.228821504431
2012-05-07 01:00:00,2859.9693185866236
2012-05-08 01:00:00,3045.953458258734
2012-05-09 01:00:00,3126.472311363825
2012-05-10 01:00:00,2609.502977460051
2012-05-11 01:00:00,3064.7526503417907
2012-05-13 01:00:00,2264.337454885269
2012-05-14 01:00:00,2702.2040894165134
2012-05-15 01:00:00,2704.1546936627915
2012-05-16 01:00:00,2023.954774955934
2012-05-17 01:00:00,2232.6605201370385
2012-05-18 01:00:00,2795.744272407259
2012-05-20 01:00:00,2155.231363265931
2012-05-21 01:00:00,2807.5341470293665
2012-05-22 01:00:00,2890.7964537569665
2012-05-23 01:00:00,2480.352929080908
2012-05-24 01:00:00,2876.426951156447
2012-05-25 01:00:00,3274.24073831753
2012-05-27 01:00:00,3003.7685771116835
2012-05-28 01:00:00,3310.3592597763563
2012-05-29 01:00:00,2845.7527470677132
2012-05-30 01:00:00,3016.050451095969
2012-05-31 01:00:00,3212.8999278536935
2012-06-01 01:00:00,2622.046629945682
2012-06-03 01:00:00,2954.849321991779
2012-06-04 01:00:00,2544.8854463465054
2012-06-05 01:00:00,3163.182099081891
2012-06-06 01:00:00,2804.665200763106
2012-06-07 01:00:00,2798.484721098036
2012-06-08 01:00:00,3328.224044964262
2012-06-10 01:00:00,3081.760798544255
2012-06-11 01:00:00,3478.9806125718574
2012-06-12 01:00:00,3401.174374821671
2012-06-13 01:00:00,3258.5594222223576
2012-06-14 01:00:00,3485.7760149645846
2012-06-15 01:00:00,3576.7091308951876
2012-06-17 01:00:00,3501.11115173724
2012-06-18 01:00:00,3541.753031551859
2012-06-19 01:00:00,3490.970848882773
2012-06-20 01:00:00,3470.552517590585
2012-06-21 01:00:00,3599.919397803559
2012-06-22 01:00:00,3490.131259284858
2012-06-24 01:00:00,3547.3261356550884
2012-06-25 01:00:00,3460.709462145079
2012-06-26 01:00:00,3380.769542176182
2012-06-27 01:00:00,3541.3410972527904
2012-06-28 01:00:00,3458.29371371935
2012-06-29 01:00:00,3385.7024116793914
2012-07-01 01:00:00,3449.4083791805124
2012-07-02 01:00:00,3465.6357133058495
2012-07-03 01:00:00,3600.0
2012-07-04 01:00:00,3433.3838819678817
2012-07-05 01:00:00,3499.0463086965797
2012-07-06 01:00:00,3562.2699247386677
2012-07-08 01:00:00,3519.5852318205957
2012-07-09 01:00:00,3566.2844076212887
2012-07-10 01:00:00,3489.8080699786597
2012-07-11 01:00:00,3537.894259207085
2012-07-12 01:00:00,3551.8747623893864
2012-07-13 01:00:00,3469.404888175307
2012-07-15 01:00:00,3518.7003953572075
2012-07-16 01:00:00,3422.1837254385136
2012-07-17 01:00:00,3447.5328896039123
2012-07-18 01:00:00,3559.6518963439003
2012-07-19 01:00:00,3388.913780332478
2012-07-20 01:00:00,3360.732118617949
2012-07-22 01:00:00,3329.388217028606
2012-07-23 01:00:00,3198.2615511503154
2012-07-24 01:00:00,3467.7673520313424
2012-07-25 01:00:00,3134.7710863317716
2012-07-26 01:00:00,3031.8364068890637
2012-07-27 01:00:00,3360.895211088842
2012-07-29 01:00:00,2955.0315419002955
2012-07-30 01:00:00,3173.4517187865868
2012-07-31 01:00:00,2571.6060629473436
2012-08-01 01:00:00,2949.8233086616906
2012-08-02 01:00:00,2960.2185936649003
2012-08-03 01:00:00,2463.799664169321
2012-08-05 01:00:00,2953.3549581571033
2012-08-06 01:00:00,2486.876190557469
2012-08-07 01:00:00,2911.8808709451946
2012-08-08 01:00:00,3108.38490063292
2012-08-09 01:00:00,2617.131294148694
2012-08-10 01:00:00,2716.7162152881583
2012-08-12 01:00:00,2943.2611638332096
2012-08-13 01:00:00,2636.9576521247754
2012-08-14 01:00:00,3073.974422475207
2012-08-15 01:00:00,3133.2945261582936
2012-08-16 01:00:00,2686.4693175658267
2012-08-17 01:00:00,2998.078691857994
2012-08-19 01:00:00,2814.5087827287707
2012-08-20 01:00:00,3097.915021953492
2012-08-21 01:00:00,3327.4730787129856
2012-08-22 01:00:00,2988.528280456505
2012-08-23 01:00:00,3331.6190748195104
2012-08-24 01:00:00,3433.4077054092195
2012-08-26 01:00:00,3499.0657547324936
2012-08-27 01:00:00,3426.5950067187828
2012-08-28 01:00:00,3389.8825797168442
2012-08-29 01:00:00,3561.308881170251
2012-08-30 01:00:00,3409.3056517145887
2012-08-31 01:00:00,3464.3035595605575
2012-09-02 01:00:00,3152.1644172280644
2012-09-03 01:00:00,3173.2658810836087
2012-09-04 01:00:00,3325.637972156775
2012-09-05 01:00:00,2942.817961996955
2012-09-06 01:00:00,2808.33735704711
2012-09-07 01:00:00,3202.839114252335
2012-09-09 01:00:00,2700.315024325559
2012-09-10 01:00:00,2885.35424419227
2012-09-11 01:00:00,3240.3337032111335
2012-09-12 01:00:00,2892.1741557212226
2012-09-13 01:00:00,2837.2611600012447
2012-09-14 01:00:00,3310.0671172226357
2012-09-16 01:00:00,3137.6915720214433
2012-09-17 01:00:00,3469.9913137737735
2012-09-18 01:00:00,3369.662458157205
2012-09-19 01:00:00,3454.6990658951663
2012-09-20 01:00:00,3578.3513040449284
2012-09-21 01:00:00,3476.2595335062474
2012-09-23 01:00:00,3412.4706220734465
2012-09-24 01:00:00,3315.9997386500663
2012-09-25 01:00:00,3423.637623490997
2012-09-26 01:00:00,3078.927328363962
2012-09-27 01:00:00,3065.4333544641736
2012-09-28 01:00:00,3323.9564630835125
2012-09-30 01:00:00,2936.90685895552
2012-10-01 01:00:00,3281.845522803889
2012-10-02 01:00:00,3037.7882158234465
2012-10-03 01:00:00,2719.61318086407
2012-10-04 01:00:00,3089.6003907294557
2012-10-05 01:00:00,3148.205399073844
2012-10-07 01:00:00,2730.188526008197
2012-10-08 01:00:00,3179.7568138334423
2012-10-09 01:00:00,2920.1439761597903
2012-10-10 01:00:00,2729.3628411113805
2012-10-11 01:00:00,3202.526886814824
2012-10-12 01:00:00,3074.5313152407302
2012-10-14 01:00:00,3201.6620176807105
2012-10-15 01:00:00,2975.705381425026
2012-10-16 01:00:00,2805.2536043106525
2012-10-17 01:00:00,3290.4140031693437
2012-10-18 01:00:00,2891.602571647871
2012-10-19 01:00:00,3044.7504223032306
2012-10-21 01:00:00,2872.0352787280026
2012-10-22 01:00:00,3180.5536478208005
2012-10-23 01:00:00,3327.957636433138
2012-10-24 01:00:00,2949.4772187945773
2012-10-25 01:00:00,3268.43065480627
2012-10-26 01:00:00,3434.575372167173
2012-10-28 01:00:00,3306.3076377989996
2012-10-29 00:00:00,3524.1877202507862
2012-10-30 00:00:00,3318.3514237806803
2012-10-31 00:00:00,3290.0296679051867
2012-11-01 00:00:00,3543.775699478291
2012-11-02 00:00:00,3459.3755937200053
2012-11-04 00:00:00,3512.4009971972955
2012-11-05 00:00:00,3510.225816819067
2012-11-06 00:00:00,3336.894729043124
2012-11-07 00:00:00,3477.4706516351166
2012-11-08 00:00:00,3511.3692655366885
2012-11-09 00:00:00,3236.435220796448
2012-11-11 00:00:00,3392.9080690336814
2012-11-12 00:00:00,3039.083144496184
2012-11-13 00:00:00,3411.711880437186
2012-11-14 00:00:00,3128.031060234178
2012-11-15 00:00:00,3095.5588428358874
2012-11-16 00:00:00,3405.995349324449
2012-11-18 00:00:00,3332.500228609907
2012-11-19 00:00:00,3386.8675393308736
2012-11-20 00:00:00,3122.415212038173
2012-11-21 00:00:00,3440.2420885004826
2012-11-22 00:00:00,3502.9550404658567
2012-11-23 00:00:00,3345.1058541511807
2012-11-25 00:00:00,3599.401733602594
2012-11-26 00:00:00,3460.1740119714577
2012-11-27 00:00:00,3485.2837546740143
2012-11-28 00:00:00,3585.5303550012122
2012-11-29 00:00:00,3507.639756525758
2012-11-30 00:00:00,3469.889195312675
2012-12-02 00:00:00,3538.025693743671
2012-12-03 00:00:00,3410.165895392217
2012-12-04 00:00:00,3548.7618570979726
2012-12-05 00:00:00,3565.366106055349
2012-12-06 00:00:00,3320.982223504094
2012-12-07 00:00:00,3407.73162686196
2012-12-09 00:00:00,3234.916725678775
2012-12-10 00:00:00,3314.618607294653
2012-12-11 00:00:00,3480.6122124441913
2012-12-12 00:00:00,3096.771886336762
2012-12-13 00:00:00,3345.3543778095573
2012-12-14 00:00:00,3358.3353707315628
2012-12-16 00:00:00,3379.289616509103
2012-12-17 00:00:00,3275.741640640109
2012-12-18 00:00:00,3011.0625954936627
2012-12-19 00:00:00,3361.4933592728253
2012-12-20 00:00:00,3336.3388458656386
2012-12-21 00:00:00,3058.7285835177913
2012-12-23 00:00:00,3466.2236512195905
2012-12-24 00:00:00,3228.231464681135
2012-12-26 00:00:00,3390.250558216852
2012-12-27 00:00:00,3521.3787977780166
2012-12-28 00:00:00,3299.950962714497
2012-12-30 00:00:00,3523.8523481804805
2012-12-31 00:00:00,3539.906308047818
2013-01-01 00:00:00,3359.4691214639342
2013-01-02 00:00:00,3439.5581682082284
2013-01-03 00:00:00,3591.614831772107
2013-01-04 00:00:00,3459.403391545499
2013-01-06 00:00:00,3548.7779731334595
2013-01-07 00:00:00,3514.7600696748023
2013-01-08 00:00:00,3384.1213958779667
2013-01-09 00:00:00,3548.8427876740966
2013-01-10 00:00:00,3552.4588055409786
2013-01-11 00:00:00,3398.148611873724
2013-01-13 00:00:00,3506.806524051268
2013-01-14 00:00:00,3356.7008506090156
2013-01-15 00:00:00,3548.736358425795
2013-01-16 00:00:00,3522.8465741282444
2013-01-17 00:00:00,3383.155245874986
2013-01-18 00:00:00,3532.8848041488536
2013-01-20 00:00:00,3426.097170656806
2013-01-21 00:00:00,3444.9943135803983
2013-01-22 00:00:00,3597.9976012242587
2013-01-23 00:00:00,3489.6363217927146
2013-01-24 00:00:00,3405.0886736767243
2013-01-25 00:00:00,3550.103362325728
2013-01-27 00:00:00,3331.7652746047033
2013-01-28 00:00:00,3450.4979051789132
2013-01-29 00:00:00,3567.5293869539846
2013-01-30 00:00:00,3331.220062545946
2013-01-31 00:00:00,3309.840918596491
2013-02-01 00:00:00,3555.9832609853
2013-02-03 00:00:00,3220.9131782444974
2013-02-04 00:00:00,3505.9388072134348
2013-02-05 00:00:00,3290.6578128545348
2013-02-06 00:00:00,3188.2162670658695
2013-02-07 00:00:00,3494.3627512812277
2013-02-08 00:00:00,3280.9591849385183
2013-02-10 00:00:00,3554.7021010973663
2013-02-11 00:00:00,3363.942817529297
2013-02-12 00:00:00,3383.5212773829803
2013-02-13 00:00:00,3586.219263306976
2013-02-14 00:00:00,3446.341280170779
2013-02-15 00:00:00,3383.802118428877
2013-02-17 00:00:00,3543.0852167056123
2013-02-18 00:00:00,3464.470416165546
2013-02-19 00:00:00,3532.3887662246443
2013-02-20 00:00:00,3589.9960096896966
2013-02-21 00:00:00,3538.3361682982118
2013-02-22 00:00:00,3507.947444298928
2013-02-24 00:00:00,3542.9532920595366
2013-02-25 00:00:00,3521.8137161450195
2013-02-26 00:00:00,3569.058080074716
2013-02-27 00:00:00,3476.902322415602
2013-02-28 00:00:00,3434.651283564346
2013-03-01 00:00:00,3550.8908573296244
2013-03-03 00:00:00,3433.1663380601176
2013-03-04 00:00:00,3600.0
2013-03-05 00:00:00,3420.916737978244
2013-03-06 00:00:00,3449.255483273631
2013-03-07 00:00:00,3556.57393085664
2013-03-08 00:00:00,3396.0992152157196
2013-03-10 00:00:00,3572.031575207862
2013-03-11 00:00:00,3489.478427616373
2013-03-12 00:00:00,3600.0
2013-03-13 00:00:00,3509.800937844277
2013-03-14 00:00:00,3497.030238689723
2013-03-15 00:00:00,3544.7475672576375
2013-03-17 00:00:00,3460.3232392863692
2013-03-18 00:00:00,3573.125306279891
2013-03-19 00:00:00,3416.1359486712327
2013-03-20 00:00:00,3304.090430332835
2013-03-21 00:00:00,3499.694751781518
2013-03-22 00:00:00,3439.056546344044
2013-03-24 00:00:00,3339.8548170808126
2013-03-25 00:00:00,3441.493100674332
2013-03-26 00:00:00,3069.8061194865527
2013-03-27 00:00:00,3220.726187862668
2013-03-28 00:00:00,3406.4103925685786
2013-03-31 00:00:00,3403.1873935190392
2013-04-01 01:00:00,3031.425384773852
2013-04-02 01:00:00,3301.389305915186
2013-04-03 01:00:00,3365.106651008785
2013-04-04 01:00:00,3074.215362946788
2013-04-05 01:00:00,3351.8523465125522
2013-04-07 01:00:00,3199.687616845794
2013-04-08 01:00:00,3396.1359096935093
2013-04-09 01:00:00,3554.591619207147
2013-04-10 01:00:00,3441.452448350489
2013-04-11 01:00:00,3482.470057383947
2013-04-12 01:00:00,3562.990871968842
2013-04-14 01:00:00,3510.3416495339175
2013-04-15 01:00:00,3518.1130443196926
2013-04-16 01:00:00,3530.561521069392
2013-04-17 01:00:00,3583.6508352020487
2013-04-18 01:00:00,3507.433163623157
2013-04-19 01:00:00,3432.0139643627226
2013-04-21 01:00:00,3587.3174325545788
2013-04-22 01:00:00,3387.682644332373
2013-04-23 01:00:00,3449.4695551560494
2013-04-24 01:00:00,3554.664917936712
2013-04-25 01:00:00,3323.81948160116
2013-04-26 01:00:00,3446.4757343827164
2013-04-28 01:00:00,3347.1147102895898
2013-04-29 01:00:00,3538.7214962635053
2013-04-30 01:00:00,3395.91173316783
2013-05-01 01:00:00,3338.9281145434547
2013-05-02 01:00:00,3537.260151614405
2013-05-03 01:00:00,3228.6909829216215
2013-05-05 01:00:00,3398.168099628995
2013-05-06 01:00:00,2977.139011971863
2013-05-07 01:00:00,2892.1707184232077
2013-05-08 01:00:00,3266.083913995497
2013-05-09 01:00:00,3131.9431158023594
2013-05-10 01:00:00,2805.1575197473603
2013-05-12 01:00:00,3306.5856136790208
2013-05-13 01:00:00,2949.4393004252274
2013-05-14 01:00:00,2932.1265713322696
2013-05-15 01:00:00,3375.238333271698
2013-05-16 01:00:00,3317.15101727504
2013-05-17 01:00:00,3172.6004717904157
2013-05-19 01:00:00,3446.801787861961
2013-05-20 01:00:00,3270.039976173203
2013-05-21 01:00:00,3511.885738391693
2013-05-22 01:00:00,3370.209007079052
2013-05-23 01:00:00,3167.8233582376392
2013-05-24 01:00:00,3360.938302218391
2013-05-26 01:00:00,2834.174674241286
2013-05-27 01:00:00,3029.7198044446714
2013-05-28 01:00:00,2473.1683448223375
2013-05-29 01:00:00,2911.4341664620074
2013-05-30 01:00:00,2897.0130589459154
2013-05-31 01:00:00,2350.914021068434
2013-06-02 01:00:00,2905.3592302640736
2013-06-03 01:00:00,2354.1791151805855
2013-06-04 01:00:00,2684.070181227524
2013-06-05 01:00:00,3104.099367430866
2013-06-06 01:00:00,2694.507034863911
2013-06-07 01:00:00,2667.129278008733
2013-06-09 01:00:00,3176.3668279104495
2013-06-10 01:00:00,2891.9118733326604
2013-06-11 01:00:00,3193.6297647678657
2013-06-12 01:00:00,3469.15053167641
2013-06-13 01:00:00,3285.056539913418
2013-06-14 01:00:00,3300.6331546189235
2013-06-16 01:00:00,3473.0799997294384
2013-06-17 01:00:00,3448.543725059917
2013-06-18 01:00:00,3554.2820429054204
2013-06-19 01:00:00,3485.7166840685836
2013-06-20 01:00:00,3564.9995614205814
2013-06-21 01:00:00,3544.298104949033
2013-06-23 01:00:00,3582.139932738849
2013-06-24 01:00:00,3309.2338372320623
2013-06-25 01:00:00,3399.933727309251
2013-06-26 01:00:00,3406.16035234675
2013-06-27 01:00:00,3050.0812116567026
2013-06-28 01:00:00,3334.7784175045726
2013-06-30 01:00:00,2888.2191907505753
2013-07-01 01:00:00,3173.2832629186796
2013-07-02 01:00:00,3275.149215714867
2013-07-03 01:00:00,2829.91769741927
2013-07-04 01:00:00,2821.8506094328004
2013-07-05 01:00:00,3201.1038423409773
2013-07-07 01:00:00,2542.723694091795
2013-07-08 01:00:00,2845.1285918135254
2013-07-09 01:00:00,3107.4237977539146
2013-07-10 01:00:00,2590.4923292666317
2013-07-11 01:00:00,2529.4856203023833
2013-07-12 01:00:00,3013.353179573371
2013-07-14 01:00:00,2369.9100146173305
2013-07-15 01:00:00,2870.409129743649
2013-07-16 01:00:00,2841.5898525327825
2013-07-17 01:00:00,2309.564281403297
2013-07-18 01:00:00,2855.701808228727
2013-07-19 01:00:00,2825.8604062529935
2013-07-21 01:00:00,3139.208154630571
2013-07-22 01:00:00,2776.804725683688
2013-07-23 01:00:00,2874.261946362324
2013-07-24 01:00:00,3215.21750936887
2013-07-25 01:00:00,2841.5989629602477
2013-07-26 01:00:00,3240.5730307956233
2013-07-28 01:00:00,3033.3827613484877
2013-07-29 01:00:00,3304.3419469395462
2013-07-30 01:00:00,3379.7130891075662
2013-07-31 01:00:00,3101.311777572
2013-08-01 01:00:00,3288.238344154145
2013-08-02 01:00:00,3523.305491123493
2013-08-04 01:00:00,3310.981280363675
2013-08-05 01:00:00,3554.350594796339
2013-08-06 01:00:00,3370.4985137071862
2013-08-07 01:00:00,3139.169173960361
2013-08-08 01:00:00,3370.2384716427164
2013-08-09 01:00:00,3265.186796190042
2013-08-11 01:00:00,3198.5725364523505
2013-08-12 01:00:00,3249.126487893346
2013-08-13 01:00:00,2831.775779973098
2013-08-14 01:00:00,3104.945907416276
2013-08-15 01:00:00,3265.8841425473556
2013-08-16 01:00:00,2810.80494398241
2013-08-18 01:00:00,3310.3039892914753
2013-08-19 01:00:00,3003.683444180517
2013-08-20 01:00:00,3369.9096016686244
2013-08-21 01:00:00,3344.753816942299
2013-08-22 01:00:00,3195.0456461048498
2013-08-23 01:00:00,3468.909918391766
2013-08-25 01:00:00,3465.5485613507863
2013-08-26 01:00:00,3527.1558712987694
2013-08-27 01:00:00,3512.3062038021176
2013-08-28 01:00:00,3555.868923022559
2013-08-29 01:00:00,3473.3241739647174
2013-08-30 01:00:00,3285.633729373935
2013-09-01 01:00:00,3470.6134887117073
2013-09-02 01:00:00,3150.4947080569664
2013-09-03 01:00:00,2969.6020851653316
2013-09-04 01:00:00,3282.701126474115
2013-09-05 01:00:00,3241.448993843583
2013-09-06 01:00:00,2862.674333848314
2013-09-08 01:00:00,3318.224346176161
2013-09-09 01:00:00,2878.778560922976
2013-09-10 01:00:00,3031.1984328382227
2013-09-11 01:00:00,3292.8618116092016
2013-09-12 01:00:00,2845.978607185211
2013-09-13 01:00:00,3041.915311115401
2013-09-15 01:00:00,2944.791092350638
2013-09-16 01:00:00,3305.0572314677365
2013-09-17 01:00:00,3388.9647973592705
2013-09-18 01:00:00,3150.6339108606403
2013-09-19 01:00:00,3487.0630303255807
2013-09-20 01:00:00,3387.633122308829
2013-09-22 01:00:00,3508.588598242863
2013-09-23 01:00:00,3429.8567682994317
2013-09-24 01:00:00,3227.8715643683954
2013-09-25 01:00:00,3439.774117152045
2013-09-26 01:00:00,3501.288457451054
2013-09-27 01:00:00,3278.4142826600505
2013-09-29 01:00:00,3554.6322983515697
2013-09-30 01:00:00,3416.8136053739286
2013-10-01 01:00:00,3297.5120134465574
2013-10-02 01:00:00,3536.3542706198646
2013-10-03 01:00:00,3506.5928568206505
2013-10-04 01:00:00,3355.5763627706892
2013-10-06 01:00:00,3555.5535822247416
2013-10-07 01:00:00,3403.872715277203
2013-10-08 01:00:00,3548.1519354354255
2013-10-09 01:00:00,3558.605755124999
2013-10-10 01:00:00,3409.496869852963
2013-10-11 01:00:00,3547.312289634559
2013-10-13 01:00:00,3438.740676787563
2013-10-14 01:00:00,3548.2407747263437
2013-10-15 01:00:00,3500.801608337116
2013-10-16 01:00:00,3462.7754446805493
2013-10-17 01:00:00,3570.9875655711494
2013-10-18 01:00:00,3511.2170687741177
2013-10-20 01:00:00,3561.1867958378384
2013-10-21 01:00:00,3526.9222387040013
2013-10-22 01:00:00,3442.3221644479395
2013-10-23 01:00:00,3541.3677330962846
2013-10-24 01:00:00,3580.8116063261095
2013-10-25 01:00:00,3436.797203763323
2013-10-27 01:00:00,3576.1144673569097
2013-10-28 00:00:00,3439.9899446273425
2013-10-29 00:00:00,3313.519682957549
2013-10-30 00:00:00,3417.918675614477
2013-10-31 00:00:00,3428.5191214894703
2013-11-01 00:00:00,3387.2398321453793
2013-11-03 00:00:00,3506.3783117007247
2013-11-04 00:00:00,3505.234328170133
2013-11-05 00:00:00,3489.787170741002
2013-11-06 00:00:00,3507.6678715546045
2013-11-07 00:00:00,3539.0054345447543
2013-11-08 00:00:00,3463.476721933753
2013-11-10 00:00:00,3471.4270675203115
2013-11-11 00:00:00,3334.71165441933
2013-11-12 00:00:00,3513.843836135349
2013-11-13 00:00:00,3371.69568452166
2013-11-14 00:00:00,3248.7480688436567
2013-11-15 00:00:00,3465.386504031365
2013-11-17 00:00:00,3228.060835690893
2013-11-18 00:00:00,3458.6896618754654
2013-11-19 00:00:00,3550.3433685351492
2013-11-20 00:00:00,3362.263407671923
2013-11-21 00:00:00,3393.0332881710783
2013-11-22 00:00:00,3564.790809206988
2013-11-24 00:00:00,3337.9000139041495
2013-11-25 00:00:00,3457.0768750765164
2013-11-26 00:00:00,3538.6403551875715
2013-11-27 00:00:00,3454.057850776382
2013-11-28 00:00:00,3512.187839775983
2013-11-29 00:00:00,3600.0
2013-12-01 00:00:00,3538.3024758927777
2013-12-02 00:00:00,3553.106250508013
2013-12-03 00:00:00,3436.7268021233863
2013-12-04 00:00:00,3512.4408963975015
2013-12-05 00:00:00,3435.7495089734894
2013-12-06 00:00:00,3366.8560042367553
2013-12-08 00:00:00,3424.3749288400973
2013-12-09 00:00:00,3400.255524735187
2013-12-10 00:00:00,3600.0
2013-12-11 00:00:00,3431.3878258769946
2013-12-12 00:00:00,3304.93882356936
2013-12-13 00:00:00,3518.1567485807723
2013-12-15 00:00:00,3180.251688896366
2013-12-16 00:00:00,3315.3491491249683
2013-12-17 00:00:00,3477.397947790115
2013-12-18 00:00:00,3273.8884549858394
2013-12-19 00:00:00,3182.4896589274585
2013-12-20 00:00:00,3437.9671644629784
2013-12-22 00:00:00,3213.156679114561
2013-12-23 00:00:00,3272.8324657740363
2013-12-24 00:00:00,3485.81278877743
2013-12-26 00:00:00,3309.3091388905423
2013-12-27 00:00:00,3498.345983624641
2013-12-29 00:00:00,3432.5696334572226
2013-12-30 00:00:00,3496.8812673070997
2013-12-31 00:00:00,3523.7818975648834
2014-01-01 00:00:00,3497.3388322293654
2014-01-02 00:00:00,3484.522676077539
2014-01-03 00:00:00,3586.3859602226394
2014-01-05 00:00:00,3430.6175541133357
2014-01-06 00:00:00,3599.9792300318986
2014-01-07 00:00:00,3442.7156168909005
2014-01-08 00:00:00,3374.2061486608804
2014-01-09 00:00:00,3569.71803503546
2014-01-10 00:00:00,3478.8066084337356
2014-01-12 00:00:00,3551.7235537279826
2014-01-13 00:00:00,3521.504337832017
2014-01-14 00:00:00,3431.2185335313247
2014-01-15 00:00:00,3529.731780513919
2014-01-16 00:00:00,3509.3113115005913
2014-01-17 00:00:00,3459.5189378176087
2014-01-19 00:00:00,3468.8625983393936
2014-01-20 00:00:00,3241.35426606783
2014-01-21 00:00:00,3387.102886466283
2014-01-22 00:00:00,3469.1607698859366
2014-01-23 00:00:00,3081.9872786981655
2014-01-24 00:00:00,3134.3777181932865
2014-01-26 00:00:00,3045.819619447317
2014-01-27 00:00:00,3058.3146320828296
2014-01-28 00:00:00,3387.739737905531
2014-01-29 00:00:00,2945.8756038613315
2014-01-30 00:00:00,3176.1578277904327
2014-01-31 00:00:00,3282.996034763798
2014-02-02 00:00:00,3370.056775883353
2014-02-03 00:00:00,3204.3064388530147
2014-02-04 00:00:00,3001.167104191366
2014-02-05 00:00:00,3406.5936417165226
2014-02-06 00:00:00,3196.6084281884105
2014-02-07 00:00:00,2953.9315485232232
2014-02-09 00:00:00,3272.8855500470727
2014-02-10 00:00:00,2857.422662635741
2014-02-11 00:00:00,3071.417900882491
2014-02-12 00:00:00,3300.9891212529287
2014-02-13 00:00:00,2849.8451644777865
2014-02-14 00:00:00,2824.5753149522425
2014-02-16 00:00:00,2958.589894871557
2014-02-17 00:00:00,2715.2086717368375
2014-02-18 00:00:00,3198.500618048989
2014-02-19 00:00:00,3148.1002130767783
2014-02-20 00:00:00,2806.9903450498987
2014-02-21 00:00:00,3220.794367101411
2014-02-23 00:00:00,2982.170718851468
2014-02-24 00:00:00,3340.026278302391
2014-02-25 00:00:00,3368.233283073257
2014-02-26 00:00:00,3097.454982351031
2014-02-27 00:00:00,3464.830127445887
2014-02-28 00:00:00,3302.9415207467623
2014-03-02 00:00:00,3527.591246598474
2014-03-03 00:00:00,3254.968189657695
2014-03-04 00:00:00,3347.019127719729
2014-03-05 00:00:00,3517.8862489528
2014-03-06 00:00:00,3279.1056275368464
2014-03-07 00:00:00,3367.776044564396
2014-03-09 00:00:00,3364.7304964624414
2014-03-10 00:00:00,3334.344889163092
2014-03-11 00:00:00,3553.8311600394877
2014-03-12 00:00:00,3455.227564904489
2014-03-13 00:00:00,3292.098582007932
2014-03-14 00:00:00,3486.3140892271913
2014-03-16 00:00:00,3262.2466106800457
2014-03-17 00:00:00,3384.6836507555076
2014-03-18 00:00:00,3525.9491147180233
2014-03-19 00:00:00,3299.451223727016
2014-03-20 00:00:00,3364.6428590888663
2014-03-21 00:00:00,3552.546588483425
2014-03-23 00:00:00,3390.053734162731
2014-03-24 00:00:00,3547.113256351592
2014-03-25 00:00:00,3372.6105684017007
2014-03-26 00:00:00,3460.124242032163
2014-03-27 00:00:00,3555.6537345958845
2014-03-28 00:00:00,3464.4038532747186
2014-03-30 00:00:00,3476.446490299984
2014-03-31 01:00:00,3442.090292703178
2014-04-01 01:00:00,3547.2263140187692
2014-04-02 01:00:00,3428.8615089559776
2014-04-03 01:00:00,3481.0676601613104
2014-04-04 01:00:00,3600.0
2014-04-06 01:00:00,3394.7009810699906
2014-04-07 01:00:00,3555.0569439946375
2014-04-08 01:00:00,3504.9986510259187
2014-04-09 01:00:00,3327.4956649251217
2014-04-10 01:00:00,3417.3612243110424
2014-04-11 01:00:00,3536.956227834725
2014-04-13 01:00:00,3320.5299027069264
2014-04-14 01:00:00,3511.323516801018
2014-04-15 01:00:00,3532.1407296736293
2014-04-16 01:00:00,3275.8112432667795
2014-04-17 01:00:00,3338.2419573849656
2014-04-20 01:00:00,3215.3381207621755
2014-04-21 01:00:00,3498.5594081376516
2014-04-22 01:00:00,3219.9094899249826
2014-04-23 01:00:00,3121.364627326102
2014-04-24 01:00:00,3425.7750854686515
2014-04-25 01:00:00,3258.415229777172
2014-04-27 01:00:00,3533.1916604537373
2014-04-28 01:00:00,3454.8692720465397
2014-04-29 01:00:00,3377.8652898536266
2014-04-30 01:00:00,3558.0661619425014
2014-05-01 01:00:00,3551.878119060981
2014-05-02 01:00:00,3531.7185360513504
2014-05-04 01:00:00,3426.4290874607696
2014-05-05 01:00:00,3374.7533501761154
2014-05-06 01:00:00,3382.087121412499
2014-05-07 01:00:00,3282.1841211604583
2014-05-08 01:00:00,3309.329634690184
2014-05-09 01:00:00,3521.936390579678
2014-05-11 01:00:00,3241.4069868599904
2014-05-12 01:00:00,3421.369360736222
2014-05-13 01:00:00,3453.0477235729636
2014-05-14 01:00:00,3227.7485743344573
2014-05-15 01:00:00,3424.867986706022
2014-05-16 01:00:00,3426.368464000941
2014-05-18 01:00:00,3414.0258360776875
2014-05-19 01:00:00,3274.2729340593673
2014-05-20 01:00:00,3167.9183581350444
2014-05-21 01:00:00,3391.933520659422
2014-05-22 01:00:00,3211.75942097301
2014-05-23 01:00:00,3247.4296037948966
2014-05-25 01:00:00,3230.02427022353
2014-05-26 01:00:00,3247.570699353874
2014-05-27 01:00:00,3436.6465877564815
2014-05-28 01:00:00,3243.6670242512605
2014-05-29 01:00:00,3186.9604220496235
2014-05-30 01:00:00,3415.915458448609
2014-06-01 01:00:00,3271.7784782708586
2014-06-02 01:00:00,3461.515288968865
2014-06-03 01:00:00,3550.3796823102402
2014-06-04 01:00:00,3432.9603606779956
2014-06-05 01:00:00,3459.27819696832
2014-06-06 01:00:00,3514.195484009785
2014-06-08 01:00:00,3384.1224922832894
2014-06-09 01:00:00,3423.144671740586
2014-06-10 01:00:00,3407.36123081228
2014-06-11 01:00:00,3469.683121257009
2014-06-12 01:00:00,3480.8412099711763
2014-06-13 01:00:00,3501.264710059703
2014-06-15 01:00:00,3434.6236351602743
2014-06-16 01:00:00,3497.014436436374
2014-06-17 01:00:00,3534.9795460495257
2014-06-18 01:00:00,3456.53738979868
2014-06-19 01:00:00,3535.3464836218213
2014-06-20 01:00:00,3484.8919294003845
2014-06-22 01:00:00,3509.5838712049317
2014-06-23 01:00:00,3532.5508248128835
2014-06-24 01:00:00,3557.622357578942
2014-06-25 01:00:00,3533.6128311838206
2014-06-26 01:00:00,3561.2896779427133
2014-06-27 01:00:00,3600.0
2014-06-29 01:00:00,3444.6529455747545
2014-06-30 01:00:00,3540.32965547393
2014-07-01 01:00:00,3553.8166307976458
2014-07-02 01:00:00,3368.0782427107465
2014-07-03 01:00:00,3320.307341999225
2014-07-04 01:00:00,3504.916673180943
2014-07-06 01:00:00,3242.386819788161
2014-07-07 01:00:00,3416.4199995480444
2014-07-08 01:00:00,3491.1040381986013
2014-07-09 01:00:00,3152.9274844558227
2014-07-10 01:00:00,3268.724112077525
2014-07-11 01:00:00,3381.0162554802405
2014-07-13 01:00:00,3302.103636716147
2014-07-14 01:00:00,3316.71772949798
2014-07-15 01:00:00,3043.506413442873
2014-07-16 01:00:00,3390.063563177263
2014-07-17 01:00:00,3247.1317108219323
2014-07-18 01:00:00,2999.0615890485283
2014-07-20 01:00:00,3321.155434059249
2014-07-21 01:00:00,3062.508646110704
2014-07-22 01:00:00,3298.195264011608
2014-07-23 01:00:00,3486.0585887247366
2014-07-24 01:00:00,3188.9953564083535
2014-07-25 01:00:00,3211.0667325536406
2014-07-27 01:00:00,3445.723649770978
2014-07-28 01:00:00,3337.2868038371057
2014-07-29 01:00:00,3495.9358374912713
2014-07-30 01:00:00,3531.640973646694
2014-07-31 01:00:00,3371.532936760901
2014-08-01 01:00:00,3418.683399726707
2014-08-03 01:00:00,3296.1963272418425
2014-08-04 01:00:00,3371.7877058847193
2014-08-05 01:00:00,3499.925009835214
2014-08-06 01:00:00,3258.3919688524425
2014-08-07 01:00:00,3317.729840852404
2014-08-08 01:00:00,3512.348750690965
2014-08-10 01:00:00,3395.7494727911653
2014-08-11 01:00:00,3471.480449039227
2014-08-12 01:00:00,3312.4227792483384
2014-08-13 01:00:00,3529.678484891843
2014-08-14 01:00:00,3456.666091069328
2014-08-15 01:00:00,3436.645445100472
2014-08-17 01:00:00,3451.237496252298
2014-08-18 01:00:00,3494.123206947719
2014-08-19 01:00:00,3598.382189699326
2014-08-20 01:00:00,3409.2638472251183
2014-08-21 01:00:00,3323.599511813332
2014-08-22 01:00:00,3465.6593381461694
2014-08-24 01:00:00,3104.2781181930995
2014-08-25 01:00:00,3292.7124609698158
2014-08-26 01:00:00,3456.247470282572
2014-08-27 01:00:00,3161.5453727962376
2014-08-28 01:00:00,3131.206495421746
2014-08-29 01:00:00,3430.801586629516
2014-08-31 01:00:00,3056.722585876514
2014-09-01 01:00:00,3311.5022518418646
2014-09-02 01:00:00,3469.6560722820036
2014-09-03 01:00:00,3240.091852935191
2014-09-04 01:00:00,3364.3513909391795
2014-09-05 01:00:00,3539.0573027705373
2014-09-07 01:00:00,3488.538153806633
2014-09-08 01:00:00,3545.2960837415803
2014-09-09 01:00:00,3437.600693987223
2014-09-10 01:00:00,3444.2571223120535
2014-09-11 01:00:00,3546.9646507250077
2014-09-12 01:00:00,3422.806514875071
2014-09-14 01:00:00,3396.7641880240135
2014-09-15 01:00:00,3302.3797339582593
2014-09-16 01:00:00,2969.2482609204967
2014-09-17 01:00:00,3037.7142004319608
2014-09-18 01:00:00,3274.7031196710773
2014-09-19 01:00:00,3022.8344402947682
2014-09-21 01:00:00,3159.0465249948875
2014-09-22 01:00:00,3222.638709905682
2014-09-23 01:00:00,2706.9013525687537
2014-09-24 01:00:00,2755.3131196764266
2014-09-25 01:00:00,3104.8409362559596
2014-09-26 01:00:00,2807.320358775289
2014-09-28 01:00:00,3064.5263092473715
2014-09-29 01:00:00,3036.6701551266087
2014-09-30 01:00:00,2635.411495472002
2014-10-01 01:00:00,3066.7704890080404
2014-10-02 01:00:00,3088.338960829585
2014-10-03 01:00:00,2684.4242464577414
2014-10-05 01:00:00,3066.269169522198
2014-10-06 01:00:00,2924.085971235425
2014-10-07 01:00:00,3391.3448671906413
2014-10-08 01:00:00,3130.665518851932
2014-10-09 01:00:00,3232.6850684333835
2014-10-10 01:00:00,3490.973677657809
2014-10-12 01:00:00,3463.360448485159
2014-10-13 01:00:00,3550.011278485648
2014-10-14 01:00:00,3390.293482728211
2014-10-15 01:00:00,3503.386956115337
2014-10-16 01:00:00,3563.0303152131014
2014-10-17 01:00:00,3387.9821934725833
2014-10-19 01:00:00,3522.1529471842105
2014-10-20 01:00:00,3455.732947388377
2014-10-21 01:00:00,3459.461067616745
2014-10-22 01:00:00,3561.179344308822
2014-10-23 01:00:00,3554.6753941257098
2014-10-24 01:00:00,3494.0549784530567
2014-10-26 01:00:00,3566.8414869609583
2014-10-27 00:00:00,3529.89762526768
2014-10-28 00:00:00,3521.82374309322
2014-10-29 00:00:00,3575.1947250966714
2014-10-30 00:00:00,3568.292871476261
2014-10-31 00:00:00,3576.0110022815234
2014-11-02 00:00:00,3591.8978370031973
2014-11-03 00:00:00,3588.3222959478044
2014-11-04 00:00:00,3540.3646329218145
2014-11-05 00:00:00,3588.7975507988845
2014-11-06 00:00:00,3588.301411097191
2014-11-07 00:00:00,3491.8057437603834
2014-11-09 00:00:00,3596.759105941535
2014-11-10 00:00:00,3453.8051070914416
2014-11-11 00:00:00,3523.0218389905685
2014-11-12 00:00:00,3590.853677490087
2014-11-13 00:00:00,3425.9624121520296
2014-11-14 00:00:00,3428.692278566892
2014-11-16 00:00:00,3481.096925848167
2014-11-17 00:00:00,3367.376507655778
2014-11-18 00:00:00,3526.861974022734
2014-11-19 00:00:00,3560.360102840658
2014-11-20 00:00:00,3357.5687205476565
2014-11-21 00:00:00,3463.4171591233758
2014-11-23 00:00:00,3286.8081145004926
2014-11-24 00:00:00,3398.9789775496224
2014-11-25 00:00:00,3466.8771587909555
2014-11-26 00:00:00,3091.195484117408
2014-11-27 00:00:00,3261.182560234737
2014-11-28 00:00:00,3287.016360014215
2014-11-30 00:00:00,3328.239357664436
2014-12-01 00:00:00,3345.8351695184747
2014-12-02 00:00:00,3040.3983577338045
2014-12-03 00:00:00,3376.993642100539
2014-12-04 00:00:00,3380.3299094451186
2014-12-05 00:00:00,3035.422454857226
2014-12-07 00:00:00,3410.9629525161445
2014-12-08 00:00:00,3134.7722429163528
2014-12-09 00:00:00,3267.585338031741
2014-12-10 00:00:00,3529.147795915972
2014-12-11 00:00:00,3452.7301997776653
2014-12-12 00:00:00,3336.533127510129
2014-12-14 00:00:00,3599.502237844614
2014-12-15 00:00:00,3513.3398945719255
2014-12-16 00:00:00,3385.719563270716
2014-12-17 00:00:00,3415.99979084316
2014-12-18 00:00:00,3504.165503003251
2014-12-19 00:00:00,3480.7942793514226
2014-12-21 00:00:00,3465.188528167773
2014-12-22 00:00:00,3459.8211828524495
2014-12-23 00:00:00,3129.312002471409
2014-12-24 00:00:00,3375.253483130151
2014-12-25 00:00:00,3352.3287430504015
2014-12-26 00:00:00,2966.3274440060854
2014-12-28 00:00:00,3172.0976616577364
2014-12-29 00:00:00,2810.395029889245
2014-12-30 00:00:00,3199.958441974104
2014-12-31 00:00:00,3130.8140565002263
2015-01-01 00:00:00,2808.7635448302112
2015-01-02 00:00:00,3193.527995577056
2015-01-04 00:00:00,3031.202061041626
2015-01-05 00:00:00,3228.021154559071
2015-01-06 00:00:00,3524.0547016614746
2015-01-07 00:00:00,3323.4489865570104
2015-01-08 00:00:00,3314.635270323683
2015-01-09 00:00:00,3539.3258475253865
2015-01-11 00:00:00,3357.314370843789
2015-01-12 00:00:00,3538.7769870270804
2015-01-13 00:00:00,3527.5640881185923
2015-01-14 00:00:00,3379.6012641195834
2015-01-15 00:00:00,3534.5826399752104
2015-01-16 00:00:00,3467.095575003205
2015-01-18 00:00:00,3469.8353512474446
2015-01-19 00:00:00,3347.9671435487903
2015-01-20 00:00:00,3082.264581371719
2015-01-21 00:00:00,3396.00714180247
2015-01-22 00:00:00,3068.5527064590697
2015-01-23 00:00:00,3071.4651435515916
2015-01-25 00:00:00,3019.716597091714
2015-01-26 00:00:00,3186.8607566541564
2015-01-27 00:00:00,3423.180572371956
2015-01-28 00:00:00,3141.8366732348527
2015-01-29 00:00:00,3220.253544667704
2015-01-30 00:00:00,3472.88721604074
2015-02-01 00:00:00,2977.551482359941
2015-02-02 00:00:00,3265.642868281694
2015-02-03 00:00:00,3193.8746264172446
2015-02-04 00:00:00,2933.5171317713503
2015-02-05 00:00:00,3189.213545686319
2015-02-06 00:00:00,3435.658427092759
2015-02-08 00:00:00,3177.0286927492916
2015-02-09 00:00:00,3480.8053479802015
2015-02-10 00:00:00,3351.729096249389
2015-02-11 00:00:00,3209.980381887441
2015-02-12 00:00:00,3446.116047033539
2015-02-13 00:00:00,3383.882403695969
2015-02-15 00:00:00,3532.4611869995074
2015-02-16 00:00:00,3375.5013550757703
2015-02-17 00:00:00,3442.389154234912
2015-02-18 00:00:00,3532.9379981727707
2015-02-19 00:00:00,3237.574735662394
2015-02-20 00:00:00,3455.4606735648263
2015-02-22 00:00:00,2989.136968397388
2015-02-23 00:00:00,3240.6696511626988
2015-02-24 00:00:00,2743.0006261866383
2015-02-25 00:00:00,2811.276127893989
2015-02-26 00:00:00,3092.332143021976
2015-02-27 00:00:00,2664.8924820666657
2015-03-01 00:00:00,3151.1049606520346
2015-03-02 00:00:00,2819.732637003134
2015-03-03 00:00:00,2457.9058213288376
2015-03-04 00:00:00,2924.946310730898
2015-03-05 00:00:00,2926.8383897785793
2015-03-06 00:00:00,2341.971444686171
2015-03-08 00:00:00,2918.900696075042
2015-03-09 00:00:00,2440.533240853144
2015-03-10 00:00:00,2217.617994515862
2015-03-11 00:00:00,2862.0313854559786
2015-03-12 00:00:00,2791.1955488969834
2015-03-13 00:00:00,2361.7504536193687
2015-03-15 00:00:00,2943.497225235975
2015-03-16 00:00:00,2454.327252848678
2015-03-17 00:00:00,2990.9126071751666
2015-03-18 00:00:00,2979.363382430021
2015-03-19 00:00:00,2779.8730842046753
2015-03-20 00:00:00,3347.3165869106315
2015-03-22 00:00:00,3295.6253684722496
2015-03-23 00:00:00,3556.5665168301007
2015-03-24 00:00:00,3322.0961395138615
2015-03-25 00:00:00,3515.1994212467175
2015-03-26 00:00:00,3476.412050072891
2015-03-27 00:00:00,3324.6664750431114
2015-03-29 00:00:00,3371.266167738852
2015-03-30 01:00:00,3075.730096251876
2015-03-31 01:00:00,3257.1697662707456
2015-04-01 01:00:00,3267.3288147446397
2015-04-02 01:00:00,2750.648186465001
2015-04-05 01:00:00,2924.267252774163
2015-04-06 01:00:00,2604.2221949667523
2015-04-07 01:00:00,3095.9695102190462
2015-04-08 01:00:00,3168.386333043463
2015-04-09 01:00:00,2764.480092708855
2015-04-10 01:00:00,3109.3482514731277
2015-04-12 01:00:00,3156.6357906638686
2015-04-13 01:00:00,3411.5670861396457
2015-04-14 01:00:00,3525.8876086317923
2015-04-15 01:00:00,3336.516260331833
2015-04-16 01:00:00,3551.3624290833154
2015-04-17 01:00:00,3346.9466231532365
2015-04-19 01:00:00,3440.6094248883082
2015-04-20 01:00:00,3017.2835771226646
2015-04-21 01:00:00,3192.813126887355
2015-04-22 01:00:00,3158.858212906979
2015-04-23 01:00:00,2716.951905431597
2015-04-24 01:00:00,3018.7976370230003
2015-04-26 01:00:00,2705.684451737874
2015-04-27 01:00:00,2805.884788759503
2015-04-28 01:00:00,3218.0758737663195
2015-04-29 01:00:00,2892.2274048208524
2015-04-30 01:00:00,2604.907359032794
2015-05-01 01:00:00,3068.5302289963465
2015-05-03 01:00:00,2732.025444293638
2015-05-04 01:00:00,2956.8604578173095
2015-05-05 01:00:00,3302.5841583482334
2015-05-06 01:00:00,2879.325535153402
2015-05-07 01:00:00,2926.998107196162
2015-05-08 01:00:00,3317.5727828335002
2015-05-10 01:00:00,2951.117478474363
2015-05-11 01:00:00,3329.6373344044723
2015-05-12 01:00:00,3003.1695977064965
2015-05-13 01:00:00,3084.2767132206277
2015-05-14 01:00:00,3420.3988091498036
2015-05-15 01:00:00,3103.6505519249727
2015-05-17 01:00:00,3459.838173304876
2015-05-18 01:00:00,3183.9142942987473
2015-05-19 01:00:00,3347.9535249028877
2015-05-20 01:00:00,3524.800105242517
2015-05-21 01:00:00,3292.3374101984027
2015-05-22 01:00:00,3325.224985870106
2015-05-24 01:00:00,3389.193039112764
2015-05-25 01:00:00,3274.60495131352
2015-05-26 01:00:00,3418.1996693630235
2015-05-27 01:00:00,3463.4477921928574
2015-05-28 01:00:00,3288.9798136222767
2015-05-29 01:00:00,3287.929165211142
2015-05-31 01:00:00,3421.122263458758
2015-06-01 01:00:00,3405.087653648123
2015-06-02 01:00:00,3527.589254276194
2015-06-03 01:00:00,3553.4518889624264
2015-06-04 01:00:00,3533.9708386438756
2015-06-05 01:00:00,3562.874465725614
2015-06-07 01:00:00,3578.755970705457
2015-06-08 01:00:00,3507.73990301688
2015-06-09 01:00:00,3536.0767594707995
2015-06-10 01:00:00,3576.325528964955
2015-06-11 01:00:00,3399.685504178144
2015-06-12 01:00:00,3480.3897610148133
2015-06-14 01:00:00,3307.0890003352124
2015-06-15 01:00:00,3443.935941767131
2015-06-16 01:00:00,3517.7772929877806
2015-06-17 01:00:00,3229.8393937217024
2015-06-18 01:00:00,3371.840839178734
2015-06-19 01:00:00,3514.6759250774535
2015-06-21 01:00:00,3232.2777910480518
2015-06-22 01:00:00,3491.0853472095155
2015-06-23 01:00:00,3343.7565565141686
2015-06-24 01:00:00,3161.621657618925
2015-06-25 01:00:00,3388.1080794581217
2015-06-26 01:00:00,3504.313007991529
2015-06-28 01:00:00,3316.673125036238
2015-06-29 01:00:00,3497.9417343345467
2015-06-30 01:00:00,3278.140107402684
2015-07-01 01:00:00,3325.2404825996045
2015-07-02 01:00:00,3534.1088498349104
2015-07-03 01:00:00,3323.255216680235
2015-07-05 01:00:00,3524.321204831064
2015-07-06 01:00:00,3210.6492171261552
2015-07-07 01:00:00,3397.592315910455
2015-07-08 01:00:00,3401.630416948357
2015-07-09 01:00:00,3033.93874239381
2015-07-10 01:00:00,3324.2435960748116
2015-07-12 01:00:00,2909.1603034427153
2015-07-13 01:00:00,3185.015892747427
2015-07-14 01:00:00,3286.263852922164
2015-07-15 01:00:00,2852.4183474644014
2015-07-16 01:00:00,2984.187131642591
2015-07-17 01:00:00,3353.661570711
2015-07-19 01:00:00,2850.221599037945
2015-07-20 01:00:00,3272.877451563616
2015-07-21 01:00:00,3378.4115394471214
2015-07-22 01:00:00,3096.0194261747583
2015-07-23 01:00:00,3214.376860398293
2015-07-24 01:00:00,3529.876380621054
2015-07-26 01:00:00,3274.470295873173
2015-07-27 01:00:00,3521.745942120484
2015-07-28 01:00:00,3424.385897708222
2015-07-29 01:00:00,3382.4159079207616
2015-07-30 01:00:00,3582.7446568095916
2015-07-31 01:00:00,3332.820267821784
2015-08-02 01:00:00,3451.739632562471
2015-08-03 01:00:00,3120.072190569498
2015-08-04 01:00:00,3388.7687471686722
2015-08-05 01:00:00,3355.7570041980234
2015-08-06 01:00:00,3031.088507025474
2015-08-07 01:00:00,3328.7701297956605
2015-08-09 01:00:00,3136.4289879227827
2015-08-10 01:00:00,3397.7026819107928
2015-08-11 01:00:00,3531.176283487851
2015-08-12 01:00:00,3336.435150484447
2015-08-13 01:00:00,3427.350570869745
2015-08-14 01:00:00,3590.6135255644012
2015-08-16 01:00:00,3461.8605676712505
2015-08-17 01:00:00,3434.773696827409
2015-08-18 01:00:00,3451.6168058021876
2015-08-19 01:00:00,3486.883442618806
2015-08-20 01:00:00,3358.351136545294
2015-08-21 01:00:00,3341.5121770382907
2015-08-23 01:00:00,3448.9066722318807
2015-08-24 01:00:00,3237.739176037902
2015-08-25 01:00:00,3436.4262070791633
2015-08-26 01:00:00,3436.562992720221
2015-08-27 01:00:00,3213.188465438911
2015-08-28 01:00:00,3478.898915835669
2015-08-30 01:00:00,3336.036741273502
2015-08-31 01:00:00,3600.0
2015-09-01 01:00:00,3421.2687948882663
2015-09-02 01:00:00,3431.277402823688
2015-09-03 01:00:00,3582.1672089111316
2015-09-04 01:00:00,3420.7301775500187
2015-09-06 01:00:00,3560.340126980838
2015-09-07 01:00:00,3475.3886034132056
2015-09-08 01:00:00,3511.708008903451
2015-09-09 01:00:00,3594.1094104289296
2015-09-10 01:00:00,3555.0211481901433
2015-09-11 01:00:00,3552.6211670520534
2015-09-13 01:00:00,3588.656346280761
2015-09-14 01:00:00,3578.9701765215104
2015-09-15 01:00:00,3573.8227536666786
2015-09-16 01:00:00,3569.8480456620778
2015-09-17 01:00:00,3591.85631839638
2015-09-18 01:00:00,3536.451165963327
2015-09-20 01:00:00,3574.051479350053
2015-09-21 01:00:00,3543.3887152001143
2015-09-22 01:00:00,3488.4175857539526
2015-09-23 01:00:00,3579.952539948831
2015-09-24 01:00:00,3499.2731574500494
2015-09-25 01:00:00,3474.0063545886683
2015-09-27 01:00:00,3361.0983740044594
2015-09-28 01:00:00,3474.8539377949223
2015-09-29 01:00:00,3487.901880012217
2015-09-30 01:00:00,3402.361257518857
2015-10-01 01:00:00,3544.8225123855877
2015-10-02 01:00:00,3459.2954972045404
2015-10-04 01:00:00,3545.907551949831
2015-10-05 01:00:00,3548.7892185043033
2015-10-06 01:00:00,3497.7212066631273
2015-10-07 01:00:00,3530.8252526433807
2015-10-08 01:00:00,3545.7252479133917
2015-10-09 01:00:00,3454.0438614566337
2015-10-11 01:00:00,3421.4749285763914
2015-10-12 01:00:00,3474.2758211100977
2015-10-13 01:00:00,3314.8244912986065
2015-10-14 01:00:00,3320.404081650569
2015-10-15 01:00:00,3529.0727991156787
2015-10-16 01:00:00,3290.6342986446293
2015-10-18 01:00:00,3369.720868774842
2015-10-19 01:00:00,3211.667023634206
2015-10-20 01:00:00,2878.7958558300734
2015-10-21 01:00:00,3173.2301006094303
2015-10-22 01:00:00,3016.3010106563233
2015-10-23 01:00:00,2637.340368890238
2015-10-25 01:00:00,2803.886195339611
2015-10-26 00:00:00,2547.674436502907
2015-10-27 00:00:00,3039.2544287402875
2015-10-28 00:00:00,2352.4734675502555
2015-10-29 00:00:00,2372.7413066969843
2015-10-30 00:00:00,2805.2589311735087
2015-11-01 00:00:00,2295.4255922999096
2015-11-02 00:00:00,2795.893034380041
2015-11-03 00:00:00,2197.428416176002
2015-11-04 00:00:00,2081.1266860712913
2015-11-05 00:00:00,2705.5920461992096
2015-11-06 00:00:00,2582.6903334126987
2015-11-08 00:00:00,2661.0865666137693
2015-11-09 00:00:00,3089.330826540552
2015-11-10 00:00:00,2821.0975010143084
2015-11-11 00:00:00,2850.7070458664493
2015-11-12 00:00:00,3352.9068929087016
2015-11-13 00:00:00,3319.703344179625
2015-11-15 00:00:00,3445.0851669995714
2015-11-16 00:00:00,3459.351404861037
2015-11-17 00:00:00,3364.6183905210632
2015-11-18 00:00:00,3562.291524500652
2015-11-19 00:00:00,3455.06173661098
2015-11-20 00:00:00,3385.6703008362097
2015-11-22 00:00:00,3209.5501700265527
2015-11-23 00:00:00,3361.2538634664847
2015-11-24 00:00:00,3383.34500111444
2015-11-25 00:00:00,2994.205287956969
2015-11-26 00:00:00,3342.785992756152
2015-11-27 00:00:00,3124.9165757646656
2015-11-29 00:00:00,3228.319545417826
2015-11-30 00:00:00,3029.218195101459
2015-12-01 00:00:00,2709.743264596829
2015-12-02 00:00:00,3113.4320880753257
2015-12-03 00:00:00,3217.2685176734485
2015-12-04 00:00:00,2782.9292153574365
2015-12-06 00:00:00,3372.8575950571253
2015-12-07 00:00:00,3128.390662981807
2015-12-08 00:00:00,3013.521930152213
2015-12-09 00:00:00,3393.659191228705
2015-12-10 00:00:00,3340.6187249437976
2015-12-11 00:00:00,3116.0203558952207
2015-12-13 00:00:00,3399.201222431033
2015-12-14 00:00:00,3126.840937433759
2015-12-15 00:00:00,3440.745356781812
2015-12-16 00:00:00,3233.8873505443667
2015-12-17 00:00:00,3003.2233776844796
2015-12-18 00:00:00,3347.355659481555
2015-12-20 00:00:00,2866.353523104816
2015-12-21 00:00:00,3272.135554487466
2015-12-22 00:00:00,2790.8524562487323
2015-12-23 00:00:00,2861.597156679207
2015-12-24 00:00:00,3172.3401176125485
2015-12-27 00:00:00,3111.5187813323046
2015-12-28 00:00:00,2513.4422082883048
2015-12-29 00:00:00,2662.410255847248
2015-12-30 00:00:00,3024.739805049263
2015-12-31 00:00:00,2477.089523147987
2016-01-03 00:00:00,2648.6613011926047
2016-01-04 00:00:00,2031.821937977425
2016-01-05 00:00:00,2438.9586751683287
2016-01-06 00:00:00,2680.6477531652254
2016-01-07 00:00:00,1902.4700844594163
2016-01-08 00:00:00,1978.831183315229
2016-01-10 00:00:00,1683.109397336436
2016-01-11 00:00:00,1724.257291819321
2016-01-12 00:00:00,2335.722516596152
2016-01-13 00:00:00,1452.337722789454
2016-01-14 00:00:00,1853.1074039329728
2016-01-15 00:00:00,2344.9735544483688
2016-01-17 00:00:00,2359.313234191001
2016-01-18 00:00:00,2575.2225831380224
2016-01-19 00:00:00,2106.26961212233
2016-01-20 00:00:00,2846.887857440815
2016-01-21 00:00:00,2851.843716964359
2016-01-22 00:00:00,2515.795161823269
2016-01-24 00:00:00,3045.775120389726
2016-01-25 00:00:00,2785.868792803126
2016-01-26 00:00:00,3252.465022059746
2016-01-27 00:00:00,3270.4018501032647
2016-01-28 00:00:00,2903.4936942964746
2016-01-29 00:00:00,3190.025415135125
2016-01-31 00:00:00,2908.313209931648
2016-02-01 00:00:00,2940.6591673348817
2016-02-02 00:00:00,3276.763904093503
2016-02-03 00:00:00,2880.1678440311516
2016-02-04 00:00:00,2614.9230593938382
2016-02-05 00:00:00,3089.7797027487914
2016-02-07 00:00:00,2400.7722119352406
2016-02-08 00:00:00,2985.573301308591
2016-02-09 00:00:00,2608.011368595378
2016-02-10 00:00:00,2351.7474542140026
2016-02-11 00:00:00,2983.6060618196275
2016-02-12 00:00:00,2464.164622147626
2016-02-14 00:00:00,3078.832184269397
2016-02-15 00:00:00,2568.041272956116
2016-02-16 00:00:00,2802.2663088420686
2016-02-17 00:00:00,3253.2462260114426
2016-02-18 00:00:00,2892.0772314885703
2016-02-19 00:00:00,3081.2235026911494
2016-02-21 00:00:00,3250.678980773623
2016-02-22 00:00:00,3306.7202779052172
2016-02-23 00:00:00,3565.321286104126
2016-02-24 00:00:00,3462.034837982379
2016-02-25 00:00:00,3439.348951688165
2016-02-26 00:00:00,3554.2032556611543
2016-02-28 00:00:00,3413.171573361962
2016-02-29 00:00:00,3567.739368484498
2016-03-01 00:00:00,3346.0035878245203
2016-03-02 00:00:00,3113.7018111871844
2016-03-03 00:00:00,3366.5043735575505
2016-03-04 00:00:00,3196.545212512395
2016-03-06 00:00:00,3140.123467555911
2016-03-07 00:00:00,3056.5546838140353
2016-03-08 00:00:00,2573.196253310992
2016-03-09 00:00:00,3076.141650605536
2016-03-10 00:00:00,2745.964432743082
2016-03-11 00:00:00,2538.5469683139395
2016-03-13 00:00:00,2736.8499935693008
2016-03-14 00:00:00,2916.5454662013435
2016-03-15 00:00:00,3321.9905463707446
2016-03-16 00:00:00,2915.913870235322
2016-03-17 00:00:00,3056.4454277815034
2016-03-18 00:00:00,3310.450909212746
2016-03-20 00:00:00,3020.0881356726823
2016-03-21 00:00:00,3332.8434260131594
2016-03-22 00:00:00,3040.698992928813
2016-03-23 00:00:00,2957.6966184177213
2016-03-24 00:00:00,3302.1488871545034
2016-03-27 00:00:00,3149.385393438663
2016-03-28 01:00:00,3270.647033315352
2016-03-29 01:00:00,2871.161679223973
2016-03-30 01:00:00,2931.7262763038498
2016-03-31 01:00:00,3249.8198959379506
2016-04-01 01:00:00,2978.7258458468377
2016-04-03 01:00:00,3447.7185761797996
2016-04-04 01:00:00,3244.5582510805925
2016-04-05 01:00:00,3363.227442298625
2016-04-06 01:00:00,3482.728963369822
2016-04-07 01:00:00,3184.0815202531057
2016-04-08 01:00:00,3435.630866281548
2016-04-10 01:00:00,3008.2612179541798
2016-04-11 01:00:00,3266.199798535759
2016-04-12 01:00:00,2742.770189514367
2016-04-13 01:00:00,2816.3753737833836
2016-04-14 01:00:00,3099.5514354373963
2016-04-15 01:00:00,2533.898837970449
2016-04-17 01:00:00,3014.580821524288
2016-04-18 01:00:00,2679.704502588632
2016-04-19 01:00:00,2372.08930715948
2016-04-20 01:00:00,2909.994330723942
2016-04-21 01:00:00,3009.9688935278296
2016-04-22 01:00:00,2512.773586034802
2016-04-24 01:00:00,3194.1746120564903
2016-04-25 01:00:00,2895.8331415122284
2016-04-26 01:00:00,2837.470653715536
2016-04-27 01:00:00,3313.9146870078152
2016-04-28 01:00:00,3198.7213556344072
2016-04-29 01:00:00,2982.6245278721376
2016-05-01 01:00:00,3264.5318179458
2016-05-02 01:00:00,3086.847708974417
2016-05-03 01:00:00,3439.152474804306
2016-05-04 01:00:00,3133.1193829811496
2016-05-05 01:00:00,3176.1489249800084
2016-05-06 01:00:00,3354.273131303793
2016-05-08 01:00:00,3320.6905521261924
2016-05-09 01:00:00,3098.6152971005936
2016-05-10 01:00:00,2870.316086960018
2016-05-11 01:00:00,3282.773191790398
2016-05-12 01:00:00,2879.4213835732735
2016-05-13 01:00:00,2718.403183503922
2016-05-15 01:00:00,2964.2762900434714
2016-05-16 01:00:00,2725.2664117541926
2016-05-17 01:00:00,3180.857603465459
2016-05-18 01:00:00,3234.980583642615
2016-05-19 01:00:00,2861.166347611415
2016-05-20 01:00:00,3094.0659941336994
2016-05-22 01:00:00,3151.8189520307983
2016-05-23 01:00:00,3144.8390121924276
2016-05-24 01:00:00,3497.886583524907
2016-05-25 01:00:00,3402.6685124386076
2016-05-26 01:00:00,3243.234940989843
2016-05-27 01:00:00,3527.5289688244898
2016-05-29 01:00:00,3364.7364380632616
2016-05-30 01:00:00,3581.462898367799
2016-05-31 01:00:00,3467.3940533426785
2016-06-01 01:00:00,3408.598477788927
2016-06-02 01:00:00,3572.0812365167553
2016-06-03 01:00:00,3409.166582906755
2016-06-05 01:00:00,3505.580435798236
2016-06-06 01:00:00,3290.6709768406126
2016-06-07 01:00:00,3413.159623682649
2016-06-08 01:00:00,3435.368920993486
2016-06-09 01:00:00,3320.4142514876166
2016-06-10 01:00:00,3483.188273628506
2016-06-12 01:00:00,3327.414206150682
2016-06-13 01:00:00,3346.7181189087078
2016-06-14 01:00:00,3489.6550889897003
2016-06-15 01:00:00,3395.8096098538995
2016-06-16 01:00:00,3341.780137063677
2016-06-17 01:00:00,3531.8431448193023
2016-06-19 01:00:00,3379.087227828993
2016-06-20 01:00:00,3490.772232691634
2016-06-21 01:00:00,3551.443412265161
2016-06-22 01:00:00,3414.400708883361
2016-06-23 01:00:00,3459.6874460555173
2016-06-24 01:00:00,3530.544331164965
2016-06-26 01:00:00,3456.4558039094027
2016-06-27 01:00:00,3491.1862939673783
2016-06-28 01:00:00,3242.894719517874
2016-06-29 01:00:00,3347.0423536954772
2016-06-30 01:00:00,3467.782865637724
2016-07-01 01:00:00,3323.0057848387514
2016-07-03 01:00:00,3554.6132372129814
2016-07-04 01:00:00,3344.716499364158
2016-07-05 01:00:00,3425.622593151496
2016-07-06 01:00:00,3514.819402245029
2016-07-07 01:00:00,3427.1794041935987
2016-07-08 01:00:00,3473.5747942246785
2016-07-10 01:00:00,3549.3839319341255
2016-07-11 01:00:00,3483.444710821686
2016-07-12 01:00:00,3308.8795297369406
2016-07-13 01:00:00,3345.7693755609243
2016-07-14 01:00:00,3500.5313239614106
2016-07-15 01:00:00,3328.4567486488804
2016-07-17 01:00:00,3184.5698854192965
2016-07-18 01:00:00,3247.1276365010826
2016-07-19 01:00:00,2844.5589300058323
2016-07-20 01:00:00,2974.5323011215783
2016-07-21 01:00:00,3321.243354591934
2016-07-22 01:00:00,3004.0937261194326
2016-07-24 01:00:00,3399.976100092446
2016-07-25 01:00:00,3112.136036666935
2016-07-26 01:00:00,3091.854553787002
2016-07-27 01:00:00,3438.3047655711016
2016-07-28 01:00:00,3248.401028046013
2016-07-29 01:00:00,3285.237716891963
2016-07-31 01:00:00,3410.212651907565
2016-08-01 01:00:00,3466.9867525403015
2016-08-02 01:00:00,3547.6165036464827
2016-08-03 01:00:00,3486.973143537723
2016-08-04 01:00:00,3551.348622507765
2016-08-05 01:00:00,3502.5560580931815
2016-08-07 01:00:00,3581.649433856532
2016-08-08 01:00:00,3494.914583419909
2016-08-09 01:00:00,3276.5133935312374
2016-08-10 01:00:00,3405.5912043609633
2016-08-11 01:00:00,3464.022768807632
2016-08-12 01:00:00,3109.4115556757883
2016-08-14 01:00:00,3399.2288300091814
2016-08-15 01:00:00,3044.245731429812
2016-08-16 01:00:00,2794.381639448341
2016-08-17 01:00:00,3226.8314541406535
2016-08-18 01:00:00,2918.7206261318356
2016-08-19 01:00:00,2566.77715931693
2016-08-21 01:00:00,2697.4702454472067
2016-08-22 01:00:00,2456.244313428749
2016-08-23 01:00:00,3015.593665769051
2016-08-24 01:00:00,2514.6502972007365
2016-08-25 01:00:00,2432.5989189878533
2016-08-26 01:00:00,2995.972409044662
2016-08-28 01:00:00,2389.325299459569
2016-08-29 01:00:00,2940.955898638532
2016-08-30 01:00:00,2479.8336204668476
2016-08-31 01:00:00,2331.3632242499943
2016-09-01 01:00:00,2963.909182650251
2016-09-02 01:00:00,2717.5355345074445
2016-09-04 01:00:00,2953.709519708022
2016-09-05 01:00:00,3038.3651467755067
2016-09-06 01:00:00,2592.1150803104724
2016-09-07 01:00:00,2915.044873760204
2016-09-08 01:00:00,3302.7240931164124
2016-09-09 01:00:00,2930.6564866339227
2016-09-11 01:00:00,3312.93921012276
2016-09-12 01:00:00,3046.3979574793902
2016-09-13 01:00:00,3002.5993231147067
2016-09-14 01:00:00,3374.9018141546426
2016-09-15 01:00:00,3146.2605958480303
2016-09-16 01:00:00,3262.208696448355
2016-09-18 01:00:00,3217.807047011932
2016-09-19 01:00:00,3446.913453357428
2016-09-20 01:00:00,3426.2955455886695
2016-09-21 01:00:00,3204.233206054571
2016-09-22 01:00:00,3482.443084340002
2016-09-23 01:00:00,3306.449088001516
2016-09-25 01:00:00,3455.898792883859
2016-09-26 01:00:00,3286.7468706677555
2016-09-27 01:00:00,3102.9712999300446
2016-09-28 01:00:00,3394.717698130494
2016-09-29 01:00:00,3395.6453862404546
2016-09-30 01:00:00,3057.1079116720507
2016-10-02 01:00:00,3441.8501025088945
2016-10-03 01:00:00,3099.968416511239
2016-10-04 01:00:00,3009.9127906154654
2016-10-05 01:00:00,3363.162883898705
2016-10-06 01:00:00,3326.899672996448
2016-10-07 01:00:00,2996.9409203123673
2016-10-09 01:00:00,3476.058646058485
2016-10-10 01:00:00,3298.306830330738
2016-10-11 01:00:00,3292.060788895026
2016-10-12 01:00:00,3562.2767750001085
2016-10-13 01:00:00,3477.531374894266
2016-10-14 01:00:00,3434.5347439423135
2016-10-16 01:00:00,3555.51879279893
2016-10-17 01:00:00,3458.9181822644764
2016-10-18 01:00:00,3470.459690330183
2016-10-19 01:00:00,3553.3121781981076
2016-10-20 01:00:00,3308.171369751162
2016-10-21 01:00:00,3230.8478375785594
2016-10-23 01:00:00,3103.0313057102076
2016-10-24 01:00:00,2946.0789438658453
2016-10-25 01:00:00,3315.4450231755145
2016-10-26 01:00:00,3155.947762028121
2016-10-27 01:00:00,2669.873360109153
2016-10-28 01:00:00,2938.510018535185
2016-10-30 01:00:00,2731.762045596269
2016-10-31 00:00:00,2518.2843040292096
2016-11-01 00:00:00,2998.763497616499
2016-11-02 00:00:00,3044.579507033338
2016-11-03 00:00:00,2625.393563074628
2016-11-04 00:00:00,2861.223329919937
2016-11-06 00:00:00,2996.281956297802
2016-11-07 00:00:00,2924.3424344325117
2016-11-08 00:00:00,3361.2633030861484
2016-11-09 00:00:00,3286.925318928222
2016-11-10 00:00:00,3157.089170438506
2016-11-11 00:00:00,3495.454954382474
2016-11-13 00:00:00,3360.3652666564235
2016-11-14 00:00:00,3534.013630143756
2016-11-15 00:00:00,3358.2452516532912
2016-11-16 00:00:00,3469.6949514433836
2016-11-17 00:00:00,3497.266037697213
2016-11-18 00:00:00,3470.0696253645474
2016-11-20 00:00:00,3458.922078732655
2016-11-21 00:00:00,3481.537814202354
2016-11-22 00:00:00,3590.2530951403364
2016-11-23 00:00:00,3414.4080813380433
2016-11-24 00:00:00,3271.1330497133968
2016-11-25 00:00:00,3388.7423437437146
2016-11-27 00:00:00,3213.98719714106
2016-11-28 00:00:00,3415.0207190714573
2016-11-29 00:00:00,3553.8175289959236
2016-11-30 00:00:00,3399.912706979628
2016-12-01 00:00:00,3408.8192445913132
2016-12-02 00:00:00,3540.806365852134
2016-12-04 00:00:00,3422.939784876439
2016-12-05 00:00:00,3545.373368983834
2016-12-06 00:00:00,3485.092425158177
2016-12-07 00:00:00,3413.5510620178434
2016-12-08 00:00:00,3518.149012817529
2016-12-09 00:00:00,3471.2943523252907
2016-12-11 00:00:00,3591.064322198498
2016-12-12 00:00:00,3473.9031139886815
2016-12-13 00:00:00,3568.664981236676
2016-12-14 00:00:00,3443.8001168350565
2016-12-15 00:00:00,3370.6861591207544
2016-12-16 00:00:00,3492.1937838832973
2016-12-18 00:00:00,3327.8788261288732
2016-12-19 00:00:00,3458.5134654742287
2016-12-20 00:00:00,3259.287581801801
2016-12-21 00:00:00,3322.0815854375196
2016-12-22 00:00:00,3529.1483196166128
2016-12-23 00:00:00,3372.2886580918175
2016-12-26 00:00:00,3513.9351382365016
2016-12-27 00:00:00,3348.547504007283
2016-12-28 00:00:00,3449.3482651979803
2016-12-29 00:00:00,3536.176909497343
2016-12-30 00:00:00,3313.2414974938433
2017-01-02 00:00:00,3341.0199482094818
2017-01-03 00:00:00,3112.6710118232977
2017-01-04 00:00:00,3341.54363445193
2017-01-05 00:00:00,3377.3513639182297
2017-01-06 00:00:00,3018.243278453775
2017-01-08 00:00:00,3300.5600151045855
2017-01-09 00:00:00,2959.153780303118
2017-01-10 00:00:00,3359.243668351135
2017-01-11 00:00:00,3222.7507995336587
2017-01-12 00:00:00,3012.975209262459
2017-01-13 00:00:00,3422.6100068092496
2017-01-15 00:00:00,3100.5452089865535
2017-01-16 00:00:00,3448.3428888969065
2017-01-17 00:00:00,3356.8733261396997
2017-01-18 00:00:00,3195.7923166040373
2017-01-19 00:00:00,3426.981424018965
2017-01-20 00:00:00,3514.145574467118
2017-01-22 00:00:00,3386.0847349712662
2017-01-23 00:00:00,3542.01489118537
2017-01-24 00:00:00,3574.4289598735654
2017-01-25 00:00:00,3483.052332509216
2017-01-26 00:00:00,3459.5376634033346
2017-01-27 00:00:00,3561.7200206942625
2017-01-29 00:00:00,3463.6489311630066
2017-01-30 00:00:00,3446.8500924325062
2017-01-31 00:00:00,3577.3278966565877
2017-02-01 00:00:00,3422.593426608629
2017-02-02 00:00:00,3351.9875285502903
2017-02-03 00:00:00,3563.594446602179
2017-02-05 00:00:00,3297.317623088156
2017-02-06 00:00:00,3509.5879779486663
2017-02-07 00:00:00,3273.6253961496436
2017-02-08 00:00:00,3181.083071835688
2017-02-09 00:00:00,3472.7316434116656
2017-02-10 00:00:00,3270.097299263484
2017-02-12 00:00:00,3537.6680406776654
2017-02-13 00:00:00,3369.841917111671
2017-02-14 00:00:00,3330.0409773162796
2017-02-15 00:00:00,3537.025449099696
2017-02-16 00:00:00,3396.7086914304273
2017-02-17 00:00:00,3321.8674266147696
2017-02-19 00:00:00,3464.9438636620584
2017-02-20 00:00:00,3258.642239835827
2017-02-21 00:00:00,3415.6801409267714
2017-02-22 00:00:00,3490.202539700621
2017-02-23 00:00:00,3136.286672589394
2017-02-24 00:00:00,3191.9324990064424
2017-02-26 00:00:00,2999.063171759854
2017-02-27 00:00:00,2972.7357528495586
2017-02-28 00:00:00,3338.027163155364
2017-03-01 00:00:00,2996.998784651012
2017-03-02 00:00:00,2982.142899100938
2017-03-03 00:00:00,3381.090859629534
2017-03-05 00:00:00,3064.973602208271
2017-03-06 00:00:00,3425.600373835036
2017-03-07 00:00:00,3147.3440868606017
2017-03-08 00:00:00,3241.413951301734
2017-03-09 00:00:00,3554.3873602770473
2017-03-10 00:00:00,3418.546690610054
2017-03-12 00:00:00,3587.889984828686
2017-03-13 00:00:00,3554.467450190944
2017-03-14 00:00:00,3521.228545658343
2017-03-15 00:00:00,3539.7587736936016
2017-03-16 00:00:00,3545.6582435423347
2017-03-17 00:00:00,3545.703853641645
2017-03-19 00:00:00,3333.3290390822117
2017-03-20 00:00:00,3433.097891886087
2017-03-21 00:00:00,3554.3742747232
2017-03-22 00:00:00,3488.2342896393925
2017-03-23 00:00:00,3503.140072543959
2017-03-24 00:00:00,3556.5115492780246
2017-03-26 00:00:00,3532.540851130421
2017-03-27 01:00:00,3516.078314931861
2017-03-28 01:00:00,3596.9852929930776
2017-03-29 01:00:00,3546.097031597605
2017-03-30 01:00:00,3440.0970588751043
2017-03-31 01:00:00,3577.4344370694607
2017-04-02 01:00:00,3377.150670647124
2017-04-03 01:00:00,3547.9351324014697
2017-04-04 01:00:00,3384.1792718496044
2017-04-05 01:00:00,3380.5806207235332
2017-04-06 01:00:00,3496.3992793437674
2017-04-07 01:00:00,3305.1201436249567
2017-04-09 01:00:00,3463.8116773281445
2017-04-10 01:00:00,3265.4371626533634
2017-04-11 01:00:00,3294.553417374996
2017-04-12 01:00:00,3452.1612304704668
2017-04-13 01:00:00,3254.392514363159
2017-04-16 01:00:00,3321.9736478929544
2017-04-17 01:00:00,3156.670046746836
2017-04-18 01:00:00,3432.4139782184648
2017-04-19 01:00:00,3334.725616841073
2017-04-20 01:00:00,2976.8254800990776
2017-04-21 01:00:00,3254.45061604215
2017-04-23 01:00:00,2825.2159411217585
2017-04-24 01:00:00,3149.770578239505
2017-04-25 01:00:00,3121.2025343085566
2017-04-26 01:00:00,2783.0218435912807
2017-04-27 01:00:00,3253.988348965703
2017-04-28 01:00:00,2916.7683330363416
2017-04-30 01:00:00,3197.851476844147
2017-05-01 01:00:00,2772.0781817794586
2017-05-02 01:00:00,3033.81142234595
2017-05-03 01:00:00,3257.3170054046723
2017-05-04 01:00:00,2877.088062583234
2017-05-05 01:00:00,3155.6060876336805
2017-05-07 01:00:00,3019.005728832546
2017-05-08 01:00:00,3110.4796245863727
2017-05-09 01:00:00,3415.7797108046634
2017-05-10 01:00:00,3146.2879920489313
2017-05-11 01:00:00,3027.7462897248224
2017-05-12 01:00:00,3375.660506222399
2017-05-14 01:00:00,3019.805308130143
2017-05-15 01:00:00,3271.4091275235264
2017-05-16 01:00:00,3402.793929522445
2017-05-17 01:00:00,3118.4096477965027
2017-05-18 01:00:00,3209.950740515889
2017-05-19 01:00:00,3461.7286310478685
2017-05-21 01:00:00,3255.6120422528857
2017-05-22 01:00:00,3500.2951816507175
2017-05-23 01:00:00,3317.6842015386374
2017-05-24 01:00:00,3394.200638375419
2017-05-25 01:00:00,3534.065759754448
2017-05-26 01:00:00,3363.463529117406
2017-05-28 01:00:00,3476.006353050804
2017-05-29 01:00:00,3439.6877264117124
2017-05-30 01:00:00,3530.3620088000475
2017-05-31 01:00:00,3281.7318344137916
2017-06-01 01:00:00,3339.494015701179
2017-06-02 01:00:00,3433.0415432644163
2017-06-04 01:00:00,3247.894666522685
2017-06-05 01:00:00,3478.5878280075776
2017-06-06 01:00:00,3122.5464437443957
2017-06-07 01:00:00,3015.3984596442265
2017-06-08 01:00:00,3328.1659631514385
2017-06-09 01:00:00,3198.7300297014685
2017-06-11 01:00:00,3122.9031595758725
2017-06-12 01:00:00,3392.29507011165
2017-06-13 01:00:00,3114.210781810682
2017-06-14 01:00:00,3084.524195005934
2017-06-15 01:00:00,3488.223835148815
2017-06-16 01:00:00,3423.358658800053
2017-06-18 01:00:00,3570.5234731857863
2017-06-19 01:00:00,3489.3845015373968
2017-06-20 01:00:00,3473.861085538712
2017-06-21 01:00:00,3514.820986976622
2017-06-22 01:00:00,3233.771940689724
2017-06-23 01:00:00,3431.199874659704
2017-06-25 01:00:00,2967.391760045144
2017-06-26 01:00:00,3310.9442936269284
2017-06-27 01:00:00,2943.836274218382
2017-06-28 01:00:00,2788.1469842615898
2017-06-29 01:00:00,3255.935559767697
2017-06-30 01:00:00,2964.9676896511733
2017-07-02 01:00:00,3218.5810467260717
2017-07-03 01:00:00,3214.689882491994
2017-07-04 01:00:00,2861.620789906658
2017-07-05 01:00:00,3133.847164827486
2017-07-06 01:00:00,3402.5569213336166
2017-07-07 01:00:00,3104.4665236941833
2017-07-09 01:00:00,3429.4911805325205
2017-07-10 01:00:00,3269.723994504684
2017-07-11 01:00:00,3125.51946140875
2017-07-12 01:00:00,3435.107575313495
2017-07-13 01:00:00,3393.194217541807
2017-07-14 01:00:00,3124.2601864386274
2017-07-16 01:00:00,3434.367706301992
2017-07-17 01:00:00,3121.214570027068
2017-07-18 01:00:00,3375.058071034651
2017-07-19 01:00:00,3381.591354050362
2017-07-20 01:00:00,3095.6079585082352
2017-07-21 01:00:00,3416.845921813643
2017-07-23 01:00:00,3240.7442866039046
2017-07-24 01:00:00,3558.7273783714277
2017-07-25 01:00:00,3426.4611108372064
2017-07-26 01:00:00,3370.9705884121895
2017-07-27 01:00:00,3579.016938611598
2017-07-28 01:00:00,3482.6735236542822
2017-07-30 01:00:00,3472.527927321868
2017-07-31 01:00:00,3458.7988177742363
2017-08-01 01:00:00,3431.3453041489342
2017-08-02 01:00:00,3450.6435033172966
2017-08-03 01:00:00,3515.2883592864055
2017-08-04 01:00:00,3542.916641642073
2017-08-06 01:00:00,3466.7290349763534
2017-08-07 01:00:00,3518.168813028366
2017-08-08 01:00:00,3584.758418006614
2017-08-09 01:00:00,3463.0376150715424
2017-08-10 01:00:00,3425.036883967665
2017-08-11 01:00:00,3536.108839907055
2017-08-13 01:00:00,3360.4349767076865
2017-08-14 01:00:00,3524.1423408894384
2017-08-15 01:00:00,3516.2928956875376
2017-08-16 01:00:00,3369.8088040796156
2017-08-17 01:00:00,3521.837768924805
2017-08-18 01:00:00,3499.809158679202
2017-08-20 01:00:00,3551.339092447985
2017-08-21 01:00:00,3475.0437034208885
2017-08-22 01:00:00,3281.776904334396
2017-08-23 01:00:00,3472.3881310354186
2017-08-24 01:00:00,3407.604459951377
2017-08-25 01:00:00,3267.4919458967256
2017-08-27 01:00:00,3484.100891054033
2017-08-28 01:00:00,3334.6298471828445
2017-08-29 01:00:00,3530.878502156497
2017-08-30 01:00:00,3541.830972473672
2017-08-31 01:00:00,3374.8817721254554
2017-09-01 01:00:00,3502.961493771616
2017-09-03 01:00:00,3342.378202910532
2017-09-04 01:00:00,3441.832418595516
2017-09-05 01:00:00,3563.4809690042166
2017-09-06 01:00:00,3274.8931710494517
2017-09-07 01:00:00,3400.7100884460633
2017-09-08 01:00:00,3522.595305000374
2017-09-10 01:00:00,3350.09286208501
2017-09-11 01:00:00,3479.674670644542
2017-09-12 01:00:00,3196.3044623276965
2017-09-13 01:00:00,3327.7373908135214
2017-09-14 01:00:00,3459.520482782735
2017-09-15 01:00:00,3267.058434238674
2017-09-17 01:00:00,3528.070184251609
2017-09-18 01:00:00,3372.990537215529
2017-09-19 01:00:00,3450.6362399075883
2017-09-20 01:00:00,3585.8603160803095
2017-09-21 01:00:00,3512.5665344383324
2017-09-22 01:00:00,3437.93892778928
2017-09-24 01:00:00,3585.1550817469297
2017-09-25 01:00:00,3492.981027560922
2017-09-26 01:00:00,3400.485302217733
2017-09-27 01:00:00,3462.4066569769634
2017-09-28 01:00:00,3561.224981151367
2017-09-29 01:00:00,3377.102945586654
2017-10-01 01:00:00,3481.957426590132
2017-10-02 01:00:00,3444.2372205732477
2017-10-03 01:00:00,3287.2252083195303
2017-10-04 01:00:00,3503.4908843169114
2017-10-05 01:00:00,3463.839902722186
2017-10-06 01:00:00,3240.764782011278
2017-10-08 01:00:00,3320.548143423984
2017-10-09 01:00:00,3184.6768913839255
2017-10-10 01:00:00,3473.001579393388
2017-10-11 01:00:00,3176.498534964652
2017-10-12 01:00:00,3142.737421953367
2017-10-13 01:00:00,3442.6189719358845
2017-10-15 01:00:00,2941.2010809461003
2017-10-16 01:00:00,3253.659638234534
2017-10-17 01:00:00,2812.190222293426
2017-10-18 01:00:00,2674.921981174108
2017-10-19 01:00:00,3167.081476275079
2017-10-20 01:00:00,2931.062415023984
2017-10-22 01:00:00,3054.4785398738295
2017-10-23 01:00:00,3109.1930702551917
2017-10-24 01:00:00,2655.54354893944
2017-10-25 01:00:00,2849.8772290920306
2017-10-26 01:00:00,3274.156807841071
2017-10-27 01:00:00,2975.823085358057
2017-10-29 01:00:00,3261.0504221241185
2017-10-30 00:00:00,3329.310184094022
2017-10-31 00:00:00,3090.5191315741617
2017-11-01 00:00:00,3412.7154784551676
2017-11-02 00:00:00,3484.5834556522914
2017-11-03 00:00:00,3323.9803750108254
2017-11-05 00:00:00,3420.0822652089482
2017-11-06 00:00:00,3430.690141891949
2017-11-07 00:00:00,3570.1877861374433
2017-11-08 00:00:00,3305.326421000516
2017-11-09 00:00:00,3485.943776042823
2017-11-10 00:00:00,3405.137257182598
2017-11-12 00:00:00,3336.866987339903
2017-11-13 00:00:00,3257.10031592442
2017-11-14 00:00:00,2878.521585560662
2017-11-15 00:00:00,3176.198723700717
2017-11-16 00:00:00,3282.444814956793
2017-11-17 00:00:00,2820.2069250462127
2017-11-19 00:00:00,3292.7340832490395
2017-11-20 00:00:00,2959.025517222443
2017-11-21 00:00:00,2765.4489372743674
2017-11-22 00:00:00,3213.4731019788915
2017-11-23 00:00:00,3271.9814546752377
2017-11-24 00:00:00,2917.354129908038
2017-11-26 00:00:00,3462.1465954618106
2017-11-27 00:00:00,3193.5628091378444
2017-11-28 00:00:00,3203.4009581973737
2017-11-29 00:00:00,3526.5396402266915
2017-11-30 00:00:00,3370.894674297657
2017-12-01 00:00:00,3379.214689986608
2017-12-03 00:00:00,3361.7906644418463
2017-12-04 00:00:00,3521.3549415500866
2017-12-05 00:00:00,3447.6619706415645
2017-12-06 00:00:00,3344.520054862242
2017-12-07 00:00:00,3559.263326634196
2017-12-08 00:00:00,3164.950033399491
2017-12-10 00:00:00,3316.202790121157
2017-12-11 00:00:00,2767.404841032082
2017-12-12 00:00:00,2891.099886639715
2017-12-13 00:00:00,3150.885994675156
2017-12-14 00:00:00,2563.3715553826337
2017-12-15 00:00:00,2591.3492341592364
2017-12-17 00:00:00,2689.206543462427
2017-12-18 00:00:00,2386.78142011153
2017-12-19 00:00:00,2952.2286658752087
2017-12-20 00:00:00,2985.6719649838765
2017-12-21 00:00:00,2533.268825111338
2017-12-22 00:00:00,2798.7416189613923
2017-12-25 00:00:00,2756.5996814341856
2017-12-26 00:00:00,3242.590173171878
2017-12-27 00:00:00,3043.005743311244
2017-12-28 00:00:00,2798.6105334479107
2017-12-29 00:00:00,3294.5617490397485
2018-01-01 00:00:00,3377.069249857724
2018-01-02 00:00:00,2940.6615361119743
2018-01-03 00:00:00,3146.678778699443
2018-01-04 00:00:00,3299.841136426819
2018-01-05 00:00:00,2889.6489232031336
2018-01-07 00:00:00,3249.658355460367
2018-01-08 00:00:00,2910.4439376191585
2018-01-09 00:00:00,3266.0421427164697
2018-01-10 00:00:00,3338.525629348303
2018-01-11 00:00:00,2961.1839473756004
2018-01-12 00:00:00,3143.235086375793
2018-01-14 00:00:00,3101.753182782105
2018-01-15 00:00:00,3003.1356054635808
2018-01-16 00:00:00,3395.2267582052923
2018-01-17 00:00:00,3359.561241642262
2018-01-18 00:00:00,3096.1471587526353
2018-01-19 00:00:00,3311.877917430146
2018-01-21 00:00:00,3202.9587987915015
2018-01-22 00:00:00,3256.2531872495397
2018-01-23 00:00:00,3493.5659899359744
2018-01-24 00:00:00,3282.583622714279
2018-01-25 00:00:00,3305.6600396611725
2018-01-26 00:00:00,3546.2133516293293
2018-01-28 00:00:00,3404.297820361448
2018-01-29 00:00:00,3553.2080181227757
2018-01-30 00:00:00,3303.0052030028182
2018-01-31 00:00:00,3495.908743050665
2018-02-01 00:00:00,3467.6240406144148
2018-02-02 00:00:00,3285.802777769737
2018-02-04 00:00:00,3462.508670368293
2018-02-05 00:00:00,3353.784531461607
2018-02-06 00:00:00,3548.153973595692
2018-02-07 00:00:00,3502.1593747065867
2018-02-08 00:00:00,3315.7366800512505
2018-02-09 00:00:00,3429.2191194465513
2018-02-11 00:00:00,3443.6780559935705
2018-02-12 00:00:00,3414.152231940967
2018-02-13 00:00:00,3449.8081645107955
2018-02-14 00:00:00,3498.6724622532674
2018-02-15 00:00:00,3569.183193685437
2018-02-16 00:00:00,3480.3569301679927
2018-02-18 00:00:00,3480.7548611263646
2018-02-19 00:00:00,3441.0922783797914
2018-02-20 00:00:00,3147.2261576183346
2018-02-21 00:00:00,3273.367171387622
2018-02-22 00:00:00,3393.288316453397
2018-02-23 00:00:00,2946.7256544882093
2018-02-25 00:00:00,3283.093509240917
2018-02-26 00:00:00,2793.7040087192263
2018-02-27 00:00:00,3024.09697669875
2018-02-28 00:00:00,3271.5708520369967
2018-03-01 00:00:00,2809.5703197170324
2018-03-02 00:00:00,3122.115354777428
2018-03-04 00:00:00,2898.8567485080607
2018-03-05 00:00:00,3172.71663934366
2018-03-06 00:00:00,3371.1201714923
2018-03-07 00:00:00,3163.2318232775947
2018-03-08 00:00:00,3285.216747036602
2018-03-09 00:00:00,3561.54806578764
2018-03-11 00:00:00,3425.3227956526453
2018-03-12 00:00:00,3520.9803567376307
2018-03-13 00:00:00,3478.938335327658
2018-03-14 00:00:00,3454.466448720937
2018-03-15 00:00:00,3562.9610315472214
2018-03-16 00:00:00,3440.5235764482222
2018-03-18 00:00:00,3544.9275179854453
2018-03-19 00:00:00,3361.7417715082847
2018-03-20 00:00:00,3259.466561285035
2018-03-21 00:00:00,3506.7479124010183
2018-03-22 00:00:00,3307.7003624746576
2018-03-23 00:00:00,3197.121653221659
2018-03-25 00:00:00,3261.5163423800477
2018-03-26 01:00:00,3162.78957183946
2018-03-27 01:00:00,3472.6749523932594
2018-03-28 01:00:00,3209.7494756645083
2018-03-29 01:00:00,3186.529768231894
2018-04-01 01:00:00,3212.8684671231235
2018-04-02 01:00:00,3449.5404570897495
2018-04-03 01:00:00,3288.4013560640915
2018-04-04 01:00:00,3131.3940357422584
2018-04-05 01:00:00,3363.802462511647
2018-04-06 01:00:00,3443.7338545083308
2018-04-08 01:00:00,3246.421771330847
2018-04-09 01:00:00,3483.3138998974964
2018-04-10 01:00:00,3309.696557117259
2018-04-11 01:00:00,3150.1038798724167
2018-04-12 01:00:00,3427.96771645479
2018-04-13 01:00:00,3513.083550068131
2018-04-15 01:00:00,3470.1693290207895
2018-04-16 01:00:00,3588.323546057908
2018-04-17 01:00:00,3409.6899549683612
2018-04-18 01:00:00,3488.204667582091
2018-04-19 01:00:00,3587.454817528654
2018-04-20 01:00:00,3505.339491016898
2018-04-22 01:00:00,3584.801618980277
2018-04-23 01:00:00,3579.6568315785844
2018-04-24 01:00:00,3519.3306805529305
2018-04-25 01:00:00,3567.048110428508
2018-04-26 01:00:00,3569.547748608004
2018-04-27 01:00:00,3392.1339946987127
2018-04-29 01:00:00,3477.3531477043007
2018-04-30 01:00:00,3244.099605801152
2018-05-01 01:00:00,3294.4190749133927
2018-05-02 01:00:00,3431.5014909795764
2018-05-03 01:00:00,3233.79368740235
2018-05-04 01:00:00,3154.986819541345
2018-05-06 01:00:00,3402.2929480485236
2018-05-07 01:00:00,3122.874708894833
2018-05-08 01:00:00,3285.9098639157837
2018-05-09 01:00:00,3471.0504908702364
2018-05-10 01:00:00,3167.955849938831
2018-05-11 01:00:00,3141.1818762319713
2018-05-13 01:00:00,3281.4367956929723
2018-05-14 01:00:00,3227.8261662792197
2018-05-15 01:00:00,3554.421198793403
2018-05-16 01:00:00,3370.3571596222
2018-05-17 01:00:00,3361.5803666212305
2018-05-18 01:00:00,3523.3385250501556
2018-05-20 01:00:00,3467.030035427654
2018-05-21 01:00:00,3481.9715049662127
2018-05-22 01:00:00,3395.074115018628
2018-05-23 01:00:00,3586.337705642031
2018-05-24 01:00:00,3356.751200101885
2018-05-25 01:00:00,3296.221534110164
2018-05-27 01:00:00,3108.2861226033338
2018-05-28 01:00:00,2922.9674358322673
2018-05-29 01:00:00,3259.540694347265
2018-05-30 01:00:00,2935.3458863235446
2018-05-31 01:00:00,2384.9615650558444
2018-06-01 01:00:00,2660.3972725824083
2018-06-03 01:00:00,2430.449358050934
2018-06-04 01:00:00,2452.544115239127
2018-06-05 01:00:00,3049.448705898651
2018-06-06 01:00:00,2958.5657240415912
2018-06-07 01:00:00,2595.443917620956
2018-06-08 01:00:00,3029.6076616285027
2018-06-10 01:00:00,3008.8987193797066
2018-06-11 01:00:00,3300.545345939808
2018-06-12 01:00:00,3470.950124680144
2018-06-13 01:00:00,3226.232289456692
2018-06-14 01:00:00,3509.8617114774147
2018-06-15 01:00:00,3378.282144319364
2018-06-17 01:00:00,3524.206103954387
2018-06-18 01:00:00,3194.620097423138
2018-06-19 01:00:00,3329.7354757399257
2018-06-20 01:00:00,3398.764811568374
2018-06-21 01:00:00,3005.5399501224606
2018-06-22 01:00:00,3265.084310343866
2018-06-24 01:00:00,3048.9396704193277
2018-06-25 01:00:00,3214.279375572336
2018-06-26 01:00:00,3439.833106887129
2018-06-27 01:00:00,3156.6673428153827
2018-06-28 01:00:00,3177.8536588758684
2018-06-29 01:00:00,3499.9062034276867
2018-07-01 01:00:00,3161.6642781727437
2018-07-02 01:00:00,3442.3732525059045
2018-07-03 01:00:00,3418.174182857723
2018-07-04 01:00:00,3083.325396096291
2018-07-05 01:00:00,3263.559215903936
2018-07-06 01:00:00,3358.598011430756
2018-07-08 01:00:00,3140.2950585689246
2018-07-09 01:00:00,3346.171823233059
2018-07-10 01:00:00,2926.760007280421
2018-07-11 01:00:00,3191.926060690307
2018-07-12 01:00:00,3247.569465137667
2018-07-13 01:00:00,2845.1105867454844
2018-07-15 01:00:00,3014.0874752221384
2018-07-16 01:00:00,2902.5241898885456
2018-07-17 01:00:00,3320.3066285400682
2018-07-18 01:00:00,2940.5926924273276
2018-07-19 01:00:00,3040.965439847206
2018-07-20 01:00:00,3342.229302012023
2018-07-22 01:00:00,3106.399150540206
2018-07-23 01:00:00,3414.8245499503873
2018-07-24 01:00:00,3130.161576526252
2018-07-25 01:00:00,3054.2382078458095
2018-07-26 01:00:00,3403.5441707546192
2018-07-27 01:00:00,3151.4337909058727
2018-07-29 01:00:00,3224.9425693749727
2018-07-30 01:00:00,3173.3696390251052
2018-07-31 01:00:00,2799.669887626392
2018-08-01 01:00:00,3107.1624074640185
2018-08-02 01:00:00,3222.8147809776665
2018-08-03 01:00:00,2753.0890212356708
2018-08-05 01:00:00,3196.0848560981976
2018-08-06 01:00:00,2661.1751909772775
2018-08-07 01:00:00,2903.240436664644
2018-08-08 01:00:00,3134.310749624828
2018-08-09 01:00:00,2681.012608644527
2018-08-10 01:00:00,3141.2876599707647
2018-08-12 01:00:00,2850.1365328875054
2018-08-13 01:00:00,3339.9114287936504
2018-08-14 01:00:00,3107.1322043697137
2018-08-15 01:00:00,3085.3781069886427
2018-08-16 01:00:00,3473.076021670411
2018-08-17 01:00:00,3181.831992772834
2018-08-19 01:00:00,3452.0165941129285
2018-08-20 01:00:00,3298.5792974105666
2018-08-21 01:00:00,3175.3556051938453
2018-08-22 01:00:00,3428.826731828343
2018-08-23 01:00:00,3488.8742334600097
2018-08-24 01:00:00,3244.1385445092783
2018-08-26 01:00:00,3527.8376563277698
2018-08-27 01:00:00,3321.7726209442094
2018-08-28 01:00:00,3259.7236491575595
2018-08-29 01:00:00,3503.923464303709
2018-08-30 01:00:00,3269.786171321311
2018-08-31 01:00:00,3191.5789877856037
2018-09-02 01:00:00,3313.152261106567
2018-09-03 01:00:00,3146.4471344851645
2018-09-04 01:00:00,3447.9252352938906
2018-09-05 01:00:00,3279.373263063233
2018-09-06 01:00:00,3103.21578331605
2018-09-07 01:00:00,3427.1822268689575
2018-09-09 01:00:00,3247.902660349454
2018-09-10 01:00:00,3520.05741325659
2018-09-11 01:00:00,3342.4272771934534
2018-09-12 01:00:00,3510.7742682221315
2018-09-13 01:00:00,3580.0935589840788
2018-09-14 01:00:00,3424.690336728863
2018-09-16 01:00:00,3491.7145196988677
2018-09-17 01:00:00,3258.0711160295846
2018-09-18 01:00:00,3453.425887480177
2018-09-19 01:00:00,3393.497577731031
2018-09-20 01:00:00,2978.1619487268913
2018-09-21 01:00:00,2982.81823276271
2018-09-23 01:00:00,2884.47757266389
2018-09-24 01:00:00,2650.2170652436466
2018-09-25 01:00:00,3077.1142230574887
2018-09-26 01:00:00,2985.0403456111485
2018-09-27 01:00:00,2544.4052828248746
2018-09-28 01:00:00,2934.3865692679065
2018-09-30 01:00:00,2595.408462642917
2018-10-01 01:00:00,2999.7772567680863
2018-10-02 01:00:00,3218.594387141671
2018-10-03 01:00:00,2835.869505964146
2018-10-04 01:00:00,3207.7688970897602
2018-10-05 01:00:00,3305.3758396550907
2018-10-07 01:00:00,3363.9137349954603
2018-10-08 01:00:00,3254.1178327286657
2018-10-09 01:00:00,3085.3260754631447
2018-10-10 01:00:00,3442.2259857452163
2018-10-11 01:00:00,3225.3979464146223
2018-10-12 01:00:00,3190.22635837637
2018-10-14 01:00:00,3152.0782184245177
2018-10-15 01:00:00,3007.69762056908
2018-10-16 01:00:00,3331.8321345211966
2018-10-17 01:00:00,3220.0963004723594
2018-10-18 01:00:00,2985.1937483743104
2018-10-19 01:00:00,3218.6452888116996
2018-10-21 01:00:00,3070.262757384503
2018-10-22 01:00:00,3120.264681776407
2018-10-23 01:00:00,3450.154110666121
2018-10-24 01:00:00,3203.972131243447
2018-10-25 01:00:00,3025.204541190179
2018-10-26 01:00:00,3372.1063050961143
2018-10-28 01:00:00,2950.4134990265256
2018-10-29 00:00:00,3265.2315150889563
2018-10-30 00:00:00,3263.462333037351
2018-10-31 00:00:00,2946.818232086008
2018-11-01 00:00:00,3276.060307594638
2018-11-02 00:00:00,3321.1540761118317
2018-11-04 00:00:00,3333.655008757316
2018-11-05 00:00:00,3375.0496623775784
2018-11-06 00:00:00,3033.4776765607394
2018-11-07 00:00:00,3339.203323586611
2018-11-08 00:00:00,3396.0944726084026
2018-11-09 00:00:00,3098.1593162741497
2018-11-11 00:00:00,3491.33098876441
2018-11-12 00:00:00,3206.622490472651
2018-11-13 00:00:00,3268.0814007201798
2018-11-14 00:00:00,3509.6586832704606
2018-11-15 00:00:00,3364.843017904259
2018-11-16 00:00:00,3253.2055713200984
2018-11-18 00:00:00,3523.5840630565262
2018-11-19 00:00:00,3268.397703638437
2018-11-20 00:00:00,3407.8361698674757
2018-11-21 00:00:00,3533.026161350925
2018-11-22 00:00:00,3269.435986992145
2018-11-23 00:00:00,3417.87664620258
2018-11-25 00:00:00,3221.1998439922972
2018-11-26 00:00:00,3462.4794007896876
2018-11-27 00:00:00,3451.1975663039116
2018-11-28 00:00:00,3315.506560021249
2018-11-29 00:00:00,3584.5750738141755
2018-11-30 00:00:00,3452.1364600521683
2018-12-02 00:00:00,3572.0411685117065
2018-12-03 00:00:00,3420.2061649748653
2018-12-04 00:00:00,3439.8363883676634
2018-12-05 00:00:00,3502.1909426040243
2018-12-06 00:00:00,3424.395350947578
2018-12-07 00:00:00,3453.3926412874575
2018-12-09 00:00:00,3474.194760131143
2018-12-10 00:00:00,3506.855522019298
2018-12-11 00:00:00,3538.7506357833536
2018-12-12 00:00:00,3518.4843260382036
2018-12-13 00:00:00,3556.5219221702214
2018-12-14 00:00:00,3546.947831630505
2018-12-16 00:00:00,3565.781096720317
2018-12-17 00:00:00,3595.7918286690633
2018-12-18 00:00:00,3582.322156331284
2018-12-19 00:00:00,3549.970134109627
2018-12-20 00:00:00,3528.1519941622664
2018-12-21 00:00:00,3482.778842211325
2018-12-23 00:00:00,3463.2869174483285
2018-12-24 00:00:00,3494.3474684927064
2018-12-25 00:00:00,3547.0706404639623
2018-12-26 00:00:00,3488.0534767727518
2018-12-27 00:00:00,3509.295119767927
2018-12-28 00:00:00,3585.1060637264964
2018-12-30 00:00:00,3501.7836316644375
2018-12-31 00:00:00,3558.233882395821
2019-01-01 00:00:00,3472.844785421842
2019-01-02 00:00:00,3376.4381294788286
2019-01-03 00:00:00,3495.8536457961186
2019-01-04 00:00:00,3522.8221457896334
2019-01-06 00:00:00,3397.5438663052146
2019-01-07 00:00:00,3540.8190346998263
2019-01-08 00:00:00,3476.559584651764
2019-01-09 00:00:00,3250.5452448536143
2019-01-10 00:00:00,3280.230157607149
2019-01-11 00:00:00,3502.417942251317
2019-01-13 00:00:00,3074.773698325002
2019-01-14 00:00:00,3304.877812330218
2019-01-15 00:00:00,3397.1687897154734
2019-01-16 00:00:00,2947.039186283614
2019-01-17 00:00:00,3003.7673537367195
2019-01-18 00:00:00,3248.931749859203
2019-01-20 00:00:00,2819.864329023668
2019-01-21 00:00:00,3115.203814745538
2019-01-22 00:00:00,2566.555405742905
2019-01-23 00:00:00,2894.7518215581513
2019-01-24 00:00:00,3080.5197018374433
2019-01-25 00:00:00,2620.259128099968
2019-01-27 00:00:00,3194.67613948152
2019-01-28 00:00:00,2782.606258237561
2019-01-29 00:00:00,3117.0717243192203
2019-01-30 00:00:00,3373.1710153395948
2019-01-31 00:00:00,3075.21800616325
2019-02-01 00:00:00,3136.6162524330875
2019-02-03 00:00:00,3390.605852857698
2019-02-04 00:00:00,3291.1551043475433
2019-02-05 00:00:00,3505.141414569951
2019-02-06 00:00:00,3592.7123979833004
2019-02-07 00:00:00,3446.020542123844
2019-02-08 00:00:00,3522.8480371900614
2019-02-10 00:00:00,3494.781376513868
2019-02-11 00:00:00,3467.6844676555193
2019-02-12 00:00:00,3549.3229261217275
2019-02-13 00:00:00,3369.257292949527
2019-02-14 00:00:00,3386.398910974107
2019-02-15 00:00:00,3534.886995961145
2019-02-17 00:00:00,3411.247388478514
2019-02-18 00:00:00,3549.87284717672
2019-02-19 00:00:00,3327.7523387516712
2019-02-20 00:00:00,3509.560976108815
2019-02-21 00:00:00,3516.2799934400987
2019-02-22 00:00:00,3384.7268947406133
2019-02-24 00:00:00,3512.0517307405703
2019-02-25 00:00:00,3465.006539265528
2019-02-26 00:00:00,3596.712052767034
2019-02-27 00:00:00,3520.6823622360826
2019-02-28 00:00:00,3466.7855390052646
2019-03-01 00:00:00,3552.0744073236124
2019-03-03 00:00:00,3449.3816363924807
2019-03-04 00:00:00,3526.2126064466734
2019-03-05 00:00:00,3600.0
2019-03-06 00:00:00,3517.042044011857
2019-03-07 00:00:00,3458.2254053399124
2019-03-08 00:00:00,3554.892053107356
2019-03-10 00:00:00,3466.7545305783156
2019-03-11 00:00:00,3496.5676578159646
2019-03-12 00:00:00,3584.9965823849716
2019-03-13 00:00:00,3447.6216454121463
2019-03-14 00:00:00,3438.6136038551513
2019-03-15 00:00:00,3530.181157598276
2019-03-17 00:00:00,3527.898040858346
2019-03-18 00:00:00,3518.9133758794637
2019-03-19 00:00:00,3456.579382151524
2019-03-20 00:00:00,3566.2847468400855
2019-03-21 00:00:00,3393.7461198814935
2019-03-22 00:00:00,3542.5687337504096
2019-03-24 00:00:00,3243.3395839272694
2019-03-25 00:00:00,3479.147053521693
2019-03-26 00:00:00,3230.229835253678
2019-03-27 00:00:00,3004.8594750501115
2019-03-28 00:00:00,3318.609260108668
2019-03-29 00:00:00,3240.677685348655
2019-03-31 00:00:00,3019.7010637501076
2019-04-01 01:00:00,3265.563794719151
2019-04-02 01:00:00,2827.324171546374
2019-04-03 01:00:00,2695.1309324164017
2019-04-04 01:00:00,3164.6082156673524
2019-04-05 01:00:00,3013.9091342172055
2019-04-07 01:00:00,2969.597396317766
2019-04-08 01:00:00,3154.3635497732453
2019-04-09 01:00:00,2718.799153520564
2019-04-10 01:00:00,2921.291572528521
2019-04-11 01:00:00,3327.3772093507496
2019-04-12 01:00:00,2956.4910968989043
2019-04-14 01:00:00,3422.6680193092357
2019-04-15 01:00:00,3127.212564144033
2019-04-16 01:00:00,3236.2206715635853
2019-04-17 01:00:00,3501.433079292011
2019-04-18 01:00:00,3270.7165560762883
2019-04-21 01:00:00,3461.600251183264
2019-04-22 01:00:00,3514.6073931028072
2019-04-23 01:00:00,3600.0
2019-04-24 01:00:00,3583.1932064676257
2019-04-25 01:00:00,3505.2595048992957
2019-04-26 01:00:00,3491.876286021451
2019-04-28 01:00:00,3525.7854980835195
2019-04-29 01:00:00,3361.8263822809395
2019-04-30 01:00:00,3369.181989853697
2019-05-01 01:00:00,3555.207186329143
2019-05-02 01:00:00,3483.273546610355
2019-05-03 01:00:00,3306.1819296802123
2019-05-05 01:00:00,3557.370557471728
2019-05-06 01:00:00,3352.2846995058967
2019-05-07 01:00:00,3456.0521158427196
2019-05-08 01:00:00,3571.9779719627095
2019-05-09 01:00:00,3438.832883832933
2019-05-10 01:00:00,3476.7444081853423
2019-05-12 01:00:00,3529.305339414148
2019-05-13 01:00:00,3577.8030088658943
2019-05-14 01:00:00,3537.1946645021408
2019-05-15 01:00:00,3517.692605414117
2019-05-16 01:00:00,3577.198223315197
2019-05-17 01:00:00,3370.816161567159
2019-05-19 01:00:00,3549.7021804727365
2019-05-20 01:00:00,3337.960493178149
2019-05-21 01:00:00,3383.0937770686833
2019-05-22 01:00:00,3529.8406012363075
2019-05-23 01:00:00,3391.5387911560174
2019-05-24 01:00:00,3377.8328294049697
2019-05-26 01:00:00,3572.5138858939627
2019-05-27 01:00:00,3463.8595562059886
2019-05-28 01:00:00,3542.1487040135507
2019-05-29 01:00:00,3525.023192606629
2019-05-30 01:00:00,3454.3153731987654
2019-05-31 01:00:00,3556.3648642797325
2019-06-02 01:00:00,3216.762617056975
2019-06-03 01:00:00,3375.612431528976
2019-06-04 01:00:00,3442.7936134919846
2019-06-05 01:00:00,3054.2481578456222
2019-06-06 01:00:00,3238.942521813411
2019-06-07 01:00:00,3365.0488544298005
2019-06-09 01:00:00,3186.6613983114457
2019-06-10 01:00:00,3307.778090380348
2019-06-11 01:00:00,2889.5420267348813
2019-06-12 01:00:00,3191.3848528190756
2019-06-13 01:00:00,3373.3479707959145
2019-06-14 01:00:00,3019.342822659614
2019-06-16 01:00:00,3475.782465965186
2019-06-17 01:00:00,3186.060298500443
2019-06-18 01:00:00,3180.8083731203265
2019-06-19 01:00:00,3465.343456588867
2019-06-20 01:00:00,3379.55997405249
2019-06-21 01:00:00,3173.569034492907
2019-06-23 01:00:00,3544.1763639509145
2019-06-24 01:00:00,3368.613091401465
2019-06-25 01:00:00,3166.3156799826406
2019-06-26 01:00:00,3355.536876572558
2019-06-27 01:00:00,3493.40158867398
2019-06-28 01:00:00,3210.931364904623
2019-06-30 01:00:00,3490.1681418813455
2019-07-01 01:00:00,3239.9280297231735
2019-07-02 01:00:00,3093.718713825483
2019-07-03 01:00:00,3461.0112914986457
2019-07-04 01:00:00,3197.4104144835906
2019-07-05 01:00:00,3067.097008482569
2019-07-07 01:00:00,3109.3068272974006
2019-07-08 01:00:00,3169.1862703660877
2019-07-09 01:00:00,3435.005495803372
2019-07-10 01:00:00,3109.6307602985485
2019-07-11 01:00:00,3285.6173949110716
2019-07-12 01:00:00,3499.9060087633507
2019-07-14 01:00:00,3427.722379205339
2019-07-15 01:00:00,3583.5791877694132
2019-07-16 01:00:00,3389.6612562395767
2019-07-17 01:00:00,3466.219518814304
2019-07-18 01:00:00,3533.5202391970097
2019-07-19 01:00:00,3375.9071485499967
2019-07-21 01:00:00,3571.4982944978683
2019-07-22 01:00:00,3444.3392964079176
2019-07-23 01:00:00,3423.183833380308
2019-07-24 01:00:00,3555.616915145478
2019-07-25 01:00:00,3476.2382074454213
2019-07-26 01:00:00,3374.514667285796
2019-07-28 01:00:00,3555.3439583666845
2019-07-29 01:00:00,3399.2003144179907
2019-07-30 01:00:00,3517.2969562039766
2019-07-31 01:00:00,3543.147398985523
2019-08-01 01:00:00,3388.39078387329
2019-08-02 01:00:00,3528.7762615904694
2019-08-04 01:00:00,3427.7073872692026
2019-08-05 01:00:00,3568.137516800225
2019-08-06 01:00:00,3482.0949733465613
2019-08-07 01:00:00,3436.579902917725
2019-08-08 01:00:00,3519.921331179366
2019-08-09 01:00:00,3484.0189848698687
2019-08-11 01:00:00,3535.5960053215504
2019-08-12 01:00:00,3509.916623713104
2019-08-13 01:00:00,3473.6336588515587
2019-08-14 01:00:00,3537.8265846069207
2019-08-15 01:00:00,3505.379733143416
2019-08-16 01:00:00,3528.14496493048
2019-08-18 01:00:00,3578.263805260046
2019-08-19 01:00:00,3522.4607496868857
2019-08-20 01:00:00,3532.91013322057
2019-08-21 01:00:00,3475.0059723599798
2019-08-22 01:00:00,3526.482754641599
2019-08-23 01:00:00,3597.743270016892
2019-08-25 01:00:00,3429.348040485328
2019-08-26 01:00:00,3529.731503320724
2019-08-27 01:00:00,3382.031767562321
2019-08-28 01:00:00,3204.140695159039
2019-08-29 01:00:00,3450.8273067028867
2019-08-30 01:00:00,3274.2674255057395
2019-09-01 01:00:00,3429.6775707377606
2019-09-02 01:00:00,3034.8914589875594
2019-09-03 01:00:00,3024.7160723903125
2019-09-04 01:00:00,3365.886266940666
2019-09-05 01:00:00,2976.2734146369426
2019-09-06 01:00:00,2949.0060036539026
2019-09-08 01:00:00,3137.5045395252246
2019-09-09 01:00:00,2898.320630702295
2019-09-10 01:00:00,3270.9187370004793
2019-09-11 01:00:00,3437.5138823436337
2019-09-12 01:00:00,3161.8122618091274
2019-09-13 01:00:00,3175.712879639708
2019-09-15 01:00:00,3510.063336343234
2019-09-16 01:00:00,3363.6037673674905
2019-09-17 01:00:00,3437.113114391839
2019-09-18 01:00:00,3546.5709018089738
2019-09-19 01:00:00,3466.6766488308094
2019-09-20 01:00:00,3479.8743906793297
2019-09-22 01:00:00,3587.3058670000937
2019-09-23 01:00:00,3575.5496203617035
2019-09-24 01:00:00,3477.9599878208173
2019-09-25 01:00:00,3521.814156279616
2019-09-26 01:00:00,3600.0
2019-09-27 01:00:00,3437.8106157996845
2019-09-29 01:00:00,3548.4285515443858
2019-09-30 01:00:00,3320.340557118687
2019-10-01 01:00:00,3432.6295280378295
2019-10-02 01:00:00,3498.371696483411
2019-10-03 01:00:00,3268.4406129593117
2019-10-04 01:00:00,3327.398219936931
2019-10-06 01:00:00,3327.210780448365
2019-10-07 01:00:00,3259.132169806816
2019-10-08 01:00:00,3502.3596795282574
2019-10-09 01:00:00,3446.8888390252737
2019-10-10 01:00:00,3214.8567698163547
2019-10-11 01:00:00,3265.1308126697486
2019-10-13 01:00:00,3330.225064451406
2019-10-14 01:00:00,3142.5791512057485
2019-10-15 01:00:00,3324.121144281724
2019-10-16 01:00:00,3459.6918535193386
2019-10-17 01:00:00,3118.3500177172573
2019-10-18 01:00:00,3161.106655487671
2019-10-20 01:00:00,3294.731360866124
2019-10-21 01:00:00,3083.626263167513
2019-10-22 01:00:00,3381.487010290686
2019-10-23 01:00:00,3288.7022064766875
2019-10-24 01:00:00,2995.304017503257
2019-10-25 01:00:00,3353.359281955419
2019-10-27 01:00:00,2972.908339616248
2019-10-28 00:00:00,3319.4877843862537
2019-10-29 00:00:00,3113.542233484771
2019-10-30 00:00:00,3010.511708317029
2019-10-31 00:00:00,3373.9463533073417
2019-11-01 00:00:00,3167.1565375365303
2019-11-03 00:00:00,3426.688408905929
2019-11-04 00:00:00,3358.2834389099444
2019-11-05 00:00:00,3177.0703673624585
2019-11-06 00:00:00,3390.41742861782
2019-11-07 00:00:00,3527.3858430584664
2019-11-08 00:00:00,3349.967110159075
2019-11-10 00:00:00,3596.553242044839
2019-11-11 00:00:00,3584.615183243926
2019-11-12 00:00:00,3568.727239337938
2019-11-13 00:00:00,3521.450969168111
2019-11-14 00:00:00,3508.784951518972
2019-11-15 00:00:00,3566.2247881953044
2019-11-17 00:00:00,3387.8765141034246
2019-11-18 00:00:00,3543.1885588715054
2019-11-19 00:00:00,3281.0545421947527
2019-11-20 00:00:00,3301.996001483824
2019-11-21 00:00:00,3514.0881308221365
2019-11-22 00:00:00,3247.539168811728
2019-11-24 00:00:00,3542.4054186071444
2019-11-25 00:00:00,3257.843081196266
2019-11-26 00:00:00,3394.6973848817365
2019-11-27 00:00:00,3538.478283304485
2019-11-28 00:00:00,3259.8106205676545
2019-11-29 00:00:00,3367.4857690993967
2019-12-01 00:00:00,3357.462272685075
2019-12-02 00:00:00,3325.799395789171
2019-12-03 00:00:00,3559.553609223392
2019-12-04 00:00:00,3503.4892249274826
2019-12-05 00:00:00,3358.3159715616516
2019-12-06 00:00:00,3469.1649201677164
2019-12-08 00:00:00,3501.7273303829975
2019-12-09 00:00:00,3463.0667340047685
2019-12-10 00:00:00,3549.5903044187457
2019-12-11 00:00:00,3514.9374264261073
2019-12-12 00:00:00,3508.2052068625007
2019-12-13 00:00:00,3487.212489948265
2019-12-15 00:00:00,3561.1543470178435
2019-12-16 00:00:00,3445.6414000898485
2019-12-17 00:00:00,3408.377704079854
2019-12-18 00:00:00,3583.6167104653387
2019-12-19 00:00:00,3457.5542314212985
2019-12-20 00:00:00,3340.2685469826565
2019-12-22 00:00:00,3350.960095771077
2019-12-23 00:00:00,3194.248351234516
2019-12-24 00:00:00,3446.1592184315837
2019-12-25 00:00:00,3257.3638984354748
2019-12-26 00:00:00,3037.2308650944065
2019-12-27 00:00:00,3316.505068423315
2019-12-29 00:00:00,2994.188532987687
2019-12-30 00:00:00,3171.4085029196813
2019-12-31 00:00:00,3406.462347632539
2020-01-01 00:00:00,3078.603524493324
2020-01-02 00:00:00,2858.4257733243594
2020-01-03 00:00:00,3156.2436072239457
2020-01-05 00:00:00,3012.413357222705
2020-01-06 00:00:00,3061.143525656991
2020-01-07 00:00:00,3400.8278718204892
2020-01-08 00:00:00,3296.2583751733496
2020-01-09 00:00:00,3060.6367892029803
2020-01-10 00:00:00,3389.829859134463
2020-01-12 00:00:00,3110.4884302425344
2020-01-13 00:00:00,3359.45717811406
2020-01-14 00:00:00,3447.8568591985468
2020-01-15 00:00:00,3140.598161283455
2020-01-16 00:00:00,3358.2020812029873
2020-01-17 00:00:00,3458.4519271461936
2020-01-19 00:00:00,3330.7463692701517
2020-01-20 00:00:00,3461.0126007715453
2020-01-21 00:00:00,3245.5727789130033
2020-01-22 00:00:00,3329.2806749930805
2020-01-23 00:00:00,3537.359584148289
2020-01-24 00:00:00,3437.864931397563
2020-01-26 00:00:00,3539.608177146637
2020-01-27 00:00:00,3506.143428596581
2020-01-28 00:00:00,3447.627509611184
2020-01-29 00:00:00,3510.463714477398
2020-01-30 00:00:00,3491.4603123825946
2020-01-31 00:00:00,3418.704552382007
2020-02-02 00:00:00,3558.85679443376
2020-02-03 00:00:00,3491.2180184230465
2020-02-04 00:00:00,3523.512467760609
2020-02-05 00:00:00,3579.1749566513804
2020-02-06 00:00:00,3409.445596685847
2020-02-07 00:00:00,3434.269716899361
2020-02-09 00:00:00,3356.250597658481
2020-02-10 00:00:00,3471.141043187122
2020-02-11 00:00:00,3511.026197079278
2020-02-12 00:00:00,3342.4881552822176
2020-02-13 00:00:00,3538.7592759930203
2020-02-14 00:00:00,3488.775724731022
2020-02-16 00:00:00,3587.7814210259203
2020-02-17 00:00:00,3441.580953930568
2020-02-18 00:00:00,3324.4983830170895
2020-02-19 00:00:00,3564.757290618662
2020-02-20 00:00:00,3411.6009433129557
2020-02-21 00:00:00,3212.264775998785
2020-02-23 00:00:00,3408.677438635394
2020-02-24 00:00:00,3118.7427608029884
2020-02-25 00:00:00,3368.0073654488424
2020-02-26 00:00:00,3535.98688748098
2020-02-27 00:00:00,3318.994672101975
2020-02-28 00:00:00,3384.569369273584
2020-03-01 00:00:00,3440.4640359784607
2020-03-02 00:00:00,3437.349411599661
2020-03-03 00:00:00,3568.970141565997
2020-03-04 00:00:00,3523.084923342338
2020-03-05 00:00:00,3535.966306951653
2020-03-06 00:00:00,3590.8923618505296
2020-03-08 00:00:00,3574.759647197313
2020-03-09 00:00:00,3542.5024107883496
2020-03-10 00:00:00,3457.976678699185
2020-03-11 00:00:00,3595.5433091636023
2020-03-12 00:00:00,3408.7946006996267
2020-03-13 00:00:00,3448.7416804180507
2020-03-15 00:00:00,3277.812371841734
2020-03-16 00:00:00,3353.3238611762295
2020-03-17 00:00:00,3481.2587358969313
2020-03-18 00:00:00,3156.5625154908084
2020-03-19 00:00:00,3091.417764935013
2020-03-20 00:00:00,3397.4791255971018
2020-03-22 00:00:00,2843.384498420338
2020-03-23 00:00:00,3144.722985509962
2020-03-24 00:00:00,3269.706973120621
2020-03-25 00:00:00,2805.358437470401
2020-03-26 00:00:00,2786.766151445947
2020-03-27 00:00:00,3186.9841801052376
2020-03-29 00:00:00,2540.253234754508
2020-03-30 01:00:00,2946.9213811121354
2020-03-31 01:00:00,3131.5131802680867
2020-04-01 01:00:00,2618.278004281051
2020-04-02 01:00:00,2784.870082283123
2020-04-03 01:00:00,3188.296262033328
2020-04-05 01:00:00,2889.122644242525
2020-04-06 01:00:00,3255.2299676242164
2020-04-07 01:00:00,2820.6910336452297
2020-04-08 01:00:00,3230.8811588528806
2020-04-09 01:00:00,3241.2643013933744
2020-04-12 01:00:00,3258.5223405582656
2020-04-13 01:00:00,3152.8855721065574
2020-04-14 01:00:00,3435.4922770125286
2020-04-15 01:00:00,3316.1803250624766
2020-04-16 01:00:00,3241.704459738015
2020-04-17 01:00:00,3543.600645614115
2020-04-19 01:00:00,3297.499254219861
2020-04-20 01:00:00,3449.7211359699
2020-04-21 01:00:00,3531.0483682167346
2020-04-22 01:00:00,3257.648717100834
2020-04-23 01:00:00,3269.348493344477
2020-04-24 01:00:00,3509.7876566882032
2020-04-26 01:00:00,3206.2291581961263
2020-04-27 01:00:00,3404.7566456064083
2020-04-28 01:00:00,3502.002465397538
2020-04-29 01:00:00,3349.182055368957
2020-04-30 01:00:00,3377.1799086462497
2020-05-01 01:00:00,3566.325482693168
2020-05-03 01:00:00,3370.2028753446602
2020-05-04 01:00:00,3502.787414421654
2020-05-05 01:00:00,3507.4664128627087
2020-05-06 01:00:00,3381.8094855371946
2020-05-07 01:00:00,3529.5278154137354
2020-05-08 01:00:00,3573.9348951635193
2020-05-10 01:00:00,3470.0608595284184
2020-05-11 01:00:00,3578.5450732994514
2020-05-12 01:00:00,3400.9908443017152
2020-05-13 01:00:00,3437.418013678757
2020-05-14 01:00:00,3590.0862421093198
2020-05-15 01:00:00,3513.129977448427
2020-05-17 01:00:00,3541.8713321517876
2020-05-18 01:00:00,3572.654542719502
2020-05-19 01:00:00,3525.149026460036
2020-05-20 01:00:00,3510.0796312203515
2020-05-21 01:00:00,3517.6580857027416
2020-05-22 01:00:00,3452.3116492757504
2020-05-24 01:00:00,3556.604706725216
2020-05-25 01:00:00,3507.959827934401
2020-05-26 01:00:00,3477.613380114235
2020-05-27 01:00:00,3580.4475095592534
2020-05-28 01:00:00,3457.0040174996393
2020-05-29 01:00:00,3360.8618384714787
2020-05-31 01:00:00,3381.248161876763
2020-06-01 01:00:00,3239.8356251518376
2020-06-02 01:00:00,3500.4306446167893
2020-06-03 01:00:00,3182.4413803284347
2020-06-04 01:00:00,3145.5159362125137
2020-06-05 01:00:00,3431.6983565744877
2020-06-07 01:00:00,3128.0924980646146
2020-06-08 01:00:00,3335.7066420195533
2020-06-09 01:00:00,2894.2842375176574
2020-06-10 01:00:00,3051.069216890034
2020-06-11 01:00:00,3309.6643169707836
2020-06-12 01:00:00,2978.0657612914038
2020-06-14 01:00:00,3330.729408389882
2020-06-15 01:00:00,3167.831024215767
2020-06-16 01:00:00,2951.1492057693445
2020-06-17 01:00:00,3291.3911431799984
2020-06-18 01:00:00,3408.6265805789267
2020-06-19 01:00:00,3107.8181482980713
2020-06-21 01:00:00,3494.4402755616393
2020-06-22 01:00:00,3218.0702829339307
2020-06-23 01:00:00,3322.9056729436493
2020-06-24 01:00:00,3504.886646447851
2020-06-25 01:00:00,3255.419626971943
2020-06-26 01:00:00,3432.4027902380976
2020-06-28 01:00:00,3282.521696032646
2020-06-29 01:00:00,3528.5107957267232
2020-06-30 01:00:00,3432.837879672609
2020-07-01 01:00:00,3343.103696912733
2020-07-02 01:00:00,3536.1769136080466
2020-07-03 01:00:00,3282.1140429260086
2020-07-05 01:00:00,3466.445239573354
2020-07-06 01:00:00,3242.5039460792404
2020-07-07 01:00:00,3412.38019712941
2020-07-08 01:00:00,3445.3817541761337
2020-07-09 01:00:00,3216.949502793721
2020-07-10 01:00:00,3417.8539131762377
2020-07-12 01:00:00,3301.5334452502007
2020-07-13 01:00:00,3348.100515128578
2020-07-14 01:00:00,3558.2311872911037
2020-07-15 01:00:00,3365.987828862539
2020-07-16 01:00:00,3280.528358520207
2020-07-17 01:00:00,3525.511474647834
2020-07-19 01:00:00,3248.260990468906
2020-07-20 01:00:00,3471.2508022033944
2020-07-21 01:00:00,3431.2720662542342
2020-07-22 01:00:00,3278.163145979883
2020-07-23 01:00:00,3520.4788055172326
2020-07-24 01:00:00,3446.0619841816897
2020-07-26 01:00:00,3573.363898707467
2020-07-27 01:00:00,3403.4082926715437
2020-07-28 01:00:00,3432.475681496466
2020-07-29 01:00:00,3554.5265249535605
2020-07-30 01:00:00,3401.412891501059
2020-07-31 01:00:00,3509.153454072882
2020-08-02 01:00:00,3380.2565901430335
2020-08-03 01:00:00,3541.6093359362435
2020-08-04 01:00:00,3491.784398587275
2020-08-05 01:00:00,3222.4095191711813
2020-08-06 01:00:00,3400.561360991466
2020-08-07 01:00:00,3447.438128099667
2020-08-09 01:00:00,3068.122713135538
2020-08-10 01:00:00,3373.8645210277286
2020-08-11 01:00:00,3165.760877562647
2020-08-12 01:00:00,2788.171914818538
2020-08-13 01:00:00,3108.6229448134436
2020-08-14 01:00:00,3376.0807501001104
2020-08-16 01:00:00,3095.409308898548
2020-08-17 01:00:00,3473.596127331163
2020-08-18 01:00:00,3326.4800489765744
2020-08-19 01:00:00,3271.199493015491
2020-08-20 01:00:00,3527.3782997546796
2020-08-21 01:00:00,3440.3764470857404
2020-08-23 01:00:00,3578.235038630268
2020-08-24 01:00:00,3515.415300860494
2020-08-25 01:00:00,3494.002767312703
2020-08-26 01:00:00,3518.6874190708177
2020-08-27 01:00:00,3548.032082903954
2020-08-28 01:00:00,3526.9993740403834
2020-08-30 01:00:00,3581.345489439478
2020-08-31 01:00:00,3590.6146286680946
2020-09-01 01:00:00,3488.2202411385124
2020-09-02 01:00:00,3511.3211366378155
2020-09-03 01:00:00,3551.4547981300284
2020-09-04 01:00:00,3492.856675309346
2020-09-06 01:00:00,3546.4801250876435
2020-09-07 01:00:00,3517.3336560562184
2020-09-08 01:00:00,3502.341723018065
2020-09-09 01:00:00,3545.659170818665
2020-09-10 01:00:00,3540.978952834444
2020-09-11 01:00:00,3453.374584697372
2020-09-13 01:00:00,3522.053133078115
2020-09-14 01:00:00,3484.3983207807273
2020-09-15 01:00:00,3572.3310970139783
2020-09-16 01:00:00,3578.228077945211
2020-09-17 01:00:00,3409.5933187541327
2020-09-18 01:00:00,3491.7078154541264
2020-09-20 01:00:00,3265.1743570004187
2020-09-21 01:00:00,3473.8833781433113
2020-09-22 01:00:00,3372.340484843285
2020-09-23 01:00:00,3335.805583050289
2020-09-24 01:00:00,3564.951685450818
2020-09-25 01:00:00,3440.650399734614
2020-09-27 01:00:00,3519.497906640804
2020-09-28 01:00:00,3450.7824492430655
2020-09-29 01:00:00,3209.4335693436215
2020-09-30 01:00:00,3352.9506270145466
2020-10-01 01:00:00,3458.404187990713
2020-10-02 01:00:00,3303.0917185713106
2020-10-04 01:00:00,3580.0350300886453
2020-10-05 01:00:00,3502.8232253265696
2020-10-06 01:00:00,3408.6987031329804
2020-10-07 01:00:00,3560.665564252975
2020-10-08 01:00:00,3588.015828394209
2020-10-09 01:00:00,3396.3007672160707
2020-10-11 01:00:00,3510.694912695159
2020-10-12 01:00:00,3334.1317902349583
2020-10-13 01:00:00,3496.3813974349277
2020-10-14 01:00:00,3490.0887069137616
2020-10-15 01:00:00,3222.995880519452
2020-10-16 01:00:00,3497.8493041080037
2020-10-18 01:00:00,3147.027369164508
2020-10-19 01:00:00,3384.3431601154957
2020-10-20 01:00:00,2856.9520434913775
2020-10-21 01:00:00,3091.379752626043
2020-10-22 01:00:00,3122.556698432839
2020-10-23 01:00:00,2576.33073569473
2020-10-25 01:00:00,3059.8727554889765
2020-10-26 00:00:00,2622.185705739635
2020-10-27 00:00:00,2957.7284520134544
2020-10-28 00:00:00,3318.0285395499996
2020-10-29 00:00:00,2998.0069538668763
2020-10-30 00:00:00,3047.661634244087
2020-11-01 00:00:00,3301.016455315218
2020-11-02 00:00:00,3110.067407083343
2020-11-03 00:00:00,3356.726204442605
2020-11-04 00:00:00,3405.7764519300977
2020-11-05 00:00:00,3218.9213804183637
2020-11-06 00:00:00,3403.333964998559
2020-11-08 00:00:00,3300.135614167615
2020-11-09 00:00:00,3388.484584471454
2020-11-10 00:00:00,3491.357263383846
2020-11-11 00:00:00,3119.4554129803378
2020-11-12 00:00:00,3240.737027188389
2020-11-13 00:00:00,3203.225250042849
2020-11-15 00:00:00,3229.6288947792914
2020-11-16 00:00:00,3047.5647275499346
2020-11-17 00:00:00,2944.5286423219977
2020-11-18 00:00:00,3382.3493571984736
2020-11-19 00:00:00,3028.076238589219
2020-11-20 00:00:00,2978.48876447014
2020-11-22 00:00:00,3077.6305341416846
2020-11-23 00:00:00,2908.4057769502665
2020-11-24 00:00:00,3287.4399679390526
2020-11-25 00:00:00,3199.7435043251094
2020-11-26 00:00:00,2897.487346278578
2020-11-27 00:00:00,3175.9617355412174
2020-11-29 00:00:00,3192.727741525944
2020-11-30 00:00:00,3193.82874113141
2020-12-01 00:00:00,3508.0354200394668
2020-12-02 00:00:00,3365.2229983115117
2020-12-03 00:00:00,3173.0915011964667
2020-12-04 00:00:00,3438.7735644148715
2020-12-06 00:00:00,3094.4183425758915
2020-12-07 00:00:00,3387.127038059526
2020-12-08 00:00:00,3394.377445609145
2020-12-09 00:00:00,3058.5873117639235
2020-12-10 00:00:00,3381.8163392993392
2020-12-11 00:00:00,3325.2846791620022
2020-12-13 00:00:00,3412.1218561661967
2020-12-14 00:00:00,3135.609184079984
2020-12-15 00:00:00,3076.532219608906
2020-12-16 00:00:00,3463.170407177555
2020-12-17 00:00:00,3134.820245259451
2020-12-18 00:00:00,3153.158441606683
2020-12-20 00:00:00,3159.147068584185
2020-12-21 00:00:00,3133.6245180365345
2020-12-22 00:00:00,3495.874505607147
2020-12-23 00:00:00,3322.460559198754
2020-12-24 00:00:00,3116.6742452235953
2020-12-27 00:00:00,3124.994852802889
2020-12-28 00:00:00,3335.346403342606
2020-12-29 00:00:00,3484.3047933258963
2020-12-30 00:00:00,3131.9331240083125
2020-12-31 00:00:00,3130.3329396258096
2021-01-03 00:00:00,2853.235078810467
2021-01-04 00:00:00,3247.973857892577
2021-01-05 00:00:00,2819.6707416281233
2021-01-06 00:00:00,2683.3316727795946
2021-01-07 00:00:00,3167.0463150109913
2021-01-08 00:00:00,2679.371324274779
2021-01-10 00:00:00,3090.399262262026
2021-01-11 00:00:00,2581.3389538027714
2021-01-12 00:00:00,2674.4358027466437
2021-01-13 00:00:00,3135.483637960785
2021-01-14 00:00:00,2640.2744305867545
2021-01-15 00:00:00,2779.9713604532617
2021-01-17 00:00:00,2948.1006075380133
2021-01-18 00:00:00,2908.478017028225
2021-01-19 00:00:00,3368.155668560572
2021-01-20 00:00:00,3312.926541770503
2021-01-21 00:00:00,3141.2943953758395
2021-01-22 00:00:00,3389.4971929830663
2021-01-24 00:00:00,3363.5064972892883
2021-01-25 00:00:00,3401.2261050658167
2021-01-26 00:00:00,3520.3051038126955
2021-01-27 00:00:00,3438.7383247551584
2021-01-28 00:00:00,3431.5576330215135
2021-01-29 00:00:00,3531.7132245707758
2021-01-31 00:00:00,3493.6670165366077
2021-02-01 00:00:00,3543.6597882209094
2021-02-02 00:00:00,3380.1322131112174
2021-02-03 00:00:00,3487.9068932435116
2021-02-04 00:00:00,3502.4596889730046
2021-02-05 00:00:00,3245.8958365148483
2021-02-07 00:00:00,3420.300969929398
2021-02-08 00:00:00,3051.6312089985963
2021-02-09 00:00:00,3304.0943191324563
2021-02-10 00:00:00,3305.8065486981727
2021-02-11 00:00:00,2889.2407852924816
2021-02-12 00:00:00,3256.8439810371906
2021-02-14 00:00:00,2929.8163935243583
2021-02-15 00:00:00,3222.5156386519943
2021-02-16 00:00:00,3401.404366732094
2021-02-17 00:00:00,3080.8581150616833
2021-02-18 00:00:00,3189.238223016113
2021-02-19 00:00:00,3482.692719946158
2021-02-21 00:00:00,3254.6917368716004
2021-02-22 00:00:00,3527.910185909171
2021-02-23 00:00:00,3450.6866765823816
2021-02-24 00:00:00,3331.4402223650986
2021-02-25 00:00:00,3554.8161651980326
2021-02-26 00:00:00,3470.03413930279
2021-02-28 00:00:00,3598.5694034035014
2021-03-01 00:00:00,3355.7552573461576
2021-03-02 00:00:00,3345.3534603783028
2021-03-03 00:00:00,3532.937384831425
2021-03-04 00:00:00,3204.92780741499
2021-03-05 00:00:00,3342.417848616009
2021-03-07 00:00:00,3041.842341150204
2021-03-08 00:00:00,3307.524010057922
2021-03-09 00:00:00,3353.7716688303453
2021-03-10 00:00:00,3008.931386722637
2021-03-11 00:00:00,3227.459293589339
2021-03-12 00:00:00,3368.491637624767
2021-03-14 00:00:00,3116.707777078722
2021-03-15 00:00:00,3448.75728319734
2021-03-16 00:00:00,3217.0175375813365
2021-03-17 00:00:00,3121.974617515591
2021-03-18 00:00:00,3427.165584195697
2021-03-19 00:00:00,3363.775177942424
2021-03-21 00:00:00,3185.1802944828664
2021-03-22 00:00:00,3345.93048476472
2021-03-23 00:00:00,3075.4685710146987
2021-03-24 00:00:00,3142.2941173498493
2021-03-25 00:00:00,3423.6747749166216
2021-03-26 00:00:00,3132.226088367311
2021-03-28 00:00:00,3401.985759544726
2021-03-29 01:00:00,3021.1886960654188
2021-03-30 01:00:00,3264.2069940494953
2021-03-31 01:00:00,3379.7911150759364
2021-04-01 01:00:00,3055.417131007201
2021-04-04 01:00:00,3011.138851155729
2021-04-05 01:00:00,3385.4688269936464
2021-04-06 01:00:00,3357.8131843941283
2021-04-07 01:00:00,3182.733530828695
2021-04-08 01:00:00,3470.0612117532946
2021-04-09 01:00:00,3515.827707973598
2021-04-11 01:00:00,3505.845322736145
2021-04-12 01:00:00,3527.6974435391885
2021-04-13 01:00:00,3309.6696484219674
2021-04-14 01:00:00,3342.5891524149415
2021-04-15 01:00:00,3438.9851585446477
2021-04-16 01:00:00,3253.4959811909516
2021-04-18 01:00:00,3484.6767057682923
2021-04-19 01:00:00,3323.490339570768
2021-04-20 01:00:00,2997.249430991868
2021-04-21 01:00:00,3185.350026321386
2021-04-22 01:00:00,3340.262779662773
2021-04-23 01:00:00,2957.7136756626187
2021-04-25 01:00:00,3346.576186015535
2021-04-26 01:00:00,2951.8814172484904
2021-04-27 01:00:00,3196.912073014265
2021-04-28 01:00:00,3355.2697902547447
2021-04-29 01:00:00,3071.4034258664306
2021-04-30 01:00:00,3398.9291435959726
2021-05-02 01:00:00,3215.9585435741637
2021-05-03 01:00:00,3407.6573234985585
2021-05-04 01:00:00,3571.3675888944294
2021-05-05 01:00:00,3366.7314431522123
2021-05-06 01:00:00,3313.485376843418
2021-05-07 01:00:00,3449.303084397567
2021-05-09 01:00:00,3321.5393204147103
2021-05-10 01:00:00,3341.0258236866594
2021-05-11 01:00:00,3513.072716348549
2021-05-12 01:00:00,3500.5846988297285
2021-05-13 01:00:00,3268.23837304029
2021-05-14 01:00:00,3328.357673491067
2021-05-16 01:00:00,3427.640551347697
2021-05-17 01:00:00,3193.1016375233144
2021-05-18 01:00:00,3396.726480829179
2021-05-19 01:00:00,3442.5668493406743
2021-05-20 01:00:00,3127.821986536924
2021-05-21 01:00:00,3260.329839977115
2021-05-23 01:00:00,3134.3909734894282
2021-05-24 01:00:00,3316.952080106605
2021-05-25 01:00:00,3437.1910508786737
2021-05-26 01:00:00,3079.5671650008653
2021-05-27 01:00:00,3361.582882318445
2021-05-28 01:00:00,3251.8078640180765
2021-05-30 01:00:00,3372.320629588994
2021-05-31 01:00:00,3175.415561851642
2021-06-01 01:00:00,3089.6408007866717
2021-06-02 01:00:00,3414.1250302589883
2021-06-03 01:00:00,3345.483394639777
2021-06-04 01:00:00,3157.152728708458
2021-06-06 01:00:00,3487.78025582112
2021-06-07 01:00:00,3264.0610536172544
2021-06-08 01:00:00,3379.1002360150824
2021-06-09 01:00:00,3568.03028274286
2021-06-10 01:00:00,3372.548361610883
2021-06-11 01:00:00,3379.5396492795276
2021-06-13 01:00:00,3410.485708670899
2021-06-14 01:00:00,3301.319016143212
2021-06-15 01:00:00,3509.5796564689817
2021-06-16 01:00:00,3364.450777753037
2021-06-17 01:00:00,3215.003884771727
2021-06-18 01:00:00,3483.631849275384
2021-06-20 01:00:00,3172.894358470003
2021-06-21 01:00:00,3460.584342729185
2021-06-22 01:00:00,3174.290161474744
2021-06-23 01:00:00,3225.0215702909554
2021-06-24 01:00:00,3479.537263650788
2021-06-25 01:00:00,3138.964587499446
2021-06-27 01:00:00,3443.3355667601745
2021-06-28 01:00:00,3114.4335085952116
2021-06-29 01:00:00,3346.2576925577023
2021-06-30 01:00:00,3445.274952751216
2021-07-01 01:00:00,3158.1841654898612
2021-07-02 01:00:00,3247.6434316441887
2021-07-04 01:00:00,3353.3260387521327
2021-07-05 01:00:00,3136.627351347963
2021-07-06 01:00:00,3338.448895940095
2021-07-07 01:00:00,3452.410925151378
2021-07-08 01:00:00,3195.62489285312
2021-07-09 01:00:00,3134.4262563775287
2021-07-11 01:00:00,3405.521359059487
2021-07-12 01:00:00,3187.9102496065016
2021-07-13 01:00:00,3357.799136582732
2021-07-14 01:00:00,3527.8790914749243
2021-07-15 01:00:00,3278.350995996366
2021-07-16 01:00:00,3286.676478941704
2021-07-18 01:00:00,3377.572216830535
2021-07-19 01:00:00,3261.4555821014806
2021-07-20 01:00:00,3528.8771488996317
2021-07-21 01:00:00,3370.540124563546
2021-07-22 01:00:00,3201.566950472597
2021-07-23 01:00:00,3468.939428786725
2021-07-25 01:00:00,3145.213138546206
2021-07-26 01:00:00,3460.866485124061
2021-07-27 01:00:00,3437.6072460044934
2021-07-28 01:00:00,3184.701845507702
2021-07-29 01:00:00,3338.803471751959
2021-07-30 01:00:00,3484.944801730866
2021-08-01 01:00:00,3188.167949683931
2021-08-02 01:00:00,3437.6254539521046
2021-08-03 01:00:00,3524.0839208846432
2021-08-04 01:00:00,3357.468054348188
2021-08-05 01:00:00,3420.952795237754
2021-08-06 01:00:00,3557.5163302337137
2021-08-08 01:00:00,3489.250694254193
2021-08-09 01:00:00,3596.8236149105487
2021-08-10 01:00:00,3549.2530050867767
2021-08-11 01:00:00,3531.839405368416
2021-08-12 01:00:00,3536.4164493656554
2021-08-13 01:00:00,3423.210311842155
2021-08-15 01:00:00,3575.4095056881547
2021-08-16 01:00:00,3362.4671709547615
2021-08-17 01:00:00,3486.7035510237456
2021-08-18 01:00:00,3529.0799485475563
2021-08-19 01:00:00,3273.086865561609
2021-08-20 01:00:00,3432.840946118942
2021-08-22 01:00:00,3257.4701967032943
2021-08-23 01:00:00,3447.5445657243363
2021-08-24 01:00:00,3467.751741181697
2021-08-25 01:00:00,3293.183774305549
2021-08-26 01:00:00,3399.962997324556
2021-08-27 01:00:00,3499.184204148203
2021-08-29 01:00:00,3475.6269411842804
2021-08-30 01:00:00,3593.040708731342
2021-08-31 01:00:00,3499.0047514575404
2021-09-01 01:00:00,3463.164000057012
2021-09-02 01:00:00,3585.448123318163
2021-09-03 01:00:00,3539.3578986554935
2021-09-05 01:00:00,3415.768346727667
2021-09-06 01:00:00,3379.3275357349335
2021-09-07 01:00:00,3257.3265063330177
2021-09-08 01:00:00,3415.618194410812
2021-09-09 01:00:00,3442.8932896052543
2021-09-10 01:00:00,3384.5458982046207
2021-09-12 01:00:00,3527.0437543934595
2021-09-13 01:00:00,3452.1856478072687
2021-09-14 01:00:00,3556.5221938386335
2021-09-15 01:00:00,3493.4533720551335
2021-09-16 01:00:00,3466.1532768903667
2021-09-17 01:00:00,3527.57294911904
2021-09-19 01:00:00,3501.453863773056
2021-09-20 01:00:00,3514.2584617364523
2021-09-21 01:00:00,3543.2606342544495
2021-09-22 01:00:00,3573.0176916052374
2021-09-23 01:00:00,3520.3095671781593
2021-09-24 01:00:00,3469.1192156221864
2021-09-26 01:00:00,3435.565408633555
2021-09-27 01:00:00,3252.98072985006
2021-09-28 01:00:00,3260.6597299517953
2021-09-29 01:00:00,3395.6846251840693
2021-09-30 01:00:00,3193.9891079782474
2021-10-01 01:00:00,3091.1987130525663
2021-10-03 01:00:00,3247.0896280124325
2021-10-04 01:00:00,2923.2391543050385
2021-10-05 01:00:00,3275.370920664068
2021-10-06 01:00:00,3107.490086664711
2021-10-07 01:00:00,2795.367962044673
2021-10-08 01:00:00,3275.112718923246
2021-10-10 01:00:00,2945.0014357007954
2021-10-11 01:00:00,3348.6536278606413
2021-10-12 01:00:00,3025.2218509451113
2021-10-13 01:00:00,3243.742105411398
2021-10-14 01:00:00,3469.512236654301
2021-10-15 01:00:00,3187.428883468608
2021-10-17 01:00:00,3530.818483837818
2021-10-18 01:00:00,3311.300514250359
2021-10-19 01:00:00,3363.7075486206177
2021-10-20 01:00:00,3463.114094653887
2021-10-21 01:00:00,3326.9422746719238
2021-10-22 01:00:00,3295.8989511887976
2021-10-24 01:00:00,3417.592943420901
2021-10-25 01:00:00,3404.103558684555
2021-10-26 01:00:00,3546.22095499214
2021-10-27 01:00:00,3584.7231013323412
2021-10-28 01:00:00,3457.229072907536
2021-10-29 01:00:00,3500.39304721343
2021-10-31 01:00:00,3446.853843868948
2021-11-01 00:00:00,3387.4091700671374
2021-11-02 00:00:00,3481.7549748081774
2021-11-03 00:00:00,3445.0911476978954
2021-11-04 00:00:00,3443.6258082034083
2021-11-05 00:00:00,3528.70942628966
2021-11-07 00:00:00,3390.7396188102857
2021-11-08 00:00:00,3414.765735142477
2021-11-09 00:00:00,3396.362405063736
2021-11-10 00:00:00,3400.6233630324455
2021-11-11 00:00:00,3431.905439134672
2021-11-12 00:00:00,3517.682890390999
2021-11-14 00:00:00,3431.419985637275
2021-11-15 00:00:00,3526.325196294818
2021-11-16 00:00:00,3478.3934183551464
2021-11-17 00:00:00,3249.686871578617
2021-11-18 00:00:00,3297.943251108202
2021-11-19 00:00:00,3466.990178792361
2021-11-21 00:00:00,3264.8877753519837
2021-11-22 00:00:00,3446.2406615227674
2021-11-23 00:00:00,3500.3807095067364
2021-11-24 00:00:00,3267.860890529785
2021-11-25 00:00:00,3206.39086576378
2021-11-26 00:00:00,3403.479906424982
2021-11-28 00:00:00,3235.258235562632
2021-11-29 00:00:00,3428.447923079089
2021-11-30 00:00:00,3529.9285808486234
2021-12-01 00:00:00,3391.3816053890528
2021-12-02 00:00:00,3499.722084860206
2021-12-03 00:00:00,3530.4726330742483
2021-12-05 00:00:00,3541.6556665173457
2021-12-06 00:00:00,3540.645107514466
2021-12-07 00:00:00,3516.006299365202
2021-12-08 00:00:00,3518.5818013982716
2021-12-09 00:00:00,3495.477917011014
2021-12-10 00:00:00,3480.2403498453723
2021-12-12 00:00:00,3374.367937035322
2021-12-13 00:00:00,3431.2286455322196
2021-12-14 00:00:00,3371.2747567526317
2021-12-15 00:00:00,3297.1284721842526
2021-12-16 00:00:00,3457.9081415524006
2021-12-17 00:00:00,3547.6847170414894
2021-12-19 00:00:00,3259.1329526610057
2021-12-20 00:00:00,3386.6194936191346
2021-12-21 00:00:00,3395.524245977409
2021-12-22 00:00:00,3174.0737338923796
2021-12-23 00:00:00,3233.5299980542572
2021-12-26 00:00:00,3141.25951612343
2021-12-27 00:00:00,3403.4910188686586
2021-12-28 00:00:00,3430.2655261398563
2021-12-29 00:00:00,3131.4361900012514
2021-12-30 00:00:00,3358.987258811233
2021-12-31 00:00:00,3378.145000569121
2022-01-02 00:00:00,3481.769674833005
2022-01-03 00:00:00,3423.06032209478
2022-01-04 00:00:00,3355.67844712074
2022-01-05 00:00:00,3583.757658508279
2022-01-06 00:00:00,3431.4838672895676
2022-01-07 00:00:00,3444.340829800499
2022-01-09 00:00:00,3546.078557559985
2022-01-10 00:00:00,3512.743253789955
2022-01-11 00:00:00,3545.586894958611
2022-01-12 00:00:00,3549.4731094718804
2022-01-13 00:00:00,3507.0020664503136
2022-01-14 00:00:00,3394.748063905892
2022-01-16 00:00:00,3541.6486383070587
2022-01-17 00:00:00,3388.9101016393997
2022-01-18 00:00:00,3389.653298759799
2022-01-19 00:00:00,3544.8229137148896
2022-01-20 00:00:00,3382.5917192027964
2022-01-21 00:00:00,3308.0108257356887
2022-01-23 00:00:00,3435.8107772514713
2022-01-24 00:00:00,3328.3539880032295
2022-01-25 00:00:00,3531.5259423795337
2022-01-26 00:00:00,3462.197673489302
2022-01-27 00:00:00,3353.273778266499
2022-01-28 00:00:00,3492.140801587975
2022-01-30 00:00:00,3361.024672370132
2022-01-31 00:00:00,3526.545663849196
2022-02-01 00:00:00,3439.246606650811
2022-02-02 00:00:00,3375.054168014779
2022-02-03 00:00:00,3540.0613778100264
2022-02-04 00:00:00,3422.9638966468137
2022-02-06 00:00:00,3523.5995730503246
2022-02-07 00:00:00,3429.4328427435153
2022-02-08 00:00:00,3294.0375209835406
2022-02-09 00:00:00,3443.0783812713753
2022-02-10 00:00:00,3509.99628406492
2022-02-11 00:00:00,3408.681333956843
2022-02-13 00:00:00,3539.25530934633
2022-02-14 00:00:00,3463.5734706831245
2022-02-15 00:00:00,3380.6280906528773
2022-02-16 00:00:00,3489.869901102229
2022-02-17 00:00:00,3516.5745882875162
2022-02-18 00:00:00,3496.1187823288788
2022-02-20 00:00:00,3561.1474017521928
2022-02-21 00:00:00,3558.8628864319153
2022-02-22 00:00:00,3550.3603761181216
2022-02-23 00:00:00,3573.1653871118515
2022-02-24 00:00:00,3589.5281156605
2022-02-25 00:00:00,3559.2415648924953
2022-02-27 00:00:00,3583.1349118033677
2022-02-28 00:00:00,3525.0378240664572
2022-03-01 00:00:00,3548.235001808236
2022-03-02 00:00:00,3554.2909704443505
2022-03-03 00:00:00,3443.7696823352194
2022-03-04 00:00:00,3490.4581092078965
2022-03-06 00:00:00,3474.408170591945
2022-03-07 00:00:00,3580.350276039387
2022-03-08 00:00:00,3572.296824895479
2022-03-09 00:00:00,3403.157369946749
2022-03-10 00:00:00,3442.468173874418
2022-03-11 00:00:00,3569.218056585138
2022-03-13 00:00:00,3175.3360377175336
2022-03-14 00:00:00,3322.0872331459855
2022-03-15 00:00:00,3278.262388368459
2022-03-16 00:00:00,2912.452499076986
2022-03-17 00:00:00,3139.7935375888974
2022-03-18 00:00:00,3288.9385691605676
2022-03-20 00:00:00,2837.7717098036346
2022-03-21 00:00:00,3119.7106558195283
2022-03-22 00:00:00,2540.475646615849
2022-03-23 00:00:00,2675.7432341989347
2022-03-24 00:00:00,3041.9041868615104
2022-03-25 00:00:00,2523.6231045169498
2022-03-27 00:00:00,3117.9358961474204
2022-03-28 01:00:00,2531.244830920053
2022-03-29 01:00:00,2781.45713361103
2022-03-30 01:00:00,3211.766035950511
2022-03-31 01:00:00,2825.7189294336167
2022-04-01 01:00:00,2972.657411445873
2022-04-03 01:00:00,3179.1774350554256
2022-04-04 01:00:00,3100.7543461678906
2022-04-05 01:00:00,3349.164162077683
2022-04-06 01:00:00,3365.6845417525
2022-04-07 01:00:00,3268.9338568306252
2022-04-08 01:00:00,3518.462359405636
2022-04-10 01:00:00,3358.5341111821017
2022-04-11 01:00:00,3408.970212681043
2022-04-12 01:00:00,3466.7723040942014
2022-04-13 01:00:00,3168.3952816060037
2022-04-14 01:00:00,3253.100359050701
2022-04-17 01:00:00,3346.938690378062
2022-04-18 01:00:00,3546.6344881639625
2022-04-19 01:00:00,3344.616109116345
2022-04-20 01:00:00,3466.81951661423
2022-04-21 01:00:00,3547.893753968113
2022-04-22 01:00:00,3361.1041409401396
2022-04-24 01:00:00,3486.37028301317
2022-04-25 01:00:00,3390.46340745575
2022-04-26 01:00:00,3454.6455350183637
2022-04-27 01:00:00,3391.9591491874007
2022-04-28 01:00:00,3337.25939045061
2022-04-29 01:00:00,3478.5722072818126
2022-05-01 01:00:00,3398.9468097424797
2022-05-02 01:00:00,3572.2841462766014
2022-05-03 01:00:00,3519.453466121278
2022-05-04 01:00:00,3394.0968412204593
2022-05-05 01:00:00,3518.2938762567605
2022-05-06 01:00:00,3582.6432745669754
2022-05-08 01:00:00,3389.0607539340667
2022-05-09 01:00:00,3567.1478601474855
2022-05-10 01:00:00,3481.9631645057134
2022-05-11 01:00:00,3397.975605071877
2022-05-12 01:00:00,3569.703323497419
2022-05-13 01:00:00,3510.701108161461
2022-05-15 01:00:00,3546.420506095872
2022-05-16 01:00:00,3450.1715423590495
2022-05-17 01:00:00,3419.6042347740618
2022-05-18 01:00:00,3523.9685404274765
2022-05-19 01:00:00,3429.345328303302
2022-05-20 01:00:00,3477.2663972275705
2022-05-22 01:00:00,3408.5312618100916
2022-05-23 01:00:00,3528.7438209432385
2022-05-24 01:00:00,3542.4980794180688
2022-05-25 01:00:00,3314.1502601121924
2022-05-26 01:00:00,3412.372859164375
2022-05-27 01:00:00,3443.0715206973173
2022-05-29 01:00:00,3180.2756947874955
2022-05-30 01:00:00,3408.601519069754
2022-05-31 01:00:00,3088.7922747751254
2022-06-01 01:00:00,2842.058348115409
2022-06-02 01:00:00,3142.68534519461
2022-06-03 01:00:00,3184.5543080639045
2022-06-05 01:00:00,2952.2641153948466
2022-06-06 01:00:00,3277.1501349585765
2022-06-07 01:00:00,2864.610175066455
2022-06-08 01:00:00,2706.0258142812504
2022-06-09 01:00:00,3191.9503752576047
2022-06-10 01:00:00,2890.0959480792803
2022-06-12 01:00:00,3205.295924165098
2022-06-13 01:00:00,2876.445439047025
2022-06-14 01:00:00,2873.4735546233683
2022-06-15 01:00:00,3287.586987483596
2022-06-16 01:00:00,2887.712636083091
2022-06-17 01:00:00,3194.207026036161
2022-06-19 01:00:00,3144.4490928571536
2022-06-20 01:00:00,3435.237050701559
2022-06-21 01:00:00,3488.8870760860627
2022-06-22 01:00:00,3301.910578092756
2022-06-23 01:00:00,3443.680957888346
2022-06-24 01:00:00,3462.3038117073693
2022-06-26 01:00:00,3445.544443991915
2022-06-27 01:00:00,3465.2846159921055
2022-06-28 01:00:00,3457.746550272133
2022-06-29 01:00:00,3581.673757939012
2022-06-30 01:00:00,3548.0401806261616
2022-07-01 01:00:00,3315.383189185648
2022-07-03 01:00:00,3481.419710100462
2022-07-04 01:00:00,3194.9611195754255
2022-07-05 01:00:00,3103.6459396696655
2022-07-06 01:00:00,3417.425670268574
2022-07-07 01:00:00,3336.9178688882894
2022-07-08 01:00:00,3155.2419212365594
2022-07-10 01:00:00,3271.464553266656
2022-07-11 01:00:00,3213.487949479834
2022-07-12 01:00:00,3483.6338558149414
2022-07-13 01:00:00,3125.2202909529683
2022-07-14 01:00:00,3350.838379199062
2022-07-15 01:00:00,3221.1915904756943
2022-07-17 01:00:00,3191.4255477770766
2022-07-18 01:00:00,2918.1618296032043
2022-07-19 01:00:00,2617.84727427075
2022-07-20 01:00:00,3123.697865229859
2022-07-21 01:00:00,2954.861364471116
2022-07-22 01:00:00,2506.4205666090666
2022-07-24 01:00:00,3146.9175767128163
2022-07-25 01:00:00,2798.35126424257
2022-07-26 01:00:00,2804.1252538043072
2022-07-27 01:00:00,3310.320577817057
2022-07-28 01:00:00,3293.200575502873
2022-07-29 01:00:00,3022.802567278573
2022-07-31 01:00:00,3487.067776094949
2022-08-01 01:00:00,3343.177421774198
2022-08-02 01:00:00,3442.8418234061273
2022-08-03 01:00:00,3568.311001576217
2022-08-04 01:00:00,3331.1922832966943
2022-08-05 01:00:00,3421.8131371889704
2022-08-07 01:00:00,3051.845677636787
2022-08-08 01:00:00,3334.764391510197
2022-08-09 01:00:00,3166.1365298411224
2022-08-10 01:00:00,2876.615541692375
2022-08-11 01:00:00,3283.626329389528
2022-08-12 01:00:00,2793.4977289946964
2022-08-14 01:00:00,3170.0150502467764
2022-08-15 01:00:00,2599.153364742808
2022-08-16 01:00:00,2750.4044422807374
2022-08-17 01:00:00,3168.215865528215
2022-08-18 01:00:00,2743.4694001909124
2022-08-19 01:00:00,2758.111276643171
2022-08-21 01:00:00,3188.3327328956752
2022-08-22 01:00:00,2901.672311689127
2022-08-23 01:00:00,3178.299528872976
2022-08-24 01:00:00,3434.6914912792704
2022-08-25 01:00:00,3223.142297654224
2022-08-26 01:00:00,3172.965189898752
2022-08-28 01:00:00,3529.007876099291
2022-08-29 01:00:00,3408.765258887739
2022-08-30 01:00:00,3480.913047749256
2022-08-31 01:00:00,3529.78367031148
2022-09-01 01:00:00,3525.203205594484
2022-09-02 01:00:00,3436.2806344893515
2022-09-04 01:00:00,3572.0475087840073
2022-09-05 01:00:00,3359.8486161660207
2022-09-06 01:00:00,3393.4543141202926
2022-09-07 01:00:00,3507.0702072421677
2022-09-08 01:00:00,3179.1486963114103
2022-09-09 01:00:00,3362.184944727697
2022-09-11 01:00:00,3107.198942438417
2022-09-12 01:00:00,3372.8343474303406
2022-09-13 01:00:00,3387.916298082514
2022-09-14 01:00:00,3079.257234300676
2022-09-15 01:00:00,3286.2606989214332
2022-09-16 01:00:00,3469.394160735722
2022-09-18 01:00:00,3199.1999773105113
2022-09-19 01:00:00,3483.2210052266264
2022-09-20 01:00:00,3446.2005265536545
2022-09-21 01:00:00,3251.332628388135
2022-09-22 01:00:00,3381.0497673828563
2022-09-23 01:00:00,3553.4985478463113
2022-09-25 01:00:00,3289.842799616378
2022-09-26 01:00:00,3514.4236951775365
2022-09-27 01:00:00,3381.5833073657845
2022-09-28 01:00:00,3259.7065439229805
2022-09-29 01:00:00,3547.2951612443894
2022-09-30 01:00:00,3368.532689480533
2022-10-02 01:00:00,3541.760853231549
2022-10-03 01:00:00,3265.5892455651237
2022-10-04 01:00:00,3382.1237485869037
2022-10-05 01:00:00,3455.9699962696327
2022-10-06 01:00:00,3198.947686541782
2022-10-07 01:00:00,3428.9412828232225
2022-10-09 01:00:00,3177.04216541883
2022-10-10 01:00:00,3459.8974277143648
2022-10-11 01:00:00,3243.7117308351644
2022-10-12 01:00:00,3171.715260220378
2022-10-13 01:00:00,3479.3775210301856
2022-10-14 01:00:00,3236.0642032756123
2022-10-16 01:00:00,3246.3886800680443
2022-10-17 01:00:00,3252.4690453634244
2022-10-18 01:00:00,2807.420479417327
2022-10-19 01:00:00,2916.2978478469618
2022-10-20 01:00:00,3221.480586037592
2022-10-21 01:00:00,2827.780111795375
2022-10-23 01:00:00,3168.329432524751
2022-10-24 01:00:00,2966.713459000534
2022-10-25 01:00:00,2670.1042355533377
2022-10-26 01:00:00,3205.8504749732065
2022-10-27 01:00:00,3069.4600959854242
2022-10-28 01:00:00,2810.1792157494833
2022-10-30 01:00:00,3257.9475236239987
2022-10-31 00:00:00,3204.381157301044
2022-11-01 00:00:00,3546.335356953077
2022-11-02 00:00:00,3338.750878491467
2022-11-03 00:00:00,3441.065192790513
2022-11-04 00:00:00,3594.4527994121604
2022-11-06 00:00:00,3554.1516030908397
2022-11-07 00:00:00,3439.461449323404
2022-11-08 00:00:00,3238.8607669767816
2022-11-09 00:00:00,3451.412492845629
2022-11-10 00:00:00,3274.9432827650326
2022-11-11 00:00:00,2850.4955969144557
2022-11-13 00:00:00,3171.0920467330257
2022-11-14 00:00:00,2629.8668944397655
2022-11-15 00:00:00,2540.7333194088674
2022-11-16 00:00:00,2983.3948930307515
2022-11-17 00:00:00,2709.928997555792
2022-11-18 00:00:00,2225.241583833348
2022-11-20 00:00:00,2955.9630710231822
2022-11-21 00:00:00,2408.493581578226
2022-11-22 00:00:00,2799.377529715294
2022-11-23 00:00:00,3166.7789847140702
2022-11-24 00:00:00,2735.090303269644
2022-11-25 00:00:00,3163.7816370490805
2022-11-27 00:00:00,3078.710279707141
2022-11-28 00:00:00,3466.52444516293
2022-11-29 00:00:00,3400.4537588625535
2022-11-30 00:00:00,3446.351487668623
2022-12-01 00:00:00,3571.7544035265173
2022-12-02 00:00:00,3399.386323780704
2022-12-04 00:00:00,3424.5437305625196
2022-12-05 00:00:00,3183.389099251716
2022-12-06 00:00:00,3413.5634659126517
2022-12-07 00:00:00,3320.0830955575857
2022-12-08 00:00:00,2855.19937915968
2022-12-09 00:00:00,3008.5479840906323
2022-12-11 00:00:00,2718.1158120458713
2022-12-12 00:00:00,2596.8213448200645
2022-12-13 00:00:00,3072.970967535528
2022-12-14 00:00:00,2927.907787379345
2022-12-15 00:00:00,2507.678780622693
2022-12-16 00:00:00,2847.0658003151884
2022-12-18 00:00:00,2677.8789936297876
2022-12-19 00:00:00,2762.611135215374
2022-12-20 00:00:00,3277.6036850168907
2022-12-21 00:00:00,2944.083097271295
2022-12-22 00:00:00,3040.129865557084
2022-12-23 00:00:00,3431.024377298594
2022-12-26 00:00:00,3437.6211953128063
2022-12-27 00:00:00,3229.1933622129245
2022-12-28 00:00:00,3493.4476608090945
2022-12-29 00:00:00,3461.7712081716036
2022-12-30 00:00:00,3319.087932635073
2023-01-02 00:00:00,3375.892646343004
2023-01-03 00:00:00,3479.041801284967
2023-01-04 00:00:00,3528.4412931371753
2023-01-05 00:00:00,3410.470549523644
2023-01-06 00:00:00,3527.8397450445964
2023-01-08 00:00:00,3294.3592225197444
2023-01-09 00:00:00,3335.3381642125887
2023-01-10 00:00:00,3396.6249598062595
2023-01-11 00:00:00,3008.357161437617
2023-01-12 00:00:00,3043.24353698866
2023-01-13 00:00:00,3290.6286864378717
2023-01-15 00:00:00,2866.734528683313
2023-01-16 00:00:00,3310.364524252617
2023-01-17 00:00:00,3052.088249234427
2023-01-18 00:00:00,2826.1785158538014
2023-01-19 00:00:00,3281.449138306093
2023-01-20 00:00:00,2945.800233846252
2023-01-22 00:00:00,3296.60793945216
2023-01-23 00:00:00,2811.81742596006
2023-01-24 00:00:00,3103.7851769955455
2023-01-25 00:00:00,3186.3573803068934
2023-01-26 00:00:00,2842.163368996195
2023-01-27 00:00:00,3190.459354789647
2023-01-29 00:00:00,2906.929226585269
2023-01-30 00:00:00,3134.9674358277416
2023-01-31 00:00:00,3330.675749019093
2023-02-01 00:00:00,3130.749455544976
2023-02-02 00:00:00,3147.056119311997
2023-02-03 00:00:00,3403.0002904504117
2023-02-05 00:00:00,3219.1356815661766
2023-02-06 00:00:00,3376.5172260754625
2023-02-07 00:00:00,3492.611795953784
2023-02-08 00:00:00,3432.1514459095597
2023-02-09 00:00:00,3446.0424880810565
2023-02-10 00:00:00,3520.010126805467
2023-02-12 00:00:00,3486.8019012957398
2023-02-13 00:00:00,3463.222124310174
2023-02-14 00:00:00,3355.7180921457734
2023-02-15 00:00:00,3474.983543423919
2023-02-16 00:00:00,3407.030302212777
2023-02-17 00:00:00,3250.62510666339
2023-02-19 00:00:00,3232.722460623265
2023-02-20 00:00:00,3081.300990453418
2023-02-21 00:00:00,3355.7471289927007
2023-02-22 00:00:00,2931.4516411015143
2023-02-23 00:00:00,2987.094964209277
2023-02-24 00:00:00,3316.2030564405186
2023-02-26 00:00:00,2829.0001797174205
2023-02-27 00:00:00,3230.81181751581
2023-02-28 00:00:00,2910.3825154523656
2023-03-01 00:00:00,2618.3531885480343
2023-03-02 00:00:00,3036.692574241401
2023-03-03 00:00:00,3245.4407870220784
2023-03-05 00:00:00,2922.5116532451825
2023-03-06 00:00:00,3354.1877028625054
2023-03-07 00:00:00,3254.322015523449
2023-03-08 00:00:00,3010.64188740516
2023-03-09 00:00:00,3321.104533200187
2023-03-10 00:00:00,3491.44000403294
2023-03-12 00:00:00,3470.2242742139038
2023-03-13 00:00:00,3592.9804696144565
2023-03-14 00:00:00,3509.6630304559767
2023-03-15 00:00:00,3562.1061208555484
2023-03-16 00:00:00,3499.5973440178795
2023-03-17 00:00:00,3417.4884449376113
2023-03-19 00:00:00,3330.104400670567
2023-03-20 00:00:00,3318.4015024248006
2023-03-21 00:00:00,3430.144489509575
2023-03-22 00:00:00,2991.311977569805
2023-03-23 00:00:00,3145.847391756661
2023-03-24 00:00:00,3316.4947051838217
2023-03-26 00:00:00,3047.3235324219822
2023-03-27 01:00:00,3361.216526492702
2023-03-28 01:00:00,2958.657906376713
2023-03-29 01:00:00,2872.437570856083
2023-03-30 01:00:00,3280.437313660212
2023-03-31 01:00:00,3254.128452860116
2023-04-02 01:00:00,3225.427486175297
2023-04-03 01:00:00,3423.3906429763474
2023-04-04 01:00:00,3151.292739035374
2023-04-05 01:00:00,3150.0818659564115
2023-04-06 01:00:00,3479.137203189585
2023-04-09 01:00:00,3464.800001126295
2023-04-10 01:00:00,3262.7530353787306
2023-04-11 01:00:00,3117.10263948392
2023-04-12 01:00:00,3447.1436535265457
2023-04-13 01:00:00,3257.8465381029764
2023-04-14 01:00:00,3170.272368439629
2023-04-16 01:00:00,3288.2785958760487
2023-04-17 01:00:00,3313.9670094241374
2023-04-18 01:00:00,3562.191164644593
2023-04-19 01:00:00,3347.6290980078693
2023-04-20 01:00:00,3419.033087533685
2023-04-21 01:00:00,3570.192226285642
2023-04-23 01:00:00,3492.580560737557
2023-04-24 01:00:00,3598.731298053479
2023-04-25 01:00:00,3538.5504709011466
2023-04-26 01:00:00,3501.971536000011
2023-04-27 01:00:00,3512.7261469058776
2023-04-28 01:00:00,3557.9086756827796
2023-04-30 01:00:00,3534.0676123766543
2023-05-01 01:00:00,3509.7493269266156
2023-05-02 01:00:00,3583.400846617328
2023-05-03 01:00:00,3545.7130829713783
2023-05-04 01:00:00,3523.363889681608
2023-05-05 01:00:00,3580.3382003114184
2023-05-07 01:00:00,3527.3674121956406
2023-05-08 01:00:00,3584.8797589334413
2023-05-09 01:00:00,3543.7697134886203
2023-05-10 01:00:00,3561.3090780071084
2023-05-11 01:00:00,3544.532483099899
2023-05-12 01:00:00,3540.5812220302623
2023-05-14 01:00:00,3521.944912063157
2023-05-15 01:00:00,3494.937602979234
2023-05-16 01:00:00,3568.244590204213
2023-05-17 01:00:00,3454.432757548846
2023-05-18 01:00:00,3446.1491660298616
2023-05-19 01:00:00,3572.769054460078
2023-05-21 01:00:00,3443.7142674218458
2023-05-22 01:00:00,3560.3921136022987
2023-05-23 01:00:00,3562.8674497105044
2023-05-24 01:00:00,3438.9277274204005
2023-05-25 01:00:00,3483.43324505815
2023-05-26 01:00:00,3590.0189724266334
2023-05-28 01:00:00,3377.0702051679973
2023-05-29 01:00:00,3492.9693330310943
2023-05-30 01:00:00,3548.140134013422
2023-05-31 01:00:00,3326.147521515476
2023-06-01 01:00:00,3288.2223770041182
2023-06-02 01:00:00,3484.4650389613157
2023-06-04 01:00:00,3213.2682359249256
2023-06-05 01:00:00,3483.3175182905793
2023-06-06 01:00:00,3293.0347132592688
2023-06-07 01:00:00,3257.9645830118243
2023-06-08 01:00:00,3548.815667350424
2023-06-09 01:00:00,3242.877861497108
2023-06-11 01:00:00,3491.935509987528
2023-06-12 01:00:00,3236.76290886174
2023-06-13 01:00:00,3262.356870186881
2023-06-14 01:00:00,3538.832043378268
2023-06-15 01:00:00,3384.9017296044963
2023-06-16 01:00:00,3343.035311690769
2023-06-18 01:00:00,3493.321461676324
2023-06-19 01:00:00,3388.73884029087
2023-06-20 01:00:00,3558.708079843556
2023-06-21 01:00:00,3500.1839076156825
2023-06-22 01:00:00,3306.5363491965295
2023-06-23 01:00:00,3440.051648551634
2023-06-25 01:00:00,3213.389502289683
2023-06-26 01:00:00,3160.1513101203523
2023-06-27 01:00:00,3452.82719897775
2023-06-28 01:00:00,3268.4819239648627
2023-06-29 01:00:00,3027.131637191504
2023-06-30 01:00:00,3363.203117624753
2023-07-02 01:00:00,3021.1282233676156
2023-07-03 01:00:00,3374.7905987416098
2023-07-04 01:00:00,3337.0507493539285
2023-07-05 01:00:00,3164.3246176262833
2023-07-06 01:00:00,3497.1278145371584
2023-07-07 01:00:00,3456.7115806188117
2023-07-09 01:00:00,3576.3453083638437
2023-07-10 01:00:00,3556.744971759207
2023-07-11 01:00:00,3486.9414947166447
2023-07-12 01:00:00,3507.676680513834
2023-07-13 01:00:00,3537.310066804695
2023-07-14 01:00:00,3570.3783579991486
2023-07-16 01:00:00,3509.8239477402526
2023-07-17 01:00:00,3544.1464703328666
2023-07-18 01:00:00,3546.902908193987
2023-07-19 01:00:00,3490.624809057521
2023-07-20 01:00:00,3506.151052351217
2023-07-21 01:00:00,3593.770638836553
2023-07-23 01:00:00,3492.7797239167226
2023-07-24 01:00:00,3522.6235560204846
2023-07-25 01:00:00,3548.8798993005926
2023-07-26 01:00:00,3489.333679109592
2023-07-27 01:00:00,3456.0641683092
2023-07-28 01:00:00,3463.039193741456
2023-07-30 01:00:00,3505.289619689652
2023-07-31 01:00:00,3430.750732609544
2023-08-01 01:00:00,3521.148369343835
2023-08-02 01:00:00,3528.7599951914417
2023-08-03 01:00:00,3380.9502015620087
2023-08-04 01:00:00,3566.403183030935
2023-08-06 01:00:00,3252.412648715107
2023-08-07 01:00:00,3514.531682004477
2023-08-08 01:00:00,3264.643418760929
2023-08-09 01:00:00,3035.026698225157
2023-08-10 01:00:00,3341.051588746655
2023-08-11 01:00:00,3193.946266624509
2023-08-13 01:00:00,3011.4721260911033
2023-08-14 01:00:00,3184.453413485839
2023-08-15 01:00:00,2646.5383567775966
2023-08-16 01:00:00,2585.1346620971703
2023-08-17 01:00:00,3062.956119069353
2023-08-18 01:00:00,2751.295145465626
2023-08-20 01:00:00,2828.2932654161164
2023-08-21 01:00:00,2914.1554440349055
2023-08-22 01:00:00,2355.0649522692047
2023-08-23 01:00:00,2662.787742065923
2023-08-24 01:00:00,3001.1858491959642
2023-08-25 01:00:00,2416.8718214156975
2023-08-27 01:00:00,2981.9316780530708
2023-08-28 01:00:00,2416.810753681202
2023-08-29 01:00:00,2989.4593200283975
2023-08-30 01:00:00,2880.9833267092317
2023-08-31 01:00:00,2699.027193656362
2023-09-01 01:00:00,3258.7155697297776
2023-09-03 01:00:00,3049.1999371600396
2023-09-04 01:00:00,3254.60030716892
2023-09-05 01:00:00,2921.71837438376
2023-09-06 01:00:00,3255.3755256787
2023-09-07 01:00:00,3352.6292517436955
2023-09-08 01:00:00,3091.1533663632845
2023-09-10 01:00:00,3481.632842372785
2023-09-11 01:00:00,3225.1222731360876
2023-09-12 01:00:00,3268.2667876098094
2023-09-13 01:00:00,3506.266584629357
2023-09-14 01:00:00,3395.295099163152
2023-09-15 01:00:00,3304.1439706729984
2023-09-17 01:00:00,3515.406602975498
2023-09-18 01:00:00,3292.1364608664585
2023-09-19 01:00:00,3454.7733914961723
2023-09-20 01:00:00,3525.22189779242
2023-09-21 01:00:00,3195.5766603344305
2023-09-22 01:00:00,3335.54478437035
2023-09-24 01:00:00,3095.7160526025687
2023-09-25 01:00:00,3319.109659516823
2023-09-26 01:00:00,3301.0755069625343
2023-09-27 01:00:00,2993.293285222323
2023-09-28 01:00:00,3392.7623341410463
2023-09-29 01:00:00,3148.6576098758037
2023-10-01 01:00:00,3434.8804823089954
2023-10-02 01:00:00,3156.8475727844457
2023-10-03 01:00:00,3169.7259364584716
2023-10-04 01:00:00,3494.938599109502
2023-10-05 01:00:00,3283.208089344319
2023-10-06 01:00:00,3312.2165961365804
2023-10-08 01:00:00,3489.9448763800556
2023-10-09 01:00:00,3404.269533997513
2023-10-10 01:00:00,3596.5363316541325
2023-10-11 01:00:00,3500.8941751765196
2023-10-12 01:00:00,3331.8853989387217
2023-10-13 01:00:00,3434.6670895190996
2023-10-15 01:00:00,3086.625988402511
2023-10-16 01:00:00,3254.564603611513
2023-10-17 01:00:00,3370.5990255765973
2023-10-18 01:00:00,2920.8387293952005
2023-10-19 01:00:00,3037.316402547295
2023-10-20 01:00:00,3333.388010388807
2023-10-22 01:00:00,2902.9601893758163
2023-10-23 01:00:00,3290.499346802332
2023-10-24 01:00:00,2840.9033682350155
2023-10-25 01:00:00,3061.253204267264
2023-10-26 01:00:00,3320.5625526155222
2023-10-27 01:00:00,2926.3626384935565
2023-10-29 01:00:00,3388.1419081878566
2023-10-30 00:00:00,3064.730751963037
2023-10-31 00:00:00,3294.5379530914047
2023-11-01 00:00:00,3443.996444038465
2023-11-02 00:00:00,3267.6353060828533
2023-11-03 00:00:00,3422.243849305956
2023-11-05 00:00:00,3516.2061771977524
2023-11-06 00:00:00,3495.4513944595296
2023-11-07 00:00:00,3538.3504778943748
2023-11-08 00:00:00,3526.230232598475
2023-11-09 00:00:00,3574.753860188505
2023-11-10 00:00:00,3548.502331619994
2023-11-12 00:00:00,3526.0717651982286
2023-11-13 00:00:00,3568.234652600376
2023-11-14 00:00:00,3452.9934484844357
2023-11-15 00:00:00,3450.8898930502896
2023-11-16 00:00:00,3541.4516533136434
2023-11-17 00:00:00,3376.0052600501035
2023-11-19 00:00:00,3546.9524102461905
2023-11-20 00:00:00,3393.0178974855044
2023-11-21 00:00:00,3511.106660496781
2023-11-22 00:00:00,3524.5754466384883
2023-11-23 00:00:00,3344.335050815634
2023-11-24 00:00:00,3517.267345539658
2023-11-26 00:00:00,3304.246411101118
2023-11-27 00:00:00,3514.7091970486044
2023-11-28 00:00:00,3376.239034489547
2023-11-29 00:00:00,3248.4142824119035
2023-11-30 00:00:00,3449.101628060011
2023-12-01 00:00:00,3423.606251753863
2023-12-03 00:00:00,3352.1373070778127
2023-12-04 00:00:00,3464.948385899725
2023-12-05 00:00:00,3166.1055501317555
2023-12-06 00:00:00,3032.1044708318254
2023-12-07 00:00:00,3340.8527865905335
2023-12-08 00:00:00,3289.330196191149
2023-12-10 00:00:00,3362.348604954017
2023-12-11 00:00:00,3491.8017880534585
2023-12-12 00:00:00,3295.1246639613714
2023-12-13 00:00:00,3397.514326701637
2023-12-14 00:00:00,3517.7167885365047
2023-12-15 00:00:00,3398.518888557139
2023-12-17 00:00:00,3533.152792229436
2023-12-18 00:00:00,3473.329035860044
2023-12-19 00:00:00,3416.9025252743645
2023-12-20 00:00:00,3514.950526594036
2023-12-21 00:00:00,3533.1747373756916
2023-12-22 00:00:00,3377.6995284550608
2023-12-25 00:00:00,3337.1658417008634
2023-12-26 00:00:00,3482.251772467626
2023-12-27 00:00:00,3476.6403117193486
2023-12-28 00:00:00,3355.0894060057162
2023-12-29 00:00:00,3492.352870427448
2024-01-01 00:00:00,3504.7304574547884
2024-01-02 00:00:00,3538.6047947714383
2024-01-03 00:00:00,3471.401209598804
2024-01-04 00:00:00,3526.620264870923
2024-01-05 00:00:00,3546.5813935581896
2024-01-07 00:00:00,3509.524709677351
2024-01-08 00:00:00,3551.923073266804
2024-01-09 00:00:00,3518.256040869879
2024-01-10 00:00:00,3521.4406874769174
2024-01-11 00:00:00,3581.8393477198374
2024-01-12 00:00:00,3523.6438131238597
2024-01-14 00:00:00,3545.6355535224343
2024-01-15 00:00:00,3460.334455809785
2024-01-16 00:00:00,3421.2045350301782
2024-01-17 00:00:00,3548.4374472693344
2024-01-18 00:00:00,3471.16208428863
2024-01-19 00:00:00,3384.4085728757195
2024-01-21 00:00:00,3501.4746306034754
2024-01-22 00:00:00,3359.3347235395154
2024-01-23 00:00:00,3481.9796963687068
2024-01-24 00:00:00,3569.4652003301308
2024-01-25 00:00:00,3298.919828781729
2024-01-26 00:00:00,3217.139013824069
2024-01-28 00:00:00,3340.3597779225393
2024-01-29 00:00:00,3125.9731573221957
2024-01-30 00:00:00,3280.365377083076
2024-01-31 00:00:00,3495.2994865016626
2024-02-01 00:00:00,3328.5633485336107
2024-02-02 00:00:00,3176.155673111623
2024-02-04 00:00:00,3477.0271361525774
2024-02-05 00:00:00,3192.3832736366758
2024-02-06 00:00:00,3311.9657164974033
2024-02-07 00:00:00,3491.606781664796
2024-02-08 00:00:00,3255.335476116225
2024-02-09 00:00:00,3394.1291500446087
2024-02-11 00:00:00,3364.661088510113
2024-02-12 00:00:00,3516.495093999268
2024-02-13 00:00:00,3494.1054400328576
2024-02-14 00:00:00,3333.968276567317
2024-02-15 00:00:00,3461.2937770321605
2024-02-16 00:00:00,3456.0982424171575
2024-02-18 00:00:00,3515.1573212730914
2024-02-19 00:00:00,3529.4914078880206
2024-02-20 00:00:00,3462.7425998124927
2024-02-21 00:00:00,3536.7975389912194
2024-02-22 00:00:00,3583.1680041916015
2024-02-23 00:00:00,3494.3369998476774
2024-02-25 00:00:00,3599.3476073993093
2024-02-26 00:00:00,3576.7398833818593
2024-02-27 00:00:00,3469.1734707972996
2024-02-28 00:00:00,3436.4894274306425
2024-02-29 00:00:00,3497.640840155039
2024-03-01 00:00:00,3415.550226061984
2024-03-03 00:00:00,3475.045541096966
2024-03-04 00:00:00,3575.5454728229747
2024-03-05 00:00:00,3355.492155672468
2024-03-06 00:00:00,3298.562820190544
2024-03-07 00:00:00,3471.7900291018773
2024-03-08 00:00:00,3202.7690417858107
2024-03-10 00:00:00,3450.185646931879
2024-03-11 00:00:00,3140.691931586158
2024-03-12 00:00:00,3206.3862790727017
2024-03-13 00:00:00,3430.810440915093
2024-03-14 00:00:00,3019.7928357541527
2024-03-15 00:00:00,3141.0729676258684
2024-03-17 00:00:00,3086.4729327791542
2024-03-18 00:00:00,3076.389796211289
2024-03-19 00:00:00,3409.066214785443
2024-03-20 00:00:00,3343.4639702457816
2024-03-21 00:00:00,3045.802415185139
2024-03-22 00:00:00,3202.5188641647374
2024-03-24 00:00:00,3160.523696673581
2024-03-25 00:00:00,3127.1085837360665
2024-03-26 00:00:00,3438.7712891301635
2024-03-27 00:00:00,3493.2217938447197
2024-03-28 00:00:00,3353.90905768881
2024-03-31 00:00:00,3441.2218307867543
2024-04-01 01:00:00,3445.360100265323
2024-04-02 01:00:00,3592.19911489664
2024-04-03 01:00:00,3438.264385362412
2024-04-04 01:00:00,3458.601383170647
2024-04-05 01:00:00,3566.2716629979063
2024-04-07 01:00:00,3483.7197132720908
2024-04-08 01:00:00,3378.5739551607803
2024-04-09 01:00:00,3218.4856042122738
2024-04-10 01:00:00,3387.262941048601
2024-04-11 01:00:00,3148.17416342317
2024-04-12 01:00:00,3175.994603738328
2024-04-14 01:00:00,3050.0159415927687
2024-04-15 01:00:00,3124.1678359812477
2024-04-16 01:00:00,3405.4399229085884
2024-04-17 01:00:00,3139.164531982229
2024-04-18 01:00:00,3099.5863658721814
2024-04-19 01:00:00,3439.987892614005
2024-04-21 01:00:00,3125.308847844596
2024-04-22 01:00:00,3349.7619074063523
2024-04-23 01:00:00,3479.524026776437
2024-04-24 01:00:00,3218.321610086158
2024-04-25 01:00:00,3242.986078971694
2024-04-26 01:00:00,3444.5949154594477
2024-04-28 01:00:00,3270.817473344664
2024-04-29 01:00:00,3450.173669626081
2024-04-30 01:00:00,3403.0082181892967
2024-05-01 01:00:00,3416.298990521668
2024-05-02 01:00:00,3558.2288516612557
2024-05-03 01:00:00,3483.2659677310307
2024-05-05 01:00:00,3554.3712685157043
2024-05-06 01:00:00,3450.1683296067213
2024-05-07 01:00:00,3557.3834917606478
2024-05-08 01:00:00,3474.830664513637
2024-05-09 01:00:00,3433.033978191588
2024-05-10 01:00:00,3600.0
2024-05-12 01:00:00,3363.6079289750783
2024-05-13 01:00:00,3565.5415571459994
2024-05-14 01:00:00,3426.4340071138754
2024-05-15 01:00:00,3280.7861661635347
2024-05-16 01:00:00,3484.8462567220326
2024-05-17 01:00:00,3469.3203653699525
2024-05-19 01:00:00,3277.0058155189513
2024-05-20 01:00:00,3487.877742117143
2024-05-21 01:00:00,3261.4264031859293
2024-05-22 01:00:00,3174.781647282867
2024-05-23 01:00:00,3482.64331643961
2024-05-24 01:00:00,3334.0197775974643
2024-05-26 01:00:00,3384.9086815177743
2024-05-27 01:00:00,3250.73154862739
2024-05-28 01:00:00,2933.1109097782223
2024-05-29 01:00:00,3279.5638880930605
2024-05-30 01:00:00,3097.086201955993
2024-05-31 01:00:00,2775.578437069949
2024-06-02 01:00:00,3041.1583150829274
2024-06-03 01:00:00,2780.104699981653
2024-06-04 01:00:00,3260.3387451261437
2024-06-05 01:00:00,3031.3047765511947
2024-06-06 01:00:00,2776.9131531069556
2024-06-07 01:00:00,3248.775103619088
2024-06-09 01:00:00,2925.1979162724056
2024-06-10 01:00:00,3356.6289212487086
2024-06-11 01:00:00,3479.60880152598
2024-06-12 01:00:00,3309.7366175179977
2024-06-13 01:00:00,3398.0384671178376
2024-06-14 01:00:00,3600.0
2024-06-16 01:00:00,3553.6333274708
2024-06-17 01:00:00,3553.879191595483
2024-06-18 01:00:00,3430.6321594865676
2024-06-19 01:00:00,3475.8754196489226
2024-06-20 01:00:00,3486.0591656944343
2024-06-21 01:00:00,3227.9961151742705
2024-06-23 01:00:00,3468.659421103141
2024-06-24 01:00:00,3163.948966535888
2024-06-25 01:00:00,3234.554334141757
2024-06-26 01:00:00,3474.879379521551
2024-06-27 01:00:00,3122.291951974923
2024-06-28 01:00:00,3279.297289511502
2024-06-30 01:00:00,3275.030283753218
2024-07-01 01:00:00,3326.492066650579
2024-07-02 01:00:00,3509.772223438538
2024-07-03 01:00:00,3351.628752244655
2024-07-04 01:00:00,3425.9769146831636
2024-07-05 01:00:00,3593.326473636642
2024-07-07 01:00:00,3541.3338592413506
2024-07-08 01:00:00,3585.182547726234
2024-07-09 01:00:00,3513.9357687034067
2024-07-10 01:00:00,3544.195433878438
2024-07-11 01:00:00,3494.6105093893934
2024-07-12 01:00:00,3364.437786273634
2024-07-14 01:00:00,3451.5504388773575
2024-07-15 01:00:00,3275.4339573021043
2024-07-16 01:00:00,3283.681744583476
2024-07-17 01:00:00,3492.909220515309
2024-07-18 01:00:00,3338.8641080179605
2024-07-19 01:00:00,3192.4080382220263
2024-07-21 01:00:00,3248.5454630180743
2024-07-22 01:00:00,3060.2409002457366
2024-07-23 01:00:00,3400.1177541576344
2024-07-24 01:00:00,3016.07338484341
2024-07-25 01:00:00,2983.5060170472375
2024-07-26 01:00:00,3324.0829310075887
2024-07-28 01:00:00,2982.7863942066765
2024-07-29 01:00:00,3292.656609805412
2024-07-30 01:00:00,2803.9333430550864
2024-07-31 01:00:00,2878.7013312890667
2024-08-01 01:00:00,3268.253783674927
2024-08-02 01:00:00,2824.951593446259
2024-08-04 01:00:00,3170.975156252844
2024-08-05 01:00:00,2962.778001029294
2024-08-06 01:00:00,2590.8480998018063
2024-08-07 01:00:00,3013.1544989703925
2024-08-08 01:00:00,3203.1220439732433
2024-08-09 01:00:00,2781.8648806094398
2024-08-11 01:00:00,3323.4855067394155
2024-08-12 01:00:00,3136.0222146519345
2024-08-13 01:00:00,2955.028190735443
2024-08-14 01:00:00,3392.938539331214
2024-08-15 01:00:00,3389.909700202034
2024-08-16 01:00:00,3201.034439807558
2024-08-18 01:00:00,3476.2901056159612
2024-08-19 01:00:00,3435.9006797512866
2024-08-20 01:00:00,3577.2326925722723
2024-08-21 01:00:00,3469.3332920811968
2024-08-22 01:00:00,3549.3105198220856
2024-08-23 01:00:00,3501.4669138377194
2024-08-25 01:00:00,3565.3305424639266
2024-08-26 01:00:00,3406.9422317233684
2024-08-27 01:00:00,3505.8838036204024
2024-08-28 01:00:00,3524.9362202861867
2024-08-29 01:00:00,3327.3476989615997
2024-08-30 01:00:00,3426.248044562021
2024-09-01 01:00:00,3309.5090998994156
2024-09-02 01:00:00,3301.9745320680877
2024-09-03 01:00:00,3483.832846599953
2024-09-04 01:00:00,3388.366023181335
2024-09-05 01:00:00,3220.851832660796
2024-09-06 01:00:00,3400.664885847641
2024-09-08 01:00:00,3419.8280187011655
2024-09-09 01:00:00,3368.951502001657
2024-09-10 01:00:00,3557.442508861932
2024-09-11 01:00:00,3565.6549244380312
2024-09-12 01:00:00,3465.1070967968158
2024-09-13 01:00:00,3514.6287834592626
2024-09-15 01:00:00,3480.9466844752224
2024-09-16 01:00:00,3438.81744395609
2024-09-17 01:00:00,3510.809296322139
2024-09-18 01:00:00,3559.2306428981015
2024-09-19 01:00:00,3392.867248890792
2024-09-20 01:00:00,3502.5475526033233
2024-09-22 01:00:00,3188.3204758034135
2024-09-23 01:00:00,3395.689536003296
2024-09-24 01:00:00,3414.1338004131767
2024-09-25 01:00:00,3036.9070376504915
2024-09-26 01:00:00,3175.1759564971576
2024-09-27 01:00:00,3413.145452907905
2024-09-29 01:00:00,2884.311858083908
2024-09-30 01:00:00,3307.140634189717
2024-10-01 01:00:00,3340.7742297480827
2024-10-02 01:00:00,3033.15539462438
2024-10-03 01:00:00,3140.0277363788878
2024-10-04 01:00:00,3481.038629101242
2024-10-06 01:00:00,3136.665721376094
2024-10-07 01:00:00,3370.274121591377
2024-10-08 01:00:00,3479.1308408818754
2024-10-09 01:00:00,3311.6998475462988
2024-10-10 01:00:00,3427.4290916509412
2024-10-11 01:00:00,3600.0
2024-10-13 01:00:00,3509.486404315238
2024-10-14 01:00:00,3600.0
2024-10-15 01:00:00,3524.479590192431
2024-10-16 01:00:00,3574.178584135716
2024-10-17 01:00:00,3556.4661180301537
2024-10-18 01:00:00,3514.2575669733433
2024-10-20 01:00:00,3514.0554807774915
2024-10-21 01:00:00,3561.225235179061
2024-10-22 01:00:00,3565.597807936059
2024-10-23 01:00:00,3482.404393841582
2024-10-24 01:00:00,3525.06890860392
2024-10-25 01:00:00,3574.9661236671996
2024-10-27 01:00:00,3522.408838201461
2024-10-28 00:00:00,3576.288207143563
2024-10-29 00:00:00,3588.861125428236
2024-10-30 00:00:00,3528.4980871221105
2024-10-31 00:00:00,3528.3810553123863
2024-11-01 00:00:00,3558.010592393304
2024-11-03 00:00:00,3537.4792988652493
2024-11-04 00:00:00,3566.912380047285
2024-11-05 00:00:00,3571.2974655147136
2024-11-06 00:00:00,3561.127818551561
2024-11-07 00:00:00,3540.2132220532512
2024-11-08 00:00:00,3572.5833943582106
2024-11-10 00:00:00,3565.8251665683447
2024-11-11 00:00:00,3563.9491630367074
2024-11-12 00:00:00,3567.208587647311
2024-11-13 00:00:00,3565.7307658831073
2024-11-14 00:00:00,3558.19684425824
2024-11-15 00:00:00,3567.470385095071
2024-11-17 00:00:00,3577.0469395457385
2024-11-18 00:00:00,3540.857777440909
2024-11-19 00:00:00,3548.193614619041
2024-11-20 00:00:00,3564.583809961807
2024-11-21 00:00:00,3525.8866328403665
2024-11-22 00:00:00,3550.863821481615
2024-11-24 00:00:00,3528.1199558244325
2024-11-25 00:00:00,3413.7274265552546
2024-11-26 00:00:00,3492.1876836291963
2024-11-27 00:00:00,3465.2841530404157
2024-11-28 00:00:00,3332.536879400552
2024-11-29 00:00:00,3294.353490150065
2024-12-01 00:00:00,3355.230064753419
2024-12-02 00:00:00,3221.46362136991
2024-12-03 00:00:00,3458.2834209462544
2024-12-04 00:00:00,3440.780637909199
2024-12-05 00:00:00,3227.7664665129114
2024-12-06 00:00:00,3454.596238298771
2024-12-08 00:00:00,3270.9744738469535
2024-12-09 00:00:00,3487.3497794702416
2024-12-10 00:00:00,3405.4478138213244
2024-12-11 00:00:00,3382.207238150059
2024-12-12 00:00:00,3508.8558271488464
2024-12-13 00:00:00,3520.129859906511
2024-12-15 00:00:00,3505.793672387255
2024-12-16 00:00:00,3543.0174768669453
2024-12-17 00:00:00,3530.1859475559595
2024-12-18 00:00:00,3479.2243578333773
2024-12-19 00:00:00,3558.025564549448
2024-12-20 00:00:00,3526.2435981313656
2024-12-22 00:00:00,3452.202463618117
2024-12-23 00:00:00,3531.5093617275534
2024-12-24 00:00:00,3505.74240053245
2024-12-25 00:00:00,3494.334367952208
2024-12-26 00:00:00,3592.7421518156457
2024-12-27 00:00:00,3586.5894525845624
2024-12-29 00:00:00,3540.2268352785486
2024-12-30 00:00:00,3593.889470745293
2024-12-31 00:00:00,3600.0
2025-01-01 00:00:00,3519.817431979498
2025-01-02 00:00:00,3496.7394426354526
2025-01-03 00:00:00,3577.3676257717225
2025-01-05 00:00:00,3376.3409088945364
2025-01-06 00:00:00,3543.6512673672983
2025-01-07 00:00:00,3432.376370868948
2025-01-08 00:00:00,3293.8391350279
2025-01-09 00:00:00,3540.3725819593787
2025-01-10 00:00:00,3362.890430247352
2025-01-12 00:00:00,3481.230907638267
2025-01-13 00:00:00,3199.8321375489277
2025-01-14 00:00:00,3136.915801115727
2025-01-15 00:00:00,3447.486959859598
2025-01-16 00:00:00,3301.8015050267763
2025-01-17 00:00:00,3220.6990041842064
2025-01-19 00:00:00,3429.7746623607945
2025-01-20 00:00:00,3218.7820706630655
2025-01-21 00:00:00,3445.6239513191813
2025-01-22 00:00:00,3470.79481229251
2025-01-23 00:00:00,3166.5093457163744
2025-01-24 00:00:00,3250.2498684452166
2025-01-26 00:00:00,3061.231108768316
2025-01-27 00:00:00,3078.491639020904
2025-01-28 00:00:00,3361.9823379207132
2025-01-29 00:00:00,2890.7410260494917
2025-01-30 00:00:00,2900.4121383349498
2025-01-31 00:00:00,3272.343964006711
2025-02-02 00:00:00,2903.5770040753305
2025-02-03 00:00:00,3172.9450895361647
2025-02-04 00:00:00,2752.998032010524
2025-02-05 00:00:00,3132.372455628807
2025-02-06 00:00:00,3324.3110366905166
2025-02-07 00:00:00,2966.6119617606064
2025-02-09 00:00:00,3433.442389707857
2025-02-10 00:00:00,3206.051172804941
2025-02-11 00:00:00,3386.6930295955135
2025-02-12 00:00:00,3520.067977404227
2025-02-13 00:00:00,3416.498694494069
2025-02-14 00:00:00,3562.876565473759
2025-02-16 00:00:00,3404.8811579600024
2025-02-17 00:00:00,3493.316014894486
2025-02-18 00:00:00,3544.661199066032
2025-02-19 00:00:00,3298.0601748279237
2025-02-20 00:00:00,3344.12847994496
2025-02-21 00:00:00,3507.379917392529
2025-02-23 00:00:00,3118.0796442133737
2025-02-24 00:00:00,3431.2292273434073
2025-02-25 00:00:00,3334.627827647357
2025-02-26 00:00:00,3114.957430152949
2025-02-27 00:00:00,3473.2964514510268
2025-02-28 00:00:00,3409.9202271462664
2025-03-02 00:00:00,3528.299233146629
2025-03-03 00:00:00,3368.8330730431276
2025-03-04 00:00:00,3369.432473866806
2025-03-05 00:00:00,3586.534217988288
2025-03-06 00:00:00,3451.4313693923204
2025-03-07 00:00:00,3484.313131562485
2025-03-09 00:00:00,3500.3385069973438
2025-03-10 00:00:00,3502.6055837262143
2025-03-11 00:00:00,3597.902512967731
2025-03-12 00:00:00,3513.576208992706
2025-03-13 00:00:00,3471.997108099211
2025-03-14 00:00:00,3566.410108897759
2025-03-16 00:00:00,3435.002445410614
2025-03-17 00:00:00,3482.89585309444
2025-03-18 00:00:00,3586.2713359285203
2025-03-19 00:00:00,3399.616193379839
2025-03-20 00:00:00,3346.831241698588
2025-03-21 00:00:00,3545.29309499963
2025-03-23 00:00:00,3144.010874718133
2025-03-24 00:00:00,3424.2036530220385
2025-03-25 00:00:00,3295.4963446577526
2025-03-26 00:00:00,2940.285296808067
2025-03-27 00:00:00,3318.679481894717
2025-03-28 00:00:00,3005.704113258896
2025-03-30 00:00:00,3242.0164595242954
2025-03-31 01:00:00,2644.9718698446814
2025-04-01 01:00:00,2963.1473286441833
2025-04-02 01:00:00,2964.135091662118
2025-04-03 01:00:00,2473.2023955585646
2025-04-04 01:00:00,3008.2661248803497
2025-04-06 01:00:00,2446.0954878437747
2025-04-07 01:00:00,2965.4344649202826
2025-04-08 01:00:00,2871.62605795532
2025-04-09 01:00:00,2438.7677953617217
2025-04-10 01:00:00,2867.1219348325494
2025-04-11 01:00:00,3085.3119009620004
2025-04-13 01:00:00,2711.0040849093557
2025-04-14 01:00:00,3129.375214889538
2025-04-15 01:00:00,2835.089459311307
2025-04-16 01:00:00,2520.7127017699204
2025-04-17 01:00:00,3003.835907861049
2025-04-20 01:00:00,2945.390827626752
2025-04-21 01:00:00,3311.7797865535877
2025-04-22 01:00:00,2879.707697916765
2025-04-23 01:00:00,2958.5435664251613
2025-04-24 01:00:00,3342.438080524726
2025-04-25 01:00:00,2929.1034392054858
2025-04-27 01:00:00,3321.6426150253496
2025-04-28 01:00:00,2930.157402354913
2025-04-29 01:00:00,3279.383557449481
2025-04-30 01:00:00,3292.0422896576374
2025-05-01 01:00:00,3077.2676471755267
2025-05-02 01:00:00,3453.0244959848887
2025-05-04 01:00:00,3222.226469717919
2025-05-05 01:00:00,3529.507678079158
2025-05-06 01:00:00,3470.3547317088023
2025-05-07 01:00:00,3304.4665127215526
2025-05-08 01:00:00,3452.138474541702
2025-05-09 01:00:00,3511.6217089359166
2025-05-11 01:00:00,3359.6453775149776
2025-05-12 01:00:00,3529.86819895953
2025-05-13 01:00:00,3309.4602998586784
2025-05-14 01:00:00,3143.0143570888263
2025-05-15 01:00:00,3421.3971364547174
2025-05-16 01:00:00,3356.501699878627
2025-05-18 01:00:00,3174.098040773915
2025-05-19 01:00:00,3366.657038534254
2025-05-20 01:00:00,3023.1470385383263
2025-05-21 01:00:00,3010.189114052051
2025-05-22 01:00:00,3372.62245530478
2025-05-23 01:00:00,3062.7664716386926
2025-05-25 01:00:00,3375.731999464922
2025-05-26 01:00:00,3192.6592529579407
2025-05-27 01:00:00,3263.8284975642086
2025-05-28 01:00:00,3540.308998878386
2025-05-29 01:00:00,3368.6296339343444
2025-05-30 01:00:00,3411.1196160597647
2025-06-01 01:00:00,3502.1422590519114
2025-06-02 01:00:00,3498.3592396722147
2025-06-03 01:00:00,3543.831953946516
2025-06-04 01:00:00,3546.336318091114
2025-06-05 01:00:00,3520.8834404970544
2025-06-06 01:00:00,3557.860355006647
2025-06-08 01:00:00,3540.8715818781957
2025-06-09 01:00:00,3524.271766852447
2025-06-10 01:00:00,3526.690971235893
2025-06-11 01:00:00,3488.8543066908096
2025-06-12 01:00:00,3558.491553284911
2025-06-13 01:00:00,3537.9610966191644
2025-06-15 01:00:00,3523.66392173425
2025-06-16 01:00:00,3493.871375655655
2025-06-17 01:00:00,3506.608628097988
2025-06-18 01:00:00,3441.0396864513637
2025-06-19 01:00:00,3434.3216618313504
2025-06-20 01:00:00,3543.539726714805
2025-06-22 01:00:00,3436.1618035942706
2025-06-23 01:00:00,3555.352841579577
2025-06-24 01:00:00,3477.2932748766975
2025-06-25 01:00:00,3382.2870828672058
2025-06-26 01:00:00,3573.1040155455794
2025-06-27 01:00:00,3423.1195641435975
2025-06-29 01:00:00,3514.3150339310587
2025-06-30 01:00:00,3458.768941400606
2025-07-01 01:00:00,3293.172490194295
2025-07-02 01:00:00,3462.0387711062062
2025-07-03 01:00:00,3550.368155278063
2025-07-04 01:00:00,3357.9019278574647
2025-07-06 01:00:00,3566.837759809454
2025-07-07 01:00:00,3450.2071909121646
2025-07-08 01:00:00,3292.3970959818403
2025-07-09 01:00:00,3445.4637268155066
2025-07-10 01:00:00,3533.521494356749
2025-07-11 01:00:00,3350.6884180385364
2025-07-13 01:00:00,3562.8572255711583
2025-07-14 01:00:00,3399.9954906009475
2025-07-15 01:00:00,3486.1405129930663
2025-07-16 01:00:00,3565.8032929163464
2025-07-17 01:00:00,3399.2934767533793
2025-07-18 01:00:00,3536.2323209349247
2025-07-20 01:00:00,3350.4272751489684
2025-07-21 01:00:00,3561.327616417515
2025-07-22 01:00:00,3420.136998535519
2025-07-23 01:00:00,3287.5169459056674
2025-07-24 01:00:00,3521.0146613867882
2025-07-25 01:00:00,3257.9074061686715
2025-07-27 01:00:00,3472.9016978235454
2025-07-28 01:00:00,3214.365870094314
2025-07-29 01:00:00,3084.756836356396
2025-07-30 01:00:00,3431.238416765647
2025-07-31 01:00:00,3334.8135752250737
2025-08-01 01:00:00,3065.607435883496
2025-08-03 01:00:00,3496.7719426852536
2025-08-04 01:00:00,3224.540663198109
2025-08-05 01:00:00,3216.7272239303725
2025-08-06 01:00:00,3495.2964238276877
2025-08-07 01:00:00,3387.407647691619
2025-08-08 01:00:00,3206.1835559045876
