datetime,cycle
1999-06-03 01:00:00,497.10545547564817
1999-06-04 01:00:00,500.07964724332476
1999-06-06 01:00:00,505.98399584931127
1999-06-07 01:00:00,508.9131661163421
1999-06-08 01:00:00,511.8263081082816
1999-06-09 01:00:00,514.7228704689358
1999-06-10 01:00:00,517.6022689600325
1999-06-11 01:00:00,520.4638786874663
1999-06-13 01:00:00,526.1309788759792
1999-06-14 01:00:00,528.9349466186483
1999-06-15 01:00:00,531.7180760500701
1999-06-16 01:00:00,534.47945855014
1999-06-17 01:00:00,537.2181373963775
1999-06-18 01:00:00,539.933115570796
1999-06-20 01:00:00,545.2878118129561
1999-06-21 01:00:00,547.925371663349
1999-06-22 01:00:00,550.5349131182463
1999-06-23 01:00:00,553.1152728629778
1999-06-24 01:00:00,554.7337575696716
1999-06-25 01:00:00,555.5278818554514
1999-06-27 01:00:00,557.0845319006147
1999-06-28 01:00:00,557.8461704824485
1999-06-29 01:00:00,558.5960683463136
1999-06-30 01:00:00,559.3337438100351
1999-07-01 01:00:00,560.0586990515066
1999-07-02 01:00:00,560.7704193606342
1999-07-04 01:00:00,562.1520058446949
1999-07-05 01:00:00,562.8207481287659
1999-07-06 01:00:00,563.474004288533
1999-07-07 01:00:00,564.1111547357127
1999-07-08 01:00:00,564.7315521024719
1999-07-09 01:00:00,565.3345177212232
1999-07-11 01:00:00,566.485259274009
1999-07-12 01:00:00,567.0314878345577
1999-07-13 01:00:00,567.5571863198762
1999-07-14 01:00:00,568.0614767476352
1999-07-15 01:00:00,568.5434441786282
1999-07-16 01:00:00,569.0021421228776
1999-07-18 01:00:00,569.8458204017959
1999-07-19 01:00:00,570.2288004038254
1999-07-20 01:00:00,570.5845196729451
1999-07-21 01:00:00,570.9119532889207
1999-07-22 01:00:00,571.2100752765563
1999-07-23 01:00:00,571.4778647508887
1999-07-25 01:00:00,571.9184340441418
1999-07-26 01:00:00,572.0892717254984
1999-07-27 01:00:00,572.225915036084
1999-07-28 01:00:00,572.3275098354956
1999-07-29 01:00:00,572.393273772706
1999-07-30 01:00:00,572.422511779939
1999-08-01 01:00:00,572.3691630551333
1999-08-02 01:00:00,572.2857689053342
1999-08-03 01:00:00,572.164267039333
1999-08-04 01:00:00,572.004643956414
1999-08-05 01:00:00,571.8070713328102
1999-08-06 01:00:00,571.5719215571075
1999-08-08 01:00:00,570.9914734155143
1999-08-09 01:00:00,570.6480568333461
1999-08-10 01:00:00,570.2708555370708
1999-08-11 01:00:00,569.861465326004
1999-08-12 01:00:00,569.4217677886494
1999-08-13 01:00:00,568.9539393639375
1999-08-15 01:00:00,567.9440822081074
1999-08-16 01:00:00,567.4078712289391
1999-08-17 01:00:00,566.8551297907189
1999-08-18 01:00:00,566.2893944508486
1999-08-19 01:00:00,565.7143928169073
1999-08-20 01:00:00,565.1340002938417
1999-08-22 01:00:00,563.9729952063605
1999-08-23 01:00:00,563.4004324037899
1999-08-24 01:00:00,562.8384754815713
1999-08-25 01:00:00,562.2909932591555
1999-08-26 01:00:00,561.761704896593
1999-08-27 01:00:00,561.2541363017051
1999-08-29 01:00:00,560.3170658709882
1999-08-30 01:00:00,559.8933241658461
1999-08-31 01:00:00,559.5027744001529
1999-09-01 01:00:00,559.1475082904773
1999-09-02 01:00:00,558.8292866168351
1999-09-03 01:00:00,558.5495432033565
1999-09-05 01:00:00,558.1096649289348
1999-09-06 01:00:00,557.9508926023764
1999-09-07 01:00:00,557.8333707939348
1999-09-08 01:00:00,557.7571670221596
1999-09-09 01:00:00,557.7221524194163
1999-09-10 01:00:00,557.7280287260284
1999-09-12 01:00:00,557.8605624941798
1999-09-13 01:00:00,557.9859900347993
1999-09-14 01:00:00,558.1498857936459
1999-09-15 01:00:00,558.3514301266905
1999-09-16 01:00:00,558.5897473665427
1999-09-17 01:00:00,558.8639178021006
1999-09-19 01:00:00,559.5159834701398
1999-09-20 01:00:00,559.891912091704
1999-09-21 01:00:00,560.2997775985125
1999-09-22 01:00:00,560.7385836335736
1999-09-23 01:00:00,561.2073397934835
1999-09-24 01:00:00,561.7050655708551
1999-09-26 01:00:00,562.7835651811738
1999-09-27 01:00:00,563.3624396725592
1999-09-28 01:00:00,563.9664831043956
1999-09-29 01:00:00,564.5947722729255
1999-09-30 01:00:00,565.2463938185783
1999-10-01 01:00:00,565.9204456587242
1999-10-03 01:00:00,567.3323043411145
1999-10-04 01:00:00,568.0683891742026
1999-10-05 01:00:00,568.82346658488
1999-10-06 01:00:00,569.596734954266
1999-10-07 01:00:00,570.3874204582545
1999-10-08 01:00:00,571.1947784236881
1999-10-10 01:00:00,572.8566828989576
1999-10-11 01:00:00,573.7098899485027
1999-10-12 01:00:00,574.5770893440116
1999-10-13 01:00:00,575.4576829095055
1999-10-14 01:00:00,576.3510988139924
1999-10-15 01:00:00,577.2567901469964
1999-10-17 01:00:00,579.1029282875725
1999-10-18 01:00:00,580.042394945488
1999-10-19 01:00:00,580.9921751604508
1999-10-20 01:00:00,581.9518308884863
1999-10-21 01:00:00,582.9209439016777
1999-10-22 01:00:00,583.8991149990451
1999-10-24 01:00:00,585.8811209652943
1999-10-25 01:00:00,586.8842364127871
1999-10-26 01:00:00,587.8949643746041
1999-10-27 01:00:00,588.9129653911253
1999-10-28 01:00:00,589.9379024441632
1999-10-29 01:00:00,590.9694397470523
1999-10-31 01:00:00,593.0509817516835
1999-11-01 00:00:00,594.0561931800025
1999-11-02 00:00:00,595.1106214792371
1999-11-03 00:00:00,596.1700446277376
1999-11-04 00:00:00,597.234163243292
1999-11-05 00:00:00,598.3026889707783
1999-11-07 00:00:00,600.451866393221
1999-11-08 00:00:00,601.5320001865894
1999-11-09 00:00:00,602.6155054183176
1999-11-10 00:00:00,603.7021529671408
1999-11-11 00:00:00,604.7917252882105
1999-11-12 00:00:00,605.8840160636311
1999-11-14 00:00:00,608.0759815447817
1999-11-15 00:00:00,609.1752964338558
1999-11-16 00:00:00,610.2766096939284
1999-11-17 00:00:00,611.3797665163376
1999-11-18 00:00:00,612.4846221293067
1999-11-19 00:00:00,613.5910418263832
1999-11-21 00:00:00,615.8080833977394
1999-11-22 00:00:00,616.9184818042402
1999-11-23 00:00:00,618.0299935602799
1999-11-24 00:00:00,619.1425186128579
1999-11-25 00:00:00,620.2559562645549
1999-11-26 00:00:00,621.370202979516
1999-11-28 00:00:00,623.6006921559158
1999-11-29 00:00:00,624.7167133332415
1999-11-30 00:00:00,625.8331046435303
1999-12-01 00:00:00,626.9497580784695
1999-12-02 00:00:00,628.0665700956479
1999-12-03 00:00:00,627.094951134605
1999-12-05 00:00:00,624.468958707788
1999-12-06 00:00:00,623.1576822510144
1999-12-07 00:00:00,621.8477757805288
1999-12-08 00:00:00,620.5393981678308
1999-12-09 00:00:00,619.2327010081443
1999-12-10 00:00:00,617.9278284334345
1999-12-12 00:00:00,615.3240954387287
1999-12-13 00:00:00,614.0254848823997
1999-12-14 00:00:00,612.7291984760323
1999-12-15 00:00:00,611.4353413907079
1999-12-16 00:00:00,608.4390401172028
1999-12-17 00:00:00,604.6858192061287
1999-12-19 00:00:00,597.1863768677879
1999-12-20 00:00:00,593.4405258343645
1999-12-21 00:00:00,589.6974713675705
1999-12-22 00:00:00,585.9573601363585
1999-12-23 00:00:00,582.2203351705801
1999-12-24 00:00:00,578.4865441520539
1999-12-26 00:00:00,571.0293131876854
1999-12-27 00:00:00,567.306231845448
1999-12-28 00:00:00,563.5870969273271
1999-12-29 00:00:00,559.8721080189131
1999-12-30 00:00:00,556.1614648386327
1999-12-31 00:00:00,552.4553638874729
2000-01-02 00:00:00,545.0575461804608
2000-01-03 00:00:00,541.3661906402339
2000-01-04 00:00:00,537.6800986527221
2000-01-05 00:00:00,533.9994290585053
2000-01-06 00:00:00,530.3243340549213
2000-01-07 00:00:00,526.6549550446118
2000-01-09 00:00:00,519.3338607548877
2000-01-10 00:00:00,515.682375110851
2000-01-11 00:00:00,512.0370633146024
2000-01-12 00:00:00,508.3980088166717
2000-01-13 00:00:00,504.76528136758486
2000-01-14 00:00:00,501.138936365856
2000-01-16 00:00:00,493.90554010949324
2000-01-17 00:00:00,490.2985236903397
2000-01-18 00:00:00,486.6979606451552
2000-01-19 00:00:00,483.1038352140771
2000-01-20 00:00:00,479.51612483026656
2000-01-21 00:00:00,475.93480614396805
2000-01-23 00:00:00,468.79128248060533
2000-01-24 00:00:00,465.22907474613703
2000-01-25 00:00:00,461.67325494492843
2000-01-26 00:00:00,458.1238495230982
2000-01-27 00:00:00,454.5808911837247
2000-01-28 00:00:00,451.04441575583087
2000-01-30 00:00:00,443.9910587110089
2000-01-31 00:00:00,440.47424627958185
2000-02-01 00:00:00,436.9640536794085
2000-02-02 00:00:00,433.46050947218396
2000-02-03 00:00:00,429.9636393326347
2000-02-04 00:00:00,426.4734657085977
2000-02-06 00:00:00,419.5132780854386
2000-02-07 00:00:00,416.04328663543674
2000-02-08 00:00:00,412.5800346147707
2000-02-09 00:00:00,409.1235157724942
2000-02-10 00:00:00,405.67371482578983
2000-02-11 00:00:00,402.2306065630695
2000-02-13 00:00:00,395.3643139755882
2000-02-14 00:00:00,391.94102527829915
2000-02-15 00:00:00,388.5242211340326
2000-02-16 00:00:00,385.1138246423805
2000-02-17 00:00:00,381.7097523428349
2000-02-18 00:00:00,378.31191761507984
2000-02-20 00:00:00,371.53462297888365
2000-02-21 00:00:00,368.1550095950275
2000-02-22 00:00:00,364.78133157622096
2000-02-23 00:00:00,361.413535569505
2000-02-24 00:00:00,358.0515766356743
2000-02-25 00:00:00,354.6954163854376
2000-02-27 00:00:00,348.0003598704771
2000-02-28 00:00:00,344.66140395995416
2000-02-29 00:00:00,341.32812561015254
2000-03-01 00:00:00,338.00049794093434
2000-03-02 00:00:00,334.67849477102675
2000-03-03 00:00:00,331.36209052269794
2000-03-05 00:00:00,327.0541890324676
2000-03-06 00:00:00,326.1193672986308
2000-03-07 00:00:00,325.1907391962728
2000-03-08 00:00:00,324.2682650825454
2000-03-09 00:00:00,323.35190183834806
2000-03-10 00:00:00,322.4416024199708
2000-03-12 00:00:00,320.6389863759369
2000-03-13 00:00:00,319.7465557233981
2000-03-14 00:00:00,318.8599618619218
2000-03-15 00:00:00,317.97914078379654
2000-03-16 00:00:00,317.1040273258742
2000-03-17 00:00:00,316.23455628501205
2000-03-19 00:00:00,314.5122871281247
2000-03-20 00:00:00,313.65936793061604
2000-03-21 00:00:00,312.8118501781103
2000-03-22 00:00:00,311.9696814142797
2000-03-23 00:00:00,311.1328121679371
2000-03-24 00:00:00,310.3011953900882
2000-03-26 00:00:00,308.6535393865988
2000-03-27 01:00:00,307.8033672496479
2000-03-28 01:00:00,306.9925301415805
2000-03-29 01:00:00,306.18672525899046
2000-03-30 01:00:00,305.38590982136986
2000-03-31 01:00:00,304.59004098365125
2000-04-02 01:00:00,303.01297067115655
2000-04-03 01:00:00,302.23168176529134
2000-04-04 01:00:00,301.4551638272131
2000-04-05 01:00:00,300.68336995346993
2000-04-06 01:00:00,299.9162508729538
2000-04-07 01:00:00,299.15375437263435
2000-04-09 01:00:00,297.64240372794706
2000-04-10 01:00:00,296.8934288664869
2000-04-11 01:00:00,296.1488360540074
2000-04-12 01:00:00,295.4085593123101
2000-04-13 01:00:00,294.67253178316673
2000-04-14 01:00:00,293.9406864763601
2000-04-16 01:00:00,292.4892776549077
2000-04-17 01:00:00,291.7695846449983
2000-04-18 01:00:00,291.0538154445939
2000-04-19 01:00:00,290.3419092640517
2000-04-20 01:00:00,289.63380685961005
2000-04-21 01:00:00,288.9294503073165
2000-04-23 01:00:00,287.5317478300487
2000-04-24 01:00:00,286.83828987268214
2000-04-25 01:00:00,286.14835313902506
2000-04-26 01:00:00,285.46188187659914
2000-04-27 01:00:00,284.77882013059053
2000-04-28 01:00:00,284.09911164867765
2000-04-30 01:00:00,282.749527498487
2000-05-01 01:00:00,282.0795370388576
2000-05-02 01:00:00,281.4126698976575
2000-05-03 01:00:00,280.74886640115744
2000-05-04 01:00:00,280.08806531798615
2000-05-05 01:00:00,279.4302034343403
2000-05-07 01:00:00,278.1230326600232
2000-05-08 01:00:00,277.47358545935566
2000-05-09 01:00:00,276.8268013515938
2000-05-10 01:00:00,276.1826066649375
2000-05-11 01:00:00,275.5409268633091
2000-05-12 01:00:00,274.90168702140903
2000-05-14 01:00:00,273.63022754253717
2000-05-15 01:00:00,272.99785863478445
2000-05-16 01:00:00,272.367631285321
2000-05-17 01:00:00,271.7394716160647
2000-05-18 01:00:00,272.31971166409875
2000-05-19 01:00:00,274.7969279895916
2000-05-21 01:00:00,281.9295428956696
2000-05-22 01:00:00,285.49946646654337
2000-05-23 01:00:00,289.07183729142685
2000-05-24 01:00:00,292.64667941291015
2000-05-25 01:00:00,296.2240140074201
2000-05-26 01:00:00,299.80385916419357
2000-05-28 01:00:00,306.971135516255
2000-05-29 01:00:00,310.6398135355816
2000-05-30 01:00:00,314.444321251453
2000-05-31 01:00:00,318.2511395215767
2000-06-01 01:00:00,322.0602456579708
2000-06-02 01:00:00,325.87160800949573
2000-06-04 01:00:00,333.50093998113505
2000-06-05 01:00:00,337.31882143476633
2000-06-06 01:00:00,341.1387908448606
2000-06-07 01:00:00,344.96081390569975
2000-06-08 01:00:00,348.78486447477195
2000-06-09 01:00:00,352.6109246908128
2000-06-11 01:00:00,360.26903813836816
2000-06-12 01:00:00,364.10108704002164
2000-06-13 01:00:00,367.9351342555603
2000-06-14 01:00:00,371.7711855583408
2000-06-15 01:00:00,375.6092481332942
2000-06-16 01:00:00,379.44932981750446
2000-06-18 01:00:00,387.13558105817623
2000-06-19 01:00:00,390.9817636355153
2000-06-20 01:00:00,394.82999025037964
2000-06-21 01:00:00,398.68026276631474
2000-06-22 01:00:00,402.53258038548404
2000-06-23 01:00:00,406.38693922994094
2000-06-25 01:00:00,414.101746556281
2000-06-26 01:00:00,417.9621664982559
2000-06-27 01:00:00,421.8245683714749
2000-06-28 01:00:00,425.6889208417101
2000-06-29 01:00:00,429.5551828595008
2000-06-30 01:00:00,433.4233023438411
2000-07-02 01:00:00,441.1648502856655
2000-07-03 01:00:00,445.03812549774716
2000-07-04 01:00:00,448.9129594365029
2000-07-05 01:00:00,452.78927239107014
2000-07-06 01:00:00,456.66699052966703
2000-07-07 01:00:00,460.54604766649726
2000-07-09 01:00:00,468.3079523735691
2000-07-10 01:00:00,472.19070275105287
2000-07-11 01:00:00,476.07459515253953
2000-07-12 01:00:00,479.95959146752995
2000-07-13 01:00:00,483.84565598538336
2000-07-14 01:00:00,487.73275495596766
2000-07-16 01:00:00,495.5099277008527
2000-07-17 01:00:00,499.39993918831385
2000-07-18 01:00:00,503.2908597350275
2000-07-19 01:00:00,507.1826582406579
2000-07-20 01:00:00,511.07530268013045
2000-07-21 01:00:00,514.9687595329157
2000-07-23 01:00:00,522.7579649045321
2000-07-24 01:00:00,526.6536324935914
2000-07-25 01:00:00,530.5499485233153
2000-07-26 01:00:00,534.4468590919822
2000-07-27 01:00:00,538.3443019649226
2000-07-28 01:00:00,542.2422046980398
2000-07-30 01:00:00,547.5771250767764
2000-07-31 01:00:00,548.9383127033202
2000-08-01 01:00:00,550.2991973330508
2000-08-02 01:00:00,551.6597310799589
2000-08-03 01:00:00,553.0198668720283
2000-08-04 01:00:00,554.379559593686
2000-08-06 01:00:00,557.0974479987141
2000-08-07 01:00:00,558.455565882648
2000-08-08 01:00:00,559.813084404534
2000-08-09 01:00:00,561.1699691422743
2000-08-10 01:00:00,562.5261868313999
2000-08-11 01:00:00,563.8817051505524
2000-08-13 01:00:00,566.5905183527038
2000-08-14 01:00:00,567.9437523322044
2000-08-15 01:00:00,569.2961649924944
2000-08-16 01:00:00,570.647727273199
2000-08-17 01:00:00,571.9984104141304
2000-08-18 01:00:00,573.3481857255183
2000-08-20 01:00:00,576.0448966741279
2000-08-21 01:00:00,577.3917724513477
2000-08-22 01:00:00,578.7376198545528
2000-08-23 01:00:00,580.0824052339459
2000-08-24 01:00:00,581.4260925109501
2000-08-25 01:00:00,582.7686425999356
2000-08-27 01:00:00,585.4501569844858
2000-08-28 01:00:00,586.7890247402612
2000-08-29 01:00:00,588.1265629583398
2000-08-30 01:00:00,589.462716465559
2000-08-31 01:00:00,590.7974295062894
2000-09-01 01:00:00,592.1306470736862
2000-09-03 01:00:00,594.7923850353028
2000-09-04 01:00:00,596.1208059064452
2000-09-05 01:00:00,597.4475322456897
2000-09-06 01:00:00,598.7725197930847
2000-09-07 01:00:00,600.0957260346601
2000-09-08 01:00:00,601.4171099947753
2000-09-10 01:00:00,604.054254214994
2000-09-11 01:00:00,605.3699395200531
2000-09-12 01:00:00,606.6836527083624
2000-09-13 01:00:00,607.9953599535612
2000-09-14 01:00:00,609.3050289081929
2000-09-15 01:00:00,610.6126285948496
2000-09-17 01:00:00,613.2215016518028
2000-09-18 01:00:00,614.5227173312579
2000-09-19 01:00:00,615.8217474056146
2000-09-20 01:00:00,617.1185623594074
2000-09-21 01:00:00,618.4131314257835
2000-09-22 01:00:00,619.7054220665332
2000-09-24 01:00:00,622.2830264710649
2000-09-25 01:00:00,623.5682629470411
2000-09-26 01:00:00,624.8510665107162
2000-09-27 01:00:00,626.1313928021289
2000-09-28 01:00:00,627.40919639501
2000-09-29 01:00:00,628.6844318124885
2000-10-01 01:00:00,631.2270217423447
2000-10-02 01:00:00,632.494292938724
2000-10-03 01:00:00,633.7588300754087
2000-10-04 01:00:00,635.020597628744
2000-10-05 01:00:00,636.2795625020221
2000-10-06 01:00:00,637.5356938977219
2000-10-08 01:00:00,640.0393440862144
2000-10-09 01:00:00,641.2868123004275
2000-10-10 01:00:00,642.5313460704217
2000-10-11 01:00:00,643.7729261629455
2000-10-12 01:00:00,645.0115361192356
2000-10-13 01:00:00,646.2471624286675
2000-10-15 01:00:00,648.7094249405174
2000-10-16 01:00:00,649.9360484215413
2000-10-17 01:00:00,651.1596619451162
2000-10-18 01:00:00,652.3802637807684
2000-10-19 01:00:00,653.5978528409591
2000-10-20 01:00:00,652.4297678360999
2000-10-22 01:00:00,649.7462969916953
2000-10-23 01:00:00,648.397481785202
2000-10-24 01:00:00,647.0440485422623
2000-10-25 01:00:00,645.6860859947595
2000-10-26 01:00:00,644.3236925055519
2000-10-27 01:00:00,642.9569753188337
2000-10-29 01:00:00,636.1001808506729
2000-10-30 00:00:00,632.2778992555529
2000-10-31 00:00:00,628.2818908976517
2000-11-01 00:00:00,624.2782109405376
2000-11-02 00:00:00,620.2671861339848
2000-11-03 00:00:00,616.2491494509744
2000-11-05 00:00:00,608.1934014017595
2000-11-06 00:00:00,604.1563840359652
2000-11-07 00:00:00,600.1137414742027
2000-11-08 00:00:00,596.0658304137512
2000-11-09 00:00:00,592.0130083849783
2000-11-10 00:00:00,587.9556312764789
2000-11-12 00:00:00,579.8286126540584
2000-11-13 00:00:00,575.7596559634086
2000-11-14 00:00:00,571.6875150403157
2000-11-15 00:00:00,567.6125232101415
2000-11-16 00:00:00,563.5350183361892
2000-11-17 00:00:00,559.4553488539085
2000-11-19 00:00:00,551.2909935046562
2000-11-20 00:00:00,547.2070983486417
2000-11-21 00:00:00,543.1226230292498
2000-11-22 00:00:00,539.0380194049892
2000-11-23 00:00:00,534.9537605885439
2000-11-24 00:00:00,530.8703390465868
2000-11-26 00:00:00,522.7080597034327
2000-11-27 00:00:00,518.6302605038229
2000-11-28 00:00:00,514.5554100636353
2000-11-29 00:00:00,510.4840578185499
2000-11-30 00:00:00,506.41675712195683
2000-12-01 00:00:00,502.35406370359726
2000-12-03 00:00:00,494.24472730383667
2000-12-04 00:00:00,490.1991992820664
2000-12-05 00:00:00,486.1605069708076
2000-12-06 00:00:00,482.1292046376194
2000-12-07 00:00:00,478.10584247089054
2000-12-08 00:00:00,474.09096388910694
2000-12-10 00:00:00,466.08877655786
2000-12-11 00:00:00,462.1024897589585
2000-12-12 00:00:00,458.1267264415458
2000-12-13 00:00:00,454.16195549187927
2000-12-14 00:00:00,450.20863521790227
2000-12-15 00:00:00,446.2672208328106
2000-12-17 00:00:00,438.42196039963153
2000-12-18 00:00:00,434.51907114346176
2000-12-19 00:00:00,430.6300067964527
2000-12-20 00:00:00,426.7552859490022
2000-12-21 00:00:00,422.8954423482185
2000-12-22 00:00:00,419.05102341470626
2000-12-24 00:00:00,411.41070863804924
2000-12-25 00:00:00,409.2574295330421
2000-12-26 00:00:00,407.6454006576417
2000-12-27 00:00:00,406.0442533894297
2000-12-28 00:00:00,404.4543700063174
2000-12-29 00:00:00,402.87612750132337
2000-12-31 00:00:00,399.75604428966926
2001-01-01 00:00:00,398.2149281116558
2001-01-02 00:00:00,396.68690162459376
2001-01-03 00:00:00,395.17231147125733
2001-01-04 00:00:00,393.6714971901741
2001-01-05 00:00:00,392.1847913817914
2001-01-07 00:00:00,389.2549919213026
2001-01-08 00:00:00,387.81251702772175
2001-01-09 00:00:00,386.38538659468446
2001-01-10 00:00:00,384.97388368925067
2001-01-11 00:00:00,383.5782836931837
2001-01-12 00:00:00,382.19885819305574
2001-01-14 00:00:00,379.48962430841385
2001-01-15 00:00:00,378.1603768899148
2001-01-16 00:00:00,376.84842970074845
2001-01-17 00:00:00,375.55408374331483
2001-01-18 00:00:00,374.2776480346196
2001-01-19 00:00:00,373.0194390187907
2001-01-21 00:00:00,370.55900153080813
2001-01-22 00:00:00,369.35744024559244
2001-01-23 00:00:00,368.175440240458
2001-01-24 00:00:00,367.0133527829725
2001-01-25 00:00:00,365.8715368020852
2001-01-26 00:00:00,364.75035930152126
2001-01-28 00:00:00,362.5714308717416
2001-01-29 00:00:00,361.5144586229128
2001-01-30 00:00:00,360.479683363258
2001-01-31 00:00:00,359.46752016479286
2001-02-01 00:00:00,358.47839538998977
2001-02-02 00:00:00,357.51274701879146
2001-02-04 00:00:00,355.65368917550023
2001-02-05 00:00:00,354.7612118428674
2001-02-06 00:00:00,353.8940734462597
2001-02-07 00:00:00,353.0527636682898
2001-02-08 00:00:00,352.2377815845466
2001-02-09 00:00:00,351.44963782298396
2001-02-11 00:00:00,349.9559895778649
2001-02-12 00:00:00,349.25160246285833
2001-02-13 00:00:00,348.57629668623514
2001-02-14 00:00:00,347.93070256044473
2001-02-15 00:00:00,347.3154820669292
2001-02-16 00:00:00,346.73132906654826
2001-02-18 00:00:00,345.65915940210857
2001-02-19 00:00:00,345.1726881657699
2001-02-20 00:00:00,344.72037481675005
2001-02-21 00:00:00,344.30306943651186
2001-02-22 00:00:00,343.92165226685205
2001-02-23 00:00:00,343.57703248754825
2001-02-25 00:00:00,343.00195892479866
2001-02-26 00:00:00,342.77345322293655
2001-02-27 00:00:00,342.5856338944852
2001-02-28 00:00:00,342.4395184186717
2001-03-01 00:00:00,342.3361315477738
2001-03-02 00:00:00,342.2764975272991
2001-03-04 00:00:00,342.2925234060703
2001-03-05 00:00:00,342.3701333871337
2001-03-06 00:00:00,342.4953666620337
2001-03-07 00:00:00,342.6690603091692
2001-03-08 00:00:00,342.89196362213437
2001-03-09 00:00:00,343.1647196474456
2001-03-11 00:00:00,343.86172907574684
2001-03-12 00:00:00,344.28658899182574
2001-03-13 00:00:00,344.76248353093297
2001-03-14 00:00:00,345.28928029077485
2001-03-15 00:00:00,345.8666386459472
2001-03-16 00:00:00,346.4939882982179
2001-03-18 00:00:00,347.8951035972866
2001-03-19 00:00:00,348.66639357698404
2001-03-20 00:00:00,349.48269190092884
2001-03-21 00:00:00,350.34200051656217
2001-03-22 00:00:00,351.24200552261215
2001-03-23 00:00:00,352.18007987445196
2001-03-25 00:00:00,354.1584253608768
2001-03-26 01:00:00,355.23541209860355
2001-03-27 01:00:00,356.294623289816
2001-03-28 01:00:00,357.3744643083388
2001-03-29 01:00:00,358.4708497476761
2001-03-30 01:00:00,359.5795812894286
2001-04-01 01:00:00,361.81701904690317
2001-04-02 01:00:00,362.93721162505324
2001-04-03 01:00:00,364.0528259444828
2001-04-04 01:00:00,365.15985309689006
2001-04-05 01:00:00,366.2544708235074
2001-04-06 01:00:00,367.3330877450163
2001-04-08 01:00:00,369.4293417298929
2001-04-09 01:00:00,370.4412779925217
2001-04-10 01:00:00,371.4258538759971
2001-04-11 01:00:00,372.3810834519826
2001-04-12 01:00:00,373.30532852637464
2001-04-13 01:00:00,374.1972858046669
2001-04-15 01:00:00,375.88068113210886
2001-04-16 01:00:00,376.67099938272526
2001-04-17 01:00:00,377.4267393335863
2001-04-18 01:00:00,378.1479338315834
2001-04-19 01:00:00,378.8348063675391
2001-04-20 01:00:00,379.4877461707041
2001-04-22 01:00:00,380.69407028961666
2001-04-23 01:00:00,381.24885102977623
2001-04-24 01:00:00,381.77244932614553
2001-04-25 01:00:00,382.265745029554
2001-04-26 01:00:00,382.7296574548172
2001-04-27 01:00:00,383.1651300012585
2001-04-29 01:00:00,383.95457459960284
2001-04-30 01:00:00,384.310450715911
2001-05-01 01:00:00,384.6416820518202
2001-05-02 01:00:00,384.94918962696397
2001-05-03 01:00:00,385.23387740141345
2001-05-04 01:00:00,385.4966319706942
2001-05-06 01:00:00,385.95980487221965
2001-05-07 01:00:00,386.1619160439253
2001-05-08 01:00:00,386.34548053479824
2001-05-09 01:00:00,386.5113063818798
2001-05-10 01:00:00,386.6601840571577
2001-05-11 01:00:00,386.79288418102226
2001-05-13 01:00:00,387.01272078465854
2001-05-14 01:00:00,387.10127911238385
2001-05-15 01:00:00,387.17650094025186
2001-05-16 01:00:00,387.2390296131098
2001-05-17 01:00:00,387.28948097190784
2001-05-18 01:00:00,387.32844362977994
2001-05-20 01:00:00,387.37412325426993
2001-05-21 01:00:00,387.38188394447724
2001-05-22 01:00:00,387.38024301826727
2001-05-23 01:00:00,387.3696544000897
2001-05-24 01:00:00,387.35054340757847
2001-05-25 01:00:00,387.32330596696215
2001-05-27 01:00:00,387.24588798022
2001-05-28 01:00:00,387.19635482208093
2001-05-29 01:00:00,387.13999422435364
2001-05-30 01:00:00,387.07706985769954
2001-05-31 01:00:00,387.00782696959504
2001-06-01 01:00:00,386.9324954406304
2001-06-03 01:00:00,386.76442485274356
2001-06-04 01:00:00,386.67209063093884
2001-06-05 01:00:00,386.5744803870337
2001-06-06 01:00:00,386.4717778954129
2001-06-07 01:00:00,386.36416034859576
2001-06-08 01:00:00,386.25179819639936
2001-06-10 01:00:00,386.0134856451569
2001-06-11 01:00:00,385.8878384611354
2001-06-12 01:00:00,385.7580523091176
2001-06-13 01:00:00,385.624257702818
2001-06-14 01:00:00,385.4865765404178
2001-06-15 01:00:00,385.3451222079739
2001-06-17 01:00:00,385.0513058436456
2001-06-18 01:00:00,384.8991289838877
2001-06-19 01:00:00,384.7435489289839
2001-06-20 01:00:00,384.5846361987223
2001-06-21 01:00:00,384.4224511520012
2001-06-22 01:00:00,384.257042990485
2001-06-24 01:00:00,383.9166942504196
2001-06-25 01:00:00,383.7417923935178
2001-06-26 01:00:00,383.56374685150206
2001-06-27 01:00:00,383.38255279062975
2001-06-28 01:00:00,383.19819908104097
2001-06-29 01:00:00,383.01067004837506
2001-07-01 01:00:00,382.6260082983382
2001-07-02 01:00:00,382.42883165147657
2001-07-03 01:00:00,382.2283926925577
2001-07-04 01:00:00,382.02466593277745
2001-07-05 01:00:00,381.8176245335101
2001-07-06 01:00:00,381.6072401364257
2001-07-08 01:00:00,381.1763197706829
2001-07-09 01:00:00,380.9557170448919
2001-07-10 01:00:00,380.73163722268606
2001-07-11 01:00:00,380.5040402122545
2001-07-12 01:00:00,380.27288287754993
2001-07-13 01:00:00,380.03811893409335
2001-07-15 01:00:00,379.5575700000372
2001-07-16 01:00:00,380.7762301956535
2001-07-17 01:00:00,382.54318176020746
2001-07-18 01:00:00,384.3128686404951
2001-07-19 01:00:00,386.08513518384706
2001-07-20 01:00:00,387.859822827293
2001-07-22 01:00:00,391.4158258273541
2001-07-23 01:00:00,393.1968318752856
2001-07-24 01:00:00,394.9796463115792
2001-07-25 01:00:00,396.76413454859045
2001-07-26 01:00:00,398.55017132612
2001-07-27 01:00:00,400.3376395135435
2001-07-29 01:00:00,403.9164315923184
2001-07-30 01:00:00,405.70754595978656
2001-07-31 01:00:00,407.49966980709354
2001-08-01 01:00:00,409.2927021549328
2001-08-02 01:00:00,411.08654190555404
2001-08-03 01:00:00,412.8810872029104
2001-08-05 01:00:00,416.4718800123157
2001-08-06 01:00:00,418.4409857002172
2001-08-07 01:00:00,422.1466959065132
2001-08-08 01:00:00,425.8583234097762
2001-08-09 01:00:00,429.5757605533605
2001-08-10 01:00:00,433.2988956180466
2001-08-12 01:00:00,440.76178946623736
2001-08-13 01:00:00,444.5012994490727
2001-08-14 01:00:00,448.24600778593214
2001-08-15 01:00:00,451.99577177335436
2001-08-16 01:00:00,455.7504399826381
2001-08-17 01:00:00,459.5098528050878
2001-08-19 01:00:00,467.042248875347
2001-08-20 01:00:00,470.81490254746956
2001-08-21 01:00:00,474.5916535970833
2001-08-22 01:00:00,478.37236469746944
2001-08-23 01:00:00,482.15691510602534
2001-08-24 01:00:00,485.9451996857737
2001-08-26 01:00:00,493.5326116075205
2001-08-27 01:00:00,497.3315795640629
2001-08-28 01:00:00,501.1339573185417
2001-08-29 01:00:00,504.9396742817713
2001-08-30 01:00:00,508.7486607738885
2001-08-31 01:00:00,512.560847209295
2001-09-02 01:00:00,520.194538224653
2001-09-03 01:00:00,524.0158985517547
2001-09-04 01:00:00,527.8401690969492
2001-09-05 01:00:00,531.667271539271
2001-09-06 01:00:00,535.4971239028218
2001-09-07 01:00:00,539.3296399075929
2001-09-09 01:00:00,547.0022920822528
2001-09-10 01:00:00,550.8422277345669
2001-09-11 01:00:00,554.6844241389675
2001-09-12 01:00:00,558.5287615306494
2001-09-13 01:00:00,562.375110478243
2001-09-14 01:00:00,566.22333138241
2001-09-16 01:00:00,569.5541439877231
2001-09-17 01:00:00,570.9157936666379
2001-09-18 01:00:00,572.2775716494546
2001-09-19 01:00:00,573.6394099754392
2001-09-20 01:00:00,575.0012445970672
2001-09-21 01:00:00,576.3630160218487
2001-09-23 01:00:00,579.0861523388521
2001-09-24 01:00:00,580.4474168018684
2001-09-25 01:00:00,581.8084153645776
2001-09-26 01:00:00,583.1691019398784
2001-09-27 01:00:00,584.5294310121241
2001-09-28 01:00:00,585.8893573318853
2001-09-30 01:00:00,588.6078209167706
2001-10-01 01:00:00,589.9662674593288
2001-10-02 01:00:00,591.3241294776162
2001-10-03 01:00:00,592.681360472639
2001-10-04 01:00:00,594.0379130147387
2001-10-05 01:00:00,595.3937384068263
2001-10-07 01:00:00,598.1030041116861
2001-10-08 01:00:00,599.4563373368461
2001-10-09 01:00:00,600.8087282993338
2001-10-10 01:00:00,602.160116328054
2001-10-11 01:00:00,603.510437343527
2001-10-12 01:00:00,604.8596236808235
2001-10-14 01:00:00,607.5543043408817
2001-10-15 01:00:00,608.8996477423423
2001-10-16 01:00:00,610.2435569077011
2001-10-17 01:00:00,611.5859552431679
2001-10-18 01:00:00,612.926768612647
2001-10-19 01:00:00,614.265926524376
2001-10-21 01:00:00,616.9390149169793
2001-10-22 01:00:00,618.2728246893696
2001-10-23 01:00:00,619.6047364472295
2001-10-24 01:00:00,620.9346970018893
2001-10-25 01:00:00,622.2626550407149
2001-10-26 01:00:00,623.5885608130695
2001-10-28 01:00:00,626.2340233915745
2001-10-29 00:00:00,627.4984382275757
2001-10-30 00:00:00,628.8157590106947
2001-10-31 00:00:00,630.130800127035
2001-11-01 00:00:00,631.443519067191
2001-11-02 00:00:00,632.7538739779885
2001-11-04 00:00:00,635.3673251541022
2001-11-05 00:00:00,636.6703371544871
2001-11-06 00:00:00,637.9708156814681
2001-11-07 00:00:00,639.2687156809008
2001-11-08 00:00:00,640.5639904258566
2001-11-09 00:00:00,641.8565914575577
2001-11-11 00:00:00,644.4335708562413
2001-11-12 00:00:00,645.7178459150814
2001-11-13 00:00:00,646.9992421270825
2001-11-14 00:00:00,648.27770906043
2001-11-15 00:00:00,649.5531988056348
2001-11-16 00:00:00,650.8256670748312
2001-11-18 00:00:00,653.361384582505
2001-11-19 00:00:00,654.624568660984
2001-11-20 00:00:00,655.8846007462203
2001-11-21 00:00:00,657.1414596196412
2001-11-22 00:00:00,658.3951279627252
2001-11-23 00:00:00,659.6455920541698
2001-11-25 00:00:00,662.1368694496822
2001-11-26 00:00:00,663.3776719347151
2001-11-27 00:00:00,664.6152485248545
2001-11-28 00:00:00,665.8496020218115
2001-11-29 00:00:00,667.0807384770784
2001-11-30 00:00:00,668.3086670431909
2001-12-02 00:00:00,670.754950671574
2001-12-03 00:00:00,671.9733361240637
2001-12-04 00:00:00,673.188573303073
2001-12-05 00:00:00,674.4006801378715
2001-12-06 00:00:00,675.6096748561024
2001-12-07 00:00:00,676.8155758454927
2001-12-09 00:00:00,679.2181716683174
2001-12-10 00:00:00,680.4149057122173
2001-12-11 00:00:00,681.6086253633081
2001-12-12 00:00:00,680.3744453143676
2001-12-13 00:00:00,678.8847425885416
2001-12-14 00:00:00,677.392847378474
2001-12-16 00:00:00,674.4031305408438
2001-12-17 00:00:00,672.9056374663868
2001-12-18 00:00:00,671.4066070442793
2001-12-19 00:00:00,669.9062026476464
2001-12-20 00:00:00,668.4045864827422
2001-12-21 00:00:00,666.9019194537083
2001-12-23 00:00:00,663.8940695768581
2001-12-24 00:00:00,662.3892014130479
2001-12-25 00:00:00,660.8839113455757
2001-12-26 00:00:00,659.3783518832179
2001-12-27 00:00:00,657.8726728343192
2001-12-28 00:00:00,656.3670208138626
2001-12-30 00:00:00,653.3563664962365
2001-12-31 00:00:00,651.8516399757773
2002-01-01 00:00:00,650.3474935310966
2002-01-02 00:00:00,648.8440607984511
2002-01-03 00:00:00,647.34147656786
2002-01-04 00:00:00,644.4587881909279
2002-01-06 00:00:00,635.8872558478629
2002-01-07 00:00:00,631.604940244149
2002-01-08 00:00:00,627.3254201201106
2002-01-09 00:00:00,623.0490772793503
2002-01-10 00:00:00,618.7762988515748
2002-01-11 00:00:00,614.5074745486301
2002-01-13 00:00:00,605.9832436812741
2002-01-14 00:00:00,601.728605318206
2002-01-15 00:00:00,597.4794529254125
2002-01-16 00:00:00,593.2361515451623
2002-01-17 00:00:00,588.9990559725694
2002-01-18 00:00:00,584.7685099707837
2002-01-20 00:00:00,576.3283841521929
2002-01-21 00:00:00,572.1194334622445
2002-01-22 00:00:00,567.9182899191123
2002-01-23 00:00:00,563.7252365789473
2002-01-24 00:00:00,559.5405423869671
2002-01-25 00:00:00,555.3644609137368
2002-01-27 00:00:00,547.0390658396417
2002-01-28 00:00:00,542.8901729705891
2002-01-29 00:00:00,538.7507360503705
2002-01-30 00:00:00,534.6209285026866
2002-01-31 00:00:00,530.5009168005354
2002-02-01 00:00:00,526.3908661382552
2002-02-03 00:00:00,518.2013281866158
2002-02-04 00:00:00,514.1221962256134
2002-02-05 00:00:00,510.0537348675191
2002-02-06 00:00:00,505.99613232550183
2002-02-07 00:00:00,501.94957687177265
2002-02-08 00:00:00,498.78350807291184
2002-02-10 00:00:00,495.53113537938134
2002-02-11 00:00:00,493.9217130257954
2002-02-12 00:00:00,492.3236821980335
2002-02-13 00:00:00,490.73719256024884
2002-02-14 00:00:00,489.1623836659086
2002-02-15 00:00:00,487.59938468666604
2002-02-17 00:00:00,484.5092806047171
2002-02-18 00:00:00,482.9823812936782
2002-02-19 00:00:00,481.46770356409604
2002-02-20 00:00:00,479.96532416879455
2002-02-21 00:00:00,478.47530929149104
2002-02-22 00:00:00,476.9977143274423
2002-02-24 00:00:00,474.07995041445326
2002-02-25 00:00:00,472.6398369891145
2002-02-26 00:00:00,471.21225583381
2002-02-27 00:00:00,469.7972116030174
2002-02-28 00:00:00,468.39470409853567
2002-03-01 00:00:00,467.0047316513307
2002-03-03 00:00:00,464.26239429031244
2002-03-04 00:00:00,462.9100387023739
2002-03-05 00:00:00,461.5702360469271
2002-03-06 00:00:00,460.2429958783514
2002-03-07 00:00:00,458.9283269065237
2002-03-08 00:00:00,457.626235622072
2002-03-10 00:00:00,455.05979529655826
2002-03-11 00:00:00,453.79544068324515
2002-03-12 00:00:00,452.5436518925251
2002-03-13 00:00:00,451.3044145430972
2002-03-14 00:00:00,450.0777092645192
2002-03-15 00:00:00,448.86351155763896
2002-03-17 00:00:00,446.47251461237653
2002-03-18 00:00:00,445.2956399587237
2002-03-19 00:00:00,444.1311220157055
2002-03-20 00:00:00,442.97890974317136
2002-03-21 00:00:00,441.8389467588275
2002-03-22 00:00:00,440.71117129253116
2002-03-24 00:00:00,438.4919085467667
2002-03-25 00:00:00,437.4002705587143
2002-03-26 00:00:00,436.3205193681004
2002-03-27 00:00:00,435.25256853109335
2002-03-28 00:00:00,434.19632974237174
2002-03-29 00:00:00,433.151715121208
2002-03-31 00:00:00,431.0970220966117
2002-04-01 01:00:00,430.04478386556514
2002-04-02 01:00:00,429.046331789483
2002-04-03 01:00:00,428.059120431917
2002-04-04 01:00:00,427.0830841550903
2002-04-05 01:00:00,426.11815811916046
2002-04-07 01:00:00,424.2213762023859
2002-04-08 01:00:00,423.28938786077174
2002-04-09 01:00:00,422.36824427534236
2002-04-10 01:00:00,421.457875968121
2002-04-11 01:00:00,420.55821194845976
2002-04-12 01:00:00,419.6691796054487
2002-04-14 01:00:00,417.9227106620061
2002-04-15 01:00:00,417.06511958666397
2002-04-16 01:00:00,416.2178509882941
2002-04-17 01:00:00,415.3808222778556
2002-04-18 01:00:00,414.5539486018701
2002-04-19 01:00:00,413.73714282640424
2002-04-21 01:00:00,412.1333752427948
2002-04-22 01:00:00,411.3462283028476
2002-04-23 01:00:00,410.5687795183952
2002-04-24 01:00:00,409.80093259388053
2002-04-25 01:00:00,409.04259104965735
2002-04-26 01:00:00,408.293659360846
2002-04-28 01:00:00,406.82365530605546
2002-04-29 01:00:00,406.1024062982484
2002-04-30 01:00:00,405.39021434345324
2002-05-01 01:00:00,404.686999762077
2002-05-02 01:00:00,403.992685201717
2002-05-03 01:00:00,403.3071948206192
2002-05-05 01:00:00,401.96238684154565
2002-05-06 01:00:00,401.3029198560236
2002-05-07 01:00:00,400.6519777668229
2002-05-08 01:00:00,401.17870030930584
2002-05-09 01:00:00,402.7204001135552
2002-05-10 01:00:00,404.26781438135765
2002-05-12 01:00:00,407.37953712720883
2002-05-13 01:00:00,408.9437121124171
2002-05-14 01:00:00,410.51333423455947
2002-05-15 01:00:00,412.0883273486639
2002-05-16 01:00:00,413.66861186134776
2002-05-17 01:00:00,415.254105277348
2002-05-19 01:00:00,418.4403793476116
2002-05-20 01:00:00,420.04098873064845
2002-05-21 01:00:00,421.6464672217443
2002-05-22 01:00:00,423.25673403990214
2002-05-23 01:00:00,424.87171321983794
2002-05-24 01:00:00,426.4913350159707
2002-05-26 01:00:00,429.7442627505686
2002-05-27 01:00:00,431.37746345661645
2002-05-28 01:00:00,433.01509355303136
2002-05-29 01:00:00,434.6571098549249
2002-05-30 01:00:00,436.30346924540913
2002-05-31 01:00:00,437.9541270570105
2002-06-02 01:00:00,441.2681457515198
2002-06-03 01:00:00,442.93140253792666
2002-06-04 01:00:00,444.7484842370301
2002-06-05 01:00:00,448.3798876156842
2002-06-06 01:00:00,452.0113961346762
2002-06-07 01:00:00,455.64295570190427
2002-06-09 01:00:00,462.9059742468162
2002-06-10 01:00:00,466.5372847763593
2002-06-11 01:00:00,470.16834741921673
2002-06-12 01:00:00,473.7990621824912
2002-06-13 01:00:00,477.42931817329435
2002-06-14 01:00:00,481.05899440568646
2002-06-16 01:00:00,488.3160840229801
2002-06-17 01:00:00,491.9432236399423
2002-06-18 01:00:00,495.5692421255237
2002-06-19 01:00:00,499.1940046295846
2002-06-20 01:00:00,502.81738256538523
2002-06-21 01:00:00,506.43925600226146
2002-06-23 01:00:00,513.6780614527148
2002-06-24 01:00:00,517.2948057079693
2002-06-25 01:00:00,520.9096672529885
2002-06-26 01:00:00,524.5225705320477
2002-06-27 01:00:00,528.1334419671406
2002-06-28 01:00:00,531.7422068839419
2002-06-30 01:00:00,538.9530987681392
2002-07-01 01:00:00,542.5550521805615
2002-07-02 01:00:00,546.154550429505
2002-07-03 01:00:00,549.7514895901456
2002-07-04 01:00:00,553.3457584236448
2002-07-05 01:00:00,556.9372379584902
2002-07-07 01:00:00,564.1113092517984
2002-07-08 01:00:00,567.6936146367293
2002-07-09 01:00:00,571.2725539402509
2002-07-10 01:00:00,573.3481197247735
2002-07-11 01:00:00,574.6060903726419
2002-07-12 01:00:00,575.8632098283975
2002-07-14 01:00:00,578.3745708757261
2002-07-15 01:00:00,579.6286389704204
2002-07-16 01:00:00,580.8815120329322
2002-07-17 01:00:00,582.1330991805781
2002-07-18 01:00:00,583.3833105812627
2002-07-19 01:00:00,584.6320584549946
2002-07-21 01:00:00,587.1248260541124
2002-07-22 01:00:00,588.3686841244867
2002-07-23 01:00:00,589.6107548099842
2002-07-24 01:00:00,590.8509626696277
2002-07-25 01:00:00,592.0892330082058
2002-07-26 01:00:00,593.3254908755684
2002-07-28 01:00:00,595.7916623604071
2002-07-29 01:00:00,597.0214166038132
2002-07-30 01:00:00,598.2488384065969
2002-07-31 01:00:00,599.4738396557128
2002-08-01 01:00:00,600.6963282447234
2002-08-02 01:00:00,601.916207779333
2002-08-04 01:00:00,604.3477300791913
2002-08-05 01:00:00,605.5591539553411
2002-08-06 01:00:00,606.7675288931031
2002-08-07 01:00:00,607.9727260744826
2002-08-08 01:00:00,609.1746061550815
2002-08-09 01:00:00,610.3730178716025
2002-08-11 01:00:00,612.7587683851787
2002-08-12 01:00:00,613.945743995564
2002-08-13 01:00:00,615.1285285534865
2002-08-14 01:00:00,616.3069202980822
2002-08-15 01:00:00,617.4807134321027
2002-08-16 01:00:00,618.6496995601815
2002-08-18 01:00:00,620.9724078230156
2002-08-19 01:00:00,622.1257036406467
2002-08-20 01:00:00,623.2733388916557
2002-08-21 01:00:00,624.4150931197804
2002-08-22 01:00:00,625.5507414460233
2002-08-23 01:00:00,626.6800535453538
2002-08-25 01:00:00,628.9187139363451
2002-08-26 01:00:00,630.0275643849777
2002-08-27 01:00:00,631.1290807681208
2002-08-28 01:00:00,632.222989179795
2002-08-29 01:00:00,633.3090040595822
2002-08-30 01:00:00,634.3868273488554
2002-09-01 01:00:00,636.5166388554064
2002-09-02 01:00:00,637.5679593261278
2002-09-03 01:00:00,638.6097493817597
2002-09-04 01:00:00,639.6416290590116
2002-09-05 01:00:00,640.6631949178519
2002-09-06 01:00:00,641.6740166210304
2002-09-08 01:00:00,643.6615544977361
2002-09-09 01:00:00,644.6372545977506
2002-09-10 01:00:00,645.6001804436341
2002-09-11 01:00:00,646.5497518195001
2002-09-12 01:00:00,647.4853654444486
2002-09-13 01:00:00,648.4063975889364
2002-09-15 01:00:00,650.2021273752109
2002-09-16 01:00:00,651.0754823380718
2002-09-17 01:00:00,651.9315690129637
2002-09-18 01:00:00,652.7696647890107
2002-09-19 01:00:00,653.5890248525923
2002-09-20 01:00:00,654.3888814091881
2002-09-22 01:00:00,655.9268942812859
2002-09-23 01:00:00,656.6633951758298
2002-09-24 01:00:00,657.3770812835888
2002-09-25 01:00:00,658.0670637735814
2002-09-26 01:00:00,658.7324299356656
2002-09-27 01:00:00,659.3722440793488
2002-09-29 01:00:00,660.5713669052762
2002-09-30 01:00:00,661.1287028771947
2002-10-01 01:00:00,661.6565453771885
2002-10-02 01:00:00,662.1538689322148
2002-10-03 01:00:00,662.61963574815
2002-10-04 01:00:00,663.052797591626
2002-10-06 01:00:00,663.8170808090059
2002-10-07 01:00:00,664.1460933250812
2002-10-08 01:00:00,664.4383077293444
2002-10-09 01:00:00,664.6927380497415
2002-10-10 01:00:00,664.9084644135855
2002-10-11 01:00:00,665.0846578404124
2002-10-13 01:00:00,665.3157294609077
2002-10-14 01:00:00,665.3696186013218
2002-10-15 01:00:00,665.3820419417864
2002-10-16 01:00:00,665.3529759966608
2002-10-17 01:00:00,665.2826267090287
2002-10-18 01:00:00,665.1714519679417
2002-10-20 01:00:00,664.829843849722
2002-10-21 01:00:00,664.6017673230132
2002-10-22 01:00:00,664.3376071929777
2002-10-23 01:00:00,664.0393447058641
2002-10-24 01:00:00,663.7092889928039
2002-10-25 01:00:00,663.3500704407977
2002-10-27 01:00:00,662.5561794314976
2002-10-28 00:00:00,662.1462224450528
2002-10-29 00:00:00,661.7029777038521
2002-10-30 00:00:00,661.2476028217022
2002-10-31 00:00:00,660.7840806571828
2002-11-01 00:00:00,660.316462384356
2002-11-03 00:00:00,659.3851485234406
2002-11-04 00:00:00,658.9294040506514
2002-11-05 00:00:00,658.4853750852905
2002-11-06 00:00:00,658.056691973499
2002-11-07 00:00:00,657.6467896158306
2002-11-08 00:00:00,657.2588818262958
2002-11-10 00:00:00,656.5606568714057
2002-11-11 00:00:00,656.2554560573125
2002-11-12 00:00:00,655.9824508736625
2002-11-13 00:00:00,655.7434518341558
2002-11-14 00:00:00,655.5399640117182
2002-11-15 00:00:00,655.373193370183
2002-11-17 00:00:00,655.1532049328522
2002-11-18 00:00:00,655.101025837748
2002-11-19 00:00:00,655.0876797501286
2002-11-20 00:00:00,655.1131127308863
2002-11-21 00:00:00,655.1770792914482
2002-11-22 00:00:00,655.2791632478969
2002-11-24 00:00:00,655.5952855900101
2002-11-25 00:00:00,655.8078156872053
2002-11-26 00:00:00,656.0554822243597
2002-11-27 00:00:00,656.3372997716605
2002-11-28 00:00:00,656.6522183598403
2002-11-29 00:00:00,656.9991373360047
2002-12-01 00:00:00,657.7843990723604
2002-12-02 00:00:00,658.2204045681239
2002-12-03 00:00:00,658.6837621128363
2002-12-04 00:00:00,659.1733130856674
2002-12-05 00:00:00,659.6879242391717
2002-12-06 00:00:00,660.226495951094
2002-12-08 00:00:00,661.3713158441716
2002-12-09 00:00:00,661.9755602253184
2002-12-10 00:00:00,662.5997548886646
2002-12-11 00:00:00,663.2429897337636
2002-12-12 00:00:00,663.904388067097
2002-12-13 00:00:00,664.5831053725094
2002-12-15 00:00:00,665.9892749668717
2002-12-16 00:00:00,666.7151925720793
2002-12-17 00:00:00,667.4553585098603
2002-12-18 00:00:00,668.2090784953025
2002-12-19 00:00:00,668.9756854443051
2002-12-20 00:00:00,669.7545378254207
2002-12-22 00:00:00,671.3465289358151
2002-12-23 00:00:00,672.158494784537
2002-12-24 00:00:00,672.9803567064127
2002-12-25 00:00:00,673.8115729072445
2002-12-26 00:00:00,674.651617672383
2002-12-27 00:00:00,675.4999811685208
2002-12-29 00:00:00,677.219707195494
2002-12-30 00:00:00,678.0901355259697
2002-12-31 00:00:00,678.9670171134841
2003-01-01 00:00:00,679.8499367119858
2003-01-02 00:00:00,680.7385035536203
2003-01-03 00:00:00,681.632352849165
2003-01-05 00:00:00,683.4345731087838
2003-01-06 00:00:00,684.342345280764
2003-01-07 00:00:00,685.254198223205
2003-01-08 00:00:00,686.169887477196
2003-01-09 00:00:00,687.089186837157
2003-01-10 00:00:00,688.0118865883094
2003-01-12 00:00:00,689.8667230594888
2003-01-13 00:00:00,690.7985122184506
2003-01-14 00:00:00,691.7330052481713
2003-01-15 00:00:00,692.6700598455011
2003-01-16 00:00:00,693.6095450053243
2003-01-17 00:00:00,694.551339999461
2003-01-19 00:00:00,696.4414197838248
2003-01-20 00:00:00,697.3895014278108
2003-01-21 00:00:00,698.3394832652288
2003-01-22 00:00:00,699.2912733370347
2003-01-23 00:00:00,700.2447817734994
2003-01-24 00:00:00,701.1999207662087
2003-01-26 00:00:00,703.1147532255912
2003-01-27 00:00:00,704.0742882273092
2003-01-28 00:00:00,705.035139300188
2003-01-29 00:00:00,705.997242857872
2003-01-30 00:00:00,704.6654342229872
2003-01-31 00:00:00,703.3233739705756
2003-02-02 00:00:00,700.6334475124326
2003-02-03 00:00:00,699.2860973916702
2003-02-04 00:00:00,697.9374837812946
2003-02-05 00:00:00,696.5878403232887
2003-02-06 00:00:00,695.2373914034097
2003-02-07 00:00:00,693.8863527382156
2003-02-09 00:00:00,691.183328944896
2003-02-10 00:00:00,689.8317362824406
2003-02-11 00:00:00,688.4803391340978
2003-02-12 00:00:00,687.1293152763342
2003-02-13 00:00:00,685.7788349718295
2003-02-14 00:00:00,684.4290609648444
2003-02-16 00:00:00,681.7322474679903
2003-02-17 00:00:00,680.3855011197434
2003-02-18 00:00:00,679.0400508229774
2003-02-19 00:00:00,677.6960370800201
2003-02-20 00:00:00,676.3536020220765
2003-02-21 00:00:00,675.0128909500886
2003-02-23 00:00:00,672.3372399566571
2003-02-24 00:00:00,671.002606393249
2003-02-25 00:00:00,669.6703066654637
2003-02-26 00:00:00,668.3404939154667
2003-02-27 00:00:00,667.0133183709544
2003-02-28 00:00:00,665.6889259822041
2003-03-02 00:00:00,663.0490464017275
2003-03-03 00:00:00,661.7338204758271
2003-03-04 00:00:00,660.4218990686513
2003-03-05 00:00:00,659.1133940107295
2003-03-06 00:00:00,657.8084093978707
2003-03-07 00:00:00,656.507041767997
2003-03-09 00:00:00,653.9155074988354
2003-03-10 00:00:00,652.6254986696563
2003-03-11 00:00:00,649.2495726337902
2003-03-12 00:00:00,645.4489494650351
2003-03-13 00:00:00,641.656362647482
2003-03-14 00:00:00,637.8719626586782
2003-03-16 00:00:00,630.3282312594945
2003-03-17 00:00:00,626.5691103943826
2003-03-18 00:00:00,622.8186037460595
2003-03-19 00:00:00,619.0767907604275
2003-03-20 00:00:00,615.3437523313002
2003-03-21 00:00:00,611.6195774087528
2003-03-23 00:00:00,604.198236050156
2003-03-24 00:00:00,600.5013090363755
2003-03-25 00:00:00,596.8137179652304
2003-03-26 00:00:00,593.1355966637751
2003-03-27 00:00:00,589.467076799098
2003-03-28 00:00:00,585.8082845897515
2003-03-30 00:00:00,581.9082348260588
2003-03-31 01:00:00,580.5283451934029
2003-04-01 01:00:00,579.2162635118417
2003-04-02 01:00:00,577.9162759856686
2003-04-03 01:00:00,576.6284172731298
2003-04-04 01:00:00,575.3527125595435
2003-04-06 01:00:00,572.8378193935584
2003-04-07 01:00:00,571.5986355437198
2003-04-08 01:00:00,570.3716153873273
2003-04-09 01:00:00,569.1567397092286
2003-04-10 01:00:00,567.9539809048744
2003-04-11 01:00:00,566.7633029873718
2003-04-13 01:00:00,564.418004536599
2003-04-14 01:00:00,563.2632721290651
2003-04-15 01:00:00,562.1203993590368
2003-04-16 01:00:00,560.9893183035015
2003-04-17 01:00:00,559.8699616351338
2003-04-18 01:00:00,558.7622661676403
2003-04-20 01:00:00,556.581641098051
2003-04-21 01:00:00,555.5086212914152
2003-04-22 01:00:00,554.4470793601298
2003-04-23 01:00:00,553.3969808781632
2003-04-24 01:00:00,552.3582913881687
2003-04-25 01:00:00,551.3309746114708
2003-04-27 01:00:00,549.3102982966778
2003-04-28 01:00:00,548.3168485727896
2003-04-29 01:00:00,547.3345905494446
2003-04-30 01:00:00,546.3634681601797
2003-05-01 01:00:00,545.4034206852247
2003-05-02 01:00:00,544.4543826505633
2003-05-04 01:00:00,542.5890488520628
2003-05-05 01:00:00,541.6725979393951
2003-05-06 01:00:00,540.7668462296815
2003-05-07 01:00:00,539.8717042005121
2003-05-08 01:00:00,538.9870776553204
2003-05-09 01:00:00,538.1128677779387
2003-05-11 01:00:00,536.3952803150453
2003-05-12 01:00:00,535.5516835802466
2003-05-13 01:00:00,534.7180667092911
2003-05-14 01:00:00,533.8943142268408
2003-05-15 01:00:00,533.0803117971338
2003-05-16 01:00:00,532.2759488637096
2003-05-18 01:00:00,530.6957311336564
2003-05-19 01:00:00,529.9196896443921
2003-05-20 01:00:00,529.1529128367221
2003-05-21 01:00:00,528.3953210036318
2003-05-22 01:00:00,527.6468363268881
2003-05-23 01:00:00,526.9073811714661
2003-05-25 01:00:00,525.455243185665
2003-05-26 01:00:00,524.742397596803
2003-05-27 01:00:00,524.0382554603249
2003-05-28 01:00:00,523.3427297401764
2003-05-29 01:00:00,522.6557309523581
2003-05-30 01:00:00,521.9771670521388
2003-06-01 01:00:00,520.6449620679828
2003-06-02 01:00:00,519.9911227805451
2003-06-03 01:00:00,519.3453217280756
2003-06-04 01:00:00,518.7074520619302
2003-06-05 01:00:00,518.0774038059512
2003-06-06 01:00:00,517.4550639459829
2003-06-08 01:00:00,516.2330433203472
2003-06-09 01:00:00,515.6331235076414
2003-06-10 01:00:00,515.04043515456
2003-06-11 01:00:00,514.454855862796
2003-06-12 01:00:00,513.8762642225283
2003-06-13 01:00:00,513.3045414029057
2003-06-15 01:00:00,512.181248324117
2003-06-16 01:00:00,511.62946407959913
2003-06-17 01:00:00,511.08412026758293
2003-06-18 01:00:00,510.54512067575286
2003-06-19 01:00:00,510.012371070751
2003-06-20 01:00:00,509.4857778687703
2003-06-22 01:00:00,508.45068391586926
2003-06-23 01:00:00,507.94199191283695
2003-06-24 01:00:00,507.4390732795344
2003-06-25 01:00:00,506.94182856461214
2003-06-26 01:00:00,506.4501566598298
2003-06-27 01:00:00,505.963954735774
2003-06-29 01:00:00,505.0075402438817
2003-06-30 01:00:00,504.5371123214348
2003-07-01 01:00:00,504.071723381109
2003-07-02 01:00:00,503.611260105606
2003-07-03 01:00:00,503.1556068604473
2003-07-04 01:00:00,502.7046458243284
2003-07-06 01:00:00,501.8163198015033
2003-07-07 01:00:00,501.3787111286773
2003-07-08 01:00:00,500.9453083934924
2003-07-09 01:00:00,502.03079764390566
2003-07-10 01:00:00,503.7983780567198
2003-07-11 01:00:00,505.5708933329713
2003-07-13 01:00:00,509.130484556652
2003-07-14 01:00:00,510.917449197422
2003-07-15 01:00:00,512.709122722046
2003-07-16 01:00:00,514.5054521656247
2003-07-17 01:00:00,516.3063824396452
2003-07-18 01:00:00,518.1118552497418
2003-07-20 01:00:00,521.7361765103785
2003-07-21 01:00:00,523.5548895490945
2003-07-22 01:00:00,525.3778746865769
2003-07-23 01:00:00,527.2050556788906
2003-07-24 01:00:00,529.0363531289976
2003-07-25 01:00:00,530.8716844549843
2003-07-27 01:00:00,534.554101613145
2003-07-28 01:00:00,536.4010049547259
2003-07-29 01:00:00,538.2515770027222
2003-07-30 01:00:00,540.1057174970222
2003-07-31 01:00:00,541.9633232406198
2003-08-01 01:00:00,543.8242889962105
2003-08-03 01:00:00,547.5558768340502
2003-08-04 01:00:00,549.4262899348436
2003-08-05 01:00:00,551.2996478578524
2003-08-06 01:00:00,553.1758549097623
2003-08-07 01:00:00,555.0548206114324
2003-08-08 01:00:00,556.9364600736089
2003-08-10 01:00:00,560.7074475381006
2003-08-11 01:00:00,562.596650321804
2003-08-12 01:00:00,564.4882336741659
2003-08-13 01:00:00,566.382129841063
2003-08-14 01:00:00,568.2782701284783
2003-08-15 01:00:00,570.1765837416648
2003-08-17 01:00:00,573.9794328286711
2003-08-18 01:00:00,575.883810898023
2003-08-19 01:00:00,577.7900474848611
2003-08-20 01:00:00,579.6980557395362
2003-08-21 01:00:00,581.607745760832
2003-08-22 01:00:00,584.7682733247257
2003-08-24 01:00:00,590.4932001509375
2003-08-25 01:00:00,591.8924593598231
2003-08-26 01:00:00,593.2930133570161
2003-08-27 01:00:00,594.6948299973412
2003-08-28 01:00:00,596.0978746648482
2003-08-29 01:00:00,597.5021106794674
2003-08-31 01:00:00,599.8530742893241
2003-09-01 01:00:00,600.7469526484914
2003-09-02 01:00:00,601.6425516303134
2003-09-03 01:00:00,602.5399146766977
2003-09-04 01:00:00,603.4390859468732
2003-09-05 01:00:00,604.340110561972
2003-09-07 01:00:00,606.1479059992603
2003-09-08 01:00:00,607.0547729147075
2003-09-09 01:00:00,607.9636853026268
2003-09-10 01:00:00,608.8746939646821
2003-09-11 01:00:00,609.7878505300868
2003-09-12 01:00:00,610.7032072395733
2003-09-14 01:00:00,612.5407318404433
2003-09-15 01:00:00,613.4630054552819
2003-09-16 01:00:00,614.3876904024637
2003-09-17 01:00:00,615.3148393864476
2003-09-18 01:00:00,616.2445049456405
2003-09-19 01:00:00,617.1767394140386
2003-09-21 01:00:00,619.0491229061897
2003-09-22 01:00:00,619.9893746084989
2003-09-23 01:00:00,620.9324000170793
2003-09-24 01:00:00,621.878247779314
2003-09-25 01:00:00,622.8269646090234
2003-09-26 01:00:00,623.7785948005503
2003-09-28 01:00:00,625.6907588444915
2003-09-29 01:00:00,626.6513681433071
2003-09-30 01:00:00,627.6150428576677
2003-10-01 01:00:00,628.581817386622
2003-10-02 01:00:00,629.5517263398889
2003-10-03 01:00:00,630.5248051963814
2003-10-05 01:00:00,632.4806211809537
2003-10-06 01:00:00,633.4634363867045
2003-10-07 01:00:00,634.4495776682924
2003-10-08 01:00:00,635.4390877698628
2003-10-09 01:00:00,636.4320107045428
2003-10-10 01:00:00,637.4283915715966
2003-10-12 01:00:00,639.4317116236887
2003-10-13 01:00:00,640.4387444290389
2003-10-14 01:00:00,641.449421955622
2003-10-15 01:00:00,642.4637914029556
2003-10-16 01:00:00,643.4818998221713
2003-10-17 01:00:00,644.5037939987874
2003-10-19 01:00:00,646.5591247064293
2003-10-20 01:00:00,647.592652220711
2003-10-21 01:00:00,648.6301468474854
2003-10-22 01:00:00,649.6716508353697
2003-10-23 01:00:00,650.7172039149681
2003-10-24 01:00:00,651.7668423441363
2003-10-26 01:00:00,653.878497663035
2003-10-27 00:00:00,654.8963034361144
2003-10-28 00:00:00,655.9623784503518
2003-10-29 00:00:00,657.0326509726871
2003-10-30 00:00:00,658.1071343119158
2003-10-31 00:00:00,659.1858417227302
2003-11-02 00:00:00,661.3559867885449
2003-11-03 00:00:00,662.4474570989023
2003-11-04 00:00:00,663.5432168647312
2003-11-05 00:00:00,664.6432859702627
2003-11-06 00:00:00,665.7476854321882
2003-11-07 00:00:00,666.8564372249903
2003-11-09 00:00:00,669.0870894744771
2003-11-10 00:00:00,670.2090371201741
2003-11-11 00:00:00,671.3354310815344
2003-11-12 00:00:00,672.4662954022253
2003-11-13 00:00:00,673.601653921931
2003-11-14 00:00:00,674.7415300732573
2003-11-16 00:00:00,677.0349257918435
2003-11-17 00:00:00,678.188488359716
2003-11-18 00:00:00,679.3466539487096
2003-11-19 00:00:00,680.5094401470293
2003-11-20 00:00:00,681.6768617488349
2003-11-21 00:00:00,682.8489296287577
2003-11-23 00:00:00,685.2070201360235
2003-11-24 00:00:00,686.3930335353314
2003-11-25 00:00:00,687.5836740290331
2003-11-26 00:00:00,688.7789199105139
2003-11-27 00:00:00,689.9787452746625
2003-11-28 00:00:00,691.183122163103
2003-11-30 00:00:00,693.6054185251938
2003-12-01 00:00:00,694.8232847114418
2003-12-02 00:00:00,696.0455963925929
2003-12-03 00:00:00,697.2723302839431
2003-12-04 00:00:00,698.5034640854151
2003-12-05 00:00:00,699.7389762543152
2003-12-07 00:00:00,700.896840595072
2003-12-08 00:00:00,699.5299428147046
2003-12-09 00:00:00,698.1657946323492
2003-12-10 00:00:00,696.8044575151657
2003-12-11 00:00:00,695.4459931230361
2003-12-12 00:00:00,694.0904634897405
2003-12-14 00:00:00,691.3884596405254
2003-12-15 00:00:00,690.0421131067029
2003-12-16 00:00:00,688.6989571654198
2003-12-17 00:00:00,687.35905892788
2003-12-18 00:00:00,686.0224874891193
2003-12-19 00:00:00,684.6893144628003
2003-12-21 00:00:00,682.0334661205849
2003-12-22 00:00:00,680.7109512100412
2003-12-23 00:00:00,679.3921553091544
2003-12-24 00:00:00,678.0771662197792
2003-12-25 00:00:00,676.7660725071128
2003-12-26 00:00:00,675.4589618002265
2003-12-28 00:00:00,672.8570273749893
2003-12-29 00:00:00,671.562364385453
2003-12-30 00:00:00,670.2720056909319
2003-12-31 00:00:00,668.9860235180661
2004-01-01 00:00:00,667.7044873946982
2004-01-02 00:00:00,666.42746443601
2004-01-04 00:00:00,663.887215441253
2004-01-05 00:00:00,662.6241121843331
2004-01-06 00:00:00,661.3657685819386
2004-01-07 00:00:00,660.1122405582563
2004-01-08 00:00:00,658.8635819728946
2004-01-09 00:00:00,657.6198444817342
2004-01-11 00:00:00,655.1473289913283
2004-01-12 00:00:00,653.9186443832492
2004-01-13 00:00:00,652.6950680979005
2004-01-14 00:00:00,651.4766431935225
2004-01-15 00:00:00,650.2634118269689
2004-01-16 00:00:00,650.6770811052023
2004-01-18 00:00:00,652.9382969864955
2004-01-19 00:00:00,654.0726160797033
2004-01-20 00:00:00,655.2094164623412
2004-01-21 00:00:00,656.3486926579835
2004-01-22 00:00:00,657.490430194717
2004-01-23 00:00:00,658.6346062970482
2004-01-25 00:00:00,660.9301499010069
2004-01-26 00:00:00,662.0814433475017
2004-01-27 00:00:00,663.2350297940229
2004-01-28 00:00:00,664.3908652730545
2004-01-29 00:00:00,665.548903859383
2004-01-30 00:00:00,665.4115464009685
2004-02-01 00:00:00,662.6187588011088
2004-02-02 00:00:00,661.2225433073786
2004-02-03 00:00:00,659.8266319124896
2004-02-04 00:00:00,658.431162755633
2004-02-05 00:00:00,657.0362730303557
2004-02-06 00:00:00,655.6420987377346
2004-02-08 00:00:00,652.8564339736913
2004-02-09 00:00:00,651.4652096243308
2004-02-10 00:00:00,650.0752340637314
2004-02-11 00:00:00,648.6866407343084
2004-02-12 00:00:00,647.2995651719077
2004-02-13 00:00:00,645.9141463197707
2004-02-15 00:00:00,643.1488595666477
2004-02-16 00:00:00,641.7692983479756
2004-02-17 00:00:00,640.3920092469832
2004-02-18 00:00:00,639.0171658334208
2004-02-19 00:00:00,637.6449500572055
2004-02-20 00:00:00,636.2755514094456
2004-02-22 00:00:00,633.5459922452309
2004-02-23 00:00:00,632.1862341999462
2004-02-24 00:00:00,630.8300950113004
2004-02-25 00:00:00,629.4777784650195
2004-02-26 00:00:00,628.1294879472206
2004-02-27 00:00:00,626.7854262729642
2004-02-29 00:00:00,624.1107981838923
2004-03-01 00:00:00,622.7806351637163
2004-03-02 00:00:00,621.4555077909015
2004-03-03 00:00:00,620.1356165700203
2004-03-04 00:00:00,618.821160999511
2004-03-05 00:00:00,617.512339061357
2004-03-07 00:00:00,614.9123773939646
2004-03-08 00:00:00,613.6216221928968
2004-03-09 00:00:00,612.3372700913264
2004-03-10 00:00:00,611.0595091156597
2004-03-11 00:00:00,609.7885278692265
2004-03-12 00:00:00,608.524517390385
2004-03-14 00:00:00,606.0181962583204
2004-03-15 00:00:00,604.7762958116248
2004-03-16 00:00:00,603.5421888781245
2004-03-17 00:00:00,602.3161015595089
2004-03-18 00:00:00,601.0982690767677
2004-03-19 00:00:00,599.8889355684059
2004-03-21 00:00:00,597.4967830490243
2004-03-22 00:00:00,596.3144907535865
2004-03-23 00:00:00,595.1417485164591
2004-03-24 00:00:00,593.9788335247334
2004-03-25 00:00:00,592.8260269743068
2004-03-26 00:00:00,591.6836141313802
2004-03-28 00:00:00,589.4311314962896
2004-03-29 01:00:00,588.2757940569016
2004-03-30 01:00:00,587.1783859863999
2004-03-31 01:00:00,586.092878480378
2004-04-01 01:00:00,585.0195857473527
2004-04-02 01:00:00,583.9588269820805
2004-04-04 01:00:00,581.876209796202
2004-04-05 01:00:00,580.8550095251704
2004-04-06 01:00:00,579.8476588308234
2004-04-07 01:00:00,578.8544953365263
2004-04-08 01:00:00,577.8758622648498
2004-04-09 01:00:00,576.9121111817396
2004-04-11 01:00:00,575.0307227815244
2004-04-12 01:00:00,574.1138596182855
2004-04-13 01:00:00,573.2134318081794
2004-04-14 01:00:00,572.3298769154749
2004-04-15 01:00:00,571.4636551259597
2004-04-16 01:00:00,570.6152499686893
2004-04-18 01:00:00,568.9739432019378
2004-04-19 01:00:00,568.1821290683978
2004-04-20 01:00:00,567.4103068313335
2004-04-21 01:00:00,566.6590814576314
2004-04-22 01:00:00,565.929082527668
2004-04-23 01:00:00,565.2209643635601
2004-04-25 01:00:00,563.873112774639
2004-04-26 01:00:00,563.2348141047156
2004-04-27 01:00:00,562.6212663043202
2004-04-28 01:00:00,562.0332513349925
2004-04-29 01:00:00,561.4715766715996
2004-04-30 01:00:00,560.9370742877686
2004-05-02 01:00:00,559.9530247237432
2004-05-03 01:00:00,559.5052427427709
2004-05-04 01:00:00,559.0881556989052
2004-05-05 01:00:00,558.7026747417897
2004-05-06 01:00:00,558.3497166702864
2004-05-07 01:00:00,558.0302029293898
2004-05-09 01:00:00,557.4952202705231
2004-05-10 01:00:00,557.281621601283
2004-05-11 01:00:00,557.1052051939009
2004-05-12 01:00:00,556.9669106229587
2004-05-13 01:00:00,556.8676685259577
2004-05-14 01:00:00,556.8083911315498
2004-05-16 01:00:00,556.8132177931207
2004-05-17 01:00:00,556.8789441844787
2004-05-18 01:00:00,556.9878491184754
2004-05-19 01:00:00,557.1405501746463
2004-05-20 01:00:00,557.3375540212098
2004-05-21 01:00:00,557.5792354518304
2004-05-23 01:00:00,558.1973368919765
2004-05-24 01:00:00,558.5736434909609
2004-05-25 01:00:00,558.9943538154494
2004-05-26 01:00:00,559.4588395341718
2004-05-27 01:00:00,559.966203261687
2004-05-28 01:00:00,560.5152583348032
2004-05-30 01:00:00,561.7321458314639
2004-05-31 01:00:00,562.396015882611
2004-06-01 01:00:00,563.0936389278822
2004-06-02 01:00:00,563.8222024558511
2004-06-03 01:00:00,564.578579479996
2004-06-04 01:00:00,565.3593566597029
2004-06-06 01:00:00,566.9792741762908
2004-06-07 01:00:00,567.8105545783596
2004-06-08 01:00:00,568.6506229896157
2004-06-09 01:00:00,569.4953501259755
2004-06-10 01:00:00,570.3406210394566
2004-06-11 01:00:00,571.1823842971194
2004-06-13 01:00:00,572.8397771130385
2004-06-14 01:00:00,573.6480255790093
2004-06-15 01:00:00,574.438078024451
2004-06-16 01:00:00,575.2068243123722
2004-06-17 01:00:00,575.9514318686612
2004-06-18 01:00:00,576.669360403155
2004-06-20 01:00:00,578.0165222423364
2004-06-21 01:00:00,578.6421773298583
2004-06-22 01:00:00,579.2339840709649
2004-06-23 01:00:00,579.7908674241949
2004-06-24 01:00:00,580.3120120514147
2004-06-25 01:00:00,580.7968434210419
2004-06-27 01:00:00,581.6563471726059
2004-06-28 01:00:00,582.0308842964548
2004-06-29 01:00:00,582.368795135174
2004-06-30 01:00:00,582.6703936022726
2004-07-01 01:00:00,582.9361152403467
2004-07-02 01:00:00,583.1665048234568
2004-07-04 01:00:00,583.5239536195451
2004-07-05 01:00:00,583.6525594929292
2004-07-06 01:00:00,583.7489028679845
2004-07-07 01:00:00,583.8139138441264
2004-07-08 01:00:00,583.8485584499873
2004-07-09 01:00:00,583.8538243933853
2004-07-11 01:00:00,583.7802080074491
2004-07-12 01:00:00,583.7033099666642
2004-07-13 01:00:00,583.6009877334043
2004-07-14 01:00:00,583.4741948235569
2004-07-15 01:00:00,583.3238613947567
2004-07-16 01:00:00,583.150891227654
2004-07-18 01:00:00,582.7405098257734
2004-07-19 01:00:00,582.5047547599049
2004-07-20 01:00:00,582.249672647145
2004-07-21 01:00:00,581.976007890448
2004-07-22 01:00:00,581.6844703531676
2004-07-23 01:00:00,581.3757352763865
2004-07-25 01:00:00,580.7092017624066
2004-07-26 01:00:00,580.3525837793984
2004-07-27 01:00:00,579.9811311588344
2004-07-28 01:00:00,579.5953554526398
2004-07-29 01:00:00,579.1957409060944
2004-07-30 01:00:00,578.7827481701684
2004-08-01 01:00:00,577.9183787185507
2004-08-02 01:00:00,577.4678431149338
2004-08-03 01:00:00,577.0056165240178
2004-08-04 01:00:00,576.5320936128212
2004-08-05 01:00:00,576.0476577959911
2004-08-06 01:00:00,575.5526795359622
2004-08-08 01:00:00,574.5325039536918
2004-08-09 01:00:00,574.0079713528711
2004-08-10 01:00:00,573.4742252306147
2004-08-11 01:00:00,572.9315580361795
2004-08-12 01:00:00,572.3802468859965
2004-08-13 01:00:00,571.8205540556859
2004-08-15 01:00:00,570.6770007511209
2004-08-16 01:00:00,570.0935939578308
2004-08-17 01:00:00,569.5027131181752
2004-08-18 01:00:00,568.9045505201423
2004-08-19 01:00:00,568.2992846772776
2004-08-20 01:00:00,567.6870804203204
2004-08-22 01:00:00,566.4424490386973
2004-08-23 01:00:00,565.8102859470737
2004-08-24 01:00:00,565.1717138487036
2004-08-25 01:00:00,564.5268360434173
2004-08-26 01:00:00,563.8757464777598
2004-08-27 01:00:00,563.2185314506788
2004-08-29 01:00:00,561.8860440689891
2004-08-30 01:00:00,561.210924253796
2004-08-31 01:00:00,560.5299872625417
2004-09-01 01:00:00,560.5347403252671
2004-09-02 01:00:00,561.7300111340405
2004-09-03 01:00:00,562.9315365032581
2004-09-05 01:00:00,565.3527927176889
2004-09-06 01:00:00,566.5722473010536
2004-09-07 01:00:00,567.7974051585477
2004-09-08 01:00:00,569.0281333955709
2004-09-09 01:00:00,570.2643015668899
2004-09-10 01:00:00,571.505781615135
2004-09-12 01:00:00,574.0041763846109
2004-09-13 01:00:00,575.2608461230114
2004-09-14 01:00:00,576.5223380325001
2004-09-15 01:00:00,577.7885360888994
2004-09-16 01:00:00,579.0593278841643
2004-09-17 01:00:00,580.3346054959395
2004-09-19 01:00:00,582.8982142660482
2004-09-20 01:00:00,584.1863595297318
2004-09-21 01:00:00,585.478619617224
2004-09-22 01:00:00,586.7749188306503
2004-09-23 01:00:00,588.0751878808178
2004-09-24 01:00:00,589.379363093227
2004-09-26 01:00:00,591.9991985498234
2004-09-27 01:00:00,593.3147484833712
2004-09-28 01:00:00,594.633980957801
2004-09-29 01:00:00,595.9568406896854
2004-09-30 01:00:00,597.2832703421591
2004-10-01 01:00:00,598.6132100520138
2004-10-03 01:00:00,601.283367547558
2004-10-04 01:00:00,602.6234538833783
2004-10-05 01:00:00,603.9667882035899
2004-10-06 01:00:00,605.3133011714473
2004-10-07 01:00:00,605.6870321364715
2004-10-08 01:00:00,604.6492432037127
2004-10-10 01:00:00,602.5726455717191
2004-10-11 01:00:00,601.5339574119682
2004-10-12 01:00:00,600.4950889721837
2004-10-13 01:00:00,599.4560983728423
2004-10-14 01:00:00,598.4170418671883
2004-10-15 01:00:00,597.3779728860368
2004-10-17 01:00:00,595.2999906884121
2004-10-18 01:00:00,594.2611611290204
2004-10-19 01:00:00,593.2224855107854
2004-10-20 01:00:00,592.1839915529735
2004-10-21 01:00:00,591.1457021373935
2004-10-22 01:00:00,590.1076362196342
2004-10-24 01:00:00,588.0322370464137
2004-10-25 01:00:00,586.9949308956187
2004-10-26 01:00:00,585.9579041181609
2004-10-27 01:00:00,584.921169798302
2004-10-28 01:00:00,583.8847418019764
2004-10-29 01:00:00,582.8486350175256
2004-10-31 01:00:00,580.7774498066369
2004-11-01 00:00:00,579.7856693522746
2004-11-02 00:00:00,578.7509965765905
2004-11-03 00:00:00,577.7167306063752
2004-11-04 00:00:00,576.6828892658717
2004-11-05 00:00:00,575.6494900800025
2004-11-07 00:00:00,577.4952615331333
2004-11-08 00:00:00,578.5172875696328
2004-11-09 00:00:00,579.5442690770354
2004-11-10 00:00:00,580.5762005340687
2004-11-11 00:00:00,581.6130742619949
2004-11-12 00:00:00,582.6548804673672
2004-11-14 00:00:00,584.7532429247408
2004-11-15 00:00:00,585.8097736509543
2004-11-16 00:00:00,586.8711876846586
2004-11-17 00:00:00,587.9374744996832
2004-11-18 00:00:00,589.0086255393403
2004-11-19 00:00:00,590.0846342633213
2004-11-21 00:00:00,592.251207203446
2004-11-22 00:00:00,593.3417657835997
2004-11-23 00:00:00,594.4371699782365
2004-11-24 00:00:00,595.537418373448
2004-11-25 00:00:00,596.6425095189693
2004-11-26 00:00:00,597.7524416400109
2004-11-28 00:00:00,599.986818576858
2004-11-29 00:00:00,601.1112560533542
2004-11-30 00:00:00,602.2405194905743
2004-12-01 00:00:00,603.3746023103588
2004-12-02 00:00:00,604.513496609542
2004-12-03 00:00:00,605.6571930958138
2004-12-05 00:00:00,607.958948008343
2004-12-06 00:00:00,609.116979930954
2004-12-07 00:00:00,610.2797605006855
2004-12-08 00:00:00,611.447270884815
2004-12-09 00:00:00,612.6194891913636
2004-12-10 00:00:00,613.7963900068914
2004-12-12 00:00:00,616.1641189006738
2004-12-13 00:00:00,617.3548787165699
2004-12-14 00:00:00,618.5501866079619
2004-12-15 00:00:00,619.7500056421801
2004-12-16 00:00:00,620.9543002987646
2004-12-17 00:00:00,622.1630373247908
2004-12-19 00:00:00,624.5937180286344
2004-12-20 00:00:00,625.8156069954898
2004-12-21 00:00:00,627.0418280275048
2004-12-22 00:00:00,628.2723572970448
2004-12-23 00:00:00,629.5071716871364
2004-12-24 00:00:00,630.7462485084395
2004-12-26 00:00:00,633.2370994587967
2004-12-27 00:00:00,634.4888283506342
2004-12-28 00:00:00,635.7447287911607
2004-12-29 00:00:00,637.0047770009178
2004-12-30 00:00:00,638.2689483867316
2004-12-31 00:00:00,639.5372173650032
2005-01-02 00:00:00,642.0859397782634
2005-01-03 00:00:00,643.3663354685667
2005-01-04 00:00:00,644.6507123597769
2005-01-05 00:00:00,645.9390365650768
2005-01-06 00:00:00,647.2312709006254
2005-01-07 00:00:00,648.5273746722249
2005-01-09 00:00:00,651.1310054087069
2005-01-10 00:00:00,652.4384279887709
2005-01-11 00:00:00,653.7495123262703
2005-01-12 00:00:00,655.0641981638031
2005-01-13 00:00:00,656.3824251944995
2005-01-14 00:00:00,657.7041348320801
2005-01-16 00:00:00,660.3577822524824
2005-01-17 00:00:00,661.6896181159616
2005-01-18 00:00:00,663.024732066346
2005-01-19 00:00:00,664.3630792282232
2005-01-20 00:00:00,665.7046162284
2005-01-21 00:00:00,667.0493008154283
2005-01-23 00:00:00,669.7479477973822
2005-01-24 00:00:00,671.101829185062
2005-01-25 00:00:00,672.4586958129229
2005-01-26 00:00:00,673.8185078704048
2005-01-27 00:00:00,675.1812254385757
2005-01-28 00:00:00,676.1697763527341
2005-01-30 00:00:00,673.5907416418758
2005-01-31 00:00:00,672.3075286318086
2005-02-01 00:00:00,671.0285735998833
2005-02-02 00:00:00,669.7539180834908
2005-02-03 00:00:00,668.4836039992931
2005-02-04 00:00:00,667.2176737768548
2005-02-06 00:00:00,664.6991370087585
2005-02-07 00:00:00,663.446616532909
2005-02-08 00:00:00,662.1986502394195
2005-02-09 00:00:00,660.9552763312355
2005-02-10 00:00:00,659.7165282869701
2005-02-11 00:00:00,658.4824335677696
2005-02-13 00:00:00,656.0282807025941
2005-02-14 00:00:00,654.8082449103457
2005-02-15 00:00:00,653.592908499131
2005-02-16 00:00:00,652.3822698720018
2005-02-17 00:00:00,651.1763235418604
2005-02-18 00:00:00,649.9750605516374
2005-02-20 00:00:00,647.586532874832
2005-02-21 00:00:00,646.3992347904226
2005-02-22 00:00:00,645.216553430218
2005-02-23 00:00:00,644.0384649725161
2005-02-24 00:00:00,642.8649429690913
2005-02-25 00:00:00,641.6959585311836
2005-02-27 00:00:00,639.3714759523796
2005-02-28 00:00:00,638.2159099023585
2005-03-01 00:00:00,637.0647460560448
2005-03-02 00:00:00,635.9179467218961
2005-03-03 00:00:00,634.7754730076588
2005-03-04 00:00:00,633.6372849143818
2005-03-06 00:00:00,635.283139102141
2005-03-07 00:00:00,636.540107659335
2005-03-08 00:00:00,637.8010688076046
2005-03-09 00:00:00,639.0659721598557
2005-03-10 00:00:00,640.3347612133025
2005-03-11 00:00:00,641.6073743966087
2005-03-13 00:00:00,644.163809639317
2005-03-14 00:00:00,645.4474951224552
2005-03-15 00:00:00,646.7347333507843
2005-03-16 00:00:00,648.0254545132025
2005-03-17 00:00:00,649.3195885537502
2005-03-18 00:00:00,650.6170650811578
2005-03-20 00:00:00,653.2217617965985
2005-03-21 00:00:00,654.5288388972562
2005-03-22 00:00:00,655.838972463783
2005-03-23 00:00:00,657.1520902410078
2005-03-24 00:00:00,658.468120041231
2005-03-25 00:00:00,659.7869899363923
2005-03-27 00:00:00,662.4329640473844
2005-03-28 01:00:00,663.8152704192296
2005-03-29 01:00:00,665.1448917711828
2005-03-30 01:00:00,666.476992162211
2005-03-31 01:00:00,667.8114973458855
2005-04-01 01:00:00,669.1483306236195
2005-04-03 01:00:00,671.667127068132
2005-04-04 01:00:00,670.2706523012163
2005-04-05 01:00:00,668.8766529159966
2005-04-06 01:00:00,667.4852366640972
2005-04-07 01:00:00,666.0965133144978
2005-04-08 01:00:00,664.7105933345676
2005-04-10 01:00:00,661.9475999910547
2005-04-11 01:00:00,660.5707382306839
2005-04-12 01:00:00,659.1971011839553
2005-04-13 01:00:00,657.826784529139
2005-04-14 01:00:00,656.459879564141
2005-04-15 01:00:00,655.0964733951052
2005-04-17 01:00:00,652.3804863536066
2005-04-18 01:00:00,651.0280607247839
2005-04-19 01:00:00,649.6794445253053
2005-04-20 01:00:00,648.3347063286963
2005-04-21 01:00:00,646.9939109360249
2005-04-22 01:00:00,645.6571192741467
2005-04-24 01:00:00,642.9957716709704
2005-04-25 01:00:00,641.6713192638739
2005-04-26 01:00:00,640.3510788968167
2005-04-27 01:00:00,639.0350968615371
2005-04-28 01:00:00,637.7234191300535
2005-04-29 01:00:00,636.4160923709338
2005-05-01 01:00:00,633.8146860744064
2005-05-02 01:00:00,632.5207082893975
2005-05-03 01:00:00,631.2312846697681
2005-05-04 01:00:00,629.9464694890975
2005-05-05 01:00:00,628.6663172139117
2005-05-06 01:00:00,627.3908816230221
2005-05-08 01:00:00,624.8543666640089
2005-05-09 01:00:00,623.593383351306
2005-05-10 01:00:00,622.3373074812147
2005-05-11 01:00:00,621.0861773792957
2005-05-12 01:00:00,619.8400270331675
2005-05-13 01:00:00,618.5988861400184
2005-05-15 01:00:00,616.1317310027894
2005-05-16 01:00:00,614.9057562252066
2005-05-17 01:00:00,613.6848701280728
2005-05-18 01:00:00,612.4690833032372
2005-05-19 01:00:00,611.2584026954712
2005-05-20 01:00:00,610.0528315088086
2005-05-22 01:00:00,607.6570110708852
2005-05-23 01:00:00,606.4667493071443
2005-05-24 01:00:00,605.2815726689905
2005-05-25 01:00:00,604.1014677744465
2005-05-26 01:00:00,602.926420155083
2005-05-27 01:00:00,601.756415470914
2005-05-29 01:00:00,599.43148392412
2005-05-30 01:00:00,598.2765361750786
2005-05-31 01:00:00,597.1265895142071
2005-06-01 01:00:00,595.9816373812763
2005-06-02 01:00:00,594.8416738232537
2005-06-03 01:00:00,593.7066928833569
2005-06-05 01:00:00,591.4516516803047
2005-06-06 01:00:00,590.3315747418146
2005-06-07 01:00:00,589.2164463109132
2005-06-08 01:00:00,588.1062534085493
2005-06-09 01:00:00,587.000980832699
2005-06-10 01:00:00,585.9006110993631
2005-06-12 01:00:00,583.7144989810645
2005-06-13 01:00:00,582.6287106264285
2005-06-14 01:00:00,581.5477333597083
2005-06-15 01:00:00,580.4715391129633
2005-06-16 01:00:00,579.4000980683702
2005-06-17 01:00:00,578.3333781262672
2005-06-19 01:00:00,576.2139625806736
2005-06-20 01:00:00,575.1611914811641
2005-06-21 01:00:00,574.1129903997162
2005-06-22 01:00:00,573.0693157594072
2005-06-23 01:00:00,572.0301224936909
2005-06-24 01:00:00,570.9953649966948
2005-06-26 01:00:00,568.9389783243768
2005-06-27 01:00:00,569.9279906411448
2005-06-28 01:00:00,571.093853553856
2005-06-29 01:00:00,572.262395874093
2005-06-30 01:00:00,573.4336123723609
2005-07-01 01:00:00,574.6074943847601
2005-07-03 01:00:00,576.9632038974014
2005-07-04 01:00:00,578.1449982905817
2005-07-05 01:00:00,579.329392436317
2005-07-06 01:00:00,580.5163632293655
2005-07-07 01:00:00,581.7058853644478
2005-07-08 01:00:00,582.897931583085
2005-07-10 01:00:00,585.2894788765027
2005-07-11 01:00:00,586.4889177317364
2005-07-12 01:00:00,587.6907566079468
2005-07-13 01:00:00,588.894961691855
2005-07-14 01:00:00,590.1014983985016
2005-07-15 01:00:00,591.3103316153168
2005-07-17 01:00:00,593.7347469329562
2005-07-18 01:00:00,594.9502605910274
2005-07-19 01:00:00,596.1679357841429
2005-07-20 01:00:00,597.3877447590696
2005-07-21 01:00:00,598.6096642618936
2005-07-22 01:00:00,599.8336759450106
2005-07-24 01:00:00,602.2879231926718
2005-07-25 01:00:00,603.5181381373054
2005-07-26 01:00:00,604.7504002224246
2005-07-27 01:00:00,605.9846967534999
2005-07-28 01:00:00,607.2210120024505
2005-07-29 01:00:00,608.4593269142431
2005-07-31 01:00:00,610.9418633795643
2005-08-01 01:00:00,610.4337063972758
2005-08-02 01:00:00,609.2183093546255
2005-08-03 01:00:00,608.005049492317
2005-08-04 01:00:00,606.793949907291
2005-08-05 01:00:00,605.5850350602564
2005-08-07 01:00:00,603.1738633593995
2005-08-08 01:00:00,601.9716609093277
2005-08-09 01:00:00,600.7717516905014
2005-08-10 01:00:00,599.5741647069482
2005-08-11 01:00:00,598.3789293780166
2005-08-12 01:00:00,597.1860753267011
2005-08-14 01:00:00,594.8076286888278
2005-08-15 01:00:00,593.6220930859254
2005-08-16 01:00:00,592.4390513946162
2005-08-17 01:00:00,591.2585270514915
2005-08-18 01:00:00,590.0805400498217
2005-08-19 01:00:00,588.9051065628372
2005-08-21 01:00:00,586.5619482126665
2005-08-22 01:00:00,585.3942427942553
2005-08-23 01:00:00,584.2291331231418
2005-08-24 01:00:00,583.0666316104678
2005-08-25 01:00:00,581.9067537627641
2005-08-26 01:00:00,580.7495184567838
2005-08-28 01:00:00,578.4430670006609
2005-08-29 01:00:00,577.2939037074016
2005-08-30 01:00:00,576.1474880752817
2005-08-31 01:00:00,575.0038524162611
2005-09-01 01:00:00,573.8630311347415
2005-09-02 01:00:00,572.8465576082162
2005-09-04 01:00:00,574.4973220541633
2005-09-05 01:00:00,575.3206645208281
2005-09-06 01:00:00,576.1426884393679
2005-09-07 01:00:00,576.9634218846483
2005-09-08 01:00:00,577.7828905426769
2005-09-09 01:00:00,578.6011177117895
2005-09-11 01:00:00,580.2339293395612
2005-09-12 01:00:00,581.0485496003403
2005-09-13 01:00:00,581.862000811814
2005-09-14 01:00:00,582.6742981032758
2005-09-15 01:00:00,583.4854571273023
2005-09-16 01:00:00,584.2954952711575
2005-09-18 01:00:00,585.9122933669557
2005-09-19 01:00:00,586.7191043129393
2005-09-20 01:00:00,587.5248955457957
2005-09-21 01:00:00,588.3296983895096
2005-09-22 01:00:00,589.1335440899268
2005-09-23 01:00:00,589.9364625412016
2005-09-25 01:00:00,591.5396254423677
2005-09-26 01:00:00,592.3399165091288
2005-09-27 01:00:00,593.1393731790317
2005-09-28 01:00:00,593.9380107974862
2005-09-29 01:00:00,594.7358413369236
2005-09-30 01:00:00,595.5328731901332
2005-10-02 01:00:00,597.124554539477
2005-10-03 01:00:00,597.9191996292163
2005-10-04 01:00:00,598.713036219396
2005-10-05 01:00:00,599.5060486225675
2005-10-06 01:00:00,600.2982150050419
2005-10-07 01:00:00,601.0895071836333
2005-10-09 01:00:00,602.6693246316529
2005-10-10 01:00:00,603.4577628308944
2005-10-11 01:00:00,604.2451538199258
2005-10-12 01:00:00,605.0314421475055
2005-10-13 01:00:00,605.81656954666
2005-10-14 01:00:00,606.6004763856589
2005-10-16 01:00:00,608.1643917585354
2005-10-17 01:00:00,608.94428608822
2005-10-18 01:00:00,609.7227319325873
2005-10-19 01:00:00,610.4996759079145
2005-10-20 01:00:00,611.2750638303734
2005-10-21 01:00:00,612.0488388589863
2005-10-23 01:00:00,613.5912996428193
2005-10-24 01:00:00,614.359844805555
2005-10-25 01:00:00,615.1264942938584
2005-10-26 01:00:00,615.8911593643913
2005-10-27 01:00:00,616.653743120707
2005-10-28 01:00:00,617.414140070453
2005-10-30 01:00:00,618.927904755516
2005-10-31 00:00:00,619.6499052012466
2005-11-01 00:00:00,620.4004203408525
2005-11-02 00:00:00,621.1480703144227
2005-11-03 00:00:00,621.8926786656804
2005-11-04 00:00:00,622.6340527483629
2005-11-06 00:00:00,624.1062431631684
2005-11-07 00:00:00,624.8365901614327
2005-11-08 00:00:00,625.5627657154554
2005-11-09 00:00:00,626.2844973737887
2005-11-10 00:00:00,627.0015000999437
2005-11-11 00:00:00,627.7134778465016
2005-11-13 00:00:00,629.1211277073013
2005-11-14 00:00:00,629.8161643290446
2005-11-15 00:00:00,630.5049056872765
2005-11-16 00:00:00,631.1870140938746
2005-11-17 00:00:00,631.8621417153864
2005-11-18 00:00:00,632.5299283182623
2005-11-20 00:00:00,633.8419604343976
2005-11-21 00:00:00,634.4854012481294
2005-11-22 00:00:00,635.1198876405217
2005-11-23 00:00:00,635.7449631889724
2005-11-24 00:00:00,636.360147344067
2005-11-25 00:00:00,636.9649342503478
2005-11-27 00:00:00,638.1411584658838
2005-11-28 00:00:00,638.7114446252765
2005-11-29 00:00:00,639.2690268694439
2005-11-30 00:00:00,639.8132467493964
2005-12-01 00:00:00,640.3434073205528
2005-12-02 00:00:00,640.8587702105294
2005-12-04 00:00:00,641.8419310355405
2005-12-05 00:00:00,642.308033551454
2005-12-06 00:00:00,642.7559515186263
2005-12-07 00:00:00,643.1847392658034
2005-12-08 00:00:00,643.5934197115704
2005-12-09 00:00:00,643.9809891620889
2005-12-11 00:00:00,644.6886744321592
2005-12-12 00:00:00,645.0066897296529
2005-12-13 00:00:00,645.2994011611686
2005-12-14 00:00:00,645.565736624092
2005-12-15 00:00:00,645.8046227430707
2005-12-16 00:00:00,646.0149893927609
2005-12-18 00:00:00,646.345931661577
2005-12-19 00:00:00,646.464434415386
2005-12-20 00:00:00,646.5502883778079
2005-12-21 00:00:00,646.6025405566864
2005-12-22 00:00:00,646.6202924377358
2005-12-23 00:00:00,646.602714589825
2005-12-25 00:00:00,646.4586961180001
2005-12-26 00:00:00,646.3310943598447
2005-12-27 00:00:00,646.1658780891167
2005-12-28 00:00:00,645.9628272970311
2005-12-29 00:00:00,645.7219007351139
2005-12-30 00:00:00,645.4432555213662
2006-01-01 00:00:00,644.774556009599
2006-01-02 00:00:00,644.3860053473069
2006-01-03 00:00:00,643.962795557975
2006-01-04 00:00:00,643.5064249818237
2006-01-05 00:00:00,643.0187351563465
2006-01-06 00:00:00,642.5019212489799
2006-01-08 00:00:00,641.3914894350071
2006-01-09 00:00:00,640.8040166015118
2006-01-10 00:00:00,640.1996643093378
2006-01-11 00:00:00,639.5822468169403
2006-01-12 00:00:00,638.9558019222754
2006-01-13 00:00:00,638.3245385017744
2006-01-15 00:00:00,637.0648953980694
2006-01-16 00:00:00,636.4452509813538
2006-01-17 00:00:00,635.8381332765996
2006-01-18 00:00:00,635.2476972439118
2006-01-19 00:00:00,634.6779104845223
2006-01-20 00:00:00,634.1325053627787
2006-01-22 00:00:00,633.1283590339324
2006-01-23 00:00:00,632.6755834613011
2006-01-24 00:00:00,632.2590809125526
2006-01-25 00:00:00,631.8809645954531
2006-01-26 00:00:00,631.5429917174471
2006-01-27 00:00:00,631.2465698188719
2006-01-29 00:00:00,630.7823565110646
2006-01-30 00:00:00,630.6157990314337
2006-01-31 00:00:00,630.4933210239678
2006-02-01 00:00:00,630.4149257665496
2006-02-02 00:00:00,630.3804294783058
2006-02-03 00:00:00,630.3894881872333
2006-02-05 00:00:00,630.5362205354251
2006-02-06 00:00:00,630.6725832876509
2006-02-07 00:00:00,630.8499092035078
2006-02-08 00:00:00,631.0673229557697
2006-02-09 00:00:00,631.3238857980732
2006-02-10 00:00:00,631.618608183505
2006-02-12 00:00:00,632.3183882344723
2006-02-13 00:00:00,632.7213120592924
2006-02-14 00:00:00,633.1581452726655
2006-02-15 00:00:00,633.6277962711451
2006-02-16 00:00:00,634.1291755985393
2006-02-17 00:00:00,634.6612011779555
2006-02-19 00:00:00,635.8129252609268
2006-02-20 00:00:00,636.4305320539082
2006-02-21 00:00:00,637.0746064713668
2006-02-22 00:00:00,637.7441533457315
2006-02-23 00:00:00,638.4381996894501
2006-02-24 00:00:00,639.1557951797636
2006-02-26 00:00:00,640.6579507958028
2006-02-27 00:00:00,641.4407347416046
2006-02-28 00:00:00,642.2435225383613
2006-03-01 00:00:00,643.0655087603892
2006-03-02 00:00:00,643.905928665459
2006-03-03 00:00:00,644.7640599696571
2006-03-05 00:00:00,646.530772421401
2006-03-06 00:00:00,647.4381035531766
2006-03-07 00:00:00,648.3606377542172
2006-03-08 00:00:00,649.2978240505666
2006-03-09 00:00:00,650.2491352683415
2006-03-10 00:00:00,651.2140658881639
2006-03-12 00:00:00,651.9176683758234
2006-03-13 00:00:00,651.0766007051652
2006-03-14 00:00:00,650.2296348233328
2006-03-15 00:00:00,649.3771435996994
2006-03-16 00:00:00,648.5194840626199
2006-03-17 00:00:00,647.6569984499638
2006-03-19 00:00:00,645.9188498360344
2006-03-20 00:00:00,645.0438058122129
2006-03-21 00:00:00,644.1651752289644
2006-03-22 00:00:00,643.2832395350227
2006-03-23 00:00:00,642.3982701238286
2006-03-24 00:00:00,641.5105287620096
2006-03-26 00:00:00,639.7277290101839
2006-03-27 01:00:00,638.7954988857804
2006-03-28 01:00:00,637.8990165191572
2006-03-29 01:00:00,637.0009132384753
2006-03-30 01:00:00,636.1013699841276
2006-03-31 01:00:00,635.2005470171857
2006-04-02 01:00:00,633.3956011541097
2006-04-03 01:00:00,632.4917025043559
2006-04-04 01:00:00,631.5869778579287
2006-04-05 01:00:00,630.6815056013683
2006-04-06 01:00:00,629.77535449106
2006-04-07 01:00:00,628.8685849612441
2006-04-09 01:00:00,627.0533957028147
2006-04-10 01:00:00,626.145061810168
2006-04-11 01:00:00,625.2362820556559
2006-04-12 01:00:00,624.3270846715809
2006-04-13 01:00:00,623.417492920627
2006-04-14 01:00:00,622.5075257057329
2006-04-16 01:00:00,620.6865225830763
2006-04-17 01:00:00,619.7755084542439
2006-04-18 01:00:00,618.8641634994764
2006-04-19 01:00:00,619.292800318307
2006-04-20 01:00:00,620.4897361903717
2006-04-21 01:00:00,621.6931201198759
2006-04-23 01:00:00,624.1185433204955
2006-04-24 01:00:00,625.3402299003635
2006-04-25 01:00:00,626.5676598546416
2006-04-26 01:00:00,627.8006511354029
2006-04-27 01:00:00,629.0390220481595
2006-04-28 01:00:00,630.2825933269515
2006-04-30 01:00:00,632.7846430807189
2006-05-01 01:00:00,634.0427895167919
2006-05-02 01:00:00,635.3054727233409
2006-05-03 01:00:00,636.5725416729175
2006-05-04 01:00:00,637.8438501879654
2006-05-05 01:00:00,639.1192562166532
2006-05-07 01:00:00,641.681810073719
2006-05-08 01:00:00,642.9686903696823
2006-05-09 01:00:00,644.2591328782539
2006-05-10 01:00:00,645.5530112869164
2006-05-11 01:00:00,646.8502022232612
2006-05-12 01:00:00,648.1505851233571
2006-05-14 01:00:00,650.7604565865392
2006-05-15 01:00:00,652.0697143102884
2006-05-16 01:00:00,653.3817007254022
2006-05-17 01:00:00,654.6963009198026
2006-05-18 01:00:00,656.0133985575991
2006-05-19 01:00:00,657.3328751479539
2006-05-21 01:00:00,659.9784777798964
2006-05-22 01:00:00,661.3043531234326
2006-05-23 01:00:00,662.6321066540414
2006-05-24 01:00:00,663.9616081172794
2006-05-25 01:00:00,665.2927272099078
2006-05-26 01:00:00,666.6253351268736
2006-05-28 01:00:00,669.2945192989683
2006-05-29 01:00:00,670.6308589920086
2006-05-30 01:00:00,671.9682159943392
2006-05-31 01:00:00,673.3064872908385
2006-06-01 01:00:00,674.6455758485398
2006-06-02 01:00:00,675.9853901695716
2006-06-04 01:00:00,678.6668550044968
2006-06-05 01:00:00,680.0083463581667
2006-06-06 01:00:00,681.3502447573525
2006-06-07 01:00:00,682.6924813196981
2006-06-08 01:00:00,682.0662714122385
2006-06-09 01:00:00,680.9010078639644
2006-06-11 01:00:00,678.5809791748563
2006-06-12 01:00:00,677.4262501480193
2006-06-13 01:00:00,676.275066370168
2006-06-14 01:00:00,675.1274442116485
2006-06-15 01:00:00,673.9834015729781
2006-06-16 01:00:00,672.8429587479918
2006-06-18 01:00:00,670.572967413355
2006-06-19 01:00:00,669.4434722327462
2006-06-20 01:00:00,668.3176819330968
2006-06-21 01:00:00,667.1956250445382
2006-06-22 01:00:00,666.0773287298722
2006-06-23 01:00:00,664.9628175763403
2006-06-25 01:00:00,662.7452298538576
2006-06-26 01:00:00,661.6421807904226
2006-06-27 01:00:00,660.5429709657428
2006-06-28 01:00:00,659.4476005304372
2006-06-29 01:00:00,658.3560643755812
2006-06-30 01:00:00,657.2683525383741
2006-07-02 01:00:00,655.1043404164111
2006-07-03 01:00:00,654.0279998731266
2006-07-04 01:00:00,652.9554037244443
2006-07-05 01:00:00,651.8865234385937
2006-07-06 01:00:00,650.8213273284333
2006-07-07 01:00:00,649.7597806173987
2006-07-09 01:00:00,647.6474818421541
2006-07-10 01:00:00,646.5966470277951
2006-07-11 01:00:00,645.5492976687777
2006-07-12 01:00:00,644.5053904749996
2006-07-13 01:00:00,643.4648836955104
2006-07-14 01:00:00,642.4277383059215
2006-07-16 01:00:00,640.363392903109
2006-07-17 01:00:00,639.3361318156453
2006-07-18 01:00:00,638.3121085625544
2006-07-19 01:00:00,637.2912973092509
2006-07-20 01:00:00,636.2736722616642
2006-07-21 01:00:00,635.2592067810391
2006-07-23 01:00:00,633.2396396423838
2006-07-24 01:00:00,632.2344749140176
2006-07-25 01:00:00,631.2323429822682
2006-07-26 01:00:00,630.233205509707
2006-07-27 01:00:00,629.2370213438876
2006-07-28 01:00:00,628.2437466400218
2006-07-30 01:00:00,626.265737942573
2006-07-31 01:00:00,625.2809046247954
2006-08-01 01:00:00,624.2987825106549
2006-08-02 01:00:00,623.3193172363088
2006-08-03 01:00:00,622.3424527090906
2006-08-04 01:00:00,621.3681311060051
2006-08-06 01:00:00,619.4268766840387
2006-08-07 01:00:00,618.4598198085952
2006-08-08 01:00:00,617.4950583984972
2006-08-09 01:00:00,616.5325283659276
2006-08-10 01:00:00,615.5721664468002
2006-08-11 01:00:00,614.6139113938336
2006-08-13 01:00:00,612.7034924375364
2006-08-14 01:00:00,611.7512225167343
2006-08-15 01:00:00,610.8008467556658
2006-08-16 01:00:00,609.8523187076032
2006-08-17 01:00:00,608.9055930646117
2006-08-18 01:00:00,607.960624921284
2006-08-20 01:00:00,606.0757804322642
2006-08-21 01:00:00,605.1358122030948
2006-08-22 01:00:00,604.197417312743
2006-08-23 01:00:00,603.2605475296492
2006-08-24 01:00:00,602.325153573118
2006-08-25 01:00:00,601.3911851006843
2006-08-27 01:00:00,599.6600531508029
2006-08-28 01:00:00,600.9415259632125
2006-08-29 01:00:00,602.2260770305203
2006-08-30 01:00:00,603.5136710496904
2006-08-31 01:00:00,604.8042732540634
2006-09-01 01:00:00,606.0978496288953
2006-09-03 01:00:00,608.6937945879206
2006-09-04 01:00:00,609.9961022930605
2006-09-05 01:00:00,611.3012635268624
2006-09-06 01:00:00,612.6092545608556
2006-09-07 01:00:00,613.9200548342474
2006-09-08 01:00:00,615.233646703351
2006-09-10 01:00:00,617.869141847344
2006-09-11 01:00:00,619.1910127499017
2006-09-12 01:00:00,620.515607739291
2006-09-13 01:00:00,621.842904588712
2006-09-14 01:00:00,623.1728779773928
2006-09-15 01:00:00,624.5054997804681
2006-09-17 01:00:00,625.016072070434
2006-09-18 01:00:00,623.7953482797767
2006-09-19 01:00:00,622.5766040408349
2006-09-20 01:00:00,621.3598681470007
2006-09-21 01:00:00,620.1451692494486
2006-09-22 01:00:00,618.932535669039
2006-09-24 01:00:00,616.5135749964938
2006-09-25 01:00:00,615.3073012647312
2006-09-26 01:00:00,614.1031992320242
2006-09-27 01:00:00,612.9012929227304
2006-09-28 01:00:00,611.7016050120185
2006-09-29 01:00:00,610.5041566469754
2006-10-01 01:00:00,608.1160541525951
2006-10-02 01:00:00,606.925432497164
2006-10-03 01:00:00,605.7371147548716
2006-10-04 01:00:00,604.5511106795784
2006-10-05 01:00:00,603.3674274345531
2006-10-06 01:00:00,602.1860701887142
2006-10-08 01:00:00,599.8303512825137
2006-10-09 01:00:00,598.6560011342787
2006-10-10 01:00:00,597.4840024099718
2006-10-11 01:00:00,596.3143680438022
2006-10-12 01:00:00,595.1471140252313
2006-10-13 01:00:00,593.982258796218
2006-10-15 01:00:00,591.6598264833211
2006-10-16 01:00:00,590.5022924706468
2006-10-17 01:00:00,589.3472425198304
2006-10-18 01:00:00,588.1946986281929
2006-10-19 01:00:00,587.0446826027763
2006-10-20 01:00:00,585.8972159377994
2006-10-22 01:00:00,583.6100143423853
2006-10-23 01:00:00,582.4703196362285
2006-10-24 01:00:00,581.3332543823323
2006-10-25 01:00:00,580.1988362468365
2006-10-26 01:00:00,579.0670815340372
2006-10-27 01:00:00,577.9380049635561
2006-10-29 01:00:00,575.6879358650978
2006-10-30 00:00:00,574.6136829585269
2006-10-31 00:00:00,573.495312246004
2006-11-01 00:00:00,572.3796614480692
2006-11-02 00:00:00,571.2667312722466
2006-11-03 00:00:00,570.1565197675282
2006-11-05 00:00:00,567.9442346389731
2006-11-06 00:00:00,566.8421493458313
2006-11-07 00:00:00,565.7427613940847
2006-11-08 00:00:00,564.6460666168238
2006-11-09 00:00:00,563.5520625198964
2006-11-10 00:00:00,562.4607482282495
2006-11-12 00:00:00,560.2861916073927
2006-11-13 00:00:00,559.202952259711
2006-11-14 00:00:00,558.1224079062532
2006-11-15 00:00:00,557.0445601610026
2006-11-16 00:00:00,556.270677688044
2006-11-17 00:00:00,557.264779270406
2006-11-19 00:00:00,559.2606729695178
2006-11-20 00:00:00,560.2625230011053
2006-11-21 00:00:00,561.2670108669738
2006-11-22 00:00:00,562.2741610539367
2006-11-23 00:00:00,563.28399619232
2006-11-24 00:00:00,564.2965371451
2006-11-26 00:00:00,566.3298122462394
2006-11-27 00:00:00,567.3505812985957
2006-11-28 00:00:00,568.3741267317068
2006-11-29 00:00:00,569.4004648478522
2006-11-30 00:00:00,570.4296123943489
2006-12-01 00:00:00,571.4615871095433
2006-12-03 00:00:00,573.5340967837517
2006-12-04 00:00:00,574.5746757247085
2006-12-05 00:00:00,575.618169566211
2006-12-06 00:00:00,576.6646038155892
2006-12-07 00:00:00,577.714004167984
2006-12-08 00:00:00,578.766395704451
2006-12-10 00:00:00,580.880245793899
2006-12-11 00:00:00,581.9417465186241
2006-12-12 00:00:00,583.0063224509177
2006-12-13 00:00:00,584.0739896013263
2006-12-14 00:00:00,585.1447619555672
2006-12-15 00:00:00,586.2186514692562
2006-12-17 00:00:00,588.3758191193513
2006-12-18 00:00:00,589.4591099677547
2006-12-19 00:00:00,590.5455428964216
2006-12-20 00:00:00,591.6351172314106
2006-12-21 00:00:00,592.7278290480868
2006-12-22 00:00:00,593.82367110515
2006-12-24 00:00:00,596.0247014457207
2006-12-25 00:00:00,597.1298610636786
2006-12-26 00:00:00,598.2380949168004
2006-12-27 00:00:00,599.3493854128332
2006-12-28 00:00:00,600.4637150607115
2006-12-29 00:00:00,601.5810671741618
2006-12-31 00:00:00,603.8247793956849
2007-01-01 00:00:00,604.9511145012984
2007-01-02 00:00:00,606.0804222141635
2007-01-03 00:00:00,607.212694590074
2007-01-04 00:00:00,608.3479250013119
2007-01-05 00:00:00,609.4861068146937
2007-01-07 00:00:00,611.7712975597027
2007-01-08 00:00:00,612.9182893709458
2007-01-09 00:00:00,614.0681980324254
2007-01-10 00:00:00,615.2210106210438
2007-01-11 00:00:00,616.3767122507761
2007-01-12 00:00:00,617.5352860557184
2007-01-14 00:00:00,619.8609725439908
2007-01-15 00:00:00,621.0280408846987
2007-01-16 00:00:00,622.1978921612445
2007-01-17 00:00:00,623.370497228819
2007-01-18 00:00:00,624.5458233135037
2007-01-19 00:00:00,625.7238335857656
2007-01-21 00:00:00,628.0877383576471
2007-01-22 00:00:00,629.2735392670579
2007-01-23 00:00:00,629.5120995725786
2007-01-24 00:00:00,628.0593176014365
2007-01-25 00:00:00,626.6081536035967
2007-01-26 00:00:00,625.1586847527185
2007-01-28 00:00:00,622.2651252702343
2007-01-29 00:00:00,620.8211736159316
2007-01-30 00:00:00,619.3791958775315
2007-01-31 00:00:00,617.9392561730476
2007-02-01 00:00:00,616.5014175511404
2007-02-02 00:00:00,615.0657426440717
2007-02-04 00:00:00,612.201136067102
2007-02-05 00:00:00,610.7723327162836
2007-02-06 00:00:00,609.3459503987895
2007-02-07 00:00:00,607.9220568345394
2007-02-08 00:00:00,607.0082351118969
2007-02-09 00:00:00,607.9628070648552
2007-02-11 00:00:00,609.87512352277
2007-02-12 00:00:00,610.8330285467539
2007-02-13 00:00:00,611.7922048596795
2007-02-14 00:00:00,612.752731863771
2007-02-15 00:00:00,613.7146878043934
2007-02-16 00:00:00,614.6781490384473
2007-02-18 00:00:00,616.6098784108301
2007-02-19 00:00:00,617.578282854622
2007-02-20 00:00:00,618.5484647738433
2007-02-21 00:00:00,619.5204830941467
2007-02-22 00:00:00,620.4943944384199
2007-02-23 00:00:00,621.4702542795152
2007-02-25 00:00:00,623.4280414564331
2007-02-26 00:00:00,624.4100817631032
2007-02-27 00:00:00,625.3942971453445
2007-02-28 00:00:00,626.3807471582817
2007-03-01 00:00:00,627.3694926070921
2007-03-02 00:00:00,628.360595453504
2007-03-04 00:00:00,630.3501260975704
2007-03-05 00:00:00,631.3486821635806
2007-03-06 00:00:00,632.3498517087621
2007-03-07 00:00:00,633.3536997001072
2007-03-08 00:00:00,634.3602910007331
2007-03-09 00:00:00,635.3696901569751
2007-03-11 00:00:00,637.397167607709
2007-03-12 00:00:00,638.4153719191224
2007-03-13 00:00:00,639.4366357387812
2007-03-14 00:00:00,640.461019264429
2007-03-15 00:00:00,641.4885807128852
2007-03-16 00:00:00,642.5193754112195
2007-03-18 00:00:00,644.5908637720099
2007-03-19 00:00:00,645.6316417500129
2007-03-20 00:00:00,646.6758194577894
2007-03-21 00:00:00,647.7234202561893
2007-03-22 00:00:00,648.7744610340304
2007-03-23 00:00:00,649.8289540328124
2007-03-25 00:00:00,651.9483338689683
2007-03-26 01:00:00,653.0575411764489
2007-03-27 01:00:00,654.1260771056702
2007-03-28 01:00:00,655.1981108844021
2007-03-29 01:00:00,656.2736527141589
2007-03-30 01:00:00,657.352713179851
2007-04-01 01:00:00,659.5214332824687
2007-04-02 01:00:00,660.6111145697882
2007-04-03 01:00:00,661.7043574966618
2007-04-04 01:00:00,662.8011722107433
2007-04-05 01:00:00,663.9015682482775
2007-04-06 01:00:00,665.0055543110313
2007-04-08 01:00:00,667.224325699864
2007-04-09 01:00:00,668.3391220646031
2007-04-10 01:00:00,669.4575299700792
2007-04-11 01:00:00,670.5795499665207
2007-04-12 01:00:00,671.7051796774837
2007-04-13 01:00:00,672.8344128367348
2007-04-15 01:00:00,675.1036362670272
2007-04-16 01:00:00,676.2435802635084
2007-04-17 01:00:00,677.3870314772109
2007-04-18 01:00:00,678.5339399462753
2007-04-19 01:00:00,679.6842447078664
2007-04-20 01:00:00,680.8378757634232
2007-04-22 01:00:00,683.1548063398102
2007-04-23 01:00:00,684.3179428210212
2007-04-24 01:00:00,685.4840826120964
2007-04-25 01:00:00,686.6531420069866
2007-04-26 01:00:00,687.8250369015557
2007-04-27 01:00:00,688.9996825727542
2007-04-29 01:00:00,690.1082648241882
2007-04-30 01:00:00,688.879631677921
2007-05-01 01:00:00,687.6532803353672
2007-05-02 01:00:00,686.4293019860716
2007-05-03 01:00:00,685.2077888459598
2007-05-04 01:00:00,683.9888343743994
2007-05-06 01:00:00,681.5589831858667
2007-05-07 01:00:00,680.3482823869293
2007-05-08 01:00:00,679.1405329789134
2007-05-09 01:00:00,677.9358401212876
2007-05-10 01:00:00,676.7343130385378
2007-05-11 01:00:00,675.5360659886605
2007-05-13 01:00:00,673.1499020158788
2007-05-14 01:00:00,671.9622514133689
2007-05-15 01:00:00,670.7784167449386
2007-05-16 01:00:00,669.5985590523095
2007-05-17 01:00:00,668.4228512192963
2007-05-18 01:00:00,667.2514765782323
2007-05-20 01:00:00,664.9224983929491
2007-05-21 01:00:00,663.7652924636927
2007-05-22 01:00:00,662.6132114534931
2007-05-23 01:00:00,661.4664595311497
2007-05-24 01:00:00,660.3252424370392
2007-05-25 01:00:00,659.189767841626
2007-05-27 01:00:00,656.9368891973481
2007-05-28 01:00:00,655.8199139878799
2007-05-29 01:00:00,654.7095394373747
2007-05-30 01:00:00,653.6059881646097
2007-05-31 01:00:00,652.5094861686069
2007-06-01 01:00:00,651.4202628621533
2007-06-03 01:00:00,649.2645878268622
2007-06-04 01:00:00,648.1986137249451
2007-06-05 01:00:00,647.1408746545908
2007-06-06 01:00:00,646.0916221333663
2007-06-07 01:00:00,645.0511145224702
2007-06-08 01:00:00,644.0196183756982
2007-06-10 01:00:00,641.9847776681414
2007-06-11 01:00:00,640.9820231094551
2007-06-12 01:00:00,639.9894642977368
2007-06-13 01:00:00,639.0074370088405
2007-06-14 01:00:00,638.0362960433469
2007-06-15 01:00:00,637.0764153467622
2007-06-17 01:00:00,635.192019600363
2007-06-18 01:00:00,634.2683359908897
2007-06-19 01:00:00,633.357571900488
2007-06-20 01:00:00,632.4601748229691
2007-06-21 01:00:00,631.5766037900502
2007-06-22 01:00:00,630.7073296921014
2007-06-24 01:00:00,629.0136193141784
2007-06-25 01:00:00,628.1901906472874
2007-06-26 01:00:00,627.3830755413422
2007-06-27 01:00:00,626.5928147551188
2007-06-28 01:00:00,625.8199644376818
2007-06-29 01:00:00,625.0650961888185
2007-07-01 01:00:00,623.611669566758
2007-07-02 01:00:00,623.4179438192683
2007-07-03 01:00:00,623.912455702474
2007-07-04 01:00:00,624.3916447420418
2007-07-05 01:00:00,624.8549472017127
2007-07-06 01:00:00,625.3017762323133
2007-07-08 01:00:00,626.1435363062313
2007-07-09 01:00:00,626.5371547753975
2007-07-10 01:00:00,626.9116686432608
2007-07-11 01:00:00,627.2663346337955
2007-07-12 01:00:00,627.6003704318165
2007-07-13 01:00:00,627.9129538707884
2007-07-15 01:00:00,628.4702822825864
2007-07-16 01:00:00,628.7131995781717
2007-07-17 01:00:00,628.9310188608912
2007-07-18 01:00:00,629.1227628621116
2007-07-19 01:00:00,629.2874405039
2007-07-20 01:00:00,629.4240539396558
2007-07-22 01:00:00,629.6091085845437
2007-07-23 01:00:00,629.6555915029826
2007-07-24 01:00:00,629.6701134874463
2007-07-25 01:00:00,629.6517742929159
2007-07-26 01:00:00,629.5997289414893
2007-07-27 01:00:00,629.5132039412734
2007-07-29 01:00:00,629.2340890446375
2007-07-30 01:00:00,629.0404805585564
2007-07-31 01:00:00,628.8103970394828
2007-08-01 01:00:00,628.5437170099416
2007-08-02 01:00:00,628.2405092067155
2007-08-03 01:00:00,627.9010494399357
2007-08-05 01:00:00,627.1156011973171
2007-08-06 01:00:00,626.6713274255466
2007-08-07 01:00:00,626.1942541949219
2007-08-08 01:00:00,625.6858893746229
2007-08-09 01:00:00,625.1480159607786
2007-08-10 01:00:00,624.5826964062112
2007-08-12 01:00:00,623.3793661421979
2007-08-13 01:00:00,622.7468616499034
2007-08-14 01:00:00,622.4644348281158
2007-08-15 01:00:00,623.2415259565323
2007-08-16 01:00:00,624.0350530819599
2007-08-17 01:00:00,624.8412251001696
2007-08-19 01:00:00,626.4757474046825
2007-08-20 01:00:00,627.2960663362294
2007-08-21 01:00:00,628.1130673856626
2007-08-22 01:00:00,628.9228063998394
2007-08-23 01:00:00,629.7214546410889
2007-08-24 01:00:00,630.5053418440564
2007-08-26 01:00:00,632.0151681424752
2007-08-27 01:00:00,632.7348759573849
2007-08-28 01:00:00,633.4274101958481
2007-08-29 01:00:00,634.0903605496981
2007-08-30 01:00:00,634.7216270547975
2007-08-31 01:00:00,635.3194275358726
2007-09-02 01:00:00,636.4090875747172
2007-09-03 01:00:00,636.8989407580542
2007-09-04 01:00:00,637.3512804438012
2007-09-05 01:00:00,637.7657814308552
2007-09-06 01:00:00,638.1423438031277
2007-09-07 01:00:00,638.4810654109106
2007-09-09 01:00:00,639.0462065479932
2007-09-10 01:00:00,639.2735757728819
2007-09-11 01:00:00,639.464958235013
2007-09-12 01:00:00,639.6210700545147
2007-09-13 01:00:00,639.7426907862132
2007-09-14 01:00:00,639.8306485661933
2007-09-16 01:00:00,639.909055900815
2007-09-17 01:00:00,639.9012985261871
2007-09-18 01:00:00,639.863446814319
2007-09-19 01:00:00,639.7964126100499
2007-09-20 01:00:00,639.7011017812042
2007-09-21 01:00:00,639.5784087874681
2007-09-23 01:00:00,639.2543703218603
2007-09-24 01:00:00,639.0547201261031
2007-09-25 01:00:00,638.8310748898763
2007-09-26 01:00:00,638.5842256796833
2007-09-27 01:00:00,638.3149435972739
2007-09-28 01:00:00,638.023983092305
2007-09-30 01:00:00,637.3799782230296
2007-10-01 01:00:00,637.0283790049225
2007-10-02 01:00:00,636.6579887245382
2007-10-03 01:00:00,636.269490409516
2007-10-04 01:00:00,635.8635453619864
2007-10-05 01:00:00,635.4407904309671
2007-10-07 01:00:00,634.5472659979349
2007-10-08 01:00:00,634.0776356424283
2007-10-09 01:00:00,633.5934735423027
2007-10-10 01:00:00,633.0952811741544
2007-10-11 01:00:00,632.5835337403449
2007-10-12 01:00:00,632.0586809893929
2007-10-14 01:00:00,630.9713370531912
2007-10-15 01:00:00,631.7075957591838
2007-10-16 01:00:00,632.6861774825965
2007-10-17 01:00:00,633.6780955668476
2007-10-18 01:00:00,634.68294916545
2007-10-19 01:00:00,635.7003568296356
2007-10-21 01:00:00,637.7714028803823
2007-10-22 01:00:00,638.8243716815878
2007-10-23 01:00:00,639.8885544853757
2007-10-24 01:00:00,640.9636599134295
2007-10-25 01:00:00,642.0494111660374
2007-10-26 01:00:00,641.8160771407978
2007-10-28 01:00:00,640.0054701189661
2007-10-29 00:00:00,639.1317289157427
2007-10-30 00:00:00,638.215489023888
2007-10-31 00:00:00,637.2952436467109
2007-11-01 00:00:00,636.3712385536455
2007-11-02 00:00:00,635.4437146059411
2007-11-04 00:00:00,633.5790382694593
2007-11-05 00:00:00,632.6423291599015
2007-11-06 00:00:00,631.7029868484608
2007-11-07 00:00:00,630.7612106794786
2007-11-08 00:00:00,629.817191078171
2007-11-09 00:00:00,628.8711096385258
2007-11-11 00:00:00,626.9734439534213
2007-11-12 00:00:00,626.022179460731
2007-11-13 00:00:00,625.0694928234799
2007-11-14 00:00:00,624.1155227723536
2007-11-15 00:00:00,623.1603997993468
2007-11-16 00:00:00,622.2042462642798
2007-11-18 00:00:00,620.2892966075918
2007-11-19 00:00:00,619.3307049463381
2007-11-20 00:00:00,618.3714918445582
2007-11-21 00:00:00,617.4117403365001
2007-11-22 00:00:00,616.4515272154745
2007-11-23 00:00:00,615.4909249112795
2007-11-25 00:00:00,613.5688364894621
2007-11-26 00:00:00,612.6074974108562
2007-11-27 00:00:00,611.6460668729385
2007-11-28 00:00:00,610.6846294451219
2007-11-29 00:00:00,609.7232728814195
2007-11-30 00:00:00,608.7620862247636
2007-12-02 00:00:00,606.8405747705835
2007-12-03 00:00:00,605.8804201791652
2007-12-04 00:00:00,604.9207743825247
2007-12-05 00:00:00,603.9617138392226
2007-12-06 00:00:00,603.003311166484
2007-12-07 00:00:00,602.0456350805815
2007-12-09 00:00:00,600.1327174912168
2007-12-10 00:00:00,599.1775929257954
2007-12-11 00:00:00,598.2234284114729
2007-12-12 00:00:00,597.2702709744342
2007-12-13 00:00:00,596.3181626567404
2007-12-14 00:00:00,595.3671403345247
2007-12-16 00:00:00,593.4684745991402
2007-12-17 00:00:00,592.5208781604904
2007-12-18 00:00:00,591.5744616934381
2007-12-19 00:00:00,590.6292354775381
2007-12-20 00:00:00,589.6852051202998
2007-12-21 00:00:00,588.7423724186654
2007-12-23 00:00:00,586.8602964066852
2007-12-24 00:00:00,585.9210510820869
2007-12-25 00:00:00,584.9830025904088
2007-12-26 00:00:00,584.046155924348
2007-12-27 00:00:00,583.1105190336701
2007-12-28 00:00:00,582.1761019973363
2007-12-30 00:00:00,580.310971488502
2007-12-31 00:00:00,579.3802786282158
2008-01-01 00:00:00,578.4508452715227
2008-01-02 00:00:00,577.5226772709337
2008-01-03 00:00:00,576.5957781417227
2008-01-04 00:00:00,575.670148975638
2008-01-06 00:00:00,573.8226933874184
2008-01-07 00:00:00,572.9008565453022
2008-01-08 00:00:00,571.9802688369444
2008-01-09 00:00:00,571.0609178057405
2008-01-10 00:00:00,570.1427875807633
2008-01-11 00:00:00,569.2258585490017
2008-01-13 00:00:00,567.3955053167977
2008-01-14 00:00:00,566.4820211465594
2008-01-15 00:00:00,565.5696182208872
2008-01-16 00:00:00,564.6582561686898
2008-01-17 00:00:00,563.7478909273141
2008-01-18 00:00:00,562.8384752368902
2008-01-20 00:00:00,561.0222916888054
2008-01-21 00:00:00,560.1154201664527
2008-01-22 00:00:00,559.209292739468
2008-01-23 00:00:00,558.3038583160534
2008-01-24 00:00:00,557.3990670998616
2008-01-25 00:00:00,556.4948705811629
2008-01-27 00:00:00,554.68807184884
2008-01-28 00:00:00,553.7853752950143
2008-01-29 00:00:00,552.8830837395778
2008-01-30 00:00:00,551.9811484614618
2008-01-31 00:00:00,551.0795199840919
2008-02-01 00:00:00,550.1781465094525
2008-02-03 00:00:00,551.4787689812504
2008-02-04 00:00:00,552.6220403199104
2008-02-05 00:00:00,553.7678893596442
2008-02-06 00:00:00,554.91626701679
2008-02-07 00:00:00,556.0671229938548
2008-02-08 00:00:00,557.2204061414617
2008-02-10 00:00:00,559.5340486001098
2008-02-11 00:00:00,560.6943070593074
2008-02-12 00:00:00,561.8567924978618
2008-02-13 00:00:00,563.0214595375857
2008-02-14 00:00:00,564.1882657085314
2008-02-15 00:00:00,565.3571716164054
2008-02-17 00:00:00,567.7011399772992
2008-02-18 00:00:00,568.8761376212918
2008-02-19 00:00:00,570.0531043471678
2008-02-20 00:00:00,571.2320116903975
2008-02-21 00:00:00,572.4128314368711
2008-02-22 00:00:00,573.5955349137885
2008-02-24 00:00:00,575.96647296433
2008-02-25 00:00:00,577.1546439820524
2008-02-26 00:00:00,578.3445715376102
2008-02-27 00:00:00,579.5362203953284
2008-02-28 00:00:00,580.7295542145496
2008-02-29 00:00:00,581.9245357018449
2008-03-02 00:00:00,584.3192881664959
2008-03-03 00:00:00,585.5189801230007
2008-03-04 00:00:00,586.7201614649132
2008-03-05 00:00:00,587.922789809557
2008-03-06 00:00:00,589.1268213937016
2008-03-07 00:00:00,590.3322111463482
2008-03-09 00:00:00,592.7468808003464
2008-03-10 00:00:00,593.9560688747074
2008-03-11 00:00:00,595.1664336103988
2008-03-12 00:00:00,596.3779343192768
2008-03-13 00:00:00,597.5905340766864
2008-03-14 00:00:00,598.8042001367046
2008-03-16 00:00:00,600.7994056007723
2008-03-17 00:00:00,599.4024286730642
2008-03-18 00:00:00,598.0084309785688
2008-03-19 00:00:00,596.6174544784683
2008-03-20 00:00:00,595.2295405553534
2008-03-21 00:00:00,593.8447307148747
2008-03-23 00:00:00,591.0845931368194
2008-03-24 00:00:00,589.7093532349311
2008-03-25 00:00:00,588.3373933469077
2008-03-26 00:00:00,586.9687606323544
2008-03-27 00:00:00,585.6035033570289
2008-03-28 00:00:00,584.2416707256639
2008-03-30 00:00:00,584.000568927698
2008-03-31 01:00:00,585.0530849676337
2008-04-01 01:00:00,586.067597331591
2008-04-02 01:00:00,587.0861879144267
2008-04-03 01:00:00,588.1089165068832
2008-04-04 01:00:00,589.1358404203354
2008-04-06 01:00:00,591.2024887975181
2008-04-07 01:00:00,592.2423127330144
2008-04-08 01:00:00,593.2865313466582
2008-04-09 01:00:00,594.3351880851842
2008-04-10 01:00:00,595.3883252766354
2008-04-11 01:00:00,596.4459849634575
2008-04-13 01:00:00,598.5750419396597
2008-04-14 01:00:00,599.6465259945722
2008-04-15 01:00:00,600.7227060799578
2008-04-16 01:00:00,601.8036270953094
2008-04-17 01:00:00,602.8893342498461
2008-04-18 01:00:00,603.9798728720423
2008-04-20 01:00:00,606.1756252412879
2008-04-21 01:00:00,607.280928449868
2008-04-22 01:00:00,608.3912416342579
2008-04-23 01:00:00,609.5066076988019
2008-04-24 01:00:00,610.6270684712781
2008-04-25 01:00:00,611.7526645402727
2008-04-27 01:00:00,614.019417857402
2008-04-28 01:00:00,615.1606487665413
2008-04-29 01:00:00,616.3071618962763
2008-04-30 01:00:00,617.458989044882
2008-05-01 01:00:00,618.6161592630009
2008-05-02 01:00:00,619.7786981996945
2008-05-04 01:00:00,622.1199631275383
2008-05-05 01:00:00,623.2987166221391
2008-05-06 01:00:00,624.4828932777854
2008-05-07 01:00:00,625.6724937020281
2008-05-08 01:00:00,626.8675149233284
2008-05-09 01:00:00,628.0679519678013
2008-05-11 01:00:00,630.4850518153223
2008-05-12 01:00:00,631.7017053073034
2008-05-13 01:00:00,632.9237565057367
2008-05-14 01:00:00,634.1512028671755
2008-05-15 01:00:00,635.3840422693826
2008-05-16 01:00:00,636.6222726972103
2008-05-18 01:00:00,639.1148975058632
2008-05-19 01:00:00,640.3692861066761
2008-05-20 01:00:00,641.6290537524229
2008-05-21 01:00:00,642.8941953840084
2008-05-22 01:00:00,644.1647046733847
2008-05-23 01:00:00,645.4405737848186
2008-05-25 01:00:00,648.0083510777565
2008-05-26 01:00:00,649.3002337518803
2008-05-27 01:00:00,650.597424639878
2008-05-28 01:00:00,651.8999042251578
2008-05-29 01:00:00,653.2076494372288
2008-05-30 01:00:00,654.5206329236989
2008-06-01 01:00:00,657.1621782722756
2008-06-02 01:00:00,658.4906553760562
2008-06-03 01:00:00,659.8241997864855
2008-06-04 01:00:00,661.1627504189228
2008-06-05 01:00:00,662.5062399534945
2008-06-06 01:00:00,663.8545967565715
2008-06-08 01:00:00,666.5656165608225
2008-06-09 01:00:00,667.9281319440518
2008-06-10 01:00:00,669.2952209146036
2008-06-11 01:00:00,670.6668123289564
2008-06-12 01:00:00,672.0428358305023
2008-06-13 01:00:00,673.4232214626307
2008-06-15 01:00:00,676.1967993429253
2008-06-16 01:00:00,677.5898510553997
2008-06-17 01:00:00,678.9869835381638
2008-06-18 01:00:00,680.3881252841222
2008-06-19 01:00:00,681.7932040910541
2008-06-20 01:00:00,683.2021469053141
2008-06-22 01:00:00,686.0313267699132
2008-06-23 01:00:00,687.4514112892091
2008-06-24 01:00:00,688.8750540507399
2008-06-25 01:00:00,690.3021734552522
2008-06-26 01:00:00,691.7326848729358
2008-06-27 01:00:00,693.1664999620161
2008-06-29 01:00:00,696.0436641615438
2008-06-30 01:00:00,697.4868101724524
2008-07-01 01:00:00,698.9328521196312
2008-07-02 01:00:00,700.3816712187341
2008-07-03 01:00:00,701.8331425181593
2008-07-04 01:00:00,701.0316767546468
2008-07-06 01:00:00,698.5183108709864
2008-07-07 01:00:00,697.2638486130471
2008-07-08 01:00:00,696.0109737896439
2008-07-09 01:00:00,694.7597626423943
2008-07-10 01:00:00,693.5102886113165
2008-07-11 01:00:00,692.262622764305
2008-07-13 01:00:00,689.7729900707079
2008-07-14 01:00:00,688.5311561052747
2008-07-15 01:00:00,687.2913963186224
2008-07-16 01:00:00,686.0537731637422
2008-07-17 01:00:00,684.818347527332
2008-07-18 01:00:00,683.5851787680654
2008-07-20 01:00:00,681.1258424019552
2008-07-21 01:00:00,679.8997872466607
2008-07-22 01:00:00,678.6762144857994
2008-07-23 01:00:00,677.4551790195935
2008-07-24 01:00:00,676.236735943095
2008-07-25 01:00:00,675.0209409810634
2008-07-27 01:00:00,672.5975239793507
2008-07-28 01:00:00,671.3900201576193
2008-07-29 01:00:00,670.1854012829644
2008-07-30 01:00:00,668.9837308204875
2008-07-31 01:00:00,667.7850732273087
2008-08-01 01:00:00,666.5894928991977
2008-08-03 01:00:00,664.2078133036389
2008-08-04 01:00:00,663.0218307354442
2008-08-05 01:00:00,661.839157085705
2008-08-06 01:00:00,660.6598395993835
2008-08-07 01:00:00,659.4839209219256
2008-08-08 01:00:00,658.3114393878948
2008-08-10 01:00:00,655.9769214942047
2008-08-11 01:00:00,654.8149430133742
2008-08-12 01:00:00,653.6565177662462
2008-08-13 01:00:00,652.5016663055382
2008-08-14 01:00:00,652.0898971922002
2008-08-15 01:00:00,653.1541076186381
2008-08-17 01:00:00,655.2906097268403
2008-08-18 01:00:00,656.3629872364637
2008-08-19 01:00:00,657.4381721715248
2008-08-20 01:00:00,658.5162063439318
2008-08-21 01:00:00,659.597130962501
2008-08-22 01:00:00,660.6809862921998
2008-08-24 01:00:00,661.8622093492688
2008-08-25 01:00:00,660.4268337514894
2008-08-26 01:00:00,658.9940826734808
2008-08-27 01:00:00,657.5640213186866
2008-08-28 01:00:00,656.1367174749789
2008-08-29 01:00:00,654.7122408588682
2008-08-31 01:00:00,651.8720514148682
2008-09-01 01:00:00,650.45647744754
2008-09-02 01:00:00,649.0440060362439
2008-09-03 01:00:00,647.6346995086305
2008-09-04 01:00:00,646.2286162744567
2008-09-05 01:00:00,644.8258107608368
2008-09-07 01:00:00,642.0302316539251
2008-09-08 01:00:00,640.6375486969574
2008-09-09 01:00:00,639.2483251577801
2008-09-10 01:00:00,637.8625984174544
2008-09-11 01:00:00,636.4804027373312
2008-09-12 01:00:00,635.1017691525292
2008-09-14 01:00:00,632.3552954479065
2008-09-15 01:00:00,630.9875002964783
2008-09-16 01:00:00,629.6233575448592
2008-09-17 01:00:00,628.2628823986516
2008-09-18 01:00:00,626.9060885546367
2008-09-19 01:00:00,625.5529893648668
2008-09-21 01:00:00,622.8579336573264
2008-09-22 01:00:00,621.5160119774425
2008-09-23 01:00:00,620.1778557689523
2008-09-24 01:00:00,618.8434899166677
2008-09-25 01:00:00,617.5129422013661
2008-09-26 01:00:00,616.1862428624065
2008-09-28 01:00:00,613.5445187961938
2008-09-29 01:00:00,612.2295608120971
2008-09-30 01:00:00,610.918583139393
2008-10-01 01:00:00,609.6116177826335
2008-10-02 01:00:00,608.3086951671554
2008-10-03 01:00:00,607.0098438442473
2008-10-05 01:00:00,604.4244593589626
2008-10-06 01:00:00,603.1379735180916
2008-10-07 01:00:00,601.8556538107568
2008-10-08 01:00:00,600.5775194978264
2008-10-09 01:00:00,599.3035881232869
2008-10-10 01:00:00,598.0338753963804
2008-10-12 01:00:00,595.5071580761052
2008-10-13 01:00:00,594.2501733328919
2008-10-14 01:00:00,592.9974464549
2008-10-15 01:00:00,591.7489804286206
2008-10-16 01:00:00,590.5047760419386
2008-10-17 01:00:00,589.2648328747541
2008-10-19 01:00:00,586.7977303681014
2008-10-20 01:00:00,585.5705758372671
2008-10-21 01:00:00,584.3476939325119
2008-10-22 01:00:00,583.1290950452227
2008-10-23 01:00:00,581.9147929224749
2008-10-24 01:00:00,580.7048043312757
2008-10-26 01:00:00,578.2978472818206
2008-10-27 00:00:00,577.1507050768406
2008-10-28 00:00:00,575.9579980730382
2008-10-29 00:00:00,574.7697169830717
2008-10-30 00:00:00,573.585887365141
2008-10-31 00:00:00,572.4065349104562
2008-11-02 00:00:00,570.061363593401
2008-11-03 00:00:00,568.8955950922148
2008-11-04 00:00:00,567.7344043898603
2008-11-05 00:00:00,566.4686719644432
2008-11-06 00:00:00,565.1009500110417
2008-11-07 00:00:00,563.7417567602198
2008-11-09 00:00:00,561.0492415760797
2008-11-10 00:00:00,559.7160554862289
2008-11-11 00:00:00,558.3916690328196
2008-11-12 00:00:00,557.0761419295347
2008-11-13 00:00:00,555.7695307704096
2008-11-14 00:00:00,554.4718899525722
2008-11-16 00:00:00,551.9037352851666
2008-11-17 00:00:00,550.6333337795545
2008-11-18 00:00:00,549.3721299528228
2008-11-19 00:00:00,548.1201891550744
2008-11-20 00:00:00,546.8775805215772
2008-11-21 00:00:00,545.6443763341892
2008-11-23 00:00:00,543.2064817899702
2008-11-24 00:00:00,542.0019454050527
2008-11-25 00:00:00,540.8071203826289
2008-11-26 00:00:00,539.6220853077252
2008-11-27 00:00:00,538.4469188122123
2008-11-28 00:00:00,537.2816993327158
2008-11-30 00:00:00,534.9814130847508
2008-12-01 00:00:00,533.8465006949839
2008-12-02 00:00:00,533.9594909382765
2008-12-03 00:00:00,534.7882020314607
2008-12-04 00:00:00,535.6215396168492
2008-12-05 00:00:00,536.4594983537309
2008-12-07 00:00:00,538.1492307491669
2008-12-08 00:00:00,539.0009674975076
2008-12-09 00:00:00,539.8572530384204
2008-12-10 00:00:00,540.718060481835
2008-12-11 00:00:00,541.5833627626148
2008-12-12 00:00:00,542.4531349557953
2008-12-14 00:00:00,544.2060103671209
2008-12-15 00:00:00,545.0890852897492
2008-12-16 00:00:00,545.9765702471971
2008-12-17 00:00:00,546.8684529020793
2008-12-18 00:00:00,547.7647162899119
2008-12-19 00:00:00,548.6653365420776
2008-12-21 00:00:00,550.4795098417148
2008-12-22 00:00:00,551.3929711114461
2008-12-23 00:00:00,552.310605303939
2008-12-24 00:00:00,553.2323429465489
2008-12-25 00:00:00,554.1581049478812
2008-12-26 00:00:00,555.0878024102209
2008-12-28 00:00:00,556.9585977211145
2008-12-29 00:00:00,557.8994667090811
2008-12-30 00:00:00,558.8438130913621
2008-12-31 00:00:00,559.7914958979966
2009-01-01 00:00:00,560.7423634328975
2009-01-02 00:00:00,561.6962532898754
2009-01-04 00:00:00,563.612396870501
2009-01-05 00:00:00,564.5742727824777
2009-01-06 00:00:00,565.538416966357
2009-01-07 00:00:00,566.5046184110978
2009-01-08 00:00:00,567.4726602391161
2009-01-09 00:00:00,568.4423224111496
2009-01-11 00:00:00,570.3856277466875
2009-01-12 00:00:00,571.3588352595949
2009-01-13 00:00:00,572.3327902647989
2009-01-14 00:00:00,573.3072724321206
2009-01-15 00:00:00,574.2820535131478
2009-01-16 00:00:00,575.2568933261273
2009-01-18 00:00:00,577.2057118839427
2009-01-19 00:00:00,578.1791289571706
2009-01-20 00:00:00,579.151479874103
2009-01-21 00:00:00,580.122437810154
2009-01-22 00:00:00,581.0916568013105
2009-01-23 00:00:00,582.0587711643356
2009-01-25 00:00:00,586.2148351602184
2009-01-26 00:00:00,586.9976531408346
2009-01-27 00:00:00,587.7725060297264
2009-01-28 00:00:00,588.5389873345898
2009-01-29 00:00:00,589.29666826778
2009-01-30 00:00:00,590.0450970292729
2009-02-01 00:00:00,591.5122727925022
2009-02-02 00:00:00,592.2299974437552
2009-02-03 00:00:00,592.9364254461655
2009-02-04 00:00:00,593.6309871427361
2009-02-05 00:00:00,594.3130913773784
2009-02-06 00:00:00,594.8457502981003
2009-02-08 00:00:00,595.6977761767022
2009-02-09 00:00:00,596.0969114239181
2009-02-10 00:00:00,596.477352314107
2009-02-11 00:00:00,596.8384973700099
2009-02-12 00:00:00,597.1797260686459
2009-02-13 00:00:00,597.5003951644109
2009-02-15 00:00:00,598.0773481203139
2009-02-16 00:00:00,598.332205172703
2009-02-17 00:00:00,598.5636466722217
2009-02-18 00:00:00,598.7708817275743
2009-02-19 00:00:00,598.9530887123681
2009-02-20 00:00:00,599.1094159862439
2009-02-22 00:00:00,599.3408805180356
2009-02-23 00:00:00,599.4141742021051
2009-02-24 00:00:00,599.4579046436565
2009-02-25 00:00:00,599.4710905051704
2009-02-26 00:00:00,599.4527324251741
2009-02-27 00:00:00,599.4018181425561
2009-03-01 00:00:00,599.1982508163533
2009-03-02 00:00:00,599.043581201108
2009-03-03 00:00:00,598.852346947061
2009-03-04 00:00:00,598.6236180127456
2009-03-05 00:00:00,598.3565261996889
2009-03-06 00:00:00,598.0502857038509
2009-03-08 00:00:00,597.3177637453941
2009-03-09 00:00:00,596.8905308812717
2009-03-10 00:00:00,596.4222943725033
2009-03-11 00:00:00,595.9130302209048
2009-03-12 00:00:00,595.3629333004521
2009-03-13 00:00:00,594.7724359280057
2009-03-15 00:00:00,593.473259898873
2009-03-16 00:00:00,592.7667852519444
2009-03-17 00:00:00,592.0243472339218
2009-03-18 00:00:00,591.2478027238349
2009-03-19 00:00:00,590.4393256532394
2009-03-20 00:00:00,589.6014073738602
2009-03-22 00:00:00,587.8487538170682
2009-03-23 00:00:00,586.940493056037
2009-03-24 00:00:00,586.015689231994
2009-03-25 00:00:00,585.0781737496486
2009-03-26 00:00:00,584.131946390105
2009-03-27 00:00:00,583.1811294527292
2009-03-29 00:00:00,581.2825385501901
2009-03-30 01:00:00,580.3044372557868
2009-03-31 01:00:00,579.3778535873834
2009-04-01 01:00:00,578.4676009241546
2009-04-02 01:00:00,577.5775246960569
2009-04-03 01:00:00,576.7112698330398
2009-04-05 01:00:00,575.0635922621386
2009-04-06 01:00:00,574.2881611527432
2009-04-07 01:00:00,573.5484905603164
2009-04-08 01:00:00,572.8467958739742
2009-04-09 01:00:00,572.184963362471
2009-04-10 01:00:00,571.5645512682654
2009-04-12 01:00:00,570.4526334201033
2009-04-13 01:00:00,569.96270245851
2009-04-14 01:00:00,569.5173827059588
2009-04-15 01:00:00,569.1168116219376
2009-04-16 01:00:00,568.7609118280922
2009-04-17 01:00:00,568.4494168118908
2009-04-19 01:00:00,567.9577769920611
2009-04-20 01:00:00,567.7763697386865
2009-04-21 01:00:00,567.6368841559115
2009-04-22 01:00:00,567.5384497218977
2009-04-23 01:00:00,567.4801322371621
2009-04-24 01:00:00,567.4609497445749
2009-04-26 01:00:00,567.5359129085595
2009-04-27 01:00:00,567.6279875240068
2009-04-28 01:00:00,567.7550798820505
2009-04-29 01:00:00,567.9161741430182
2009-04-30 01:00:00,568.1102767537925
2009-05-01 01:00:00,568.3364203212802
2009-05-03 01:00:00,568.8811003990949
2009-05-04 01:00:00,569.1978417567778
2009-05-05 01:00:00,569.5430323474958
2009-05-06 01:00:00,569.9158408750883
2009-05-07 01:00:00,570.3154608864093
2009-05-08 01:00:00,570.7411099774123
2009-05-10 01:00:00,571.667482535452
2009-05-11 01:00:00,572.1667569421344
2009-05-12 01:00:00,572.6891621038425
2009-05-13 01:00:00,573.2340306298198
2009-05-14 01:00:00,573.8007181093808
2009-05-15 01:00:00,574.3886030820147
2009-05-17 01:00:00,575.6255928923242
2009-05-18 01:00:00,576.2735664565894
2009-05-19 01:00:00,576.9404733833021
2009-05-20 01:00:00,577.6257992264054
2009-05-21 01:00:00,578.3290482272844
2009-05-22 01:00:00,579.0497425462409
2009-05-24 01:00:00,580.5416443667199
2009-05-25 01:00:00,581.3119867334109
2009-05-26 01:00:00,582.0980469084093
2009-05-27 01:00:00,582.8994450595869
2009-05-28 01:00:00,583.7158245116364
2009-05-29 01:00:00,584.5468514316165
2009-05-31 01:00:00,586.2516172364665
2009-06-01 01:00:00,587.1247865490171
2009-06-02 01:00:00,588.0114594263076
2009-06-03 01:00:00,588.9113864370354
2009-06-04 01:00:00,589.8243289897497
2009-06-05 01:00:00,590.7500580023808
2009-06-07 01:00:00,592.6390002218359
2009-06-08 01:00:00,593.6017937905361
2009-06-09 01:00:00,594.5765331020443
2009-06-10 01:00:00,595.5630232521719
2009-06-11 01:00:00,596.5610743871189
2009-06-12 01:00:00,597.5705013146165
2009-06-14 01:00:00,599.6227629383534
2009-06-15 01:00:00,600.6652472248794
2009-06-16 01:00:00,601.7184055128943
2009-06-17 01:00:00,602.7820696116826
2009-06-18 01:00:00,603.8560728839316
2009-06-19 01:00:00,604.9402494818016
2009-06-21 01:00:00,607.1384600023472
2009-06-22 01:00:00,608.2521630924185
2009-06-23 01:00:00,609.3753796823293
2009-06-24 01:00:00,610.5079502920398
2009-06-25 01:00:00,611.6497214797085
2009-06-26 01:00:00,612.8005475305494
2009-06-28 01:00:00,615.128823173118
2009-06-29 01:00:00,616.3060213482864
2009-06-30 01:00:00,617.4917690355021
2009-07-01 01:00:00,618.6859537667701
2009-07-02 01:00:00,619.8884660965477
2009-07-03 01:00:00,621.0991987013354
2009-07-05 01:00:00,623.5449021112012
2009-07-06 01:00:00,624.7796634262384
2009-07-07 01:00:00,626.0222251824065
2009-07-08 01:00:00,627.2724825847642
2009-07-09 01:00:00,628.5303301273423
2009-07-10 01:00:00,629.7956612334906
2009-07-12 01:00:00,632.3483403864359
2009-07-13 01:00:00,633.6354668065916
2009-07-14 01:00:00,634.9296327816256
2009-07-15 01:00:00,636.2307209279239
2009-07-16 01:00:00,637.5386102659922
2009-07-17 01:00:00,638.8531755208638
2009-07-19 01:00:00,641.5018070123053
2009-07-20 01:00:00,642.835595774095
2009-07-21 01:00:00,644.1755060293276
2009-07-22 01:00:00,645.5213876719693
2009-07-23 01:00:00,646.8730895568132
2009-07-24 01:00:00,648.230462170858
2009-07-26 01:00:00,650.9616419112418
2009-07-27 01:00:00,652.3351728916709
2009-07-28 01:00:00,653.7138217331594
2009-07-29 01:00:00,655.0974607954637
2009-07-30 01:00:00,656.4859647887434
2009-07-31 01:00:00,657.8792098988074
2009-08-02 01:00:00,660.6794320149672
2009-08-03 01:00:00,662.0861640556041
2009-08-04 01:00:00,663.4971467745314
2009-08-05 01:00:00,664.9122573708605
2009-08-06 01:00:00,666.331372511584
2009-08-07 01:00:00,667.7543680416053
2009-08-09 01:00:00,670.6114974941288
2009-08-10 01:00:00,672.0453757888965
2009-08-11 01:00:00,673.4826223717072
2009-08-12 01:00:00,674.9231032298212
2009-08-13 01:00:00,676.3666809797853
2009-08-14 01:00:00,677.8132142813449
2009-08-16 01:00:00,680.7145588122282
2009-08-17 01:00:00,682.1690626157464
2009-08-18 01:00:00,683.6259070979518
2009-08-19 01:00:00,685.0849266435639
2009-08-20 01:00:00,686.5459535337861
2009-08-21 01:00:00,688.0088205704727
2009-08-23 01:00:00,690.9394245489513
2009-08-24 01:00:00,692.406850775294
2009-08-25 01:00:00,693.8754970004559
2009-08-26 01:00:00,695.3452238374387
2009-08-27 01:00:00,696.8158970864496
2009-08-28 01:00:00,698.2873868394609
2009-08-30 01:00:00,701.2323135963455
2009-08-31 01:00:00,702.705506845704
2009-09-01 01:00:00,704.1790286020897
2009-09-02 01:00:00,705.6527634121818
2009-09-03 01:00:00,707.1265981381305
2009-09-04 01:00:00,708.600421731473
2009-09-06 01:00:00,711.5475996608706
2009-09-07 01:00:00,713.020738726847
2009-09-08 01:00:00,714.4934348857955
2009-09-09 01:00:00,715.9655802794091
2009-09-10 01:00:00,717.437065716921
2009-09-11 01:00:00,718.9077800136605
2009-09-13 01:00:00,717.3558260798908
2009-09-14 01:00:00,716.2172175037789
2009-09-15 01:00:00,715.0801244881646
2009-09-16 01:00:00,713.7543049898856
2009-09-17 01:00:00,712.2907114699735
2009-09-18 01:00:00,710.8287410967624
2009-09-20 01:00:00,707.9101568338399
2009-09-21 01:00:00,706.4537724574747
2009-09-22 01:00:00,704.9994680793895
2009-09-23 01:00:00,703.5473408867206
2009-09-24 01:00:00,702.0974814908595
2009-09-25 01:00:00,700.649974710389
2009-09-27 01:00:00,697.7623337795073
2009-09-28 01:00:00,696.3223464901805
2009-09-29 01:00:00,694.8850062685848
2009-09-30 01:00:00,693.4503774143966
2009-10-01 01:00:00,692.018520854712
2009-10-02 01:00:00,690.5894942993145
2009-10-04 01:00:00,687.7401477430973
2009-10-05 01:00:00,686.3199301642181
2009-10-06 01:00:00,684.9027494239449
2009-10-07 01:00:00,683.4886547538699
2009-10-08 01:00:00,682.0776964175177
2009-10-09 01:00:00,680.6699265300881
2009-10-11 01:00:00,674.9744901765343
2009-10-12 01:00:00,671.030914111292
2009-10-13 01:00:00,667.0900546558428
2009-10-14 01:00:00,664.478149984609
2009-10-15 01:00:00,662.7864731026827
2009-10-16 01:00:00,661.1003203217527
2009-10-18 01:00:00,657.7451436259726
2009-10-19 01:00:00,656.076387839325
2009-10-20 01:00:00,654.4136893330676
2009-10-21 01:00:00,652.7571661524049
2009-10-22 01:00:00,651.1069293183593
2009-10-23 01:00:00,649.4630832657574
2009-10-25 01:00:00,646.1949522377045
2009-10-26 00:00:00,644.6385867517768
2009-10-27 00:00:00,643.0209556325816
2009-10-28 00:00:00,641.4101566043554
2009-10-29 00:00:00,639.8062659504602
2009-10-30 00:00:00,638.2093560044201
2009-11-01 00:00:00,635.0367486608499
2009-11-02 00:00:00,633.4611782248287
2009-11-03 00:00:00,631.8928440446339
2009-11-04 00:00:00,630.3318057004849
2009-11-05 00:00:00,628.7781239146136
2009-11-06 00:00:00,627.2318621892389
2009-11-08 00:00:00,624.1618740895939
2009-11-09 00:00:00,622.6382973916973
2009-11-10 00:00:00,621.1224396033919
2009-11-11 00:00:00,619.6143856065717
2009-11-12 00:00:00,618.1142222859808
2009-11-13 00:00:00,616.6220370948845
2009-11-15 00:00:00,613.6619450168957
2009-11-16 00:00:00,612.1942030764076
2009-11-17 00:00:00,610.7347669198953
2009-11-18 00:00:00,609.2837074989548
2009-11-19 00:00:00,607.8410902700775
2009-11-20 00:00:00,606.4069752265129
2009-11-22 00:00:00,603.5644660926723
2009-11-23 00:00:00,602.1561676072026
2009-11-24 00:00:00,600.7565632691919
2009-11-25 00:00:00,599.3656908162435
2009-11-26 00:00:00,597.9835842745847
2009-11-27 00:00:00,596.6102739694102
2009-11-29 00:00:00,593.8901448566912
2009-11-30 00:00:00,592.5433685780031
2009-12-01 00:00:00,591.2054745197721
2009-12-02 00:00:00,589.8764779180958
2009-12-03 00:00:00,588.556393983977
2009-12-04 00:00:00,587.2452397104594
2009-12-06 00:00:00,584.6498062635239
2009-12-07 00:00:00,583.3655814933093
2009-12-08 00:00:00,582.0903947228674
2009-12-09 00:00:00,580.8242822497729
2009-12-10 00:00:00,579.567281695957
2009-12-11 00:00:00,578.3194305901235
2009-12-13 00:00:00,575.8513192061437
2009-12-14 00:00:00,574.6311235554792
2009-12-15 00:00:00,573.4202052019867
2009-12-16 00:00:00,572.2185869946404
2009-12-17 00:00:00,571.02628733354
2009-12-18 00:00:00,569.8433200487274
2009-12-20 00:00:00,567.505415337342
2009-12-21 00:00:00,566.3504834374115
2009-12-22 00:00:00,565.2048953787614
2009-12-23 00:00:00,564.0686439903413
2009-12-24 00:00:00,562.9417184039603
2009-12-25 00:00:00,561.8241041026757
2009-12-27 00:00:00,559.6167330615693
2009-12-28 00:00:00,558.5269291432677
2009-12-29 00:00:00,557.446342543886
2009-12-30 00:00:00,556.3749420376829
2009-12-31 00:00:00,555.3126948910451
2010-01-01 00:00:00,554.2595683288515
2010-01-03 00:00:00,552.1805547166774
2010-01-04 00:00:00,551.1546139517799
2010-01-05 00:00:00,550.137686451636
2010-01-06 00:00:00,549.1297513233328
2010-01-07 00:00:00,548.1307882572465
2010-01-08 00:00:00,547.1407758474021
2010-01-10 00:00:00,545.1875055657774
2010-01-11 00:00:00,544.22419096363
2010-01-12 00:00:00,543.2697127011276
2010-01-13 00:00:00,542.3240327384789
2010-01-14 00:00:00,541.3871088467513
2010-01-15 00:00:00,540.4588945331341
2010-01-17 00:00:00,538.6283872626976
2010-01-18 00:00:00,537.725980035545
2010-01-19 00:00:00,536.8320540210718
2010-01-20 00:00:00,535.946541941822
2010-01-21 00:00:00,535.0693726816436
2010-01-22 00:00:00,534.2004713998195
2010-01-24 00:00:00,532.4871553458671
2010-01-25 00:00:00,531.6425731364013
2010-01-26 00:00:00,530.8059243639364
2010-01-27 00:00:00,529.9771175619662
2010-01-28 00:00:00,529.156059032671
2010-01-29 00:00:00,528.3426536808855
2010-01-31 00:00:00,526.7384208086401
2010-02-01 00:00:00,525.9474039187878
2010-02-02 00:00:00,525.163661756228
2010-02-03 00:00:00,524.3871007610027
2010-02-04 00:00:00,523.6176263426947
2010-02-05 00:00:00,522.855141846933
2010-02-07 00:00:00,521.3507409989309
2010-02-08 00:00:00,520.6086149224132
2010-02-09 00:00:00,519.8730588937224
2010-02-10 00:00:00,519.1439584187151
2010-02-11 00:00:00,518.4211951528642
2010-02-12 00:00:00,517.7046469644142
2010-02-14 00:00:00,516.2896888609553
2010-02-15 00:00:00,515.5910165540251
2010-02-16 00:00:00,514.8980347979776
2010-02-17 00:00:00,514.2106041086104
2010-02-18 00:00:00,515.3698095151683
2010-02-19 00:00:00,516.7138611999155
2010-02-21 00:00:00,519.41401827253
2010-02-22 00:00:00,520.7698656603467
2010-02-23 00:00:00,522.1293855817421
2010-02-24 00:00:00,523.4924483668601
2010-02-25 00:00:00,524.8589259855281
2010-02-26 00:00:00,526.2286932443653
2010-02-28 00:00:00,528.9776149625446
2010-03-01 00:00:00,530.3565379053464
2010-03-02 00:00:00,531.7382850360966
2010-03-03 00:00:00,533.1227431747445
2010-03-04 00:00:00,534.5097962341205
2010-03-05 00:00:00,537.8806723720495
2010-03-07 00:00:00,545.4220135048492
2010-03-08 00:00:00,549.1943780856797
2010-03-09 00:00:00,552.9677034708358
2010-03-10 00:00:00,554.990295474582
2010-03-11 00:00:00,556.1261258179788
2010-03-12 00:00:00,557.2623313452625
2010-03-14 00:00:00,559.5356956379328
2010-03-15 00:00:00,560.6727649466758
2010-03-16 00:00:00,561.8100306527512
2010-03-17 00:00:00,562.9474450697462
2010-03-18 00:00:00,564.0849595780412
2010-03-19 00:00:00,565.222524861321
2010-03-21 00:00:00,567.4976088006932
2010-03-22 00:00:00,568.6350282477729
2010-03-23 00:00:00,569.7723009320132
2010-03-24 00:00:00,570.9093796229495
2010-03-25 00:00:00,572.0462191030522
2010-03-26 00:00:00,573.1827768509482
2010-03-28 00:00:00,575.4548942744037
2010-03-29 01:00:00,576.6376641321032
2010-03-30 01:00:00,577.7727226910706
2010-03-31 01:00:00,578.9073389519202
2010-04-01 01:00:00,580.041488766432
2010-04-02 01:00:00,581.1751480733799
2010-04-04 01:00:00,583.4408944049403
2010-04-05 01:00:00,584.5729276546394
2010-04-06 01:00:00,585.7043628144107
2010-04-07 01:00:00,586.8351698175437
2010-04-08 01:00:00,587.9653177046494
2010-04-09 01:00:00,589.0947747966003
2010-04-11 01:00:00,591.351486822582
2010-04-12 01:00:00,592.4786753428634
2010-04-13 01:00:00,593.6050401313898
2010-04-14 01:00:00,594.7305461888402
2010-04-15 01:00:00,595.8551577395068
2010-04-16 01:00:00,596.9788383172796
2010-04-18 01:00:00,599.2232586542262
2010-04-19 01:00:00,600.3439246252271
2010-04-20 01:00:00,601.4635130880151
2010-04-21 01:00:00,602.5819897922852
2010-04-22 01:00:00,603.6993226999911
2010-04-23 01:00:00,604.8154826506207
2010-04-25 01:00:00,607.0441849785179
2010-04-26 01:00:00,608.1566882317031
2010-04-27 01:00:00,609.2374639173652
2010-04-28 01:00:00,610.147498756411
2010-04-29 01:00:00,611.0598243400575
2010-04-30 01:00:00,611.9744968753996
2010-05-02 01:00:00,613.8111124289933
2010-05-03 01:00:00,614.7331704784079
2010-05-04 01:00:00,615.6578043603218
2010-05-05 01:00:00,616.585069458998
2010-05-06 01:00:00,617.5150198300084
2010-05-07 01:00:00,618.4477081092405
2010-05-09 01:00:00,620.3215013983022
2010-05-10 01:00:00,621.262703770995
2010-05-11 01:00:00,622.2068383085495
2010-05-12 01:00:00,623.1539482944125
2010-05-13 01:00:00,624.1040740326894
2010-05-14 01:00:00,625.0572522872965
2010-05-16 01:00:00,626.9728928683296
2010-05-17 01:00:00,627.9354076054174
2010-05-18 01:00:00,628.9010798093274
2010-05-19 01:00:00,629.8699261801044
2010-05-20 01:00:00,630.8419607888995
2010-05-21 01:00:00,631.8171963693694
2010-05-23 01:00:00,633.7773212879754
2010-05-24 01:00:00,634.4653838987646
2010-05-25 01:00:00,635.1074333696113
2010-05-26 01:00:00,635.7600375852581
2010-05-27 01:00:00,636.4232699444087
2010-05-28 01:00:00,637.0972081514603
2010-05-30 01:00:00,638.4775326731376
2010-05-31 01:00:00,639.1840917861405
2010-06-01 01:00:00,639.9017003150703
2010-06-02 01:00:00,640.6304476440034
2010-06-03 01:00:00,641.3704227937255
2010-06-04 01:00:00,642.1217138641907
2010-06-06 01:00:00,643.6585893679326
2010-06-07 01:00:00,644.4443422999445
2010-06-08 01:00:00,645.2417473674689
2010-06-09 01:00:00,646.1767049773084
2010-06-10 01:00:00,647.2125719231345
2010-06-11 01:00:00,648.2570285724285
2010-06-13 01:00:00,650.3717342751788
2010-06-14 01:00:00,651.4419720524386
2010-06-15 01:00:00,652.5207757842325
2010-06-16 01:00:00,653.6081157897254
2010-06-17 01:00:00,654.7039548833659
2010-06-18 01:00:00,655.8082506334943
2010-06-20 01:00:00,658.0420302349546
2010-06-21 01:00:00,659.171423091791
2010-06-22 01:00:00,660.3090935288772
2010-06-23 01:00:00,661.4550017072254
2010-06-24 01:00:00,662.609111073172
2010-06-25 01:00:00,663.7713883351876
2010-06-27 01:00:00,666.1203273430531
2010-06-28 01:00:00,667.3069344527469
2010-06-29 01:00:00,668.5015985100106
2010-06-30 01:00:00,669.7042933413483
2010-07-01 01:00:00,670.9149917726015
2010-07-02 01:00:00,672.133665005295
2010-07-04 01:00:00,674.5948098029118
2010-07-05 01:00:00,675.8372117851587
2010-07-06 01:00:00,677.0874485941769
2010-07-07 01:00:00,678.3454767595015
2010-07-08 01:00:00,679.6112477664035
2010-07-09 01:00:00,680.8847064989604
2010-07-11 01:00:00,683.4544212687624
2010-07-12 01:00:00,684.7505150827444
2010-07-13 01:00:00,686.0539690073551
2010-07-14 01:00:00,687.36466767502
2010-07-15 01:00:00,688.6824839704541
2010-07-16 01:00:00,690.0072821984004
2010-07-18 01:00:00,692.6772595865637
2010-07-19 01:00:00,694.0221537193979
2010-07-20 01:00:00,695.3734632135627
2010-07-21 01:00:00,696.7310493003373
2010-07-22 01:00:00,698.0947752217992
2010-07-23 01:00:00,699.4645058869667
2010-07-25 01:00:00,702.2214461796909
2010-07-26 01:00:00,703.6083887080324
2010-07-27 01:00:00,704.9207318699042
2010-07-28 01:00:00,706.1124610218875
2010-07-29 01:00:00,707.3057364650904
2010-07-30 01:00:00,708.5004560633149
2010-08-01 01:00:00,710.8937988918294
2010-08-02 01:00:00,712.0921959758409
2010-08-03 01:00:00,713.2915838601143
2010-08-04 01:00:00,714.491835161749
2010-08-05 01:00:00,715.6928152205952
2010-08-06 01:00:00,716.8943806128171
2010-08-08 01:00:00,717.7910413911263
2010-08-09 01:00:00,717.4703122040432
2010-08-10 01:00:00,718.2968069406297
2010-08-11 01:00:00,717.0949352338665
2010-08-12 01:00:00,715.8936492176623
2010-08-13 01:00:00,714.6932058252045
2010-08-15 01:00:00,712.2959333886424
2010-08-16 01:00:00,711.099667125587
2010-08-17 01:00:00,709.8254114573472
2010-08-18 01:00:00,708.263625892963
2010-08-19 01:00:00,706.6973630245085
2010-08-20 01:00:00,705.1270589125306
2010-08-22 01:00:00,701.9761140235853
2010-08-23 01:00:00,700.3963915067186
2010-08-24 01:00:00,698.8144663814124
2010-08-25 01:00:00,697.2308272695429
2010-08-26 01:00:00,695.6459765667253
2010-08-27 01:00:00,694.0604316369387
2010-08-29 01:00:00,690.8894109312093
2010-08-30 01:00:00,689.3050561578094
2010-08-31 01:00:00,687.722251885513
2010-09-01 01:00:00,686.1416100763262
2010-09-02 01:00:00,684.5637664616695
2010-09-03 01:00:00,682.9893831030269
2010-09-05 01:00:00,679.8537982700662
2010-09-06 01:00:00,678.2940872961028
2010-09-07 01:00:00,676.7408272248025
2010-09-08 01:00:00,675.1948732644032
2010-09-09 01:00:00,673.6571277258635
2010-09-10 01:00:00,672.12853674378
2010-09-12 01:00:00,669.1027848547235
2010-09-13 01:00:00,667.6076781966083
2010-09-14 01:00:00,666.1258249081011
2010-09-15 01:00:00,664.6583052356945
2010-09-16 01:00:00,663.206219087745
2010-09-17 01:00:00,661.7706868952475
2010-09-19 01:00:00,658.9538743996354
2010-09-20 01:00:00,657.7577249968308
2010-09-21 01:00:00,656.5869406959409
2010-09-22 01:00:00,655.4386728246811
2010-09-23 01:00:00,654.3140086051876
2010-09-24 01:00:00,653.2140548563252
2010-09-26 01:00:00,651.0927940957222
2010-09-27 01:00:00,650.0737827192914
2010-09-28 01:00:00,649.0840682127703
2010-09-29 01:00:00,648.1248246790215
2010-09-30 01:00:00,647.1972308830539
2010-10-01 01:00:00,646.302466413899
2010-10-03 01:00:00,644.6161232524778
2010-10-04 01:00:00,643.8268699649208
2010-10-05 01:00:00,643.0750864237575
2010-10-06 01:00:00,642.3618853190583
2010-10-07 01:00:00,641.6883412247824
2010-10-08 01:00:00,641.0554729861041
2010-10-10 01:00:00,639.9154161492665
2010-10-11 01:00:00,639.4097565261707
2010-10-12 01:00:00,638.9477714146287
2010-10-13 01:00:00,638.5297967888655
2010-10-14 01:00:00,638.1559489374011
2010-10-15 01:00:00,637.8261005560862
2010-10-17 01:00:00,637.2965426895855
2010-10-18 01:00:00,637.0951683970479
2010-10-19 01:00:00,636.934429834102
2010-10-20 01:00:00,636.8126890159759
2010-10-21 01:00:00,636.7279693596251
2010-10-22 01:00:00,636.6779558103553
2010-10-24 01:00:00,636.6711488473196
2010-10-25 01:00:00,636.7081443310523
2010-10-26 01:00:00,636.7674822326069
2010-10-27 01:00:00,636.8454413950049
2010-10-28 01:00:00,636.9381351020334
2010-10-29 01:00:00,637.0415654778997
2010-10-31 01:00:00,637.2644389466711
2010-11-01 00:00:00,637.3716752774493
2010-11-02 00:00:00,637.4782119970555
2010-11-03 00:00:00,637.5760136864934
2010-11-04 00:00:00,637.6615941800317
2010-11-05 00:00:00,637.731708771656
2010-11-07 00:00:00,637.8138911345457
2010-11-08 00:00:00,637.8208337545609
2010-11-09 00:00:00,637.8020717806302
2010-11-10 00:00:00,637.7557630163188
2010-11-11 00:00:00,637.6803542434734
2010-11-12 00:00:00,637.5745771895976
2010-11-14 00:00:00,637.2682192894428
2010-11-15 00:00:00,637.0664373482057
2010-11-16 00:00:00,636.8318514781153
2010-11-17 00:00:00,636.5644301089775
2010-11-18 00:00:00,636.264332420528
2010-11-19 00:00:00,635.9318871426799
2010-11-21 00:00:00,635.171995115842
2010-11-22 00:00:00,634.7458767772948
2010-11-23 00:00:00,634.2900350356681
2010-11-24 00:00:00,633.8053716267432
2010-11-25 00:00:00,633.2928598103275
2010-11-26 00:00:00,632.7535329580853
2010-11-28 00:00:00,631.5988022447217
2010-11-29 00:00:00,630.9856671440715
2010-11-30 00:00:00,630.3502329579688
2010-12-01 00:00:00,629.6936704630504
2010-12-02 00:00:00,629.0171461248844
2010-12-03 00:00:00,628.3218120916197
2010-12-05 00:00:00,626.879197040744
2010-12-06 00:00:00,626.1340710679044
2010-12-07 00:00:00,625.374434908556
2010-12-08 00:00:00,624.601260286048
2010-12-09 00:00:00,623.8154748372724
2010-12-10 00:00:00,623.0179636643088
2010-12-12 00:00:00,621.3911053638903
2010-12-13 00:00:00,620.5633360164306
2010-12-14 00:00:00,619.7270002981918
2010-12-15 00:00:00,618.8828021483685
2010-12-16 00:00:00,618.0314137522764
2010-12-17 00:00:00,617.1734765654849
2010-12-19 00:00:00,615.4403755010237
2010-12-20 00:00:00,614.5663537556906
2010-12-21 00:00:00,613.6880725990467
2010-12-22 00:00:00,612.8060480583767
2010-12-23 00:00:00,611.9207806626014
2010-12-24 00:00:00,611.0327589357685
2010-12-26 00:00:00,609.2503603750192
2010-12-27 00:00:00,608.3569163268908
2010-12-28 00:00:00,607.4625817371153
2010-12-29 00:00:00,606.5677958793622
2010-12-30 00:00:00,605.6729832239162
2010-12-31 00:00:00,604.7785508849979
2011-01-02 00:00:00,602.9923564429462
2011-01-03 00:00:00,602.101304681066
2011-01-04 00:00:00,601.2120524125291
2011-01-05 00:00:00,600.4374501242305
2011-01-06 00:00:00,599.7918012053277
2011-01-07 00:00:00,599.1519438022962
2011-01-09 00:00:00,597.8903004117672
2011-01-10 00:00:00,597.2688199408507
2011-01-11 00:00:00,596.6537452504533
2011-01-12 00:00:00,596.045192930952
2011-01-13 00:00:00,595.4432669666161
2011-01-14 00:00:00,594.8480594077611
2011-01-16 00:00:00,593.6781119658982
2011-01-17 00:00:00,593.1035032239248
2011-01-18 00:00:00,592.5358781861335
2011-01-19 00:00:00,591.9752853210152
2011-01-20 00:00:00,591.4217712816024
2011-01-21 00:00:00,590.8753841186369
2011-01-23 00:00:00,589.8042032739726
2011-01-24 00:00:00,589.2795277586224
2011-01-25 00:00:00,588.7622124451148
2011-01-26 00:00:00,588.2523193761261
2011-01-27 00:00:00,587.7499062432025
2011-01-28 00:00:00,587.2550236623376
2011-01-30 00:00:00,586.2880058080232
2011-01-31 00:00:00,585.8159214926104
2011-02-01 00:00:00,585.3514684974998
2011-02-02 00:00:00,584.8946434935172
2011-02-03 00:00:00,584.4454317719586
2011-02-04 00:00:00,584.0038077171864
2011-02-06 00:00:00,583.1431696926973
2011-02-07 00:00:00,582.7240564204574
2011-02-08 00:00:00,582.3123338066171
2011-02-09 00:00:00,581.9079328114153
2011-02-10 00:00:00,581.5107777366494
2011-02-11 00:00:00,581.1207866361958
2011-02-13 00:00:00,580.3619394190588
2011-02-14 00:00:00,579.9928915652445
2011-02-15 00:00:00,579.6306257009365
2011-02-16 00:00:00,579.2750368553678
2011-02-17 00:00:00,578.9260195345422
2011-02-18 00:00:00,578.5834701605337
2011-02-20 00:00:00,577.917383450948
2011-02-21 00:00:00,577.5936642845991
2011-02-22 00:00:00,577.2760477476654
2011-02-23 00:00:00,576.9644510289972
2011-02-24 00:00:00,576.658789695994
2011-02-25 00:00:00,576.3589751889339
2011-02-27 00:00:00,575.7765020919776
2011-02-28 00:00:00,575.4936336992232
2011-03-01 00:00:00,575.2161920910007
2011-03-02 00:00:00,574.9440543377499
2011-03-03 00:00:00,574.677090654372
2011-03-04 00:00:00,574.4151647200268
2011-03-06 00:00:00,573.9058503549551
2011-03-07 00:00:00,573.6581600741968
2011-03-08 00:00:00,573.4149047535379
2011-03-09 00:00:00,573.1759215595023
2011-03-10 00:00:00,572.9410437211704
2011-03-11 00:00:00,572.7101009487983
2011-03-13 00:00:00,572.259324208306
2011-03-14 00:00:00,572.039135696689
2011-03-15 00:00:00,571.8221742645042
2011-03-16 00:00:00,571.6082591486656
2011-03-17 00:00:00,571.3972100552959
2011-03-18 00:00:00,571.1888486326391
2011-03-20 00:00:00,570.7794936865699
2011-03-21 00:00:00,570.5781641828646
2011-03-22 00:00:00,570.3788497666853
2011-03-23 00:00:00,570.1813909111679
2011-03-24 00:00:00,569.9856281465926
2011-03-25 00:00:00,569.7914001837623
2011-03-27 00:00:00,569.4068872837047
2011-03-28 01:00:00,569.2082182354554
2011-03-29 01:00:00,568.9124733437519
2011-03-30 01:00:00,568.0860234162362
2011-03-31 01:00:00,567.2593411422087
2011-04-01 01:00:00,566.4323738803032
2011-04-03 01:00:00,564.7773670281722
2011-04-04 01:00:00,563.9492154627765
2011-04-05 01:00:00,563.1205550136578
2011-04-06 01:00:00,562.2913265206868
2011-04-07 01:00:00,561.461469611478
2011-04-08 01:00:00,560.6309227363965
2011-04-10 01:00:00,558.9675072254504
2011-04-11 01:00:00,558.1345098866053
2011-04-12 01:00:00,557.3005651877293
2011-04-13 01:00:00,556.4656060402299
2011-04-14 01:00:00,555.6295643453138
2011-04-15 01:00:00,554.7923712078748
2011-04-17 01:00:00,553.114253752591
2011-04-18 01:00:00,552.2731924547529
2011-04-19 01:00:00,551.4307073252363
2011-04-20 01:00:00,550.5867345954568
2011-04-21 01:00:00,549.7412129999782
2011-04-22 01:00:00,548.8940835457222
2011-04-24 01:00:00,549.3785453162012
2011-04-25 01:00:00,550.8458633824199
2011-04-26 01:00:00,552.3126215262866
2011-04-27 01:00:00,553.7787605518745
2011-04-28 01:00:00,555.2442208725997
2011-04-29 01:00:00,556.7089428291379
2011-05-01 01:00:00,559.5282652147807
2011-05-02 01:00:00,558.4411517290655
2011-05-03 01:00:00,557.3548585649421
2011-05-04 01:00:00,556.2694175974715
2011-05-05 01:00:00,555.1848589872659
2011-05-06 01:00:00,554.1012108758255
2011-05-08 01:00:00,551.9367466758597
2011-05-09 01:00:00,550.8559738627077
2011-05-10 01:00:00,549.7761974702878
2011-05-11 01:00:00,548.6974307745525
2011-05-12 01:00:00,548.4701655295593
2011-05-13 01:00:00,549.3635303971591
2011-05-15 01:00:00,551.1586506628516
2011-05-16 01:00:00,552.0605138653616
2011-05-17 01:00:00,552.9653179622367
2011-05-18 01:00:00,553.8731166978216
2011-05-19 01:00:00,554.7839629331759
2011-05-20 01:00:00,555.6979082628578
2011-05-22 01:00:00,557.5352951224576
2011-05-23 01:00:00,558.4588323886506
2011-05-24 01:00:00,559.3856604549549
2011-05-25 01:00:00,560.3158240358111
2011-05-26 01:00:00,561.2493668152746
2011-05-27 01:00:00,562.1863315083035
2011-05-29 01:00:00,564.0706926683657
2011-05-30 01:00:00,565.0181695953188
2011-05-31 01:00:00,565.9692292036666
2011-06-01 01:00:00,566.9239088185205
2011-06-02 01:00:00,567.8822444859854
2011-06-03 01:00:00,568.8442709751711
2011-06-05 01:00:00,570.779529599334
2011-06-06 01:00:00,571.7528258923361
2011-06-07 01:00:00,572.729941829864
2011-06-08 01:00:00,573.7109082969853
2011-06-09 01:00:00,574.6957563267264
2011-06-10 01:00:00,575.6845174813437
2011-06-12 01:00:00,577.6739102305512
2011-06-13 01:00:00,578.6746105944229
2011-06-14 01:00:00,579.6793618488434
2011-06-15 01:00:00,580.6882017741727
2011-06-16 01:00:00,581.7011689982013
2011-06-17 01:00:00,582.7183024622526
2011-06-19 01:00:00,584.765222187751
2011-06-20 01:00:00,585.7950833550638
2011-06-21 01:00:00,586.8292600628099
2011-06-22 01:00:00,587.8677867144169
2011-06-23 01:00:00,588.9106964327449
2011-06-24 01:00:00,589.9580210913239
2011-06-26 01:00:00,592.0660364934198
2011-06-27 01:00:00,593.1267845787542
2011-06-28 01:00:00,594.1920620178618
2011-06-29 01:00:00,595.2618934819382
2011-06-30 01:00:00,596.3363016346635
2011-07-01 01:00:00,597.415306922769
2011-07-03 01:00:00,599.5871791217463
2011-07-04 01:00:00,600.6800757477984
2011-07-05 01:00:00,601.7776296999098
2011-07-06 01:00:00,602.8798524789629
2011-07-07 01:00:00,603.9867554647785
2011-07-08 01:00:00,605.098350637694
2011-07-10 01:00:00,607.3356721451082
2011-07-11 01:00:00,608.4614304493607
2011-07-12 01:00:00,609.591945351917
2011-07-13 01:00:00,610.7272382166807
2011-07-14 01:00:00,611.8673322682718
2011-07-15 01:00:00,613.0122521323461
2011-07-17 01:00:00,615.3166712983437
2011-07-18 01:00:00,616.4762215639087
2011-07-19 01:00:00,617.6406985609503
2011-07-20 01:00:00,618.8101256868824
2011-07-21 01:00:00,619.9845250413159
2011-07-22 01:00:00,621.1639173255813
2011-07-24 01:00:00,623.5377561160508
2011-07-25 01:00:00,624.7322363772732
2011-07-26 01:00:00,625.9317767276395
2011-07-27 01:00:00,627.1363891118865
2011-07-28 01:00:00,628.3460828142393
2011-07-29 01:00:00,629.5608639548207
2011-07-31 01:00:00,632.0056946003871
2011-08-01 01:00:00,633.2357374177315
2011-08-02 01:00:00,634.4708548786981
2011-08-03 01:00:00,635.7110360090827
2011-08-04 01:00:00,636.9562686921747
2011-08-05 01:00:00,638.2065409400175
2011-08-07 01:00:00,640.7221630255798
2011-08-08 01:00:00,641.9874976679121
2011-08-09 01:00:00,643.257842009001
2011-08-10 01:00:00,644.5331944367981
2011-08-11 01:00:00,645.8135554357734
2011-08-12 01:00:00,647.098927154557
2011-08-14 01:00:00,649.6847162771207
2011-08-15 01:00:00,650.9851412341475
2011-08-16 01:00:00,652.2905908866279
2011-08-17 01:00:00,653.6010673628808
2011-08-18 01:00:00,654.9165713685722
2011-08-19 01:00:00,656.2371019112652
2011-08-21 01:00:00,658.8932289574082
2011-08-22 01:00:00,660.2288132770791
2011-08-23 01:00:00,661.5693993190908
2011-08-24 01:00:00,662.9149744463194
2011-08-25 01:00:00,664.2655225628572
2011-08-26 01:00:00,665.6210233934879
2011-08-28 01:00:00,668.3467762869058
2011-08-29 01:00:00,669.7169600231276
2011-08-30 01:00:00,671.0919595489479
2011-08-31 01:00:00,672.4717264566815
2011-09-01 01:00:00,673.8562088717151
2011-09-02 01:00:00,675.2453534035573
2011-09-04 01:00:00,678.0374179227167
2011-09-05 01:00:00,679.4402370027533
2011-09-06 01:00:00,680.8475171231827
2011-09-07 01:00:00,682.2592132612214
2011-09-08 01:00:00,683.6752819845674
2011-09-09 01:00:00,685.0956809368953
2011-09-11 01:00:00,687.9493023670661
2011-09-12 01:00:00,689.382440862969
2011-09-13 01:00:00,690.8197406286338
2011-09-14 01:00:00,692.2611570584497
2011-09-15 01:00:00,693.706643688863
2011-09-16 01:00:00,695.1561518144806
2011-09-18 01:00:00,696.5498449852569
2011-09-19 01:00:00,695.4467158723737
2011-09-20 01:00:00,694.3468796820332
2011-09-21 01:00:00,693.2503064378675
2011-09-22 01:00:00,692.1569644770228
2011-09-23 01:00:00,691.0668205178163
2011-09-25 01:00:00,688.8959858788967
2011-09-26 01:00:00,687.8152211013817
2011-09-27 01:00:00,686.7375058548346
2011-09-28 01:00:00,685.6627983688927
2011-09-29 01:00:00,684.5910540403688
2011-09-30 01:00:00,683.64270016459
2011-10-02 01:00:00,686.0051670939677
2011-10-03 01:00:00,687.1899083441613
2011-10-04 01:00:00,688.3769297500239
2011-10-05 01:00:00,689.5661884578371
2011-10-06 01:00:00,690.75764206191
2011-10-07 01:00:00,691.9512482646178
2011-10-09 01:00:00,694.3447480326523
2011-10-10 01:00:00,695.5445550614482
2011-10-11 01:00:00,696.7463412656994
2011-10-12 01:00:00,697.9500613071702
2011-10-13 01:00:00,699.1556687621216
2011-10-14 01:00:00,700.3631159702063
2011-10-16 01:00:00,699.8899039984242
2011-10-17 01:00:00,698.359848108911
2011-10-18 01:00:00,696.8289568834196
2011-10-19 01:00:00,695.2973525578203
2011-10-20 01:00:00,693.765160329702
2011-10-21 01:00:00,692.2325088830123
2011-10-23 01:00:00,689.1663649201198
2011-10-24 01:00:00,687.6331542270391
2011-10-25 01:00:00,686.1000494477346
2011-10-26 01:00:00,684.5672074861801
2011-10-27 01:00:00,683.0347906439409
2011-10-28 01:00:00,681.5029644814967
2011-10-30 01:00:00,678.4417461335378
2011-10-31 00:00:00,676.9763861051676
2011-11-01 00:00:00,675.4484982926937
2011-11-02 00:00:00,673.9219879916564
2011-11-03 00:00:00,672.3969995403953
2011-11-04 00:00:00,670.8736729193415
2011-11-06 00:00:00,667.8325466923175
2011-11-07 00:00:00,666.3150098762208
2011-11-08 00:00:00,664.7996609901516
2011-11-09 00:00:00,663.2866244711545
2011-11-10 00:00:00,661.7760222201819
2011-11-11 00:00:00,660.2679737429357
2011-11-13 00:00:00,657.2600054148636
2011-11-14 00:00:00,655.7603146681338
2011-11-15 00:00:00,654.2636365639343
2011-11-16 00:00:00,652.7700826546725
2011-11-17 00:00:00,651.2797640242063
2011-11-18 00:00:00,649.7927917729324
2011-11-20 00:00:00,646.8293344037776
2011-11-21 00:00:00,645.3530771186481
2011-11-22 00:00:00,643.880623198816
2011-11-23 00:00:00,642.4120929773604
2011-11-24 00:00:00,640.9476093194372
2011-11-25 00:00:00,639.4872964860258
2011-11-27 00:00:00,636.579675614247
2011-11-28 00:00:00,635.1326048305493
2011-11-29 00:00:00,633.6901759393518
2011-11-30 00:00:00,632.2524922137641
2011-12-01 00:00:00,630.819650245947
2011-12-02 00:00:00,629.3917404330808
2011-12-04 00:00:00,626.5510515993614
2011-12-05 00:00:00,625.1384277387035
2011-12-06 00:00:00,623.731047135725
2011-12-07 00:00:00,622.328976903281
2011-12-08 00:00:00,620.9322802922869
2011-12-09 00:00:00,619.5410168070957
2011-12-11 00:00:00,616.7750094732169
2011-12-12 00:00:00,615.4003676636362
2011-12-13 00:00:00,614.0313638256532
2011-12-14 00:00:00,612.6680427901111
2011-12-15 00:00:00,611.3104479191131
2011-12-16 00:00:00,609.9586217308558
2011-12-18 00:00:00,607.2724450329395
2011-12-19 00:00:00,605.93818093215
2011-12-20 00:00:00,604.6098594216505
2011-12-21 00:00:00,603.2875275336336
2011-12-22 00:00:00,601.9712342045677
2011-12-23 00:00:00,600.6610299232277
2011-12-26 00:00:00,596.7674597846162
2011-12-27 00:00:00,595.4821123360116
2011-12-28 00:00:00,594.2030924129119
2011-12-29 00:00:00,592.9304375672805
2011-12-30 00:00:00,591.6641810921794
2012-01-01 00:00:00,589.1509770993173
2012-01-02 00:00:00,587.9040780856403
2012-01-03 00:00:00,586.6636751847464
2012-01-04 00:00:00,585.4297857148451
2012-01-05 00:00:00,584.2024247180345
2012-01-06 00:00:00,582.9816048047728
2012-01-08 00:00:00,580.5596265768119
2012-01-09 00:00:00,579.358481365201
2012-01-10 00:00:00,578.1639038797041
2012-01-11 00:00:00,576.9758956714625
2012-01-12 00:00:00,575.7944570239692
2012-01-13 00:00:00,574.6195875762395
2012-01-15 00:00:00,572.2895557282961
2012-01-16 00:00:00,571.1343954219584
2012-01-17 00:00:00,569.9858095527159
2012-01-18 00:00:00,568.8438036622799
2012-01-19 00:00:00,567.7083855367478
2012-01-20 00:00:00,566.5795651825151
2012-01-22 00:00:00,564.3417673539413
2012-01-23 00:00:00,563.2328179383505
2012-01-24 00:00:00,562.1305210886526
2012-01-25 00:00:00,561.0348910949589
2012-01-26 00:00:00,559.9459412597323
2012-01-27 00:00:00,558.8636835622912
2012-01-29 00:00:00,556.7192852848727
2012-01-30 00:00:00,555.6571616817239
2012-01-31 00:00:00,554.6017644998865
2012-02-01 00:00:00,553.5530996069953
2012-02-02 00:00:00,552.5111720675154
2012-02-03 00:00:00,551.4759861678489
2012-02-05 00:00:00,549.4258519846512
2012-02-06 00:00:00,548.41090725354
2012-02-07 00:00:00,547.4027107836326
2012-02-08 00:00:00,546.4012605421085
2012-02-09 00:00:00,545.406552840225
2012-02-10 00:00:00,544.4185826150069
2012-02-12 00:00:00,546.7382388010876
2012-02-13 00:00:00,548.0150751574299
2012-02-14 00:00:00,549.2932088203355
2012-02-15 00:00:00,550.5725765684076
2012-02-16 00:00:00,551.8531098611733
2012-02-17 00:00:00,553.134733752532
2012-02-19 00:00:00,555.7009175763742
2012-02-20 00:00:00,556.9852908819672
2012-02-21 00:00:00,558.2703817709222
2012-02-22 00:00:00,559.5560792146598
2012-02-23 00:00:00,560.8422662197411
2012-02-24 00:00:00,562.1288206483582
2012-02-26 00:00:00,564.7025221556693
2012-02-27 00:00:00,565.9894056894526
2012-02-28 00:00:00,567.2761303226948
2012-02-29 00:00:00,568.5625569692303
2012-03-01 00:00:00,569.8485438069329
2012-03-02 00:00:00,571.1339463350755
2012-03-04 00:00:00,573.7024084013192
2012-03-05 00:00:00,573.7516528634736
2012-03-06 00:00:00,572.7364805179341
2012-03-07 00:00:00,571.7253014561306
2012-03-08 00:00:00,570.7182269224002
2012-03-09 00:00:00,569.7153669898677
2012-03-11 00:00:00,567.7227266630774
2012-03-12 00:00:00,566.7331657580847
2012-03-13 00:00:00,565.7482626782535
2012-03-14 00:00:00,564.7681386916522
2012-03-15 00:00:00,565.0890421705388
2012-03-16 00:00:00,565.8306991360615
2012-03-18 00:00:00,567.2906954913641
2012-03-19 00:00:00,568.0088746988903
2012-03-20 00:00:00,568.7190537810957
2012-03-21 00:00:00,569.4211312197145
2012-03-22 00:00:00,570.1149960718831
2012-03-23 00:00:00,570.800528836369
2012-03-25 00:00:00,572.146071436989
2012-03-26 01:00:00,572.8329267596763
2012-03-27 01:00:00,573.4833648988322
2012-03-28 01:00:00,574.1247205554549
2012-03-29 01:00:00,574.7568141499373
2012-03-30 01:00:00,575.3794550377978
2012-04-01 01:00:00,576.595558336577
2012-04-02 01:00:00,577.1885809164196
2012-04-03 01:00:00,577.7712712792652
2012-04-04 01:00:00,578.3433809543616
2012-04-05 01:00:00,578.9046517671824
2012-04-06 01:00:00,579.454817335582
2012-04-08 01:00:00,580.5207329481563
2012-04-09 01:00:00,581.0359157435691
2012-04-10 01:00:00,581.5388552955151
2012-04-11 01:00:00,582.0292406682219
2012-04-12 01:00:00,582.5067437693633
2012-04-13 01:00:00,582.9710161506172
2012-04-15 01:00:00,583.858359207112
2012-04-16 01:00:00,584.2806124970238
2012-04-17 01:00:00,584.6879980572894
2012-04-18 01:00:00,585.0800398438515
2012-04-19 01:00:00,585.4562332840638
2012-04-20 01:00:00,585.8160444331279
2012-04-22 01:00:00,586.4842325048279
2012-04-23 01:00:00,586.7913879390993
2012-04-24 01:00:00,587.0797170568792
2012-04-25 01:00:00,587.3485292035527
2012-04-26 01:00:00,587.5971013589519
2012-04-27 01:00:00,587.824678209332
2012-04-29 01:00:00,588.2136658143568
2012-04-30 01:00:00,588.3734099849246
2012-05-01 01:00:00,588.5088294507117
2012-05-02 01:00:00,588.6190248621225
2012-05-03 01:00:00,588.7030781879306
2012-05-04 01:00:00,588.7600592861442
2012-05-06 01:00:00,588.7890686387121
2012-05-07 01:00:00,588.7592418212179
2012-05-08 01:00:00,588.6986425341188
2012-05-09 01:00:00,588.6063751780914
2012-05-10 01:00:00,588.4815608101741
2012-05-11 01:00:00,588.3233404176516
2012-05-13 01:00:00,587.9033839650288
2012-05-14 01:00:00,587.6400982507082
2012-05-15 01:00:00,587.3403332542583
2012-05-16 01:00:00,587.0034755259055
2012-05-17 01:00:00,586.6290062349607
2012-05-18 01:00:00,586.2165200762444
2012-05-20 01:00:00,585.2765649797283
2012-05-21 01:00:00,584.7490385129331
2012-05-22 01:00:00,584.1834243755794
2012-05-23 01:00:00,583.5802023539832
2012-05-24 01:00:00,582.940095468869
2012-05-25 01:00:00,582.2640906058713
2012-05-27 01:00:00,580.8097623409309
2012-05-28 01:00:00,580.0348838597458
2012-05-29 01:00:00,579.2310166516764
2012-05-30 01:00:00,578.4006754565844
2012-05-31 01:00:00,577.5466908926339
2012-06-01 01:00:00,576.6721985017326
2012-06-03 01:00:00,574.8756305775634
2012-06-04 01:00:00,573.961125030369
2012-06-05 01:00:00,573.0411599314284
2012-06-06 01:00:00,572.119897415542
2012-06-07 01:00:00,571.2015409860796
2012-06-08 01:00:00,570.290272669723
2012-06-10 01:00:00,568.5052757271395
2012-06-11 01:00:00,567.6393076163868
2012-06-12 01:00:00,566.7958635555801
2012-06-13 01:00:00,565.9782666327917
2012-06-14 01:00:00,565.1895634277698
2012-06-15 01:00:00,564.4325046007451
2012-06-17 01:00:00,563.0227741920927
2012-06-18 01:00:00,562.374044113517
2012-06-19 01:00:00,561.7648482768659
2012-06-20 01:00:00,561.1963968364322
2012-06-21 01:00:00,560.6696196062607
2012-06-22 01:00:00,560.18518507449
2012-06-24 01:00:00,559.3448406331278
2012-06-25 01:00:00,558.9891588352247
2012-06-26 01:00:00,558.6763222712649
2012-06-27 01:00:00,558.4060282585327
2012-06-28 01:00:00,558.1778466784049
2012-06-29 01:00:00,557.9912394778796
2012-07-01 01:00:00,557.7401572312631
2012-07-02 01:00:00,557.6742080681626
2012-07-03 01:00:00,557.6469056931153
2012-07-04 01:00:00,557.6573771620729
2012-07-05 01:00:00,557.7047081483123
2012-07-06 01:00:00,557.7879503761717
2012-07-08 01:00:00,558.0582574249377
2012-07-09 01:00:00,558.2433353743719
2012-07-10 01:00:00,558.4603685127101
2012-07-11 01:00:00,558.708370063566
2012-07-12 01:00:00,558.9863676979497
2012-07-13 01:00:00,559.2934079528081
2012-07-15 01:00:00,559.9909155567067
2012-07-16 01:00:00,560.3795955690491
2012-07-17 01:00:00,560.7937465864375
2012-07-18 01:00:00,561.232544310252
2012-07-19 01:00:00,561.6951940609227
2012-07-20 01:00:00,562.1809316833077
2012-07-22 01:00:00,563.2187714951664
2012-07-23 01:00:00,563.7695048756523
2012-07-24 01:00:00,564.3405891670013
2012-07-25 01:00:00,564.9314215195935
2012-07-26 01:00:00,565.5414309441943
2012-07-27 01:00:00,566.170077215541
2012-07-29 01:00:00,567.4812634086397
2012-07-30 01:00:00,568.1628603064731
2012-07-31 01:00:00,568.8612025580913
2012-08-01 01:00:00,569.5758713228363
2012-08-02 01:00:00,570.3064634056593
2012-08-03 01:00:00,571.0525888265208
2012-08-05 01:00:00,572.5899369010637
2012-08-06 01:00:00,573.3804350810462
2012-08-07 01:00:00,574.1850178472773
2012-08-08 01:00:00,575.0033507139673
2012-08-09 01:00:00,575.8351108760395
2012-08-10 01:00:00,576.6799872788861
2012-08-12 01:00:00,578.4079021404189
2012-08-13 01:00:00,579.2903748073509
2012-08-14 01:00:00,580.1848310866889
2012-08-15 01:00:00,581.0910132925284
2012-08-16 01:00:00,582.0086730833189
2012-08-17 01:00:00,582.937571374205
2012-08-19 01:00:00,584.8281749879538
2012-08-20 01:00:00,585.7894517322868
2012-08-21 01:00:00,586.7611112496821
2012-08-22 01:00:00,587.7429679643533
2012-08-23 01:00:00,588.7348484674231
2012-08-24 01:00:00,589.7365913085589
2012-08-26 01:00:00,591.7690739298602
2012-08-27 01:00:00,592.799543400599
2012-08-28 01:00:00,593.8393319799997
2012-08-29 01:00:00,594.8883231276782
2012-08-30 01:00:00,595.9464050596904
2012-08-31 01:00:00,597.013469333354
2012-09-02 01:00:00,599.1741210143102
2012-09-03 01:00:00,600.2674991506565
2012-09-04 01:00:00,601.3694403727926
2012-09-05 01:00:00,602.4798415834277
2012-09-06 01:00:00,603.5986004319662
2012-09-07 01:00:00,604.7256154733693
2012-09-09 01:00:00,607.0040133318823
2012-09-10 01:00:00,608.1551980270258
2012-09-11 01:00:00,609.3142422416507
2012-09-12 01:00:00,610.4810480624535
2012-09-13 01:00:00,611.6555174211849
2012-09-14 01:00:00,612.837551870889
2012-09-16 01:00:00,615.223920955955
2012-09-17 01:00:00,616.4280591699724
2012-09-18 01:00:00,617.6393718119232
2012-09-19 01:00:00,618.8577671479576
2012-09-20 01:00:00,620.0831584152061
2012-09-21 01:00:00,621.3154646182089
2012-09-23 01:00:00,623.8005272150649
2012-09-24 01:00:00,625.0531494677323
2012-09-25 01:00:00,626.3124166305123
2012-09-26 01:00:00,627.5782706588745
2012-09-27 01:00:00,628.8506552871944
2012-09-28 01:00:00,630.1295150639393
2012-09-30 01:00:00,632.7064371722915
2012-10-01 01:00:00,634.0043853221035
2012-10-02 01:00:00,635.3085791331351
2012-10-03 01:00:00,636.6189565288901
2012-10-04 01:00:00,637.9354529725351
2012-10-05 01:00:00,639.2580013858842
2012-10-07 01:00:00,641.9209729090048
2012-10-08 01:00:00,643.2612487596293
2012-10-09 01:00:00,644.6072817278285
2012-10-10 01:00:00,645.9589905772186
2012-10-11 01:00:00,647.3162903163336
2012-10-12 01:00:00,648.6790916956635
2012-10-14 01:00:00,651.4208189009728
2012-10-15 01:00:00,652.7995429383657
2012-10-16 01:00:00,654.183366594538
2012-10-17 01:00:00,655.5721821105137
2012-10-18 01:00:00,656.9658823942374
2012-10-19 01:00:00,658.3643629195683
2012-10-21 01:00:00,661.1752658504204
2012-10-22 01:00:00,662.5874986969418
2012-10-23 01:00:00,664.0041313476775
2012-10-24 01:00:00,665.425075412745
2012-10-25 01:00:00,666.8502432532475
2012-10-26 01:00:00,668.2795471136766
2012-10-28 01:00:00,671.1502070329199
2012-10-29 00:00:00,672.5311272425694
2012-10-30 00:00:00,673.9759167364109
2012-10-31 00:00:00,675.4243837313303
2012-11-01 00:00:00,676.876427748794
2012-11-02 00:00:00,678.110209873754
2012-11-04 00:00:00,676.0433794730059
2012-11-05 00:00:00,675.0125453788371
2012-11-06 00:00:00,673.9833868887962
2012-11-07 00:00:00,672.9558678353401
2012-11-08 00:00:00,671.9299502199821
2012-11-09 00:00:00,670.9055942499267
2012-11-11 00:00:00,668.8613987935453
2012-11-12 00:00:00,667.8414695967328
2012-11-13 00:00:00,666.8229213436207
2012-11-14 00:00:00,665.8057002559402
2012-11-15 00:00:00,664.7897469924318
2012-11-16 00:00:00,663.7749957840506
2012-11-18 00:00:00,661.7488035061065
2012-11-19 00:00:00,660.7371997874229
2012-11-20 00:00:00,659.7264749198413
2012-11-21 00:00:00,658.7165377138724
2012-11-22 00:00:00,657.7072947241327
2012-11-23 00:00:00,656.6986508273624
2012-11-25 00:00:00,654.682773526875
2012-11-26 00:00:00,653.6753442330316
2012-11-27 00:00:00,652.6681225457488
2012-11-28 00:00:00,653.7991221681086
2012-11-29 00:00:00,655.0519887980943
2012-11-30 00:00:00,656.3073586050327
2012-12-02 00:00:00,658.825244498112
2012-12-03 00:00:00,660.0875760650572
2012-12-04 00:00:00,661.3520415795645
2012-12-05 00:00:00,662.6185454314107
2012-12-06 00:00:00,663.8869904091742
2012-12-07 00:00:00,665.1572774406043
2012-12-09 00:00:00,667.7029699309301
2012-12-10 00:00:00,668.9781646014015
2012-12-11 00:00:00,670.2547792493406
2012-12-12 00:00:00,671.532701117931
2012-12-13 00:00:00,672.8118157791496
2012-12-14 00:00:00,674.092008920648
2012-12-16 00:00:00,676.6551867027409
2012-12-17 00:00:00,677.9379612938643
2012-12-18 00:00:00,679.2213960339724
2012-12-19 00:00:00,680.5054004669161
2012-12-20 00:00:00,681.7898892913163
2012-12-21 00:00:00,683.0747816588803
2012-12-23 00:00:00,685.6454723728114
2012-12-24 00:00:00,684.6125428612986
2012-12-26 00:00:00,681.7374632727133
2012-12-27 00:00:00,680.305969985977
2012-12-28 00:00:00,678.8786253560461
2012-12-30 00:00:00,676.0367203342796
2012-12-31 00:00:00,674.6223241831549
2013-01-01 00:00:00,673.2124059487518
2013-01-02 00:00:00,671.8070446266083
2013-01-03 00:00:00,670.406318670731
2013-01-04 00:00:00,669.010306593053
2013-01-06 00:00:00,666.2327384555385
2013-01-07 00:00:00,664.8513419313335
2013-01-08 00:00:00,663.4749783690935
2013-01-09 00:00:00,662.103729598715
2013-01-10 00:00:00,660.7376771217148
2013-01-11 00:00:00,659.3769004757712
2013-01-13 00:00:00,656.6714703246429
2013-01-14 00:00:00,655.326947547946
2013-01-15 00:00:00,653.987959771801
2013-01-16 00:00:00,652.6545516732774
2013-01-17 00:00:00,651.3267604406161
2013-01-18 00:00:00,650.0046168371157
2013-01-20 00:00:00,647.3773693737387
2013-01-21 00:00:00,646.0723031092617
2013-01-22 00:00:00,644.7729606684893
2013-01-23 00:00:00,643.479352002935
2013-01-24 00:00:00,642.1914839851726
2013-01-25 00:00:00,640.9093606298568
2013-01-27 00:00:00,638.3623514065516
2013-01-28 00:00:00,637.0974621789873
2013-01-29 00:00:00,635.8383118830717
2013-01-30 00:00:00,634.5848960574017
2013-01-31 00:00:00,633.3372101471887
2013-02-01 00:00:00,632.0952500239615
2013-02-03 00:00:00,629.6284951563326
2013-02-04 00:00:00,628.4036974639878
2013-02-05 00:00:00,627.1846198012615
2013-02-06 00:00:00,625.9712636769094
2013-02-07 00:00:00,624.7636310550868
2013-02-08 00:00:00,623.5617234306371
2013-02-10 00:00:00,621.1750792373944
2013-02-11 00:00:00,619.9903317508837
2013-02-12 00:00:00,618.8112853358709
2013-02-13 00:00:00,617.6379217219653
2013-02-14 00:00:00,616.4702173698836
2013-02-15 00:00:00,615.3081440274955
2013-02-17 00:00:00,613.0007579995249
2013-02-18 00:00:00,611.8553713540756
2013-02-19 00:00:00,610.7154687579516
2013-02-20 00:00:00,609.5810073669421
2013-02-21 00:00:00,608.4519423984689
2013-02-22 00:00:00,607.3282272473026
2013-02-24 00:00:00,605.0966516562672
2013-02-25 00:00:00,603.9886903077567
2013-02-26 00:00:00,602.8858776293775
2013-02-27 00:00:00,601.7881613404489
2013-02-28 00:00:00,600.695489399895
2013-03-01 00:00:00,599.607810582207
2013-03-03 00:00:00,597.4472342257842
2013-03-04 00:00:00,596.3742417760914
2013-03-05 00:00:00,595.3060526110323
2013-03-06 00:00:00,594.2426230193253
2013-03-07 00:00:00,593.1839101058348
2013-03-08 00:00:00,592.1298711880311
2013-03-10 00:00:00,590.0356414276421
2013-03-11 00:00:00,588.9953598438722
2013-03-12 00:00:00,587.9595694866274
2013-03-13 00:00:00,586.9282186108685
2013-03-14 00:00:00,585.9012524619611
2013-03-15 00:00:00,584.8786133781057
2013-03-17 00:00:00,582.8460729097707
2013-03-18 00:00:00,581.8360443843108
2013-03-19 00:00:00,580.8300892857243
2013-03-20 00:00:00,579.8281399868018
2013-03-21 00:00:00,578.8301275748911
2013-03-22 00:00:00,577.8359819314467
2013-03-24 00:00:00,575.8590046709409
2013-03-25 00:00:00,574.8760271379889
2013-03-26 00:00:00,573.8966247486234
2013-03-27 00:00:00,572.9207224026732
2013-03-28 00:00:00,571.948244706362
2013-03-31 00:00:00,573.8992471571383
2013-04-01 01:00:00,575.3677923999271
2013-04-02 01:00:00,576.7802945879371
2013-04-03 01:00:00,578.1953800018855
2013-04-04 01:00:00,579.6130021082986
2013-04-05 01:00:00,581.0331104081165
2013-04-07 01:00:00,583.8805643464868
2013-04-08 01:00:00,585.307790752007
2013-04-09 01:00:00,586.7372659292153
2013-04-10 01:00:00,588.1689241888325
2013-04-11 01:00:00,589.6026986441796
2013-04-12 01:00:00,591.0385218905604
2013-04-14 01:00:00,593.9160458911031
2013-04-15 01:00:00,595.3576137972789
2013-04-16 01:00:00,596.8009652923402
2013-04-17 01:00:00,598.2460364838103
2013-04-18 01:00:00,599.6927646784161
2013-04-19 01:00:00,601.1410884967461
2013-04-21 01:00:00,604.0422853432251
2013-04-22 01:00:00,605.4950445429649
2013-04-23 01:00:00,605.0292840603256
2013-04-24 01:00:00,603.8643886341439
2013-04-25 01:00:00,602.7011052734051
2013-04-26 01:00:00,601.5394473738049
2013-04-28 01:00:00,599.221057903125
2013-04-29 01:00:00,598.0643527381478
2013-04-30 01:00:00,596.9093280478794
2013-05-01 01:00:00,595.756002944067
2013-05-02 01:00:00,594.6043997015342
2013-05-03 01:00:00,593.454543574881
2013-05-05 01:00:00,591.1601859217626
2013-05-06 01:00:00,590.0157455411714
2013-05-07 01:00:00,588.873173536833
2013-05-08 01:00:00,587.7325027601096
2013-05-09 01:00:00,586.593766212105
2013-05-10 01:00:00,585.4569966905771
2013-05-12 01:00:00,583.1894871656139
2013-05-13 01:00:00,582.0588093313625
2013-05-14 01:00:00,580.9302225506303
2013-05-15 01:00:00,579.8037552434855
2013-05-16 01:00:00,578.6794346357517
2013-05-17 01:00:00,577.5572866969923
2013-05-19 01:00:00,575.3196058307594
2013-05-20 01:00:00,574.2041174340854
2013-05-21 01:00:00,573.0908902210897
2013-05-22 01:00:00,571.9799411411966
2013-05-23 01:00:00,570.8712844108214
2013-05-24 01:00:00,569.7649313626666
2013-05-26 01:00:00,567.5591689111852
2013-05-27 01:00:00,566.4597718297028
2013-05-28 01:00:00,565.3627053970338
2013-05-29 01:00:00,564.7336754348966
2013-05-30 01:00:00,565.6369160520018
2013-05-31 01:00:00,566.5412394838817
2013-06-02 01:00:00,568.3533660747178
2013-06-03 01:00:00,569.2612797144589
2013-06-04 01:00:00,570.1704971493461
2013-06-05 01:00:00,571.0810685547289
2013-06-06 01:00:00,571.9930421535423
2013-06-07 01:00:00,572.9064642456254
2013-06-09 01:00:00,574.7378296303884
2013-06-10 01:00:00,575.655856118377
2013-06-11 01:00:00,576.5754975576884
2013-06-12 01:00:00,577.4967910449807
2013-06-13 01:00:00,578.4197719515347
2013-06-14 01:00:00,579.3444739836114
2013-06-16 01:00:00,581.1991676836599
2013-06-17 01:00:00,582.1292188840742
2013-06-18 01:00:00,583.0611103842601
2013-06-19 01:00:00,583.9948690353442
2013-06-20 01:00:00,584.9305213601162
2013-06-21 01:00:00,585.8680943043767
2013-06-23 01:00:00,587.749117073787
2013-06-24 01:00:00,588.6926300177959
2013-06-25 01:00:00,589.6381900901331
2013-06-26 01:00:00,590.5858340404023
2013-06-27 01:00:00,591.5355990820296
2013-06-28 01:00:00,592.4875217259963
2013-06-30 01:00:00,594.3979771108878
2013-07-01 01:00:00,595.3565727143746
2013-07-02 01:00:00,596.3174513478597
2013-07-03 01:00:00,597.2806382521752
2013-07-04 01:00:00,598.2461563055114
2013-07-05 01:00:00,599.2140260907889
2013-07-07 01:00:00,601.156891865359
2013-07-08 01:00:00,602.1319176950191
2013-07-09 01:00:00,603.109354913008
2013-07-10 01:00:00,604.0892127390273
2013-07-11 01:00:00,605.0714981419342
2013-07-12 01:00:00,606.0562158984944
2013-07-14 01:00:00,608.0329571607975
2013-07-15 01:00:00,609.0249802239093
2013-07-16 01:00:00,610.0194351931574
2013-07-17 01:00:00,611.0163182595473
2013-07-18 01:00:00,612.0156251001723
2013-07-19 01:00:00,613.0173517654612
2013-07-21 01:00:00,615.0280575063741
2013-07-22 01:00:00,616.037040923941
2013-07-23 01:00:00,617.0484543897849
2013-07-24 01:00:00,618.062310205
2013-07-25 01:00:00,619.0786235757229
2013-07-26 01:00:00,620.097411098229
2013-07-28 01:00:00,622.1424731261205
2013-07-29 01:00:00,623.1687758425985
2013-07-30 01:00:00,624.1976080618166
2013-07-31 01:00:00,625.2289779992666
2013-08-01 01:00:00,626.2628914721167
2013-08-02 01:00:00,627.2993519872514
2013-08-04 01:00:00,629.3799168188859
2013-08-05 01:00:00,630.4240166731388
2013-08-06 01:00:00,631.4706544253906
2013-08-07 01:00:00,632.5198215025799
2013-08-08 01:00:00,633.5715065509469
2013-08-09 01:00:00,634.6256953680057
2013-08-11 01:00:00,636.7415134441933
2013-08-12 01:00:00,637.8031007166834
2013-08-13 01:00:00,638.8671083839914
2013-08-14 01:00:00,639.9335105034402
2013-08-15 01:00:00,641.0022802592954
2013-08-16 01:00:00,642.0733909209804
2013-08-18 01:00:00,644.2225358752195
2013-08-19 01:00:00,645.3005286555219
2013-08-20 01:00:00,646.3807816753929
2013-08-21 01:00:00,647.4632865807205
2013-08-22 01:00:00,648.5480398530037
2013-08-23 01:00:00,649.6350415326815
2013-08-25 01:00:00,651.8157980319063
2013-08-26 01:00:00,652.9095560817193
2013-08-27 01:00:00,653.278112091328
2013-08-28 01:00:00,651.9700249310697
2013-08-29 01:00:00,650.665122587851
2013-08-30 01:00:00,649.3634452760324
2013-09-01 01:00:00,646.7699393096666
2013-09-02 01:00:00,645.478203684301
2013-09-03 01:00:00,644.1898792998825
2013-09-04 01:00:00,642.9050193643001
2013-09-05 01:00:00,641.6236800370466
2013-09-06 01:00:00,640.3459205168106
2013-09-08 01:00:00,637.8013925040145
2013-09-09 01:00:00,636.5347564349798
2013-09-10 01:00:00,635.2719640874715
2013-09-11 01:00:00,634.0130859444132
2013-09-12 01:00:00,632.7581929153996
2013-09-13 01:00:00,631.5073555291056
2013-09-15 01:00:00,629.018123096593
2013-09-16 01:00:00,627.7798602993291
2013-09-17 01:00:00,626.5459167141944
2013-09-18 01:00:00,625.3163515305793
2013-09-19 01:00:00,624.4474389386631
2013-09-20 01:00:00,625.3143922860354
2013-09-22 01:00:00,627.0462692820325
2013-09-23 01:00:00,627.9112602337198
2013-09-24 01:00:00,628.77566379425
2013-09-25 01:00:00,629.639511487116
2013-09-26 01:00:00,630.502832807452
2013-09-27 01:00:00,631.365654916462
2013-09-29 01:00:00,633.089897350822
2013-09-30 01:00:00,633.9513586334905
2013-10-01 01:00:00,634.8124020208502
2013-10-02 01:00:00,635.6730393955551
2013-10-03 01:00:00,636.5332780513977
2013-10-04 01:00:00,637.393119773367
2013-10-06 01:00:00,639.1115860974576
2013-10-07 01:00:00,639.9701783208588
2013-10-08 01:00:00,640.8283080017975
2013-10-09 01:00:00,641.6859386891501
2013-10-10 01:00:00,642.5430268311911
2013-10-11 01:00:00,643.3995229928098
2013-10-13 01:00:00,645.1105206471627
2013-10-14 01:00:00,645.964906436598
2013-10-15 01:00:00,646.818471249738
2013-10-16 01:00:00,647.6711558684201
2013-10-17 01:00:00,648.522901649976
2013-10-18 01:00:00,649.373650478933
2013-10-20 01:00:00,651.0719237750752
2013-10-21 01:00:00,651.9193277536442
2013-10-22 01:00:00,652.7654911637503
2013-10-23 01:00:00,653.610344078844
2013-10-24 01:00:00,654.4538105234494
2013-10-25 01:00:00,655.2958075820634
2013-10-27 01:00:00,656.9750231348723
2013-10-28 00:00:00,657.7774186043114
2013-10-29 00:00:00,658.6126304991748
2013-10-30 00:00:00,659.4458375172253
2013-10-31 00:00:00,660.2769013778989
2013-11-01 00:00:00,661.1056706508178
2013-11-03 00:00:00,662.7556412023324
2013-11-04 00:00:00,663.5764541570838
2013-11-05 00:00:00,664.3941919306606
2013-11-06 00:00:00,665.208606752562
2013-11-07 00:00:00,666.0194293097321
2013-11-08 00:00:00,666.8263704571602
2013-11-10 00:00:00,668.4273665820007
2013-11-11 00:00:00,669.2207643555554
2013-11-12 00:00:00,670.0089693663228
2013-11-13 00:00:00,670.7916225245486
2013-11-14 00:00:00,671.5683531353095
2013-11-15 00:00:00,672.3387784579089
2013-11-17 00:00:00,673.8591166478328
2013-11-18 00:00:00,674.6081944912725
2013-11-19 00:00:00,675.3492937196172
2013-11-20 00:00:00,676.0819524012916
2013-11-21 00:00:00,676.805687452941
2013-11-22 00:00:00,677.5199928495555
2013-11-24 00:00:00,678.9181663658123
2013-11-25 00:00:00,679.6008940711873
2013-11-26 00:00:00,680.2719087283454
2013-11-27 00:00:00,680.9305679830902
2013-11-28 00:00:00,681.5761977720589
2013-11-29 00:00:00,681.443903860528
2013-12-01 00:00:00,679.7060304318296
2013-12-02 00:00:00,678.8646007932757
2013-12-03 00:00:00,678.042744116932
2013-12-04 00:00:00,677.2414484225659
2013-12-05 00:00:00,676.4617500037034
2013-12-06 00:00:00,675.7047289040162
2013-12-08 00:00:00,674.2632161185177
2013-12-09 00:00:00,673.5810394056698
2013-12-10 00:00:00,672.9261566134799
2013-12-11 00:00:00,672.2997630844884
2013-12-12 00:00:00,671.7030599465353
2013-12-13 00:00:00,671.1372489061233
2013-12-15 00:00:00,670.1030762130572
2013-12-16 00:00:00,669.6370622176916
2013-12-17 00:00:00,669.2066181178793
2013-12-18 00:00:00,668.8128371419258
2013-12-19 00:00:00,668.4567597684729
2013-12-20 00:00:00,668.1393599804013
2013-12-22 00:00:00,667.6240624995354
2013-12-23 00:00:00,667.4276332935319
2013-12-24 00:00:00,667.2727798656998
2013-12-26 00:00:00,667.0891353300315
2013-12-27 00:00:00,667.0605400801448
2013-12-29 00:00:00,667.1286661933016
2013-12-30 00:00:00,667.2242061366936
2013-12-31 00:00:00,667.3595031973798
2014-01-01 00:00:00,667.5332855433471
2014-01-02 00:00:00,667.7439826199549
2014-01-03 00:00:00,667.9897094473247
2014-01-05 00:00:00,668.5770559962859
2014-01-06 00:00:00,668.9132370416546
2014-01-07 00:00:00,669.2735842332411
2014-01-08 00:00:00,669.6545927029642
2014-01-09 00:00:00,670.0525004526722
2014-01-10 00:00:00,670.4633354691293
2014-01-12 00:00:00,671.307176954128
2014-01-13 00:00:00,671.7316952229485
2014-01-14 00:00:00,672.1522873907269
2014-01-15 00:00:00,672.5648025363448
2014-01-16 00:00:00,672.9652334889421
2014-01-17 00:00:00,673.3497696975749
2014-01-19 00:00:00,674.0571703153294
2014-01-20 00:00:00,674.3737767141126
2014-01-21 00:00:00,674.6620247718815
2014-01-22 00:00:00,674.9196241111313
2014-01-23 00:00:00,675.1446374217087
2014-01-24 00:00:00,675.3354785493984
2014-01-26 00:00:00,675.6100025832907
2014-01-27 00:00:00,675.6921696503291
2014-01-28 00:00:00,675.7370929477124
2014-01-29 00:00:00,675.7447207477074
2014-01-30 00:00:00,675.7152313371862
2014-01-31 00:00:00,675.6489982942765
2014-02-02 00:00:00,675.4085620556414
2014-02-03 00:00:00,675.2357795734308
2014-02-04 00:00:00,675.0290468212505
2014-02-05 00:00:00,674.7892667912747
2014-02-06 00:00:00,674.5173946136701
2014-02-07 00:00:00,674.2144277029884
2014-02-09 00:00:00,673.5193560576056
2014-02-10 00:00:00,673.1293766565541
2014-02-11 00:00:00,672.7125368093037
2014-02-12 00:00:00,672.2699157556008
2014-02-13 00:00:00,671.8025874819484
2014-02-14 00:00:00,671.3116157041356
2014-02-16 00:00:00,670.2629220839335
2014-02-17 00:00:00,669.7072448105312
2014-02-18 00:00:00,669.1320091903264
2014-02-19 00:00:00,668.538183831379
2014-02-20 00:00:00,667.9267139630957
2014-02-21 00:00:00,667.2985208862216
2014-02-23 00:00:00,665.9955288824008
2014-02-24 00:00:00,665.3224505344388
2014-02-25 00:00:00,664.6360893198889
2014-02-26 00:00:00,663.9372413638429
2014-02-27 00:00:00,663.2266737654104
2014-02-28 00:00:00,662.5051210137964
2014-03-02 00:00:00,661.0318100907987
2014-03-03 00:00:00,660.2813232158578
2014-03-04 00:00:00,659.5223917775945
2014-03-05 00:00:00,658.7555471777725
2014-03-06 00:00:00,657.9812844055072
2014-03-07 00:00:00,657.2000662664836
2014-03-09 00:00:00,655.6184767433645
2014-03-10 00:00:00,654.8189013286724
2014-03-11 00:00:00,654.0139666736673
2014-03-12 00:00:00,653.2040188572079
2014-03-13 00:00:00,652.3893855463481
2014-03-14 00:00:00,651.5703771150105
2014-03-16 00:00:00,649.9203971732443
2014-03-17 00:00:00,649.0899712968852
2014-03-18 00:00:00,648.256264591453
2014-03-19 00:00:00,647.4195212511926
2014-03-20 00:00:00,646.5799767399848
2014-03-21 00:00:00,645.7378590422129
2014-03-23 00:00:00,644.0467840084423
2014-03-24 00:00:00,643.198252078105
2014-03-25 00:00:00,642.3479978280445
2014-03-26 00:00:00,641.4962187468534
2014-03-27 00:00:00,640.6431046140403
2014-03-28 00:00:00,639.7888357623797
2014-03-30 00:00:00,638.0774951061069
2014-03-31 01:00:00,637.184686541974
2014-04-01 01:00:00,636.3273235760998
2014-04-02 01:00:00,635.4695031456295
2014-04-03 01:00:00,634.6113167080329
2014-04-04 01:00:00,633.7528427145683
2014-04-06 01:00:00,632.0352924620106
2014-04-07 01:00:00,631.1763246778847
2014-04-08 01:00:00,630.317288741629
2014-04-09 01:00:00,629.4582220770835
2014-04-10 01:00:00,628.5991565165903
2014-04-11 01:00:00,627.740118695735
2014-04-13 01:00:00,626.0222093712914
2014-04-14 01:00:00,625.1633693899129
2014-04-15 01:00:00,624.3046217612064
2014-04-16 01:00:00,623.445976076024
2014-04-17 01:00:00,622.5874414080522
2014-04-20 01:00:00,620.0126068220482
2014-04-21 01:00:00,619.1546274923312
2014-04-22 01:00:00,618.2968226559659
2014-04-23 01:00:00,617.4392084492979
2014-04-24 01:00:00,616.581800345771
2014-04-25 01:00:00,615.7246119024064
2014-04-27 01:00:00,614.0109307412125
2014-04-28 01:00:00,613.1544439965381
2014-04-29 01:00:00,612.2981870011939
2014-04-30 01:00:00,611.4421468609204
2014-05-01 01:00:00,610.5863041433215
2014-05-02 01:00:00,609.730633427669
2014-05-04 01:00:00,608.0196812210154
2014-05-05 01:00:00,607.1643263387615
2014-05-06 01:00:00,606.3089981431804
2014-05-07 01:00:00,605.4536529517909
2014-05-08 01:00:00,604.5982450317409
2014-05-09 01:00:00,603.7427267981615
2014-05-11 01:00:00,602.0311606537899
2014-05-12 01:00:00,601.1750097241356
2014-05-13 01:00:00,600.3185430981031
2014-05-14 01:00:00,599.4617074344117
2014-05-15 01:00:00,598.6044499680364
2014-05-16 01:00:00,597.8524855898022
2014-05-18 01:00:00,600.5716696449799
2014-05-19 01:00:00,601.9356594461783
2014-05-20 01:00:00,603.3024786433878
2014-05-21 01:00:00,604.6720459345145
2014-05-22 01:00:00,606.0442766416656
2014-05-23 01:00:00,607.4190833348023
2014-05-25 01:00:00,610.1760663946692
2014-05-26 01:00:00,611.5580622235079
2014-05-27 01:00:00,612.9422748877854
2014-05-28 01:00:00,614.3286169437542
2014-05-29 01:00:00,615.7170035130266
2014-05-30 01:00:00,617.1073528251866
2014-06-01 01:00:00,619.893629987575
2014-06-02 01:00:00,621.2894119658213
2014-06-03 01:00:00,622.6868648212205
2014-06-04 01:00:00,624.0859242204205
2014-06-05 01:00:00,625.4865290621747
2014-06-06 01:00:00,626.8886214519275
2014-06-08 01:00:00,629.6970539106337
2014-06-09 01:00:00,631.1032954285887
2014-06-10 01:00:00,632.5108278984221
2014-06-11 01:00:00,633.9196119627604
2014-06-12 01:00:00,635.329612121714
2014-06-13 01:00:00,636.7407960211322
2014-06-15 01:00:00,634.925746209923
2014-06-16 01:00:00,633.8707898203775
2014-06-17 01:00:00,632.8176741272424
2014-06-18 01:00:00,631.7664171075731
2014-06-19 01:00:00,630.7170401313151
2014-06-20 01:00:00,629.6695668623757
2014-06-22 01:00:00,627.5804304116444
2014-06-23 01:00:00,626.538815753994
2014-06-24 01:00:00,625.4992002446239
2014-06-25 01:00:00,624.461603906542
2014-06-26 01:00:00,623.4260442403831
2014-06-27 01:00:00,622.3925359638988
2014-06-29 01:00:00,620.3317177265228
2014-06-30 01:00:00,619.3044223875564
2014-07-01 01:00:00,618.2792077930197
2014-07-02 01:00:00,617.2560741262469
2014-07-03 01:00:00,616.23501892024
2014-07-04 01:00:00,615.216037139442
2014-07-06 01:00:00,613.18426093527
2014-07-07 01:00:00,612.1714434968253
2014-07-08 01:00:00,611.1606532647106
2014-07-09 01:00:00,610.1518718334527
2014-07-10 01:00:00,609.1450782065011
2014-07-11 01:00:00,608.1402493495663
2014-07-13 01:00:00,606.1363899337756
2014-07-14 01:00:00,605.1373136813844
2014-07-15 01:00:00,604.1401135270896
2014-07-16 01:00:00,603.1447742034374
2014-07-17 01:00:00,602.1512839142829
2014-07-18 01:00:00,601.1596335888701
2014-07-20 01:00:00,599.1818240967468
2014-07-21 01:00:00,598.195651496161
2014-07-22 01:00:00,597.2112905625196
2014-07-23 01:00:00,596.2287326645189
2014-07-24 01:00:00,595.2479677783263
2014-07-25 01:00:00,594.2689843196669
2014-07-27 01:00:00,592.3163068567634
2014-07-28 01:00:00,591.3425809721393
2014-07-29 01:00:00,590.3705726609239
2014-07-30 01:00:00,589.4002613522041
2014-07-31 01:00:00,588.4316246137819
2014-08-01 01:00:00,587.4646381653781
2014-08-03 01:00:00,585.5355097298695
2014-08-04 01:00:00,584.5733097662547
2014-08-05 01:00:00,583.6126439697258
2014-08-06 01:00:00,582.6534781635313
2014-08-07 01:00:00,581.6957759634099
2014-08-08 01:00:00,580.7394988905176
2014-08-10 01:00:00,578.8310584711353
2014-08-11 01:00:00,577.8788130126171
2014-08-12 01:00:00,576.9278306952514
2014-08-13 01:00:00,575.9780740614574
2014-08-14 01:00:00,575.0295083403153
2014-08-15 01:00:00,574.0821013256391
2014-08-17 01:00:00,572.1906439822146
2014-08-18 01:00:00,571.2465364934367
2014-08-19 01:00:00,571.9627585458143
2014-08-20 01:00:00,573.0424237281478
2014-08-21 01:00:00,574.1254144209901
2014-08-22 01:00:00,575.2117245220675
2014-08-24 01:00:00,577.394272447089
2014-08-25 01:00:00,578.4904922027613
2014-08-26 01:00:00,579.589995379562
2014-08-27 01:00:00,580.6927704867223
2014-08-28 01:00:00,581.7988052422672
2014-08-29 01:00:00,582.908086710026
2014-08-31 01:00:00,585.1363357435096
2014-09-01 01:00:00,586.2552757212999
2014-09-02 01:00:00,587.3774077304197
2014-09-03 01:00:00,588.5027186424269
2014-09-04 01:00:00,589.6311963109684
2014-09-05 01:00:00,590.7628300990573
2014-09-07 01:00:00,593.0355344113052
2014-09-08 01:00:00,594.1765951501429
2014-09-09 01:00:00,595.3207923630071
2014-09-10 01:00:00,596.4681259659923
2014-09-11 01:00:00,597.6185960041171
2014-09-12 01:00:00,598.7722015032844
2014-09-14 01:00:00,601.0888052150716
2014-09-15 01:00:00,602.2517908005369
2014-09-16 01:00:00,603.4178867329551
2014-09-17 01:00:00,604.5870814944952
2014-09-18 01:00:00,605.7593619692313
2014-09-19 01:00:00,606.934713657964
2014-09-21 01:00:00,609.2945665385895
2014-09-22 01:00:00,610.4790327701282
2014-09-23 01:00:00,611.6665003453606
2014-09-24 01:00:00,612.8569490084271
2014-09-25 01:00:00,614.0503574863162
2014-09-26 01:00:00,615.2467036176694
2014-09-28 01:00:00,617.6481169798213
2014-09-29 01:00:00,618.8531375237212
2014-09-30 01:00:00,620.0610030548571
2014-10-01 01:00:00,621.2716911727756
2014-10-02 01:00:00,622.4851807190706
2014-10-03 01:00:00,623.7014523621233
2014-10-05 01:00:00,626.1422774713867
2014-10-06 01:00:00,627.366806737857
2014-10-07 01:00:00,628.5940701871095
2014-10-08 01:00:00,629.8240641196809
2014-10-09 01:00:00,631.0567871010977
2014-10-10 01:00:00,632.2922387949551
2014-10-12 01:00:00,633.0369774787383
2014-10-13 01:00:00,631.6994706062519
2014-10-14 01:00:00,630.3643133040666
2014-10-15 01:00:00,629.0315439976798
2014-10-16 01:00:00,627.7012028043742
2014-10-17 01:00:00,626.3733311221886
2014-10-19 01:00:00,623.7251666381981
2014-10-20 01:00:00,622.4049609281042
2014-10-21 01:00:00,621.087398733128
2014-10-22 01:00:00,619.7725251214686
2014-10-23 01:00:00,618.4603855491074
2014-10-24 01:00:00,617.1510256187198
2014-10-26 01:00:00,614.5408255564021
2014-10-27 00:00:00,613.2942930393277
2014-10-28 00:00:00,611.9963714789927
2014-10-29 00:00:00,610.7014427519435
2014-10-30 00:00:00,609.4095437098284
2014-10-31 00:00:00,608.1207081828168
2014-11-02 00:00:00,605.5523469734901
2014-11-03 00:00:00,604.2728731048558
2014-11-04 00:00:00,602.9965670045668
2014-11-05 00:00:00,601.7234485708332
2014-11-06 00:00:00,600.4535366536637
2014-11-07 00:00:00,599.1868499854488
2014-11-09 00:00:00,596.6632315365233
2014-11-10 00:00:00,595.4063429005654
2014-11-11 00:00:00,594.1527660712524
2014-11-12 00:00:00,592.9025263640276
2014-11-13 00:00:00,591.6556501292016
2014-11-14 00:00:00,592.5938345681029
2014-11-16 00:00:00,594.6599489296674
2014-11-17 00:00:00,595.6982919430923
2014-11-18 00:00:00,596.7402345947712
2014-11-19 00:00:00,597.7858316491116
2014-11-20 00:00:00,598.8351358724308
2014-11-21 00:00:00,599.8881976632015
2014-11-23 00:00:00,602.0057815370567
2014-11-24 00:00:00,603.070389686926
2014-11-25 00:00:00,604.1389275171481
2014-11-26 00:00:00,605.211430733665
2014-11-27 00:00:00,606.2879329629227
2014-11-28 00:00:00,607.368466489716
2014-11-30 00:00:00,609.5417543715649
2014-12-01 00:00:00,610.634573048467
2014-12-02 00:00:00,611.7315526487919
2014-12-03 00:00:00,612.8327281044378
2014-12-04 00:00:00,613.9381357245153
2014-12-05 00:00:00,615.047813030235
2014-12-07 00:00:00,617.2801304421238
2014-12-08 00:00:00,618.4028475388825
2014-12-09 00:00:00,619.529987020063
2014-12-10 00:00:00,620.6615846774317
2014-12-11 00:00:00,621.7976742949489
2014-12-12 00:00:00,622.9382873240822
2014-12-14 00:00:00,625.2331965494832
2014-12-15 00:00:00,626.3875423649231
2014-12-16 00:00:00,627.5465105355674
2014-12-17 00:00:00,628.7101182506563
2014-12-18 00:00:00,629.878379084696
2014-12-19 00:00:00,631.0513024743525
2014-12-21 00:00:00,633.4111500205254
2014-12-22 00:00:00,634.598066451577
2014-12-23 00:00:00,635.7896291700227
2014-12-24 00:00:00,636.9858189531774
2014-12-25 00:00:00,638.1866113667922
2014-12-26 00:00:00,639.3919780322967
2014-12-28 00:00:00,641.8163093686726
2014-12-29 00:00:00,643.035209642941
2014-12-30 00:00:00,644.2585569549226
2014-12-31 00:00:00,645.486320006469
2015-01-01 00:00:00,646.718468136273
2015-01-02 00:00:00,647.954971145592
2015-01-04 00:00:00,650.4409213222577
2015-01-05 00:00:00,651.6903070004118
2015-01-06 00:00:00,652.9439237761806
2015-01-07 00:00:00,654.201737555713
2015-01-08 00:00:00,655.4637120228095
2015-01-09 00:00:00,656.7298082352272
2015-01-11 00:00:00,659.2741952482766
2015-01-12 00:00:00,660.5523927224983
2015-01-13 00:00:00,661.834525021026
2015-01-14 00:00:00,663.120536857261
2015-01-15 00:00:00,664.4103691177136
2015-01-16 00:00:00,665.7039584366214
2015-01-18 00:00:00,668.3021295952547
2015-01-19 00:00:00,669.6065570022552
2015-01-20 00:00:00,669.7176163514398
2015-01-21 00:00:00,668.2942210170485
2015-01-22 00:00:00,666.8715702737946
2015-01-23 00:00:00,665.4497927451645
2015-01-25 00:00:00,662.6093715416882
2015-01-26 00:00:00,661.1909796649966
2015-01-27 00:00:00,659.7739627519281
2015-01-28 00:00:00,658.3584383973161
2015-01-29 00:00:00,656.9445211807853
2015-01-30 00:00:00,655.5323231915738
2015-02-01 00:00:00,652.7135237946973
2015-02-02 00:00:00,651.3071384042771
2015-02-03 00:00:00,649.9029049999206
2015-02-04 00:00:00,648.5009297165965
2015-02-05 00:00:00,647.1013184601163
2015-02-06 00:00:00,645.7041771483509
2015-02-08 00:00:00,642.9177291546144
2015-02-09 00:00:00,641.528635798411
2015-02-10 00:00:00,640.1424391800574
2015-02-11 00:00:00,638.7592471881683
2015-02-12 00:00:00,637.3791683591361
2015-02-13 00:00:00,636.0023120818511
2015-02-15 00:00:00,633.2587112397182
2015-02-16 00:00:00,631.8921935297275
2015-02-17 00:00:00,630.5293531709751
2015-02-18 00:00:00,629.1703104521496
2015-02-19 00:00:00,627.8151880817254
2015-02-20 00:00:00,626.4641098446776
2015-02-22 00:00:00,623.7745739838274
2015-02-23 00:00:00,622.4363507403693
2015-02-24 00:00:00,621.1026374808264
2015-02-25 00:00:00,619.7735364756822
2015-02-26 00:00:00,618.4491439147997
2015-02-27 00:00:00,617.1295504586062
2015-03-01 00:00:00,614.5050993628333
2015-03-02 00:00:00,613.2004003489074
2015-03-03 00:00:00,611.9008183959604
2015-03-04 00:00:00,610.6064236299216
2015-03-05 00:00:00,609.8351660711114
2015-03-06 00:00:00,610.8887123307272
2015-03-08 00:00:00,613.0037256059724
2015-03-09 00:00:00,614.0653123612854
2015-03-10 00:00:00,615.1296966086256
2015-03-11 00:00:00,616.1969344578217
2015-03-12 00:00:00,617.267080312283
2015-03-13 00:00:00,618.3401866996502
2015-03-15 00:00:00,620.4954800527876
2015-03-16 00:00:00,621.5777594008281
2015-03-17 00:00:00,622.6631823475931
2015-03-18 00:00:00,623.7517835948771
2015-03-19 00:00:00,624.8435907746152
2015-03-20 00:00:00,625.9386231893495
2015-03-22 00:00:00,628.1383965909645
2015-03-23 00:00:00,629.2431338359492
2015-03-24 00:00:00,630.3510919093027
2015-03-25 00:00:00,631.4622560665829
2015-03-26 00:00:00,632.5766092376929
2015-03-27 00:00:00,633.6941328792614
2015-03-29 00:00:00,635.9386121444147
2015-03-30 01:00:00,637.1124043390828
2015-03-31 01:00:00,638.24253082208
2015-04-01 01:00:00,639.3757187463285
2015-04-02 01:00:00,640.511943440514
2015-04-05 01:00:00,643.9385797892057
2015-04-06 01:00:00,645.086690417883
2015-04-07 01:00:00,646.237704841541
2015-04-08 01:00:00,647.3915952138032
2015-04-09 01:00:00,648.5483331530398
2015-04-10 01:00:00,649.7078894874921
2015-04-12 01:00:00,652.0353341755608
2015-04-13 01:00:00,653.2031557792012
2015-04-14 01:00:00,654.37366036988
2015-04-15 01:00:00,655.5468045587335
2015-04-16 01:00:00,654.6260185586925
2015-04-17 01:00:00,653.3834551341371
2015-04-19 01:00:00,650.9102011021288
2015-04-20 01:00:00,649.6796678137739
2015-04-21 01:00:00,648.4533068163521
2015-04-22 01:00:00,647.2312016110759
2015-04-23 01:00:00,646.0134348717112
2015-04-24 01:00:00,644.8000877506196
2015-04-26 01:00:00,642.3869688719707
2015-04-27 01:00:00,641.187352115254
2015-04-28 01:00:00,639.9924657335202
2015-04-29 01:00:00,638.8023855977565
2015-04-30 01:00:00,637.6171873730796
2015-05-01 01:00:00,636.4369465879154
2015-05-03 01:00:00,634.0916386445502
2015-05-04 01:00:00,632.9267215842938
2015-05-05 01:00:00,631.76706215855
2015-05-06 01:00:00,630.6127350563401
2015-05-07 01:00:00,629.4638152934235
2015-05-08 01:00:00,628.320378754106
2015-05-10 01:00:00,626.0502677754228
2015-05-11 01:00:00,624.9237567968279
2015-05-12 01:00:00,623.8030581366414
2015-05-13 01:00:00,622.6882658252333
2015-05-14 01:00:00,621.5794810139305
2015-05-15 01:00:00,620.4768130764387
2015-05-17 01:00:00,618.2903105369295
2015-05-18 01:00:00,617.2067399094811
2015-05-19 01:00:00,616.1298126175841
2015-05-20 01:00:00,615.0596791053782
2015-05-21 01:00:00,613.9964947393347
2015-05-22 01:00:00,612.940418683797
2015-05-24 01:00:00,610.8502435387924
2015-05-25 01:00:00,609.8164777642166
2015-05-26 01:00:00,608.7904873047949
2015-05-27 01:00:00,607.7724471565796
2015-05-28 01:00:00,606.7625362059368
2015-05-29 01:00:00,605.7609374126534
2015-05-31 01:00:00,603.7834286142545
2015-06-01 01:00:00,602.8079045775464
2015-06-02 01:00:00,601.8414641775788
2015-06-03 01:00:00,600.8843092475186
2015-06-04 01:00:00,599.9366451089194
2015-06-05 01:00:00,598.9986810315386
2015-06-07 01:00:00,597.1527158455978
2015-06-08 01:00:00,596.2451634607391
2015-06-09 01:00:00,595.3482122783732
2015-06-10 01:00:00,594.4621125445159
2015-06-11 01:00:00,593.5871284503451
2015-06-12 01:00:00,592.7235399517324
2015-06-14 01:00:00,591.0317573269581
2015-06-15 01:00:00,590.2042139087526
2015-06-16 01:00:00,589.389368349066
2015-06-17 01:00:00,588.587593951866
2015-06-18 01:00:00,587.7992824230602
2015-06-19 01:00:00,587.0248431770674
2015-06-21 01:00:00,585.5193047751384
2015-06-22 01:00:00,584.7891096436781
2015-06-23 01:00:00,584.0745953430014
2015-06-24 01:00:00,583.3762578367664
2015-06-25 01:00:00,582.6946117788872
2015-06-26 01:00:00,582.0301911249599
2015-06-28 01:00:00,580.755260606562
2015-06-29 01:00:00,580.145917444616
2015-06-30 01:00:00,579.5561322647263
2015-07-01 01:00:00,578.9865354437194
2015-07-02 01:00:00,579.1078597696309
2015-07-03 01:00:00,579.5049115675346
2015-07-05 01:00:00,580.2441529903915
2015-07-06 01:00:00,580.5850134068689
2015-07-07 01:00:00,580.9057773192338
2015-07-08 01:00:00,581.2057202361054
2015-07-09 01:00:00,581.4840882459843
2015-07-10 01:00:00,581.7400957313644
2015-07-12 01:00:00,582.1817211477137
2015-07-13 01:00:00,582.3656026214692
2015-07-14 01:00:00,582.523653533566
2015-07-15 01:00:00,582.6549317957433
2015-07-16 01:00:00,582.7584727057416
2015-07-17 01:00:00,582.8332947665323
2015-07-19 01:00:00,582.8928155274742
2015-07-20 01:00:00,582.8755357482304
2015-07-21 01:00:00,582.8255994565939
2015-07-22 01:00:00,582.7420676454738
2015-07-23 01:00:00,582.6240427653079
2015-07-24 01:00:00,582.4706827917773
2015-07-26 01:00:00,582.054964008396
2015-07-27 01:00:00,581.7913512839585
2015-07-28 01:00:00,581.4899377577935
2015-07-29 01:00:00,581.1504376358691
2015-07-30 01:00:00,580.7727456487349
2015-07-31 01:00:00,580.3569621096235
2015-08-02 01:00:00,579.4126848672275
2015-08-03 01:00:00,578.8856087872946
2015-08-04 01:00:00,578.3233011266257
2015-08-05 01:00:00,577.9212544654854
2015-08-06 01:00:00,578.5767781424763
2015-08-07 01:00:00,579.267323316002
2015-08-09 01:00:00,580.7442238322589
2015-08-10 01:00:00,581.5252599368929
2015-08-11 01:00:00,582.3307022648438
2015-08-12 01:00:00,583.1572616274291
2015-08-13 01:00:00,584.0014388260707
2015-08-14 01:00:00,584.8595571237852
2015-08-16 01:00:00,586.6022530636684
2015-08-17 01:00:00,587.4789498962648
2015-08-18 01:00:00,588.3539191132318
2015-08-19 01:00:00,589.2232325750532
2015-08-20 01:00:00,590.0830523144122
2015-08-21 01:00:00,590.9296748581118
2015-08-23 01:00:00,592.5694227996574
2015-08-24 01:00:00,593.3561478778571
2015-08-25 01:00:00,594.1169256589665
2015-08-26 01:00:00,594.8492106093347
2015-08-27 01:00:00,595.5507422191317
2015-08-28 01:00:00,596.2195499316373
2015-08-30 01:00:00,597.4525691960329
2015-08-31 01:00:00,598.0142935441093
2015-09-01 01:00:00,598.5383104774124
2015-09-02 01:00:00,599.0240730883822
2015-09-03 01:00:00,599.4712873388003
2015-09-04 01:00:00,599.8798889691531
2015-09-06 01:00:00,600.5819859221143
2015-09-07 01:00:00,600.8762593168846
2015-09-08 01:00:00,601.133424639388
2015-09-09 01:00:00,601.3541709814687
2015-09-10 01:00:00,601.5392690139379
2015-09-11 01:00:00,601.689553231228
2015-09-13 01:00:00,601.8892451739623
2015-09-14 01:00:00,601.9405093710336
2015-09-15 01:00:00,601.9606504194974
2015-09-16 01:00:00,601.9506232289671
2015-09-17 01:00:00,601.9113787121254
2015-09-18 01:00:00,601.8438576581557
2015-09-20 01:00:00,601.6276687706961
2015-09-21 01:00:00,601.4807901416463
2015-09-22 01:00:00,601.309206873705
2015-09-23 01:00:00,601.1137477806204
2015-09-24 01:00:00,600.8952118137081
2015-09-25 01:00:00,600.654367583958
2015-09-27 01:00:00,600.1086844911978
2015-09-28 01:00:00,599.8052477711027
2015-09-29 01:00:00,599.4823155584812
2015-09-30 01:00:00,599.1405445881132
2015-10-01 01:00:00,598.7805785626982
2015-10-02 01:00:00,598.403047479296
2015-10-04 01:00:00,597.5977268866269
2015-10-05 01:00:00,597.1711056008855
2015-10-06 01:00:00,596.7292512676994
2015-10-07 01:00:00,596.272689357766
2015-10-08 01:00:00,595.8019207529553
2015-10-09 01:00:00,595.317422014138
2015-10-11 01:00:00,594.3090220964594
2015-10-12 01:00:00,593.7859577280981
2015-10-13 01:00:00,593.2508381783467
2015-10-14 01:00:00,592.7040276484234
2015-10-15 01:00:00,592.1458698094425
2015-10-16 01:00:00,591.5766884488821
2015-10-18 01:00:00,590.4064548670402
2015-10-19 01:00:00,589.8059567539743
2015-10-20 01:00:00,589.1955445978786
2015-10-21 01:00:00,588.5754524968143
2015-10-22 01:00:00,587.9458984625737
2015-10-23 01:00:00,587.3070852050446
2015-10-25 01:00:00,586.0024228018979
2015-10-26 00:00:00,585.6250854773864
2015-10-27 00:00:00,586.5912035906335
2015-10-28 00:00:00,587.566479610233
2015-10-29 00:00:00,588.5506988359424
2015-10-30 00:00:00,589.5436475077779
2015-11-01 00:00:00,591.5548810780007
2015-11-02 00:00:00,592.5727440219307
2015-11-03 00:00:00,593.5984951589594
2015-11-04 00:00:00,594.6319333738801
2015-11-05 00:00:00,595.6728631247892
2015-11-06 00:00:00,596.7210947842493
2015-11-08 00:00:00,598.8387351864494
2015-11-09 00:00:00,599.9077942722764
2015-11-10 00:00:00,600.9834557336872
2015-11-11 00:00:00,602.0655590070653
2015-11-12 00:00:00,603.1539492825126
2015-11-13 00:00:00,604.2484776747561
2015-11-15 00:00:00,606.4553844003907
2015-11-16 00:00:00,607.567496942841
2015-11-17 00:00:00,608.6852165704095
2015-11-18 00:00:00,609.8084279858579
2015-11-19 00:00:00,610.9370233081556
2015-11-20 00:00:00,612.0709021799504
2015-11-22 00:00:00,614.3541462500435
2015-11-23 00:00:00,615.5033464813104
2015-11-24 00:00:00,616.4702479965741
2015-11-25 00:00:00,615.2954997096266
2015-11-26 00:00:00,614.1205929988188
2015-11-27 00:00:00,612.9456221894418
2015-11-29 00:00:00,610.5958861784891
2015-11-30 00:00:00,609.4213289753081
2015-12-01 00:00:00,608.2471218887772
2015-12-02 00:00:00,607.0733730307926
2015-12-03 00:00:00,605.9001899630274
2015-12-04 00:00:00,604.7276789271685
2015-12-06 00:00:00,602.3850886840877
2015-12-07 00:00:00,601.2152121065635
2015-12-08 00:00:00,600.0464126004795
2015-12-09 00:00:00,598.8787857135503
2015-12-10 00:00:00,597.7124243078581
2015-12-11 00:00:00,596.5474181240459
2015-12-13 00:00:00,594.2218111278141
2015-12-14 00:00:00,593.0613683781016
2015-12-15 00:00:00,591.9025955718535
2015-12-16 00:00:00,590.7455570194755
2015-12-17 00:00:00,589.590310475169
2015-12-18 00:00:00,588.4369071674994
2015-12-20 00:00:00,586.1358047488081
2015-12-21 00:00:00,584.9881797358256
2015-12-22 00:00:00,583.8425481929736
2015-12-23 00:00:00,582.6989390416762
2015-12-24 00:00:00,581.5573805068693
2015-12-27 00:00:00,578.1453068974976
2015-12-28 00:00:00,577.0122593150395
2015-12-29 00:00:00,575.8814267658785
2015-12-30 00:00:00,574.7528470876148
2015-12-31 00:00:00,573.6265583061514
2016-01-03 00:00:00,570.2618068327866
2016-01-04 00:00:00,569.1450446219665
2016-01-05 00:00:00,568.0307470668589
2016-01-06 00:00:00,566.9189441189558
2016-01-07 00:00:00,565.8096634060644
2016-01-08 00:00:00,564.7029305266365
2016-01-10 00:00:00,564.347580904609
2016-01-11 00:00:00,565.48840690978
2016-01-12 00:00:00,566.6348066720603
2016-01-13 00:00:00,567.7867571769125
2016-01-14 00:00:00,568.9442354350682
2016-01-15 00:00:00,570.1072192121933
2016-01-17 00:00:00,572.4496211637744
2016-01-18 00:00:00,573.6290022808068
2016-01-19 00:00:00,574.8138146790849
2016-01-20 00:00:00,576.0040432326839
2016-01-21 00:00:00,577.1996734319274
2016-01-22 00:00:00,578.400690752849
2016-01-24 00:00:00,580.8188242716717
2016-01-25 00:00:00,582.0359048307901
2016-01-26 00:00:00,583.2582999545024
2016-01-27 00:00:00,584.4859848040389
2016-01-28 00:00:00,585.7189311324585
2016-01-29 00:00:00,586.9571071886112
2016-01-31 00:00:00,589.4490039779831
2016-02-01 00:00:00,590.7026437658151
2016-02-02 00:00:00,591.9613513300668
2016-02-03 00:00:00,593.2250772219327
2016-02-04 00:00:00,594.4937680279058
2016-02-05 00:00:00,595.7673660300842
2016-02-07 00:00:00,598.3290291468003
2016-02-08 00:00:00,599.6169546720025
2016-02-09 00:00:00,600.9095085942271
2016-02-10 00:00:00,602.2066104258206
2016-02-11 00:00:00,603.5081773449872
2016-02-12 00:00:00,604.8141257230873
2016-02-14 00:00:00,607.4388363455155
2016-02-15 00:00:00,608.7574378135589
2016-02-16 00:00:00,610.0800996713498
2016-02-17 00:00:00,611.406746417173
2016-02-18 00:00:00,612.7373038106964
2016-02-19 00:00:00,614.0716983006407
2016-02-21 00:00:00,616.7517043291919
2016-02-22 00:00:00,618.0971670251092
2016-02-23 00:00:00,619.4461680711579
2016-02-24 00:00:00,620.7986290413355
2016-02-25 00:00:00,622.1544691985805
2016-02-26 00:00:00,623.5136052595171
2016-02-28 00:00:00,626.2414185702964
2016-02-29 00:00:00,627.6099157778449
2016-03-01 00:00:00,628.9813488028783
2016-03-02 00:00:00,630.3556207860262
2016-03-03 00:00:00,631.7326319454858
2016-03-04 00:00:00,633.1122792998016
2016-03-06 00:00:00,635.8790523106537
2016-03-07 00:00:00,637.2659524460807
2016-03-08 00:00:00,638.6550374155333
2016-03-09 00:00:00,640.0461842052489
2016-03-10 00:00:00,641.4392674072842
2016-03-11 00:00:00,642.8341611993858
2016-03-13 00:00:00,645.6288882304138
2016-03-14 00:00:00,647.0284858185607
2016-03-15 00:00:00,648.4294242717128
2016-03-16 00:00:00,649.8315985510949
2016-03-17 00:00:00,651.2349080032704
2016-03-18 00:00:00,652.6392556250686
2016-03-20 00:00:00,655.4506915766276
2016-03-21 00:00:00,656.857598462894
2016-03-22 00:00:00,658.2651797426802
2016-03-23 00:00:00,659.6733482540792
2016-03-24 00:00:00,661.0820176363976
2016-03-27 00:00:00,661.2201987418032
2016-03-28 01:00:00,659.8760101089651
2016-03-29 01:00:00,658.5893281775672
2016-03-30 01:00:00,657.3062543771086
2016-03-31 01:00:00,656.0268468303
2016-04-01 01:00:00,654.751163201311
2016-04-03 01:00:00,652.211197393785
2016-04-04 01:00:00,650.9470302597936
2016-04-05 01:00:00,649.6868172632539
2016-04-06 01:00:00,648.4306157939361
2016-04-07 01:00:00,647.1784817701146
2016-04-08 01:00:00,645.9304679585618
2016-04-10 01:00:00,643.4469848474969
2016-04-11 01:00:00,642.2115895197262
2016-04-12 01:00:00,640.9804612737385
2016-04-13 01:00:00,639.753618093505
2016-04-14 01:00:00,638.5310717083961
2016-04-15 01:00:00,637.3128286238336
2016-04-17 01:00:00,634.8892573672185
2016-04-18 01:00:00,633.6839230253652
2016-04-19 01:00:00,632.4828804725537
2016-04-20 01:00:00,631.2861196300107
2016-04-21 01:00:00,630.0936280766123
2016-04-22 01:00:00,628.9053912648108
2016-04-24 01:00:00,629.2969676300387
2016-04-25 01:00:00,630.4741937822556
2016-04-26 01:00:00,631.6557234597715
2016-04-27 01:00:00,632.8415682302959
2016-04-28 01:00:00,634.0317374242795
2016-04-29 01:00:00,635.2262379740569
2016-05-01 01:00:00,637.6282474207584
2016-05-02 01:00:00,638.835755620245
2016-05-03 01:00:00,640.0475927468317
2016-05-04 01:00:00,641.2637481360882
2016-05-05 01:00:00,642.4842059567175
2016-05-06 01:00:00,643.7089449885575
2016-05-08 01:00:00,646.1711572766029
2016-05-09 01:00:00,647.4085666673475
2016-05-10 01:00:00,648.650132229735
2016-05-11 01:00:00,649.895818718863
2016-05-12 01:00:00,651.1455911984679
2016-05-13 01:00:00,652.3994153100205
2016-05-15 01:00:00,654.919083647877
2016-05-16 01:00:00,656.1848613468323
2016-05-17 01:00:00,657.4545573236344
2016-05-18 01:00:00,658.7281385990992
2016-05-19 01:00:00,660.0055722327766
2016-05-20 01:00:00,661.2868253478113
2016-05-22 01:00:00,663.8606590101248
2016-05-23 01:00:00,665.1531742965535
2016-05-24 01:00:00,666.4493784298626
2016-05-25 01:00:00,667.7492386624292
2016-05-26 01:00:00,669.0527218773243
2016-05-27 01:00:00,670.3597943064891
2016-05-29 01:00:00,672.9845662687399
2016-05-30 01:00:00,674.3021913754933
2016-05-31 01:00:00,675.6232556495182
2016-06-01 01:00:00,676.9477148784965
2016-06-02 01:00:00,678.2755207883397
2016-06-03 01:00:00,679.6066205570119
2016-06-05 01:00:00,679.6167533199192
2016-06-06 01:00:00,678.3513290327618
2016-06-07 01:00:00,677.0892398850085
2016-06-08 01:00:00,675.8305147991398
2016-06-09 01:00:00,674.5751785060947
2016-06-10 01:00:00,673.32325172053
2016-06-12 01:00:00,670.8296926320035
2016-06-13 01:00:00,669.5880866791882
2016-06-14 01:00:00,668.3499439565284
2016-06-15 01:00:00,667.1152730759759
2016-06-16 01:00:00,665.8840812928336
2016-06-17 01:00:00,664.6563746255614
2016-06-19 01:00:00,662.2114350903488
2016-06-20 01:00:00,660.9942090301729
2016-06-21 01:00:00,659.7804821194034
2016-06-22 01:00:00,658.570256442981
2016-06-23 01:00:00,657.3635342456128
2016-06-24 01:00:00,656.1603184163275
2016-06-26 01:00:00,653.7644236227387
2016-06-27 01:00:00,652.5717580131763
2016-06-28 01:00:00,651.3826262280373
2016-06-29 01:00:00,650.19704090089
2016-06-30 01:00:00,649.0150172488751
2016-07-01 01:00:00,647.836572841785
2016-07-03 01:00:00,645.4905002619447
2016-07-04 01:00:00,644.3229126762435
2016-07-05 01:00:00,643.1589832988848
2016-07-06 01:00:00,641.9987289076579
2016-07-07 01:00:00,640.8421634273179
2016-07-08 01:00:00,639.6892976727954
2016-07-10 01:00:00,637.3946937186987
2016-07-11 01:00:00,636.2529632089183
2016-07-12 01:00:00,635.1149484673214
2016-07-13 01:00:00,633.9806484267042
2016-07-14 01:00:00,632.8500603355683
2016-07-15 01:00:00,631.723179965958
2016-07-17 01:00:00,629.4805182378158
2016-07-18 01:00:00,628.3647212128425
2016-07-19 01:00:00,627.2526006781951
2016-07-20 01:00:00,626.1441455985366
2016-07-21 01:00:00,625.0393441113144
2016-07-22 01:00:00,623.9381839761046
2016-07-24 01:00:00,621.7467401825666
2016-07-25 01:00:00,620.6564350376684
2016-07-26 01:00:00,619.5697291374448
2016-07-27 01:00:00,618.4866157241337
2016-07-28 01:00:00,617.407089843033
2016-07-29 01:00:00,616.3311481816577
2016-07-31 01:00:00,614.1900104140936
2016-08-01 01:00:00,613.1248123087566
2016-08-02 01:00:00,612.0631932012845
2016-08-03 01:00:00,611.0051508634906
2016-08-04 01:00:00,609.9506815391303
2016-08-05 01:00:00,608.899779575306
2016-08-07 01:00:00,606.8086446897692
2016-08-08 01:00:00,605.7683900914847
2016-08-09 01:00:00,604.7316597594064
2016-08-10 01:00:00,603.6984383363231
2016-08-11 01:00:00,602.6687089260242
2016-08-12 01:00:00,601.6424531794833
2016-08-14 01:00:00,599.6002821004157
2016-08-15 01:00:00,598.5843227359401
2016-08-16 01:00:00,597.5717488084383
2016-08-17 01:00:00,596.5625342155402
2016-08-18 01:00:00,595.5566512120411
2016-08-19 01:00:00,594.5540705991368
2016-08-21 01:00:00,592.5586947806969
2016-08-22 01:00:00,591.565837802576
2016-08-23 01:00:00,590.5761607765137
2016-08-24 01:00:00,589.5896342367469
2016-08-25 01:00:00,588.6062298194515
2016-08-26 01:00:00,587.6259202703782
2016-08-28 01:00:00,585.8937097751257
2016-08-29 01:00:00,586.9593351111525
2016-08-30 01:00:00,588.0265078127607
2016-08-31 01:00:00,589.095225467988
2016-09-01 01:00:00,590.1654833051962
2016-09-02 01:00:00,591.2372745759949
2016-09-04 01:00:00,593.3854229423381
2016-09-05 01:00:00,594.4617601453824
2016-09-06 01:00:00,595.539591565746
2016-09-07 01:00:00,596.6189057449529
2016-09-08 01:00:00,597.6996908734598
2016-09-09 01:00:00,598.7819348643474
2016-09-11 01:00:00,600.9507502449759
2016-09-12 01:00:00,602.0372971270139
2016-09-13 01:00:00,603.1252544661675
2016-09-14 01:00:00,604.2146117278827
2016-09-15 01:00:00,605.3053601128094
2016-09-16 01:00:00,606.3974932295522
2016-09-18 01:00:00,608.5859027815644
2016-09-19 01:00:00,607.8880981025565
2016-09-20 01:00:00,606.4741353525344
2016-09-21 01:00:00,605.0612413492534
2016-09-22 01:00:00,603.6494284314706
2016-09-23 01:00:00,602.2387125545448
2016-09-25 01:00:00,599.4206555075527
2016-09-26 01:00:00,598.0133655061978
2016-09-27 01:00:00,596.6072740861657
2016-09-28 01:00:00,595.2024142966086
2016-09-29 01:00:00,593.7988213098156
2016-09-30 01:00:00,592.3965319568781
2016-10-02 01:00:00,589.596017179278
2016-10-03 01:00:00,588.1978699295478
2016-10-04 01:00:00,586.8011819979464
2016-10-05 01:00:00,585.4059927517116
2016-10-06 01:00:00,584.0123413046825
2016-10-07 01:00:00,582.6202664092399
2016-10-09 01:00:00,579.840998853857
2016-10-10 01:00:00,578.4538808179109
2016-10-11 01:00:00,577.0684880237017
2016-10-12 01:00:00,575.6848545712988
2016-10-13 01:00:00,574.3030121782982
2016-10-14 01:00:00,572.9229893687705
2016-10-16 01:00:00,570.1684969026692
2016-10-17 01:00:00,568.7940644939919
2016-10-18 01:00:00,567.4215278892933
2016-10-19 01:00:00,566.0509008722462
2016-10-20 01:00:00,564.682198675419
2016-10-21 01:00:00,563.3154395904189
2016-10-23 01:00:00,560.5878441723962
2016-10-24 01:00:00,559.2270650297468
2016-10-25 01:00:00,557.8683427842425
2016-10-26 01:00:00,556.5117149478026
2016-10-27 01:00:00,555.1572218197224
2016-10-28 01:00:00,553.8049061375517
2016-10-30 01:00:00,551.1324946429825
2016-10-31 00:00:00,551.956250251724
2016-11-01 00:00:00,552.815420872296
2016-11-02 00:00:00,553.6743172295864
2016-11-03 00:00:00,554.532974310644
2016-11-04 00:00:00,555.3914253158644
2016-11-06 00:00:00,557.1078329834219
2016-11-07 00:00:00,557.9658471293415
2016-11-08 00:00:00,558.8237702276597
2016-11-09 00:00:00,559.6816268467581
2016-11-10 00:00:00,560.5394403692172
2016-11-11 00:00:00,561.397233656345
2016-11-13 00:00:00,563.1128547327487
2016-11-14 00:00:00,563.9707359190899
2016-11-15 00:00:00,564.8287059356034
2016-11-16 00:00:00,565.686801304193
2016-11-17 00:00:00,566.545061954052
2016-11-18 00:00:00,567.4035296911113
2016-11-20 00:00:00,569.1212526237784
2016-11-21 00:00:00,569.9805862454722
2016-11-22 00:00:00,570.8402821510442
2016-11-23 00:00:00,571.7003718711526
2016-11-24 00:00:00,572.5608835599137
2016-11-25 00:00:00,573.4218420101263
2016-11-27 00:00:00,575.1451814550546
2016-11-28 00:00:00,576.0075948869453
2016-11-29 00:00:00,576.8705196760598
2016-11-30 00:00:00,577.7339626778187
2016-12-01 00:00:00,578.5979267073301
2016-12-02 00:00:00,579.4624104075456
2016-12-04 00:00:00,581.192910052045
2016-12-05 00:00:00,582.0589018518764
2016-12-06 00:00:00,582.925365094047
2016-12-07 00:00:00,583.7922772262682
2016-12-08 00:00:00,584.6596119548519
2016-12-09 00:00:00,585.5273398718426
2016-12-11 00:00:00,587.2638487666695
2016-12-12 00:00:00,588.1325669019617
2016-12-13 00:00:00,589.0015562492779
2016-12-14 00:00:00,589.8707935943471
2016-12-15 00:00:00,590.7402603868966
2016-12-16 00:00:00,591.60994169525
2016-12-18 00:00:00,593.3498936701126
2016-12-19 00:00:00,594.2201330797807
2016-12-20 00:00:00,595.0905207880871
2016-12-21 00:00:00,595.961029734537
2016-12-22 00:00:00,596.8316269506197
2016-12-23 00:00:00,597.7022733604123
2016-12-26 00:00:00,600.3140226843902
2016-12-27 00:00:00,601.1223688496609
2016-12-28 00:00:00,601.7563503046094
2016-12-29 00:00:00,602.3965132054547
2016-12-30 00:00:00,603.042833279651
2017-01-02 00:00:00,605.0183135133948
2017-01-03 00:00:00,605.6887751220197
2017-01-04 00:00:00,606.3650855259207
2017-01-05 00:00:00,607.0471443637078
2017-01-06 00:00:00,607.7348393388502
2017-01-08 00:00:00,609.1266376792164
2017-01-09 00:00:00,609.8304722384
2017-01-10 00:00:00,610.5394108798341
2017-01-11 00:00:00,611.253313079741
2017-01-12 00:00:00,611.9720401256536
2017-01-13 00:00:00,612.6954554700104
2017-01-15 00:00:00,614.155804951293
2017-01-16 00:00:00,614.8924560923327
2017-01-17 00:00:00,615.6332219483274
2017-01-18 00:00:00,616.3779347068967
2017-01-19 00:00:00,617.1264111392813
2017-01-20 00:00:00,617.8784510342896
2017-01-22 00:00:00,619.3923290327095
2017-01-23 00:00:00,620.1536725773926
2017-01-24 00:00:00,620.9175883191681
2017-01-25 00:00:00,621.6837751894008
2017-01-26 00:00:00,622.4519076004851
2017-01-27 00:00:00,623.221633283501
2017-01-29 00:00:00,624.7643082245766
2017-01-30 00:00:00,625.5363994980113
2017-01-31 00:00:00,626.3083650463034
2017-02-01 00:00:00,627.0796905192169
2017-02-02 00:00:00,627.8498274912613
2017-02-03 00:00:00,628.6181947891287
2017-02-05 00:00:00,630.1471443387425
2017-02-06 00:00:00,630.9064207118915
2017-02-07 00:00:00,631.6613214116163
2017-02-08 00:00:00,632.4111384324932
2017-02-09 00:00:00,633.155145920912
2017-02-10 00:00:00,633.8926008949848
2017-02-12 00:00:00,635.3447889270174
2017-02-13 00:00:00,636.0579352072265
2017-02-14 00:00:00,636.7613480875775
2017-02-15 00:00:00,637.4541632990567
2017-02-16 00:00:00,638.1354830089288
2017-02-17 00:00:00,638.804374579996
2017-02-19 00:00:00,640.1009689711201
2017-02-20 00:00:00,640.7266358820887
2017-02-21 00:00:00,641.3358061874444
2017-02-22 00:00:00,641.9273874032092
2017-02-23 00:00:00,642.5002604262527
2017-02-24 00:00:00,643.0532834619461
2017-02-26 00:00:00,644.0951185557366
2017-02-27 00:00:00,644.5815678721717
2017-02-28 00:00:00,645.0434565918106
2017-03-01 00:00:00,645.4796101888448
2017-03-02 00:00:00,645.8888824618068
2017-03-03 00:00:00,646.267656695991
2017-03-05 00:00:00,646.4421950135167
2017-03-06 00:00:00,646.4746056551329
2017-03-07 00:00:00,646.4696946559261
2017-03-08 00:00:00,646.4271182170748
2017-03-09 00:00:00,646.3467383604957
2017-03-10 00:00:00,646.2286478067335
2017-03-12 00:00:00,645.8809951676424
2017-03-13 00:00:00,645.6529672731687
2017-03-14 00:00:00,645.3903291164822
2017-03-15 00:00:00,645.094617541155
2017-03-16 00:00:00,644.767692898338
2017-03-17 00:00:00,644.4117406189342
2017-03-19 00:00:00,643.6230897368355
2017-03-20 00:00:00,643.1963183705187
2017-03-21 00:00:00,642.7523309543747
2017-03-22 00:00:00,642.2947399974421
2017-03-23 00:00:00,641.827352101964
2017-03-24 00:00:00,641.3541208139984
2017-03-26 00:00:00,640.4063604616035
2017-03-27 01:00:00,639.9209343388375
2017-03-28 01:00:00,639.465470289432
2017-03-29 01:00:00,639.0244161880755
2017-03-30 01:00:00,638.6014917216336
2017-03-31 01:00:00,638.2002225919749
2017-04-02 01:00:00,637.4756150759102
2017-04-03 01:00:00,637.1581192041396
2017-04-04 01:00:00,636.8739241904748
2017-04-05 01:00:00,636.6252294539738
2017-04-06 01:00:00,636.4139254299264
2017-04-07 01:00:00,636.2415909552997
2017-04-09 01:00:00,636.0186121677527
2017-04-10 01:00:00,635.9696214982392
2017-04-11 01:00:00,635.9629373078183
2017-04-12 01:00:00,635.9987216959069
2017-04-13 01:00:00,636.0769076536835
2017-04-16 01:00:00,636.5622549338902
2017-04-17 01:00:00,636.8056076023308
2017-04-18 01:00:00,637.0884011852701
2017-04-19 01:00:00,637.4096739201009
2017-04-20 01:00:00,637.7683861424587
2017-04-21 01:00:00,638.1634359388339
2017-04-23 01:00:00,639.057910708484
2017-04-24 01:00:00,639.5549380316788
2017-04-25 01:00:00,640.0835302674219
2017-04-26 01:00:00,640.6424608871356
2017-04-27 01:00:00,641.2305135853878
2017-04-28 01:00:00,641.846494156949
2017-04-30 01:00:00,643.157631016537
2017-05-01 01:00:00,643.8505854876626
2017-05-02 01:00:00,644.567067543194
2017-05-03 01:00:00,645.3060812262192
2017-05-04 01:00:00,646.0666681861696
2017-05-05 01:00:00,646.8479046805803
2017-05-07 01:00:00,648.4687898224834
2017-05-08 01:00:00,649.3067440257473
2017-05-09 01:00:00,650.1619560621001
2017-05-10 01:00:00,651.0336465218459
2017-05-11 01:00:00,651.9210611871995
2017-05-12 01:00:00,652.8234701029753
2017-05-14 01:00:00,654.670467178836
2017-05-15 01:00:00,655.6137094847741
2017-05-16 01:00:00,656.5692528930847
2017-05-17 01:00:00,657.536477075913
2017-05-18 01:00:00,658.5147812289852
2017-05-19 01:00:00,659.5035830146547
2017-05-21 01:00:00,658.9046983221684
2017-05-22 01:00:00,658.1119510430192
2017-05-23 01:00:00,657.3118124668299
2017-05-24 01:00:00,656.5047002362737
2017-05-25 01:00:00,655.6910119196333
2017-05-26 01:00:00,654.8711220656844
2017-05-28 01:00:00,653.2141033003027
2017-05-29 01:00:00,652.3775863378862
2017-05-30 01:00:00,651.536093199554
2017-05-31 01:00:00,650.6898652263028
2017-06-01 01:00:00,649.8391237547861
2017-06-02 01:00:00,648.9840734646901
2017-06-04 01:00:00,648.5955423538117
2017-06-05 01:00:00,649.5754272668864
2017-06-06 01:00:00,650.5656936984404
2017-06-07 01:00:00,651.5661171070363
2017-06-08 01:00:00,652.5764792218237
2017-06-09 01:00:00,653.5965675456266
2017-06-11 01:00:00,655.6650988174723
2017-06-12 01:00:00,656.7131413654499
2017-06-13 01:00:00,657.7701084281974
2017-06-14 01:00:00,658.8358094222966
2017-06-15 01:00:00,659.9100568394031
2017-06-16 01:00:00,660.9926657887765
2017-06-18 01:00:00,663.1822387114181
2017-06-19 01:00:00,664.2888412049477
2017-06-20 01:00:00,665.403081241293
2017-06-21 01:00:00,666.5247794495408
2017-06-22 01:00:00,667.6537572126623
2017-06-23 01:00:00,668.7898378077667
2017-06-25 01:00:00,671.0826216100646
2017-06-26 01:00:00,672.2389988098696
2017-06-27 01:00:00,673.4018299612658
2017-06-28 01:00:00,674.5709743809084
2017-06-29 01:00:00,675.7462998294543
2017-06-30 01:00:00,676.9276812708192
2017-07-02 01:00:00,679.3081403698723
2017-07-03 01:00:00,680.5069932797187
2017-07-04 01:00:00,681.7114512949356
2017-07-05 01:00:00,682.921410441204
2017-07-06 01:00:00,684.1367695178262
2017-07-07 01:00:00,685.3574298959844
2017-07-09 01:00:00,687.8142715456962
2017-07-10 01:00:00,689.0502662334964
2017-07-11 01:00:00,690.2911883574816
2017-07-12 01:00:00,691.5369478928216
2017-07-13 01:00:00,692.7874553396807
2017-07-14 01:00:00,694.042621249896
2017-07-16 01:00:00,696.5665680192496
2017-07-17 01:00:00,697.8351658384241
2017-07-18 01:00:00,699.1080550891022
2017-07-19 01:00:00,700.3851394556613
2017-07-20 01:00:00,701.6663203994194
2017-07-21 01:00:00,702.9514976106569
2017-07-23 01:00:00,705.53343768355
2017-07-24 01:00:00,706.8300031722836
2017-07-25 01:00:00,707.1104798800687
2017-07-26 01:00:00,706.0361936781455
2017-07-27 01:00:00,704.9643637615461
2017-07-28 01:00:00,703.8950071188185
2017-07-30 01:00:00,701.7637546367446
2017-07-31 01:00:00,700.701869645809
2017-08-01 01:00:00,699.6424814718968
2017-08-02 01:00:00,698.5855895301254
2017-08-03 01:00:00,697.531191577556
2017-08-04 01:00:00,696.4792839255535
2017-08-06 01:00:00,694.3829188640326
2017-08-07 01:00:00,693.3384490667709
2017-08-08 01:00:00,692.2964456371119
2017-08-09 01:00:00,691.2569023943335
2017-08-10 01:00:00,690.2198142157227
2017-08-11 01:00:00,689.1851776415883
2017-08-13 01:00:00,687.1232567325168
2017-08-14 01:00:00,686.0959776924838
2017-08-15 01:00:00,685.0711610204278
2017-08-16 01:00:00,684.048815929262
2017-08-17 01:00:00,683.0289535436426
2017-08-18 01:00:00,682.01158601254
2017-08-20 01:00:00,679.984381667473
2017-08-21 01:00:00,678.9745622329315
2017-08-22 01:00:00,677.967269577218
2017-08-23 01:00:00,676.9625009722159
2017-08-24 01:00:00,675.9602481759655
2017-08-25 01:00:00,674.9604977983367
2017-08-27 01:00:00,672.9684295890622
2017-08-28 01:00:00,671.976066404012
2017-08-29 01:00:00,670.98611641103
2017-08-30 01:00:00,669.9985519506429
2017-08-31 01:00:00,669.0133440720228
2017-09-01 01:00:00,668.0304627074923
2017-09-03 01:00:00,666.0715543572592
2017-09-04 01:00:00,665.095462775445
2017-09-05 01:00:00,664.1215690105678
2017-09-06 01:00:00,663.1498401015318
2017-09-07 01:00:00,662.1802437455698
2017-09-08 01:00:00,661.2127489722782
2017-09-10 01:00:00,659.2839507863239
2017-09-11 01:00:00,658.3225972900208
2017-09-12 01:00:00,657.3632455290038
2017-09-13 01:00:00,656.4058772924902
2017-09-14 01:00:00,655.4504764349704
2017-09-15 01:00:00,654.4970281775614
2017-09-17 01:00:00,652.5959321693924
2017-09-18 01:00:00,651.6482539876425
2017-09-19 01:00:00,650.7024658344629
2017-09-20 01:00:00,649.7585471068559
2017-09-21 01:00:00,648.8164741382097
2017-09-22 01:00:00,647.8762201159437
2017-09-24 01:00:00,646.0010472022115
2017-09-25 01:00:00,645.0660613744666
2017-09-26 01:00:00,644.1327614795788
2017-09-27 01:00:00,643.2011098195676
2017-09-28 01:00:00,642.271067555698
2017-09-29 01:00:00,640.897390796472
2017-10-01 01:00:00,638.0545934781144
2017-10-02 01:00:00,636.6327552339728
2017-10-03 01:00:00,635.210662472414
2017-10-04 01:00:00,633.788341514728
2017-10-05 01:00:00,632.3658169142947
2017-10-06 01:00:00,630.9431118686362
2017-10-08 01:00:00,628.0972525193786
2017-10-09 01:00:00,626.6741475721635
2017-10-10 01:00:00,625.2509633162057
2017-10-11 01:00:00,623.8277326984779
2017-10-12 01:00:00,622.4044929189356
2017-10-13 01:00:00,620.9812852522689
2017-10-15 01:00:00,618.135148481288
2017-10-16 01:00:00,616.7123168406561
2017-10-17 01:00:00,615.2897106172454
2017-10-18 01:00:00,613.8673812387549
2017-10-19 01:00:00,612.4453798153655
2017-10-20 01:00:00,611.0237564871305
2017-10-22 01:00:00,608.1818369313819
2017-10-23 01:00:00,606.7616323653722
2017-10-24 01:00:00,605.3419889951256
2017-10-25 01:00:00,603.922947598224
2017-10-26 01:00:00,602.5045470319293
2017-10-27 01:00:00,601.0868243026333
2017-10-29 01:00:00,598.253551035268
2017-10-30 00:00:00,596.897126435299
2017-10-31 00:00:00,595.4824117137849
2017-11-01 00:00:00,594.0685280918129
2017-11-02 00:00:00,592.6554989709837
2017-11-03 00:00:00,591.2433450475087
2017-11-05 00:00:00,586.3544678239158
2017-11-06 00:00:00,582.3658543831634
2017-11-07 00:00:00,578.3780037714838
2017-11-08 00:00:00,574.3909761931614
2017-11-09 00:00:00,570.4048421760131
2017-11-10 00:00:00,566.4196830781987
2017-11-12 00:00:00,558.4526626448283
2017-11-13 00:00:00,554.4710058179733
2017-11-14 00:00:00,551.8600140234555
2017-11-15 00:00:00,549.9600634799206
2017-11-16 00:00:00,548.0630548481922
2017-11-17 00:00:00,546.1691139369088
2017-11-19 00:00:00,542.3909327207548
2017-11-20 00:00:00,540.5069364451736
2017-11-21 00:00:00,538.6264950326629
2017-11-22 00:00:00,536.7497239623029
2017-11-23 00:00:00,534.8767356882068
2017-11-24 00:00:00,533.0076395310165
2017-11-26 00:00:00,529.2815445159322
2017-11-27 00:00:00,527.4247473982526
2017-11-28 00:00:00,525.572245233121
2017-11-29 00:00:00,523.7241284993593
2017-11-30 00:00:00,521.8804826288908
2017-12-01 00:00:00,520.0413876862808
2017-12-03 00:00:00,516.3771457819302
2017-12-04 00:00:00,514.5521378021897
2017-12-05 00:00:00,512.7319634230666
2017-12-06 00:00:00,510.9166948710298
2017-12-07 00:00:00,509.1064100446047
2017-12-08 00:00:00,507.3011936013477
2017-12-10 00:00:00,503.7063362700643
2017-12-11 00:00:00,501.9168928669702
2017-12-12 00:00:00,500.1329099289169
2017-12-13 00:00:00,498.35449223463377
2017-12-14 00:00:00,496.58174506094974
2017-12-15 00:00:00,494.8147734893385
2017-12-17 00:00:00,491.2985734272078
2017-12-18 00:00:00,489.5495497601843
2017-12-19 00:00:00,487.80671059040606
2017-12-20 00:00:00,486.07015337436894
2017-12-21 00:00:00,484.33997303023534
2017-12-22 00:00:00,482.6162616931622
2017-12-25 00:00:00,477.48481701474725
2017-12-26 00:00:00,476.3745793903494
2017-12-27 00:00:00,476.9658907431167
2017-12-28 00:00:00,477.5642430922903
2017-12-29 00:00:00,478.16973366150324
2018-01-01 00:00:00,480.0299984709335
2018-01-02 00:00:00,480.6650109921459
2018-01-03 00:00:00,481.3076559226479
2018-01-04 00:00:00,481.95804111025996
2018-01-05 00:00:00,482.61627830875113
2018-01-07 00:00:00,483.95676493294224
2018-01-08 00:00:00,484.639244513548
2018-01-09 00:00:00,485.33003395451163
2018-01-10 00:00:00,486.02924569135354
2018-01-11 00:00:00,486.73699027421566
2018-01-12 00:00:00,487.45337619810545
2018-01-14 00:00:00,488.9124950739926
2018-01-15 00:00:00,489.6554336531095
2018-01-16 00:00:00,490.4074244991656
2018-01-17 00:00:00,491.16856376875467
2018-01-18 00:00:00,491.9389446101599
2018-01-19 00:00:00,492.7186570016401
2018-01-21 00:00:00,494.3064198776357
2018-01-22 00:00:00,495.11463374756005
2018-01-23 00:00:00,495.9325060209969
2018-01-24 00:00:00,496.7601103825235
2018-01-25 00:00:00,497.5975177236611
2018-01-26 00:00:00,498.44479665191875
2018-01-28 00:00:00,500.16923755068217
2018-01-29 00:00:00,501.0465345396301
2018-01-30 00:00:00,501.93397644723825
2018-01-31 00:00:00,502.83163897687314
2018-02-01 00:00:00,503.7396031456551
2018-02-02 00:00:00,504.6579550169953
2018-02-04 00:00:00,506.52618293630303
2018-02-05 00:00:00,507.4762421221653
2018-02-06 00:00:00,508.43705169250546
2018-02-07 00:00:00,509.408698534981
2018-02-08 00:00:00,510.3912660816084
2018-02-09 00:00:00,511.38483403003244
2018-02-11 00:00:00,513.4052705437944
2018-02-12 00:00:00,514.4322788012885
2018-02-13 00:00:00,515.4705664733689
2018-02-14 00:00:00,516.520192399098
2018-02-15 00:00:00,517.581210394997
2018-02-16 00:00:00,518.6536688612011
2018-02-18 00:00:00,520.8330718333527
2018-02-19 00:00:00,521.9400836873261
2018-02-20 00:00:00,523.0586708277142
2018-02-21 00:00:00,524.1888526063831
2018-02-22 00:00:00,525.3306435166637
2018-02-23 00:00:00,526.4840540387547
2018-02-25 00:00:00,528.8257626873826
2018-02-26 00:00:00,530.0140730228279
2018-02-27 00:00:00,531.2140307555635
2018-02-28 00:00:00,532.425647283503
2018-03-01 00:00:00,533.64893836326
2018-03-02 00:00:00,534.8839241160103
2018-03-04 00:00:00,537.3890746406223
2018-03-05 00:00:00,538.6592879445325
2018-03-06 00:00:00,539.9412884469365
2018-03-07 00:00:00,541.2350918090567
2018-03-08 00:00:00,542.5407076402989
2018-03-09 00:00:00,543.8581388663094
2018-03-11 00:00:00,546.5284241410343
2018-03-12 00:00:00,547.8812485192338
2018-03-13 00:00:00,549.2458285629511
2018-03-14 00:00:00,550.6221303526111
2018-03-15 00:00:00,552.0101115229105
2018-03-16 00:00:00,553.4097206225256
2018-03-18 00:00:00,556.2435676685569
2018-03-19 00:00:00,557.677652309516
2018-03-20 00:00:00,559.1230582183189
2018-03-21 00:00:00,560.5796835958794
2018-03-22 00:00:00,562.0474181650413
2018-03-23 00:00:00,563.5261447013809
2018-03-25 00:00:00,566.5160807267791
2018-03-26 01:00:00,568.0900892788299
2018-03-27 01:00:00,569.6119712460379
2018-03-28 01:00:00,571.1442118462819
2018-03-29 01:00:00,572.7169584686648
2018-04-01 01:00:00,584.4690762692825
2018-04-02 01:00:00,588.4029019254984
2018-04-03 01:00:00,592.3447955091056
2018-04-04 01:00:00,596.2946519738913
2018-04-05 01:00:00,600.252356478226
2018-04-06 01:00:00,604.2177832331694
2018-04-08 01:00:00,612.1712432318332
2018-04-09 01:00:00,616.1589677306791
2018-04-10 01:00:00,620.1537970149227
2018-04-11 01:00:00,624.155547812979
2018-04-12 01:00:00,628.1640244507196
2018-04-13 01:00:00,632.1790178507807
2018-04-15 01:00:00,640.2276443398606
2018-04-16 01:00:00,644.2607818605401
2018-04-17 01:00:00,648.29944443429
2018-04-18 01:00:00,650.3223228896412
2018-04-19 01:00:00,651.710765614023
2018-04-20 01:00:00,653.1018413856801
2018-04-22 01:00:00,655.8914297004097
2018-04-23 01:00:00,657.2897122948988
2018-04-24 01:00:00,658.6901704385539
2018-04-25 01:00:00,660.092695105182
2018-04-26 01:00:00,661.4971804433969
2018-04-27 01:00:00,662.9035236460822
2018-04-29 01:00:00,665.7213847617809
2018-04-30 01:00:00,667.1327071250981
2018-05-01 01:00:00,668.5454944129681
2018-05-02 01:00:00,669.9596485838065
2018-05-03 01:00:00,671.3750699816724
2018-05-04 01:00:00,672.7916567691448
2018-05-06 01:00:00,675.6279063938424
2018-05-07 01:00:00,677.0473524122737
2018-05-08 01:00:00,678.4675301359197
2018-05-09 01:00:00,679.8883242781174
2018-05-10 01:00:00,681.3096166291571
2018-05-11 01:00:00,682.7312857514897
2018-05-13 01:00:00,685.5752494530884
2018-05-14 01:00:00,686.9972802548455
2018-05-15 01:00:00,688.419159283184
2018-05-16 01:00:00,689.8407417204907
2018-05-17 01:00:00,691.2618784869525
2018-05-18 01:00:00,692.682417614415
2018-05-20 01:00:00,695.5210941469923
2018-05-21 01:00:00,696.9389329170726
2018-05-22 01:00:00,698.3555799436823
2018-05-23 01:00:00,699.770897669993
2018-05-24 01:00:00,701.1847539214191
2018-05-25 01:00:00,702.5970215964527
2018-05-27 01:00:00,703.4925409454949
2018-05-28 01:00:00,702.4098153078796
2018-05-29 01:00:00,701.3251831230218
2018-05-30 01:00:00,700.238602484934
2018-05-31 01:00:00,699.150032408124
2018-06-01 01:00:00,698.059433177591
2018-06-03 01:00:00,695.8719967152356
2018-06-04 01:00:00,694.7750891953633
2018-06-05 01:00:00,693.6760123663055
2018-06-06 01:00:00,692.5747369382028
2018-06-07 01:00:00,691.471236249814
2018-06-08 01:00:00,690.3654864975589
2018-06-10 01:00:00,688.1471614046759
2018-06-11 01:00:00,687.034557397043
2018-06-12 01:00:00,685.9196490706
2018-06-13 01:00:00,684.8024376263105
2018-06-14 01:00:00,683.6829325968122
2018-06-15 01:00:00,682.5611523628377
2018-06-17 01:00:00,680.3108807490534
2018-06-18 01:00:00,679.1824625372573
2018-06-19 01:00:00,678.0519115526082
2018-06-20 01:00:00,676.9192718133793
2018-06-21 01:00:00,675.7845878327033
2018-06-22 01:00:00,674.6479040395993
2018-06-24 01:00:00,672.3687133343741
2018-06-25 01:00:00,671.2262940265865
2018-06-26 01:00:00,670.08205037708
2018-06-27 01:00:00,668.9360262680086
2018-06-28 01:00:00,667.7882659198011
2018-06-29 01:00:00,666.6388140933904
2018-07-01 01:00:00,664.3350190805418
2018-07-02 01:00:00,663.1807701349445
2018-07-03 01:00:00,662.0250186244492
2018-07-04 01:00:00,660.8678153102214
2018-07-05 01:00:00,659.709212744897
2018-07-06 01:00:00,658.5492654971132
2018-07-08 01:00:00,656.2255676079278
2018-07-09 01:00:00,655.0619405534214
2018-07-10 01:00:00,653.8972182619427
2018-07-11 01:00:00,652.7314766135298
2018-07-12 01:00:00,651.5648003202324
2018-07-13 01:00:00,650.3972844491731
2018-07-15 01:00:00,648.0601680131491
2018-07-16 01:00:00,646.8908076984147
2018-07-17 01:00:00,645.7210835244947
2018-07-18 01:00:00,644.551127707743
2018-07-19 01:00:00,643.3810732557037
2018-07-20 01:00:00,642.2110528674309
2018-07-22 01:00:00,639.871641578674
2018-07-23 01:00:00,638.7025129214701
2018-07-24 01:00:00,637.533943360804
2018-07-25 01:00:00,636.3660638435156
2018-07-26 01:00:00,635.199005679337
2018-07-27 01:00:00,634.0329007170553
2018-07-29 01:00:00,631.7040815489594
2018-07-30 01:00:00,630.5416354414556
2018-07-31 01:00:00,629.3806792671337
2018-08-01 01:00:00,628.2213508952159
2018-08-02 01:00:00,627.063790382118
2018-08-03 01:00:00,625.9081404399287
2018-08-05 01:00:00,623.603160076723
2018-08-06 01:00:00,622.4541347530269
2018-08-07 01:00:00,621.3076329287235
2018-08-08 01:00:00,620.1638254075698
2018-08-09 01:00:00,619.0228945290096
2018-08-10 01:00:00,617.885036856504
2018-08-12 01:00:00,615.6194096701787
2018-08-13 01:00:00,614.4921161145329
2018-08-14 01:00:00,613.368844295379
2018-08-15 01:00:00,612.2498645420585
2018-08-16 01:00:00,611.1354550628171
2018-08-17 01:00:00,610.025900089808
2018-08-19 01:00:00,607.822516568551
2018-08-20 01:00:00,606.7292829177125
2018-08-21 01:00:00,605.6420947324027
2018-08-22 01:00:00,604.5612656913535
2018-08-23 01:00:00,603.4871171230857
2018-08-24 01:00:00,602.4199784982802
2018-08-26 01:00:00,600.3080920223556
2018-08-27 01:00:00,599.2640472874378
2018-08-28 01:00:00,598.2284196155512
2018-08-29 01:00:00,597.2015854415147
2018-08-30 01:00:00,596.1839324962484
2018-08-31 01:00:00,595.1758608871893
2018-09-02 01:00:00,593.1901322813349
2018-09-03 01:00:00,592.2133509662395
2018-09-04 01:00:00,591.2479068976445
2018-09-05 01:00:00,590.2942895197593
2018-09-06 01:00:00,589.3530150565049
2018-09-07 01:00:00,588.4246306254387
2018-09-09 01:00:00,586.6088972227419
2018-09-10 01:00:00,585.7228261707492
2018-09-11 01:00:00,584.8522009928209
2018-09-12 01:00:00,583.9977526444195
2018-09-13 01:00:00,582.2446042446439
2018-09-14 01:00:00,580.083008191787
2018-09-16 01:00:00,575.9295902194635
2018-09-17 01:00:00,573.9427974125923
2018-09-18 01:00:00,572.0194260270234
2018-09-19 01:00:00,570.1621760322012
2018-09-20 01:00:00,568.373818607615
2018-09-21 01:00:00,566.6571921871029
2018-09-23 01:00:00,563.4507836313297
2018-09-24 01:00:00,561.9669486084373
2018-09-25 01:00:00,560.566715714368
2018-09-26 01:00:00,559.2531249415459
2018-09-27 01:00:00,558.0292165890837
2018-09-28 01:00:00,556.8980151015763
2018-09-30 01:00:00,554.9256487746629
2018-10-01 01:00:00,554.0902963019558
2018-10-02 01:00:00,553.3592354921277
2018-10-03 01:00:00,552.7351335014782
2018-10-04 01:00:00,552.2205179011246
2018-10-05 01:00:00,551.8177466237515
2018-10-07 01:00:00,551.3560962069064
2018-10-08 01:00:00,551.3007161873375
2018-10-09 01:00:00,551.3640558919786
2018-10-10 01:00:00,551.5468878529174
2018-10-11 01:00:00,551.8494472228557
2018-10-12 01:00:00,552.2713436949672
2018-10-14 01:00:00,553.4679563280283
2018-10-15 01:00:00,554.2380372157788
2018-10-16 01:00:00,555.1180592935557
2018-10-17 01:00:00,556.1034045535853
2018-10-18 01:00:00,557.1884667549895
2018-10-19 01:00:00,558.3666375065125
2018-10-21 01:00:00,560.9709070315125
2018-10-22 01:00:00,562.378922109387
2018-10-23 01:00:00,563.8439975995404
2018-10-24 01:00:00,565.3550189286559
2018-10-25 01:00:00,566.9002383226551
2018-10-26 01:00:00,568.4674221980422
2018-10-28 01:00:00,571.6173429503866
2018-10-29 00:00:00,573.1111359613539
2018-10-30 00:00:00,574.6417408607632
2018-10-31 00:00:00,576.1325587924633
2018-11-01 00:00:00,576.9051254831027
2018-11-02 00:00:00,577.2752203297568
2018-11-04 00:00:00,577.9416414756381
2018-11-05 00:00:00,578.2322679079929
2018-11-06 00:00:00,578.4912336185041
2018-11-07 00:00:00,578.7164853234842
2018-11-08 00:00:00,578.9062835276709
2018-11-09 00:00:00,579.0591916742104
2018-11-11 00:00:00,579.2500210559347
2018-11-12 00:00:00,579.2864496892582
2018-11-13 00:00:00,579.2829673636454
2018-11-14 00:00:00,579.2394113382924
2018-11-15 00:00:00,579.1558166629807
2018-11-16 00:00:00,579.0323953502677
2018-11-18 00:00:00,578.6676800125492
2018-11-19 00:00:00,578.4275078324298
2018-11-20 00:00:00,578.1497141641044
2018-11-21 00:00:00,577.835094268738
2018-11-22 00:00:00,577.4845088779548
2018-11-23 00:00:00,577.0988723603208
2018-11-25 00:00:00,576.226318525619
2018-11-26 00:00:00,575.7414250889344
2018-11-27 00:00:00,575.225516697916
2018-11-28 00:00:00,574.679666135355
2018-11-29 00:00:00,574.104957954669
2018-11-30 00:00:00,573.5024802438674
2018-12-02 00:00:00,571.2342264488085
2018-12-03 00:00:00,569.424442343037
2018-12-04 00:00:00,567.5426548488983
2018-12-05 00:00:00,565.5918418235731
2018-12-06 00:00:00,563.5748814858144
2018-12-07 00:00:00,561.4945452039144
2018-12-09 00:00:00,557.1542736325137
2018-12-10 00:00:00,554.8993226050851
2018-12-11 00:00:00,552.5909679227896
2018-12-12 00:00:00,550.2314325096916
2018-12-13 00:00:00,547.8228388480204
2018-12-14 00:00:00,545.367213229133
2018-12-16 00:00:00,540.3225124408118
2018-12-17 00:00:00,537.7370399732905
2018-12-18 00:00:00,535.111745864592
2018-12-19 00:00:00,532.448222082146
2018-12-20 00:00:00,529.7479823855872
2018-12-21 00:00:00,527.0124678213817
2018-12-23 00:00:00,521.4410668185974
2018-12-24 00:00:00,518.6077856937588
2018-12-25 00:00:00,515.7444649769457
2018-12-26 00:00:00,512.8523377777484
2018-12-27 00:00:00,509.9326190274968
2018-12-28 00:00:00,506.9865070769533
2018-12-30 00:00:00,501.0197604739492
2018-12-31 00:00:00,498.0013744513411
2019-01-01 00:00:00,494.9610807379752
2019-01-02 00:00:00,491.8999013705046
2019-01-03 00:00:00,488.81881355137654
2019-01-04 00:00:00,485.71874893469516
2019-01-06 00:00:00,479.46519307093354
2019-01-07 00:00:00,476.3133396362882
2019-01-08 00:00:00,473.14579149280155
2019-01-09 00:00:00,469.9632639143159
2019-01-10 00:00:00,466.76643338641804
2019-01-11 00:00:00,463.55593962144786
2019-01-13 00:00:00,457.09634860283427
2019-01-14 00:00:00,453.84836156284985
2019-01-15 00:00:00,450.5889341155597
2019-01-16 00:00:00,447.3185424399363
2019-01-17 00:00:00,444.0376318239141
2019-01-18 00:00:00,440.7466177572021
2019-01-20 00:00:00,434.1358103660988
2019-01-21 00:00:00,430.81673462187246
2019-01-22 00:00:00,427.48900745325193
2019-01-23 00:00:00,425.0316628066555
2019-01-24 00:00:00,423.52726860295843
2019-01-25 00:00:00,422.02544754887253
2019-01-27 00:00:00,419.03026102318734
2019-01-28 00:00:00,417.53726949713285
2019-01-29 00:00:00,416.0475936820707
2019-01-30 00:00:00,414.5614153920096
2019-01-31 00:00:00,413.0789116186943
2019-02-01 00:00:00,411.600253829005
2019-02-03 00:00:00,408.6551321052885
2019-02-04 00:00:00,407.1889804037006
2019-02-05 00:00:00,405.72729878779677
2019-02-06 00:00:00,404.27022689634776
2019-02-07 00:00:00,402.8178975863792
2019-02-08 00:00:00,401.3704369010552
2019-02-10 00:00:00,398.4905916290522
2019-02-11 00:00:00,397.058425245999
2019-02-12 00:00:00,395.63156384803267
2019-02-13 00:00:00,394.2100994158087
2019-02-14 00:00:00,392.7941168748896
2019-02-15 00:00:00,391.38369409902526
2019-02-17 00:00:00,388.5798070478492
2019-02-18 00:00:00,387.18647043595513
2019-02-19 00:00:00,386.9733246014075
2019-02-20 00:00:00,387.7398663075961
2019-02-21 00:00:00,388.5172865553028
2019-02-22 00:00:00,389.3056253261901
2019-02-24 00:00:00,390.9152188265041
2019-02-25 00:00:00,391.7365518688416
2019-02-26 00:00:00,392.5689594843576
2019-02-27 00:00:00,393.4124780895081
2019-02-28 00:00:00,394.2671431421022
2019-03-01 00:00:00,395.1329892373383
2019-03-03 00:00:00,396.89835871879836
2019-03-04 00:00:00,397.79794688589004
2019-03-05 00:00:00,398.7088454308323
2019-03-06 00:00:00,399.63108390481614
2019-03-07 00:00:00,400.5646905112276
2019-03-08 00:00:00,401.5096920349389
2019-03-10 00:00:00,403.43397986849084
2019-03-11 00:00:00,404.413312830975
2019-03-12 00:00:00,405.4041342899643
2019-03-13 00:00:00,406.40646495740646
2019-03-14 00:00:00,407.4203250515364
2019-03-15 00:00:00,408.4457348164089
2019-03-17 00:00:00,410.5312889097637
2019-03-18 00:00:00,411.5914810484279
2019-03-19 00:00:00,412.66332029394175
2019-03-20 00:00:00,413.74683912211617
2019-03-21 00:00:00,414.8420734895167
2019-03-22 00:00:00,415.94906164377494
2019-03-24 00:00:00,418.1984527262757
2019-03-25 00:00:00,419.34092695849483
2019-03-26 00:00:00,420.4952948008604
2019-03-27 00:00:00,421.66158122499945
2019-03-28 00:00:00,422.8398062415336
2019-03-29 00:00:00,424.0299849648098
2019-03-31 00:00:00,426.44624008466343
2019-04-01 01:00:00,427.72364793052907
2019-04-02 01:00:00,428.96219530062467
2019-04-03 01:00:00,430.2126991408902
2019-04-04 01:00:00,431.475144472272
2019-04-05 01:00:00,432.7495106767065
2019-04-07 01:00:00,435.3338944909407
2019-04-08 01:00:00,436.64384240316997
2019-04-09 01:00:00,437.9655724195536
2019-04-10 01:00:00,439.29903733899596
2019-04-11 01:00:00,440.64418622839764
2019-04-12 01:00:00,442.0009653455547
2019-04-14 01:00:00,444.7491917521193
2019-04-15 01:00:00,446.14052754550767
2019-04-16 01:00:00,447.54327281150495
2019-04-17 01:00:00,448.95737605398494
2019-04-18 01:00:00,450.38278796641157
2019-04-21 01:00:00,454.7263888921213
2019-04-22 01:00:00,456.19653598276705
2019-04-23 01:00:00,457.67772153951705
2019-04-24 01:00:00,459.16987265765886
2019-04-25 01:00:00,460.67290730428977
2019-04-26 01:00:00,462.18673416810486
2019-04-28 01:00:00,465.24635346295776
2019-04-29 01:00:00,466.7919177879032
2019-04-30 01:00:00,468.347818143105
2019-05-01 01:00:00,469.91391774076567
2019-05-02 01:00:00,471.4900702967055
2019-05-03 01:00:00,473.0761197335494
2019-05-05 01:00:00,476.27723488684535
2019-05-06 01:00:00,477.8919387344904
2019-05-07 01:00:00,479.51581682419777
2019-05-08 01:00:00,481.1486667581439
2019-05-09 01:00:00,482.79027997387686
2019-05-10 01:00:00,484.44044351882326
2019-05-12 01:00:00,487.7655585518155
2019-05-13 01:00:00,489.4400776784439
2019-05-14 01:00:00,491.12228483167127
2019-05-15 01:00:00,492.81196761095134
2019-05-16 01:00:00,494.50891545122795
2019-05-17 01:00:00,496.21291873128484
2019-05-19 01:00:00,500.4939844762276
2019-05-20 01:00:00,504.54112153457635
2019-05-21 01:00:00,508.59537167787664
2019-05-22 01:00:00,512.6565359695628
2019-05-23 01:00:00,516.72440295088
2019-05-24 01:00:00,520.7987487353545
2019-05-26 01:00:00,528.9659227686197
2019-05-27 01:00:00,533.0582471340307
2019-05-28 01:00:00,537.1560437064422
2019-05-29 01:00:00,541.2590357935183
2019-05-30 01:00:00,545.3669368963668
2019-05-31 01:00:00,549.4794504196237
2019-06-02 01:00:00,557.7170768051304
2019-06-03 01:00:00,561.8415458550022
2019-06-04 01:00:00,565.9693422204678
2019-06-05 01:00:00,570.1001266673984
2019-06-06 01:00:00,574.2335589611927
2019-06-07 01:00:00,578.3693021799048
2019-06-09 01:00:00,586.6464142431586
2019-06-10 01:00:00,590.7871583650235
2019-06-11 01:00:00,594.9289667040618
2019-06-12 01:00:00,599.0715597507947
2019-06-13 01:00:00,603.2146696024423
2019-06-14 01:00:00,607.3580378936817
2019-06-16 01:00:00,615.6445486212051
2019-06-17 01:00:00,619.7871983526732
2019-06-18 01:00:00,623.929115941447
2019-06-19 01:00:00,628.0700520331434
2019-06-20 01:00:00,632.2097532146466
2019-06-21 01:00:00,636.3479614669385
2019-06-23 01:00:00,644.6188445234064
2019-06-24 01:00:00,647.7996596193989
2019-06-25 01:00:00,649.2469615279781
2019-06-26 01:00:00,650.6932618934975
2019-06-27 01:00:00,652.138438938408
2019-06-28 01:00:00,653.5823693073969
2019-06-30 01:00:00,656.4659875525492
2019-07-01 01:00:00,657.9054192857797
2019-07-02 01:00:00,659.343092358756
2019-07-03 01:00:00,660.7788752390185
2019-07-04 01:00:00,662.212636997805
2019-07-05 01:00:00,663.6442491828856
2019-07-07 01:00:00,666.5005349846205
2019-07-08 01:00:00,667.9249800366665
2019-07-09 01:00:00,669.3468196870202
2019-07-10 01:00:00,670.7659577457307
2019-07-11 01:00:00,672.1823043297487
2019-07-12 01:00:00,673.595774919858
2019-07-14 01:00:00,676.4137710445339
2019-07-15 01:00:00,677.8181458764928
2019-07-16 01:00:00,679.2193417385582
2019-07-17 01:00:00,680.6172877743046
2019-07-18 01:00:00,679.875698493637
2019-07-19 01:00:00,678.6663438162025
2019-07-21 01:00:00,676.2373611785625
2019-07-22 01:00:00,675.0177101046612
2019-07-23 01:00:00,673.7946077261777
2019-07-24 01:00:00,672.568048466316
2019-07-25 01:00:00,671.3380292462889
2019-07-26 01:00:00,670.1045496146887
2019-07-28 01:00:00,667.6272218816657
2019-07-29 01:00:00,666.3833885458298
2019-07-30 01:00:00,665.1361252448345
2019-07-31 01:00:00,663.8854497477631
2019-08-01 01:00:00,662.6313844277693
2019-08-02 01:00:00,661.3739559300916
2019-08-04 01:00:00,658.8491318016728
2019-08-05 01:00:00,657.5818014359959
2019-08-06 01:00:00,656.3112359485152
2019-08-07 01:00:00,655.0374670475113
2019-08-08 01:00:00,653.7605251295142
2019-08-09 01:00:00,652.4804393620409
2019-08-11 01:00:00,649.9109473112827
2019-08-12 01:00:00,648.6215948613451
2019-08-13 01:00:00,647.3292065524319
2019-08-14 01:00:00,646.0338084604373
2019-08-15 01:00:00,644.7354266846116
2019-08-16 01:00:00,643.4340875241041
2019-08-18 01:00:00,640.8226442250658
2019-08-19 01:00:00,639.5125951180759
2019-08-20 01:00:00,638.1996989507537
2019-08-21 01:00:00,636.8839852464818
2019-08-22 01:00:00,635.565484532334
2019-08-23 01:00:00,634.2442284879063
2019-08-25 01:00:00,631.5935843335275
2019-08-26 01:00:00,630.2642679443069
2019-08-27 01:00:00,628.9323407857853
2019-08-28 01:00:00,627.5978461614084
2019-08-29 01:00:00,626.2608314685016
2019-08-30 01:00:00,624.9213483872392
2019-09-01 01:00:00,622.2352017624981
2019-09-02 01:00:00,620.8886555982764
2019-09-03 01:00:00,619.539872452973
2019-09-04 01:00:00,618.1889088358173
2019-09-05 01:00:00,616.8358184987394
2019-09-06 01:00:00,615.4806522368174
2019-09-08 01:00:00,612.7642814942651
2019-09-09 01:00:00,611.4031659973488
2019-09-10 01:00:00,610.0401532022531
2019-09-11 01:00:00,608.6752831833229
2019-09-12 01:00:00,607.3085946283726
2019-09-13 01:00:00,605.9401249837306
2019-09-15 01:00:00,603.1979868293868
2019-09-16 01:00:00,601.8243882819437
2019-09-17 01:00:00,600.4491489137072
2019-09-18 01:00:00,599.0723022687656
2019-09-19 01:00:00,597.6938816828236
2019-09-20 01:00:00,596.3139205166351
2019-09-22 01:00:00,593.5495117996039
2019-09-23 01:00:00,592.1651340853342
2019-09-24 01:00:00,590.77935658392
2019-09-25 01:00:00,589.3922191350691
2019-09-26 01:00:00,588.0037649416632
2019-09-27 01:00:00,586.6140411905949
2019-09-29 01:00:00,583.8309939350169
2019-09-30 01:00:00,582.4377825615463
2019-10-01 01:00:00,581.0435228378083
2019-10-02 01:00:00,579.6482712936134
2019-10-03 01:00:00,578.252081938578
2019-10-04 01:00:00,576.8550055684435
2019-10-06 01:00:00,574.0583784372743
2019-10-07 01:00:00,572.6589135346007
2019-10-08 01:00:00,571.2587340621799
2019-10-09 01:00:00,569.8578770518549
2019-10-10 01:00:00,568.4563776291852
2019-10-11 01:00:00,567.0542691402644
2019-10-13 01:00:00,563.9100973915426
2019-10-14 01:00:00,559.9423328619469
2019-10-15 01:00:00,555.9736281195023
2019-10-16 01:00:00,552.0040299099406
2019-10-17 01:00:00,548.0335830641042
2019-10-18 01:00:00,544.062331349539
2019-10-20 01:00:00,536.1175893333157
2019-10-21 01:00:00,532.1441912789114
2019-10-22 01:00:00,528.170175896802
2019-10-23 01:00:00,524.1956008645589
2019-10-24 01:00:00,520.2205320691071
2019-10-25 01:00:00,516.2450456002407
2019-10-27 01:00:00,508.29318184539864
2019-10-28 00:00:00,504.48265257472485
2019-10-29 00:00:00,500.50647519284223
2019-10-30 00:00:00,496.5304056021772
2019-10-31 00:00:00,492.5545603974921
2019-11-01 00:00:00,488.5790512893168
2019-11-03 00:00:00,480.62945411787973
2019-11-04 00:00:00,476.6555547060896
2019-11-05 00:00:00,472.6823697917473
2019-11-06 00:00:00,468.7099787790063
2019-11-07 00:00:00,464.7384563529773
2019-11-08 00:00:00,460.7678728219893
2019-11-10 00:00:00,452.82978220054906
2019-11-11 00:00:00,448.86239384649815
2019-11-12 00:00:00,444.8961815011158
2019-11-13 00:00:00,440.9311928082178
2019-11-14 00:00:00,436.96747103692576
2019-11-15 00:00:00,433.0050558223412
2019-11-17 00:00:00,425.0842926740814
2019-11-18 00:00:00,421.1260178914282
2019-11-19 00:00:00,417.16919971687787
2019-11-20 00:00:00,413.2138827073781
2019-11-21 00:00:00,409.26011826854574
2019-11-22 00:00:00,405.3079665638264
2019-11-24 00:00:00,397.40879451632196
2019-11-25 00:00:00,394.3568313992648
2019-11-26 00:00:00,392.45637139384417
2019-11-27 00:00:00,390.5561743992464
2019-11-28 00:00:00,388.6563685734847
2019-11-29 00:00:00,386.75708111855806
2019-12-01 00:00:00,382.9605564615971
2019-12-02 00:00:00,381.0635575702122
2019-12-03 00:00:00,379.16755322559385
2019-12-04 00:00:00,377.27265285902797
2019-12-05 00:00:00,375.3789624030774
2019-12-06 00:00:00,373.48658450812786
2019-12-08 00:00:00,369.7061609402949
2019-12-09 00:00:00,367.8183041903186
2019-12-10 00:00:00,365.93213739216094
2019-12-11 00:00:00,364.04774561484646
2019-12-12 00:00:00,363.4787877628662
2019-12-13 00:00:00,363.8517672952215
2019-12-15 00:00:00,364.597927962627
2019-12-16 00:00:00,364.97131074075577
2019-12-17 00:00:00,365.3450308649126
2019-12-18 00:00:00,365.71919124930423
2019-12-19 00:00:00,366.0938955518718
2019-12-20 00:00:00,366.46924782246595
2019-12-22 00:00:00,367.2223112993013
2019-12-23 00:00:00,367.60022751082863
2019-12-24 00:00:00,367.9792003004844
2019-12-25 00:00:00,368.35932655075794
2019-12-26 00:00:00,368.7406998432567
2019-12-27 00:00:00,369.12341013880973
2019-12-29 00:00:00,369.8931830747158
2019-12-30 00:00:00,370.28040753595764
2019-12-31 00:00:00,370.6692931319259
2020-01-01 00:00:00,371.0599130474902
2020-01-02 00:00:00,371.45233777487294
2020-01-03 00:00:00,371.84663523511455
2020-01-05 00:00:00,372.64110782890805
2020-01-06 00:00:00,373.04140690790155
2020-01-07 00:00:00,373.4438267015563
2020-01-08 00:00:00,373.8484238914439
2020-01-09 00:00:00,374.25525395517866
2020-01-10 00:00:00,374.6643719992985
2020-01-12 00:00:00,375.4896969432092
2020-01-13 00:00:00,375.9060216774193
2020-01-14 00:00:00,376.3248714680619
2020-01-15 00:00:00,376.7463128683371
2020-01-16 00:00:00,377.1704148673758
2020-01-17 00:00:00,377.5972478443817
2020-01-19 00:00:00,378.4593879574446
2020-01-20 00:00:00,378.89483214520976
2020-01-21 00:00:00,379.3332794891977
2020-01-22 00:00:00,379.77479092799683
2020-01-23 00:00:00,380.2194232481143
2020-01-24 00:00:00,380.6672287436239
2020-01-26 00:00:00,381.57254529165755
2020-01-27 00:00:00,382.0301380622111
2020-01-28 00:00:00,382.4910679383078
2020-01-29 00:00:00,382.9553657027924
2020-01-30 00:00:00,383.42305867075186
2020-01-31 00:00:00,383.8941709220118
2020-02-02 00:00:00,384.84673423279617
2020-02-03 00:00:00,385.3282182922261
2020-02-04 00:00:00,385.813187797071
2020-02-05 00:00:00,386.3016523514264
2020-02-06 00:00:00,386.79361959336893
2020-02-07 00:00:00,387.28909623899654
2020-02-09 00:00:00,388.2906096050634
2020-02-10 00:00:00,388.79667050016747
2020-02-11 00:00:00,389.30629244867623
2020-02-12 00:00:00,389.81950174984263
2020-02-13 00:00:00,390.33632994314104
2020-02-14 00:00:00,390.8568118960642
2020-02-16 00:00:00,391.9088791723924
2020-02-17 00:00:00,392.4405305752123
2020-02-18 00:00:00,392.9759648413988
2020-02-19 00:00:00,393.51520401371965
2020-02-20 00:00:00,394.05826448428064
2020-02-21 00:00:00,394.6051566726994
2020-02-23 00:00:00,395.71044692284556
2020-02-24 00:00:00,396.2688346385439
2020-02-25 00:00:00,396.83103343169046
2020-02-26 00:00:00,397.3970226677063
2020-02-27 00:00:00,397.96677578988186
2020-02-28 00:00:00,398.5402604757777
2020-03-01 00:00:00,399.6982670330725
2020-03-02 00:00:00,400.28269612597603
2020-03-03 00:00:00,400.8706712168043
2020-03-04 00:00:00,401.46213199489637
2020-03-05 00:00:00,402.0570130611675
2020-03-06 00:00:00,402.6552448463658
2020-03-08 00:00:00,403.86147197272726
2020-03-09 00:00:00,404.8466764974671
2020-03-10 00:00:00,407.52366169647433
2020-03-11 00:00:00,410.1929731775287
2020-03-12 00:00:00,412.8543507419566
2020-03-13 00:00:00,415.5075364253598
2020-03-15 00:00:00,420.7882549997315
2020-03-16 00:00:00,423.4152012162371
2020-03-17 00:00:00,426.0327704882445
2020-03-18 00:00:00,428.64059900263425
2020-03-19 00:00:00,431.2382911082685
2020-03-20 00:00:00,433.82541864530674
2020-03-22 00:00:00,438.9660999158511
2020-03-23 00:00:00,441.5186286652934
2020-03-24 00:00:00,444.0585403109575
2020-03-25 00:00:00,446.58523204986955
2020-03-26 00:00:00,449.09806293731543
2020-03-27 00:00:00,451.5963528356435
2020-03-29 00:00:00,456.5463869569165
2020-03-30 01:00:00,459.09753370406116
2020-03-31 01:00:00,461.5292758698184
2020-04-01 01:00:00,463.9424144100328
2020-04-02 01:00:00,466.33601195383
2020-04-03 01:00:00,468.70908811485214
2020-04-05 01:00:00,473.3895598484095
2020-04-06 01:00:00,475.69481727108587
2020-04-07 01:00:00,477.9752916706008
2020-04-08 01:00:00,480.2298650626591
2020-04-09 01:00:00,482.4574046002319
2020-04-12 01:00:00,488.96608832742805
2020-04-13 01:00:00,491.07352951751216
2020-04-14 01:00:00,493.14767673736054
2020-04-15 01:00:00,495.1870714323137
2020-04-16 01:00:00,497.19016866363927
2020-04-17 01:00:00,499.15533437181676
2020-04-19 01:00:00,502.96487711213035
2020-04-20 01:00:00,504.80552189531454
2020-04-21 01:00:00,506.6007658992452
2020-04-22 01:00:00,508.3484968320566
2020-04-23 01:00:00,510.0464995246214
2020-04-24 01:00:00,511.6924541163385
2020-04-26 01:00:00,514.8184117744896
2020-04-27 01:00:00,516.2932496136066
2020-04-28 01:00:00,517.7057140828061
2020-04-29 01:00:00,519.052975992048
2020-04-30 01:00:00,520.3321196604418
2020-05-01 01:00:00,521.5401543739016
2020-05-03 01:00:00,523.730657967957
2020-05-04 01:00:00,524.7069365309275
2020-05-05 01:00:00,525.5997813555138
2020-05-06 01:00:00,526.4061566414557
2020-05-07 01:00:00,527.1231042356949
2020-05-08 01:00:00,527.747767111821
2020-05-10 01:00:00,528.7094177217182
2020-05-11 01:00:00,529.0413440592931
2020-05-12 01:00:00,529.2709034320096
2020-05-13 01:00:00,529.3960205011157
2020-05-14 01:00:00,529.4148701534356
2020-05-15 01:00:00,529.3259287756069
2020-05-17 01:00:00,528.8204330334554
2020-05-18 01:00:00,528.4028713586118
2020-05-19 01:00:00,527.8756311157775
2020-05-20 01:00:00,527.2396070726442
2020-05-21 01:00:00,526.4963653920065
2020-05-22 01:00:00,525.6482017732552
2020-05-24 01:00:00,523.6502544701575
2020-05-25 01:00:00,522.5091592899065
2020-05-26 01:00:00,521.2805874977535
2020-05-27 01:00:00,519.9711320256822
2020-05-28 01:00:00,518.5883012712779
2020-05-29 01:00:00,517.1405016588967
2020-05-31 01:00:00,514.087865598209
2020-06-01 01:00:00,512.5038864556639
2020-06-02 01:00:00,510.8964660228959
2020-06-03 01:00:00,509.2774924195334
2020-06-04 01:00:00,507.65918510982283
2020-06-05 01:00:00,506.0539207319637
2020-06-07 01:00:00,502.9316838092049
2020-06-08 01:00:00,501.43855862323153
2020-06-09 01:00:00,500.00582851667747
2020-06-10 01:00:00,498.6439534419869
2020-06-11 01:00:00,497.36258800966914
2020-06-12 01:00:00,496.1705025409754
2020-06-14 01:00:00,494.0845323961319
2020-06-15 01:00:00,493.20339568093635
2020-06-16 01:00:00,492.4370317905705
2020-06-17 01:00:00,491.78940482997
2020-06-18 01:00:00,491.26356789488085
2020-06-19 01:00:00,490.86171237120834
2020-06-21 01:00:00,490.4347663080026
2020-06-22 01:00:00,490.41032160346606
2020-06-23 01:00:00,490.51129998894396
2020-06-24 01:00:00,490.73660090406344
2020-06-25 01:00:00,491.0846920944033
2020-06-26 01:00:00,491.5536808427034
2020-06-28 01:00:00,492.84535814846004
2020-06-29 01:00:00,493.66300165011313
2020-06-30 01:00:00,494.5915414975184
2020-07-01 01:00:00,495.62809240992993
2020-07-02 01:00:00,496.76967655032047
2020-07-03 01:00:00,498.01324236108223
2020-07-05 01:00:00,500.7938276101183
2020-07-06 01:00:00,502.324494363974
2020-07-07 01:00:00,503.9444622136331
2020-07-08 01:00:00,505.6505063677434
2020-07-09 01:00:00,507.4394101493218
2020-07-10 01:00:00,509.3079809147766
2020-07-12 01:00:00,513.2715584170058
2020-07-13 01:00:00,515.3604198919971
2020-07-14 01:00:00,517.5166745561766
2020-07-15 01:00:00,519.7374203018983
2020-07-16 01:00:00,522.0198303172009
2020-07-17 01:00:00,524.3611548190856
2020-07-19 01:00:00,529.2099420668493
2020-07-20 01:00:00,531.7123058332721
2020-07-21 01:00:00,534.263393696752
2020-07-22 01:00:00,536.8608793621115
2020-07-23 01:00:00,539.5025366900516
2020-07-24 01:00:00,542.1862451589532
2020-07-26 01:00:00,547.6718760081179
2020-07-27 01:00:00,550.4700949569974
2020-07-28 01:00:00,553.3029471304202
2020-07-29 01:00:00,556.1688181325767
2020-07-30 01:00:00,559.0661718878059
2020-07-31 01:00:00,561.9935406573635
2020-08-02 01:00:00,567.9327375567427
2020-08-03 01:00:00,570.941890815908
2020-08-04 01:00:00,573.9756963053064
2020-08-05 01:00:00,577.0329082842703
2020-08-06 01:00:00,580.1123121152827
2020-08-07 01:00:00,583.2127235564299
2020-08-09 01:00:00,589.4719858037182
2020-08-10 01:00:00,592.6286231798526
2020-08-11 01:00:00,595.8018417802936
2020-08-12 01:00:00,598.99061337713
2020-08-13 01:00:00,602.1939397372252
2020-08-14 01:00:00,605.4108511574356
2020-08-16 01:00:00,611.8816847057097
2020-08-17 01:00:00,615.1338000543846
2020-08-18 01:00:00,618.3958892153827
2020-08-19 01:00:00,621.6671231037517
2020-08-20 01:00:00,624.9467117075875
2020-08-21 01:00:00,628.233911205042
2020-08-23 01:00:00,634.8284318342933
2020-08-24 01:00:00,638.1345349896606
2020-08-25 01:00:00,641.4458080147547
2020-08-26 01:00:00,644.5173656071768
2020-08-27 01:00:00,645.6515600673749
2020-08-28 01:00:00,646.7856728424272
2020-08-30 01:00:00,649.0530823737625
2020-08-31 01:00:00,650.1861084945467
2020-09-01 01:00:00,651.3185090914528
2020-09-02 01:00:00,652.4501584338816
2020-09-03 01:00:00,652.3892908979021
2020-09-04 01:00:00,651.2891830997681
2020-09-06 01:00:00,649.0690035898806
2020-09-07 01:00:00,647.9491333602919
2020-09-08 01:00:00,646.8228773015485
2020-09-09 01:00:00,645.6903364049974
2020-09-10 01:00:00,644.5516118583248
2020-09-11 01:00:00,643.4068052416158
2020-09-13 01:00:00,641.0993558532215
2020-09-14 01:00:00,639.9369209278668
2020-09-15 01:00:00,638.768819998287
2020-09-16 01:00:00,637.5951600883715
2020-09-17 01:00:00,636.4160484048675
2020-09-18 01:00:00,635.2315908639727
2020-09-20 01:00:00,632.847044557318
2020-09-21 01:00:00,631.6471457244584
2020-09-22 01:00:00,630.4422795216996
2020-09-23 01:00:00,629.2325260322083
2020-09-24 01:00:00,628.0179607125841
2020-09-25 01:00:00,626.798655577917
2020-09-27 01:00:00,624.3461029543296
2020-09-28 01:00:00,623.1129908700169
2020-09-29 01:00:00,621.8754108820323
2020-09-30 01:00:00,620.633429786898
2020-10-01 01:00:00,619.3871146002265
2020-10-02 01:00:00,618.1365327882846
2020-10-04 01:00:00,615.6228425239547
2020-10-05 01:00:00,614.3598727990825
2020-10-06 01:00:00,613.0929141088853
2020-10-07 01:00:00,611.8220383532228
2020-10-08 01:00:00,610.547318606378
2020-10-09 01:00:00,609.2688292572192
2020-10-11 01:00:00,606.700847288939
2020-10-12 01:00:00,605.4115124234561
2020-10-13 01:00:00,604.11872420696
2020-10-14 01:00:00,602.8225680002204
2020-10-15 01:00:00,601.5231317687401
2020-10-16 01:00:00,600.2205052885218
2020-10-18 01:00:00,597.6060404106031
2020-10-19 01:00:00,596.2943754314285
2020-10-20 01:00:00,594.97986370461
2020-10-21 01:00:00,593.6625797366186
2020-10-22 01:00:00,592.3425928909793
2020-10-23 01:00:00,591.0199682336281
2020-10-25 01:00:00,588.3670501276472
2020-10-26 00:00:00,587.0924685295049
2020-10-27 00:00:00,585.759987646349
2020-10-28 00:00:00,584.4251574044949
2020-10-29 00:00:00,583.088032684795
2020-10-30 00:00:00,581.7486678675725
2020-11-01 00:00:00,579.0634338954548
2020-11-02 00:00:00,577.7176726186476
2020-11-03 00:00:00,576.369887316991
2020-11-04 00:00:00,575.0201326378289
2020-11-05 00:00:00,573.6684639064904
2020-11-06 00:00:00,572.3149373465307
2020-11-08 00:00:00,569.6025416087681
2020-11-09 00:00:00,568.2437917961557
2020-11-10 00:00:00,566.883423646803
2020-11-11 00:00:00,565.5215025208859
2020-11-12 00:00:00,564.158096615278
2020-11-13 00:00:00,562.7932768571203
2020-11-15 00:00:00,560.0596884246397
2020-11-16 00:00:00,558.691066034284
2020-11-17 00:00:00,557.3213186537137
2020-11-18 00:00:00,555.9505114537009
2020-11-19 00:00:00,554.5787045219902
2020-11-20 00:00:00,553.2059529666674
2020-11-22 00:00:00,550.4578154022398
2020-11-23 00:00:00,549.0825209578177
2020-11-24 00:00:00,547.7064663729307
2020-11-25 00:00:00,546.3296920204394
2020-11-26 00:00:00,544.9522367302011
2020-11-27 00:00:00,543.5741379418575
2020-11-29 00:00:00,537.5149869531796
2020-11-30 00:00:00,533.584358271441
2020-12-01 00:00:00,529.6530492047596
2020-12-02 00:00:00,525.721141094135
2020-12-03 00:00:00,521.7887155027577
2020-12-04 00:00:00,517.8558552335721
2020-12-06 00:00:00,509.989174416708
2020-12-07 00:00:00,506.0555352180982
2020-12-08 00:00:00,502.1218261735993
2020-12-09 00:00:00,498.1881521688467
2020-12-10 00:00:00,494.2546253770553
2020-12-11 00:00:00,490.32136551697147
2020-12-13 00:00:00,482.4561577067742
2020-12-14 00:00:00,478.5244739604868
2020-12-15 00:00:00,474.5935777577729
2020-12-16 00:00:00,470.6635916034819
2020-12-17 00:00:00,466.73462735458065
2020-12-18 00:00:00,462.8067845934547
2020-12-20 00:00:00,454.95480199452277
2020-12-21 00:00:00,451.03080563500134
2020-12-22 00:00:00,447.1624781520847
2020-12-23 00:00:00,443.46561129146494
2020-12-24 00:00:00,439.77075341162083
2020-12-27 00:00:00,428.69853703194497
2020-12-28 00:00:00,425.01200034272347
2020-12-29 00:00:00,421.327597836216
2020-12-30 00:00:00,417.6453452246076
2020-12-31 00:00:00,413.9652565143248
2021-01-03 00:00:00,402.9381141811379
2021-01-04 00:00:00,399.26683168844806
2021-01-05 00:00:00,395.5978037348543
2021-01-06 00:00:00,391.93106222911194
2021-01-07 00:00:00,388.2666452185972
2021-01-08 00:00:00,384.60459769159945
2021-01-10 00:00:00,377.28782278105945
2021-01-11 00:00:00,373.6332132110228
2021-01-12 00:00:00,369.98120438982573
2021-01-13 00:00:00,366.3318564530368
2021-01-14 00:00:00,362.68522491566625
2021-01-15 00:00:00,359.04135848116516
2021-01-17 00:00:00,351.7620752018305
2021-01-18 00:00:00,348.12671529481787
2021-01-19 00:00:00,344.4942358238226
2021-01-20 00:00:00,340.86464872986363
2021-01-21 00:00:00,337.2379610233921
2021-01-22 00:00:00,333.6141753896163
2021-01-24 00:00:00,326.375301235469
2021-01-25 00:00:00,322.7601983514761
2021-01-26 00:00:00,319.14796864322625
2021-01-27 00:00:00,315.5385948400295
2021-01-28 00:00:00,311.93205595051114
2021-01-29 00:00:00,308.3283280384357
2021-01-31 00:00:00,301.1292028588082
2021-02-01 00:00:00,297.533756735371
2021-02-02 00:00:00,293.94102787929995
2021-02-03 00:00:00,290.3510027700279
2021-02-04 00:00:00,286.76367465700855
2021-02-05 00:00:00,283.1790439593409
2021-02-07 00:00:00,277.62448750209825
2021-02-08 00:00:00,276.31939249959794
2021-02-09 00:00:00,275.0174731110409
2021-02-10 00:00:00,273.71876593814943
2021-02-11 00:00:00,272.42330656321116
2021-02-12 00:00:00,271.9017738219957
2021-02-14 00:00:00,273.39488930370646
2021-02-15 00:00:00,274.1470448226418
2021-02-16 00:00:00,274.9029996828064
2021-02-17 00:00:00,275.66280333266246
2021-02-18 00:00:00,276.4265043825191
2021-02-19 00:00:00,277.19415065807215
2021-02-21 00:00:00,278.7414665536327
2021-02-22 00:00:00,279.5212283865025
2021-02-23 00:00:00,280.3051201056031
2021-02-24 00:00:00,281.09318684548975
2021-02-25 00:00:00,281.8854738306507
2021-02-26 00:00:00,282.6820267713071
2021-02-28 00:00:00,284.2881183234024
2021-03-01 00:00:00,285.09775430010603
2021-03-02 00:00:00,285.91185115325317
2021-03-03 00:00:00,286.73046098360504
2021-03-04 00:00:00,287.55363652589165
2021-03-05 00:00:00,288.3814304999674
2021-03-07 00:00:00,290.05108085234343
2021-03-08 00:00:00,290.89303744070514
2021-03-09 00:00:00,291.7398122149887
2021-03-10 00:00:00,292.59145064432903
2021-03-11 00:00:00,293.44799612793355
2021-03-12 00:00:00,294.30949001389666
2021-03-14 00:00:00,296.04747875661064
2021-03-15 00:00:00,296.92404721975043
2021-03-16 00:00:00,297.805711743507
2021-03-17 00:00:00,298.692505865398
2021-03-18 00:00:00,299.5844621956828
2021-03-19 00:00:00,300.4816125727273
2021-03-21 00:00:00,302.2916196103823
2021-03-22 00:00:00,303.2045370193305
2021-03-23 00:00:00,304.12277021276583
2021-03-24 00:00:00,305.0463489233107
2021-03-25 00:00:00,305.97530319905957
2021-03-26 00:00:00,306.90966398923246
2021-03-28 00:00:00,308.7947380515797
2021-03-29 01:00:00,309.7851789545474
2021-03-30 01:00:00,310.7417515325977
2021-03-31 01:00:00,311.7039256643658
2021-04-01 01:00:00,312.6717490132461
2021-04-04 01:00:00,315.609599286275
2021-04-05 01:00:00,316.60049881817815
2021-04-06 01:00:00,317.5972788868913
2021-04-07 01:00:00,318.5999789263232
2021-04-08 01:00:00,319.60863558145286
2021-04-09 01:00:00,320.62328277948853
2021-04-11 01:00:00,322.6706716526722
2021-04-12 01:00:00,323.70346876397997
2021-04-13 01:00:00,324.7423676474517
2021-04-14 01:00:00,325.787390868367
2021-04-15 01:00:00,326.8385593059784
2021-04-16 01:00:00,327.8958923509867
2021-04-18 01:00:00,330.0291234013725
2021-04-19 01:00:00,331.105054205938
2021-04-20 01:00:00,332.18721551754084
2021-04-21 01:00:00,333.27562174971877
2021-04-22 01:00:00,334.37028710646837
2021-04-23 01:00:00,335.47965960137344
2021-04-25 01:00:00,342.408405870003
2021-04-26 01:00:00,345.88100595925704
2021-04-27 01:00:00,349.3591780393302
2021-04-28 01:00:00,352.8429989142154
2021-04-29 01:00:00,356.33255142913896
2021-04-30 01:00:00,359.82792031578634
2021-05-02 01:00:00,366.83643026672803
2021-05-03 01:00:00,370.3497159279457
2021-05-04 01:00:00,373.8691044642812
2021-05-05 01:00:00,377.3946471534191
2021-05-06 01:00:00,380.92638762533494
2021-05-07 01:00:00,384.4643626713708
2021-05-09 01:00:00,391.5591335393169
2021-05-10 01:00:00,395.11597434770533
2021-05-11 01:00:00,398.679140470016
2021-05-12 01:00:00,402.2486425049469
2021-05-13 01:00:00,405.82448689916396
2021-05-14 01:00:00,409.4066763205216
2021-05-16 01:00:00,416.59008444071895
2021-05-17 01:00:00,420.1912932797268
2021-05-18 01:00:00,423.79882837218975
2021-05-19 01:00:00,427.4126801451183
2021-05-20 01:00:00,431.0328385652527
2021-05-21 01:00:00,434.65929446539906
2021-05-23 01:00:00,441.9310781078019
2021-05-24 01:00:00,445.57641107466935
2021-05-25 01:00:00,449.22805696708616
2021-05-26 01:00:00,452.8860436146675
2021-05-27 01:00:00,456.5504089456913
2021-05-28 01:00:00,460.22119758932894
2021-05-30 01:00:00,467.5822266842259
2021-05-31 01:00:00,471.2725452028509
2021-06-01 01:00:00,474.9694365886279
2021-06-02 01:00:00,478.6729150633335
2021-06-03 01:00:00,482.3829841373191
2021-06-04 01:00:00,486.09963732457686
2021-06-06 01:00:00,493.5526247460153
2021-06-07 01:00:00,497.2889023950139
2021-06-08 01:00:00,501.0316516460667
2021-06-09 01:00:00,504.78082448144147
2021-06-10 01:00:00,508.5363651753547
2021-06-11 01:00:00,512.2982104253841
2021-06-13 01:00:00,519.840524809065
2021-06-14 01:00:00,523.6208323134865
2021-06-15 01:00:00,527.4071224244029
2021-06-16 01:00:00,531.1993007728279
2021-06-17 01:00:00,534.997269486378
2021-06-18 01:00:00,538.8009287031283
2021-06-20 01:00:00,546.4249216119238
2021-06-21 01:00:00,550.245065878794
2021-06-22 01:00:00,554.0705277076494
2021-06-23 01:00:00,557.9012341300481
2021-06-24 01:00:00,561.7371235758769
2021-06-25 01:00:00,565.5781443103591
2021-06-27 01:00:00,573.2753973068243
2021-06-28 01:00:00,577.13153488911
2021-06-29 01:00:00,580.9926049321444
2021-06-30 01:00:00,584.8585378307438
2021-07-01 01:00:00,588.729251813811
2021-07-02 01:00:00,592.6046530832689
2021-07-04 01:00:00,600.369085994511
2021-07-05 01:00:00,604.257875779174
2021-07-06 01:00:00,608.1508700143538
2021-07-07 01:00:00,612.0479231773584
2021-07-08 01:00:00,613.5509572550361
2021-07-09 01:00:00,614.9122302899601
2021-07-11 01:00:00,617.6428879780581
2021-07-12 01:00:00,619.0120888424927
2021-07-13 01:00:00,620.3837406008195
2021-07-14 01:00:00,621.7577401828357
2021-07-15 01:00:00,623.1339811481085
2021-07-16 01:00:00,624.5123545599224
2021-07-18 01:00:00,627.2750566833487
2021-07-19 01:00:00,628.6591647309815
2021-07-20 01:00:00,630.044966342636
2021-07-21 01:00:00,631.4323568626813
2021-07-22 01:00:00,632.8212353839812
2021-07-23 01:00:00,632.8682563293113
2021-07-25 01:00:00,630.4620008055526
2021-07-26 01:00:00,629.2558380026741
2021-07-27 01:00:00,628.0476745290191
2021-07-28 01:00:00,626.8375303324927
2021-07-29 01:00:00,625.6254288433123
2021-07-30 01:00:00,624.4113974458164
2021-08-01 01:00:00,621.9776750142724
2021-08-02 01:00:00,620.7580591511128
2021-08-03 01:00:00,619.5366635541416
2021-08-04 01:00:00,618.3135356556097
2021-08-05 01:00:00,617.0887269252205
2021-08-06 01:00:00,615.8622930769031
2021-08-08 01:00:00,613.404795741126
2021-08-09 01:00:00,612.173867265292
2021-08-10 01:00:00,610.941583881986
2021-08-11 01:00:00,609.7080252648382
2021-08-12 01:00:00,608.4732752210043
2021-08-13 01:00:00,607.2374208177924
2021-08-15 01:00:00,604.762756788558
2021-08-16 01:00:00,603.5241271486839
2021-08-17 01:00:00,602.2847506402425
2021-08-18 01:00:00,601.0447129166282
2021-08-19 01:00:00,599.8040961874611
2021-08-20 01:00:00,598.562978755107
2021-08-22 01:00:00,596.0795359316061
2021-08-23 01:00:00,594.8373499954191
2021-08-24 01:00:00,593.5949443587349
2021-08-25 01:00:00,592.3523860546773
2021-08-26 01:00:00,591.1097430183223
2021-08-27 01:00:00,589.8670848201067
2021-08-29 01:00:00,587.3820116768319
2021-08-30 01:00:00,586.1397466709424
2021-08-31 01:00:00,584.897766333646
2021-09-01 01:00:00,583.6561510807725
2021-09-02 01:00:00,582.4149835529463
2021-09-03 01:00:00,581.1743488396736
2021-09-05 01:00:00,578.6950328845064
2021-09-06 01:00:00,577.456538103369
2021-09-07 01:00:00,576.2189501083938
2021-09-08 01:00:00,574.9823730870936
2021-09-09 01:00:00,573.7469155600716
2021-09-10 01:00:00,572.5126895694824
2021-09-12 01:00:00,570.0483898438731
2021-09-13 01:00:00,568.8185448196326
2021-09-14 01:00:00,567.5903856690096
2021-09-15 01:00:00,566.3640201808906
2021-09-16 01:00:00,565.1395518477042
2021-09-17 01:00:00,563.917079524124
2021-09-19 01:00:00,561.4784954780278
2021-09-20 01:00:00,560.2625598768848
2021-09-21 01:00:00,559.0489739634011
2021-09-22 01:00:00,557.8378191619016
2021-09-23 01:00:00,556.6291759695055
2021-09-24 01:00:00,553.9326132909661
2021-09-26 01:00:00,546.912326076781
2021-09-27 01:00:00,543.4109165412663
2021-09-28 01:00:00,539.9155872073807
2021-09-29 01:00:00,536.4265412230612
2021-09-30 01:00:00,532.9439905314741
2021-10-01 01:00:00,529.4681568417676
2021-10-03 01:00:00,522.5375863296129
2021-10-04 01:00:00,519.0833598774118
2021-10-05 01:00:00,515.6368782381395
2021-10-06 01:00:00,512.1984504788629
2021-10-07 01:00:00,508.76841328458806
2021-10-08 01:00:00,505.34713183701393
2021-10-10 01:00:00,498.5324252425901
2021-10-11 01:00:00,495.1398434115271
2021-10-12 01:00:00,491.75769151641316
2021-10-13 01:00:00,488.386413148811
2021-10-14 01:00:00,485.02645316534597
2021-10-15 01:00:00,481.67825621296913
2021-10-17 01:00:00,475.0189293332473
2021-10-18 01:00:00,471.7086910811458
2021-10-19 01:00:00,468.41200244015454
2021-10-20 01:00:00,465.12931986757667
2021-10-21 01:00:00,461.8611081311168
2021-10-22 01:00:00,458.6078429101397
2021-10-24 01:00:00,452.14812490392865
2021-10-25 01:00:00,448.94270099076925
2021-10-26 01:00:00,445.7542856338183
2021-10-27 01:00:00,442.5834449000332
2021-10-28 01:00:00,439.4307686299946
2021-10-29 01:00:00,436.2968722228723
2021-10-31 01:00:00,430.08802299910434
2021-11-01 00:00:00,427.1415752006629
2021-11-02 00:00:00,424.0886467124051
2021-11-03 00:00:00,421.05804351739846
2021-11-04 00:00:00,418.05062168946165
2021-11-05 00:00:00,415.0673018598578
2021-11-07 00:00:00,409.17699241115486
2021-11-08 00:00:00,406.27217824812374
2021-11-09 00:00:00,403.39580277402047
2021-11-10 00:00:00,400.54908303137177
2021-11-11 00:00:00,397.7332749374883
2021-11-12 00:00:00,394.94967042559983
2021-11-14 00:00:00,389.48442200301133
2021-11-15 00:00:00,386.805550891404
2021-11-16 00:00:00,384.1644351832442
2021-11-17 00:00:00,381.56257348137336
2021-11-18 00:00:00,379.0015152816049
2021-11-19 00:00:00,376.482864342501
2021-11-21 00:00:00,371.5794916452655
2021-11-22 00:00:00,369.1982806766373
2021-11-23 00:00:00,366.8665059074851
2021-11-24 00:00:00,364.5860962261985
2021-11-25 00:00:00,362.35905612022736
2021-11-26 00:00:00,360.1874688884731
2021-11-28 00:00:00,356.0194006372217
2021-11-29 00:00:00,354.02751318727235
2021-11-30 00:00:00,352.1002774447612
2021-12-01 00:00:00,350.24023992543323
2021-12-02 00:00:00,348.4500648336159
2021-12-03 00:00:00,346.7325453498037
2021-12-05 00:00:00,343.5273319832454
2021-12-06 00:00:00,342.0459016403722
2021-12-07 00:00:00,340.64962332142693
2021-12-08 00:00:00,339.3418792639459
2021-12-09 00:00:00,338.1261021837827
2021-12-10 00:00:00,337.00574792892246
2021-12-12 00:00:00,335.0650997395219
2021-12-13 00:00:00,334.2516144933761
2021-12-14 00:00:00,333.5471175221737
2021-12-15 00:00:00,332.9548024576572
2021-12-16 00:00:00,332.47771701802037
2021-12-17 00:00:00,332.11872056554546
2021-12-19 00:00:00,331.76519874336856
2021-12-20 00:00:00,331.7749960644892
2021-12-21 00:00:00,331.9114094255492
2021-12-22 00:00:00,332.17554849382145
2021-12-23 00:00:00,332.5679849686789
2021-12-26 00:00:00,334.5113136063689
2021-12-27 00:00:00,335.4095605223936
2021-12-28 00:00:00,336.4285989375571
2021-12-29 00:00:00,337.56446080563666
2021-12-30 00:00:00,338.8122694235535
2021-12-31 00:00:00,340.1662288318051
2022-01-02 00:00:00,343.16483612972524
2022-01-03 00:00:00,344.7933458966894
2022-01-04 00:00:00,346.4957683074499
2022-01-05 00:00:00,348.2618817080554
2022-01-06 00:00:00,350.0806909138738
2022-01-07 00:00:00,351.9405175349407
2022-01-09 00:00:00,355.73388471181437
2022-01-10 00:00:00,357.6419232341434
2022-01-11 00:00:00,359.5403295092316
2022-01-12 00:00:00,361.41632488380674
2022-01-13 00:00:00,363.2574418752878
2022-01-14 00:00:00,365.0516881844293
2022-01-16 00:00:00,368.4548392710245
2022-01-17 00:00:00,370.04335878746554
2022-01-18 00:00:00,371.54442375798817
2022-01-19 00:00:00,372.95019961478
2022-01-20 00:00:00,374.2538804074846
2022-01-21 00:00:00,375.4497008672955
2022-01-23 00:00:00,377.4998333849375
2022-01-24 00:00:00,378.34765626105104
2022-01-25 00:00:00,379.0745383125548
2022-01-26 00:00:00,379.67946537909825
2022-01-27 00:00:00,380.162195735027
2022-01-28 00:00:00,380.5231807644826
2022-01-30 00:00:00,380.88468516565024
2022-01-31 00:00:00,380.88880790814284
2022-02-01 00:00:00,380.7782126827951
2022-02-02 00:00:00,380.5555220538914
2022-02-03 00:00:00,380.22354678938
2022-02-04 00:00:00,379.7852285771378
2022-02-06 00:00:00,378.6017414034243
2022-02-07 00:00:00,377.86278268336605
2022-02-08 00:00:00,377.0298596757842
2022-02-09 00:00:00,376.1061098646316
2022-02-10 00:00:00,375.09465442356225
2022-02-11 00:00:00,373.9985838802087
2022-02-13 00:00:00,371.5647308964004
2022-02-14 00:00:00,370.2328699067342
2022-02-15 00:00:00,368.82822155062445
2022-02-16 00:00:00,367.3535716020626
2022-02-17 00:00:00,365.8116309890661
2022-02-18 00:00:00,364.20503653905337
2022-02-20 00:00:00,360.80807672867115
2022-02-21 00:00:00,359.02263680123883
2022-02-22 00:00:00,357.1823987256994
2022-02-23 00:00:00,355.28966459467125
2022-02-24 00:00:00,353.3466730078029
2022-02-25 00:00:00,351.35559750637935
2022-02-27 00:00:00,347.2375444070605
2022-02-28 00:00:00,345.1145546274294
2022-03-01 00:00:00,342.95144405216934
2022-03-02 00:00:00,340.7499910565333
2022-03-03 00:00:00,338.51187794871083
2022-03-04 00:00:00,336.2386893509801
2022-03-06 00:00:00,331.5929506122703
2022-03-07 00:00:00,329.22311349039325
2022-03-08 00:00:00,326.82364178875014
2022-03-09 00:00:00,324.39570608661745
2022-03-10 00:00:00,321.9404148182958
2022-03-11 00:00:00,319.45881929983335
2022-03-13 00:00:00,314.4206577720388
2022-03-14 00:00:00,311.86594014713063
2022-03-15 00:00:00,309.2886202073986
2022-03-16 00:00:00,306.6895113377627
2022-03-17 00:00:00,304.06938849752567
2022-03-18 00:00:00,301.4289927784345
2022-03-20 00:00:00,296.09021110469985
2022-03-21 00:00:00,293.3931891477014
2022-03-22 00:00:00,290.6786328959518
2022-03-23 00:00:00,287.9471954641736
2022-03-24 00:00:00,285.1995221687862
2022-03-25 00:00:00,282.4362495890522
2022-03-27 00:00:00,276.8653936239037
2022-03-28 01:00:00,273.9409783060448
2022-03-29 01:00:00,271.5554250719346
2022-03-30 01:00:00,270.6176762114854
2022-03-31 01:00:00,269.67896143666366
2022-04-01 01:00:00,268.73945054978594
2022-04-03 01:00:00,266.8586584791089
2022-04-04 01:00:00,265.91765686873686
2022-04-05 01:00:00,264.9764199438405
2022-04-06 01:00:00,264.0350620934144
2022-04-07 01:00:00,263.0936894231642
2022-04-08 01:00:00,262.1524006327775
2022-04-10 01:00:00,260.2704362469254
2022-04-11 01:00:00,259.32992605411096
2022-04-12 01:00:00,258.3898310946363
2022-04-13 01:00:00,257.4502199143279
2022-04-14 01:00:00,256.51115605603474
2022-04-17 01:00:00,253.69782755034726
2022-04-18 01:00:00,252.7615231970317
2022-04-19 01:00:00,251.8260482939054
2022-04-20 01:00:00,250.89146290597506
2022-04-21 01:00:00,249.95783057763617
2022-04-22 01:00:00,249.02521780260656
2022-04-24 01:00:00,247.16332406719624
2022-04-25 01:00:00,246.23417859802487
2022-04-26 01:00:00,245.3063206858269
2022-04-27 01:00:00,244.37981068737707
2022-04-28 01:00:00,243.45470417643713
2022-04-29 01:00:00,242.531051333819
2022-05-01 01:00:00,240.9800935909015
2022-05-02 01:00:00,241.9210889272374
2022-05-03 01:00:00,242.86941812710978
2022-05-04 01:00:00,243.82505277630838
2022-05-05 01:00:00,244.7879665503479
2022-05-06 01:00:00,245.75813510068775
2022-05-08 01:00:00,247.72014837107957
2022-05-09 01:00:00,248.71195344715613
2022-05-10 01:00:00,249.71093407683793
2022-05-11 01:00:00,250.71707519651676
2022-05-12 01:00:00,251.73036405465808
2022-05-13 01:00:00,252.7507905484461
2022-05-15 01:00:00,254.81303075713407
2022-05-16 01:00:00,255.85483882910165
2022-05-17 01:00:00,256.90377211829014
2022-05-18 01:00:00,257.95983160493245
2022-05-19 01:00:00,259.0230173359921
2022-05-20 01:00:00,260.09332705112115
2022-05-22 01:00:00,262.25529282852693
2022-05-23 01:00:00,263.34692718149665
2022-05-24 01:00:00,264.4456426056085
2022-05-25 01:00:00,265.5514207910413
2022-05-26 01:00:00,266.664241296293
2022-05-27 01:00:00,267.78408195826637
2022-05-29 01:00:00,270.04472844422503
2022-05-30 01:00:00,271.1854840980399
2022-05-31 01:00:00,272.33316003780425
2022-06-01 01:00:00,273.4877296725555
2022-06-02 01:00:00,274.6491661362007
2022-06-03 01:00:00,275.8174424168353
2022-06-05 01:00:00,278.1744062709424
2022-06-06 01:00:00,279.36303999493026
2022-06-07 01:00:00,280.5584061050088
2022-06-08 01:00:00,281.7604786525456
2022-06-09 01:00:00,282.969232666032
2022-06-10 01:00:00,284.184644701745
2022-06-12 01:00:00,286.8337677096556
2022-06-13 01:00:00,290.3341622243806
2022-06-14 01:00:00,293.8434522690509
2022-06-15 01:00:00,297.36166251685484
2022-06-16 01:00:00,300.88881505990474
2022-06-17 01:00:00,304.42492441102854
2022-06-19 01:00:00,311.5240135413223
2022-06-20 01:00:00,315.08696146735747
2022-06-21 01:00:00,318.65880463384576
2022-06-22 01:00:00,322.23950154041637
2022-06-23 01:00:00,325.82900419901233
2022-06-24 01:00:00,329.4272598008785
2022-06-26 01:00:00,336.6498013029656
2022-06-27 01:00:00,340.2739665745097
2022-06-28 01:00:00,343.906644621054
2022-06-29 01:00:00,347.54777109898015
2022-06-30 01:00:00,351.19728086482763
2022-07-01 01:00:00,354.8551084310749
2022-07-03 01:00:00,362.195455986248
2022-07-04 01:00:00,365.8778473629068
2022-07-05 01:00:00,369.5683003232077
2022-07-06 01:00:00,373.2667549043073
2022-07-07 01:00:00,376.9731542970976
2022-07-08 01:00:00,380.68744603773445
2022-07-10 01:00:00,388.1395269802624
2022-07-11 01:00:00,391.87724551224903
2022-07-12 01:00:00,395.6227161166828
2022-07-13 01:00:00,399.3759224469728
2022-07-14 01:00:00,403.1368509882193
2022-07-15 01:00:00,406.90548584515466
2022-07-17 01:00:00,414.4657676475458
2022-07-18 01:00:00,418.25732904473347
2022-07-19 01:00:00,422.0564235427418
2022-07-20 01:00:00,425.8629744315681
2022-07-21 01:00:00,429.67689419742027
2022-07-22 01:00:00,433.49808640211137
2022-07-24 01:00:00,441.1618664383366
2022-07-25 01:00:00,445.0042283407554
2022-07-26 01:00:00,448.853412037234
2022-07-27 01:00:00,452.709291930066
2022-07-28 01:00:00,456.57173809829044
2022-07-29 01:00:00,460.44061678708647
2022-07-31 01:00:00,468.1971213407165
2022-08-01 01:00:00,472.0844667192198
2022-08-02 01:00:00,475.97768549743023
2022-08-03 01:00:00,479.8766364920001
2022-08-04 01:00:00,483.78118022363867
2022-08-05 01:00:00,487.69118030164935
2022-08-07 01:00:00,495.5270289561569
2022-08-08 01:00:00,499.4526347119064
2022-08-09 01:00:00,503.3832137267458
2022-08-10 01:00:00,507.31866614914344
2022-08-11 01:00:00,511.2588988552408
2022-08-12 01:00:00,515.2038216049654
2022-08-14 01:00:00,523.1073600597864
2022-08-15 01:00:00,527.0657647717605
2022-08-16 01:00:00,531.028431538912
2022-08-17 01:00:00,534.9952222721603
2022-08-18 01:00:00,538.9659864394963
2022-08-19 01:00:00,542.9405627385779
2022-08-21 01:00:00,550.9004623915788
2022-08-22 01:00:00,554.8854227578188
2022-08-23 01:00:00,558.8734708924192
2022-08-24 01:00:00,562.8644101188445
2022-08-25 01:00:00,566.858038346038
2022-08-26 01:00:00,570.8541484244408
2022-08-28 01:00:00,578.8529635846071
2022-08-29 01:00:00,582.1154188823272
2022-08-30 01:00:00,583.5116808268455
2022-08-31 01:00:00,584.9094736767763
2022-09-01 01:00:00,586.3086812535537
2022-09-02 01:00:00,587.7091875100734
2022-09-04 01:00:00,590.5136375246095
2022-09-05 01:00:00,591.9173570848612
2022-09-06 01:00:00,593.321928403631
2022-09-07 01:00:00,594.7272470028681
2022-09-08 01:00:00,596.1332116427203
2022-09-09 01:00:00,597.5397234340093
2022-09-11 01:00:00,600.3539962170257
2022-09-12 01:00:00,601.7615576678683
2022-09-13 01:00:00,603.1692642190955
2022-09-14 01:00:00,604.5770068727071
2022-09-15 01:00:00,605.9846721162243
2022-09-16 01:00:00,607.3921422123362
2022-09-18 01:00:00,610.2060080476115
2022-09-19 01:00:00,611.6121519709543
2022-09-20 01:00:00,613.0175979981562
2022-09-21 01:00:00,614.4222146466514
2022-09-22 01:00:00,615.8258686128852
2022-09-23 01:00:00,617.2284249035205
2022-09-25 01:00:00,620.0296971182785
2022-09-26 01:00:00,621.4281366486332
2022-09-27 01:00:00,622.8249268181493
2022-09-28 01:00:00,624.2199295805419
2022-09-29 01:00:00,625.6130086862195
2022-09-30 01:00:00,627.004030827786
2022-10-02 01:00:00,628.9687160591831
2022-10-03 01:00:00,627.5928307401607
2022-10-04 01:00:00,626.2152627579753
2022-10-05 01:00:00,624.8361163756729
2022-10-06 01:00:00,623.4554918551171
2022-10-07 01:00:00,622.0734856067287
2022-10-09 01:00:00,619.3056977369299
2022-10-10 01:00:00,617.9200958250929
2022-10-11 01:00:00,616.5334737160557
2022-10-12 01:00:00,615.1459206857937
2022-10-13 01:00:00,613.7575271618293
2022-10-14 01:00:00,612.3683850287224
2022-10-16 01:00:00,609.5882296780795
2022-10-17 01:00:00,608.1974068644331
2022-10-18 01:00:00,606.8062157600384
2022-10-19 01:00:00,605.4147535701877
2022-10-20 01:00:00,604.0231180752215
2022-10-21 01:00:00,602.6314076548076
2022-10-23 01:00:00,599.8481592414511
2022-10-24 01:00:00,598.4568220277358
2022-10-25 01:00:00,597.0658114029641
2022-10-26 01:00:00,595.6752293995207
2022-10-27 01:00:00,594.2851776636239
2022-10-28 01:00:00,592.8957563452075
2022-10-30 01:00:00,590.1191902407071
2022-10-31 00:00:00,588.7900452191103
2022-11-01 00:00:00,587.4040305781456
2022-11-02 00:00:00,586.0190805683421
2022-11-03 00:00:00,584.6352657148686
2022-11-04 00:00:00,583.2526509291008
2022-11-06 00:00:00,580.2830647661697
2022-11-07 00:00:00,576.3139357124246
2022-11-08 00:00:00,572.3460203186995
2022-11-09 00:00:00,568.3793905721818
2022-11-10 00:00:00,564.4141177050919
2022-11-11 00:00:00,560.4502735015552
2022-11-13 00:00:00,552.5271658065749
2022-11-14 00:00:00,548.5680544402103
2022-11-15 00:00:00,544.6106760322431
2022-11-16 00:00:00,540.6551113571475
2022-11-17 00:00:00,536.7014430160982
2022-11-18 00:00:00,532.7497556941311
2022-11-20 00:00:00,524.852676681005
2022-11-21 00:00:00,520.9074708580988
2022-11-22 00:00:00,516.9646197624735
2022-11-23 00:00:00,513.024229860281
2022-11-24 00:00:00,509.0864131415551
2022-11-25 00:00:00,505.15128540129166
2022-11-27 00:00:00,497.2895600720508
2022-11-28 00:00:00,493.36318247856525
2022-11-29 00:00:00,489.43992703759955
2022-11-30 00:00:00,485.51987885980367
2022-12-01 00:00:00,481.6031113438115
2022-12-02 00:00:00,477.68968697999355
2022-12-04 00:00:00,469.87307128665833
2022-12-05 00:00:00,465.969963172912
2022-12-06 00:00:00,462.070367621676
2022-12-07 00:00:00,458.17431423990047
2022-12-08 00:00:00,454.2818302018697
2022-12-09 00:00:00,450.39294140269
2022-12-11 00:00:00,442.6260522780158
2022-12-12 00:00:00,438.7481050289887
2022-12-13 00:00:00,434.8738600682418
2022-12-14 00:00:00,431.00334738462675
2022-12-15 00:00:00,427.13659871756323
2022-12-16 00:00:00,423.27364780986824
2022-12-18 00:00:00,415.55928704466976
2022-12-19 00:00:00,411.707959940024
2022-12-20 00:00:00,407.86059851478944
2022-12-21 00:00:00,404.0172587543236
2022-12-22 00:00:00,400.1780047378684
2022-12-23 00:00:00,396.3429087596604
2022-12-26 00:00:00,384.86337344839455
2022-12-27 00:00:00,381.04571461663716
2022-12-28 00:00:00,377.2326026241354
2022-12-29 00:00:00,373.4240956763591
2022-12-30 00:00:00,369.62024181062105
2023-01-02 00:00:00,358.23695044610497
2023-01-03 00:00:00,354.452027837744
2023-01-04 00:00:00,350.6718887710974
2023-01-05 00:00:00,346.8965475599184
2023-01-06 00:00:00,343.1260130458404
2023-01-08 00:00:00,335.5993996137866
2023-01-09 00:00:00,331.84333593439374
2023-01-10 00:00:00,328.0921106211073
2023-01-11 00:00:00,324.3457313170142
2023-01-12 00:00:00,320.60420648112904
2023-01-13 00:00:00,316.8675457501334
2023-01-15 00:00:00,309.40886363815383
2023-01-16 00:00:00,305.6868719245721
2023-01-17 00:00:00,301.9698056321007
2023-01-18 00:00:00,298.25769084696526
2023-01-19 00:00:00,294.5505610935663
2023-01-20 00:00:00,290.8484589227849
2023-01-22 00:00:00,283.4595554095428
2023-01-23 00:00:00,279.9492938031832
2023-01-24 00:00:00,278.5307951454257
2023-01-25 00:00:00,277.11591833822524
2023-01-26 00:00:00,275.70471696882623
2023-01-27 00:00:00,274.29723976132607
2023-01-29 00:00:00,271.49362978096497
2023-01-30 00:00:00,270.0975733829755
2023-01-31 00:00:00,268.7053952660666
2023-02-01 00:00:00,267.31712693029004
2023-02-02 00:00:00,265.9327980400953
2023-02-03 00:00:00,264.55243670837086
2023-02-05 00:00:00,261.8037227063909
2023-02-06 00:00:00,260.4354203776874
2023-02-07 00:00:00,259.07118669852395
2023-02-08 00:00:00,257.7110451354645
2023-02-09 00:00:00,256.3550188982247
2023-02-10 00:00:00,255.00313119313694
2023-02-12 00:00:00,252.31186578850372
2023-02-13 00:00:00,250.9725369844001
2023-02-14 00:00:00,249.63744523622256
2023-02-15 00:00:00,248.30661847980633
2023-02-16 00:00:00,246.9800869978958
2023-02-17 00:00:00,245.6578839877256
2023-02-19 00:00:00,243.02661268567982
2023-02-20 00:00:00,241.71762664031746
2023-02-21 00:00:00,240.4131316749797
2023-02-22 00:00:00,239.1131714087092
2023-02-23 00:00:00,237.81778762581177
2023-02-24 00:00:00,236.52701912957815
2023-02-26 00:00:00,233.95946575409516
2023-02-27 00:00:00,232.6827414878212
2023-02-28 00:00:00,231.41075463134462
2023-03-01 00:00:00,230.14352931501952
2023-03-02 00:00:00,228.88108798140763
2023-03-03 00:00:00,229.155502483757
2023-03-05 00:00:00,230.6292461587796
2023-03-06 00:00:00,231.36786895872706
2023-03-07 00:00:00,232.10770554948147
2023-03-08 00:00:00,232.848791373781
2023-03-09 00:00:00,233.59116258336928
2023-03-10 00:00:00,234.33485620462852
2023-03-12 00:00:00,235.82636371857234
2023-03-13 00:00:00,236.57425659092843
2023-03-14 00:00:00,237.32362960599016
2023-03-15 00:00:00,238.07452398896396
2023-03-16 00:00:00,238.8269809779656
2023-03-17 00:00:00,239.58104113776875
2023-03-19 00:00:00,241.09412414621312
2023-03-20 00:00:00,241.8532156631589
2023-03-21 00:00:00,242.6140455868548
2023-03-22 00:00:00,243.37663623528
2023-03-23 00:00:00,244.14100480552582
2023-03-24 00:00:00,244.90716410617063
2023-03-26 00:00:00,246.44489065061174
2023-03-27 01:00:00,247.24851795304602
2023-03-28 01:00:00,248.02199128687732
2023-03-29 01:00:00,248.79728850653112
2023-03-30 01:00:00,249.57441432354096
2023-03-31 01:00:00,250.60180085421217
2023-04-02 01:00:00,256.705380070071
2023-04-03 01:00:00,259.753628775027
2023-04-04 01:00:00,262.7994760280591
2023-04-05 01:00:00,265.8428948916078
2023-04-06 01:00:00,268.8838623988656
2023-04-09 01:00:00,277.99189955150604
2023-04-10 01:00:00,281.0229288365665
2023-04-11 01:00:00,284.0514621153994
2023-04-12 01:00:00,287.07749902318716
2023-04-13 01:00:00,290.1010374261359
2023-04-14 01:00:00,293.12207048359284
2023-04-16 01:00:00,299.15655040969386
2023-04-17 01:00:00,302.1699311948903
2023-04-18 01:00:00,305.1806685733221
2023-04-19 01:00:00,308.1886873776728
2023-04-20 01:00:00,311.1938954517987
2023-04-21 01:00:00,314.1961839973692
2023-04-23 01:00:00,320.19150417975936
2023-04-24 01:00:00,323.18426420294765
2023-04-25 01:00:00,326.1735664899426
2023-04-26 01:00:00,329.15926271477355
2023-04-27 01:00:00,332.1412013490269
2023-04-28 01:00:00,335.1192277546421
2023-04-30 01:00:00,341.06290904523274
2023-05-01 01:00:00,344.02823839363987
2023-05-02 01:00:00,346.9890052151583
2023-05-03 01:00:00,349.9450411908316
2023-05-04 01:00:00,352.8961781678829
2023-05-05 01:00:00,355.84225005213665
2023-05-07 01:00:00,361.7185548520969
2023-05-08 01:00:00,364.6484788945764
2023-05-09 01:00:00,367.572718820688
2023-05-10 01:00:00,370.49112757868926
2023-05-11 01:00:00,373.40355477291405
2023-05-12 01:00:00,376.30984169117335
2023-05-14 01:00:00,382.10328792921325
2023-05-15 01:00:00,384.99004420299633
2023-05-16 01:00:00,387.8698466418575
2023-05-17 01:00:00,390.7424289047882
2023-05-18 01:00:00,393.60749551547207
2023-05-19 01:00:00,396.4647219012559
2023-05-21 01:00:00,402.1542179001367
2023-05-22 01:00:00,404.985706689882
2023-05-23 01:00:00,407.80779803491293
2023-05-24 01:00:00,410.62004812171716
2023-05-25 01:00:00,413.4219941847616
2023-05-26 01:00:00,416.2131548410016
2023-05-28 01:00:00,421.76109993667967
2023-05-29 01:00:00,424.51682585604163
2023-05-30 01:00:00,427.2596488797117
2023-05-31 01:00:00,429.98899116996006
2023-06-01 01:00:00,432.70425739233275
2023-06-02 01:00:00,435.4048372800709
2023-06-04 01:00:00,440.75944237890724
2023-06-05 01:00:00,443.4122014885929
2023-06-06 01:00:00,446.0477442250642
2023-06-07 01:00:00,448.66541899448373
2023-06-08 01:00:00,451.2645578941733
2023-06-09 01:00:00,453.844467580694
2023-06-11 01:00:00,458.9436402120989
2023-06-12 01:00:00,461.4613048828318
2023-06-13 01:00:00,463.9565304496209
2023-06-14 01:00:00,466.42837194972896
2023-06-15 01:00:00,468.87581945061964
2023-06-16 01:00:00,471.297796066324
2023-06-18 01:00:00,476.06068772106374
2023-06-19 01:00:00,478.39910643060216
2023-06-20 01:00:00,480.7070616827357
2023-06-21 01:00:00,482.98313379625665
2023-06-22 01:00:00,485.22583445711297
2023-06-23 01:00:00,487.4336061462437
2023-06-25 01:00:00,491.73777984299403
2023-06-26 01:00:00,493.8307098940353
2023-06-27 01:00:00,495.88176451147274
2023-06-28 01:00:00,497.889022595819
2023-06-29 01:00:00,499.850490036888
2023-06-30 01:00:00,501.7641032136927
2023-07-02 01:00:00,505.43920204344795
2023-07-03 01:00:00,507.1962743080814
2023-07-04 01:00:00,508.89668019336705
2023-07-05 01:00:00,510.5381085854745
2023-07-06 01:00:00,512.1182037611485
2023-07-07 01:00:00,513.6345547832298
2023-07-09 01:00:00,516.4660277521488
2023-07-10 01:00:00,517.7759448043199
2023-07-11 01:00:00,519.0116994826099
2023-07-12 01:00:00,520.170473431164
2023-07-13 01:00:00,521.2493725883602
2023-07-14 01:00:00,522.2454393936032
2023-07-16 01:00:00,523.9770244148008
2023-07-17 01:00:00,524.7064659795932
2023-07-18 01:00:00,525.3409702690719
2023-07-19 01:00:00,525.8775639767437
2023-07-20 01:00:00,526.3133578391097
2023-07-21 01:00:00,526.6455857773112
2023-07-23 01:00:00,526.9891623773988
2023-07-24 01:00:00,526.996011598843
2023-07-25 01:00:00,526.8904074181588
2023-07-26 01:00:00,526.6709512134549
2023-07-27 01:00:00,526.3367037414545
2023-07-28 01:00:00,525.8872598335098
2023-07-30 01:00:00,524.6443117529653
2023-07-31 01:00:00,523.8533911730699
2023-08-01 01:00:00,522.9525928465189
2023-08-02 01:00:00,521.9453447509231
2023-08-03 01:00:00,520.8360062806455
2023-08-04 01:00:00,519.6298723942159
2023-08-06 01:00:00,516.9529533661132
2023-08-07 01:00:00,515.4972049115474
2023-08-08 01:00:00,513.9746414586998
2023-08-09 01:00:00,512.3947249706813
2023-08-10 01:00:00,510.767573584356
2023-08-11 01:00:00,509.10387085066645
2023-08-13 01:00:00,505.7117146533107
2023-08-14 01:00:00,504.00642027705203
2023-08-15 01:00:00,502.3106189781449
2023-08-16 01:00:00,500.6359740528735
2023-08-17 01:00:00,498.99392797456466
2023-08-18 01:00:00,497.39556858783607
2023-08-20 01:00:00,494.37176275967136
2023-08-21 01:00:00,492.9656820292894
2023-08-22 01:00:00,491.64185216606245
2023-08-23 01:00:00,490.40805242694836
2023-08-24 01:00:00,489.2712181059968
2023-08-25 01:00:00,488.23742527404795
2023-08-27 01:00:00,486.4990029423671
2023-08-28 01:00:00,485.80232340788734
2023-08-29 01:00:00,485.2246468248683
2023-08-30 01:00:00,484.76802133154376
2023-08-31 01:00:00,484.43378246895304
2023-09-01 01:00:00,484.22258375285196
2023-09-03 01:00:00,484.1687329946259
2023-09-04 01:00:00,484.32435070628065
2023-09-05 01:00:00,484.59967587180415
2023-09-06 01:00:00,484.9926994702496
2023-09-07 01:00:00,485.50108416634873
2023-09-08 01:00:00,486.12222989047535
2023-09-10 01:00:00,487.69142973959936
2023-09-11 01:00:00,488.63345215328326
2023-09-12 01:00:00,489.6762517935667
2023-09-13 01:00:00,490.8166379147127
2023-09-14 01:00:00,492.0514035762615
2023-09-15 01:00:00,493.3773494005151
2023-09-17 01:00:00,496.29014216555754
2023-09-18 01:00:00,497.8707985297631
2023-09-19 01:00:00,499.530281056642
2023-09-20 01:00:00,501.2656804261629
2023-09-21 01:00:00,503.0741781205089
2023-09-22 01:00:00,504.9530526378527
2023-09-24 01:00:00,508.9115573315346
2023-09-25 01:00:00,510.98626219809603
2023-09-26 01:00:00,513.121491410287
2023-09-27 01:00:00,515.3150336490862
2023-09-28 01:00:00,517.5647623322135
2023-09-29 01:00:00,519.8686208541363
2023-10-01 01:00:00,524.6307612896308
2023-10-02 01:00:00,527.0851586735821
2023-10-03 01:00:00,529.5859097164031
2023-10-04 01:00:00,532.1311639741723
2023-10-05 01:00:00,534.7191162654943
2023-10-06 01:00:00,537.3480124409032
2023-10-08 01:00:00,542.7218977924792
2023-10-09 01:00:00,545.4636613653871
2023-10-10 01:00:00,548.2399173398612
2023-10-11 01:00:00,549.6126306098374
2023-10-12 01:00:00,550.6121184538407
2023-10-13 01:00:00,551.6227351100024
2023-10-15 01:00:00,553.6754418207242
2023-10-16 01:00:00,554.7166145915509
2023-10-17 01:00:00,555.7670821171708
2023-10-18 01:00:00,556.8264263122469
2023-10-19 01:00:00,557.8942459687377
2023-10-20 01:00:00,558.9701570068614
2023-10-22 01:00:00,561.1448027996543
2023-10-23 01:00:00,562.2428546035048
2023-10-24 01:00:00,563.3476306571579
2023-10-25 01:00:00,564.4588281289816
2023-10-26 01:00:00,565.5761566056359
2023-10-27 01:00:00,566.6993353397747
2023-10-29 01:00:00,568.9621496803883
2023-10-30 00:00:00,570.0533903045066
2023-10-31 00:00:00,571.1970575514358
2023-11-01 00:00:00,572.3452279646897
2023-11-02 00:00:00,573.4976294036258
2023-11-03 00:00:00,574.6539906013463
2023-11-05 00:00:00,576.9775189505982
2023-11-06 00:00:00,578.1441582354917
2023-11-07 00:00:00,579.3137027607563
2023-11-08 00:00:00,580.4858996369605
2023-11-09 00:00:00,581.6605006687952
2023-11-10 00:00:00,582.8372623860207
2023-11-12 00:00:00,585.196318596456
2023-11-13 00:00:00,586.3781519939065
2023-11-14 00:00:00,587.5612253812377
2023-11-15 00:00:00,588.7453255849266
2023-11-16 00:00:00,589.9302484893767
2023-11-17 00:00:00,591.1158001925419
2023-11-19 00:00:00,593.4880703464028
2023-11-20 00:00:00,594.674457863151
2023-11-21 00:00:00,595.8608118138015
2023-11-22 00:00:00,597.0469937249475
2023-11-23 00:00:00,598.232873979264
2023-11-24 00:00:00,599.4183301948262
2023-11-26 00:00:00,601.787505877436
2023-11-27 00:00:00,602.9709998163474
2023-11-28 00:00:00,604.1536155042625
2023-11-29 00:00:00,605.3352407289764
2023-11-30 00:00:00,606.5157627219494
2023-12-01 00:00:00,607.6950682829371
2023-12-03 00:00:00,610.0495796270316
2023-12-04 00:00:00,611.2245635605847
2023-12-05 00:00:00,612.3978885525602
2023-12-06 00:00:00,613.5694494211693
2023-12-07 00:00:00,614.7391436975503
2023-12-08 00:00:00,615.9068716386549
2023-12-10 00:00:00,618.23604307595
2023-12-11 00:00:00,617.2447852586672
2023-12-12 00:00:00,615.8930983723283
2023-12-13 00:00:00,614.5418723473031
2023-12-14 00:00:00,613.1912470257955
2023-12-15 00:00:00,611.8413559241214
2023-12-17 00:00:00,609.1442693823335
2023-12-18 00:00:00,607.797296653195
2023-12-19 00:00:00,606.4515028983732
2023-12-20 00:00:00,605.1069753227439
2023-12-21 00:00:00,603.7637929172171
2023-12-22 00:00:00,600.6629817871893
2023-12-25 00:00:00,589.2420643943578
2023-12-26 00:00:00,585.4360622665856
2023-12-27 00:00:00,581.6307607921198
2023-12-28 00:00:00,577.8262913108472
2023-12-29 00:00:00,574.0227880505404
2024-01-01 00:00:00,562.6194613824707
2024-01-02 00:00:00,558.8212196292885
2024-01-03 00:00:00,555.0246509692724
2024-01-04 00:00:00,551.2299000498447
2024-01-05 00:00:00,547.4371110427131
2024-01-07 00:00:00,539.8580053649687
2024-01-08 00:00:00,536.0719845595514
2024-01-09 00:00:00,532.2885187158819
2024-01-10 00:00:00,528.5077596002118
2024-01-11 00:00:00,524.7298578724912
2024-01-12 00:00:00,520.9549594171331
2024-01-14 00:00:00,513.4147033667457
2024-01-15 00:00:00,509.6495716641499
2024-01-16 00:00:00,505.8878897173798
2024-01-17 00:00:00,502.12972279346104
2024-01-18 00:00:00,498.3751196176124
2024-01-19 00:00:00,494.6241156654881
2024-01-21 00:00:00,487.1330010761731
2024-01-22 00:00:00,483.3929236491393
2024-01-23 00:00:00,479.65651638760824
2024-01-24 00:00:00,475.9237906875229
2024-01-25 00:00:00,472.1947585404514
2024-01-26 00:00:00,468.4694335322961
2024-01-28 00:00:00,461.0299712172789
2024-01-29 00:00:00,457.3158740436144
2024-01-30 00:00:00,453.60556440978576
2024-01-31 00:00:00,449.89906944261156
2024-02-01 00:00:00,446.1964189137111
2024-02-02 00:00:00,442.49764528883264
2024-02-04 00:00:00,435.11187380215824
2024-02-05 00:00:00,431.4249577877368
2024-02-06 00:00:00,427.74208378625906
2024-02-07 00:00:00,424.06330493456886
2024-02-08 00:00:00,420.38867920198754
2024-02-09 00:00:00,416.71826760175446
2024-02-11 00:00:00,409.390323906798
2024-02-12 00:00:00,405.7328921715973
2024-02-13 00:00:00,402.0798662433062
2024-02-14 00:00:00,398.431260875961
2024-02-15 00:00:00,394.7870755510195
2024-02-16 00:00:00,391.14729692945036
2024-02-18 00:00:00,383.8808610074959
2024-02-19 00:00:00,380.25414009806946
2024-02-20 00:00:00,376.631702936429
2024-02-21 00:00:00,373.0135121045641
2024-02-22 00:00:00,369.3995300001272
2024-02-23 00:00:00,365.78971956980587
2024-02-25 00:00:00,358.58247175211113
2024-02-26 00:00:00,354.98496802043314
2024-02-27 00:00:00,351.3915041147918
2024-02-28 00:00:00,347.8020532562302
2024-02-29 00:00:00,344.2165917335191
2024-03-01 00:00:00,340.6350991217804
2024-03-03 00:00:00,333.4839572565645
2024-03-04 00:00:00,329.91428686937087
2024-03-05 00:00:00,326.3485444563982
2024-03-06 00:00:00,322.78673316885755
2024-03-07 00:00:00,319.2288628061985
2024-03-08 00:00:00,315.6749496777087
2024-03-10 00:00:00,308.57908303349376
2024-03-11 00:00:00,305.0371746844294
2024-03-12 00:00:00,301.4993049603542
2024-03-13 00:00:00,297.96547814474746
2024-03-14 00:00:00,294.43568619167667
2024-03-15 00:00:00,290.90990903088914
2024-03-17 00:00:00,283.8702702520984
2024-03-18 00:00:00,280.3563272548554
2024-03-19 00:00:00,276.8462405554381
2024-03-20 00:00:00,273.3399611765393
2024-03-21 00:00:00,269.8374388905709
2024-03-22 00:00:00,266.42546803613436
2024-03-24 00:00:00,263.91728404514873
2024-03-25 00:00:00,262.669594821264
2024-03-26 00:00:00,261.42616246693376
2024-03-27 00:00:00,260.1869794501317
2024-03-28 00:00:00,258.9520394779308
2024-03-31 00:00:00,255.2726379606553
2024-04-01 01:00:00,254.00384053310324
2024-04-02 01:00:00,252.79025734026015
2024-04-03 01:00:00,251.58091748615777
2024-04-04 01:00:00,250.37582922261277
2024-04-05 01:00:00,249.1750033622739
2024-04-07 01:00:00,246.78619198806967
2024-04-08 01:00:00,245.59823484536724
2024-04-09 01:00:00,244.41459378414714
2024-04-10 01:00:00,243.23527776868076
2024-04-11 01:00:00,242.0602913156833
2024-04-12 01:00:00,240.88963419205362
2024-04-14 01:00:00,238.56128610504015
2024-04-15 01:00:00,237.40357639985274
2024-04-16 01:00:00,236.25016034308283
2024-04-17 01:00:00,235.10102449951324
2024-04-18 01:00:00,233.95615478939902
2024-04-19 01:00:00,232.8155367548087
2024-04-21 01:00:00,230.54699690481425
2024-04-22 01:00:00,229.74904852456095
2024-04-23 01:00:00,228.97427231490653
2024-04-24 01:00:00,228.20415994231033
2024-04-25 01:00:00,227.43868167724008
2024-04-26 01:00:00,226.67780932217974
2024-04-28 01:00:00,225.16977800898786
2024-04-29 01:00:00,224.42257133216842
2024-04-30 01:00:00,223.67987512272234
2024-05-01 01:00:00,222.9416698292764
2024-05-02 01:00:00,222.2079373364996
2024-05-03 01:00:00,221.47866063392254
2024-05-05 01:00:00,220.0334089597445
2024-05-06 01:00:00,219.31740019475922
2024-05-07 01:00:00,218.60577792199922
2024-05-08 01:00:00,217.8985204904022
2024-05-09 01:00:00,217.19560323772066
2024-05-10 01:00:00,216.4969984281468
2024-05-12 01:00:00,215.11260203307063
2024-05-13 01:00:00,214.42674361052437
2024-05-14 01:00:00,213.7450651882165
2024-05-15 01:00:00,213.06753113829097
2024-05-16 01:00:00,212.39410561749932
2024-05-17 01:00:00,211.72475273110842
2024-05-19 01:00:00,211.7099193546296
2024-05-20 01:00:00,213.39635889151873
2024-05-21 01:00:00,215.08665846612865
2024-05-22 01:00:00,216.78082244486754
2024-05-23 01:00:00,218.47885724700708
2024-05-24 01:00:00,221.55632597388032
2024-05-26 01:00:00,228.94768075619436
2024-05-27 01:00:00,232.6495534121938
2024-05-28 01:00:00,236.35564469353346
2024-05-29 01:00:00,240.06601754050845
2024-05-30 01:00:00,243.78073001611062
2024-05-31 01:00:00,247.49983360939385
2024-06-02 01:00:00,254.95137861213448
2024-06-03 01:00:00,258.6838786407864
2024-06-04 01:00:00,262.42088656855964
2024-06-05 01:00:00,266.16240847669036
2024-06-06 01:00:00,269.90844361912735
2024-06-07 01:00:00,273.65898683234667
2024-06-09 01:00:00,281.1735696657596
2024-06-10 01:00:00,284.9375978676201
2024-06-11 01:00:00,288.70611375420054
2024-06-12 01:00:00,292.47911844342
2024-06-13 01:00:00,296.2566159417109
2024-06-14 01:00:00,300.03861279626346
2024-06-16 01:00:00,307.61614169479117
2024-06-17 01:00:00,311.41169747986373
2024-06-18 01:00:00,315.21180044598447
2024-06-19 01:00:00,319.01646880358305
2024-06-20 01:00:00,322.8257242289512
2024-06-21 01:00:00,326.63959235047196
2024-06-23 01:00:00,334.2812892805613
2024-06-24 01:00:00,338.1091873732365
2024-06-25 01:00:00,341.9418335803333
2024-06-26 01:00:00,345.77926227635663
2024-06-27 01:00:00,349.62150303629426
2024-06-28 01:00:00,353.46857803270836
2024-06-30 01:00:00,361.17727034470016
2024-07-01 01:00:00,365.038879291935
2024-07-02 01:00:00,368.905304952324
2024-07-03 01:00:00,372.77651438120773
2024-07-04 01:00:00,376.65246469481434
2024-07-05 01:00:00,380.53310475947535
2024-07-07 01:00:00,388.30822030786004
2024-07-08 01:00:00,392.20257016929816
2024-07-09 01:00:00,396.10136183449384
2024-07-10 01:00:00,400.0045304456574
2024-07-11 01:00:00,403.9120110665389
2024-07-12 01:00:00,407.8237405423291
2024-07-14 01:00:00,415.6596953245863
2024-07-15 01:00:00,419.5837972374791
2024-07-16 01:00:00,423.5119017195927
2024-07-17 01:00:00,427.44395063802534
2024-07-18 01:00:00,431.37988871974903
2024-07-19 01:00:00,435.31966471636446
2024-07-21 01:00:00,443.21055183194545
2024-07-22 01:00:00,447.16158792970583
2024-07-23 01:00:00,451.11631013660264
2024-07-24 01:00:00,455.074688996865
2024-07-25 01:00:00,459.03669250985905
2024-07-26 01:00:00,463.0022821961702
2024-07-28 01:00:00,470.94401485791155
2024-07-29 01:00:00,474.92002406992015
2024-07-30 01:00:00,478.89935090683286
2024-07-31 01:00:00,482.8818965240219
2024-08-01 01:00:00,486.86755088122476
2024-08-02 01:00:00,490.85619415812437
2024-08-04 01:00:00,498.84192864453865
2024-08-05 01:00:00,502.8387454871251
2024-08-06 01:00:00,506.838005551087
2024-08-07 01:00:00,510.83956322964997
2024-08-08 01:00:00,514.8432715633871
2024-08-09 01:00:00,518.8489829375627
2024-08-11 01:00:00,526.8658237088405
2024-08-12 01:00:00,530.8766581792916
2024-08-13 01:00:00,534.888906559502
2024-08-14 01:00:00,538.9024239848336
2024-08-15 01:00:00,542.9170681790596
2024-08-16 01:00:00,546.9327009301818
2024-08-18 01:00:00,554.9664104212765
2024-08-19 01:00:00,558.9842468194039
2024-08-20 01:00:00,561.1943869226749
2024-08-21 01:00:00,562.6217427881955
2024-08-22 01:00:00,564.0483175320618
2024-08-23 01:00:00,565.4740603423489
2024-08-25 01:00:00,568.3228304302513
2024-08-26 01:00:00,569.7457368482545
2024-08-27 01:00:00,571.1675691856328
2024-08-28 01:00:00,572.5882558315192
2024-08-29 01:00:00,574.0077215503359
2024-08-30 01:00:00,575.4258880876096
2024-09-01 01:00:00,578.2579988440334
2024-09-02 01:00:00,579.6717762816141
2024-09-03 01:00:00,581.0839218615346
2024-09-04 01:00:00,582.4943497320143
2024-09-05 01:00:00,583.9029737294932
2024-09-06 01:00:00,585.3097076865103
2024-09-08 01:00:00,588.1171622957916
2024-09-09 01:00:00,589.5177127133052
2024-09-10 01:00:00,590.9160329951528
2024-09-11 01:00:00,592.3120402665181
2024-09-12 01:00:00,593.7056530420374
2024-09-13 01:00:00,595.096791668023
2024-09-15 01:00:00,597.8713406011267
2024-09-16 01:00:00,599.2546063501461
2024-09-17 01:00:00,600.6351098645582
2024-09-18 01:00:00,602.0127888278629
2024-09-19 01:00:00,603.3875840186619
2024-09-20 01:00:00,604.7594377848352
2024-09-22 01:00:00,607.4940876463166
2024-09-23 01:00:00,608.856761481362
2024-09-24 01:00:00,610.2162480831864
2024-09-25 01:00:00,611.5724789227901
2024-09-26 01:00:00,612.9253831381967
2024-09-27 01:00:00,614.274888156899
2024-09-29 01:00:00,616.9634051286222
2024-09-30 01:00:00,618.3022681041818
2024-10-01 01:00:00,619.6374346362624
2024-10-02 01:00:00,620.9688304972624
2024-10-03 01:00:00,622.2963820557817
2024-10-04 01:00:00,623.6200165308502
2024-10-06 01:00:00,626.2552488512947
2024-10-07 01:00:00,627.5667075963574
2024-10-08 01:00:00,628.8739715095833
2024-10-09 01:00:00,630.1769756475288
2024-10-10 01:00:00,631.4756573486791
2024-10-11 01:00:00,632.7699565598493
2024-10-13 01:00:00,635.3451830708034
2024-10-14 01:00:00,636.6260078294538
2024-10-15 01:00:00,637.6069086845278
2024-10-16 01:00:00,636.3930935102286
2024-10-17 01:00:00,635.1745926329916
2024-10-18 01:00:00,633.9514008852148
2024-10-20 01:00:00,631.490911238309
2024-10-21 01:00:00,630.2535967828401
2024-10-22 01:00:00,629.011563283128
2024-10-23 01:00:00,627.7648130016934
2024-10-24 01:00:00,626.5133549015223
2024-10-25 01:00:00,625.2572050068393
2024-10-27 01:00:00,622.7309291100775
2024-10-28 00:00:00,621.5137569506082
2024-10-29 00:00:00,620.2393282859381
2024-10-30 00:00:00,618.960389116903
2024-10-31 00:00:00,617.6769960525639
2024-11-01 00:00:00,616.3892125229447
2024-11-03 00:00:00,613.8007621949104
2024-11-04 00:00:00,611.565258236589
2024-11-05 00:00:00,607.6936668249621
2024-11-06 00:00:00,603.8140146861639
2024-11-07 00:00:00,599.9265915798528
2024-11-08 00:00:00,596.0317009103893
2024-11-10 00:00:00,588.2207862109018
2024-11-11 00:00:00,584.3054159479971
2024-11-12 00:00:00,580.3838778217305
2024-11-13 00:00:00,576.4564989879733
2024-11-14 00:00:00,572.5235983469095
2024-11-15 00:00:00,568.5854836885778
2024-11-17 00:00:00,560.6947925570881
2024-11-18 00:00:00,556.742794770483
2024-11-19 00:00:00,552.7867544248554
2024-11-20 00:00:00,548.8269809587335
2024-11-21 00:00:00,544.8638018757504
2024-11-22 00:00:00,540.8975650047025
2024-11-24 00:00:00,532.9574128647074
2024-11-25 00:00:00,528.9842949376741
2024-11-26 00:00:00,525.0097121782525
2024-11-27 00:00:00,521.0341095872652
2024-11-28 00:00:00,517.0579500770652
2024-11-29 00:00:00,513.0817146624426
2024-12-01 00:00:00,505.1310329923346
2024-12-02 00:00:00,501.15764246146796
2024-12-03 00:00:00,497.18628728286546
2024-12-04 00:00:00,493.2175411977357
2024-12-05 00:00:00,489.25199401433395
2024-12-06 00:00:00,485.29024929328097
2024-12-08 00:00:00,477.3806322729228
2024-12-09 00:00:00,473.4340071298731
2024-12-10 00:00:00,469.4936705330903
2024-12-11 00:00:00,465.56024160480854
2024-12-12 00:00:00,461.63432961849185
2024-12-13 00:00:00,457.7165304604677
2024-12-15 00:00:00,449.90757956865184
2024-12-16 00:00:00,446.0175505315529
2024-12-17 00:00:00,442.1378891765563
2024-12-18 00:00:00,438.26914863860446
2024-12-19 00:00:00,434.4118896270236
2024-12-20 00:00:00,430.56668467061775
2024-12-22 00:00:00,422.91479937656936
2024-12-23 00:00:00,419.1093384791376
2024-12-24 00:00:00,415.3183702795916
2024-12-25 00:00:00,411.5425419960677
2024-12-26 00:00:00,407.78251583449594
2024-12-27 00:00:00,404.0389697162575
2024-12-29 00:00:00,396.60411629816497
2024-12-30 00:00:00,392.9142575570324
2024-12-31 00:00:00,389.2437800012683
2025-01-01 00:00:00,385.5934654607495
2025-01-02 00:00:00,381.96412021720056
2025-01-03 00:00:00,378.3565738822289
2025-01-05 00:00:00,371.2102999623606
2025-01-06 00:00:00,367.6733234771888
2025-01-07 00:00:00,364.1616387154899
2025-01-08 00:00:00,360.6761416046884
2025-01-09 00:00:00,357.2177302223418
2025-01-10 00:00:00,353.7873023161992
2025-01-12 00:00:00,347.01398043235196
2025-01-13 00:00:00,343.67287757659113
2025-01-14 00:00:00,340.3633469816086
2025-01-15 00:00:00,337.08630123401815
2025-01-16 00:00:00,333.8426704460924
2025-01-17 00:00:00,330.63340857978847
2025-01-19 00:00:00,324.3219586499457
2025-01-20 00:00:00,322.80913385556505
2025-01-21 00:00:00,321.4196210914534
2025-01-22 00:00:00,320.0478174821014
2025-01-23 00:00:00,318.6942182108254
2025-01-24 00:00:00,317.35933100891697
2025-01-26 00:00:00,314.74779437918704
2025-01-27 00:00:00,313.4722362637764
2025-01-28 00:00:00,312.2175769326194
2025-01-29 00:00:00,310.98441182125356
2025-01-30 00:00:00,309.7733594869289
2025-01-31 00:00:00,308.5850622903718
2025-02-02 00:00:00,306.2794180275097
2025-02-03 00:00:00,305.1634658085506
2025-02-04 00:00:00,304.07305402863483
2025-02-05 00:00:00,303.0089230881754
2025-02-06 00:00:00,301.9718279479841
2025-02-07 00:00:00,300.9625377684246
2025-02-09 00:00:00,299.03052185434706
2025-02-10 00:00:00,298.10940975208393
2025-02-11 00:00:00,297.21933211716504
2025-02-12 00:00:00,296.3611399536198
2025-02-13 00:00:00,295.53570434429935
2025-02-14 00:00:00,294.74391757556015
2025-02-16 00:00:00,293.26496921051597
2025-02-17 00:00:00,292.5797009983072
2025-02-18 00:00:00,291.93186598907243
2025-02-19 00:00:00,291.32245797662495
2025-02-20 00:00:00,290.7524847161661
2025-02-21 00:00:00,290.2229632823358
2025-02-23 00:00:00,289.28936421240945
2025-02-24 00:00:00,288.88732363909116
2025-02-25 00:00:00,288.5297969872373
2025-02-26 00:00:00,288.2177671218875
2025-02-27 00:00:00,287.9521880359032
2025-02-28 00:00:00,287.73397327676224
2025-03-02 00:00:00,287.44299180962145
2025-03-03 00:00:00,287.3716887154326
2025-03-04 00:00:00,287.35062510943794
2025-03-05 00:00:00,287.3801978976547
2025-03-06 00:00:00,287.4606182707662
2025-03-07 00:00:00,287.59188419677173
2025-03-09 00:00:00,288.0057253031497
2025-03-10 00:00:00,288.28700713431664
2025-03-11 00:00:00,288.6165064359018
2025-03-12 00:00:00,288.9928090522758
2025-03-13 00:00:00,289.4141685851776
2025-03-14 00:00:00,289.878499957877
2025-03-16 00:00:00,290.92604996178096
2025-03-17 00:00:00,291.5034378616082
2025-03-18 00:00:00,292.1121719271636
2025-03-19 00:00:00,292.7486141501224
2025-03-20 00:00:00,293.4088963104941
2025-03-21 00:00:00,294.0889637237214
2025-03-23 00:00:00,295.4916067629591
2025-03-24 00:00:00,296.2056113099474
2025-03-25 00:00:00,296.9223760176191
2025-03-26 00:00:00,297.63773139764135
2025-03-27 00:00:00,298.34765550049025
2025-03-28 00:00:00,299.0483215660197
2025-03-30 00:00:00,300.40776724224105
2025-03-31 01:00:00,301.0864203166233
2025-04-01 01:00:00,301.7158211494909
2025-04-02 01:00:00,302.3206461442008
2025-04-03 01:00:00,302.89872828060857
2025-04-04 01:00:00,303.4481978809268
2025-04-06 01:00:00,304.4553003265661
2025-04-07 01:00:00,304.91065617624713
2025-04-08 01:00:00,305.732942738079
2025-04-09 01:00:00,306.72036377486216
2025-04-10 01:00:00,307.5910165526345
2025-04-11 01:00:00,308.3449020685089
2025-04-13 01:00:00,309.5051707319422
2025-04-14 01:00:00,309.91415676118726
2025-04-15 01:00:00,310.21145586419425
2025-04-16 01:00:00,310.3992955462847
2025-04-17 01:00:00,310.4801721736491
2025-04-20 01:00:00,310.1090054222823
2025-04-21 01:00:00,309.79072509856496
2025-04-22 01:00:00,309.3804199868872
2025-04-23 01:00:00,308.88132187011865
2025-04-24 01:00:00,308.296680827719
2025-04-25 01:00:00,307.6457781596096
2025-04-27 01:00:00,307.4132564515277
2025-04-28 01:00:00,307.26726460660734
2025-04-29 01:00:00,307.1027648882078
2025-04-30 01:00:00,306.9206869579973
2025-05-01 01:00:00,306.7219132942912
2025-05-02 01:00:00,306.5072808151303
2025-05-04 01:00:00,306.033583643153
2025-05-05 01:00:00,305.77600286560994
2025-05-06 01:00:00,305.50553857825486
2025-05-07 01:00:00,305.22285971038946
2025-05-08 01:00:00,304.9286096623599
2025-05-09 01:00:00,304.62340752986336
2025-05-11 01:00:00,303.9825081095968
2025-05-12 01:00:00,303.6479368054974
2025-05-13 01:00:00,303.30466752491725
2025-05-14 01:00:00,302.9532135559291
2025-05-15 01:00:00,302.5940702654193
2025-05-16 01:00:00,302.22771611624535
2025-05-18 01:00:00,301.47521014812764
2025-05-19 01:00:00,301.089938843155
2025-05-20 01:00:00,300.6992192270259
2025-05-21 01:00:00,300.3034578210829
2025-05-22 01:00:00,299.9030483967806
2025-05-23 01:00:00,299.498371693946
2025-05-25 01:00:00,298.67766675086864
2025-05-26 01:00:00,298.26232036637845
2025-05-27 01:00:00,297.8440645205527
2025-05-28 01:00:00,297.42318421376535
2025-05-29 01:00:00,296.99993946367476
2025-05-30 01:00:00,296.57456660169254
2025-06-01 01:00:00,295.71828098087923
2025-06-02 01:00:00,295.2877503056868
2025-06-03 01:00:00,294.8558617395653
2025-06-04 01:00:00,294.4227785842877
2025-06-05 01:00:00,293.9886560736712
2025-06-06 01:00:00,293.5536422302017
2025-06-08 01:00:00,292.68150009257573
2025-06-09 01:00:00,292.2446368012471
2025-06-10 01:00:00,291.8074132330476
2025-06-11 01:00:00,291.36994958200796
2025-06-12 01:00:00,290.9323622464247
2025-06-13 01:00:00,290.49476446752453
2025-06-15 01:00:00,289.61997806651834
2025-06-16 01:00:00,289.18300463681743
2025-06-17 01:00:00,288.7464515440828
2025-06-18 01:00:00,288.31042187903034
2025-06-19 01:00:00,287.8750165484947
2025-06-20 01:00:00,287.44033363487284
2025-06-22 01:00:00,286.5735067392802
2025-06-23 01:00:00,286.1415335807467
2025-06-24 01:00:00,285.7106207190422
2025-06-25 01:00:00,285.28083022170136
2025-06-26 01:00:00,284.85221241413706
2025-06-27 01:00:00,284.42480588218086
2025-06-29 01:00:00,283.57372879162745
2025-06-30 01:00:00,283.1500882803629
2025-07-01 01:00:00,282.7277226174257
2025-07-02 01:00:00,282.3066331191004
2025-07-03 01:00:00,281.8868175816155
2025-07-04 01:00:00,281.46827080807327
2025-07-06 01:00:00,283.8318851845014
2025-07-07 01:00:00,285.5403294957803
2025-07-08 01:00:00,287.2559782462692
2025-07-09 01:00:00,288.9787557298538
2025-07-10 01:00:00,290.7085884264577
2025-07-11 01:00:00,292.4454044879916
2025-07-13 01:00:00,295.93970272891477
2025-07-14 01:00:00,297.69704125591556
2025-07-15 01:00:00,299.461073183647
2025-07-16 01:00:00,301.2317189501499
2025-07-17 01:00:00,303.0088935292478
2025-07-18 01:00:00,304.7925054018656
2025-07-20 01:00:00,308.3786386228007
2025-07-21 01:00:00,310.18094021767547
2025-07-22 01:00:00,311.9892406047538
2025-07-23 01:00:00,313.8034146667525
2025-07-24 01:00:00,315.6233340679924
2025-07-25 01:00:00,317.4488693218454
2025-07-27 01:00:00,321.11627463580453
2025-07-28 01:00:00,322.95789450779967
2025-07-29 01:00:00,324.8046307708635
2025-07-30 01:00:00,326.6563656632333
2025-07-31 01:00:00,328.5129836753721
2025-08-01 01:00:00,330.3743709821136
2025-08-03 01:00:00,334.1110040010218
2025-08-04 01:00:00,335.9860271628329
2025-08-05 01:00:00,337.8653744204851
2025-08-06 01:00:00,339.74893663863793
2025-08-07 01:00:00,341.63660562696674
2025-08-08 01:00:00,343.52827398378207
