datetime,cycle
1999-06-03 01:00:00,1939.9039522365522
1999-06-04 01:00:00,1940.7508517098527
1999-06-06 01:00:00,1942.9025640925258
1999-06-07 01:00:00,1944.0788487662815
1999-06-08 01:00:00,1945.2333090914888
1999-06-09 01:00:00,1946.3165021970894
1999-06-10 01:00:00,1947.3064609890641
1999-06-11 01:00:00,1948.2145616771315
1999-06-13 01:00:00,1949.9779642189403
1999-06-14 01:00:00,1950.9665103604118
1999-06-15 01:00:00,1952.1057569354314
1999-06-16 01:00:00,1953.4257008967893
1999-06-17 01:00:00,1954.9242962150738
1999-06-18 01:00:00,1956.5699466884519
1999-06-20 01:00:00,1960.0856361984174
1999-06-21 01:00:00,1962.3662603013088
1999-06-22 01:00:00,1965.8359551136427
1999-06-23 01:00:00,1969.256910667855
1999-06-24 01:00:00,1971.6962676581225
1999-06-25 01:00:00,1973.3017338637292
1999-06-27 01:00:00,1976.5287502827803
1999-06-28 01:00:00,1978.1941229707209
1999-06-29 01:00:00,1979.9198778064124
1999-06-30 01:00:00,1981.717900658882
1999-07-01 01:00:00,1983.5915953179801
1999-07-02 01:00:00,1985.5353140851382
1999-07-04 01:00:00,1989.571229064952
1999-07-05 01:00:00,1991.6206687220374
1999-07-06 01:00:00,1993.6618200505272
1999-07-07 01:00:00,1995.6780721183804
1999-07-08 01:00:00,1997.660992583403
1999-07-09 01:00:00,1999.611785499856
1999-07-11 01:00:00,2002.9975631150755
1999-07-12 01:00:00,2004.4317979959224
1999-07-13 01:00:00,2005.870782879
1999-07-14 01:00:00,2007.3213608351164
1999-07-15 01:00:00,2008.782186317496
1999-07-16 01:00:00,2010.244490056408
1999-07-18 01:00:00,2013.1161439667198
1999-07-19 01:00:00,2014.494803024335
1999-07-20 01:00:00,2015.818908446303
1999-07-21 01:00:00,2017.0816346101342
1999-07-22 01:00:00,2018.2810791917516
1999-07-23 01:00:00,2019.4195777415584
1999-07-25 01:00:00,2021.5357069452166
1999-07-26 01:00:00,2022.5255128725234
1999-07-27 01:00:00,2023.4756650964105
1999-07-28 01:00:00,2024.3873503852105
1999-07-29 01:00:00,2025.2588321163391
1999-07-30 01:00:00,2026.0858595736424
1999-08-01 01:00:00,2027.5828226507858
1999-08-02 01:00:00,2028.2413486771397
1999-08-03 01:00:00,2028.8349730400785
1999-08-04 01:00:00,2029.3630748238002
1999-08-05 01:00:00,2029.827501875342
1999-08-06 01:00:00,2030.2316992916956
1999-08-08 01:00:00,2030.8739176219988
1999-08-09 01:00:00,2031.1163067779391
1999-08-10 01:00:00,2031.3064722973322
1999-08-11 01:00:00,2031.4433944389596
1999-08-12 01:00:00,2030.9856650118236
1999-08-13 01:00:00,2029.9733479800748
1999-08-15 01:00:00,2027.7787367686672
1999-08-16 01:00:00,2026.6159141340834
1999-08-17 01:00:00,2025.4267333803484
1999-08-18 01:00:00,2024.2254290212877
1999-08-19 01:00:00,2023.025246680417
1999-08-20 01:00:00,2021.8369172850075
1999-08-22 01:00:00,2019.5204386899018
1999-08-23 01:00:00,2020.4910695466801
1999-08-24 01:00:00,2019.72694766312
1999-08-25 01:00:00,2018.5374611722743
1999-08-26 01:00:00,2017.3884492452848
1999-08-27 01:00:00,2016.2869969842002
1999-08-29 01:00:00,2020.0022897539143
1999-08-30 01:00:00,2023.9067411713984
1999-08-31 01:00:00,2027.844900263912
1999-09-01 01:00:00,2031.8060874757743
1999-09-02 01:00:00,2035.7807970336507
1999-09-03 01:00:00,2039.76069953378
1999-09-05 01:00:00,2047.7084036499841
1999-09-06 01:00:00,2051.664970836246
1999-09-07 01:00:00,2055.6040826737126
1999-09-08 01:00:00,2059.522311059065
1999-09-09 01:00:00,2063.4169261802917
1999-09-10 01:00:00,2067.2858024760567
1999-09-12 01:00:00,2074.9403416252326
1999-09-13 01:00:00,2078.7240284928557
1999-09-14 01:00:00,2082.4778902088974
1999-09-15 01:00:00,2086.2016728172603
1999-09-16 01:00:00,2089.895322004921
1999-09-17 01:00:00,2093.55894159347
1999-09-19 01:00:00,2100.797090291096
1999-09-20 01:00:00,2104.3723242998312
1999-09-21 01:00:00,2107.918891698032
1999-09-22 01:00:00,2111.437251893369
1999-09-23 01:00:00,2114.9278770653714
1999-09-24 01:00:00,2118.391239358471
1999-09-26 01:00:00,2125.237996318597
1999-09-27 01:00:00,2128.6222358673776
1999-09-28 01:00:00,2131.9808807474965
1999-09-29 01:00:00,2135.31423861069
1999-09-30 01:00:00,2138.6225506949672
1999-10-01 01:00:00,2141.9059806331875
1999-10-03 01:00:00,2148.3983972986543
1999-10-04 01:00:00,2151.6072300175674
1999-10-05 01:00:00,2154.790852940301
1999-10-06 01:00:00,2157.9488887406587
1999-10-07 01:00:00,2160.0
1999-10-08 01:00:00,2160.0
1999-10-10 01:00:00,2160.0
1999-10-11 01:00:00,2160.0
1999-10-12 01:00:00,2160.0
1999-10-13 01:00:00,2160.0
1999-10-14 01:00:00,2160.0
1999-10-15 01:00:00,2160.0
1999-10-17 01:00:00,2158.1962863543354
1999-10-18 01:00:00,2155.565504037992
1999-10-19 01:00:00,2152.9841353501965
1999-10-20 01:00:00,2150.456466528682
1999-10-21 01:00:00,2147.987389897562
1999-10-22 01:00:00,2145.582477937269
1999-10-24 01:00:00,2140.9913402405355
1999-10-25 01:00:00,2138.8204428024624
1999-10-26 01:00:00,2136.7445742079917
1999-10-27 01:00:00,2134.774110688868
1999-10-28 01:00:00,2132.9207204375266
1999-10-29 01:00:00,2131.1974753230215
1999-10-31 01:00:00,2128.201267538759
1999-11-01 00:00:00,2127.0099003390737
1999-11-02 00:00:00,2125.9599073428544
1999-11-03 00:00:00,2125.127321465731
1999-11-04 00:00:00,2124.5335748216007
1999-11-05 00:00:00,2124.200477226603
1999-11-07 00:00:00,2124.399676238493
1999-11-08 00:00:00,2124.967611625397
1999-11-09 00:00:00,2125.8636756905635
1999-11-10 00:00:00,2127.090350526114
1999-11-11 00:00:00,2128.6393669022136
1999-11-12 00:00:00,2130.4891407256728
1999-11-14 00:00:00,2134.9275374601048
1999-11-15 00:00:00,2137.3953450611803
1999-11-16 00:00:00,2139.926229049999
1999-11-17 00:00:00,2142.4329930798945
1999-11-18 00:00:00,2144.8274626072525
1999-11-19 00:00:00,2147.02700233189
1999-11-21 00:00:00,2150.5711869447737
1999-11-22 00:00:00,2151.8211008025332
1999-11-23 00:00:00,2152.6885119674275
1999-11-24 00:00:00,2153.1674895070482
1999-11-25 00:00:00,2153.2649681638695
1999-11-26 00:00:00,2152.9976594347554
1999-11-28 00:00:00,2151.4665846199036
1999-11-29 00:00:00,2150.2597737483516
1999-11-30 00:00:00,2148.798258246354
1999-12-01 00:00:00,2147.110784686281
1999-12-02 00:00:00,2145.224416080597
1999-12-03 00:00:00,2141.0755998956106
1999-12-05 00:00:00,2128.6729459652524
1999-12-06 00:00:00,2121.8976247642054
1999-12-07 00:00:00,2115.025652142975
1999-12-08 00:00:00,2108.10303912302
1999-12-09 00:00:00,2101.16813607444
1999-12-10 00:00:00,2094.2480493979106
1999-12-12 00:00:00,2080.494880933077
1999-12-13 00:00:00,2073.6515267356235
1999-12-14 00:00:00,2066.8071646425255
1999-12-15 00:00:00,2060.738862439036
1999-12-16 00:00:00,2053.5816769946546
1999-12-17 00:00:00,2045.59966501705
1999-12-19 00:00:00,2029.4239094111376
1999-12-20 00:00:00,2021.2539812331072
1999-12-21 00:00:00,2013.0620604865417
1999-12-22 00:00:00,2004.8775951673822
1999-12-23 00:00:00,1996.7260343290636
1999-12-24 00:00:00,1988.623086938774
1999-12-26 00:00:00,1972.5623949578617
1999-12-27 00:00:00,1964.5769262947515
1999-12-28 00:00:00,1956.5929798151585
1999-12-29 00:00:00,1948.5895154837935
1999-12-30 00:00:00,1940.5509329803722
1999-12-31 00:00:00,1932.469585514366
2000-01-02 00:00:00,1916.1898165592042
2000-01-03 00:00:00,1908.013402418671
2000-01-04 00:00:00,1899.8329366811556
2000-01-05 00:00:00,1891.6634220323929
2000-01-06 00:00:00,1883.5166447795405
2000-01-07 00:00:00,1875.3995296248354
2000-01-09 00:00:00,1859.2544432338948
2000-01-10 00:00:00,1851.2142940335923
2000-01-11 00:00:00,1843.1821563761678
2000-01-12 00:00:00,1835.1465746732945
2000-01-13 00:00:00,1827.0975280450407
2000-01-14 00:00:00,1819.028180338847
2000-01-16 00:00:00,1802.8225584901213
2000-01-17 00:00:00,1794.6930958225587
2000-01-18 00:00:00,1786.5542942908996
2000-01-19 00:00:00,1778.4124064361513
2000-01-20 00:00:00,1770.2715072730357
2000-01-21 00:00:00,1762.132658186019
2000-01-23 00:00:00,1739.386920480778
2000-01-24 00:00:00,1727.8065669674675
2000-01-25 00:00:00,1716.20049664198
2000-01-26 00:00:00,1704.570559375
2000-01-27 00:00:00,1692.9239233462397
2000-01-28 00:00:00,1681.271915191879
2000-01-30 00:00:00,1663.3783504146518
2000-01-31 00:00:00,1655.1644930324885
2000-02-01 00:00:00,1646.9824468773293
2000-02-02 00:00:00,1638.8295592562656
2000-02-03 00:00:00,1630.7000818251963
2000-02-04 00:00:00,1622.587535176849
2000-02-06 00:00:00,1606.4024725599684
2000-02-07 00:00:00,1598.3418061959665
2000-02-08 00:00:00,1590.326711129062
2000-02-09 00:00:00,1582.3890280228427
2000-02-10 00:00:00,1574.569659407244
2000-02-11 00:00:00,1566.9144233260085
2000-02-13 00:00:00,1552.2682718820818
2000-02-14 00:00:00,1545.3394723911742
2000-02-15 00:00:00,1538.691226819616
2000-02-16 00:00:00,1532.3189046057207
2000-02-17 00:00:00,1526.2087493405418
2000-02-18 00:00:00,1520.345161886456
2000-02-20 00:00:00,1509.3316781801504
2000-02-21 00:00:00,1504.2012037669408
2000-02-22 00:00:00,1496.810332378351
2000-02-23 00:00:00,1489.65492708128
2000-02-24 00:00:00,1482.864581163878
2000-02-25 00:00:00,1476.4822191503945
2000-02-27 00:00:00,1464.9810533717034
2000-02-28 00:00:00,1459.7969972159892
2000-02-29 00:00:00,1454.8903426820866
2000-03-01 00:00:00,1450.152454821174
2000-03-02 00:00:00,1445.4611281697257
2000-03-03 00:00:00,1440.694435813315
2000-03-05 00:00:00,1432.841552372836
2000-03-06 00:00:00,1429.6901023653115
2000-03-07 00:00:00,1426.234247010883
2000-03-08 00:00:00,1422.5128898846278
2000-03-09 00:00:00,1418.5940826731835
2000-03-10 00:00:00,1414.5580498145187
2000-03-12 00:00:00,1406.392006804414
2000-03-13 00:00:00,1402.306175717172
2000-03-14 00:00:00,1398.174843095381
2000-03-15 00:00:00,1393.917087266599
2000-03-16 00:00:00,1389.9848728304312
2000-03-17 00:00:00,1387.3270929379783
2000-03-19 00:00:00,1380.263863858701
2000-03-20 00:00:00,1375.8726146123836
2000-03-21 00:00:00,1370.9971492493971
2000-03-22 00:00:00,1365.748821157183
2000-03-23 00:00:00,1360.2529354832811
2000-03-24 00:00:00,1354.62770954604
2000-03-26 00:00:00,1343.3196499900778
2000-03-27 01:00:00,1337.4632446770402
2000-03-28 01:00:00,1331.8293931920944
2000-03-29 01:00:00,1326.111165137259
2000-03-30 01:00:00,1320.216599138224
2000-03-31 01:00:00,1314.0502080341919
2000-04-02 01:00:00,1300.61016869807
2000-04-03 01:00:00,1293.282155817242
2000-04-04 01:00:00,1285.5920549036093
2000-04-05 01:00:00,1277.6309653367439
2000-04-06 01:00:00,1269.5216314388367
2000-04-07 01:00:00,1262.1537468106717
2000-04-09 01:00:00,1248.213017761629
2000-04-10 01:00:00,1241.4790111881046
2000-04-11 01:00:00,1234.8460881792942
2000-04-12 01:00:00,1228.2084283871045
2000-04-13 01:00:00,1221.4361685403464
2000-04-14 01:00:00,1214.4043229656907
2000-04-16 01:00:00,1199.4669101451498
2000-04-17 01:00:00,1192.4857644902013
2000-04-18 01:00:00,1185.1848037772145
2000-04-19 01:00:00,1177.6681346653006
2000-04-20 01:00:00,1170.0568075833653
2000-04-21 01:00:00,1162.4660569222237
2000-04-23 01:00:00,1147.663815594787
2000-04-24 01:00:00,1140.5046031859658
2000-04-25 01:00:00,1133.4650560589532
2000-04-26 01:00:00,1126.4652026685542
2000-04-27 01:00:00,1119.4012169431014
2000-04-28 01:00:00,1112.1627480151838
2000-04-30 01:00:00,1098.978481588279
2000-05-01 01:00:00,1092.3011355921863
2000-05-02 01:00:00,1085.3472534977634
2000-05-03 01:00:00,1078.196552370897
2000-05-04 01:00:00,1070.9646028492507
2000-05-05 01:00:00,1063.779096465299
2000-05-07 01:00:00,1049.950440095024
2000-05-08 01:00:00,1043.388012498252
2000-05-09 01:00:00,1038.018291983596
2000-05-10 01:00:00,1036.4573538077577
2000-05-11 01:00:00,1038.152614959627
2000-05-12 01:00:00,1039.7302169049703
2000-05-14 01:00:00,1042.1956813616707
2000-05-15 01:00:00,1043.0330718692067
2000-05-16 01:00:00,1043.6528275659591
2000-05-17 01:00:00,1044.13371153949
2000-05-18 01:00:00,1045.7759634271365
2000-05-19 01:00:00,1049.3584981490374
2000-05-21 01:00:00,1063.0516532572258
2000-05-22 01:00:00,1070.6523228289743
2000-05-23 01:00:00,1078.2965499388924
2000-05-24 01:00:00,1085.9179475330006
2000-05-25 01:00:00,1093.430503584059
2000-05-26 01:00:00,1100.7414602562774
2000-05-28 01:00:00,1114.440513222582
2000-05-29 01:00:00,1120.817389886411
2000-05-30 01:00:00,1126.9589519568879
2000-05-31 01:00:00,1132.7807593596708
2000-06-01 01:00:00,1138.360654727125
2000-06-02 01:00:00,1143.7877944868553
2000-06-04 01:00:00,1154.4701554903684
2000-06-05 01:00:00,1159.7822973082925
2000-06-06 01:00:00,1165.0421691339307
2000-06-07 01:00:00,1170.1809082199354
2000-06-08 01:00:00,1175.1131571742737
2000-06-09 01:00:00,1179.7561229258804
2000-06-11 01:00:00,1187.9490754590379
2000-06-12 01:00:00,1191.4632641581818
2000-06-13 01:00:00,1194.6155789979425
2000-06-14 01:00:00,1197.4525451801242
2000-06-15 01:00:00,1200.0289409735963
2000-06-16 01:00:00,1202.3964625436681
2000-06-18 01:00:00,1206.6440384497066
2000-06-19 01:00:00,1208.5454168682784
2000-06-20 01:00:00,1210.2790806279706
2000-06-21 01:00:00,1211.809521276777
2000-06-22 01:00:00,1213.3544893229694
2000-06-23 01:00:00,1215.4618882153727
2000-06-25 01:00:00,1218.637673993031
2000-06-26 01:00:00,1219.6688758066339
2000-06-27 01:00:00,1220.3396573186312
2000-06-28 01:00:00,1220.6851527443912
2000-06-29 01:00:00,1220.7569216164256
2000-06-30 01:00:00,1220.6148348963115
2000-07-02 01:00:00,1219.914846573058
2000-07-03 01:00:00,1220.5767297880582
2000-07-04 01:00:00,1223.7003383430392
2000-07-05 01:00:00,1226.8302571898773
2000-07-06 01:00:00,1229.9587377997025
2000-07-07 01:00:00,1233.0823678782626
2000-07-09 01:00:00,1243.1472489008927
2000-07-10 01:00:00,1251.2212268101416
2000-07-11 01:00:00,1259.289983663623
2000-07-12 01:00:00,1267.3631882274383
2000-07-13 01:00:00,1275.4494782391846
2000-07-14 01:00:00,1283.554484671454
2000-07-16 01:00:00,1299.8235250557252
2000-07-17 01:00:00,1307.9804681177686
2000-07-18 01:00:00,1316.1446297862663
2000-07-19 01:00:00,1324.3106722063792
2000-07-20 01:00:00,1332.4757458997333
2000-07-21 01:00:00,1340.6406933194742
2000-07-23 01:00:00,1356.9927545562725
2000-07-24 01:00:00,1365.6391218554459
2000-07-25 01:00:00,1375.1742717724765
2000-07-26 01:00:00,1384.7299786007513
2000-07-27 01:00:00,1394.3046453422428
2000-07-28 01:00:00,1403.8930615775473
2000-07-30 01:00:00,1420.616030075714
2000-07-31 01:00:00,1427.6583213126798
2000-08-01 01:00:00,1434.6855601436762
2000-08-02 01:00:00,1441.6993997639884
2000-08-03 01:00:00,1448.7068664341875
2000-08-04 01:00:00,1455.9588522383867
2000-08-06 01:00:00,1476.721200169159
2000-08-07 01:00:00,1487.3067218635529
2000-08-08 01:00:00,1498.0142609283953
2000-08-09 01:00:00,1508.8321727762095
2000-08-10 01:00:00,1519.7482238566097
2000-08-11 01:00:00,1532.0934457246285
2000-08-13 01:00:00,1559.6315022178776
2000-08-14 01:00:00,1573.545079150606
2000-08-15 01:00:00,1587.523610026404
2000-08-16 01:00:00,1601.5454418897577
2000-08-17 01:00:00,1614.4667365874332
2000-08-18 01:00:00,1624.3732875824867
2000-08-20 01:00:00,1644.180310921924
2000-08-21 01:00:00,1654.0684309245921
2000-08-22 01:00:00,1663.9396761630167
2000-08-23 01:00:00,1673.7901846838909
2000-08-24 01:00:00,1683.6168622818195
2000-08-25 01:00:00,1693.417284805711
2000-08-27 01:00:00,1712.932446360671
2000-08-28 01:00:00,1722.644852543479
2000-08-29 01:00:00,1732.326185985538
2000-08-30 01:00:00,1740.9593794536497
2000-08-31 01:00:00,1749.2305336548106
2000-09-01 01:00:00,1757.4715200088976
2000-09-03 01:00:00,1773.8640491631209
2000-09-04 01:00:00,1782.0163810337701
2000-09-05 01:00:00,1790.140069208818
2000-09-06 01:00:00,1798.235650564873
2000-09-07 01:00:00,1806.3036799140548
2000-09-08 01:00:00,1814.3447126462445
2000-09-10 01:00:00,1830.3479260404247
2000-09-11 01:00:00,1838.3110976975818
2000-09-12 01:00:00,1846.2492343992847
2000-09-13 01:00:00,1854.1627097462488
2000-09-14 01:00:00,1862.0518328338296
2000-09-15 01:00:00,1869.916839234013
2000-09-17 01:00:00,1885.5750155118785
2000-09-18 01:00:00,1893.3681921200118
2000-09-19 01:00:00,1901.1372378302565
2000-09-20 01:00:00,1908.8818405927798
2000-09-21 01:00:00,1916.6015309481602
2000-09-22 01:00:00,1924.2956617661362
2000-09-24 01:00:00,1939.6036333923798
2000-09-25 01:00:00,1947.2150844478947
2000-09-26 01:00:00,1954.796146063818
2000-09-27 01:00:00,1962.3449255628998
2000-09-28 01:00:00,1969.8592053597297
2000-09-29 01:00:00,1977.3364163831156
2000-10-01 01:00:00,1992.1674170281283
2000-10-02 01:00:00,1999.5140203613864
2000-10-03 01:00:00,2006.8090935554203
2000-10-04 01:00:00,2014.0477520500333
2000-10-05 01:00:00,2021.224489377693
2000-10-06 01:00:00,2028.3331083213195
2000-10-08 01:00:00,2042.3172993018343
2000-10-09 01:00:00,2049.176337085461
2000-10-10 01:00:00,2055.934027898988
2000-10-11 01:00:00,2062.5795614875374
2000-10-12 01:00:00,2069.100985646131
2000-10-13 01:00:00,2075.4851619601304
2000-10-15 01:00:00,2087.783260022206
2000-10-16 01:00:00,2093.6651284636255
2000-10-17 01:00:00,2099.34596186585
2000-10-18 01:00:00,2104.8078734086334
2000-10-19 01:00:00,2110.0330274276657
2000-10-20 01:00:00,2112.6217596713873
2000-10-22 01:00:00,2116.642561658884
2000-10-23 01:00:00,2118.2225886346
2000-10-24 01:00:00,2119.513729140506
2000-10-25 01:00:00,2120.5253912940475
2000-10-26 01:00:00,2121.2781405529136
2000-10-27 01:00:00,2121.805273764218
2000-10-29 01:00:00,2118.2716652517443
2000-10-30 00:00:00,2115.9435503078184
2000-10-31 00:00:00,2113.5362294008314
2000-11-01 00:00:00,2111.230289272403
2000-11-02 00:00:00,2109.1031010455895
2000-11-03 00:00:00,2107.2241767414976
2000-11-05 00:00:00,2104.426745918386
2000-11-06 00:00:00,2103.578718754889
2000-11-07 00:00:00,2103.119577952674
2000-11-08 00:00:00,2103.0487428665774
2000-11-09 00:00:00,2103.354858370507
2000-11-10 00:00:00,2104.018442698413
2000-11-12 00:00:00,2106.314551473895
2000-11-13 00:00:00,2107.8889729834655
2000-11-14 00:00:00,2109.707956205921
2000-11-15 00:00:00,2111.742778625783
2000-11-16 00:00:00,2113.9664441367645
2000-11-17 00:00:00,2116.354092660109
2000-11-19 00:00:00,2121.5336068258416
2000-11-20 00:00:00,2124.287483563042
2000-11-21 00:00:00,2127.1291719048604
2000-11-22 00:00:00,2130.045029056277
2000-11-23 00:00:00,2133.023237093216
2000-11-24 00:00:00,2136.0536113082367
2000-11-26 00:00:00,2142.237180698763
2000-11-27 00:00:00,2144.1768262887426
2000-11-28 00:00:00,2144.847280491694
2000-11-29 00:00:00,2145.6070770445353
2000-11-30 00:00:00,2146.4430235731847
2000-12-01 00:00:00,2147.33427908825
2000-12-03 00:00:00,2144.595130573386
2000-12-04 00:00:00,2142.2662188496734
2000-12-05 00:00:00,2139.8979694496825
2000-12-06 00:00:00,2137.484482948815
2000-12-07 00:00:00,2135.029690295785
2000-12-08 00:00:00,2129.3186411592533
2000-12-10 00:00:00,2117.6209504195267
2000-12-11 00:00:00,2111.8115658789015
2000-12-12 00:00:00,2106.0486825672897
2000-12-13 00:00:00,2100.336376138053
2000-12-14 00:00:00,2094.668806921517
2000-12-15 00:00:00,2089.032101612161
2000-12-17 00:00:00,2077.7788992557566
2000-12-18 00:00:00,2072.130695381076
2000-12-19 00:00:00,2066.456540547695
2000-12-20 00:00:00,2060.7569341382546
2000-12-21 00:00:00,2055.038747015072
2000-12-22 00:00:00,2049.312831199815
2000-12-24 00:00:00,2037.8843835577215
2000-12-25 00:00:00,2033.841168608812
2000-12-26 00:00:00,2030.3467100676294
2000-12-27 00:00:00,2026.8690341886072
2000-12-28 00:00:00,2023.4036031875887
2000-12-29 00:00:00,2019.9438382443961
2000-12-31 00:00:00,2013.0135837563148
2001-01-01 00:00:00,2009.532498632997
2001-01-02 00:00:00,2005.2653289913296
2001-01-03 00:00:00,1998.5001642100688
2001-01-04 00:00:00,1991.710179441756
2001-01-05 00:00:00,1984.9032305896944
2001-01-07 00:00:00,1971.2641143754565
2001-01-08 00:00:00,1964.4359526334047
2001-01-09 00:00:00,1957.598033868755
2001-01-10 00:00:00,1950.7446612832032
2001-01-11 00:00:00,1943.8717703930915
2001-01-12 00:00:00,1936.9805011042724
2001-01-14 00:00:00,1923.1850223274264
2001-01-15 00:00:00,1916.3197282763308
2001-01-16 00:00:00,1909.5083929081802
2001-01-17 00:00:00,1902.7743162981658
2001-01-18 00:00:00,1896.1361116303415
2001-01-19 00:00:00,1889.6061399034954
2001-01-21 00:00:00,1876.8936760534239
2001-01-22 00:00:00,1870.717588347408
2001-01-23 00:00:00,1865.1949229746845
2001-01-24 00:00:00,1862.050414883635
2001-01-25 00:00:00,1858.9607575302405
2001-01-26 00:00:00,1855.9486957604627
2001-01-28 00:00:00,1850.3147884732884
2001-01-29 00:00:00,1847.7990264754612
2001-01-30 00:00:00,1845.5641026205244
2001-01-31 00:00:00,1843.6672663935624
2001-02-01 00:00:00,1842.1546419723245
2001-02-02 00:00:00,1841.0546529139117
2001-02-04 00:00:00,1839.9827479315227
2001-02-05 00:00:00,1839.027490686413
2001-02-06 00:00:00,1838.4016123006961
2001-02-07 00:00:00,1838.0571585706766
2001-02-08 00:00:00,1837.953848149824
2001-02-09 00:00:00,1838.065269745934
2001-02-11 00:00:00,1838.895969174821
2001-02-12 00:00:00,1839.611809357144
2001-02-13 00:00:00,1840.515575790115
2001-02-14 00:00:00,1841.5768052458152
2001-02-15 00:00:00,1842.7429421115785
2001-02-16 00:00:00,1844.4778814109916
2001-02-18 00:00:00,1850.8628260025228
2001-02-19 00:00:00,1853.453305518042
2001-02-20 00:00:00,1854.7077679811837
2001-02-21 00:00:00,1855.2978585307292
2001-02-22 00:00:00,1855.258643738823
2001-02-23 00:00:00,1854.5926345838216
2001-02-25 00:00:00,1851.5521087120599
2001-02-26 00:00:00,1849.3239031737069
2001-02-27 00:00:00,1846.7405353737565
2001-02-28 00:00:00,1843.8848426745483
2001-03-01 00:00:00,1840.8205482005667
2001-03-02 00:00:00,1837.582628139296
2001-03-04 00:00:00,1830.562032324798
2001-03-05 00:00:00,1826.6987131451865
2001-03-06 00:00:00,1822.5239913522119
2001-03-07 00:00:00,1817.9888131162006
2001-03-08 00:00:00,1813.0703922668113
2001-03-09 00:00:00,1807.7825697134604
2001-03-11 00:00:00,1797.425630700871
2001-03-12 00:00:00,1793.3652759407655
2001-03-13 00:00:00,1789.3383648066958
2001-03-14 00:00:00,1785.4043424678296
2001-03-15 00:00:00,1781.588989509306
2001-03-16 00:00:00,1777.882026109004
2001-03-18 00:00:00,1770.6055395559022
2001-03-19 00:00:00,1766.9011648253486
2001-03-20 00:00:00,1763.0610599789334
2001-03-21 00:00:00,1759.0334135914686
2001-03-22 00:00:00,1754.7913647396103
2001-03-23 00:00:00,1750.3383469945825
2001-03-25 00:00:00,1740.9641876477885
2001-03-26 01:00:00,1735.9832856136682
2001-03-27 01:00:00,1731.253609035675
2001-03-28 01:00:00,1726.6477104462047
2001-03-29 01:00:00,1722.2139205782369
2001-03-30 01:00:00,1717.9659567892938
2001-04-01 01:00:00,1709.894316847115
2001-04-02 01:00:00,1705.9288148271178
2001-04-03 01:00:00,1701.8936442982008
2001-04-04 01:00:00,1697.7125127325687
2001-04-05 01:00:00,1693.339393811967
2001-04-06 01:00:00,1688.769105572025
2001-04-08 01:00:00,1679.2175696988372
2001-04-09 01:00:00,1676.2175659155016
2001-04-10 01:00:00,1675.9573736044458
2001-04-11 01:00:00,1675.8111174259382
2001-04-12 01:00:00,1675.803679233191
2001-04-13 01:00:00,1675.9251662880667
2001-04-15 01:00:00,1676.3702739836995
2001-04-16 01:00:00,1676.5590314163233
2001-04-17 01:00:00,1676.631555018809
2001-04-18 01:00:00,1676.5327298142493
2001-04-19 01:00:00,1676.2311472133633
2001-04-20 01:00:00,1675.7247120710442
2001-04-22 01:00:00,1674.2366172972195
2001-04-23 01:00:00,1673.3816696569766
2001-04-24 01:00:00,1672.5541481092364
2001-04-25 01:00:00,1671.8226393475352
2001-04-26 01:00:00,1671.234124447321
2001-04-27 01:00:00,1670.8048445068919
2001-04-29 01:00:00,1670.322939009125
2001-04-30 01:00:00,1670.1544739948245
2001-05-01 01:00:00,1669.9386232503189
2001-05-02 01:00:00,1669.6137139883056
2001-05-03 01:00:00,1669.1429025754996
2001-05-04 01:00:00,1668.5228956221156
2001-05-06 01:00:00,1666.9807790873322
2001-05-07 01:00:00,1666.1827512201721
2001-05-08 01:00:00,1668.1271053300875
2001-05-09 01:00:00,1670.8716473690033
2001-05-10 01:00:00,1673.659277562504
2001-05-11 01:00:00,1676.4874522013372
2001-05-13 01:00:00,1682.1454726444279
2001-05-14 01:00:00,1684.8804597579083
2001-05-15 01:00:00,1687.4833721723853
2001-05-16 01:00:00,1689.9105312775127
2001-05-17 01:00:00,1693.3921629200654
2001-05-18 01:00:00,1697.503447353775
2001-05-20 01:00:00,1704.7681767773222
2001-05-21 01:00:00,1707.9923968526737
2001-05-22 01:00:00,1711.0042143195592
2001-05-23 01:00:00,1713.844105593772
2001-05-24 01:00:00,1716.538497285043
2001-05-25 01:00:00,1719.093657256413
2001-05-27 01:00:00,1723.7035109393878
2001-05-28 01:00:00,1724.4443776151138
2001-05-29 01:00:00,1724.6840345728665
2001-05-30 01:00:00,1724.724212330926
2001-05-31 01:00:00,1724.5407602195542
2001-06-01 01:00:00,1724.1292914346345
2001-06-03 01:00:00,1722.6926916282162
2001-06-04 01:00:00,1721.7302250120558
2001-06-05 01:00:00,1720.6502734089197
2001-06-06 01:00:00,1719.4797305795585
2001-06-07 01:00:00,1718.235284928533
2001-06-08 01:00:00,1716.9227469443003
2001-06-10 01:00:00,1714.0736564069741
2001-06-11 01:00:00,1712.516233912649
2001-06-12 01:00:00,1710.857073634406
2001-06-13 01:00:00,1708.7112472102233
2001-06-14 01:00:00,1705.7387374474556
2001-06-15 01:00:00,1702.6752200978663
2001-06-17 01:00:00,1696.378458024754
2001-06-18 01:00:00,1693.2106782757933
2001-06-19 01:00:00,1691.0471456915918
2001-06-20 01:00:00,1689.4703749460589
2001-06-21 01:00:00,1687.9112381126881
2001-06-22 01:00:00,1686.3697091221638
2001-06-24 01:00:00,1683.3141796206519
2001-06-25 01:00:00,1681.7826832831365
2001-06-26 01:00:00,1680.2397740788513
2001-06-27 01:00:00,1678.6837093697732
2001-06-28 01:00:00,1677.1170194919678
2001-06-29 01:00:00,1675.5450475142038
2001-07-01 01:00:00,1672.4053064813115
2001-07-02 01:00:00,1670.8405730502284
2001-07-03 01:00:00,1669.2746293867754
2001-07-04 01:00:00,1667.699643677453
2001-07-05 01:00:00,1666.1062714221987
2001-07-06 01:00:00,1664.4859427805739
2001-07-08 01:00:00,1661.147049547961
2001-07-09 01:00:00,1659.4327176148713
2001-07-10 01:00:00,1657.700657186017
2001-07-11 01:00:00,1655.9655978087808
2001-07-12 01:00:00,1654.243970503588
2001-07-13 01:00:00,1652.7465526225308
2001-07-15 01:00:00,1653.6033985812733
2001-07-16 01:00:00,1655.7660666417728
2001-07-17 01:00:00,1658.63629467953
2001-07-18 01:00:00,1662.8499428713633
2001-07-19 01:00:00,1669.0707887906217
2001-07-20 01:00:00,1674.0429004509785
2001-07-22 01:00:00,1683.1530338308983
2001-07-23 01:00:00,1688.0482029044183
2001-07-24 01:00:00,1693.1684996061006
2001-07-25 01:00:00,1698.5145925800236
2001-07-26 01:00:00,1704.0835143856618
2001-07-27 01:00:00,1709.864731793385
2001-07-29 01:00:00,1721.9732513459096
2001-07-30 01:00:00,1728.232774638901
2001-07-31 01:00:00,1734.5745380727917
2001-08-01 01:00:00,1740.956361998529
2001-08-02 01:00:00,1747.3398962706026
2001-08-03 01:00:00,1753.6939531861115
2001-08-05 01:00:00,1766.2373033545036
2001-08-06 01:00:00,1772.58754991018
2001-08-07 01:00:00,1781.9158310683863
2001-08-08 01:00:00,1792.4585774443444
2001-08-09 01:00:00,1803.409737374478
2001-08-10 01:00:00,1814.4137012920737
2001-08-12 01:00:00,1830.3566806849485
2001-08-13 01:00:00,1837.0634436006758
2001-08-14 01:00:00,1843.7209271103316
2001-08-15 01:00:00,1850.3564696846888
2001-08-16 01:00:00,1856.999701758713
2001-08-17 01:00:00,1863.675861940185
2001-08-19 01:00:00,1877.1690379256804
2001-08-20 01:00:00,1883.9677168267408
2001-08-21 01:00:00,1890.765539307338
2001-08-22 01:00:00,1897.5272707105314
2001-08-23 01:00:00,1904.2212986155503
2001-08-24 01:00:00,1910.8271864304375
2001-08-26 01:00:00,1923.771245655285
2001-08-27 01:00:00,1930.144722385804
2001-08-28 01:00:00,1936.4922942574321
2001-08-29 01:00:00,1942.8471763250377
2001-08-30 01:00:00,1949.2381606606864
2001-08-31 01:00:00,1955.6848379381995
2001-09-02 01:00:00,1968.7603940458257
2001-09-03 01:00:00,1975.3632803740159
2001-09-04 01:00:00,1981.973197952358
2001-09-05 01:00:00,1988.5542136107265
2001-09-06 01:00:00,1995.0698141195771
2001-09-07 01:00:00,2001.488804549051
2001-09-09 01:00:00,2013.969616260145
2001-09-10 01:00:00,2020.0357957377003
2001-09-11 01:00:00,2026.0142010843895
2001-09-12 01:00:00,2031.9400823961757
2001-09-13 01:00:00,2037.8518922503551
2001-09-14 01:00:00,2043.7825489321835
2001-09-16 01:00:00,2049.2938481619076
2001-09-17 01:00:00,2051.3801252749086
2001-09-18 01:00:00,2053.392406149004
2001-09-19 01:00:00,2055.325355236381
2001-09-20 01:00:00,2057.1730059398974
2001-09-21 01:00:00,2058.9287101672226
2001-09-23 01:00:00,2062.133968835598
2001-09-24 01:00:00,2063.5663580120918
2001-09-25 01:00:00,2064.8723828279353
2001-09-26 01:00:00,2066.0412761619928
2001-09-27 01:00:00,2067.0613763531965
2001-09-28 01:00:00,2067.9201657909616
2001-09-30 01:00:00,2069.100084651057
2001-10-01 01:00:00,2069.3931121724327
2001-10-02 01:00:00,2069.4692741508998
2001-10-03 01:00:00,2069.3149930509944
2001-10-04 01:00:00,2068.5702356851766
2001-10-05 01:00:00,2066.851953337362
2001-10-07 01:00:00,2062.600477493428
2001-10-08 01:00:00,2060.0702785507333
2001-10-09 01:00:00,2057.2845260447543
2001-10-10 01:00:00,2054.265034011124
2001-10-11 01:00:00,2051.0439119074867
2001-10-12 01:00:00,2047.6639205102856
2001-10-14 01:00:00,2040.6472483352768
2001-10-15 01:00:00,2037.1390594521354
2001-10-16 01:00:00,2033.7228023993114
2001-10-17 01:00:00,2030.4662716606551
2001-10-18 01:00:00,2027.431718676598
2001-10-19 01:00:00,2024.6725299464213
2001-10-21 01:00:00,2020.1363292631627
2001-10-22 01:00:00,2018.4060001906141
2001-10-23 01:00:00,2017.0450757050583
2001-10-24 01:00:00,2016.0484374517023
2001-10-25 01:00:00,2015.4025123605056
2001-10-26 01:00:00,2015.08728722079
2001-10-28 01:00:00,2015.3482314448656
2001-10-29 00:00:00,2015.8417242019982
2001-10-30 00:00:00,2016.5756477374673
2001-10-31 00:00:00,2017.569236868268
2001-11-01 00:00:00,2018.8150826932635
2001-11-02 00:00:00,2020.0546685838385
2001-11-04 00:00:00,2022.6874920901162
2001-11-05 00:00:00,2024.2445167558515
2001-11-06 00:00:00,2025.87196901108
2001-11-07 00:00:00,2027.5563735800217
2001-11-08 00:00:00,2029.2860708856847
2001-11-09 00:00:00,2031.051039023196
2001-11-11 00:00:00,2034.6538310342319
2001-11-12 00:00:00,2036.4782448184224
2001-11-13 00:00:00,2038.310808459953
2001-11-14 00:00:00,2040.1472340612333
2001-11-15 00:00:00,2041.9839807373244
2001-11-16 00:00:00,2043.8181532609296
2001-11-18 00:00:00,2047.4698941488755
2001-11-19 00:00:00,2049.284142269976
2001-11-20 00:00:00,2051.0890449624694
2001-11-21 00:00:00,2052.883783650914
2001-11-22 00:00:00,2054.667787970668
2001-11-23 00:00:00,2056.440697791532
2001-11-25 00:00:00,2059.9526566114805
2001-11-26 00:00:00,2061.6917708796122
2001-11-27 00:00:00,2063.7098618351115
2001-11-28 00:00:00,2066.8251480202493
2001-11-29 00:00:00,2069.929783615631
2001-11-30 00:00:00,2073.0241456649837
2001-12-02 00:00:00,2079.183822367324
2001-12-03 00:00:00,2082.2501254371696
2001-12-04 00:00:00,2085.308113117039
2001-12-05 00:00:00,2085.1289215211987
2001-12-06 00:00:00,2084.8677215986136
2001-12-07 00:00:00,2084.600239172047
2001-12-09 00:00:00,2084.046998572193
2001-12-10 00:00:00,2083.7615456545873
2001-12-11 00:00:00,2083.4704215180986
2001-12-12 00:00:00,2080.7488906287354
2001-12-13 00:00:00,2077.7694851770834
2001-12-14 00:00:00,2074.785694756948
2001-12-16 00:00:00,2062.5286877298504
2001-12-17 00:00:00,2056.3769427620173
2001-12-18 00:00:00,2050.2182282900717
2001-12-19 00:00:00,2044.0499768496945
2001-12-20 00:00:00,2037.871677880185
2001-12-21 00:00:00,2031.685122864266
2001-12-23 00:00:00,2019.303304073563
2001-12-24 00:00:00,2010.6447918331362
2001-12-25 00:00:00,1998.5959301124642
2001-12-26 00:00:00,1986.489171803089
2001-12-27 00:00:00,1974.399061048659
2001-12-28 00:00:00,1962.3189004312949
2001-12-30 00:00:00,1938.1553603490177
2001-12-31 00:00:00,1926.0637860701563
2002-01-01 00:00:00,1913.973942993241
2002-01-02 00:00:00,1901.9067040686616
2002-01-03 00:00:00,1889.8949324191249
2002-01-04 00:00:00,1876.5991402719876
2002-01-06 00:00:00,1847.6669053923267
2002-01-07 00:00:00,1833.5124197644539
2002-01-08 00:00:00,1819.6005238997632
2002-01-09 00:00:00,1805.9452275778544
2002-01-10 00:00:00,1792.5553741219535
2002-01-11 00:00:00,1779.4409655255495
2002-01-13 00:00:00,1754.1237829259494
2002-01-14 00:00:00,1742.0015023706776
2002-01-15 00:00:00,1730.3201540584498
2002-01-16 00:00:00,1719.1625880982838
2002-01-17 00:00:00,1708.6217829367824
2002-01-18 00:00:00,1698.79233468773
2002-01-20 00:00:00,1681.5891479959241
2002-01-21 00:00:00,1674.313517305301
2002-01-22 00:00:00,1667.9254611626613
2002-01-23 00:00:00,1662.3717582229242
2002-01-24 00:00:00,1657.5533573250325
2002-01-25 00:00:00,1653.3310563534928
2002-01-27 00:00:00,1648.446363456968
2002-01-28 00:00:00,1649.9880149938963
2002-01-29 00:00:00,1651.4660488461434
2002-01-30 00:00:00,1652.6910895723572
2002-01-31 00:00:00,1653.5197528209064
2002-02-01 00:00:00,1653.8519664691976
2002-02-03 00:00:00,1652.775014982506
2002-02-04 00:00:00,1651.2716025999407
2002-02-05 00:00:00,1649.062866696011
2002-02-06 00:00:00,1646.098307406543
2002-02-07 00:00:00,1642.3288086063658
2002-02-08 00:00:00,1638.5837479189981
2002-02-10 00:00:00,1631.5406031668472
2002-02-11 00:00:00,1626.752962825939
2002-02-12 00:00:00,1621.1923165625408
2002-02-13 00:00:00,1614.9450332809315
2002-02-14 00:00:00,1608.1161483082847
2002-02-15 00:00:00,1600.819306863306
2002-02-17 00:00:00,1585.2487134585756
2002-02-18 00:00:00,1577.1408450731228
2002-02-19 00:00:00,1568.8799306898986
2002-02-20 00:00:00,1560.4704927492235
2002-02-21 00:00:00,1551.8860943134548
2002-02-22 00:00:00,1543.0776054225296
2002-02-24 00:00:00,1524.5576012598758
2002-02-25 00:00:00,1514.7606910235902
2002-02-26 00:00:00,1504.5975247921767
2002-02-27 00:00:00,1494.1101600550815
2002-02-28 00:00:00,1483.3757266510406
2002-03-01 00:00:00,1472.491346012786
2002-03-03 00:00:00,1450.6296283512124
2002-03-04 00:00:00,1439.7564051102765
2002-03-05 00:00:00,1428.9216964326822
2002-03-06 00:00:00,1418.0771227981277
2002-03-07 00:00:00,1407.1499723436614
2002-03-08 00:00:00,1396.05976560682
2002-03-10 00:00:00,1374.7999123865773
2002-03-11 00:00:00,1365.7518076030678
2002-03-12 00:00:00,1356.453299404251
2002-03-13 00:00:00,1346.9479912026509
2002-03-14 00:00:00,1337.3033802122857
2002-03-15 00:00:00,1327.5999552227156
2002-03-17 00:00:00,1308.3260798845886
2002-03-18 00:00:00,1298.8672894977149
2002-03-19 00:00:00,1289.5547897303832
2002-03-20 00:00:00,1280.3679043702766
2002-03-21 00:00:00,1271.2552564144644
2002-03-22 00:00:00,1262.1429358091677
2002-03-24 00:00:00,1243.5904411856877
2002-03-25 00:00:00,1234.0169239164493
2002-03-26 00:00:00,1224.2064526299066
2002-03-27 00:00:00,1214.1802646724857
2002-03-28 00:00:00,1203.997216236767
2002-03-29 00:00:00,1193.739777412404
2002-03-31 00:00:00,1173.3229212802034
2002-04-01 01:00:00,1162.8443731172617
2002-04-02 01:00:00,1152.8880506867729
2002-04-03 01:00:00,1142.9884860712154
2002-04-04 01:00:00,1133.0800250009906
2002-04-05 01:00:00,1123.0901762979706
2002-04-07 01:00:00,1102.629921237388
2002-04-08 01:00:00,1092.1006729564454
2002-04-09 01:00:00,1081.3832065963363
2002-04-10 01:00:00,1070.5230575973985
2002-04-11 01:00:00,1059.588582084463
2002-04-12 01:00:00,1048.6613770247886
2002-04-14 01:00:00,1027.1549876467627
2002-04-15 01:00:00,1016.7079650679769
2002-04-16 01:00:00,1006.5174326626552
2002-04-17 01:00:00,996.5906849747599
2002-04-18 01:00:00,986.9110107135899
2002-04-19 01:00:00,977.4438153907447
2002-04-21 01:00:00,958.9789255592736
2002-04-22 01:00:00,949.9179971245744
2002-04-23 01:00:00,940.9643205436681
2002-04-24 01:00:00,932.1474756923442
2002-04-25 01:00:00,923.5226876890682
2002-04-26 01:00:00,915.1605673993043
2002-04-28 01:00:00,899.4965227070961
2002-04-29 01:00:00,892.2860984243246
2002-04-30 01:00:00,885.5069702964163
2002-05-01 01:00:00,879.1397290104886
2002-05-02 01:00:00,873.1475931579155
2002-05-03 01:00:00,867.4865091341892
2002-05-05 01:00:00,857.8836710954753
2002-05-06 01:00:00,854.1195242144961
2002-05-07 01:00:00,850.6029673893835
2002-05-08 01:00:00,848.5244501328078
2002-05-09 01:00:00,847.7552281750161
2002-05-10 01:00:00,847.3264765352974
2002-05-12 01:00:00,854.8696112537593
2002-05-13 01:00:00,860.665245714191
2002-05-14 01:00:00,866.8073390644602
2002-05-15 01:00:00,873.2918637222439
2002-05-16 01:00:00,880.112542297186
2002-05-17 01:00:00,887.2605071632065
2002-05-19 01:00:00,902.4879794936099
2002-05-20 01:00:00,910.5341196442146
2002-05-21 01:00:00,918.8404597105468
2002-05-22 01:00:00,927.3814928696297
2002-05-23 01:00:00,936.128256783982
2002-05-24 01:00:00,945.0485921967871
2002-05-26 01:00:00,963.2679529339474
2002-05-27 01:00:00,972.4910477563498
2002-05-28 01:00:00,981.7372852804323
2002-05-29 01:00:00,990.9671149493186
2002-05-30 01:00:00,1000.1417907846804
2002-05-31 01:00:00,1009.2241298192707
2002-06-02 01:00:00,1026.9748084894602
2002-06-03 01:00:00,1035.5820653284734
2002-06-04 01:00:00,1044.1252560195499
2002-06-05 01:00:00,1054.2709704126178
2002-06-06 01:00:00,1064.4017331433042
2002-06-07 01:00:00,1074.2584438371555
2002-06-09 01:00:00,1093.1012727643476
2002-06-10 01:00:00,1102.075014636533
2002-06-11 01:00:00,1110.7486741925609
2002-06-12 01:00:00,1119.1242108388653
2002-06-13 01:00:00,1127.204375837534
2002-06-14 01:00:00,1134.9913700934155
2002-06-16 01:00:00,1149.687406010977
2002-06-17 01:00:00,1156.5940886872463
2002-06-18 01:00:00,1163.2051061916152
2002-06-19 01:00:00,1169.521593523135
2002-06-20 01:00:00,1175.5483261185625
2002-06-21 01:00:00,1181.293957386217
2002-06-23 01:00:00,1191.9909244028395
2002-06-24 01:00:00,1196.9686400914
2002-06-25 01:00:00,1201.7135786326357
2002-06-26 01:00:00,1206.2313934275035
2002-06-27 01:00:00,1210.5224877259268
2002-06-28 01:00:00,1214.5822656645394
2002-06-30 01:00:00,1222.0102654268321
2002-07-01 01:00:00,1228.3597678742265
2002-07-02 01:00:00,1234.5317994619218
2002-07-03 01:00:00,1242.1890550077862
2002-07-04 01:00:00,1251.4752359501076
2002-07-05 01:00:00,1261.1463291573855
2002-07-07 01:00:00,1280.4481210990357
2002-07-08 01:00:00,1290.1448960408409
2002-07-09 01:00:00,1299.910793178011
2002-07-10 01:00:00,1308.2611482539146
2002-07-11 01:00:00,1315.8801018025165
2002-07-12 01:00:00,1323.5640603141037
2002-07-14 01:00:00,1338.9707860864182
2002-07-15 01:00:00,1346.6023473265013
2002-07-16 01:00:00,1354.1375935044755
2002-07-17 01:00:00,1361.563979453968
2002-07-18 01:00:00,1368.8931897851164
2002-07-19 01:00:00,1376.15932425665
2002-07-21 01:00:00,1392.0841011498828
2002-07-22 01:00:00,1403.256277357718
2002-07-23 01:00:00,1414.5160184994866
2002-07-24 01:00:00,1425.8665808561298
2002-07-25 01:00:00,1437.2887385911945
2002-07-26 01:00:00,1449.8826994077992
2002-07-28 01:00:00,1478.16192241215
2002-07-29 01:00:00,1492.0538075914951
2002-07-30 01:00:00,1505.7190722366884
2002-07-31 01:00:00,1519.135415586556
2002-08-01 01:00:00,1532.3047102761768
2002-08-02 01:00:00,1545.2529940277132
2002-08-04 01:00:00,1570.6844065021241
2002-08-05 01:00:00,1582.9519370552048
2002-08-06 01:00:00,1591.9563476902067
2002-08-07 01:00:00,1601.043361538661
2002-08-08 01:00:00,1610.2151734171675
2002-08-09 01:00:00,1619.4415036396542
2002-08-11 01:00:00,1637.8070796703194
2002-08-12 01:00:00,1646.7978694483095
2002-08-13 01:00:00,1655.581649502113
2002-08-14 01:00:00,1664.1371595144271
2002-08-15 01:00:00,1672.4807867374043
2002-08-16 01:00:00,1680.6623108646568
2002-08-18 01:00:00,1696.8289445788719
2002-08-19 01:00:00,1704.9569530110218
2002-08-20 01:00:00,1713.1802676649725
2002-08-21 01:00:00,1721.5117553600744
2002-08-22 01:00:00,1729.9319127946599
2002-08-23 01:00:00,1738.3925913359876
2002-08-25 01:00:00,1754.2506190623094
2002-08-26 01:00:00,1761.0459923076446
2002-08-27 01:00:00,1767.6027431348894
2002-08-28 01:00:00,1773.8856577789174
2002-08-29 01:00:00,1779.8885857464127
2002-08-30 01:00:00,1785.6349825544548
2002-09-01 01:00:00,1796.5707564569318
2002-09-02 01:00:00,1801.896668331395
2002-09-03 01:00:00,1807.212777411587
2002-09-04 01:00:00,1812.5567067342429
2002-09-05 01:00:00,1817.9310628075623
2002-09-06 01:00:00,1823.298320683634
2002-09-08 01:00:00,1833.6947905989225
2002-09-09 01:00:00,1838.5306936541938
2002-09-10 01:00:00,1843.015872275557
2002-09-11 01:00:00,1847.1102563877675
2002-09-12 01:00:00,1850.8166459406264
2002-09-13 01:00:00,1854.1753126680312
2002-09-15 01:00:00,1860.113061030274
2002-09-16 01:00:00,1862.823626693531
2002-09-17 01:00:00,1865.4197189347528
2002-09-18 01:00:00,1867.9085825838597
2002-09-19 01:00:00,1870.2664050977178
2002-09-20 01:00:00,1872.4435200426974
2002-09-22 01:00:00,1875.989953146382
2002-09-23 01:00:00,1877.231785208845
2002-09-24 01:00:00,1878.0633986172265
2002-09-25 01:00:00,1878.4796206913265
2002-09-26 01:00:00,1878.511277111662
2002-09-27 01:00:00,1878.22508685555
2002-09-29 01:00:00,1877.1105863117098
2002-09-30 01:00:00,1876.527560194125
2002-10-01 01:00:00,1876.0880676120794
2002-10-02 01:00:00,1875.8867444324883
2002-10-03 01:00:00,1875.9812454925284
2002-10-04 01:00:00,1876.3852185441424
2002-10-06 01:00:00,1877.9756969747702
2002-10-07 01:00:00,1879.0301252930356
2002-10-08 01:00:00,1880.1686008803042
2002-10-09 01:00:00,1881.3502513011333
2002-10-10 01:00:00,1882.5652497057417
2002-10-11 01:00:00,1883.8322889203635
2002-10-13 01:00:00,1886.6764756421371
2002-10-14 01:00:00,1888.329765541398
2002-10-15 01:00:00,1890.1638388610015
2002-10-16 01:00:00,1892.1698994993667
2002-10-17 01:00:00,1894.3144996731526
2002-10-18 01:00:00,1896.5436288136477
2002-10-20 01:00:00,1900.9834006962099
2002-10-21 01:00:00,1903.0580925459528
2002-10-22 01:00:00,1904.9631243330089
2002-10-23 01:00:00,1906.6672613825356
2002-10-24 01:00:00,1908.1623181425925
2002-10-25 01:00:00,1909.463237615589
2002-10-27 01:00:00,1911.6381564998385
2002-10-28 00:00:00,1912.5778477370582
2002-10-29 00:00:00,1913.560480968089
2002-10-30 00:00:00,1914.5887319678163
2002-10-31 00:00:00,1915.6896258038416
2002-11-01 00:00:00,1916.8687597637672
2002-11-03 00:00:00,1919.3901171185648
2002-11-04 00:00:00,1920.6727277474115
2002-11-05 00:00:00,1924.9941998116444
2002-11-06 00:00:00,1930.643412421503
2002-11-07 00:00:00,1936.2263311649237
2002-11-08 00:00:00,1941.7672631571104
2002-11-10 00:00:00,1952.8743319361427
2002-11-11 00:00:00,1958.5183418744093
2002-11-12 00:00:00,1964.2620439417615
2002-11-13 00:00:00,1970.1193589572729
2002-11-14 00:00:00,1976.0908384412578
2002-11-15 00:00:00,1982.1659125100336
2002-11-17 00:00:00,1994.553165765468
2002-11-18 00:00:00,2000.8263254652304
2002-11-19 00:00:00,2007.1327048994026
2002-11-20 00:00:00,2013.465744672211
2002-11-21 00:00:00,2019.826385770166
2002-11-22 00:00:00,2026.222146542867
2002-11-24 00:00:00,2039.1688632539024
2002-11-25 00:00:00,2045.7459993039263
2002-11-26 00:00:00,2049.383615218196
2002-11-27 00:00:00,2053.0300684764893
2002-11-28 00:00:00,2056.7544884374743
2002-11-29 00:00:00,2060.5519991423866
2002-12-01 00:00:00,2068.34343966042
2002-12-02 00:00:00,2072.328649195049
2002-12-03 00:00:00,2076.371203249962
2002-12-04 00:00:00,2080.471933427827
2002-12-05 00:00:00,2084.632307461911
2002-12-06 00:00:00,2088.8528747118403
2002-12-08 00:00:00,2092.8139851948113
2002-12-09 00:00:00,2093.976712272729
2002-12-10 00:00:00,2095.1832424722215
2002-12-11 00:00:00,2096.4250123375964
2002-12-12 00:00:00,2097.6949070136534
2002-12-13 00:00:00,2098.988727692961
2002-12-15 00:00:00,2101.6507951864764
2002-12-16 00:00:00,2103.0299176770495
2002-12-17 00:00:00,2104.4528459933363
2002-12-18 00:00:00,2105.9293050135016
2002-12-19 00:00:00,2107.4673047633573
2002-12-20 00:00:00,2109.0710852774196
2002-12-22 00:00:00,2112.464976877244
2002-12-23 00:00:00,2114.2342734045747
2002-12-24 00:00:00,2116.029853877879
2002-12-25 00:00:00,2117.8332277297773
2002-12-26 00:00:00,2119.628913929629
2002-12-27 00:00:00,2121.4082644677837
2002-12-29 00:00:00,2124.93112301483
2002-12-30 00:00:00,2126.704336983844
2002-12-31 00:00:00,2128.5144410577177
2003-01-01 00:00:00,2130.3828538206963
2003-01-02 00:00:00,2132.3245423747826
2003-01-03 00:00:00,2134.344340062593
2003-01-05 00:00:00,2138.5808680274063
2003-01-06 00:00:00,2140.7560208102987
2003-01-07 00:00:00,2142.934105201764
2003-01-08 00:00:00,2145.0908325280857
2003-01-09 00:00:00,2147.208974733869
2003-01-10 00:00:00,2149.281445497157
2003-01-12 00:00:00,2153.317045501128
2003-01-13 00:00:00,2155.318063828869
2003-01-14 00:00:00,2157.3429221057017
2003-01-15 00:00:00,2159.4187136052406
2003-01-16 00:00:00,2160.0
2003-01-17 00:00:00,2160.0
2003-01-19 00:00:00,2160.0
2003-01-20 00:00:00,2160.0
2003-01-21 00:00:00,2160.0
2003-01-22 00:00:00,2160.0
2003-01-23 00:00:00,2160.0
2003-01-24 00:00:00,2160.0
2003-01-26 00:00:00,2160.0
2003-01-27 00:00:00,2160.0
2003-01-28 00:00:00,2159.9264495816856
2003-01-29 00:00:00,2158.584453336869
2003-01-30 00:00:00,2154.862483825394
2003-01-31 00:00:00,2151.033221880851
2003-02-02 00:00:00,2143.122892677216
2003-02-03 00:00:00,2139.101214580071
2003-02-04 00:00:00,2135.0872408986693
2003-02-05 00:00:00,2131.1184756650155
2003-02-06 00:00:00,2127.223132736098
2003-02-07 00:00:00,2123.415506609455
2003-02-09 00:00:00,2116.041357762243
2003-02-10 00:00:00,2112.428525754103
2003-02-11 00:00:00,2108.8187615904135
2003-02-12 00:00:00,2105.1742001177918
2003-02-13 00:00:00,2101.4624168273103
2003-02-14 00:00:00,2097.662651060273
2003-02-16 00:00:00,2089.800157325906
2003-02-17 00:00:00,2085.7825415132284
2003-02-18 00:00:00,2081.759988816443
2003-02-19 00:00:00,2077.777092691963
2003-02-20 00:00:00,2073.870440213089
2003-02-21 00:00:00,2068.866490011296
2003-02-23 00:00:00,2052.5526319501932
2003-02-24 00:00:00,2044.422502741659
2003-02-25 00:00:00,2036.2523431949478
2003-02-26 00:00:00,2027.9999650688796
2003-02-27 00:00:00,2019.6348547097796
2003-02-28 00:00:00,2011.1439783387173
2003-03-02 00:00:00,1993.828289301605
2003-03-03 00:00:00,1985.0639525727524
2003-03-04 00:00:00,1976.2825734650498
2003-03-05 00:00:00,1967.9023678490676
2003-03-06 00:00:00,1962.4460035384639
2003-03-07 00:00:00,1957.09642200432
2003-03-09 00:00:00,1946.7096085482199
2003-03-10 00:00:00,1941.6323840466234
2003-03-11 00:00:00,1934.4992039313815
2003-03-12 00:00:00,1926.9339034051886
2003-03-13 00:00:00,1919.3357043387373
2003-03-14 00:00:00,1911.6813440513656
2003-03-16 00:00:00,1896.1886052799734
2003-03-17 00:00:00,1888.3851552039528
2003-03-18 00:00:00,1880.5895384395528
2003-03-19 00:00:00,1872.8424497596948
2003-03-20 00:00:00,1865.1783636562834
2003-03-21 00:00:00,1857.6172847749224
2003-03-23 00:00:00,1842.7882742539043
2003-03-24 00:00:00,1835.4703264316083
2003-03-25 00:00:00,1828.1679240550673
2003-03-26 00:00:00,1820.8453031521171
2003-03-27 00:00:00,1813.476388606975
2003-03-28 00:00:00,1806.0494241978686
2003-03-30 00:00:00,1794.4390172662588
2003-03-31 01:00:00,1788.9991137088439
2003-04-01 01:00:00,1783.8049976934553
2003-04-02 01:00:00,1778.6680761463194
2003-04-03 01:00:00,1773.6122020215598
2003-04-04 01:00:00,1768.651364539624
2003-04-06 01:00:00,1759.0137940918166
2003-04-07 01:00:00,1754.3103072051133
2003-04-08 01:00:00,1749.6532563794062
2003-04-09 01:00:00,1745.015948715545
2003-04-10 01:00:00,1740.3738944555396
2003-04-11 01:00:00,1735.7091771824903
2003-04-13 01:00:00,1726.292060382232
2003-04-14 01:00:00,1721.5586788235291
2003-04-15 01:00:00,1716.836930591074
2003-04-16 01:00:00,1712.152724490835
2003-04-17 01:00:00,1707.5285083264916
2003-04-18 01:00:00,1702.9780703389742
2003-04-20 01:00:00,1694.0948978834906
2003-04-21 01:00:00,1689.7345506668532
2003-04-22 01:00:00,1685.4005757389823
2003-04-23 01:00:00,1681.0726219781682
2003-04-24 01:00:00,1676.7359283874823
2003-04-25 01:00:00,1672.3837696628423
2003-04-27 01:00:00,1663.6474070188056
2003-04-28 01:00:00,1659.285977421484
2003-04-29 01:00:00,1654.9491438948974
2003-04-30 01:00:00,1650.6512660286442
2003-05-01 01:00:00,1646.4032733510473
2003-05-02 01:00:00,1642.2112583610792
2003-05-04 01:00:00,1633.9933998327804
2003-05-05 01:00:00,1629.9554999338256
2003-05-06 01:00:00,1625.952167169586
2003-05-07 01:00:00,1621.9729094997956
2003-05-08 01:00:00,1618.008726555538
2003-05-09 01:00:00,1613.759719960856
2003-05-11 01:00:00,1604.0036800667615
2003-05-12 01:00:00,1599.1583275754815
2003-05-13 01:00:00,1594.3434000126936
2003-05-14 01:00:00,1589.5655059515723
2003-05-15 01:00:00,1584.829303481924
2003-05-16 01:00:00,1580.136474328259
2003-05-18 01:00:00,1570.8740870159174
2003-05-19 01:00:00,1566.2976437811792
2003-05-20 01:00:00,1561.7537908633306
2003-05-21 01:00:00,1557.2417608499925
2003-05-22 01:00:00,1552.7628991749057
2003-05-23 01:00:00,1548.320148655882
2003-05-25 01:00:00,1539.556431459816
2003-05-26 01:00:00,1535.2397242653617
2003-05-27 01:00:00,1531.0401502707416
2003-05-28 01:00:00,1528.1742965849764
2003-05-29 01:00:00,1525.2093150645314
2003-05-30 01:00:00,1522.1435246026283
2003-06-01 01:00:00,1515.7062438194198
2003-06-02 01:00:00,1512.338204022429
2003-06-03 01:00:00,1508.8778853501246
2003-06-04 01:00:00,1505.3348499775025
2003-06-05 01:00:00,1501.7211223766644
2003-06-06 01:00:00,1498.0495837357994
2003-06-08 01:00:00,1490.5755021131226
2003-06-09 01:00:00,1486.782962312693
2003-06-10 01:00:00,1483.970998868937
2003-06-11 01:00:00,1482.479043644695
2003-06-12 01:00:00,1480.9314154882898
2003-06-13 01:00:00,1480.4462967520092
2003-06-15 01:00:00,1483.2169807874066
2003-06-16 01:00:00,1484.7260328270004
2003-06-17 01:00:00,1486.3054286280021
2003-06-18 01:00:00,1487.9390552425255
2003-06-19 01:00:00,1489.6093852572894
2003-06-20 01:00:00,1491.3014245222003
2003-06-22 01:00:00,1495.859717883578
2003-06-23 01:00:00,1498.965686271422
2003-06-24 01:00:00,1502.3592433631777
2003-06-25 01:00:00,1506.4860165528644
2003-06-26 01:00:00,1510.7456236308196
2003-06-27 01:00:00,1515.151715994873
2003-06-29 01:00:00,1524.427421895311
2003-06-30 01:00:00,1529.2867378875258
2003-07-01 01:00:00,1534.2699665833834
2003-07-02 01:00:00,1543.397212023604
2003-07-03 01:00:00,1552.624365757471
2003-07-04 01:00:00,1561.8830567206853
2003-07-06 01:00:00,1580.3462082909875
2003-07-07 01:00:00,1589.5064019988117
2003-07-08 01:00:00,1598.6143259924754
2003-07-09 01:00:00,1609.1979593007047
2003-07-10 01:00:00,1620.4414964824014
2003-07-11 01:00:00,1631.689362967675
2003-07-13 01:00:00,1654.2463990808872
2003-07-14 01:00:00,1665.5477261340907
2003-07-15 01:00:00,1676.836685256961
2003-07-16 01:00:00,1688.080941717708
2003-07-17 01:00:00,1699.2461531417578
2003-07-18 01:00:00,1710.3026194932604
2003-07-20 01:00:00,1732.0241839450925
2003-07-21 01:00:00,1742.6908143268774
2003-07-22 01:00:00,1753.2507457483912
2003-07-23 01:00:00,1763.732805667053
2003-07-24 01:00:00,1774.1696445633966
2003-07-25 01:00:00,1784.59233811927
2003-07-27 01:00:00,1808.0342179185052
2003-07-28 01:00:00,1821.2703233105703
2003-07-29 01:00:00,1834.4510925650334
2003-07-30 01:00:00,1847.546966265004
2003-07-31 01:00:00,1860.5197930142042
2003-08-01 01:00:00,1872.4831354614005
2003-08-03 01:00:00,1891.6520344686862
2003-08-04 01:00:00,1901.001650418491
2003-08-05 01:00:00,1910.2106085075777
2003-08-06 01:00:00,1919.309706399925
2003-08-07 01:00:00,1926.9767524816132
2003-08-08 01:00:00,1933.242702952869
2003-08-10 01:00:00,1945.8906312370457
2003-08-11 01:00:00,1952.272492928608
2003-08-12 01:00:00,1958.6619047741594
2003-08-13 01:00:00,1965.01875628927
2003-08-14 01:00:00,1971.2982714817233
2003-08-15 01:00:00,1977.4590642035707
2003-08-17 01:00:00,1989.3133507691002
2003-08-18 01:00:00,1994.9880237274374
2003-08-19 01:00:00,2000.5060897830674
2003-08-20 01:00:00,2005.8900883004928
2003-08-21 01:00:00,2011.1676186985394
2003-08-22 01:00:00,2017.614592030153
2003-08-24 01:00:00,2029.7352061273791
2003-08-25 01:00:00,2034.2430957387326
2003-08-26 01:00:00,2038.6649829622374
2003-08-27 01:00:00,2042.604761646119
2003-08-28 01:00:00,2043.711976710277
2003-08-29 01:00:00,2044.592224731297
2003-08-31 01:00:00,2045.0626820821603
2003-09-01 01:00:00,2044.5713707602058
2003-09-02 01:00:00,2043.8022210018055
2003-09-03 01:00:00,2042.7917979426315
2003-09-04 01:00:00,2041.5877325599868
2003-09-05 01:00:00,2040.2401249531094
2003-09-07 01:00:00,2037.2818537271112
2003-09-08 01:00:00,2035.5345868536901
2003-09-09 01:00:00,2036.7001889747605
2003-09-10 01:00:00,2038.7131381196568
2003-09-11 01:00:00,2040.734101736863
2003-09-12 01:00:00,2042.7298386695106
2003-09-14 01:00:00,2046.5614546868317
2003-09-15 01:00:00,2048.3883715630213
2003-09-16 01:00:00,2050.172357341673
2003-09-17 01:00:00,2051.9389566859127
2003-09-18 01:00:00,2053.719496893151
2003-09-19 01:00:00,2055.546011528994
2003-09-21 01:00:00,2059.4375467176887
2003-09-22 01:00:00,2061.526075622276
2003-09-23 01:00:00,2063.7026900838473
2003-09-24 01:00:00,2065.945555916971
2003-09-25 01:00:00,2068.2239734094337
2003-09-26 01:00:00,2070.5047548463344
2003-09-28 01:00:00,2074.971619299634
2003-09-29 01:00:00,2077.139319989808
2003-09-30 01:00:00,2079.2767037000363
2003-10-01 01:00:00,2081.409661068852
2003-10-02 01:00:00,2083.5696425383044
2003-10-03 01:00:00,2085.7863605952853
2003-10-05 01:00:00,2090.4643723671907
2003-10-06 01:00:00,2092.9313717148875
2003-10-07 01:00:00,2095.467227946914
2003-10-08 01:00:00,2098.049232590332
2003-10-09 01:00:00,2100.652069565921
2003-10-10 01:00:00,2103.2525542665567
2003-10-12 01:00:00,2108.3853702920865
2003-10-13 01:00:00,2110.9082160226612
2003-10-14 01:00:00,2113.4097358441677
2003-10-15 01:00:00,2115.9040871230936
2003-10-16 01:00:00,2118.4091753906946
2003-10-17 01:00:00,2120.9436244049416
2003-10-19 01:00:00,2126.1604015592643
2003-10-20 01:00:00,2128.857787703687
2003-10-21 01:00:00,2131.6119442945846
2003-10-22 01:00:00,2134.4119005717635
2003-10-23 01:00:00,2137.2418744562465
2003-10-24 01:00:00,2140.0846826249135
2003-10-26 01:00:00,2145.755553618697
2003-10-27 00:00:00,2146.5478739390483
2003-10-28 00:00:00,2146.8890480976897
2003-10-29 00:00:00,2147.2502856405117
2003-10-30 00:00:00,2147.6312213991323
2003-10-31 00:00:00,2148.031475873177
2003-11-02 00:00:00,2148.8883965474847
2003-11-03 00:00:00,2149.344297020299
2003-11-04 00:00:00,2149.8179942532493
2003-11-05 00:00:00,2150.309130669145
2003-11-06 00:00:00,2150.8173627993597
2003-11-07 00:00:00,2148.613072294605
2003-11-09 00:00:00,2143.4669890433247
2003-11-10 00:00:00,2140.9493201704254
2003-11-11 00:00:00,2138.463176432154
2003-11-12 00:00:00,2136.0039800814366
2003-11-13 00:00:00,2133.5680342320243
2003-11-14 00:00:00,2131.153368975562
2003-11-16 00:00:00,2126.3906017809336
2003-11-17 00:00:00,2124.048225316764
2003-11-18 00:00:00,2121.7367405234477
2003-11-19 00:00:00,2119.458647535504
2003-11-20 00:00:00,2117.214012798265
2003-11-21 00:00:00,2114.692875227431
2003-11-23 00:00:00,2108.8238167753348
2003-11-24 00:00:00,2105.8907588031598
2003-11-25 00:00:00,2102.9546779355846
2003-11-26 00:00:00,2100.0185927045513
2003-11-27 00:00:00,2097.091205415806
2003-11-28 00:00:00,2094.1857603464396
2003-11-30 00:00:00,2088.501951896885
2003-12-01 00:00:00,2085.749978972697
2003-12-02 00:00:00,2083.068534949424
2003-12-03 00:00:00,2080.4591136412737
2003-12-04 00:00:00,2077.9189099493055
2003-12-05 00:00:00,2075.442740059119
2003-12-07 00:00:00,2069.338976214644
2003-12-08 00:00:00,2064.4232663628795
2003-12-09 00:00:00,2059.576948290305
2003-12-10 00:00:00,2054.8199392640013
2003-12-11 00:00:00,2050.1815476401516
2003-12-12 00:00:00,2045.6996896845046
2003-12-14 00:00:00,2036.8316384338775
2003-12-15 00:00:00,2031.9444988120076
2003-12-16 00:00:00,2027.6760170572898
2003-12-17 00:00:00,2024.0857569744744
2003-12-18 00:00:00,2021.2185085812523
2003-12-19 00:00:00,2019.1010150858642
2003-12-21 00:00:00,2017.1230341147177
2003-12-22 00:00:00,2017.2161480137727
2003-12-23 00:00:00,2016.71986634792
2003-12-24 00:00:00,2016.0622739961768
2003-12-25 00:00:00,2015.6271255304057
2003-12-26 00:00:00,2015.3704548683859
2003-12-28 00:00:00,2015.1709638713164
2003-12-29 00:00:00,2015.092082373411
2003-12-30 00:00:00,2014.9237905152117
2003-12-31 00:00:00,2014.5858516694213
2004-01-01 00:00:00,2014.0024651157205
2004-01-02 00:00:00,2013.1075335603668
2004-01-04 00:00:00,2010.1915662472716
2004-01-05 00:00:00,2008.119102327126
2004-01-06 00:00:00,2005.6346091640953
2004-01-07 00:00:00,2002.7598355516245
2004-01-08 00:00:00,1999.5330988223593
2004-01-09 00:00:00,1996.005551465328
2004-01-11 00:00:00,1988.2832785386545
2004-01-12 00:00:00,1984.2008289623589
2004-01-13 00:00:00,1980.0281206855784
2004-01-14 00:00:00,1975.7867578416938
2004-01-15 00:00:00,1971.4785452101016
2004-01-16 00:00:00,1968.7091804847455
2004-01-18 00:00:00,1964.2249175386837
2004-01-19 00:00:00,1961.7406949455903
2004-01-20 00:00:00,1959.0770580471335
2004-01-21 00:00:00,1956.244373490107
2004-01-22 00:00:00,1953.2729905800034
2004-01-23 00:00:00,1948.1534192204742
2004-01-25 00:00:00,1936.6541579270852
2004-01-26 00:00:00,1930.8671284793108
2004-01-27 00:00:00,1925.084534632083
2004-01-28 00:00:00,1919.304133819825
2004-01-29 00:00:00,1913.5069743236188
2004-01-30 00:00:00,1906.3651705456923
2004-02-01 00:00:00,1889.2773760210118
2004-02-02 00:00:00,1880.5324664061368
2004-02-03 00:00:00,1871.6332102256026
2004-02-04 00:00:00,1862.5831867591248
2004-02-05 00:00:00,1853.401947577153
2004-02-06 00:00:00,1844.1226705311558
2004-02-08 00:00:00,1825.439032566397
2004-02-09 00:00:00,1816.1154201368045
2004-02-10 00:00:00,1806.8400831879983
2004-02-11 00:00:00,1797.6181824156067
2004-02-12 00:00:00,1788.4347464685534
2004-02-13 00:00:00,1779.2572137188652
2004-02-15 00:00:00,1760.7429399598152
2004-02-16 00:00:00,1751.3225226424386
2004-02-17 00:00:00,1741.759071057408
2004-02-18 00:00:00,1732.052064053264
2004-02-19 00:00:00,1722.2218433996104
2004-02-20 00:00:00,1712.3043357927097
2004-02-22 00:00:00,1692.376084086616
2004-02-23 00:00:00,1682.4345393545643
2004-02-24 00:00:00,1672.5308940252771
2004-02-25 00:00:00,1663.105753123649
2004-02-26 00:00:00,1654.556732227737
2004-02-27 00:00:00,1645.9542762983845
2004-02-29 00:00:00,1634.7092264932307
2004-03-01 00:00:00,1629.5116590276396
2004-03-02 00:00:00,1624.2955852900661
2004-03-03 00:00:00,1619.062022811611
2004-03-04 00:00:00,1613.81230206759
2004-03-05 00:00:00,1605.0544415789122
2004-03-07 00:00:00,1586.281093122963
2004-03-08 00:00:00,1576.8484096564234
2004-03-09 00:00:00,1567.3949879890172
2004-03-10 00:00:00,1557.930262826099
2004-03-11 00:00:00,1548.465500209052
2004-03-12 00:00:00,1539.0139917881534
2004-03-14 00:00:00,1520.2150130491063
2004-03-15 00:00:00,1510.9055636714265
2004-03-16 00:00:00,1501.6854723610393
2004-03-17 00:00:00,1492.5796192461792
2004-03-18 00:00:00,1485.8993168461336
2004-03-19 00:00:00,1479.4626207206798
2004-03-21 00:00:00,1467.1538638376142
2004-03-22 00:00:00,1461.2930976038
2004-03-23 00:00:00,1455.6504553585369
2004-03-24 00:00:00,1450.2557570579613
2004-03-25 00:00:00,1445.1477830610017
2004-03-26 00:00:00,1440.3712294074317
2004-03-28 00:00:00,1431.9972417378883
2004-03-29 01:00:00,1428.3469231262548
2004-03-30 01:00:00,1425.344878142748
2004-03-31 01:00:00,1422.8529012161116
2004-04-01 01:00:00,1420.877251392022
2004-04-02 01:00:00,1419.4134864510916
2004-04-04 01:00:00,1417.9658917159666
2004-04-05 01:00:00,1417.9457947154642
2004-04-06 01:00:00,1418.3720070111326
2004-04-07 01:00:00,1419.2319687104814
2004-04-08 01:00:00,1420.5172398203506
2004-04-09 01:00:00,1422.2216181855854
2004-04-11 01:00:00,1426.852702151462
2004-04-12 01:00:00,1429.7447719256188
2004-04-13 01:00:00,1432.980581306677
2004-04-14 01:00:00,1436.514948890152
2004-04-15 01:00:00,1440.2925300265167
2004-04-16 01:00:00,1444.2510051456031
2004-04-18 01:00:00,1452.450035596491
2004-04-19 01:00:00,1456.5655336553612
2004-04-20 01:00:00,1460.6170890521223
2004-04-21 01:00:00,1464.5574229502558
2004-04-22 01:00:00,1468.346505697978
2004-04-23 01:00:00,1471.950992427704
2004-04-25 01:00:00,1478.5003359227649
2004-04-26 01:00:00,1481.4028761784753
2004-04-27 01:00:00,1484.0345077441063
2004-04-28 01:00:00,1486.381522273387
2004-04-29 01:00:00,1488.4330171121132
2004-04-30 01:00:00,1490.18136586494
2004-05-02 01:00:00,1492.7579446853354
2004-05-03 01:00:00,1493.5916240929985
2004-05-04 01:00:00,1494.132429087182
2004-05-05 01:00:00,1494.391365108842
2004-05-06 01:00:00,1494.3801304759584
2004-05-07 01:00:00,1494.1093889768263
2004-05-09 01:00:00,1492.8198734984019
2004-05-10 01:00:00,1491.8103651630104
2004-05-11 01:00:00,1490.5618928686379
2004-05-12 01:00:00,1489.078754187809
2004-05-13 01:00:00,1487.3679374389553
2004-05-14 01:00:00,1485.439846385688
2004-05-16 01:00:00,1480.9887510373871
2004-05-17 01:00:00,1478.4981536156502
2004-05-18 01:00:00,1475.8515910014642
2004-05-19 01:00:00,1473.0612396630381
2004-05-20 01:00:00,1470.1347861802965
2004-05-21 01:00:00,1467.0745727758851
2004-05-23 01:00:00,1460.535720206668
2004-05-24 01:00:00,1457.0382909192651
2004-05-25 01:00:00,1453.3733572718704
2004-05-26 01:00:00,1453.0982013948421
2004-05-27 01:00:00,1453.1252981114314
2004-05-28 01:00:00,1453.0142055570896
2004-05-30 01:00:00,1452.452229117937
2004-05-31 01:00:00,1452.0685707697787
2004-06-01 01:00:00,1451.6689981732477
2004-06-02 01:00:00,1451.2858368881673
2004-06-03 01:00:00,1450.93536499219
2004-06-04 01:00:00,1450.6124743004898
2004-06-06 01:00:00,1449.9265177942355
2004-06-07 01:00:00,1449.4733875854483
2004-06-08 01:00:00,1448.8902430067435
2004-06-09 01:00:00,1448.15367936611
2004-06-10 01:00:00,1447.2634685332919
2004-06-11 01:00:00,1446.242966129106
2004-06-13 01:00:00,1444.3909809077986
2004-06-14 01:00:00,1448.714796152266
2004-06-15 01:00:00,1453.107698680271
2004-06-16 01:00:00,1457.592924764132
2004-06-17 01:00:00,1462.175177053204
2004-06-18 01:00:00,1466.8384524911428
2004-06-20 01:00:00,1476.2492466661101
2004-06-21 01:00:00,1480.8851021296618
2004-06-22 01:00:00,1485.3947044718211
2004-06-23 01:00:00,1489.7285145200028
2004-06-24 01:00:00,1493.8563982024314
2004-06-25 01:00:00,1497.7741217742462
2004-06-27 01:00:00,1505.254595791112
2004-06-28 01:00:00,1512.5860051099269
2004-06-29 01:00:00,1519.8539280231603
2004-06-30 01:00:00,1527.1142051512218
2004-07-01 01:00:00,1534.3975913867691
2004-07-02 01:00:00,1541.7005348418415
2004-07-04 01:00:00,1556.1849057062914
2004-07-05 01:00:00,1563.226812110993
2004-07-06 01:00:00,1570.0442602471467
2004-07-07 01:00:00,1576.5955848724598
2004-07-08 01:00:00,1582.8722773946952
2004-07-09 01:00:00,1588.8994762487678
2004-07-11 01:00:00,1600.5244085599186
2004-07-12 01:00:00,1608.0368935480642
2004-07-13 01:00:00,1615.487297575322
2004-07-14 01:00:00,1622.91953823173
2004-07-15 01:00:00,1630.3512825180053
2004-07-16 01:00:00,1637.7708429309653
2004-07-18 01:00:00,1652.391820896688
2004-07-19 01:00:00,1659.4556774675123
2004-07-20 01:00:00,1666.2536691216067
2004-07-21 01:00:00,1672.7212675838205
2004-07-22 01:00:00,1678.8172395160873
2004-07-23 01:00:00,1684.5315464811108
2004-07-25 01:00:00,1694.9395955259886
2004-07-26 01:00:00,1699.7597889059475
2004-07-27 01:00:00,1704.4256144410472
2004-07-28 01:00:00,1709.000646840561
2004-07-29 01:00:00,1713.5183333949458
2004-07-30 01:00:00,1717.9718265305207
2004-08-01 01:00:00,1726.4585356257664
2004-08-02 01:00:00,1729.5183176424755
2004-08-03 01:00:00,1731.7650618682612
2004-08-04 01:00:00,1733.7038527892068
2004-08-05 01:00:00,1735.311278554706
2004-08-06 01:00:00,1736.6002879260338
2004-08-08 01:00:00,1738.415354147887
2004-08-09 01:00:00,1739.0726497058906
2004-08-10 01:00:00,1739.6478885363956
2004-08-11 01:00:00,1740.18522816846
2004-08-12 01:00:00,1740.703589546292
2004-08-13 01:00:00,1741.193418347348
2004-08-15 01:00:00,1741.9208194400862
2004-08-16 01:00:00,1742.0336164605744
2004-08-17 01:00:00,1741.8913765108832
2004-08-18 01:00:00,1741.444555410588
2004-08-19 01:00:00,1740.670882147467
2004-08-20 01:00:00,1739.583039361031
2004-08-22 01:00:00,1736.696544802278
2004-08-23 01:00:00,1735.0851055575667
2004-08-24 01:00:00,1733.508229336576
2004-08-25 01:00:00,1732.0675195121962
2004-08-26 01:00:00,1730.8388442451057
2004-08-27 01:00:00,1729.862261595733
2004-08-29 01:00:00,1728.6459545018624
2004-08-30 01:00:00,1728.335413632048
2004-08-31 01:00:00,1728.16615028857
2004-09-01 01:00:00,1728.8018001605988
2004-09-02 01:00:00,1730.7429086142301
2004-09-03 01:00:00,1732.8263460158091
2004-09-05 01:00:00,1737.6023466107235
2004-09-06 01:00:00,1740.4085577258566
2004-09-07 01:00:00,1743.5639549980779
2004-09-08 01:00:00,1747.1031999105012
2004-09-09 01:00:00,1751.0382747916672
2004-09-10 01:00:00,1755.355472824324
2004-09-12 01:00:00,1764.961746291487
2004-09-13 01:00:00,1770.1208890218206
2004-09-14 01:00:00,1774.2907511093756
2004-09-15 01:00:00,1776.6370936311969
2004-09-16 01:00:00,1778.8637605545366
2004-09-17 01:00:00,1780.9632235636645
2004-09-19 01:00:00,1784.8651946840125
2004-09-20 01:00:00,1786.7534250631377
2004-09-21 01:00:00,1788.668092933763
2004-09-22 01:00:00,1790.652272569474
2004-09-23 01:00:00,1792.731575583852
2004-09-24 01:00:00,1794.9083409774548
2004-09-26 01:00:00,1799.4599875069482
2004-09-27 01:00:00,1801.7848346554838
2004-09-28 01:00:00,1804.900277068483
2004-09-29 01:00:00,1807.9471271710865
2004-09-30 01:00:00,1814.638382960301
2004-10-01 01:00:00,1823.0353780551188
2004-10-03 01:00:00,1839.5451259095275
2004-10-04 01:00:00,1847.70859464229
2004-10-05 01:00:00,1855.8469821314186
2004-10-06 01:00:00,1863.9810210002827
2004-10-07 01:00:00,1871.1463129694034
2004-10-08 01:00:00,1876.904984576381
2004-10-10 01:00:00,1888.3911586856577
2004-10-11 01:00:00,1894.0807727951285
2004-10-12 01:00:00,1899.7072618605432
2004-10-13 01:00:00,1905.2546938971616
2004-10-14 01:00:00,1910.7147290401654
2004-10-15 01:00:00,1916.0879399382143
2004-10-17 01:00:00,1926.614855763506
2004-10-18 01:00:00,1929.3365090364834
2004-10-19 01:00:00,1931.3187512247969
2004-10-20 01:00:00,1933.290406730909
2004-10-21 01:00:00,1935.2528948175284
2004-10-22 01:00:00,1937.204785890041
2004-10-24 01:00:00,1941.0640335706507
2004-10-25 01:00:00,1942.9661305603397
2004-10-26 01:00:00,1944.849237527391
2004-10-27 01:00:00,1946.715493412316
2004-10-28 01:00:00,1948.5684794435829
2004-10-29 01:00:00,1950.4121343189377
2004-10-31 01:00:00,1954.0819086797255
2004-11-01 00:00:00,1955.832202587474
2004-11-02 00:00:00,1957.6482625058861
2004-11-03 00:00:00,1959.4480683440263
2004-11-04 00:00:00,1961.2244741669579
2004-11-05 00:00:00,1962.9706508011254
2004-11-07 00:00:00,1970.2668103685207
2004-11-08 00:00:00,1973.9599894672085
2004-11-09 00:00:00,1977.628735395043
2004-11-10 00:00:00,1981.2816211042607
2004-11-11 00:00:00,1984.9277787316607
2004-11-12 00:00:00,1988.5741218057092
2004-11-14 00:00:00,1995.8671226003025
2004-11-15 00:00:00,1998.5291861996363
2004-11-16 00:00:00,2000.685860971831
2004-11-17 00:00:00,2002.7886774022722
2004-11-18 00:00:00,2004.8296255077248
2004-11-19 00:00:00,2006.7994925363887
2004-11-21 00:00:00,2010.4822061083162
2004-11-22 00:00:00,2012.1692157573873
2004-11-23 00:00:00,2013.7331465650304
2004-11-24 00:00:00,2015.1564263282685
2004-11-25 00:00:00,2014.3543774425204
2004-11-26 00:00:00,2012.8912090387591
2004-11-28 00:00:00,2009.1499492164198
2004-11-29 00:00:00,2006.8394836144396
2004-11-30 00:00:00,2004.2251648458885
2004-12-01 00:00:00,2001.3048672230584
2004-12-02 00:00:00,1998.07869573855
2004-12-03 00:00:00,1994.5472358229556
2004-12-05 00:00:00,1986.5698957165964
2004-12-06 00:00:00,1982.212941514432
2004-12-07 00:00:00,1978.6146799352343
2004-12-08 00:00:00,1974.7466078920334
2004-12-09 00:00:00,1970.645931946237
2004-12-10 00:00:00,1966.3692265485583
2004-12-12 00:00:00,1957.6135270221514
2004-12-13 00:00:00,1953.336292863771
2004-12-14 00:00:00,1949.270591979775
2004-12-15 00:00:00,1945.5153750508143
2004-12-16 00:00:00,1942.148266019741
2004-12-17 00:00:00,1939.217110979421
2004-12-19 00:00:00,1934.6912146031175
2004-12-20 00:00:00,1933.0403917671674
2004-12-21 00:00:00,1931.7290921689173
2004-12-22 00:00:00,1930.6967695990227
2004-12-23 00:00:00,1929.8862426796024
2004-12-24 00:00:00,1929.2504754585225
2004-12-26 00:00:00,1928.3892625110618
2004-12-27 00:00:00,1928.1466431751976
2004-12-28 00:00:00,1928.040585265478
2004-12-29 00:00:00,1928.2429661146398
2004-12-30 00:00:00,1928.9948278250495
2004-12-31 00:00:00,1929.8262712007172
2005-01-02 00:00:00,1931.7875350944123
2005-01-03 00:00:00,1932.907360916233
2005-01-04 00:00:00,1934.0871162095787
2005-01-05 00:00:00,1935.2877423315274
2005-01-06 00:00:00,1936.4664999553472
2005-01-07 00:00:00,1937.5855353502016
2005-01-09 00:00:00,1939.5674717080267
2005-01-10 00:00:00,1940.4445994412006
2005-01-11 00:00:00,1941.2892034097965
2005-01-12 00:00:00,1942.1483053309535
2005-01-13 00:00:00,1943.066458900942
2005-01-14 00:00:00,1944.07462398681
2005-01-16 00:00:00,1947.0902167813442
2005-01-17 00:00:00,1948.7572010623896
2005-01-18 00:00:00,1950.4653798609195
2005-01-19 00:00:00,1952.1713452089632
2005-01-20 00:00:00,1953.8374483989228
2005-01-21 00:00:00,1955.4379877553274
2005-01-23 00:00:00,1958.4195744862136
2005-01-24 00:00:00,1959.8301321656386
2005-01-25 00:00:00,1961.2289163773314
2005-01-26 00:00:00,1961.816262271534
2005-01-27 00:00:00,1960.027117656303
2005-01-28 00:00:00,1957.9430440818662
2005-01-30 00:00:00,1949.5253630981965
2005-01-31 00:00:00,1945.4701281254147
2005-02-01 00:00:00,1941.486805369083
2005-02-02 00:00:00,1937.537731022703
2005-02-03 00:00:00,1933.580949923475
2005-02-04 00:00:00,1929.5784012303777
2005-02-06 00:00:00,1921.3510488083837
2005-02-07 00:00:00,1917.132677013304
2005-02-08 00:00:00,1912.8810538613345
2005-02-09 00:00:00,1908.6384972212131
2005-02-10 00:00:00,1904.4469408341147
2005-02-11 00:00:00,1900.3375308858717
2005-02-13 00:00:00,1892.3999133658403
2005-02-14 00:00:00,1888.5434510239406
2005-02-15 00:00:00,1884.721428996784
2005-02-16 00:00:00,1880.8975439360438
2005-02-17 00:00:00,1877.0391404667678
2005-02-18 00:00:00,1873.1227788684912
2005-02-20 00:00:00,1865.0872805240015
2005-02-21 00:00:00,1863.7589417842091
2005-02-22 00:00:00,1863.2693552215635
2005-02-23 00:00:00,1862.7968760318997
2005-02-24 00:00:00,1862.3673896706177
2005-02-25 00:00:00,1862.0008224424646
2005-02-27 00:00:00,1861.4825452341174
2005-02-28 00:00:00,1861.3107377177266
2005-03-01 00:00:00,1861.161986905568
2005-03-02 00:00:00,1860.9973874951888
2005-03-03 00:00:00,1860.7734968147727
2005-03-04 00:00:00,1860.448183615893
2005-03-06 00:00:00,1863.2741617997556
2005-03-07 00:00:00,1864.8643203116785
2005-03-08 00:00:00,1865.787004231369
2005-03-09 00:00:00,1865.5590012954526
2005-03-10 00:00:00,1865.1805837711054
2005-03-11 00:00:00,1864.6550049421694
2005-03-13 00:00:00,1863.1284199123497
2005-03-14 00:00:00,1862.0867460201853
2005-03-15 00:00:00,1860.8218955224295
2005-03-16 00:00:00,1859.3040704921996
2005-03-17 00:00:00,1857.5074097694032
2005-03-18 00:00:00,1855.4135194071425
2005-03-20 00:00:00,1850.3104168495636
2005-03-21 00:00:00,1847.3158716943108
2005-03-22 00:00:00,1844.051515084748
2005-03-23 00:00:00,1840.5452544295797
2005-03-24 00:00:00,1836.8289604980666
2005-03-25 00:00:00,1832.935966154813
2005-03-27 00:00:00,1824.7487917310868
2005-03-28 01:00:00,1820.3349748694259
2005-03-29 01:00:00,1816.038272329833
2005-03-30 01:00:00,1812.5220891389843
2005-03-31 01:00:00,1812.359672000225
2005-04-01 01:00:00,1812.1938070747187
2005-04-03 01:00:00,1811.673850448086
2005-04-04 01:00:00,1808.7442110592806
2005-04-05 01:00:00,1805.8154298378936
2005-04-06 01:00:00,1802.8944560600034
2005-04-07 01:00:00,1799.9869301571837
2005-04-08 01:00:00,1797.0958207423505
2005-04-10 01:00:00,1791.4676314019882
2005-04-11 01:00:00,1791.091025277499
2005-04-12 01:00:00,1790.7216391317415
2005-04-13 01:00:00,1790.359462248741
2005-04-14 01:00:00,1790.0044773787722
2005-04-15 01:00:00,1789.6566629180504
2005-04-17 01:00:00,1788.982445722232
2005-04-18 01:00:00,1788.6559892280384
2005-04-19 01:00:00,1788.3365966607512
2005-04-20 01:00:00,1788.0242394757483
2005-04-21 01:00:00,1787.7188898344584
2005-04-22 01:00:00,1787.420522147303
2005-04-24 01:00:00,1786.8446558563694
2005-04-25 01:00:00,1786.567140953836
2005-04-26 01:00:00,1786.2965820089566
2005-04-27 01:00:00,1786.033006862992
2005-04-28 01:00:00,1785.7764607253564
2005-04-29 01:00:00,1783.5162127701428
2005-05-01 01:00:00,1778.1038502326528
2005-05-02 01:00:00,1775.2880621795775
2005-05-03 01:00:00,1772.4029783493227
2005-05-04 01:00:00,1769.45107373244
2005-05-05 01:00:00,1766.434545061653
2005-05-06 01:00:00,1763.3553178161449
2005-05-08 01:00:00,1758.403240188832
2005-05-09 01:00:00,1758.1562072884835
2005-05-10 01:00:00,1757.9599969141857
2005-05-11 01:00:00,1757.8027992801074
2005-05-12 01:00:00,1757.6678920518061
2005-05-13 01:00:00,1757.5365173997745
2005-05-15 01:00:00,1757.2189855116692
2005-05-16 01:00:00,1757.7814651714207
2005-05-17 01:00:00,1758.9382624602986
2005-05-18 01:00:00,1760.0763107040675
2005-05-19 01:00:00,1761.2136573874432
2005-05-20 01:00:00,1762.3725033845838
2005-05-22 01:00:00,1764.840488526479
2005-05-23 01:00:00,1766.1780843211034
2005-05-24 01:00:00,1767.5869201216071
2005-05-25 01:00:00,1769.0536573869513
2005-05-26 01:00:00,1770.5547643631053
2005-05-27 01:00:00,1772.061309494613
2005-05-29 01:00:00,1774.9889850689906
2005-05-30 01:00:00,1776.3847342287054
2005-05-31 01:00:00,1777.7418820856296
2005-06-01 01:00:00,1779.0821638451062
2005-06-02 01:00:00,1780.4354442984577
2005-06-03 01:00:00,1781.8333989154585
2005-06-05 01:00:00,1784.8623708872076
2005-06-06 01:00:00,1786.5157760739821
2005-06-07 01:00:00,1788.2547778019677
2005-06-08 01:00:00,1790.0588405753138
2005-06-09 01:00:00,1791.8990408764514
2005-06-10 01:00:00,1793.7429374181988
2005-06-12 01:00:00,1797.3267853655498
2005-06-13 01:00:00,1799.0308806432872
2005-06-14 01:00:00,1800.6732363858096
2005-06-15 01:00:00,1802.2682443744388
2005-06-16 01:00:00,1803.8416314464182
2005-06-17 01:00:00,1805.4263068232885
2005-06-19 01:00:00,1808.7617803943658
2005-06-20 01:00:00,1810.5594728947929
2005-06-21 01:00:00,1812.4511185657088
2005-06-22 01:00:00,1814.4202723694823
2005-06-23 01:00:00,1816.435282376053
2005-06-24 01:00:00,1818.456141726579
2005-06-26 01:00:00,1822.3678775822727
2005-06-27 01:00:00,1826.6298097951137
2005-06-28 01:00:00,1832.2208983260707
2005-06-29 01:00:00,1838.0180459041908
2005-06-30 01:00:00,1843.6643380935307
2005-07-01 01:00:00,1849.197678838008
2005-07-03 01:00:00,1860.0403315657284
2005-07-04 01:00:00,1865.3724815619144
2005-07-05 01:00:00,1870.6328366832324
2005-07-06 01:00:00,1875.7929905886358
2005-07-07 01:00:00,1880.813840320871
2005-07-08 01:00:00,1885.6513344910823
2005-07-10 01:00:00,1896.7515845762077
2005-07-11 01:00:00,1903.0079972307328
2005-07-12 01:00:00,1908.9832034049466
2005-07-13 01:00:00,1914.700574940999
2005-07-14 01:00:00,1920.2094208287651
2005-07-15 01:00:00,1925.5763103226602
2005-07-17 01:00:00,1936.1611790465397
2005-07-18 01:00:00,1941.4802433558723
2005-07-19 01:00:00,1946.8346076719522
2005-07-20 01:00:00,1952.190428037129
2005-07-21 01:00:00,1957.480462924995
2005-07-22 01:00:00,1962.6185910973309
2005-07-24 01:00:00,1972.1236267875431
2005-07-25 01:00:00,1976.403741850295
2005-07-26 01:00:00,1980.3776189087214
2005-07-27 01:00:00,1984.0984285867876
2005-07-28 01:00:00,1987.6427868578776
2005-07-29 01:00:00,1991.0948165016923
2005-07-31 01:00:00,1998.0076370274876
2005-08-01 01:00:00,1999.803039363652
2005-08-02 01:00:00,2000.9626642164333
2005-08-03 01:00:00,2002.174308840297
2005-08-04 01:00:00,2003.4002471188967
2005-08-05 01:00:00,2004.5968697427875
2005-08-07 01:00:00,2006.762575924738
2005-08-08 01:00:00,2007.7059981180212
2005-08-09 01:00:00,2008.5796712056922
2005-08-10 01:00:00,2009.4328508194055
2005-08-11 01:00:00,2010.3360553696023
2005-08-12 01:00:00,2011.373270311592
2005-08-14 01:00:00,2013.775031475845
2005-08-15 01:00:00,2015.2706788748512
2005-08-16 01:00:00,2017.0750675590152
2005-08-17 01:00:00,2019.1881737644837
2005-08-18 01:00:00,2021.5932934726607
2005-08-19 01:00:00,2024.2626778748197
2005-08-21 01:00:00,2030.2771717588844
2005-08-22 01:00:00,2033.583176839723
2005-08-23 01:00:00,2037.0832729006065
2005-08-24 01:00:00,2040.7886262929824
2005-08-25 01:00:00,2044.7173205083916
2005-08-26 01:00:00,2048.8884160863336
2005-08-28 01:00:00,2058.00591919959
2005-08-29 01:00:00,2062.9510710729887
2005-08-30 01:00:00,2066.2813189089834
2005-08-31 01:00:00,2069.127375957843
2005-09-01 01:00:00,2072.1280953551272
2005-09-02 01:00:00,2075.3888778873493
2005-09-04 01:00:00,2085.937362935419
2005-09-05 01:00:00,2091.3503899939888
2005-09-06 01:00:00,2096.836770922229
2005-09-07 01:00:00,2102.383411216969
2005-09-08 01:00:00,2107.9784056037292
2005-09-09 01:00:00,2113.611107598101
2005-09-11 01:00:00,2117.801590775204
2005-09-12 01:00:00,2119.5874563216853
2005-09-13 01:00:00,2121.392580264283
2005-09-14 01:00:00,2123.2172566577847
2005-09-15 01:00:00,2125.061794782206
2005-09-16 01:00:00,2126.9265273483184
2005-09-18 01:00:00,2130.718060339205
2005-09-19 01:00:00,2132.645682688497
2005-09-20 01:00:00,2134.595131976021
2005-09-21 01:00:00,2136.5668654091132
2005-09-22 01:00:00,2138.5613369032444
2005-09-23 01:00:00,2140.5789860130226
2005-09-25 01:00:00,2144.6854568946587
2005-09-26 01:00:00,2146.7750246754913
2005-09-27 01:00:00,2148.889255673445
2005-09-28 01:00:00,2151.0284353408374
2005-09-29 01:00:00,2151.515102201231
2005-09-30 01:00:00,2150.3442579352186
2005-10-02 01:00:00,2148.1895872291243
2005-10-03 01:00:00,2145.1021216222903
2005-10-04 01:00:00,2141.8887359965493
2005-10-05 01:00:00,2138.706626358278
2005-10-06 01:00:00,2135.9379067660125
2005-10-07 01:00:00,2135.5092601735537
2005-10-09 01:00:00,2134.63988384423
2005-10-10 01:00:00,2134.2031087024952
2005-10-11 01:00:00,2133.7696950968566
2005-10-12 01:00:00,2133.3428469374667
2005-10-13 01:00:00,2132.9237436813155
2005-10-14 01:00:00,2132.5105389726396
2005-10-16 01:00:00,2131.680592995997
2005-10-17 01:00:00,2131.2497580234017
2005-10-18 01:00:00,2130.800437221206
2005-10-19 01:00:00,2130.330505598858
2005-10-20 01:00:00,2129.842164942464
2005-10-21 01:00:00,2129.341850568623
2005-10-23 01:00:00,2127.2345776462325
2005-10-24 01:00:00,2123.504835010519
2005-10-25 01:00:00,2119.81851493244
2005-10-26 01:00:00,2116.181957693677
2005-10-27 01:00:00,2112.5965190405755
2005-10-28 01:00:00,2109.0587738684485
2005-10-30 01:00:00,2102.096834239117
2005-10-31 00:00:00,2098.7997030501297
2005-11-01 00:00:00,2095.380278424784
2005-11-02 00:00:00,2091.985597158519
2005-11-03 00:00:00,2088.627607525522
2005-11-04 00:00:00,2085.3278133408385
2005-11-06 00:00:00,2079.029026119629
2005-11-07 00:00:00,2076.103168601158
2005-11-08 00:00:00,2073.372440876476
2005-11-09 00:00:00,2070.86260358935
2005-11-10 00:00:00,2068.5891944562313
2005-11-11 00:00:00,2066.5581772021183
2005-11-13 00:00:00,2063.2186323885744
2005-11-14 00:00:00,2061.9087860732798
2005-11-15 00:00:00,2060.847989638685
2005-11-16 00:00:00,2060.0545052666985
2005-11-17 00:00:00,2059.5550805705043
2005-11-18 00:00:00,2059.380923149373
2005-11-20 00:00:00,2060.115067917736
2005-11-21 00:00:00,2061.043752163717
2005-11-22 00:00:00,2062.323965169737
2005-11-23 00:00:00,2063.90432874187
2005-11-24 00:00:00,2065.705703823326
2005-11-25 00:00:00,2067.6258336074998
2005-11-27 00:00:00,2071.35126746777
2005-11-28 00:00:00,2072.924198938648
2005-11-29 00:00:00,2074.1742073208434
2005-11-30 00:00:00,2075.0369485752303
2005-12-01 00:00:00,2075.480940394019
2005-12-02 00:00:00,2075.507816242363
2005-12-04 00:00:00,2074.450641784181
2005-12-05 00:00:00,2073.4742674113068
2005-12-06 00:00:00,2071.757164550401
2005-12-07 00:00:00,2069.877230468899
2005-12-08 00:00:00,2067.862037133433
2005-12-09 00:00:00,2065.713338515238
2005-12-11 00:00:00,2060.9622181153677
2005-12-12 00:00:00,2058.3271015389532
2005-12-13 00:00:00,2055.5090910670565
2005-12-14 00:00:00,2052.5180537520723
2005-12-15 00:00:00,2049.379839879275
2005-12-16 00:00:00,2046.1341493765103
2005-12-18 00:00:00,2039.5173491393052
2005-12-19 00:00:00,2036.2437147778132
2005-12-20 00:00:00,2033.0444102978713
2005-12-21 00:00:00,2029.9399794295077
2005-12-22 00:00:00,2026.9338522845583
2005-12-23 00:00:00,2024.0129254397748
2005-12-25 00:00:00,2018.3115425495166
2005-12-26 00:00:00,2015.4586772574437
2005-12-27 00:00:00,2012.5598962021027
2005-12-28 00:00:00,2009.5952303088764
2005-12-29 00:00:00,2006.5621220449698
2005-12-30 00:00:00,2003.4776990464936
2006-01-01 00:00:00,1997.3048294274545
2006-01-02 00:00:00,1994.3081802836264
2006-01-03 00:00:00,1991.422385515631
2006-01-04 00:00:00,1988.6633554488099
2006-01-05 00:00:00,1986.0239636112706
2006-01-06 00:00:00,1983.4758878558448
2006-01-08 00:00:00,1978.479691364596
2006-01-09 00:00:00,1975.9432028519166
2006-01-10 00:00:00,1973.3389215041395
2006-01-11 00:00:00,1970.6563045447692
2006-01-12 00:00:00,1967.903566153376
2006-01-13 00:00:00,1965.1051330010073
2006-01-15 00:00:00,1959.5170228113402
2006-01-16 00:00:00,1956.537095660334
2006-01-17 00:00:00,1953.4597808686776
2006-01-18 00:00:00,1952.0597521862778
2006-01-19 00:00:00,1953.5521997995584
2006-01-20 00:00:00,1955.099655390115
2006-01-22 00:00:00,1958.2188031774676
2006-01-23 00:00:00,1959.7067828743143
2006-01-24 00:00:00,1961.0944492974818
2006-01-25 00:00:00,1962.3543502160442
2006-01-26 00:00:00,1963.4749564251167
2006-01-27 00:00:00,1964.4631360549731
2006-01-29 00:00:00,1960.8710897622507
2006-01-30 00:00:00,1958.0168525192778
2006-01-31 00:00:00,1955.1399225668347
2006-02-01 00:00:00,1952.2576471073783
2006-02-02 00:00:00,1949.3688239903631
2006-02-03 00:00:00,1946.4551759997637
2006-02-05 00:00:00,1940.4311037259
2006-02-06 00:00:00,1937.2588227199028
2006-02-07 00:00:00,1933.9523385530438
2006-02-08 00:00:00,1930.5083260997362
2006-02-09 00:00:00,1926.9386124701346
2006-02-10 00:00:00,1923.2681647233928
2006-02-12 00:00:00,1915.766171123582
2006-02-13 00:00:00,1912.0112960034928
2006-02-14 00:00:00,1908.300222197206
2006-02-15 00:00:00,1905.828957545702
2006-02-16 00:00:00,1905.525284611603
2006-02-17 00:00:00,1905.2365059505437
2006-02-19 00:00:00,1904.642156713729
2006-02-20 00:00:00,1904.2954297637514
2006-02-21 00:00:00,1903.8888282606417
2006-02-22 00:00:00,1903.4085828011362
2006-02-23 00:00:00,1902.8498678930637
2006-02-24 00:00:00,1902.2182740325914
2006-02-26 00:00:00,1900.8044338017232
2006-02-27 00:00:00,1900.0679830041254
2006-02-28 00:00:00,1899.3400507037516
2006-03-01 00:00:00,1898.6327707252983
2006-03-02 00:00:00,1897.9482463069694
2006-03-03 00:00:00,1897.279087026388
2006-03-05 00:00:00,1895.9291895453566
2006-03-06 00:00:00,1895.2179467267904
2006-03-07 00:00:00,1894.4681959154225
2006-03-08 00:00:00,1893.676733177829
2006-03-09 00:00:00,1892.846610994232
2006-03-10 00:00:00,1891.9858281263994
2006-03-12 00:00:00,1888.9511382075395
2006-03-13 00:00:00,1886.219836768185
2006-03-14 00:00:00,1883.4795853609621
2006-03-15 00:00:00,1880.734671124543
2006-03-16 00:00:00,1877.9857547803756
2006-03-17 00:00:00,1875.230483534074
2006-03-19 00:00:00,1869.6830446288502
2006-03-20 00:00:00,1866.8816956995072
2006-03-21 00:00:00,1864.0580249923682
2006-03-22 00:00:00,1861.211937855657
2006-03-23 00:00:00,1858.3457378640455
2006-03-24 00:00:00,1855.463429754139
2006-03-26 00:00:00,1849.667417595584
2006-03-27 01:00:00,1846.6359635147198
2006-03-28 01:00:00,1843.7197043201897
2006-03-29 01:00:00,1840.7932111018565
2006-03-30 01:00:00,1837.8531702215596
2006-03-31 01:00:00,1834.8973479719348
2006-04-02 01:00:00,1828.942185680457
2006-04-03 01:00:00,1825.9519572573975
2006-04-04 01:00:00,1822.9626037424443
2006-04-05 01:00:00,1819.981273587152
2006-04-06 01:00:00,1817.0131994022502
2006-04-07 01:00:00,1814.060359034847
2006-04-09 01:00:00,1808.1887940357665
2006-04-10 01:00:00,1805.255581706806
2006-04-11 01:00:00,1802.3108887874691
2006-04-12 01:00:00,1799.3446731601064
2006-04-13 01:00:00,1796.349038779118
2006-04-14 01:00:00,1793.3199750577003
2006-04-16 01:00:00,1787.1719246022108
2006-04-17 01:00:00,1784.0719141043746
2006-04-18 01:00:00,1780.974245783677
2006-04-19 01:00:00,1779.235579123138
2006-04-20 01:00:00,1779.743654020374
2006-04-21 01:00:00,1781.7380658881054
2006-04-23 01:00:00,1785.935717966948
2006-04-24 01:00:00,1788.137397653501
2006-04-25 01:00:00,1790.4068658010838
2006-04-26 01:00:00,1792.7437062599392
2006-04-27 01:00:00,1795.1476182844326
2006-04-28 01:00:00,1797.6184006818728
2006-04-30 01:00:00,1802.7601785238876
2006-05-01 01:00:00,1805.4311305649674
2006-05-02 01:00:00,1808.1688285671642
2006-05-03 01:00:00,1810.9733141686302
2006-05-04 01:00:00,1813.8446030448288
2006-05-05 01:00:00,1816.7826461208315
2006-05-07 01:00:00,1823.8508270560858
2006-05-08 01:00:00,1829.210880821219
2006-05-09 01:00:00,1834.657564507806
2006-05-10 01:00:00,1840.2133990012767
2006-05-11 01:00:00,1845.8946703630102
2006-05-12 01:00:00,1851.3657542549643
2006-05-14 01:00:00,1854.4841084428544
2006-05-15 01:00:00,1856.111380757238
2006-05-16 01:00:00,1857.7449636042297
2006-05-17 01:00:00,1859.3535225749724
2006-05-18 01:00:00,1860.9118890024904
2006-05-19 01:00:00,1862.4070266916447
2006-05-21 01:00:00,1865.2347002807744
2006-05-22 01:00:00,1866.617300001508
2006-05-23 01:00:00,1868.0266339468799
2006-05-24 01:00:00,1869.4975189234333
2006-05-25 01:00:00,1871.0546797759157
2006-05-26 01:00:00,1872.707252100292
2006-05-28 01:00:00,1876.249653711628
2006-05-29 01:00:00,1878.0814880714297
2006-05-30 01:00:00,1879.9052228450419
2006-05-31 01:00:00,1881.6880688121503
2006-06-01 01:00:00,1883.407634384431
2006-06-02 01:00:00,1885.0555997923468
2006-06-04 01:00:00,1888.1768308626158
2006-06-05 01:00:00,1889.6998265725472
2006-06-06 01:00:00,1891.2418650739555
2006-06-07 01:00:00,1892.8359476306896
2006-06-08 01:00:00,1892.5394334921375
2006-06-09 01:00:00,1891.7960686113342
2006-06-11 01:00:00,1890.5778505904555
2006-06-12 01:00:00,1890.0561714243245
2006-06-13 01:00:00,1889.5439079195532
2006-06-14 01:00:00,1889.0015085419604
2006-06-15 01:00:00,1888.397248485881
2006-06-16 01:00:00,1887.714625307251
2006-06-18 01:00:00,1886.1453893469547
2006-06-19 01:00:00,1886.1115407836594
2006-06-20 01:00:00,1886.3124278260577
2006-06-21 01:00:00,1886.579151922619
2006-06-22 01:00:00,1886.9402969937844
2006-06-23 01:00:00,1887.4070591766895
2006-06-25 01:00:00,1888.6081561719325
2006-06-26 01:00:00,1889.281069421658
2006-06-27 01:00:00,1889.9499359648598
2006-06-28 01:00:00,1890.5785123663768
2006-06-29 01:00:00,1891.1408311777711
2006-06-30 01:00:00,1891.6251797657862
2006-07-02 01:00:00,1892.389281054175
2006-07-03 01:00:00,1892.7156753674328
2006-07-04 01:00:00,1893.0489855891162
2006-07-05 01:00:00,1893.423638730325
2006-07-06 01:00:00,1893.8681085309095
2006-07-07 01:00:00,1894.3996826166854
2006-07-09 01:00:00,1895.7178097990186
2006-07-10 01:00:00,1896.4628823366518
2006-07-11 01:00:00,1897.2191069213525
2006-07-12 01:00:00,1897.948173386736
2006-07-13 01:00:00,1898.6189197549259
2006-07-14 01:00:00,1899.2146070555154
2006-07-16 01:00:00,1900.2056454388653
2006-07-17 01:00:00,1900.6537155612546
2006-07-18 01:00:00,1901.119791972134
2006-07-19 01:00:00,1901.6395344942905
2006-07-20 01:00:00,1902.2381709738995
2006-07-21 01:00:00,1902.925706626714
2006-07-23 01:00:00,1904.5272484651487
2006-07-24 01:00:00,1905.3903364197952
2006-07-25 01:00:00,1906.2515703998383
2006-07-26 01:00:00,1907.0805885683283
2006-07-27 01:00:00,1907.855021357764
2006-07-28 01:00:00,1908.5636501418976
2006-07-30 01:00:00,1909.7989078019948
2006-07-31 01:00:00,1910.3591562694626
2006-08-01 01:00:00,1910.914673534392
2006-08-02 01:00:00,1911.4926928003438
2006-08-03 01:00:00,1912.1166405265617
2006-08-04 01:00:00,1912.801961683035
2006-08-06 01:00:00,1914.3623110811786
2006-08-07 01:00:00,1915.2109174283294
2006-08-08 01:00:00,1916.072878035882
2006-08-09 01:00:00,1916.92037969572
2006-08-10 01:00:00,1917.7301573314767
2006-08-11 01:00:00,1918.4888285536244
2006-08-13 01:00:00,1919.8634880183172
2006-08-14 01:00:00,1919.8122930815744
2006-08-15 01:00:00,1919.1323009068185
2006-08-16 01:00:00,1918.4807818928061
2006-08-17 01:00:00,1917.874076126115
2006-08-18 01:00:00,1917.3187764042236
2006-08-20 01:00:00,1916.3394764043203
2006-08-21 01:00:00,1915.940135840527
2006-08-22 01:00:00,1919.1177339506992
2006-08-23 01:00:00,1922.3206385353492
2006-08-24 01:00:00,1925.5243055185513
2006-08-25 01:00:00,1928.7113707528567
2006-08-27 01:00:00,1935.1367491362994
2006-08-28 01:00:00,1940.4541961227371
2006-08-29 01:00:00,1945.7541724012192
2006-08-30 01:00:00,1951.0444669900141
2006-08-31 01:00:00,1956.331734656147
2006-09-01 01:00:00,1961.6195061582946
2006-09-03 01:00:00,1969.6768280933961
2006-09-04 01:00:00,1971.0506760957392
2006-09-05 01:00:00,1971.1113528860744
2006-09-06 01:00:00,1971.1766298934685
2006-09-07 01:00:00,1971.246487685398
2006-09-08 01:00:00,1971.3209093204916
2006-09-10 01:00:00,1971.4833922824057
2006-09-11 01:00:00,1968.6501444172363
2006-09-12 01:00:00,1965.2753727823367
2006-09-13 01:00:00,1961.9371222120546
2006-09-14 01:00:00,1958.6326824967732
2006-09-15 01:00:00,1955.3621432458556
2006-09-17 01:00:00,1949.2853655404363
2006-09-18 01:00:00,1945.5390897644136
2006-09-19 01:00:00,1941.7993348858163
2006-09-20 01:00:00,1938.065832839675
2006-09-21 01:00:00,1934.3364712526356
2006-09-22 01:00:00,1930.6078708956293
2006-09-24 01:00:00,1923.1387572130584
2006-09-25 01:00:00,1919.3939126329735
2006-09-26 01:00:00,1915.6428543250813
2006-09-27 01:00:00,1910.9372744334319
2006-09-28 01:00:00,1904.658297084257
2006-09-29 01:00:00,1898.3962373990266
2006-10-01 01:00:00,1885.9705458126236
2006-10-02 01:00:00,1879.8158850819966
2006-10-03 01:00:00,1873.6910462727108
2006-10-04 01:00:00,1867.5777728513808
2006-10-05 01:00:00,1861.4519800818812
2006-10-06 01:00:00,1855.2893227535005
2006-10-08 01:00:00,1842.7926745202915
2006-10-09 01:00:00,1836.4606815330076
2006-10-10 01:00:00,1830.0976652556544
2006-10-11 01:00:00,1823.7345065476943
2006-10-12 01:00:00,1817.4038946510689
2006-10-13 01:00:00,1811.1328215047424
2006-10-15 01:00:00,1798.8148629822438
2006-10-16 01:00:00,1792.7525146115781
2006-10-17 01:00:00,1786.7212571570135
2006-10-18 01:00:00,1780.6849958520934
2006-10-19 01:00:00,1774.6057351405627
2006-10-20 01:00:00,1768.4498875360496
2006-10-22 01:00:00,1755.8295278233186
2006-10-23 01:00:00,1749.6978281085017
2006-10-24 01:00:00,1743.8945202521008
2006-10-25 01:00:00,1737.8759820816344
2006-10-26 01:00:00,1732.5835639888116
2006-10-27 01:00:00,1727.3808591503077
2006-10-29 01:00:00,1716.5693050503155
2006-10-30 00:00:00,1711.1770411251437
2006-10-31 00:00:00,1705.3509737030765
2006-11-01 00:00:00,1700.3722178854387
2006-11-02 00:00:00,1695.4879388989884
2006-11-03 00:00:00,1690.5196456800738
2006-11-05 00:00:00,1680.1751095168647
2006-11-06 00:00:00,1674.7950727768766
2006-11-07 00:00:00,1669.325835176379
2006-11-08 00:00:00,1665.3979000612117
2006-11-09 00:00:00,1665.1042355186994
2006-11-10 00:00:00,1664.881519722331
2006-11-12 00:00:00,1665.7711751701027
2006-11-13 00:00:00,1668.7861890619001
2006-11-14 00:00:00,1671.233838531512
2006-11-15 00:00:00,1672.9737775036551
2006-11-16 00:00:00,1674.1954936447048
2006-11-17 00:00:00,1676.28816473982
2006-11-19 00:00:00,1677.704082001341
2006-11-20 00:00:00,1677.0939134948394
2006-11-21 00:00:00,1675.7160039333621
2006-11-22 00:00:00,1673.6918680101371
2006-11-23 00:00:00,1671.1586382467488
2006-11-24 00:00:00,1668.2529482910886
2006-11-26 00:00:00,1661.769130160967
2006-11-27 00:00:00,1658.3239283038956
2006-11-28 00:00:00,1654.7608596552589
2006-11-29 00:00:00,1651.0459028660348
2006-11-30 00:00:00,1647.1230951582577
2006-12-01 00:00:00,1642.9336315315163
2006-12-03 00:00:00,1633.6201857393003
2006-12-04 00:00:00,1628.5179143100302
2006-12-05 00:00:00,1623.1970534700956
2006-12-06 00:00:00,1617.7508123975213
2006-12-07 00:00:00,1612.2794081122063
2006-12-08 00:00:00,1606.8710102001462
2006-12-10 00:00:00,1596.4508618334623
2006-12-11 00:00:00,1593.6143614444711
2006-12-12 00:00:00,1593.1777592800136
2006-12-13 00:00:00,1593.452952580887
2006-12-14 00:00:00,1593.7041149450547
2006-12-15 00:00:00,1593.8573274098228
2006-12-17 00:00:00,1593.6695390579323
2006-12-18 00:00:00,1593.3022060087367
2006-12-19 00:00:00,1592.7912606572029
2006-12-20 00:00:00,1592.203176201911
2006-12-21 00:00:00,1591.6222960818625
2006-12-22 00:00:00,1591.1352516913744
2006-12-24 00:00:00,1590.6990357955065
2006-12-25 00:00:00,1590.7932389164512
2006-12-26 00:00:00,1591.057493160486
2006-12-27 00:00:00,1591.4200202858806
2006-12-28 00:00:00,1591.7913249088033
2006-12-29 00:00:00,1592.0835212591317
2006-12-31 00:00:00,1592.1969216391785
2007-01-01 00:00:00,1591.994688126962
2007-01-02 00:00:00,1591.6695006557022
2007-01-03 00:00:00,1591.2940995947627
2007-01-04 00:00:00,1590.9507267923157
2007-01-05 00:00:00,1590.714021666886
2007-01-07 00:00:00,1590.7435545484502
2007-01-08 00:00:00,1591.0250763172535
2007-01-09 00:00:00,1591.445466964444
2007-01-10 00:00:00,1591.9480809830284
2007-01-11 00:00:00,1592.4660856293224
2007-01-12 00:00:00,1592.9337413731253
2007-01-14 00:00:00,1593.524233671363
2007-01-15 00:00:00,1593.6090561241047
2007-01-16 00:00:00,1593.575084546023
2007-01-17 00:00:00,1593.470761790296
2007-01-18 00:00:00,1593.3609860285726
2007-01-19 00:00:00,1593.3145634421342
2007-01-21 00:00:00,1593.6236405020345
2007-01-22 00:00:00,1594.020566388589
2007-01-23 00:00:00,1593.6051282722294
2007-01-24 00:00:00,1591.5818698638625
2007-01-25 00:00:00,1589.578955132448
2007-01-26 00:00:00,1587.532863837136
2007-01-28 00:00:00,1583.142181573979
2007-01-29 00:00:00,1579.9012503650329
2007-01-30 00:00:00,1574.030819972164
2007-01-31 00:00:00,1568.184261881871
2007-02-01 00:00:00,1562.4283083420605
2007-02-02 00:00:00,1556.82696197304
2007-02-04 00:00:00,1546.2843053232186
2007-02-05 00:00:00,1541.4003500030276
2007-02-06 00:00:00,1536.7863637085711
2007-02-07 00:00:00,1532.4362174143043
2007-02-08 00:00:00,1528.8454876575247
2007-02-09 00:00:00,1527.360430281111
2007-02-11 00:00:00,1526.7111377757149
2007-02-12 00:00:00,1528.45849308486
2007-02-13 00:00:00,1530.5123067137233
2007-02-14 00:00:00,1532.8954035526456
2007-02-15 00:00:00,1535.6286127307244
2007-02-16 00:00:00,1538.7264248486301
2007-02-18 00:00:00,1546.0167961483505
2007-02-19 00:00:00,1550.1724189001827
2007-02-20 00:00:00,1554.6173547330684
2007-02-21 00:00:00,1559.2965932431443
2007-02-22 00:00:00,1564.1468991238332
2007-02-23 00:00:00,1569.101990644507
2007-02-25 00:00:00,1579.0762143842703
2007-02-26 00:00:00,1583.9874104001353
2007-02-27 00:00:00,1588.790459408563
2007-02-28 00:00:00,1593.4527664459397
2007-03-01 00:00:00,1597.9488849221607
2007-03-02 00:00:00,1602.2591904200008
2007-03-04 00:00:00,1610.2667467217166
2007-03-05 00:00:00,1613.945931317473
2007-03-06 00:00:00,1617.4028590941966
2007-03-07 00:00:00,1620.6378777106215
2007-03-08 00:00:00,1623.6552328634375
2007-03-09 00:00:00,1626.4629560942085
2007-03-11 00:00:00,1631.4974161221298
2007-03-12 00:00:00,1633.7529433982927
2007-03-13 00:00:00,1635.853581001924
2007-03-14 00:00:00,1637.8119726187342
2007-03-15 00:00:00,1639.6375736079287
2007-03-16 00:00:00,1641.3360753319523
2007-03-18 00:00:00,1644.3591424424305
2007-03-19 00:00:00,1645.684709648702
2007-03-20 00:00:00,1646.8897112747818
2007-03-21 00:00:00,1647.9817498374603
2007-03-22 00:00:00,1648.9732804556627
2007-03-23 00:00:00,1649.5577231174575
2007-03-25 00:00:00,1647.941622707117
2007-03-26 01:00:00,1647.0335103929979
2007-03-27 01:00:00,1646.129029815515
2007-03-28 01:00:00,1645.1886959746441
2007-03-29 01:00:00,1644.2040761805074
2007-03-30 01:00:00,1643.1630948880977
2007-04-01 01:00:00,1640.9577688032625
2007-04-02 01:00:00,1641.5250805526812
2007-04-03 01:00:00,1645.928840208149
2007-04-04 01:00:00,1650.442709231188
2007-04-05 01:00:00,1655.0551867187364
2007-04-06 01:00:00,1659.7493398691777
2007-04-08 01:00:00,1669.3020691298002
2007-04-09 01:00:00,1674.1237535513555
2007-04-10 01:00:00,1678.960400658858
2007-04-11 01:00:00,1683.8119012816467
2007-04-12 01:00:00,1688.68871639985
2007-04-13 01:00:00,1693.6107438833915
2007-04-15 01:00:00,1703.6948425335781
2007-04-16 01:00:00,1708.904698612232
2007-04-17 01:00:00,1714.2434934017365
2007-04-18 01:00:00,1719.7068268576581
2007-04-19 01:00:00,1725.276249986477
2007-04-20 01:00:00,1730.923500594238
2007-04-22 01:00:00,1742.331608397075
2007-04-23 01:00:00,1748.0501024656878
2007-04-24 01:00:00,1753.7706916234984
2007-04-25 01:00:00,1759.5044364063056
2007-04-26 01:00:00,1765.4318400694037
2007-04-27 01:00:00,1772.7570739403372
2007-04-29 01:00:00,1786.566720423534
2007-04-30 01:00:00,1793.2044472408545
2007-05-01 01:00:00,1800.2603280488092
2007-05-02 01:00:00,1807.5054360149595
2007-05-03 01:00:00,1814.8978193094097
2007-05-04 01:00:00,1822.3758390573034
2007-05-06 01:00:00,1837.2947871643885
2007-05-07 01:00:00,1844.5978772683932
2007-05-08 01:00:00,1851.7333793370108
2007-05-09 01:00:00,1858.6882866951667
2007-05-10 01:00:00,1865.4814177755354
2007-05-11 01:00:00,1872.1599492710045
2007-05-13 01:00:00,1885.4398615871328
2007-05-14 01:00:00,1892.1663615126738
2007-05-15 01:00:00,1898.9955432600557
2007-05-16 01:00:00,1905.9151149552408
2007-05-17 01:00:00,1912.8742003218924
2007-05-18 01:00:00,1919.794288835777
2007-05-20 01:00:00,1933.1767449428196
2007-05-21 01:00:00,1936.5452217025265
2007-05-22 01:00:00,1939.0840110284857
2007-05-23 01:00:00,1941.480587494683
2007-05-24 01:00:00,1943.787302070811
2007-05-25 01:00:00,1946.07352079055
2007-05-27 01:00:00,1950.8682584622582
2007-05-28 01:00:00,1953.4858873514727
2007-05-29 01:00:00,1956.2834274952793
2007-05-30 01:00:00,1959.249072189154
2007-05-31 01:00:00,1962.3423805271232
2007-06-01 01:00:00,1965.5001453256261
2007-06-03 01:00:00,1971.7042654900386
2007-06-04 01:00:00,1974.6107615142246
2007-06-05 01:00:00,1977.327220681924
2007-06-06 01:00:00,1979.8480422708383
2007-06-07 01:00:00,1982.2028249572277
2007-06-08 01:00:00,1984.4518390375388
2007-06-10 01:00:00,1988.9552649695138
2007-06-11 01:00:00,1991.3614379087444
2007-06-12 01:00:00,1993.9311921650237
2007-06-13 01:00:00,1996.6620586677939
2007-06-14 01:00:00,1999.5115366528833
2007-06-15 01:00:00,2002.4074595691363
2007-06-17 01:00:00,2008.0107899258282
2007-06-18 01:00:00,2010.5902647876462
2007-06-19 01:00:00,2012.9858443752055
2007-06-20 01:00:00,2015.2134560063719
2007-06-21 01:00:00,2017.3175889325837
2007-06-22 01:00:00,2019.3609650343483
2007-06-24 01:00:00,2023.533519315306
2007-06-25 01:00:00,2025.770372336104
2007-06-26 01:00:00,2028.1439001921703
2007-06-27 01:00:00,2030.647447505154
2007-06-28 01:00:00,2033.2474580858034
2007-06-29 01:00:00,2035.8888133123844
2007-07-01 01:00:00,2041.0243516388034
2007-07-02 01:00:00,2043.8963407274941
2007-07-03 01:00:00,2047.2484837046352
2007-07-04 01:00:00,2050.3694995541177
2007-07-05 01:00:00,2053.2812644625533
2007-07-06 01:00:00,2056.031473306209
2007-07-08 01:00:00,2061.3042592033157
2007-07-09 01:00:00,2063.946177502395
2007-07-10 01:00:00,2066.6379813760673
2007-07-11 01:00:00,2069.376242784658
2007-07-12 01:00:00,2072.126491671963
2007-07-13 01:00:00,2074.831610215867
2007-07-15 01:00:00,2079.8448492085336
2007-07-16 01:00:00,2082.0462168201825
2007-07-17 01:00:00,2084.007667077033
2007-07-18 01:00:00,2085.7325954411463
2007-07-19 01:00:00,2087.2456202858243
2007-07-20 01:00:00,2088.585723088761
2007-07-22 01:00:00,2090.9237712854715
2007-07-23 01:00:00,2091.995440159472
2007-07-24 01:00:00,2093.028486483826
2007-07-25 01:00:00,2094.0199172688517
2007-07-26 01:00:00,2094.9484127888686
2007-07-27 01:00:00,2095.77787997332
2007-07-29 01:00:00,2096.960301425168
2007-07-30 01:00:00,2097.229722356716
2007-07-31 01:00:00,2097.248007369611
2007-08-01 01:00:00,2097.00980773629
2007-08-02 01:00:00,2096.529124471021
2007-08-03 01:00:00,2095.8362127661862
2007-08-05 01:00:00,2093.975576923213
2007-08-06 01:00:00,2092.88390923245
2007-08-07 01:00:00,2091.7173617972917
2007-08-08 01:00:00,2090.4810931989687
2007-08-09 01:00:00,2089.165976024911
2007-08-10 01:00:00,2087.7535313306707
2007-08-12 01:00:00,2084.5582978037814
2007-08-13 01:00:00,2082.7526790702946
2007-08-14 01:00:00,2081.1780736896294
2007-08-15 01:00:00,2080.557704533611
2007-08-16 01:00:00,2079.871570772563
2007-08-17 01:00:00,2079.1447463992467
2007-08-19 01:00:00,2088.9045904254453
2007-08-20 01:00:00,2097.0038050978064
2007-08-21 01:00:00,2105.049701954427
2007-08-22 01:00:00,2113.0384830193307
2007-08-23 01:00:00,2120.961507544292
2007-08-24 01:00:00,2125.41798305537
2007-08-26 01:00:00,2131.25857619107
2007-08-27 01:00:00,2134.1205083403383
2007-08-28 01:00:00,2136.942745484886
2007-08-29 01:00:00,2138.8978872838343
2007-08-30 01:00:00,2138.104263948036
2007-08-31 01:00:00,2137.3234542127866
2007-09-02 01:00:00,2135.8063278360605
2007-09-03 01:00:00,2135.0678510434923
2007-09-04 01:00:00,2134.338602655268
2007-09-05 01:00:00,2133.6151676532845
2007-09-06 01:00:00,2132.89555938215
2007-09-07 01:00:00,2132.180274489438
2007-09-09 01:00:00,2130.7783331326837
2007-09-10 01:00:00,2130.104316004703
2007-09-11 01:00:00,2129.4573269647694
2007-09-12 01:00:00,2128.8423933709923
2007-09-13 01:00:00,2128.261576025845
2007-09-14 01:00:00,2127.7132102466508
2007-09-16 01:00:00,2126.688659595695
2007-09-17 01:00:00,2126.193218624491
2007-09-18 01:00:00,2125.6949227679315
2007-09-19 01:00:00,2125.185356591494
2007-09-20 01:00:00,2124.6602541692278
2007-09-21 01:00:00,2124.120946085104
2007-09-23 01:00:00,2123.03474145439
2007-09-24 01:00:00,2122.516713724751
2007-09-25 01:00:00,2122.0370454409276
2007-09-26 01:00:00,2121.60846843859
2007-09-27 01:00:00,2121.2366746252933
2007-09-28 01:00:00,2120.9180651088154
2007-09-30 01:00:00,2120.381983108633
2007-10-01 01:00:00,2120.1228897513906
2007-10-02 01:00:00,2119.843904719976
2007-10-03 01:00:00,2119.534482768606
2007-10-04 01:00:00,2119.194809611117
2007-10-05 01:00:00,2118.8358522682506
2007-10-07 01:00:00,2118.142484496967
2007-10-08 01:00:00,2117.856290150297
2007-10-09 01:00:00,2117.638451911565
2007-10-10 01:00:00,2117.5013467861045
2007-10-11 01:00:00,2117.447607077286
2007-10-12 01:00:00,2117.469471710334
2007-10-14 01:00:00,2117.6640898649694
2007-10-15 01:00:00,2119.0829940842677
2007-10-16 01:00:00,2119.6009260306405
2007-10-17 01:00:00,2119.281446956864
2007-10-18 01:00:00,2118.982033055148
2007-10-19 01:00:00,2118.702944778357
2007-10-21 01:00:00,2118.2068022044596
2007-10-22 01:00:00,2117.9902878972366
2007-10-23 01:00:00,2117.795184031626
2007-10-24 01:00:00,2117.4566671335315
2007-10-25 01:00:00,2116.9701256959156
2007-10-26 01:00:00,2115.1035207021455
2007-10-28 01:00:00,2109.945380846724
2007-10-29 00:00:00,2107.5005257887656
2007-10-30 00:00:00,2105.0129236055172
2007-10-31 00:00:00,2102.612933733115
2007-11-01 00:00:00,2100.304643521091
2007-11-02 00:00:00,2098.074198149109
2007-11-04 00:00:00,2093.727357553544
2007-11-05 00:00:00,2091.5387994597095
2007-11-06 00:00:00,2089.29748358893
2007-11-07 00:00:00,2086.9840276150458
2007-11-08 00:00:00,2084.593436580866
2007-11-09 00:00:00,2082.1360975903476
2007-11-11 00:00:00,2077.1294250144665
2007-11-12 00:00:00,2074.6552188342757
2007-11-13 00:00:00,2072.2528869386683
2007-11-14 00:00:00,2069.953957380724
2007-11-15 00:00:00,2067.776965383175
2007-11-16 00:00:00,2065.723916693059
2007-11-18 00:00:00,2061.912777739085
2007-11-19 00:00:00,2060.0833182365577
2007-11-20 00:00:00,2058.2478927263146
2007-11-21 00:00:00,2056.3699366419733
2007-11-22 00:00:00,2054.428014358788
2007-11-23 00:00:00,2052.4217055874487
2007-11-25 00:00:00,2048.320165380592
2007-11-26 00:00:00,2046.310680281285
2007-11-27 00:00:00,2044.386786963549
2007-11-28 00:00:00,2042.5764792874686
2007-11-29 00:00:00,2040.8874324992305
2007-11-30 00:00:00,2039.3065000337785
2007-12-02 00:00:00,2036.3395683979268
2007-12-03 00:00:00,2034.8722538141737
2007-12-04 00:00:00,2033.36583221452
2007-12-05 00:00:00,2031.7958191194168
2007-12-06 00:00:00,2030.1530041797396
2007-12-07 00:00:00,2028.4446551748658
2007-12-09 00:00:00,2024.9319123853872
2007-12-10 00:00:00,2023.2003086774394
2007-12-11 00:00:00,2021.5365581605206
2007-12-12 00:00:00,2019.9714885872502
2007-12-13 00:00:00,2018.5230906862848
2007-12-14 00:00:00,2017.1931328373462
2007-12-16 00:00:00,2014.8129358003805
2007-12-17 00:00:00,2013.6928273741914
2007-12-18 00:00:00,2012.563514968223
2007-12-19 00:00:00,2011.3880249345934
2007-12-20 00:00:00,2010.1427657521813
2007-12-21 00:00:00,2009.0700374573219
2007-12-23 00:00:00,2010.7824172280784
2007-12-24 00:00:00,2008.1336088411358
2007-12-25 00:00:00,2005.531999254306
2007-12-26 00:00:00,2003.004415218387
2007-12-27 00:00:00,2000.3327452968324
2007-12-28 00:00:00,1996.735765117889
2007-12-30 00:00:00,1989.7074284521307
2007-12-31 00:00:00,1986.2157849198743
2008-01-01 00:00:00,1982.7004575876247
2008-01-02 00:00:00,1979.1415856408364
2008-01-03 00:00:00,1975.5308880614718
2008-01-04 00:00:00,1971.8728411947134
2008-01-06 00:00:00,1964.4887362609015
2008-01-07 00:00:00,1960.8177767003347
2008-01-08 00:00:00,1957.200463701409
2008-01-09 00:00:00,1953.6613525601651
2008-01-10 00:00:00,1950.216023181477
2008-01-11 00:00:00,1946.8686867864365
2008-01-13 00:00:00,1940.4272712202176
2008-01-14 00:00:00,1937.290773305637
2008-01-15 00:00:00,1934.1758491863818
2008-01-16 00:00:00,1931.0597852482051
2008-01-17 00:00:00,1927.9283832779097
2008-01-18 00:00:00,1924.7788546665035
2008-01-20 00:00:00,1918.4705877414028
2008-01-21 00:00:00,1912.9709360168663
2008-01-22 00:00:00,1907.204132103007
2008-01-23 00:00:00,1901.5316976053357
2008-01-24 00:00:00,1895.960450627676
2008-01-25 00:00:00,1890.4880999301588
2008-01-27 00:00:00,1879.7955675437363
2008-01-28 00:00:00,1874.5442052114427
2008-01-29 00:00:00,1869.335715433585
2008-01-30 00:00:00,1864.1590592116777
2008-01-31 00:00:00,1859.0085584113824
2008-02-01 00:00:00,1853.8842736370382
2008-02-03 00:00:00,1846.8412759891717
2008-02-04 00:00:00,1843.8828546192437
2008-02-05 00:00:00,1840.9868075422794
2008-02-06 00:00:00,1838.1602089121589
2008-02-07 00:00:00,1835.4063836812138
2008-02-08 00:00:00,1832.7244864271365
2008-02-10 00:00:00,1827.5557186778908
2008-02-11 00:00:00,1825.0539597632799
2008-02-12 00:00:00,1822.5978290457756
2008-02-13 00:00:00,1820.182847539506
2008-02-14 00:00:00,1817.8075507183466
2008-02-15 00:00:00,1815.4730570089405
2008-02-17 00:00:00,1810.9365548386236
2008-02-18 00:00:00,1808.7379746052407
2008-02-19 00:00:00,1806.584880327693
2008-02-20 00:00:00,1804.4738060853335
2008-02-21 00:00:00,1802.3999217796977
2008-02-22 00:00:00,1800.358300097867
2008-02-24 00:00:00,1796.3594082026148
2008-02-25 00:00:00,1794.4022099811048
2008-02-26 00:00:00,1792.4777980402118
2008-02-27 00:00:00,1790.8805169026887
2008-02-28 00:00:00,1790.0305623279014
2008-02-29 00:00:00,1789.1092922118676
2008-03-02 00:00:00,1787.0950468679946
2008-03-03 00:00:00,1786.0110817432594
2008-03-04 00:00:00,1784.873760891438
2008-03-05 00:00:00,1783.6769418503254
2008-03-06 00:00:00,1782.4132585831767
2008-03-07 00:00:00,1781.0767821538595
2008-03-09 00:00:00,1778.184523057857
2008-03-10 00:00:00,1776.6445746028833
2008-03-11 00:00:00,1775.1252205766718
2008-03-12 00:00:00,1776.0955105596142
2008-03-13 00:00:00,1777.0377228132716
2008-03-14 00:00:00,1780.4576701577514
2008-03-16 00:00:00,1787.2629660002451
2008-03-17 00:00:00,1788.2738608920542
2008-03-18 00:00:00,1787.4930865451945
2008-03-19 00:00:00,1785.517522489287
2008-03-20 00:00:00,1783.5668780573506
2008-03-21 00:00:00,1781.6531299545986
2008-03-23 00:00:00,1777.9383768113337
2008-03-24 00:00:00,1776.1152648262394
2008-03-25 00:00:00,1774.6137878967977
2008-03-26 00:00:00,1773.5334288543402
2008-03-27 00:00:00,1772.4465804585652
2008-03-28 00:00:00,1771.8705880013254
2008-03-30 00:00:00,1778.6113822445257
2008-03-31 01:00:00,1783.331481174896
2008-04-01 01:00:00,1787.9158673830393
2008-04-02 01:00:00,1792.5801953398054
2008-04-03 01:00:00,1797.3533439004766
2008-04-04 01:00:00,1802.2589842308428
2008-04-06 01:00:00,1812.5047727305573
2008-04-07 01:00:00,1817.8257610708652
2008-04-08 01:00:00,1823.2429038970824
2008-04-09 01:00:00,1828.7200655158792
2008-04-10 01:00:00,1834.223649963681
2008-04-11 01:00:00,1839.7309971224431
2008-04-13 01:00:00,1850.7469752941533
2008-04-14 01:00:00,1856.2896318077435
2008-04-15 01:00:00,1861.894599707857
2008-04-16 01:00:00,1867.593275235342
2008-04-17 01:00:00,1873.4103475952693
2008-04-18 01:00:00,1879.3585422762187
2008-04-20 01:00:00,1891.6237830463197
2008-04-21 01:00:00,1897.8916265868381
2008-04-22 01:00:00,1904.1978951811857
2008-04-23 01:00:00,1910.4968504823485
2008-04-24 01:00:00,1916.7442400889108
2008-04-25 01:00:00,1922.450233891783
2008-04-27 01:00:00,1932.5417798662506
2008-04-28 01:00:00,1937.39174902499
2008-04-29 01:00:00,1942.131545536642
2008-04-30 01:00:00,1946.7890280329957
2008-05-01 01:00:00,1951.394957575064
2008-05-02 01:00:00,1955.975512429706
2008-05-04 01:00:00,1965.0997536572238
2008-05-05 01:00:00,1969.6173374319656
2008-05-06 01:00:00,1974.0587750591144
2008-05-07 01:00:00,1978.3770164475634
2008-05-08 01:00:00,1982.528011583715
2008-05-09 01:00:00,1986.480993113575
2008-05-11 01:00:00,1993.7704730601026
2008-05-12 01:00:00,1997.1444467177762
2008-05-13 01:00:00,2000.384087320882
2008-05-14 01:00:00,2003.5277815360591
2008-05-15 01:00:00,2006.6074177045637
2008-05-16 01:00:00,2009.6425095248924
2008-05-18 01:00:00,2015.578487133452
2008-05-19 01:00:00,2018.4410431910198
2008-05-20 01:00:00,2021.1888503973023
2008-05-21 01:00:00,2023.7822074321014
2008-05-22 01:00:00,2026.1836636746311
2008-05-23 01:00:00,2028.3638238601482
2008-05-25 01:00:00,2032.0086785027788
2008-05-26 01:00:00,2033.4866766873915
2008-05-27 01:00:00,2034.7687611170193
2008-05-28 01:00:00,2035.8938901949114
2008-05-29 01:00:00,2036.9051949006764
2008-05-30 01:00:00,2037.8428539972983
2008-06-01 01:00:00,2039.602177327688
2008-06-02 01:00:00,2040.4355212859707
2008-06-03 01:00:00,2041.219336595943
2008-06-04 01:00:00,2041.9283012851572
2008-06-05 01:00:00,2042.5396435739244
2008-06-06 01:00:00,2043.0427290576833
2008-06-08 01:00:00,2044.3919824680577
2008-06-09 01:00:00,2048.2584332608644
2008-06-10 01:00:00,2052.119673218186
2008-06-11 01:00:00,2056.011030217558
2008-06-12 01:00:00,2059.962749269486
2008-06-13 01:00:00,2063.9947247729847
2008-06-15 01:00:00,2072.312230336278
2008-06-16 01:00:00,2075.1797021107996
2008-06-17 01:00:00,2077.9739670763274
2008-06-18 01:00:00,2080.7762505682444
2008-06-19 01:00:00,2083.5864081821082
2008-06-20 01:00:00,2086.404293810628
2008-06-22 01:00:00,2092.0626535398264
2008-06-23 01:00:00,2094.902822578418
2008-06-24 01:00:00,2097.75010810148
2008-06-25 01:00:00,2100.6043469105043
2008-06-26 01:00:00,2103.4653697458716
2008-06-27 01:00:00,2106.3329999240323
2008-06-29 01:00:00,2112.0873283230876
2008-06-30 01:00:00,2114.9736203449047
2008-07-01 01:00:00,2117.8657042392624
2008-07-02 01:00:00,2120.763342437468
2008-07-03 01:00:00,2123.6662850363186
2008-07-04 01:00:00,2124.318813393895
2008-07-06 01:00:00,2124.7204781763126
2008-07-07 01:00:00,2124.926791438894
2008-07-08 01:00:00,2125.1366956535994
2008-07-09 01:00:00,2125.350143491838
2008-07-10 01:00:00,2125.567087879219
2008-07-11 01:00:00,2126.075729792578
2008-07-13 01:00:00,2128.539319004812
2008-07-14 01:00:00,2129.7758253309516
2008-07-15 01:00:00,2131.0154494625162
2008-07-16 01:00:00,2132.258176829066
2008-07-17 01:00:00,2133.503995264587
2008-07-18 01:00:00,2134.752895080086
2008-07-20 01:00:00,2136.3204729426543
2008-07-21 01:00:00,2133.27494736982
2008-07-22 01:00:00,2130.1785810258284
2008-07-23 01:00:00,2127.0422487236915
2008-07-24 01:00:00,2123.8769364548657
2008-07-25 01:00:00,2120.6934997242643
2008-07-27 01:00:00,2114.31366714126
2008-07-28 01:00:00,2110.796419902745
2008-07-29 01:00:00,2105.134240721834
2008-07-30 01:00:00,2099.4987690043718
2008-07-31 01:00:00,2093.9054598436137
2008-08-01 01:00:00,2088.3657391072243
2008-08-03 01:00:00,2077.468266305142
2008-08-04 01:00:00,2072.11064373734
2008-08-05 01:00:00,2064.4732359659797
2008-08-06 01:00:00,2055.32557822656
2008-08-07 01:00:00,2045.9042929019454
2008-08-08 01:00:00,2035.6366764055222
2008-08-10 01:00:00,2015.395830676013
2008-08-11 01:00:00,2005.4344506215364
2008-08-12 01:00:00,1995.5857852689433
2008-08-13 01:00:00,1985.851356428906
2008-08-14 01:00:00,1976.9682928500229
2008-08-15 01:00:00,1969.6634579153015
2008-08-17 01:00:00,1959.1213851517728
2008-08-18 01:00:00,1955.1530421458965
2008-08-19 01:00:00,1951.2139443748888
2008-08-20 01:00:00,1947.307695428696
2008-08-21 01:00:00,1943.4439806447785
2008-08-22 01:00:00,1939.8902919844236
2008-08-24 01:00:00,1930.263051146309
2008-08-25 01:00:00,1921.6488399700697
2008-08-26 01:00:00,1913.1207489662363
2008-08-27 01:00:00,1904.6648828077723
2008-08-28 01:00:00,1896.2596384291314
2008-08-29 01:00:00,1887.8807601630408
2008-08-31 01:00:00,1871.125963242146
2008-09-01 01:00:00,1862.7367086616193
2008-09-02 01:00:00,1854.3518523210075
2008-09-03 01:00:00,1845.995422906881
2008-09-04 01:00:00,1837.699064083431
2008-09-05 01:00:00,1829.496619129034
2008-09-07 01:00:00,1813.484864838046
2008-09-08 01:00:00,1805.704902837919
2008-09-09 01:00:00,1798.3072816922593
2008-09-10 01:00:00,1791.5538577391312
2008-09-11 01:00:00,1784.8154086117672
2008-09-12 01:00:00,1778.0533255535408
2008-09-14 01:00:00,1766.5370302579631
2008-09-15 01:00:00,1760.6557986559892
2008-09-16 01:00:00,1755.6462286638775
2008-09-17 01:00:00,1750.701702552973
2008-09-18 01:00:00,1745.866285614722
2008-09-19 01:00:00,1741.2025781506477
2008-09-21 01:00:00,1732.6162116082887
2008-09-22 01:00:00,1728.7610338756501
2008-09-23 01:00:00,1725.199917110916
2008-09-24 01:00:00,1722.6390644723667
2008-09-25 01:00:00,1720.949116285643
2008-09-26 01:00:00,1719.6596725517766
2008-09-28 01:00:00,1718.1724567335223
2008-09-29 01:00:00,1717.9615559508363
2008-09-30 01:00:00,1718.1270799160886
2008-10-01 01:00:00,1718.6997408474194
2008-10-02 01:00:00,1719.7096782854687
2008-10-03 01:00:00,1721.1734488916034
2008-10-05 01:00:00,1725.3874354592244
2008-10-06 01:00:00,1728.0041742859116
2008-10-07 01:00:00,1730.802972008486
2008-10-08 01:00:00,1733.6207839693245
2008-10-09 01:00:00,1736.272151780679
2008-10-10 01:00:00,1738.5652423756178
2008-10-12 01:00:00,1741.3858093813708
2008-10-13 01:00:00,1741.6571421096219
2008-10-14 01:00:00,1741.0829445936308
2008-10-15 01:00:00,1739.6689386886471
2008-10-16 01:00:00,1737.4703311586995
2008-10-17 01:00:00,1734.575731037313
2008-10-19 01:00:00,1727.0885383650768
2008-10-20 01:00:00,1722.647211923703
2008-10-21 01:00:00,1717.7882379791897
2008-10-22 01:00:00,1712.5065565379252
2008-10-23 01:00:00,1706.7766204337706
2008-10-24 01:00:00,1700.568071038708
2008-10-26 01:00:00,1686.6622313541116
2008-10-27 00:00:00,1679.3331751020394
2008-10-28 00:00:00,1671.3001714997442
2008-10-29 00:00:00,1662.9654644783795
2008-10-30 00:00:00,1654.4371091544426
2008-10-31 00:00:00,1645.8258116896027
2008-11-02 00:00:00,1628.7296245415625
2008-11-03 00:00:00,1620.36624696861
2008-11-04 00:00:00,1612.150978117092
2008-11-05 00:00:00,1603.951016379989
2008-11-06 00:00:00,1595.7178796273552
2008-11-07 00:00:00,1587.4940373312616
2008-11-09 00:00:00,1570.7985651335225
2008-11-10 00:00:00,1562.2305560017899
2008-11-11 00:00:00,1553.503299339366
2008-11-12 00:00:00,1544.6552398269307
2008-11-13 00:00:00,1535.7584017795127
2008-11-14 00:00:00,1526.903599192439
2008-11-16 00:00:00,1509.6501155373878
2008-11-17 00:00:00,1501.3408147899506
2008-11-18 00:00:00,1493.231647801747
2008-11-19 00:00:00,1485.264193051542
2008-11-20 00:00:00,1477.3561767318918
2008-11-21 00:00:00,1469.420004963865
2008-11-23 00:00:00,1453.190051705166
2008-11-24 00:00:00,1444.8337633938017
2008-11-25 00:00:00,1436.3329146565675
2008-11-26 00:00:00,1427.738241295368
2008-11-27 00:00:00,1419.1199651134111
2008-11-28 00:00:00,1410.5549871671103
2008-11-30 00:00:00,1395.2823457973907
2008-12-01 00:00:00,1388.9033306772858
2008-12-02 00:00:00,1383.9619811932018
2008-12-03 00:00:00,1379.8974357867799
2008-12-04 00:00:00,1375.9466693399456
2008-12-05 00:00:00,1372.0428830725689
2008-12-07 00:00:00,1364.1024475281756
2008-12-08 00:00:00,1359.9625060922274
2008-12-09 00:00:00,1355.6840984210166
2008-12-10 00:00:00,1351.2892117237386
2008-12-11 00:00:00,1346.8297348730155
2008-12-12 00:00:00,1342.375914625199
2008-12-14 00:00:00,1333.7561392469236
2008-12-15 00:00:00,1329.6718759836256
2008-12-16 00:00:00,1325.738389154062
2008-12-17 00:00:00,1322.4064546728591
2008-12-18 00:00:00,1320.880418986801
2008-12-19 00:00:00,1319.3507119676924
2008-12-21 00:00:00,1316.1844791230146
2008-12-22 00:00:00,1314.527348045288
2008-12-23 00:00:00,1312.8285108075197
2008-12-24 00:00:00,1311.1079387793661
2008-12-25 00:00:00,1309.3930776071154
2008-12-26 00:00:00,1307.7145693741168
2008-12-28 00:00:00,1304.5808515440551
2008-12-29 00:00:00,1303.1695649304875
2008-12-30 00:00:00,1301.8794259175459
2008-12-31 00:00:00,1300.7147370177909
2009-01-01 00:00:00,1300.7769544122568
2009-01-02 00:00:00,1301.918559383559
2009-01-04 00:00:00,1304.1534188184687
2009-01-05 00:00:00,1305.2150529117196
2009-01-06 00:00:00,1306.230245874227
2009-01-07 00:00:00,1307.2028763313533
2009-01-08 00:00:00,1308.1444381746996
2009-01-09 00:00:00,1309.0709651333536
2009-01-11 00:00:00,1310.9407002871444
2009-01-12 00:00:00,1311.9022387262555
2009-01-13 00:00:00,1312.88149802686
2009-01-14 00:00:00,1313.8699012068364
2009-01-15 00:00:00,1314.854937042625
2009-01-16 00:00:00,1315.8233316078604
2009-01-18 00:00:00,1317.669358187067
2009-01-19 00:00:00,1319.1508740515033
2009-01-20 00:00:00,1322.9500211564323
2009-01-21 00:00:00,1326.7995271631346
2009-01-22 00:00:00,1330.6251948921822
2009-01-23 00:00:00,1334.3561638996543
2009-01-25 00:00:00,1343.51479789519
2009-01-26 00:00:00,1346.4362372480678
2009-01-27 00:00:00,1349.0590930350922
2009-01-28 00:00:00,1353.5149914636563
2009-01-29 00:00:00,1358.0894449112475
2009-01-30 00:00:00,1362.0311638596622
2009-02-01 00:00:00,1368.077196397573
2009-02-02 00:00:00,1370.2365318731004
2009-02-03 00:00:00,1371.8659449805045
2009-02-04 00:00:00,1373.0014164136494
2009-02-05 00:00:00,1373.6765235144567
2009-02-06 00:00:00,1373.783979729478
2009-02-08 00:00:00,1372.624255224773
2009-02-09 00:00:00,1371.4738977258655
2009-02-10 00:00:00,1369.964778851356
2009-02-11 00:00:00,1368.1145272462725
2009-02-12 00:00:00,1365.9435451406596
2009-02-13 00:00:00,1363.4749321155236
2009-02-15 00:00:00,1358.4265496240312
2009-02-16 00:00:00,1355.7104550811987
2009-02-17 00:00:00,1353.6676214530626
2009-02-18 00:00:00,1352.3643209386512
2009-02-19 00:00:00,1351.5558961300148
2009-02-20 00:00:00,1350.510100207048
2009-02-22 00:00:00,1347.7767967109337
2009-02-23 00:00:00,1347.4816989722087
2009-02-24 00:00:00,1348.326960267856
2009-02-25 00:00:00,1350.701945865791
2009-02-26 00:00:00,1353.6778273745613
2009-02-27 00:00:00,1356.5947805071235
2009-03-01 00:00:00,1362.0847496771885
2009-03-02 00:00:00,1364.5610770564879
2009-03-03 00:00:00,1368.008151833152
2009-03-04 00:00:00,1371.4155313469273
2009-03-05 00:00:00,1374.6110347557242
2009-03-06 00:00:00,1377.6223634596731
2009-03-08 00:00:00,1383.2848709470481
2009-03-09 00:00:00,1386.039730107224
2009-03-10 00:00:00,1388.7936871846728
2009-03-11 00:00:00,1391.55631287586
2009-03-12 00:00:00,1394.3109602778554
2009-03-13 00:00:00,1397.0184598913788
2009-03-15 00:00:00,1402.0773829681084
2009-03-16 00:00:00,1404.326858510992
2009-03-17 00:00:00,1406.346540181902
2009-03-18 00:00:00,1408.1335681129644
2009-03-19 00:00:00,1409.7115165067403
2009-03-20 00:00:00,1407.9546299215688
2009-03-22 00:00:00,1402.922840092883
2009-03-23 00:00:00,1403.2604555974835
2009-03-24 00:00:00,1404.4458402276118
2009-03-25 00:00:00,1405.7769818342779
2009-03-26 00:00:00,1407.2644084271594
2009-03-27 00:00:00,1408.8895621270153
2009-03-29 00:00:00,1412.3634413886612
2009-03-30 01:00:00,1419.1221821211104
2009-03-31 01:00:00,1426.0521844867008
2009-04-01 01:00:00,1432.902772264374
2009-04-02 01:00:00,1439.6855143463627
2009-04-03 01:00:00,1446.4457687957315
2009-04-05 01:00:00,1460.1476457127114
2009-04-06 01:00:00,1465.572716961603
2009-04-07 01:00:00,1471.223578232262
2009-04-08 01:00:00,1477.1007532798055
2009-04-09 01:00:00,1483.1656573267937
2009-04-10 01:00:00,1489.3460404504256
2009-04-12 01:00:00,1501.669550240287
2009-04-13 01:00:00,1507.6191930000075
2009-04-14 01:00:00,1513.3254673992215
2009-04-15 01:00:00,1518.7467844377434
2009-04-16 01:00:00,1524.7899656106133
2009-04-17 01:00:00,1531.0979366711333
2009-04-19 01:00:00,1543.0824760290309
2009-04-20 01:00:00,1548.8727328563234
2009-04-21 01:00:00,1554.5921027302425
2009-04-22 01:00:00,1560.3643888593494
2009-04-23 01:00:00,1567.1654882575294
2009-04-24 01:00:00,1573.7900345282633
2009-04-26 01:00:00,1586.2018996682204
2009-04-27 01:00:00,1591.8094465185065
2009-04-28 01:00:00,1596.9179385137618
2009-04-29 01:00:00,1601.4923544372139
2009-04-30 01:00:00,1605.5404284909284
2009-05-01 01:00:00,1609.1098880055642
2009-05-03 01:00:00,1615.1276826738963
2009-05-04 01:00:00,1617.7407825505352
2009-05-05 01:00:00,1620.1705891240813
2009-05-06 01:00:00,1622.4384319545607
2009-05-07 01:00:00,1624.531044748017
2009-05-08 01:00:00,1626.4065018819
2009-05-10 01:00:00,1629.2666134685153
2009-05-11 01:00:00,1630.1386725395562
2009-05-12 01:00:00,1630.5941665200335
2009-05-13 01:00:00,1630.6356116726347
2009-05-14 01:00:00,1630.298182556605
2009-05-15 01:00:00,1629.6474750613788
2009-05-17 01:00:00,1627.7796277612047
2009-05-18 01:00:00,1626.7740863922716
2009-05-19 01:00:00,1625.854501206678
2009-05-20 01:00:00,1625.0979256716098
2009-05-21 01:00:00,1624.551836545255
2009-05-22 01:00:00,1624.230365685084
2009-05-24 01:00:00,1624.1746258480543
2009-05-25 01:00:00,1624.3598061305863
2009-05-26 01:00:00,1624.6403967277433
2009-05-27 01:00:00,1625.0090970368933
2009-05-28 01:00:00,1625.4903383961114
2009-05-29 01:00:00,1626.1381472338908
2009-05-31 01:00:00,1628.2325149768942
2009-06-01 01:00:00,1629.8252014820393
2009-06-02 01:00:00,1631.8491482934605
2009-06-03 01:00:00,1634.3198018990154
2009-06-04 01:00:00,1637.2225327913711
2009-06-05 01:00:00,1640.5177174626417
2009-06-07 01:00:00,1648.0577560347779
2009-06-08 01:00:00,1652.185806367957
2009-06-09 01:00:00,1656.491051347993
2009-06-10 01:00:00,1660.9488491092031
2009-06-11 01:00:00,1665.5546610996398
2009-06-12 01:00:00,1670.3228864445484
2009-06-14 01:00:00,1680.4741256181335
2009-06-15 01:00:00,1685.937118188678
2009-06-16 01:00:00,1691.707677808233
2009-06-17 01:00:00,1697.8088391318645
2009-06-18 01:00:00,1704.2457580829782
2009-06-19 01:00:00,1711.0036059444851
2009-06-21 01:00:00,1725.3389657821301
2009-06-22 01:00:00,1733.130906681908
2009-06-23 01:00:00,1741.4141302950818
2009-06-24 01:00:00,1749.8422429055386
2009-06-25 01:00:00,1758.413311071812
2009-06-26 01:00:00,1767.1444099842488
2009-06-28 01:00:00,1785.2107603609707
2009-06-29 01:00:00,1794.608454711769
2009-06-30 01:00:00,1804.275017641355
2009-07-01 01:00:00,1814.2110109112123
2009-07-02 01:00:00,1824.4012651220924
2009-07-03 01:00:00,1834.8178343237882
2009-07-05 01:00:00,1856.1830842837526
2009-07-06 01:00:00,1867.055926682876
2009-07-07 01:00:00,1878.0114502427004
2009-07-08 01:00:00,1889.024923713155
2009-07-09 01:00:00,1900.0790405388145
2009-07-10 01:00:00,1911.1630273132914
2009-07-12 01:00:00,1933.3986926512423
2009-07-13 01:00:00,1944.54272903226
2009-07-14 01:00:00,1955.696576469944
2009-07-15 01:00:00,1966.8498831854577
2009-07-16 01:00:00,1977.987818178983
2009-07-17 01:00:00,1989.0919065506612
2009-07-19 01:00:00,2007.0615117705495
2009-07-20 01:00:00,2013.8400573692818
2009-07-21 01:00:00,2020.5762222665683
2009-07-22 01:00:00,2027.268200452836
2009-07-23 01:00:00,2033.9165302029428
2009-07-24 01:00:00,2040.5226476396824
2009-07-26 01:00:00,2053.610333260013
2009-07-27 01:00:00,2060.088657962927
2009-07-28 01:00:00,2066.518508601978
2009-07-29 01:00:00,2072.8955891451837
2009-07-30 01:00:00,2079.216526826034
2009-07-31 01:00:00,2083.223962466165
2009-08-02 01:00:00,2088.280014517889
2009-08-03 01:00:00,2090.8159558837733
2009-08-04 01:00:00,2093.366348726477
2009-08-05 01:00:00,2095.938178837335
2009-08-06 01:00:00,2098.5368467153185
2009-08-07 01:00:00,2101.1648906051796
2009-08-09 01:00:00,2106.499957182556
2009-08-10 01:00:00,2109.192428431094
2009-08-11 01:00:00,2111.8868371305184
2009-08-12 01:00:00,2114.571140692834
2009-08-13 01:00:00,2117.235484571949
2009-08-14 01:00:00,2119.8747924166587
2009-08-16 01:00:00,2125.092131708778
2009-08-17 01:00:00,2127.6940810423166
2009-08-18 01:00:00,2131.2090095616522
2009-08-19 01:00:00,2136.020354592202
2009-08-20 01:00:00,2140.80733741995
2009-08-21 01:00:00,2145.569674332839
2009-08-23 01:00:00,2151.572338413979
2009-08-24 01:00:00,2154.0898148534748
2009-08-25 01:00:00,2156.589775512334
2009-08-26 01:00:00,2159.0554838624234
2009-08-27 01:00:00,2160.0
2009-08-28 01:00:00,2160.0
2009-08-30 01:00:00,2160.0
2009-08-31 01:00:00,2160.0
2009-09-01 01:00:00,2160.0
2009-09-02 01:00:00,2160.0
2009-09-03 01:00:00,2160.0
2009-09-04 01:00:00,2160.0
2009-09-06 01:00:00,2160.0
2009-09-07 01:00:00,2160.0
2009-09-08 01:00:00,2160.0
2009-09-09 01:00:00,2160.0
2009-09-10 01:00:00,2160.0
2009-09-11 01:00:00,2160.0
2009-09-13 01:00:00,2155.509388939592
2009-09-14 01:00:00,2152.903074349078
2009-09-15 01:00:00,2150.29952017853
2009-09-16 01:00:00,2147.508609979771
2009-09-17 01:00:00,2144.581422939947
2009-09-18 01:00:00,2141.6574821935246
2009-09-20 01:00:00,2135.82031366768
2009-09-21 01:00:00,2132.907544914949
2009-09-22 01:00:00,2129.998936158779
2009-09-23 01:00:00,2128.548136018017
2009-09-24 01:00:00,2127.0197952408425
2009-09-25 01:00:00,2124.4527151480183
2009-09-27 01:00:00,2119.3315791344216
2009-09-28 01:00:00,2116.777678386699
2009-09-29 01:00:00,2114.228314829409
2009-09-30 01:00:00,2111.6835499471226
2009-10-01 01:00:00,2109.143439295029
2009-10-02 01:00:00,2106.608032789396
2009-10-04 01:00:00,2101.5515068922864
2009-10-05 01:00:00,2098.725362765065
2009-10-06 01:00:00,2094.2683906337347
2009-10-07 01:00:00,2089.5750215754106
2009-10-08 01:00:00,2084.670158796435
2009-10-09 01:00:00,2081.339853060176
2009-10-11 01:00:00,2071.4791066198104
2009-10-12 01:00:00,2065.095965498601
2009-10-13 01:00:00,2058.7089653906323
2009-10-14 01:00:00,2053.602676927096
2009-10-15 01:00:00,2049.3389810993017
2009-10-16 01:00:00,2044.9927136218444
2009-10-18 01:00:00,2036.1142899796725
2009-10-19 01:00:00,2031.6524460750377
2009-10-20 01:00:00,2027.232928436779
2009-10-21 01:00:00,2022.8932583055605
2009-10-22 01:00:00,2018.6578478521199
2009-10-23 01:00:00,2014.5342999327331
2009-10-25 01:00:00,2006.5701703505085
2009-10-26 00:00:00,2002.8344551234618
2009-10-27 00:00:00,1998.9432791052209
2009-10-28 00:00:00,1995.025212906293
2009-10-29 00:00:00,1991.0533058431076
2009-10-30 00:00:00,1987.013795733693
2009-11-01 00:00:00,1978.757845881667
2009-11-02 00:00:00,1974.592733893002
2009-11-03 00:00:00,1970.4543009720269
2009-11-04 00:00:00,1966.383390216789
2009-11-05 00:00:00,1962.4126390713097
2009-11-06 00:00:00,1958.5593547361714
2009-11-08 00:00:00,1951.1779183033623
2009-11-09 00:00:00,1947.5929299734196
2009-11-10 00:00:00,1944.024236809478
2009-11-11 00:00:00,1940.4322472009883
2009-11-12 00:00:00,1936.7886999652405
2009-11-13 00:00:00,1933.082491998419
2009-11-15 00:00:00,1925.5304905732414
2009-11-16 00:00:00,1921.7445737253806
2009-11-17 00:00:00,1918.0022563517205
2009-11-18 00:00:00,1914.3375788114975
2009-11-19 00:00:00,1910.774295029501
2009-11-20 00:00:00,1907.322519171819
2009-11-22 00:00:00,1900.7242464959493
2009-11-23 00:00:00,1897.5351996971433
2009-11-24 00:00:00,1894.3806757645648
2009-11-25 00:00:00,1891.2310777891537
2009-11-26 00:00:00,1888.0624468065093
2009-11-27 00:00:00,1884.8606183835318
2009-11-29 00:00:00,1878.3637134679504
2009-11-30 00:00:00,1875.1026941469554
2009-12-01 00:00:00,1871.8705391644241
2009-12-02 00:00:00,1868.6980527268765
2009-12-03 00:00:00,1865.6107044864173
2009-12-04 00:00:00,1862.6231301474947
2009-12-06 00:00:00,1856.936148428456
2009-12-07 00:00:00,1854.2000487158011
2009-12-08 00:00:00,1851.4995529754376
2009-12-09 00:00:00,1848.8083526770126
2009-12-10 00:00:00,1846.1077794481182
2009-12-11 00:00:00,1843.3903906836604
2009-12-13 00:00:00,1837.9332018341584
2009-12-14 00:00:00,1835.228736876582
2009-12-15 00:00:00,1832.569727254909
2009-12-16 00:00:00,1829.9759406498008
2009-12-17 00:00:00,1827.461285109191
2009-12-18 00:00:00,1825.0321194499359
2009-12-20 00:00:00,1820.4179715125317
2009-12-21 00:00:00,1818.212002814103
2009-12-22 00:00:00,1816.053961926306
2009-12-23 00:00:00,1813.9289993128805
2009-12-24 00:00:00,1811.825041416021
2009-12-25 00:00:00,1810.3865965916789
2009-12-27 00:00:00,1806.746334161269
2009-12-28 00:00:00,1804.4308990087113
2009-12-29 00:00:00,1801.764036552028
2009-12-30 00:00:00,1799.604869602513
2009-12-31 00:00:00,1797.7095084059233
2010-01-01 00:00:00,1795.875432088953
2010-01-03 00:00:00,1792.3837091936762
2010-01-04 00:00:00,1790.7131569318956
2010-01-05 00:00:00,1789.0822591026515
2010-01-06 00:00:00,1790.4137037142311
2010-01-07 00:00:00,1793.9728803809348
2010-01-08 00:00:00,1797.4007931260276
2010-01-10 00:00:00,1803.6346355289475
2010-01-11 00:00:00,1806.3661386496324
2010-01-12 00:00:00,1809.988670165557
2010-01-13 00:00:00,1814.6583959364596
2010-01-14 00:00:00,1819.0376120699132
2010-01-15 00:00:00,1823.1369916487008
2010-01-17 00:00:00,1830.5609147833745
2010-01-18 00:00:00,1833.9233620421849
2010-01-19 00:00:00,1837.0791427681197
2010-01-20 00:00:00,1840.047485838428
2010-01-21 00:00:00,1842.8465404252943
2010-01-22 00:00:00,1845.4930812352436
2010-01-24 00:00:00,1850.3880898435655
2010-01-25 00:00:00,1852.6624320657922
2010-01-26 00:00:00,1854.836119355105
2010-01-27 00:00:00,1856.9185371261296
2010-01-28 00:00:00,1856.3373736480362
2010-01-29 00:00:00,1854.9489354246834
2010-01-31 00:00:00,1851.9696090772568
2010-02-01 00:00:00,1850.3912131831412
2010-02-02 00:00:00,1848.7607356535968
2010-02-03 00:00:00,1847.082662836156
2010-02-04 00:00:00,1846.4802596214054
2010-02-05 00:00:00,1847.351115768566
2010-02-07 00:00:00,1849.005961568713
2010-02-08 00:00:00,1849.7986566078862
2010-02-09 00:00:00,1850.5865330677166
2010-02-10 00:00:00,1851.3890641918238
2010-02-11 00:00:00,1852.2263215181756
2010-02-12 00:00:00,1853.1155761143207
2010-02-14 00:00:00,1853.0524337871323
2010-02-15 00:00:00,1850.5666746100105
2010-02-16 00:00:00,1848.1182126222564
2010-02-17 00:00:00,1845.6869111783585
2010-02-18 00:00:00,1845.0895688365033
2010-02-19 00:00:00,1844.6399866438226
2010-02-21 00:00:00,1843.571219935686
2010-02-22 00:00:00,1842.942016586971
2010-02-23 00:00:00,1842.2638288263286
2010-02-24 00:00:00,1841.5616139065064
2010-02-25 00:00:00,1840.8668433709072
2010-02-26 00:00:00,1840.210884398382
2010-02-28 00:00:00,1839.097130598948
2010-03-01 00:00:00,1838.642513775288
2010-03-02 00:00:00,1838.2307173368977
2010-03-03 00:00:00,1837.8280156278424
2010-03-04 00:00:00,1837.3978928209144
2010-03-05 00:00:00,1838.8909220509224
2010-03-07 00:00:00,1842.4369777801326
2010-03-08 00:00:00,1844.1019666391085
2010-03-09 00:00:00,1848.7096652748671
2010-03-10 00:00:00,1851.8129695866555
2010-03-11 00:00:00,1854.088235246765
2010-03-12 00:00:00,1856.4517242617121
2010-03-14 00:00:00,1861.5101561838464
2010-03-15 00:00:00,1864.2052161705396
2010-03-16 00:00:00,1867.377492460513
2010-03-17 00:00:00,1874.052219182718
2010-03-18 00:00:00,1880.766661364375
2010-03-19 00:00:00,1885.2024225386697
2010-03-21 00:00:00,1890.1512975938629
2010-03-22 00:00:00,1892.5188529581678
2010-03-23 00:00:00,1894.831939837026
2010-03-24 00:00:00,1897.1230404679281
2010-03-25 00:00:00,1899.433848823951
2010-03-26 00:00:00,1901.8065897617496
2010-03-28 00:00:00,1906.8542303710883
2010-03-29 01:00:00,1909.654218570935
2010-03-30 01:00:00,1912.4252194323699
2010-03-31 01:00:00,1915.2369278428614
2010-04-01 01:00:00,1918.0453317788074
2010-04-02 01:00:00,1920.8122367275055
2010-04-04 01:00:00,1926.1422431036135
2010-04-05 01:00:00,1928.7107350308454
2010-04-06 01:00:00,1931.245153122694
2010-04-07 01:00:00,1933.7809330132006
2010-04-08 01:00:00,1936.3559807562453
2010-04-09 01:00:00,1939.0041206045744
2010-04-11 01:00:00,1944.602211097584
2010-04-12 01:00:00,1947.5568841205884
2010-04-13 01:00:00,1950.592589271453
2010-04-14 01:00:00,1953.676200548443
2010-04-15 01:00:00,1956.76771937361
2010-04-16 01:00:00,1959.8272213096245
2010-04-18 01:00:00,1965.733895219884
2010-04-19 01:00:00,1968.5612461679848
2010-04-20 01:00:00,1971.3214800905123
2010-04-21 01:00:00,1974.0469843484732
2010-04-22 01:00:00,1976.77883918463
2010-04-23 01:00:00,1979.5581708207203
2010-04-25 01:00:00,1985.3718638053488
2010-04-26 01:00:00,1988.41860704328
2010-04-27 01:00:00,1991.504730941729
2010-04-28 01:00:00,1994.456151622017
2010-04-29 01:00:00,1997.4063424526807
2010-04-30 01:00:00,2000.3201215352772
2010-05-02 01:00:00,2005.9583359390633
2010-05-03 01:00:00,2008.6812010051522
2010-05-04 01:00:00,2011.3624778718588
2010-05-05 01:00:00,2014.031144253504
2010-05-06 01:00:00,2016.7194887674755
2010-05-07 01:00:00,2019.457527354675
2010-05-09 01:00:00,2025.1627095709705
2010-05-10 01:00:00,2028.1403446397321
2010-05-11 01:00:00,2031.1867919335464
2010-05-12 01:00:00,2034.277402912865
2010-05-13 01:00:00,2037.381332999145
2010-05-14 01:00:00,2040.4671675710165
2010-05-16 01:00:00,2046.4909396226549
2010-05-17 01:00:00,2049.4115084284867
2010-05-18 01:00:00,2052.282810936492
2010-05-19 01:00:00,2055.128603495411
2010-05-20 01:00:00,2057.9790515034174
2010-05-21 01:00:00,2060.864187243028
2010-05-23 01:00:00,2066.820067381054
2010-05-24 01:00:00,2069.603587281847
2010-05-25 01:00:00,2072.3909334994696
2010-05-26 01:00:00,2075.215654340895
2010-05-27 01:00:00,2078.051906891847
2010-05-28 01:00:00,2080.8765189289006
2010-05-30 01:00:00,2086.4354963122787
2010-05-31 01:00:00,2087.3020101325965
2010-06-01 01:00:00,2087.669505948024
2010-06-02 01:00:00,2088.0585980183096
2010-06-03 01:00:00,2088.4693616154764
2010-06-04 01:00:00,2088.9018745699595
2010-06-06 01:00:00,2089.8324676726097
2010-06-07 01:00:00,2090.330709482522
2010-06-08 01:00:00,2090.8510227099764
2010-06-09 01:00:00,2091.519309550556
2010-06-10 01:00:00,2092.298929838724
2010-06-11 01:00:00,2093.0975673654652
2010-06-13 01:00:00,2094.751925782747
2010-06-14 01:00:00,2095.60763283537
2010-06-15 01:00:00,2096.4823259892637
2010-06-16 01:00:00,2097.3759634112766
2010-06-17 01:00:00,2098.288491600537
2010-06-18 01:00:00,2099.219848864568
2010-06-20 01:00:00,2101.1387867784197
2010-06-21 01:00:00,2102.1262379246027
2010-06-22 01:00:00,2103.1322648354176
2010-06-23 01:00:00,2104.156816612512
2010-06-24 01:00:00,2105.1998503278614
2010-06-25 01:00:00,2106.2613313178413
2010-06-27 01:00:00,2108.4395355440756
2010-06-28 01:00:00,2109.556225801867
2010-06-29 01:00:00,2110.691294850104
2010-06-30 01:00:00,2111.8447371220423
2010-07-01 01:00:00,2112.4404051931033
2010-07-02 01:00:00,2109.342645835985
2010-07-04 01:00:00,2103.3086220376294
2010-07-05 01:00:00,2100.3865150597353
2010-07-06 01:00:00,2097.5369066071053
2010-07-07 01:00:00,2094.765142841218
2010-07-08 01:00:00,2092.074248691226
2010-07-09 01:00:00,2089.464478645212
2010-07-11 01:00:00,2084.477449831562
2010-07-12 01:00:00,2082.092141145577
2010-07-13 01:00:00,2079.775064416456
2010-07-14 01:00:00,2077.526710141156
2010-07-15 01:00:00,2075.351174547191
2010-07-16 01:00:00,2073.255634539042
2010-07-18 01:00:00,2069.3379715258548
2010-07-19 01:00:00,2067.528131366088
2010-07-20 01:00:00,2065.8191595210733
2010-07-21 01:00:00,2064.2061568131044
2010-07-22 01:00:00,2062.6801063405514
2010-07-23 01:00:00,2061.229574372702
2010-07-25 01:00:00,2058.5103839551466
2010-07-26 01:00:00,2057.2262654059355
2010-07-27 01:00:00,2055.9099258836914
2010-07-28 01:00:00,2054.520760266811
2010-07-29 01:00:00,2053.1918598049256
2010-07-30 01:00:00,2051.938373663804
2010-08-01 01:00:00,2048.5808810455687
2010-08-02 01:00:00,2047.430254015309
2010-08-03 01:00:00,2046.4081623033574
2010-08-04 01:00:00,2045.5151726011693
2010-08-05 01:00:00,2043.5998449975416
2010-08-06 01:00:00,2041.615189723421
2010-08-08 01:00:00,2036.3623859420857
2010-08-09 01:00:00,2033.0499367933342
2010-08-10 01:00:00,2030.9350749545595
2010-08-11 01:00:00,2026.8537634491656
2010-08-12 01:00:00,2022.8586345977928
2010-08-13 01:00:00,2018.9819523389615
2010-08-15 01:00:00,2011.7162112387266
2010-08-16 01:00:00,2008.3760252474472
2010-08-17 01:00:00,2005.1641911985735
2010-08-18 01:00:00,2001.8654335690685
2010-08-19 01:00:00,1998.7479161000592
2010-08-20 01:00:00,1995.7924679353544
2010-08-22 01:00:00,1991.0696994207328
2010-08-23 01:00:00,1989.1109679991762
2010-08-24 01:00:00,1987.2572414160854
2010-08-25 01:00:00,1985.5191681725325
2010-08-26 01:00:00,1983.9149064237988
2010-08-27 01:00:00,1982.4668199271598
2010-08-29 01:00:00,1980.1211168579475
2010-08-30 01:00:00,1979.2444131786956
2010-08-31 01:00:00,1978.5556342649654
2010-09-01 01:00:00,1978.0249401229312
2010-09-02 01:00:00,1977.6035208057144
2010-09-03 01:00:00,1977.2263923725104
2010-09-05 01:00:00,1976.3015088426296
2010-09-06 01:00:00,1975.6061468869987
2010-09-07 01:00:00,1974.6780002458418
2010-09-08 01:00:00,1973.4846285393794
2010-09-09 01:00:00,1972.016019975913
2010-09-10 01:00:00,1970.2799643863652
2010-09-12 01:00:00,1966.0710207429447
2010-09-13 01:00:00,1963.6202473560238
2010-09-14 01:00:00,1960.9342600035416
2010-09-15 01:00:00,1957.994047065503
2010-09-16 01:00:00,1954.7721499140537
2010-09-17 01:00:00,1951.23868549256
2010-09-19 01:00:00,1943.1437520424377
2010-09-20 01:00:00,1938.7474377391554
2010-09-21 01:00:00,1934.0150527595551
2010-09-22 01:00:00,1928.9739854728714
2010-09-23 01:00:00,1923.6700696323242
2010-09-24 01:00:00,1918.159464607818
2010-09-26 01:00:00,1906.7585691518448
2010-09-27 01:00:00,1900.9762147806846
2010-09-28 01:00:00,1895.1907836202995
2010-09-29 01:00:00,1889.4192841097772
2010-09-30 01:00:00,1883.6599958473819
2010-10-01 01:00:00,1877.8949424555412
2010-10-03 01:00:00,1860.3926395262893
2010-10-04 01:00:00,1847.145507261346
2010-10-05 01:00:00,1834.7206930504167
2010-10-06 01:00:00,1822.2765903485501
2010-10-07 01:00:00,1809.8567564861169
2010-10-08 01:00:00,1797.5172685389562
2010-10-10 01:00:00,1778.4601928665036
2010-10-11 01:00:00,1769.9518491194594
2010-10-12 01:00:00,1761.660270114336
2010-10-13 01:00:00,1753.5748686852833
2010-10-14 01:00:00,1745.6690209170522
2010-10-15 01:00:00,1737.9067794445973
2010-10-17 01:00:00,1722.6664695922827
2010-10-18 01:00:00,1715.1325617255357
2010-10-19 01:00:00,1707.639150905374
2010-10-20 01:00:00,1700.1911884687456
2010-10-21 01:00:00,1692.8064721973983
2010-10-22 01:00:00,1685.5119874183797
2010-10-24 01:00:00,1671.315128743062
2010-10-25 01:00:00,1664.4621114776735
2010-10-26 01:00:00,1659.9661040440724
2010-10-27 01:00:00,1657.8541008323796
2010-10-28 01:00:00,1655.8882639298886
2010-10-29 01:00:00,1654.0235136233462
2010-10-31 01:00:00,1650.3826884457364
2010-11-01 00:00:00,1648.5861324705004
2010-11-02 00:00:00,1646.6253586759185
2010-11-03 00:00:00,1644.5630783354695
2010-11-04 00:00:00,1642.4023422872276
2010-11-05 00:00:00,1640.1606788939553
2010-11-07 00:00:00,1635.5285846060503
2010-11-08 00:00:00,1633.1726974203684
2010-11-09 00:00:00,1630.7936147281966
2010-11-10 00:00:00,1628.3767628256867
2010-11-11 00:00:00,1625.8966198275134
2010-11-12 00:00:00,1623.321444317657
2010-11-14 00:00:00,1617.7604615390555
2010-11-15 00:00:00,1614.7272165032778
2010-11-16 00:00:00,1611.5109384127477
2010-11-17 00:00:00,1608.11575858591
2010-11-18 00:00:00,1604.557035302529
2010-11-19 00:00:00,1600.858749835903
2010-11-21 00:00:00,1593.4329476984549
2010-11-22 00:00:00,1590.7553680006386
2010-11-23 00:00:00,1588.0028993432602
2010-11-24 00:00:00,1585.1805898496023
2010-11-25 00:00:00,1582.2837198308293
2010-11-26 00:00:00,1579.2994689105005
2010-11-28 00:00:00,1572.9981518864897
2010-11-29 00:00:00,1569.6495304725972
2010-11-30 00:00:00,1566.1588226057686
2010-12-01 00:00:00,1562.5302405183345
2010-12-02 00:00:00,1558.7775298888052
2010-12-03 00:00:00,1554.9208213958786
2010-12-05 00:00:00,1548.8080210797089
2010-12-06 00:00:00,1546.2189767612942
2010-12-07 00:00:00,1543.3332052621413
2010-12-08 00:00:00,1540.1270525709936
2010-12-09 00:00:00,1536.5756121819759
2010-12-10 00:00:00,1532.653773892551
2010-12-12 00:00:00,1524.081775882792
2010-12-13 00:00:00,1520.421443915707
2010-12-14 00:00:00,1516.3476114451378
2010-12-15 00:00:00,1514.4213025397996
2010-12-16 00:00:00,1512.9368694428074
2010-12-17 00:00:00,1512.9257368001179
2010-12-19 00:00:00,1514.805328715774
2010-12-20 00:00:00,1515.8976743329779
2010-12-21 00:00:00,1516.9728950649078
2010-12-22 00:00:00,1517.9405402149894
2010-12-23 00:00:00,1518.7175363322438
2010-12-24 00:00:00,1519.233835576314
2010-12-26 00:00:00,1519.2879514348372
2010-12-27 00:00:00,1518.7709241209986
2010-12-28 00:00:00,1517.8803880055523
2010-12-29 00:00:00,1516.623486552176
2010-12-30 00:00:00,1515.0158550652259
2010-12-31 00:00:00,1513.078776337742
2011-01-02 00:00:00,1508.3158882247149
2011-01-03 00:00:00,1505.5420616507993
2011-01-04 00:00:00,1502.5404748302703
2011-01-05 00:00:00,1499.4473784082777
2011-01-06 00:00:00,1496.2987223256905
2011-01-07 00:00:00,1492.9910834082807
2011-01-09 00:00:00,1485.9689516736182
2011-01-10 00:00:00,1482.2849155585536
2011-01-11 00:00:00,1478.5030569187174
2011-01-12 00:00:00,1474.6345975127595
2011-01-13 00:00:00,1470.689416404411
2011-01-14 00:00:00,1466.6761891622593
2011-01-16 00:00:00,1459.366022376359
2011-01-17 00:00:00,1457.6751983608076
2011-01-18 00:00:00,1456.0174545113402
2011-01-19 00:00:00,1454.4062557338118
2011-01-20 00:00:00,1452.848032237322
2011-01-21 00:00:00,1451.3398548014336
2011-01-23 00:00:00,1448.415494068539
2011-01-24 00:00:00,1446.9560068302758
2011-01-25 00:00:00,1445.4702549140013
2011-01-26 00:00:00,1443.945763607617
2011-01-27 00:00:00,1442.3816277516794
2011-01-28 00:00:00,1440.7888527733041
2011-01-30 00:00:00,1437.6056384980664
2011-01-31 00:00:00,1436.06779015709
2011-02-01 00:00:00,1434.5963742850095
2011-02-02 00:00:00,1433.2046109724652
2011-02-03 00:00:00,1431.8948197843995
2011-02-04 00:00:00,1430.657897398142
2011-02-06 00:00:00,1428.7844463560614
2011-02-07 00:00:00,1430.1943676225637
2011-02-08 00:00:00,1431.5388089009098
2011-02-09 00:00:00,1432.7761039015986
2011-02-10 00:00:00,1433.8855988204925
2011-02-11 00:00:00,1434.8721884928964
2011-02-13 00:00:00,1436.6215134881802
2011-02-14 00:00:00,1437.5022891301226
2011-02-15 00:00:00,1438.4757111078593
2011-02-16 00:00:00,1439.5959282581891
2011-02-17 00:00:00,1440.8916056873597
2011-02-18 00:00:00,1442.3571193698617
2011-02-20 00:00:00,1445.6045776706467
2011-02-21 00:00:00,1447.349574588426
2011-02-22 00:00:00,1450.9015968208419
2011-02-23 00:00:00,1454.3448001474947
2011-02-24 00:00:00,1457.6706319497262
2011-02-25 00:00:00,1460.9082776910486
2011-02-27 00:00:00,1467.3720304589594
2011-02-28 00:00:00,1470.7496869699999
2011-03-01 00:00:00,1474.312059646168
2011-03-02 00:00:00,1478.0963023396387
2011-03-03 00:00:00,1482.1080648269349
2011-03-04 00:00:00,1486.320182369969
2011-03-06 00:00:00,1495.0996518598995
2011-03-07 00:00:00,1499.5030163401434
2011-03-08 00:00:00,1503.8027540403873
2011-03-09 00:00:00,1507.9303938525907
2011-03-10 00:00:00,1513.0648117603464
2011-03-11 00:00:00,1520.3863301984427
2011-03-13 00:00:00,1534.2663160090824
2011-03-14 00:00:00,1540.905454035673
2011-03-15 00:00:00,1547.4112576380849
2011-03-16 00:00:00,1553.8214320731338
2011-03-17 00:00:00,1562.6921016063495
2011-03-18 00:00:00,1571.457080258109
2011-03-20 00:00:00,1583.6981370714611
2011-03-21 00:00:00,1588.3843747568235
2011-03-22 00:00:00,1592.5453611001626
2011-03-23 00:00:00,1596.1012641972638
2011-03-24 00:00:00,1599.0159056553887
2011-03-25 00:00:00,1601.2984515745331
2011-03-27 00:00:00,1604.1761126512902
2011-03-28 01:00:00,1604.9384461105237
2011-03-29 01:00:00,1605.1852998900613
2011-03-30 01:00:00,1604.576259535484
2011-03-31 01:00:00,1603.6617097006367
2011-04-01 01:00:00,1602.4344820754632
2011-04-03 01:00:00,1598.9103228466238
2011-04-04 01:00:00,1596.7824343855875
2011-04-05 01:00:00,1595.3779202968935
2011-04-06 01:00:00,1593.4956775639105
2011-04-07 01:00:00,1591.1535581963972
2011-04-08 01:00:00,1588.4039433997607
2011-04-10 01:00:00,1582.0548427664087
2011-04-11 01:00:00,1578.7008789137
2011-04-12 01:00:00,1575.4055390051756
2011-04-13 01:00:00,1574.0425009042958
2011-04-14 01:00:00,1573.1143642644502
2011-04-15 01:00:00,1572.4232409967447
2011-04-17 01:00:00,1571.6794471152416
2011-04-18 01:00:00,1571.5222199419843
2011-04-19 01:00:00,1570.7690324475202
2011-04-20 01:00:00,1569.9272100748144
2011-04-21 01:00:00,1570.2002138676853
2011-04-22 01:00:00,1570.3311702024669
2011-04-24 01:00:00,1572.543425917776
2011-04-25 01:00:00,1574.8853121747302
2011-04-26 01:00:00,1577.3104244989813
2011-04-27 01:00:00,1579.8557212520082
2011-04-28 01:00:00,1582.5344713054433
2011-04-29 01:00:00,1585.3352575065467
2011-05-01 01:00:00,1591.0483461882338
2011-05-02 01:00:00,1592.3220714816969
2011-05-03 01:00:00,1593.6772443788664
2011-05-04 01:00:00,1594.9268481282515
2011-05-05 01:00:00,1596.0469022147931
2011-05-06 01:00:00,1597.034086210811
2011-05-08 01:00:00,1598.6976786450123
2011-05-09 01:00:00,1599.4559440953144
2011-05-10 01:00:00,1600.3479440286942
2011-05-11 01:00:00,1601.3960324788145
2011-05-12 01:00:00,1603.6825432074315
2011-05-13 01:00:00,1608.632757433662
2011-05-15 01:00:00,1618.7341286149497
2011-05-16 01:00:00,1623.80750276189
2011-05-17 01:00:00,1629.0343271010881
2011-05-18 01:00:00,1634.3690936998128
2011-05-19 01:00:00,1639.6982042715088
2011-05-20 01:00:00,1645.0266785253182
2011-05-22 01:00:00,1657.3714173117692
2011-05-23 01:00:00,1664.5497873954262
2011-05-24 01:00:00,1672.5701572499438
2011-05-25 01:00:00,1681.0890086624063
2011-05-26 01:00:00,1689.8238145876899
2011-05-27 01:00:00,1698.7704469306161
2011-05-29 01:00:00,1717.236269820591
2011-05-30 01:00:00,1726.7115059030546
2011-05-31 01:00:00,1736.318706583238
2011-06-01 01:00:00,1746.040692235695
2011-06-02 01:00:00,1755.8669313178925
2011-06-03 01:00:00,1765.794030343897
2011-06-05 01:00:00,1785.965193140607
2011-06-06 01:00:00,1796.2223640026564
2011-06-07 01:00:00,1806.599895406742
2011-06-08 01:00:00,1817.0954766680195
2011-06-09 01:00:00,1827.6990501424398
2011-06-10 01:00:00,1838.3930930244276
2011-06-12 01:00:00,1859.9573142687454
2011-06-13 01:00:00,1870.7768896367836
2011-06-14 01:00:00,1880.475225175413
2011-06-15 01:00:00,1886.880698145304
2011-06-16 01:00:00,1893.2731753190492
2011-06-17 01:00:00,1899.6476104830529
2011-06-19 01:00:00,1912.322179480487
2011-06-20 01:00:00,1918.609861057347
2011-06-21 01:00:00,1924.854109507167
2011-06-22 01:00:00,1931.046213379187
2011-06-23 01:00:00,1937.17783516663
2011-06-24 01:00:00,1943.2421923166883
2011-06-26 01:00:00,1955.1559641245271
2011-06-27 01:00:00,1961.0074905763963
2011-06-28 01:00:00,1966.7957098361776
2011-06-29 01:00:00,1972.0021526825515
2011-06-30 01:00:00,1975.256524511986
2011-07-01 01:00:00,1978.447454979822
2011-07-03 01:00:00,1984.6383933560048
2011-07-04 01:00:00,1987.6381140279755
2011-07-05 01:00:00,1990.5737403859025
2011-07-06 01:00:00,1993.444975411028
2011-07-07 01:00:00,1996.251410902509
2011-07-08 01:00:00,1998.992506609659
2011-07-10 01:00:00,2004.2757518576864
2011-07-11 01:00:00,2006.816008832988
2011-07-12 01:00:00,2009.2871125961617
2011-07-13 01:00:00,2011.687624810982
2011-07-14 01:00:00,2014.01588569307
2011-07-15 01:00:00,2016.2699998998482
2011-07-17 01:00:00,2020.5469425125334
2011-07-18 01:00:00,2022.5646729656964
2011-07-19 01:00:00,2024.4980339869462
2011-07-20 01:00:00,2026.343743639981
2011-07-21 01:00:00,2028.0982087103966
2011-07-22 01:00:00,2029.7575189800064
2011-07-24 01:00:00,2032.3426185583937
2011-07-25 01:00:00,2032.3702602472142
2011-07-26 01:00:00,2032.2949486506204
2011-07-27 01:00:00,2032.087074346117
2011-07-28 01:00:00,2031.7178517478205
2011-07-29 01:00:00,2031.1639791743
2011-07-31 01:00:00,2029.4602058106018
2011-08-01 01:00:00,2028.3207313572093
2011-08-02 01:00:00,2027.015207576401
2011-08-03 01:00:00,2025.5701532797304
2011-08-04 01:00:00,2024.009739260193
2011-08-05 01:00:00,2022.3490896367364
2011-08-07 01:00:00,2018.7199055149383
2011-08-08 01:00:00,2016.71625654371
2011-08-09 01:00:00,2014.5514627203488
2011-08-10 01:00:00,2012.2008322222855
2011-08-11 01:00:00,2009.6493721237841
2011-08-12 01:00:00,2006.8970118339194
2011-08-14 01:00:00,2000.8775727916375
2011-08-15 01:00:00,1997.6959443101
2011-08-16 01:00:00,1994.4769765851993
2011-08-17 01:00:00,1991.6049296064843
2011-08-18 01:00:00,1992.6293637104786
2011-08-19 01:00:00,1993.737504936257
2011-08-21 01:00:00,1996.2259718903229
2011-08-22 01:00:00,1997.5825248357255
2011-08-23 01:00:00,1998.9786174712135
2011-08-24 01:00:00,2000.3792339730048
2011-08-25 01:00:00,2001.7496236600657
2011-08-26 01:00:00,2003.0620415418791
2011-08-28 01:00:00,2005.472360832512
2011-08-29 01:00:00,2006.5944643316666
2011-08-30 01:00:00,2007.7040777796883
2011-08-31 01:00:00,2008.8436503707715
2011-09-01 01:00:00,2010.0518726527494
2011-09-02 01:00:00,2011.3538940397275
2011-09-04 01:00:00,2014.2399550648374
2011-09-05 01:00:00,2015.7766693281399
2011-09-06 01:00:00,2017.3241634828707
2011-09-07 01:00:00,2018.8412401731673
2011-09-08 01:00:00,2020.2946254634328
2011-09-09 01:00:00,2021.6649021911373
2011-09-11 01:00:00,2024.162571902974
2011-09-12 01:00:00,2025.332041519455
2011-09-13 01:00:00,2026.4945385380706
2011-09-14 01:00:00,2027.689138950584
2011-09-15 01:00:00,2028.9509710875113
2011-09-16 01:00:00,2030.3056548210475
2011-09-18 01:00:00,2031.8097148478273
2011-09-19 01:00:00,2030.890734952213
2011-09-20 01:00:00,2030.0250145767839
2011-09-21 01:00:00,2029.1752035440836
2011-09-22 01:00:00,2028.3030451822517
2011-09-23 01:00:00,2027.37657609717
2011-09-25 01:00:00,2025.3034489903146
2011-09-26 01:00:00,2024.1747318429216
2011-09-27 01:00:00,2023.025638471434
2011-09-28 01:00:00,2019.0189917519447
2011-09-29 01:00:00,2014.2897850027096
2011-09-30 01:00:00,2009.7995658060788
2011-10-02 01:00:00,2005.4381177349267
2011-10-03 01:00:00,2003.398850006657
2011-10-04 01:00:00,2001.4051601199212
2011-10-05 01:00:00,1999.4174395988753
2011-10-06 01:00:00,1997.4032255821523
2011-10-07 01:00:00,1995.7387642583822
2011-10-09 01:00:00,1997.6278303030863
2011-10-10 01:00:00,1998.497869818731
2011-10-11 01:00:00,1999.3583521138285
2011-10-12 01:00:00,2000.2435091706093
2011-10-13 01:00:00,2001.184234651444
2011-10-14 01:00:00,2002.2033974297683
2011-10-16 01:00:00,2001.6172600097561
2011-10-17 01:00:00,2000.148015401915
2011-10-18 01:00:00,1997.8535013811386
2011-10-19 01:00:00,1993.121203143893
2011-10-20 01:00:00,1988.3959441758204
2011-10-21 01:00:00,1983.6508655594184
2011-10-23 01:00:00,1974.0473982772446
2011-10-24 01:00:00,1969.1981859518057
2011-10-25 01:00:00,1964.346543040304
2011-10-26 01:00:00,1959.5248564962308
2011-10-27 01:00:00,1954.7649656723565
2011-10-28 01:00:00,1950.0903228328016
2011-10-30 01:00:00,1941.0217958664905
2011-10-31 00:00:00,1936.7892359189243
2011-11-01 00:00:00,1932.4213722956167
2011-11-02 00:00:00,1928.0790644420133
2011-11-03 00:00:00,1923.7419912231871
2011-11-04 00:00:00,1919.398456877522
2011-11-06 00:00:00,1910.6981068563705
2011-11-07 00:00:00,1906.368710052868
2011-11-08 00:00:00,1902.0828208838566
2011-11-09 00:00:00,1897.8662035630427
2011-11-10 00:00:00,1893.743414522929
2011-11-11 00:00:00,1889.7351618196487
2011-11-13 00:00:00,1882.1170704966369
2011-11-14 00:00:00,1878.8294626717304
2011-11-15 00:00:00,1878.8650994500454
2011-11-16 00:00:00,1879.8088655561742
2011-11-17 00:00:00,1880.7701466376666
2011-11-18 00:00:00,1881.7627089474286
2011-11-20 00:00:00,1883.8703552793734
2011-11-21 00:00:00,1884.9832655291423
2011-11-22 00:00:00,1886.1243697600908
2011-11-23 00:00:00,1887.2814005345863
2011-11-24 00:00:00,1888.4429079283693
2011-11-25 00:00:00,1889.6009714161887
2011-11-27 00:00:00,1891.901873227358
2011-11-28 00:00:00,1893.0540195760698
2011-11-29 00:00:00,1894.2177500372081
2011-11-30 00:00:00,1895.400736991684
2011-12-01 00:00:00,1896.608389270437
2011-12-02 00:00:00,1897.843039590959
2011-12-04 00:00:00,1904.29010893981
2011-12-05 00:00:00,1908.3478691458517
2011-12-06 00:00:00,1912.3601004905092
2011-12-07 00:00:00,1916.2375675436695
2011-12-08 00:00:00,1919.9019377243558
2011-12-09 00:00:00,1923.2905498443201
2011-12-11 00:00:00,1929.0803162979196
2011-12-12 00:00:00,1931.4450510589236
2011-12-13 00:00:00,1933.4566179854107
2011-12-14 00:00:00,1935.1289328186162
2011-12-15 00:00:00,1936.4830496575196
2011-12-16 00:00:00,1937.5443854380267
2011-12-18 00:00:00,1938.8993747778247
2011-12-19 00:00:00,1939.2483447050447
2011-12-20 00:00:00,1939.413237739559
2011-12-21 00:00:00,1939.417981884064
2011-12-22 00:00:00,1939.2843805165803
2011-12-23 00:00:00,1939.032056679541
2011-12-26 00:00:00,1937.7277435604974
2011-12-27 00:00:00,1937.1560745134925
2011-12-28 00:00:00,1937.6548153445378
2011-12-29 00:00:00,1939.601248290668
2011-12-30 00:00:00,1941.5579634897292
2012-01-01 00:00:00,1945.4532888485662
2012-01-02 00:00:00,1947.3829031405253
2012-01-03 00:00:00,1949.3070628325584
2012-01-04 00:00:00,1951.2394861197608
2012-01-05 00:00:00,1953.1986799449246
2012-01-06 00:00:00,1955.205021156934
2012-01-08 00:00:00,1959.4297052591683
2012-01-09 00:00:00,1961.6681043459382
2012-01-10 00:00:00,1963.9889001088168
2012-01-11 00:00:00,1966.3783275872568
2012-01-12 00:00:00,1968.8142513257399
2012-01-13 00:00:00,1971.2700004358953
2012-01-15 00:00:00,1976.1452274745398
2012-01-16 00:00:00,1978.5393364266524
2012-01-17 00:00:00,1980.9099840737717
2012-01-18 00:00:00,1983.2785040912854
2012-01-19 00:00:00,1985.6756185143538
2012-01-20 00:00:00,1988.1348510630921
2012-01-22 00:00:00,1993.345292556255
2012-01-23 00:00:00,1996.1185787307186
2012-01-24 00:00:00,1998.9934807380002
2012-01-25 00:00:00,2001.9454102908999
2012-01-26 00:00:00,2004.9418654597807
2012-01-27 00:00:00,2007.9487842686515
2012-01-29 00:00:00,2013.887175190064
2012-01-30 00:00:00,2016.7936877413174
2012-01-31 00:00:00,2019.664815906008
2012-02-01 00:00:00,2022.5215035229962
2012-02-02 00:00:00,2025.3426350875138
2012-02-03 00:00:00,2025.6398182664623
2012-02-05 00:00:00,2026.4374195554105
2012-02-06 00:00:00,2026.975242294017
2012-02-07 00:00:00,2027.6064076417588
2012-02-08 00:00:00,2028.3109092801506
2012-02-09 00:00:00,2029.0549949542474
2012-02-10 00:00:00,2029.7974365502969
2012-02-12 00:00:00,2035.4037133391248
2012-02-13 00:00:00,2038.1958655287058
2012-02-14 00:00:00,2040.9094619229913
2012-02-15 00:00:00,2043.5727676147956
2012-02-16 00:00:00,2046.226701226277
2012-02-17 00:00:00,2048.9158610277423
2012-02-19 00:00:00,2054.5409103435313
2012-02-20 00:00:00,2057.508039208802
2012-02-21 00:00:00,2060.5672693656416
2012-02-22 00:00:00,2063.6890952562194
2012-02-23 00:00:00,2066.833576516902
2012-02-24 00:00:00,2067.6893021016654
2012-02-26 00:00:00,2065.323994060108
2012-02-27 00:00:00,2064.1147371001316
2012-02-28 00:00:00,2062.913931800463
2012-02-29 00:00:00,2061.761988327868
2012-03-01 00:00:00,2060.7116864195855
2012-03-02 00:00:00,2059.822430647821
2012-03-04 00:00:00,2058.7562971019565
2012-03-05 00:00:00,2057.435440844989
2012-03-06 00:00:00,2056.2886672448813
2012-03-07 00:00:00,2056.1294138052563
2012-03-08 00:00:00,2056.0128699035367
2012-03-09 00:00:00,2055.8973442631477
2012-03-11 00:00:00,2055.5145216719575
2012-03-12 00:00:00,2055.203924450945
2012-03-13 00:00:00,2054.818908137629
2012-03-14 00:00:00,2054.387860467084
2012-03-15 00:00:00,2055.248199476356
2012-03-16 00:00:00,2056.5643543437723
2012-03-18 00:00:00,2059.420957731471
2012-03-19 00:00:00,2061.4682161291657
2012-03-20 00:00:00,2064.859003032741
2012-03-21 00:00:00,2068.4168832434298
2012-03-22 00:00:00,2072.0684991309563
2012-03-23 00:00:00,2075.73747082345
2012-03-25 00:00:00,2082.8529427194885
2012-03-26 01:00:00,2086.3295908314767
2012-03-27 01:00:00,2089.4793187722075
2012-03-28 01:00:00,2092.435636326029
2012-03-29 01:00:00,2095.205071578711
2012-03-30 01:00:00,2097.804431961514
2012-04-01 01:00:00,2102.577805308721
2012-04-02 01:00:00,2104.785389735562
2012-04-03 01:00:00,2106.8801994502155
2012-04-04 01:00:00,2108.8515386288673
2012-04-05 01:00:00,2110.6772433676933
2012-04-06 01:00:00,2112.3283846826635
2012-04-08 01:00:00,2115.0011416579214
2012-04-09 01:00:00,2115.996065377055
2012-04-10 01:00:00,2116.7714148273653
2012-04-11 01:00:00,2116.054196350195
2012-04-12 01:00:00,2114.842163955445
2012-04-13 01:00:00,2113.522018179721
2012-04-15 01:00:00,2110.582505201632
2012-04-16 01:00:00,2108.974827224512
2012-04-17 01:00:00,2107.2823579228943
2012-04-18 01:00:00,2105.5099682152863
2012-04-19 01:00:00,2103.6621301476307
2012-04-20 01:00:00,2101.7429230082503
2012-04-22 01:00:00,2097.704820106626
2012-04-23 01:00:00,2096.0139389795745
2012-04-24 01:00:00,2096.128120460038
2012-04-25 01:00:00,2096.2645460391714
2012-04-26 01:00:00,2096.422862897042
2012-04-27 01:00:00,2096.602709711759
2012-04-29 01:00:00,2097.0255115072778
2012-04-30 01:00:00,2097.2677100488113
2012-05-01 01:00:00,2097.529927395363
2012-05-02 01:00:00,2097.811774086561
2012-05-03 01:00:00,2098.112859249608
2012-05-04 01:00:00,2098.4327939520585
2012-05-06 01:00:00,2099.117025035113
2012-05-07 01:00:00,2096.0676069391398
2012-05-08 01:00:00,2092.972578648306
2012-05-09 01:00:00,2089.831637277607
2012-05-10 01:00:00,2086.6444590238716
2012-05-11 01:00:00,2083.410727846459
2012-05-13 01:00:00,2076.8025833973866
2012-05-14 01:00:00,2073.427905103947
2012-05-15 01:00:00,2070.006248921546
2012-05-16 01:00:00,2066.5379821215647
2012-05-17 01:00:00,2063.023799320672
2012-05-18 01:00:00,2059.464805920532
2012-05-20 01:00:00,2052.2193971258407
2012-05-21 01:00:00,2048.5380494940678
2012-05-22 01:00:00,2044.822192742389
2012-05-23 01:00:00,2044.1026575415465
2012-05-24 01:00:00,2044.165206037771
2012-05-25 01:00:00,2044.2440175084878
2012-05-27 01:00:00,2043.282945962401
2012-05-28 01:00:00,2039.0100945913937
2012-05-29 01:00:00,2034.7529902660153
2012-05-30 01:00:00,2030.5235781859858
2012-05-31 01:00:00,2026.3323997099744
2012-06-01 01:00:00,2022.1874046112446
2012-06-03 01:00:00,2020.5998688942514
2012-06-04 01:00:00,2022.0708034049935
2012-06-05 01:00:00,2023.5577586542315
2012-06-06 01:00:00,2025.0505741833022
2012-06-07 01:00:00,2026.5430589567338
2012-06-08 01:00:00,2028.0329778606315
2012-06-10 01:00:00,2031.0085750075943
2012-06-11 01:00:00,2032.4962721670408
2012-06-12 01:00:00,2033.9814725129816
2012-06-13 01:00:00,2035.4574805665884
2012-06-14 01:00:00,2036.9132716844977
2012-06-15 01:00:00,2038.3341958073504
2012-06-17 01:00:00,2041.0039581468131
2012-06-18 01:00:00,2042.220715536178
2012-06-19 01:00:00,2043.3427151908415
2012-06-20 01:00:00,2044.3647408449938
2012-06-21 01:00:00,2045.2883811329339
2012-06-22 01:00:00,2046.1220908856196
2012-06-24 01:00:00,2047.5798203816119
2012-06-25 01:00:00,2048.238880594107
2012-06-26 01:00:00,2048.870844328261
2012-06-27 01:00:00,2049.481926761349
2012-06-28 01:00:00,2050.0687785401233
2012-06-29 01:00:00,2050.6184849698443
2012-07-01 01:00:00,2051.52316511543
2012-07-02 01:00:00,2051.835033606119
2012-07-03 01:00:00,2052.002106536721
2012-07-04 01:00:00,2051.540641919217
2012-07-05 01:00:00,2050.931954846159
2012-07-06 01:00:00,2050.2177151916017
2012-07-08 01:00:00,2048.685211463444
2012-07-09 01:00:00,2047.9633766207292
2012-07-10 01:00:00,2047.3101569168423
2012-07-11 01:00:00,2046.7278069642914
2012-07-12 01:00:00,2046.1964914588002
2012-07-13 01:00:00,2045.6783926008604
2012-07-15 01:00:00,2044.4835590330867
2012-07-16 01:00:00,2043.7100501653981
2012-07-17 01:00:00,2042.7732907528298
2012-07-18 01:00:00,2041.663327307679
2012-07-19 01:00:00,2040.3945129334097
2012-07-20 01:00:00,2037.941330824533
2012-07-22 01:00:00,2032.7297160584599
2012-07-23 01:00:00,2030.1850263013125
2012-07-24 01:00:00,2027.751083435992
2012-07-25 01:00:00,2025.449072545508
2012-07-26 01:00:00,2023.2669392376574
2012-07-27 01:00:00,2021.1607898624884
2012-07-29 01:00:00,2016.8992907872782
2012-07-30 01:00:00,2014.6007503838628
2012-07-31 01:00:00,2012.1240171817042
2012-08-01 01:00:00,2009.4589243921573
2012-08-02 01:00:00,2006.631144569165
2012-08-03 01:00:00,2003.6963135646615
2012-08-05 01:00:00,1997.8008668000332
2012-08-06 01:00:00,1994.9783739209402
2012-08-07 01:00:00,1992.2987988535997
2012-08-08 01:00:00,1989.7705851536914
2012-08-09 01:00:00,1987.3718490316426
2012-08-10 01:00:00,1985.0552498272345
2012-08-12 01:00:00,1980.4063358975648
2012-08-13 01:00:00,1977.9405151699184
2012-08-14 01:00:00,1975.3129046196486
2012-08-15 01:00:00,1972.5035473529988
2012-08-16 01:00:00,1970.18337370346
2012-08-17 01:00:00,1968.17284513738
2012-08-19 01:00:00,1964.0631915454344
2012-08-20 01:00:00,1962.125316270211
2012-08-21 01:00:00,1960.3510956056496
2012-08-22 01:00:00,1958.766323797104
2012-08-23 01:00:00,1957.3566993037439
2012-08-24 01:00:00,1956.0702138094755
2012-08-26 01:00:00,1953.5439458352505
2012-08-27 01:00:00,1952.13905640798
2012-08-28 01:00:00,1950.5630210626337
2012-08-29 01:00:00,1948.8021312973337
2012-08-30 01:00:00,1946.8815746757116
2012-08-31 01:00:00,1944.8589347753887
2012-09-02 01:00:00,1940.8188412183285
2012-09-03 01:00:00,1938.9501455725224
2012-09-04 01:00:00,1937.2498119086586
2012-09-05 01:00:00,1935.7323879686621
2012-09-06 01:00:00,1934.3814631663147
2012-09-07 01:00:00,1933.1538231441152
2012-09-09 01:00:00,1930.812336378576
2012-09-10 01:00:00,1929.5618367932718
2012-09-11 01:00:00,1928.1845970572424
2012-09-12 01:00:00,1926.6539938895692
2012-09-13 01:00:00,1924.9742209984306
2012-09-14 01:00:00,1923.1810788631765
2012-09-16 01:00:00,1919.5170904269648
2012-09-17 01:00:00,1917.798230875415
2012-09-18 01:00:00,1916.2374816937345
2012-09-19 01:00:00,1914.861265454403
2012-09-20 01:00:00,1913.6587185303204
2012-09-21 01:00:00,1912.1703859282363
2012-09-23 01:00:00,1903.2119458786283
2012-09-24 01:00:00,1898.685762266683
2012-09-25 01:00:00,1894.0605085863895
2012-09-26 01:00:00,1889.322855764008
2012-09-27 01:00:00,1884.491997276351
2012-09-28 01:00:00,1879.6135552455762
2012-09-30 01:00:00,1869.961781185473
2012-10-01 01:00:00,1865.3078202225663
2012-10-02 01:00:00,1860.8242587556242
2012-10-03 01:00:00,1857.1541169095012
2012-10-04 01:00:00,1854.4748847479996
2012-10-05 01:00:00,1851.8914884064577
2012-10-07 01:00:00,1851.372387566049
2012-10-08 01:00:00,1851.6126836653746
2012-10-09 01:00:00,1851.8259003136475
2012-10-10 01:00:00,1851.9997997421654
2012-10-11 01:00:00,1852.1329868177265
2012-10-12 01:00:00,1852.235457285636
2012-10-14 01:00:00,1852.4326870303069
2012-10-15 01:00:00,1852.578712899892
2012-10-16 01:00:00,1852.7853976286915
2012-10-17 01:00:00,1853.063104373088
2012-10-18 01:00:00,1853.4099274504658
2012-10-19 01:00:00,1853.8125929799933
2012-10-21 01:00:00,1854.6989021530676
2012-10-22 01:00:00,1855.1386322136277
2012-10-23 01:00:00,1855.5559617893316
2012-10-24 01:00:00,1855.94692834856
2012-10-25 01:00:00,1856.316709331096
2012-10-26 01:00:00,1858.0660428002109
2012-10-28 01:00:00,1863.011450143733
2012-10-29 00:00:00,1864.4830000818274
2012-10-30 00:00:00,1865.087441706128
2012-10-31 00:00:00,1865.5648455166188
2012-11-01 00:00:00,1865.9001745809733
2012-11-02 00:00:00,1865.8550450106466
2012-11-04 00:00:00,1860.669654634387
2012-11-05 00:00:00,1857.7585156416224
2012-11-06 00:00:00,1854.6061704211463
2012-11-07 00:00:00,1851.190478034427
2012-11-08 00:00:00,1847.4900500385443
2012-11-09 00:00:00,1843.485633957338
2012-11-11 00:00:00,1834.509929897312
2012-11-12 00:00:00,1829.5294184404138
2012-11-13 00:00:00,1824.2318641388779
2012-11-14 00:00:00,1818.6428682014089
2012-11-15 00:00:00,1812.8039100835576
2012-11-16 00:00:00,1806.7727006955888
2012-11-18 00:00:00,1796.0771925942447
2012-11-19 00:00:00,1792.5972894266401
2012-11-20 00:00:00,1789.1216912040813
2012-11-21 00:00:00,1785.6537010730501
2012-11-22 00:00:00,1782.1965815463834
2012-11-23 00:00:00,1778.7522205533865
2012-11-25 00:00:00,1771.8975594961496
2012-11-26 00:00:00,1768.479061829465
2012-11-27 00:00:00,1765.0582021752818
2012-11-28 00:00:00,1763.7665303367312
2012-11-29 00:00:00,1762.5825629852586
2012-11-30 00:00:00,1761.3844094712113
2012-12-02 00:00:00,1758.9530858262597
2012-12-03 00:00:00,1757.7331016441565
2012-12-04 00:00:00,1756.5238026310737
2012-12-05 00:00:00,1755.336444105139
2012-12-06 00:00:00,1754.1803300878812
2012-12-07 00:00:00,1753.0603361080384
2012-12-09 00:00:00,1753.796920376636
2012-12-10 00:00:00,1755.2113971690185
2012-12-11 00:00:00,1756.7041376532934
2012-12-12 00:00:00,1758.265244536447
2012-12-13 00:00:00,1760.023190364379
2012-12-14 00:00:00,1764.2740054408864
2012-12-16 00:00:00,1773.009624516486
2012-12-17 00:00:00,1777.4459192567067
2012-12-18 00:00:00,1781.262319883789
2012-12-19 00:00:00,1782.5485106908309
2012-12-20 00:00:00,1783.7956390315044
2012-12-21 00:00:00,1785.005602761999
2012-12-23 00:00:00,1787.3689131441963
2012-12-24 00:00:00,1786.246576569298
2012-12-26 00:00:00,1783.3358468830015
2012-12-27 00:00:00,1781.9910215906768
2012-12-28 00:00:00,1780.727910799896
2012-12-30 00:00:00,1778.4096479256136
2012-12-31 00:00:00,1777.312808181773
2013-01-01 00:00:00,1776.2200275934274
2013-01-02 00:00:00,1775.1027420775695
2013-01-03 00:00:00,1773.9385106528446
2013-01-04 00:00:00,1772.7159860670292
2013-01-06 00:00:00,1770.1231905786888
2013-01-07 00:00:00,1768.8014104397807
2013-01-08 00:00:00,1767.5099341381278
2013-01-09 00:00:00,1766.284544780652
2013-01-10 00:00:00,1765.1513796439067
2013-01-11 00:00:00,1764.1201329361268
2013-01-13 00:00:00,1762.3077076049376
2013-01-14 00:00:00,1761.4618614827773
2013-01-15 00:00:00,1760.604186172715
2013-01-16 00:00:00,1759.7025365045668
2013-01-17 00:00:00,1758.7387810293299
2013-01-18 00:00:00,1757.7118239520355
2013-01-20 00:00:00,1755.5421572764326
2013-01-21 00:00:00,1754.4627335633618
2013-01-22 00:00:00,1753.4349620499233
2013-01-23 00:00:00,1752.49013914082
2013-01-24 00:00:00,1751.6494584984582
2013-01-25 00:00:00,1750.9203739695688
2013-01-27 00:00:00,1749.7503216565085
2013-01-28 00:00:00,1749.2521569355065
2013-01-29 00:00:00,1748.7597056266945
2013-01-30 00:00:00,1748.233010438518
2013-01-31 00:00:00,1747.6404077182456
2013-02-01 00:00:00,1746.9650695326654
2013-02-03 00:00:00,1745.3936997545102
2013-02-04 00:00:00,1744.5561605530359
2013-02-05 00:00:00,1743.7420448361213
2013-02-06 00:00:00,1742.9958551543841
2013-02-07 00:00:00,1742.3509567898273
2013-02-08 00:00:00,1741.821870581646
2013-02-10 00:00:00,1743.1161894403836
2013-02-11 00:00:00,1744.345573592224
2013-02-12 00:00:00,1745.4498880924607
2013-02-13 00:00:00,1746.3695824992938
2013-02-14 00:00:00,1747.0581838875444
2013-02-15 00:00:00,1747.4865394325534
2013-02-17 00:00:00,1747.5311838512882
2013-02-18 00:00:00,1747.1637315291562
2013-02-19 00:00:00,1746.5577158213705
2013-02-20 00:00:00,1745.7281997197947
2013-02-21 00:00:00,1744.6834584703001
2013-02-22 00:00:00,1743.4216269323106
2013-02-24 00:00:00,1740.1836783889514
2013-02-25 00:00:00,1738.1548115581224
2013-02-26 00:00:00,1735.8134918428864
2013-02-27 00:00:00,1734.7771865421253
2013-02-28 00:00:00,1734.590992241347
2013-03-01 00:00:00,1734.3225633164438
2013-03-03 00:00:00,1733.5599542213322
2013-03-04 00:00:00,1733.1183147314837
2013-03-05 00:00:00,1732.6889105315006
2013-03-06 00:00:00,1732.3118846090304
2013-03-07 00:00:00,1732.0174000859035
2013-03-08 00:00:00,1735.3838822454034
2013-03-10 00:00:00,1743.761162689003
2013-03-11 00:00:00,1747.7717453133243
2013-03-12 00:00:00,1751.586186739491
2013-03-13 00:00:00,1755.1575777297303
2013-03-14 00:00:00,1758.4551645136464
2013-03-15 00:00:00,1761.4669871548065
2013-03-17 00:00:00,1766.6739961993162
2013-03-18 00:00:00,1768.9229282623537
2013-03-19 00:00:00,1770.9832464398153
2013-03-20 00:00:00,1772.8912603193971
2013-03-21 00:00:00,1774.6774513471005
2013-03-22 00:00:00,1776.3625743614582
2013-03-24 00:00:00,1781.2282610430555
2013-03-25 00:00:00,1784.0431348537527
2013-03-26 00:00:00,1786.7282200822192
2013-03-27 00:00:00,1789.263097815839
2013-03-28 00:00:00,1791.6318890852951
2013-03-31 00:00:00,1802.5839175253377
2013-04-01 01:00:00,1806.8781050309292
2013-04-02 01:00:00,1810.907712106568
2013-04-03 01:00:00,1814.8764660723664
2013-04-04 01:00:00,1818.8071817515802
2013-04-05 01:00:00,1822.7117212939372
2013-04-07 01:00:00,1830.4316514279756
2013-04-08 01:00:00,1835.0238060632003
2013-04-09 01:00:00,1839.698951706725
2013-04-10 01:00:00,1844.2858457698528
2013-04-11 01:00:00,1848.7736754975672
2013-04-12 01:00:00,1853.1589392736614
2013-04-14 01:00:00,1861.6431737015332
2013-04-15 01:00:00,1865.7659071327444
2013-04-16 01:00:00,1869.8289638610777
2013-04-17 01:00:00,1873.846525578613
2013-04-18 01:00:00,1877.8294471171735
2013-04-19 01:00:00,1881.7836840937061
2013-04-21 01:00:00,1891.6931688311522
2013-04-22 01:00:00,1898.7801126319928
2013-04-23 01:00:00,1903.9503229616114
2013-04-24 01:00:00,1908.4126152562844
2013-04-25 01:00:00,1912.8596676659874
2013-04-26 01:00:00,1917.2874691935458
2013-04-28 01:00:00,1926.0916241473162
2013-04-29 01:00:00,1930.2356201835473
2013-04-30 01:00:00,1932.1798865832318
2013-05-01 01:00:00,1934.125144379949
2013-05-02 01:00:00,1934.6951819309475
2013-05-03 01:00:00,1935.0108343682905
2013-05-05 01:00:00,1935.6501528464773
2013-05-06 01:00:00,1933.4713248488351
2013-05-07 01:00:00,1929.473221169692
2013-05-08 01:00:00,1925.4968395459805
2013-05-09 01:00:00,1924.2103240793099
2013-05-10 01:00:00,1921.9552107358459
2013-05-12 01:00:00,1910.7234285757004
2013-05-13 01:00:00,1905.077874421293
2013-05-14 01:00:00,1898.21105284443
2013-05-15 01:00:00,1891.0716958994392
2013-05-16 01:00:00,1883.9550392316937
2013-05-17 01:00:00,1876.882640529563
2013-05-19 01:00:00,1862.9464721801492
2013-05-20 01:00:00,1856.106372763352
2013-05-21 01:00:00,1849.3537856650034
2013-05-22 01:00:00,1842.6798959490488
2013-05-23 01:00:00,1836.0702248748175
2013-05-24 01:00:00,1829.5091277835222
2013-05-26 01:00:00,1817.882922199294
2013-05-27 01:00:00,1812.6735195073989
2013-05-28 01:00:00,1809.6735076394273
2013-05-29 01:00:00,1807.9625698615332
2013-05-30 01:00:00,1807.7234153026618
2013-05-31 01:00:00,1807.4481032586336
2013-06-02 01:00:00,1806.8195005483942
2013-06-03 01:00:00,1806.4438975188268
2013-06-04 01:00:00,1805.9912022439994
2013-06-05 01:00:00,1805.425360461013
2013-06-06 01:00:00,1804.710594741473
2013-06-07 01:00:00,1803.8174405387606
2013-06-09 01:00:00,1801.4374094273965
2013-06-10 01:00:00,1799.9583242351537
2013-06-11 01:00:00,1798.316193903901
2013-06-12 01:00:00,1796.5473068893284
2013-06-13 01:00:00,1794.6926659382198
2013-06-14 01:00:00,1792.790742564423
2013-06-16 01:00:00,1788.9414310767881
2013-06-17 01:00:00,1786.9959865016124
2013-06-18 01:00:00,1785.0024057984078
2013-06-19 01:00:00,1782.9118552936136
2013-06-20 01:00:00,1780.6659087303708
2013-06-21 01:00:00,1778.2079598580365
2013-06-23 01:00:00,1775.9006187519747
2013-06-24 01:00:00,1774.6306603777216
2013-06-25 01:00:00,1773.294578301204
2013-06-26 01:00:00,1771.9527382908566
2013-06-27 01:00:00,1770.6683321244977
2013-06-28 01:00:00,1769.4917468013214
2013-06-30 01:00:00,1767.5367429420362
2013-07-01 01:00:00,1766.724107003115
2013-07-02 01:00:00,1765.959754075803
2013-07-03 01:00:00,1765.182267626361
2013-07-04 01:00:00,1764.331383673784
2013-07-05 01:00:00,1763.3582485851289
2013-07-07 01:00:00,1760.9518963798057
2013-07-08 01:00:00,1759.5343313772407
2013-07-09 01:00:00,1758.0246748120653
2013-07-10 01:00:00,1756.483863832559
2013-07-11 01:00:00,1754.980503856139
2013-07-12 01:00:00,1753.5796194212903
2013-07-14 01:00:00,1751.2603185717142
2013-07-15 01:00:00,1750.3615224772457
2013-07-16 01:00:00,1749.5979191302886
2013-07-17 01:00:00,1748.9068409679378
2013-07-18 01:00:00,1748.211093705955
2013-07-19 01:00:00,1747.4345325943907
2013-07-21 01:00:00,1745.438875245944
2013-07-22 01:00:00,1744.2082595040374
2013-07-23 01:00:00,1743.53788456451
2013-07-24 01:00:00,1743.0901018577842
2013-07-25 01:00:00,1742.7030912595997
2013-07-26 01:00:00,1742.4451773706287
2013-07-28 01:00:00,1742.4346436109713
2013-07-29 01:00:00,1742.651171497955
2013-07-30 01:00:00,1742.9453924144786
2013-07-31 01:00:00,1743.2442234601444
2013-08-01 01:00:00,1743.4743972016086
2013-08-02 01:00:00,1743.5751212955051
2013-08-04 01:00:00,1743.2637488738937
2013-08-05 01:00:00,1742.8630890688398
2013-08-06 01:00:00,1742.354731925785
2013-08-07 01:00:00,1741.8075024821483
2013-08-08 01:00:00,1741.2994075511253
2013-08-09 01:00:00,1740.9045750292535
2013-08-11 01:00:00,1740.6561654172147
2013-08-12 01:00:00,1740.828313454878
2013-08-13 01:00:00,1741.1586667535505
2013-08-14 01:00:00,1741.5813602021549
2013-08-15 01:00:00,1742.014904365418
2013-08-16 01:00:00,1742.37858390656
2013-08-18 01:00:00,1742.6792448350307
2013-08-19 01:00:00,1742.597323219772
2013-08-20 01:00:00,1742.4127153996335
2013-08-21 01:00:00,1742.2000428758895
2013-08-22 01:00:00,1742.0412290483275
2013-08-23 01:00:00,1742.0061571649303
2013-08-25 01:00:00,1742.4442165451142
2013-08-26 01:00:00,1742.9007025124497
2013-08-27 01:00:00,1742.728313354623
2013-08-28 01:00:00,1740.9092294313227
2013-08-29 01:00:00,1739.054545948351
2013-08-30 01:00:00,1737.1052318908953
2013-09-01 01:00:00,1732.7900297620672
2013-09-02 01:00:00,1730.4243248308521
2013-09-03 01:00:00,1727.9641152441795
2013-09-04 01:00:00,1725.4678335066014
2013-09-05 01:00:00,1723.002852925075
2013-09-06 01:00:00,1720.6338141521906
2013-09-08 01:00:00,1716.361981101111
2013-09-09 01:00:00,1714.484673074494
2013-09-10 01:00:00,1712.749046416358
2013-09-11 01:00:00,1711.1018101550665
2013-09-12 01:00:00,1709.4770217961373
2013-09-13 01:00:00,1707.8096709102235
2013-09-15 01:00:00,1704.1722661498388
2013-09-16 01:00:00,1702.1844338268659
2013-09-17 01:00:00,1697.6905912024663
2013-09-18 01:00:00,1692.8622685896817
2013-09-19 01:00:00,1689.6483260499347
2013-09-20 01:00:00,1689.5747758751431
2013-09-22 01:00:00,1689.548121571439
2013-09-23 01:00:00,1689.5957174177308
2013-09-24 01:00:00,1689.6846423261236
2013-09-25 01:00:00,1689.8156327998308
2013-09-26 01:00:00,1689.9896025840953
2013-09-27 01:00:00,1690.2076596240329
2013-09-29 01:00:00,1690.7815610714222
2013-09-30 01:00:00,1691.1407871796637
2013-10-01 01:00:00,1691.5509190997486
2013-10-02 01:00:00,1692.0143962752466
2013-10-03 01:00:00,1692.5340187704962
2013-10-04 01:00:00,1693.1129871506398
2013-10-06 01:00:00,1694.7047814430373
2013-10-07 01:00:00,1697.6894034097813
2013-10-08 01:00:00,1700.641299571079
2013-10-09 01:00:00,1703.965400025948
2013-10-10 01:00:00,1708.618338934371
2013-10-11 01:00:00,1713.1893540235098
2013-10-13 01:00:00,1722.0890071985382
2013-10-14 01:00:00,1726.3990358074961
2013-10-15 01:00:00,1730.590547178484
2013-10-16 01:00:00,1734.6379518999659
2013-10-17 01:00:00,1738.514037573936
2013-10-18 01:00:00,1742.1927408879703
2013-10-20 01:00:00,1748.8696834508387
2013-10-21 01:00:00,1751.8331419208532
2013-10-22 01:00:00,1754.5287916806296
2013-10-23 01:00:00,1756.9461902319506
2013-10-24 01:00:00,1759.076635769945
2013-10-25 01:00:00,1760.9134024885727
2013-10-27 01:00:00,1763.6962643850711
2013-10-28 00:00:00,1764.6194758379966
2013-10-29 00:00:00,1765.3193360774808
2013-10-30 00:00:00,1766.1566056230808
2013-10-31 00:00:00,1769.1080245812736
2013-11-01 00:00:00,1772.0488380432835
2013-11-03 00:00:00,1777.9031144150363
2013-11-04 00:00:00,1782.6121997790447
2013-11-05 00:00:00,1787.75909672497
2013-11-06 00:00:00,1792.630293649957
2013-11-07 00:00:00,1797.1702043442315
2013-11-08 00:00:00,1801.3385212397434
2013-11-10 00:00:00,1808.4766809854698
2013-11-11 00:00:00,1811.4393241603152
2013-11-12 00:00:00,1814.0113181139125
2013-11-13 00:00:00,1816.212700999022
2013-11-14 00:00:00,1818.0682679031847
2013-11-15 00:00:00,1819.6053874952543
2013-11-17 00:00:00,1821.8365792391555
2013-11-18 00:00:00,1822.584670277865
2013-11-19 00:00:00,1823.1208456034933
2013-11-20 00:00:00,1825.372104914374
2013-11-21 00:00:00,1828.0396691075514
2013-11-22 00:00:00,1830.6744778508569
2013-11-24 00:00:00,1835.776737925364
2013-11-25 00:00:00,1838.2146157843517
2013-11-26 00:00:00,1840.565785802905
2013-11-27 00:00:00,1845.2488915376607
2013-11-28 00:00:00,1850.1016906725831
2013-11-29 00:00:00,1854.1640809039122
2013-12-01 00:00:00,1860.8312562489757
2013-12-02 00:00:00,1864.2225543708378
2013-12-03 00:00:00,1867.6563992841177
2013-12-04 00:00:00,1871.121999958409
2013-12-05 00:00:00,1874.5971568910827
2013-12-06 00:00:00,1878.0518289945473
2013-12-08 00:00:00,1884.7776803628599
2013-12-09 00:00:00,1888.0067936233743
2013-12-10 00:00:00,1891.139961624435
2013-12-11 00:00:00,1894.1891294167274
2013-12-12 00:00:00,1897.1763293921988
2013-12-13 00:00:00,1900.1285288564277
2013-12-15 00:00:00,1906.0271021608487
2013-12-16 00:00:00,1909.0046816834354
2013-12-17 00:00:00,1912.0037138674177
2013-12-18 00:00:00,1915.0111391926846
2013-12-19 00:00:00,1918.0034101862225
2013-12-20 00:00:00,1920.9497284946826
2013-12-22 00:00:00,1926.5729483269658
2013-12-23 00:00:00,1929.1955282431086
2013-12-24 00:00:00,1931.6729433268283
2013-12-26 00:00:00,1935.6234037863524
2013-12-27 00:00:00,1936.8292000368647
2013-12-29 00:00:00,1939.138485063754
2013-12-30 00:00:00,1940.312788082207
2013-12-31 00:00:00,1941.528109649203
2014-01-01 00:00:00,1942.7825648526098
2014-01-02 00:00:00,1944.0549121385084
2014-01-03 00:00:00,1945.3100503438263
2014-01-05 00:00:00,1941.5764101415223
2014-01-06 00:00:00,1939.0337437981966
2014-01-07 00:00:00,1936.3815934700137
2014-01-08 00:00:00,1934.0466559670924
2014-01-09 00:00:00,1935.7733864863255
2014-01-10 00:00:00,1937.5388347140256
2014-01-12 00:00:00,1941.3352680467578
2014-01-13 00:00:00,1943.4151877695024
2014-01-14 00:00:00,1945.6235228605974
2014-01-15 00:00:00,1947.944923815443
2014-01-16 00:00:00,1950.3494112740443
2014-01-17 00:00:00,1952.7965798345458
2014-01-19 00:00:00,1957.6402781773372
2014-01-20 00:00:00,1959.957902435618
2014-01-21 00:00:00,1962.1713876465578
2014-01-22 00:00:00,1964.2734311579572
2014-01-23 00:00:00,1966.2724094136527
2014-01-24 00:00:00,1968.1896540170044
2014-01-26 00:00:00,1971.893601482752
2014-01-27 00:00:00,1973.727726028758
2014-01-28 00:00:00,1975.557539922711
2014-01-29 00:00:00,1977.3608769415341
2014-01-30 00:00:00,1979.0914987737472
2014-01-31 00:00:00,1980.6842880873246
2014-02-02 00:00:00,1983.168534058434
2014-02-03 00:00:00,1983.938658446715
2014-02-04 00:00:00,1984.3460957265086
2014-02-05 00:00:00,1984.3838016795148
2014-02-06 00:00:00,1984.0646381589372
2014-02-07 00:00:00,1983.415306416462
2014-02-09 00:00:00,1981.2627652565625
2014-02-10 00:00:00,1979.826783594539
2014-02-11 00:00:00,1978.188718333709
2014-02-12 00:00:00,1976.3703609413644
2014-02-13 00:00:00,1974.3899314448183
2014-02-14 00:00:00,1972.2649609571642
2014-02-16 00:00:00,1967.6686510821353
2014-02-17 00:00:00,1965.2586802937883
2014-02-18 00:00:00,1962.8307585198866
2014-02-19 00:00:00,1960.4395275189465
2014-02-20 00:00:00,1958.1474734537228
2014-02-21 00:00:00,1956.0213916660261
2014-02-23 00:00:00,1952.5243306804311
2014-02-24 00:00:00,1951.2579541844345
2014-02-25 00:00:00,1950.354424499512
2014-02-26 00:00:00,1949.8172822799245
2014-02-27 00:00:00,1949.6279361243796
2014-02-28 00:00:00,1949.750346703868
2014-03-02 00:00:00,1950.7520042211866
2014-03-03 00:00:00,1951.5530958558825
2014-03-04 00:00:00,1952.523390571775
2014-03-05 00:00:00,1953.6589032885374
2014-03-06 00:00:00,1954.9684482972984
2014-03-07 00:00:00,1956.468585056298
2014-03-09 00:00:00,1960.111115874195
2014-03-10 00:00:00,1962.2760739521607
2014-03-11 00:00:00,1964.6703500420883
2014-03-12 00:00:00,1967.2813837072786
2014-03-13 00:00:00,1970.087780849936
2014-03-14 00:00:00,1973.06215842684
2014-03-16 00:00:00,1979.3979324366949
2014-03-17 00:00:00,1982.7086427308254
2014-03-18 00:00:00,1986.0921946964227
2014-03-19 00:00:00,1989.5431058964489
2014-03-20 00:00:00,1993.065137425132
2014-03-21 00:00:00,1996.6697112772204
2014-03-23 00:00:00,2004.1920472212776
2014-03-24 00:00:00,2008.1406779474416
2014-03-25 00:00:00,2012.2258987219368
2014-03-26 00:00:00,2016.445841894899
2014-03-27 00:00:00,2020.7898069036466
2014-03-28 00:00:00,2025.240571795253
2014-03-30 00:00:00,2034.3837603956808
2014-03-31 01:00:00,2039.2393827018545
2014-04-01 01:00:00,2043.9491141032474
2014-04-02 01:00:00,2048.7063755706795
2014-04-03 01:00:00,2053.516384086014
2014-04-04 01:00:00,2058.3870990037854
2014-04-06 01:00:00,2068.3412804114487
2014-04-07 01:00:00,2073.4337183651737
2014-04-08 01:00:00,2078.602808430553
2014-04-09 01:00:00,2083.8436956149444
2014-04-10 01:00:00,2089.148819731672
2014-04-11 01:00:00,2094.509301402445
2014-04-13 01:00:00,2105.362838152099
2014-04-14 01:00:00,2110.8434811827933
2014-04-15 01:00:00,2116.637758582554
2014-04-16 01:00:00,2125.886439888085
2014-04-17 01:00:00,2132.5382369488275
2014-04-20 01:00:00,2146.945074827543
2014-04-21 01:00:00,2151.822976029398
2014-04-22 01:00:00,2156.7295790421263
2014-04-23 01:00:00,2159.8198340039985
2014-04-24 01:00:00,2160.0
2014-04-25 01:00:00,2160.0
2014-04-27 01:00:00,2160.0
2014-04-28 01:00:00,2160.0
2014-04-29 01:00:00,2160.0
2014-04-30 01:00:00,2160.0
2014-05-01 01:00:00,2160.0
2014-05-02 01:00:00,2160.0
2014-05-04 01:00:00,2155.597642791237
2014-05-05 01:00:00,2151.293367152574
2014-05-06 01:00:00,2147.047222241374
2014-05-07 01:00:00,2142.8682904422726
2014-05-08 01:00:00,2138.7649462900404
2014-05-09 01:00:00,2134.7447558800213
2014-05-11 01:00:00,2126.979801626538
2014-05-12 01:00:00,2121.5989960032175
2014-05-13 01:00:00,2115.4750357424755
2014-05-14 01:00:00,2109.4835589619433
2014-05-15 01:00:00,2103.627513547709
2014-05-16 01:00:00,2098.0151265229606
2014-05-18 01:00:00,2091.4368548867956
2014-05-19 01:00:00,2088.3673987723723
2014-05-20 01:00:00,2085.446495198344
2014-05-21 01:00:00,2082.6756840349294
2014-05-22 01:00:00,2080.056545688957
2014-05-23 01:00:00,2077.590741391794
2014-05-25 01:00:00,2073.1263342252323
2014-05-26 01:00:00,2071.1316404314557
2014-05-27 01:00:00,2069.2980927623967
2014-05-28 01:00:00,2065.969427625348
2014-05-29 01:00:00,2061.963549830002
2014-05-30 01:00:00,2058.073064805204
2014-06-01 01:00:00,2050.7302923081866
2014-06-02 01:00:00,2047.3329986350504
2014-06-03 01:00:00,2044.1521760338574
2014-06-04 01:00:00,2041.2045197687082
2014-06-05 01:00:00,2038.4960144485526
2014-06-06 01:00:00,2036.020556049525
2014-06-08 01:00:00,2031.6886827122453
2014-06-09 01:00:00,2029.772999878162
2014-06-10 01:00:00,2027.9808319595054
2014-06-11 01:00:00,2026.2848051434605
2014-06-12 01:00:00,2024.6675621895977
2014-06-13 01:00:00,2023.1247909348306
2014-06-15 01:00:00,2015.6664091182618
2014-06-16 01:00:00,2011.9611538487384
2014-06-17 01:00:00,2008.3938393578565
2014-06-18 01:00:00,2004.9658376276739
2014-06-19 01:00:00,2001.6604367837822
2014-06-20 01:00:00,1998.4429014117827
2014-06-22 01:00:00,1992.0694255734268
2014-06-23 01:00:00,1988.802757587366
2014-06-24 01:00:00,1985.4177561428492
2014-06-25 01:00:00,1981.8812835877463
2014-06-26 01:00:00,1977.709710012362
2014-06-27 01:00:00,1973.143039354859
2014-06-29 01:00:00,1963.5251757853855
2014-06-30 01:00:00,1958.5252990989186
2014-07-01 01:00:00,1953.4325136522782
2014-07-02 01:00:00,1948.264251968657
2014-07-03 01:00:00,1943.026211356179
2014-07-04 01:00:00,1937.7104525007867
2014-07-06 01:00:00,1926.7508246935138
2014-07-07 01:00:00,1921.038313816099
2014-07-08 01:00:00,1915.1220591146061
2014-07-09 01:00:00,1908.973687233929
2014-07-10 01:00:00,1902.5791181745738
2014-07-11 01:00:00,1895.9428283193413
2014-07-13 01:00:00,1882.053879028262
2014-07-14 01:00:00,1874.9276137329643
2014-07-15 01:00:00,1868.8859931866107
2014-07-16 01:00:00,1862.702505636586
2014-07-17 01:00:00,1856.3793756856019
2014-07-18 01:00:00,1849.9190899403281
2014-07-20 01:00:00,1836.598709934907
2014-07-21 01:00:00,1829.745557629807
2014-07-22 01:00:00,1822.7693317689789
2014-07-23 01:00:00,1815.6750694465534
2014-07-24 01:00:00,1808.468612607105
2014-07-25 01:00:00,1801.1566826303945
2014-07-27 01:00:00,1786.2478968413864
2014-07-28 01:00:00,1778.669039288961
2014-07-29 01:00:00,1771.0205477318925
2014-07-30 01:00:00,1763.3132251802729
2014-07-31 01:00:00,1755.5582769561338
2014-08-01 01:00:00,1747.7670764506147
2014-08-03 01:00:00,1732.9785064012121
2014-08-04 01:00:00,1728.8705132628274
2014-08-05 01:00:00,1724.7739024758162
2014-08-06 01:00:00,1720.6885402932912
2014-08-07 01:00:00,1716.614282655777
2014-08-08 01:00:00,1712.5509766952357
2014-08-10 01:00:00,1704.4565897479881
2014-08-11 01:00:00,1700.4252059402493
2014-08-12 01:00:00,1696.4041853795575
2014-08-13 01:00:00,1692.3934253637078
2014-08-14 01:00:00,1688.392850387553
2014-08-15 01:00:00,1684.4024099589158
2014-08-17 01:00:00,1676.451824231392
2014-08-18 01:00:00,1672.4916537530094
2014-08-19 01:00:00,1670.2008441802348
2014-08-20 01:00:00,1668.2825347019764
2014-08-21 01:00:00,1666.376633454405
2014-08-22 01:00:00,1664.4831593273946
2014-08-24 01:00:00,1660.7335544891102
2014-08-25 01:00:00,1658.8774466631892
2014-08-26 01:00:00,1657.2950622372664
2014-08-27 01:00:00,1656.5974948052474
2014-08-28 01:00:00,1655.9148793993706
2014-08-29 01:00:00,1655.2471577460728
2014-08-31 01:00:00,1653.9561262950474
2014-09-01 01:00:00,1653.3326631088316
2014-09-02 01:00:00,1652.7237867725626
2014-09-03 01:00:00,1652.129402025853
2014-09-04 01:00:00,1651.5494073286468
2014-09-05 01:00:00,1650.9836969832804
2014-09-07 01:00:00,1649.894710045784
2014-09-08 01:00:00,1649.3712450147143
2014-09-09 01:00:00,1648.8617016265528
2014-09-10 01:00:00,1648.3660372818351
2014-09-11 01:00:00,1647.884236495631
2014-09-12 01:00:00,1647.416308486529
2014-09-14 01:00:00,1644.7115600178258
2014-09-15 01:00:00,1641.7637870236165
2014-09-16 01:00:00,1638.8872631737854
2014-09-17 01:00:00,1636.7948127732623
2014-09-18 01:00:00,1636.3923858618032
2014-09-19 01:00:00,1636.0373072410607
2014-09-21 01:00:00,1635.4236311986124
2014-09-22 01:00:00,1635.1362110067682
2014-09-23 01:00:00,1634.84379841023
2014-09-24 01:00:00,1634.5372023354207
2014-09-25 01:00:00,1634.212256628
2014-09-26 01:00:00,1633.8701280147347
2014-09-28 01:00:00,1633.1614840597838
2014-09-29 01:00:00,1632.815270793473
2014-09-30 01:00:00,1632.488471018978
2014-10-01 01:00:00,1632.1888898707007
2014-10-02 01:00:00,1631.920362779785
2014-10-03 01:00:00,1631.682264012354
2014-10-05 01:00:00,1631.277044228061
2014-10-06 01:00:00,1631.0961420691528
2014-10-07 01:00:00,1630.9221398116229
2014-10-08 01:00:00,1630.75271166176
2014-10-09 01:00:00,1630.5886557349395
2014-10-10 01:00:00,1630.4330939566505
2014-10-12 01:00:00,1628.4287290168243
2014-10-13 01:00:00,1625.7384863296663
2014-10-14 01:00:00,1623.0655021446103
2014-10-15 01:00:00,1620.4076807456438
2014-10-16 01:00:00,1619.6969736908443
2014-10-17 01:00:00,1619.5578711975604
2014-10-19 01:00:00,1625.536976188639
2014-10-20 01:00:00,1630.0035235081948
2014-10-21 01:00:00,1635.0920384675176
2014-10-22 01:00:00,1640.6316815671112
2014-10-23 01:00:00,1645.5254539159096
2014-10-24 01:00:00,1649.726126929206
2014-10-26 01:00:00,1655.971154471095
2014-10-27 00:00:00,1657.9516417636034
2014-10-28 00:00:00,1659.3430495455805
2014-10-29 00:00:00,1660.0779811661946
2014-10-30 00:00:00,1660.196863339444
2014-10-31 00:00:00,1659.7478114931662
2014-11-02 00:00:00,1660.9884348176565
2014-11-03 00:00:00,1661.345412130533
2014-11-04 00:00:00,1661.5586817932688
2014-11-05 00:00:00,1661.6862576612739
2014-11-06 00:00:00,1661.7781735193812
2014-11-07 00:00:00,1661.8696880112589
2014-11-09 00:00:00,1662.098709856355
2014-11-10 00:00:00,1662.2153981642077
2014-11-11 00:00:00,1662.2992724064163
2014-11-12 00:00:00,1662.3199524511133
2014-11-13 00:00:00,1662.2526076860813
2014-11-14 00:00:00,1664.26615110354
2014-11-16 00:00:00,1668.2016209987053
2014-11-17 00:00:00,1670.091065242102
2014-11-18 00:00:00,1671.9874422889168
2014-11-19 00:00:00,1673.9415078735078
2014-11-20 00:00:00,1675.9995396193608
2014-11-21 00:00:00,1678.1949824152182
2014-11-23 00:00:00,1683.0276329901114
2014-11-24 00:00:00,1685.6186497622114
2014-11-25 00:00:00,1688.2599344830292
2014-11-26 00:00:00,1690.888528138004
2014-11-27 00:00:00,1696.06457830815
2014-11-28 00:00:00,1701.4390818812885
2014-11-30 00:00:00,1711.8522088793493
2014-12-01 00:00:00,1716.9675139606188
2014-12-02 00:00:00,1722.1086904917042
2014-12-03 00:00:00,1727.3469106748023
2014-12-04 00:00:00,1732.740325995313
2014-12-05 00:00:00,1738.32233543358
2014-12-07 00:00:00,1750.0298959845184
2014-12-08 00:00:00,1756.0720611560387
2014-12-09 00:00:00,1762.152298060732
2014-12-10 00:00:00,1768.1989328383893
2014-12-11 00:00:00,1774.1507335696824
2014-12-12 00:00:00,1779.9674837975367
2014-12-14 00:00:00,1791.1758866702896
2014-12-15 00:00:00,1796.629305028438
2014-12-16 00:00:00,1802.0613104784943
2014-12-17 00:00:00,1807.5456444096783
2014-12-18 00:00:00,1813.1528300771818
2014-12-19 00:00:00,1818.9369732390553
2014-12-21 00:00:00,1831.1044944063933
2014-12-22 00:00:00,1837.4317012254594
2014-12-23 00:00:00,1843.8297888694276
2014-12-24 00:00:00,1850.2088783162042
2014-12-25 00:00:00,1856.4857600937905
2014-12-26 00:00:00,1862.6041212064301
2014-12-28 00:00:00,1874.3480637963694
2014-12-29 00:00:00,1880.0691675288151
2014-12-30 00:00:00,1885.7998777565558
2014-12-31 00:00:00,1891.6305482093003
2015-01-01 00:00:00,1897.6351545572873
2015-01-02 00:00:00,1903.535719551581
2015-01-04 00:00:00,1913.169213288852
2015-01-05 00:00:00,1918.2022512968288
2015-01-06 00:00:00,1923.2779708214746
2015-01-07 00:00:00,1928.311802000629
2015-01-08 00:00:00,1933.22972118813
2015-01-09 00:00:00,1937.9800846927483
2015-01-11 00:00:00,1946.924508155606
2015-01-12 00:00:00,1951.1712719637412
2015-01-13 00:00:00,1955.346680317786
2015-01-14 00:00:00,1959.5287938259157
2015-01-15 00:00:00,1963.7955005976944
2015-01-16 00:00:00,1968.2103467085853
2015-01-18 00:00:00,1977.5926130950897
2015-01-19 00:00:00,1982.5202902027218
2015-01-20 00:00:00,1986.3236615778396
2015-01-21 00:00:00,1988.3005061689137
2015-01-22 00:00:00,1990.074080435208
2015-01-23 00:00:00,1991.765940088395
2015-01-25 00:00:00,1994.8846404291262
2015-01-26 00:00:00,1996.3530204120302
2015-01-27 00:00:00,1997.8114061407955
2015-01-28 00:00:00,1999.3018792940456
2015-01-29 00:00:00,2000.8591375794408
2015-01-30 00:00:00,2002.504087015922
2015-02-01 00:00:00,2006.056361736626
2015-02-02 00:00:00,2007.9251052849968
2015-02-03 00:00:00,2009.8130375078094
2015-02-04 00:00:00,2011.6845102791979
2015-02-05 00:00:00,2013.5080417838437
2015-02-06 00:00:00,2015.2610569318676
2015-02-08 00:00:00,2018.525991617437
2015-02-09 00:00:00,2020.05487879129
2015-02-10 00:00:00,2021.5438499851164
2015-02-11 00:00:00,2023.0229497592686
2015-02-12 00:00:00,2024.5230653828874
2015-02-13 00:00:00,2026.0705365548934
2015-02-15 00:00:00,2029.3612590235962
2015-02-16 00:00:00,2031.0969968709376
2015-02-17 00:00:00,2032.8657361966455
2015-02-18 00:00:00,2034.6364409931225
2015-02-19 00:00:00,2036.3781304834024
2015-02-20 00:00:00,2038.0673852003592
2015-02-22 00:00:00,2041.2625607763503
2015-02-23 00:00:00,2043.5151109677956
2015-02-24 00:00:00,2045.9527306649784
2015-02-25 00:00:00,2048.402593876026
2015-02-26 00:00:00,2050.8875103215832
2015-02-27 00:00:00,2053.421712416346
2015-03-01 00:00:00,2058.6427703961745
2015-03-02 00:00:00,2059.1142556936784
2015-03-03 00:00:00,2056.521655923662
2015-03-04 00:00:00,2053.877844480846
2015-03-05 00:00:00,2051.703665795163
2015-03-06 00:00:00,2049.9314084170637
2015-03-08 00:00:00,2045.882663458692
2015-03-09 00:00:00,2043.853183407221
2015-03-10 00:00:00,2041.8081346329614
2015-03-11 00:00:00,2039.7343816364494
2015-03-12 00:00:00,2038.0887508363815
2015-03-13 00:00:00,2037.3243307581643
2015-03-15 00:00:00,2035.6083743433448
2015-03-16 00:00:00,2034.6606116051407
2015-03-17 00:00:00,2033.6640345886615
2015-03-18 00:00:00,2032.6303349592272
2015-03-19 00:00:00,2031.570500879972
2015-03-20 00:00:00,2030.4922190504055
2015-03-22 00:00:00,2028.286267081532
2015-03-23 00:00:00,2027.1503391871697
2015-03-24 00:00:00,2025.9828619744637
2015-03-25 00:00:00,2024.7768240767048
2015-03-26 00:00:00,2023.5274005274348
2015-03-27 00:00:00,2022.2326961929125
2015-03-29 00:00:00,2019.5124968087573
2015-03-30 01:00:00,2018.0324098962178
2015-03-31 01:00:00,2016.5751211820038
2015-04-01 01:00:00,2015.0828679515012
2015-04-02 01:00:00,2013.5549071223265
2015-04-05 01:00:00,2008.7299120556572
2015-04-06 01:00:00,2003.8905977388363
2015-04-07 01:00:00,1998.101354762457
2015-04-08 01:00:00,1992.2223598293876
2015-04-09 01:00:00,1988.3919178300298
2015-04-10 01:00:00,1986.3964786885088
2015-04-12 01:00:00,1982.4101078033318
2015-04-13 01:00:00,1980.4494866172467
2015-04-14 01:00:00,1978.519169608565
2015-04-15 01:00:00,1976.6143080881673
2015-04-16 01:00:00,1972.626007755051
2015-04-17 01:00:00,1968.310859694151
2015-04-19 01:00:00,1959.6355310524582
2015-04-20 01:00:00,1955.2811127309155
2015-04-21 01:00:00,1950.9422618210517
2015-04-22 01:00:00,1946.6541763787263
2015-04-23 01:00:00,1942.655810703098
2015-04-24 01:00:00,1940.915588966503
2015-04-26 01:00:00,1937.6514316940063
2015-04-27 01:00:00,1936.1382113509674
2015-04-28 01:00:00,1934.687513290072
2015-04-29 01:00:00,1933.271546464585
2015-04-30 01:00:00,1931.8553362558541
2015-05-01 01:00:00,1930.4024217441604
2015-05-03 01:00:00,1927.269272903197
2015-05-04 01:00:00,1923.7575134680735
2015-05-05 01:00:00,1919.4791783986602
2015-05-06 01:00:00,1915.2919535262295
2015-05-07 01:00:00,1911.2396020715835
2015-05-08 01:00:00,1907.372759690053
2015-05-10 01:00:00,1900.3760444973059
2015-05-11 01:00:00,1897.2963378832005
2015-05-12 01:00:00,1894.4890373965195
2015-05-13 01:00:00,1891.9177405570874
2015-05-14 01:00:00,1889.5282221732684
2015-05-15 01:00:00,1887.2601062057586
2015-05-17 01:00:00,1880.0854791984389
2015-05-18 01:00:00,1876.397643482396
2015-05-19 01:00:00,1872.763503806626
2015-05-20 01:00:00,1869.2282331247359
2015-05-21 01:00:00,1865.848645658474
2015-05-22 01:00:00,1862.6800346195332
2015-05-24 01:00:00,1857.1179582896661
2015-05-25 01:00:00,1854.7330345216417
2015-05-26 01:00:00,1852.571936475215
2015-05-27 01:00:00,1850.5749492368466
2015-05-28 01:00:00,1850.145979686507
2015-05-29 01:00:00,1850.712803484866
2015-05-31 01:00:00,1851.6814522015954
2015-06-01 01:00:00,1851.9528454140418
2015-06-02 01:00:00,1852.0392636654578
2015-06-03 01:00:00,1851.9442188205803
2015-06-04 01:00:00,1851.6948415691727
2015-06-05 01:00:00,1851.3314686228437
2015-06-07 01:00:00,1850.4045377111968
2015-06-08 01:00:00,1849.8604864617485
2015-06-09 01:00:00,1849.2237703373464
2015-06-10 01:00:00,1848.426319504859
2015-06-11 01:00:00,1847.3799455105977
2015-06-12 01:00:00,1845.9926207397455
2015-06-14 01:00:00,1841.9118920685135
2015-06-15 01:00:00,1839.158847685646
2015-06-16 01:00:00,1835.9555257448853
2015-06-17 01:00:00,1832.3623492158686
2015-06-18 01:00:00,1828.4585030416429
2015-06-19 01:00:00,1824.3258247605238
2015-06-21 01:00:00,1815.626524758546
2015-06-22 01:00:00,1811.1193756159269
2015-06-23 01:00:00,1806.4955511380317
2015-06-24 01:00:00,1801.7121146937325
2015-06-25 01:00:00,1796.7082401366465
2015-06-26 01:00:00,1791.4162692872308
2015-06-28 01:00:00,1779.7352931582648
2015-06-29 01:00:00,1773.2815365153633
2015-06-30 01:00:00,1766.4252634062918
2015-07-01 01:00:00,1759.2112638465696
2015-07-02 01:00:00,1752.3801204757065
2015-07-03 01:00:00,1745.5996518657246
2015-07-05 01:00:00,1731.6061751677976
2015-07-06 01:00:00,1724.4759985737455
2015-07-07 01:00:00,1717.2504700980296
2015-07-08 01:00:00,1709.8800083491963
2015-07-09 01:00:00,1702.2923361650055
2015-07-10 01:00:00,1694.410151189046
2015-07-12 01:00:00,1677.5358307754386
2015-07-13 01:00:00,1668.5109719869452
2015-07-14 01:00:00,1659.135413409235
2015-07-15 01:00:00,1649.4804035124105
2015-07-16 01:00:00,1639.635621274537
2015-07-17 01:00:00,1632.1803795888468
2015-07-19 01:00:00,1618.142258772317
2015-07-20 01:00:00,1611.259439235837
2015-07-21 01:00:00,1604.4687154699634
2015-07-22 01:00:00,1597.7385529727621
2015-07-23 01:00:00,1591.0191531133569
2015-07-24 01:00:00,1584.251979726844
2015-07-26 01:00:00,1570.361083668918
2015-07-27 01:00:00,1563.1716024249417
2015-07-28 01:00:00,1555.8176220908238
2015-07-29 01:00:00,1548.333031013878
2015-07-30 01:00:00,1540.7750622237327
2015-07-31 01:00:00,1533.213653210712
2015-08-02 01:00:00,1518.336642894008
2015-08-03 01:00:00,1511.0958891097473
2015-08-04 01:00:00,1503.9852551265499
2015-08-05 01:00:00,1497.159937041564
2015-08-06 01:00:00,1491.4575742011841
2015-08-07 01:00:00,1487.8234667198483
2015-08-09 01:00:00,1490.84672998775
2015-08-10 01:00:00,1492.5804068797086
2015-08-11 01:00:00,1494.2054448814854
2015-08-12 01:00:00,1495.7554090776866
2015-08-13 01:00:00,1497.2755183091172
2015-08-14 01:00:00,1498.8122695006618
2015-08-16 01:00:00,1502.0737193901819
2015-08-17 01:00:00,1503.8256979737191
2015-08-18 01:00:00,1505.6446687187354
2015-08-19 01:00:00,1507.498432838584
2015-08-20 01:00:00,1509.3425429187203
2015-08-21 01:00:00,1511.1266033136196
2015-08-23 01:00:00,1514.32577796908
2015-08-24 01:00:00,1515.672828365249
2015-08-25 01:00:00,1516.8333417850313
2015-08-26 01:00:00,1517.81650153916
2015-08-27 01:00:00,1518.6467220490265
2015-08-28 01:00:00,1519.357114299365
2015-08-30 01:00:00,1524.1021439716385
2015-08-31 01:00:00,1526.9398201116965
2015-09-01 01:00:00,1529.604833381367
2015-09-02 01:00:00,1533.4771738362551
2015-09-03 01:00:00,1537.313645425047
2015-09-04 01:00:00,1540.8277146669338
2015-09-06 01:00:00,1546.8024612419142
2015-09-07 01:00:00,1549.2337472994732
2015-09-08 01:00:00,1551.284039843794
2015-09-09 01:00:00,1552.9503906992984
2015-09-10 01:00:00,1554.230783703504
2015-09-11 01:00:00,1555.1216696917843
2015-09-13 01:00:00,1555.7022091631231
2015-09-14 01:00:00,1555.3637128474472
2015-09-15 01:00:00,1554.579691197021
2015-09-16 01:00:00,1553.3261662226716
2015-09-17 01:00:00,1551.57769813584
2015-09-18 01:00:00,1549.3093370636761
2015-09-20 01:00:00,1543.1277591291382
2015-09-21 01:00:00,1539.1849652115172
2015-09-22 01:00:00,1534.6663700019838
2015-09-23 01:00:00,1529.576986674824
2015-09-24 01:00:00,1523.931764258998
2015-09-25 01:00:00,1517.7566714563357
2015-09-27 01:00:00,1503.9838290020227
2015-09-28 01:00:00,1496.505520351643
2015-09-29 01:00:00,1488.7388296783236
2015-09-30 01:00:00,1480.7836374106043
2015-10-01 01:00:00,1472.7539239939676
2015-10-02 01:00:00,1464.7735339077813
2015-10-04 01:00:00,1449.4674414952435
2015-10-05 01:00:00,1442.37866530898
2015-10-06 01:00:00,1435.7993576436427
2015-10-07 01:00:00,1429.8033595810834
2015-10-08 01:00:00,1424.4405880152021
2015-10-09 01:00:00,1419.9173350507194
2015-10-11 01:00:00,1412.3088535825952
2015-10-12 01:00:00,1409.5431361790259
2015-10-13 01:00:00,1407.3643286610472
2015-10-14 01:00:00,1405.7313094261822
2015-10-15 01:00:00,1404.6017686036787
2015-10-16 01:00:00,1403.9347417329584
2015-10-18 01:00:00,1403.9223743522516
2015-10-19 01:00:00,1405.2744512724144
2015-10-20 01:00:00,1406.9445034729526
2015-10-21 01:00:00,1408.8928083109777
2015-10-22 01:00:00,1411.0747692414855
2015-10-23 01:00:00,1413.4409859131058
2015-10-25 01:00:00,1418.5188709420927
2015-10-26 00:00:00,1421.1200795748675
2015-10-27 00:00:00,1422.0787869596604
2015-10-28 00:00:00,1423.0075774464785
2015-10-29 00:00:00,1423.909100569447
2015-10-30 00:00:00,1424.7972712523529
2015-11-01 00:00:00,1426.6155844027694
2015-11-02 00:00:00,1427.5821019203509
2015-11-03 00:00:00,1428.5982522811187
2015-11-04 00:00:00,1430.4962911567497
2015-11-05 00:00:00,1432.4879840353587
2015-11-06 00:00:00,1434.4980951812145
2015-11-08 00:00:00,1438.4630569331218
2015-11-09 00:00:00,1440.5350043391563
2015-11-10 00:00:00,1444.6567229299528
2015-11-11 00:00:00,1448.786390089616
2015-11-12 00:00:00,1452.9236506749658
2015-11-13 00:00:00,1457.4986680531665
2015-11-15 00:00:00,1468.8604923237458
2015-11-16 00:00:00,1474.495675727163
2015-11-17 00:00:00,1480.0665633499216
2015-11-18 00:00:00,1485.5632701511727
2015-11-19 00:00:00,1490.992392473557
2015-11-20 00:00:00,1496.3767492845104
2015-11-22 00:00:00,1507.1568174166232
2015-11-23 00:00:00,1512.6297498687275
2015-11-24 00:00:00,1518.0079104087542
2015-11-25 00:00:00,1521.3389740316084
2015-11-26 00:00:00,1527.0539005857847
2015-11-27 00:00:00,1533.4029567381042
2015-11-29 00:00:00,1546.089035180742
2015-11-30 00:00:00,1552.3556392412816
2015-12-01 00:00:00,1558.5439008074786
2015-12-02 00:00:00,1564.6538469121965
2015-12-03 00:00:00,1570.7018103088087
2015-12-04 00:00:00,1576.716883759551
2015-12-06 00:00:00,1588.795133534979
2015-12-07 00:00:00,1594.9279749792063
2015-12-08 00:00:00,1601.155390363674
2015-12-09 00:00:00,1607.4838235136547
2015-12-10 00:00:00,1613.902801526815
2015-12-11 00:00:00,1620.3855508520105
2015-12-13 00:00:00,1631.0744453007756
2015-12-14 00:00:00,1636.3160626340791
2015-12-15 00:00:00,1641.4587300659555
2015-12-16 00:00:00,1646.4828246633276
2015-12-17 00:00:00,1651.3880888471558
2015-12-18 00:00:00,1656.1927793549992
2015-12-20 00:00:00,1665.6307762467336
2015-12-21 00:00:00,1670.3301186479116
2015-12-22 00:00:00,1675.0407143470834
2015-12-23 00:00:00,1679.7543647045757
2015-12-24 00:00:00,1684.4379864138914
2015-12-27 00:00:00,1697.6911021181297
2015-12-28 00:00:00,1701.598027023725
2015-12-29 00:00:00,1705.1364824843527
2015-12-30 00:00:00,1708.2552803170804
2015-12-31 00:00:00,1710.9157338340249
2016-01-03 00:00:00,1715.8816350754714
2016-01-04 00:00:00,1716.4530093402689
2016-01-05 00:00:00,1716.4342041309628
2016-01-06 00:00:00,1715.787121541082
2016-01-07 00:00:00,1714.469754199025
2016-01-08 00:00:00,1712.4420127948501
2016-01-10 00:00:00,1708.0104891693156
2016-01-11 00:00:00,1706.0139794077318
2016-01-12 00:00:00,1703.365655928799
2016-01-13 00:00:00,1700.1779026323663
2016-01-14 00:00:00,1696.6054222193955
2016-01-15 00:00:00,1692.834977097289
2016-01-17 00:00:00,1685.5078561030327
2016-01-18 00:00:00,1682.3284019183272
2016-01-19 00:00:00,1679.6720246192037
2016-01-20 00:00:00,1677.634873776915
2016-01-21 00:00:00,1676.2668319604031
2016-01-22 00:00:00,1675.5767031790992
2016-01-24 00:00:00,1676.2206451152172
2016-01-25 00:00:00,1677.5037142138683
2016-01-26 00:00:00,1679.227749238364
2016-01-27 00:00:00,1681.3448651174974
2016-01-28 00:00:00,1683.8299228887697
2016-01-29 00:00:00,1686.6785691416303
2016-01-31 00:00:00,1693.8480727226242
2016-02-01 00:00:00,1698.0475295233698
2016-02-02 00:00:00,1702.6278870777292
2016-02-03 00:00:00,1707.5715471388153
2016-02-04 00:00:00,1712.8525263501
2016-02-05 00:00:00,1718.4362953401503
2016-02-07 00:00:00,1730.34423205079
2016-02-08 00:00:00,1736.5817391409996
2016-02-09 00:00:00,1742.9587321694066
2016-02-10 00:00:00,1749.4509272190573
2016-02-11 00:00:00,1756.0472083148043
2016-02-12 00:00:00,1762.7489902990972
2016-02-14 00:00:00,1776.5161016545526
2016-02-15 00:00:00,1783.6100867063026
2016-02-16 00:00:00,1790.8568638250053
2016-02-17 00:00:00,1798.2558648345773
2016-02-18 00:00:00,1805.7978755439553
2016-02-19 00:00:00,1813.46693418557
2016-02-21 00:00:00,1829.1084384763626
2016-02-22 00:00:00,1837.0454633350091
2016-02-23 00:00:00,1845.043892376596
2016-02-24 00:00:00,1853.0991056447951
2016-02-25 00:00:00,1861.212289636615
2016-02-26 00:00:00,1869.3892556980095
2016-02-28 00:00:00,1885.9703911564538
2016-02-29 00:00:00,1894.3930781651766
2016-03-01 00:00:00,1902.9132160669817
2016-03-02 00:00:00,1911.5338827891849
2016-03-03 00:00:00,1920.2545363641532
2016-03-04 00:00:00,1929.0715035794851
2016-03-06 00:00:00,1946.971471582132
2016-03-07 00:00:00,1956.0437005165195
2016-03-08 00:00:00,1965.1935018857928
2016-03-09 00:00:00,1974.4214700536652
2016-03-10 00:00:00,1983.7306981740421
2016-03-11 00:00:00,1993.125551515622
2016-03-13 00:00:00,2012.186649456115
2016-03-14 00:00:00,2021.8552263733968
2016-03-15 00:00:00,2031.6135141418285
2016-03-16 00:00:00,2039.06720556362
2016-03-17 00:00:00,2045.012979010301
2016-03-18 00:00:00,2050.057192648779
2016-03-20 00:00:00,2054.569554047236
2016-03-21 00:00:00,2056.8447033268085
2016-03-22 00:00:00,2059.1326847502905
2016-03-23 00:00:00,2061.4336578705265
2016-03-24 00:00:00,2063.7477968621624
2016-03-27 00:00:00,2066.6811725276434
2016-03-28 01:00:00,2066.3359349733123
2016-03-29 01:00:00,2066.022977593922
2016-03-30 01:00:00,2065.420593466298
2016-03-31 01:00:00,2062.6398536534316
2016-04-01 01:00:00,2060.6105041798583
2016-04-03 01:00:00,2063.096221068021
2016-04-04 01:00:00,2064.315012440249
2016-04-05 01:00:00,2065.479862977896
2016-04-06 01:00:00,2066.561992724728
2016-04-07 01:00:00,2067.5376354759633
2016-04-08 01:00:00,2068.3918332977228
2016-04-10 01:00:00,2069.72818529185
2016-04-11 01:00:00,2070.227141177158
2016-04-12 01:00:00,2070.629520532184
2016-04-13 01:00:00,2070.9435365510144
2016-04-14 01:00:00,2071.169331343882
2016-04-15 01:00:00,2071.297451983231
2016-04-17 01:00:00,2071.1812422788926
2016-04-18 01:00:00,2070.8851783038926
2016-04-19 01:00:00,2070.3955924715456
2016-04-20 01:00:00,2069.6916596143924
2016-04-21 01:00:00,2068.760452037205
2016-04-22 01:00:00,2067.5987945988677
2016-04-24 01:00:00,2067.3777494284045
2016-04-25 01:00:00,2067.95663260176
2016-04-26 01:00:00,2068.3811517347335
2016-04-27 01:00:00,2068.6788398968665
2016-04-28 01:00:00,2068.8721812793187
2016-04-29 01:00:00,2068.9746380482848
2016-05-01 01:00:00,2068.903246822689
2016-05-02 01:00:00,2068.7010958568376
2016-05-03 01:00:00,2068.3592079535747
2016-05-04 01:00:00,2067.8582547354517
2016-05-05 01:00:00,2067.1896869231755
2016-05-06 01:00:00,2066.3618282222883
2016-05-08 01:00:00,2064.3567398283435
2016-05-09 01:00:00,2063.2805100564683
2016-05-10 01:00:00,2062.231040299431
2016-05-11 01:00:00,2061.2577464909655
2016-05-12 01:00:00,2060.395485540343
2016-05-13 01:00:00,2059.6616780767513
2016-05-15 01:00:00,2062.941970974645
2016-05-16 01:00:00,2065.945595489476
2016-05-17 01:00:00,2068.9204378338763
2016-05-18 01:00:00,2071.838406205534
2016-05-19 01:00:00,2074.681964869551
2016-05-20 01:00:00,2077.4468105354467
2016-05-22 01:00:00,2082.791638016024
2016-05-23 01:00:00,2085.425405574524
2016-05-24 01:00:00,2088.079557238839
2016-05-25 01:00:00,2090.787731521191
2016-05-26 01:00:00,2090.6054153652876
2016-05-27 01:00:00,2090.32462120157
2016-05-29 01:00:00,2090.009270368458
2016-05-30 01:00:00,2089.9203693633617
2016-05-31 01:00:00,2089.8245844995026
2016-06-01 01:00:00,2089.6816819699598
2016-06-02 01:00:00,2089.4616899064836
2016-06-03 01:00:00,2089.152128852639
2016-06-05 01:00:00,2085.656923909674
2016-06-06 01:00:00,2082.5951768254936
2016-06-07 01:00:00,2079.563777886314
2016-06-08 01:00:00,2076.5976644204056
2016-06-09 01:00:00,2073.716585138746
2016-06-10 01:00:00,2069.936338983429
2016-06-12 01:00:00,2058.490015155124
2016-06-13 01:00:00,2052.6715537353457
2016-06-14 01:00:00,2046.7439117690394
2016-06-15 01:00:00,2040.6784761098154
2016-06-16 01:00:00,2034.4573497069377
2016-06-17 01:00:00,2028.0765163081958
2016-06-19 01:00:00,2014.8927175904266
2016-06-20 01:00:00,2008.1485543396311
2016-06-21 01:00:00,2000.0069926073656
2016-06-22 01:00:00,1990.0894211341501
2016-06-23 01:00:00,1980.0229788868896
2016-06-24 01:00:00,1969.8129882417247
2016-06-26 01:00:00,1948.9902468444573
2016-06-27 01:00:00,1938.395301182959
2016-06-28 01:00:00,1927.6926889580504
2016-06-29 01:00:00,1916.8956694180451
2016-06-30 01:00:00,1906.0192271461005
2016-07-01 01:00:00,1895.0799119861351
2016-07-03 01:00:00,1873.0850206944187
2016-07-04 01:00:00,1862.0675678382433
2016-07-05 01:00:00,1851.0626012925436
2016-07-06 01:00:00,1840.089101640424
2016-07-07 01:00:00,1829.1652172764652
2016-07-08 01:00:00,1818.3078996582344
2016-07-10 01:00:00,1796.8531926374294
2016-07-11 01:00:00,1786.2816547791892
2016-07-12 01:00:00,1775.8282756738854
2016-07-13 01:00:00,1765.5015997498263
2016-07-14 01:00:00,1755.3085554521717
2016-07-15 01:00:00,1745.2545983679345
2016-07-17 01:00:00,1725.7662674298572
2016-07-18 01:00:00,1717.5662975507323
2016-07-19 01:00:00,1709.457078083397
2016-07-20 01:00:00,1701.4386965651277
2016-07-21 01:00:00,1693.5109909658684
2016-07-22 01:00:00,1685.6736162671614
2016-07-24 01:00:00,1670.2679140966668
2016-07-25 01:00:00,1662.6984796875142
2016-07-26 01:00:00,1655.217243810561
2016-07-27 01:00:00,1647.8236897901663
2016-07-28 01:00:00,1640.5173653613485
2016-07-29 01:00:00,1633.29790173045
2016-07-31 01:00:00,1619.1185852209742
2016-08-01 01:00:00,1612.158530761465
2016-08-02 01:00:00,1605.2849512544701
2016-08-03 01:00:00,1598.4980681505829
2016-08-04 01:00:00,1591.798247260375
2016-08-05 01:00:00,1585.186009712052
2016-08-07 01:00:00,1572.2272267746534
2016-08-08 01:00:00,1565.8826286773897
2016-08-09 01:00:00,1559.825977378484
2016-08-10 01:00:00,1556.1135259020025
2016-08-11 01:00:00,1552.4546509635709
2016-08-12 01:00:00,1548.854092780084
2016-08-14 01:00:00,1541.8143241910416
2016-08-15 01:00:00,1538.3549324222668
2016-08-16 01:00:00,1534.917551885086
2016-08-17 01:00:00,1533.9877640501822
2016-08-18 01:00:00,1533.0699373406596
2016-08-19 01:00:00,1532.116115171572
2016-08-21 01:00:00,1530.1171598334463
2016-08-22 01:00:00,1529.1033772621604
2016-08-23 01:00:00,1528.662046847049
2016-08-24 01:00:00,1528.4466639904272
2016-08-25 01:00:00,1528.7114144563482
2016-08-26 01:00:00,1529.3218821071916
2016-08-28 01:00:00,1530.4314025858728
2016-08-29 01:00:00,1532.7057044865724
2016-08-30 01:00:00,1536.592464019412
2016-08-31 01:00:00,1540.9679815573359
2016-09-01 01:00:00,1545.348402726901
2016-09-02 01:00:00,1549.7365000316306
2016-09-04 01:00:00,1560.1780045037804
2016-09-05 01:00:00,1566.0764860072125
2016-09-06 01:00:00,1572.2067191286408
2016-09-07 01:00:00,1578.557042614034
2016-09-08 01:00:00,1585.1068417848862
2016-09-09 01:00:00,1591.8272731912502
2016-09-11 01:00:00,1605.6348657046958
2016-09-12 01:00:00,1612.6421145479774
2016-09-13 01:00:00,1619.665026984934
2016-09-14 01:00:00,1626.6661008524566
2016-09-15 01:00:00,1633.6102889670144
2016-09-16 01:00:00,1640.463889006874
2016-09-18 01:00:00,1653.7588660982153
2016-09-19 01:00:00,1658.3277191702239
2016-09-20 01:00:00,1661.93122005632
2016-09-21 01:00:00,1665.2423067234045
2016-09-22 01:00:00,1668.2223979289372
2016-09-23 01:00:00,1670.8441849848887
2016-09-25 01:00:00,1674.9885131760188
2016-09-26 01:00:00,1676.5450130471881
2016-09-27 01:00:00,1677.8065387229447
2016-09-28 01:00:00,1678.8215731394898
2016-09-29 01:00:00,1679.640219036844
2016-09-30 01:00:00,1680.3078023376058
2016-10-02 01:00:00,1681.3179529151098
2016-10-03 01:00:00,1681.6902318719506
2016-10-04 01:00:00,1681.9709970509127
2016-10-05 01:00:00,1682.145053893449
2016-10-06 01:00:00,1682.1929184030469
2016-10-07 01:00:00,1682.0973250276268
2016-10-09 01:00:00,1681.45624936251
2016-10-10 01:00:00,1680.9397528375857
2016-10-11 01:00:00,1680.3406001359779
2016-10-12 01:00:00,1681.6395722259363
2016-10-13 01:00:00,1684.0771764591784
2016-10-14 01:00:00,1686.608943523584
2016-10-16 01:00:00,1692.064511657833
2016-10-17 01:00:00,1694.9794465261616
2016-10-18 01:00:00,1697.9685868217468
2016-10-19 01:00:00,1700.9717331421994
2016-10-20 01:00:00,1703.9272208275283
2016-10-21 01:00:00,1704.245209307346
2016-10-23 01:00:00,1702.6661048922674
2016-10-24 01:00:00,1701.7753414244069
2016-10-25 01:00:00,1700.885453687471
2016-10-26 01:00:00,1700.0606925698487
2016-10-27 01:00:00,1699.3615467294128
2016-10-28 01:00:00,1698.8342593915484
2016-10-30 01:00:00,1698.3918326605956
2016-10-31 00:00:00,1700.5313925704936
2016-11-01 00:00:00,1702.8753713402336
2016-11-02 00:00:00,1705.2695964643308
2016-11-03 00:00:00,1707.64336412103
2016-11-04 00:00:00,1709.931919618464
2016-11-06 00:00:00,1714.0885078189622
2016-11-07 00:00:00,1715.9439654245753
2016-11-08 00:00:00,1717.693855237644
2016-11-09 00:00:00,1719.4029397268664
2016-11-10 00:00:00,1721.149540351093
2016-11-11 00:00:00,1723.010238539765
2016-11-13 00:00:00,1727.2725052606283
2016-11-14 00:00:00,1729.6819457706497
2016-11-15 00:00:00,1732.2148629974956
2016-11-16 00:00:00,1734.7882760362158
2016-11-17 00:00:00,1737.313415661044
2016-11-18 00:00:00,1739.718120506276
2016-11-20 00:00:00,1744.054004366669
2016-11-21 00:00:00,1746.0295069099197
2016-11-22 00:00:00,1747.9599615541572
2016-11-23 00:00:00,1749.9280093097473
2016-11-24 00:00:00,1752.620908190928
2016-11-25 00:00:00,1757.6128015544232
2016-11-27 00:00:00,1768.2107858751756
2016-11-28 00:00:00,1773.791113523554
2016-11-29 00:00:00,1779.4914878423579
2016-11-30 00:00:00,1785.234843742814
2016-12-01 00:00:00,1790.9370367021984
2016-12-02 00:00:00,1796.5204840726817
2016-12-04 00:00:00,1807.1282044802692
2016-12-05 00:00:00,1812.1303541965012
2016-12-06 00:00:00,1816.9747413978116
2016-12-07 00:00:00,1821.7309139430538
2016-12-08 00:00:00,1826.4846020083364
2016-12-09 00:00:00,1831.321350816817
2016-12-11 00:00:00,1841.4794468190378
2016-12-12 00:00:00,1846.8245335120682
2016-12-13 00:00:00,1852.2918947443395
2016-12-14 00:00:00,1857.8001626424048
2016-12-15 00:00:00,1863.2585493556223
2016-12-16 00:00:00,1868.5897668868274
2016-12-18 00:00:00,1878.7264200088289
2016-12-19 00:00:00,1883.5577741605957
2016-12-20 00:00:00,1888.3028224366947
2016-12-21 00:00:00,1893.0374884522553
2016-12-22 00:00:00,1897.8376258301382
2016-12-23 00:00:00,1902.7654913099436
2016-12-26 00:00:00,1918.551609786007
2016-12-27 00:00:00,1923.162642917322
2016-12-28 00:00:00,1926.5812543575048
2016-12-29 00:00:00,1929.9898221043918
2016-12-30 00:00:00,1933.3544471956432
2017-01-02 00:00:00,1942.9905486052446
2017-01-03 00:00:00,1946.0535597891346
2017-01-04 00:00:00,1949.0772333138862
2017-01-05 00:00:00,1952.095494893389
2017-01-06 00:00:00,1955.1423837221898
2017-01-08 00:00:00,1960.399926274948
2017-01-09 00:00:00,1961.3789765860988
2017-01-10 00:00:00,1962.3728329447422
2017-01-11 00:00:00,1963.3815775203545
2017-01-12 00:00:00,1964.405302737481
2017-01-13 00:00:00,1965.4441124001828
2017-01-15 00:00:00,1967.5674503415348
2017-01-16 00:00:00,1968.6522276622559
2017-01-17 00:00:00,1969.7525804645602
2017-01-18 00:00:00,1970.8686343913996
2017-01-19 00:00:00,1972.0005109930376
2017-01-20 00:00:00,1973.148326450802
2017-01-22 00:00:00,1975.492207911393
2017-01-23 00:00:00,1976.6884743768524
2017-01-24 00:00:00,1977.9010798293218
2017-01-25 00:00:00,1979.130105877683
2017-01-26 00:00:00,1980.3756252370022
2017-01-27 00:00:00,1981.6377005527356
2017-01-29 00:00:00,1984.2117117303974
2017-01-30 00:00:00,1985.5237117730362
2017-01-31 00:00:00,1986.8523950314673
2017-02-01 00:00:00,1988.1977601073193
2017-02-02 00:00:00,1989.5597936271915
2017-02-03 00:00:00,1990.9384721117717
2017-02-05 00:00:00,1993.7456341277393
2017-02-06 00:00:00,1995.174043130065
2017-02-07 00:00:00,1996.6189538458223
2017-02-08 00:00:00,1998.0803321683713
2017-02-09 00:00:00,1999.5581493383354
2017-02-10 00:00:00,2001.052382809192
2017-02-12 00:00:00,2004.0900354161415
2017-02-13 00:00:00,2005.6334301183533
2017-02-14 00:00:00,2007.1931864044873
2017-02-15 00:00:00,2008.769285969707
2017-02-16 00:00:00,2010.361703301178
2017-02-17 00:00:00,2011.9704039853857
2017-02-19 00:00:00,2015.2364672058716
2017-02-20 00:00:00,2016.893708645899
2017-02-21 00:00:00,2018.5669903778544
2017-02-22 00:00:00,2020.2562227338328
2017-02-23 00:00:00,2021.96130305132
2017-02-24 00:00:00,2023.6821144336855
2017-02-26 00:00:00,2027.1703825437403
2017-02-27 00:00:00,2028.9375207809758
2017-02-28 00:00:00,2030.940207331481
2017-03-01 00:00:00,2028.8815843923726
2017-03-02 00:00:00,2026.788653356941
2017-03-03 00:00:00,2024.664471547899
2017-03-05 00:00:00,2019.8662432373635
2017-03-06 00:00:00,2017.4444820176266
2017-03-07 00:00:00,2015.0118378997465
2017-03-08 00:00:00,2012.5657717974057
2017-03-09 00:00:00,2010.0996447136622
2017-03-10 00:00:00,2007.6044103387771
2017-03-12 00:00:00,2002.4937212716763
2017-03-13 00:00:00,1999.871135968673
2017-03-14 00:00:00,1997.2089691409078
2017-03-15 00:00:00,1994.5198479967235
2017-03-16 00:00:00,1991.822790708464
2017-03-17 00:00:00,1989.141539627802
2017-03-19 00:00:00,1986.3358958926349
2017-03-20 00:00:00,1988.7870612695604
2017-03-21 00:00:00,1991.3216758578494
2017-03-22 00:00:00,1993.9277278023806
2017-03-23 00:00:00,1996.5853641849994
2017-03-24 00:00:00,1999.2686125418197
2017-03-26 00:00:00,1999.4561908164997
2017-03-27 01:00:00,1999.9196544996835
2017-03-28 01:00:00,2002.0858272737282
2017-03-29 01:00:00,2004.1793268005065
2017-03-30 01:00:00,2006.2100829123888
2017-03-31 01:00:00,2008.196293456493
2017-04-02 01:00:00,2012.1142776066288
2017-04-03 01:00:00,2014.0697984120884
2017-04-04 01:00:00,2016.019262350519
2017-04-05 01:00:00,2017.9437555037166
2017-04-06 01:00:00,2019.8148801441298
2017-04-07 01:00:00,2021.6000248729724
2017-04-09 01:00:00,2024.7959505775934
2017-04-10 01:00:00,2026.1700416138515
2017-04-11 01:00:00,2027.3905075079922
2017-04-12 01:00:00,2028.4698863411893
2017-04-13 01:00:00,2029.4311886751132
2017-04-16 01:00:00,2031.9084065233812
2017-04-17 01:00:00,2032.6886745491627
2017-04-18 01:00:00,2033.47033556722
2017-04-19 01:00:00,2034.249397922628
2017-04-20 01:00:00,2035.0091944139967
2017-04-21 01:00:00,2035.7230729970306
2017-04-23 01:00:00,2036.8864477280806
2017-04-24 01:00:00,2037.281940783285
2017-04-25 01:00:00,2037.5365042873705
2017-04-26 01:00:00,2037.6588273347218
2017-04-27 01:00:00,2037.6752527322822
2017-04-28 01:00:00,2037.6249280152338
2017-04-30 01:00:00,2038.637177921809
2017-05-01 01:00:00,2039.2223972488268
2017-05-02 01:00:00,2039.6880949374129
2017-05-03 01:00:00,2040.0148065225626
2017-05-04 01:00:00,2040.1706395023475
2017-05-05 01:00:00,2040.118515781496
2017-05-07 01:00:00,2039.261985287132
2017-05-08 01:00:00,2038.4215662030329
2017-05-09 01:00:00,2037.308030615991
2017-05-10 01:00:00,2035.9424241994986
2017-05-11 01:00:00,2035.1192407935196
2017-05-12 01:00:00,2034.419877572747
2017-05-14 01:00:00,2033.0513008561677
2017-05-15 01:00:00,2032.443374786351
2017-05-16 01:00:00,2031.9073913859204
2017-05-17 01:00:00,2031.4402718235579
2017-05-18 01:00:00,2031.0238743696048
2017-05-19 01:00:00,2030.6278677939465
2017-05-21 01:00:00,2027.1416076427347
2017-05-22 01:00:00,2024.7798781435117
2017-05-23 01:00:00,2022.3026602853458
2017-05-24 01:00:00,2019.7149453479592
2017-05-25 01:00:00,2017.0414471013457
2017-05-26 01:00:00,2014.3218600705143
2017-05-28 01:00:00,2008.9200283555851
2017-05-29 01:00:00,2006.301918565453
2017-05-30 01:00:00,2002.6144851831452
2017-05-31 01:00:00,1998.641038421808
2017-06-01 01:00:00,1994.6881881427046
2017-06-02 01:00:00,1990.7178398057936
2017-06-04 01:00:00,1983.9181528449512
2017-06-05 01:00:00,1981.5569916984016
2017-06-06 01:00:00,1979.1098852527289
2017-06-07 01:00:00,1976.590884102856
2017-06-08 01:00:00,1974.0261669676845
2017-06-09 01:00:00,1971.4494613512602
2017-06-11 01:00:00,1966.3994140834036
2017-06-12 01:00:00,1963.9817766257254
2017-06-13 01:00:00,1961.6551310626705
2017-06-14 01:00:00,1959.4172797221986
2017-06-15 01:00:00,1957.252661950092
2017-06-16 01:00:00,1955.1348197453253
2017-06-18 01:00:00,1950.9070093816108
2017-06-19 01:00:00,1947.587960741771
2017-06-20 01:00:00,1940.823440714726
2017-06-21 01:00:00,1933.989917989756
2017-06-22 01:00:00,1927.1139195434084
2017-06-23 01:00:00,1920.2347131259562
2017-06-25 01:00:00,1906.6401017609783
2017-06-26 01:00:00,1899.993388929273
2017-06-27 01:00:00,1893.4682699959174
2017-06-28 01:00:00,1887.059780013783
2017-06-29 01:00:00,1881.3674749332752
2017-06-30 01:00:00,1877.9218005803878
2017-07-02 01:00:00,1870.9749817196748
2017-07-03 01:00:00,1867.4363830284228
2017-07-04 01:00:00,1863.847041166098
2017-07-05 01:00:00,1860.2153670921575
2017-07-06 01:00:00,1856.5587046098794
2017-07-07 01:00:00,1852.8999366006478
2017-07-09 01:00:00,1845.6712528992216
2017-07-10 01:00:00,1842.1394570012262
2017-07-11 01:00:00,1838.676136469063
2017-07-12 01:00:00,1835.2802133041196
2017-07-13 01:00:00,1831.941839078803
2017-07-14 01:00:00,1828.6441349217955
2017-07-16 01:00:00,1822.0866215495391
2017-07-17 01:00:00,1818.7881576334753
2017-07-18 01:00:00,1815.4607324445037
2017-07-19 01:00:00,1812.103917395031
2017-07-20 01:00:00,1808.7269057828144
2017-07-21 01:00:00,1805.3462098695927
2017-07-23 01:00:00,1803.0074968224985
2017-07-24 01:00:00,1802.248346257501
2017-07-25 01:00:00,1800.4023058789126
2017-07-26 01:00:00,1797.1284149738235
2017-07-27 01:00:00,1793.7812924412578
2017-07-28 01:00:00,1790.3580314937976
2017-07-30 01:00:00,1783.269766676359
2017-07-31 01:00:00,1779.5972238056843
2017-08-01 01:00:00,1775.8334479711766
2017-08-02 01:00:00,1771.9737596560735
2017-08-03 01:00:00,1768.0131079849696
2017-08-04 01:00:00,1763.9460747024086
2017-08-06 01:00:00,1755.469441299091
2017-08-07 01:00:00,1751.0473439627492
2017-08-08 01:00:00,1746.4939686621167
2017-08-09 01:00:00,1741.8025390055316
2017-08-10 01:00:00,1736.9662388709332
2017-08-11 01:00:00,1731.9783567301904
2017-08-13 01:00:00,1721.5226717791813
2017-08-14 01:00:00,1716.043854931547
2017-08-15 01:00:00,1710.3920398911225
2017-08-16 01:00:00,1704.5647630109072
2017-08-17 01:00:00,1698.56151076351
2017-08-18 01:00:00,1692.384192043837
2017-08-20 01:00:00,1679.5300394244787
2017-08-21 01:00:00,1672.873469344105
2017-08-22 01:00:00,1666.0841354275908
2017-08-23 01:00:00,1659.1826192249378
2017-08-24 01:00:00,1652.1938654029266
2017-08-25 01:00:00,1645.1469404426164
2017-08-27 01:00:00,1631.0121701170476
2017-08-28 01:00:00,1625.091391993683
2017-08-29 01:00:00,1619.448999925092
2017-08-30 01:00:00,1613.9118228295915
2017-08-31 01:00:00,1608.5152949339258
2017-09-01 01:00:00,1603.2960297708178
2017-09-03 01:00:00,1593.5346684787398
2017-09-04 01:00:00,1590.2141341938127
2017-09-05 01:00:00,1587.58296919405
2017-09-06 01:00:00,1584.9905905168066
2017-09-07 01:00:00,1582.4391012096983
2017-09-08 01:00:00,1579.924452979412
2017-09-10 01:00:00,1574.9598621937494
2017-09-11 01:00:00,1572.4779323690375
2017-09-12 01:00:00,1569.9756132846137
2017-09-13 01:00:00,1567.4437062640466
2017-09-14 01:00:00,1564.8817267837237
2017-09-15 01:00:00,1562.298643032978
2017-09-17 01:00:00,1562.1776861053734
2017-09-18 01:00:00,1563.7809532345245
2017-09-19 01:00:00,1565.628208741104
2017-09-20 01:00:00,1567.7161980333185
2017-09-21 01:00:00,1570.0221997054518
2017-09-22 01:00:00,1572.5048438593278
2017-09-24 01:00:00,1577.771524364744
2017-09-25 01:00:00,1580.4331790950837
2017-09-26 01:00:00,1583.0440403395237
2017-09-27 01:00:00,1585.5720137000615
2017-09-28 01:00:00,1588.0066238251975
2017-09-29 01:00:00,1589.9144860799786
2017-10-01 01:00:00,1593.5242178375172
2017-10-02 01:00:00,1595.368131765276
2017-10-03 01:00:00,1597.300116012659
2017-10-04 01:00:00,1599.3512467703486
2017-10-05 01:00:00,1601.530219859878
2017-10-06 01:00:00,1604.227858132302
2017-10-08 01:00:00,1611.3471547592333
2017-10-09 01:00:00,1614.8423774638047
2017-10-10 01:00:00,1618.2115920516803
2017-10-11 01:00:00,1621.419470227827
2017-10-12 01:00:00,1624.464111543496
2017-10-13 01:00:00,1627.3789145028331
2017-10-15 01:00:00,1633.0763106874654
2017-10-16 01:00:00,1633.5563189358004
2017-10-17 01:00:00,1633.2588057416458
2017-10-18 01:00:00,1633.149694707963
2017-10-19 01:00:00,1635.1133644743434
2017-10-20 01:00:00,1638.122582885318
2017-10-22 01:00:00,1644.2741019659609
2017-10-23 01:00:00,1647.2691190848284
2017-10-24 01:00:00,1650.1236327068477
2017-10-25 01:00:00,1652.7981313005535
2017-10-26 01:00:00,1655.282089506519
2017-10-27 01:00:00,1657.5956698817731
2017-10-29 01:00:00,1661.9221573783987
2017-10-30 00:00:00,1663.987734454162
2017-10-31 00:00:00,1666.2319638482843
2017-11-01 00:00:00,1668.620426239623
2017-11-02 00:00:00,1671.1775690329162
2017-11-03 00:00:00,1673.8905187913629
2017-11-05 00:00:00,1677.4865093214432
2017-11-06 00:00:00,1677.6881684810708
2017-11-07 00:00:00,1677.7449707305618
2017-11-08 00:00:00,1677.6063478138667
2017-11-09 00:00:00,1677.2635429056074
2017-11-10 00:00:00,1676.7513087337938
2017-11-12 00:00:00,1675.5114615650198
2017-11-13 00:00:00,1674.9552029129725
2017-11-14 00:00:00,1675.9048047916892
2017-11-15 00:00:00,1677.7346474255432
2017-11-16 00:00:00,1679.7329015084322
2017-11-17 00:00:00,1681.8593147817246
2017-11-19 00:00:00,1686.2012781672875
2017-11-20 00:00:00,1688.2398332168984
2017-11-21 00:00:00,1690.0801881288232
2017-11-22 00:00:00,1691.6638307289977
2017-11-23 00:00:00,1692.9605906324898
2017-11-24 00:00:00,1693.9708071266987
2017-11-26 00:00:00,1695.2647511392965
2017-11-27 00:00:00,1695.6558472117651
2017-11-28 00:00:00,1695.9511096287065
2017-11-29 00:00:00,1696.9285317345755
2017-11-30 00:00:00,1697.9790801020843
2017-12-01 00:00:00,1698.7004018884027
2017-12-03 00:00:00,1696.6547890491463
2017-12-04 00:00:00,1694.404247324151
2017-12-05 00:00:00,1691.3422027666238
2017-12-06 00:00:00,1687.3828403518935
2017-12-07 00:00:00,1683.2582594743894
2017-12-08 00:00:00,1679.2495436181994
2017-12-10 00:00:00,1670.0334050346423
2017-12-11 00:00:00,1665.0732005425323
2017-12-12 00:00:00,1660.056789254629
2017-12-13 00:00:00,1655.105172785936
2017-12-14 00:00:00,1650.315219598397
2017-12-15 00:00:00,1645.753743112486
2017-12-17 00:00:00,1644.2859314578786
2017-12-18 00:00:00,1645.0050464176904
2017-12-19 00:00:00,1645.6303617750214
2017-12-20 00:00:00,1646.1214988396557
2017-12-21 00:00:00,1646.460601849929
2017-12-22 00:00:00,1646.6540866499345
2017-12-25 00:00:00,1646.7292877252116
2017-12-26 00:00:00,1647.3504326439283
2017-12-27 00:00:00,1649.7552827170437
2017-12-28 00:00:00,1652.277163530321
2017-12-29 00:00:00,1654.9191561441273
2018-01-01 00:00:00,1663.2392602097254
2018-01-02 00:00:00,1665.9730619820084
2018-01-03 00:00:00,1668.6139960828827
2018-01-04 00:00:00,1671.1484114212926
2018-01-05 00:00:00,1673.5881787055846
2018-01-07 00:00:00,1678.3258827307736
2018-01-08 00:00:00,1681.6192825562346
2018-01-09 00:00:00,1685.002578295328
2018-01-10 00:00:00,1688.4747519571824
2018-01-11 00:00:00,1692.0401905152332
2018-01-12 00:00:00,1695.686927574097
2018-01-14 00:00:00,1704.9075907295364
2018-01-15 00:00:00,1711.1861580269072
2018-01-16 00:00:00,1717.4637193540577
2018-01-17 00:00:00,1723.720543273771
2018-01-18 00:00:00,1729.9479759326928
2018-01-19 00:00:00,1736.1485533609027
2018-01-21 00:00:00,1748.5242602788032
2018-01-22 00:00:00,1754.7396918272545
2018-01-23 00:00:00,1761.0009445332594
2018-01-24 00:00:00,1767.3232066913224
2018-01-25 00:00:00,1773.713903198523
2018-01-26 00:00:00,1780.1717883051788
2018-01-28 00:00:00,1793.2499815333977
2018-01-29 00:00:00,1799.843525267719
2018-01-30 00:00:00,1806.3414359309184
2018-01-31 00:00:00,1810.4542211928797
2018-02-01 00:00:00,1814.5951564898533
2018-02-02 00:00:00,1818.767946710498
2018-02-04 00:00:00,1827.226509552574
2018-02-05 00:00:00,1831.5179409650361
2018-02-06 00:00:00,1835.85102120646
2018-02-07 00:00:00,1840.22342253639
2018-02-08 00:00:00,1844.6319205940908
2018-02-09 00:00:00,1849.0736992142654
2018-02-11 00:00:00,1853.4161460108908
2018-02-12 00:00:00,1854.5309473718419
2018-02-13 00:00:00,1855.6606691416252
2018-02-14 00:00:00,1856.805402141448
2018-02-15 00:00:00,1857.9652291640896
2018-02-16 00:00:00,1859.1402239729284
2018-02-18 00:00:00,1861.5359612358352
2018-02-19 00:00:00,1862.7567984070115
2018-02-20 00:00:00,1863.9929922901201
2018-02-21 00:00:00,1865.244562468719
2018-02-22 00:00:00,1866.5115186214116
2018-02-23 00:00:00,1867.793862043242
2018-02-25 00:00:00,1870.4046878256465
2018-02-26 00:00:00,1871.7331544043163
2018-02-27 00:00:00,1873.0769848424586
2018-02-28 00:00:00,1874.436185779071
2018-03-01 00:00:00,1875.8107768169734
2018-03-02 00:00:00,1877.2007922629873
2018-03-04 00:00:00,1880.0273004349724
2018-03-05 00:00:00,1881.7416591381361
2018-03-06 00:00:00,1884.2709629483147
2018-03-07 00:00:00,1886.7340821658722
2018-03-08 00:00:00,1889.114773972211
2018-03-09 00:00:00,1891.395992094965
2018-03-11 00:00:00,1895.589528193169
2018-03-12 00:00:00,1897.4664438191521
2018-03-13 00:00:00,1899.1737700483322
2018-03-14 00:00:00,1900.6951828478263
2018-03-15 00:00:00,1902.0154853740419
2018-03-16 00:00:00,1903.120883980551
2018-03-18 00:00:00,1904.6402678197
2018-03-19 00:00:00,1905.0358029745908
2018-03-20 00:00:00,1905.1799664788687
2018-03-21 00:00:00,1906.6051689106794
2018-03-22 00:00:00,1908.310885877671
2018-03-23 00:00:00,1910.0319791518086
2018-03-25 00:00:00,1913.5197261898923
2018-03-26 01:00:00,1915.3594575297582
2018-03-27 01:00:00,1917.1412276968601
2018-03-28 01:00:00,1918.9376535100694
2018-03-29 01:00:00,1920.778881028387
2018-04-01 01:00:00,1933.3623746216892
2018-04-02 01:00:00,1937.5820818735278
2018-04-03 01:00:00,1942.221921886206
2018-04-04 01:00:00,1947.509911472709
2018-04-05 01:00:00,1952.8095554904185
2018-04-06 01:00:00,1958.1206830160668
2018-04-08 01:00:00,1968.7766270339766
2018-04-09 01:00:00,1974.1210236220718
2018-04-10 01:00:00,1979.4760638884316
2018-04-11 01:00:00,1984.8414982527968
2018-04-12 01:00:00,1990.2170601001746
2018-04-13 01:00:00,1995.6024643950866
2018-04-15 01:00:00,2006.4015579869708
2018-04-16 01:00:00,2011.814570630237
2018-04-17 01:00:00,2017.236071531695
2018-04-18 01:00:00,2020.6446457792827
2018-04-19 01:00:00,2023.421531228046
2018-04-20 01:00:00,2026.2036827713603
2018-04-22 01:00:00,2031.7828594008192
2018-04-23 01:00:00,2034.5794245897978
2018-04-24 01:00:00,2037.3803408771075
2018-04-25 01:00:00,2040.185390210364
2018-04-26 01:00:00,2042.9943608867939
2018-04-27 01:00:00,2045.8070472921647
2018-04-29 01:00:00,2051.4427695235618
2018-04-30 01:00:00,2054.265414250196
2018-05-01 01:00:00,2057.090988825936
2018-05-02 01:00:00,2059.919297167613
2018-05-03 01:00:00,2062.7501399633447
2018-05-04 01:00:00,2065.5833135382895
2018-05-06 01:00:00,2071.255812787685
2018-05-07 01:00:00,2074.0947048245475
2018-05-08 01:00:00,2076.9350602718396
2018-05-09 01:00:00,2079.7766485562347
2018-05-10 01:00:00,2082.619233258314
2018-05-11 01:00:00,2085.4625715029792
2018-05-13 01:00:00,2091.150498906177
2018-05-14 01:00:00,2095.758944277887
2018-05-15 01:00:00,2101.638632192041
2018-05-16 01:00:00,2107.5889328070416
2018-05-17 01:00:00,2113.6093583843654
2018-05-18 01:00:00,2119.6995116081503
2018-05-20 01:00:00,2132.0877031451405
2018-05-21 01:00:00,2138.3851335121662
2018-05-22 01:00:00,2144.750985668219
2018-05-23 01:00:00,2151.18477720401
2018-05-24 01:00:00,2154.455049186197
2018-05-25 01:00:00,2156.944578755603
2018-05-27 01:00:00,2160.0
2018-05-28 01:00:00,2160.0
2018-05-29 01:00:00,2160.0
2018-05-30 01:00:00,2160.0
2018-05-31 01:00:00,2160.0
2018-06-01 01:00:00,2160.0
2018-06-03 01:00:00,2160.0
2018-06-04 01:00:00,2160.0
2018-06-05 01:00:00,2160.0
2018-06-06 01:00:00,2160.0
2018-06-07 01:00:00,2160.0
2018-06-08 01:00:00,2160.0
2018-06-10 01:00:00,2158.995602170702
2018-06-11 01:00:00,2158.4050592577764
2018-06-12 01:00:00,2157.811744994972
2018-06-13 01:00:00,2157.2461854442613
2018-06-14 01:00:00,2156.737989996893
2018-06-15 01:00:00,2156.308910416865
2018-06-17 01:00:00,2151.6706136435964
2018-06-18 01:00:00,2147.404680526081
2018-06-19 01:00:00,2143.2470004289507
2018-06-20 01:00:00,2140.366075117958
2018-06-21 01:00:00,2138.6725510331735
2018-06-22 01:00:00,2136.32930581081
2018-06-24 01:00:00,2128.9974222340265
2018-06-25 01:00:00,2125.445921916524
2018-06-26 01:00:00,2121.971223901985
2018-06-27 01:00:00,2118.5736803413392
2018-06-28 01:00:00,2115.2536739376305
2018-06-29 01:00:00,2112.011655339472
2018-07-01 01:00:00,2105.763912223251
2018-07-02 01:00:00,2102.7596965143034
2018-07-03 01:00:00,2099.83653130097
2018-07-04 01:00:00,2098.6799444955213
2018-07-05 01:00:00,2098.4891153712842
2018-07-06 01:00:00,2096.8155825764798
2018-07-08 01:00:00,2091.272000666876
2018-07-09 01:00:00,2088.6405030971464
2018-07-10 01:00:00,2086.093852976248
2018-07-11 01:00:00,2083.6221163421546
2018-07-12 01:00:00,2081.2163745928274
2018-07-13 01:00:00,2078.8718081736915
2018-07-15 01:00:00,2074.377511208792
2018-07-16 01:00:00,2072.2483253522023
2018-07-17 01:00:00,2070.217657883922
2018-07-18 01:00:00,2068.301093258745
2018-07-19 01:00:00,2066.5119428659987
2018-07-20 01:00:00,2064.8599916167823
2018-07-22 01:00:00,2061.2009518605983
2018-07-23 01:00:00,2059.4871053865827
2018-07-24 01:00:00,2057.914425370555
2018-07-25 01:00:00,2056.4824155769625
2018-07-26 01:00:00,2055.193808935814
2018-07-27 01:00:00,2054.05469460564
2018-07-29 01:00:00,2052.2596346103473
2018-07-30 01:00:00,2051.6205528345704
2018-07-31 01:00:00,2051.1603145723834
2018-08-01 01:00:00,2050.8773702261424
2018-08-02 01:00:00,2050.7635704642466
2018-08-03 01:00:00,2050.804176927001
2018-08-05 01:00:00,2051.265129119864
2018-08-06 01:00:00,2051.639001248085
2018-08-07 01:00:00,2052.080020748998
2018-08-08 01:00:00,2052.5718264373686
2018-08-09 01:00:00,2053.1023174874063
2018-08-10 01:00:00,2053.661565590769
2018-08-12 01:00:00,2054.815025408814
2018-08-13 01:00:00,2055.366525550002
2018-08-14 01:00:00,2055.857770836375
2018-08-15 01:00:00,2056.246904315124
2018-08-16 01:00:00,2056.4897110660077
2018-08-17 01:00:00,2056.545458349988
2018-08-19 01:00:00,2055.982022595397
2018-08-20 01:00:00,2055.3403269009377
2018-08-21 01:00:00,2054.4675617914863
2018-08-22 01:00:00,2053.3852029391956
2018-08-23 01:00:00,2052.1217465596233
2018-08-24 01:00:00,2050.7077065881913
2018-08-26 01:00:00,2047.5302302773187
2018-08-27 01:00:00,2045.795838594564
2018-08-28 01:00:00,2043.964002805008
2018-08-29 01:00:00,2042.019429107911
2018-08-30 01:00:00,2039.937983884787
2018-08-31 01:00:00,2037.6922581549156
2018-09-02 01:00:00,2032.6269483386113
2018-09-03 01:00:00,2029.8038443359708
2018-09-04 01:00:00,2026.819811173815
2018-09-05 01:00:00,2023.7263067882036
2018-09-06 01:00:00,2020.5895980901848
2018-09-07 01:00:00,2017.4801655244428
2018-09-09 01:00:00,2011.5685530881378
2018-09-10 01:00:00,2008.819748623034
2018-09-11 01:00:00,2006.1965662380692
2018-09-12 01:00:00,2003.6595068138472
2018-09-13 01:00:00,2000.2418578900974
2018-09-14 01:00:00,1996.383831515835
2018-09-16 01:00:00,1988.6185853105985
2018-09-17 01:00:00,1984.7124037482608
2018-09-18 01:00:00,1980.8306444852783
2018-09-19 01:00:00,1977.0259641464424
2018-09-20 01:00:00,1973.359366898264
2018-09-21 01:00:00,1969.8906493961122
2018-09-23 01:00:00,1963.7253931459024
2018-09-24 01:00:00,1961.0663087068483
2018-09-25 01:00:00,1958.6721740150992
2018-09-26 01:00:00,1956.4988368780264
2018-09-27 01:00:00,1953.6052945487336
2018-09-28 01:00:00,1950.6200885781195
2018-09-30 01:00:00,1944.810910615923
2018-10-01 01:00:00,1941.958513456133
2018-10-02 01:00:00,1939.1496139887827
2018-10-03 01:00:00,1936.4115994863607
2018-10-04 01:00:00,1933.7832986865528
2018-10-05 01:00:00,1931.3070445285905
2018-10-07 01:00:00,1926.9427448479641
2018-10-08 01:00:00,1925.080284320596
2018-10-09 01:00:00,1923.415087001899
2018-10-10 01:00:00,1921.9141166090922
2018-10-11 01:00:00,1919.528203476444
2018-10-12 01:00:00,1915.0788701845795
2018-10-14 01:00:00,1906.3794799630964
2018-10-15 01:00:00,1902.1092364366623
2018-10-16 01:00:00,1898.6672296588401
2018-10-17 01:00:00,1898.341176399707
2018-10-18 01:00:00,1898.1822769328314
2018-10-19 01:00:00,1898.2188557972554
2018-10-21 01:00:00,1898.9537381938896
2018-10-22 01:00:00,1899.6559827359524
2018-10-23 01:00:00,1900.5560432454272
2018-10-24 01:00:00,1901.6141657868327
2018-10-25 01:00:00,1902.7783925628394
2018-10-26 01:00:00,1903.9914107193986
2018-10-28 01:00:00,1906.3590192333652
2018-10-29 00:00:00,1907.4048902826053
2018-10-30 00:00:00,1909.5625742756904
2018-10-31 00:00:00,1912.6031639168484
2018-11-01 00:00:00,1914.8966201026017
2018-11-02 00:00:00,1916.8007620282428
2018-11-04 00:00:00,1920.7063690600055
2018-11-05 00:00:00,1922.7269892368006
2018-11-06 00:00:00,1924.7726952714604
2018-11-07 00:00:00,1926.8072646592366
2018-11-08 00:00:00,1928.7857316647505
2018-11-09 00:00:00,1930.6632623406758
2018-11-11 00:00:00,1933.9836828236112
2018-11-12 00:00:00,1935.3988210251077
2018-11-13 00:00:00,1936.6598227284524
2018-11-14 00:00:00,1937.7912367036856
2018-11-15 00:00:00,1938.8263004136722
2018-11-16 00:00:00,1939.8011308289788
2018-11-18 00:00:00,1941.693243736449
2018-11-19 00:00:00,1942.6461414023984
2018-11-20 00:00:00,1943.603546489719
2018-11-21 00:00:00,1944.546860827371
2018-11-22 00:00:00,1945.4460165357664
2018-11-23 00:00:00,1946.2653441731113
2018-11-25 00:00:00,1947.538886791464
2018-11-26 00:00:00,1947.95980224794
2018-11-27 00:00:00,1948.2425662589587
2018-11-28 00:00:00,1948.64711780228
2018-11-29 00:00:00,1951.8610562279987
2018-11-30 00:00:00,1954.8805592982628
2018-12-02 00:00:00,1959.178326524469
2018-12-03 00:00:00,1960.2310987584146
2018-12-04 00:00:00,1960.8810822408086
2018-12-05 00:00:00,1961.0980243545769
2018-12-06 00:00:00,1960.858494751294
2018-12-07 00:00:00,1960.1490133303541
2018-12-09 00:00:00,1957.3299957488546
2018-12-10 00:00:00,1955.2594013511261
2018-12-11 00:00:00,1952.7945068200343
2018-12-12 00:00:00,1949.9814555583616
2018-12-13 00:00:00,1946.8709781564846
2018-12-14 00:00:00,1943.5141553411745
2018-12-16 00:00:00,1936.2427160818474
2018-12-17 00:00:00,1932.3968503970527
2018-12-18 00:00:00,1928.4378758806754
2018-12-19 00:00:00,1924.37147343526
2018-12-20 00:00:00,1920.193894319062
2018-12-21 00:00:00,1915.8957340990326
2018-12-23 00:00:00,1909.6596269240608
2018-12-24 00:00:00,1907.1942052132129
2018-12-25 00:00:00,1904.646650170826
2018-12-26 00:00:00,1902.0299062950842
2018-12-27 00:00:00,1899.362734354638
2018-12-28 00:00:00,1896.6652633807068
2018-12-30 00:00:00,1891.2421487604088
2018-12-31 00:00:00,1888.531196649371
2019-01-01 00:00:00,1885.8183088273533
2019-01-02 00:00:00,1883.0948794461374
2019-01-03 00:00:00,1880.3500476725544
2019-01-04 00:00:00,1877.573472592034
2019-01-06 00:00:00,1871.8984656030266
2019-01-07 00:00:00,1868.9968830500754
2019-01-08 00:00:00,1866.0569664899235
2019-01-09 00:00:00,1863.0854291596625
2019-01-10 00:00:00,1860.0900510636134
2019-01-11 00:00:00,1857.0782183348879
2019-01-13 00:00:00,1851.0257626647526
2019-01-14 00:00:00,1849.260897579859
2019-01-15 00:00:00,1849.1174756436867
2019-01-16 00:00:00,1848.979128858539
2019-01-17 00:00:00,1848.8433241930907
2019-01-18 00:00:00,1848.7088381098372
2019-01-20 00:00:00,1848.4500292942926
2019-01-21 00:00:00,1848.3339768246674
2019-01-22 00:00:00,1848.2336508271067
2019-01-23 00:00:00,1846.6443516991667
2019-01-24 00:00:00,1845.1045086309239
2019-01-25 00:00:00,1843.5662048201948
2019-01-27 00:00:00,1840.4956442249822
2019-01-28 00:00:00,1838.9641103457207
2019-01-29 00:00:00,1837.4355485685435
2019-01-30 00:00:00,1835.9103025426173
2019-01-31 00:00:00,1834.388703188928
2019-02-01 00:00:00,1832.871067584824
2019-02-03 00:00:00,1829.8488838803078
2019-02-04 00:00:00,1828.3448972452952
2019-02-05 00:00:00,1826.8459970763242
2019-02-06 00:00:00,1825.352427081359
2019-02-07 00:00:00,1823.864416252835
2019-02-08 00:00:00,1822.3821790890634
2019-02-10 00:00:00,1819.4358131586623
2019-02-11 00:00:00,1817.9720436955386
2019-02-12 00:00:00,1816.5147668968712
2019-02-13 00:00:00,1815.0641287329984
2019-02-14 00:00:00,1814.5748846539152
2019-02-15 00:00:00,1814.4257365185142
2019-02-17 00:00:00,1814.1428322215477
2019-02-18 00:00:00,1814.0092569046458
2019-02-19 00:00:00,1815.0554391334151
2019-02-20 00:00:00,1817.0809376139116
2019-02-21 00:00:00,1819.1170264740952
2019-02-22 00:00:00,1821.1638489146997
2019-02-24 00:00:00,1825.290339052444
2019-02-25 00:00:00,1827.3703435964485
2019-02-26 00:00:00,1829.4617435801208
2019-02-27 00:00:00,1829.8731667128613
2019-02-28 00:00:00,1829.6632403439457
2019-03-01 00:00:00,1829.4767119588416
2019-03-03 00:00:00,1829.064295468445
2019-03-04 00:00:00,1828.790117207068
2019-03-05 00:00:00,1828.4508106192593
2019-03-06 00:00:00,1828.044938378925
2019-03-07 00:00:00,1827.5830382410911
2019-03-08 00:00:00,1827.086596059461
2019-03-10 00:00:00,1826.111884572703
2019-03-11 00:00:00,1825.6977946046902
2019-03-12 00:00:00,1825.3660730420356
2019-03-13 00:00:00,1825.1270850492833
2019-03-14 00:00:00,1824.9755268199024
2019-03-15 00:00:00,1824.8904873945373
2019-03-17 00:00:00,1824.7814978438191
2019-03-18 00:00:00,1824.6819569780553
2019-03-19 00:00:00,1824.5145979119004
2019-03-20 00:00:00,1824.2712925453686
2019-03-21 00:00:00,1823.9639287159857
2019-03-22 00:00:00,1823.621887177562
2019-03-24 00:00:00,1822.9930012742054
2019-03-25 00:00:00,1822.7782612593858
2019-03-26 00:00:00,1822.6571463889884
2019-03-27 00:00:00,1822.6284563545594
2019-03-28 00:00:00,1822.674463900872
2019-03-29 00:00:00,1822.7651216437278
2019-03-31 00:00:00,1822.9349032368223
2019-04-01 01:00:00,1822.9459573122483
2019-04-02 01:00:00,1822.8786114991938
2019-04-03 01:00:00,1822.7302971062986
2019-04-04 01:00:00,1822.5129302772825
2019-04-05 01:00:00,1822.252592950607
2019-04-07 01:00:00,1821.7529989378045
2019-04-08 01:00:00,1821.5926878793362
2019-04-09 01:00:00,1821.5330784945834
2019-04-10 01:00:00,1821.586965141351
2019-04-11 01:00:00,1821.748547225272
2019-04-12 01:00:00,1821.9939327492614
2019-04-14 01:00:00,1822.5787321530795
2019-04-15 01:00:00,1822.8326904686571
2019-04-16 01:00:00,1823.0180937196194
2019-04-17 01:00:00,1823.1245794147296
2019-04-18 01:00:00,1823.1631732588617
2019-04-21 01:00:00,1823.2137559147372
2019-04-22 01:00:00,1823.340181272259
2019-04-23 01:00:00,1823.5649768743792
2019-04-24 01:00:00,1823.8899044413245
2019-04-25 01:00:00,1824.2999676580787
2019-04-26 01:00:00,1824.767270383238
2019-04-28 01:00:00,1825.7321903438421
2019-04-29 01:00:00,1826.1630271379852
2019-04-30 01:00:00,1826.5287312661123
2019-05-01 01:00:00,1826.7695636862422
2019-05-02 01:00:00,1826.685550135666
2019-05-03 01:00:00,1826.5091979584329
2019-05-05 01:00:00,1826.1481230613304
2019-05-06 01:00:00,1825.9032626896176
2019-05-07 01:00:00,1824.5793891596136
2019-05-08 01:00:00,1823.4447422570152
2019-05-09 01:00:00,1824.1388801272271
2019-05-10 01:00:00,1827.0608724833419
2019-05-12 01:00:00,1833.236287749464
2019-05-13 01:00:00,1836.341778003212
2019-05-14 01:00:00,1839.3837539438757
2019-05-15 01:00:00,1842.3414114780728
2019-05-16 01:00:00,1845.2275831898185
2019-05-17 01:00:00,1848.0838690417056
2019-05-19 01:00:00,1854.79602175663
2019-05-20 01:00:00,1860.2316986692524
2019-05-21 01:00:00,1865.8327966851039
2019-05-22 01:00:00,1871.5990493885124
2019-05-23 01:00:00,1877.5043290841968
2019-05-24 01:00:00,1883.5019180574238
2019-05-26 01:00:00,1895.5337764477151
2019-05-27 01:00:00,1901.4490584990072
2019-05-28 01:00:00,1907.235816206941
2019-05-29 01:00:00,1912.8709660000338
2019-05-30 01:00:00,1918.3533740493
2019-05-31 01:00:00,1923.7026692142965
2019-06-02 01:00:00,1925.9819193486667
2019-06-03 01:00:00,1927.0118559708956
2019-06-04 01:00:00,1928.1412823182923
2019-06-05 01:00:00,1929.3883142633977
2019-06-06 01:00:00,1930.7493336794225
2019-06-07 01:00:00,1932.2000073394802
2019-06-09 01:00:00,1935.2057993930987
2019-06-10 01:00:00,1936.6730721602287
2019-06-11 01:00:00,1938.0737269486053
2019-06-12 01:00:00,1939.397291672473
2019-06-13 01:00:00,1940.7986196044972
2019-06-14 01:00:00,1943.4015318353138
2019-06-16 01:00:00,1947.4978807283076
2019-06-17 01:00:00,1950.2034075911072
2019-06-18 01:00:00,1951.3980774157492
2019-06-19 01:00:00,1953.0229876579215
2019-06-20 01:00:00,1955.3250356522942
2019-06-21 01:00:00,1957.5270042482691
2019-06-23 01:00:00,1961.621528036967
2019-06-24 01:00:00,1962.5575497042146
2019-06-25 01:00:00,1961.6521261081427
2019-06-26 01:00:00,1960.6348317625266
2019-06-27 01:00:00,1959.5023882314788
2019-06-28 01:00:00,1958.2513177869337
2019-06-30 01:00:00,1955.3785772590857
2019-07-01 01:00:00,1953.7492732359165
2019-07-02 01:00:00,1951.9861894232654
2019-07-03 01:00:00,1950.0855195406762
2019-07-04 01:00:00,1948.0436225908293
2019-07-05 01:00:00,1945.7351119368643
2019-07-07 01:00:00,1940.6004428014633
2019-07-08 01:00:00,1937.8116601744819
2019-07-09 01:00:00,1935.0499678967635
2019-07-10 01:00:00,1933.4823794297874
2019-07-11 01:00:00,1931.9194183465574
2019-07-12 01:00:00,1930.3588589602168
2019-07-14 01:00:00,1927.243974231438
2019-07-15 01:00:00,1925.6940271860572
2019-07-16 01:00:00,1924.1544436241652
2019-07-17 01:00:00,1922.629717026235
2019-07-18 01:00:00,1919.0353541751117
2019-07-19 01:00:00,1917.4313141199098
2019-07-21 01:00:00,1914.3104273083613
2019-07-22 01:00:00,1912.7735511658734
2019-07-23 01:00:00,1911.2332834151425
2019-07-24 01:00:00,1909.6749089863988
2019-07-25 01:00:00,1908.2034176324516
2019-07-26 01:00:00,1910.1418609116379
2019-07-28 01:00:00,1913.5644220490371
2019-07-29 01:00:00,1915.049233643695
2019-07-30 01:00:00,1916.3963812864745
2019-07-31 01:00:00,1917.6179461460601
2019-08-01 01:00:00,1918.7201790902604
2019-08-02 01:00:00,1919.698074491357
2019-08-04 01:00:00,1921.1933661820751
2019-08-05 01:00:00,1921.642151035038
2019-08-06 01:00:00,1921.8434869313135
2019-08-07 01:00:00,1921.772241959679
2019-08-08 01:00:00,1921.4199555315045
2019-08-09 01:00:00,1920.7972713904383
2019-08-11 01:00:00,1918.8648500063643
2019-08-12 01:00:00,1917.6409292577832
2019-08-13 01:00:00,1916.3041110737306
2019-08-14 01:00:00,1914.8898228239557
2019-08-15 01:00:00,1913.420445543531
2019-08-16 01:00:00,1911.9027083788637
2019-08-18 01:00:00,1908.6722561997856
2019-08-19 01:00:00,1906.905512222865
2019-08-20 01:00:00,1904.9936148263612
2019-08-21 01:00:00,1902.9083522012234
2019-08-22 01:00:00,1900.6345880689807
2019-08-23 01:00:00,1898.1763954673058
2019-08-25 01:00:00,1893.2368980307729
2019-08-26 01:00:00,1891.671571539222
2019-08-27 01:00:00,1890.133550265684
2019-08-28 01:00:00,1888.6890942836428
2019-08-29 01:00:00,1887.3856090180116
2019-08-30 01:00:00,1886.241026421282
2019-09-01 01:00:00,1884.3342554635842
2019-09-02 01:00:00,1883.4629102131235
2019-09-03 01:00:00,1882.5619245795021
2019-09-04 01:00:00,1882.5978043269854
2019-09-05 01:00:00,1884.0833768917155
2019-09-06 01:00:00,1885.4547564399318
2019-09-08 01:00:00,1888.0374256782854
2019-09-09 01:00:00,1889.376218247525
2019-09-10 01:00:00,1890.8314747210745
2019-09-11 01:00:00,1892.4500689183565
2019-09-12 01:00:00,1894.2558787833402
2019-09-13 01:00:00,1896.245933341371
2019-09-15 01:00:00,1902.0317690625036
2019-09-16 01:00:00,1905.256249331805
2019-09-17 01:00:00,1908.4072400542746
2019-09-18 01:00:00,1911.4203586100627
2019-09-19 01:00:00,1914.2496574758204
2019-09-20 01:00:00,1916.876575789382
2019-09-22 01:00:00,1921.6093604563237
2019-09-23 01:00:00,1923.8303832381935
2019-09-24 01:00:00,1926.0602146432211
2019-09-25 01:00:00,1928.3771613710844
2019-09-26 01:00:00,1930.8377650121847
2019-09-27 01:00:00,1933.4622830770345
2019-09-29 01:00:00,1938.756615278157
2019-09-30 01:00:00,1941.1850066936663
2019-10-01 01:00:00,1943.5528295183726
2019-10-02 01:00:00,1945.825780415785
2019-10-03 01:00:00,1947.986943097496
2019-10-04 01:00:00,1950.039482235433
2019-10-06 01:00:00,1953.9153913803461
2019-10-07 01:00:00,1955.8106409098978
2019-10-08 01:00:00,1955.5410747023464
2019-10-09 01:00:00,1954.7669978153851
2019-10-10 01:00:00,1954.093754171267
2019-10-11 01:00:00,1953.5214512323425
2019-10-13 01:00:00,1952.266581696088
2019-10-14 01:00:00,1949.292525905776
2019-10-15 01:00:00,1946.2979359227309
2019-10-16 01:00:00,1943.2468090831185
2019-10-17 01:00:00,1940.1130935470828
2019-10-18 01:00:00,1936.8853569499006
2019-10-20 01:00:00,1930.1865788031243
2019-10-21 01:00:00,1926.7726494710746
2019-10-22 01:00:00,1923.3690614592279
2019-10-23 01:00:00,1920.0158794850613
2019-10-24 01:00:00,1916.7428707880058
2019-10-25 01:00:00,1913.5623328748768
2019-10-27 01:00:00,1907.4256406672955
2019-10-28 00:00:00,1904.5283260722135
2019-10-29 00:00:00,1901.4808317673437
2019-10-30 00:00:00,1898.3746751170656
2019-10-31 00:00:00,1895.3970688410243
2019-11-01 00:00:00,1894.5784429959224
2019-11-03 00:00:00,1893.6458456176508
2019-11-04 00:00:00,1893.6257924879303
2019-11-05 00:00:00,1893.9607567452
2019-11-06 00:00:00,1894.677227764022
2019-11-07 00:00:00,1895.7796829124381
2019-11-08 00:00:00,1897.2458165759742
2019-11-10 00:00:00,1901.0384558126552
2019-11-11 00:00:00,1903.1873449924674
2019-11-12 00:00:00,1905.3582574677698
2019-11-13 00:00:00,1907.4351813262324
2019-11-14 00:00:00,1909.3103489167665
2019-11-15 00:00:00,1910.8941950211336
2019-11-17 00:00:00,1912.9594001771932
2019-11-18 00:00:00,1913.3963148578566
2019-11-19 00:00:00,1913.4464622440803
2019-11-20 00:00:00,1913.136917256001
2019-11-21 00:00:00,1912.499548327005
2019-11-22 00:00:00,1911.5630963177443
2019-11-24 00:00:00,1908.8646469385887
2019-11-25 00:00:00,1907.5734453803734
2019-11-26 00:00:00,1906.2195252758181
2019-11-27 00:00:00,1904.6061243563515
2019-11-28 00:00:00,1902.7455494194696
2019-11-29 00:00:00,1900.6593215517207
2019-12-01 00:00:00,1895.9358528357627
2019-12-02 00:00:00,1893.3725213926066
2019-12-03 00:00:00,1890.7237163521615
2019-12-04 00:00:00,1885.7060964581253
2019-12-05 00:00:00,1880.4866014401196
2019-12-06 00:00:00,1875.2097682471633
2019-12-08 00:00:00,1864.5175079560922
2019-12-09 00:00:00,1859.1158220458979
2019-12-10 00:00:00,1853.6845783053068
2019-12-11 00:00:00,1848.2283213231767
2019-12-12 00:00:00,1844.0644580941096
2019-12-13 00:00:00,1840.8226269447705
2019-12-15 00:00:00,1834.2894291529976
2019-12-16 00:00:00,1831.0021880490503
2019-12-17 00:00:00,1827.703346928755
2019-12-18 00:00:00,1824.3941599434677
2019-12-19 00:00:00,1821.0756362887018
2019-12-20 00:00:00,1817.748572810121
2019-12-22 00:00:00,1811.0711093989269
2019-12-23 00:00:00,1807.7214619368092
2019-12-24 00:00:00,1804.3648134167815
2019-12-25 00:00:00,1801.00122249173
2019-12-26 00:00:00,1797.6306431768328
2019-12-27 00:00:00,1794.25293551207
2019-12-29 00:00:00,1787.4751670686949
2019-12-30 00:00:00,1784.0744483196247
2019-12-31 00:00:00,1780.6653046610702
2020-01-01 00:00:00,1777.247275834298
2020-01-02 00:00:00,1773.8198644079132
2020-01-03 00:00:00,1771.2162733597345
2020-01-05 00:00:00,1765.0567205822056
2020-01-06 00:00:00,1761.1463147674767
2020-01-07 00:00:00,1757.2305884193688
2020-01-08 00:00:00,1753.3038703011466
2020-01-09 00:00:00,1749.198173445815
2020-01-10 00:00:00,1744.7768255121773
2020-01-12 00:00:00,1735.7730012743684
2020-01-13 00:00:00,1733.0065595378965
2020-01-14 00:00:00,1731.4597276783838
2020-01-15 00:00:00,1729.9124841926675
2020-01-16 00:00:00,1728.3906150187308
2020-01-17 00:00:00,1726.9160006737586
2020-01-19 00:00:00,1724.143402307851
2020-01-20 00:00:00,1722.8270983127986
2020-01-21 00:00:00,1721.5241354057346
2020-01-22 00:00:00,1720.2006320540622
2020-01-23 00:00:00,1718.8235201232717
2020-01-24 00:00:00,1717.3671178210893
2020-01-26 00:00:00,1714.1790609912096
2020-01-27 00:00:00,1712.4673932573264
2020-01-28 00:00:00,1710.7142569977937
2020-01-29 00:00:00,1708.9591268134643
2020-01-30 00:00:00,1707.243447543235
2020-01-31 00:00:00,1705.6034018297332
2020-02-02 00:00:00,1702.6294787053453
2020-02-03 00:00:00,1701.2897494742583
2020-02-04 00:00:00,1700.0124188756522
2020-02-05 00:00:00,1698.7517297124873
2020-02-06 00:00:00,1697.455369671718
2020-02-07 00:00:00,1696.0744513771251
2020-02-09 00:00:00,1692.9431536988966
2020-02-10 00:00:00,1691.1981278030833
2020-02-11 00:00:00,1689.3827789660706
2020-02-12 00:00:00,1687.5586956986278
2020-02-13 00:00:00,1685.7910935330442
2020-02-14 00:00:00,1684.1324434081273
2020-02-16 00:00:00,1681.2162914289386
2020-02-17 00:00:00,1679.917051574063
2020-02-18 00:00:00,1678.6532207541054
2020-02-19 00:00:00,1677.3565859035339
2020-02-20 00:00:00,1675.9624872913287
2020-02-21 00:00:00,1674.4216140421904
2020-02-23 00:00:00,1670.8256488695174
2020-02-24 00:00:00,1668.8032925676036
2020-02-25 00:00:00,1666.694496871098
2020-02-26 00:00:00,1664.1916873015693
2020-02-27 00:00:00,1660.3570120183654
2020-02-28 00:00:00,1656.6940513343072
2020-03-01 00:00:00,1650.1101346481414
2020-03-02 00:00:00,1647.1967176573132
2020-03-03 00:00:00,1644.4660535156272
2020-03-04 00:00:00,1641.8202716010453
2020-03-05 00:00:00,1639.1433228474152
2020-03-06 00:00:00,1636.3225542134146
2020-03-08 00:00:00,1629.954160058183
2020-03-09 00:00:00,1626.7676544085532
2020-03-10 00:00:00,1625.1043325136275
2020-03-11 00:00:00,1623.3864097609878
2020-03-12 00:00:00,1621.74624335234
2020-03-13 00:00:00,1620.2941618070083
2020-03-15 00:00:00,1618.131588252677
2020-03-16 00:00:00,1617.3559417965441
2020-03-17 00:00:00,1616.6575463398408
2020-03-18 00:00:00,1615.9110554155807
2020-03-19 00:00:00,1614.9964689562714
2020-03-20 00:00:00,1613.8208179680828
2020-03-22 00:00:00,1612.195602484464
2020-03-23 00:00:00,1611.2300260809259
2020-03-24 00:00:00,1610.0928843959225
2020-03-25 00:00:00,1608.8982034263074
2020-03-26 00:00:00,1607.7669585710205
2020-03-27 00:00:00,1606.8074805857632
2020-03-29 00:00:00,1605.6734216607208
2020-03-30 01:00:00,1605.5169466402353
2020-03-31 01:00:00,1605.5794979827833
2020-04-01 01:00:00,1606.0932338543885
2020-04-02 01:00:00,1607.5105122146986
2020-04-03 01:00:00,1608.7926973150436
2020-04-05 01:00:00,1610.6195767524157
2020-04-06 01:00:00,1611.1288440706355
2020-04-07 01:00:00,1611.4443148004907
2020-04-08 01:00:00,1611.6804629087223
2020-04-09 01:00:00,1611.9654960454588
2020-04-12 01:00:00,1613.9631919497474
2020-04-13 01:00:00,1615.0256205199892
2020-04-14 01:00:00,1616.1659394384963
2020-04-15 01:00:00,1617.269566564159
2020-04-16 01:00:00,1618.225124276469
2020-04-17 01:00:00,1618.94448609038
2020-04-19 01:00:00,1619.5154955155415
2020-04-20 01:00:00,1619.3965913475804
2020-04-21 01:00:00,1619.0914518064128
2020-04-22 01:00:00,1618.6932737378772
2020-04-23 01:00:00,1618.3010212612749
2020-04-24 01:00:00,1618.0029365586201
2020-04-26 01:00:00,1617.906702233709
2020-04-27 01:00:00,1618.124477373162
2020-04-28 01:00:00,1618.4651559056997
2020-04-29 01:00:00,1618.8477949054925
2020-04-30 01:00:00,1619.1742329286883
2020-05-01 01:00:00,1619.346445866857
2020-05-03 01:00:00,1626.7553210914575
2020-05-04 01:00:00,1630.31171726785
2020-05-05 01:00:00,1633.6598892226423
2020-05-06 01:00:00,1636.8698665717047
2020-05-07 01:00:00,1640.0224145873876
2020-05-08 01:00:00,1643.187194328722
2020-05-10 01:00:00,1649.6701063468668
2020-05-11 01:00:00,1652.9472513353153
2020-05-12 01:00:00,1656.1650594271462
2020-05-13 01:00:00,1659.2387278774654
2020-05-14 01:00:00,1662.0841589624415
2020-05-15 01:00:00,1664.6317975292363
2020-05-17 01:00:00,1668.682303521456
2020-05-18 01:00:00,1670.18210162527
2020-05-19 01:00:00,1671.3725761127798
2020-05-20 01:00:00,1672.3059225637721
2020-05-21 01:00:00,1673.0398261127075
2020-05-22 01:00:00,1673.6274710442046
2020-05-24 01:00:00,1681.4086176032133
2020-05-25 01:00:00,1685.770630765225
2020-05-26 01:00:00,1689.9901257577358
2020-05-27 01:00:00,1694.0280000839807
2020-05-28 01:00:00,1697.837761704677
2020-05-29 01:00:00,1703.68316970621
2020-05-31 01:00:00,1714.9743815883535
2020-06-01 01:00:00,1720.0166597416921
2020-06-02 01:00:00,1724.6748486611161
2020-06-03 01:00:00,1728.9740827910805
2020-06-04 01:00:00,1732.9414735884466
2020-06-05 01:00:00,1736.5994548355459
2020-06-07 01:00:00,1743.0290928485408
2020-06-08 01:00:00,1745.794925472635
2020-06-09 01:00:00,1748.2437521612126
2020-06-10 01:00:00,1750.3575195594472
2020-06-11 01:00:00,1752.1190644669928
2020-06-12 01:00:00,1753.5151069255794
2020-06-14 01:00:00,1755.1856188657189
2020-06-15 01:00:00,1755.4613115083828
2020-06-16 01:00:00,1755.3714280218644
2020-06-17 01:00:00,1754.9238520286476
2020-06-18 01:00:00,1754.126364590697
2020-06-19 01:00:00,1752.9858395133297
2020-06-21 01:00:00,1749.700770931897
2020-06-22 01:00:00,1747.572158220345
2020-06-23 01:00:00,1745.1371561445046
2020-06-24 01:00:00,1742.4182050396244
2020-06-25 01:00:00,1739.4474505583119
2020-06-26 01:00:00,1736.2672608124062
2020-06-28 01:00:00,1729.4902826804575
2020-06-29 01:00:00,1726.0104747803816
2020-06-30 01:00:00,1722.547396203644
2020-07-01 01:00:00,1719.1540141358912
2020-07-02 01:00:00,1715.87773874905
2020-07-03 01:00:00,1712.7613016312266
2020-07-05 01:00:00,1707.1716153054886
2020-07-06 01:00:00,1704.7854304402322
2020-07-07 01:00:00,1702.737237485754
2020-07-08 01:00:00,1701.0822031648902
2020-07-09 01:00:00,1699.8781586884156
2020-07-10 01:00:00,1699.1821110141825
2020-07-12 01:00:00,1699.5116329765522
2020-07-13 01:00:00,1700.6080568117168
2020-07-14 01:00:00,1702.3480405303792
2020-07-15 01:00:00,1704.7282432197073
2020-07-16 01:00:00,1707.7308598738157
2020-07-17 01:00:00,1711.3274688721158
2020-07-19 01:00:00,1720.1701691789854
2020-07-20 01:00:00,1725.3604263180177
2020-07-21 01:00:00,1731.0452379050118
2020-07-22 01:00:00,1737.231268545699
2020-07-23 01:00:00,1743.9412317870697
2020-07-24 01:00:00,1751.2087661033315
2020-07-26 01:00:00,1767.549788915576
2020-07-27 01:00:00,1776.6575040647035
2020-07-28 01:00:00,1786.3754554726881
2020-07-29 01:00:00,1796.6612798907797
2020-07-30 01:00:00,1807.4527250238052
2020-07-31 01:00:00,1817.131618338703
2020-08-02 01:00:00,1833.4558794015006
2020-08-03 01:00:00,1841.8389259075893
2020-08-04 01:00:00,1849.6768426061187
2020-08-05 01:00:00,1854.4318243853181
2020-08-06 01:00:00,1860.0219130901924
2020-08-07 01:00:00,1867.017220263403
2020-08-09 01:00:00,1881.4208675465838
2020-08-10 01:00:00,1888.8381730901597
2020-08-11 01:00:00,1896.3887676740694
2020-08-12 01:00:00,1904.0510459038667
2020-08-13 01:00:00,1911.7937016414037
2020-08-14 01:00:00,1919.5789687507438
2020-08-16 01:00:00,1935.1230118915335
2020-08-17 01:00:00,1942.819864665834
2020-08-18 01:00:00,1950.445906644668
2020-08-19 01:00:00,1958.005937552379
2020-08-20 01:00:00,1965.5206820553144
2020-08-21 01:00:00,1973.022072119808
2020-08-23 01:00:00,1988.1193551086087
2020-08-24 01:00:00,1995.7594080136857
2020-08-25 01:00:00,2003.4624841593106
2020-08-26 01:00:00,2010.9634185252203
2020-08-27 01:00:00,2016.5313713214823
2020-08-28 01:00:00,2022.0649098696879
2020-08-30 01:00:00,2032.893188429491
2020-08-31 01:00:00,2038.1489575698217
2020-09-01 01:00:00,2043.2990669487037
2020-09-02 01:00:00,2048.3628357616344
2020-09-03 01:00:00,2052.1797026510408
2020-09-04 01:00:00,2054.940549829523
2020-09-06 01:00:00,2060.537020676623
2020-09-07 01:00:00,2063.4254066405815
2020-09-08 01:00:00,2066.387418287109
2020-09-09 01:00:00,2069.4142855303025
2020-09-10 01:00:00,2072.4832227199863
2020-09-11 01:00:00,2075.5610057399313
2020-09-13 01:00:00,2081.5922992719265
2020-09-14 01:00:00,2084.482268545963
2020-09-15 01:00:00,2087.2674660477132
2020-09-16 01:00:00,2089.9550540298405
2020-09-17 01:00:00,2092.570891890699
2020-09-18 01:00:00,2095.154229468639
2020-09-20 01:00:00,2100.3889116000437
2020-09-21 01:00:00,2103.0952339748787
2020-09-22 01:00:00,2105.8645539596005
2020-09-23 01:00:00,2108.6731331653377
2020-09-24 01:00:00,2111.4818768418495
2020-09-25 01:00:00,2112.566212287953
2020-09-27 01:00:00,2112.1939187449943
2020-09-28 01:00:00,2111.8634756270503
2020-09-29 01:00:00,2111.4346769556696
2020-09-30 01:00:00,2110.92618570716
2020-10-01 01:00:00,2110.368836735248
2020-10-02 01:00:00,2109.800063560076
2020-10-04 01:00:00,2108.7734716611862
2020-10-05 01:00:00,2108.3691466737428
2020-10-06 01:00:00,2108.0524313980486
2020-10-07 01:00:00,2107.8164622969207
2020-10-08 01:00:00,2107.412500875804
2020-10-09 01:00:00,2106.0760055131104
2020-10-11 01:00:00,2103.8642047635076
2020-10-12 01:00:00,2102.957472878357
2020-10-13 01:00:00,2102.182514142388
2020-10-14 01:00:00,2101.559782161964
2020-10-15 01:00:00,2101.1269224693083
2020-10-16 01:00:00,2100.9336090024176
2020-10-18 01:00:00,2101.4664864739857
2020-10-19 01:00:00,2102.261051834837
2020-10-20 01:00:00,2103.4147536663922
2020-10-21 01:00:00,2103.3057371576087
2020-10-22 01:00:00,2103.1048312494063
2020-10-23 01:00:00,2102.9005608115613
2020-10-25 01:00:00,2102.3569615846027
2020-10-26 00:00:00,2101.996426709718
2020-10-27 00:00:00,2101.547151693921
2020-10-28 00:00:00,2101.0358029606423
2020-10-29 00:00:00,2100.4847181413293
2020-10-30 00:00:00,2099.9215316517725
2020-11-01 00:00:00,2098.867326133311
2020-11-02 00:00:00,2098.417069246499
2020-11-03 00:00:00,2098.030556761071
2020-11-04 00:00:00,2097.7044152712365
2020-11-05 00:00:00,2097.4257414971
2020-11-06 00:00:00,2097.1742913348025
2020-11-08 00:00:00,2096.6563394705913
2020-11-09 00:00:00,2096.3463821249165
2020-11-10 00:00:00,2095.133913114561
2020-11-11 00:00:00,2092.1717339374477
2020-11-12 00:00:00,2089.194148639292
2020-11-13 00:00:00,2086.2209093607717
2020-11-15 00:00:00,2080.37916262574
2020-11-16 00:00:00,2077.5461569946037
2020-11-17 00:00:00,2074.7803713975622
2020-11-18 00:00:00,2070.1269113146686
2020-11-19 00:00:00,2064.5131197142096
2020-11-20 00:00:00,2058.8799873053445
2020-11-22 00:00:00,2047.5222877898664
2020-11-23 00:00:00,2041.7899556816856
2020-11-24 00:00:00,2036.0258201839615
2020-11-25 00:00:00,2030.2392781227848
2020-11-26 00:00:00,2024.44315092755
2020-11-27 00:00:00,2018.6515095369007
2020-11-29 00:00:00,2003.8302568303232
2020-11-30 00:00:00,1995.5678136920124
2020-12-01 00:00:00,1987.3417280607625
2020-12-02 00:00:00,1979.1501309680748
2020-12-03 00:00:00,1970.9880499761898
2020-12-04 00:00:00,1962.8487657615394
2020-12-06 00:00:00,1946.6122159433116
2020-12-07 00:00:00,1938.506056658537
2020-12-08 00:00:00,1930.4064421362546
2020-12-09 00:00:00,1922.3153674330374
2020-12-10 00:00:00,1914.2361756024939
2020-12-11 00:00:00,1906.172117320015
2020-12-13 00:00:00,1890.0934065920612
2020-12-14 00:00:00,1882.0747988280305
2020-12-15 00:00:00,1872.7292179626647
2020-12-16 00:00:00,1861.5733511992069
2020-12-17 00:00:00,1850.4054602784188
2020-12-18 00:00:00,1839.2258857094673
2020-12-20 00:00:00,1816.8610521771259
2020-12-21 00:00:00,1805.6990687246387
2020-12-22 00:00:00,1794.6200880700353
2020-12-23 00:00:00,1783.7460294968237
2020-12-24 00:00:00,1772.9065484587381
2020-12-27 00:00:00,1740.4734505779193
2020-12-28 00:00:00,1729.6235549066214
2020-12-29 00:00:00,1718.7184609123349
2020-12-30 00:00:00,1707.743862070203
2020-12-31 00:00:00,1696.6955552494264
2021-01-03 00:00:00,1656.932590525137
2021-01-04 00:00:00,1643.1736472711389
2021-01-05 00:00:00,1629.5002166101717
2021-01-06 00:00:00,1615.9467281286923
2021-01-07 00:00:00,1602.5225013670722
2021-01-08 00:00:00,1589.2079282630307
2021-01-10 00:00:00,1562.7086175768063
2021-01-11 00:00:00,1552.0225308626
2021-01-12 00:00:00,1542.399261490064
2021-01-13 00:00:00,1534.6100399850363
2021-01-14 00:00:00,1526.6587656791705
2021-01-15 00:00:00,1518.5846925896153
2021-01-17 00:00:00,1502.341615843636
2021-01-18 00:00:00,1494.3260278385667
2021-01-19 00:00:00,1486.464631472647
2021-01-20 00:00:00,1478.7879454912443
2021-01-21 00:00:00,1471.4401537406327
2021-01-22 00:00:00,1465.0963155622342
2021-01-24 00:00:00,1452.587909790694
2021-01-25 00:00:00,1446.2589665573119
2021-01-26 00:00:00,1439.7785633967333
2021-01-27 00:00:00,1433.0972117558986
2021-01-28 00:00:00,1426.2003900531352
2021-01-29 00:00:00,1419.1143894725642
2021-01-31 00:00:00,1404.6672550860499
2021-02-01 00:00:00,1397.508044539435
2021-02-02 00:00:00,1390.5226604783738
2021-02-03 00:00:00,1383.7725163632922
2021-02-04 00:00:00,1377.2689148558238
2021-02-05 00:00:00,1370.968735629244
2021-02-07 00:00:00,1360.1991422321255
2021-02-08 00:00:00,1356.1587847756023
2021-02-09 00:00:00,1351.901453741637
2021-02-10 00:00:00,1347.3751526491415
2021-02-11 00:00:00,1342.581493326554
2021-02-12 00:00:00,1338.3453402111397
2021-02-14 00:00:00,1335.115923373707
2021-02-15 00:00:00,1336.493614936318
2021-02-16 00:00:00,1339.4755329884447
2021-02-17 00:00:00,1342.2128509944284
2021-02-18 00:00:00,1344.7090840856924
2021-02-19 00:00:00,1346.931818209997
2021-02-21 00:00:00,1350.2793859155402
2021-02-22 00:00:00,1351.2282780793014
2021-02-23 00:00:00,1351.5848847225427
2021-02-24 00:00:00,1351.300333195698
2021-02-25 00:00:00,1350.3703855656036
2021-02-26 00:00:00,1348.8438119858235
2021-02-28 00:00:00,1344.4423882446456
2021-03-01 00:00:00,1341.8626193898874
2021-03-02 00:00:00,1339.2228114514992
2021-03-03 00:00:00,1336.620889145844
2021-03-04 00:00:00,1334.0925195888424
2021-03-05 00:00:00,1331.6059786871876
2021-03-07 00:00:00,1329.1998642232622
2021-03-08 00:00:00,1327.866127522348
2021-03-09 00:00:00,1326.2295266714518
2021-03-10 00:00:00,1324.2344545496649
2021-03-11 00:00:00,1321.8827091376065
2021-03-12 00:00:00,1319.2319313159242
2021-03-14 00:00:00,1313.4616266785915
2021-03-15 00:00:00,1310.5927692471128
2021-03-16 00:00:00,1307.8820888186726
2021-03-17 00:00:00,1305.3982302026404
2021-03-18 00:00:00,1303.1638771073292
2021-03-19 00:00:00,1301.1542808087502
2021-03-21 00:00:00,1297.5138621835104
2021-03-22 00:00:00,1295.6768178578088
2021-03-23 00:00:00,1293.6870206196224
2021-03-24 00:00:00,1291.4635995699389
2021-03-25 00:00:00,1288.9658938735965
2021-03-26 00:00:00,1286.203512231495
2021-03-28 00:00:00,1282.2535741096906
2021-03-29 01:00:00,1280.6614361069865
2021-03-30 01:00:00,1279.2144208177538
2021-03-31 01:00:00,1277.896999558294
2021-04-01 01:00:00,1276.722719214539
2021-04-04 01:00:00,1273.6619082789794
2021-04-05 01:00:00,1272.563576769101
2021-04-06 01:00:00,1271.3158155171946
2021-04-07 01:00:00,1269.8848266283933
2021-04-08 01:00:00,1268.2682508413666
2021-04-09 01:00:00,1266.493603752589
2021-04-11 01:00:00,1262.6838243878713
2021-04-12 01:00:00,1260.7748052747775
2021-04-13 01:00:00,1258.937915538613
2021-04-14 01:00:00,1257.209419785797
2021-04-15 01:00:00,1255.6038218152169
2021-04-16 01:00:00,1254.1132303602785
2021-04-18 01:00:00,1251.352702606538
2021-04-19 01:00:00,1249.9928496821394
2021-04-20 01:00:00,1248.584608465667
2021-04-21 01:00:00,1247.093325753393
2021-04-22 01:00:00,1245.5033007175366
2021-04-23 01:00:00,1243.8309762719077
2021-04-25 01:00:00,1248.2182000342707
2021-04-26 01:00:00,1253.1843458735107
2021-04-27 01:00:00,1259.7452399555689
2021-04-28 01:00:00,1266.3740875427895
2021-04-29 01:00:00,1273.073335886171
2021-04-30 01:00:00,1279.8218784547682
2021-05-02 01:00:00,1293.2936139322205
2021-05-03 01:00:00,1299.9144452565981
2021-05-04 01:00:00,1306.3998506905666
2021-05-05 01:00:00,1312.7240039007734
2021-05-06 01:00:00,1318.8792905652442
2021-05-07 01:00:00,1324.874827907319
2021-05-09 01:00:00,1336.4787022114658
2021-05-10 01:00:00,1342.1425843450647
2021-05-11 01:00:00,1348.4782508897583
2021-05-12 01:00:00,1356.8142472717072
2021-05-13 01:00:00,1364.942173669853
2021-05-14 01:00:00,1372.8554595296614
2021-05-16 01:00:00,1387.9916675640525
2021-05-17 01:00:00,1395.1858257443796
2021-05-18 01:00:00,1402.5746467347515
2021-05-19 01:00:00,1411.6512370591622
2021-05-20 01:00:00,1420.4567161111656
2021-05-21 01:00:00,1428.986623417475
2021-05-23 01:00:00,1445.20247216174
2021-05-24 01:00:00,1452.880555198433
2021-05-25 01:00:00,1460.267747067472
2021-05-26 01:00:00,1467.3618335071676
2021-05-27 01:00:00,1474.1617410178792
2021-05-28 01:00:00,1480.6678170384337
2021-05-30 01:00:00,1494.8106792729152
2021-05-31 01:00:00,1502.9931155479808
2021-06-01 01:00:00,1511.0501745714555
2021-06-02 01:00:00,1518.9879205745483
2021-06-03 01:00:00,1526.813988257398
2021-06-04 01:00:00,1534.537674686973
2021-06-06 01:00:00,1549.7236300236855
2021-06-07 01:00:00,1557.212939588963
2021-06-08 01:00:00,1564.6537336911276
2021-06-09 01:00:00,1572.0631054094363
2021-06-10 01:00:00,1579.4591491947272
2021-06-11 01:00:00,1586.86063624982
2021-06-13 01:00:00,1601.7562276299263
2021-06-14 01:00:00,1609.287947939877
2021-06-15 01:00:00,1616.8996191127746
2021-06-16 01:00:00,1624.607951019053
2021-06-17 01:00:00,1632.4283065792024
2021-06-18 01:00:00,1640.3745145771293
2021-06-20 01:00:00,1656.6914943530317
2021-06-21 01:00:00,1665.081528788775
2021-06-22 01:00:00,1673.6360184395915
2021-06-23 01:00:00,1682.3606063738184
2021-06-24 01:00:00,1691.2595446217351
2021-06-25 01:00:00,1700.3358364228275
2021-06-27 01:00:00,1719.0271323536215
2021-06-28 01:00:00,1728.6432228692006
2021-06-29 01:00:00,1738.4391284111582
2021-06-30 01:00:00,1748.4137931526705
2021-07-01 01:00:00,1758.5657571533454
2021-07-02 01:00:00,1768.2026875101785
2021-07-04 01:00:00,1786.663647466646
2021-07-05 01:00:00,1796.1453796009582
2021-07-06 01:00:00,1805.7917836752779
2021-07-07 01:00:00,1815.6007164230114
2021-07-08 01:00:00,1823.1720966322052
2021-07-09 01:00:00,1830.7561541760053
2021-07-11 01:00:00,1846.3872198704662
2021-07-12 01:00:00,1854.4294464782351
2021-07-13 01:00:00,1862.6192118221566
2021-07-14 01:00:00,1871.5107606411925
2021-07-15 01:00:00,1881.1501409889397
2021-07-16 01:00:00,1890.9244990607983
2021-07-18 01:00:00,1910.8576425658086
2021-07-19 01:00:00,1921.0041269669944
2021-07-20 01:00:00,1931.2608743834764
2021-07-21 01:00:00,1941.6194984414624
2021-07-22 01:00:00,1952.0707603194787
2021-07-23 01:00:00,1961.2614197497105
2021-07-25 01:00:00,1977.34377542598
2021-07-26 01:00:00,1985.460544509514
2021-07-27 01:00:00,1993.6129407813912
2021-07-28 01:00:00,2001.7901701607875
2021-07-29 01:00:00,2009.9819242439733
2021-07-30 01:00:00,2017.5937407737817
2021-08-01 01:00:00,2031.0059108213413
2021-08-02 01:00:00,2037.0752383130787
2021-08-03 01:00:00,2039.4333106813096
2021-08-04 01:00:00,2041.7916360317176
2021-08-05 01:00:00,2044.1501997855185
2021-08-06 01:00:00,2046.5089831719342
2021-08-08 01:00:00,2051.227109405111
2021-08-09 01:00:00,2053.5863886989
2021-08-10 01:00:00,2055.9457598172235
2021-08-11 01:00:00,2058.305176185474
2021-08-12 01:00:00,2056.6936808665873
2021-08-13 01:00:00,2055.1073614852735
2021-08-15 01:00:00,2052.079991670714
2021-08-16 01:00:00,2050.638722119329
2021-08-17 01:00:00,2049.245444658286
2021-08-18 01:00:00,2047.8998878604752
2021-08-19 01:00:00,2046.6017652392618
2021-08-20 01:00:00,2047.2167475254935
2021-08-22 01:00:00,2048.8648796568086
2021-08-23 01:00:00,2049.687584800545
2021-08-24 01:00:00,2050.5095777905785
2021-08-25 01:00:00,2051.3310080753336
2021-08-26 01:00:00,2052.1520266644407
2021-08-27 01:00:00,2052.972785200854
2021-08-29 01:00:00,2054.6141266614077
2021-08-30 01:00:00,2055.4350087295475
2021-08-31 01:00:00,2056.2562279533618
2021-09-01 01:00:00,2057.077928500809
2021-09-02 01:00:00,2057.900251588899
2021-09-03 01:00:00,2058.723334904008
2021-09-05 01:00:00,2060.3723100796255
2021-09-06 01:00:00,2061.1984506171157
2021-09-07 01:00:00,2062.0258453914307
2021-09-08 01:00:00,2062.854595612017
2021-09-09 01:00:00,2063.684789956758
2021-09-10 01:00:00,2064.516503377184
2021-09-12 01:00:00,2066.1847173141846
2021-09-13 01:00:00,2067.021300182078
2021-09-14 01:00:00,2067.8595699452226
2021-09-15 01:00:00,2068.699542790357
2021-09-16 01:00:00,2069.5412284667686
2021-09-17 01:00:00,2070.3846320919147
2021-09-19 01:00:00,2072.0765992227844
2021-09-20 01:00:00,2072.9251614599107
2021-09-21 01:00:00,2073.775439922295
2021-09-22 01:00:00,2074.62743062315
2021-09-23 01:00:00,2075.4811272695515
2021-09-24 01:00:00,2074.8460086756722
2021-09-26 01:00:00,2071.94553475044
2021-09-27 01:00:00,2070.5022826490895
2021-09-28 01:00:00,2069.0637893647963
2021-09-29 01:00:00,2067.630129968395
2021-09-30 01:00:00,2066.2013782495715
2021-10-01 01:00:00,2064.777606868858
2021-10-03 01:00:00,2061.945291791955
2021-10-04 01:00:00,2060.5368902899777
2021-10-05 01:00:00,2059.1337536436877
2021-10-06 01:00:00,2057.7359513399547
2021-10-07 01:00:00,2056.343550514751
2021-10-08 01:00:00,2054.956613976382
2021-10-10 01:00:00,2052.0329089563234
2021-10-11 01:00:00,2052.1412023796947
2021-10-12 01:00:00,2052.152989846189
2021-10-13 01:00:00,2051.9732443314565
2021-10-14 01:00:00,2051.5190810534277
2021-10-15 01:00:00,2050.7278357565115
2021-10-17 01:00:00,2048.0052999308778
2021-10-18 01:00:00,2046.0672124597945
2021-10-19 01:00:00,2043.7694170507314
2021-10-20 01:00:00,2041.1432746360101
2021-10-21 01:00:00,2038.2230173112873
2021-10-22 01:00:00,2035.0410484719566
2021-10-24 01:00:00,2027.9960471414738
2021-10-25 01:00:00,2024.1697558369167
2021-10-26 01:00:00,2020.156687339959
2021-10-27 01:00:00,2015.9648847331475
2021-10-28 01:00:00,2011.6023640084977
2021-10-29 01:00:00,2007.0796702530304
2021-10-31 01:00:00,1997.6201028809496
2021-11-01 00:00:00,1992.935704202176
2021-11-02 00:00:00,1987.9806238634987
2021-11-03 00:00:00,1982.987545020421
2021-11-04 00:00:00,1977.9846834326584
2021-11-05 00:00:00,1972.9940326460692
2021-11-07 00:00:00,1963.0942015230025
2021-11-08 00:00:00,1958.1864980364546
2021-11-09 00:00:00,1953.2986374105508
2021-11-10 00:00:00,1948.4224943747702
2021-11-11 00:00:00,1944.4198034683375
2021-11-12 00:00:00,1941.429528929499
2021-11-14 00:00:00,1934.3318112999532
2021-11-15 00:00:00,1928.0738089277388
2021-11-16 00:00:00,1921.849462532989
2021-11-17 00:00:00,1915.6668099799906
2021-11-18 00:00:00,1909.1058486056907
2021-11-19 00:00:00,1901.5752919538832
2021-11-21 00:00:00,1886.6566531955264
2021-11-22 00:00:00,1879.2632760780486
2021-11-23 00:00:00,1871.9101636449946
2021-11-24 00:00:00,1864.5959781302972
2021-11-25 00:00:00,1857.3213443855152
2021-11-26 00:00:00,1849.196175983333
2021-11-28 00:00:00,1828.5620186700646
2021-11-29 00:00:00,1818.3418024198115
2021-11-30 00:00:00,1808.1906026618965
2021-12-01 00:00:00,1798.1046313705604
2021-12-02 00:00:00,1788.0740125821553
2021-12-03 00:00:00,1778.0848658146222
2021-12-05 00:00:00,1758.1793795405752
2021-12-06 00:00:00,1748.2528335426018
2021-12-07 00:00:00,1738.3535529403155
2021-12-08 00:00:00,1728.5009161603316
2021-12-09 00:00:00,1718.7198990779584
2021-12-10 00:00:00,1709.0352088660875
2021-12-12 00:00:00,1690.0190054919426
2021-12-13 00:00:00,1680.6919929668975
2021-12-14 00:00:00,1671.4691306938023
2021-12-15 00:00:00,1662.3266200923745
2021-12-16 00:00:00,1653.0019688055681
2021-12-17 00:00:00,1642.5545744268832
2021-12-19 00:00:00,1621.5383890479402
2021-12-20 00:00:00,1610.955183892052
2021-12-21 00:00:00,1600.3473310084569
2021-12-22 00:00:00,1589.759761098377
2021-12-23 00:00:00,1579.2528860187988
2021-12-26 00:00:00,1548.8595893537197
2021-12-27 00:00:00,1539.252735418936
2021-12-28 00:00:00,1529.915911151493
2021-12-29 00:00:00,1520.8068695532372
2021-12-30 00:00:00,1514.0272615039487
2021-12-31 00:00:00,1508.9823579935592
2022-01-02 00:00:00,1498.9555611184776
2022-01-03 00:00:00,1493.926634449354
2022-01-04 00:00:00,1488.9318167305203
2022-01-05 00:00:00,1484.0538063325826
2022-01-06 00:00:00,1479.394355520032
2022-01-07 00:00:00,1475.0514334243019
2022-01-09 00:00:00,1467.5718923285328
2022-01-10 00:00:00,1464.4655961307762
2022-01-11 00:00:00,1461.7370305807724
2022-01-12 00:00:00,1459.317155831474
2022-01-13 00:00:00,1457.1245354536943
2022-01-14 00:00:00,1455.079736852086
2022-01-16 00:00:00,1451.1989828338294
2022-01-17 00:00:00,1449.3113706631361
2022-01-18 00:00:00,1447.4733800073877
2022-01-19 00:00:00,1445.7269146585063
2022-01-20 00:00:00,1444.126605631863
2022-01-21 00:00:00,1442.7244274166176
2022-01-23 00:00:00,1440.604998766657
2022-01-24 00:00:00,1439.8298546006333
2022-01-25 00:00:00,1439.1217337971607
2022-01-26 00:00:00,1438.3301247863255
2022-01-27 00:00:00,1437.2759445302058
2022-01-28 00:00:00,1435.776938114833
2022-01-30 00:00:00,1430.8735276963112
2022-01-31 00:00:00,1427.3358518601453
2022-02-01 00:00:00,1423.1085947222018
2022-02-02 00:00:00,1418.2988371964557
2022-02-03 00:00:00,1413.0492433564887
2022-02-04 00:00:00,1407.5049890833827
2022-02-06 00:00:00,1395.9548637721741
2022-02-07 00:00:00,1390.0324173154784
2022-02-08 00:00:00,1383.9785901385753
2022-02-09 00:00:00,1377.7173183459997
2022-02-10 00:00:00,1371.152622014372
2022-02-11 00:00:00,1364.1886651577947
2022-02-13 00:00:00,1348.7902387004879
2022-02-14 00:00:00,1340.315828374665
2022-02-15 00:00:00,1331.3758237238198
2022-02-16 00:00:00,1322.0642816985483
2022-02-17 00:00:00,1312.6436307364982
2022-02-18 00:00:00,1303.252388853841
2022-02-20 00:00:00,1284.497002955644
2022-02-21 00:00:00,1275.2741837616675
2022-02-22 00:00:00,1266.1554382029422
2022-02-23 00:00:00,1257.069929894601
2022-02-24 00:00:00,1247.905202753149
2022-02-25 00:00:00,1238.5317209779237
2022-02-27 00:00:00,1218.7292703054407
2022-02-28 00:00:00,1208.2045708108121
2022-03-01 00:00:00,1197.3040362339902
2022-03-02 00:00:00,1186.1272070249324
2022-03-03 00:00:00,1175.6216161619725
2022-03-04 00:00:00,1166.9278492240007
2022-03-06 00:00:00,1150.0040784060677
2022-03-07 00:00:00,1142.0089995634426
2022-03-08 00:00:00,1134.2821427926415
2022-03-09 00:00:00,1126.660129147434
2022-03-10 00:00:00,1119.041810667887
2022-03-11 00:00:00,1111.3226415795937
2022-03-13 00:00:00,1095.2507889314818
2022-03-14 00:00:00,1086.816693145785
2022-03-15 00:00:00,1078.1333466501067
2022-03-16 00:00:00,1069.264547115769
2022-03-17 00:00:00,1060.3042155146825
2022-03-18 00:00:00,1051.3598475764898
2022-03-20 00:00:00,1033.8976491092785
2022-03-21 00:00:00,1025.4889936666584
2022-03-22 00:00:00,1019.6269323272436
2022-03-23 00:00:00,1014.7360969502297
2022-03-24 00:00:00,1009.9479981586384
2022-03-25 00:00:00,1005.1573941342991
2022-03-27 00:00:00,995.2195994773214
2022-03-28 01:00:00,989.7650136848224
2022-03-29 01:00:00,984.8082438397246
2022-03-30 01:00:00,981.2253597713567
2022-03-31 01:00:00,977.6542021237401
2022-04-01 01:00:00,974.1825734435155
2022-04-03 01:00:00,967.7912123163492
2022-04-04 01:00:00,964.9187127392787
2022-04-05 01:00:00,962.2362798269658
2022-04-06 01:00:00,960.9841526553774
2022-04-07 01:00:00,959.8413228695475
2022-04-08 01:00:00,958.6896594639442
2022-04-10 01:00:00,956.0981492931634
2022-04-11 01:00:00,954.5755028483771
2022-04-12 01:00:00,952.88836345391
2022-04-13 01:00:00,951.0581340146442
2022-04-14 01:00:00,949.1247446175059
2022-04-17 01:00:00,943.166339622557
2022-04-18 01:00:00,941.224866778021
2022-04-19 01:00:00,942.1705377517188
2022-04-20 01:00:00,943.5199484415546
2022-04-21 01:00:00,944.6629464556519
2022-04-22 01:00:00,945.5338486367538
2022-04-24 01:00:00,947.2717548626993
2022-04-25 01:00:00,949.8044570790923
2022-04-26 01:00:00,951.8289097792016
2022-04-27 01:00:00,953.3535984926901
2022-04-28 01:00:00,954.3926217218295
2022-04-29 01:00:00,954.9599184075169
2022-05-01 01:00:00,955.0005295060188
2022-05-02 01:00:00,956.0379150868071
2022-05-03 01:00:00,956.6019003145569
2022-05-04 01:00:00,956.67609185493
2022-05-05 01:00:00,956.243330768607
2022-05-06 01:00:00,955.2888400259692
2022-05-08 01:00:00,951.7826783309305
2022-05-09 01:00:00,949.2329879590727
2022-05-10 01:00:00,946.1659866412053
2022-05-11 01:00:00,942.5999685840555
2022-05-12 01:00:00,938.5576069597435
2022-05-13 01:00:00,934.0641676776675
2022-05-15 01:00:00,923.8321505829456
2022-05-16 01:00:00,918.1521479212547
2022-05-17 01:00:00,912.1415154259485
2022-05-18 01:00:00,905.8426221439476
2022-05-19 01:00:00,899.3068729610739
2022-05-20 01:00:00,892.5950816672637
2022-05-22 01:00:00,878.9206809955234
2022-05-23 01:00:00,872.1017103630973
2022-05-24 01:00:00,865.3845056728248
2022-05-25 01:00:00,858.82594853106
2022-05-26 01:00:00,852.4723307168415
2022-05-27 01:00:00,846.3597153861363
2022-05-29 01:00:00,834.9634740650501
2022-05-30 01:00:00,830.4256606277398
2022-05-31 01:00:00,826.6789231871493
2022-06-01 01:00:00,823.2926889194279
2022-06-02 01:00:00,820.2959403517964
2022-06-03 01:00:00,817.7214722060302
2022-06-05 01:00:00,813.9763263966062
2022-06-06 01:00:00,812.8658607482905
2022-06-07 01:00:00,812.2891340947534
2022-06-08 01:00:00,812.2484353109486
2022-06-09 01:00:00,812.7297530358186
2022-06-10 01:00:00,813.7034837228372
2022-06-12 01:00:00,817.1560805956931
2022-06-13 01:00:00,821.6127652653041
2022-06-14 01:00:00,826.4042324636121
2022-06-15 01:00:00,831.5205738890445
2022-06-16 01:00:00,836.9740988286914
2022-06-17 01:00:00,844.417038720473
2022-06-19 01:00:00,862.3421918787759
2022-06-20 01:00:00,871.9466784001925
2022-06-21 01:00:00,881.9828861948952
2022-06-22 01:00:00,892.4402272771355
2022-06-23 01:00:00,903.29852192927
2022-06-24 01:00:00,914.5312217272985
2022-06-26 01:00:00,938.0070191330652
2022-06-27 01:00:00,950.202676603535
2022-06-28 01:00:00,962.6842084238243
2022-06-29 01:00:00,975.4490032155708
2022-06-30 01:00:00,988.5039531977343
2022-07-01 01:00:00,1001.863611309794
2022-07-03 01:00:00,1029.572350761879
2022-07-04 01:00:00,1043.95344279668
2022-07-05 01:00:00,1058.6931361676372
2022-07-06 01:00:00,1073.7801924445284
2022-07-07 01:00:00,1089.1871461948217
2022-07-08 01:00:00,1104.870907254452
2022-07-10 01:00:00,1136.8415190543255
2022-07-11 01:00:00,1153.00694627042
2022-07-12 01:00:00,1169.2220443855554
2022-07-13 01:00:00,1185.4521432016688
2022-07-14 01:00:00,1201.6809860616297
2022-07-15 01:00:00,1217.9085883218181
2022-07-17 01:00:00,1250.400388520563
2022-07-18 01:00:00,1266.6789504999317
2022-07-19 01:00:00,1282.9710929775667
2022-07-20 01:00:00,1299.2529607826298
2022-07-21 01:00:00,1315.4883215615957
2022-07-22 01:00:00,1331.6332962982567
2022-07-24 01:00:00,1363.4746559524738
2022-07-25 01:00:00,1379.0988968299466
2022-07-26 01:00:00,1394.4975484182878
2022-07-27 01:00:00,1409.6685689529902
2022-07-28 01:00:00,1424.6252566043302
2022-07-29 01:00:00,1439.3938849935885
2022-07-31 01:00:00,1468.5093970349649
2022-08-01 01:00:00,1480.0464043292775
2022-08-02 01:00:00,1491.5575364053973
2022-08-03 01:00:00,1505.17114539088
2022-08-04 01:00:00,1518.6003491085646
2022-08-05 01:00:00,1531.8696658411102
2022-08-07 01:00:00,1558.0804014837408
2022-08-08 01:00:00,1571.102152922695
2022-08-09 01:00:00,1584.107318350932
2022-08-10 01:00:00,1597.1034860421598
2022-08-11 01:00:00,1610.0770384790799
2022-08-12 01:00:00,1622.9960485647787
2022-08-14 01:00:00,1648.4999183375164
2022-08-15 01:00:00,1661.00857093106
2022-08-16 01:00:00,1673.326662037991
2022-08-17 01:00:00,1685.4552674796976
2022-08-18 01:00:00,1697.4117644801615
2022-08-19 01:00:00,1709.2248067767573
2022-08-21 01:00:00,1732.551642321708
2022-08-22 01:00:00,1744.1193767513257
2022-08-23 01:00:00,1755.6408347266724
2022-08-24 01:00:00,1767.1104550087823
2022-08-25 01:00:00,1778.506970229558
2022-08-26 01:00:00,1789.7955552205292
2022-08-28 01:00:00,1811.8690667435608
2022-08-29 01:00:00,1821.8220132392576
2022-08-30 01:00:00,1829.627286212677
2022-08-31 01:00:00,1837.1305138993525
2022-09-01 01:00:00,1844.3248252484477
2022-09-02 01:00:00,1851.2177048180165
2022-09-04 01:00:00,1862.8680387342595
2022-09-05 01:00:00,1867.7613832018517
2022-09-06 01:00:00,1872.5646995357502
2022-09-07 01:00:00,1877.276091349229
2022-09-08 01:00:00,1881.8745506813354
2022-09-09 01:00:00,1886.3231719897947
2022-09-11 01:00:00,1894.5860206033005
2022-09-12 01:00:00,1898.3161337767872
2022-09-13 01:00:00,1901.743135912278
2022-09-14 01:00:00,1904.8617220885862
2022-09-15 01:00:00,1907.683853815984
2022-09-16 01:00:00,1910.23592231864
2022-09-18 01:00:00,1914.6820158789076
2022-09-19 01:00:00,1916.4928866090631
2022-09-20 01:00:00,1916.6911034009245
2022-09-21 01:00:00,1916.702755755125
2022-09-22 01:00:00,1916.6020433302212
2022-09-23 01:00:00,1916.4648280947545
2022-09-25 01:00:00,1916.3938575453112
2022-09-26 01:00:00,1916.622326750947
2022-09-27 01:00:00,1918.3936079052455
2022-09-28 01:00:00,1923.3028958140576
2022-09-29 01:00:00,1928.400423408826
2022-09-30 01:00:00,1933.7329782156944
2022-10-02 01:00:00,1944.4716813799523
2022-10-03 01:00:00,1947.9989644135537
2022-10-04 01:00:00,1951.8933049059765
2022-10-05 01:00:00,1956.151679741747
2022-10-06 01:00:00,1960.753661807944
2022-10-07 01:00:00,1965.6646022320565
2022-10-09 01:00:00,1976.2372844441502
2022-10-10 01:00:00,1981.8103286426197
2022-10-11 01:00:00,1987.5245711695336
2022-10-12 01:00:00,1993.3532515773265
2022-10-13 01:00:00,1997.083856835564
2022-10-14 01:00:00,2000.011909993986
2022-10-16 01:00:00,2005.7786116288976
2022-10-17 01:00:00,2008.644152627465
2022-10-18 01:00:00,2011.5094077570207
2022-10-19 01:00:00,2014.3763121695538
2022-10-20 01:00:00,2017.2411895320392
2022-10-21 01:00:00,2020.0957395818502
2022-10-23 01:00:00,2025.7286404722643
2022-10-24 01:00:00,2028.485048232105
2022-10-25 01:00:00,2031.191271925123
2022-10-26 01:00:00,2033.8449742865457
2022-10-27 01:00:00,2036.4482947262636
2022-10-28 01:00:00,2039.0068903508775
2022-10-30 01:00:00,2044.0194745814701
2022-10-31 00:00:00,2046.3829998760675
2022-11-01 00:00:00,2048.827377154711
2022-11-02 00:00:00,2051.2477771212575
2022-11-03 00:00:00,2053.640844655006
2022-11-04 00:00:00,2053.5242946100534
2022-11-06 00:00:00,2052.9115787384853
2022-11-07 00:00:00,2049.8217267710847
2022-11-08 00:00:00,2043.713018578485
2022-11-09 00:00:00,2037.581053448847
2022-11-10 00:00:00,2028.4616102006044
2022-11-11 00:00:00,2018.9913276780899
2022-11-13 00:00:00,1999.998602737984
2022-11-14 00:00:00,1990.4823518673138
2022-11-15 00:00:00,1980.9599411511742
2022-11-16 00:00:00,1971.4371679034098
2022-11-17 00:00:00,1961.9183919808108
2022-11-18 00:00:00,1952.4050963238406
2022-11-20 00:00:00,1933.381404115367
2022-11-21 00:00:00,1923.8547975886436
2022-11-22 00:00:00,1914.3310579425884
2022-11-23 00:00:00,1905.3305329173584
2022-11-24 00:00:00,1896.282443183412
2022-11-25 00:00:00,1887.1865629347074
2022-11-27 00:00:00,1868.8875521200293
2022-11-28 00:00:00,1859.7173168782656
2022-11-29 00:00:00,1850.5585473541162
2022-11-30 00:00:00,1840.8517096354092
2022-12-01 00:00:00,1827.9532075369336
2022-12-02 00:00:00,1812.5403227762465
2022-12-04 00:00:00,1780.3110142576284
2022-12-05 00:00:00,1764.1912733724555
2022-12-06 00:00:00,1748.0523845954492
2022-12-07 00:00:00,1731.888898901992
2022-12-08 00:00:00,1715.703845540694
2022-12-09 00:00:00,1699.5101279510698
2022-12-11 00:00:00,1667.1963695794886
2022-12-12 00:00:00,1651.1448717325632
2022-12-13 00:00:00,1635.215717737879
2022-12-14 00:00:00,1619.4471475059074
2022-12-15 00:00:00,1603.8723384109142
2022-12-16 00:00:00,1588.5167221942847
2022-12-18 00:00:00,1558.5213558336816
2022-12-19 00:00:00,1543.893881653924
2022-12-20 00:00:00,1529.5182986648128
2022-12-21 00:00:00,1515.4051031697675
2022-12-22 00:00:00,1501.5782120603762
2022-12-23 00:00:00,1488.0805088067634
2022-12-26 00:00:00,1450.2968071916725
2022-12-27 00:00:00,1438.9165587267291
2022-12-28 00:00:00,1428.2986277284597
2022-12-29 00:00:00,1418.5140147790185
2022-12-30 00:00:00,1410.7431489389674
2023-01-02 00:00:00,1399.3150333074354
2023-01-03 00:00:00,1397.9232721269334
2023-01-04 00:00:00,1397.5732019479674
2023-01-05 00:00:00,1398.1051239622932
2023-01-06 00:00:00,1399.3258329067037
2023-01-08 00:00:00,1402.9527344621306
2023-01-09 00:00:00,1404.9035690584333
2023-01-10 00:00:00,1406.6595298680425
2023-01-11 00:00:00,1408.0349719710634
2023-01-12 00:00:00,1408.8749629912948
2023-01-13 00:00:00,1409.0562311846886
2023-01-15 00:00:00,1407.0926646554603
2023-01-16 00:00:00,1404.8337572677235
2023-01-17 00:00:00,1401.6831217017123
2023-01-18 00:00:00,1397.6371048125388
2023-01-19 00:00:00,1392.7155828632533
2023-01-20 00:00:00,1386.9641042907883
2023-01-22 00:00:00,1373.2766086368345
2023-01-23 00:00:00,1365.7132813912679
2023-01-24 00:00:00,1359.7766119208154
2023-01-25 00:00:00,1353.4674398023153
2023-01-26 00:00:00,1346.851588895133
2023-01-27 00:00:00,1339.9682106989496
2023-01-29 00:00:00,1325.4404043302254
2023-01-30 00:00:00,1317.7809127163011
2023-01-31 00:00:00,1309.8409839759902
2023-02-01 00:00:00,1301.6146684394432
2023-02-02 00:00:00,1293.1077730990828
2023-02-03 00:00:00,1284.340257271492
2023-02-05 00:00:00,1266.1695933502556
2023-02-06 00:00:00,1256.8623641815411
2023-02-07 00:00:00,1247.4755589691354
2023-02-08 00:00:00,1238.0544532894583
2023-02-09 00:00:00,1228.6326521980889
2023-02-10 00:00:00,1219.2280102458417
2023-02-12 00:00:00,1200.4542250557267
2023-02-13 00:00:00,1191.0383065101757
2023-02-14 00:00:00,1181.5553571781754
2023-02-15 00:00:00,1171.9679551324475
2023-02-16 00:00:00,1162.2473399981702
2023-02-17 00:00:00,1152.3807223394756
2023-02-19 00:00:00,1132.2579153855197
2023-02-20 00:00:00,1122.0684532906555
2023-02-21 00:00:00,1111.8500873751887
2023-02-22 00:00:00,1101.6385370517157
2023-02-23 00:00:00,1091.453474230492
2023-02-24 00:00:00,1081.2949039302216
2023-02-26 00:00:00,1060.9708923869923
2023-02-27 00:00:00,1050.7364561121676
2023-02-28 00:00:00,1040.4049077431187
2023-03-01 00:00:00,1029.9473614083038
2023-03-02 00:00:00,1019.3466621689246
2023-03-03 00:00:00,1011.3848522554808
2023-03-05 00:00:00,999.8824258995693
2023-03-06 00:00:00,994.0337184848363
2023-03-07 00:00:00,988.1593061719174
2023-03-08 00:00:00,982.2858793538226
2023-03-09 00:00:00,976.4325123218052
2023-03-10 00:00:00,970.6075732241565
2023-03-12 00:00:00,959.0167429569957
2023-03-13 00:00:00,953.2116975190462
2023-03-14 00:00:00,947.3637232789949
2023-03-15 00:00:00,941.4453935807952
2023-03-16 00:00:00,935.4362567225293
2023-03-17 00:00:00,929.3277844165721
2023-03-19 00:00:00,916.8514390847757
2023-03-20 00:00:00,910.5344949827559
2023-03-21 00:00:00,905.2417652087523
2023-03-22 00:00:00,901.4774762542638
2023-03-23 00:00:00,897.7110406711896
2023-03-24 00:00:00,893.9557334299228
2023-03-26 00:00:00,886.542178016368
2023-03-27 01:00:00,882.7706976735954
2023-03-28 01:00:00,879.2390907134944
2023-03-29 01:00:00,878.4213447957821
2023-03-30 01:00:00,878.507847591158
2023-03-31 01:00:00,878.9310431075214
2023-04-02 01:00:00,884.1380635494498
2023-04-03 01:00:00,886.91998677046
2023-04-04 01:00:00,889.8375316244502
2023-04-05 01:00:00,892.9024143085132
2023-04-06 01:00:00,896.125527071401
2023-04-09 01:00:00,914.5651297716821
2023-04-10 01:00:00,920.8679523639948
2023-04-11 01:00:00,927.1783357056122
2023-04-12 01:00:00,933.5063013693898
2023-04-13 01:00:00,939.8586346771424
2023-04-14 01:00:00,946.2376969299922
2023-04-16 01:00:00,959.0636360220265
2023-04-17 01:00:00,965.497612775374
2023-04-18 01:00:00,971.9365060073919
2023-04-19 01:00:00,978.3758885748872
2023-04-20 01:00:00,984.8143052697626
2023-04-21 01:00:00,991.2530803181614
2023-04-23 01:00:00,1004.1446073942908
2023-04-24 01:00:00,1010.6036548528429
2023-04-25 01:00:00,1017.073507325996
2023-04-26 01:00:00,1023.5531972042188
2023-04-27 01:00:00,1030.0400471414996
2023-04-28 01:00:00,1036.5304529109771
2023-04-30 01:00:00,1049.5092719498314
2023-05-01 01:00:00,1055.9952308791064
2023-05-02 01:00:00,1062.4810548548494
2023-05-03 01:00:00,1068.9712178997984
2023-05-04 01:00:00,1075.4716465068173
2023-05-05 01:00:00,1081.988419827722
2023-05-07 01:00:00,1095.0865697930594
2023-05-08 01:00:00,1101.6671735574923
2023-05-09 01:00:00,1108.261248913885
2023-05-10 01:00:00,1114.8586876497995
2023-05-11 01:00:00,1121.4481308362617
2023-05-12 01:00:00,1128.0197618943175
2023-05-14 01:00:00,1141.0933798113151
2023-05-15 01:00:00,1147.6032637781932
2023-05-16 01:00:00,1154.1100828139065
2023-05-17 01:00:00,1160.6289494147968
2023-05-18 01:00:00,1167.1743094208969
2023-05-19 01:00:00,1173.7567796373037
2023-05-21 01:00:00,1187.0432747345913
2023-05-22 01:00:00,1193.73422468499
2023-05-23 01:00:00,1200.437932013654
2023-05-24 01:00:00,1207.1357255176026
2023-05-25 01:00:00,1213.8091215642137
2023-05-26 01:00:00,1220.4430687803901
2023-05-28 01:00:00,1233.5650711798405
2023-05-29 01:00:00,1240.0596708436442
2023-05-30 01:00:00,1246.5273715037647
2023-05-31 01:00:00,1252.9880799074149
2023-06-01 01:00:00,1259.4632411859868
2023-06-02 01:00:00,1265.991543354
2023-06-04 01:00:00,1280.19447404153
2023-06-05 01:00:00,1287.970228472364
2023-06-06 01:00:00,1297.8007332580805
2023-06-07 01:00:00,1307.7152014679093
2023-06-08 01:00:00,1317.6552691047764
2023-06-09 01:00:00,1327.5740889694416
2023-06-11 01:00:00,1347.2830386300498
2023-06-12 01:00:00,1357.1114814499044
2023-06-13 01:00:00,1366.9864129035332
2023-06-14 01:00:00,1376.9686572400594
2023-06-15 01:00:00,1387.1140809582018
2023-06-16 01:00:00,1397.462249849854
2023-06-18 01:00:00,1418.8014660289223
2023-06-19 01:00:00,1429.7430871214913
2023-06-20 01:00:00,1440.7958691936396
2023-06-21 01:00:00,1451.891055719627
2023-06-22 01:00:00,1462.9593649975843
2023-06-23 01:00:00,1473.9415134544943
2023-06-25 01:00:00,1495.5097461473938
2023-06-26 01:00:00,1506.0897955636033
2023-06-27 01:00:00,1516.5705785761486
2023-06-28 01:00:00,1527.0020986145225
2023-06-29 01:00:00,1537.4406793085095
2023-06-30 01:00:00,1547.936582378474
2023-07-02 01:00:00,1569.197340580312
2023-07-03 01:00:00,1579.9323541296424
2023-07-04 01:00:00,1590.662022652252
2023-07-05 01:00:00,1601.3008090591984
2023-07-06 01:00:00,1611.7598256648457
2023-07-07 01:00:00,1621.9666910790988
2023-07-09 01:00:00,1641.5050086654896
2023-07-10 01:00:00,1650.8744401294716
2023-07-11 01:00:00,1660.0541509348147
2023-07-12 01:00:00,1669.119063830248
2023-07-13 01:00:00,1678.1382935435195
2023-07-14 01:00:00,1687.1611493811524
2023-07-16 01:00:00,1705.2656031485394
2023-07-17 01:00:00,1714.291332040236
2023-07-18 01:00:00,1723.2183153447336
2023-07-19 01:00:00,1731.967273935196
2023-07-20 01:00:00,1740.4588590438211
2023-07-21 01:00:00,1748.3648723256
2023-07-23 01:00:00,1760.9053453617846
2023-07-24 01:00:00,1766.6077430613836
2023-07-25 01:00:00,1771.980390753867
2023-07-26 01:00:00,1777.088052460735
2023-07-27 01:00:00,1782.005427534687
2023-07-28 01:00:00,1788.1577297292279
2023-07-30 01:00:00,1804.1613345321857
2023-07-31 01:00:00,1812.1005150896547
2023-08-01 01:00:00,1819.9388651731588
2023-08-02 01:00:00,1827.597859349162
2023-08-03 01:00:00,1832.4796805716926
2023-08-04 01:00:00,1836.9719167625383
2023-08-06 01:00:00,1845.0670746595843
2023-08-07 01:00:00,1848.719074140804
2023-08-08 01:00:00,1852.192458148101
2023-08-09 01:00:00,1855.5688562036833
2023-08-10 01:00:00,1858.9244812414051
2023-08-11 01:00:00,1862.3163260020042
2023-08-13 01:00:00,1869.2918098499692
2023-08-14 01:00:00,1872.8400092681104
2023-08-15 01:00:00,1876.3626678106555
2023-08-16 01:00:00,1879.792308448787
2023-08-17 01:00:00,1883.0604886548022
2023-08-18 01:00:00,1886.1087935275996
2023-08-20 01:00:00,1891.4124109626257
2023-08-21 01:00:00,1893.6643339639204
2023-08-22 01:00:00,1895.6892361570056
2023-08-23 01:00:00,1897.5410881529012
2023-08-24 01:00:00,1899.2828691760974
2023-08-25 01:00:00,1900.9751609985178
2023-08-27 01:00:00,1904.372353145281
2023-08-28 01:00:00,1906.0917667576175
2023-08-29 01:00:00,1907.7868031382297
2023-08-30 01:00:00,1909.4030281231107
2023-08-31 01:00:00,1910.8826076890196
2023-09-01 01:00:00,1912.181891963907
2023-09-03 01:00:00,1914.215254328306
2023-09-04 01:00:00,1915.0253067293734
2023-09-05 01:00:00,1915.7973017939066
2023-09-06 01:00:00,1916.6260170551147
2023-09-07 01:00:00,1917.6063247522327
2023-09-08 01:00:00,1918.82152204592
2023-09-10 01:00:00,1922.186862378562
2023-09-11 01:00:00,1924.3929857148014
2023-09-12 01:00:00,1926.95002405489
2023-09-13 01:00:00,1929.8410662469582
2023-09-14 01:00:00,1933.0430728892884
2023-09-15 01:00:00,1936.5339320997984
2023-09-17 01:00:00,1944.3307016982856
2023-09-18 01:00:00,1948.6379599003737
2023-09-19 01:00:00,1953.2368174164349
2023-09-20 01:00:00,1958.1509944425284
2023-09-21 01:00:00,1963.4056920078085
2023-09-22 01:00:00,1969.0211095762195
2023-09-24 01:00:00,1981.352505018341
2023-09-25 01:00:00,1988.0343096350568
2023-09-26 01:00:00,1995.0082316618298
2023-09-27 01:00:00,2002.2199500402633
2023-09-28 01:00:00,2009.612423668533
2023-09-29 01:00:00,2017.134713355374
2023-10-01 01:00:00,2032.4327808568898
2023-10-02 01:00:00,2040.179632447332
2023-10-03 01:00:00,2047.9933584964817
2023-10-04 01:00:00,2055.8831835916967
2023-10-05 01:00:00,2063.354712052989
2023-10-06 01:00:00,2070.09751511147
2023-10-08 01:00:00,2083.7725589951156
2023-10-09 01:00:00,2090.6837944504846
2023-10-10 01:00:00,2097.6276112683486
2023-10-11 01:00:00,2103.1552100677964
2023-10-12 01:00:00,2108.2879020472737
2023-10-13 01:00:00,2113.403765965881
2023-10-15 01:00:00,2123.573508485389
2023-10-16 01:00:00,2128.6283448971017
2023-10-17 01:00:00,2133.66647000233
2023-10-18 01:00:00,2138.690589631298
2023-10-19 01:00:00,2143.70222839515
2023-10-20 01:00:00,2145.9376166219668
2023-10-22 01:00:00,2149.178897473974
2023-10-23 01:00:00,2150.8056034924703
2023-10-24 01:00:00,2152.436089801599
2023-10-25 01:00:00,2154.0701643373036
2023-10-26 01:00:00,2155.7076403739534
2023-10-27 01:00:00,2157.3483363976125
2023-10-29 01:00:00,2160.0
2023-10-30 00:00:00,2157.7808377002543
2023-10-31 00:00:00,2156.1291315991175
2023-11-01 00:00:00,2154.475088087481
2023-11-02 00:00:00,2152.8188958900387
2023-11-03 00:00:00,2151.16074964521
2023-11-05 00:00:00,2146.7641266771716
2023-11-06 00:00:00,2141.9338323823868
2023-11-07 00:00:00,2137.1151754274365
2023-11-08 00:00:00,2132.3081172539946
2023-11-09 00:00:00,2127.512691714456
2023-11-10 00:00:00,2122.729014238223
2023-11-12 00:00:00,2112.995645393601
2023-11-13 00:00:00,2106.762213396847
2023-11-14 00:00:00,2100.5403209419787
2023-11-15 00:00:00,2094.3307250982034
2023-11-16 00:00:00,2088.1343466491776
2023-11-17 00:00:00,2081.9522884481485
2023-11-19 00:00:00,2069.636586075892
2023-11-20 00:00:00,2063.506270367615
2023-11-21 00:00:00,2057.396998622504
2023-11-22 00:00:00,2051.311198883879
2023-11-23 00:00:00,2045.2516900005
2023-11-24 00:00:00,2039.221742859291
2023-11-26 00:00:00,2027.2663214203842
2023-11-27 00:00:00,2021.3503575793086
2023-11-28 00:00:00,2015.4831835448044
2023-11-29 00:00:00,2009.6716612576367
2023-11-30 00:00:00,2003.1856259128383
2023-12-01 00:00:00,1994.919498983949
2023-12-03 00:00:00,1978.755398730174
2023-12-04 00:00:00,1970.9166126642199
2023-12-05 00:00:00,1963.2635874794098
2023-12-06 00:00:00,1955.8013071389473
2023-12-07 00:00:00,1948.526751861602
2023-12-08 00:00:00,1941.4326646602112
2023-12-10 00:00:00,1927.7654259715994
2023-12-11 00:00:00,1919.0494076274174
2023-12-12 00:00:00,1910.1835592467637
2023-12-13 00:00:00,1901.5690940957431
2023-12-14 00:00:00,1893.259359540892
2023-12-15 00:00:00,1885.3138378315807
2023-12-17 00:00:00,1870.7197072719296
2023-12-18 00:00:00,1864.120266437352
2023-12-19 00:00:00,1857.964164344147
2023-12-20 00:00:00,1852.1883563800734
2023-12-21 00:00:00,1846.6966373601222
2023-12-22 00:00:00,1839.6106108787064
2023-12-25 00:00:00,1815.966123548583
2023-12-26 00:00:00,1807.6552608401837
2023-12-27 00:00:00,1799.0274495880644
2023-12-28 00:00:00,1790.0664986162928
2023-12-29 00:00:00,1783.7922847990155
2024-01-01 00:00:00,1761.3010172716479
2024-01-02 00:00:00,1752.6483391614256
2024-01-03 00:00:00,1743.4690725960488
2024-01-04 00:00:00,1733.7830464375313
2024-01-05 00:00:00,1723.6026424565462
2024-01-07 00:00:00,1701.794102038572
2024-01-08 00:00:00,1690.1932209791926
2024-01-09 00:00:00,1678.1638067850067
2024-01-10 00:00:00,1665.7518548457058
2024-01-11 00:00:00,1653.0187922989855
2024-01-12 00:00:00,1640.0365114021913
2024-01-14 00:00:00,1613.6081407372608
2024-01-15 00:00:00,1600.270568391621
2024-01-16 00:00:00,1586.8854569125542
2024-01-17 00:00:00,1573.447967129302
2024-01-18 00:00:00,1559.9342693343538
2024-01-19 00:00:00,1546.3106296106423
2024-01-21 00:00:00,1518.6091658897667
2024-01-22 00:00:00,1504.498557607656
2024-01-23 00:00:00,1490.2210239195056
2024-01-24 00:00:00,1475.8024512086631
2024-01-25 00:00:00,1461.2810565561037
2024-01-26 00:00:00,1446.7010464990187
2024-01-28 00:00:00,1418.028197068282
2024-01-29 00:00:00,1404.842010766154
2024-01-30 00:00:00,1391.7355028146437
2024-01-31 00:00:00,1378.7007105216212
2024-02-01 00:00:00,1365.7160998461577
2024-02-02 00:00:00,1352.7502322613566
2024-02-04 00:00:00,1326.7316079949164
2024-02-05 00:00:00,1313.6173949238892
2024-02-06 00:00:00,1300.4110185387283
2024-02-07 00:00:00,1287.1161461447373
2024-02-08 00:00:00,1273.7535863816636
2024-02-09 00:00:00,1260.357412125143
2024-02-11 00:00:00,1233.618969688005
2024-02-12 00:00:00,1220.3351967027425
2024-02-13 00:00:00,1207.1203957536509
2024-02-14 00:00:00,1193.9602112890354
2024-02-15 00:00:00,1180.8256641563187
2024-02-16 00:00:00,1167.6805237799317
2024-02-18 00:00:00,1141.2252632927598
2024-02-19 00:00:00,1127.8732805519273
2024-02-20 00:00:00,1114.4332951956615
2024-02-21 00:00:00,1100.9182256747513
2024-02-22 00:00:00,1087.3507058383432
2024-02-23 00:00:00,1074.4094442503392
2024-02-25 00:00:00,1049.1161963385362
2024-02-26 00:00:00,1036.5223734741212
2024-02-27 00:00:00,1023.9745303422646
2024-02-28 00:00:00,1011.4686031677187
2024-02-29 00:00:00,1000.303190375966
2024-03-01 00:00:00,991.3629044804105
2024-03-03 00:00:00,973.5056328681048
2024-03-04 00:00:00,964.5477863124942
2024-03-05 00:00:00,955.5543035771359
2024-03-06 00:00:00,946.5252004115171
2024-03-07 00:00:00,937.470740178343
2024-03-08 00:00:00,928.4092431579106
2024-03-10 00:00:00,910.3519124486313
2024-03-11 00:00:00,901.3905988618694
2024-03-12 00:00:00,892.4832459305628
2024-03-13 00:00:00,883.6243007365588
2024-03-14 00:00:00,874.8004783805889
2024-03-15 00:00:00,865.9946587953211
2024-03-17 00:00:00,848.3741482738151
2024-03-18 00:00:00,839.5400339077621
2024-03-19 00:00:00,830.6876764309955
2024-03-20 00:00:00,824.885118468185
2024-03-21 00:00:00,818.9302062271734
2024-03-22 00:00:00,812.8884661409568
2024-03-24 00:00:00,804.5370838570287
2024-03-25 00:00:00,800.0533974734791
2024-03-26 00:00:00,795.3516791258298
2024-03-27 00:00:00,790.4243063543843
2024-03-28 00:00:00,785.2652847590659
2024-03-31 00:00:00,768.3651059187425
2024-04-01 01:00:00,761.9957440465336
2024-04-02 01:00:00,755.6444970745049
2024-04-03 01:00:00,749.0675986230565
2024-04-04 01:00:00,742.2747211933887
2024-04-05 01:00:00,735.2784746377815
2024-04-07 01:00:00,720.7413592661842
2024-04-08 01:00:00,713.2405711247304
2024-04-09 01:00:00,705.6161578368315
2024-04-10 01:00:00,697.8943215339356
2024-04-11 01:00:00,690.3547891107415
2024-04-12 01:00:00,683.8653628900317
2024-04-14 01:00:00,670.8832166424913
2024-04-15 01:00:00,664.4465307881105
2024-04-16 01:00:00,658.0808488299068
2024-04-17 01:00:00,651.8094231497925
2024-04-18 01:00:00,646.3087088056145
2024-04-19 01:00:00,642.7108324030698
2024-04-21 01:00:00,641.5460344231097
2024-04-22 01:00:00,641.8935687112393
2024-04-23 01:00:00,642.2951588908203
2024-04-24 01:00:00,642.7378390117601
2024-04-25 01:00:00,643.2224911057752
2024-04-26 01:00:00,643.7445727573064
2024-04-28 01:00:00,644.8574955979147
2024-04-29 01:00:00,645.4186680635411
2024-04-30 01:00:00,645.96346351654
2024-05-01 01:00:00,646.482466126674
2024-05-02 01:00:00,646.9739693772088
2024-05-03 01:00:00,647.4453466883703
2024-05-05 01:00:00,648.3955170535472
2024-05-06 01:00:00,648.9168505500305
2024-05-07 01:00:00,649.4933674715319
2024-05-08 01:00:00,650.1334298235989
2024-05-09 01:00:00,650.8343397820221
2024-05-10 01:00:00,651.5827066077418
2024-05-12 01:00:00,653.1339852432625
2024-05-13 01:00:00,653.8901955740804
2024-05-14 01:00:00,654.6100681604589
2024-05-15 01:00:00,655.2871242929828
2024-05-16 01:00:00,655.9254076977917
2024-05-17 01:00:00,656.5386320936391
2024-05-19 01:00:00,659.0891623745607
2024-05-20 01:00:00,662.1073643213691
2024-05-21 01:00:00,666.5825758345075
2024-05-22 01:00:00,671.3732902629098
2024-05-23 01:00:00,676.307964972635
2024-05-24 01:00:00,682.741406215716
2024-05-26 01:00:00,697.0186596464733
2024-05-27 01:00:00,704.1305185447178
2024-05-28 01:00:00,711.1487806833994
2024-05-29 01:00:00,718.0384894725129
2024-05-30 01:00:00,724.7938543521967
2024-05-31 01:00:00,731.4411637286472
2024-06-02 01:00:00,751.2367311121675
2024-06-03 01:00:00,761.7042346786078
2024-06-04 01:00:00,772.3905730927406
2024-06-05 01:00:00,785.506798204401
2024-06-06 01:00:00,800.2971222322161
2024-06-07 01:00:00,815.3465904436963
2024-06-09 01:00:00,845.9233046467643
2024-06-10 01:00:00,861.2838569518507
2024-06-11 01:00:00,876.5986083660615
2024-06-12 01:00:00,891.8258736174168
2024-06-13 01:00:00,906.9526836369517
2024-06-14 01:00:00,921.9933487493715
2024-06-16 01:00:00,951.9714554641928
2024-06-17 01:00:00,967.0066860148092
2024-06-18 01:00:00,983.1054237311994
2024-06-19 01:00:00,1000.2011858618015
2024-06-20 01:00:00,1017.3606615128494
2024-06-21 01:00:00,1034.5420582254426
2024-06-23 01:00:00,1068.6787508083664
2024-06-24 01:00:00,1085.4560723025465
2024-06-25 01:00:00,1101.9295273865303
2024-06-26 01:00:00,1118.04721120475
2024-06-27 01:00:00,1133.7954442851667
2024-06-28 01:00:00,1149.2014158889167
2024-06-30 01:00:00,1179.2522710100793
2024-07-01 01:00:00,1194.0616491406604
2024-07-02 01:00:00,1208.8207168941667
2024-07-03 01:00:00,1223.5642412039733
2024-07-04 01:00:00,1238.2888227897076
2024-07-05 01:00:00,1252.954489876921
2024-07-07 01:00:00,1281.826323469535
2024-07-08 01:00:00,1295.8740484525479
2024-07-09 01:00:00,1309.5758216815425
2024-07-10 01:00:00,1322.8967870330152
2024-07-11 01:00:00,1335.8326519740679
2024-07-12 01:00:00,1348.4084932089543
2024-07-14 01:00:00,1372.6888627739183
2024-07-15 01:00:00,1384.5221572680446
2024-07-16 01:00:00,1396.838464827705
2024-07-17 01:00:00,1409.7821245058847
2024-07-18 01:00:00,1422.643264559844
2024-07-19 01:00:00,1435.397250603108
2024-07-21 01:00:00,1460.3378957550194
2024-07-22 01:00:00,1472.357878841214
2024-07-23 01:00:00,1483.9680077905891
2024-07-24 01:00:00,1495.1115142956191
2024-07-25 01:00:00,1505.7656758874762
2024-07-26 01:00:00,1515.9443098016986
2024-07-28 01:00:00,1535.0664621605554
2024-07-29 01:00:00,1544.1295327743915
2024-07-30 01:00:00,1552.9228781026936
2024-07-31 01:00:00,1561.460163246694
2024-08-01 01:00:00,1569.721347151258
2024-08-02 01:00:00,1577.6550832803885
2024-08-04 01:00:00,1592.2343271029522
2024-08-05 01:00:00,1598.7155561136842
2024-08-06 01:00:00,1604.5664558646095
2024-08-07 01:00:00,1609.7467667134279
2024-08-08 01:00:00,1614.245212284473
2024-08-09 01:00:00,1620.8833444321392
2024-08-11 01:00:00,1633.380981462454
2024-08-12 01:00:00,1639.1286939698643
2024-08-13 01:00:00,1644.6399982928538
2024-08-14 01:00:00,1649.982380803872
2024-08-15 01:00:00,1655.6117291309313
2024-08-16 01:00:00,1661.7571010297652
2024-08-18 01:00:00,1673.8929628597214
2024-08-19 01:00:00,1679.9011037417863
2024-08-20 01:00:00,1684.0795668332808
2024-08-21 01:00:00,1687.4875904463067
2024-08-22 01:00:00,1690.96570146771
2024-08-23 01:00:00,1694.5965835296993
2024-08-25 01:00:00,1702.7234998494587
2024-08-26 01:00:00,1707.42532192882
2024-08-27 01:00:00,1712.6666788239404
2024-08-28 01:00:00,1718.5018019309641
2024-08-29 01:00:00,1724.9556011436007
2024-08-30 01:00:00,1732.025904820471
2024-09-01 01:00:00,1747.9100118258343
2024-09-02 01:00:00,1756.6464385654483
2024-09-03 01:00:00,1765.8596871733682
2024-09-04 01:00:00,1775.3923930549545
2024-09-05 01:00:00,1782.9960496944627
2024-09-06 01:00:00,1791.0435209394811
2024-09-08 01:00:00,1808.3968079631734
2024-09-09 01:00:00,1817.6645568351641
2024-09-10 01:00:00,1827.2966330014704
2024-09-11 01:00:00,1837.265238233028
2024-09-12 01:00:00,1847.5371390812568
2024-09-13 01:00:00,1858.0738035985867
2024-09-15 01:00:00,1879.769186619694
2024-09-16 01:00:00,1890.8400990703149
2024-09-17 01:00:00,1902.0060028273795
2024-09-18 01:00:00,1913.2339974606584
2024-09-19 01:00:00,1921.8864284496683
2024-09-20 01:00:00,1929.3207771550908
2024-09-22 01:00:00,1944.1773344323854
2024-09-23 01:00:00,1951.5983117297208
2024-09-24 01:00:00,1959.0120324931345
2024-09-25 01:00:00,1966.4141751548727
2024-09-26 01:00:00,1973.7986608417655
2024-09-27 01:00:00,1981.1586873723513
2024-09-29 01:00:00,1995.7819670661231
2024-09-30 01:00:00,2002.9109741917625
2024-10-01 01:00:00,2006.5756806612603
2024-10-02 01:00:00,2010.2317415590178
2024-10-03 01:00:00,2013.8788946321251
2024-10-04 01:00:00,2017.5168762424803
2024-10-06 01:00:00,2024.7642668631686
2024-10-07 01:00:00,2028.3731464208474
2024-10-08 01:00:00,2031.9717965101438
2024-10-09 01:00:00,2035.5599540900837
2024-10-10 01:00:00,2039.1373576938722
2024-10-11 01:00:00,2042.7037480722863
2024-10-13 01:00:00,2049.8024675184583
2024-10-14 01:00:00,2053.3342950431675
2024-10-15 01:00:00,2056.5587682899254
2024-10-16 01:00:00,2057.5808897476277
2024-10-17 01:00:00,2058.5904767623106
2024-10-18 01:00:00,2059.587299436347
2024-10-20 01:00:00,2061.541639457944
2024-10-21 01:00:00,2062.4986058653
2024-10-22 01:00:00,2063.441711788631
2024-10-23 01:00:00,2064.370651211022
2024-10-24 01:00:00,2065.285112114107
2024-10-25 01:00:00,2066.1847786996923
2024-10-27 01:00:00,2067.938454153508
2024-10-28 00:00:00,2068.7561441086095
2024-10-29 00:00:00,2069.594110818108
2024-10-30 00:00:00,2070.415691461601
2024-10-31 00:00:00,2070.978676122185
2024-11-01 00:00:00,2068.846592909023
2024-11-03 00:00:00,2064.6026412784386
2024-11-04 00:00:00,2061.5585298283722
2024-11-05 00:00:00,2056.8933508217215
2024-11-06 00:00:00,2052.237286435402
2024-11-07 00:00:00,2047.593213019603
2024-11-08 00:00:00,2042.9645113652336
2024-11-10 00:00:00,2033.7696724592572
2024-11-11 00:00:00,2029.213454456228
2024-11-12 00:00:00,2024.6926226631526
2024-11-13 00:00:00,2020.2142450751999
2024-11-14 00:00:00,2015.7864292468437
2024-11-15 00:00:00,2011.4184521705083
2024-11-17 00:00:00,2002.905854836959
2024-11-18 00:00:00,1998.7870051825662
2024-11-19 00:00:00,1993.5397665329451
2024-11-20 00:00:00,1987.8328572508376
2024-11-21 00:00:00,1982.444664600859
2024-11-22 00:00:00,1977.4185280257138
2024-11-24 00:00:00,1968.6441222887947
2024-11-25 00:00:00,1964.9984804163237
2024-11-26 00:00:00,1961.917164577479
2024-11-27 00:00:00,1959.4501501552672
2024-11-28 00:00:00,1957.6411242953866
2024-11-29 00:00:00,1956.5226342050921
2024-12-01 00:00:00,1956.3962038449913
2024-12-02 00:00:00,1957.3431482384924
2024-12-03 00:00:00,1958.8794634217363
2024-12-04 00:00:00,1960.8972782184787
2024-12-05 00:00:00,1961.8670741700457
2024-12-06 00:00:00,1961.9172377107477
2024-12-08 00:00:00,1961.865219143717
2024-12-09 00:00:00,1961.5830425543977
2024-12-10 00:00:00,1961.0269564010684
2024-12-11 00:00:00,1960.1393914408036
2024-12-12 00:00:00,1958.881069036095
2024-12-13 00:00:00,1955.8723929844282
2024-12-15 00:00:00,1946.4414453505897
2024-12-16 00:00:00,1941.1212804505008
2024-12-17 00:00:00,1935.425660486425
2024-12-18 00:00:00,1929.380621974013
2024-12-19 00:00:00,1923.0138930088606
2024-12-20 00:00:00,1916.3534139375788
2024-12-22 00:00:00,1902.2583314105518
2024-12-23 00:00:00,1894.8733460190008
2024-12-24 00:00:00,1887.2933442340945
2024-12-25 00:00:00,1879.5383525763773
2024-12-26 00:00:00,1871.6265301158548
2024-12-27 00:00:00,1863.434569518281
2024-12-29 00:00:00,1841.8936546332652
2024-12-30 00:00:00,1830.8574308135142
2024-12-31 00:00:00,1819.67121714627
2025-01-01 00:00:00,1808.3527840880602
2025-01-02 00:00:00,1796.918124783429
2025-01-03 00:00:00,1785.3816817900367
2025-01-05 00:00:00,1762.0546085502149
2025-01-06 00:00:00,1750.2867277479897
2025-01-07 00:00:00,1738.462822006393
2025-01-08 00:00:00,1726.5919904400303
2025-01-09 00:00:00,1714.6826017127878
2025-01-10 00:00:00,1702.7423756512844
2025-01-12 00:00:00,1678.7974878558553
2025-01-13 00:00:00,1666.805667827473
2025-01-14 00:00:00,1654.8088221759376
2025-01-15 00:00:00,1642.8124561097122
2025-01-16 00:00:00,1630.8218051324843
2025-01-17 00:00:00,1618.8418757715774
2025-01-19 00:00:00,1594.933240417185
2025-01-20 00:00:00,1584.6009318889323
2025-01-21 00:00:00,1574.3823768217753
2025-01-22 00:00:00,1564.1750188803862
2025-01-23 00:00:00,1553.982222718807
2025-01-24 00:00:00,1543.2638263983754
2025-01-26 00:00:00,1515.1721160314933
2025-01-27 00:00:00,1501.1573580222314
2025-01-28 00:00:00,1487.1680122370012
2025-01-29 00:00:00,1473.207348866391
2025-01-30 00:00:00,1459.2784540900732
2025-01-31 00:00:00,1445.3842314778499
2025-02-02 00:00:00,1417.864829576437
2025-02-03 00:00:00,1405.6058230257677
2025-02-04 00:00:00,1393.3385416043043
2025-02-05 00:00:00,1381.0964607042567
2025-02-06 00:00:00,1368.907911762212
2025-02-07 00:00:00,1356.7902925079488
2025-02-09 00:00:00,1332.7692779241443
2025-02-10 00:00:00,1320.83659034074
2025-02-11 00:00:00,1308.9249468671228
2025-02-12 00:00:00,1297.0110856914514
2025-02-13 00:00:00,1285.0776551049103
2025-02-14 00:00:00,1273.1164986215026
2025-02-16 00:00:00,1249.131100391564
2025-02-17 00:00:00,1237.141032773437
2025-02-18 00:00:00,1225.1875237301078
2025-02-19 00:00:00,1213.3016202021563
2025-02-20 00:00:00,1201.514922275075
2025-02-21 00:00:00,1189.8571791063116
2025-02-23 00:00:00,1167.0298712058063
2025-02-24 00:00:00,1155.9019929474318
2025-02-25 00:00:00,1144.9893587377455
2025-02-26 00:00:00,1135.9746955779135
2025-02-27 00:00:00,1128.8236825754536
2025-02-28 00:00:00,1121.8880805914896
2025-03-02 00:00:00,1109.7810239810574
2025-03-03 00:00:00,1106.7518182463511
2025-03-04 00:00:00,1103.9365249214975
2025-03-05 00:00:00,1101.3777505516848
2025-03-06 00:00:00,1099.1121383896134
2025-03-07 00:00:00,1097.1665050094603
2025-03-09 00:00:00,1094.288468269866
2025-03-10 00:00:00,1093.3618147156722
2025-03-11 00:00:00,1092.773547593632
2025-03-12 00:00:00,1092.6064749761986
2025-03-13 00:00:00,1094.3409225697942
2025-03-14 00:00:00,1096.1920277007575
2025-03-16 00:00:00,1100.2385544013948
2025-03-17 00:00:00,1102.4345581836262
2025-03-18 00:00:00,1104.744111632626
2025-03-19 00:00:00,1107.1618511934655
2025-03-20 00:00:00,1109.678007392719
2025-03-21 00:00:00,1112.2787174749074
2025-03-23 00:00:00,1117.667184444041
2025-03-24 00:00:00,1120.4232734127645
2025-03-25 00:00:00,1123.205738710536
2025-03-26 00:00:00,1126.010913592742
2025-03-27 00:00:00,1128.8413546793538
2025-03-28 00:00:00,1131.7038106769862
2025-03-30 00:00:00,1137.5496609310173
2025-03-31 01:00:00,1140.6540776287977
2025-04-01 01:00:00,1143.6586986723303
2025-04-02 01:00:00,1147.2244524139073
2025-04-03 01:00:00,1150.969695776791
2025-04-04 01:00:00,1154.600110390965
2025-04-06 01:00:00,1162.2098052810422
2025-04-07 01:00:00,1165.6359855182675
2025-04-08 01:00:00,1169.1606437492867
2025-04-09 01:00:00,1172.5842634798362
2025-04-10 01:00:00,1175.628986787341
2025-04-11 01:00:00,1178.3032015522876
2025-04-13 01:00:00,1184.1942996972455
2025-04-14 01:00:00,1186.8999351575098
2025-04-15 01:00:00,1189.441284261372
2025-04-16 01:00:00,1191.8082918113644
2025-04-17 01:00:00,1193.9873506691652
2025-04-20 01:00:00,1199.268032606922
2025-04-21 01:00:00,1200.5919464193762
2025-04-22 01:00:00,1201.8314474144806
2025-04-23 01:00:00,1202.9400602454027
2025-04-24 01:00:00,1203.8922446860797
2025-04-25 01:00:00,1205.4298836147625
2025-04-27 01:00:00,1210.2377841318757
2025-04-28 01:00:00,1212.8829109433425
2025-04-29 01:00:00,1215.6505722496722
2025-04-30 01:00:00,1218.4668811054519
2025-05-01 01:00:00,1221.2420778384148
2025-05-02 01:00:00,1223.8928067963236
2025-05-04 01:00:00,1228.6331237747304
2025-05-05 01:00:00,1230.7287942695423
2025-05-06 01:00:00,1232.708464079627
2025-05-07 01:00:00,1234.654061661471
2025-05-08 01:00:00,1236.655048507019
2025-05-09 01:00:00,1238.7930950983168
2025-05-11 01:00:00,1243.6925333307481
2025-05-12 01:00:00,1246.478281329234
2025-05-13 01:00:00,1249.4445586662416
2025-05-14 01:00:00,1252.5192073146688
2025-05-15 01:00:00,1255.6098682386028
2025-05-16 01:00:00,1258.6184528796791
2025-05-18 01:00:00,1264.0685064294553
2025-05-19 01:00:00,1266.4309268888069
2025-05-20 01:00:00,1268.572475413758
2025-05-21 01:00:00,1270.5649740893116
2025-05-22 01:00:00,1272.5131791414935
2025-05-23 01:00:00,1274.5348367594554
2025-05-25 01:00:00,1279.5033605173228
2025-05-26 01:00:00,1286.3815619227003
2025-05-27 01:00:00,1293.5120359472824
2025-05-28 01:00:00,1300.7911532448368
2025-05-29 01:00:00,1308.0889912899804
2025-05-30 01:00:00,1315.2801348570256
2025-06-01 01:00:00,1329.0182993988494
2025-06-02 01:00:00,1335.5321508924558
2025-06-03 01:00:00,1341.8703790081413
2025-06-04 01:00:00,1348.1224578639142
2025-06-05 01:00:00,1354.3904620283056
2025-06-06 01:00:00,1360.7696258328176
2025-06-08 01:00:00,1374.1110608078711
2025-06-09 01:00:00,1381.8341021302176
2025-06-10 01:00:00,1392.5457323483522
2025-06-11 01:00:00,1403.2578921944882
2025-06-12 01:00:00,1413.8565460334144
2025-06-13 01:00:00,1424.221974937248
2025-06-15 01:00:00,1443.8624125394037
2025-06-16 01:00:00,1453.0371277118645
2025-06-17 01:00:00,1461.7982868408692
2025-06-18 01:00:00,1470.2210929551507
2025-06-19 01:00:00,1478.4169250145796
2025-06-20 01:00:00,1486.5115016348723
2025-06-22 01:00:00,1502.8117289687668
2025-06-23 01:00:00,1511.1102890538702
2025-06-24 01:00:00,1519.469485736768
2025-06-25 01:00:00,1527.7929071041601
2025-06-26 01:00:00,1535.9559174338372
2025-06-27 01:00:00,1543.8353551081805
2025-06-29 01:00:00,1558.4132362246062
2025-06-30 01:00:00,1565.0694001426937
2025-07-01 01:00:00,1571.3571223088247
2025-07-02 01:00:00,1577.3607592540818
2025-07-03 01:00:00,1583.1791098481722
2025-07-04 01:00:00,1588.9064452015518
2025-07-06 01:00:00,1603.5419986502786
2025-07-07 01:00:00,1611.4122011480715
2025-07-08 01:00:00,1619.2608816063466
2025-07-09 01:00:00,1627.0069777813915
2025-07-10 01:00:00,1634.5455388425794
2025-07-11 01:00:00,1641.7642236288937
2025-07-13 01:00:00,1654.864089066545
2025-07-14 01:00:00,1660.6385947525928
2025-07-15 01:00:00,1665.8979232218715
2025-07-16 01:00:00,1670.6977789712157
2025-07-17 01:00:00,1675.1251354588508
2025-07-18 01:00:00,1679.2796701973357
2025-07-20 01:00:00,1687.1032339981975
2025-07-21 01:00:00,1690.851867713457
2025-07-22 01:00:00,1693.0908406031065
2025-07-23 01:00:00,1695.054833538151
2025-07-24 01:00:00,1696.7395041278662
2025-07-25 01:00:00,1698.100552562584
2025-07-27 01:00:00,1699.778577972259
2025-07-28 01:00:00,1700.1323922849865
2025-07-29 01:00:00,1700.2369933425389
2025-07-30 01:00:00,1700.177444353562
2025-07-31 01:00:00,1700.0517876310676
2025-08-01 01:00:00,1699.9610166466157
2025-08-03 01:00:00,1700.2478465135703
2025-08-04 01:00:00,1700.7665666563307
2025-08-05 01:00:00,1701.5953297381027
2025-08-06 01:00:00,1702.7538086873014
2025-08-07 01:00:00,1704.2463379548783
2025-08-08 01:00:00,1706.0686817655555
