datetime,cycle
1999-06-03 01:00:00,1480.974231136108
1999-06-04 01:00:00,1454.6357605472149
1999-06-06 01:00:00,1387.5892703193965
1999-06-07 01:00:00,1352.7369086917467
1999-06-08 01:00:00,1316.7670549732325
1999-06-09 01:00:00,1279.56525631206
1999-06-10 01:00:00,1238.1754801794318
1999-06-11 01:00:00,1197.0588027991166
1999-06-13 01:00:00,1171.84754304389
1999-06-14 01:00:00,1160.6332584303036
1999-06-15 01:00:00,1149.5900573612932
1999-06-16 01:00:00,1157.4917963070225
1999-06-17 01:00:00,1172.4272233943866
1999-06-18 01:00:00,1210.1824456902552
1999-06-20 01:00:00,1287.3438391972888
1999-06-21 01:00:00,1324.5088750905493
1999-06-22 01:00:00,1360.9971686437875
1999-06-23 01:00:00,1397.02188438932
1999-06-24 01:00:00,1437.6776366436084
1999-06-25 01:00:00,1459.2942585147116
1999-06-27 01:00:00,1483.0317346810868
1999-06-28 01:00:00,1495.084475647793
1999-06-29 01:00:00,1507.2956939656005
1999-06-30 01:00:00,1519.6874357974887
1999-07-01 01:00:00,1532.281736170144
1999-07-02 01:00:00,1523.2020278017594
1999-07-04 01:00:00,1467.2602756197007
1999-07-05 01:00:00,1430.9194362956312
1999-07-06 01:00:00,1393.6564602317767
1999-07-07 01:00:00,1355.399560732644
1999-07-08 01:00:00,1315.21883307232
1999-07-09 01:00:00,1286.318671282699
1999-07-11 01:00:00,1262.4818749134201
1999-07-12 01:00:00,1250.0709418097433
1999-07-13 01:00:00,1237.644786594756
1999-07-14 01:00:00,1225.3146816001265
1999-07-15 01:00:00,1229.5543834262853
1999-07-16 01:00:00,1245.562129775793
1999-07-18 01:00:00,1326.7052268938387
1999-07-19 01:00:00,1366.2828650412293
1999-07-20 01:00:00,1405.1098945997182
1999-07-21 01:00:00,1439.6195615866789
1999-07-22 01:00:00,1472.1265932887793
1999-07-23 01:00:00,1485.326459194949
1999-07-25 01:00:00,1511.8049593116823
1999-07-26 01:00:00,1525.1635405141374
1999-07-27 01:00:00,1538.6368538642082
1999-07-28 01:00:00,1552.2376764506562
1999-07-29 01:00:00,1543.8322065189034
1999-07-30 01:00:00,1530.7181857204848
1999-08-01 01:00:00,1470.4322309434644
1999-08-02 01:00:00,1429.7389419349015
1999-08-03 01:00:00,1388.4529963530222
1999-08-04 01:00:00,1346.608807294807
1999-08-05 01:00:00,1322.5753561613476
1999-08-06 01:00:00,1308.8749325367442
1999-08-08 01:00:00,1281.2683804974297
1999-08-09 01:00:00,1267.4837196222584
1999-08-10 01:00:00,1253.8093266088538
1999-08-11 01:00:00,1264.275530698591
1999-08-12 01:00:00,1276.985129489556
1999-08-13 01:00:00,1304.6460743775526
1999-08-15 01:00:00,1381.4041327356508
1999-08-16 01:00:00,1418.2686082054502
1999-08-17 01:00:00,1454.2530054589645
1999-08-18 01:00:00,1473.5526855081482
1999-08-19 01:00:00,1476.1259047455478
1999-08-20 01:00:00,1485.5034998787805
1999-08-22 01:00:00,1504.0970922783592
1999-08-23 01:00:00,1513.4739486981289
1999-08-24 01:00:00,1522.997665965997
1999-08-25 01:00:00,1532.721770193435
1999-08-26 01:00:00,1538.5590987382075
1999-08-27 01:00:00,1503.1551375511456
1999-08-29 01:00:00,1426.8891577864545
1999-08-30 01:00:00,1390.002093581176
1999-08-31 01:00:00,1352.8200354139333
1999-09-01 01:00:00,1333.054732642804
1999-09-02 01:00:00,1345.1357169796206
1999-09-03 01:00:00,1340.8278158225862
1999-09-05 01:00:00,1325.4945178711982
1999-09-06 01:00:00,1317.9921904515322
1999-09-07 01:00:00,1310.6184515180278
1999-09-08 01:00:00,1307.5757114233108
1999-09-09 01:00:00,1327.6290493656331
1999-09-10 01:00:00,1347.4170007780376
1999-09-12 01:00:00,1429.5234437883091
1999-09-13 01:00:00,1469.9030817951984
1999-09-14 01:00:00,1501.0765430759716
1999-09-15 01:00:00,1508.0473718177998
1999-09-16 01:00:00,1498.307660683865
1999-09-17 01:00:00,1499.82305029594
1999-09-19 01:00:00,1525.5825806252176
1999-09-20 01:00:00,1538.5941406152863
1999-09-21 01:00:00,1551.7988257742934
1999-09-22 01:00:00,1565.2624212582011
1999-09-23 01:00:00,1562.8675680399367
1999-09-24 01:00:00,1550.8011379724437
1999-09-26 01:00:00,1525.6996889119434
1999-09-27 01:00:00,1497.2298490716503
1999-09-28 01:00:00,1471.7886141824713
1999-09-29 01:00:00,1477.8801948524967
1999-09-30 01:00:00,1497.1536864129646
1999-10-01 01:00:00,1507.8700180265635
1999-10-03 01:00:00,1492.5676113836823
1999-10-04 01:00:00,1485.2095657417337
1999-10-05 01:00:00,1478.0272918379496
1999-10-06 01:00:00,1475.1196654200837
1999-10-07 01:00:00,1491.8412559032276
1999-10-08 01:00:00,1506.3254040667996
1999-10-10 01:00:00,1534.723865392649
1999-10-11 01:00:00,1542.8128936830662
1999-10-12 01:00:00,1543.768443431416
1999-10-13 01:00:00,1530.031305515904
1999-10-14 01:00:00,1516.4091631296135
1999-10-15 01:00:00,1502.8543063961895
1999-10-17 01:00:00,1507.3291094693634
1999-10-18 01:00:00,1513.826165100925
1999-10-19 01:00:00,1520.635905941449
1999-10-20 01:00:00,1527.8482639695367
1999-10-21 01:00:00,1535.5393609197522
1999-10-22 01:00:00,1526.083066374085
1999-10-24 01:00:00,1490.8229632653658
1999-10-25 01:00:00,1481.575004558062
1999-10-26 01:00:00,1502.512927744474
1999-10-27 01:00:00,1531.2841836178723
1999-10-28 01:00:00,1545.5048523825858
1999-10-29 01:00:00,1559.5427524194226
1999-10-31 01:00:00,1544.7607456974324
1999-11-01 00:00:00,1533.0822206869768
1999-11-02 00:00:00,1521.2021326867346
1999-11-03 00:00:00,1509.6899010561017
1999-11-04 00:00:00,1498.5133837449903
1999-11-05 00:00:00,1507.76278244027
1999-11-07 00:00:00,1527.297237803782
1999-11-08 00:00:00,1514.945713416296
1999-11-09 00:00:00,1480.1254739748144
1999-11-10 00:00:00,1458.128223042122
1999-11-11 00:00:00,1448.083296678018
1999-11-12 00:00:00,1438.5265086074978
1999-11-14 00:00:00,1428.267552966183
1999-11-15 00:00:00,1442.1309347115248
1999-11-16 00:00:00,1456.310974350474
1999-11-17 00:00:00,1470.7628868689676
1999-11-18 00:00:00,1485.434893096342
1999-11-19 00:00:00,1500.2660107851602
1999-11-21 00:00:00,1503.0159051200585
1999-11-22 00:00:00,1520.1834549831754
1999-11-23 00:00:00,1544.352852833016
1999-11-24 00:00:00,1560.2436406774996
1999-11-25 00:00:00,1575.858631013051
1999-11-26 00:00:00,1591.0487180969785
1999-11-28 00:00:00,1601.58729865153
1999-11-29 00:00:00,1589.2819922162107
1999-11-30 00:00:00,1577.2450614730258
1999-12-01 00:00:00,1565.4415985158248
1999-12-02 00:00:00,1553.8263936058888
1999-12-03 00:00:00,1540.2645436607252
1999-12-05 00:00:00,1505.7760869044962
1999-12-06 00:00:00,1469.0286547793855
1999-12-07 00:00:00,1447.1513449225083
1999-12-08 00:00:00,1428.4195762672894
1999-12-09 00:00:00,1409.6060474589876
1999-12-10 00:00:00,1390.700284105852
1999-12-12 00:00:00,1352.5221616287804
1999-12-13 00:00:00,1338.5575192048257
1999-12-14 00:00:00,1342.1050107025244
1999-12-15 00:00:00,1345.8818444469216
1999-12-16 00:00:00,1348.2603913634302
1999-12-17 00:00:00,1350.2548232483914
1999-12-19 00:00:00,1375.1532606182764
1999-12-20 00:00:00,1419.3145390777222
1999-12-21 00:00:00,1455.346615877282
1999-12-22 00:00:00,1484.2723129640763
1999-12-23 00:00:00,1493.511293563238
1999-12-24 00:00:00,1502.6022501906225
1999-12-26 00:00:00,1519.805336699583
1999-12-27 00:00:00,1509.0995634918947
1999-12-28 00:00:00,1491.1821056909682
1999-12-29 00:00:00,1473.681701979421
1999-12-30 00:00:00,1456.5451649064794
1999-12-31 00:00:00,1439.7073083302917
2000-01-02 00:00:00,1342.289843870062
2000-01-03 00:00:00,1278.34898915928
2000-01-04 00:00:00,1230.8728022385242
2000-01-05 00:00:00,1188.5348178342122
2000-01-06 00:00:00,1146.1195929873086
2000-01-07 00:00:00,1119.1879294415726
2000-01-09 00:00:00,1075.13155756586
2000-01-10 00:00:00,1052.886059182144
2000-01-11 00:00:00,1034.4456520207718
2000-01-12 00:00:00,1035.647379756976
2000-01-13 00:00:00,1037.1110840022138
2000-01-14 00:00:00,1038.8773566121238
2000-01-16 00:00:00,1086.2424558699822
2000-01-17 00:00:00,1146.207436622213
2000-01-18 00:00:00,1207.6688301958527
2000-01-19 00:00:00,1260.3439353292802
2000-01-20 00:00:00,1295.8962447426968
2000-01-21 00:00:00,1331.335323522961
2000-01-23 00:00:00,1360.192721441423
2000-01-24 00:00:00,1368.3047624179517
2000-01-25 00:00:00,1358.812383554933
2000-01-26 00:00:00,1341.1023103009124
2000-01-27 00:00:00,1323.794115627856
2000-01-28 00:00:00,1294.983602914446
2000-01-30 00:00:00,1179.8245142018093
2000-01-31 00:00:00,1116.2909352621566
2000-02-01 00:00:00,1053.062209555005
2000-02-02 00:00:00,989.8055739584594
2000-02-03 00:00:00,933.7959992536106
2000-02-04 00:00:00,891.2486145355426
2000-02-06 00:00:00,804.7859278043643
2000-02-07 00:00:00,763.5729919539054
2000-02-08 00:00:00,741.2757050319833
2000-02-09 00:00:00,723.4004525106549
2000-02-10 00:00:00,725.8860633761255
2000-02-11 00:00:00,728.8076539204556
2000-02-13 00:00:00,810.7417461640348
2000-02-14 00:00:00,871.1235731062396
2000-02-15 00:00:00,932.8078074921362
2000-02-16 00:00:00,995.6355148925531
2000-02-17 00:00:00,1059.345199189365
2000-02-18 00:00:00,1111.0034554015342
2000-02-20 00:00:00,1186.6199521491885
2000-02-21 00:00:00,1220.7037695726158
2000-02-22 00:00:00,1230.3292876703554
2000-02-23 00:00:00,1224.6119429190278
2000-02-24 00:00:00,1209.43457002895
2000-02-25 00:00:00,1175.3479499140567
2000-02-27 00:00:00,1052.0241792304219
2000-02-28 00:00:00,991.3739629066671
2000-02-29 00:00:00,931.187627890424
2000-03-01 00:00:00,871.0202573438693
2000-03-02 00:00:00,810.4503940393635
2000-03-03 00:00:00,749.1027112005463
2000-03-05 00:00:00,644.4044276742343
2000-03-06 00:00:00,614.7711704082869
2000-03-07 00:00:00,599.8649291990841
2000-03-08 00:00:00,584.4501278434379
2000-03-09 00:00:00,575.6784940784212
2000-03-10 00:00:00,590.3091717643583
2000-03-12 00:00:00,706.938337617339
2000-03-13 00:00:00,771.6123931258936
2000-03-14 00:00:00,836.1939163979793
2000-03-15 00:00:00,900.5961666166206
2000-03-16 00:00:00,965.2732623542477
2000-03-17 00:00:00,1031.130954276181
2000-03-19 00:00:00,1127.3735853510548
2000-03-20 00:00:00,1138.4021692537183
2000-03-21 00:00:00,1148.9617066084008
2000-03-22 00:00:00,1159.020746812146
2000-03-23 00:00:00,1154.9177105905285
2000-03-24 00:00:00,1106.7273621126976
2000-03-26 00:00:00,981.3582372001167
2000-03-27 01:00:00,916.8876647829644
2000-03-28 01:00:00,855.6264182682378
2000-03-29 01:00:00,794.2022102644571
2000-03-30 01:00:00,732.1724565014347
2000-03-31 01:00:00,669.1141480336059
2000-04-02 01:00:00,538.507670034558
2000-04-03 01:00:00,481.9293214360066
2000-04-04 01:00:00,454.13459265169087
2000-04-05 01:00:00,432.4238017498178
2000-04-06 01:00:00,410.28390529352185
2000-04-07 01:00:00,417.463707365002
2000-04-09 01:00:00,540.9050711515316
2000-04-10 01:00:00,602.219470916535
2000-04-11 01:00:00,662.9513648584199
2000-04-12 01:00:00,722.9954213619753
2000-04-13 01:00:00,782.3131938766958
2000-04-14 01:00:00,840.8895234903453
2000-04-16 01:00:00,955.8831903235251
2000-04-17 01:00:00,1012.2091365474993
2000-04-18 01:00:00,1033.1116742221575
2000-04-19 01:00:00,1041.883031516046
2000-04-20 01:00:00,1046.2176199487392
2000-04-21 01:00:00,995.171270933547
2000-04-23 01:00:00,868.9510541965408
2000-04-24 01:00:00,806.9308868688923
2000-04-25 01:00:00,745.2093160282549
2000-04-26 01:00:00,683.3845154053545
2000-04-27 01:00:00,621.0161582371724
2000-04-28 01:00:00,557.6516915232012
2000-04-30 01:00:00,428.43899428835323
2000-05-01 01:00:00,361.3069634028111
2000-05-02 01:00:00,292.0470780838324
2000-05-03 01:00:00,220.74365673044343
2000-05-04 01:00:00,172.66277578495365
2000-05-05 01:00:00,182.2995227331638
2000-05-07 01:00:00,299.1643624408307
2000-05-08 01:00:00,361.3701932571242
2000-05-09 01:00:00,423.6515059784677
2000-05-10 01:00:00,488.50369735186473
2000-05-11 01:00:00,555.4163941378063
2000-05-12 01:00:00,621.1493547381104
2000-05-14 01:00:00,749.3109101127503
2000-05-15 01:00:00,811.8507808992149
2000-05-16 01:00:00,873.4011481219821
2000-05-17 01:00:00,933.9663888587938
2000-05-18 01:00:00,973.1717732021514
2000-05-19 01:00:00,964.3038452204896
2000-05-21 01:00:00,881.7785292403183
2000-05-22 01:00:00,834.5440588888356
2000-05-23 01:00:00,787.3588022969421
2000-05-24 01:00:00,739.8880492935301
2000-05-25 01:00:00,691.7476053463332
2000-05-26 01:00:00,642.5206471711217
2000-05-28 01:00:00,539.1306744226117
2000-05-29 01:00:00,484.3169330877216
2000-05-30 01:00:00,427.1836682929161
2000-05-31 01:00:00,367.5663032191114
2000-06-01 01:00:00,305.65397576790104
2000-06-02 01:00:00,288.0866648032607
2000-06-04 01:00:00,348.53742843317104
2000-06-05 01:00:00,421.03312515297455
2000-06-06 01:00:00,496.18106616527155
2000-06-07 01:00:00,569.770723644328
2000-06-08 01:00:00,641.5777412255983
2000-06-09 01:00:00,711.5406833609561
2000-06-11 01:00:00,846.2341223146211
2000-06-12 01:00:00,911.252804682758
2000-06-13 01:00:00,974.9362837192638
2000-06-14 01:00:00,1037.4369479750437
2000-06-15 01:00:00,1068.0881893926166
2000-06-16 01:00:00,1080.814079849195
2000-06-18 01:00:00,1067.1170702464165
2000-06-19 01:00:00,1031.0154233631285
2000-06-20 01:00:00,975.8850729428793
2000-06-21 01:00:00,920.2037975170856
2000-06-22 01:00:00,863.9465522389331
2000-06-23 01:00:00,807.3867532648823
2000-06-25 01:00:00,689.414683803448
2000-06-26 01:00:00,627.3505136959933
2000-06-27 01:00:00,562.8983584504873
2000-06-28 01:00:00,495.95349269705827
2000-06-29 01:00:00,431.2970199927295
2000-06-30 01:00:00,415.8202702738714
2000-07-02 01:00:00,393.2886093393235
2000-07-03 01:00:00,453.9754798001281
2000-07-04 01:00:00,529.7749442791925
2000-07-05 01:00:00,604.2385226498027
2000-07-06 01:00:00,676.9650816212994
2000-07-07 01:00:00,747.7545593562131
2000-07-09 01:00:00,887.2498690888225
2000-07-10 01:00:00,955.0622426024014
2000-07-11 01:00:00,1021.44481441683
2000-07-12 01:00:00,1081.3823100578384
2000-07-13 01:00:00,1101.7179143460294
2000-07-14 01:00:00,1117.9234320124283
2000-07-16 01:00:00,1134.1866498572388
2000-07-17 01:00:00,1106.0443791897494
2000-07-18 01:00:00,1062.6627008455705
2000-07-19 01:00:00,1010.3882381003781
2000-07-20 01:00:00,957.6622460618999
2000-07-21 01:00:00,904.2809283162684
2000-07-23 01:00:00,794.6498053576944
2000-07-24 01:00:00,737.931383521486
2000-07-25 01:00:00,679.6594923122882
2000-07-26 01:00:00,619.6877859937654
2000-07-27 01:00:00,580.7770742207439
2000-07-28 01:00:00,574.5271236861159
2000-07-30 01:00:00,569.6175744885003
2000-07-31 01:00:00,605.4153835866986
2000-08-01 01:00:00,654.8112219532175
2000-08-02 01:00:00,727.8384184152621
2000-08-03 01:00:00,801.9626269132815
2000-08-04 01:00:00,874.1085631068188
2000-08-06 01:00:00,1011.9784876461616
2000-08-07 01:00:00,1077.9090334982493
2000-08-08 01:00:00,1142.1860869609893
2000-08-09 01:00:00,1182.6067452591483
2000-08-10 01:00:00,1196.793004820453
2000-08-11 01:00:00,1212.180408947901
2000-08-13 01:00:00,1245.4468147052557
2000-08-14 01:00:00,1260.89722269236
2000-08-15 01:00:00,1242.8939973367578
2000-08-16 01:00:00,1216.4342284252502
2000-08-17 01:00:00,1183.6109392259673
2000-08-18 01:00:00,1133.6703882175298
2000-08-20 01:00:00,1030.9695397819496
2000-08-21 01:00:00,978.0180456301135
2000-08-22 01:00:00,923.8604674865817
2000-08-23 01:00:00,874.7425230764271
2000-08-24 01:00:00,862.5776974695054
2000-08-25 01:00:00,860.5691940696103
2000-08-27 01:00:00,855.7396355947858
2000-08-28 01:00:00,853.0431529665718
2000-08-29 01:00:00,874.425778063629
2000-08-30 01:00:00,899.7596557890531
2000-08-31 01:00:00,949.7400546516832
2000-09-01 01:00:00,1022.5562640302595
2000-09-03 01:00:00,1165.9156255129237
2000-09-04 01:00:00,1234.6413815792473
2000-09-05 01:00:00,1292.995151930506
2000-09-06 01:00:00,1319.8534129153886
2000-09-07 01:00:00,1336.5198676587079
2000-09-08 01:00:00,1353.0677441917712
2000-09-10 01:00:00,1386.1287799571314
2000-09-11 01:00:00,1402.779762259205
2000-09-12 01:00:00,1413.89547004917
2000-09-13 01:00:00,1407.275818646666
2000-09-14 01:00:00,1400.4378273683042
2000-09-15 01:00:00,1393.3820056304753
2000-09-17 01:00:00,1313.0242369111388
2000-09-18 01:00:00,1257.2831369960513
2000-09-19 01:00:00,1200.7728195560132
2000-09-20 01:00:00,1177.3284223791788
2000-09-21 01:00:00,1174.5033004781797
2000-09-22 01:00:00,1171.4986958250947
2000-09-24 01:00:00,1164.9727103820915
2000-09-25 01:00:00,1161.5025744435611
2000-09-26 01:00:00,1164.6115854524041
2000-09-27 01:00:00,1188.2886611647004
2000-09-28 01:00:00,1211.7580500460178
2000-09-29 01:00:00,1234.9284629385777
2000-10-01 01:00:00,1329.8634657658706
2000-10-02 01:00:00,1398.2846889512334
2000-10-03 01:00:00,1436.1601227108233
2000-10-04 01:00:00,1452.6469307354328
2000-10-05 01:00:00,1468.9133428597415
2000-10-06 01:00:00,1485.0419602045204
2000-10-08 01:00:00,1517.2283020165341
2000-10-09 01:00:00,1533.4445287685248
2000-10-10 01:00:00,1549.8281345250305
2000-10-11 01:00:00,1555.6714106434092
2000-10-12 01:00:00,1547.9109344042279
2000-10-13 01:00:00,1539.8024973466117
2000-10-15 01:00:00,1522.6460718517021
2000-10-16 01:00:00,1486.900297493327
2000-10-17 01:00:00,1449.1407103439878
2000-10-18 01:00:00,1442.751761341911
2000-10-19 01:00:00,1435.990511759918
2000-10-20 01:00:00,1426.4641980050637
2000-10-22 01:00:00,1405.8618170614006
2000-10-23 01:00:00,1394.9391133046836
2000-10-24 01:00:00,1383.6260774951302
2000-10-25 01:00:00,1389.6009806851612
2000-10-26 01:00:00,1403.7667735525088
2000-10-27 01:00:00,1417.4076873922913
2000-10-29 01:00:00,1474.3947201568344
2000-10-30 00:00:00,1492.5298859399686
2000-10-31 00:00:00,1495.2313058424793
2000-11-01 00:00:00,1504.359688493014
2000-11-02 00:00:00,1513.3997352739675
2000-11-03 00:00:00,1522.459898878635
2000-11-05 00:00:00,1541.0904964731346
2000-11-06 00:00:00,1550.8735337080193
2000-11-07 00:00:00,1561.0891522319312
2000-11-08 00:00:00,1571.802544478429
2000-11-09 00:00:00,1567.4037152079366
2000-11-10 00:00:00,1553.6370127416242
2000-11-12 00:00:00,1484.1479264194838
2000-11-13 00:00:00,1459.3686223098148
2000-11-14 00:00:00,1472.0845791711374
2000-11-15 00:00:00,1483.8332391983342
2000-11-16 00:00:00,1474.811362017272
2000-11-17 00:00:00,1466.144147029254
2000-11-19 00:00:00,1449.8494722730065
2000-11-20 00:00:00,1442.1815917467277
2000-11-21 00:00:00,1434.801908008122
2000-11-22 00:00:00,1429.812248132487
2000-11-23 00:00:00,1448.2499616779971
2000-11-24 00:00:00,1466.5864546796631
2000-11-26 00:00:00,1520.615799126032
2000-11-27 00:00:00,1515.147082129378
2000-11-28 00:00:00,1504.8964904700993
2000-11-29 00:00:00,1494.826811749763
2000-11-30 00:00:00,1490.0861859681881
2000-12-01 00:00:00,1501.6615738716807
2000-12-03 00:00:00,1520.292591110393
2000-12-04 00:00:00,1528.8554362092102
2000-12-05 00:00:00,1537.6496833345682
2000-12-06 00:00:00,1546.7527265610197
2000-12-07 00:00:00,1556.22768166641
2000-12-08 00:00:00,1540.332819549999
2000-12-10 00:00:00,1509.166316490787
2000-12-11 00:00:00,1531.4685893275782
2000-12-12 00:00:00,1544.0202695121131
2000-12-13 00:00:00,1556.6524665253994
2000-12-14 00:00:00,1569.2405262596264
2000-12-15 00:00:00,1570.2458786987027
2000-12-17 00:00:00,1542.0434683853414
2000-12-18 00:00:00,1528.3778691378157
2000-12-19 00:00:00,1515.005907074686
2000-12-20 00:00:00,1501.9095601989775
2000-12-21 00:00:00,1502.8719285870595
2000-12-22 00:00:00,1514.5236291294163
2000-12-24 00:00:00,1481.1220508000285
2000-12-25 00:00:00,1443.1093181736373
2000-12-26 00:00:00,1410.7211785780632
2000-12-27 00:00:00,1394.1599564920198
2000-12-28 00:00:00,1377.664508471112
2000-12-29 00:00:00,1361.196493692037
2000-12-31 00:00:00,1350.0355754561788
2001-01-01 00:00:00,1355.2674751128916
2001-01-02 00:00:00,1360.6976521180038
2001-01-03 00:00:00,1366.3975561231339
2001-01-04 00:00:00,1372.4355724127654
2001-01-05 00:00:00,1373.7342706973877
2001-01-07 00:00:00,1373.0427353100292
2001-01-08 00:00:00,1411.179192365571
2001-01-09 00:00:00,1450.2756443947212
2001-01-10 00:00:00,1489.974007651044
2001-01-11 00:00:00,1516.7773468486062
2001-01-12 00:00:00,1529.6319285414106
2001-01-14 00:00:00,1533.3928409817802
2001-01-15 00:00:00,1519.284309748854
2001-01-16 00:00:00,1505.5948727989175
2001-01-17 00:00:00,1492.3104415170467
2001-01-18 00:00:00,1480.4341395789081
2001-01-19 00:00:00,1484.3447880777908
2001-01-21 00:00:00,1415.4917664101786
2001-01-22 00:00:00,1378.3721864827503
2001-01-23 00:00:00,1341.5586521827834
2001-01-24 00:00:00,1304.93819814047
2001-01-25 00:00:00,1268.4151087971784
2001-01-26 00:00:00,1231.9043175171416
2001-01-28 00:00:00,1196.798438368202
2001-01-29 00:00:00,1186.1534882584128
2001-01-30 00:00:00,1194.337541189036
2001-01-31 00:00:00,1203.1695016048616
2001-02-01 00:00:00,1212.744312302403
2001-02-02 00:00:00,1223.1541240595086
2001-02-04 00:00:00,1275.8900557758318
2001-02-05 00:00:00,1317.7476054611327
2001-02-06 00:00:00,1361.3217580879157
2001-02-07 00:00:00,1406.3605027922752
2001-02-08 00:00:00,1452.4587504365425
2001-02-09 00:00:00,1495.5760023501332
2001-02-11 00:00:00,1524.8481995274221
2001-02-12 00:00:00,1525.0306983925148
2001-02-13 00:00:00,1512.6083156635789
2001-02-14 00:00:00,1500.6704329050121
2001-02-15 00:00:00,1489.012481853795
2001-02-16 00:00:00,1455.5252196930066
2001-02-18 00:00:00,1383.5566228091648
2001-02-19 00:00:00,1348.1879101476995
2001-02-20 00:00:00,1312.1214789718845
2001-02-21 00:00:00,1275.9054191129906
2001-02-22 00:00:00,1244.4571186005892
2001-02-23 00:00:00,1232.2370284370372
2001-02-25 00:00:00,1206.375016878805
2001-02-26 00:00:00,1192.7172906808619
2001-02-27 00:00:00,1185.9929172039033
2001-02-28 00:00:00,1195.9227616641535
2001-03-01 00:00:00,1205.8388682789057
2001-03-02 00:00:00,1221.4885563198986
2001-03-04 00:00:00,1306.007130277103
2001-03-05 00:00:00,1345.1012682801315
2001-03-06 00:00:00,1385.0825525630669
2001-03-07 00:00:00,1425.8559074704467
2001-03-08 00:00:00,1461.196904589506
2001-03-09 00:00:00,1474.39753992846
2001-03-11 00:00:00,1500.5143004477995
2001-03-12 00:00:00,1503.244494454518
2001-03-13 00:00:00,1487.180935528378
2001-03-14 00:00:00,1471.5312759609797
2001-03-15 00:00:00,1442.5864209921217
2001-03-16 00:00:00,1384.3199258652064
2001-03-18 00:00:00,1305.8724329305705
2001-03-19 00:00:00,1267.4726286465545
2001-03-20 00:00:00,1229.2713965417502
2001-03-21 00:00:00,1191.0342540478136
2001-03-22 00:00:00,1152.5635357596905
2001-03-23 00:00:00,1117.219084110959
2001-03-25 00:00:00,1081.2255425451742
2001-03-26 01:00:00,1071.574681961177
2001-03-27 01:00:00,1079.5734661509111
2001-03-28 01:00:00,1087.7363253877725
2001-03-29 01:00:00,1096.0599698452968
2001-03-30 01:00:00,1129.7749542644613
2001-04-01 01:00:00,1224.3851635831468
2001-04-02 01:00:00,1261.4551917114695
2001-04-03 01:00:00,1299.2040750833332
2001-04-04 01:00:00,1337.5814395237726
2001-04-05 01:00:00,1376.4425828558506
2001-04-06 01:00:00,1415.5361613316527
2001-04-08 01:00:00,1440.366445684842
2001-04-09 01:00:00,1425.3762412264123
2001-04-10 01:00:00,1413.442840108211
2001-04-11 01:00:00,1401.938193804625
2001-04-12 01:00:00,1361.3792626717307
2001-04-13 01:00:00,1300.6213522008645
2001-04-15 01:00:00,1231.0924635795373
2001-04-16 01:00:00,1197.5475218007095
2001-04-17 01:00:00,1164.2880823188207
2001-04-18 01:00:00,1131.0504433483695
2001-04-19 01:00:00,1097.595188870464
2001-04-20 01:00:00,1063.7198897586393
2001-04-22 01:00:00,1017.0884428477533
2001-04-23 01:00:00,1006.5394086439609
2001-04-24 01:00:00,1003.7631969207777
2001-04-25 01:00:00,1014.7989746911245
2001-04-26 01:00:00,1035.4154271089158
2001-04-27 01:00:00,1086.1930802380675
2001-04-29 01:00:00,1181.4319946473563
2001-04-30 01:00:00,1220.6821752342064
2001-05-01 01:00:00,1260.2430060130857
2001-05-02 01:00:00,1300.0709715564508
2001-05-03 01:00:00,1340.0801874053413
2001-05-04 01:00:00,1380.128695545465
2001-05-06 01:00:00,1419.3940616501532
2001-05-07 01:00:00,1431.481808096291
2001-05-08 01:00:00,1446.0224801024308
2001-05-09 01:00:00,1449.0583264025645
2001-05-10 01:00:00,1407.0633290523776
2001-05-11 01:00:00,1356.1312953626618
2001-05-13 01:00:00,1293.7499647539616
2001-05-14 01:00:00,1263.2232652259447
2001-05-15 01:00:00,1232.8200462270565
2001-05-16 01:00:00,1202.2839474487423
2001-05-17 01:00:00,1172.6213074992877
2001-05-18 01:00:00,1143.1820006639332
2001-05-20 01:00:00,1093.9619255624343
2001-05-21 01:00:00,1085.5070554990007
2001-05-22 01:00:00,1076.4277754754073
2001-05-23 01:00:00,1066.735276039712
2001-05-24 01:00:00,1077.4137848123482
2001-05-25 01:00:00,1117.8237964807456
2001-05-27 01:00:00,1203.3653783855889
2001-05-28 01:00:00,1244.8465279339184
2001-05-29 01:00:00,1285.8786535259528
2001-05-30 01:00:00,1326.6841668985212
2001-05-31 01:00:00,1367.1571630712015
2001-06-01 01:00:00,1407.1961763168665
2001-06-03 01:00:00,1468.0914296687042
2001-06-04 01:00:00,1481.080704122796
2001-06-05 01:00:00,1493.7534631796527
2001-06-06 01:00:00,1487.1771587202868
2001-06-07 01:00:00,1467.8820238660237
2001-06-08 01:00:00,1433.7522101777067
2001-06-10 01:00:00,1360.3943805163435
2001-06-11 01:00:00,1324.1702105931683
2001-06-12 01:00:00,1288.0291292446864
2001-06-13 01:00:00,1251.3961741746143
2001-06-14 01:00:00,1213.721046119571
2001-06-15 01:00:00,1175.5184103967817
2001-06-17 01:00:00,1096.779018870211
2001-06-18 01:00:00,1057.6769596580489
2001-06-19 01:00:00,1041.3305208322847
2001-06-20 01:00:00,1028.5047022316814
2001-06-21 01:00:00,1034.50225457049
2001-06-22 01:00:00,1071.2206859897024
2001-06-24 01:00:00,1152.8800011793064
2001-06-25 01:00:00,1193.7970816301217
2001-06-26 01:00:00,1234.3784881037384
2001-06-27 01:00:00,1274.3879426931733
2001-06-28 01:00:00,1313.6567540213364
2001-06-29 01:00:00,1352.0843967204778
2001-07-01 01:00:00,1426.2900749060277
2001-07-02 01:00:00,1456.6429064005179
2001-07-03 01:00:00,1463.008045173817
2001-07-04 01:00:00,1460.5106136742043
2001-07-05 01:00:00,1430.8301599854904
2001-07-06 01:00:00,1394.489607401635
2001-07-08 01:00:00,1323.342910967156
2001-07-09 01:00:00,1288.3319834650804
2001-07-10 01:00:00,1253.5225908081718
2001-07-11 01:00:00,1218.7542566661318
2001-07-12 01:00:00,1183.8431882716104
2001-07-13 01:00:00,1148.7823327451015
2001-07-15 01:00:00,1080.50101605834
2001-07-16 01:00:00,1046.6832541506728
2001-07-17 01:00:00,1012.4281482464565
2001-07-18 01:00:00,993.3625209924045
2001-07-19 01:00:00,983.2112433174575
2001-07-20 01:00:00,1011.4337728682782
2001-07-22 01:00:00,1096.5489556772286
2001-07-23 01:00:00,1139.6234144669645
2001-07-24 01:00:00,1182.4584346229447
2001-07-25 01:00:00,1224.6743091766784
2001-07-26 01:00:00,1265.9984568222085
2001-07-27 01:00:00,1306.283519505055
2001-07-29 01:00:00,1383.6976590218487
2001-07-30 01:00:00,1420.9957616523418
2001-07-31 01:00:00,1449.8676766756353
2001-08-01 01:00:00,1477.3274408567945
2001-08-02 01:00:00,1467.285191319633
2001-08-03 01:00:00,1456.4212521629402
2001-08-05 01:00:00,1414.6153399590596
2001-08-06 01:00:00,1384.5023488786344
2001-08-07 01:00:00,1356.129889178395
2001-08-08 01:00:00,1327.6555711584563
2001-08-09 01:00:00,1298.9483034517282
2001-08-10 01:00:00,1269.8534360670988
2001-08-12 01:00:00,1209.7680823654532
2001-08-13 01:00:00,1178.3748894404582
2001-08-14 01:00:00,1145.8187120471378
2001-08-15 01:00:00,1124.3194500104555
2001-08-16 01:00:00,1095.2469643842903
2001-08-17 01:00:00,1100.440573573032
2001-08-19 01:00:00,1139.3943927882583
2001-08-20 01:00:00,1159.0553792242458
2001-08-21 01:00:00,1203.2771511736862
2001-08-22 01:00:00,1248.9438801637427
2001-08-23 01:00:00,1293.5348557920797
2001-08-24 01:00:00,1336.8259850542765
2001-08-26 01:00:00,1419.392043579628
2001-08-27 01:00:00,1451.158418429924
2001-08-28 01:00:00,1476.8706446589904
2001-08-29 01:00:00,1507.284064846752
2001-08-30 01:00:00,1519.9685628329137
2001-08-31 01:00:00,1527.9297163350782
2001-09-02 01:00:00,1509.9211869815679
2001-09-03 01:00:00,1500.904791583401
2001-09-04 01:00:00,1491.8465588132435
2001-09-05 01:00:00,1480.952734982461
2001-09-06 01:00:00,1450.3340152624398
2001-09-07 01:00:00,1419.3406516242478
2001-09-09 01:00:00,1355.7368131942571
2001-09-10 01:00:00,1322.8106837207456
2001-09-11 01:00:00,1302.695923869049
2001-09-12 01:00:00,1287.7082715279719
2001-09-13 01:00:00,1266.5644265553422
2001-09-14 01:00:00,1258.1179296117818
2001-09-16 01:00:00,1257.7842567375164
2001-09-17 01:00:00,1276.0859915134163
2001-09-18 01:00:00,1294.3019608315622
2001-09-19 01:00:00,1312.2469016397822
2001-09-20 01:00:00,1348.1177502796577
2001-09-21 01:00:00,1391.7403609553735
2001-09-23 01:00:00,1474.6741217480976
2001-09-24 01:00:00,1490.4726392608816
2001-09-25 01:00:00,1504.4568461626416
2001-09-26 01:00:00,1524.6485133401522
2001-09-27 01:00:00,1536.491573565678
2001-09-28 01:00:00,1548.1556211149232
2001-09-30 01:00:00,1571.1706869485529
2001-10-01 01:00:00,1564.0073586286915
2001-10-02 01:00:00,1553.709215137163
2001-10-03 01:00:00,1543.2046673287605
2001-10-04 01:00:00,1532.1281888273618
2001-10-05 01:00:00,1497.3053537946812
2001-10-07 01:00:00,1419.7540662640806
2001-10-08 01:00:00,1387.0193338883576
2001-10-09 01:00:00,1372.0672665802554
2001-10-10 01:00:00,1357.1169440739877
2001-10-11 01:00:00,1348.4174089277083
2001-10-12 01:00:00,1332.848924367111
2001-10-14 01:00:00,1300.4806225508262
2001-10-15 01:00:00,1284.0149179298846
2001-10-16 01:00:00,1289.2826546589765
2001-10-17 01:00:00,1318.0548074780868
2001-10-18 01:00:00,1360.1604940849047
2001-10-19 01:00:00,1401.3625762978938
2001-10-21 01:00:00,1465.303609598006
2001-10-22 01:00:00,1477.3710093467846
2001-10-23 01:00:00,1485.2641716178027
2001-10-24 01:00:00,1477.1845610117825
2001-10-25 01:00:00,1487.7037551767178
2001-10-26 01:00:00,1498.2775147694197
2001-10-28 01:00:00,1519.8424952020441
2001-10-29 00:00:00,1530.527201925172
2001-10-30 00:00:00,1541.8361221141793
2001-10-31 00:00:00,1534.8167926182684
2001-11-01 00:00:00,1501.5709720535
2001-11-02 00:00:00,1467.8845057184726
2001-11-04 00:00:00,1401.9869114552896
2001-11-05 00:00:00,1393.7941676001258
2001-11-06 00:00:00,1385.5468433019169
2001-11-07 00:00:00,1396.093221536751
2001-11-08 00:00:00,1413.1247413994593
2001-11-09 00:00:00,1405.9870848363755
2001-11-11 00:00:00,1391.33361922702
2001-11-12 00:00:00,1383.8789830581306
2001-11-13 00:00:00,1376.424379598736
2001-11-14 00:00:00,1369.0588785132666
2001-11-15 00:00:00,1397.1597753477988
2001-11-16 00:00:00,1440.2927092102577
2001-11-18 00:00:00,1490.4297328802006
2001-11-19 00:00:00,1504.5351985314805
2001-11-20 00:00:00,1499.0198674995806
2001-11-21 00:00:00,1487.768304402479
2001-11-22 00:00:00,1479.7631944665488
2001-11-23 00:00:00,1491.3939751812436
2001-11-25 00:00:00,1514.5814822213965
2001-11-26 00:00:00,1526.2879377930624
2001-11-27 00:00:00,1538.154445029156
2001-11-28 00:00:00,1550.2279448150393
2001-11-29 00:00:00,1562.53861335557
2001-11-30 00:00:00,1573.4429082933782
2001-12-02 00:00:00,1544.2887957758624
2001-12-03 00:00:00,1536.0478201522214
2001-12-04 00:00:00,1543.1395348848512
2001-12-05 00:00:00,1559.4189653139592
2001-12-06 00:00:00,1575.709475995454
2001-12-07 00:00:00,1581.6275154766047
2001-12-09 00:00:00,1560.9607305288064
2001-12-10 00:00:00,1550.6732419943748
2001-12-11 00:00:00,1540.462384082334
2001-12-12 00:00:00,1527.9429333226087
2001-12-13 00:00:00,1515.3291194577075
2001-12-14 00:00:00,1502.109127355042
2001-12-16 00:00:00,1479.7652329441928
2001-12-17 00:00:00,1472.8908654780678
2001-12-18 00:00:00,1455.3914259062808
2001-12-19 00:00:00,1438.112153793489
2001-12-20 00:00:00,1421.0098979785714
2001-12-21 00:00:00,1404.369230190086
2001-12-23 00:00:00,1415.37398826547
2001-12-24 00:00:00,1418.514743246089
2001-12-25 00:00:00,1420.8593007981444
2001-12-26 00:00:00,1423.4510783206372
2001-12-27 00:00:00,1426.350008671835
2001-12-28 00:00:00,1429.5982162757748
2001-12-30 00:00:00,1484.0103314565804
2001-12-31 00:00:00,1506.8651359701018
2002-01-01 00:00:00,1531.6061881008616
2002-01-02 00:00:00,1542.3280472936153
2002-01-03 00:00:00,1553.1030314021732
2002-01-04 00:00:00,1562.4636789492115
2002-01-06 00:00:00,1533.0136902852723
2002-01-07 00:00:00,1514.2062571099625
2002-01-08 00:00:00,1495.669685590975
2002-01-09 00:00:00,1477.4103887325464
2002-01-10 00:00:00,1459.4295772064272
2002-01-11 00:00:00,1418.420171617083
2002-01-13 00:00:00,1318.8366474451527
2002-01-14 00:00:00,1261.4891638459185
2002-01-15 00:00:00,1217.4383583522585
2002-01-16 00:00:00,1192.4507461346254
2002-01-17 00:00:00,1172.8305494299518
2002-01-18 00:00:00,1153.8347772954785
2002-01-20 00:00:00,1137.6954790788384
2002-01-21 00:00:00,1142.9479002582652
2002-01-22 00:00:00,1148.9500423243
2002-01-23 00:00:00,1155.756507036058
2002-01-24 00:00:00,1163.398320178257
2002-01-25 00:00:00,1181.7220392647305
2002-01-27 00:00:00,1264.8154450060283
2002-01-28 00:00:00,1338.0994808687933
2002-01-29 00:00:00,1406.0189364384344
2002-01-30 00:00:00,1427.752667190415
2002-01-31 00:00:00,1443.9832348216444
2002-02-01 00:00:00,1459.8740518033424
2002-02-03 00:00:00,1464.6233383629378
2002-02-04 00:00:00,1451.9573274298957
2002-02-05 00:00:00,1439.2483510656814
2002-02-06 00:00:00,1426.47004943564
2002-02-07 00:00:00,1394.6187646455155
2002-02-08 00:00:00,1356.1153394506823
2002-02-10 00:00:00,1241.9644746369845
2002-02-11 00:00:00,1196.2683516986299
2002-02-12 00:00:00,1157.542908333302
2002-02-13 00:00:00,1119.307381455918
2002-02-14 00:00:00,1101.5922105255156
2002-02-15 00:00:00,1083.5388638257036
2002-02-17 00:00:00,1046.4215350866596
2002-02-18 00:00:00,1046.1567165441638
2002-02-19 00:00:00,1049.420575249179
2002-02-20 00:00:00,1052.6428785670385
2002-02-21 00:00:00,1055.925120282575
2002-02-22 00:00:00,1085.1233292635914
2002-02-24 00:00:00,1172.639083128669
2002-02-25 00:00:00,1234.4044268188534
2002-02-26 00:00:00,1285.1100130958498
2002-02-27 00:00:00,1322.506933398278
2002-02-28 00:00:00,1360.3207331796334
2002-03-01 00:00:00,1373.8450452007712
2002-03-03 00:00:00,1387.9242439328784
2002-03-04 00:00:00,1369.1907870548846
2002-03-05 00:00:00,1350.864904602618
2002-03-06 00:00:00,1321.3336638429312
2002-03-07 00:00:00,1277.9335857917304
2002-03-08 00:00:00,1226.792661818244
2002-03-10 00:00:00,1094.8510578868397
2002-03-11 00:00:00,1029.9579666019238
2002-03-12 00:00:00,965.4596556831503
2002-03-13 00:00:00,918.958367741111
2002-03-14 00:00:00,875.41737239209
2002-03-15 00:00:00,831.8079794342573
2002-03-17 00:00:00,777.9213615757546
2002-03-18 00:00:00,755.1865178731364
2002-03-19 00:00:00,752.0856077510385
2002-03-20 00:00:00,752.1084066920218
2002-03-21 00:00:00,767.2298453571101
2002-03-22 00:00:00,793.2686367607593
2002-03-24 00:00:00,889.7092328961886
2002-03-25 00:00:00,947.6932328478196
2002-03-26 00:00:00,1007.8824543445124
2002-03-27 00:00:00,1069.892669572291
2002-03-28 00:00:00,1133.0366239757711
2002-03-29 00:00:00,1171.2550138869906
2002-03-31 00:00:00,1215.9073329454952
2002-04-01 01:00:00,1212.5614661892512
2002-04-02 01:00:00,1192.1912151306694
2002-04-03 01:00:00,1145.7953446527117
2002-04-04 01:00:00,1100.7203409289496
2002-04-05 01:00:00,1031.9995119925247
2002-04-07 01:00:00,898.0829353137192
2002-04-08 01:00:00,832.441704527004
2002-04-09 01:00:00,767.2367085764871
2002-04-10 01:00:00,702.2065616591073
2002-04-11 01:00:00,637.1473144625793
2002-04-12 01:00:00,571.9043273951993
2002-04-14 01:00:00,452.8814003544334
2002-04-15 01:00:00,411.9897135363906
2002-04-16 01:00:00,388.0895896893201
2002-04-17 01:00:00,391.8031416218088
2002-04-18 01:00:00,416.1899569844371
2002-04-19 01:00:00,443.2737061779135
2002-04-21 01:00:00,551.1021427993322
2002-04-22 01:00:00,608.3227529275066
2002-04-23 01:00:00,667.7960280449098
2002-04-24 01:00:00,729.2941665662803
2002-04-25 01:00:00,792.3399579148266
2002-04-26 01:00:00,856.2397749753927
2002-04-28 01:00:00,983.3743240058359
2002-04-29 01:00:00,1030.5452860593302
2002-04-30 01:00:00,1012.612800243599
2002-05-01 01:00:00,968.3174046462032
2002-05-02 01:00:00,916.4671381413198
2002-05-03 01:00:00,850.0704471567733
2002-05-05 01:00:00,723.6484179696174
2002-05-06 01:00:00,663.0672443239428
2002-05-07 01:00:00,603.2838209725768
2002-05-08 01:00:00,545.1213856535982
2002-05-09 01:00:00,488.1166667267521
2002-05-10 01:00:00,431.01014110914605
2002-05-12 01:00:00,317.0410353250435
2002-05-13 01:00:00,259.66970025969863
2002-05-14 01:00:00,204.4595322459414
2002-05-15 01:00:00,195.49328450644663
2002-05-16 01:00:00,235.29867613574072
2002-05-17 01:00:00,289.1155634116126
2002-05-19 01:00:00,428.1724674696046
2002-05-20 01:00:00,500.3294900593034
2002-05-21 01:00:00,574.1426836843989
2002-05-22 01:00:00,649.3905131492467
2002-05-23 01:00:00,725.7063627677977
2002-05-24 01:00:00,802.5875145218702
2002-05-26 01:00:00,955.6365008497264
2002-05-27 01:00:00,1016.5005343431136
2002-05-28 01:00:00,1040.526278628372
2002-05-29 01:00:00,1035.6069359233275
2002-05-30 01:00:00,987.3580725796439
2002-05-31 01:00:00,930.0423820808954
2002-06-02 01:00:00,819.7972536305114
2002-06-03 01:00:00,766.160891329035
2002-06-04 01:00:00,713.1351303634042
2002-06-05 01:00:00,661.97688205192
2002-06-06 01:00:00,610.4869802857964
2002-06-07 01:00:00,558.3145314786223
2002-06-09 01:00:00,450.76369964918496
2002-06-10 01:00:00,407.1319416316137
2002-06-11 01:00:00,378.36479677515723
2002-06-12 01:00:00,370.99072246090066
2002-06-13 01:00:00,375.9221077874818
2002-06-14 01:00:00,417.4167275122545
2002-06-16 01:00:00,556.8893637112211
2002-06-17 01:00:00,627.3565337045217
2002-06-18 01:00:00,698.0624629243742
2002-06-19 01:00:00,768.7946063521056
2002-06-20 01:00:00,839.31600861089
2002-06-21 01:00:00,909.3634439107793
2002-06-23 01:00:00,1046.8830279017106
2002-06-24 01:00:00,1087.5523951819532
2002-06-25 01:00:00,1100.7512602042507
2002-06-26 01:00:00,1113.2633593600558
2002-06-27 01:00:00,1081.2251482435613
2002-06-28 01:00:00,1043.7281078188646
2002-06-30 01:00:00,927.6294623078796
2002-07-01 01:00:00,870.106420604525
2002-07-02 01:00:00,813.0511695003552
2002-07-03 01:00:00,757.7589458340179
2002-07-04 01:00:00,703.9720787489637
2002-07-05 01:00:00,650.0308082071714
2002-07-07 01:00:00,538.8967243058624
2002-07-08 01:00:00,481.0939230414318
2002-07-09 01:00:00,434.76136857229983
2002-07-10 01:00:00,414.32053287536246
2002-07-11 01:00:00,403.3291377565045
2002-07-12 01:00:00,439.88776332926375
2002-07-14 01:00:00,534.1167702925673
2002-07-15 01:00:00,603.1741254447033
2002-07-16 01:00:00,672.0930605385805
2002-07-17 01:00:00,740.5716596867071
2002-07-18 01:00:00,808.3959795746835
2002-07-19 01:00:00,875.4306776587795
2002-07-21 01:00:00,1008.215051226576
2002-07-22 01:00:00,1061.6255433094518
2002-07-23 01:00:00,1102.290161509778
2002-07-24 01:00:00,1142.2857587357478
2002-07-25 01:00:00,1144.2885098091274
2002-07-26 01:00:00,1114.3713846230867
2002-07-28 01:00:00,1059.6673936532009
2002-07-29 01:00:00,1014.6176133937407
2002-07-30 01:00:00,966.7040336364184
2002-07-31 01:00:00,918.9713469541965
2002-08-01 01:00:00,871.0398159717206
2002-08-02 01:00:00,822.4931086050176
2002-08-04 01:00:00,721.8368288716381
2002-08-05 01:00:00,668.9312325145698
2002-08-06 01:00:00,637.1357930326928
2002-08-07 01:00:00,606.7720218787164
2002-08-08 01:00:00,581.396496935115
2002-08-09 01:00:00,580.8429759734676
2002-08-11 01:00:00,648.1779698293365
2002-08-12 01:00:00,697.5939936437993
2002-08-13 01:00:00,770.8385617836226
2002-08-14 01:00:00,846.2035337261191
2002-08-15 01:00:00,920.2161793154739
2002-08-16 01:00:00,992.760456439892
2002-08-18 01:00:00,1131.211590255018
2002-08-19 01:00:00,1173.5483484477897
2002-08-20 01:00:00,1215.1905004119733
2002-08-21 01:00:00,1251.460326072431
2002-08-22 01:00:00,1267.1550040612367
2002-08-23 01:00:00,1271.255519256703
2002-08-25 01:00:00,1255.5950484296486
2002-08-26 01:00:00,1230.566802405828
2002-08-27 01:00:00,1201.6339739381099
2002-08-28 01:00:00,1151.024645422755
2002-08-29 01:00:00,1100.177206351724
2002-08-30 01:00:00,1048.7062270146996
2002-09-01 01:00:00,942.1465687966751
2002-09-02 01:00:00,894.8334597746565
2002-09-03 01:00:00,862.6179320508239
2002-09-04 01:00:00,828.7675806305706
2002-09-05 01:00:00,804.2914445071533
2002-09-06 01:00:00,795.8783906955758
2002-09-08 01:00:00,820.2528499832102
2002-09-09 01:00:00,841.3694199993284
2002-09-10 01:00:00,889.358941736896
2002-09-11 01:00:00,956.5805576067586
2002-09-12 01:00:00,1029.7452234427042
2002-09-13 01:00:00,1100.8460174946092
2002-09-15 01:00:00,1218.4986350345837
2002-09-16 01:00:00,1258.1193117760395
2002-09-17 01:00:00,1296.8164929927864
2002-09-18 01:00:00,1322.4837892108415
2002-09-19 01:00:00,1335.385526219878
2002-09-20 01:00:00,1347.9700711085325
2002-09-22 01:00:00,1333.108641185902
2002-09-23 01:00:00,1308.5552742131626
2002-09-24 01:00:00,1272.2357159279914
2002-09-25 01:00:00,1235.6940134675606
2002-09-26 01:00:00,1178.9069008736444
2002-09-27 01:00:00,1118.747409982358
2002-09-29 01:00:00,995.3141803024836
2002-09-30 01:00:00,954.8739693439509
2002-10-01 01:00:00,915.0681645510764
2002-10-02 01:00:00,874.0526473098399
2002-10-03 01:00:00,849.3312569103737
2002-10-04 01:00:00,834.5528080839728
2002-10-06 01:00:00,843.6763290949075
2002-10-07 01:00:00,889.1538657775126
2002-10-08 01:00:00,934.4299811908595
2002-10-09 01:00:00,990.486926029734
2002-10-10 01:00:00,1063.1169602663742
2002-10-11 01:00:00,1133.6598546421847
2002-10-13 01:00:00,1232.0761140935235
2002-10-14 01:00:00,1270.5859653047405
2002-10-15 01:00:00,1308.1549651721814
2002-10-16 01:00:00,1323.4336545073825
2002-10-17 01:00:00,1335.5049090176624
2002-10-18 01:00:00,1347.394089582078
2002-10-20 01:00:00,1344.1417186805302
2002-10-21 01:00:00,1312.5665900122626
2002-10-22 01:00:00,1281.0176558058236
2002-10-23 01:00:00,1236.8261271528052
2002-10-24 01:00:00,1180.1727893181642
2002-10-25 01:00:00,1122.9457972647513
2002-10-27 01:00:00,1022.9241674443027
2002-10-28 00:00:00,989.4428336787363
2002-10-29 00:00:00,953.2723398989923
2002-10-30 00:00:00,915.8910595538326
2002-10-31 00:00:00,903.9578916061547
2002-11-01 00:00:00,892.1962626840138
2002-11-03 00:00:00,871.1653261202744
2002-11-04 00:00:00,887.6048131892724
2002-11-05 00:00:00,938.4360394830034
2002-11-06 00:00:00,1017.3296042833939
2002-11-07 00:00:00,1094.836072367416
2002-11-08 00:00:00,1170.4389672491295
2002-11-10 00:00:00,1260.9451660814943
2002-11-11 00:00:00,1303.84971176052
2002-11-12 00:00:00,1338.0137625507396
2002-11-13 00:00:00,1354.321664755075
2002-11-14 00:00:00,1370.4278395187744
2002-11-15 00:00:00,1386.4041683421478
2002-11-17 00:00:00,1416.584890089262
2002-11-18 00:00:00,1403.9469324339582
2002-11-19 00:00:00,1373.334249630024
2002-11-20 00:00:00,1342.5928141063664
2002-11-21 00:00:00,1297.6674705981331
2002-11-22 00:00:00,1245.0315256242056
2002-11-24 00:00:00,1175.9473697988399
2002-11-25 00:00:00,1146.5569142374477
2002-11-26 00:00:00,1116.5117911213829
2002-11-27 00:00:00,1101.6875184487467
2002-11-28 00:00:00,1097.4107476480672
2002-11-29 00:00:00,1092.9302409075196
2002-12-01 00:00:00,1083.4342363869362
2002-12-02 00:00:00,1102.6622302773374
2002-12-03 00:00:00,1154.942184019144
2002-12-04 00:00:00,1207.119514850756
2002-12-05 00:00:00,1258.8196707917195
2002-12-06 00:00:00,1311.511479120444
2002-12-08 00:00:00,1398.9164165430946
2002-12-09 00:00:00,1439.9420413857058
2002-12-10 00:00:00,1457.521072881466
2002-12-11 00:00:00,1471.5507926533971
2002-12-12 00:00:00,1485.3387609680142
2002-12-13 00:00:00,1498.9596389949672
2002-12-15 00:00:00,1526.0047091060114
2002-12-16 00:00:00,1532.4900291728954
2002-12-17 00:00:00,1500.8701065172745
2002-12-18 00:00:00,1468.8266866088297
2002-12-19 00:00:00,1436.2436273876096
2002-12-20 00:00:00,1413.439884712028
2002-12-22 00:00:00,1382.3852567969614
2002-12-23 00:00:00,1349.9298885566366
2002-12-24 00:00:00,1327.951887050469
2002-12-25 00:00:00,1321.4481757158642
2002-12-26 00:00:00,1314.6077901146878
2002-12-27 00:00:00,1307.4108748700246
2002-12-29 00:00:00,1291.863929535205
2002-12-30 00:00:00,1283.4834243933794
2002-12-31 00:00:00,1316.7181752003705
2003-01-01 00:00:00,1361.5610344631912
2003-01-02 00:00:00,1394.6863692975373
2003-01-03 00:00:00,1409.4962873930206
2003-01-05 00:00:00,1462.7757855500201
2003-01-06 00:00:00,1486.7942702074697
2003-01-07 00:00:00,1499.3529594543018
2003-01-08 00:00:00,1511.4286761627452
2003-01-09 00:00:00,1523.093277699013
2003-01-10 00:00:00,1534.444690574925
2003-01-12 00:00:00,1556.6843533092513
2003-01-13 00:00:00,1567.8287195739772
2003-01-14 00:00:00,1572.487867137771
2003-01-15 00:00:00,1548.9603627192002
2003-01-16 00:00:00,1519.6252295458496
2003-01-17 00:00:00,1509.9042199527848
2003-01-19 00:00:00,1445.911831562224
2003-01-20 00:00:00,1416.1285291436075
2003-01-21 00:00:00,1405.4866217821325
2003-01-22 00:00:00,1395.178565773399
2003-01-23 00:00:00,1385.249511440446
2003-01-24 00:00:00,1375.729008334869
2003-01-26 00:00:00,1357.9414527339272
2003-01-27 00:00:00,1349.6530137898799
2003-01-28 00:00:00,1351.0466343713804
2003-01-29 00:00:00,1369.8735624573753
2003-01-30 00:00:00,1384.229028744131
2003-01-31 00:00:00,1412.5154047337676
2003-02-02 00:00:00,1478.7893483805171
2003-02-03 00:00:00,1490.956770823891
2003-02-04 00:00:00,1502.9069783215855
2003-02-05 00:00:00,1514.6426495679218
2003-02-06 00:00:00,1526.1890294897798
2003-02-07 00:00:00,1537.5926089348811
2003-02-09 00:00:00,1560.2431231139583
2003-02-10 00:00:00,1571.6554574603385
2003-02-11 00:00:00,1583.245641959547
2003-02-12 00:00:00,1586.1093796607327
2003-02-13 00:00:00,1597.415992474379
2003-02-14 00:00:00,1599.478819315759
2003-02-16 00:00:00,1564.1420780599512
2003-02-17 00:00:00,1556.305888338974
2003-02-18 00:00:00,1548.2522701090843
2003-02-19 00:00:00,1540.093331739772
2003-02-20 00:00:00,1531.949630348799
2003-02-21 00:00:00,1522.7363518357035
2003-02-23 00:00:00,1498.4079438510234
2003-02-24 00:00:00,1486.60054427297
2003-02-25 00:00:00,1474.4426149605733
2003-02-26 00:00:00,1456.7789959786119
2003-02-27 00:00:00,1444.3898788167173
2003-02-28 00:00:00,1443.0219645966652
2003-03-02 00:00:00,1435.702425369224
2003-03-03 00:00:00,1443.5152812391761
2003-03-04 00:00:00,1451.1221871353378
2003-03-05 00:00:00,1458.5288919797504
2003-03-06 00:00:00,1465.7542652876753
2003-03-07 00:00:00,1472.8327676784484
2003-03-09 00:00:00,1486.7667863489746
2003-03-10 00:00:00,1493.7665803945504
2003-03-11 00:00:00,1498.8123669256845
2003-03-12 00:00:00,1516.5714994934742
2003-03-13 00:00:00,1534.2240716381464
2003-03-14 00:00:00,1540.9882851699374
2003-03-16 00:00:00,1570.5332879380803
2003-03-17 00:00:00,1581.1609675879233
2003-03-18 00:00:00,1592.1455424769315
2003-03-19 00:00:00,1582.007054131898
2003-03-20 00:00:00,1567.0666557120733
2003-03-21 00:00:00,1552.2196280987125
2003-03-23 00:00:00,1523.2921949060783
2003-03-24 00:00:00,1509.3480440827877
2003-03-25 00:00:00,1475.753288725422
2003-03-26 00:00:00,1441.9313369208091
2003-03-27 00:00:00,1427.8782165261523
2003-03-28 00:00:00,1405.3747432402147
2003-03-30 00:00:00,1338.0468327449548
2003-03-31 01:00:00,1321.767742248571
2003-04-01 01:00:00,1306.3550446897957
2003-04-02 01:00:00,1291.069200053049
2003-04-03 01:00:00,1278.2481937335735
2003-04-04 01:00:00,1282.848290013997
2003-04-06 01:00:00,1292.1617551668548
2003-04-07 01:00:00,1297.001210028856
2003-04-08 01:00:00,1305.0845533209053
2003-04-09 01:00:00,1334.7088302962177
2003-04-10 01:00:00,1365.3507378784263
2003-04-11 01:00:00,1377.7936223411025
2003-04-13 01:00:00,1438.3260100269968
2003-04-14 01:00:00,1476.0164232585018
2003-04-15 01:00:00,1500.2476324319853
2003-04-16 01:00:00,1512.605498096968
2003-04-17 01:00:00,1525.2370446176346
2003-04-18 01:00:00,1537.967760915148
2003-04-20 01:00:00,1510.0056203241666
2003-04-21 01:00:00,1485.5987938919975
2003-04-22 01:00:00,1442.6580941313473
2003-04-23 01:00:00,1400.9314402044322
2003-04-24 01:00:00,1375.2086855616851
2003-04-25 01:00:00,1334.512065857122
2003-04-27 01:00:00,1255.4208007017874
2003-04-28 01:00:00,1216.7014289896085
2003-04-29 01:00:00,1183.7655503225328
2003-04-30 01:00:00,1166.828027942809
2003-05-01 01:00:00,1149.8908997967515
2003-05-02 01:00:00,1132.9237712830852
2003-05-04 01:00:00,1143.115160247292
2003-05-05 01:00:00,1150.7858003541103
2003-05-06 01:00:00,1174.3131061082893
2003-05-07 01:00:00,1206.755263525351
2003-05-08 01:00:00,1240.0517308325711
2003-05-09 01:00:00,1274.3812775527576
2003-05-11 01:00:00,1346.7366441880022
2003-05-12 01:00:00,1384.9126135427396
2003-05-13 01:00:00,1424.3533496472069
2003-05-14 01:00:00,1464.8411442413544
2003-05-15 01:00:00,1486.5020261702007
2003-05-16 01:00:00,1476.6112319690474
2003-05-18 01:00:00,1441.1130112954247
2003-05-19 01:00:00,1403.6459928948443
2003-05-20 01:00:00,1358.8968978319795
2003-05-21 01:00:00,1315.66138362481
2003-05-22 01:00:00,1262.1381845304506
2003-05-23 01:00:00,1220.9392099601966
2003-05-25 01:00:00,1141.9095929600421
2003-05-26 01:00:00,1103.645062230387
2003-05-27 01:00:00,1065.9998113543734
2003-05-28 01:00:00,1029.9948571748437
2003-05-29 01:00:00,994.0767397677045
2003-05-30 01:00:00,998.4940943780118
2003-06-01 01:00:00,1012.3492650596249
2003-06-02 01:00:00,1022.6605014087645
2003-06-03 01:00:00,1053.8233955765622
2003-06-04 01:00:00,1085.494080318841
2003-06-05 01:00:00,1117.7808689332844
2003-06-06 01:00:00,1167.3682043616088
2003-06-08 01:00:00,1243.4836882412806
2003-06-09 01:00:00,1279.799856121221
2003-06-10 01:00:00,1317.0347992911022
2003-06-11 01:00:00,1355.0796907392178
2003-06-12 01:00:00,1393.7206148340988
2003-06-13 01:00:00,1428.8980277970495
2003-06-15 01:00:00,1399.5388350480393
2003-06-16 01:00:00,1354.8614396151163
2003-06-17 01:00:00,1311.3039573177246
2003-06-18 01:00:00,1269.0599198852854
2003-06-19 01:00:00,1203.9348474897697
2003-06-20 01:00:00,1158.022225853655
2003-06-22 01:00:00,1082.472580083617
2003-06-23 01:00:00,1046.7211486412018
2003-06-24 01:00:00,1011.5326017718997
2003-06-25 01:00:00,976.656202764172
2003-06-26 01:00:00,941.8581326204205
2003-06-27 01:00:00,906.9299053280487
2003-06-29 01:00:00,846.4180969980113
2003-06-30 01:00:00,865.0190381635063
2003-07-01 01:00:00,896.1710566147864
2003-07-02 01:00:00,932.1375129292429
2003-07-03 01:00:00,969.8067371569243
2003-07-04 01:00:00,1033.4974389144008
2003-07-06 01:00:00,1119.6773932744447
2003-07-07 01:00:00,1159.7338842562046
2003-07-08 01:00:00,1200.4928990796882
2003-07-09 01:00:00,1243.4026293583793
2003-07-10 01:00:00,1287.506631193288
2003-07-11 01:00:00,1331.9389827497102
2003-07-13 01:00:00,1409.5230758906096
2003-07-14 01:00:00,1398.2283517775393
2003-07-15 01:00:00,1375.5022010653713
2003-07-16 01:00:00,1337.8233675784888
2003-07-17 01:00:00,1278.5860171084935
2003-07-18 01:00:00,1240.6240192001994
2003-07-20 01:00:00,1180.501303007452
2003-07-21 01:00:00,1151.6561849075158
2003-07-22 01:00:00,1123.2845123031038
2003-07-23 01:00:00,1095.1128458981932
2003-07-24 01:00:00,1066.8715526860865
2003-07-25 01:00:00,1038.3086685963817
2003-07-27 01:00:00,981.9381279136911
2003-07-28 01:00:00,978.7791061285918
2003-07-29 01:00:00,979.7287581940926
2003-07-30 01:00:00,999.5434278885787
2003-07-31 01:00:00,1028.4955163208335
2003-08-01 01:00:00,1091.3345735810874
2003-08-03 01:00:00,1180.8269673253808
2003-08-04 01:00:00,1226.1041224180171
2003-08-05 01:00:00,1271.609095032322
2003-08-06 01:00:00,1317.2675010262149
2003-08-07 01:00:00,1361.6424980304428
2003-08-08 01:00:00,1404.628938274952
2003-08-10 01:00:00,1467.549928337172
2003-08-11 01:00:00,1481.7463121194687
2003-08-12 01:00:00,1494.86828558409
2003-08-13 01:00:00,1475.6778736119657
2003-08-14 01:00:00,1450.3618660070442
2003-08-15 01:00:00,1425.31433891569
2003-08-17 01:00:00,1361.5848179444183
2003-08-18 01:00:00,1330.6897710093895
2003-08-19 01:00:00,1300.129010729228
2003-08-20 01:00:00,1269.6253300987107
2003-08-21 01:00:00,1238.886616225568
2003-08-22 01:00:00,1208.870534322003
2003-08-24 01:00:00,1157.9143754934828
2003-08-25 01:00:00,1150.7418762695654
2003-08-26 01:00:00,1142.9681444502921
2003-08-27 01:00:00,1134.2192342394185
2003-08-28 01:00:00,1134.0886563453578
2003-08-29 01:00:00,1146.1164219307757
2003-08-31 01:00:00,1218.5670811722914
2003-09-01 01:00:00,1259.4743803367996
2003-09-02 01:00:00,1300.227892386475
2003-09-03 01:00:00,1340.694057896852
2003-09-04 01:00:00,1380.7870198820701
2003-09-05 01:00:00,1420.4495007830924
2003-09-07 01:00:00,1461.3662154989954
2003-09-08 01:00:00,1472.1136285864425
2003-09-09 01:00:00,1485.550732346478
2003-09-10 01:00:00,1501.5026724101074
2003-09-11 01:00:00,1506.7603333000761
2003-09-12 01:00:00,1474.42608393921
2003-09-14 01:00:00,1405.877687579682
2003-09-15 01:00:00,1372.6985933743242
2003-09-16 01:00:00,1340.0421756115759
2003-09-17 01:00:00,1307.698873810313
2003-09-18 01:00:00,1275.428078147584
2003-09-19 01:00:00,1242.969982059905
2003-09-21 01:00:00,1198.0540479981503
2003-09-22 01:00:00,1188.8040943739306
2003-09-23 01:00:00,1179.315932983369
2003-09-24 01:00:00,1165.299614755888
2003-09-25 01:00:00,1152.3279251151448
2003-09-26 01:00:00,1168.7462626107601
2003-09-28 01:00:00,1231.283630320858
2003-09-29 01:00:00,1275.026110659879
2003-09-30 01:00:00,1318.4770495407022
2003-10-01 01:00:00,1361.3930600760089
2003-10-02 01:00:00,1403.6160814437872
2003-10-03 01:00:00,1445.065101963457
2003-10-05 01:00:00,1471.5551332282737
2003-10-06 01:00:00,1484.1430253477338
2003-10-07 01:00:00,1507.3585628875978
2003-10-08 01:00:00,1524.3418555584844
2003-10-09 01:00:00,1536.354015180094
2003-10-10 01:00:00,1530.6031093443087
2003-10-12 01:00:00,1501.9776840237846
2003-10-13 01:00:00,1471.9606639077606
2003-10-14 01:00:00,1442.2402638257483
2003-10-15 01:00:00,1412.6404729212434
2003-10-16 01:00:00,1382.9555738133495
2003-10-17 01:00:00,1352.9552154837502
2003-10-19 01:00:00,1326.9259367002394
2003-10-20 01:00:00,1319.7734292164407
2003-10-21 01:00:00,1312.210704662344
2003-10-22 01:00:00,1291.3162908321553
2003-10-23 01:00:00,1281.1108578785265
2003-10-24 01:00:00,1272.4538895981534
2003-10-26 01:00:00,1266.3955812001245
2003-10-27 00:00:00,1286.944200793445
2003-10-28 00:00:00,1332.3911585702704
2003-10-29 00:00:00,1377.3088015362475
2003-10-30 00:00:00,1421.3795968447323
2003-10-31 00:00:00,1446.620231949755
2003-11-02 00:00:00,1474.5629486203236
2003-11-03 00:00:00,1488.0403963113524
2003-11-04 00:00:00,1511.4169110328637
2003-11-05 00:00:00,1523.8801315839632
2003-11-06 00:00:00,1536.1290487330214
2003-11-07 00:00:00,1548.2046313835945
2003-11-09 00:00:00,1571.9861835530844
2003-11-10 00:00:00,1580.8564633564213
2003-11-11 00:00:00,1572.2364959459076
2003-11-12 00:00:00,1543.5025207361136
2003-11-13 00:00:00,1513.776538264508
2003-11-14 00:00:00,1487.9963796955794
2003-11-16 00:00:00,1475.0491667382635
2003-11-17 00:00:00,1468.1725641274504
2003-11-18 00:00:00,1460.9370237289045
2003-11-19 00:00:00,1452.1376801976262
2003-11-20 00:00:00,1444.7519475316772
2003-11-21 00:00:00,1436.612564798482
2003-11-23 00:00:00,1418.2918944075489
2003-11-24 00:00:00,1408.754278929137
2003-11-25 00:00:00,1399.17279155899
2003-11-26 00:00:00,1418.7439174351696
2003-11-27 00:00:00,1454.997585157443
2003-11-28 00:00:00,1469.793375005394
2003-11-30 00:00:00,1498.0605358584935
2003-12-01 00:00:00,1511.5481215974128
2003-12-02 00:00:00,1515.4170249803644
2003-12-03 00:00:00,1527.3552016494953
2003-12-04 00:00:00,1539.0618026661543
2003-12-05 00:00:00,1550.6112637688623
2003-12-07 00:00:00,1572.1811905465165
2003-12-08 00:00:00,1581.0282062344825
2003-12-09 00:00:00,1589.9488898801956
2003-12-10 00:00:00,1598.9864499299451
2003-12-11 00:00:00,1603.8756628307708
2003-12-12 00:00:00,1603.7814501204227
2003-12-14 00:00:00,1581.6330941888673
2003-12-15 00:00:00,1569.164849855072
2003-12-16 00:00:00,1556.5501687480375
2003-12-17 00:00:00,1562.0654245971714
2003-12-18 00:00:00,1555.5395398978305
2003-12-19 00:00:00,1543.3710908482412
2003-12-21 00:00:00,1518.4565494442006
2003-12-22 00:00:00,1505.8360759079512
2003-12-23 00:00:00,1492.0093332112733
2003-12-24 00:00:00,1479.6278177085585
2003-12-25 00:00:00,1468.7946723117664
2003-12-26 00:00:00,1464.344000262429
2003-12-28 00:00:00,1493.5126235306554
2003-12-29 00:00:00,1503.890439398743
2003-12-30 00:00:00,1491.6762446684154
2003-12-31 00:00:00,1494.0891725236008
2004-01-01 00:00:00,1505.2976207860806
2004-01-02 00:00:00,1516.1435072790373
2004-01-04 00:00:00,1537.0473339931943
2004-01-05 00:00:00,1547.2472507515329
2004-01-06 00:00:00,1555.9442503464952
2004-01-07 00:00:00,1542.012120046672
2004-01-08 00:00:00,1551.9990412171662
2004-01-09 00:00:00,1562.799477422689
2004-01-11 00:00:00,1579.056111523374
2004-01-12 00:00:00,1567.4568772376451
2004-01-13 00:00:00,1567.1902773066367
2004-01-14 00:00:00,1581.9580760371152
2004-01-15 00:00:00,1589.9329747167944
2004-01-16 00:00:00,1578.963725292599
2004-01-18 00:00:00,1556.3272111570811
2004-01-19 00:00:00,1544.6983933104034
2004-01-20 00:00:00,1532.9513052077705
2004-01-21 00:00:00,1524.2065555351921
2004-01-22 00:00:00,1510.0909553982249
2004-01-23 00:00:00,1494.1335068227772
2004-01-25 00:00:00,1467.5575224446554
2004-01-26 00:00:00,1455.5963004537182
2004-01-27 00:00:00,1437.98780977644
2004-01-28 00:00:00,1420.7025156327018
2004-01-29 00:00:00,1422.2781989707653
2004-01-30 00:00:00,1426.695124628977
2004-02-01 00:00:00,1432.5899948869435
2004-02-02 00:00:00,1435.5073145163547
2004-02-03 00:00:00,1438.5060406485918
2004-02-04 00:00:00,1461.8273609293908
2004-02-05 00:00:00,1484.1035492644517
2004-02-06 00:00:00,1490.6786710243064
2004-02-08 00:00:00,1504.4744442682909
2004-02-09 00:00:00,1520.701199427199
2004-02-10 00:00:00,1548.5291888802192
2004-02-11 00:00:00,1558.590950692828
2004-02-12 00:00:00,1568.7880767148818
2004-02-13 00:00:00,1559.2593487932631
2004-02-15 00:00:00,1526.5064420306398
2004-02-16 00:00:00,1509.9198093621444
2004-02-17 00:00:00,1480.8011024202701
2004-02-18 00:00:00,1435.283825358644
2004-02-19 00:00:00,1389.9927936683894
2004-02-20 00:00:00,1355.6589991409317
2004-02-22 00:00:00,1301.4009956091297
2004-02-23 00:00:00,1255.8253990570959
2004-02-24 00:00:00,1213.4916683601257
2004-02-25 00:00:00,1192.5440265461348
2004-02-26 00:00:00,1171.8412318803046
2004-02-27 00:00:00,1172.1304016580202
2004-02-29 00:00:00,1175.9149795353371
2004-03-01 00:00:00,1177.8060863159583
2004-03-02 00:00:00,1193.159738470672
2004-03-03 00:00:00,1219.8484968251605
2004-03-04 00:00:00,1247.3291108403687
2004-03-05 00:00:00,1272.2081878996541
2004-03-07 00:00:00,1330.5180273701455
2004-03-08 00:00:00,1366.0610117829553
2004-03-09 00:00:00,1397.5673338120775
2004-03-10 00:00:00,1429.4973314240476
2004-03-11 00:00:00,1447.4755129248101
2004-03-12 00:00:00,1447.6217551450839
2004-03-14 00:00:00,1405.928747167112
2004-03-15 00:00:00,1378.9032339042135
2004-03-16 00:00:00,1330.2453047246079
2004-03-17 00:00:00,1281.9717119957706
2004-03-18 00:00:00,1234.2201026711007
2004-03-19 00:00:00,1187.1428836497148
2004-03-21 00:00:00,1056.4604237011538
2004-03-22 00:00:00,986.251060774285
2004-03-23 00:00:00,932.406653861763
2004-03-24 00:00:00,886.8989481910912
2004-03-25 00:00:00,843.8180369337549
2004-03-26 00:00:00,822.4467003515282
2004-03-28 00:00:00,825.6098995095044
2004-03-29 01:00:00,832.800940704474
2004-03-30 01:00:00,859.9989084114266
2004-03-31 01:00:00,888.5051617683021
2004-04-01 01:00:00,918.5464716573838
2004-04-02 01:00:00,950.2940367554856
2004-04-04 01:00:00,1050.2957020785152
2004-04-05 01:00:00,1115.649421968252
2004-04-06 01:00:00,1183.0547586306382
2004-04-07 01:00:00,1238.109865595168
2004-04-08 01:00:00,1278.7192788130742
2004-04-09 01:00:00,1313.2873655942988
2004-04-11 01:00:00,1293.1800348832985
2004-04-12 01:00:00,1252.4081960529961
2004-04-13 01:00:00,1212.0259988810274
2004-04-14 01:00:00,1172.6117374935754
2004-04-15 01:00:00,1134.1362564701344
2004-04-16 01:00:00,1084.693663162103
2004-04-18 01:00:00,960.5017446394737
2004-04-19 01:00:00,900.14859925897
2004-04-20 01:00:00,861.8341647529431
2004-04-21 01:00:00,828.8458459331459
2004-04-22 01:00:00,796.135925171557
2004-04-23 01:00:00,763.5316200555753
2004-04-25 01:00:00,758.9376004529104
2004-04-26 01:00:00,787.4592299580687
2004-04-27 01:00:00,822.4993997512418
2004-04-28 01:00:00,857.9062177082168
2004-04-29 01:00:00,893.8992110962733
2004-04-30 01:00:00,930.6792355220995
2004-05-02 01:00:00,1056.9586311943533
2004-05-03 01:00:00,1125.1655727763973
2004-05-04 01:00:00,1172.9241034038098
2004-05-05 01:00:00,1214.7857031216931
2004-05-06 01:00:00,1257.018684319762
2004-05-07 01:00:00,1299.1917778066083
2004-05-09 01:00:00,1288.2454156432116
2004-05-10 01:00:00,1243.7972866858972
2004-05-11 01:00:00,1200.348494079316
2004-05-12 01:00:00,1157.9367068734227
2004-05-13 01:00:00,1109.3664494039494
2004-05-14 01:00:00,1043.0901174336414
2004-05-16 01:00:00,914.358896362897
2004-05-17 01:00:00,855.0734326132745
2004-05-18 01:00:00,814.6689846749329
2004-05-19 01:00:00,774.4371976964179
2004-05-20 01:00:00,734.2755808931125
2004-05-21 01:00:00,694.0814529955042
2004-05-23 01:00:00,661.6929159107226
2004-05-24 01:00:00,690.9044000158601
2004-05-25 01:00:00,720.463388417639
2004-05-26 01:00:00,751.3988214183951
2004-05-27 01:00:00,783.2695890166151
2004-05-28 01:00:00,826.8393090900672
2004-05-30 01:00:00,949.5569692845294
2004-05-31 01:00:00,1014.2648956884327
2004-06-01 01:00:00,1081.139917605301
2004-06-02 01:00:00,1145.5514743033827
2004-06-03 01:00:00,1188.4653812983863
2004-06-04 01:00:00,1219.9097124805892
2004-06-06 01:00:00,1197.7700740461137
2004-06-07 01:00:00,1150.9481994764226
2004-06-08 01:00:00,1105.4258741561625
2004-06-09 01:00:00,1061.2768036349848
2004-06-10 01:00:00,995.0917937387263
2004-06-11 01:00:00,928.0170915830824
2004-06-13 01:00:00,798.8899875198068
2004-06-14 01:00:00,741.1596158182056
2004-06-15 01:00:00,684.0441798573006
2004-06-16 01:00:00,627.2533109454189
2004-06-17 01:00:00,579.1443910619746
2004-06-18 01:00:00,552.3063185718352
2004-06-20 01:00:00,541.1089219563315
2004-06-21 01:00:00,563.1933486067223
2004-06-22 01:00:00,595.7374954058912
2004-06-23 01:00:00,628.7064516917151
2004-06-24 01:00:00,662.2567119973813
2004-06-25 01:00:00,719.811426620477
2004-06-27 01:00:00,844.4684043230402
2004-06-28 01:00:00,913.5971024479975
2004-06-29 01:00:00,984.826586844663
2004-06-30 01:00:00,1057.980880028583
2004-07-01 01:00:00,1113.0576482107217
2004-07-02 01:00:00,1157.7887564654332
2004-07-04 01:00:00,1195.3944241956167
2004-07-05 01:00:00,1156.5794431166569
2004-07-06 01:00:00,1116.9357342956705
2004-07-07 01:00:00,1070.625871362305
2004-07-08 01:00:00,1007.5864801341129
2004-07-09 01:00:00,946.7809026091178
2004-07-11 01:00:00,830.4193509423968
2004-07-12 01:00:00,775.764317094999
2004-07-13 01:00:00,721.6144160232966
2004-07-14 01:00:00,670.1012311724878
2004-07-15 01:00:00,638.3637018714752
2004-07-16 01:00:00,606.2526090200805
2004-07-18 01:00:00,567.5098261001282
2004-07-19 01:00:00,557.6372301900931
2004-07-20 01:00:00,570.7306507798578
2004-07-21 01:00:00,606.1254129963644
2004-07-22 01:00:00,650.5561612729924
2004-07-23 01:00:00,712.5089411842366
2004-07-25 01:00:00,840.5334272023058
2004-07-26 01:00:00,907.0029400306648
2004-07-27 01:00:00,975.2649720626173
2004-07-28 01:00:00,1045.2507122185402
2004-07-29 01:00:00,1104.6999314203006
2004-07-30 01:00:00,1148.2238752859862
2004-08-01 01:00:00,1187.100334945991
2004-08-02 01:00:00,1192.3436720794944
2004-08-03 01:00:00,1165.062210872274
2004-08-04 01:00:00,1108.5057764584412
2004-08-05 01:00:00,1042.0274293871755
2004-08-06 01:00:00,977.6772165769336
2004-08-08 01:00:00,853.9455576032668
2004-08-09 01:00:00,793.6699783939799
2004-08-10 01:00:00,733.8321984718266
2004-08-11 01:00:00,673.9957575250214
2004-08-12 01:00:00,614.8664177532704
2004-08-13 01:00:00,575.707304130273
2004-08-15 01:00:00,533.0114471712778
2004-08-16 01:00:00,515.8076502206129
2004-08-17 01:00:00,500.21478580245235
2004-08-18 01:00:00,530.3374262703704
2004-08-19 01:00:00,581.7427449973446
2004-08-20 01:00:00,644.2990530434379
2004-08-22 01:00:00,773.0189555310449
2004-08-23 01:00:00,839.3037024488459
2004-08-24 01:00:00,906.9074628262605
2004-08-25 01:00:00,975.7532484274682
2004-08-26 01:00:00,1045.620970515783
2004-08-27 01:00:00,1107.5915983761333
2004-08-29 01:00:00,1134.6436638074845
2004-08-30 01:00:00,1127.0778142637714
2004-08-31 01:00:00,1094.7239535351523
2004-09-01 01:00:00,1033.307500892909
2004-09-02 01:00:00,968.2338546889472
2004-09-03 01:00:00,905.4401594658934
2004-09-05 01:00:00,785.7299662087831
2004-09-06 01:00:00,728.0779339794979
2004-09-07 01:00:00,671.319125954076
2004-09-08 01:00:00,615.0076882777973
2004-09-09 01:00:00,558.7165314968855
2004-09-10 01:00:00,502.84718693992295
2004-09-12 01:00:00,462.11855257288147
2004-09-13 01:00:00,450.1978755397585
2004-09-14 01:00:00,457.07656056134965
2004-09-15 01:00:00,476.87161665146573
2004-09-16 01:00:00,538.0002530485496
2004-09-17 01:00:00,601.4935333659346
2004-09-19 01:00:00,731.4162430032497
2004-09-20 01:00:00,797.6148756166207
2004-09-21 01:00:00,864.4782950205529
2004-09-22 01:00:00,931.8595566518368
2004-09-23 01:00:00,999.564149245478
2004-09-24 01:00:00,1052.163416005448
2004-09-26 01:00:00,1108.572611916526
2004-09-27 01:00:00,1120.7439581190426
2004-09-28 01:00:00,1132.42851773186
2004-09-29 01:00:00,1074.756343483467
2004-09-30 01:00:00,1017.2315534273625
2004-10-01 01:00:00,963.201341995136
2004-10-03 01:00:00,859.5782207520734
2004-10-04 01:00:00,809.4594462519933
2004-10-05 01:00:00,760.0073068433361
2004-10-06 01:00:00,710.8247955846182
2004-10-07 01:00:00,661.49873342149
2004-10-08 01:00:00,624.0919197312999
2004-10-10 01:00:00,569.6094484796167
2004-10-11 01:00:00,543.1152624418066
2004-10-12 01:00:00,536.9495647233233
2004-10-13 01:00:00,534.2822921229597
2004-10-14 01:00:00,570.031678690959
2004-10-15 01:00:00,626.3221843742434
2004-10-17 01:00:00,772.113682163229
2004-10-18 01:00:00,845.9489923294612
2004-10-19 01:00:00,919.8969331370295
2004-10-20 01:00:00,993.6087835980991
2004-10-21 01:00:00,1061.5325278293556
2004-10-22 01:00:00,1105.6044920000272
2004-10-24 01:00:00,1191.9279938843945
2004-10-25 01:00:00,1233.8941212481834
2004-10-26 01:00:00,1246.8799276335524
2004-10-27 01:00:00,1234.5384698823789
2004-10-28 01:00:00,1201.5239027444738
2004-10-29 01:00:00,1169.245970921573
2004-10-31 01:00:00,1070.3788541737142
2004-11-01 00:00:00,1021.286644643613
2004-11-02 00:00:00,970.4766090130671
2004-11-03 00:00:00,919.93923362451
2004-11-04 00:00:00,871.1317561301701
2004-11-05 00:00:00,843.7241009792116
2004-11-07 00:00:00,790.9795407566918
2004-11-08 00:00:00,763.3100379746528
2004-11-09 00:00:00,734.4408056225556
2004-11-10 00:00:00,711.5445198297922
2004-11-11 00:00:00,729.5796409417153
2004-11-12 00:00:00,772.1011496074607
2004-11-14 00:00:00,871.282601326634
2004-11-15 00:00:00,944.3326445901731
2004-11-16 00:00:00,1021.7020483394684
2004-11-17 00:00:00,1098.247437576026
2004-11-18 00:00:00,1148.26631153993
2004-11-19 00:00:00,1193.3177124198426
2004-11-21 00:00:00,1279.986320272697
2004-11-22 00:00:00,1321.6386346968816
2004-11-23 00:00:00,1350.6416618192827
2004-11-24 00:00:00,1365.2337523910917
2004-11-25 00:00:00,1352.2185810537858
2004-11-26 00:00:00,1320.4917937237472
2004-11-28 00:00:00,1257.4645886167734
2004-11-29 00:00:00,1216.617507109787
2004-11-30 00:00:00,1161.6231646811552
2004-12-01 00:00:00,1106.055940493844
2004-12-02 00:00:00,1069.0515512068453
2004-12-03 00:00:00,1035.133527593008
2004-12-05 00:00:00,963.1069036965326
2004-12-06 00:00:00,924.6431699989195
2004-12-07 00:00:00,885.3071070191637
2004-12-08 00:00:00,857.4894782573355
2004-12-09 00:00:00,841.4205486900509
2004-12-10 00:00:00,824.5540968555338
2004-12-12 00:00:00,901.140556877673
2004-12-13 00:00:00,974.2859734899156
2004-12-14 00:00:00,1047.8873864386703
2004-12-15 00:00:00,1103.8130332376554
2004-12-16 00:00:00,1146.1320639570986
2004-12-17 00:00:00,1187.7394326886674
2004-12-19 00:00:00,1268.5176191297287
2004-12-20 00:00:00,1307.8197960076786
2004-12-21 00:00:00,1324.0618972862817
2004-12-22 00:00:00,1337.7614336950505
2004-12-23 00:00:00,1351.6725233380703
2004-12-24 00:00:00,1355.1946283829486
2004-12-26 00:00:00,1275.7126619759556
2004-12-27 00:00:00,1224.9370635686978
2004-12-28 00:00:00,1174.728262904734
2004-12-29 00:00:00,1141.7041118731263
2004-12-30 00:00:00,1116.4224767362439
2004-12-31 00:00:00,1091.1309863980048
2005-01-02 00:00:00,1039.81499253246
2005-01-03 00:00:00,1013.3602693020734
2005-01-04 00:00:00,986.049921675402
2005-01-05 00:00:00,981.6188380638986
2005-01-06 00:00:00,978.9393388306884
2005-01-07 00:00:00,975.840827682487
2005-01-09 00:00:00,1002.684880471421
2005-01-10 00:00:00,1076.984067434169
2005-01-11 00:00:00,1151.5465255932156
2005-01-12 00:00:00,1202.1513020086113
2005-01-13 00:00:00,1251.914573600527
2005-01-14 00:00:00,1300.4092381840192
2005-01-16 00:00:00,1393.5887952996857
2005-01-17 00:00:00,1427.325951009668
2005-01-18 00:00:00,1445.2226842448215
2005-01-19 00:00:00,1462.823549385382
2005-01-20 00:00:00,1480.2108282345953
2005-01-21 00:00:00,1497.4608255355192
2005-01-23 00:00:00,1497.4364547052828
2005-01-24 00:00:00,1490.9552476597044
2005-01-25 00:00:00,1462.3039632623068
2005-01-26 00:00:00,1438.4031161978533
2005-01-27 00:00:00,1411.9151668012
2005-01-28 00:00:00,1384.8216046742318
2005-01-30 00:00:00,1325.0165317137667
2005-01-31 00:00:00,1294.332652835442
2005-02-01 00:00:00,1277.364669137237
2005-02-02 00:00:00,1271.1906173661753
2005-02-03 00:00:00,1264.6798124392678
2005-02-04 00:00:00,1257.7885254467126
2005-02-06 00:00:00,1255.20831137272
2005-02-07 00:00:00,1276.0089374319175
2005-02-08 00:00:00,1269.016418184786
2005-02-09 00:00:00,1295.7458707278406
2005-02-10 00:00:00,1340.6477577725548
2005-02-11 00:00:00,1384.5312874077615
2005-02-13 00:00:00,1467.7215095135227
2005-02-14 00:00:00,1480.7842491337929
2005-02-15 00:00:00,1493.4273260360224
2005-02-16 00:00:00,1505.7232486433643
2005-02-17 00:00:00,1517.755587264428
2005-02-18 00:00:00,1529.6092556714398
2005-02-20 00:00:00,1541.2353591734789
2005-02-21 00:00:00,1542.725782395188
2005-02-22 00:00:00,1556.0786063728215
2005-02-23 00:00:00,1569.5360556683602
2005-02-24 00:00:00,1570.1860037242848
2005-02-25 00:00:00,1561.7970785805198
2005-02-27 00:00:00,1502.1454936738612
2005-02-28 00:00:00,1482.3302576939416
2005-03-01 00:00:00,1477.0836356970535
2005-03-02 00:00:00,1471.522938043566
2005-03-03 00:00:00,1465.5975147205966
2005-03-04 00:00:00,1459.2617655153565
2005-03-06 00:00:00,1445.2621038396492
2005-03-07 00:00:00,1438.6134964908924
2005-03-08 00:00:00,1428.6329884993854
2005-03-09 00:00:00,1417.407150100892
2005-03-10 00:00:00,1406.3500717673328
2005-03-11 00:00:00,1421.3263708131567
2005-03-13 00:00:00,1460.9585393179161
2005-03-14 00:00:00,1471.7834625620626
2005-03-15 00:00:00,1482.0869572168046
2005-03-16 00:00:00,1491.9112558003992
2005-03-17 00:00:00,1501.3189557840658
2005-03-18 00:00:00,1510.3847544280318
2005-03-20 00:00:00,1533.7867929576587
2005-03-21 00:00:00,1555.910936530632
2005-03-22 00:00:00,1565.8384733312007
2005-03-23 00:00:00,1575.787727588378
2005-03-24 00:00:00,1585.808675701449
2005-03-25 00:00:00,1595.9401958591775
2005-03-27 00:00:00,1580.193951341127
2005-03-28 01:00:00,1564.962545018256
2005-03-29 01:00:00,1549.9915528480303
2005-03-30 01:00:00,1535.558246218164
2005-03-31 01:00:00,1524.2810756626614
2005-04-01 01:00:00,1512.8484171282882
2005-04-03 01:00:00,1476.7056545950836
2005-04-04 01:00:00,1435.5545443182905
2005-04-05 01:00:00,1419.8375046452259
2005-04-06 01:00:00,1404.2498650088255
2005-04-07 01:00:00,1388.8682175869612
2005-04-08 01:00:00,1384.5274627382169
2005-04-10 01:00:00,1391.491166519246
2005-04-11 01:00:00,1401.3132699265311
2005-04-12 01:00:00,1410.7378640320692
2005-04-13 01:00:00,1419.7887090209413
2005-04-14 01:00:00,1428.5094029672937
2005-04-15 01:00:00,1436.9594118113957
2005-04-17 01:00:00,1474.446176070968
2005-04-18 01:00:00,1506.2552292652751
2005-04-19 01:00:00,1529.8225721448862
2005-04-20 01:00:00,1539.4151388906405
2005-04-21 01:00:00,1549.183614510435
2005-04-22 01:00:00,1559.179006203346
2005-04-24 01:00:00,1571.1979908378164
2005-04-25 01:00:00,1580.93501880879
2005-04-26 01:00:00,1568.603221597645
2005-04-27 01:00:00,1556.1119009393922
2005-04-28 01:00:00,1543.530113705815
2005-04-29 01:00:00,1528.9199599699223
2005-05-01 01:00:00,1466.3034307358514
2005-05-02 01:00:00,1423.2476358952738
2005-05-03 01:00:00,1390.4606760558324
2005-05-04 01:00:00,1374.5159764741911
2005-05-05 01:00:00,1358.7232154737567
2005-05-06 01:00:00,1329.014527470209
2005-05-08 01:00:00,1285.7982770451626
2005-05-09 01:00:00,1267.6591192171397
2005-05-10 01:00:00,1267.973859075105
2005-05-11 01:00:00,1272.3679077838115
2005-05-12 01:00:00,1276.4781865623931
2005-05-13 01:00:00,1280.341801251726
2005-05-15 01:00:00,1320.4178952331815
2005-05-16 01:00:00,1347.4991118114458
2005-05-17 01:00:00,1374.8055189546792
2005-05-18 01:00:00,1396.199504074653
2005-05-19 01:00:00,1401.2157957688657
2005-05-20 01:00:00,1409.1432226539237
2005-05-22 01:00:00,1474.3094769106197
2005-05-23 01:00:00,1503.6695771171328
2005-05-24 01:00:00,1514.1702342598492
2005-05-25 01:00:00,1520.599945087435
2005-05-26 01:00:00,1504.3629846909848
2005-05-27 01:00:00,1488.0863015552554
2005-05-29 01:00:00,1406.0854550796832
2005-05-30 01:00:00,1362.1347578713555
2005-05-31 01:00:00,1319.0623876581315
2005-06-01 01:00:00,1294.1262967274838
2005-06-02 01:00:00,1267.517691106173
2005-06-03 01:00:00,1225.461841886199
2005-06-05 01:00:00,1143.308430160919
2005-06-06 01:00:00,1103.0925271906453
2005-06-07 01:00:00,1063.3937660793792
2005-06-08 01:00:00,1037.5309063442162
2005-06-09 01:00:00,1028.9393353371634
2005-06-10 01:00:00,1031.5407987019066
2005-06-12 01:00:00,1080.2249993097023
2005-06-13 01:00:00,1106.5488601463567
2005-06-14 01:00:00,1133.292379925059
2005-06-15 01:00:00,1160.7011024648734
2005-06-16 01:00:00,1182.857211805314
2005-06-17 01:00:00,1207.1277094317372
2005-06-19 01:00:00,1273.1190154097856
2005-06-20 01:00:00,1308.4758842563583
2005-06-21 01:00:00,1345.3071328536219
2005-06-22 01:00:00,1383.3265338239564
2005-06-23 01:00:00,1422.0935402475718
2005-06-24 01:00:00,1435.3344518175006
2005-06-26 01:00:00,1344.6229054354274
2005-06-27 01:00:00,1303.3080622922096
2005-06-28 01:00:00,1264.6790870599748
2005-06-29 01:00:00,1224.4754534439612
2005-06-30 01:00:00,1186.6148456642127
2005-07-01 01:00:00,1150.1788276034192
2005-07-03 01:00:00,1079.2241854106262
2005-07-04 01:00:00,1044.4116375588808
2005-07-05 01:00:00,1009.8891570462035
2005-07-06 01:00:00,975.5711527673611
2005-07-07 01:00:00,941.3849940433719
2005-07-08 01:00:00,914.1790147772248
2005-07-10 01:00:00,939.8994676647991
2005-07-11 01:00:00,972.676137952642
2005-07-12 01:00:00,1005.8434276724795
2005-07-13 01:00:00,1039.6116442136106
2005-07-14 01:00:00,1080.6638062459117
2005-07-15 01:00:00,1131.5550575518293
2005-07-17 01:00:00,1209.2366054088611
2005-07-18 01:00:00,1250.470660933163
2005-07-19 01:00:00,1293.2938145802484
2005-07-20 01:00:00,1337.4786248366763
2005-07-21 01:00:00,1382.6066442747097
2005-07-22 01:00:00,1412.9586919136227
2005-07-24 01:00:00,1391.2370227289339
2005-07-25 01:00:00,1349.3126034120803
2005-07-26 01:00:00,1308.7504426261019
2005-07-27 01:00:00,1252.6461710234869
2005-07-28 01:00:00,1197.4138436282533
2005-07-29 01:00:00,1159.7491911394245
2005-07-31 01:00:00,1086.9810113120566
2005-08-01 01:00:00,1051.4862503988065
2005-08-02 01:00:00,1016.3652830499725
2005-08-03 01:00:00,981.4922735448145
2005-08-04 01:00:00,946.7689812391122
2005-08-05 01:00:00,929.6181145825836
2005-08-07 01:00:00,951.0942043376273
2005-08-08 01:00:00,965.0129195085817
2005-08-09 01:00:00,995.8676242245265
2005-08-10 01:00:00,1032.023301989939
2005-08-11 01:00:00,1085.9543426595292
2005-08-12 01:00:00,1148.7344164574083
2005-08-14 01:00:00,1232.9158182334518
2005-08-15 01:00:00,1274.893510058329
2005-08-16 01:00:00,1318.2095653704414
2005-08-17 01:00:00,1362.7128491243755
2005-08-18 01:00:00,1408.0757486642897
2005-08-19 01:00:00,1414.2454156171489
2005-08-21 01:00:00,1385.1088602480024
2005-08-22 01:00:00,1371.2331698532366
2005-08-23 01:00:00,1339.5419924611433
2005-08-24 01:00:00,1275.6792517801157
2005-08-25 01:00:00,1213.066666263996
2005-08-26 01:00:00,1175.7915156060392
2005-08-28 01:00:00,1108.631812912898
2005-08-29 01:00:00,1076.3594992780868
2005-08-30 01:00:00,1044.65957028826
2005-08-31 01:00:00,1013.3337376948685
2005-09-01 01:00:00,987.2994734601598
2005-09-02 01:00:00,979.6477095696108
2005-09-04 01:00:00,998.4090881813856
2005-09-05 01:00:00,1012.9828928798219
2005-09-06 01:00:00,1027.7273914004638
2005-09-07 01:00:00,1044.1931103197649
2005-09-08 01:00:00,1098.6429029668898
2005-09-09 01:00:00,1162.8397135859848
2005-09-11 01:00:00,1251.9107772991724
2005-09-12 01:00:00,1294.2115444452438
2005-09-13 01:00:00,1337.693891086542
2005-09-14 01:00:00,1382.2700881594617
2005-09-15 01:00:00,1422.094250039094
2005-09-16 01:00:00,1438.1763456384394
2005-09-18 01:00:00,1470.118122699317
2005-09-19 01:00:00,1460.2523440824916
2005-09-20 01:00:00,1446.6585150988958
2005-09-21 01:00:00,1410.268179422793
2005-09-22 01:00:00,1355.81806824129
2005-09-23 01:00:00,1322.174807992757
2005-09-25 01:00:00,1262.3381716273464
2005-09-26 01:00:00,1233.7350114228084
2005-09-27 01:00:00,1205.6989700088548
2005-09-28 01:00:00,1177.9993376464258
2005-09-29 01:00:00,1166.8291160951
2005-09-30 01:00:00,1162.5582966879758
2005-10-02 01:00:00,1153.8396642236914
2005-10-03 01:00:00,1147.2032480304738
2005-10-04 01:00:00,1140.2251850495618
2005-10-05 01:00:00,1153.1590260372616
2005-10-06 01:00:00,1194.1275029669216
2005-10-07 01:00:00,1232.7495427809727
2005-10-09 01:00:00,1312.6341280064555
2005-10-10 01:00:00,1356.7111991961792
2005-10-11 01:00:00,1401.5107669118038
2005-10-12 01:00:00,1446.9443688040112
2005-10-13 01:00:00,1472.5913875778135
2005-10-14 01:00:00,1489.6831285606324
2005-10-16 01:00:00,1523.8100149226505
2005-10-17 01:00:00,1540.6526763434013
2005-10-18 01:00:00,1549.0330531068544
2005-10-19 01:00:00,1536.2799501968143
2005-10-20 01:00:00,1518.8606060495906
2005-10-21 01:00:00,1511.9888812930117
2005-10-23 01:00:00,1455.5912515656507
2005-10-24 01:00:00,1424.330771391174
2005-10-25 01:00:00,1393.6275236975232
2005-10-26 01:00:00,1368.6450822616907
2005-10-27 01:00:00,1361.704901608655
2005-10-28 01:00:00,1354.686985333243
2005-10-30 01:00:00,1340.1072174679525
2005-10-31 00:00:00,1332.795587329959
2005-11-01 00:00:00,1324.77274231393
2005-11-02 00:00:00,1330.0869342819528
2005-11-03 00:00:00,1337.3116514929054
2005-11-04 00:00:00,1327.4575915733149
2005-11-06 00:00:00,1362.9155414116567
2005-11-07 00:00:00,1404.9232504218662
2005-11-08 00:00:00,1447.272562712067
2005-11-09 00:00:00,1480.5094321311367
2005-11-10 00:00:00,1494.6006977627317
2005-11-11 00:00:00,1508.7545915447545
2005-11-13 00:00:00,1537.1552753615351
2005-11-14 00:00:00,1551.3485004908193
2005-11-15 00:00:00,1553.5172163669802
2005-11-16 00:00:00,1564.3267967620814
2005-11-17 00:00:00,1579.3107797420275
2005-11-18 00:00:00,1573.8677544264417
2005-11-20 00:00:00,1547.5449356016616
2005-11-21 00:00:00,1513.2597024124263
2005-11-22 00:00:00,1479.3714531327762
2005-11-23 00:00:00,1464.3616867397304
2005-11-24 00:00:00,1454.1640748563907
2005-11-25 00:00:00,1443.8466082977927
2005-11-27 00:00:00,1422.6673897879127
2005-11-28 00:00:00,1411.7212840871662
2005-11-29 00:00:00,1400.4941599231738
2005-11-30 00:00:00,1392.0339699622896
2005-12-01 00:00:00,1388.9574711495047
2005-12-02 00:00:00,1405.228308850744
2005-12-04 00:00:00,1437.8899942860062
2005-12-05 00:00:00,1459.7167132391478
2005-12-06 00:00:00,1500.8136933024089
2005-12-07 00:00:00,1514.7601840552313
2005-12-08 00:00:00,1528.42826512215
2005-12-09 00:00:00,1541.800819010929
2005-12-11 00:00:00,1567.6837164852154
2005-12-12 00:00:00,1580.223531940583
2005-12-13 00:00:00,1595.8561430717589
2005-12-14 00:00:00,1605.2590649003046
2005-12-15 00:00:00,1593.7528107845583
2005-12-16 00:00:00,1582.4972102309405
2005-12-18 00:00:00,1560.7205734174145
2005-12-19 00:00:00,1541.9920254930119
2005-12-20 00:00:00,1520.7190999963561
2005-12-21 00:00:00,1510.8521307086617
2005-12-22 00:00:00,1500.9536217587336
2005-12-23 00:00:00,1490.9373844946733
2005-12-25 00:00:00,1470.1676954984212
2005-12-26 00:00:00,1459.2181956654322
2005-12-27 00:00:00,1445.0636288273513
2005-12-28 00:00:00,1430.8241200346908
2005-12-29 00:00:00,1418.3216433220343
2005-12-30 00:00:00,1405.2730140269996
2006-01-01 00:00:00,1430.882454651382
2006-01-02 00:00:00,1458.3771535855167
2006-01-03 00:00:00,1477.1729229157907
2006-01-04 00:00:00,1490.4515061187897
2006-01-05 00:00:00,1503.4415012912905
2006-01-06 00:00:00,1516.0954232024585
2006-01-08 00:00:00,1540.3949250426463
2006-01-09 00:00:00,1554.5615998991311
2006-01-10 00:00:00,1565.677649907059
2006-01-11 00:00:00,1576.5612196067088
2006-01-12 00:00:00,1587.2397990368654
2006-01-13 00:00:00,1597.7337338133877
2006-01-15 00:00:00,1573.1712267787045
2006-01-16 00:00:00,1546.1792608900907
2006-01-17 00:00:00,1534.1551779069748
2006-01-18 00:00:00,1523.834508756909
2006-01-19 00:00:00,1516.3942017483241
2006-01-20 00:00:00,1508.959022486471
2006-01-22 00:00:00,1493.8063862343415
2006-01-23 00:00:00,1485.9195235611787
2006-01-24 00:00:00,1482.0899377899177
2006-01-25 00:00:00,1474.0679017755665
2006-01-26 00:00:00,1465.6158283077016
2006-01-27 00:00:00,1456.725979027168
2006-01-29 00:00:00,1460.1185129608996
2006-01-30 00:00:00,1468.8138636073948
2006-01-31 00:00:00,1482.7657486897351
2006-02-01 00:00:00,1496.5180458131576
2006-02-02 00:00:00,1509.929637819595
2006-02-03 00:00:00,1522.9115608892073
2006-02-05 00:00:00,1547.4861646250235
2006-02-06 00:00:00,1546.0551588490055
2006-02-07 00:00:00,1556.559887455598
2006-02-08 00:00:00,1566.7397497036725
2006-02-09 00:00:00,1576.6499299671827
2006-02-10 00:00:00,1586.3398681421095
2006-02-12 00:00:00,1566.784140931668
2006-02-13 00:00:00,1576.868512330762
2006-02-14 00:00:00,1586.9431409501792
2006-02-15 00:00:00,1586.782644427251
2006-02-16 00:00:00,1576.7380230499527
2006-02-17 00:00:00,1566.6151812775167
2006-02-19 00:00:00,1545.866151698841
2006-02-20 00:00:00,1535.0829185243877
2006-02-21 00:00:00,1543.5160917654014
2006-02-22 00:00:00,1538.9777712381929
2006-02-23 00:00:00,1527.7559645265894
2006-02-24 00:00:00,1515.9713818978214
2006-02-26 00:00:00,1512.9334225819343
2006-02-27 00:00:00,1498.195183535072
2006-02-28 00:00:00,1483.1760764411886
2006-03-01 00:00:00,1468.0467667472328
2006-03-02 00:00:00,1477.6281132807667
2006-03-03 00:00:00,1491.9478473542931
2006-03-05 00:00:00,1513.67148310746
2006-03-06 00:00:00,1500.4124641084418
2006-03-07 00:00:00,1506.4311176097904
2006-03-08 00:00:00,1518.2657964932187
2006-03-09 00:00:00,1529.9097524332603
2006-03-10 00:00:00,1541.4110586930701
2006-03-12 00:00:00,1564.1472311691464
2006-03-13 00:00:00,1575.4440937142854
2006-03-14 00:00:00,1586.7237175950656
2006-03-15 00:00:00,1586.3392739102983
2006-03-16 00:00:00,1571.9899847716615
2006-03-17 00:00:00,1557.582368416123
2006-03-19 00:00:00,1528.501514468523
2006-03-20 00:00:00,1527.5461409747215
2006-03-21 00:00:00,1538.3669719750214
2006-03-22 00:00:00,1540.8283567172666
2006-03-23 00:00:00,1526.6649201194446
2006-03-24 00:00:00,1512.2333535986452
2006-03-26 00:00:00,1456.7433502134497
2006-03-27 01:00:00,1436.2284832907553
2006-03-28 01:00:00,1427.834153483968
2006-03-29 01:00:00,1440.1236110909342
2006-03-30 01:00:00,1452.2068398918404
2006-03-31 01:00:00,1463.958439638534
2006-04-02 01:00:00,1460.3061881288759
2006-04-03 01:00:00,1443.5830672578136
2006-04-04 01:00:00,1432.6703899388126
2006-04-05 01:00:00,1440.752400158089
2006-04-06 01:00:00,1448.4534026684805
2006-04-07 01:00:00,1455.8501209660963
2006-04-09 01:00:00,1516.9778379477275
2006-04-10 01:00:00,1536.6617084518596
2006-04-11 01:00:00,1545.7239809298885
2006-04-12 01:00:00,1536.9495778751455
2006-04-13 01:00:00,1524.2551965285274
2006-04-14 01:00:00,1511.4246224336116
2006-04-16 01:00:00,1498.7884389892884
2006-04-17 01:00:00,1511.4480180044468
2006-04-18 01:00:00,1524.3662728274553
2006-04-19 01:00:00,1537.5466510332988
2006-04-20 01:00:00,1526.010616797705
2006-04-21 01:00:00,1513.253958142565
2006-04-23 01:00:00,1440.35488069132
2006-04-24 01:00:00,1398.315818629516
2006-04-25 01:00:00,1368.8106059431143
2006-04-26 01:00:00,1353.2889630325615
2006-04-27 01:00:00,1359.190710561033
2006-04-28 01:00:00,1369.3980678370317
2006-04-30 01:00:00,1341.171244953547
2006-05-01 01:00:00,1323.2226680966744
2006-05-02 01:00:00,1305.6267589261524
2006-05-03 01:00:00,1301.4377754651493
2006-05-04 01:00:00,1308.0285662403608
2006-05-05 01:00:00,1328.2539150770326
2006-05-07 01:00:00,1387.7287097922317
2006-05-08 01:00:00,1417.2649805652788
2006-05-09 01:00:00,1446.9914816275796
2006-05-10 01:00:00,1468.6238330329843
2006-05-11 01:00:00,1477.0687399719666
2006-05-12 01:00:00,1485.38885594027
2006-05-14 01:00:00,1503.7832990362106
2006-05-15 01:00:00,1513.1632023474806
2006-05-16 01:00:00,1522.7459572431515
2006-05-17 01:00:00,1532.4954258320124
2006-05-18 01:00:00,1528.7458144383027
2006-05-19 01:00:00,1502.553739828074
2006-05-21 01:00:00,1412.8641157997165
2006-05-22 01:00:00,1367.829101289316
2006-05-23 01:00:00,1322.758726113536
2006-05-24 01:00:00,1277.7525891529258
2006-05-25 01:00:00,1254.1126625830711
2006-05-26 01:00:00,1219.4133250887028
2006-05-28 01:00:00,1127.3711993264812
2006-05-29 01:00:00,1103.2066376593023
2006-05-30 01:00:00,1081.3118449807507
2006-05-31 01:00:00,1059.847980573316
2006-06-01 01:00:00,1059.1482679926935
2006-06-02 01:00:00,1085.5176646980349
2006-06-04 01:00:00,1137.4110609822603
2006-06-05 01:00:00,1163.4492772143615
2006-06-06 01:00:00,1189.9086755941462
2006-06-07 01:00:00,1217.0470073029514
2006-06-08 01:00:00,1243.1213983241414
2006-06-09 01:00:00,1274.211643581186
2006-06-11 01:00:00,1336.0039517464402
2006-06-12 01:00:00,1368.6007827898284
2006-06-13 01:00:00,1402.1297301996613
2006-06-14 01:00:00,1423.2304493016945
2006-06-15 01:00:00,1430.9071244639022
2006-06-16 01:00:00,1386.2083401950042
2006-06-18 01:00:00,1293.1833050911487
2006-06-19 01:00:00,1248.0060801269542
2006-06-20 01:00:00,1203.4476698045992
2006-06-21 01:00:00,1159.3151094477496
2006-06-22 01:00:00,1103.3651146020457
2006-06-23 01:00:00,1033.2490990657946
2006-06-25 01:00:00,943.8057484266559
2006-06-26 01:00:00,900.1630723655892
2006-06-27 01:00:00,857.3200501551032
2006-06-28 01:00:00,823.140176481309
2006-06-29 01:00:00,817.8405281072371
2006-06-30 01:00:00,847.1953345313192
2006-07-02 01:00:00,905.5946665045901
2006-07-03 01:00:00,935.1024923960881
2006-07-04 01:00:00,965.1681060863203
2006-07-05 01:00:00,996.0651667090671
2006-07-06 01:00:00,1030.0091224135904
2006-07-07 01:00:00,1088.8792316069403
2006-07-09 01:00:00,1210.1922956716517
2006-07-10 01:00:00,1250.2382792357378
2006-07-11 01:00:00,1291.4930938355324
2006-07-12 01:00:00,1327.4702938683427
2006-07-13 01:00:00,1328.5165583869846
2006-07-14 01:00:00,1297.028919858836
2006-07-16 01:00:00,1208.4074241544981
2006-07-17 01:00:00,1165.1323460376875
2006-07-18 01:00:00,1122.6180630622014
2006-07-19 01:00:00,1074.32767971055
2006-07-20 01:00:00,1006.4969259824366
2006-07-21 01:00:00,939.7393451596121
2006-07-23 01:00:00,809.3975173372821
2006-07-24 01:00:00,768.3002805209359
2006-07-25 01:00:00,743.7928791914246
2006-07-26 01:00:00,728.7617614879819
2006-07-27 01:00:00,735.1059949996389
2006-07-28 01:00:00,748.9773296272308
2006-07-30 01:00:00,809.395591740622
2006-07-31 01:00:00,839.2106379422396
2006-08-01 01:00:00,869.0549927330886
2006-08-02 01:00:00,899.1774673409418
2006-08-03 01:00:00,945.6070707176408
2006-08-04 01:00:00,1002.4245463693488
2006-08-06 01:00:00,1121.6827299243814
2006-08-07 01:00:00,1184.3107809493881
2006-08-08 01:00:00,1244.4119943207036
2006-08-09 01:00:00,1255.2993522747013
2006-08-10 01:00:00,1244.3130792091188
2006-08-11 01:00:00,1225.3749256384333
2006-08-13 01:00:00,1132.6613397230876
2006-08-14 01:00:00,1086.6503339631497
2006-08-15 01:00:00,1041.6376973997362
2006-08-16 01:00:00,974.4631422360984
2006-08-17 01:00:00,905.0247480535089
2006-08-18 01:00:00,837.1030658852031
2006-08-20 01:00:00,705.0840880582641
2006-08-21 01:00:00,640.6859726108758
2006-08-22 01:00:00,580.6899793633305
2006-08-23 01:00:00,547.3579490758528
2006-08-24 01:00:00,553.2959906131538
2006-08-25 01:00:00,559.1591297961653
2006-08-27 01:00:00,602.912937917532
2006-08-28 01:00:00,633.4345750074449
2006-08-29 01:00:00,664.3263681731971
2006-08-30 01:00:00,697.7762501657189
2006-08-31 01:00:00,754.544012858069
2006-09-01 01:00:00,812.982219790045
2006-09-03 01:00:00,936.1118992893992
2006-09-04 01:00:00,1001.1598643913339
2006-09-05 01:00:00,1068.4748907238375
2006-09-06 01:00:00,1136.2687253473773
2006-09-07 01:00:00,1169.9496240191743
2006-09-08 01:00:00,1182.9012927268732
2006-09-10 01:00:00,1121.522756156573
2006-09-11 01:00:00,1080.0723421852226
2006-09-12 01:00:00,1032.343531520472
2006-09-13 01:00:00,966.0703112847173
2006-09-14 01:00:00,901.9771173190686
2006-09-15 01:00:00,839.9005896033359
2006-09-17 01:00:00,723.2461775038063
2006-09-18 01:00:00,667.5085072191345
2006-09-19 01:00:00,612.5838420283137
2006-09-20 01:00:00,577.7201058616874
2006-09-21 01:00:00,546.9281056204035
2006-09-22 01:00:00,523.9385228457958
2006-09-24 01:00:00,517.6340180460596
2006-09-25 01:00:00,548.743987365985
2006-09-26 01:00:00,582.3763832625563
2006-09-27 01:00:00,627.4546884170693
2006-09-28 01:00:00,686.8263145932606
2006-09-29 01:00:00,747.5858623086194
2006-10-01 01:00:00,874.2607494047552
2006-10-02 01:00:00,940.5577002859507
2006-10-03 01:00:00,1008.9145272576513
2006-10-04 01:00:00,1067.2530738434873
2006-10-05 01:00:00,1109.3775099754444
2006-10-06 01:00:00,1152.102559567217
2006-10-08 01:00:00,1183.1746115334959
2006-10-09 01:00:00,1161.4976573763277
2006-10-10 01:00:00,1107.067129829805
2006-10-11 01:00:00,1040.6701817645155
2006-10-12 01:00:00,976.6060689513405
2006-10-13 01:00:00,914.7929837901264
2006-10-15 01:00:00,796.8362484632746
2006-10-16 01:00:00,739.9405042084193
2006-10-17 01:00:00,692.3184917503308
2006-10-18 01:00:00,660.0249652016483
2006-10-19 01:00:00,627.7181303029802
2006-10-20 01:00:00,595.1967769158753
2006-10-22 01:00:00,528.8469540793976
2006-10-23 01:00:00,531.4582712270387
2006-10-24 01:00:00,542.4209003918286
2006-10-25 01:00:00,588.6734718839862
2006-10-26 01:00:00,649.3741469869879
2006-10-27 01:00:00,711.1674625082188
2006-10-29 01:00:00,837.6233953929064
2006-10-30 00:00:00,900.1648560289563
2006-10-31 00:00:00,966.0964660917816
2006-11-01 00:00:00,1009.5657260304961
2006-11-02 00:00:00,1049.9809079918953
2006-11-03 00:00:00,1090.8978787462452
2006-11-05 00:00:00,1173.0112952831682
2006-11-06 00:00:00,1181.0099460810573
2006-11-07 00:00:00,1117.507697239063
2006-11-08 00:00:00,1046.0753590415748
2006-11-09 00:00:00,980.4018817585882
2006-11-10 00:00:00,917.0749140784216
2006-11-12 00:00:00,798.3130327202324
2006-11-13 00:00:00,744.3481480106196
2006-11-14 00:00:00,712.0501524060446
2006-11-15 00:00:00,682.8667146220422
2006-11-16 00:00:00,653.9098050112285
2006-11-17 00:00:00,626.3955323421943
2006-11-19 00:00:00,569.6157467166665
2006-11-20 00:00:00,553.9612747880822
2006-11-21 00:00:00,566.6324289769102
2006-11-22 00:00:00,619.2440635070532
2006-11-23 00:00:00,685.1279055726403
2006-11-24 00:00:00,751.7738082068616
2006-11-26 00:00:00,887.1969837771327
2006-11-27 00:00:00,955.9401153531036
2006-11-28 00:00:00,1010.696276703326
2006-11-29 00:00:00,1052.6679279916768
2006-11-30 00:00:00,1094.9999921966532
2006-12-01 00:00:00,1137.6367891032025
2006-12-03 00:00:00,1223.2188610544388
2006-12-04 00:00:00,1255.6741061902676
2006-12-05 00:00:00,1223.6213137567074
2006-12-06 00:00:00,1178.4701555575155
2006-12-07 00:00:00,1116.6127445124775
2006-12-08 00:00:00,1056.755063060157
2006-12-10 00:00:00,942.8889992071336
2006-12-11 00:00:00,902.6831869844334
2006-12-12 00:00:00,877.6332097345368
2006-12-13 00:00:00,853.6793822495365
2006-12-14 00:00:00,829.8766198944979
2006-12-15 00:00:00,805.9427367387393
2006-12-17 00:00:00,756.6761494168676
2006-12-18 00:00:00,730.9490445964507
2006-12-19 00:00:00,708.2613186438782
2006-12-20 00:00:00,732.9133878676918
2006-12-21 00:00:00,779.4425754925285
2006-12-22 00:00:00,834.3685247166303
2006-12-24 00:00:00,981.1541991467379
2006-12-25 00:00:00,1046.785740787552
2006-12-26 00:00:00,1093.1513910879314
2006-12-27 00:00:00,1139.6386009468513
2006-12-28 00:00:00,1186.196325547198
2006-12-29 00:00:00,1232.7783538979531
2006-12-31 00:00:00,1325.716519477806
2007-01-01 00:00:00,1371.825075912659
2007-01-02 00:00:00,1385.9291782009402
2007-01-03 00:00:00,1378.3377904275387
2007-01-04 00:00:00,1356.4121686939714
2007-01-05 00:00:00,1325.448904491209
2007-01-07 00:00:00,1228.6900222582879
2007-01-08 00:00:00,1204.2270172045455
2007-01-09 00:00:00,1180.4139739406012
2007-01-10 00:00:00,1157.0257002902592
2007-01-11 00:00:00,1133.805372980655
2007-01-12 00:00:00,1110.4796995744023
2007-01-14 00:00:00,1062.4307735525344
2007-01-15 00:00:00,1037.225482313162
2007-01-16 00:00:00,1019.6717671011224
2007-01-17 00:00:00,1018.3112350701076
2007-01-18 00:00:00,1039.4237110482331
2007-01-19 00:00:00,1063.7306444289395
2007-01-21 00:00:00,1147.7993913768416
2007-01-22 00:00:00,1195.5665030147761
2007-01-23 00:00:00,1242.407081265186
2007-01-24 00:00:00,1287.3625897256406
2007-01-25 00:00:00,1331.9721961211503
2007-01-26 00:00:00,1376.1372221357026
2007-01-28 00:00:00,1462.9131227009734
2007-01-29 00:00:00,1495.9700384177552
2007-01-30 00:00:00,1507.9918805049572
2007-01-31 00:00:00,1511.9543030962043
2007-02-01 00:00:00,1499.172550512669
2007-02-02 00:00:00,1486.6727541027929
2007-02-04 00:00:00,1482.7721145531395
2007-02-05 00:00:00,1459.7277458173132
2007-02-06 00:00:00,1429.6271857895304
2007-02-07 00:00:00,1399.735335112001
2007-02-08 00:00:00,1369.8429715307693
2007-02-09 00:00:00,1339.7125260088537
2007-02-11 00:00:00,1277.706571334772
2007-02-12 00:00:00,1245.3169015021779
2007-02-13 00:00:00,1226.9159950554927
2007-02-14 00:00:00,1217.981020352878
2007-02-15 00:00:00,1208.4430928910872
2007-02-16 00:00:00,1222.0334347337337
2007-02-18 00:00:00,1230.8117702857246
2007-02-19 00:00:00,1237.615496301451
2007-02-20 00:00:00,1265.318134137206
2007-02-21 00:00:00,1310.6745506464597
2007-02-22 00:00:00,1355.5447567885071
2007-02-23 00:00:00,1399.6834107710629
2007-02-25 00:00:00,1485.2452388284153
2007-02-26 00:00:00,1505.5762405084756
2007-02-27 00:00:00,1519.994669969156
2007-02-28 00:00:00,1534.0793814027859
2007-03-01 00:00:00,1539.0967185922634
2007-03-02 00:00:00,1529.2434256592292
2007-03-04 00:00:00,1522.5314643028253
2007-03-05 00:00:00,1512.1109987637506
2007-03-06 00:00:00,1501.8981198581016
2007-03-07 00:00:00,1487.3739695663135
2007-03-08 00:00:00,1456.2660192924093
2007-03-09 00:00:00,1425.128991813328
2007-03-11 00:00:00,1362.0037651524144
2007-03-12 00:00:00,1330.2089636450398
2007-03-13 00:00:00,1322.1726332162614
2007-03-14 00:00:00,1313.8444873174108
2007-03-15 00:00:00,1305.1714767255853
2007-03-16 00:00:00,1296.1266261126073
2007-03-18 00:00:00,1308.331106034735
2007-03-19 00:00:00,1325.1642817918284
2007-03-20 00:00:00,1342.0819998131813
2007-03-21 00:00:00,1358.9297846723632
2007-03-22 00:00:00,1389.0186865719982
2007-03-23 00:00:00,1431.8641176987667
2007-03-25 00:00:00,1501.5826427603206
2007-03-26 01:00:00,1512.955746680225
2007-03-27 01:00:00,1523.5379020113783
2007-03-28 01:00:00,1533.762543749699
2007-03-29 01:00:00,1543.6901216771973
2007-03-30 01:00:00,1565.0816969623286
2007-04-01 01:00:00,1572.3436668638547
2007-04-02 01:00:00,1562.2020280814806
2007-04-03 01:00:00,1552.118956812581
2007-04-04 01:00:00,1542.0613742697547
2007-04-05 01:00:00,1531.997520425697
2007-04-06 01:00:00,1521.894120040155
2007-04-08 01:00:00,1459.0463663719959
2007-04-09 01:00:00,1444.2598706421222
2007-04-10 01:00:00,1435.940212016543
2007-04-11 01:00:00,1427.3427379806637
2007-04-12 01:00:00,1418.4150546778533
2007-04-13 01:00:00,1402.2415001286013
2007-04-15 01:00:00,1352.4123343931747
2007-04-16 01:00:00,1340.5176926097638
2007-04-17 01:00:00,1348.5064966055627
2007-04-18 01:00:00,1363.1686195137672
2007-04-19 01:00:00,1377.7084190071132
2007-04-20 01:00:00,1391.9685317584035
2007-04-22 01:00:00,1434.8282473814406
2007-04-23 01:00:00,1445.3252459086111
2007-04-24 01:00:00,1455.3594761019053
2007-04-25 01:00:00,1464.987516747924
2007-04-26 01:00:00,1488.798689478954
2007-04-27 01:00:00,1522.0744457604892
2007-04-29 01:00:00,1558.0360377856234
2007-04-30 01:00:00,1565.8449022369218
2007-05-01 01:00:00,1573.6590916652176
2007-05-02 01:00:00,1581.5185514563198
2007-05-03 01:00:00,1575.3746761944649
2007-05-04 01:00:00,1563.449288497774
2007-05-06 01:00:00,1554.3024106308924
2007-05-07 01:00:00,1547.3974626230013
2007-05-08 01:00:00,1537.2471061535227
2007-05-09 01:00:00,1526.8504060197436
2007-05-10 01:00:00,1516.1618272508497
2007-05-11 01:00:00,1479.7839550223955
2007-05-13 01:00:00,1403.0970345477097
2007-05-14 01:00:00,1389.543521217297
2007-05-15 01:00:00,1375.7163945584011
2007-05-16 01:00:00,1361.7303475575927
2007-05-17 01:00:00,1347.7311379249486
2007-05-18 01:00:00,1334.9289835891975
2007-05-20 01:00:00,1307.7321113684764
2007-05-21 01:00:00,1311.987811747231
2007-05-22 01:00:00,1316.6592484231228
2007-05-23 01:00:00,1325.9836668808848
2007-05-24 01:00:00,1354.914830929776
2007-05-25 01:00:00,1383.2566065543738
2007-05-27 01:00:00,1436.6355050563416
2007-05-28 01:00:00,1442.4741021140271
2007-05-29 01:00:00,1448.5476527145806
2007-05-30 01:00:00,1454.9079471417128
2007-05-31 01:00:00,1461.5919448520247
2007-06-01 01:00:00,1468.6227110817754
2007-06-03 01:00:00,1524.0331984815982
2007-06-04 01:00:00,1534.1959816189833
2007-06-05 01:00:00,1540.3223350518042
2007-06-06 01:00:00,1526.543502134595
2007-06-07 01:00:00,1496.8032603796587
2007-06-08 01:00:00,1455.6819213600568
2007-06-10 01:00:00,1371.530264602156
2007-06-11 01:00:00,1336.5766827784673
2007-06-12 01:00:00,1320.5924260493766
2007-06-13 01:00:00,1304.5765371353539
2007-06-14 01:00:00,1288.6360959081217
2007-06-15 01:00:00,1256.3099169696368
2007-06-17 01:00:00,1186.3556706839765
2007-06-18 01:00:00,1171.776715711611
2007-06-19 01:00:00,1166.718058749687
2007-06-20 01:00:00,1193.7498364159499
2007-06-21 01:00:00,1228.664572542577
2007-06-22 01:00:00,1263.0310232275579
2007-06-24 01:00:00,1331.0629544570238
2007-06-25 01:00:00,1365.1971607355179
2007-06-26 01:00:00,1377.293296764348
2007-06-27 01:00:00,1389.4423644875058
2007-06-28 01:00:00,1401.840298783201
2007-06-29 01:00:00,1428.3795658870165
2007-07-01 01:00:00,1487.332825795338
2007-07-02 01:00:00,1500.1662379381676
2007-07-03 01:00:00,1513.8303990646323
2007-07-04 01:00:00,1520.9350777701195
2007-07-05 01:00:00,1481.5770412186605
2007-07-06 01:00:00,1441.7380370084716
2007-07-08 01:00:00,1360.678676120219
2007-07-09 01:00:00,1319.5122116565838
2007-07-10 01:00:00,1293.7688038030105
2007-07-11 01:00:00,1279.0533389446523
2007-07-12 01:00:00,1251.9969891306448
2007-07-13 01:00:00,1208.9235859589396
2007-07-15 01:00:00,1174.2259182605133
2007-07-16 01:00:00,1158.5509942366612
2007-07-17 01:00:00,1144.2361904728307
2007-07-18 01:00:00,1165.9829614706862
2007-07-19 01:00:00,1198.863183970364
2007-07-20 01:00:00,1230.8075416213103
2007-07-22 01:00:00,1292.7523560171296
2007-07-23 01:00:00,1323.2355458165669
2007-07-24 01:00:00,1353.7171822309385
2007-07-25 01:00:00,1362.489131062525
2007-07-26 01:00:00,1379.0202920907707
2007-07-27 01:00:00,1412.105944289023
2007-07-29 01:00:00,1469.0701737039055
2007-07-30 01:00:00,1480.1169801545566
2007-07-31 01:00:00,1491.2969657394024
2007-08-01 01:00:00,1479.7900893726885
2007-08-02 01:00:00,1434.5600905483354
2007-08-03 01:00:00,1388.9707920737264
2007-08-05 01:00:00,1297.3155727831536
2007-08-06 01:00:00,1251.490384279067
2007-08-07 01:00:00,1205.7979304369512
2007-08-08 01:00:00,1179.1511796636162
2007-08-09 01:00:00,1132.7055935585813
2007-08-10 01:00:00,1086.676003398167
2007-08-12 01:00:00,996.21701808377
2007-08-13 01:00:00,958.739489339021
2007-08-14 01:00:00,959.2682611850613
2007-08-15 01:00:00,989.4763496709054
2007-08-16 01:00:00,1019.142673702731
2007-08-17 01:00:00,1048.381842895517
2007-08-19 01:00:00,1117.4497963447548
2007-08-20 01:00:00,1155.238078166009
2007-08-21 01:00:00,1193.2675528203006
2007-08-22 01:00:00,1230.4081690193855
2007-08-23 01:00:00,1270.2013624471308
2007-08-24 01:00:00,1310.874060344226
2007-08-26 01:00:00,1393.779967980915
2007-08-27 01:00:00,1436.7449361624604
2007-08-28 01:00:00,1459.0370773786103
2007-08-29 01:00:00,1445.373129848576
2007-08-30 01:00:00,1412.8794995663898
2007-08-31 01:00:00,1373.0809810257106
2007-09-02 01:00:00,1293.8607483945943
2007-09-03 01:00:00,1254.915907187066
2007-09-04 01:00:00,1216.615141729875
2007-09-05 01:00:00,1166.133370784365
2007-09-06 01:00:00,1128.2923246256644
2007-09-07 01:00:00,1091.1457810194286
2007-09-09 01:00:00,1019.1575793196859
2007-09-10 01:00:00,1008.8578350701162
2007-09-11 01:00:00,1020.0470637519304
2007-09-12 01:00:00,1034.0488426636691
2007-09-13 01:00:00,1047.780918520943
2007-09-14 01:00:00,1071.8906976982653
2007-09-16 01:00:00,1140.4004625633756
2007-09-17 01:00:00,1174.5453751481668
2007-09-18 01:00:00,1208.8516458365505
2007-09-19 01:00:00,1254.4400882200116
2007-09-20 01:00:00,1304.652021147786
2007-09-21 01:00:00,1341.4617650078817
2007-09-23 01:00:00,1418.1803145045392
2007-09-24 01:00:00,1452.8049984608122
2007-09-25 01:00:00,1456.596297261876
2007-09-26 01:00:00,1441.6329721267723
2007-09-27 01:00:00,1426.3678167112148
2007-09-28 01:00:00,1410.9351913849082
2007-09-30 01:00:00,1340.3939761573151
2007-10-01 01:00:00,1298.058483101504
2007-10-02 01:00:00,1243.485040327449
2007-10-03 01:00:00,1181.7892747612475
2007-10-04 01:00:00,1141.8855483175607
2007-10-05 01:00:00,1102.8851136593737
2007-10-07 01:00:00,1026.9192056267545
2007-10-08 01:00:00,1016.654074480817
2007-10-09 01:00:00,1026.329649966682
2007-10-10 01:00:00,1035.6054566599125
2007-10-11 01:00:00,1044.492950141173
2007-10-12 01:00:00,1052.998069895438
2007-10-14 01:00:00,1092.3604310905603
2007-10-15 01:00:00,1125.5386736788987
2007-10-16 01:00:00,1159.0807844387127
2007-10-17 01:00:00,1212.5820952024872
2007-10-18 01:00:00,1268.2156968300285
2007-10-19 01:00:00,1303.4580204095905
2007-10-21 01:00:00,1376.7820707998667
2007-10-22 01:00:00,1415.256870529633
2007-10-23 01:00:00,1429.575965121105
2007-10-24 01:00:00,1414.2827357032643
2007-10-25 01:00:00,1398.6813911464023
2007-10-26 01:00:00,1377.1906549035743
2007-10-28 01:00:00,1281.0460818513013
2007-10-29 00:00:00,1236.7669303189814
2007-10-30 00:00:00,1171.1580725844972
2007-10-31 00:00:00,1106.7955161869645
2007-11-01 00:00:00,1066.3703831267705
2007-11-02 00:00:00,1027.9304445669968
2007-11-04 00:00:00,956.1503681407643
2007-11-05 00:00:00,943.8628197649123
2007-11-06 00:00:00,940.1285907359195
2007-11-07 00:00:00,953.3931968796753
2007-11-08 00:00:00,967.0536743355706
2007-11-09 00:00:00,996.8063545433564
2007-11-11 00:00:00,1069.241505517377
2007-11-12 00:00:00,1105.9575414760927
2007-11-13 00:00:00,1145.1819557306276
2007-11-14 00:00:00,1206.780427675864
2007-11-15 00:00:00,1258.8131971772991
2007-11-16 00:00:00,1297.295149715851
2007-11-18 00:00:00,1377.0149936316072
2007-11-19 00:00:00,1414.5089064997303
2007-11-20 00:00:00,1429.6255549567954
2007-11-21 00:00:00,1445.2334937909964
2007-11-22 00:00:00,1444.3646757303682
2007-11-23 00:00:00,1432.8495820777948
2007-11-25 00:00:00,1372.3692802337573
2007-11-26 00:00:00,1334.1581346559997
2007-11-27 00:00:00,1270.9029133460117
2007-11-28 00:00:00,1229.4443724018304
2007-11-29 00:00:00,1196.2069180113667
2007-11-30 00:00:00,1164.5178565135284
2007-12-02 00:00:00,1117.4195780095815
2007-12-03 00:00:00,1113.3797088555561
2007-12-04 00:00:00,1109.6010772356988
2007-12-05 00:00:00,1106.0008241460873
2007-12-06 00:00:00,1105.8963197741368
2007-12-07 00:00:00,1123.7822645189663
2007-12-09 00:00:00,1159.9666267410562
2007-12-10 00:00:00,1191.8166694661268
2007-12-11 00:00:00,1239.872759576581
2007-12-12 00:00:00,1290.1953676783357
2007-12-13 00:00:00,1329.9104156054466
2007-12-14 00:00:00,1370.190126870446
2007-12-16 00:00:00,1452.826072159684
2007-12-17 00:00:00,1473.4873749436251
2007-12-18 00:00:00,1489.4984322771081
2007-12-19 00:00:00,1505.8673483306502
2007-12-20 00:00:00,1522.5803190560362
2007-12-21 00:00:00,1539.8293402931401
2007-12-23 00:00:00,1526.9883116965827
2007-12-24 00:00:00,1515.1196455758745
2007-12-25 00:00:00,1484.1151469984063
2007-12-26 00:00:00,1449.317290418896
2007-12-27 00:00:00,1415.6143068116755
2007-12-28 00:00:00,1382.2830909587476
2007-12-30 00:00:00,1347.9971773784725
2007-12-31 00:00:00,1342.5072580467947
2008-01-01 00:00:00,1337.243898859562
2008-01-02 00:00:00,1332.1189556830468
2008-01-03 00:00:00,1327.0481702302584
2008-01-04 00:00:00,1321.9553789004524
2008-01-06 00:00:00,1329.4141559135585
2008-01-07 00:00:00,1344.0552368562849
2008-01-08 00:00:00,1348.545292051209
2008-01-09 00:00:00,1364.4042510926033
2008-01-10 00:00:00,1387.9920716624413
2008-01-11 00:00:00,1427.0698002401377
2008-01-13 00:00:00,1490.3440102345833
2008-01-14 00:00:00,1503.878037667971
2008-01-15 00:00:00,1517.605434532511
2008-01-16 00:00:00,1531.5191652875799
2008-01-17 00:00:00,1545.5983577650877
2008-01-18 00:00:00,1559.8012635605526
2008-01-20 00:00:00,1587.9410073186132
2008-01-21 00:00:00,1597.7389217398309
2008-01-22 00:00:00,1583.5054894718164
2008-01-23 00:00:00,1569.4411424427294
2008-01-24 00:00:00,1555.5963146692254
2008-01-25 00:00:00,1516.979254850497
2008-01-27 00:00:00,1488.0014747650507
2008-01-28 00:00:00,1475.5666070169893
2008-01-29 00:00:00,1462.8247415806793
2008-01-30 00:00:00,1449.6840427288794
2008-01-31 00:00:00,1436.061139207033
2008-02-01 00:00:00,1421.8884385291226
2008-02-03 00:00:00,1393.6197473498305
2008-02-04 00:00:00,1355.1270457281898
2008-02-05 00:00:00,1343.891507027902
2008-02-06 00:00:00,1351.8342414839858
2008-02-07 00:00:00,1359.9639514531054
2008-02-08 00:00:00,1394.6536565070887
2008-02-10 00:00:00,1431.8264651362447
2008-02-11 00:00:00,1443.3668273538779
2008-02-12 00:00:00,1455.1561673906565
2008-02-13 00:00:00,1467.1659052148523
2008-02-14 00:00:00,1479.3652267945083
2008-02-15 00:00:00,1491.7210994409568
2008-02-17 00:00:00,1535.8153791135435
2008-02-18 00:00:00,1564.1665135135404
2008-02-19 00:00:00,1573.9325153686284
2008-02-20 00:00:00,1545.2299483969234
2008-02-21 00:00:00,1507.001178004078
2008-02-22 00:00:00,1485.2625718076795
2008-02-24 00:00:00,1465.3356150438005
2008-02-25 00:00:00,1456.1388943971026
2008-02-26 00:00:00,1447.3818828889139
2008-02-27 00:00:00,1439.282715963429
2008-02-28 00:00:00,1432.1746316949855
2008-02-29 00:00:00,1425.1460485062225
2008-03-02 00:00:00,1404.1283331251734
2008-03-03 00:00:00,1372.8190791064735
2008-03-04 00:00:00,1363.7001997668417
2008-03-05 00:00:00,1356.1988218247268
2008-03-06 00:00:00,1363.3897396466086
2008-03-07 00:00:00,1398.6472546368445
2008-03-09 00:00:00,1428.22585708335
2008-03-10 00:00:00,1443.3174295563697
2008-03-11 00:00:00,1458.4835020422402
2008-03-12 00:00:00,1473.6258698308302
2008-03-13 00:00:00,1488.6597289190872
2008-03-14 00:00:00,1503.522204343233
2008-03-16 00:00:00,1555.5903871568994
2008-03-17 00:00:00,1571.2242056405614
2008-03-18 00:00:00,1580.2793464202869
2008-03-19 00:00:00,1587.8655776268624
2008-03-20 00:00:00,1602.8344801021121
2008-03-21 00:00:00,1589.9751241796694
2008-03-23 00:00:00,1564.767661027672
2008-03-24 00:00:00,1552.401222419079
2008-03-25 00:00:00,1540.494205126052
2008-03-26 00:00:00,1529.1389958294797
2008-03-27 00:00:00,1517.8872138840345
2008-03-28 00:00:00,1506.682862457932
2008-03-30 00:00:00,1482.2402768643146
2008-03-31 01:00:00,1452.6191210831744
2008-04-01 01:00:00,1441.5211894523966
2008-04-02 01:00:00,1430.108677520894
2008-04-03 01:00:00,1418.2930426728067
2008-04-04 01:00:00,1378.4885901048292
2008-04-06 01:00:00,1343.4959246162314
2008-04-07 01:00:00,1353.656252196618
2008-04-08 01:00:00,1363.9306635427001
2008-04-09 01:00:00,1374.1698802560318
2008-04-10 01:00:00,1384.2390470168596
2008-04-11 01:00:00,1394.0376964979675
2008-04-13 01:00:00,1422.5798295312634
2008-04-14 01:00:00,1430.5722245719037
2008-04-15 01:00:00,1438.2635745668788
2008-04-16 01:00:00,1454.082354264298
2008-04-17 01:00:00,1486.7437328419264
2008-04-18 01:00:00,1518.8797034743577
2008-04-20 01:00:00,1564.0956262364998
2008-04-21 01:00:00,1570.5880623959915
2008-04-22 01:00:00,1559.8608188207995
2008-04-23 01:00:00,1549.2049049485504
2008-04-24 01:00:00,1538.5873603924456
2008-04-25 01:00:00,1527.5113456534975
2008-04-27 01:00:00,1504.1355438326646
2008-04-28 01:00:00,1495.4384543191218
2008-04-29 01:00:00,1484.1201494023762
2008-04-30 01:00:00,1472.4242042146514
2008-05-01 01:00:00,1442.151454041334
2008-05-02 01:00:00,1402.0834424496236
2008-05-04 01:00:00,1317.6921819529787
2008-05-05 01:00:00,1279.076423816406
2008-05-06 01:00:00,1262.3324420401289
2008-05-07 01:00:00,1249.0289253358526
2008-05-08 01:00:00,1259.4548189377047
2008-05-09 01:00:00,1269.6604158418756
2008-05-11 01:00:00,1272.5488903813837
2008-05-12 01:00:00,1280.6805974061704
2008-05-13 01:00:00,1290.8987682991756
2008-05-14 01:00:00,1324.0432847413592
2008-05-15 01:00:00,1356.5060009387485
2008-05-16 01:00:00,1388.4640030699998
2008-05-18 01:00:00,1451.4400079232078
2008-05-19 01:00:00,1482.669123079614
2008-05-20 01:00:00,1503.7928370774775
2008-05-21 01:00:00,1513.4816099889829
2008-05-22 01:00:00,1518.8485542164328
2008-05-23 01:00:00,1505.4195868880802
2008-05-25 01:00:00,1492.1210943714875
2008-05-26 01:00:00,1497.9633040275414
2008-05-27 01:00:00,1484.8966602929845
2008-05-28 01:00:00,1462.7929903146296
2008-05-29 01:00:00,1422.6999515547404
2008-05-30 01:00:00,1381.2827173819862
2008-06-01 01:00:00,1294.2730711291015
2008-06-02 01:00:00,1248.9300003749058
2008-06-03 01:00:00,1202.798748203394
2008-06-04 01:00:00,1165.3143543534482
2008-06-05 01:00:00,1173.4304582985947
2008-06-06 01:00:00,1185.935298150043
2008-06-08 01:00:00,1161.9239231973586
2008-06-09 01:00:00,1173.6775439620687
2008-06-10 01:00:00,1205.1164864247269
2008-06-11 01:00:00,1243.3002828248477
2008-06-12 01:00:00,1280.5056383408096
2008-06-13 01:00:00,1316.9172506017048
2008-06-15 01:00:00,1388.035073176777
2008-06-16 01:00:00,1423.0179119426136
2008-06-17 01:00:00,1457.7553893727938
2008-06-18 01:00:00,1478.7239157159586
2008-06-19 01:00:00,1486.878052495902
2008-06-20 01:00:00,1475.4112701033669
2008-06-22 01:00:00,1489.5681989657196
2008-06-23 01:00:00,1502.603822985186
2008-06-24 01:00:00,1499.8128680930106
2008-06-25 01:00:00,1463.9345279562585
2008-06-26 01:00:00,1426.17006024419
2008-06-27 01:00:00,1387.3115057691814
2008-06-29 01:00:00,1306.072673673866
2008-06-30 01:00:00,1263.8185632601571
2008-07-01 01:00:00,1220.7663905462366
2008-07-02 01:00:00,1190.1619743603244
2008-07-03 01:00:00,1174.5210076329402
2008-07-04 01:00:00,1154.3280872612902
2008-07-06 01:00:00,1112.439959233138
2008-07-07 01:00:00,1104.2806153268994
2008-07-08 01:00:00,1135.516030293072
2008-07-09 01:00:00,1165.4350159422074
2008-07-10 01:00:00,1194.2065913166375
2008-07-11 01:00:00,1222.3235922634294
2008-07-13 01:00:00,1278.027203524244
2008-07-14 01:00:00,1305.301748423438
2008-07-15 01:00:00,1332.4269024749785
2008-07-16 01:00:00,1359.5459827776353
2008-07-17 01:00:00,1386.775564723609
2008-07-18 01:00:00,1406.7446119391464
2008-07-20 01:00:00,1452.169399208963
2008-07-21 01:00:00,1457.692662880246
2008-07-22 01:00:00,1447.377477856011
2008-07-23 01:00:00,1402.1981820222702
2008-07-24 01:00:00,1356.297861157624
2008-07-25 01:00:00,1309.6447377856891
2008-07-27 01:00:00,1214.0907112965933
2008-07-28 01:00:00,1165.3185086035055
2008-07-29 01:00:00,1116.0799212612028
2008-07-30 01:00:00,1066.610693139872
2008-07-31 01:00:00,1008.6970170268053
2008-08-01 01:00:00,930.5952178917696
2008-08-03 01:00:00,820.8907974234762
2008-08-04 01:00:00,809.406003996097
2008-08-05 01:00:00,825.5407241571469
2008-08-06 01:00:00,850.867565550028
2008-08-07 01:00:00,875.4046074986435
2008-08-08 01:00:00,899.3090699567581
2008-08-10 01:00:00,946.0147174709936
2008-08-11 01:00:00,969.245700570075
2008-08-12 01:00:00,992.6757717798268
2008-08-13 01:00:00,1016.4935193572181
2008-08-14 01:00:00,1052.6697602422373
2008-08-15 01:00:00,1104.9049707311742
2008-08-17 01:00:00,1216.7410573298912
2008-08-18 01:00:00,1275.2649388446252
2008-08-19 01:00:00,1277.19136659501
2008-08-20 01:00:00,1250.6405354448013
2008-08-21 01:00:00,1210.6717763300485
2008-08-22 01:00:00,1170.5492705397746
2008-08-24 01:00:00,1090.1069700649139
2008-08-25 01:00:00,1049.5327884427832
2008-08-26 01:00:00,1008.8439707528091
2008-08-27 01:00:00,964.6807796589477
2008-08-28 01:00:00,895.8920541483981
2008-08-29 01:00:00,827.5611877036433
2008-08-31 01:00:00,693.2999262028932
2008-09-01 01:00:00,651.5830783018652
2008-09-02 01:00:00,623.2233107838211
2008-09-03 01:00:00,652.390328893036
2008-09-04 01:00:00,685.1973331199086
2008-09-05 01:00:00,717.345311890633
2008-09-07 01:00:00,780.2904600298566
2008-09-08 01:00:00,811.4938476103454
2008-09-09 01:00:00,843.0587918312258
2008-09-10 01:00:00,879.8035333077389
2008-09-11 01:00:00,937.3096082303913
2008-09-12 01:00:00,995.9693809499112
2008-09-14 01:00:00,1119.7989135772698
2008-09-15 01:00:00,1172.8559813758054
2008-09-16 01:00:00,1212.2214832321786
2008-09-17 01:00:00,1252.3690006162985
2008-09-18 01:00:00,1234.4388983884667
2008-09-19 01:00:00,1195.0836967068071
2008-09-21 01:00:00,1116.2506107967818
2008-09-22 01:00:00,1077.0782147483562
2008-09-23 01:00:00,1038.1803297516567
2008-09-24 01:00:00,975.9757165027701
2008-09-25 01:00:00,911.8158824094526
2008-09-26 01:00:00,848.4801573044481
2008-09-28 01:00:00,732.5863606670343
2008-09-29 01:00:00,697.9409927995894
2008-09-30 01:00:00,664.0099916527791
2008-10-01 01:00:00,645.774226922694
2008-10-02 01:00:00,663.7778217295428
2008-10-03 01:00:00,703.854533107041
2008-10-05 01:00:00,783.4458257016524
2008-10-06 01:00:00,823.145892434324
2008-10-07 01:00:00,862.9535522501666
2008-10-08 01:00:00,920.0485352843962
2008-10-09 01:00:00,984.8744183957151
2008-10-10 01:00:00,1050.8079849272735
2008-10-12 01:00:00,1186.9699297580512
2008-10-13 01:00:00,1236.616844943446
2008-10-14 01:00:00,1274.0707976108547
2008-10-15 01:00:00,1289.2124552304115
2008-10-16 01:00:00,1300.3704388396807
2008-10-17 01:00:00,1287.4686093507162
2008-10-19 01:00:00,1214.26417439449
2008-10-20 01:00:00,1175.2129362213807
2008-10-21 01:00:00,1123.1617264258825
2008-10-22 01:00:00,1058.2742335577454
2008-10-23 01:00:00,994.5580442375591
2008-10-24 01:00:00,931.8844352247828
2008-10-26 01:00:00,830.1099461139991
2008-10-27 00:00:00,796.7119111390343
2008-10-28 00:00:00,772.3028522167178
2008-10-29 00:00:00,760.0281356856033
2008-10-30 00:00:00,748.3279834726033
2008-10-31 00:00:00,759.083894519864
2008-11-02 00:00:00,794.0075574675052
2008-11-03 00:00:00,825.7654904246361
2008-11-04 00:00:00,858.954455316936
2008-11-05 00:00:00,914.7003283475408
2008-11-06 00:00:00,971.2999026214197
2008-11-07 00:00:00,1029.2008151094133
2008-11-09 00:00:00,1147.9651758766188
2008-11-10 00:00:00,1184.8440864046124
2008-11-11 00:00:00,1223.1359413249954
2008-11-12 00:00:00,1262.6991236446972
2008-11-13 00:00:00,1294.4878482392864
2008-11-14 00:00:00,1299.4528018076164
2008-11-16 00:00:00,1270.7160033227517
2008-11-17 00:00:00,1232.219114248831
2008-11-18 00:00:00,1168.4257563676465
2008-11-19 00:00:00,1102.499813900291
2008-11-20 00:00:00,1038.4268279321727
2008-11-21 00:00:00,976.0156186980491
2008-11-23 00:00:00,889.8895001392248
2008-11-24 00:00:00,855.7971206558057
2008-11-25 00:00:00,822.1640410096717
2008-11-26 00:00:00,788.9094501406241
2008-11-27 00:00:00,755.9743397367286
2008-11-28 00:00:00,727.2786392934939
2008-11-30 00:00:00,750.1855145503506
2008-12-01 00:00:00,762.5858989471304
2008-12-02 00:00:00,791.7044627893631
2008-12-03 00:00:00,851.4246646598449
2008-12-04 00:00:00,911.9151034272317
2008-12-05 00:00:00,973.5618496488364
2008-12-07 00:00:00,1086.5927511657442
2008-12-08 00:00:00,1127.0103446691485
2008-12-09 00:00:00,1168.8638582721762
2008-12-10 00:00:00,1212.1077791366633
2008-12-11 00:00:00,1256.5293202312537
2008-12-12 00:00:00,1301.7491277864053
2008-12-14 00:00:00,1332.4594524064948
2008-12-15 00:00:00,1319.7119943742412
2008-12-16 00:00:00,1277.827635062079
2008-12-17 00:00:00,1214.264165014262
2008-12-18 00:00:00,1152.893062225417
2008-12-19 00:00:00,1094.1844433691572
2008-12-21 00:00:00,1031.7482503573947
2008-12-22 00:00:00,1001.7179656353894
2008-12-23 00:00:00,972.2330061901162
2008-12-24 00:00:00,943.1316903743032
2008-12-25 00:00:00,914.2772259104995
2008-12-26 00:00:00,885.5562097295085
2008-12-28 00:00:00,850.2783103111002
2008-12-29 00:00:00,843.7433735642737
2008-12-30 00:00:00,868.5283410323083
2008-12-31 00:00:00,906.8975908896167
2009-01-01 00:00:00,951.9758959073109
2009-01-02 00:00:00,1016.2146007319805
2009-01-04 00:00:00,1116.248053826579
2009-01-05 00:00:00,1158.2110613841257
2009-01-06 00:00:00,1201.2913616252326
2009-01-07 00:00:00,1245.498440815363
2009-01-08 00:00:00,1290.7213715971052
2009-01-09 00:00:00,1336.709973067589
2009-01-11 00:00:00,1413.3520547604844
2009-01-12 00:00:00,1425.3463111769477
2009-01-13 00:00:00,1390.5782602812392
2009-01-14 00:00:00,1349.0377863596555
2009-01-15 00:00:00,1298.052435898062
2009-01-16 00:00:00,1251.1967177739798
2009-01-18 00:00:00,1177.2997236870606
2009-01-19 00:00:00,1141.8505502622293
2009-01-20 00:00:00,1109.2050588935504
2009-01-21 00:00:00,1076.9925124409433
2009-01-22 00:00:00,1045.0477957139055
2009-01-23 00:00:00,1013.2241828754737
2009-01-25 00:00:00,948.1550167856169
2009-01-26 00:00:00,949.4525671103445
2009-01-27 00:00:00,982.6642288792065
2009-01-28 00:00:00,1023.1196612908659
2009-01-29 00:00:00,1064.3731180064044
2009-01-30 00:00:00,1104.0081384836635
2009-02-01 00:00:00,1174.6539121725107
2009-02-02 00:00:00,1215.1227103132524
2009-02-03 00:00:00,1256.0911080188107
2009-02-04 00:00:00,1297.6054869342338
2009-02-05 00:00:00,1339.6554168070966
2009-02-06 00:00:00,1382.1533560110786
2009-02-08 00:00:00,1461.6465965129955
2009-02-09 00:00:00,1450.9289616427232
2009-02-10 00:00:00,1408.5446683768578
2009-02-11 00:00:00,1366.8475620130691
2009-02-12 00:00:00,1335.6607972211377
2009-02-13 00:00:00,1320.9188413916747
2009-02-15 00:00:00,1247.9351622654294
2009-02-16 00:00:00,1212.9172393904216
2009-02-17 00:00:00,1178.6438712224124
2009-02-18 00:00:00,1145.2369729377992
2009-02-19 00:00:00,1112.85348981987
2009-02-20 00:00:00,1080.5065772803437
2009-02-22 00:00:00,1015.044873494425
2009-02-23 00:00:00,983.6423919481365
2009-02-24 00:00:00,1011.17554646706
2009-02-25 00:00:00,1048.1534617635407
2009-02-26 00:00:00,1086.3549245447596
2009-02-27 00:00:00,1100.5317274438148
2009-03-01 00:00:00,1152.7375235028044
2009-03-02 00:00:00,1192.4973112513405
2009-03-03 00:00:00,1233.9372976503162
2009-03-04 00:00:00,1276.0183458587799
2009-03-05 00:00:00,1318.515198336142
2009-03-06 00:00:00,1361.3666249139915
2009-03-08 00:00:00,1447.7398897963399
2009-03-09 00:00:00,1478.4055823986973
2009-03-10 00:00:00,1469.1763074354294
2009-03-11 00:00:00,1433.9983795422527
2009-03-12 00:00:00,1425.6656630621223
2009-03-13 00:00:00,1413.8408218603647
2009-03-15 00:00:00,1345.4921460203416
2009-03-16 00:00:00,1312.7598113951574
2009-03-17 00:00:00,1280.8417352434446
2009-03-18 00:00:00,1249.5493305608416
2009-03-19 00:00:00,1218.6540350991338
2009-03-20 00:00:00,1184.7326611319797
2009-03-22 00:00:00,1115.0222523224363
2009-03-23 00:00:00,1082.9292015054832
2009-03-24 00:00:00,1070.8907447009808
2009-03-25 00:00:00,1071.5709941146586
2009-03-26 00:00:00,1062.9217094020164
2009-03-27 00:00:00,1070.4289463636537
2009-03-29 00:00:00,1144.582997509443
2009-03-30 01:00:00,1188.8636038673253
2009-03-31 01:00:00,1232.271995214506
2009-04-01 01:00:00,1275.82609040713
2009-04-02 01:00:00,1319.4045421843794
2009-04-03 01:00:00,1362.927220018947
2009-04-05 01:00:00,1449.5678466931975
2009-04-06 01:00:00,1469.073878002118
2009-04-07 01:00:00,1482.7432658954026
2009-04-08 01:00:00,1501.329326943236
2009-04-09 01:00:00,1493.5988339315381
2009-04-10 01:00:00,1480.9484615144445
2009-04-12 01:00:00,1423.7069443733328
2009-04-13 01:00:00,1390.7799082468664
2009-04-14 01:00:00,1358.5329501403664
2009-04-15 01:00:00,1326.8061523445572
2009-04-16 01:00:00,1295.3858574973337
2009-04-17 01:00:00,1264.0189580529718
2009-04-19 01:00:00,1200.3284848515839
2009-04-20 01:00:00,1178.1642862912254
2009-04-21 01:00:00,1168.8560701507583
2009-04-22 01:00:00,1144.0320245597698
2009-04-23 01:00:00,1132.8421062283721
2009-04-24 01:00:00,1148.0426340364947
2009-04-26 01:00:00,1178.4023385122969
2009-04-27 01:00:00,1203.5384107045427
2009-04-28 01:00:00,1245.4551533382103
2009-04-29 01:00:00,1287.1591401530168
2009-04-30 01:00:00,1328.4264684660386
2009-05-01 01:00:00,1369.113355072769
2009-05-03 01:00:00,1441.7285153930277
2009-05-04 01:00:00,1453.2788477393487
2009-05-05 01:00:00,1484.0900652948906
2009-05-06 01:00:00,1515.0936560054129
2009-05-07 01:00:00,1506.4298511224251
2009-05-08 01:00:00,1493.4464190909289
2009-05-10 01:00:00,1467.8245108845153
2009-05-11 01:00:00,1433.331887884981
2009-05-12 01:00:00,1395.8647392459623
2009-05-13 01:00:00,1358.6969768520285
2009-05-14 01:00:00,1321.700353468189
2009-05-15 01:00:00,1284.7046919532143
2009-05-17 01:00:00,1209.8787956956528
2009-05-18 01:00:00,1191.7615691424019
2009-05-19 01:00:00,1170.5214026304725
2009-05-20 01:00:00,1130.1047559245653
2009-05-21 01:00:00,1088.4855930602967
2009-05-22 01:00:00,1079.930402144664
2009-05-24 01:00:00,1102.385361057704
2009-05-25 01:00:00,1142.5135033604577
2009-05-26 01:00:00,1183.0545032706423
2009-05-27 01:00:00,1223.6183063721714
2009-05-28 01:00:00,1263.8618468082368
2009-05-29 01:00:00,1303.5312587065166
2009-05-31 01:00:00,1357.9341361248853
2009-06-01 01:00:00,1381.2021843357486
2009-06-02 01:00:00,1417.8988396983025
2009-06-03 01:00:00,1453.9241414306791
2009-06-04 01:00:00,1482.7620960915528
2009-06-05 01:00:00,1472.786605985703
2009-06-07 01:00:00,1420.5183847217636
2009-06-08 01:00:00,1385.425215549519
2009-06-09 01:00:00,1350.9610091998368
2009-06-10 01:00:00,1317.0347051175613
2009-06-11 01:00:00,1283.5248836209093
2009-06-12 01:00:00,1250.2773266062404
2009-06-14 01:00:00,1194.283585886241
2009-06-15 01:00:00,1184.9079170948432
2009-06-16 01:00:00,1153.1523583299545
2009-06-17 01:00:00,1118.1378925244103
2009-06-18 01:00:00,1082.1083326380704
2009-06-19 01:00:00,1044.9436887753097
2009-06-21 01:00:00,1047.206077039123
2009-06-22 01:00:00,1082.8227406765877
2009-06-23 01:00:00,1126.2130958500104
2009-06-24 01:00:00,1169.8521954695857
2009-06-25 01:00:00,1213.3072408574749
2009-06-26 01:00:00,1256.2049757293812
2009-06-28 01:00:00,1300.102950046477
2009-06-29 01:00:00,1339.9298221322522
2009-06-30 01:00:00,1378.7452684395698
2009-07-01 01:00:00,1416.6371524658953
2009-07-02 01:00:00,1453.7227342057479
2009-07-03 01:00:00,1490.1290809164216
2009-07-05 01:00:00,1480.015749167689
2009-07-06 01:00:00,1470.5658852871204
2009-07-07 01:00:00,1451.2926517632802
2009-07-08 01:00:00,1422.5137650380207
2009-07-09 01:00:00,1393.8625543397307
2009-07-10 01:00:00,1365.207930611047
2009-07-12 01:00:00,1338.0557170575876
2009-07-13 01:00:00,1321.1195724359393
2009-07-14 01:00:00,1291.158519314352
2009-07-15 01:00:00,1260.322020588087
2009-07-16 01:00:00,1228.4314024307023
2009-07-17 01:00:00,1195.3459566986253
2009-07-19 01:00:00,1142.443301253668
2009-07-20 01:00:00,1156.9750935887848
2009-07-21 01:00:00,1175.3241883150633
2009-07-22 01:00:00,1193.750392966722
2009-07-23 01:00:00,1217.4607924590846
2009-07-24 01:00:00,1255.2555310585687
2009-07-26 01:00:00,1298.4213203632607
2009-07-27 01:00:00,1338.9075651108794
2009-07-28 01:00:00,1378.131334556887
2009-07-29 01:00:00,1416.161647215073
2009-07-30 01:00:00,1453.1349419150908
2009-07-31 01:00:00,1486.9706596598028
2009-08-02 01:00:00,1525.6900906736091
2009-08-03 01:00:00,1521.6339844929964
2009-08-04 01:00:00,1508.5579545017347
2009-08-05 01:00:00,1495.5156347440402
2009-08-06 01:00:00,1482.4680732433746
2009-08-07 01:00:00,1475.8253946766847
2009-08-09 01:00:00,1475.609142199454
2009-08-10 01:00:00,1440.8449242637148
2009-08-11 01:00:00,1405.4769185717205
2009-08-12 01:00:00,1369.3998410680206
2009-08-13 01:00:00,1332.5062795454317
2009-08-14 01:00:00,1294.6971334789414
2009-08-16 01:00:00,1216.0831276589652
2009-08-17 01:00:00,1200.481648305352
2009-08-18 01:00:00,1191.3636054719293
2009-08-19 01:00:00,1206.8710834264598
2009-08-20 01:00:00,1222.3533449497772
2009-08-21 01:00:00,1207.8936607128871
2009-08-23 01:00:00,1221.224831730607
2009-08-24 01:00:00,1260.751805008353
2009-08-25 01:00:00,1298.9853815169097
2009-08-26 01:00:00,1335.9314930464716
2009-08-27 01:00:00,1371.696368442465
2009-08-28 01:00:00,1406.4568546949881
2009-08-30 01:00:00,1469.0917262160156
2009-08-31 01:00:00,1479.5879025577628
2009-09-01 01:00:00,1490.0015212996475
2009-09-02 01:00:00,1493.7833907676809
2009-09-03 01:00:00,1489.1128779566664
2009-09-04 01:00:00,1502.2022107671726
2009-09-06 01:00:00,1515.6896597456248
2009-09-07 01:00:00,1490.9234576082058
2009-09-08 01:00:00,1453.0163248995077
2009-09-09 01:00:00,1414.2508545339526
2009-09-10 01:00:00,1374.6049760966137
2009-09-11 01:00:00,1334.0480858761453
2009-09-13 01:00:00,1245.5829378096187
2009-09-14 01:00:00,1209.4022210253597
2009-09-15 01:00:00,1189.8162148249467
2009-09-16 01:00:00,1169.807846049885
2009-09-17 01:00:00,1134.585149188733
2009-09-18 01:00:00,1111.494332280739
2009-09-20 01:00:00,1132.0076054757653
2009-09-21 01:00:00,1166.8801908767666
2009-09-22 01:00:00,1200.6949566066648
2009-09-23 01:00:00,1234.8702361163873
2009-09-24 01:00:00,1268.5846665383838
2009-09-25 01:00:00,1301.2308215161022
2009-09-27 01:00:00,1364.1161975013674
2009-09-28 01:00:00,1384.7081366149614
2009-09-29 01:00:00,1392.5473932935422
2009-09-30 01:00:00,1403.5560174232658
2009-10-01 01:00:00,1435.6985010584804
2009-10-02 01:00:00,1468.2717892246146
2009-10-04 01:00:00,1434.7239432656502
2009-10-05 01:00:00,1394.9148798797373
2009-10-06 01:00:00,1354.6258050383321
2009-10-07 01:00:00,1313.9468775000084
2009-10-08 01:00:00,1272.970810644785
2009-10-09 01:00:00,1233.532974286635
2009-10-11 01:00:00,1155.643239206608
2009-10-12 01:00:00,1116.6376579415387
2009-10-13 01:00:00,1104.359219855389
2009-10-14 01:00:00,1076.71432897349
2009-10-15 01:00:00,1038.8047477460536
2009-10-16 01:00:00,1001.0385955865175
2009-10-18 01:00:00,1027.24114716893
2009-10-19 01:00:00,1066.8034269369068
2009-10-20 01:00:00,1105.5283540995927
2009-10-21 01:00:00,1143.3178037589375
2009-10-22 01:00:00,1180.166424235048
2009-10-23 01:00:00,1216.158909575345
2009-10-25 01:00:00,1286.2751986523986
2009-10-26 00:00:00,1319.6729238851087
2009-10-27 00:00:00,1335.4070559374616
2009-10-28 00:00:00,1365.0546128926555
2009-10-29 00:00:00,1401.331586986048
2009-10-30 00:00:00,1438.3412758365755
2009-11-01 00:00:00,1481.8713795686183
2009-11-02 00:00:00,1479.7073235045282
2009-11-03 00:00:00,1459.325440228165
2009-11-04 00:00:00,1423.4666306359022
2009-11-05 00:00:00,1387.1523457879925
2009-11-06 00:00:00,1350.5973926415868
2009-11-08 00:00:00,1277.4464605610501
2009-11-09 00:00:00,1241.0587260689142
2009-11-10 00:00:00,1219.9208530437568
2009-11-11 00:00:00,1183.3387168852169
2009-11-12 00:00:00,1146.9959176175917
2009-11-13 00:00:00,1114.5112467190436
2009-11-15 00:00:00,1097.2752197946568
2009-11-16 00:00:00,1096.0332210073204
2009-11-17 00:00:00,1111.520648448235
2009-11-18 00:00:00,1139.4129346881714
2009-11-19 00:00:00,1176.4587959379915
2009-11-20 00:00:00,1212.8334188152828
2009-11-22 00:00:00,1284.0478429673935
2009-11-23 00:00:00,1319.2565394883763
2009-11-24 00:00:00,1345.8233289913342
2009-11-25 00:00:00,1381.6798177851533
2009-11-26 00:00:00,1418.0775905347139
2009-11-27 00:00:00,1455.2601966627562
2009-11-29 00:00:00,1489.1179866582088
2009-11-30 00:00:00,1502.7163749983715
2009-12-01 00:00:00,1516.6923858681484
2009-12-02 00:00:00,1518.7329805336453
2009-12-03 00:00:00,1506.9308790117545
2009-12-04 00:00:00,1479.5144617665449
2009-12-06 00:00:00,1403.5757550621447
2009-12-07 00:00:00,1366.2020306211832
2009-12-08 00:00:00,1335.8411036707118
2009-12-09 00:00:00,1299.6449550145715
2009-12-10 00:00:00,1264.1101474533123
2009-12-11 00:00:00,1249.4789906839296
2009-12-13 00:00:00,1233.861141776788
2009-12-14 00:00:00,1226.2791293284217
2009-12-15 00:00:00,1218.8207904427443
2009-12-16 00:00:00,1212.2240821755324
2009-12-17 00:00:00,1227.028118064223
2009-12-18 00:00:00,1241.53905156384
2009-12-20 00:00:00,1305.8451121241146
2009-12-21 00:00:00,1341.4863686181723
2009-12-22 00:00:00,1367.6373554179688
2009-12-23 00:00:00,1403.006956064228
2009-12-24 00:00:00,1438.733673346414
2009-12-25 00:00:00,1470.300249985424
2009-12-27 00:00:00,1494.169360330312
2009-12-28 00:00:00,1506.4563662013888
2009-12-29 00:00:00,1518.9960547446365
2009-12-30 00:00:00,1531.7621774445474
2009-12-31 00:00:00,1544.6931670514614
2010-01-01 00:00:00,1546.366397471025
2010-01-03 00:00:00,1463.8712856100651
2010-01-04 00:00:00,1434.6616924808075
2010-01-05 00:00:00,1389.579406471223
2010-01-06 00:00:00,1348.4632956404494
2010-01-07 00:00:00,1322.9545336220015
2010-01-08 00:00:00,1313.3715646106054
2010-01-10 00:00:00,1295.6693219115646
2010-01-11 00:00:00,1287.5079759911137
2010-01-12 00:00:00,1279.7615723897532
2010-01-13 00:00:00,1272.3909632066425
2010-01-14 00:00:00,1272.434070851782
2010-01-15 00:00:00,1289.9799880275496
2010-01-17 00:00:00,1358.013546309204
2010-01-18 00:00:00,1371.9318284846404
2010-01-19 00:00:00,1402.9451071452204
2010-01-20 00:00:00,1440.3081103451227
2010-01-21 00:00:00,1477.998215263784
2010-01-22 00:00:00,1494.968640809218
2010-01-24 00:00:00,1522.69686721776
2010-01-25 00:00:00,1537.0134329723157
2010-01-26 00:00:00,1551.6986127488267
2010-01-27 00:00:00,1566.770850477268
2010-01-28 00:00:00,1579.6297835138976
2010-01-29 00:00:00,1578.1449829455187
2010-01-31 00:00:00,1559.79853185704
2010-02-01 00:00:00,1540.7763923965667
2010-02-02 00:00:00,1499.7514958039892
2010-02-03 00:00:00,1463.4148279508975
2010-02-04 00:00:00,1453.0552067394137
2010-02-05 00:00:00,1443.1789196216412
2010-02-07 00:00:00,1424.7676813886926
2010-02-08 00:00:00,1416.11719781873
2010-02-09 00:00:00,1407.7415936886077
2010-02-10 00:00:00,1399.568612803851
2010-02-11 00:00:00,1391.531807700332
2010-02-12 00:00:00,1383.5732564168623
2010-02-14 00:00:00,1363.6340980838952
2010-02-15 00:00:00,1351.2324933080279
2010-02-16 00:00:00,1379.4322529921817
2010-02-17 00:00:00,1409.4581600794738
2010-02-18 00:00:00,1424.8270293321518
2010-02-19 00:00:00,1432.8820544975374
2010-02-21 00:00:00,1449.6395886206103
2010-02-22 00:00:00,1458.4375422976855
2010-02-23 00:00:00,1467.5773548178697
2010-02-24 00:00:00,1477.0931255738649
2010-02-25 00:00:00,1486.9954313586513
2010-02-26 00:00:00,1497.2588344925684
2010-02-28 00:00:00,1571.1917176838033
2010-03-01 00:00:00,1576.1078348474657
2010-03-02 00:00:00,1547.8005783601466
2010-03-03 00:00:00,1529.1047986159883
2010-03-04 00:00:00,1517.152639632315
2010-03-05 00:00:00,1505.6751073627058
2010-03-07 00:00:00,1484.1344370923805
2010-03-08 00:00:00,1473.970749752378
2010-03-09 00:00:00,1467.0933212137188
2010-03-10 00:00:00,1458.935033059302
2010-03-11 00:00:00,1450.0529227445998
2010-03-12 00:00:00,1423.9124264462314
2010-03-14 00:00:00,1359.1074690455212
2010-03-15 00:00:00,1329.0773184313568
2010-03-16 00:00:00,1319.728005504655
2010-03-17 00:00:00,1316.2416537871736
2010-03-18 00:00:00,1319.2299713547677
2010-03-19 00:00:00,1325.789821009087
2010-03-21 00:00:00,1335.7863727110544
2010-03-22 00:00:00,1341.1587332885201
2010-03-23 00:00:00,1346.834590977384
2010-03-24 00:00:00,1352.8576618997288
2010-03-25 00:00:00,1359.2639417570226
2010-03-26 00:00:00,1379.8949738871534
2010-03-28 00:00:00,1452.8111656943302
2010-03-29 01:00:00,1477.573723618611
2010-03-30 01:00:00,1500.9374254432612
2010-03-31 01:00:00,1538.303330644836
2010-04-01 01:00:00,1541.5278840501967
2010-04-02 01:00:00,1527.1760824939618
2010-04-04 01:00:00,1500.1039822623793
2010-04-05 01:00:00,1487.3327978874227
2010-04-06 01:00:00,1474.9867886333577
2010-04-07 01:00:00,1462.981918523796
2010-04-08 01:00:00,1447.9321415522916
2010-04-09 01:00:00,1413.332104471334
2010-04-11 01:00:00,1344.0860188950755
2010-04-12 01:00:00,1317.0562677058238
2010-04-13 01:00:00,1292.898773386808
2010-04-14 01:00:00,1256.3759772952371
2010-04-15 01:00:00,1219.342458423177
2010-04-16 01:00:00,1184.9359241526645
2010-04-18 01:00:00,1198.7186842227838
2010-04-19 01:00:00,1211.2330886800141
2010-04-20 01:00:00,1224.2437513114414
2010-04-21 01:00:00,1237.7418391528624
2010-04-22 01:00:00,1251.715293246108
2010-04-23 01:00:00,1285.9051572769545
2010-04-25 01:00:00,1372.0876504944251
2010-04-26 01:00:00,1403.6975582813332
2010-04-27 01:00:00,1447.8959216881706
2010-04-28 01:00:00,1491.709474646345
2010-04-29 01:00:00,1519.811793759984
2010-04-30 01:00:00,1533.1264064914797
2010-05-02 01:00:00,1524.0932735718736
2010-05-03 01:00:00,1513.4977785576345
2010-05-04 01:00:00,1503.1787171174285
2010-05-05 01:00:00,1493.0538964693712
2010-05-06 01:00:00,1483.0314448169786
2010-05-07 01:00:00,1450.8267297626383
2010-05-09 01:00:00,1384.632344497115
2010-05-10 01:00:00,1356.0543361350133
2010-05-11 01:00:00,1321.0092828532343
2010-05-12 01:00:00,1285.1188923775737
2010-05-13 01:00:00,1262.615006776756
2010-05-14 01:00:00,1251.0164727703013
2010-05-16 01:00:00,1226.4733474946365
2010-05-17 01:00:00,1228.4622444424401
2010-05-18 01:00:00,1240.747415191395
2010-05-19 01:00:00,1252.9524913145112
2010-05-20 01:00:00,1265.0560646827057
2010-05-21 01:00:00,1294.5649665763929
2010-05-23 01:00:00,1372.9712495277274
2010-05-24 01:00:00,1411.846865509008
2010-05-25 01:00:00,1450.1878484098022
2010-05-26 01:00:00,1486.0712299012148
2010-05-27 01:00:00,1497.5618424525635
2010-05-28 01:00:00,1508.7421315707732
2010-05-30 01:00:00,1530.0811593537446
2010-05-31 01:00:00,1534.1987439627405
2010-06-01 01:00:00,1521.977503194944
2010-06-02 01:00:00,1509.9248935330552
2010-06-03 01:00:00,1497.9747950738483
2010-06-04 01:00:00,1474.4479154651535
2010-06-06 01:00:00,1404.6460566904836
2010-06-07 01:00:00,1364.8098468091919
2010-06-08 01:00:00,1328.2650465251163
2010-06-09 01:00:00,1290.8035177097825
2010-06-10 01:00:00,1252.3218373206046
2010-06-11 01:00:00,1213.0302117664187
2010-06-13 01:00:00,1179.3403864542659
2010-06-14 01:00:00,1161.965640569248
2010-06-15 01:00:00,1144.334222834548
2010-06-16 01:00:00,1146.9277117185281
2010-06-17 01:00:00,1155.5761695237686
2010-06-18 01:00:00,1174.5626352760069
2010-06-20 01:00:00,1252.4617367635592
2010-06-21 01:00:00,1287.1879737006623
2010-06-22 01:00:00,1321.2274544475085
2010-06-23 01:00:00,1354.5424192315356
2010-06-24 01:00:00,1387.1110907789575
2010-06-25 01:00:00,1418.9279299828254
2010-06-27 01:00:00,1463.1339938827991
2010-06-28 01:00:00,1472.584688011393
2010-06-29 01:00:00,1481.86547188451
2010-06-30 01:00:00,1490.1264057836659
2010-07-01 01:00:00,1477.7219206469588
2010-07-02 01:00:00,1465.3932261933537
2010-07-04 01:00:00,1389.8297287786434
2010-07-05 01:00:00,1354.2477185179905
2010-07-06 01:00:00,1318.0031849795246
2010-07-07 01:00:00,1280.8950639165396
2010-07-08 01:00:00,1242.7590437360088
2010-07-09 01:00:00,1203.4897659968221
2010-07-11 01:00:00,1121.5568741284858
2010-07-12 01:00:00,1079.1539622030689
2010-07-13 01:00:00,1037.3176569201055
2010-07-14 01:00:00,1020.0926303417996
2010-07-15 01:00:00,1005.9630694103148
2010-07-16 01:00:00,1016.2857253351267
2010-07-18 01:00:00,1097.9995683097268
2010-07-19 01:00:00,1134.2748930333391
2010-07-20 01:00:00,1169.7005394720238
2010-07-21 01:00:00,1204.3244131958957
2010-07-22 01:00:00,1238.22824817609
2010-07-23 01:00:00,1271.5082207441762
2010-07-25 01:00:00,1336.5826394844353
2010-07-26 01:00:00,1368.5577868755695
2010-07-27 01:00:00,1400.2736286759648
2010-07-28 01:00:00,1431.8209175203062
2010-07-29 01:00:00,1448.3232746061776
2010-07-30 01:00:00,1458.744568177419
2010-08-01 01:00:00,1406.7974972612337
2010-08-02 01:00:00,1373.873429908386
2010-08-03 01:00:00,1340.3829760843219
2010-08-04 01:00:00,1306.1154907206583
2010-08-05 01:00:00,1269.725777706404
2010-08-06 01:00:00,1232.0127868867426
2010-08-08 01:00:00,1152.7986172973176
2010-08-09 01:00:00,1111.9935576711473
2010-08-10 01:00:00,1071.4497369121332
2010-08-11 01:00:00,1028.3906997403856
2010-08-12 01:00:00,985.3276397883299
2010-08-13 01:00:00,971.1550536266714
2010-08-15 01:00:00,1028.7758842366945
2010-08-16 01:00:00,1068.685067180053
2010-08-17 01:00:00,1107.4859625622341
2010-08-18 01:00:00,1145.0779764254294
2010-08-19 01:00:00,1181.9129498010711
2010-08-20 01:00:00,1218.1848768395284
2010-08-22 01:00:00,1290.5659808623047
2010-08-23 01:00:00,1326.8283706523107
2010-08-24 01:00:00,1363.1450565663392
2010-08-25 01:00:00,1399.6111426049815
2010-08-26 01:00:00,1436.1461139670953
2010-08-27 01:00:00,1448.2252031697083
2010-08-29 01:00:00,1463.0797805238267
2010-08-30 01:00:00,1430.5259721165276
2010-08-31 01:00:00,1397.488417067463
2010-09-01 01:00:00,1363.7686715368625
2010-09-02 01:00:00,1329.151593861887
2010-09-03 01:00:00,1293.424636534939
2010-09-05 01:00:00,1217.9903609995652
2010-09-06 01:00:00,1178.1802743855646
2010-09-07 01:00:00,1137.137207470945
2010-09-08 01:00:00,1098.9345925967993
2010-09-09 01:00:00,1088.2420996912876
2010-09-10 01:00:00,1066.63351590625
2010-09-12 01:00:00,1077.0522115100134
2010-09-13 01:00:00,1118.6838153323865
2010-09-14 01:00:00,1158.4079298960812
2010-09-15 01:00:00,1196.309451037448
2010-09-16 01:00:00,1232.5714995243807
2010-09-17 01:00:00,1267.4303267807295
2010-09-19 01:00:00,1333.9438283156392
2010-09-20 01:00:00,1366.0645166187471
2010-09-21 01:00:00,1397.6892873408442
2010-09-22 01:00:00,1422.278855230211
2010-09-23 01:00:00,1432.00358846386
2010-09-24 01:00:00,1459.3602217739278
2010-09-26 01:00:00,1479.646146084162
2010-09-27 01:00:00,1466.8435495495787
2010-09-28 01:00:00,1429.418742467976
2010-09-29 01:00:00,1391.3111316263216
2010-09-30 01:00:00,1352.3770991113006
2010-10-01 01:00:00,1312.4571319257175
2010-10-03 01:00:00,1224.8835369604108
2010-10-04 01:00:00,1177.6327263608246
2010-10-05 01:00:00,1130.1203052523297
2010-10-06 01:00:00,1081.7299455784714
2010-10-07 01:00:00,1020.4327838912421
2010-10-08 01:00:00,978.7500023578682
2010-10-10 01:00:00,946.6771749583322
2010-10-11 01:00:00,983.1340704918152
2010-10-12 01:00:00,1018.4710717876645
2010-10-13 01:00:00,1052.5258283599771
2010-10-14 01:00:00,1085.4435922276566
2010-10-15 01:00:00,1117.4413959686963
2010-10-17 01:00:00,1179.684777198784
2010-10-18 01:00:00,1210.4238841886208
2010-10-19 01:00:00,1241.1947597041267
2010-10-20 01:00:00,1272.1651092008944
2010-10-21 01:00:00,1324.4727902371308
2010-10-22 01:00:00,1366.24604472102
2010-10-24 01:00:00,1410.1650801124702
2010-10-25 01:00:00,1395.5266638840262
2010-10-26 01:00:00,1364.6928363601742
2010-10-27 01:00:00,1329.832818844616
2010-10-28 01:00:00,1294.4426806460963
2010-10-29 01:00:00,1258.4358789734465
2010-10-31 01:00:00,1184.20337854054
2010-11-01 00:00:00,1147.7381807596805
2010-11-02 00:00:00,1108.6156360279053
2010-11-03 00:00:00,1064.2966489912274
2010-11-04 00:00:00,994.6242493360463
2010-11-05 00:00:00,952.0119940775455
2010-11-07 00:00:00,919.9735083431856
2010-11-08 00:00:00,931.7231605802124
2010-11-09 00:00:00,972.385090029328
2010-11-10 00:00:00,1011.7533663967652
2010-11-11 00:00:00,1049.8857447287146
2010-11-12 00:00:00,1086.9291215069277
2010-11-14 00:00:00,1158.6060082982967
2010-11-15 00:00:00,1193.7256702840257
2010-11-16 00:00:00,1228.68812719478
2010-11-17 00:00:00,1278.6894041461874
2010-11-18 00:00:00,1338.1754761786608
2010-11-19 00:00:00,1374.4955356150492
2010-11-21 00:00:00,1402.4862243186774
2010-11-22 00:00:00,1415.6142832536837
2010-11-23 00:00:00,1428.8968955533549
2010-11-24 00:00:00,1405.7737250305145
2010-11-25 00:00:00,1369.7627372265038
2010-11-26 00:00:00,1333.1791072347328
2010-11-28 00:00:00,1258.3623757306807
2010-11-29 00:00:00,1220.1585321040395
2010-11-30 00:00:00,1181.4674165908161
2010-12-01 00:00:00,1116.851374444962
2010-12-02 00:00:00,1061.2433251267605
2010-12-03 00:00:00,1028.8357196140892
2010-12-05 00:00:00,1003.9580183797038
2010-12-06 00:00:00,991.3322677466164
2010-12-07 00:00:00,980.2029763173734
2010-12-08 00:00:00,1007.5158610416308
2010-12-09 00:00:00,1043.5248224669685
2010-12-10 00:00:00,1078.481972367722
2010-12-12 00:00:00,1145.7814233629513
2010-12-13 00:00:00,1178.5026307768467
2010-12-14 00:00:00,1215.1969707371943
2010-12-15 00:00:00,1273.881919398095
2010-12-16 00:00:00,1323.6352212286884
2010-12-17 00:00:00,1360.1460045377873
2010-12-19 00:00:00,1402.673779349438
2010-12-20 00:00:00,1417.2264516072846
2010-12-21 00:00:00,1432.0797106479974
2010-12-22 00:00:00,1420.4953329734183
2010-12-23 00:00:00,1383.0002733543436
2010-12-24 00:00:00,1341.2235110537108
2010-12-26 00:00:00,1257.4021266540765
2010-12-27 00:00:00,1215.7438121242212
2010-12-28 00:00:00,1159.6122093459494
2010-12-29 00:00:00,1092.9197093952175
2010-12-30 00:00:00,1052.803832327393
2010-12-31 00:00:00,1013.2922416370716
2011-01-02 00:00:00,971.6951054614163
2011-01-03 00:00:00,968.597370754127
2011-01-04 00:00:00,980.9689078309277
2011-01-05 00:00:00,993.0227391191826
2011-01-06 00:00:00,1028.1455485762344
2011-01-07 00:00:00,1062.8299353597397
2011-01-09 00:00:00,1130.4327674365638
2011-01-10 00:00:00,1163.625235092901
2011-01-11 00:00:00,1209.5584667766555
2011-01-12 00:00:00,1266.223541292678
2011-01-13 00:00:00,1300.57642989062
2011-01-14 00:00:00,1334.1963973931313
2011-01-16 00:00:00,1403.8865845012194
2011-01-17 00:00:00,1421.4673477537208
2011-01-18 00:00:00,1433.9676260756914
2011-01-19 00:00:00,1426.949496737739
2011-01-20 00:00:00,1414.1443888194403
2011-01-21 00:00:00,1377.451911669992
2011-01-23 00:00:00,1295.4348996264318
2011-01-24 00:00:00,1254.7729463231612
2011-01-25 00:00:00,1187.0325083405432
2011-01-26 00:00:00,1142.2913441292485
2011-01-27 00:00:00,1104.3467397850711
2011-01-28 00:00:00,1067.3032821251704
2011-01-30 00:00:00,995.6620186676691
2011-01-31 00:00:00,980.5752162613642
2011-02-01 00:00:00,969.4516036569515
2011-02-02 00:00:00,964.8297675497497
2011-02-03 00:00:00,975.6665044754479
2011-02-04 00:00:00,1005.8754087733557
2011-02-06 00:00:00,1071.8850868554273
2011-02-07 00:00:00,1104.5262307462285
2011-02-08 00:00:00,1155.9027469993207
2011-02-09 00:00:00,1197.0547604673516
2011-02-10 00:00:00,1229.4738700393425
2011-02-11 00:00:00,1262.3761347363643
2011-02-13 00:00:00,1330.6012501783919
2011-02-14 00:00:00,1366.386953049026
2011-02-15 00:00:00,1403.5224415746034
2011-02-16 00:00:00,1419.894780044473
2011-02-17 00:00:00,1433.075168330235
2011-02-18 00:00:00,1444.989430990581
2011-02-20 00:00:00,1365.707257107891
2011-02-21 00:00:00,1317.6405014199856
2011-02-22 00:00:00,1264.9301274024594
2011-02-23 00:00:00,1228.0124126663259
2011-02-24 00:00:00,1192.4089108044443
2011-02-25 00:00:00,1158.1252514880248
2011-02-27 00:00:00,1093.0509841079077
2011-02-28 00:00:00,1061.9116966288693
2011-03-01 00:00:00,1031.461909244522
2011-03-02 00:00:00,1020.7735142980124
2011-03-03 00:00:00,1013.0988291920493
2011-03-04 00:00:00,1005.5429573295024
2011-03-06 00:00:00,1037.4385184139908
2011-03-07 00:00:00,1072.4446498722723
2011-03-08 00:00:00,1119.696771506113
2011-03-09 00:00:00,1153.873881907758
2011-03-10 00:00:00,1188.2872773185802
2011-03-11 00:00:00,1223.1096275878201
2011-03-13 00:00:00,1294.8261791309199
2011-03-14 00:00:00,1332.178820248421
2011-03-15 00:00:00,1370.806883751922
2011-03-16 00:00:00,1410.8421124077754
2011-03-17 00:00:00,1454.8420281110277
2011-03-18 00:00:00,1474.0490807720082
2011-03-20 00:00:00,1480.1748871377783
2011-03-21 00:00:00,1461.0093702601928
2011-03-22 00:00:00,1420.6109422123434
2011-03-23 00:00:00,1380.0475940649835
2011-03-24 00:00:00,1340.5379525843198
2011-03-25 00:00:00,1302.1499125446219
2011-03-27 00:00:00,1228.3273876667788
2011-03-28 01:00:00,1190.7509131398951
2011-03-29 01:00:00,1155.2529780748766
2011-03-30 01:00:00,1119.4209336770873
2011-03-31 01:00:00,1083.6010883371514
2011-04-01 01:00:00,1062.5741535133689
2011-04-03 01:00:00,1044.747728523219
2011-04-04 01:00:00,1047.364689077743
2011-04-05 01:00:00,1068.506258371556
2011-04-06 01:00:00,1099.104190975056
2011-04-07 01:00:00,1129.9402474046058
2011-04-08 01:00:00,1161.1529151827206
2011-04-10 01:00:00,1225.418778609647
2011-04-11 01:00:00,1258.8850415962702
2011-04-12 01:00:00,1293.5179002783373
2011-04-13 01:00:00,1331.23294746388
2011-04-14 01:00:00,1370.514754395753
2011-04-15 01:00:00,1411.050637852272
2011-04-17 01:00:00,1462.0736116425223
2011-04-18 01:00:00,1435.1162212127936
2011-04-19 01:00:00,1388.9492926951536
2011-04-20 01:00:00,1343.6942616707174
2011-04-21 01:00:00,1300.916068608251
2011-04-22 01:00:00,1259.5110356743871
2011-04-24 01:00:00,1180.7325292323187
2011-04-25 01:00:00,1143.0536193527298
2011-04-26 01:00:00,1106.2205603123025
2011-04-27 01:00:00,1069.9937686677927
2011-04-28 01:00:00,1034.1448571659585
2011-04-29 01:00:00,998.4692098255088
2011-05-01 01:00:00,927.6920065195479
2011-05-02 01:00:00,929.0238232605409
2011-05-03 01:00:00,957.0805843194845
2011-05-04 01:00:00,985.3152230894882
2011-05-05 01:00:00,1013.8074275982175
2011-05-06 01:00:00,1042.6415676607921
2011-05-08 01:00:00,1101.7360283330272
2011-05-09 01:00:00,1132.2291228207243
2011-05-10 01:00:00,1163.630621396393
2011-05-11 01:00:00,1196.0157329047006
2011-05-12 01:00:00,1230.4814317154528
2011-05-13 01:00:00,1268.4024574837006
2011-05-15 01:00:00,1364.353010914026
2011-05-16 01:00:00,1391.0426600153514
2011-05-17 01:00:00,1347.829816692721
2011-05-18 01:00:00,1305.4288761540065
2011-05-19 01:00:00,1264.0775879726814
2011-05-20 01:00:00,1223.9946571599487
2011-05-22 01:00:00,1149.4685295184852
2011-05-23 01:00:00,1114.9749514265818
2011-05-24 01:00:00,1082.2359480000964
2011-05-25 01:00:00,1050.6689529423818
2011-05-26 01:00:00,1019.7494678388487
2011-05-27 01:00:00,989.2450154322291
2011-05-29 01:00:00,901.5959727160118
2011-05-30 01:00:00,861.6682674324953
2011-05-31 01:00:00,837.3201501886571
2011-06-01 01:00:00,858.2884961016567
2011-06-02 01:00:00,893.0873334924685
2011-06-03 01:00:00,928.6087081588023
2011-06-05 01:00:00,1001.9379163956268
2011-06-06 01:00:00,1039.7708612012302
2011-06-07 01:00:00,1078.3792885132643
2011-06-08 01:00:00,1117.740366262979
2011-06-09 01:00:00,1157.8047446882204
2011-06-10 01:00:00,1198.4847760499192
2011-06-12 01:00:00,1320.3360671548523
2011-06-13 01:00:00,1365.0994536326054
2011-06-14 01:00:00,1398.4097130464554
2011-06-15 01:00:00,1398.8698100408867
2011-06-16 01:00:00,1386.9332662089314
2011-06-17 01:00:00,1353.9667449758672
2011-06-19 01:00:00,1287.4384568026744
2011-06-20 01:00:00,1255.6616163179406
2011-06-21 01:00:00,1224.7372583066644
2011-06-22 01:00:00,1194.4929537589358
2011-06-23 01:00:00,1164.7201940521331
2011-06-24 01:00:00,1135.188991527704
2011-06-26 01:00:00,1032.4719091467955
2011-06-27 01:00:00,998.3671335676986
2011-06-28 01:00:00,967.2080761079445
2011-06-29 01:00:00,941.6073900628903
2011-06-30 01:00:00,932.6565560824671
2011-07-01 01:00:00,939.9508331069071
2011-07-03 01:00:00,968.938523031672
2011-07-04 01:00:00,1008.0996220883451
2011-07-05 01:00:00,1047.871169002939
2011-07-06 01:00:00,1088.0869913412591
2011-07-07 01:00:00,1128.5746987289242
2011-07-08 01:00:00,1171.3142444797577
2011-07-10 01:00:00,1300.6770925823566
2011-07-11 01:00:00,1340.9535274901286
2011-07-12 01:00:00,1380.8077258441308
2011-07-13 01:00:00,1405.6265503431096
2011-07-14 01:00:00,1418.3548725698854
2011-07-15 01:00:00,1417.8747165515879
2011-07-17 01:00:00,1394.722130878476
2011-07-18 01:00:00,1370.276931095467
2011-07-19 01:00:00,1336.6772552980017
2011-07-20 01:00:00,1303.6207832792445
2011-07-21 01:00:00,1270.9491573434595
2011-07-22 01:00:00,1228.5125731435373
2011-07-24 01:00:00,1120.412194478582
2011-07-25 01:00:00,1086.9450136566563
2011-07-26 01:00:00,1052.6818631147808
2011-07-27 01:00:00,1017.3921371793397
2011-07-28 01:00:00,988.8508520097529
2011-07-29 01:00:00,976.0396904240853
2011-07-31 01:00:00,963.588924497957
2011-08-01 01:00:00,975.1613147394547
2011-08-02 01:00:00,1002.8452851860362
2011-08-03 01:00:00,1043.3928208303305
2011-08-04 01:00:00,1083.8912083568807
2011-08-05 01:00:00,1144.5580152939385
2011-08-07 01:00:00,1255.925213443318
2011-08-08 01:00:00,1294.1433122859903
2011-08-09 01:00:00,1331.6252685546403
2011-08-10 01:00:00,1368.3880705524155
2011-08-11 01:00:00,1382.9724383220089
2011-08-12 01:00:00,1393.5377586505167
2011-08-14 01:00:00,1405.6160638424972
2011-08-15 01:00:00,1370.352544418793
2011-08-16 01:00:00,1331.857915745502
2011-08-17 01:00:00,1294.2329745260613
2011-08-18 01:00:00,1260.9098562113536
2011-08-19 01:00:00,1206.0477785209494
2011-08-21 01:00:00,1109.9770114739333
2011-08-22 01:00:00,1076.9693572874257
2011-08-23 01:00:00,1043.4384284156301
2011-08-24 01:00:00,1009.1327376906723
2011-08-25 01:00:00,973.8247952193045
2011-08-26 01:00:00,949.6027989630168
2011-08-28 01:00:00,926.5443482895776
2011-08-29 01:00:00,943.189390234998
2011-08-30 01:00:00,976.6702218246884
2011-08-31 01:00:00,1021.0170841098302
2011-09-01 01:00:00,1071.5337131228405
2011-09-02 01:00:00,1144.5012063742536
2011-09-04 01:00:00,1242.61987832899
2011-09-05 01:00:00,1282.8584128375785
2011-09-06 01:00:00,1322.029825229796
2011-09-07 01:00:00,1360.2345382792373
2011-09-08 01:00:00,1392.6683295903365
2011-09-09 01:00:00,1404.985977459694
2011-09-11 01:00:00,1427.9026131631313
2011-09-12 01:00:00,1418.4296745658962
2011-09-13 01:00:00,1408.6102244639696
2011-09-14 01:00:00,1378.082941209486
2011-09-15 01:00:00,1338.3193568387849
2011-09-16 01:00:00,1285.0573068523263
2011-09-18 01:00:00,1212.8865814779929
2011-09-19 01:00:00,1183.0186742714081
2011-09-20 01:00:00,1152.5888596523766
2011-09-21 01:00:00,1121.3284898426589
2011-09-22 01:00:00,1088.9741580290422
2011-09-23 01:00:00,1055.2976380173338
2011-09-25 01:00:00,1030.6056338862454
2011-09-26 01:00:00,1020.7024102601555
2011-09-27 01:00:00,1010.450058244834
2011-09-28 01:00:00,1016.3780767283042
2011-09-29 01:00:00,1070.883085291496
2011-09-30 01:00:00,1137.7104031709907
2011-10-02 01:00:00,1226.5323088833748
2011-10-03 01:00:00,1269.1372717789952
2011-10-04 01:00:00,1310.5284959953983
2011-10-05 01:00:00,1350.8183097861895
2011-10-06 01:00:00,1390.1632118633058
2011-10-07 01:00:00,1414.8549709847925
2011-10-09 01:00:00,1449.5189010940894
2011-10-10 01:00:00,1466.622011803287
2011-10-11 01:00:00,1483.6137777891684
2011-10-12 01:00:00,1500.5192067532316
2011-10-13 01:00:00,1495.0347621050585
2011-10-14 01:00:00,1465.4379582832487
2011-10-16 01:00:00,1413.7183196185365
2011-10-17 01:00:00,1386.1296319904407
2011-10-18 01:00:00,1357.1240535259108
2011-10-19 01:00:00,1324.8986426762008
2011-10-20 01:00:00,1291.698850320544
2011-10-21 01:00:00,1257.3066205793114
2011-10-23 01:00:00,1216.1271079165222
2011-10-24 01:00:00,1205.4314113180903
2011-10-25 01:00:00,1194.3367450834342
2011-10-26 01:00:00,1182.9678979575644
2011-10-27 01:00:00,1199.025495521471
2011-10-28 01:00:00,1187.1082742155747
2011-10-30 01:00:00,1264.0821357687614
2011-10-31 00:00:00,1303.0728157002814
2011-11-01 00:00:00,1342.2894872583852
2011-11-02 00:00:00,1380.2112634117652
2011-11-03 00:00:00,1416.9814270031495
2011-11-04 00:00:00,1452.27733534045
2011-11-06 00:00:00,1475.0209985524907
2011-11-07 00:00:00,1486.1945219400848
2011-11-08 00:00:00,1497.3100094106146
2011-11-09 00:00:00,1501.5753361104296
2011-11-10 00:00:00,1499.0390978009268
2011-11-11 00:00:00,1510.717391879661
2011-11-13 00:00:00,1528.7466194593733
2011-11-14 00:00:00,1496.8383936534328
2011-11-15 00:00:00,1464.3881052424501
2011-11-16 00:00:00,1431.2493955286739
2011-11-17 00:00:00,1397.2625958923345
2011-11-18 00:00:00,1362.2664402007233
2011-11-20 00:00:00,1309.0980643905305
2011-11-21 00:00:00,1297.915825922979
2011-11-22 00:00:00,1286.2677343985458
2011-11-23 00:00:00,1280.77041433103
2011-11-24 00:00:00,1276.0060146502765
2011-11-25 00:00:00,1263.070144205644
2011-11-27 00:00:00,1253.8340151750206
2011-11-28 00:00:00,1291.349334576288
2011-11-29 00:00:00,1333.398462305402
2011-11-30 00:00:00,1374.321723491548
2011-12-01 00:00:00,1414.168448239101
2011-12-02 00:00:00,1453.0602897943775
2011-12-04 00:00:00,1490.950985055402
2011-12-05 00:00:00,1504.9387729801356
2011-12-06 00:00:00,1518.8212924141503
2011-12-07 00:00:00,1523.265572901069
2011-12-08 00:00:00,1537.3093417703628
2011-12-09 00:00:00,1551.2934158411178
2011-12-11 00:00:00,1541.7359314023524
2011-12-12 00:00:00,1529.8253359827584
2011-12-13 00:00:00,1517.909549507188
2011-12-14 00:00:00,1486.6535353213978
2011-12-15 00:00:00,1451.0205931496898
2011-12-16 00:00:00,1414.8548265919821
2011-12-18 00:00:00,1358.7169810877115
2011-12-19 00:00:00,1348.108012673237
2011-12-20 00:00:00,1337.391143653781
2011-12-21 00:00:00,1332.373557746739
2011-12-22 00:00:00,1321.3553330009497
2011-12-23 00:00:00,1310.3864202456396
2011-12-26 00:00:00,1353.872497224472
2011-12-27 00:00:00,1369.277317414122
2011-12-28 00:00:00,1400.7417699872917
2011-12-29 00:00:00,1439.0279635103775
2011-12-30 00:00:00,1476.2232066223596
2012-01-01 00:00:00,1513.4085742743612
2012-01-02 00:00:00,1524.9659567888323
2012-01-03 00:00:00,1532.299986195888
2012-01-04 00:00:00,1543.808497918649
2012-01-05 00:00:00,1555.3758922389063
2012-01-06 00:00:00,1567.073123413242
2012-01-08 00:00:00,1586.615794963671
2012-01-09 00:00:00,1576.3484291134353
2012-01-10 00:00:00,1565.8293117658209
2012-01-11 00:00:00,1555.0720239146394
2012-01-12 00:00:00,1544.1048311347022
2012-01-13 00:00:00,1513.6742942483052
2012-01-15 00:00:00,1466.9908562869618
2012-01-16 00:00:00,1457.784164827407
2012-01-17 00:00:00,1452.7549636986796
2012-01-18 00:00:00,1443.6065211847895
2012-01-19 00:00:00,1434.4918635770491
2012-01-20 00:00:00,1425.4418105675816
2012-01-22 00:00:00,1407.714964967171
2012-01-23 00:00:00,1410.8289643455607
2012-01-24 00:00:00,1426.439737440917
2012-01-25 00:00:00,1441.801110475331
2012-01-26 00:00:00,1456.8852411772295
2012-01-27 00:00:00,1482.0212755253617
2012-01-29 00:00:00,1510.7871117149436
2012-01-30 00:00:00,1522.4394224530406
2012-01-31 00:00:00,1527.8589668682046
2012-02-01 00:00:00,1539.2083186626496
2012-02-02 00:00:00,1550.584135058972
2012-02-03 00:00:00,1559.5518878655
2012-02-05 00:00:00,1578.2181197465268
2012-02-06 00:00:00,1588.0218122543602
2012-02-07 00:00:00,1598.164637194574
2012-02-08 00:00:00,1607.1945153777297
2012-02-09 00:00:00,1593.439025993625
2012-02-10 00:00:00,1579.4731615956578
2012-02-12 00:00:00,1578.5740968615921
2012-02-13 00:00:00,1570.4294652293563
2012-02-14 00:00:00,1566.087418291646
2012-02-15 00:00:00,1555.4622675383744
2012-02-16 00:00:00,1544.9993901173393
2012-02-17 00:00:00,1534.6968598935443
2012-02-19 00:00:00,1514.566987056353
2012-02-20 00:00:00,1504.75288504837
2012-02-21 00:00:00,1495.126508392472
2012-02-22 00:00:00,1485.706127144207
2012-02-23 00:00:00,1476.5044638814836
2012-02-24 00:00:00,1462.9846265078068
2012-02-26 00:00:00,1433.420302388227
2012-02-27 00:00:00,1427.038759551605
2012-02-28 00:00:00,1428.0740283655573
2012-02-29 00:00:00,1432.7205194733724
2012-03-01 00:00:00,1437.6594241603407
2012-03-02 00:00:00,1443.0162254698014
2012-03-04 00:00:00,1455.471887453416
2012-03-05 00:00:00,1461.5470566590323
2012-03-06 00:00:00,1467.3738888107582
2012-03-07 00:00:00,1474.0399534798596
2012-03-08 00:00:00,1482.1342078965927
2012-03-09 00:00:00,1520.436273854694
2012-03-11 00:00:00,1559.4811738320436
2012-03-12 00:00:00,1582.8383661948976
2012-03-13 00:00:00,1567.0569123211328
2012-03-14 00:00:00,1551.6959748069728
2012-03-15 00:00:00,1538.0670307451967
2012-03-16 00:00:00,1525.2762083821244
2012-03-18 00:00:00,1500.7931203494652
2012-03-19 00:00:00,1489.0255708555305
2012-03-20 00:00:00,1477.5281867921778
2012-03-21 00:00:00,1455.9451131939754
2012-03-22 00:00:00,1419.5420049740749
2012-03-23 00:00:00,1397.0145551659261
2012-03-25 00:00:00,1371.5006347768608
2012-03-26 01:00:00,1339.8506172085656
2012-03-27 01:00:00,1334.668127659896
2012-03-28 01:00:00,1346.0334454479291
2012-03-29 01:00:00,1357.29937429567
2012-03-30 01:00:00,1368.5290190765115
2012-04-01 01:00:00,1391.1805781693208
2012-04-02 01:00:00,1402.7532963602098
2012-04-03 01:00:00,1414.5684879875282
2012-04-04 01:00:00,1430.7730469082283
2012-04-05 01:00:00,1472.3751346817894
2012-04-06 01:00:00,1491.1742052110749
2012-04-08 01:00:00,1536.1446931382757
2012-04-09 01:00:00,1567.096074212958
2012-04-10 01:00:00,1579.3608476913744
2012-04-11 01:00:00,1564.8071431834433
2012-04-12 01:00:00,1550.5733926313528
2012-04-13 01:00:00,1536.673303261242
2012-04-15 01:00:00,1509.7889212056868
2012-04-16 01:00:00,1496.726691988469
2012-04-17 01:00:00,1470.7349440059925
2012-04-18 01:00:00,1433.55989671913
2012-04-19 01:00:00,1402.2156573356483
2012-04-20 01:00:00,1387.7897126759026
2012-04-22 01:00:00,1329.7635368795043
2012-04-23 01:00:00,1298.8908943591268
2012-04-24 01:00:00,1283.624406353656
2012-04-25 01:00:00,1268.2068055917268
2012-04-26 01:00:00,1272.23605698145
2012-04-27 01:00:00,1279.2684664357378
2012-04-29 01:00:00,1293.9773276047333
2012-04-30 01:00:00,1301.806757678396
2012-05-01 01:00:00,1310.0389633653388
2012-05-02 01:00:00,1337.1338864078477
2012-05-03 01:00:00,1374.667039736871
2012-05-04 01:00:00,1413.415404538854
2012-05-06 01:00:00,1493.1560671005068
2012-05-07 01:00:00,1516.9286736456238
2012-05-08 01:00:00,1526.5574273569307
2012-05-09 01:00:00,1522.7041744495955
2012-05-10 01:00:00,1503.1124255112936
2012-05-11 01:00:00,1483.8557501317875
2012-05-13 01:00:00,1446.3210665743877
2012-05-14 01:00:00,1427.9601204830901
2012-05-15 01:00:00,1387.7579329387877
2012-05-16 01:00:00,1346.065318463486
2012-05-17 01:00:00,1304.825853446301
2012-05-18 01:00:00,1260.4144481426076
2012-05-20 01:00:00,1131.6278472321476
2012-05-21 01:00:00,1094.9560076384068
2012-05-22 01:00:00,1072.4589906151434
2012-05-23 01:00:00,1055.8509273241732
2012-05-24 01:00:00,1061.3427503914547
2012-05-25 01:00:00,1067.0262677393846
2012-05-27 01:00:00,1079.2030821240583
2012-05-28 01:00:00,1085.8193007454354
2012-05-29 01:00:00,1092.86437784078
2012-05-30 01:00:00,1120.246549797901
2012-05-31 01:00:00,1155.893896717796
2012-06-01 01:00:00,1192.7924450637142
2012-06-03 01:00:00,1335.2850611302038
2012-06-04 01:00:00,1390.7421075350699
2012-06-05 01:00:00,1421.998602767046
2012-06-06 01:00:00,1413.217501572833
2012-06-07 01:00:00,1400.9533679318422
2012-06-08 01:00:00,1389.1005773502352
2012-06-10 01:00:00,1366.7063083145763
2012-06-11 01:00:00,1356.1072804100081
2012-06-12 01:00:00,1327.3340858954289
2012-06-13 01:00:00,1294.0190564640711
2012-06-14 01:00:00,1261.2884534970476
2012-06-15 01:00:00,1205.7720259344158
2012-06-17 01:00:00,1094.3628452122675
2012-06-18 01:00:00,1054.9909097898956
2012-06-19 01:00:00,1045.9867417044923
2012-06-20 01:00:00,1036.6993574198173
2012-06-21 01:00:00,1027.0933942027648
2012-06-22 01:00:00,1023.7517708931011
2012-06-24 01:00:00,1048.4000594827846
2012-06-25 01:00:00,1061.0458504345418
2012-06-26 01:00:00,1073.9313702337138
2012-06-27 01:00:00,1101.673273588193
2012-06-28 01:00:00,1142.1888280136711
2012-06-29 01:00:00,1202.758441328352
2012-07-01 01:00:00,1346.3203473550705
2012-07-02 01:00:00,1376.7651394492586
2012-07-03 01:00:00,1390.5394827862374
2012-07-04 01:00:00,1404.2004503329847
2012-07-05 01:00:00,1417.626779748311
2012-07-06 01:00:00,1419.5871280266415
2012-07-08 01:00:00,1393.169558596019
2012-07-09 01:00:00,1380.4903797532818
2012-07-10 01:00:00,1360.8767796117654
2012-07-11 01:00:00,1325.6036365232903
2012-07-12 01:00:00,1274.7634146749863
2012-07-13 01:00:00,1217.006138647778
2012-07-15 01:00:00,1101.5931234029313
2012-07-16 01:00:00,1074.3005733703806
2012-07-17 01:00:00,1061.36240301158
2012-07-18 01:00:00,1048.0891070061714
2012-07-19 01:00:00,1034.4525763216336
2012-07-20 01:00:00,1020.441604671389
2012-07-22 01:00:00,1037.1971384722842
2012-07-23 01:00:00,1050.1728891385733
2012-07-24 01:00:00,1063.3918991227442
2012-07-25 01:00:00,1082.182102304947
2012-07-26 01:00:00,1133.0266715397654
2012-07-27 01:00:00,1202.4457457109804
2012-07-29 01:00:00,1339.2587376345768
2012-07-30 01:00:00,1374.4840655495912
2012-07-31 01:00:00,1389.1185649173292
2012-08-01 01:00:00,1403.6050161902072
2012-08-02 01:00:00,1405.7606630138232
2012-08-03 01:00:00,1390.7561629056866
2012-08-05 01:00:00,1362.0875066510048
2012-08-06 01:00:00,1348.47713622625
2012-08-07 01:00:00,1335.3281849812713
2012-08-08 01:00:00,1302.6624727665805
2012-08-09 01:00:00,1244.1078126594562
2012-08-10 01:00:00,1186.3705360453425
2012-08-12 01:00:00,1076.0213889156378
2012-08-13 01:00:00,1041.4391358777493
2012-08-14 01:00:00,1010.9705942148739
2012-08-15 01:00:00,998.0084175624906
2012-08-16 01:00:00,985.5035084019293
2012-08-17 01:00:00,994.0534103969103
2012-08-19 01:00:00,1018.3247594015736
2012-08-20 01:00:00,1030.702502103235
2012-08-21 01:00:00,1043.1714836496337
2012-08-22 01:00:00,1055.6783569438956
2012-08-23 01:00:00,1116.3017797991656
2012-08-24 01:00:00,1184.367411053425
2012-08-26 01:00:00,1303.4111901209462
2012-08-27 01:00:00,1342.8039688560646
2012-08-28 01:00:00,1380.368846709499
2012-08-29 01:00:00,1393.1480689073444
2012-08-30 01:00:00,1405.7218247787332
2012-08-31 01:00:00,1410.0076008806418
2012-09-02 01:00:00,1389.0338021930775
2012-09-03 01:00:00,1379.0534923087591
2012-09-04 01:00:00,1369.3898180162962
2012-09-05 01:00:00,1342.8234729260205
2012-09-06 01:00:00,1293.3733072304344
2012-09-07 01:00:00,1238.9126623698357
2012-09-09 01:00:00,1144.0033469386383
2012-09-10 01:00:00,1112.3920890207783
2012-09-11 01:00:00,1080.0875737184563
2012-09-12 01:00:00,1046.8566079356124
2012-09-13 01:00:00,1021.4614724199553
2012-09-14 01:00:00,1010.1184072558424
2012-09-16 01:00:00,986.2576903730134
2012-09-17 01:00:00,986.6413772244673
2012-09-18 01:00:00,999.4285215404896
2012-09-19 01:00:00,1027.2735560701924
2012-09-20 01:00:00,1073.14604028924
2012-09-21 01:00:00,1142.4442791377403
2012-09-23 01:00:00,1244.988220168941
2012-09-24 01:00:00,1284.0372476257778
2012-09-25 01:00:00,1322.5235953881631
2012-09-26 01:00:00,1360.4140358098357
2012-09-27 01:00:00,1387.1728936569834
2012-09-28 01:00:00,1399.7160462640559
2012-09-30 01:00:00,1424.138128488612
2012-10-01 01:00:00,1436.011799940478
2012-10-02 01:00:00,1430.9758347733157
2012-10-03 01:00:00,1397.8432161361145
2012-10-04 01:00:00,1365.1889503688187
2012-10-05 01:00:00,1316.0863266872848
2012-10-07 01:00:00,1239.7390720166054
2012-10-08 01:00:00,1211.0214727137784
2012-10-09 01:00:00,1181.6044831861923
2012-10-10 01:00:00,1151.2329880393581
2012-10-11 01:00:00,1119.685296289002
2012-10-12 01:00:00,1086.800901765661
2012-10-14 01:00:00,1052.7512357036417
2012-10-15 01:00:00,1042.5945219458263
2012-10-16 01:00:00,1032.1210940372168
2012-10-17 01:00:00,1048.4686818568744
2012-10-18 01:00:00,1091.9495353382397
2012-10-19 01:00:00,1150.2062879442021
2012-10-21 01:00:00,1239.6276779095206
2012-10-22 01:00:00,1281.578910748276
2012-10-23 01:00:00,1322.537727994269
2012-10-24 01:00:00,1362.5296625043275
2012-10-25 01:00:00,1401.6106584505833
2012-10-26 01:00:00,1439.8495865617258
2012-10-28 01:00:00,1481.3989737247305
2012-10-29 00:00:00,1494.2676659795559
2012-10-30 00:00:00,1493.5074786649739
2012-10-31 00:00:00,1482.1549347706684
2012-11-01 00:00:00,1468.9033807035814
2012-11-02 00:00:00,1435.4069255781887
2012-11-04 00:00:00,1378.1242841227613
2012-11-05 00:00:00,1344.8896302994426
2012-11-06 00:00:00,1310.7043834372894
2012-11-07 00:00:00,1275.3014284897993
2012-11-08 00:00:00,1238.4207810473495
2012-11-09 00:00:00,1199.8338978145462
2012-11-11 00:00:00,1116.9827835848828
2012-11-12 00:00:00,1082.4290497745378
2012-11-13 00:00:00,1069.468978600185
2012-11-14 00:00:00,1080.3089298830394
2012-11-15 00:00:00,1108.1064409995633
2012-11-16 00:00:00,1132.3505336235446
2012-11-18 00:00:00,1200.4884735745427
2012-11-19 00:00:00,1239.0134846812189
2012-11-20 00:00:00,1276.2965958160707
2012-11-21 00:00:00,1312.4037743648255
2012-11-22 00:00:00,1347.4758737775555
2012-11-23 00:00:00,1381.6931775685562
2012-11-25 00:00:00,1448.3203246874848
2012-11-26 00:00:00,1477.5893029194172
2012-11-27 00:00:00,1465.316151033949
2012-11-28 00:00:00,1432.1586096963842
2012-11-29 00:00:00,1399.7405602694798
2012-11-30 00:00:00,1391.358701745666
2012-12-02 00:00:00,1364.482489159305
2012-12-03 00:00:00,1334.7768437840687
2012-12-04 00:00:00,1304.8580250785556
2012-12-05 00:00:00,1274.5226089593384
2012-12-06 00:00:00,1243.5585085693945
2012-12-07 00:00:00,1211.7565551742298
2012-12-09 00:00:00,1144.9413679126937
2012-12-10 00:00:00,1109.7388323789987
2012-12-11 00:00:00,1089.0086988082537
2012-12-12 00:00:00,1093.0891402730833
2012-12-13 00:00:00,1128.3101520398586
2012-12-14 00:00:00,1145.9096785666984
2012-12-16 00:00:00,1198.6054581479855
2012-12-17 00:00:00,1242.8575181369342
2012-12-18 00:00:00,1285.0555138339855
2012-12-19 00:00:00,1323.262037832054
2012-12-20 00:00:00,1360.0644439487126
2012-12-21 00:00:00,1395.641063322148
2012-12-23 00:00:00,1464.0490211872734
2012-12-24 00:00:00,1482.6549894656594
2012-12-26 00:00:00,1496.9185354186325
2012-12-27 00:00:00,1513.7851240637542
2012-12-28 00:00:00,1507.9987285883187
2012-12-30 00:00:00,1485.7691851893499
2012-12-31 00:00:00,1465.4262496964825
2013-01-01 00:00:00,1430.8228817468141
2013-01-02 00:00:00,1395.661980422904
2013-01-03 00:00:00,1359.8530568584724
2013-01-04 00:00:00,1323.2892582710142
2013-01-06 00:00:00,1247.4380406565222
2013-01-07 00:00:00,1208.1578592081394
2013-01-08 00:00:00,1196.2058286208844
2013-01-09 00:00:00,1179.8725773182641
2013-01-10 00:00:00,1137.3471270233074
2013-01-11 00:00:00,1108.1625030456853
2013-01-13 00:00:00,1116.856236274377
2013-01-14 00:00:00,1145.3490064195353
2013-01-15 00:00:00,1182.694328398897
2013-01-16 00:00:00,1218.5940883725875
2013-01-17 00:00:00,1253.0565675879961
2013-01-18 00:00:00,1286.2150536172646
2013-01-20 00:00:00,1348.048782518969
2013-01-21 00:00:00,1355.1129791643082
2013-01-22 00:00:00,1362.0879507548148
2013-01-23 00:00:00,1390.078809149025
2013-01-24 00:00:00,1420.8238581993803
2013-01-25 00:00:00,1451.922622971491
2013-01-27 00:00:00,1490.0819728014405
2013-01-28 00:00:00,1494.9034994609601
2013-01-29 00:00:00,1476.413586805381
2013-01-30 00:00:00,1440.5977696196076
2013-01-31 00:00:00,1404.2270711500844
2013-02-01 00:00:00,1367.3006563657386
2013-02-03 00:00:00,1291.670528241142
2013-02-04 00:00:00,1271.237906462959
2013-02-05 00:00:00,1259.9254553921562
2013-02-06 00:00:00,1223.2574405674184
2013-02-07 00:00:00,1182.5399600622484
2013-02-08 00:00:00,1141.4762947119223
2013-02-10 00:00:00,1076.3912356367882
2013-02-11 00:00:00,1063.87687523754
2013-02-12 00:00:00,1077.1415585976706
2013-02-13 00:00:00,1114.7569552973152
2013-02-14 00:00:00,1151.0344900395685
2013-02-15 00:00:00,1186.0214215142676
2013-02-17 00:00:00,1237.178887217406
2013-02-18 00:00:00,1245.627022701263
2013-02-19 00:00:00,1265.9609785430252
2013-02-20 00:00:00,1297.5205785436433
2013-02-21 00:00:00,1329.182857918827
2013-02-22 00:00:00,1361.1638834626585
2013-02-24 00:00:00,1426.7077857827346
2013-02-25 00:00:00,1460.4373763577269
2013-02-26 00:00:00,1475.91770003787
2013-02-27 00:00:00,1474.7747786662883
2013-02-28 00:00:00,1434.8313435132422
2013-03-01 00:00:00,1394.2572961241115
2013-03-03 00:00:00,1324.040076737503
2013-03-04 00:00:00,1310.3016068754011
2013-03-05 00:00:00,1281.4515924078223
2013-03-06 00:00:00,1239.4604252376553
2013-03-07 00:00:00,1197.3762087186267
2013-03-08 00:00:00,1158.8977355358056
2013-03-10 00:00:00,1084.2264027950564
2013-03-11 00:00:00,1051.7429553218392
2013-03-12 00:00:00,1056.9600970871008
2013-03-13 00:00:00,1086.3539169445758
2013-03-14 00:00:00,1126.5451958105061
2013-03-15 00:00:00,1165.4482623986214
2013-03-17 00:00:00,1207.850112573857
2013-03-18 00:00:00,1219.8342683077344
2013-03-19 00:00:00,1253.0202461483082
2013-03-20 00:00:00,1287.7050826335433
2013-03-21 00:00:00,1322.3892839109596
2013-03-22 00:00:00,1357.3385249322544
2013-03-24 00:00:00,1428.924736657921
2013-03-25 00:00:00,1465.8688436125076
2013-03-26 00:00:00,1485.3600542962713
2013-03-27 00:00:00,1498.0477562542485
2013-03-28 00:00:00,1488.6233273262656
2013-03-31 00:00:00,1404.6870128437095
2013-04-01 01:00:00,1390.0777239989998
2013-04-02 01:00:00,1350.3480718304936
2013-04-03 01:00:00,1310.8939286584089
2013-04-04 01:00:00,1271.8068386756001
2013-04-05 01:00:00,1233.1588874195722
2013-04-07 01:00:00,1157.4350721504525
2013-04-08 01:00:00,1121.285629754976
2013-04-09 01:00:00,1106.659119260733
2013-04-10 01:00:00,1095.0769359091491
2013-04-11 01:00:00,1103.4428573691537
2013-04-12 01:00:00,1134.2094675044443
2013-04-14 01:00:00,1151.9520126562418
2013-04-15 01:00:00,1165.9569411649113
2013-04-16 01:00:00,1197.570778089257
2013-04-17 01:00:00,1229.1496930537148
2013-04-18 01:00:00,1260.930859747979
2013-04-19 01:00:00,1293.1589961115121
2013-04-21 01:00:00,1359.8851990146707
2013-04-22 01:00:00,1394.7655108454978
2013-04-23 01:00:00,1428.89120656361
2013-04-24 01:00:00,1463.485785920126
2013-04-25 01:00:00,1485.9061542908553
2013-04-26 01:00:00,1488.3894282414599
2013-04-28 01:00:00,1468.3926015843203
2013-04-29 01:00:00,1441.4299416258984
2013-04-30 01:00:00,1398.1548648644025
2013-05-01 01:00:00,1355.5491671085156
2013-05-02 01:00:00,1312.4026210272575
2013-05-03 01:00:00,1269.916638913084
2013-05-05 01:00:00,1187.6930251233962
2013-05-06 01:00:00,1145.3488472395609
2013-05-07 01:00:00,1101.927494697083
2013-05-08 01:00:00,1059.1862038918941
2013-05-09 01:00:00,1019.3099275905471
2013-05-10 01:00:00,971.0548097612
2013-05-12 01:00:00,950.9964818902693
2013-05-13 01:00:00,962.1439334063045
2013-05-14 01:00:00,985.8823519824269
2013-05-15 01:00:00,1009.7384135713162
2013-05-16 01:00:00,1033.9100620815225
2013-05-17 01:00:00,1058.6157065808343
2013-05-19 01:00:00,1110.5574635488206
2013-05-20 01:00:00,1138.2429138672542
2013-05-21 01:00:00,1167.3177505545702
2013-05-22 01:00:00,1197.8830157876714
2013-05-23 01:00:00,1229.9328563039937
2013-05-24 01:00:00,1284.8122197585635
2013-05-26 01:00:00,1374.0516611847431
2013-05-27 01:00:00,1350.9096338878692
2013-05-28 01:00:00,1306.8474378201838
2013-05-29 01:00:00,1264.913387292995
2013-05-30 01:00:00,1225.5438666018767
2013-05-31 01:00:00,1187.345576564298
2013-06-02 01:00:00,1114.3953828482079
2013-06-03 01:00:00,1079.4016985851051
2013-06-04 01:00:00,1045.1649077757029
2013-06-05 01:00:00,1011.500040672461
2013-06-06 01:00:00,955.9553876365911
2013-06-07 01:00:00,899.0625080448822
2013-06-09 01:00:00,818.0831146902937
2013-06-10 01:00:00,798.7582437100457
2013-06-11 01:00:00,801.5759492399877
2013-06-12 01:00:00,832.4648081940766
2013-06-13 01:00:00,863.623593394266
2013-06-14 01:00:00,895.1977597619739
2013-06-16 01:00:00,960.2782324383729
2013-06-17 01:00:00,994.1630846761598
2013-06-18 01:00:00,1029.1918057794448
2013-06-19 01:00:00,1065.508452335225
2013-06-20 01:00:00,1114.3778145507408
2013-06-21 01:00:00,1182.775847685042
2013-06-23 01:00:00,1308.2497556593805
2013-06-24 01:00:00,1329.371862013044
2013-06-25 01:00:00,1336.4427267638723
2013-06-26 01:00:00,1293.266431728436
2013-06-27 01:00:00,1250.7187522334793
2013-06-28 01:00:00,1209.5914264162366
2013-06-30 01:00:00,1131.6907324740762
2013-07-01 01:00:00,1094.6563205684029
2013-07-02 01:00:00,1058.6118651405327
2013-07-03 01:00:00,1004.9283230985992
2013-07-04 01:00:00,946.3712733137043
2013-07-05 01:00:00,888.3511784825367
2013-07-07 01:00:00,783.8020960454853
2013-07-08 01:00:00,768.1446384101836
2013-07-09 01:00:00,768.2264607561443
2013-07-10 01:00:00,780.3384345286887
2013-07-11 01:00:00,797.5221930926696
2013-07-12 01:00:00,831.9072746818836
2013-07-14 01:00:00,902.4714947391302
2013-07-15 01:00:00,938.9062088803498
2013-07-16 01:00:00,976.3053803049593
2013-07-17 01:00:00,1016.3922943696515
2013-07-18 01:00:00,1084.1900255542191
2013-07-19 01:00:00,1154.0548335880176
2013-07-21 01:00:00,1298.9382087204633
2013-07-22 01:00:00,1305.1582690583252
2013-07-23 01:00:00,1289.7331495813098
2013-07-24 01:00:00,1274.8739535195402
2013-07-25 01:00:00,1257.1827000450398
2013-07-26 01:00:00,1217.3476746473195
2013-07-28 01:00:00,1142.6834864997459
2013-07-29 01:00:00,1107.6614060016861
2013-07-30 01:00:00,1062.6111111627897
2013-07-31 01:00:00,1005.8048890785736
2013-08-01 01:00:00,950.1109731615574
2013-08-02 01:00:00,895.0940333376443
2013-08-04 01:00:00,788.08793692572
2013-08-05 01:00:00,769.4697451634189
2013-08-06 01:00:00,774.8876960942504
2013-08-07 01:00:00,786.2088597850588
2013-08-08 01:00:00,797.6374112668784
2013-08-09 01:00:00,809.1930872576203
2013-08-11 01:00:00,857.5123552366226
2013-08-12 01:00:00,893.3272921233572
2013-08-13 01:00:00,929.9189573937359
2013-08-14 01:00:00,987.0428960373705
2013-08-15 01:00:00,1053.2743938715446
2013-08-16 01:00:00,1121.1788686645002
2013-08-18 01:00:00,1257.4007111874885
2013-08-19 01:00:00,1290.700463688542
2013-08-20 01:00:00,1303.8531729824874
2013-08-21 01:00:00,1308.547867328353
2013-08-22 01:00:00,1296.1615662594177
2013-08-23 01:00:00,1284.181183866389
2013-08-25 01:00:00,1233.4304781836354
2013-08-26 01:00:00,1199.4717825400153
2013-08-27 01:00:00,1142.198133743591
2013-08-28 01:00:00,1086.4297025240755
2013-08-29 01:00:00,1031.7154865246969
2013-08-30 01:00:00,977.5993754759553
2013-09-01 01:00:00,878.1046299037938
2013-09-02 01:00:00,846.7527873766428
2013-09-03 01:00:00,831.7226062252264
2013-09-04 01:00:00,822.4479446533958
2013-09-05 01:00:00,812.9441895763622
2013-09-06 01:00:00,803.2016677345005
2013-09-08 01:00:00,818.428719013537
2013-09-09 01:00:00,834.3991361760498
2013-09-10 01:00:00,881.630348147755
2013-09-11 01:00:00,947.7125513699419
2013-09-12 01:00:00,1014.9049639846289
2013-09-13 01:00:00,1083.1655037261312
2013-09-15 01:00:00,1207.828188301177
2013-09-16 01:00:00,1249.2215072422352
2013-09-17 01:00:00,1270.4251761292417
2013-09-18 01:00:00,1283.7483794212121
2013-09-19 01:00:00,1297.2203554637426
2013-09-20 01:00:00,1312.1306065740255
2013-09-22 01:00:00,1316.6158957493824
2013-09-23 01:00:00,1294.425449457883
2013-09-24 01:00:00,1238.8142005895916
2013-09-25 01:00:00,1184.6073546117314
2013-09-26 01:00:00,1131.4285078574335
2013-09-27 01:00:00,1078.8616443056562
2013-09-29 01:00:00,990.4566043899849
2013-09-30 01:00:00,960.7836649503774
2013-10-01 01:00:00,930.5225371625046
2013-10-02 01:00:00,921.223640937264
2013-10-03 01:00:00,913.3595979103908
2013-10-04 01:00:00,905.1703324778089
2013-10-06 01:00:00,887.8233111668728
2013-10-07 01:00:00,878.7100310454366
2013-10-08 01:00:00,918.8537678092199
2013-10-09 01:00:00,975.0796581290892
2013-10-10 01:00:00,1048.3187678790146
2013-10-11 01:00:00,1121.8692072371332
2013-10-13 01:00:00,1239.4096678749152
2013-10-14 01:00:00,1284.08152646232
2013-10-15 01:00:00,1322.474576155286
2013-10-16 01:00:00,1339.3697306180527
2013-10-17 01:00:00,1355.9611355248803
2013-10-18 01:00:00,1372.2003421616578
2013-10-20 01:00:00,1403.4887132769118
2013-10-21 01:00:00,1389.3021337013543
2013-10-22 01:00:00,1354.7773990939252
2013-10-23 01:00:00,1319.4088795701518
2013-10-24 01:00:00,1263.5597555344173
2013-10-25 01:00:00,1207.847691628407
2013-10-27 01:00:00,1123.3661293508685
2013-10-28 00:00:00,1091.1775802295099
2013-10-29 00:00:00,1056.369105014305
2013-10-30 00:00:00,1023.7882397609543
2013-10-31 00:00:00,1013.4320228277002
2013-11-01 00:00:00,1002.6346361589526
2013-11-03 00:00:00,979.8083566950726
2013-11-04 00:00:00,995.41162512852
2013-11-05 00:00:00,1043.152875962706
2013-11-06 00:00:00,1091.2869354037725
2013-11-07 00:00:00,1139.462975169481
2013-11-08 00:00:00,1213.800201134775
2013-11-10 00:00:00,1313.2707191321515
2013-11-11 00:00:00,1356.9471190605038
2013-11-12 00:00:00,1399.6371238474403
2013-11-13 00:00:00,1422.006248094403
2013-11-14 00:00:00,1437.2062947661336
2013-11-15 00:00:00,1451.9849874487904
2013-11-17 00:00:00,1450.1949682357895
2013-11-18 00:00:00,1416.4687472576993
2013-11-19 00:00:00,1383.3893107585639
2013-11-20 00:00:00,1350.8687053337335
2013-11-21 00:00:00,1318.7963967316773
2013-11-22 00:00:00,1280.1694444912923
2013-11-24 00:00:00,1216.5914918538483
2013-11-25 00:00:00,1186.2810642517456
2013-11-26 00:00:00,1155.4266705768691
2013-11-27 00:00:00,1126.1930202875278
2013-11-28 00:00:00,1107.8034868078375
2013-11-29 00:00:00,1100.7466912826155
2013-12-01 00:00:00,1083.722785006078
2013-12-02 00:00:00,1091.3566984554773
2013-12-03 00:00:00,1137.6244600190425
2013-12-04 00:00:00,1184.641930417297
2013-12-05 00:00:00,1231.9383349585376
2013-12-06 00:00:00,1268.5341056886796
2013-12-08 00:00:00,1357.8786226464542
2013-12-09 00:00:00,1400.891281179358
2013-12-10 00:00:00,1442.6792519092305
2013-12-11 00:00:00,1473.673630383675
2013-12-12 00:00:00,1488.1425271610651
2013-12-13 00:00:00,1502.2922266601986
2013-12-15 00:00:00,1513.0785045395785
2013-12-16 00:00:00,1502.4458388722253
2013-12-17 00:00:00,1486.1837465745978
2013-12-18 00:00:00,1454.9930064994446
2013-12-19 00:00:00,1424.010625452048
2013-12-20 00:00:00,1411.4386113750854
2013-12-22 00:00:00,1354.5420909638578
2013-12-23 00:00:00,1323.5703694110969
2013-12-24 00:00:00,1292.075105057261
2013-12-26 00:00:00,1226.7537618359675
2013-12-27 00:00:00,1217.1485737858563
2013-12-29 00:00:00,1196.247497397619
2013-12-30 00:00:00,1211.378204378974
2013-12-31 00:00:00,1228.9372866945746
2014-01-01 00:00:00,1246.784446257654
2014-01-02 00:00:00,1269.2958272243416
2014-01-03 00:00:00,1300.2072454171232
2014-01-05 00:00:00,1384.1533980892696
2014-01-06 00:00:00,1423.6710507753546
2014-01-07 00:00:00,1461.6813784739415
2014-01-08 00:00:00,1495.8116758157526
2014-01-09 00:00:00,1510.423094425821
2014-01-10 00:00:00,1524.6977426140104
2014-01-12 00:00:00,1522.735198624131
2014-01-13 00:00:00,1512.5734785231682
2014-01-14 00:00:00,1502.5056574656398
2014-01-15 00:00:00,1492.4866245587948
2014-01-16 00:00:00,1491.2842717422616
2014-01-17 00:00:00,1480.399334289469
2014-01-19 00:00:00,1423.7470039699726
2014-01-20 00:00:00,1392.1362009840693
2014-01-21 00:00:00,1360.1526237948606
2014-01-22 00:00:00,1327.62385091557
2014-01-23 00:00:00,1294.3423127122426
2014-01-24 00:00:00,1280.6416226364954
2014-01-26 00:00:00,1271.8270578639429
2014-01-27 00:00:00,1289.1429017411833
2014-01-28 00:00:00,1306.8071158829289
2014-01-29 00:00:00,1324.7214076151163
2014-01-30 00:00:00,1340.336297528885
2014-01-31 00:00:00,1358.0999994225497
2014-02-02 00:00:00,1414.7392519458083
2014-02-03 00:00:00,1458.1713539602592
2014-02-04 00:00:00,1499.9309995642832
2014-02-05 00:00:00,1538.7925933688618
2014-02-06 00:00:00,1551.5646777717861
2014-02-07 00:00:00,1563.7254061511533
2014-02-09 00:00:00,1542.3818368503144
2014-02-10 00:00:00,1529.3998400516766
2014-02-11 00:00:00,1516.3191415452516
2014-02-12 00:00:00,1512.2931030252132
2014-02-13 00:00:00,1499.867843122848
2014-02-14 00:00:00,1487.3225009120788
2014-02-16 00:00:00,1438.9558827166782
2014-02-17 00:00:00,1399.4433052801476
2014-02-18 00:00:00,1359.5979703123649
2014-02-19 00:00:00,1319.4128462928597
2014-02-20 00:00:00,1280.875790167761
2014-02-21 00:00:00,1265.4885612505395
2014-02-23 00:00:00,1263.7629497784794
2014-02-24 00:00:00,1276.3705160156012
2014-02-25 00:00:00,1289.7773501566087
2014-02-26 00:00:00,1283.726956876677
2014-02-27 00:00:00,1290.6764602412468
2014-02-28 00:00:00,1309.482353318088
2014-03-02 00:00:00,1397.5443364000541
2014-03-03 00:00:00,1440.4968042608778
2014-03-04 00:00:00,1482.3121059695652
2014-03-05 00:00:00,1512.2925090920967
2014-03-06 00:00:00,1525.1557252347295
2014-03-07 00:00:00,1526.9282194204964
2014-03-09 00:00:00,1502.1003448661381
2014-03-10 00:00:00,1490.102427569316
2014-03-11 00:00:00,1491.5123289062765
2014-03-12 00:00:00,1503.4188002393803
2014-03-13 00:00:00,1506.2191397408976
2014-03-14 00:00:00,1496.2402471631483
2014-03-16 00:00:00,1437.4800527363298
2014-03-17 00:00:00,1404.5460142602374
2014-03-18 00:00:00,1371.1773099686206
2014-03-19 00:00:00,1337.3412340461741
2014-03-20 00:00:00,1328.246316917798
2014-03-21 00:00:00,1320.3282357607727
2014-03-23 00:00:00,1355.1087549186711
2014-03-24 00:00:00,1374.816902030082
2014-03-25 00:00:00,1383.8113944031638
2014-03-26 00:00:00,1375.5824192277416
2014-03-27 00:00:00,1367.3307776518511
2014-03-28 00:00:00,1377.507784726126
2014-03-30 00:00:00,1441.0192408187356
2014-03-31 01:00:00,1487.0118481291818
2014-04-01 01:00:00,1518.830388303637
2014-04-02 01:00:00,1533.306258944335
2014-04-03 01:00:00,1544.2829447242298
2014-04-04 01:00:00,1532.489920568241
2014-04-06 01:00:00,1509.8566045656314
2014-04-07 01:00:00,1501.8601255450935
2014-04-08 01:00:00,1514.634689654862
2014-04-09 01:00:00,1527.4016873093015
2014-04-10 01:00:00,1540.2360614951622
2014-04-11 01:00:00,1553.2063263485945
2014-04-13 01:00:00,1543.399594989172
2014-04-14 01:00:00,1533.8532495041625
2014-04-15 01:00:00,1517.5587590517996
2014-04-16 01:00:00,1512.084219232286
2014-04-17 01:00:00,1503.7404865845494
2014-04-20 01:00:00,1548.8163766827342
2014-04-21 01:00:00,1565.2421223540473
2014-04-22 01:00:00,1554.7347271365863
2014-04-23 01:00:00,1544.231389693677
2014-04-24 01:00:00,1533.771605796064
2014-04-25 01:00:00,1523.3946574285192
2014-04-27 01:00:00,1534.252210582937
2014-04-28 01:00:00,1528.864830865114
2014-04-29 01:00:00,1516.3924255092222
2014-04-30 01:00:00,1513.961320963239
2014-05-01 01:00:00,1501.0260556086437
2014-05-02 01:00:00,1484.9535194346686
2014-05-04 01:00:00,1449.203747366143
2014-05-05 01:00:00,1440.8157299511518
2014-05-06 01:00:00,1444.870423302858
2014-05-07 01:00:00,1449.0067876695239
2014-05-08 01:00:00,1453.3148046272497
2014-05-09 01:00:00,1457.8848152807802
2014-05-11 01:00:00,1468.1462480941655
2014-05-12 01:00:00,1473.9761748118258
2014-05-13 01:00:00,1480.3328051385079
2014-05-14 01:00:00,1487.2284961929886
2014-05-15 01:00:00,1510.0299062072852
2014-05-16 01:00:00,1546.484041717797
2014-05-18 01:00:00,1576.2095846461011
2014-05-19 01:00:00,1573.6915508800378
2014-05-20 01:00:00,1556.856288792118
2014-05-21 01:00:00,1540.2487073407644
2014-05-22 01:00:00,1523.9135460758132
2014-05-23 01:00:00,1507.8732653706263
2014-05-25 01:00:00,1457.395730623607
2014-05-26 01:00:00,1427.1000414250273
2014-05-27 01:00:00,1410.0650702609282
2014-05-28 01:00:00,1375.099109267401
2014-05-29 01:00:00,1333.3073561523688
2014-05-30 01:00:00,1292.195621952323
2014-06-01 01:00:00,1243.149001621262
2014-06-02 01:00:00,1243.9589903650976
2014-06-03 01:00:00,1251.2693517310038
2014-06-04 01:00:00,1258.8185305023576
2014-06-05 01:00:00,1266.6770719634474
2014-06-06 01:00:00,1274.9232035868367
2014-06-08 01:00:00,1293.8011862983058
2014-06-09 01:00:00,1329.040126009334
2014-06-10 01:00:00,1365.7782392872218
2014-06-11 01:00:00,1398.8466392933894
2014-06-12 01:00:00,1441.1562512098778
2014-06-13 01:00:00,1484.7921764024613
2014-06-15 01:00:00,1531.802826751565
2014-06-16 01:00:00,1519.9908937385517
2014-06-17 01:00:00,1502.5309124679484
2014-06-18 01:00:00,1485.3837720287079
2014-06-19 01:00:00,1468.6006571106238
2014-06-20 01:00:00,1452.1898275242831
2014-06-22 01:00:00,1392.243598140682
2014-06-23 01:00:00,1351.6249709658473
2014-06-24 01:00:00,1296.6908024573322
2014-06-25 01:00:00,1242.9813877966385
2014-06-26 01:00:00,1201.5837274526173
2014-06-27 01:00:00,1173.660005028338
2014-06-29 01:00:00,1141.6236966891443
2014-06-30 01:00:00,1147.7725120137818
2014-07-01 01:00:00,1154.668020276952
2014-07-02 01:00:00,1161.3477572280876
2014-07-03 01:00:00,1167.8613226583414
2014-07-04 01:00:00,1174.272494543988
2014-07-06 01:00:00,1187.0980835434113
2014-07-07 01:00:00,1217.1919469017307
2014-07-08 01:00:00,1249.7195710223036
2014-07-09 01:00:00,1309.4162170323852
2014-07-10 01:00:00,1373.106538008563
2014-07-11 01:00:00,1421.8439173485401
2014-07-13 01:00:00,1443.7136903790963
2014-07-14 01:00:00,1424.5790749578368
2014-07-15 01:00:00,1405.447135140472
2014-07-16 01:00:00,1386.5773662142706
2014-07-17 01:00:00,1368.0609985047952
2014-07-18 01:00:00,1349.931587190432
2014-07-20 01:00:00,1290.1087394982992
2014-07-21 01:00:00,1237.800620466639
2014-07-22 01:00:00,1171.9823676979731
2014-07-23 01:00:00,1107.173026676449
2014-07-24 01:00:00,1043.1201027034547
2014-07-25 01:00:00,985.5922908449369
2014-07-27 01:00:00,935.0790520011808
2014-07-28 01:00:00,936.4905338764669
2014-07-29 01:00:00,937.7893266902873
2014-07-30 01:00:00,939.0250629817403
2014-07-31 01:00:00,940.2574124547149
2014-08-01 01:00:00,941.5575586736035
2014-08-03 01:00:00,945.5576643555228
2014-08-04 01:00:00,964.2800827338883
2014-08-05 01:00:00,1011.2102824670975
2014-08-06 01:00:00,1071.5386196725394
2014-08-07 01:00:00,1134.4139245536944
2014-08-08 01:00:00,1199.7356571205578
2014-08-10 01:00:00,1310.7295721545852
2014-08-11 01:00:00,1316.5806296685676
2014-08-12 01:00:00,1300.0844999839449
2014-08-13 01:00:00,1283.8771904521332
2014-08-14 01:00:00,1268.0801339870497
2014-08-15 01:00:00,1252.753613422979
2014-08-17 01:00:00,1207.6765196265821
2014-08-18 01:00:00,1143.967471567173
2014-08-19 01:00:00,1083.5301137103786
2014-08-20 01:00:00,1024.6985841126968
2014-08-21 01:00:00,966.7680503461849
2014-08-22 01:00:00,909.4355276239548
2014-08-24 01:00:00,805.539717297867
2014-08-25 01:00:00,791.0066829274466
2014-08-26 01:00:00,778.5318458982658
2014-08-27 01:00:00,766.8555875302924
2014-08-28 01:00:00,773.2071340941214
2014-08-29 01:00:00,782.2888614604176
2014-08-31 01:00:00,801.1867213673773
2014-09-01 01:00:00,816.4660378484849
2014-09-02 01:00:00,876.4550189538764
2014-09-03 01:00:00,940.2730576810476
2014-09-04 01:00:00,1006.3197310095862
2014-09-05 01:00:00,1074.568602893249
2014-09-07 01:00:00,1206.9676840265918
2014-09-08 01:00:00,1249.0974316507927
2014-09-09 01:00:00,1266.1782234562124
2014-09-10 01:00:00,1280.0420813683197
2014-09-11 01:00:00,1286.0802185470263
2014-09-12 01:00:00,1273.4025524459098
2014-09-14 01:00:00,1232.4974484907368
2014-09-15 01:00:00,1176.5616098999994
2014-09-16 01:00:00,1117.1944102691346
2014-09-17 01:00:00,1059.2692885914996
2014-09-18 01:00:00,1002.3977405623993
2014-09-19 01:00:00,946.2035837489069
2014-09-21 01:00:00,850.6835060257953
2014-09-22 01:00:00,817.8074869275339
2014-09-23 01:00:00,784.6469486489752
2014-09-24 01:00:00,761.3555474754716
2014-09-25 01:00:00,749.1133977969807
2014-09-26 01:00:00,736.6520867900972
2014-09-28 01:00:00,746.1799796067596
2014-09-29 01:00:00,778.5529236134812
2014-09-30 01:00:00,823.0553907014853
2014-10-01 01:00:00,888.418086382127
2014-10-02 01:00:00,955.4955368583718
2014-10-03 01:00:00,1024.2526864645902
2014-10-05 01:00:00,1148.7166303660183
2014-10-06 01:00:00,1191.4519419624821
2014-10-07 01:00:00,1234.3147704929734
2014-10-08 01:00:00,1276.9292451935487
2014-10-09 01:00:00,1293.3168829848635
2014-10-10 01:00:00,1292.7553540543786
2014-10-12 01:00:00,1237.3077954651335
2014-10-13 01:00:00,1198.299188242735
2014-10-14 01:00:00,1140.2101843502144
2014-10-15 01:00:00,1080.0826496330164
2014-10-16 01:00:00,1021.1314577036718
2014-10-17 01:00:00,962.9944266012424
2014-10-19 01:00:00,877.588269382167
2014-10-20 01:00:00,847.7190010208313
2014-10-21 01:00:00,817.3543317909954
2014-10-22 01:00:00,786.3100359157445
2014-10-23 01:00:00,757.1582391926726
2014-10-24 01:00:00,752.8628550841564
2014-10-26 01:00:00,792.5050368809885
2014-10-27 00:00:00,832.5790529877462
2014-10-28 00:00:00,874.5474217916259
2014-10-29 00:00:00,928.5491373484116
2014-10-30 00:00:00,997.4271224213409
2014-10-31 00:00:00,1066.6814667648862
2014-11-02 00:00:00,1177.1491759985643
2014-11-03 00:00:00,1217.9180118363183
2014-11-04 00:00:00,1258.3440533832406
2014-11-05 00:00:00,1298.2613419017691
2014-11-06 00:00:00,1325.0045430503053
2014-11-07 00:00:00,1338.3435722417196
2014-11-09 00:00:00,1282.8969265713033
2014-11-10 00:00:00,1246.265024406549
2014-11-11 00:00:00,1210.6228387050955
2014-11-12 00:00:00,1159.4675399597857
2014-11-13 00:00:00,1102.8945179386535
2014-11-14 00:00:00,1049.3910067580737
2014-11-16 00:00:00,976.0092244730157
2014-11-17 00:00:00,946.2998754800603
2014-11-18 00:00:00,916.1336227746513
2014-11-19 00:00:00,885.2855442639027
2014-11-20 00:00:00,853.5705062732359
2014-11-21 00:00:00,820.8603783571368
2014-11-23 00:00:00,799.9277431517372
2014-11-24 00:00:00,838.0846565428583
2014-11-25 00:00:00,880.3806381498347
2014-11-26 00:00:00,923.2013775791786
2014-11-27 00:00:00,986.639410366397
2014-11-28 00:00:00,1059.9096667069505
2014-11-30 00:00:00,1159.3788240167155
2014-12-01 00:00:00,1203.2801847242363
2014-12-02 00:00:00,1246.8001081929722
2014-12-03 00:00:00,1289.8923530899954
2014-12-04 00:00:00,1332.5008635536476
2014-12-05 00:00:00,1374.55429818285
2014-12-07 00:00:00,1397.095302744328
2014-12-08 00:00:00,1375.1469766166458
2014-12-09 00:00:00,1345.1967260138154
2014-12-10 00:00:00,1316.012135815012
2014-12-11 00:00:00,1275.8139434075847
2014-12-12 00:00:00,1225.6556348479112
2014-12-14 00:00:00,1173.060193416529
2014-12-15 00:00:00,1146.8754988794963
2014-12-16 00:00:00,1120.2339694756565
2014-12-17 00:00:00,1092.8588690112156
2014-12-18 00:00:00,1064.4974853107428
2014-12-19 00:00:00,1034.9479733684104
2014-12-21 00:00:00,1001.5869254759403
2014-12-22 00:00:00,996.4924301524593
2014-12-23 00:00:00,999.1976169046857
2014-12-24 00:00:00,1042.6658339131448
2014-12-25 00:00:00,1090.5337760062957
2014-12-26 00:00:00,1149.750095050374
2014-12-28 00:00:00,1239.972681766857
2014-12-29 00:00:00,1283.9530504549207
2014-12-30 00:00:00,1327.159357129781
2014-12-31 00:00:00,1369.6426188025866
2015-01-01 00:00:00,1411.4670479525275
2015-01-02 00:00:00,1446.052483228676
2015-01-04 00:00:00,1472.5438312717401
2015-01-05 00:00:00,1485.5248332216504
2015-01-06 00:00:00,1498.3351428869191
2015-01-07 00:00:00,1498.6897185482458
2015-01-08 00:00:00,1468.8055148586775
2015-01-09 00:00:00,1451.7736317906783
2015-01-11 00:00:00,1396.7104092921004
2015-01-12 00:00:00,1368.9712293734358
2015-01-13 00:00:00,1340.740563146602
2015-01-14 00:00:00,1311.7256171653796
2015-01-15 00:00:00,1281.6327468436446
2015-01-16 00:00:00,1250.1944214261323
2015-01-18 00:00:00,1222.714183754919
2015-01-19 00:00:00,1215.0734945133145
2015-01-20 00:00:00,1205.6745515169025
2015-01-21 00:00:00,1194.2968603208167
2015-01-22 00:00:00,1187.8080477768692
2015-01-23 00:00:00,1201.6605371452501
2015-01-25 00:00:00,1286.7294415638103
2015-01-26 00:00:00,1329.1963613030734
2015-01-27 00:00:00,1370.685858059471
2015-01-28 00:00:00,1411.242499255974
2015-01-29 00:00:00,1450.9552708950907
2015-01-30 00:00:00,1468.893722242582
2015-02-01 00:00:00,1495.1070824133703
2015-02-02 00:00:00,1507.9157658931192
2015-02-03 00:00:00,1520.5148396888412
2015-02-04 00:00:00,1512.5849286975692
2015-02-05 00:00:00,1517.732723899075
2015-02-06 00:00:00,1528.3234513027019
2015-02-08 00:00:00,1489.5762277818358
2015-02-09 00:00:00,1457.3447703980385
2015-02-10 00:00:00,1424.8594829368897
2015-02-11 00:00:00,1391.8791316387196
2015-02-12 00:00:00,1358.145262474326
2015-02-13 00:00:00,1323.402822474246
2015-02-15 00:00:00,1303.0156865730276
2015-02-16 00:00:00,1292.7048421216343
2015-02-17 00:00:00,1282.0281517006456
2015-02-18 00:00:00,1293.8679465434827
2015-02-19 00:00:00,1283.8817960580673
2015-02-20 00:00:00,1271.1602432474074
2015-02-22 00:00:00,1301.737374942724
2015-02-23 00:00:00,1344.2039993106316
2015-02-24 00:00:00,1385.51048734638
2015-02-25 00:00:00,1425.4646459165729
2015-02-26 00:00:00,1452.44097032242
2015-02-27 00:00:00,1464.4875277535414
2015-03-01 00:00:00,1487.6562117164056
2015-03-02 00:00:00,1498.5770583232897
2015-03-03 00:00:00,1507.0054019926279
2015-03-04 00:00:00,1520.940510650666
2015-03-05 00:00:00,1531.8247765571332
2015-03-06 00:00:00,1542.664467120628
2015-03-08 00:00:00,1564.3494052217295
2015-03-09 00:00:00,1547.4556120546433
2015-03-10 00:00:00,1514.1068350748224
2015-03-11 00:00:00,1480.167745316869
2015-03-12 00:00:00,1445.4609044136191
2015-03-13 00:00:00,1426.0672122738474
2015-03-15 00:00:00,1404.8654829593831
2015-03-16 00:00:00,1393.6016792841783
2015-03-17 00:00:00,1381.9046039751843
2015-03-18 00:00:00,1350.127588492234
2015-03-19 00:00:00,1307.524535702092
2015-03-20 00:00:00,1290.0967014099997
2015-03-22 00:00:00,1259.9368834003292
2015-03-23 00:00:00,1274.9241027398593
2015-03-24 00:00:00,1312.7201978944324
2015-03-25 00:00:00,1346.8084280481594
2015-03-26 00:00:00,1355.203177334243
2015-03-27 00:00:00,1363.1362508330606
2015-03-29 00:00:00,1377.8530364183532
2015-03-30 01:00:00,1384.9767248725911
2015-03-31 01:00:00,1409.008445722561
2015-04-01 01:00:00,1439.3338126612705
2015-04-02 01:00:00,1469.5510728262998
2015-04-05 01:00:00,1538.359645291074
2015-04-06 01:00:00,1549.0228626246437
2015-04-07 01:00:00,1538.4421958229616
2015-04-08 01:00:00,1521.4715521283335
2015-04-09 01:00:00,1498.0575205459286
2015-04-10 01:00:00,1487.3521895141891
2015-04-12 01:00:00,1465.064845512903
2015-04-13 01:00:00,1453.4576110614028
2015-04-14 01:00:00,1429.418205728528
2015-04-15 01:00:00,1388.3658101915544
2015-04-16 01:00:00,1344.597467146579
2015-04-17 01:00:00,1300.1499272342671
2015-04-19 01:00:00,1211.5664012475643
2015-04-20 01:00:00,1184.9214165080662
2015-04-21 01:00:00,1193.6467832556903
2015-04-22 01:00:00,1185.5064520504675
2015-04-23 01:00:00,1191.4697352356875
2015-04-24 01:00:00,1199.3039936261123
2015-04-26 01:00:00,1214.1375702973169
2015-04-27 01:00:00,1230.5329447747897
2015-04-28 01:00:00,1261.308645032101
2015-04-29 01:00:00,1291.9516947157215
2015-04-30 01:00:00,1322.6924287424656
2015-05-01 01:00:00,1353.7374110320177
2015-05-03 01:00:00,1417.4002347599405
2015-05-04 01:00:00,1448.4461421371875
2015-05-05 01:00:00,1479.574532924705
2015-05-06 01:00:00,1494.435388205665
2015-05-07 01:00:00,1504.7393824986923
2015-05-08 01:00:00,1507.3682933494927
2015-05-10 01:00:00,1479.2730389362966
2015-05-11 01:00:00,1462.9210586620502
2015-05-12 01:00:00,1420.7682373651915
2015-05-13 01:00:00,1378.2980058184075
2015-05-14 01:00:00,1335.591330397817
2015-05-15 01:00:00,1292.7712973300088
2015-05-17 01:00:00,1204.7221303159208
2015-05-18 01:00:00,1161.2186137208128
2015-05-19 01:00:00,1112.5693154561136
2015-05-20 01:00:00,1087.9495865993554
2015-05-21 01:00:00,1072.537196614189
2015-05-22 01:00:00,1064.611397445315
2015-05-24 01:00:00,1082.1483129850758
2015-05-25 01:00:00,1110.7256403593087
2015-05-26 01:00:00,1143.0312765811484
2015-05-27 01:00:00,1175.287110392593
2015-05-28 01:00:00,1209.208934860737
2015-05-29 01:00:00,1244.5285045519477
2015-05-31 01:00:00,1317.231181817453
2015-06-01 01:00:00,1354.8260854125542
2015-06-02 01:00:00,1398.6682951524722
2015-06-03 01:00:00,1442.0599173769945
2015-06-04 01:00:00,1455.3743978589544
2015-06-05 01:00:00,1468.80061937595
2015-06-07 01:00:00,1473.964130513753
2015-06-08 01:00:00,1443.7805053770896
2015-06-09 01:00:00,1402.745316901051
2015-06-10 01:00:00,1361.5489373080748
2015-06-11 01:00:00,1320.2267919997369
2015-06-12 01:00:00,1278.8124663031597
2015-06-14 01:00:00,1195.95108119967
2015-06-15 01:00:00,1146.7074922683435
2015-06-16 01:00:00,1103.2390597895467
2015-06-17 01:00:00,1073.7997406994791
2015-06-18 01:00:00,1057.6436697836784
2015-06-19 01:00:00,1041.397319990442
2015-06-21 01:00:00,1026.9552197934634
2015-06-22 01:00:00,1056.545194979221
2015-06-23 01:00:00,1085.4038891346581
2015-06-24 01:00:00,1113.7776002707526
2015-06-25 01:00:00,1141.9365337975864
2015-06-26 01:00:00,1170.1583659040177
2015-06-28 01:00:00,1227.8273054315562
2015-06-29 01:00:00,1257.6900251128961
2015-06-30 01:00:00,1314.070721723471
2015-07-01 01:00:00,1357.4927981327714
2015-07-02 01:00:00,1384.270952942906
2015-07-03 01:00:00,1393.8494811546832
2015-07-05 01:00:00,1412.3026600512562
2015-07-06 01:00:00,1368.192485712366
2015-07-07 01:00:00,1321.3546594312968
2015-07-08 01:00:00,1274.731809135972
2015-07-09 01:00:00,1228.391282782189
2015-07-10 01:00:00,1182.352075544255
2015-07-12 01:00:00,1087.5131508782279
2015-07-13 01:00:00,1015.695004642446
2015-07-14 01:00:00,944.5982600664564
2015-07-15 01:00:00,874.3013653931348
2015-07-16 01:00:00,838.1829801843261
2015-07-17 01:00:00,816.721519109644
2015-07-19 01:00:00,783.593845316427
2015-07-20 01:00:00,808.6643240581395
2015-07-21 01:00:00,834.4126938207856
2015-07-22 01:00:00,860.0373569137753
2015-07-23 01:00:00,885.7868991773263
2015-07-24 01:00:00,911.9316803920831
2015-07-26 01:00:00,966.5014212062081
2015-07-27 01:00:00,1012.1557066661812
2015-07-28 01:00:00,1069.071443105731
2015-07-29 01:00:00,1128.2381827340143
2015-07-30 01:00:00,1189.5231661391058
2015-07-31 01:00:00,1235.9069284456011
2015-08-02 01:00:00,1269.3025990736392
2015-08-03 01:00:00,1220.223366934173
2015-08-04 01:00:00,1171.5328749290188
2015-08-05 01:00:00,1123.6768133478733
2015-08-06 01:00:00,1077.6950813108572
2015-08-07 01:00:00,1034.647179933364
2015-08-09 01:00:00,936.3909360594131
2015-08-10 01:00:00,875.2924909967114
2015-08-11 01:00:00,815.2812089899453
2015-08-12 01:00:00,756.2525395957051
2015-08-13 01:00:00,698.1155658451416
2015-08-14 01:00:00,662.1319765132488
2015-08-16 01:00:00,639.9155574117675
2015-08-17 01:00:00,664.1437201008222
2015-08-18 01:00:00,699.5949534680551
2015-08-19 01:00:00,734.9979550318322
2015-08-20 01:00:00,770.5307277756328
2015-08-21 01:00:00,806.3992798265024
2015-08-23 01:00:00,886.7398684886571
2015-08-24 01:00:00,950.6283205089337
2015-08-25 01:00:00,1016.5600080198224
2015-08-26 01:00:00,1084.7056157771913
2015-08-27 01:00:00,1155.047603025784
2015-08-28 01:00:00,1227.334514276562
2015-08-30 01:00:00,1256.7200468514995
2015-08-31 01:00:00,1241.4282178291196
2015-09-01 01:00:00,1214.485827171189
2015-09-02 01:00:00,1173.467769759836
2015-09-03 01:00:00,1133.5173813526328
2015-09-04 01:00:00,1094.5034149834746
2015-09-06 01:00:00,975.6511783460114
2015-09-07 01:00:00,913.5566719114273
2015-09-08 01:00:00,852.6740095855884
2015-09-09 01:00:00,792.7472510968815
2015-09-10 01:00:00,733.5277818382425
2015-09-11 01:00:00,695.1552838691254
2015-09-13 01:00:00,689.1153948879248
2015-09-14 01:00:00,698.9853355270391
2015-09-15 01:00:00,708.4428220999705
2015-09-16 01:00:00,730.2412378667873
2015-09-17 01:00:00,762.5025363800986
2015-09-18 01:00:00,794.933510065707
2015-09-20 01:00:00,882.2635601774296
2015-09-21 01:00:00,941.7684935682421
2015-09-22 01:00:00,1002.9396563031075
2015-09-23 01:00:00,1066.0063152938706
2015-09-24 01:00:00,1131.077614872107
2015-09-25 01:00:00,1198.0871053620424
2015-09-27 01:00:00,1228.4413570069248
2015-09-28 01:00:00,1210.0698775526894
2015-09-29 01:00:00,1170.5568514812664
2015-09-30 01:00:00,1119.9416906435317
2015-10-01 01:00:00,1070.2671953908882
2015-10-02 01:00:00,1017.3089149473017
2015-10-04 01:00:00,871.2289603652346
2015-10-05 01:00:00,801.8808981641006
2015-10-06 01:00:00,734.7498377755852
2015-10-07 01:00:00,669.5500797386637
2015-10-08 01:00:00,605.9626827406066
2015-10-09 01:00:00,547.458994365599
2015-10-11 01:00:00,526.1608058417696
2015-10-12 01:00:00,545.0230752008927
2015-10-13 01:00:00,575.0096122193623
2015-10-14 01:00:00,605.3735241618947
2015-10-15 01:00:00,636.2049947369262
2015-10-16 01:00:00,667.5896127690801
2015-10-18 01:00:00,767.6368893798972
2015-10-19 01:00:00,827.5822036054468
2015-10-20 01:00:00,889.0797012040006
2015-10-21 01:00:00,952.3005536410806
2015-10-22 01:00:00,1017.368552310993
2015-10-23 01:00:00,1084.3153374130973
2015-10-25 01:00:00,1157.7649528003153
2015-10-26 00:00:00,1142.9296637402056
2015-10-27 00:00:00,1114.4633890970035
2015-10-28 00:00:00,1073.6675078560327
2015-10-29 00:00:00,1033.6152971251083
2015-10-30 00:00:00,980.2879384069984
2015-11-01 00:00:00,851.9799677816264
2015-11-02 00:00:00,791.3571195803542
2015-11-03 00:00:00,732.8322124089285
2015-11-04 00:00:00,676.8890129835764
2015-11-05 00:00:00,622.3375462356138
2015-11-06 00:00:00,568.6881683898113
2015-11-08 00:00:00,516.5794968342622
2015-11-09 00:00:00,530.1418142503644
2015-11-10 00:00:00,543.8045432139752
2015-11-11 00:00:00,557.61095299653
2015-11-12 00:00:00,583.0130127621266
2015-11-13 00:00:00,618.7736675260707
2015-11-15 00:00:00,739.8476609878575
2015-11-16 00:00:00,803.4221005080236
2015-11-17 00:00:00,868.1177729085206
2015-11-18 00:00:00,933.978768333795
2015-11-19 00:00:00,1001.0605709851791
2015-11-20 00:00:00,1069.407194830328
2015-11-22 00:00:00,1177.203304609795
2015-11-23 00:00:00,1182.5579871454672
2015-11-24 00:00:00,1169.8760502002647
2015-11-25 00:00:00,1157.2133520883594
2015-11-26 00:00:00,1146.9993798631556
2015-11-27 00:00:00,1095.3186652779145
2015-11-29 00:00:00,974.2411009345097
2015-11-30 00:00:00,916.9826460836885
2015-12-01 00:00:00,861.8322024551013
2015-12-02 00:00:00,808.5179552868611
2015-12-03 00:00:00,756.6568114912254
2015-12-04 00:00:00,705.8018804540395
2015-12-06 00:00:00,646.2486726617873
2015-12-07 00:00:00,638.146880548748
2015-12-08 00:00:00,638.1821768122883
2015-12-09 00:00:00,655.0200258287889
2015-12-10 00:00:00,672.1086285157743
2015-12-11 00:00:00,697.9830491112306
2015-12-13 00:00:00,794.6142703141646
2015-12-14 00:00:00,863.0188614299616
2015-12-15 00:00:00,932.3468274682256
2015-12-16 00:00:00,1002.4401419973841
2015-12-17 00:00:00,1073.1809560953063
2015-12-18 00:00:00,1144.4960225708783
2015-12-20 00:00:00,1241.8548670308157
2015-12-21 00:00:00,1270.1347074494383
2015-12-22 00:00:00,1286.8987875852438
2015-12-23 00:00:00,1287.9981377653799
2015-12-24 00:00:00,1272.6221780147412
2015-12-27 00:00:00,1162.9600312680266
2015-12-28 00:00:00,1104.2999874926618
2015-12-29 00:00:00,1047.1022745946327
2015-12-30 00:00:00,991.1550589508786
2015-12-31 00:00:00,936.1118983933916
2016-01-03 00:00:00,825.2654793902765
2016-01-04 00:00:00,795.7152670174569
2016-01-05 00:00:00,784.5081701947543
2016-01-06 00:00:00,772.166247287171
2016-01-07 00:00:00,758.5833057307959
2016-01-08 00:00:00,784.3759554392566
2016-01-10 00:00:00,854.186670296511
2016-01-11 00:00:00,897.9310204985514
2016-01-12 00:00:00,964.2665194601864
2016-01-13 00:00:00,1030.9675930081985
2016-01-14 00:00:00,1097.8077979765833
2016-01-15 00:00:00,1153.9007898221707
2016-01-17 00:00:00,1230.4646330444532
2016-01-18 00:00:00,1262.3947927249228
2016-01-19 00:00:00,1273.8568883268508
2016-01-20 00:00:00,1285.6128101980394
2016-01-21 00:00:00,1278.7502316953467
2016-01-22 00:00:00,1247.1667057708657
2016-01-24 00:00:00,1137.013855973972
2016-01-25 00:00:00,1075.283902450427
2016-01-26 00:00:00,1015.6565769197023
2016-01-27 00:00:00,958.0078112159495
2016-01-28 00:00:00,902.110906365285
2016-01-29 00:00:00,871.2251662955929
2016-01-31 00:00:00,812.4167358344014
2016-02-01 00:00:00,783.5600834731619
2016-02-02 00:00:00,767.1977923599613
2016-02-03 00:00:00,761.4322968987469
2016-02-04 00:00:00,759.9372926717366
2016-02-05 00:00:00,779.8119534981225
2016-02-07 00:00:00,848.1284569561974
2016-02-08 00:00:00,921.7357479165059
2016-02-09 00:00:00,996.9645557230581
2016-02-10 00:00:00,1073.3223995657693
2016-02-11 00:00:00,1145.1316299844766
2016-02-12 00:00:00,1192.6392263109465
2016-02-14 00:00:00,1286.8354164247096
2016-02-15 00:00:00,1333.0828479270492
2016-02-16 00:00:00,1351.9100843448132
2016-02-17 00:00:00,1362.5358820122838
2016-02-18 00:00:00,1354.3039472040984
2016-02-19 00:00:00,1346.3808448732816
2016-02-21 00:00:00,1313.3068784959498
2016-02-22 00:00:00,1261.4518342637596
2016-02-23 00:00:00,1210.6979111744304
2016-02-24 00:00:00,1160.9458260178553
2016-02-25 00:00:00,1133.4761141787794
2016-02-26 00:00:00,1109.2670911030777
2016-02-28 00:00:00,1061.5788339965225
2016-02-29 00:00:00,1037.7254753406094
2016-03-01 00:00:00,1017.3727556340436
2016-03-02 00:00:00,1016.3046915040513
2016-03-03 00:00:00,1032.323585209807
2016-03-04 00:00:00,1056.4190134044475
2016-03-06 00:00:00,1106.1874310874757
2016-03-07 00:00:00,1131.8872910524237
2016-03-08 00:00:00,1174.9767040148224
2016-03-09 00:00:00,1252.198644952067
2016-03-10 00:00:00,1303.790042338653
2016-03-11 00:00:00,1354.6523164799214
2016-03-13 00:00:00,1455.3444300365227
2016-03-14 00:00:00,1504.5548445607055
2016-03-15 00:00:00,1527.286157804223
2016-03-16 00:00:00,1519.122302273404
2016-03-17 00:00:00,1508.7518268508522
2016-03-18 00:00:00,1498.729467033212
2016-03-20 00:00:00,1479.5595549522614
2016-03-21 00:00:00,1470.3237546681357
2016-03-22 00:00:00,1454.3599104245393
2016-03-23 00:00:00,1445.6063398270826
2016-03-24 00:00:00,1429.0317014161662
2016-03-27 00:00:00,1347.9309888286803
2016-03-28 01:00:00,1318.0516791539571
2016-03-29 01:00:00,1294.1551277875988
2016-03-30 01:00:00,1299.0270069450253
2016-03-31 01:00:00,1318.386640643925
2016-04-01 01:00:00,1338.0502476247361
2016-04-03 01:00:00,1378.454552283447
2016-04-04 01:00:00,1399.2337094687089
2016-04-05 01:00:00,1420.3728211092823
2016-04-06 01:00:00,1418.6091532889234
2016-04-07 01:00:00,1429.7137090223189
2016-04-08 01:00:00,1448.675226031641
2016-04-10 01:00:00,1524.9178186710908
2016-04-11 01:00:00,1563.3758709345152
2016-04-12 01:00:00,1558.8404797044664
2016-04-13 01:00:00,1545.153543157651
2016-04-14 01:00:00,1531.8392188185169
2016-04-15 01:00:00,1518.8549600073409
2016-04-17 01:00:00,1493.6182918459454
2016-04-18 01:00:00,1481.2231933690555
2016-04-19 01:00:00,1490.4966562403395
2016-04-20 01:00:00,1502.092727236595
2016-04-21 01:00:00,1513.5694960395053
2016-04-22 01:00:00,1504.605290789032
2016-04-24 01:00:00,1481.0497514243034
2016-04-25 01:00:00,1447.3430106002631
2016-04-26 01:00:00,1438.9359374788187
2016-04-27 01:00:00,1453.5468635569823
2016-04-28 01:00:00,1468.101995101711
2016-04-29 01:00:00,1482.6536490808742
2016-05-01 01:00:00,1511.9810198127254
2016-05-02 01:00:00,1526.868151255987
2016-05-03 01:00:00,1527.5285387614224
2016-05-04 01:00:00,1513.7192579402201
2016-05-05 01:00:00,1499.4533328218163
2016-05-06 01:00:00,1484.86352864563
2016-05-08 01:00:00,1535.1924644202682
2016-05-09 01:00:00,1540.977999784652
2016-05-10 01:00:00,1524.9896420351179
2016-05-11 01:00:00,1509.4645937244495
2016-05-12 01:00:00,1494.4293497124024
2016-05-13 01:00:00,1479.8656541561018
2016-05-15 01:00:00,1456.3058471367858
2016-05-16 01:00:00,1462.5198781938589
2016-05-17 01:00:00,1476.3427253639522
2016-05-18 01:00:00,1490.0439802670535
2016-05-19 01:00:00,1503.6819578222216
2016-05-20 01:00:00,1517.303189657486
2016-05-22 01:00:00,1497.0779854771
2016-05-23 01:00:00,1492.6676959574065
2016-05-24 01:00:00,1509.9200078847764
2016-05-25 01:00:00,1527.4007444065262
2016-05-26 01:00:00,1542.1509846897518
2016-05-27 01:00:00,1556.9678986330941
2016-05-29 01:00:00,1587.4806221045724
2016-05-30 01:00:00,1598.3510197064277
2016-05-31 01:00:00,1586.684733147658
2016-06-01 01:00:00,1574.7804109373294
2016-06-02 01:00:00,1562.6654800025408
2016-06-03 01:00:00,1550.4073453571018
2016-06-05 01:00:00,1534.9572131763628
2016-06-06 01:00:00,1513.4759215947429
2016-06-07 01:00:00,1494.0452839639795
2016-06-08 01:00:00,1474.9660135575637
2016-06-09 01:00:00,1456.278169335812
2016-06-10 01:00:00,1436.9905350388685
2016-06-12 01:00:00,1400.9316842680867
2016-06-13 01:00:00,1404.331824351076
2016-06-14 01:00:00,1407.4698313913316
2016-06-15 01:00:00,1410.4330540845197
2016-06-16 01:00:00,1413.3006489308334
2016-06-17 01:00:00,1416.1396129188465
2016-06-19 01:00:00,1452.7519183453487
2016-06-20 01:00:00,1484.5445839114666
2016-06-21 01:00:00,1508.7352452076216
2016-06-22 01:00:00,1514.5932169885198
2016-06-23 01:00:00,1520.4995356250636
2016-06-24 01:00:00,1526.449467579908
2016-06-26 01:00:00,1538.4954923626497
2016-06-27 01:00:00,1523.7618638404747
2016-06-28 01:00:00,1502.449684215932
2016-06-29 01:00:00,1480.874228330398
2016-06-30 01:00:00,1459.0638257858702
2016-07-01 01:00:00,1436.0929387222786
2016-07-03 01:00:00,1311.8471154575602
2016-07-04 01:00:00,1232.8950957885686
2016-07-05 01:00:00,1174.561684884242
2016-07-06 01:00:00,1145.2798329241318
2016-07-07 01:00:00,1117.5402036649214
2016-07-08 01:00:00,1090.2486894680862
2016-07-10 01:00:00,1051.4583404947318
2016-07-11 01:00:00,1049.3390140756794
2016-07-12 01:00:00,1047.2273118856
2016-07-13 01:00:00,1045.21792454591
2016-07-14 01:00:00,1043.4017249560566
2016-07-15 01:00:00,1044.2193244206273
2016-07-17 01:00:00,1111.1257858512297
2016-07-18 01:00:00,1162.6043395578604
2016-07-19 01:00:00,1215.4548322253665
2016-07-20 01:00:00,1269.6305295103518
2016-07-21 01:00:00,1321.2665973085523
2016-07-22 01:00:00,1331.110518405245
2016-07-24 01:00:00,1341.2826347809796
2016-07-25 01:00:00,1322.2909320632702
2016-07-26 01:00:00,1303.2810343000833
2016-07-27 01:00:00,1284.272577054313
2016-07-28 01:00:00,1265.2872214700028
2016-07-29 01:00:00,1234.7949545240488
2016-07-31 01:00:00,1098.434451921156
2016-08-01 01:00:00,1025.4506012856664
2016-08-02 01:00:00,953.5234838554122
2016-08-03 01:00:00,882.8702523421294
2016-08-04 01:00:00,813.6312755006774
2016-08-05 01:00:00,766.3852665212428
2016-08-07 01:00:00,744.354572512405
2016-08-08 01:00:00,747.4076868146068
2016-08-09 01:00:00,750.4707597592578
2016-08-10 01:00:00,753.6188695236865
2016-08-11 01:00:00,756.9322957022075
2016-08-12 01:00:00,760.492019087877
2016-08-14 01:00:00,853.1993305715891
2016-08-15 01:00:00,908.2312838905104
2016-08-16 01:00:00,965.0098093794567
2016-08-17 01:00:00,1023.5573391429507
2016-08-18 01:00:00,1083.766748354032
2016-08-19 01:00:00,1145.4107210584032
2016-08-21 01:00:00,1207.4123990261044
2016-08-22 01:00:00,1189.4220690614377
2016-08-23 01:00:00,1172.0918743019374
2016-08-24 01:00:00,1155.117403652625
2016-08-25 01:00:00,1138.788008733936
2016-08-26 01:00:00,1104.0566523408224
2016-08-28 01:00:00,966.0550743934783
2016-08-29 01:00:00,900.3957464084165
2016-08-30 01:00:00,837.4893406504752
2016-08-31 01:00:00,776.2351544637802
2016-09-01 01:00:00,716.1484952626832
2016-09-02 01:00:00,657.1987622485419
2016-09-04 01:00:00,607.4609983206133
2016-09-05 01:00:00,623.1977755196624
2016-09-06 01:00:00,639.3805948976797
2016-09-07 01:00:00,656.0380609198734
2016-09-08 01:00:00,673.1940556175009
2016-09-09 01:00:00,693.2211798081061
2016-09-11 01:00:00,812.3418046680401
2016-09-12 01:00:00,881.4069107129569
2016-09-13 01:00:00,952.3349202087536
2016-09-14 01:00:00,1025.1551165657795
2016-09-15 01:00:00,1099.742533603529
2016-09-16 01:00:00,1175.793342709096
2016-09-18 01:00:00,1252.7122932053835
2016-09-19 01:00:00,1262.1503657040512
2016-09-20 01:00:00,1251.6313493814007
2016-09-21 01:00:00,1240.8467797710134
2016-09-22 01:00:00,1228.2422488120005
2016-09-23 01:00:00,1189.2267232330237
2016-09-25 01:00:00,1064.0400272755971
2016-09-26 01:00:00,1001.5879322680671
2016-09-27 01:00:00,939.9737167381409
2016-09-28 01:00:00,879.0387618911457
2016-09-29 01:00:00,818.639387970088
2016-09-30 01:00:00,771.3562122521604
2016-10-02 01:00:00,725.9973012687843
2016-10-03 01:00:00,711.3150354100353
2016-10-04 01:00:00,698.7839020143681
2016-10-05 01:00:00,704.8722301973298
2016-10-06 01:00:00,710.7467628636958
2016-10-07 01:00:00,731.9741825152337
2016-10-09 01:00:00,805.577039545922
2016-10-10 01:00:00,860.8851324179092
2016-10-11 01:00:00,917.928888443809
2016-10-12 01:00:00,978.9374395109521
2016-10-13 01:00:00,1043.2689819859345
2016-10-14 01:00:00,1109.812770365414
2016-10-16 01:00:00,1206.767238127055
2016-10-17 01:00:00,1220.5526166364127
2016-10-18 01:00:00,1234.3152541026352
2016-10-19 01:00:00,1235.6187292746422
2016-10-20 01:00:00,1205.148736065837
2016-10-21 01:00:00,1163.8055818284304
2016-10-23 01:00:00,1054.3802990027673
2016-10-24 01:00:00,992.4045203441843
2016-10-25 01:00:00,932.0679049189838
2016-10-26 01:00:00,873.0337089533997
2016-10-27 01:00:00,814.97797511507
2016-10-28 01:00:00,757.6144187013573
2016-10-30 01:00:00,680.369990235544
2016-10-31 00:00:00,651.1200025430937
2016-11-01 00:00:00,640.6782220970872
2016-11-02 00:00:00,630.2426657250732
2016-11-03 00:00:00,622.8119893724229
2016-11-04 00:00:00,652.2347830586955
2016-11-06 00:00:00,723.9024379880741
2016-11-07 00:00:00,774.7684455382771
2016-11-08 00:00:00,836.9859595397304
2016-11-09 00:00:00,901.1057861136516
2016-11-10 00:00:00,967.3958768664322
2016-11-11 00:00:00,1035.991725079889
2016-11-13 00:00:00,1148.4091341649375
2016-11-14 00:00:00,1192.2459053399712
2016-11-15 00:00:00,1236.3055448097564
2016-11-16 00:00:00,1260.6934424307847
2016-11-17 00:00:00,1249.5510423102564
2016-11-18 00:00:00,1221.9423689332195
2016-11-20 00:00:00,1139.8223347722496
2016-11-21 00:00:00,1080.0670248131055
2016-11-22 00:00:00,1022.2812278630088
2016-11-23 00:00:00,966.0593637207096
2016-11-24 00:00:00,911.5892990540693
2016-11-25 00:00:00,859.9878279204214
2016-11-27 00:00:00,800.1093526196553
2016-11-28 00:00:00,772.2747915383893
2016-11-29 00:00:00,744.2821913150655
2016-11-30 00:00:00,716.0637752754955
2016-12-01 00:00:00,702.4389987096151
2016-12-02 00:00:00,714.8939386537941
2016-12-04 00:00:00,761.7834425252727
2016-12-05 00:00:00,802.1952239813039
2016-12-06 00:00:00,858.9718037079157
2016-12-07 00:00:00,926.0170199910248
2016-12-08 00:00:00,994.8742005652581
2016-12-09 00:00:00,1065.741848755395
2016-12-11 00:00:00,1175.3595540742303
2016-12-12 00:00:00,1221.9793622160191
2016-12-13 00:00:00,1269.11686499682
2016-12-14 00:00:00,1309.259095646349
2016-12-15 00:00:00,1326.3111368995937
2016-12-16 00:00:00,1326.8563090062341
2016-12-18 00:00:00,1289.3736956261937
2016-12-19 00:00:00,1248.1635205459845
2016-12-20 00:00:00,1191.0988621016586
2016-12-21 00:00:00,1135.607345229415
2016-12-22 00:00:00,1081.2539225677638
2016-12-23 00:00:00,1032.2169100910521
2016-12-26 00:00:00,941.9452465590831
2016-12-27 00:00:00,911.2553588970261
2016-12-28 00:00:00,882.1992938954775
2016-12-29 00:00:00,874.7857832658083
2016-12-30 00:00:00,888.6708975269543
2017-01-02 00:00:00,948.9162459132085
2017-01-03 00:00:00,985.2726525674932
2017-01-04 00:00:00,1048.5046217996996
2017-01-05 00:00:00,1119.4645177219031
2017-01-06 00:00:00,1191.6406171726135
2017-01-08 00:00:00,1289.4491246975097
2017-01-09 00:00:00,1335.9775733334036
2017-01-10 00:00:00,1382.7634574935662
2017-01-11 00:00:00,1408.8570617766345
2017-01-12 00:00:00,1397.5624703207761
2017-01-13 00:00:00,1386.615244299719
2017-01-15 00:00:00,1366.0773903807064
2017-01-16 00:00:00,1356.5474746940988
2017-01-17 00:00:00,1323.2319258061157
2017-01-18 00:00:00,1268.0535688021448
2017-01-19 00:00:00,1214.3333321690243
2017-01-20 00:00:00,1177.6328708954247
2017-01-22 00:00:00,1121.0839973635148
2017-01-23 00:00:00,1092.803318026191
2017-01-24 00:00:00,1064.2384347810287
2017-01-25 00:00:00,1048.1343460071303
2017-01-26 00:00:00,1043.019917789607
2017-01-27 00:00:00,1059.8669679259233
2017-01-29 00:00:00,1094.9510644870193
2017-01-30 00:00:00,1112.7635987302294
2017-01-31 00:00:00,1130.738209917217
2017-02-01 00:00:00,1155.9215905609083
2017-02-02 00:00:00,1223.3602684920388
2017-02-03 00:00:00,1282.4110832899376
2017-02-05 00:00:00,1369.8884438061964
2017-02-06 00:00:00,1413.9934640295112
2017-02-07 00:00:00,1456.4186515953795
2017-02-08 00:00:00,1472.086031045943
2017-02-09 00:00:00,1487.6255807567434
2017-02-10 00:00:00,1493.8821732425724
2017-02-12 00:00:00,1475.3984176591464
2017-02-13 00:00:00,1466.6162711405564
2017-02-14 00:00:00,1458.1524588889308
2017-02-15 00:00:00,1435.0871697688342
2017-02-16 00:00:00,1387.6460102658996
2017-02-17 00:00:00,1358.3817145947955
2017-02-19 00:00:00,1300.7009947621916
2017-02-20 00:00:00,1271.8198996599383
2017-02-21 00:00:00,1242.7206960485719
2017-02-22 00:00:00,1237.1225144749314
2017-02-23 00:00:00,1231.2350656607632
2017-02-24 00:00:00,1225.006868632858
2017-02-26 00:00:00,1211.4161157162168
2017-02-27 00:00:00,1227.0611557616903
2017-02-28 00:00:00,1242.8411675935447
2017-03-01 00:00:00,1257.7818181479797
2017-03-02 00:00:00,1293.8076959562168
2017-03-03 00:00:00,1335.5471628591781
2017-03-05 00:00:00,1418.7938622448653
2017-03-06 00:00:00,1459.9995113185942
2017-03-07 00:00:00,1481.830949711054
2017-03-08 00:00:00,1494.4373497484419
2017-03-09 00:00:00,1506.8244595790638
2017-03-10 00:00:00,1518.9771019724224
2017-03-12 00:00:00,1542.5271217521502
2017-03-13 00:00:00,1553.9062601527876
2017-03-14 00:00:00,1546.0383576814052
2017-03-15 00:00:00,1515.3131115679498
2017-03-16 00:00:00,1504.3775030942018
2017-03-17 00:00:00,1471.0689805645418
2017-03-19 00:00:00,1407.5158809186353
2017-03-20 00:00:00,1379.4285139434069
2017-03-21 00:00:00,1364.4052232640838
2017-03-22 00:00:00,1359.5869884640654
2017-03-23 00:00:00,1354.3910961510849
2017-03-24 00:00:00,1348.7280464971714
2017-03-26 00:00:00,1330.5832784569652
2017-03-27 01:00:00,1319.3720491072254
2017-03-28 01:00:00,1314.5814803440107
2017-03-29 01:00:00,1330.2923997083408
2017-03-30 01:00:00,1334.4765176477033
2017-03-31 01:00:00,1361.0830046511908
2017-04-02 01:00:00,1448.591829933427
2017-04-03 01:00:00,1479.788985492347
2017-04-04 01:00:00,1494.0722232731362
2017-04-05 01:00:00,1508.162644104358
2017-04-06 01:00:00,1522.0721059616333
2017-04-07 01:00:00,1535.8224387842586
2017-04-09 01:00:00,1562.9369592699009
2017-04-10 01:00:00,1558.505360934892
2017-04-11 01:00:00,1548.5483983446202
2017-04-12 01:00:00,1561.7076584979693
2017-04-13 01:00:00,1556.830477072172
2017-04-16 01:00:00,1475.9289669968568
2017-04-17 01:00:00,1448.9222792563746
2017-04-18 01:00:00,1438.677430017785
2017-04-19 01:00:00,1428.2994139746634
2017-04-20 01:00:00,1417.7199600443523
2017-04-21 01:00:00,1406.8698234445462
2017-04-23 01:00:00,1384.1231393393623
2017-04-24 01:00:00,1376.4444811046292
2017-04-25 01:00:00,1392.0705448654353
2017-04-26 01:00:00,1387.0780240981244
2017-04-27 01:00:00,1404.2118015633523
2017-04-28 01:00:00,1421.3663568557417
2017-04-30 01:00:00,1497.872402214561
2017-05-01 01:00:00,1512.7206431868128
2017-05-02 01:00:00,1527.0987930300093
2017-05-03 01:00:00,1540.994576570505
2017-05-04 01:00:00,1554.4312786240614
2017-05-05 01:00:00,1567.4537214101867
2017-05-07 01:00:00,1592.4699776973437
2017-05-08 01:00:00,1585.5559832501115
2017-05-09 01:00:00,1593.8596474083304
2017-05-10 01:00:00,1583.644300218151
2017-05-11 01:00:00,1573.6021551126692
2017-05-12 01:00:00,1563.713073992868
2017-05-14 01:00:00,1521.9030987313943
2017-05-15 01:00:00,1513.7761363285954
2017-05-16 01:00:00,1505.6638322986798
2017-05-17 01:00:00,1497.5039636562806
2017-05-18 01:00:00,1489.2237673748052
2017-05-19 01:00:00,1480.7436625318153
2017-05-21 01:00:00,1460.2669914957216
2017-05-22 01:00:00,1448.9465695464005
2017-05-23 01:00:00,1430.957771024915
2017-05-24 01:00:00,1416.9819225879744
2017-05-25 01:00:00,1428.795614046
2017-05-26 01:00:00,1442.0490396152265
2017-05-28 01:00:00,1470.018695050068
2017-05-29 01:00:00,1481.1368358376135
2017-05-30 01:00:00,1490.659309114471
2017-05-31 01:00:00,1499.3524770230838
2017-06-01 01:00:00,1507.5668649343406
2017-06-02 01:00:00,1515.3470641492124
2017-06-04 01:00:00,1529.8565299262348
2017-06-05 01:00:00,1559.997424586223
2017-06-06 01:00:00,1576.4055898820873
2017-06-07 01:00:00,1584.9145119201075
2017-06-08 01:00:00,1593.324398630127
2017-06-09 01:00:00,1583.5054736167488
2017-06-11 01:00:00,1578.8277354725537
2017-06-12 01:00:00,1568.558337357085
2017-06-13 01:00:00,1558.2484631990428
2017-06-14 01:00:00,1547.8539426980446
2017-06-15 01:00:00,1537.3200957037986
2017-06-16 01:00:00,1526.5833260497263
2017-06-18 01:00:00,1504.2303319801304
2017-06-19 01:00:00,1481.966990552413
2017-06-20 01:00:00,1437.2277978001314
2017-06-21 01:00:00,1394.415137515813
2017-06-22 01:00:00,1374.9495462000561
2017-06-23 01:00:00,1355.2653697563342
2017-06-25 01:00:00,1293.6794160787408
2017-06-26 01:00:00,1298.051169263622
2017-06-27 01:00:00,1302.1278169879886
2017-06-28 01:00:00,1305.857020331178
2017-06-29 01:00:00,1309.8506856405631
2017-06-30 01:00:00,1315.6959739705785
2017-07-02 01:00:00,1341.5848246815285
2017-07-03 01:00:00,1371.0661927762185
2017-07-04 01:00:00,1400.1204367920952
2017-07-05 01:00:00,1428.9307192549663
2017-07-06 01:00:00,1440.1408119360503
2017-07-07 01:00:00,1447.1301281991618
2017-07-09 01:00:00,1507.6515007789874
2017-07-10 01:00:00,1529.5448906159577
2017-07-11 01:00:00,1535.2298373903836
2017-07-12 01:00:00,1522.7424377926309
2017-07-13 01:00:00,1510.0600753602387
2017-07-14 01:00:00,1497.147904911567
2017-07-16 01:00:00,1470.4802819288116
2017-07-17 01:00:00,1430.963887372575
2017-07-18 01:00:00,1389.1766447398968
2017-07-19 01:00:00,1346.4231111743402
2017-07-20 01:00:00,1302.8266492683551
2017-07-21 01:00:00,1267.096634568284
2017-07-23 01:00:00,1173.4264758683435
2017-07-24 01:00:00,1141.4194577427838
2017-07-25 01:00:00,1122.1517653964065
2017-07-26 01:00:00,1117.1346530276305
2017-07-27 01:00:00,1122.0915037099794
2017-07-28 01:00:00,1126.7140208135118
2017-07-30 01:00:00,1161.3567405014833
2017-07-31 01:00:00,1189.5685687349117
2017-08-01 01:00:00,1217.321584778961
2017-08-02 01:00:00,1244.8293283459386
2017-08-03 01:00:00,1272.293939452065
2017-08-04 01:00:00,1317.481676491349
2017-08-06 01:00:00,1385.7097469469136
2017-08-07 01:00:00,1416.9204993028425
2017-08-08 01:00:00,1433.47729612284
2017-08-09 01:00:00,1441.746361566254
2017-08-10 01:00:00,1442.4671487873889
2017-08-11 01:00:00,1425.5171002097604
2017-08-13 01:00:00,1378.2052728366823
2017-08-14 01:00:00,1333.3393946895112
2017-08-15 01:00:00,1287.8189391446576
2017-08-16 01:00:00,1241.6907102629125
2017-08-17 01:00:00,1195.0401556907755
2017-08-18 01:00:00,1120.1116749485468
2017-08-20 01:00:00,990.504245272077
2017-08-21 01:00:00,941.1325535782805
2017-08-22 01:00:00,914.5957259541152
2017-08-23 01:00:00,909.9405981447147
2017-08-24 01:00:00,916.9150029548755
2017-08-25 01:00:00,923.6136382130319
2017-08-27 01:00:00,969.6218436810256
2017-08-28 01:00:00,999.7818048494148
2017-08-29 01:00:00,1029.3731296432097
2017-08-30 01:00:00,1058.5872146129989
2017-08-31 01:00:00,1097.8744493959891
2017-09-01 01:00:00,1151.0041707937548
2017-09-03 01:00:00,1258.8671913568357
2017-09-04 01:00:00,1305.7578171128318
2017-09-05 01:00:00,1340.493228197377
2017-09-06 01:00:00,1328.5598473723503
2017-09-07 01:00:00,1312.3718455031194
2017-09-08 01:00:00,1295.8054944559772
2017-09-10 01:00:00,1237.8784420800637
2017-09-11 01:00:00,1192.8762623586547
2017-09-12 01:00:00,1147.5783920113167
2017-09-13 01:00:00,1102.1061936402625
2017-09-14 01:00:00,1036.0860290753687
2017-09-15 01:00:00,962.6064876677632
2017-09-17 01:00:00,816.7830763022569
2017-09-18 01:00:00,746.0266063081414
2017-09-19 01:00:00,705.2080732698441
2017-09-20 01:00:00,709.824048080915
2017-09-21 01:00:00,714.1840643868559
2017-09-22 01:00:00,718.2725558833829
2017-09-24 01:00:00,764.0887614281439
2017-09-25 01:00:00,791.5731040049043
2017-09-26 01:00:00,818.5418649663319
2017-09-27 01:00:00,845.4258955377882
2017-09-28 01:00:00,895.7897164643206
2017-09-29 01:00:00,946.3644754125836
2017-10-01 01:00:00,1049.78254637104
2017-10-02 01:00:00,1103.3744369639344
2017-10-03 01:00:00,1158.6059069841956
2017-10-04 01:00:00,1208.4207435183387
2017-10-05 01:00:00,1216.350614548035
2017-10-06 01:00:00,1212.4972034541029
2017-10-08 01:00:00,1149.6114785104642
2017-10-09 01:00:00,1105.8176015558718
2017-10-10 01:00:00,1062.1521135764442
2017-10-11 01:00:00,1007.2370181033443
2017-10-12 01:00:00,936.4059945326626
2017-10-13 01:00:00,866.5190473962697
2017-10-15 01:00:00,729.5392243772112
2017-10-16 01:00:00,662.3275703619165
2017-10-17 01:00:00,595.8992858695858
2017-10-18 01:00:00,543.1158815976321
2017-10-19 01:00:00,525.8151197279427
2017-10-20 01:00:00,511.66493749140886
2017-10-22 01:00:00,559.3578120384078
2017-10-23 01:00:00,590.8087419029328
2017-10-24 01:00:00,621.8386035180409
2017-10-25 01:00:00,664.8409369959845
2017-10-26 01:00:00,719.1326717151853
2017-10-27 01:00:00,773.6049806136523
2017-10-29 01:00:00,884.7765943222082
2017-10-30 00:00:00,940.3371614903633
2017-10-31 00:00:00,999.6505535159001
2017-11-01 00:00:00,1061.0507029415105
2017-11-02 00:00:00,1116.467129842867
2017-11-03 00:00:00,1154.2674836151375
2017-11-05 00:00:00,1143.3036344510936
2017-11-06 00:00:00,1109.973566753325
2017-11-07 00:00:00,1067.314184748709
2017-11-08 00:00:00,999.1156525466965
2017-11-09 00:00:00,929.3492213139439
2017-11-10 00:00:00,861.1362667759623
2017-11-12 00:00:00,729.2832542750023
2017-11-13 00:00:00,665.3311434029049
2017-11-14 00:00:00,603.7959401849008
2017-11-15 00:00:00,543.8360808723559
2017-11-16 00:00:00,504.22530570894367
2017-11-17 00:00:00,469.2423995231302
2017-11-19 00:00:00,482.3367736491969
2017-11-20 00:00:00,493.5654709567804
2017-11-21 00:00:00,515.8486573930372
2017-11-22 00:00:00,570.7304221511654
2017-11-23 00:00:00,626.5672587734638
2017-11-24 00:00:00,682.5199324150782
2017-11-26 00:00:00,796.1990071807256
2017-11-27 00:00:00,854.7437161151106
2017-11-28 00:00:00,914.9793256429853
2017-11-29 00:00:00,977.9970960789301
2017-11-30 00:00:00,1043.401433769719
2017-12-01 00:00:00,1095.1618269450164
2017-12-03 00:00:00,1136.227899238263
2017-12-04 00:00:00,1120.263625984243
2017-12-05 00:00:00,1088.330224444647
2017-12-06 00:00:00,1010.9917636835471
2017-12-07 00:00:00,934.9811528819083
2017-12-08 00:00:00,860.9588154102229
2017-12-10 00:00:00,717.511694796837
2017-12-11 00:00:00,647.9715556104999
2017-12-12 00:00:00,579.691533193219
2017-12-13 00:00:00,512.5161144415289
2017-12-14 00:00:00,449.8544994422242
2017-12-15 00:00:00,413.7753877665008
2017-12-17 00:00:00,385.65071931857483
2017-12-18 00:00:00,392.8248840084674
2017-12-19 00:00:00,437.45200108875065
2017-12-20 00:00:00,495.4250250356463
2017-12-21 00:00:00,553.2824048900846
2017-12-22 00:00:00,611.225722493191
2017-12-25 00:00:00,788.4304564120789
2017-12-26 00:00:00,850.3825964318287
2017-12-27 00:00:00,915.788761731395
2017-12-28 00:00:00,983.2448506491539
2017-12-29 00:00:00,1052.903596145656
2018-01-01 00:00:00,1100.32268490979
2018-01-02 00:00:00,1068.9604645079667
2018-01-03 00:00:00,998.8283937982634
2018-01-04 00:00:00,929.8684326374427
2018-01-05 00:00:00,862.6897706804415
2018-01-07 00:00:00,734.8957507767177
2018-01-08 00:00:00,675.230832820318
2018-01-09 00:00:00,617.5639905292744
2018-01-10 00:00:00,561.5713522744837
2018-01-11 00:00:00,506.9183743376728
2018-01-12 00:00:00,478.30561983254813
2018-01-14 00:00:00,467.01835139448724
2018-01-15 00:00:00,463.1498084263667
2018-01-16 00:00:00,494.7210398295772
2018-01-17 00:00:00,535.4516491990631
2018-01-18 00:00:00,591.6923622065626
2018-01-19 00:00:00,654.5708628263835
2018-01-21 00:00:00,782.5088500615586
2018-01-22 00:00:00,847.9543178171591
2018-01-23 00:00:00,914.6770942812236
2018-01-24 00:00:00,982.9048469448765
2018-01-25 00:00:00,1052.8397897603415
2018-01-26 00:00:00,1124.6182347739405
2018-01-28 00:00:00,1182.6888296172517
2018-01-29 00:00:00,1201.745527880921
2018-01-30 00:00:00,1193.5593411888728
2018-01-31 00:00:00,1174.5738916550508
2018-02-01 00:00:00,1136.082939129849
2018-02-02 00:00:00,1073.0102364477275
2018-02-04 00:00:00,952.4369828430018
2018-02-05 00:00:00,895.3999035511065
2018-02-06 00:00:00,840.5130809124278
2018-02-07 00:00:00,787.5716760308125
2018-02-08 00:00:00,737.9359983041614
2018-02-09 00:00:00,711.9800677251476
2018-02-11 00:00:00,699.9697579276706
2018-02-12 00:00:00,706.6523231397646
2018-02-13 00:00:00,727.7205718750079
2018-02-14 00:00:00,748.9334595859356
2018-02-15 00:00:00,770.3333358734076
2018-02-16 00:00:00,797.0167777718757
2018-02-18 00:00:00,913.4769209401919
2018-02-19 00:00:00,981.0314597093834
2018-02-20 00:00:00,1049.7223233517016
2018-02-21 00:00:00,1119.586239913918
2018-02-22 00:00:00,1190.653902772173
2018-02-23 00:00:00,1248.6452009765715
2018-02-25 00:00:00,1319.7675674538725
2018-02-26 00:00:00,1327.8880762273902
2018-02-27 00:00:00,1318.364420379056
2018-02-28 00:00:00,1308.7803944669893
2018-03-01 00:00:00,1299.2248890024985
2018-03-02 00:00:00,1289.796097151296
2018-03-04 00:00:00,1219.9528270215228
2018-03-05 00:00:00,1163.5922483824813
2018-03-06 00:00:00,1109.8782357094221
2018-03-07 00:00:00,1057.8512370704932
2018-03-08 00:00:00,1022.7315088518752
2018-03-09 00:00:00,997.5902887765878
2018-03-11 00:00:00,969.4823612002439
2018-03-12 00:00:00,988.2187667361835
2018-03-13 00:00:00,1008.6364698242005
2018-03-14 00:00:00,1028.688092969836
2018-03-15 00:00:00,1048.3975952718251
2018-03-16 00:00:00,1067.777408650717
2018-03-18 00:00:00,1105.5285889041913
2018-03-19 00:00:00,1126.1948400860676
2018-03-20 00:00:00,1194.3771002954727
2018-03-21 00:00:00,1264.7172581661632
2018-03-22 00:00:00,1328.3512433595515
2018-03-23 00:00:00,1372.2675106387157
2018-03-25 00:00:00,1450.9186449736187
2018-03-26 01:00:00,1439.4179491031605
2018-03-27 01:00:00,1428.1399189298313
2018-03-28 01:00:00,1416.7580995680378
2018-03-29 01:00:00,1405.3282912223983
2018-04-01 01:00:00,1361.0663996148664
2018-04-02 01:00:00,1321.741726155189
2018-04-03 01:00:00,1262.2549707291844
2018-04-04 01:00:00,1212.4922230537607
2018-04-05 01:00:00,1179.7705649718594
2018-04-06 01:00:00,1147.972166223472
2018-04-08 01:00:00,1106.748418463461
2018-04-09 01:00:00,1122.8170595197105
2018-04-10 01:00:00,1139.1807857975493
2018-04-11 01:00:00,1155.943265763309
2018-04-12 01:00:00,1173.1952019279358
2018-04-13 01:00:00,1191.0085816389999
2018-04-15 01:00:00,1242.885581979588
2018-04-16 01:00:00,1289.5444145468277
2018-04-17 01:00:00,1337.1743473907986
2018-04-18 01:00:00,1381.531150207848
2018-04-19 01:00:00,1425.1365860272447
2018-04-20 01:00:00,1469.0248897356864
2018-04-22 01:00:00,1532.7535852114052
2018-04-23 01:00:00,1521.0411015921513
2018-04-24 01:00:00,1509.4856340186352
2018-04-25 01:00:00,1498.0916728530751
2018-04-26 01:00:00,1486.865500577473
2018-04-27 01:00:00,1475.820988308447
2018-04-29 01:00:00,1424.8241091929751
2018-04-30 01:00:00,1390.159173531077
2018-05-01 01:00:00,1362.8389726617013
2018-05-02 01:00:00,1355.4706445058523
2018-05-03 01:00:00,1333.5682228750015
2018-05-04 01:00:00,1305.062405229712
2018-05-06 01:00:00,1279.2166703401642
2018-05-07 01:00:00,1294.180597587524
2018-05-08 01:00:00,1313.6460150789524
2018-05-09 01:00:00,1333.3717536255076
2018-05-10 01:00:00,1353.4442508931957
2018-05-11 01:00:00,1373.9415194939215
2018-05-13 01:00:00,1416.4283267645737
2018-05-14 01:00:00,1444.7575477496473
2018-05-15 01:00:00,1491.3843381569584
2018-05-16 01:00:00,1510.8234846683545
2018-05-17 01:00:00,1530.4873786546677
2018-05-18 01:00:00,1557.045445495332
2018-05-20 01:00:00,1605.2085756168594
2018-05-21 01:00:00,1596.1293023215974
2018-05-22 01:00:00,1585.6210140125843
2018-05-23 01:00:00,1575.3603552084946
2018-05-24 01:00:00,1562.1105408208775
2018-05-25 01:00:00,1548.2456173793257
2018-05-27 01:00:00,1519.0687143015896
2018-05-28 01:00:00,1508.7987206086834
2018-05-29 01:00:00,1511.730452696642
2018-05-30 01:00:00,1500.563034551204
2018-05-31 01:00:00,1489.6029899185303
2018-06-01 01:00:00,1479.7094819622673
2018-06-03 01:00:00,1477.0015475575888
2018-06-04 01:00:00,1484.0263672349506
2018-06-05 01:00:00,1499.1764493492606
2018-06-06 01:00:00,1514.4703038126822
2018-06-07 01:00:00,1529.9883876976155
2018-06-08 01:00:00,1545.8088661250358
2018-06-10 01:00:00,1578.6095723285316
2018-06-11 01:00:00,1595.6557242780373
2018-06-12 01:00:00,1589.456536004949
2018-06-13 01:00:00,1578.026629305131
2018-06-14 01:00:00,1566.3255435355493
2018-06-15 01:00:00,1558.7887787778286
2018-06-17 01:00:00,1532.7932595924858
2018-06-18 01:00:00,1511.0412737003808
2018-06-19 01:00:00,1489.682768484858
2018-06-20 01:00:00,1468.7457657983277
2018-06-21 01:00:00,1448.231149843159
2018-06-22 01:00:00,1427.3769893189117
2018-06-24 01:00:00,1387.6410020328517
2018-06-25 01:00:00,1391.557357379026
2018-06-26 01:00:00,1395.366261024012
2018-06-27 01:00:00,1399.092784887532
2018-06-28 01:00:00,1402.762054235889
2018-06-29 01:00:00,1428.5790675463318
2018-07-01 01:00:00,1470.836642333361
2018-07-02 01:00:00,1498.45827303607
2018-07-03 01:00:00,1507.7196851266444
2018-07-04 01:00:00,1517.1336645004255
2018-07-05 01:00:00,1526.770389925664
2018-07-06 01:00:00,1535.1969856842938
2018-07-08 01:00:00,1550.915966863307
2018-07-09 01:00:00,1544.7941677917422
2018-07-10 01:00:00,1525.8014850092172
2018-07-11 01:00:00,1506.5256443534618
2018-07-12 01:00:00,1487.0504592896039
2018-07-13 01:00:00,1438.7860487133928
2018-07-15 01:00:00,1316.6352171686706
2018-07-16 01:00:00,1266.1020637885913
2018-07-17 01:00:00,1238.115008830898
2018-07-18 01:00:00,1216.1591173659883
2018-07-19 01:00:00,1194.8994656751208
2018-07-20 01:00:00,1174.3418341426793
2018-07-22 01:00:00,1158.3727752407067
2018-07-23 01:00:00,1164.5276487308165
2018-07-24 01:00:00,1170.8652709778657
2018-07-25 01:00:00,1177.4503550176153
2018-07-26 01:00:00,1204.0657924270013
2018-07-27 01:00:00,1235.2395810997982
2018-07-29 01:00:00,1330.3224459433573
2018-07-30 01:00:00,1370.2473870165238
2018-07-31 01:00:00,1403.3208995479424
2018-08-01 01:00:00,1433.645018332982
2018-08-02 01:00:00,1445.5580320410745
2018-08-03 01:00:00,1457.9139501219058
2018-08-05 01:00:00,1479.8555905585
2018-08-06 01:00:00,1466.823820801158
2018-08-07 01:00:00,1453.529659102231
2018-08-08 01:00:00,1439.9417868895932
2018-08-09 01:00:00,1407.1098648892832
2018-08-10 01:00:00,1363.1876961123653
2018-08-12 01:00:00,1246.2072583074737
2018-08-13 01:00:00,1202.9268991361434
2018-08-14 01:00:00,1160.1566430978587
2018-08-15 01:00:00,1124.332359733724
2018-08-16 01:00:00,1108.8391857921747
2018-08-17 01:00:00,1093.3430054606274
2018-08-19 01:00:00,1099.0084291108142
2018-08-20 01:00:00,1107.5721619059846
2018-08-21 01:00:00,1115.3831337826755
2018-08-22 01:00:00,1138.1119046000986
2018-08-23 01:00:00,1168.4930993848202
2018-08-24 01:00:00,1209.5839742915991
2018-08-26 01:00:00,1288.3815600442247
2018-08-27 01:00:00,1319.0901846329969
2018-08-28 01:00:00,1349.9104080023608
2018-08-29 01:00:00,1380.9218030025197
2018-08-30 01:00:00,1412.2006489066014
2018-08-31 01:00:00,1428.6055982402547
2018-09-02 01:00:00,1426.0206072214569
2018-09-03 01:00:00,1407.3622143686268
2018-09-04 01:00:00,1388.2864386836934
2018-09-05 01:00:00,1358.6429324454857
2018-09-06 01:00:00,1310.2275143168472
2018-09-07 01:00:00,1246.8510178929334
2018-09-09 01:00:00,1089.8549866857988
2018-09-10 01:00:00,1036.637488294307
2018-09-11 01:00:00,983.9794907538662
2018-09-12 01:00:00,932.24225081126
2018-09-13 01:00:00,883.146557123782
2018-09-14 01:00:00,859.5305792824744
2018-09-16 01:00:00,859.817972912097
2018-09-17 01:00:00,862.1496037032942
2018-09-18 01:00:00,872.879842965407
2018-09-19 01:00:00,899.109520368379
2018-09-20 01:00:00,925.3319553611001
2018-09-21 01:00:00,972.221199497101
2018-09-23 01:00:00,1073.635642140312
2018-09-24 01:00:00,1125.8082326646252
2018-09-25 01:00:00,1179.1353734096372
2018-09-26 01:00:00,1218.8623766994463
2018-09-27 01:00:00,1252.2502383898418
2018-09-28 01:00:00,1285.1922866337247
2018-09-30 01:00:00,1272.9769458633111
2018-10-01 01:00:00,1255.5728047201342
2018-10-02 01:00:00,1235.8640993551203
2018-10-03 01:00:00,1190.7127397637923
2018-10-04 01:00:00,1145.1845121860943
2018-10-05 01:00:00,1081.9585897322404
2018-10-07 01:00:00,934.007094882198
2018-10-08 01:00:00,860.1291510787831
2018-10-09 01:00:00,786.9333107579334
2018-10-10 01:00:00,714.9096324871504
2018-10-11 01:00:00,665.7754260119377
2018-10-12 01:00:00,648.9545442705489
2018-10-14 01:00:00,665.8805823400684
2018-10-15 01:00:00,674.176835226902
2018-10-16 01:00:00,705.2185363116748
2018-10-17 01:00:00,741.1391120911019
2018-10-18 01:00:00,777.1065320276341
2018-10-19 01:00:00,826.3129591270164
2018-10-21 01:00:00,947.1831483947935
2018-10-22 01:00:00,1009.5095193446008
2018-10-23 01:00:00,1073.3238130233124
2018-10-24 01:00:00,1138.6450365506548
2018-10-25 01:00:00,1200.6416088717901
2018-10-26 01:00:00,1240.3657807096806
2018-10-28 01:00:00,1239.0296027342256
2018-10-29 00:00:00,1228.1762097775468
2018-10-30 00:00:00,1198.5622412724322
2018-10-31 00:00:00,1161.5312232346794
2018-11-01 00:00:00,1124.3667813598897
2018-11-02 00:00:00,1078.0146923349237
2018-11-04 00:00:00,949.5068471754183
2018-11-05 00:00:00,885.3427754506092
2018-11-06 00:00:00,821.5465546570913
2018-11-07 00:00:00,775.5053001285769
2018-11-08 00:00:00,740.9258321089497
2018-11-09 00:00:00,711.1164950021177
2018-11-11 00:00:00,728.1992299652077
2018-11-12 00:00:00,751.7095883741129
2018-11-13 00:00:00,790.7305385802057
2018-11-14 00:00:00,829.2284957803192
2018-11-15 00:00:00,867.4596099325005
2018-11-16 00:00:00,905.7021210247954
2018-11-18 00:00:00,1025.1936699334815
2018-11-19 00:00:00,1088.8632741225088
2018-11-20 00:00:00,1154.1340612058432
2018-11-21 00:00:00,1210.9632145482142
2018-11-22 00:00:00,1253.0251793008122
2018-11-23 00:00:00,1296.0699318147003
2018-11-25 00:00:00,1302.4198629484297
2018-11-26 00:00:00,1280.8020600111429
2018-11-27 00:00:00,1237.487856115863
2018-11-28 00:00:00,1194.522733224985
2018-11-29 00:00:00,1154.7233829884872
2018-11-30 00:00:00,1115.1545376606045
2018-12-02 00:00:00,987.2948649435966
2018-12-03 00:00:00,922.5302712390508
2018-12-04 00:00:00,860.3410729312953
2018-12-05 00:00:00,821.9801774651507
2018-12-06 00:00:00,785.2036771475814
2018-12-07 00:00:00,782.191709994923
2018-12-09 00:00:00,806.2153215687246
2018-12-10 00:00:00,835.5026098502149
2018-12-11 00:00:00,869.6036101831229
2018-12-12 00:00:00,902.9300534734664
2018-12-13 00:00:00,935.7139003438496
2018-12-14 00:00:00,968.2166422259988
2018-12-16 00:00:00,1054.8760468246296
2018-12-17 00:00:00,1111.8146433316783
2018-12-18 00:00:00,1170.2178809383463
2018-12-19 00:00:00,1230.3616263002873
2018-12-20 00:00:00,1273.1622748497698
2018-12-21 00:00:00,1310.7216088680225
2018-12-23 00:00:00,1293.3766961581591
2018-12-24 00:00:00,1260.6268223325442
2018-12-25 00:00:00,1217.1011818160282
2018-12-26 00:00:00,1173.8515850051538
2018-12-27 00:00:00,1131.1519876274583
2018-12-28 00:00:00,1089.188706625684
2018-12-30 00:00:00,974.0515820280564
2018-12-31 00:00:00,909.1995057000361
2019-01-01 00:00:00,845.6451279115311
2019-01-02 00:00:00,783.9848016032156
2019-01-03 00:00:00,746.0101496629865
2019-01-04 00:00:00,723.7314968805849
2019-01-06 00:00:00,729.5914016645368
2019-01-07 00:00:00,761.9456358409861
2019-01-08 00:00:00,793.976865981897
2019-01-09 00:00:00,825.7913295765654
2019-01-10 00:00:00,857.5198854734164
2019-01-11 00:00:00,889.3200684757904
2019-01-13 00:00:00,954.1427169467047
2019-01-14 00:00:00,1012.0191416670759
2019-01-15 00:00:00,1073.0278645366125
2019-01-16 00:00:00,1135.8760293521623
2019-01-17 00:00:00,1200.8038906910065
2019-01-18 00:00:00,1262.796497381584
2019-01-20 00:00:00,1295.022793677283
2019-01-21 00:00:00,1276.0390184879593
2019-01-22 00:00:00,1234.2772802135369
2019-01-23 00:00:00,1193.4834521383757
2019-01-24 00:00:00,1154.18180951271
2019-01-25 00:00:00,1115.7842807478219
2019-01-27 00:00:00,1026.5461742505806
2019-01-28 00:00:00,966.3149856530688
2019-01-29 00:00:00,908.0114252408597
2019-01-30 00:00:00,851.3958139613196
2019-01-31 00:00:00,796.1852699925937
2019-02-01 00:00:00,770.724562675745
2019-02-03 00:00:00,772.1006987756252
2019-02-04 00:00:00,788.2941749715956
2019-02-05 00:00:00,804.4840814366862
2019-02-06 00:00:00,834.6655409273292
2019-02-07 00:00:00,871.1076735883428
2019-02-08 00:00:00,907.7491289103848
2019-02-10 00:00:00,982.0929954482381
2019-02-11 00:00:00,1023.5077061025798
2019-02-12 00:00:00,1086.1409172811188
2019-02-13 00:00:00,1150.3124096716238
2019-02-14 00:00:00,1216.291838090524
2019-02-15 00:00:00,1280.4322864914573
2019-02-17 00:00:00,1346.904246211502
2019-02-18 00:00:00,1334.2621582677937
2019-02-19 00:00:00,1322.5169362357406
2019-02-20 00:00:00,1311.60873044535
2019-02-21 00:00:00,1295.3683219427758
2019-02-22 00:00:00,1257.8869413485195
2019-02-24 00:00:00,1185.8503174142668
2019-02-25 00:00:00,1129.4318088207544
2019-02-26 00:00:00,1071.2920552125422
2019-02-27 00:00:00,1014.8815089624466
2019-02-28 00:00:00,969.2047749848498
2019-03-01 00:00:00,939.0721447647868
2019-03-03 00:00:00,909.5004590125279
2019-03-04 00:00:00,923.7194938991644
2019-03-05 00:00:00,937.4956414222202
2019-03-06 00:00:00,950.8699232946954
2019-03-07 00:00:00,963.8809497278096
2019-03-08 00:00:00,981.667022248701
2019-03-10 00:00:00,1057.1516442078018
2019-03-11 00:00:00,1095.4765653423385
2019-03-12 00:00:00,1143.0158320816047
2019-03-13 00:00:00,1207.058627002959
2019-03-14 00:00:00,1272.451996273029
2019-03-15 00:00:00,1323.4427490386913
2019-03-17 00:00:00,1385.8988201499428
2019-03-18 00:00:00,1400.09213216824
2019-03-19 00:00:00,1398.0495740536792
2019-03-20 00:00:00,1385.0827230806392
2019-03-21 00:00:00,1351.9072201859258
2019-03-22 00:00:00,1307.9802059262438
2019-03-24 00:00:00,1223.9889218655264
2019-03-25 00:00:00,1182.9708654554556
2019-03-26 00:00:00,1120.0165489214967
2019-03-27 00:00:00,1059.6179571388313
2019-03-28 00:00:00,1023.6241782140171
2019-03-29 00:00:00,991.4428652231859
2019-03-31 00:00:00,972.0545982861465
2019-04-01 01:00:00,964.9357543530672
2019-04-02 01:00:00,958.4166715516631
2019-04-03 01:00:00,968.7985591932413
2019-04-04 01:00:00,1006.5534881753473
2019-04-05 01:00:00,1045.5863824210492
2019-04-07 01:00:00,1125.5227857830942
2019-04-08 01:00:00,1166.442761190528
2019-04-09 01:00:00,1208.0024390506621
2019-04-10 01:00:00,1267.3183486829098
2019-04-11 01:00:00,1327.5875732379648
2019-04-12 01:00:00,1369.9472252609341
2019-04-14 01:00:00,1418.1348893151392
2019-04-15 01:00:00,1434.3650146133193
2019-04-16 01:00:00,1450.8718461442295
2019-04-17 01:00:00,1467.5815596149994
2019-04-18 01:00:00,1447.0078815982868
2019-04-21 01:00:00,1338.5377051727064
2019-04-22 01:00:00,1304.7177971218919
2019-04-23 01:00:00,1265.2027757586582
2019-04-24 01:00:00,1224.4713464195163
2019-04-25 01:00:00,1196.089177454778
2019-04-26 01:00:00,1179.9020196921647
2019-04-28 01:00:00,1174.7852509687725
2019-04-29 01:00:00,1172.495633944402
2019-04-30 01:00:00,1170.271615742322
2019-05-01 01:00:00,1168.0408183066559
2019-05-02 01:00:00,1165.7454603805852
2019-05-03 01:00:00,1173.2044009157723
2019-05-05 01:00:00,1250.8220167400127
2019-05-06 01:00:00,1293.9977930907019
2019-05-07 01:00:00,1336.6120272404407
2019-05-08 01:00:00,1376.7299975192952
2019-05-09 01:00:00,1419.0600705243808
2019-05-10 01:00:00,1457.7837028148936
2019-05-12 01:00:00,1488.816461556115
2019-05-13 01:00:00,1504.5842463842434
2019-05-14 01:00:00,1520.4874547045365
2019-05-15 01:00:00,1536.4786843659049
2019-05-16 01:00:00,1552.489219910046
2019-05-17 01:00:00,1568.3430700158824
2019-05-19 01:00:00,1538.3183016034823
2019-05-20 01:00:00,1506.3186546232278
2019-05-21 01:00:00,1484.6947693698282
2019-05-22 01:00:00,1469.5307296063454
2019-05-23 01:00:00,1445.7755329489391
2019-05-24 01:00:00,1443.7556160491033
2019-05-26 01:00:00,1440.2121273349994
2019-05-27 01:00:00,1438.496352414169
2019-05-28 01:00:00,1436.6871274677326
2019-05-29 01:00:00,1434.6920608120133
2019-05-30 01:00:00,1432.4291043009878
2019-05-31 01:00:00,1429.8312241486421
2019-06-02 01:00:00,1420.227881393996
2019-06-03 01:00:00,1436.4903707199403
2019-06-04 01:00:00,1451.9145382907266
2019-06-05 01:00:00,1449.2886341188425
2019-06-06 01:00:00,1472.7428697889695
2019-06-07 01:00:00,1485.9471116270024
2019-06-09 01:00:00,1509.708425619867
2019-06-10 01:00:00,1521.6660698115986
2019-06-11 01:00:00,1533.6245238431025
2019-06-12 01:00:00,1545.5470528854469
2019-06-13 01:00:00,1557.395377669653
2019-06-14 01:00:00,1569.1296597088053
2019-06-16 01:00:00,1589.23542368012
2019-06-17 01:00:00,1580.7623547148603
2019-06-18 01:00:00,1590.2933878640924
2019-06-19 01:00:00,1600.1252356105588
2019-06-20 01:00:00,1604.5035157805157
2019-06-21 01:00:00,1594.141551282108
2019-06-23 01:00:00,1573.7026982552716
2019-06-24 01:00:00,1562.5404937423157
2019-06-25 01:00:00,1549.551836859059
2019-06-26 01:00:00,1536.3898222100277
2019-06-27 01:00:00,1522.9766400838748
2019-06-28 01:00:00,1509.240980441148
2019-06-30 01:00:00,1480.5832374465042
2019-07-01 01:00:00,1465.6027083506476
2019-07-02 01:00:00,1427.8441187786511
2019-07-03 01:00:00,1409.383121188145
2019-07-04 01:00:00,1369.7538329541399
2019-07-05 01:00:00,1359.7949195951455
2019-07-07 01:00:00,1376.5266371587086
2019-07-08 01:00:00,1384.8801369456166
2019-07-09 01:00:00,1393.3086385385968
2019-07-10 01:00:00,1402.9367017097052
2019-07-11 01:00:00,1412.5504515978942
2019-07-12 01:00:00,1422.135622149574
2019-07-14 01:00:00,1446.6432637075898
2019-07-15 01:00:00,1481.8994447078037
2019-07-16 01:00:00,1516.6621067990304
2019-07-17 01:00:00,1550.499482263563
2019-07-18 01:00:00,1569.6110122780806
2019-07-19 01:00:00,1558.4376048635509
2019-07-21 01:00:00,1529.3443139138224
2019-07-22 01:00:00,1514.8648898011918
2019-07-23 01:00:00,1500.3376782084515
2019-07-24 01:00:00,1485.684144449342
2019-07-25 01:00:00,1470.9372313377896
2019-07-26 01:00:00,1459.3401715936227
2019-07-28 01:00:00,1434.5743013333515
2019-07-29 01:00:00,1403.2872526269598
2019-07-30 01:00:00,1361.346744088638
2019-07-31 01:00:00,1305.2616526674883
2019-08-01 01:00:00,1260.185722381094
2019-08-02 01:00:00,1245.35205032684
2019-08-04 01:00:00,1263.9001219033871
2019-08-05 01:00:00,1272.1843038324084
2019-08-06 01:00:00,1279.6539611257374
2019-08-07 01:00:00,1286.2445006622322
2019-08-08 01:00:00,1291.9343218741296
2019-08-09 01:00:00,1296.7375477777296
2019-08-11 01:00:00,1331.0240409121745
2019-08-12 01:00:00,1358.5385088595217
2019-08-13 01:00:00,1401.0758486351735
2019-08-14 01:00:00,1446.2139594188236
2019-08-15 01:00:00,1473.764543387618
2019-08-16 01:00:00,1488.1233030610795
2019-08-18 01:00:00,1453.416004273167
2019-08-19 01:00:00,1435.779825298574
2019-08-20 01:00:00,1417.9300090796767
2019-08-21 01:00:00,1399.8388204087578
2019-08-22 01:00:00,1381.470295381564
2019-08-23 01:00:00,1362.7809207199114
2019-08-25 01:00:00,1316.6089194485128
2019-08-26 01:00:00,1271.193506024078
2019-08-27 01:00:00,1220.973262693537
2019-08-28 01:00:00,1144.1696022107287
2019-08-29 01:00:00,1065.2979828954244
2019-08-30 01:00:00,984.8342410586711
2019-09-01 01:00:00,950.1044408456565
2019-09-02 01:00:00,952.2590602700899
2019-09-03 01:00:00,954.1780756270998
2019-09-04 01:00:00,956.7853921288063
2019-09-05 01:00:00,960.5766755475445
2019-09-06 01:00:00,963.9861376107526
2019-09-08 01:00:00,1013.5660036920134
2019-09-09 01:00:00,1052.6188650268066
2019-09-10 01:00:00,1103.7142422050727
2019-09-11 01:00:00,1154.1758184547716
2019-09-12 01:00:00,1204.2652544483553
2019-09-13 01:00:00,1254.190009449725
2019-09-15 01:00:00,1323.6858104940252
2019-09-16 01:00:00,1310.3748338618873
2019-09-17 01:00:00,1296.9948480003686
2019-09-18 01:00:00,1283.517297304137
2019-09-19 01:00:00,1269.9053481237036
2019-09-20 01:00:00,1256.1123329066443
2019-09-22 01:00:00,1205.7493873687845
2019-09-23 01:00:00,1164.7788135251437
2019-09-24 01:00:00,1100.53442960965
2019-09-25 01:00:00,1028.873010248039
2019-09-26 01:00:00,955.0918983196171
2019-09-27 01:00:00,879.4954952266295
2019-09-29 01:00:00,749.6158038943213
2019-09-30 01:00:00,711.1646981962707
2019-10-01 01:00:00,715.4802738532928
2019-10-02 01:00:00,722.0515310128411
2019-10-03 01:00:00,728.1843789991685
2019-10-04 01:00:00,737.9625313591182
2019-10-06 01:00:00,803.3938253617702
2019-10-07 01:00:00,857.1217373931138
2019-10-08 01:00:00,909.7762932856413
2019-10-09 01:00:00,961.7555280174663
2019-10-10 01:00:00,1013.4097864475764
2019-10-11 01:00:00,1065.0268491230283
2019-10-13 01:00:00,1159.0195348774928
2019-10-14 01:00:00,1188.7056533401071
2019-10-15 01:00:00,1218.7162869281237
2019-10-16 01:00:00,1231.2369235446095
2019-10-17 01:00:00,1217.0597085219463
2019-10-18 01:00:00,1202.7048716967088
2019-10-20 01:00:00,1139.6085828553194
2019-10-21 01:00:00,1085.371263084242
2019-10-22 01:00:00,1016.1225448957917
2019-10-23 01:00:00,945.1139362327444
2019-10-24 01:00:00,872.306152583632
2019-10-25 01:00:00,797.8495001748801
2019-10-27 01:00:00,650.6658123604986
2019-10-28 00:00:00,604.9019386884668
2019-10-29 00:00:00,557.4436024962466
2019-10-30 00:00:00,525.6885289385268
2019-10-31 00:00:00,533.6781800535632
2019-11-01 00:00:00,553.4335138147239
2019-11-03 00:00:00,641.477671677857
2019-11-04 00:00:00,700.7483163165559
2019-11-05 00:00:00,759.2853375666389
2019-11-06 00:00:00,817.5131492662581
2019-11-07 00:00:00,875.821821005014
2019-11-08 00:00:00,934.5384976236928
2019-11-10 00:00:00,1054.0812380501466
2019-11-11 00:00:00,1102.3346133776536
2019-11-12 00:00:00,1140.738106838426
2019-11-13 00:00:00,1162.0723088990876
2019-11-14 00:00:00,1173.2767342063569
2019-11-15 00:00:00,1174.2480218486453
2019-11-17 00:00:00,1104.7116619895005
2019-11-18 00:00:00,1038.6140294931183
2019-11-19 00:00:00,971.3164391409144
2019-11-20 00:00:00,902.7553461311742
2019-11-21 00:00:00,832.9281000823323
2019-11-22 00:00:00,761.9343938012711
2019-11-24 00:00:00,617.5258449581567
2019-11-25 00:00:00,558.9221930746264
2019-11-26 00:00:00,537.9797953057985
2019-11-27 00:00:00,522.4872399893363
2019-11-28 00:00:00,507.00676921260936
2019-11-29 00:00:00,510.045148310468
2019-12-01 00:00:00,605.1709506863995
2019-12-02 00:00:00,661.817051842672
2019-12-03 00:00:00,717.1088676289546
2019-12-04 00:00:00,771.4409090663222
2019-12-05 00:00:00,825.2313074750855
2019-12-06 00:00:00,878.8944737704434
2019-12-08 00:00:00,987.3411535266059
2019-12-09 00:00:00,1042.7398250741194
2019-12-10 00:00:00,1083.4640113043001
2019-12-11 00:00:00,1112.7780590616585
2019-12-12 00:00:00,1125.0118830071247
2019-12-13 00:00:00,1138.411806955084
2019-12-15 00:00:00,1090.0062812005242
2019-12-16 00:00:00,1024.0959164756923
2019-12-17 00:00:00,957.6084941354238
2019-12-18 00:00:00,890.6993550713194
2019-12-19 00:00:00,823.5137565089929
2019-12-20 00:00:00,756.1969426013145
2019-12-22 00:00:00,621.8295211684043
2019-12-23 00:00:00,555.1738195269269
2019-12-24 00:00:00,510.7404899203114
2019-12-25 00:00:00,471.6009778964219
2019-12-26 00:00:00,444.86235339377566
2019-12-27 00:00:00,447.5206075640757
2019-12-29 00:00:00,506.7685553656772
2019-12-30 00:00:00,562.1545125353979
2019-12-31 00:00:00,618.6388266806681
2020-01-01 00:00:00,674.3238916126719
2020-01-02 00:00:00,729.5319056670819
2020-01-03 00:00:00,785.4602022747443
2020-01-05 00:00:00,902.2950486925541
2020-01-06 00:00:00,962.0802866169565
2020-01-07 00:00:00,1023.2128231270981
2020-01-08 00:00:00,1067.852905507728
2020-01-09 00:00:00,1107.0979929732553
2020-01-10 00:00:00,1146.8119309939361
2020-01-12 00:00:00,1115.6914358538786
2020-01-13 00:00:00,1077.8128436736506
2020-01-14 00:00:00,1029.599806006088
2020-01-15 00:00:00,966.2940076005417
2020-01-16 00:00:00,903.433265576691
2020-01-17 00:00:00,841.3248120881562
2020-01-19 00:00:00,720.0577444558759
2020-01-20 00:00:00,661.0233195073299
2020-01-21 00:00:00,606.8447239654412
2020-01-22 00:00:00,574.9203751189733
2020-01-23 00:00:00,543.592560387727
2020-01-24 00:00:00,534.6313165595411
2020-01-26 00:00:00,575.1825415564982
2020-01-27 00:00:00,615.5023450542963
2020-01-28 00:00:00,655.3574346952638
2020-01-29 00:00:00,706.5996945003802
2020-01-30 00:00:00,767.2712493145375
2020-01-31 00:00:00,827.812052908068
2020-02-02 00:00:00,949.848752303354
2020-02-03 00:00:00,1012.1066409942073
2020-02-04 00:00:00,1075.7141503441483
2020-02-05 00:00:00,1141.027667100084
2020-02-06 00:00:00,1187.9770030986945
2020-02-07 00:00:00,1227.785783024522
2020-02-09 00:00:00,1222.3995949506884
2020-02-10 00:00:00,1210.0678882948566
2020-02-11 00:00:00,1186.8223985509671
2020-02-12 00:00:00,1145.9703008411695
2020-02-13 00:00:00,1087.3580789217763
2020-02-14 00:00:00,1020.161057603558
2020-02-16 00:00:00,889.4403118690038
2020-02-17 00:00:00,825.9544240719006
2020-02-18 00:00:00,763.524348903383
2020-02-19 00:00:00,712.4781784069303
2020-02-20 00:00:00,679.5140429505205
2020-02-21 00:00:00,676.8639220486486
2020-02-23 00:00:00,699.8342389386245
2020-02-24 00:00:00,710.6463102831756
2020-02-25 00:00:00,746.4404898802497
2020-02-26 00:00:00,782.656086263784
2020-02-27 00:00:00,818.7058261384142
2020-02-28 00:00:00,861.0475661220544
2020-03-01 00:00:00,977.0669384732025
2020-03-02 00:00:00,1036.2856417645405
2020-03-03 00:00:00,1096.8526350862153
2020-03-04 00:00:00,1159.1928700700066
2020-03-05 00:00:00,1223.697295335221
2020-03-06 00:00:00,1259.0986031937969
2020-03-08 00:00:00,1240.120685979551
2020-03-09 00:00:00,1205.994740189285
2020-03-10 00:00:00,1161.0948275730414
2020-03-11 00:00:00,1116.3151117563443
2020-03-12 00:00:00,1072.21768668591
2020-03-13 00:00:00,1028.4117902907892
2020-03-15 00:00:00,894.364600196915
2020-03-16 00:00:00,831.1210465455209
2020-03-17 00:00:00,770.1750442786523
2020-03-18 00:00:00,711.2030823210987
2020-03-19 00:00:00,682.6069143955975
2020-03-20 00:00:00,697.5121792122862
2020-03-22 00:00:00,733.6681458790682
2020-03-23 00:00:00,772.4907986762946
2020-03-24 00:00:00,811.2040858806854
2020-03-25 00:00:00,849.8739990442841
2020-03-26 00:00:00,888.5628185044485
2020-03-27 00:00:00,927.3428739783212
2020-03-29 00:00:00,1014.4475502889567
2020-03-30 01:00:00,1078.9638689717663
2020-03-31 01:00:00,1142.3357918934935
2020-04-01 01:00:00,1207.579177293928
2020-04-02 01:00:00,1275.6449823588323
2020-04-03 01:00:00,1320.1395444132331
2020-04-05 01:00:00,1300.3351066559794
2020-04-06 01:00:00,1289.763257985054
2020-04-07 01:00:00,1261.6401601724706
2020-04-08 01:00:00,1222.7797530475027
2020-04-09 01:00:00,1184.1488309217468
2020-04-12 01:00:00,1054.7457120229278
2020-04-13 01:00:00,995.3579568251099
2020-04-14 01:00:00,938.3852448186716
2020-04-15 01:00:00,885.3521734439751
2020-04-16 01:00:00,872.6611851712062
2020-04-17 01:00:00,888.4578130174552
2020-04-19 01:00:00,927.6075317396218
2020-04-20 01:00:00,947.0730436381364
2020-04-21 01:00:00,966.5273103590639
2020-04-22 01:00:00,990.160357068582
2020-04-23 01:00:00,1029.643522492355
2020-04-24 01:00:00,1069.285579072813
2020-04-26 01:00:00,1149.3489282915548
2020-04-27 01:00:00,1197.740451691172
2020-04-28 01:00:00,1262.9481791267976
2020-04-29 01:00:00,1329.430127674472
2020-04-30 01:00:00,1392.123598668103
2020-05-01 01:00:00,1412.7138991128074
2020-05-03 01:00:00,1409.4261667355345
2020-05-04 01:00:00,1398.485640421172
2020-05-05 01:00:00,1387.1697042344726
2020-05-06 01:00:00,1375.602358129008
2020-05-07 01:00:00,1363.9406537106981
2020-05-08 01:00:00,1343.1131735417616
2020-05-10 01:00:00,1263.9606720203867
2020-05-11 01:00:00,1202.437248223515
2020-05-12 01:00:00,1143.0361606442787
2020-05-13 01:00:00,1108.8014991941418
2020-05-14 01:00:00,1103.1112576650166
2020-05-15 01:00:00,1097.450208274333
2020-05-17 01:00:00,1128.713423960902
2020-05-18 01:00:00,1144.8422020982948
2020-05-19 01:00:00,1160.6512496794205
2020-05-20 01:00:00,1176.189891043475
2020-05-21 01:00:00,1191.4997689398313
2020-05-22 01:00:00,1206.6157299504566
2020-05-24 01:00:00,1243.2846786840014
2020-05-25 01:00:00,1297.2301887639674
2020-05-26 01:00:00,1364.9198365591017
2020-05-27 01:00:00,1433.651656471128
2020-05-28 01:00:00,1461.7882159154576
2020-05-29 01:00:00,1478.4339374456197
2020-05-31 01:00:00,1493.336295225838
2020-06-01 01:00:00,1482.7428481079896
2020-06-02 01:00:00,1471.76325418147
2020-06-03 01:00:00,1460.4851960177239
2020-06-04 01:00:00,1449.019910466782
2020-06-05 01:00:00,1437.4891216984472
2020-06-07 01:00:00,1370.8836012649663
2020-06-08 01:00:00,1318.4523364348738
2020-06-09 01:00:00,1262.996139892461
2020-06-10 01:00:00,1251.2311785794107
2020-06-11 01:00:00,1241.0518355918894
2020-06-12 01:00:00,1230.919550828487
2020-06-14 01:00:00,1232.7822216695156
2020-06-15 01:00:00,1244.6939536270788
2020-06-16 01:00:00,1256.344586289145
2020-06-17 01:00:00,1267.8063007288865
2020-06-18 01:00:00,1279.1445280736325
2020-06-19 01:00:00,1290.416368465167
2020-06-21 01:00:00,1355.574703918802
2020-06-22 01:00:00,1392.9717679380726
2020-06-23 01:00:00,1449.1629457003216
2020-06-24 01:00:00,1479.9583860562984
2020-06-25 01:00:00,1492.0848364409158
2020-06-26 01:00:00,1504.3265459384022
2020-06-28 01:00:00,1524.5264826440828
2020-06-29 01:00:00,1509.5964747744993
2020-06-30 01:00:00,1494.5890936636583
2020-07-01 01:00:00,1479.5880772924395
2020-07-02 01:00:00,1464.684603516481
2020-07-03 01:00:00,1434.788231575921
2020-07-05 01:00:00,1342.9915159888976
2020-07-06 01:00:00,1279.1007792441046
2020-07-07 01:00:00,1257.7562649519098
2020-07-08 01:00:00,1245.6692341219175
2020-07-09 01:00:00,1234.312231233192
2020-07-10 01:00:00,1223.6780424966553
2020-07-12 01:00:00,1208.9450069607044
2020-07-13 01:00:00,1222.7520945062527
2020-07-14 01:00:00,1237.0596735309607
2020-07-15 01:00:00,1251.95459387729
2020-07-16 01:00:00,1267.5183623389669
2020-07-17 01:00:00,1283.823305010325
2020-07-19 01:00:00,1361.319902850002
2020-07-20 01:00:00,1426.1763735682716
2020-07-21 01:00:00,1468.4913391319228
2020-07-22 01:00:00,1485.4793966607726
2020-07-23 01:00:00,1503.0126925906866
2020-07-24 01:00:00,1521.0147839041601
2020-07-26 01:00:00,1558.0849479857357
2020-07-27 01:00:00,1553.6242752748703
2020-07-28 01:00:00,1545.065584989534
2020-07-29 01:00:00,1536.8738075169751
2020-07-30 01:00:00,1529.0657535933242
2020-07-31 01:00:00,1518.981237790045
2020-08-02 01:00:00,1449.3776649192373
2020-08-03 01:00:00,1438.2585555252026
2020-08-04 01:00:00,1433.6774066317773
2020-08-05 01:00:00,1426.301270561959
2020-08-06 01:00:00,1419.2316263540163
2020-08-07 01:00:00,1412.444374663472
2020-08-09 01:00:00,1399.5426114324603
2020-08-10 01:00:00,1409.9709176693361
2020-08-11 01:00:00,1426.5906897294572
2020-08-12 01:00:00,1443.310575372099
2020-08-13 01:00:00,1460.2112628497541
2020-08-14 01:00:00,1477.3736685835852
2020-08-16 01:00:00,1524.0621634564975
2020-08-17 01:00:00,1549.8764739428577
2020-08-18 01:00:00,1538.8007012760418
2020-08-19 01:00:00,1527.3257070740342
2020-08-20 01:00:00,1534.5245481232514
2020-08-21 01:00:00,1548.0446561060987
2020-08-23 01:00:00,1575.2941623164597
2020-08-24 01:00:00,1564.438833130867
2020-08-25 01:00:00,1549.462319500902
2020-08-26 01:00:00,1534.5231230392108
2020-08-27 01:00:00,1517.9313481084794
2020-08-28 01:00:00,1501.613008607187
2020-08-30 01:00:00,1487.6874326428274
2020-08-31 01:00:00,1500.1059853619686
2020-09-01 01:00:00,1512.333428680888
2020-09-02 01:00:00,1524.3756771271153
2020-09-03 01:00:00,1535.047307930071
2020-09-04 01:00:00,1532.7819588322363
2020-09-06 01:00:00,1510.1860425487962
2020-09-07 01:00:00,1519.889282822264
2020-09-08 01:00:00,1532.0829917871736
2020-09-09 01:00:00,1544.325808698857
2020-09-10 01:00:00,1556.7013122362175
2020-09-11 01:00:00,1569.29922662208
2020-09-13 01:00:00,1586.9279328662121
2020-09-14 01:00:00,1554.8068658945053
2020-09-15 01:00:00,1532.1531044463786
2020-09-16 01:00:00,1515.8872740789134
2020-09-17 01:00:00,1499.2097045784203
2020-09-18 01:00:00,1482.2472433527025
2020-09-20 01:00:00,1460.9557824937344
2020-09-21 01:00:00,1441.1780640951597
2020-09-22 01:00:00,1421.7271853764667
2020-09-23 01:00:00,1402.6605314564208
2020-09-24 01:00:00,1383.9901977151803
2020-09-25 01:00:00,1364.017330669955
2020-09-27 01:00:00,1397.7088725364567
2020-09-28 01:00:00,1427.9653819018274
2020-09-29 01:00:00,1438.2132057885847
2020-09-30 01:00:00,1445.3146732316047
2020-10-01 01:00:00,1452.3604902318832
2020-10-02 01:00:00,1459.3810844035154
2020-10-04 01:00:00,1495.9286488533955
2020-10-05 01:00:00,1508.1018320562291
2020-10-06 01:00:00,1517.574243436818
2020-10-07 01:00:00,1527.1612831930297
2020-10-08 01:00:00,1536.9389762880153
2020-10-09 01:00:00,1546.9937666003934
2020-10-11 01:00:00,1535.5741415608438
2020-10-12 01:00:00,1494.0752027362937
2020-10-13 01:00:00,1451.200231832521
2020-10-14 01:00:00,1406.9352890455718
2020-10-15 01:00:00,1385.3858090189794
2020-10-16 01:00:00,1366.7754058798932
2020-10-18 01:00:00,1288.021047150331
2020-10-19 01:00:00,1270.4674796268848
2020-10-20 01:00:00,1253.6789285868672
2020-10-21 01:00:00,1237.7284926626967
2020-10-22 01:00:00,1222.6175140487296
2020-10-23 01:00:00,1216.1337206377414
2020-10-25 01:00:00,1288.2625812552453
2020-10-26 00:00:00,1323.856991132635
2020-10-27 00:00:00,1360.0287354654088
2020-10-28 00:00:00,1395.531094108596
2020-10-29 00:00:00,1416.3319286157835
2020-10-30 00:00:00,1435.845367928664
2020-11-01 00:00:00,1473.8823751478546
2020-11-02 00:00:00,1484.664009213045
2020-11-03 00:00:00,1495.2984979249518
2020-11-04 00:00:00,1505.8274138510096
2020-11-05 00:00:00,1516.3057513447623
2020-11-06 00:00:00,1526.8009588768161
2020-11-08 00:00:00,1489.9096696009858
2020-11-09 00:00:00,1448.6739105268632
2020-11-10 00:00:00,1405.202876363569
2020-11-11 00:00:00,1358.5896739938032
2020-11-12 00:00:00,1310.6148072193232
2020-11-13 00:00:00,1253.7624201738076
2020-11-15 00:00:00,1177.1790346202029
2020-11-16 00:00:00,1152.3461649576434
2020-11-17 00:00:00,1127.6837415240018
2020-11-18 00:00:00,1103.3366147142942
2020-11-19 00:00:00,1079.3983157168134
2020-11-20 00:00:00,1080.683506235147
2020-11-22 00:00:00,1138.3837497926722
2020-11-23 00:00:00,1165.648491175677
2020-11-24 00:00:00,1192.1396578102817
2020-11-25 00:00:00,1218.0762875976288
2020-11-26 00:00:00,1244.9871235030175
2020-11-27 00:00:00,1293.8150993014187
2020-11-29 00:00:00,1365.1592977130165
2020-11-30 00:00:00,1378.6881334689117
2020-12-01 00:00:00,1385.9274155985393
2020-12-02 00:00:00,1393.3173670894807
2020-12-03 00:00:00,1400.8858778509707
2020-12-04 00:00:00,1408.6623342329806
2020-12-06 00:00:00,1341.1850704534788
2020-12-07 00:00:00,1297.4608075807764
2020-12-08 00:00:00,1252.8333529838847
2020-12-09 00:00:00,1207.2512627686217
2020-12-10 00:00:00,1160.7231969376644
2020-12-11 00:00:00,1095.9405237058206
2020-12-13 00:00:00,943.9339376659719
2020-12-14 00:00:00,893.6416429574715
2020-12-15 00:00:00,857.4205485872022
2020-12-16 00:00:00,834.1464960558046
2020-12-17 00:00:00,811.2432449802478
2020-12-18 00:00:00,828.7906544892735
2020-12-20 00:00:00,889.0367899257637
2020-12-21 00:00:00,917.5020433842028
2020-12-22 00:00:00,945.1476173477326
2020-12-23 00:00:00,972.3125645708642
2020-12-24 00:00:00,1000.9382968731456
2020-12-27 00:00:00,1149.856070939341
2020-12-28 00:00:00,1200.4016522095665
2020-12-29 00:00:00,1235.2791023193229
2020-12-30 00:00:00,1265.332053811619
2020-12-31 00:00:00,1288.234201672364
2021-01-03 00:00:00,1208.7004654653172
2021-01-04 00:00:00,1164.913076129134
2021-01-05 00:00:00,1120.569008705513
2021-01-06 00:00:00,1075.7058944390085
2021-01-07 00:00:00,1030.3670531705138
2021-01-08 00:00:00,968.4334374961984
2021-01-10 00:00:00,820.6211892332974
2021-01-11 00:00:00,749.1549770282695
2021-01-12 00:00:00,682.6595816329758
2021-01-13 00:00:00,641.2648418652732
2021-01-14 00:00:00,602.2840968945852
2021-01-15 00:00:00,626.9312351357984
2021-01-17 00:00:00,699.9085381118963
2021-01-18 00:00:00,734.8221489842042
2021-01-19 00:00:00,768.8169884846905
2021-01-20 00:00:00,802.0721421031487
2021-01-21 00:00:00,834.8085193092733
2021-01-22 00:00:00,881.8313767168144
2021-01-24 00:00:00,992.4926621358709
2021-01-25 00:00:00,1048.815319770757
2021-01-26 00:00:00,1106.2310812168928
2021-01-27 00:00:00,1164.9577093871724
2021-01-28 00:00:00,1216.5041790668192
2021-01-29 00:00:00,1235.1479637737148
2021-01-31 00:00:00,1178.4320107895314
2021-02-01 00:00:00,1133.988201868632
2021-02-02 00:00:00,1088.6704528140963
2021-02-03 00:00:00,1042.672624107643
2021-02-04 00:00:00,996.1660084889139
2021-02-05 00:00:00,939.4211655079889
2021-02-07 00:00:00,792.7681684600502
2021-02-08 00:00:00,721.0939541627381
2021-02-09 00:00:00,649.8133965922331
2021-02-10 00:00:00,579.1902298162613
2021-02-11 00:00:00,523.9153215080336
2021-02-12 00:00:00,552.6362656511682
2021-02-14 00:00:00,631.595677555795
2021-02-15 00:00:00,672.8958411969547
2021-02-16 00:00:00,714.9603257557321
2021-02-17 00:00:00,756.0173413824411
2021-02-18 00:00:00,796.2480004864926
2021-02-19 00:00:00,835.8869014540485
2021-02-21 00:00:00,959.276887437177
2021-02-22 00:00:00,1021.967646175449
2021-02-23 00:00:00,1085.7633742622595
2021-02-24 00:00:00,1151.0310763724133
2021-02-25 00:00:00,1218.0154459410644
2021-02-26 00:00:00,1239.0522096395405
2021-02-28 00:00:00,1184.9234646853376
2021-03-01 00:00:00,1146.163217449681
2021-03-02 00:00:00,1107.0603307477436
2021-03-03 00:00:00,1067.9610971965647
2021-03-04 00:00:00,1029.148119905592
2021-03-05 00:00:00,990.4342806480452
2021-03-07 00:00:00,864.8047057389666
2021-03-08 00:00:00,803.7322902328729
2021-03-09 00:00:00,743.6771012546111
2021-03-10 00:00:00,684.5947225670775
2021-03-11 00:00:00,658.0562056751273
2021-03-12 00:00:00,671.8189784913726
2021-03-14 00:00:00,724.833031627335
2021-03-15 00:00:00,763.4779182821823
2021-03-16 00:00:00,801.5364645152379
2021-03-17 00:00:00,839.0970222220217
2021-03-18 00:00:00,876.2972834234723
2021-03-19 00:00:00,913.3221463405386
2021-03-21 00:00:00,1015.5764368322591
2021-03-22 00:00:00,1076.5563759242998
2021-03-23 00:00:00,1138.9775024486435
2021-03-24 00:00:00,1203.26181618726
2021-03-25 00:00:00,1262.8358258206072
2021-03-26 00:00:00,1292.678853638626
2021-03-28 00:00:00,1305.7320618386007
2021-03-29 01:00:00,1288.9479517447637
2021-03-30 01:00:00,1250.5552467785237
2021-03-31 01:00:00,1212.2235352050204
2021-04-01 01:00:00,1174.3840678131767
2021-04-04 01:00:00,1023.1081190149328
2021-04-05 01:00:00,963.2152636252592
2021-04-06 01:00:00,904.92389148496
2021-04-07 01:00:00,864.0242930938691
2021-04-08 01:00:00,849.77993144483
2021-04-09 01:00:00,844.959022972027
2021-04-11 01:00:00,835.979774395006
2021-04-12 01:00:00,845.4409867499287
2021-04-13 01:00:00,872.638943738632
2021-04-14 01:00:00,909.4660861697379
2021-04-15 01:00:00,946.1008736331909
2021-04-16 01:00:00,982.6885910451417
2021-04-18 01:00:00,1068.1201383162324
2021-04-19 01:00:00,1128.734925751611
2021-04-20 01:00:00,1190.7450691131655
2021-04-21 01:00:00,1254.5682004378496
2021-04-22 01:00:00,1300.2758516883682
2021-04-23 01:00:00,1322.7925923998082
2021-04-25 01:00:00,1352.8242326666477
2021-04-26 01:00:00,1368.6802394069264
2021-04-27 01:00:00,1386.3183684525945
2021-04-28 01:00:00,1389.8937675663099
2021-04-29 01:00:00,1353.1904340807469
2021-04-30 01:00:00,1317.1590803411204
2021-05-02 01:00:00,1219.0977377099136
2021-05-03 01:00:00,1160.124562590242
2021-05-04 01:00:00,1110.2590821178885
2021-05-05 01:00:00,1082.4166126112843
2021-05-06 01:00:00,1078.7154436538697
2021-05-07 01:00:00,1075.1264679023732
2021-05-09 01:00:00,1068.0540266818184
2021-05-10 01:00:00,1064.4684462194589
2021-05-11 01:00:00,1060.7901452252063
2021-05-12 01:00:00,1056.9779107545746
2021-05-13 01:00:00,1054.9310053001343
2021-05-14 01:00:00,1076.9671041681909
2021-05-16 01:00:00,1153.4661052336544
2021-05-17 01:00:00,1210.8053098372536
2021-05-18 01:00:00,1274.0456666220248
2021-05-19 01:00:00,1328.4742938381683
2021-05-20 01:00:00,1366.5973093890657
2021-05-21 01:00:00,1381.3699354751782
2021-05-23 01:00:00,1412.084743924602
2021-05-24 01:00:00,1427.965447472482
2021-05-25 01:00:00,1444.075642974394
2021-05-26 01:00:00,1460.2718203152428
2021-05-27 01:00:00,1476.3864505589956
2021-05-28 01:00:00,1469.9170485623913
2021-05-30 01:00:00,1378.0636975176947
2021-05-31 01:00:00,1315.1534531788593
2021-06-01 01:00:00,1279.7217189645507
2021-06-02 01:00:00,1262.1000034419424
2021-06-03 01:00:00,1255.885089374354
2021-06-04 01:00:00,1249.9479328136026
2021-06-06 01:00:00,1238.64131733468
2021-06-07 01:00:00,1233.1467506885974
2021-06-08 01:00:00,1227.685224629203
2021-06-09 01:00:00,1222.2115279263883
2021-06-10 01:00:00,1216.6874914254715
2021-06-11 01:00:00,1223.389655505765
2021-06-13 01:00:00,1277.7965763222612
2021-06-14 01:00:00,1322.512232559161
2021-06-15 01:00:00,1384.2502325824266
2021-06-16 01:00:00,1426.374717204826
2021-06-17 01:00:00,1450.7269479640054
2021-06-18 01:00:00,1467.7708797414696
2021-06-20 01:00:00,1502.8047341856943
2021-06-21 01:00:00,1520.7625268700922
2021-06-22 01:00:00,1538.94095938023
2021-06-23 01:00:00,1557.2401143364284
2021-06-24 01:00:00,1562.3725605083728
2021-06-25 01:00:00,1550.6946409265297
2021-06-27 01:00:00,1514.0204850164525
2021-06-28 01:00:00,1473.3155680625853
2021-06-29 01:00:00,1445.18921138238
2021-06-30 01:00:00,1439.7239847378823
2021-07-01 01:00:00,1434.7760199065592
2021-07-02 01:00:00,1429.5892656478038
2021-07-04 01:00:00,1418.9153601649718
2021-07-05 01:00:00,1413.9195244397354
2021-07-06 01:00:00,1409.042295010315
2021-07-07 01:00:00,1404.2109788148832
2021-07-08 01:00:00,1396.96477743377
2021-07-09 01:00:00,1407.6214712642522
2021-07-11 01:00:00,1436.1885958976459
2021-07-12 01:00:00,1449.2162283484245
2021-07-13 01:00:00,1461.9554366302593
2021-07-14 01:00:00,1485.6628397017482
2021-07-15 01:00:00,1498.0085390019858
2021-07-16 01:00:00,1510.5481793250483
2021-07-18 01:00:00,1536.2128334182294
2021-07-19 01:00:00,1549.323655312447
2021-07-20 01:00:00,1562.5876743947595
2021-07-21 01:00:00,1575.9534780920117
2021-07-22 01:00:00,1589.3438837867989
2021-07-23 01:00:00,1601.3161190120518
2021-07-25 01:00:00,1587.9536618987888
2021-07-26 01:00:00,1598.9148535688935
2021-07-27 01:00:00,1598.6210623922566
2021-07-28 01:00:00,1589.6369855543342
2021-07-29 01:00:00,1581.0715169146197
2021-07-30 01:00:00,1572.2848311253608
2021-08-01 01:00:00,1553.6927815365557
2021-08-02 01:00:00,1543.9877247001095
2021-08-03 01:00:00,1530.6058162733443
2021-08-04 01:00:00,1517.1745242481622
2021-08-05 01:00:00,1503.618228411124
2021-08-06 01:00:00,1489.873694546164
2021-08-08 01:00:00,1461.649875203445
2021-08-09 01:00:00,1423.008825878324
2021-08-10 01:00:00,1385.7198711728884
2021-08-11 01:00:00,1361.0709367765066
2021-08-12 01:00:00,1350.5333384900687
2021-08-13 01:00:00,1351.2466596381532
2021-08-15 01:00:00,1353.4587852754362
2021-08-16 01:00:00,1354.9061515630394
2021-08-17 01:00:00,1356.5499716328131
2021-08-18 01:00:00,1358.3599336309169
2021-08-19 01:00:00,1360.2923413317646
2021-08-20 01:00:00,1364.1531155413675
2021-08-22 01:00:00,1402.3247432490073
2021-08-23 01:00:00,1454.9826403482152
2021-08-24 01:00:00,1501.8403607509458
2021-08-25 01:00:00,1509.7242045524474
2021-08-26 01:00:00,1507.453017212284
2021-08-27 01:00:00,1492.460649878578
2021-08-29 01:00:00,1463.287480930656
2021-08-30 01:00:00,1448.9463851387047
2021-08-31 01:00:00,1434.6479292185065
2021-09-01 01:00:00,1420.2988080114467
2021-09-02 01:00:00,1405.8099106969908
2021-09-03 01:00:00,1391.1018734602599
2021-09-05 01:00:00,1342.0248734356967
2021-09-06 01:00:00,1288.9645903233607
2021-09-07 01:00:00,1218.3879507018264
2021-09-08 01:00:00,1151.1749864076119
2021-09-09 01:00:00,1104.891982929991
2021-09-10 01:00:00,1083.030745658961
2021-09-12 01:00:00,1089.6454901638308
2021-09-13 01:00:00,1095.8517900055567
2021-09-14 01:00:00,1102.1280086884456
2021-09-15 01:00:00,1108.4590007793709
2021-09-16 01:00:00,1114.8332630508205
2021-09-17 01:00:00,1121.2368505161278
2021-09-19 01:00:00,1204.5114213446825
2021-09-20 01:00:00,1264.3580931896847
2021-09-21 01:00:00,1323.0605755340273
2021-09-22 01:00:00,1365.2744297302302
2021-09-23 01:00:00,1397.7709770460158
2021-09-24 01:00:00,1406.253773246045
2021-09-26 01:00:00,1396.2661712902034
2021-09-27 01:00:00,1383.4246266229632
2021-09-28 01:00:00,1370.713705635882
2021-09-29 01:00:00,1358.0496382594722
2021-09-30 01:00:00,1345.3455840682132
2021-10-01 01:00:00,1332.5165328761946
2021-10-03 01:00:00,1264.006242480222
2021-10-04 01:00:00,1196.855535978636
2021-10-05 01:00:00,1127.6894593647141
2021-10-06 01:00:00,1056.7033409294058
2021-10-07 01:00:00,1000.9207740595662
2021-10-08 01:00:00,987.2744546277224
2021-10-10 01:00:00,965.5775960849835
2021-10-11 01:00:00,982.752659284269
2021-10-12 01:00:00,999.4520326481817
2021-10-13 01:00:00,1015.4774398142682
2021-10-14 01:00:00,1030.6670357068783
2021-10-15 01:00:00,1063.4829616647985
2021-10-17 01:00:00,1182.8231605336475
2021-10-18 01:00:00,1245.461991769956
2021-10-19 01:00:00,1305.9884598409687
2021-10-20 01:00:00,1343.2995059672821
2021-10-21 01:00:00,1356.9964507073075
2021-10-22 01:00:00,1365.868457928149
2021-10-24 01:00:00,1381.8714193062194
2021-10-25 01:00:00,1385.5258797554618
2021-10-26 01:00:00,1371.1676080733869
2021-10-27 01:00:00,1356.4470119765692
2021-10-28 01:00:00,1341.3213320884865
2021-10-29 01:00:00,1323.882368404745
2021-10-31 01:00:00,1218.9221030702174
2021-11-01 00:00:00,1151.9628615268766
2021-11-02 00:00:00,1079.2167820228265
2021-11-03 00:00:00,1004.0649626532353
2021-11-04 00:00:00,930.513666776962
2021-11-05 00:00:00,898.7388580192074
2021-11-07 00:00:00,851.3194422296036
2021-11-08 00:00:00,827.6806216331001
2021-11-09 00:00:00,825.195173724635
2021-11-10 00:00:00,829.1099454066659
2021-11-11 00:00:00,842.6631169985218
2021-11-12 00:00:00,880.0292959905888
2021-11-14 00:00:00,993.5835823682751
2021-11-15 00:00:00,1048.0994022236648
2021-11-16 00:00:00,1101.391398370705
2021-11-17 00:00:00,1153.6664413034077
2021-11-18 00:00:00,1205.1177724472855
2021-11-19 00:00:00,1230.9441358403387
2021-11-21 00:00:00,1246.3486466766005
2021-11-22 00:00:00,1254.0368118598176
2021-11-23 00:00:00,1261.7750402295906
2021-11-24 00:00:00,1257.051820987082
2021-11-25 00:00:00,1242.5993586145976
2021-11-26 00:00:00,1212.695203550349
2021-11-28 00:00:00,1099.6042066179264
2021-11-29 00:00:00,1031.6457598496713
2021-11-30 00:00:00,961.4215306303906
2021-12-01 00:00:00,888.8252713222986
2021-12-02 00:00:00,813.9449817209118
2021-12-03 00:00:00,737.1080977816732
2021-12-05 00:00:00,648.304787385324
2021-12-06 00:00:00,626.3131832964945
2021-12-07 00:00:00,604.5289104143651
2021-12-08 00:00:00,609.6433042264554
2021-12-09 00:00:00,640.1589880223265
2021-12-10 00:00:00,691.0935196895731
2021-12-12 00:00:00,806.2544556333917
2021-12-13 00:00:00,861.0553822562051
2021-12-14 00:00:00,914.4614139781426
2021-12-15 00:00:00,966.8277475394801
2021-12-16 00:00:00,1018.4855393313328
2021-12-17 00:00:00,1069.7284582671896
2021-12-19 00:00:00,1128.6469659832746
2021-12-20 00:00:00,1157.8273171599706
2021-12-21 00:00:00,1171.6556646187762
2021-12-22 00:00:00,1170.9763143134446
2021-12-23 00:00:00,1151.0436497882965
2021-12-26 00:00:00,986.5556087690709
2021-12-27 00:00:00,918.4740069001685
2021-12-28 00:00:00,848.5502419601609
2021-12-29 00:00:00,776.604807696617
2021-12-30 00:00:00,704.7397851077615
2021-12-31 00:00:00,632.5463537538869
2022-01-02 00:00:00,516.7370221340648
2022-01-03 00:00:00,470.6587904610144
2022-01-04 00:00:00,442.736426144074
2022-01-05 00:00:00,458.6856351623926
2022-01-06 00:00:00,500.07219255191796
2022-01-07 00:00:00,564.2371115932372
2022-01-09 00:00:00,692.242762283508
2022-01-10 00:00:00,753.1974293012222
2022-01-11 00:00:00,812.6333143248985
2022-01-12 00:00:00,870.9954730792862
2022-01-13 00:00:00,928.7231086221974
2022-01-14 00:00:00,986.2204578722963
2022-01-16 00:00:00,1081.2594994595927
2022-01-17 00:00:00,1113.762224305784
2022-01-18 00:00:00,1125.4724949895447
2022-01-19 00:00:00,1133.592296434103
2022-01-20 00:00:00,1102.0536070406524
2022-01-21 00:00:00,1061.5365902643264
2022-01-23 00:00:00,929.8917886492279
2022-01-24 00:00:00,862.3043304815063
2022-01-25 00:00:00,793.4186319698855
2022-01-26 00:00:00,723.1307016623734
2022-01-27 00:00:00,651.3685136847735
2022-01-28 00:00:00,578.1458181132882
2022-01-30 00:00:00,438.0202932933314
2022-01-31 00:00:00,415.861734897603
2022-02-01 00:00:00,425.36407460434145
2022-02-02 00:00:00,453.3845645215208
2022-02-03 00:00:00,493.87568101611544
2022-02-04 00:00:00,560.2335267876379
2022-02-06 00:00:00,685.3534755279812
2022-02-07 00:00:00,744.3686007039736
2022-02-08 00:00:00,801.4643797041377
2022-02-09 00:00:00,857.0905942668877
2022-02-10 00:00:00,911.7295508645586
2022-02-11 00:00:00,965.858311495725
2022-02-13 00:00:00,1074.3014936391378
2022-02-14 00:00:00,1092.6656705558835
2022-02-15 00:00:00,1089.0450953125955
2022-02-16 00:00:00,1072.000736430398
2022-02-17 00:00:00,1033.3209839343513
2022-02-18 00:00:00,987.1850047614969
2022-02-20 00:00:00,855.0202455624164
2022-02-21 00:00:00,787.5891324065929
2022-02-22 00:00:00,719.3345125251433
2022-02-23 00:00:00,650.2656637031013
2022-02-24 00:00:00,580.3715800870326
2022-02-25 00:00:00,509.65741344458155
2022-02-27 00:00:00,366.1483230676252
2022-02-28 00:00:00,326.3313923759029
2022-03-01 00:00:00,310.52898283599825
2022-03-02 00:00:00,344.4705374631779
2022-03-03 00:00:00,383.86956681109416
2022-03-04 00:00:00,447.9936284370793
2022-03-06 00:00:00,570.5249089909005
2022-03-07 00:00:00,629.1278267170646
2022-03-08 00:00:00,686.2333271454781
2022-03-09 00:00:00,742.1125397617548
2022-03-10 00:00:00,797.1884436751561
2022-03-11 00:00:00,851.9169024454488
2022-03-13 00:00:00,962.14102453991
2022-03-14 00:00:00,1018.4542186830455
2022-03-15 00:00:00,1046.4438182288388
2022-03-16 00:00:00,1044.5011105458489
2022-03-17 00:00:00,1030.8355297768721
2022-03-18 00:00:00,984.7403510823522
2022-03-20 00:00:00,854.7710719791773
2022-03-21 00:00:00,788.4492037529236
2022-03-22 00:00:00,723.9335405119605
2022-03-23 00:00:00,659.9438642428968
2022-03-24 00:00:00,595.8888278691453
2022-03-25 00:00:00,531.9090538956165
2022-03-27 00:00:00,404.65969720629
2022-03-28 01:00:00,338.64249265408876
2022-03-29 01:00:00,323.87235482236116
2022-03-30 01:00:00,343.03046961549575
2022-03-31 01:00:00,370.6027940587045
2022-04-01 01:00:00,415.51396746275856
2022-04-03 01:00:00,544.844477460945
2022-04-04 01:00:00,608.1735727200219
2022-04-05 01:00:00,670.3256446992493
2022-04-06 01:00:00,732.8425450253756
2022-04-07 01:00:00,794.7931284806846
2022-04-08 01:00:00,856.506248239269
2022-04-10 01:00:00,980.8403719883996
2022-04-11 01:00:00,1044.2724263530388
2022-04-12 01:00:00,1109.0372346542074
2022-04-13 01:00:00,1135.9656060241118
2022-04-14 01:00:00,1133.9589877812512
2022-04-17 01:00:00,1039.7973652021649
2022-04-18 01:00:00,1000.1902716604716
2022-04-19 01:00:00,936.9633714866495
2022-04-20 01:00:00,873.2559370854929
2022-04-21 01:00:00,809.5012978987194
2022-04-22 01:00:00,746.0520358506842
2022-04-24 01:00:00,620.994575063552
2022-04-25 01:00:00,561.8871254492949
2022-04-26 01:00:00,529.0146220526457
2022-04-27 01:00:00,520.9041465744596
2022-04-28 01:00:00,548.2326132262622
2022-04-29 01:00:00,588.394794959899
2022-05-01 01:00:00,665.746863817583
2022-05-02 01:00:00,704.5974389939341
2022-05-03 01:00:00,751.5189020831426
2022-05-04 01:00:00,811.1989572099121
2022-05-05 01:00:00,870.224184180125
2022-05-06 01:00:00,928.8797664096047
2022-05-08 01:00:00,1046.4344611664148
2022-05-09 01:00:00,1106.084869287827
2022-05-10 01:00:00,1154.7823901665774
2022-05-11 01:00:00,1191.583864486598
2022-05-12 01:00:00,1216.738519184239
2022-05-13 01:00:00,1210.3157909321917
2022-05-15 01:00:00,1132.2963180855395
2022-05-16 01:00:00,1089.7111501115178
2022-05-17 01:00:00,1036.0120014879571
2022-05-18 01:00:00,961.1720715904455
2022-05-19 01:00:00,886.4677496432938
2022-05-20 01:00:00,812.5944777202978
2022-05-22 01:00:00,669.3334594514199
2022-05-23 01:00:00,621.5779180748933
2022-05-24 01:00:00,581.386978506535
2022-05-25 01:00:00,546.4530994863746
2022-05-26 01:00:00,556.6718228214517
2022-05-27 01:00:00,567.7774017611823
2022-05-29 01:00:00,632.5286514147954
2022-05-30 01:00:00,680.0330204063296
2022-05-31 01:00:00,738.4159607357839
2022-06-01 01:00:00,796.6877454419275
2022-06-02 01:00:00,855.0441559860627
2022-06-03 01:00:00,913.6988321885937
2022-06-05 01:00:00,1032.9010712773577
2022-06-06 01:00:00,1091.0105440602576
2022-06-07 01:00:00,1128.8521301828923
2022-06-08 01:00:00,1167.8697882401484
2022-06-09 01:00:00,1208.2614295295389
2022-06-10 01:00:00,1210.6336894355547
2022-06-12 01:00:00,1189.2434857264846
2022-06-13 01:00:00,1147.1398257621277
2022-06-14 01:00:00,1079.1871469049102
2022-06-15 01:00:00,1010.741209552493
2022-06-16 01:00:00,942.6827795715169
2022-06-17 01:00:00,875.8932733162599
2022-06-19 01:00:00,762.1397352115272
2022-06-20 01:00:00,730.372356783678
2022-06-21 01:00:00,700.3418631499746
2022-06-22 01:00:00,682.7343102583852
2022-06-23 01:00:00,687.2408058216424
2022-06-24 01:00:00,708.9711783315036
2022-06-26 01:00:00,752.7125893316507
2022-06-27 01:00:00,790.5524813241367
2022-06-28 01:00:00,848.5898545455123
2022-06-29 01:00:00,912.5045179107522
2022-06-30 01:00:00,976.7114129316893
2022-07-01 01:00:00,1041.3695001787473
2022-07-03 01:00:00,1172.6886590010724
2022-07-04 01:00:00,1217.3362734174275
2022-07-05 01:00:00,1260.710196003993
2022-07-06 01:00:00,1305.0363767950562
2022-07-07 01:00:00,1338.7001277016188
2022-07-08 01:00:00,1358.7923339098859
2022-07-10 01:00:00,1356.588749539303
2022-07-11 01:00:00,1350.208376629339
2022-07-12 01:00:00,1338.6835899642745
2022-07-13 01:00:00,1303.5037121766225
2022-07-14 01:00:00,1252.8989309102956
2022-07-15 01:00:00,1191.6648847588242
2022-07-17 01:00:00,1108.06429093009
2022-07-18 01:00:00,1081.212906539412
2022-07-19 01:00:00,1055.8790140338394
2022-07-20 01:00:00,1057.266488354276
2022-07-21 01:00:00,1059.6203855198041
2022-07-22 01:00:00,1071.3133632421736
2022-07-24 01:00:00,1121.7937842000063
2022-07-25 01:00:00,1146.691903541868
2022-07-26 01:00:00,1171.4477712530604
2022-07-27 01:00:00,1204.3794580927317
2022-07-28 01:00:00,1250.1494767084528
2022-07-29 01:00:00,1296.1007615480976
2022-07-31 01:00:00,1389.598669569086
2022-08-01 01:00:00,1429.831745297586
2022-08-02 01:00:00,1469.8816232596373
2022-08-03 01:00:00,1506.9401849375558
2022-08-04 01:00:00,1522.3585097991906
2022-08-05 01:00:00,1538.0749693608648
2022-08-07 01:00:00,1544.9242913165133
2022-08-08 01:00:00,1533.9744529294996
2022-08-09 01:00:00,1522.6488384425913
2022-08-10 01:00:00,1511.0397051866455
2022-08-11 01:00:00,1488.6785736297227
2022-08-12 01:00:00,1449.0683930558823
2022-08-14 01:00:00,1418.755106234805
2022-08-15 01:00:00,1385.2932578831324
2022-08-16 01:00:00,1370.3832363676067
2022-08-17 01:00:00,1366.040172372835
2022-08-18 01:00:00,1362.0581564410982
2022-08-19 01:00:00,1358.3563931090537
2022-08-21 01:00:00,1387.5668718884153
2022-08-22 01:00:00,1406.4130177783766
2022-08-23 01:00:00,1425.1548749125955
2022-08-24 01:00:00,1443.8556973546429
2022-08-25 01:00:00,1462.5647578761082
2022-08-26 01:00:00,1481.3785335795114
2022-08-28 01:00:00,1520.8898876678563
2022-08-29 01:00:00,1536.5067209872868
2022-08-30 01:00:00,1556.9873120013224
2022-08-31 01:00:00,1569.0605851523073
2022-09-01 01:00:00,1581.3151308289614
2022-09-02 01:00:00,1593.7649160401218
2022-09-04 01:00:00,1604.312455678548
2022-09-05 01:00:00,1588.6117736842405
2022-09-06 01:00:00,1572.7292960205546
2022-09-07 01:00:00,1556.7321634399946
2022-09-08 01:00:00,1540.7240029680902
2022-09-09 01:00:00,1541.2445243366187
2022-09-11 01:00:00,1528.5796862211691
2022-09-12 01:00:00,1522.6613215573711
2022-09-13 01:00:00,1510.7872674891225
2022-09-14 01:00:00,1499.2394857047432
2022-09-15 01:00:00,1487.985503589335
2022-09-16 01:00:00,1476.9670967063407
2022-09-18 01:00:00,1478.7950775719382
2022-09-19 01:00:00,1490.465655699956
2022-09-20 01:00:00,1500.5450497748259
2022-09-21 01:00:00,1510.51859712448
2022-09-22 01:00:00,1520.5177697983193
2022-09-23 01:00:00,1517.2921619600886
2022-09-25 01:00:00,1488.4099897002902
2022-09-26 01:00:00,1502.4607912011058
2022-09-27 01:00:00,1514.4317479578938
2022-09-28 01:00:00,1529.5348258776487
2022-09-29 01:00:00,1544.7367876760845
2022-09-30 01:00:00,1560.0003636442343
2022-10-02 01:00:00,1578.9133643950697
2022-10-03 01:00:00,1563.52365764537
2022-10-04 01:00:00,1547.8527626289667
2022-10-05 01:00:00,1531.9519644905627
2022-10-06 01:00:00,1524.9899378829268
2022-10-07 01:00:00,1537.5897016286672
2022-10-09 01:00:00,1553.2285883609784
2022-10-10 01:00:00,1554.912718037834
2022-10-11 01:00:00,1544.4384543552778
2022-10-12 01:00:00,1534.3953986692318
2022-10-13 01:00:00,1522.5639340120392
2022-10-14 01:00:00,1510.203009002309
2022-10-16 01:00:00,1506.7929688385511
2022-10-17 01:00:00,1517.958252298668
2022-10-18 01:00:00,1529.0815176003416
2022-10-19 01:00:00,1540.2525217537175
2022-10-20 01:00:00,1544.9848524598185
2022-10-21 01:00:00,1532.1567898629633
2022-10-23 01:00:00,1505.6563675393966
2022-10-24 01:00:00,1467.9866077205356
2022-10-25 01:00:00,1434.4773274400786
2022-10-26 01:00:00,1428.8415798671267
2022-10-27 01:00:00,1436.2344143372816
2022-10-28 01:00:00,1443.872561874592
2022-10-30 01:00:00,1437.4394194502213
2022-10-31 00:00:00,1417.2856596519073
2022-11-01 00:00:00,1396.4054411554448
2022-11-02 00:00:00,1376.9279827517582
2022-11-03 00:00:00,1384.5632907398224
2022-11-04 00:00:00,1392.0193242820878
2022-11-06 00:00:00,1436.664416800653
2022-11-07 00:00:00,1470.007418576619
2022-11-08 00:00:00,1502.5765607414962
2022-11-09 00:00:00,1516.0655300168085
2022-11-10 00:00:00,1503.0423033924374
2022-11-11 00:00:00,1490.2413274180162
2022-11-13 00:00:00,1500.4999762286607
2022-11-14 00:00:00,1512.0785958632355
2022-11-15 00:00:00,1523.6492925987316
2022-11-16 00:00:00,1535.2856341066806
2022-11-17 00:00:00,1526.8773812661552
2022-11-18 00:00:00,1514.7182593828156
2022-11-20 00:00:00,1474.177994212941
2022-11-21 00:00:00,1434.6745499893186
2022-11-22 00:00:00,1393.922321543245
2022-11-23 00:00:00,1352.4698537261634
2022-11-24 00:00:00,1309.8905029369269
2022-11-25 00:00:00,1286.4812014991533
2022-11-27 00:00:00,1254.7246836330837
2022-11-28 00:00:00,1234.3294455313637
2022-11-29 00:00:00,1214.146061406232
2022-11-30 00:00:00,1214.2141095032168
2022-12-01 00:00:00,1218.7836302678047
2022-12-02 00:00:00,1220.4853685733779
2022-12-04 00:00:00,1272.1246222710863
2022-12-05 00:00:00,1297.871535991797
2022-12-06 00:00:00,1322.952074625263
2022-12-07 00:00:00,1347.455046422008
2022-12-08 00:00:00,1371.4598578802756
2022-12-09 00:00:00,1416.2886975777644
2022-12-11 00:00:00,1444.8989297467579
2022-12-12 00:00:00,1450.3364556207641
2022-12-13 00:00:00,1455.7869492443183
2022-12-14 00:00:00,1451.7845267271512
2022-12-15 00:00:00,1433.830549765937
2022-12-16 00:00:00,1415.7555261754364
2022-12-18 00:00:00,1349.4922226044425
2022-12-19 00:00:00,1304.6142451364399
2022-12-20 00:00:00,1258.4070535175056
2022-12-21 00:00:00,1210.799509522265
2022-12-22 00:00:00,1161.8593254737789
2022-12-23 00:00:00,1084.534881259601
2022-12-26 00:00:00,914.8206814205475
2022-12-27 00:00:00,898.3575200078005
2022-12-28 00:00:00,904.8169076707911
2022-12-29 00:00:00,911.4148410567909
2022-12-30 00:00:00,933.1227841361954
2023-01-02 00:00:00,1041.8739872649696
2023-01-03 00:00:00,1078.5005094807786
2023-01-04 00:00:00,1120.5570843420196
2023-01-05 00:00:00,1182.2782656554205
2023-01-06 00:00:00,1244.1279325445385
2023-01-08 00:00:00,1342.9191513786193
2023-01-09 00:00:00,1371.9602485983012
2023-01-10 00:00:00,1386.2723870688872
2023-01-11 00:00:00,1378.722823607362
2023-01-12 00:00:00,1368.975411499125
2023-01-13 00:00:00,1358.7088070884445
2023-01-15 00:00:00,1296.0525000369362
2023-01-16 00:00:00,1258.0139865020426
2023-01-17 00:00:00,1218.212934333345
2023-01-18 00:00:00,1176.5096411282661
2023-01-19 00:00:00,1113.9358782976733
2023-01-20 00:00:00,1038.9560222274579
2023-01-22 00:00:00,932.4482965996756
2023-01-23 00:00:00,883.9554413568558
2023-01-24 00:00:00,871.726218092877
2023-01-25 00:00:00,882.9233106117418
2023-01-26 00:00:00,893.3106519180337
2023-01-27 00:00:00,926.7054225600652
2023-01-29 00:00:00,995.4514552119675
2023-01-30 00:00:00,1027.7485025031126
2023-01-31 00:00:00,1059.016251854118
2023-02-01 00:00:00,1109.2994774858307
2023-02-02 00:00:00,1162.6762405024913
2023-02-03 00:00:00,1215.5275459597697
2023-02-05 00:00:00,1288.4714717144964
2023-02-06 00:00:00,1319.7040745713493
2023-02-07 00:00:00,1341.3888269769323
2023-02-08 00:00:00,1349.1565837311368
2023-02-09 00:00:00,1338.0841417162478
2023-02-10 00:00:00,1324.032774619294
2023-02-12 00:00:00,1246.2045566707177
2023-02-13 00:00:00,1205.8603326759744
2023-02-14 00:00:00,1164.3966295406028
2023-02-15 00:00:00,1121.6551766769192
2023-02-16 00:00:00,1052.6346014422725
2023-02-17 00:00:00,978.6836957630981
2023-02-19 00:00:00,827.3070917891821
2023-02-20 00:00:00,777.4227426609518
2023-02-21 00:00:00,755.3106022116639
2023-02-22 00:00:00,736.0316791336234
2023-02-23 00:00:00,734.6919058474566
2023-02-24 00:00:00,769.1808990250553
2023-02-26 00:00:00,833.6564215690923
2023-02-27 00:00:00,863.9365159901765
2023-02-28 00:00:00,893.2141935184169
2023-03-01 00:00:00,941.0155189182499
2023-03-02 00:00:00,992.0797307770416
2023-03-03 00:00:00,1045.486013176853
2023-03-05 00:00:00,1156.9721281384861
2023-03-06 00:00:00,1213.1408233527322
2023-03-07 00:00:00,1242.8390949612162
2023-03-08 00:00:00,1255.1520231891684
2023-03-09 00:00:00,1267.6014371888389
2023-03-10 00:00:00,1273.5746095032966
2023-03-12 00:00:00,1211.6454858724217
2023-03-13 00:00:00,1175.2668152891365
2023-03-14 00:00:00,1138.0653340054214
2023-03-15 00:00:00,1099.9545694001386
2023-03-16 00:00:00,1037.9960282228722
2023-03-17 00:00:00,970.2883363355897
2023-03-19 00:00:00,831.2670889462345
2023-03-20 00:00:00,769.0114899854748
2023-03-21 00:00:00,728.2978638373038
2023-03-22 00:00:00,688.1679612909063
2023-03-23 00:00:00,676.2337671226177
2023-03-24 00:00:00,689.2816037150535
2023-03-26 00:00:00,751.6172967161422
2023-03-27 01:00:00,787.7671242373547
2023-03-28 01:00:00,821.7581578078832
2023-03-29 01:00:00,868.6603375461574
2023-03-30 01:00:00,927.950282059509
2023-03-31 01:00:00,986.8876340723807
2023-04-02 01:00:00,1105.1911892684584
2023-04-03 01:00:00,1157.245833011748
2023-04-04 01:00:00,1193.8981328939738
2023-04-05 01:00:00,1231.2155933814024
2023-04-06 01:00:00,1269.263445600456
2023-04-09 01:00:00,1292.098527858676
2023-04-10 01:00:00,1265.3567910976114
2023-04-11 01:00:00,1229.8433277386412
2023-04-12 01:00:00,1193.6856257643637
2023-04-13 01:00:00,1138.3933719122338
2023-04-14 01:00:00,1073.7891137872307
2023-04-16 01:00:00,943.0620706608104
2023-04-17 01:00:00,900.5568444335504
2023-04-18 01:00:00,863.6420486003881
2023-04-19 01:00:00,827.107578803465
2023-04-20 01:00:00,799.7081922758795
2023-04-21 01:00:00,791.1780691580832
2023-04-23 01:00:00,819.412612222673
2023-04-24 01:00:00,848.4871660366603
2023-04-25 01:00:00,888.6016723321004
2023-04-26 01:00:00,928.1403531326861
2023-04-27 01:00:00,987.4937608344583
2023-04-28 01:00:00,1049.1783775566914
2023-04-30 01:00:00,1172.9841499834622
2023-05-01 01:00:00,1217.0303274969167
2023-05-02 01:00:00,1256.4566155930647
2023-05-03 01:00:00,1296.675628836829
2023-05-04 01:00:00,1337.785467465445
2023-05-05 01:00:00,1362.896711264891
2023-05-07 01:00:00,1346.3664788320596
2023-05-08 01:00:00,1334.188791109121
2023-05-09 01:00:00,1321.8994384826078
2023-05-10 01:00:00,1283.9818183259013
2023-05-11 01:00:00,1234.8532233401122
2023-05-12 01:00:00,1168.8534785051395
2023-05-14 01:00:00,1050.6173154325138
2023-05-15 01:00:00,1014.2890104645777
2023-05-16 01:00:00,978.5320336145599
2023-05-17 01:00:00,943.4013780582209
2023-05-18 01:00:00,924.1633896918547
2023-05-19 01:00:00,942.172366551867
2023-05-21 01:00:00,977.2881941248527
2023-05-22 01:00:00,994.3971891297311
2023-05-23 01:00:00,1011.2275384028045
2023-05-24 01:00:00,1038.2529908083877
2023-05-25 01:00:00,1080.9670362734246
2023-05-26 01:00:00,1141.588157818493
2023-05-28 01:00:00,1255.7110489723245
2023-05-29 01:00:00,1293.089499945753
2023-05-30 01:00:00,1331.104459114594
2023-05-31 01:00:00,1369.9775003552131
2023-06-01 01:00:00,1409.888295010177
2023-06-02 01:00:00,1430.3090168803426
2023-06-04 01:00:00,1415.715500349473
2023-06-05 01:00:00,1404.9508995611009
2023-06-06 01:00:00,1394.040937711108
2023-06-07 01:00:00,1383.1096415462564
2023-06-08 01:00:00,1355.9396583073453
2023-06-09 01:00:00,1290.5322630730986
2023-06-11 01:00:00,1195.2321798377961
2023-06-12 01:00:00,1161.0171847292859
2023-06-13 01:00:00,1127.6458326985478
2023-06-14 01:00:00,1095.0505699714931
2023-06-15 01:00:00,1084.0120784199846
2023-06-16 01:00:00,1077.9353149964807
2023-06-18 01:00:00,1092.356583076718
2023-06-19 01:00:00,1107.583314487954
2023-06-20 01:00:00,1122.6034305334726
2023-06-21 01:00:00,1137.437781344133
2023-06-22 01:00:00,1152.1173949078616
2023-06-23 01:00:00,1196.2390447560733
2023-06-25 01:00:00,1292.3089362274895
2023-06-26 01:00:00,1328.381528465761
2023-06-27 01:00:00,1365.1233648844207
2023-06-28 01:00:00,1402.793999613617
2023-06-29 01:00:00,1441.6316484062952
2023-06-30 01:00:00,1456.192395919164
2023-07-02 01:00:00,1484.8385041651798
2023-07-03 01:00:00,1499.7795012015035
2023-07-04 01:00:00,1505.2965341556296
2023-07-05 01:00:00,1494.5623590774653
2023-07-06 01:00:00,1483.868857215303
2023-07-07 01:00:00,1436.730712532521
2023-07-09 01:00:00,1360.5105239691522
2023-07-10 01:00:00,1325.7368097276953
2023-07-11 01:00:00,1291.9995061361788
2023-07-12 01:00:00,1264.8900288689383
2023-07-13 01:00:00,1257.9463125485129
2023-07-14 01:00:00,1251.1274317590014
2023-07-16 01:00:00,1237.68224776092
2023-07-17 01:00:00,1230.9865508593095
2023-07-18 01:00:00,1224.273311835012
2023-07-19 01:00:00,1217.5186275185274
2023-07-20 01:00:00,1221.0583122359362
2023-07-21 01:00:00,1243.5694447293129
2023-07-23 01:00:00,1311.8804271541278
2023-07-24 01:00:00,1346.7012503032095
2023-07-25 01:00:00,1382.1743679056328
2023-07-26 01:00:00,1418.5501410799018
2023-07-27 01:00:00,1448.769990032325
2023-07-28 01:00:00,1462.4525841484542
2023-07-30 01:00:00,1495.2034298674264
2023-07-31 01:00:00,1512.3073506504356
2023-08-01 01:00:00,1529.761346990904
2023-08-02 01:00:00,1547.392462486508
2023-08-03 01:00:00,1556.2372504147909
2023-08-04 01:00:00,1544.9768195459405
2023-08-06 01:00:00,1463.9952469616119
2023-08-07 01:00:00,1424.8774630172616
2023-08-08 01:00:00,1387.0771242043154
2023-08-09 01:00:00,1369.1848563622916
2023-08-10 01:00:00,1358.637437293966
2023-08-11 01:00:00,1348.3146447905597
2023-08-13 01:00:00,1328.0960409870333
2023-08-14 01:00:00,1318.0987611192293
2023-08-15 01:00:00,1308.1239303305538
2023-08-16 01:00:00,1298.1412451668104
2023-08-17 01:00:00,1312.1570534635648
2023-08-18 01:00:00,1311.7429506828466
2023-08-20 01:00:00,1343.9973043480975
2023-08-21 01:00:00,1380.9363177121522
2023-08-22 01:00:00,1418.550304756378
2023-08-23 01:00:00,1457.046257753255
2023-08-24 01:00:00,1475.8082997467263
2023-08-25 01:00:00,1490.1362011703754
2023-08-27 01:00:00,1520.4021428077858
2023-08-28 01:00:00,1536.3339464711858
2023-08-29 01:00:00,1552.7025048394084
2023-08-30 01:00:00,1550.1102956295606
2023-08-31 01:00:00,1544.0654837125828
2023-09-01 01:00:00,1551.857961363714
2023-09-03 01:00:00,1485.5953601260267
2023-09-04 01:00:00,1444.5990803734765
2023-09-05 01:00:00,1413.7727349966515
2023-09-06 01:00:00,1401.809839353904
2023-09-07 01:00:00,1390.3010666261803
2023-09-08 01:00:00,1379.1948983884909
2023-09-10 01:00:00,1357.9739226149027
2023-09-11 01:00:00,1347.7600714388684
2023-09-12 01:00:00,1342.2397878462607
2023-09-13 01:00:00,1355.3154504615625
2023-09-14 01:00:00,1357.0948497163445
2023-09-15 01:00:00,1370.7825083374555
2023-09-17 01:00:00,1401.592145042736
2023-09-18 01:00:00,1438.3575577583297
2023-09-19 01:00:00,1475.5607919368776
2023-09-20 01:00:00,1498.6807823427089
2023-09-21 01:00:00,1511.0772978550112
2023-09-22 01:00:00,1523.654939592792
2023-09-24 01:00:00,1549.5190122228048
2023-09-25 01:00:00,1562.830817936176
2023-09-26 01:00:00,1576.3530157628413
2023-09-27 01:00:00,1569.7196902122048
2023-09-28 01:00:00,1583.3346773180451
2023-09-29 01:00:00,1576.0733501956067
2023-10-01 01:00:00,1537.1123084321869
2023-10-02 01:00:00,1499.8477721167446
2023-10-03 01:00:00,1490.9926245461056
2023-10-04 01:00:00,1482.6366970103002
2023-10-05 01:00:00,1474.737466568703
2023-10-06 01:00:00,1467.2305552019104
2023-10-08 01:00:00,1453.0806042860602
2023-10-09 01:00:00,1446.2738180743045
2023-10-10 01:00:00,1439.5414213577592
2023-10-11 01:00:00,1429.94020979356
2023-10-12 01:00:00,1419.4723543896687
2023-10-13 01:00:00,1408.8575987292688
2023-10-15 01:00:00,1399.96820464947
2023-10-16 01:00:00,1418.386886297511
2023-10-17 01:00:00,1439.7019851436676
2023-10-18 01:00:00,1448.8735655846297
2023-10-19 01:00:00,1458.2922410399824
2023-10-20 01:00:00,1467.9649113800945
2023-10-22 01:00:00,1488.0702185393723
2023-10-23 01:00:00,1498.4765003106256
2023-10-24 01:00:00,1509.07527010202
2023-10-25 01:00:00,1539.338378540312
2023-10-26 01:00:00,1561.3383331325836
2023-10-27 01:00:00,1574.1530045228474
2023-10-29 01:00:00,1598.6717038068782
2023-10-30 00:00:00,1590.086581745956
2023-10-31 00:00:00,1576.1856520971771
2023-11-01 00:00:00,1562.6564194253656
2023-11-02 00:00:00,1549.495155662448
2023-11-03 00:00:00,1536.6712763880175
2023-11-05 00:00:00,1511.8114987794963
2023-11-06 00:00:00,1499.6304628923517
2023-11-07 00:00:00,1484.915478360675
2023-11-08 00:00:00,1449.2475066573363
2023-11-09 00:00:00,1413.2948494292395
2023-11-10 00:00:00,1388.262790335583
2023-11-12 00:00:00,1358.3186732668464
2023-11-13 00:00:00,1331.1934391612706
2023-11-14 00:00:00,1300.0034222664403
2023-11-15 00:00:00,1291.2367008920608
2023-11-16 00:00:00,1297.6412525331164
2023-11-17 00:00:00,1304.268925592036
2023-11-19 00:00:00,1317.9954496524758
2023-11-20 00:00:00,1324.9981165445329
2023-11-21 00:00:00,1342.3830518765824
2023-11-22 00:00:00,1377.9185939921915
2023-11-23 00:00:00,1413.335796779312
2023-11-24 00:00:00,1446.287024204545
2023-11-26 00:00:00,1482.0250990299494
2023-11-27 00:00:00,1518.2643228981922
2023-11-28 00:00:00,1531.7979179169315
2023-11-29 00:00:00,1541.6645817210697
2023-11-30 00:00:00,1528.527527048881
2023-12-01 00:00:00,1515.3321538384348
2023-12-03 00:00:00,1489.5869539491252
2023-12-04 00:00:00,1476.9112145975716
2023-12-05 00:00:00,1447.5092693631175
2023-12-06 00:00:00,1411.3736504923324
2023-12-07 00:00:00,1374.87724738951
2023-12-08 00:00:00,1337.7417244139026
2023-12-10 00:00:00,1260.9181179338761
2023-12-11 00:00:00,1215.8291751337122
2023-12-12 00:00:00,1169.044956157178
2023-12-13 00:00:00,1135.2889544001123
2023-12-14 00:00:00,1112.8723464195425
2023-12-15 00:00:00,1111.6561064617438
2023-12-17 00:00:00,1125.266200790187
2023-12-18 00:00:00,1133.1482703755564
2023-12-19 00:00:00,1168.799961257071
2023-12-20 00:00:00,1204.107302570336
2023-12-21 00:00:00,1238.9919795160515
2023-12-22 00:00:00,1273.4104286235947
2023-12-25 00:00:00,1410.4410473162816
2023-12-26 00:00:00,1444.9786657409077
2023-12-27 00:00:00,1436.72041179315
2023-12-28 00:00:00,1418.8415178341697
2023-12-29 00:00:00,1404.3769036588596
2024-01-01 00:00:00,1355.9705445561422
2024-01-02 00:00:00,1318.2092728250193
2024-01-03 00:00:00,1280.3147385176253
2024-01-04 00:00:00,1242.0366682206798
2024-01-05 00:00:00,1203.1058396164435
2024-01-07 00:00:00,1097.2924279772508
2024-01-08 00:00:00,1028.7977142118234
2024-01-09 00:00:00,962.5819752876754
2024-01-10 00:00:00,920.3331040420884
2024-01-11 00:00:00,915.1730512804075
2024-01-12 00:00:00,920.7087744257244
2024-01-14 00:00:00,931.7308918181536
2024-01-15 00:00:00,953.1400924797106
2024-01-16 00:00:00,987.0294525468887
2024-01-17 00:00:00,1019.9308117739606
2024-01-18 00:00:00,1051.783629720582
2024-01-19 00:00:00,1088.7633700013412
2024-01-21 00:00:00,1200.5221942086575
2024-01-22 00:00:00,1254.5500623840371
2024-01-23 00:00:00,1303.8366532112009
2024-01-24 00:00:00,1329.9436163319606
2024-01-25 00:00:00,1314.9196232882018
2024-01-26 00:00:00,1298.7751651633018
2024-01-28 00:00:00,1267.397555025176
2024-01-29 00:00:00,1236.7853606751578
2024-01-30 00:00:00,1199.158118623424
2024-01-31 00:00:00,1161.5423315328358
2024-02-01 00:00:00,1123.7219956601384
2024-02-02 00:00:00,1085.4486923647294
2024-02-04 00:00:00,969.0611151014033
2024-02-05 00:00:00,902.0720481455368
2024-02-06 00:00:00,832.6939116372375
2024-02-07 00:00:00,760.7902953257931
2024-02-08 00:00:00,690.3551574828384
2024-02-09 00:00:00,660.4408204777209
2024-02-11 00:00:00,672.6700028502794
2024-02-12 00:00:00,706.646666855368
2024-02-13 00:00:00,742.1206521464069
2024-02-14 00:00:00,776.5576695714603
2024-02-15 00:00:00,809.7865153272451
2024-02-16 00:00:00,861.8724253886359
2024-02-18 00:00:00,974.7400581395261
2024-02-19 00:00:00,1028.8147463195992
2024-02-20 00:00:00,1081.6544065753988
2024-02-21 00:00:00,1133.487168595809
2024-02-22 00:00:00,1184.5069007786692
2024-02-23 00:00:00,1197.0400061340422
2024-02-25 00:00:00,1191.817090774169
2024-02-26 00:00:00,1155.5538440908717
2024-02-27 00:00:00,1119.3390649307062
2024-02-28 00:00:00,1083.0448952991123
2024-02-29 00:00:00,1047.826336984996
2024-03-01 00:00:00,1014.4016443358531
2024-03-03 00:00:00,898.3888902128606
2024-03-04 00:00:00,836.9861397420314
2024-03-05 00:00:00,773.488069677225
2024-03-06 00:00:00,707.6861796789192
2024-03-07 00:00:00,639.549580051349
2024-03-08 00:00:00,569.2841744640712
2024-03-10 00:00:00,514.7859709971084
2024-03-11 00:00:00,529.0138162307416
2024-03-12 00:00:00,565.8926829038555
2024-03-13 00:00:00,605.4376342928798
2024-03-14 00:00:00,644.7490195983563
2024-03-15 00:00:00,709.3235809948982
2024-03-17 00:00:00,831.8038009709417
2024-03-18 00:00:00,890.0881033352487
2024-03-19 00:00:00,946.783384237713
2024-03-20 00:00:00,1002.2060971961613
2024-03-21 00:00:00,1056.6618307922706
2024-03-22 00:00:00,1110.5165455874455
2024-03-24 00:00:00,1159.5003534374068
2024-03-25 00:00:00,1148.0941334799961
2024-03-26 00:00:00,1136.529098743461
2024-03-27 00:00:00,1123.9781575703169
2024-03-28 00:00:00,1089.1547534904246
2024-03-31 00:00:00,923.650073943375
2024-04-01 01:00:00,856.037999367606
2024-04-02 01:00:00,789.4204580247655
2024-04-03 01:00:00,720.6489056209352
2024-04-04 01:00:00,649.684941128336
2024-04-05 01:00:00,576.6382948427878
2024-04-07 01:00:00,468.0609971513074
2024-04-08 01:00:00,459.5859420255746
2024-04-09 01:00:00,468.32368892880635
2024-04-10 01:00:00,505.4821479246077
2024-04-11 01:00:00,550.4929499422808
2024-04-12 01:00:00,616.6726329778777
2024-04-14 01:00:00,742.6298938366027
2024-04-15 01:00:00,802.5927254985924
2024-04-16 01:00:00,860.8899601072183
2024-04-17 01:00:00,917.8770418708219
2024-04-18 01:00:00,973.9386488389985
2024-04-19 01:00:00,1029.4587846028126
2024-04-21 01:00:00,1107.3045735183578
2024-04-22 01:00:00,1120.4104268680696
2024-04-23 01:00:00,1119.2031540532244
2024-04-24 01:00:00,1085.8248400713255
2024-04-25 01:00:00,1052.005906481959
2024-04-26 01:00:00,1003.9663358781722
2024-04-28 01:00:00,883.1181574040536
2024-04-29 01:00:00,821.1344596986693
2024-04-30 01:00:00,758.059463620195
2024-05-01 01:00:00,693.8676032413547
2024-05-02 01:00:00,628.5593813074718
2024-05-03 01:00:00,562.1845135653232
2024-05-05 01:00:00,458.57147892333813
2024-05-06 01:00:00,445.7751073662444
2024-05-07 01:00:00,456.2268633986483
2024-05-08 01:00:00,483.9772153950595
2024-05-09 01:00:00,535.2191125287676
2024-05-10 01:00:00,603.4505917075667
2024-05-12 01:00:00,734.2999128866057
2024-05-13 01:00:00,796.8094290452057
2024-05-14 01:00:00,857.5661125466297
2024-05-15 01:00:00,916.8647473254324
2024-05-16 01:00:00,975.076184264595
2024-05-17 01:00:00,1032.6116440920832
2024-05-19 01:00:00,1109.415104495989
2024-05-20 01:00:00,1135.2400111076226
2024-05-21 01:00:00,1146.9626739637265
2024-05-22 01:00:00,1149.1661594655702
2024-05-23 01:00:00,1139.0422649000607
2024-05-24 01:00:00,1093.3130388090162
2024-05-26 01:00:00,975.7483418703683
2024-05-27 01:00:00,915.4784669159288
2024-05-28 01:00:00,854.4474867802708
2024-05-29 01:00:00,792.8188495082413
2024-05-30 01:00:00,730.7247323497988
2024-05-31 01:00:00,668.2652811813997
2024-06-02 01:00:00,591.1652821144239
2024-06-03 01:00:00,560.1253361535242
2024-06-04 01:00:00,552.3396370196018
2024-06-05 01:00:00,546.863916794947
2024-06-06 01:00:00,564.3362287051382
2024-06-07 01:00:00,622.2546211158694
2024-06-09 01:00:00,761.297550229554
2024-06-10 01:00:00,828.4897053524127
2024-06-11 01:00:00,894.1880742403305
2024-06-12 01:00:00,958.5981584784539
2024-06-13 01:00:00,1022.0282541519925
2024-06-14 01:00:00,1081.1581385234688
2024-06-16 01:00:00,1159.2679975976125
2024-06-17 01:00:00,1198.8213596248283
2024-06-18 01:00:00,1234.6915012469722
2024-06-19 01:00:00,1253.9436838892411
2024-06-20 01:00:00,1273.4657245372503
2024-06-21 01:00:00,1269.6150691986525
2024-06-23 01:00:00,1233.5899848313068
2024-06-24 01:00:00,1176.809919970614
2024-06-25 01:00:00,1119.2304313463244
2024-06-26 01:00:00,1061.2286221775914
2024-06-27 01:00:00,1003.1167201997288
2024-06-28 01:00:00,958.0772716102925
2024-06-30 01:00:00,898.8698641733008
2024-07-01 01:00:00,869.4487731478017
2024-07-02 01:00:00,849.8769180717895
2024-07-03 01:00:00,846.6534013953416
2024-07-04 01:00:00,863.0420275043805
2024-07-05 01:00:00,886.0049221301956
2024-07-07 01:00:00,938.0394088236602
2024-07-08 01:00:00,985.6647408801255
2024-07-09 01:00:00,1050.9711381110708
2024-07-10 01:00:00,1115.1083088579062
2024-07-11 01:00:00,1178.314698567847
2024-07-12 01:00:00,1221.6973232441974
2024-07-14 01:00:00,1299.0456889404488
2024-07-15 01:00:00,1338.1149878836854
2024-07-16 01:00:00,1377.7978690539737
2024-07-17 01:00:00,1413.6423372561162
2024-07-18 01:00:00,1428.7134443624143
2024-07-19 01:00:00,1419.4890707467787
2024-07-21 01:00:00,1399.4934013256388
2024-07-22 01:00:00,1388.8463113969606
2024-07-23 01:00:00,1359.605662269756
2024-07-24 01:00:00,1303.1340204493895
2024-07-25 01:00:00,1244.5883580835189
2024-07-26 01:00:00,1208.6334893506291
2024-07-28 01:00:00,1137.7459572049638
2024-07-29 01:00:00,1102.8613801142424
2024-07-30 01:00:00,1068.3075229883602
2024-07-31 01:00:00,1053.4681700290994
2024-08-01 01:00:00,1070.1993101032137
2024-08-02 01:00:00,1086.367670498504
2024-08-04 01:00:00,1116.9591964162
2024-08-05 01:00:00,1131.3597604816082
2024-08-06 01:00:00,1145.3766971433784
2024-08-07 01:00:00,1198.8220631151219
2024-08-08 01:00:00,1243.0931761590966
2024-08-09 01:00:00,1279.7357825541926
2024-08-11 01:00:00,1353.480063024715
2024-08-12 01:00:00,1390.8163174660504
2024-08-13 01:00:00,1428.8094385001154
2024-08-14 01:00:00,1467.7151664634678
2024-08-15 01:00:00,1492.792908469474
2024-08-16 01:00:00,1482.9149853090835
2024-08-18 01:00:00,1461.7358771744339
2024-08-19 01:00:00,1450.572437338326
2024-08-20 01:00:00,1424.9733979950645
2024-08-21 01:00:00,1379.3112688165334
2024-08-22 01:00:00,1340.961717074502
2024-08-23 01:00:00,1298.961593364469
2024-08-25 01:00:00,1218.3718764489897
2024-08-26 01:00:00,1180.0729440118785
2024-08-27 01:00:00,1143.1405918190158
2024-08-28 01:00:00,1123.1168112279001
2024-08-29 01:00:00,1138.7648696861058
2024-08-30 01:00:00,1154.5861652951596
2024-09-01 01:00:00,1186.903775202775
2024-09-02 01:00:00,1214.3627339947927
2024-09-03 01:00:00,1253.8533732756507
2024-09-04 01:00:00,1282.1085106982598
2024-09-05 01:00:00,1297.6415839492727
2024-09-06 01:00:00,1325.9039979033334
2024-09-08 01:00:00,1400.2318163294233
2024-09-09 01:00:00,1438.143387341071
2024-09-10 01:00:00,1476.822323211788
2024-09-11 01:00:00,1516.4814445808115
2024-09-12 01:00:00,1539.5515786265548
2024-09-13 01:00:00,1540.185800718478
2024-09-15 01:00:00,1519.1158466253162
2024-09-16 01:00:00,1507.9964544849379
2024-09-17 01:00:00,1496.5863992567517
2024-09-18 01:00:00,1483.7970928077473
2024-09-19 01:00:00,1473.432741768829
2024-09-20 01:00:00,1461.9964316486114
2024-09-22 01:00:00,1387.6346846389442
2024-09-23 01:00:00,1351.669541146254
2024-09-24 01:00:00,1320.1221289274051
2024-09-25 01:00:00,1312.9264579133699
2024-09-26 01:00:00,1318.6537214931634
2024-09-27 01:00:00,1336.0250057128944
2024-09-29 01:00:00,1370.067201806733
2024-09-30 01:00:00,1386.8510514114573
2024-10-01 01:00:00,1394.3283009614022
2024-10-02 01:00:00,1387.3097894045504
2024-10-03 01:00:00,1381.26380346533
2024-10-04 01:00:00,1394.3315722296654
2024-10-06 01:00:00,1425.5652674271173
2024-10-07 01:00:00,1460.8812355665825
2024-10-08 01:00:00,1496.8305611874673
2024-10-09 01:00:00,1525.9044474285638
2024-10-10 01:00:00,1537.80680664326
2024-10-11 01:00:00,1547.2948915927686
2024-10-13 01:00:00,1519.621435926994
2024-10-14 01:00:00,1505.1858391979176
2024-10-15 01:00:00,1499.9930152777679
2024-10-16 01:00:00,1515.2405213985298
2024-10-17 01:00:00,1530.623936840036
2024-10-18 01:00:00,1545.9845540125718
2024-10-20 01:00:00,1527.0691525810719
2024-10-21 01:00:00,1490.000603055435
2024-10-22 01:00:00,1475.2267803603606
2024-10-23 01:00:00,1467.6577129609084
2024-10-24 01:00:00,1464.3170946697853
2024-10-25 01:00:00,1481.6843522043966
2024-10-27 01:00:00,1515.5938784048356
2024-10-28 00:00:00,1526.4714040417668
2024-10-29 00:00:00,1519.5649307375895
2024-10-30 00:00:00,1512.6727719144842
2024-10-31 00:00:00,1505.7396996692255
2024-11-01 00:00:00,1498.720424933309
2024-11-03 00:00:00,1484.2863444343438
2024-11-04 00:00:00,1490.7841453999129
2024-11-05 00:00:00,1499.9167572526162
2024-11-06 00:00:00,1509.1165870063455
2024-11-07 00:00:00,1519.1357705602268
2024-11-08 00:00:00,1529.4473561508726
2024-11-10 00:00:00,1498.8098481766392
2024-11-11 00:00:00,1482.387950101153
2024-11-12 00:00:00,1493.5199985421452
2024-11-13 00:00:00,1506.057629636424
2024-11-14 00:00:00,1518.7998669147682
2024-11-15 00:00:00,1531.6340839511197
2024-11-17 00:00:00,1557.036094156188
2024-11-18 00:00:00,1568.6117331398018
2024-11-19 00:00:00,1580.3812224554292
2024-11-20 00:00:00,1567.414438354379
2024-11-21 00:00:00,1556.802306449085
2024-11-22 00:00:00,1569.6194691086414
2024-11-24 00:00:00,1594.6706181069685
2024-11-25 00:00:00,1584.574037706786
2024-11-26 00:00:00,1573.6748547078616
2024-11-27 00:00:00,1562.9386897907984
2024-11-28 00:00:00,1552.302794418344
2024-11-29 00:00:00,1541.7149049810228
2024-12-01 00:00:00,1520.5297623321294
2024-12-02 00:00:00,1507.2379288714253
2024-12-03 00:00:00,1495.9790712744723
2024-12-04 00:00:00,1487.3863441214742
2024-12-05 00:00:00,1477.6609577110298
2024-12-06 00:00:00,1481.697143732684
2024-12-08 00:00:00,1454.4594180312286
2024-12-09 00:00:00,1458.7887206637497
2024-12-10 00:00:00,1472.7393599785885
2024-12-11 00:00:00,1486.6965943301832
2024-12-12 00:00:00,1500.6021965446914
2024-12-13 00:00:00,1513.020528030258
2024-12-15 00:00:00,1517.1881413771357
2024-12-16 00:00:00,1527.609932256216
2024-12-17 00:00:00,1537.8260220632224
2024-12-18 00:00:00,1547.766055920457
2024-12-19 00:00:00,1573.7317845645312
2024-12-20 00:00:00,1585.7678336358606
2024-12-22 00:00:00,1596.080161143101
2024-12-23 00:00:00,1583.9270616047054
2024-12-24 00:00:00,1571.9291689501608
2024-12-25 00:00:00,1559.983192411105
2024-12-26 00:00:00,1547.992241583347
2024-12-27 00:00:00,1535.7312005290103
2024-12-29 00:00:00,1504.233572335083
2024-12-30 00:00:00,1482.424943431754
2024-12-31 00:00:00,1463.9017801921073
2025-01-01 00:00:00,1445.0266825761296
2025-01-02 00:00:00,1414.342080007192
2025-01-03 00:00:00,1366.6383883876963
2025-01-05 00:00:00,1312.7367291834757
2025-01-06 00:00:00,1318.0574774207114
2025-01-07 00:00:00,1323.3790804283053
2025-01-08 00:00:00,1328.6953071050038
2025-01-09 00:00:00,1333.9945774854243
2025-01-10 00:00:00,1339.2528188324168
2025-01-12 00:00:00,1380.6164467449623
2025-01-13 00:00:00,1403.311123931233
2025-01-14 00:00:00,1411.003077008756
2025-01-15 00:00:00,1441.6661006607287
2025-01-16 00:00:00,1475.3624554933924
2025-01-17 00:00:00,1508.1136796390813
2025-01-19 00:00:00,1523.1272951933634
2025-01-20 00:00:00,1510.014910643668
2025-01-21 00:00:00,1497.0853216137994
2025-01-22 00:00:00,1484.1434766535085
2025-01-23 00:00:00,1471.098312043112
2025-01-24 00:00:00,1457.3187198928392
2025-01-26 00:00:00,1400.2798813881388
2025-01-27 00:00:00,1356.123474728207
2025-01-28 00:00:00,1310.8480203105307
2025-01-29 00:00:00,1244.4258492222898
2025-01-30 00:00:00,1193.2812821090233
2025-01-31 00:00:00,1141.4661551947174
2025-02-02 00:00:00,1062.968984107535
2025-02-03 00:00:00,1066.4177531051482
2025-02-04 00:00:00,1069.8107499992268
2025-02-05 00:00:00,1073.1123839750564
2025-02-06 00:00:00,1076.3006412151892
2025-02-07 00:00:00,1079.3610535347889
2025-02-09 00:00:00,1137.3494160607906
2025-02-10 00:00:00,1171.5943702810082
2025-02-11 00:00:00,1226.7782826802083
2025-02-12 00:00:00,1280.798214378493
2025-02-13 00:00:00,1329.2927529036556
2025-02-14 00:00:00,1359.7807386816178
2025-02-16 00:00:00,1385.1971803001331
2025-02-17 00:00:00,1370.251719759288
2025-02-18 00:00:00,1352.9997734920198
2025-02-19 00:00:00,1335.7487130420332
2025-02-20 00:00:00,1318.425751315445
2025-02-21 00:00:00,1300.9558069717202
2025-02-23 00:00:00,1228.3239997859355
2025-02-24 00:00:00,1184.1915219594403
2025-02-25 00:00:00,1119.50936941243
2025-02-26 00:00:00,1047.11289096172
2025-02-27 00:00:00,974.5161535325439
2025-02-28 00:00:00,900.4086266378421
2025-03-02 00:00:00,807.4671611661463
2025-03-03 00:00:00,813.549106511254
2025-03-04 00:00:00,823.9528015881776
2025-03-05 00:00:00,834.4997475278819
2025-03-06 00:00:00,845.1647000724647
2025-03-07 00:00:00,871.7321510119212
2025-03-09 00:00:00,947.0611944313903
2025-03-10 00:00:00,1009.0216691689766
2025-03-11 00:00:00,1071.1459551023024
2025-03-12 00:00:00,1132.7559769542852
2025-03-13 00:00:00,1195.4645656559906
2025-03-14 00:00:00,1257.6120895098584
2025-03-16 00:00:00,1312.1518164821198
2025-03-17 00:00:00,1301.0648686470495
2025-03-18 00:00:00,1289.931736729319
2025-03-19 00:00:00,1278.7072306570517
2025-03-20 00:00:00,1267.340247957094
2025-03-21 00:00:00,1255.774584332829
2025-03-23 00:00:00,1183.7372150230383
2025-03-24 00:00:00,1144.9462754687086
2025-03-25 00:00:00,1079.7273381827588
2025-03-26 00:00:00,1012.3568770371561
2025-03-27 00:00:00,942.8361177295827
2025-03-28 00:00:00,871.3670526508083
2025-03-30 00:00:00,842.1389606691248
2025-03-31 01:00:00,861.6866834206297
2025-04-01 01:00:00,880.2107478886618
2025-04-02 01:00:00,898.3516777201103
2025-04-03 01:00:00,917.4818957792468
2025-04-04 01:00:00,962.2496177522813
2025-04-06 01:00:00,1052.6907073397513
2025-04-07 01:00:00,1118.5238565220184
2025-04-08 01:00:00,1183.1129292813898
2025-04-09 01:00:00,1246.5419997441104
2025-04-10 01:00:00,1308.804957841127
2025-04-11 01:00:00,1346.9308196136215
2025-04-13 01:00:00,1326.5365924992932
2025-04-14 01:00:00,1316.3362918336534
2025-04-15 01:00:00,1306.0894209958099
2025-04-16 01:00:00,1295.7625275821847
2025-04-17 01:00:00,1285.318858087923
2025-04-20 01:00:00,1194.6006102633025
2025-04-21 01:00:00,1157.926678311864
2025-04-22 01:00:00,1094.7136422650135
2025-04-23 01:00:00,1029.540692329566
2025-04-24 01:00:00,962.2708812645985
2025-04-25 01:00:00,892.9401317588492
2025-04-27 01:00:00,894.8329240485779
2025-04-28 01:00:00,909.6240973782049
2025-04-29 01:00:00,924.2981142910303
2025-04-30 01:00:00,938.6944870381673
2025-05-01 01:00:00,961.6442543220683
2025-05-02 01:00:00,1003.088607271851
2025-05-04 01:00:00,1081.689446805692
2025-05-05 01:00:00,1143.728294713043
2025-05-06 01:00:00,1203.9804453287452
2025-05-07 01:00:00,1262.8276853528705
2025-05-08 01:00:00,1320.6560267391772
2025-05-09 01:00:00,1351.034506351458
2025-05-11 01:00:00,1369.7148004212734
2025-05-12 01:00:00,1360.1619554468389
2025-05-13 01:00:00,1350.5728347400332
2025-05-14 01:00:00,1340.924563702919
2025-05-15 01:00:00,1331.1979124688864
2025-05-16 01:00:00,1304.5248655784528
2025-05-18 01:00:00,1235.1051446906486
2025-05-19 01:00:00,1199.5093254902451
2025-05-20 01:00:00,1144.7186396713341
2025-05-21 01:00:00,1081.6191266317496
2025-05-22 01:00:00,1016.8478631998091
2025-05-23 01:00:00,961.4636099320637
2025-05-25 01:00:00,914.3193664688143
2025-05-26 01:00:00,901.6613877142444
2025-05-27 01:00:00,893.8707361882033
2025-05-28 01:00:00,906.7245313297893
2025-05-29 01:00:00,932.8858067165296
2025-05-30 01:00:00,973.1169669067822
2025-06-01 01:00:00,1049.5262964640217
2025-06-02 01:00:00,1099.4294529112033
2025-06-03 01:00:00,1158.5954133117357
2025-06-04 01:00:00,1216.3234720334974
2025-06-05 01:00:00,1263.8988697186678
2025-06-06 01:00:00,1296.2886124021609
2025-06-08 01:00:00,1342.4914318803085
2025-06-09 01:00:00,1353.8749356908556
2025-06-10 01:00:00,1368.24193809507
2025-06-11 01:00:00,1382.7180368414106
2025-06-12 01:00:00,1397.314582892232
2025-06-13 01:00:00,1379.7884962392177
2025-06-15 01:00:00,1315.4005456202349
2025-06-16 01:00:00,1282.2678843033978
2025-06-17 01:00:00,1239.3695657294377
2025-06-18 01:00:00,1178.9652679745036
2025-06-19 01:00:00,1117.4456712445594
2025-06-20 01:00:00,1082.1960541409503
2025-06-22 01:00:00,1009.1711836771082
2025-06-23 01:00:00,994.4070096735243
2025-06-24 01:00:00,983.8033413044891
2025-06-25 01:00:00,973.1415243128647
2025-06-26 01:00:00,980.005234443651
2025-06-27 01:00:00,997.3343039084358
2025-06-29 01:00:00,1071.9595296836628
2025-06-30 01:00:00,1111.217804129771
2025-07-01 01:00:00,1171.9682206497114
2025-07-02 01:00:00,1232.6560335272902
2025-07-03 01:00:00,1269.0218597170515
2025-07-04 01:00:00,1304.0880587229592
2025-07-06 01:00:00,1373.9788747563475
2025-07-07 01:00:00,1409.23120855599
2025-07-08 01:00:00,1425.073002850742
2025-07-09 01:00:00,1438.6181225077676
2025-07-10 01:00:00,1448.5352694582919
2025-07-11 01:00:00,1437.1158970424617
2025-07-13 01:00:00,1406.696431291261
2025-07-14 01:00:00,1368.4604233325888
2025-07-15 01:00:00,1329.5698377816148
2025-07-16 01:00:00,1266.1570351387452
2025-07-17 01:00:00,1220.4973464192856
2025-07-18 01:00:00,1180.9398180983276
2025-07-20 01:00:00,1100.1053715692933
2025-07-21 01:00:00,1059.010288557331
2025-07-22 01:00:00,1024.6747463771526
2025-07-23 01:00:00,1009.3760537688363
2025-07-24 01:00:00,1016.3810841177699
2025-07-25 01:00:00,1028.1498915610362
2025-07-27 01:00:00,1088.3511275312385
2025-07-28 01:00:00,1125.7047563101314
2025-07-29 01:00:00,1167.0680671732832
2025-07-30 01:00:00,1210.9761096130007
2025-07-31 01:00:00,1244.7826538711372
2025-08-01 01:00:00,1278.2575679166284
2025-08-03 01:00:00,1345.2327208945735
2025-08-04 01:00:00,1379.2270991320925
2025-08-05 01:00:00,1413.8477657023866
2025-08-06 01:00:00,1449.2585241279235
2025-08-07 01:00:00,1458.9474582019293
2025-08-08 01:00:00,1446.4713819797942
