datetime,open,high,low,close,volume 
2003.05.05 21:00:00,341.485,344.208,340.276,342.367,6.86801
2003.05.06 21:00:00,342.651,344.185,339.005,341.162,6.20225
2003.05.07 21:00:00,341.385,348.054,339.956,347.732,6.14315
2003.05.08 21:00:00,347.801,348.577,345.82,347.924,5.78656
2003.05.11 21:00:00,348.163,351.576,347.725,350.399,9.49409
2003.05.12 21:00:00,350.394,351.265,348.541,349.128,11.40146
2003.05.13 21:00:00,348.995,353.95,347.405,352.19,10.36699
2003.05.14 21:00:00,351.962,355.217,350.208,351.566,10.30933
2003.05.15 21:00:00,351.209,355.068,350.493,353.9,9.96257
2003.05.18 21:00:00,355.645,364.111,354.725,363.561,5.58751
2003.05.19 21:00:00,364.011,369.295,363.296,367.64,6.60219
2003.05.20 21:00:00,367.895,371.995,362.754,371.495,6.08983
2003.05.21 21:00:00,371.543,371.798,367.434,367.728,6.08563
2003.05.22 21:00:00,367.653,370.195,364.748,367.465,5.55835
2003.05.25 21:00:00,367.936,370.485,367.535,369.973,5.37271
2003.05.26 21:00:00,369.962,374.195,365.804,366.461,6.61507
2003.05.27 21:00:00,365.361,366.595,357.995,364.393,6.10947
2003.05.28 21:00:00,364.146,365.004,359.595,364.577,6.02313
2003.05.29 21:00:00,364.735,368.795,363.004,363.74,5.87055
2003.06.01 21:00:00,362.452,366.242,359.55,365.437,5.56236
2003.06.02 21:00:00,365.315,366.936,363.913,364.937,6.74527
2003.06.03 21:00:00,364.792,365.339,360.358,360.702,6.06049
2003.06.04 21:00:00,360.959,367.397,360.236,366.827,6.20223
2003.06.05 21:00:00,366.984,368.298,361.498,363.118,5.7339
2003.06.08 21:00:00,362.805,365.189,360.355,360.948,5.53199
2003.06.09 21:00:00,360.85,361.571,351.079,351.411,6.77291
2003.06.10 21:00:00,351.539,355.766,351.073,354.119,6.20507
2003.06.11 21:00:00,354.167,355.115,350.336,352.725,6.25542
2003.06.12 21:00:00,352.674,356.103,351.439,355.696,5.91272
2003.06.15 21:00:00,355.998,360.304,355.558,358.413,5.61897
2003.06.16 21:00:00,358.333,362.87,358.105,362.795,6.76201
2003.06.17 21:00:00,362.603,363.866,356.181,356.499,6.10971
2003.06.18 21:00:00,356.736,360.973,353.944,360.911,6.24596
2003.06.19 21:00:00,360.573,362.079,355.47,355.765,5.70848
2003.06.22 21:00:00,355.89,357.169,351.669,351.783,5.4892
2003.06.23 21:00:00,351.914,354.264,345.343,345.675,6.57982
2003.06.24 21:00:00,345.443,348.778,345.441,347.811,6.10733
2003.06.25 21:00:00,347.701,348.271,342.713,343.079,6.10187
2003.06.26 21:00:00,343.003,345.69,341.693,344.612,6.02078
2003.06.29 21:00:00,344.325,347.414,343.428,345.245,5.63486
2003.06.30 21:00:00,345.49,351.056,344.35,350.487,6.72701
2003.07.01 21:00:00,350.255,352.296,349.081,350.259,5.99483
2003.07.02 21:00:00,350.257,350.966,348.571,350.098,5.83009
2003.07.03 21:00:00,350.026,351.061,349.824,350.233,5.67807
2003.07.06 21:00:00,350.163,351.474,346.838,347.174,5.4529
2003.07.07 21:00:00,347.218,348.033,342.763,343.56,6.74428
2003.07.08 21:00:00,343.439,345.474,342.712,343.605,6.06679
2003.07.09 21:00:00,343.644,345.38,341.251,344.294,6.01256
2003.07.10 21:00:00,344.112,344.604,342.498,344.34,5.77751
2003.07.13 21:00:00,344.393,347.347,343.281,346.355,5.64602
2003.07.14 21:00:00,346.746,348.731,342.692,342.885,6.63215
2003.07.15 21:00:00,342.783,344.022,340.477,342.556,6.04765
2003.07.16 21:00:00,342.801,344.597,341.657,343.184,5.99657
2003.07.17 21:00:00,343.16,346.766,342.413,346.422,5.61483
2003.07.20 21:00:00,346.132,351.486,345.755,350.721,5.38795
2003.07.21 21:00:00,350.48,352.316,348.811,350.096,6.69251
2003.07.22 21:00:00,350.122,358.319,349.477,358.095,6.70426
2003.07.23 21:00:00,357.947,361.963,355.993,361.945,7.05022
2003.07.24 21:00:00,361.797,362.968,358.815,362.029,6.45612
2003.07.27 21:00:00,361.764,366.542,360.813,364.059,5.40538
2003.07.28 21:00:00,364.012,364.8,360.394,361.068,7.16289
2003.07.29 21:00:00,360.879,361.342,354.374,355.222,6.62461
2003.07.30 21:00:00,355.295,357.045,353.035,353.692,6.60234
2003.07.31 21:00:00,353.696,355.498,348.359,348.359,6.10053
2003.08.03 21:00:00,348.095,349.592,346.045,348.074,5.74771
2003.08.04 21:00:00,348.995,351.336,347.648,350.833,9.6742
2003.08.05 21:00:00,351.175,353.005,348.587,351.045,9.41276
2003.08.06 21:00:00,350.884,353.345,348.69,352.395,9.29017
2003.08.07 21:00:00,352.395,357.195,351.675,356.295,8.24027
2003.08.10 21:00:00,355.795,361.776,355.169,360.905,9.18154
2003.08.11 21:00:00,361.142,361.714,357.436,357.522,10.57606
2003.08.12 21:00:00,357.995,363.598,354.95,361.649,10.86096
2003.08.13 21:00:00,361.635,366.595,359.359,365.495,10.83303
2003.08.14 21:00:00,365.495,366.415,362.247,363.295,7.24863
2003.08.17 21:00:00,362.35,362.994,357.135,357.682,8.52064
2003.08.18 21:00:00,357.697,362.198,355.427,361.595,9.03689
2003.08.19 21:00:00,361.595,366.295,360.667,365.795,10.07785
2003.08.20 21:00:00,365.36,366.145,357.859,360.076,10.39064
2003.08.21 21:00:00,360.194,363.695,357.227,362.07,9.52807
2003.08.24 21:00:00,362.554,363.395,359.705,360.795,9.35976
2003.08.25 21:00:00,360.618,365.498,358.387,363.627,10.36236
2003.08.26 21:00:00,363.995,373.695,362.095,371.767,10.99073
2003.08.27 21:00:00,371.916,372.195,367.958,368.673,10.93113
2003.08.28 21:00:00,369.195,376.698,368.153,374.886,8.37437
2003.08.31 21:00:00,374.36,378.095,373.256,375.095,6.18631
2003.09.01 21:00:00,374.624,378.698,370.737,371.495,11.09276
2003.09.02 21:00:00,371.293,375.098,368.794,373.193,10.62743
2003.09.03 21:00:00,373.193,374.395,368.956,372.499,10.52091
2003.09.04 21:00:00,372.701,378.298,369.536,376.692,8.72937
2003.09.07 21:00:00,376.577,376.64,372.51,374.434,9.45575
2003.09.08 21:00:00,374.534,382.947,374.218,382.173,11.44412
2003.09.09 21:00:00,381.569,382.271,377.361,379.814,10.69613
2003.09.10 21:00:00,379.614,380.716,374.488,379.553,10.38133
2003.09.11 21:00:00,379.388,381.055,374.098,374.798,8.54016
2003.09.14 21:00:00,374.844,376.408,372.008,373.795,9.49532
2003.09.15 21:00:00,373.308,375.772,370.785,372.623,10.21695
2003.09.16 21:00:00,372.459,376.557,371.374,375.778,9.5225
2003.09.17 21:00:00,376.166,379.402,374.341,375.676,8.69717
2003.09.18 21:00:00,375.929,382.87,374.126,381.137,7.76234
2003.09.21 21:00:00,380.38,387.373,379.839,386.398,10.86297
2003.09.22 21:00:00,386.015,387.298,382.349,383.847,10.33126
2003.09.23 21:00:00,384.298,388.398,382.546,388.398,11.49285
2003.09.24 21:00:00,388.395,393.117,383.057,384.551,12.34136
2003.09.25 21:00:00,384.898,385.85,378.393,380.398,9.91812
2003.09.28 21:00:00,380.456,384.471,378.042,381.601,10.24581
2003.09.29 21:00:00,381.678,387.916,380.586,384.693,11.90699
2003.09.30 21:00:00,384.895,385.578,381.772,384.294,9.93308
2003.10.01 21:00:00,383.888,386.239,380.269,382.397,11.32856
2003.10.02 21:00:00,382.385,385.529,366.867,369.095,9.94358
2003.10.05 21:00:00,369.095,372.976,368.501,372.274,10.19804
2003.10.06 21:00:00,372.376,376.749,371.662,375.731,10.04791
2003.10.07 21:00:00,375.862,377.274,373.678,374.48,8.37069
2003.10.08 21:00:00,374.661,376.45,367.21,368.501,9.14911
2003.10.09 21:00:00,368.242,373.36,368.028,372.595,8.48267
2003.10.12 21:00:00,373.077,374.727,368.76,374.284,9.81316
2003.10.13 21:00:00,373.96,376.282,371.217,374.811,10.63026
2003.10.14 21:00:00,374.807,375.566,370.511,372.116,10.7186
2003.10.15 21:00:00,372.296,374.572,369.939,371.089,12.3565
2003.10.16 21:00:00,371.348,372.065,365.944,370.916,9.215
2003.10.19 21:00:00,370.859,373.982,368.999,372.653,9.34361
2003.10.20 21:00:00,372.505,381.313,371.977,380.153,10.56675
2003.10.21 21:00:00,379.992,386.946,379.119,385.03,10.68119
2003.10.22 21:00:00,385.395,387.21,381.884,383.497,11.89471
2003.10.23 21:00:00,383.743,391.834,383.087,387.988,8.18265
2003.10.26 22:00:00,387.495,388.056,384.711,387.47,9.21738
2003.10.27 22:00:00,387.081,387.784,381.508,381.962,9.68682
2003.10.28 22:00:00,382.126,387.016,378.989,385.808,10.3501
2003.10.29 22:00:00,385.756,390.965,381.259,382.703,10.41108
2003.10.30 22:00:00,382.585,388.611,380.872,383.615,8.73969
2003.11.02 22:00:00,383.613,384.65,375.448,375.805,8.08521
2003.11.03 22:00:00,375.987,380.495,375.66,378.98,9.54776
2003.11.04 22:00:00,378.74,383.998,377.994,380.701,10.3127
2003.11.05 22:00:00,380.688,383.498,378.351,379.498,10.72944
2003.11.06 22:00:00,379.495,383.145,375.078,382.595,7.8343
2003.11.09 22:00:00,382.494,386.888,381.676,385.289,9.75912
2003.11.10 22:00:00,385.495,388.298,384.726,387.495,10.02292
2003.11.11 22:00:00,387.3,395.798,386.32,393.598,10.78927
2003.11.12 22:00:00,393.385,397.095,391.99,394.195,11.62963
2003.11.13 22:00:00,393.747,398.698,393.091,397.025,9.54148
2003.11.16 22:00:00,396.321,398.742,385.299,390.594,10.9741
2003.11.17 22:00:00,390.33,398.298,389.433,398.076,10.78844
2003.11.18 22:00:00,398.295,400.048,391.766,394.313,10.26937
2003.11.19 22:00:00,394.598,396.698,390.981,393.995,10.22858
2003.11.20 22:00:00,393.775,397.498,391.836,395.595,8.61241
2003.11.23 22:00:00,395.237,395.938,389.313,390.733,8.97994
2003.11.24 22:00:00,390.998,392.698,388.593,390.257,9.3534
2003.11.25 22:00:00,390.795,400.295,389.824,395.623,8.86162
2003.11.26 22:00:00,395.918,396.798,394.283,394.493,4.42965
2003.11.27 22:00:00,394.798,398.598,393.741,397.698,5.93694
2003.11.30 22:00:00,397.095,402.968,395.853,401.24,10.09382
2003.12.01 22:00:00,401.488,405.395,398.17,402.525,9.79304
2003.12.02 22:00:00,402.449,404.395,400.284,404.052,10.13117
2003.12.03 22:00:00,403.833,404.498,398.832,401.842,11.11766
2003.12.04 22:00:00,402.295,406.098,398.794,405.624,8.29244
2003.12.07 22:00:00,405.384,408.873,403.938,406.436,9.8886
2003.12.08 22:00:00,406.236,409.098,404.678,407.798,10.01987
2003.12.09 22:00:00,407.369,411.598,404.091,404.788,10.45565
2003.12.10 22:00:00,404.934,406.098,401.575,404.322,11.47596
2003.12.11 22:00:00,404.498,408.995,403.606,408.398,8.06453
2003.12.14 22:00:00,408.196,410.296,400.767,408.996,10.7115
2003.12.15 22:00:00,409.359,409.998,405.763,406.525,9.81469
2003.12.16 22:00:00,406.407,412.598,405.744,412.098,10.73102
2003.12.17 22:00:00,411.885,412.198,406.632,410.048,11.11377
2003.12.18 22:00:00,410.048,410.798,406.565,408.898,8.33128
2003.12.21 22:00:00,408.898,411.126,406.799,409.112,9.21687
2003.12.22 22:00:00,409.132,410.698,407.868,409.819,8.38432
2003.12.23 22:00:00,410.198,412.248,409.437,411.598,5.46868
2003.12.24 22:00:00,411.229,411.598,410.871,411.355,1.01439
2003.12.25 22:00:00,411.194,412.798,409.647,411.384,1.9667
2003.12.28 22:00:00,411.411,415.098,410.84,413.815,9.17928
2003.12.29 22:00:00,413.452,416.698,413.285,415.798,9.64244
2003.12.30 22:00:00,415.795,417.298,413.197,415.395,6.83224
2003.12.31 22:00:00,415.024,415.398,414.25,414.643,0.71533
2004.01.01 22:00:00,414.887,416.098,413.867,415.395,3.90664
2004.01.04 22:00:00,414.278,423.981,414.096,422.935,10.37175
2004.01.05 22:00:00,423.198,430.178,420.078,421.898,11.12384
2004.01.06 22:00:00,421.415,424.121,418.974,419.574,11.76424
2004.01.07 22:00:00,420.098,424.798,416.27,423.298,12.67883
2004.01.08 22:00:00,423.012,426.897,419.427,425.404,9.3649
2004.01.11 22:00:00,426.498,428.459,422.219,423.999,10.66898
2004.01.12 22:00:00,424.029,426.395,421.651,423.446,11.17899
2004.01.13 22:00:00,423.698,424.397,416.78,419.113,10.84068
2004.01.14 22:00:00,419.093,421.098,406.906,407.884,12.17178
2004.01.15 22:00:00,408.298,410.398,404.433,406.298,9.46839
2004.01.18 22:00:00,405.842,408.683,405.402,406.798,5.69863
2004.01.19 22:00:00,406.607,412.697,404.417,411.966,10.61967
2004.01.20 22:00:00,412.175,412.91,406.721,409.998,10.47685
2004.01.21 22:00:00,409.665,412.698,407.216,408.898,10.20322
2004.01.22 22:00:00,408.898,412.297,405.461,407.398,8.9884
2004.01.25 22:00:00,407.398,408.621,402.928,403.321,10.16572
2004.01.26 22:00:00,403.534,411.704,401.995,409.604,10.84256
2004.01.27 22:00:00,409.627,414.468,406.939,409.378,10.59994
2004.01.28 22:00:00,409.825,410.793,395.813,398.759,10.53891
2004.01.29 22:00:00,398.491,402.182,397.599,401.827,9.57149
2004.02.01 22:00:00,401.734,403.147,393.543,397.412,8.30865
2004.02.02 22:00:00,397.894,403.108,397.394,399.198,9.71805
2004.02.03 22:00:00,398.824,400.581,397.714,400.298,9.3752
2004.02.04 22:00:00,400.298,400.47,396.012,396.497,9.60619
2004.02.05 22:00:00,396.17,405.878,393.738,402.55,9.56259
2004.02.08 22:00:00,402.673,407.07,401.384,405.843,10.82476
2004.02.09 22:00:00,406.096,409.693,405.009,405.314,11.25409
2004.02.10 22:00:00,405.787,411.6,403.977,410.732,12.259
2004.02.11 22:00:00,410.566,413.397,408.978,411.409,12.48378
2004.02.12 22:00:00,411.148,416.439,405.849,409.32,8.44661
2004.02.15 22:00:00,409.471,411.292,408.67,410.932,5.42941
2004.02.16 22:00:00,411.198,415.483,409.982,414.85,10.76554
2004.02.17 22:00:00,415.089,416.243,408.744,410.075,10.57419
2004.02.18 22:00:00,410.171,412.157,406.931,409.355,12.11603
2004.02.19 22:00:00,409.294,411.068,393.367,396.859,9.18955
2004.02.22 22:00:00,397.696,399.813,395.401,397.821,11.81655
2004.02.23 22:00:00,398.195,404.098,397.044,402.921,11.35678
2004.02.24 22:00:00,403.397,403.898,393.211,395.242,10.97923
2004.02.25 22:00:00,395.356,397.198,389.965,394.597,13.25686
2004.02.26 22:00:00,394.344,397.518,390.985,395.495,10.53136
2004.02.29 22:00:00,395.798,402.39,395.138,399.02,11.13524
2004.03.01 22:00:00,399.119,401.03,390.136,392.338,11.03887
2004.03.02 22:00:00,392.394,393.298,386.999,392.643,12.78461
2004.03.03 22:00:00,392.692,395.118,390.617,392.073,12.81445
2004.03.04 22:00:00,392.219,400.854,391.543,400.394,9.71195
2004.03.07 22:00:00,400.401,400.998,397.56,400.591,11.00287
2004.03.08 22:00:00,400.442,405.703,399.288,401.934,11.85149
2004.03.09 22:00:00,402.523,404.074,396.711,399.3,12.36579
2004.03.10 22:00:00,399.103,402.594,396.215,402.1,13.17939
2004.03.11 22:00:00,402.397,402.471,394.001,394.597,10.09017
2004.03.14 22:00:00,394.42,399.844,394.228,398.795,11.68594
2004.03.15 22:00:00,398.897,403.666,397.988,401.543,11.71245
2004.03.16 22:00:00,401.41,407.024,400.789,406.898,12.35163
2004.03.17 22:00:00,406.489,413.54,404.982,410.696,12.72733
2004.03.18 22:00:00,410.616,412.801,408.215,411.655,8.81075
2004.03.21 22:00:00,410.816,418.219,410.163,416.723,11.20234
2004.03.22 22:00:00,416.566,420.046,414.295,418.843,12.51214
2004.03.23 22:00:00,418.933,419.454,413.688,415.704,13.26643
2004.03.24 22:00:00,415.759,417.717,414.04,415.677,12.25907
2004.03.25 22:00:00,415.806,423.146,413.774,421.42,11.89796
2004.03.28 22:00:00,420.79,421.252,415.623,417.089,14.10685
2004.03.29 22:00:00,417.294,421.743,416.224,420.096,13.28259
2004.03.30 22:00:00,419.993,426.921,419.295,425.708,17.97698
2004.03.31 22:00:00,425.611,430.499,423.096,425.651,19.13914
2004.04.01 22:00:00,425.209,428.764,416.955,419.882,11.5919
2004.04.04 21:00:00,419.833,421.968,412.526,415.043,12.68849
2004.04.05 21:00:00,415.254,419.099,413.823,418.758,14.76412
2004.04.06 21:00:00,418.508,423.462,416.487,421.95,15.15034
2004.04.07 21:00:00,422.194,423.648,417.461,419.172,14.47078
2004.04.08 21:00:00,419.244,420.426,418.465,419.085,1.78465
2004.04.11 21:00:00,419.035,421.476,416.333,417.655,10.72336
2004.04.12 21:00:00,417.782,421.025,404.308,406.132,15.45534
2004.04.13 21:00:00,405.811,407.545,396.348,399.681,17.42757
2004.04.14 21:00:00,399.531,401.007,394.39,398.585,18.44671
2004.04.15 21:00:00,398.261,402.101,396.029,399.629,14.82639
2004.04.18 21:00:00,400.139,405.284,398.831,400.637,15.60156
2004.04.19 21:00:00,400.62,400.734,393.65,394.155,17.25535
2004.04.20 21:00:00,394.415,394.955,388.395,389.723,17.28192
2004.04.21 21:00:00,389.598,393.538,388.652,392.161,16.2764
2004.04.22 21:00:00,391.86,396.233,391.687,394.409,14.56874
2004.04.25 21:00:00,394.63,397.537,392.541,395.533,15.75628
2004.04.26 21:00:00,395.568,398.962,394.913,397.531,17.0347
2004.04.27 21:00:00,397.685,398.439,383.429,384.456,16.83023
2004.04.28 21:00:00,384.949,387.819,376.731,387.019,18.39427
2004.04.29 21:00:00,387.224,390.345,384.915,385.86,13.58992
2004.05.02 21:00:00,386.339,389.129,384.751,386.274,13.57573
2004.05.03 21:00:00,386.452,392.826,385.4,391.88,16.22732
2004.05.04 21:00:00,391.938,394.545,389.194,392.376,16.10452
2004.05.05 21:00:00,392.336,393.813,385.784,387.206,17.51302
2004.05.06 21:00:00,386.844,388.492,376.442,378.296,15.82269
2004.05.09 21:00:00,378.465,379.011,370.627,377.935,12.98635
2004.05.10 21:00:00,378.113,379.643,373.546,377.381,13.4023
2004.05.11 21:00:00,377.414,383.668,376.003,377.335,13.31336
2004.05.12 21:00:00,377.09,378.704,372.207,374.385,12.37169
2004.05.13 21:00:00,373.96,376.857,372.271,376.185,10.05014
2004.05.16 21:00:00,376.488,382.946,375.594,378.27,20.89079
2004.05.17 21:00:00,378.215,379.556,374.385,375.737,21.97125
2004.05.18 21:00:00,376.349,382.82,374.284,381.807,20.96293
2004.05.19 21:00:00,381.689,382.197,377.328,378.705,19.42453
2004.05.20 21:00:00,379.016,386.846,378.514,383.728,14.9166
2004.05.23 21:00:00,384.08,386.308,382.332,384.806,11.924
2004.05.24 21:00:00,384.874,389.429,384.068,388.063,11.03531
2004.05.25 21:00:00,387.811,391.622,386.657,388.202,10.68552
2004.05.26 21:00:00,388.001,395.407,387.45,394.078,12.9097
2004.05.27 21:00:00,394.306,396.383,391.745,392.872,10.4782
2004.05.30 21:00:00,393.151,395.317,392.477,394.904,6.02076
2004.05.31 21:00:00,394.725,398.396,392.473,394.177,13.43981
2004.06.01 21:00:00,393.719,396.33,389.513,390.275,13.62521
2004.06.02 21:00:00,390.822,392.333,386.58,387.881,15.09234
2004.06.03 21:00:00,387.871,391.247,384.593,389.517,11.21736
2004.06.06 21:00:00,389.738,393.907,389.548,392.797,14.17395
2004.06.07 21:00:00,392.831,394.997,389.682,391.025,18.75533
2004.06.08 21:00:00,390.601,391.473,382.345,383.916,19.46822
2004.06.09 21:00:00,383.847,387.374,381.702,384.921,19.69052
2004.06.10 21:00:00,385.037,386.098,382.325,383.727,10.97076
2004.06.13 21:00:00,383.928,385.704,381.398,382.891,23.38677
2004.06.14 21:00:00,382.635,388.593,380.548,388.128,25.59774
2004.06.15 21:00:00,388.328,389.433,382.19,384.186,24.28905
2004.06.16 21:00:00,383.593,389.196,382.5,388.232,24.12848
2004.06.17 21:00:00,388.109,395.776,385.37,394.417,24.55337
2004.06.20 21:00:00,394.019,396.875,391.735,393.154,11.93624
2004.06.21 21:00:00,393.409,396.206,392.02,394.148,11.12755
2004.06.22 21:00:00,394.332,396.685,392.199,395.303,11.48987
2004.06.23 21:00:00,395.052,402.895,393.233,401.6,12.82029
2004.06.24 21:00:00,401.281,402.892,400.041,400.887,11.33363
2004.06.27 21:00:00,400.877,404.59,398.642,399.813,18.7729
2004.06.28 21:00:00,399.827,400.976,390.413,391.702,21.99938
2004.06.29 21:00:00,391.833,396.189,390.711,393.769,22.28935
2004.06.30 21:00:00,393.56,395.87,392.132,394.943,19.31247
2004.07.01 21:00:00,395.366,399.269,391.265,397.444,17.13986
2004.07.04 21:00:00,397.276,398.728,396.366,397.822,6.49613
2004.07.05 21:00:00,397.606,398.885,388.55,391.763,11.75246
2004.07.06 21:00:00,392.116,403.036,391.359,401.891,12.52826
2004.07.07 21:00:00,401.983,408.672,398.504,407.311,12.83654
2004.07.08 21:00:00,407.324,407.979,404.482,406.943,11.48651
2004.07.11 21:00:00,406.967,408.343,404.734,407.466,11.81647
2004.07.12 21:00:00,407.49,407.569,399.463,400.66,14.11387
2004.07.13 21:00:00,400.659,405.56,400.659,404.815,12.74569
2004.07.14 21:00:00,404.688,405.284,400.662,403.541,11.76388
2004.07.15 21:00:00,403.604,407.133,401.555,406.169,8.97198
2004.07.18 21:00:00,405.622,407.488,403.38,404.851,24.21607
2004.07.19 21:00:00,405.039,406.071,398.412,399.341,27.8608
2004.07.20 21:00:00,399.644,401.648,393.9,395.872,30.02688
2004.07.21 21:00:00,395.843,397.962,392.465,393.549,31.15825
2004.07.22 21:00:00,393.637,395.884,387.038,389.417,26.47915
2004.07.25 21:00:00,389.071,392.16,388.056,389.003,11.14813
2004.07.26 21:00:00,389.252,393.154,385.334,387.046,11.0102
2004.07.27 21:00:00,386.687,389.835,384.575,387.022,12.12755
2004.07.28 21:00:00,387.383,390.802,385.487,386.921,12.01568
2004.07.29 21:00:00,386.838,391.891,386.273,390.663,9.09816
2004.08.01 21:00:00,389.761,393.857,389.591,391.359,15.22371
2004.08.02 21:00:00,390.967,394.25,387.986,393.128,17.68613
2004.08.03 21:00:00,393.159,393.916,389.456,391.25,17.12227
2004.08.04 21:00:00,390.742,392.965,389.5,392.064,15.50632
2004.08.05 21:00:00,392.086,400.498,390.439,399.289,12.32755
2004.08.08 21:00:00,399.165,400.385,396.912,399.536,12.13031
2004.08.09 21:00:00,399.397,400.615,396.899,398.015,14.80986
2004.08.10 21:00:00,397.715,398.454,392.097,394.991,14.52518
2004.08.11 21:00:00,394.504,397.046,392.533,393.299,13.253
2004.08.12 21:00:00,393.091,399.208,391.376,398.194,13.77709
2004.08.15 21:00:00,397.906,402.816,397.624,401.415,15.27394
2004.08.16 21:00:00,401.527,404.821,399.379,403.731,15.02887
2004.08.17 21:00:00,403.675,405.027,400.366,403.658,16.72204
2004.08.18 21:00:00,404.107,407.474,402.75,405.859,17.19525
2004.08.19 21:00:00,405.74,413.887,404.009,411.941,13.6875
2004.08.22 21:00:00,411.789,412.248,407.461,408.376,13.25945
2004.08.23 21:00:00,408.661,409.438,401.353,402.401,18.09791
2004.08.24 21:00:00,402.635,407.616,401.58,405.798,15.56839
2004.08.25 21:00:00,405.52,408.731,403.32,405.333,16.46308
2004.08.26 21:00:00,405.6,408.2,400.678,402.346,13.77815
2004.08.29 21:00:00,402.26,408.514,401.86,407.627,14.80925
2004.08.30 21:00:00,407.238,410.484,405.641,409.128,16.14084
2004.08.31 21:00:00,408.981,409.805,405.674,408.177,16.84895
2004.09.01 21:00:00,407.651,408.722,404.518,405.651,15.49965
2004.09.02 21:00:00,405.535,406.453,398.016,400.213,13.50758
2004.09.05 21:00:00,400.096,402.594,399.435,402.071,11.88229
2004.09.06 21:00:00,401.74,402.2,395.667,396.843,18.47092
2004.09.07 21:00:00,397.035,399.781,394.11,398.862,18.82195
2004.09.08 21:00:00,398.736,400.3,396.204,398.252,18.5848
2004.09.09 21:00:00,398.235,402.513,397.948,401.932,15.26347
2004.09.12 21:00:00,401.6,404.377,397.944,402.935,14.62947
2004.09.13 21:00:00,403.247,406.552,401.076,404.338,19.26039
2004.09.14 21:00:00,404.422,405.602,402.012,404.504,16.44683
2004.09.15 21:00:00,404.695,405.583,401.651,403.734,17.10121
2004.09.16 21:00:00,403.52,406.633,402.21,405.205,14.02138
2004.09.19 21:00:00,405.217,405.241,402.432,404.589,10.89901
2004.09.20 21:00:00,404.586,409.384,402.965,408.062,14.86802
2004.09.21 21:00:00,407.928,409.308,403.146,406.639,17.41632
2004.09.22 21:00:00,407.037,411.617,405.344,409.144,17.28468
2004.09.23 21:00:00,408.675,411.568,405.755,406.77,13.45612
2004.09.26 21:00:00,407.367,409.782,406.101,408.484,13.04977
2004.09.27 21:00:00,408.308,412.629,407.24,411.995,17.07759
2004.09.28 21:00:00,411.775,413.875,409.963,412.171,15.28012
2004.09.29 21:00:00,411.829,418.658,410.134,418.246,18.7009
2004.09.30 21:00:00,418.228,419.381,415.827,418.586,13.59967
2004.10.03 21:00:00,418.21,418.644,410.64,413.133,16.01271
2004.10.04 21:00:00,412.87,419.286,411.494,417.568,15.95164
2004.10.05 21:00:00,417.603,419.872,415.057,417.484,17.20647
2004.10.06 21:00:00,417.106,419.459,415.968,416.763,18.37113
2004.10.07 21:00:00,416.898,423.462,416.161,421.959,14.91442
2004.10.10 21:00:00,422.435,422.813,419.898,421.045,13.35077
2004.10.11 21:00:00,421.209,421.947,411.869,414.43,18.26392
2004.10.12 21:00:00,414.074,415.933,408.391,415.226,19.44837
2004.10.13 21:00:00,415.63,418.585,413.061,416.673,19.16908
2004.10.14 21:00:00,417.111,421,416.37,418.112,14.02381
2004.10.17 21:00:00,418.34,419.784,415.015,415.577,15.91732
2004.10.18 21:00:00,415.266,420.208,413.498,419.505,17.27526
2004.10.19 21:00:00,419.292,425.463,418.409,423.493,16.17018
2004.10.20 21:00:00,422.988,425.749,420.763,422.919,19.15392
2004.10.21 21:00:00,422.826,424.598,420.976,423.395,14.08025
2004.10.24 21:00:00,423.606,430.007,422.8,427.833,17.34968
2004.10.25 21:00:00,427.653,428.634,423.773,426.037,17.55068
2004.10.26 21:00:00,426.183,428.414,422.371,423.437,16.3759
2004.10.27 21:00:00,423.226,426.874,419.688,423.781,20.01183
2004.10.28 21:00:00,423.796,428.41,422.904,427.449,15.31465
2004.10.31 22:00:00,427.478,430.044,425.131,426.13,14.94772
2004.11.01 22:00:00,426.586,426.891,416.451,420.668,17.1813
2004.11.02 22:00:00,420.38,426.884,417.909,425.979,19.33048
2004.11.03 22:00:00,425.925,432.513,423.225,428.179,19.29029
2004.11.04 22:00:00,428.439,433.528,424.086,433.298,15.19485
2004.11.07 22:00:00,433.16,434.762,430.119,431.49,17.0967
2004.11.08 22:00:00,431.684,436.358,430.306,434.36,17.50224
2004.11.09 22:00:00,434.336,437.623,431.346,433.512,14.41173
2004.11.10 22:00:00,433.385,435.216,430.872,434.377,13.38044
2004.11.11 22:00:00,433.994,438.477,433.052,436.826,13.54879
2004.11.14 22:00:00,435.868,439.898,434.804,435.532,14.38833
2004.11.15 22:00:00,435.553,440.563,434.61,438.635,13.98628
2004.11.16 22:00:00,438.559,444.627,437.889,443.948,17.00431
2004.11.17 22:00:00,444.006,444.756,439.273,442.231,13.59591
2004.11.18 22:00:00,442.326,447.929,440.681,446.493,15.44605
2004.11.21 22:00:00,446.487,448.665,444.788,448.226,15.35391
2004.11.22 22:00:00,448.182,449.263,444.674,445.991,17.81339
2004.11.23 22:00:00,445.961,449.323,445.68,448.714,15.72607
2004.11.24 22:00:00,449.069,452.389,447.642,451.091,13.23178
2004.11.25 22:00:00,450.817,454.615,448.163,451.696,13.1504
2004.11.28 22:00:00,452.084,454.35,448.322,452.792,16.18625
2004.11.29 22:00:00,453.127,453.366,447.16,450.523,15.75596
2004.11.30 22:00:00,450.16,455.153,449.274,453.116,17.77365
2004.12.01 22:00:00,452.971,456.484,446.333,448.062,19.7079
2004.12.02 22:00:00,448.138,455.987,447.128,454.917,13.6204
2004.12.05 22:00:00,454.695,455.775,450.051,451.696,16.34265
2004.12.06 22:00:00,451.669,454.485,449.247,450.194,16.04561
2004.12.07 22:00:00,449.968,450.89,432.769,439.836,20.98517
2004.12.08 22:00:00,439.395,440.779,431.357,436.182,21.11509
2004.12.09 22:00:00,436.334,437.261,430.752,433.693,16.92062
2004.12.12 22:00:00,433.647,439.618,432.985,437.794,16.72975
2004.12.13 22:00:00,437.835,439.15,433.928,434.685,15.86784
2004.12.14 22:00:00,435.052,441.009,433.998,439.547,16.33207
2004.12.15 22:00:00,439.6,442.28,434.908,436.447,16.78973
2004.12.16 22:00:00,436.673,441.69,435.748,440.906,12.78834
2004.12.19 22:00:00,440.435,443.523,439.474,441.742,13.24643
2004.12.20 22:00:00,441.846,442.884,439.414,440.782,13.65257
2004.12.21 22:00:00,440.956,442.362,437.605,439.156,12.40828
2004.12.22 22:00:00,438.989,442.073,438.343,440.863,11.22267
2004.12.23 22:00:00,440.748,442.763,439.832,441.902,6.55982
2004.12.26 22:00:00,441.693,444.875,441.035,443.641,9.07915
2004.12.27 22:00:00,443.763,444.918,441.82,442.533,11.33727
2004.12.28 22:00:00,442.558,444.061,432.836,435.564,13.43088
2004.12.29 22:00:00,435.435,438.253,432.851,436.325,14.34115
2004.12.30 22:00:00,436.966,438.384,435.81,437.555,6.66033
2005.01.02 22:00:00,437.432,437.834,426.123,428.598,16.62092
2005.01.03 22:00:00,428.789,430.201,423.425,426.867,18.13719
2005.01.04 22:00:00,426.515,427.933,424.282,425.613,19.17534
2005.01.05 22:00:00,425.961,426.931,419.335,420.669,15.86846
2005.01.06 22:00:00,420.591,424.475,415.965,418.732,15.43688
2005.01.09 22:00:00,418.256,421.263,417.633,418.614,15.57719
2005.01.10 22:00:00,418.886,422.364,418.237,420.508,15.45053
2005.01.11 22:00:00,420.635,427.201,419.443,425.423,14.14376
2005.01.12 22:00:00,425.478,426.579,422.212,424.454,15.40382
2005.01.13 22:00:00,424.288,425.019,419.473,421.529,13.3434
2005.01.16 22:00:00,421.842,422.815,420.024,421.597,10.38201
2005.01.17 22:00:00,421.178,423.56,419.919,422.133,12.41077
2005.01.18 22:00:00,422.33,426.585,420.983,422.332,16.93341
2005.01.19 22:00:00,422.331,422.748,419.173,421.683,17.88433
2005.01.20 22:00:00,421.648,427.893,419.687,427.007,13.21337
2005.01.23 22:00:00,426.817,427.592,425.27,426.648,14.46687
2005.01.24 22:00:00,426.388,427.474,420.242,421.569,14.1919
2005.01.25 22:00:00,421.641,427.317,420.265,425.935,16.76018
2005.01.26 22:00:00,425.752,427.72,423.05,425.032,16.72388
2005.01.27 22:00:00,425.234,427.134,423.251,425.696,12.72903
2005.01.30 22:00:00,425.876,426.403,418.665,421.406,16.94517
2005.01.31 22:00:00,421.55,422.083,418.612,420.299,16.73348
2005.02.01 22:00:00,420.024,422.282,418.969,421.29,15.40789
2005.02.02 22:00:00,421.092,421.342,413.674,416.617,17.97165
2005.02.03 22:00:00,416.357,417.088,412.981,413.477,14.76736
2005.02.06 22:00:00,413.436,415.794,411.52,412.956,17.28978
2005.02.07 22:00:00,412.446,413.872,409.716,412.099,15.97881
2005.02.08 22:00:00,411.875,413.321,409.643,412.824,14.87385
2005.02.09 22:00:00,412.644,418.081,410.747,417.229,15.02554
2005.02.10 22:00:00,416.996,421.419,415.463,420.28,13.74738
2005.02.13 22:00:00,419.996,425.884,419.445,425.135,18.77361
2005.02.14 22:00:00,424.88,426.656,422.357,424.833,18.27223
2005.02.15 22:00:00,424.878,425.398,421.087,424.575,16.79811
2005.02.16 22:00:00,424.122,428.067,422.887,426.315,18.14798
2005.02.17 22:00:00,426.494,427.738,424.735,425.728,14.63155
2005.02.20 22:00:00,425.59,427.329,425.028,426.585,13.09808
2005.02.21 22:00:00,426.373,435.29,425.131,435.093,18.97287
2005.02.22 22:00:00,435.09,435.408,430.636,433.681,18.38306
2005.02.23 22:00:00,433.768,436.277,431.204,432.775,19.28397
2005.02.24 22:00:00,433.212,435.238,429.933,434.445,15.01789
2005.02.27 22:00:00,433.766,437.147,433.331,435.085,18.28151
2005.02.28 22:00:00,435.071,435.721,430.24,432.141,16.37459
2005.03.01 22:00:00,431.992,433.17,427.485,431.937,17.80858
2005.03.02 22:00:00,431.955,433.065,428.06,428.678,16.93854
2005.03.03 22:00:00,428.893,435.031,427.925,433.233,14.88783
2005.03.06 22:00:00,432.149,435.097,431.316,433.993,14.40028
2005.03.07 22:00:00,433.555,440.395,432.971,440.009,17.13439
2005.03.08 22:00:00,439.489,442.049,437.875,439.62,17.80235
2005.03.09 22:00:00,440.032,442.301,438.762,441.79,18.72658
2005.03.10 22:00:00,441.61,446.563,438.873,445.336,14.97649
2005.03.13 22:00:00,444.953,445.657,438.964,440.725,16.71763
2005.03.14 22:00:00,440.392,443.63,438.671,440.344,17.97265
2005.03.15 22:00:00,439.936,443.543,438.585,442.346,16.28421
2005.03.16 22:00:00,442.719,443.516,436.636,437.928,18.16362
2005.03.17 22:00:00,437.845,439.541,434.738,438.554,15.3841
2005.03.20 22:00:00,438.742,439.346,428.063,430.701,16.64935
2005.03.21 22:00:00,430.305,432.091,425.496,426.113,18.60805
2005.03.22 22:00:00,426.012,428.774,423.171,424.165,21.08768
2005.03.23 22:00:00,424.459,426.098,423.081,424.093,20.2122
2005.03.24 22:00:00,423.506,425.217,423.374,424.956,3.43604
2005.03.27 22:00:00,424.81,426.152,422.397,425.638,11.59282
2005.03.28 22:00:00,425.57,427.167,423.831,425.259,19.35202
2005.03.29 22:00:00,425.815,427.62,424.65,425.247,17.06013
2005.03.30 22:00:00,425.372,428.531,424.993,427.36,19.81591
2005.03.31 22:00:00,427.836,428.261,423.779,425.396,15.61101
2005.04.03 21:00:00,425.695,426.296,421.537,423.513,18.10821
2005.04.04 21:00:00,423.326,425.197,421.6,424.578,19.92903
2005.04.05 21:00:00,424.291,426.868,422.782,425.733,18.13951
2005.04.06 21:00:00,425.854,427.928,424.208,425.41,19.12012
2005.04.07 21:00:00,425.068,427.022,423.421,426.07,15.55179
2005.04.10 21:00:00,425.83,429.051,425.148,427.532,16.27309
2005.04.11 21:00:00,427.173,429.606,425.379,427.415,18.17975
2005.04.12 21:00:00,427.01,429.145,425.557,428.262,18.8741
2005.04.13 21:00:00,428.503,428.758,421.379,423.1,19.59775
2005.04.14 21:00:00,423.338,425.539,421.303,424.248,18.3822
2005.04.17 21:00:00,423.873,427.544,422.073,426.092,18.01477
2005.04.18 21:00:00,426.406,433.442,425.324,432.709,18.13376
2005.04.19 21:00:00,432.659,435.206,430.557,434.019,19.61799
2005.04.20 21:00:00,433.744,434.965,430.851,431.597,19.57898
2005.04.21 21:00:00,431.534,434.916,430.822,433.586,12.43927
2005.04.24 21:00:00,433.741,434.619,431.461,433.839,15.85533
2005.04.25 21:00:00,433.588,437.225,433.117,436.177,16.67429
2005.04.26 21:00:00,436.209,436.729,430.889,431.656,18.0342
2005.04.27 21:00:00,431.853,434.592,429.605,430.607,19.99777
2005.04.28 21:00:00,430.976,436.149,429.992,432.626,16.91503
2005.05.01 21:00:00,434.184,435.574,427.697,429.199,15.62605
2005.05.02 21:00:00,428.756,429.554,425.164,426.98,20.40461
2005.05.03 21:00:00,426.959,429.432,426.257,429.136,18.08238
2005.05.04 21:00:00,428.731,431.402,426.93,429.562,17.66847
2005.05.05 21:00:00,429.725,430.679,422.681,425.36,15.68482
2005.05.08 21:00:00,425.493,426.24,423.757,425.728,18.26085
2005.05.09 21:00:00,425.278,427.64,424.838,425.583,18.69029
2005.05.10 21:00:00,425.543,428.244,424.478,426.343,18.78426
2005.05.11 21:00:00,426.371,427.117,419.627,421.754,18.83243
2005.05.12 21:00:00,421.516,422.502,418.042,419.414,18.70923
2005.05.15 21:00:00,419.761,420.118,417.293,419.185,14.2158
2005.05.16 21:00:00,418.908,420.808,417.359,417.596,20.7735
2005.05.17 21:00:00,417.671,421.372,417.437,421.143,18.06043
2005.05.18 21:00:00,420.835,422.76,418.425,419.738,19.8486
2005.05.19 21:00:00,419.845,420.628,415.68,416.914,16.19017
2005.05.22 21:00:00,417.035,418.11,415.608,416.991,17.68337
2005.05.23 21:00:00,416.489,419.134,415.136,417.006,21.24663
2005.05.24 21:00:00,417.741,419.142,415.978,418.548,20.78524
2005.05.25 21:00:00,418.637,419.645,416.276,417.087,21.73119
2005.05.26 21:00:00,417.181,419.957,416.353,419.699,16.27874
2005.05.29 21:00:00,419.328,419.965,416.662,417.543,16.88479
2005.05.30 21:00:00,417.244,418.59,412.648,416.479,22.51691
2005.05.31 21:00:00,416.635,417.573,413.403,414.493,22.18855
2005.06.01 21:00:00,414.619,423.153,413.962,420.911,23.7877
2005.06.02 21:00:00,421.032,424.248,420.441,421.536,20.57928
2005.06.05 21:00:00,421.429,426.998,421.046,425.394,21.55043
2005.06.06 21:00:00,424.93,427.188,423.07,423.804,22.33794
2005.06.07 21:00:00,424.31,426.196,421.733,422.395,20.0276
2005.06.08 21:00:00,422.674,424.638,420.741,422.58,21.61662
2005.06.09 21:00:00,422.573,427.246,421.148,425.889,16.94995
2005.06.12 21:00:00,426.505,430.159,423.054,427.767,21.20292
2005.06.13 21:00:00,428.077,428.498,425.008,426.218,21.49161
2005.06.14 21:00:00,425.645,429.442,424.832,428.477,21.27752
2005.06.15 21:00:00,428.478,436.126,427.129,435.036,23.89252
2005.06.16 21:00:00,434.88,438.894,433.863,436.609,20.09421
2005.06.19 21:00:00,436.897,440.819,436.078,437.041,20.99139
2005.06.20 21:00:00,436.844,438.615,432.895,437.738,20.27164
2005.06.21 21:00:00,437.706,438.903,435.171,437.101,20.8787
2005.06.22 21:00:00,437.512,441.975,434.847,440.826,21.09478
2005.06.23 21:00:00,440.453,443.365,437.676,439.164,20.56539
2005.06.26 21:00:00,438.841,440.103,437.357,439.508,19.59415
2005.06.27 21:00:00,439.486,439.693,434.12,434.896,21.11281
2005.06.28 21:00:00,435.279,437.78,432.87,436.239,20.71752
2005.06.29 21:00:00,436.627,438.413,433.741,434.233,22.52983
2005.06.30 21:00:00,434.597,436.13,425.765,426.658,17.72891
2005.07.03 21:00:00,427.076,428.559,425.255,426.817,17.93583
2005.07.04 21:00:00,426.462,427.123,420.603,422.661,23.11551
2005.07.05 21:00:00,423.136,424.362,421.959,423.233,20.45604
2005.07.06 21:00:00,422.666,428.537,420.733,423.769,22.04554
2005.07.07 21:00:00,423.975,424.487,420.773,422.595,19.26272
2005.07.10 21:00:00,422.329,426.113,421.798,425.424,21.85715
2005.07.11 21:00:00,425.428,427.389,423.836,425.927,24.12644
2005.07.12 21:00:00,426.043,426.79,422.494,423.019,22.70257
2005.07.13 21:00:00,423.223,424.225,417.881,419.061,23.98172
2005.07.14 21:00:00,418.681,421.26,416.992,420.992,20.14067
2005.07.17 21:00:00,420.893,422.065,419.064,420.35,19.71749
2005.07.18 21:00:00,419.868,421.688,417.982,419.311,22.60341
2005.07.19 21:00:00,419.481,422.993,418.764,422.589,18.97021
2005.07.20 21:00:00,422.29,425.461,421.53,424.932,23.95597
2005.07.21 21:00:00,424.615,426.528,423.312,424.32,20.43697
2005.07.24 21:00:00,424.413,425.876,423.116,424.778,20.06905
2005.07.25 21:00:00,425.181,425.726,421.394,422.471,23.06618
2005.07.26 21:00:00,422.918,425.428,420.76,424.721,22.8927
2005.07.27 21:00:00,425.052,428.64,423.248,427.226,23.69384
2005.07.28 21:00:00,427.458,430.395,425.95,428.903,20.34397
2005.07.31 21:00:00,428.77,432.299,427.845,431.314,18.70228
2005.08.01 21:00:00,431.674,432.764,429.99,431.792,21.56237
2005.08.02 21:00:00,431.861,437.141,429.237,436.091,21.40207
2005.08.03 21:00:00,436.078,438.962,434.174,436.991,24.01864
2005.08.04 21:00:00,436.906,438.841,435.856,436.567,20.67297
2005.08.07 21:00:00,436.843,437.492,433.168,434.215,20.85403
2005.08.08 21:00:00,434.177,435.444,431.799,433.755,24.14349
2005.08.09 21:00:00,434.102,437.214,433.358,436.759,23.73294
2005.08.10 21:00:00,436.752,446.955,435.899,444.775,26.5836
2005.08.11 21:00:00,445.125,449.366,442.893,445.406,22.78253
2005.08.14 21:00:00,445.394,446.011,440.251,441.715,20.49023
2005.08.15 21:00:00,441.875,446.385,439.313,445.408,25.13934
2005.08.16 21:00:00,445.364,445.899,437.204,439.339,24.49856
2005.08.17 21:00:00,439.54,442.215,436.759,438.528,25.7775
2005.08.18 21:00:00,438.85,440.372,435.034,435.269,22.32243
2005.08.21 21:00:00,435.509,440.178,434.764,437.361,21.00785
2005.08.22 21:00:00,437.602,440.196,436.574,438.413,22.58924
2005.08.23 21:00:00,438.72,440.552,434.936,437.279,22.79723
2005.08.24 21:00:00,436.811,439.575,436.168,438.13,26.89023
2005.08.25 21:00:00,437.882,439.939,435.978,437.178,21.24173
2005.08.28 21:00:00,437.925,440.259,435.472,436.11,21.73256
2005.08.29 21:00:00,435.897,436.786,428.37,430.93,24.53033
2005.08.30 21:00:00,430.686,435.148,430.142,434.428,23.45896
2005.08.31 21:00:00,434.18,444.379,433.652,442.522,23.21535
2005.09.01 21:00:00,442.069,446.935,440.46,442.553,20.30782
2005.09.04 21:00:00,442.579,446.349,442.098,444.82,18.95172
2005.09.05 21:00:00,444.446,445.861,441.622,444.186,25.17356
2005.09.06 21:00:00,444.219,445.863,442.091,444.338,24.08839
2005.09.07 21:00:00,444.317,449.52,442.831,446.215,24.04131
2005.09.08 21:00:00,446.305,449.32,445.061,448.516,22.23836
2005.09.11 21:00:00,448.55,451.328,446.491,448.791,23.04159
2005.09.12 21:00:00,448.542,449.363,443.812,445.648,23.84089
2005.09.13 21:00:00,445.854,450.58,444.98,450.226,23.79186
2005.09.14 21:00:00,450.057,455.547,447.574,454.992,26.45268
2005.09.15 21:00:00,454.708,459.942,453.178,459.328,23.0521
2005.09.18 21:00:00,459.202,468.152,457.324,463.984,23.95228
2005.09.19 21:00:00,463.978,470.596,461.923,463.049,26.47693
2005.09.20 21:00:00,462.939,471.986,462.577,471.489,26.9323
2005.09.21 21:00:00,471.582,475.072,462.662,465.004,28.18065
2005.09.22 21:00:00,465.08,466.399,460.021,462.988,22.61928
2005.09.25 21:00:00,463.616,467.157,458.034,465.639,23.15937
2005.09.26 21:00:00,465.923,466.341,457.451,462.48,25.74184
2005.09.27 21:00:00,462.416,469.948,460.316,468.268,25.40124
2005.09.28 21:00:00,467.978,473.273,467.334,471.816,26.88446
2005.09.29 21:00:00,472.157,474.139,466.98,468.346,23.02939
2005.10.02 21:00:00,469.548,469.836,463.049,465.481,23.02479
2005.10.03 21:00:00,465.606,469.307,463.529,465.317,24.65886
2005.10.04 21:00:00,465.453,466.611,462.256,463.918,23.75349
2005.10.05 21:00:00,463.722,473.453,463.432,472.449,27.02745
2005.10.06 21:00:00,472.88,475.714,469.098,474.786,22.48672
2005.10.09 21:00:00,475.297,478.539,471.527,474.877,22.01838
2005.10.10 21:00:00,474.6,478.11,473.426,474.667,25.09886
2005.10.11 21:00:00,474.452,480.091,469.379,469.669,25.00539
2005.10.12 21:00:00,470.387,473.785,466.786,470.515,27.1362
2005.10.13 21:00:00,470.641,471.777,464.788,468.811,22.25978
2005.10.16 21:00:00,468.868,475.055,467.729,473.04,23.56894
2005.10.17 21:00:00,473.314,474.27,469.804,471.617,24.9807
2005.10.18 21:00:00,471.165,471.76,461.098,463.754,25.62422
2005.10.19 21:00:00,463.929,464.762,458.86,460.407,26.26067
2005.10.20 21:00:00,460.297,467.047,459.78,466.33,22.02723
2005.10.23 21:00:00,466.293,468.399,462.045,464.792,22.33808
2005.10.24 21:00:00,464.183,473.346,463.242,471.813,25.03619
2005.10.25 21:00:00,471.698,473.78,469.489,470.266,25.2611
2005.10.26 21:00:00,470.392,475.366,469.049,472.743,25.97254
2005.10.27 21:00:00,472.53,474.314,468.496,472.499,22.41703
2005.10.30 22:00:00,472.828,472.925,463.932,465.048,23.44101
2005.10.31 22:00:00,465.206,466.39,457.444,458.401,24.6766
2005.11.01 22:00:00,458.191,463.541,457.973,462.639,25.10755
2005.11.02 22:00:00,462.447,465.042,457.917,460.536,24.27354
2005.11.03 22:00:00,460.125,464.214,454.347,456.386,21.5604
2005.11.06 22:00:00,456.073,459.323,455.191,458.789,21.39067
2005.11.07 22:00:00,458.815,461.886,455.462,460.246,24.16335
2005.11.08 22:00:00,459.924,467.475,459.049,466.169,24.62307
2005.11.09 22:00:00,466.029,469.7,464.363,465.938,25.43386
2005.11.10 22:00:00,465.612,469.036,463.914,468.233,21.98458
2005.11.13 22:00:00,468.887,470.517,465.875,466.936,23.1594
2005.11.14 22:00:00,466.639,469.561,465.251,467.755,24.12433
2005.11.15 22:00:00,467.669,478.928,467.351,478.715,18.86954
2005.11.16 22:00:00,478.699,486.585,476.825,485.055,28.71921
2005.11.17 22:00:00,484.865,488.521,483.15,484.884,23.15257
2005.11.20 22:00:00,485.073,491.238,483.396,490.693,23.80726
2005.11.21 22:00:00,491.03,495.062,488.85,493.67,27.03007
2005.11.22 22:00:00,493.563,494.118,486.678,491.75,25.44476
2005.11.23 22:00:00,491.488,494.158,490.747,493.064,19.89886
2005.11.24 22:00:00,492.466,496.618,492.056,494.507,17.48733
2005.11.27 22:00:00,494.695,498.739,492.385,497.789,23.8004
2005.11.28 22:00:00,498.056,502.156,493.56,498.149,26.73984
2005.11.29 22:00:00,498.489,499.156,491.136,491.832,26.13954
2005.11.30 22:00:00,492.064,503.942,489.398,503.155,26.54611
2005.12.01 22:00:00,503.598,506.407,499.337,504.17,23.74904
2005.12.04 22:00:00,504.28,509.412,502.836,508.377,24.69176
2005.12.05 22:00:00,508.645,510.891,503.214,510.793,25.05953
2005.12.06 22:00:00,510.21,516.227,507.869,513.876,25.24399
2005.12.07 22:00:00,514.062,520.79,511.913,520.375,28.09893
2005.12.08 22:00:00,520.267,530.5,518.574,525.375,23.40515
2005.12.11 22:00:00,524.925,540.496,524.162,526.894,25.2231
2005.12.12 22:00:00,527.411,528.802,516.994,517.773,26.2638
2005.12.13 22:00:00,517.887,518.216,503.876,505.28,27.1358
2005.12.14 22:00:00,505.569,508.941,498.816,502.395,27.90303
2005.12.15 22:00:00,502.11,506.921,492.264,502.318,24.08407
2005.12.18 22:00:00,501.991,508.8,500.012,503.167,23.47113
2005.12.19 22:00:00,503.237,508.132,490.819,492.165,26.83229
2005.12.20 22:00:00,491.569,494.871,488.654,494.77,26.90441
2005.12.21 22:00:00,494.591,504.175,492.551,503.38,27.22935
2005.12.22 22:00:00,503.568,505.736,498.947,501.87,19.10172
2005.12.25 22:00:00,502.881,503.278,501.42,502.059,12.05927
2005.12.26 22:00:00,502.395,507.963,501.641,507.215,21.64506
2005.12.27 22:00:00,506.975,517.703,506.136,515.798,25.85823
2005.12.28 22:00:00,516.037,517.54,509.698,515.857,26.88517
2005.12.29 22:00:00,515.871,517.617,511.771,515.434,21.27505
2006.01.01 22:00:00,515.963,516.087,514.953,515.905,10.42936
2006.01.02 22:00:00,515.494,534.389,515.129,533.892,25.26612
2006.01.03 22:00:00,533.824,535.304,525.007,533.753,25.81617
2006.01.04 22:00:00,533.522,534.663,523.321,524.13,22.69986
2006.01.05 22:00:00,524.008,539.83,523.159,538.767,19.19856
2006.01.08 22:00:00,538.26,551.134,534.734,548.46,24.29443
2006.01.09 22:00:00,548.075,548.91,538.663,542.645,17.23471
2006.01.10 22:00:00,542.075,549.248,538.816,546.396,18.77818
2006.01.11 22:00:00,546.677,549.326,541.316,546.627,25.04993
2006.01.12 22:00:00,546.318,557.362,544.569,555.061,17.18387
2006.01.15 22:00:00,555.089,561.981,554.555,561.569,16.81877
2006.01.16 22:00:00,561.693,563.934,551.113,554.205,25.5775
2006.01.17 22:00:00,553.95,557.01,541.354,541.581,25.52733
2006.01.18 22:00:00,542.124,558.813,538.94,556.768,26.49955
2006.01.19 22:00:00,556.837,567.496,551.732,551.927,22.17724
2006.01.22 22:00:00,552.061,560.312,548.336,558.387,24.38014
2006.01.23 22:00:00,558.838,559.195,552.283,557.801,24.54612
2006.01.24 22:00:00,557.63,566.205,555.889,562.917,25.4246
2006.01.25 22:00:00,562.337,563.463,553.769,559.638,26.70904
2006.01.26 22:00:00,559.353,564.095,554.593,557.7,22.45637
2006.01.29 22:00:00,558.69,569.16,557.122,567.485,23.08507
2006.01.30 22:00:00,567.529,572.274,564.938,568.123,26.02395
2006.01.31 22:00:00,568.178,571.454,562.493,568.7,26.40771
2006.02.01 22:00:00,568.354,574.675,566.928,571.445,27.58424
2006.02.02 22:00:00,571.242,573.472,564.56,566.746,22.28345
2006.02.05 22:00:00,566.671,573.5,565.921,569.201,23.70275
2006.02.06 22:00:00,569.377,570.784,545.435,547.635,25.33312
2006.02.07 22:00:00,547.929,552.52,544.021,550.408,26.70197
2006.02.08 22:00:00,550.369,566.525,548.492,563.672,27.98306
2006.02.09 22:00:00,563.911,568.289,546.223,550.241,23.62692
2006.02.12 22:00:00,550.025,551.359,537.443,539.529,24.82696
2006.02.13 22:00:00,539.773,547.468,533.898,546.597,27.81301
2006.02.14 22:00:00,546.338,547.59,534.915,539.076,26.23801
2006.02.15 22:00:00,539.39,547.73,534.699,546.99,26.11865
2006.02.16 22:00:00,547.099,554.03,543.132,551.505,22.03309
2006.02.19 22:00:00,551.608,556.529,550.742,554.864,17.77357
2006.02.20 22:00:00,554.85,556.08,550.296,553.638,25.03059
2006.02.21 22:00:00,553.219,555.488,546.512,554.965,25.60527
2006.02.22 22:00:00,554.598,555.7,547.171,548.044,26.70322
2006.02.23 22:00:00,547.968,559.188,546.336,557.847,22.60702
2006.02.26 22:00:00,556.422,558.651,551.497,552.994,23.70957
2006.02.27 22:00:00,552.917,562.216,551.988,560.749,25.50314
2006.02.28 22:00:00,560.6,566.448,558.778,562.029,25.1045
2006.03.01 22:00:00,561.855,570.028,560.759,568.29,25.47717
2006.03.02 22:00:00,568.286,570.53,563.546,564.515,23.15386
2006.03.05 22:00:00,564.296,568.002,551.484,554.811,23.66653
2006.03.06 22:00:00,554.869,558.13,547.663,551.988,27.25886
2006.03.07 22:00:00,552.27,553.71,537.613,542.373,26.12048
2006.03.08 22:00:00,542.481,550.255,538.803,545.066,26.9409
2006.03.09 22:00:00,545.433,546.72,533.513,540.321,22.57823
2006.03.12 22:00:00,539.974,546.721,539.573,544.991,23.81231
2006.03.13 22:00:00,545.145,552.078,541.686,550.115,25.79258
2006.03.14 22:00:00,550.189,556.9,549.333,552.242,25.41346
2006.03.15 22:00:00,552.314,556.46,546.728,554.508,27.19009
2006.03.16 22:00:00,554.435,557.507,551.208,553.197,20.80311
2006.03.19 22:00:00,552.994,556.053,549.339,553.889,22.35019
2006.03.20 22:00:00,554.224,555,546.019,551.502,24.4704
2006.03.21 22:00:00,551.06,553.17,546.281,550.081,25.39299
2006.03.22 22:00:00,550.158,551.06,544.189,549.195,25.74861
2006.03.23 22:00:00,549.012,560.783,547.851,559.36,21.11995
2006.03.26 22:00:00,559.491,568.113,557.455,566.584,24.73491
2006.03.27 22:00:00,566.461,569.228,561.529,562.951,26.58593
2006.03.28 22:00:00,562.982,574.027,559.518,573.152,26.63024
2006.03.29 22:00:00,572.727,589.34,570.332,587.587,29.03657
2006.03.30 22:00:00,587.289,588.74,578.14,582.953,24.09059
2006.04.02 21:00:00,582.688,591.234,581.127,587.02,24.69005
2006.04.03 21:00:00,586.872,590.133,583.7,585.937,26.88917
2006.04.04 21:00:00,585.874,589.53,581.312,587.513,26.40781
2006.04.05 21:00:00,587.369,596.732,586.434,594.423,28.38389
2006.04.06 21:00:00,594.433,597.753,584.536,587.588,22.58832
2006.04.09 21:00:00,587.788,599.316,587.159,598.922,26.17531
2006.04.10 21:00:00,598.897,603.8,592.095,592.485,29.45204
2006.04.11 21:00:00,592.848,599.879,592.004,597.504,29.12631
2006.04.12 21:00:00,597.817,598.267,590.239,595.902,27.89055
2006.04.13 21:00:00,595.601,599.252,595.24,598.377,11.55649
2006.04.16 21:00:00,599.247,615.567,596.124,612.626,23.99265
2006.04.17 21:00:00,612.345,621.858,611.771,620.348,27.146
2006.04.18 21:00:00,619.911,642.2,619.774,639.34,26.06238
2006.04.19 21:00:00,639.455,645.46,607.729,611.435,29.73731
2006.04.20 21:00:00,611.647,634.862,609.336,634.325,22.71769
2006.04.23 21:00:00,634.183,639.008,618.186,620.139,25.10934
2006.04.24 21:00:00,620.658,634.612,617.123,629.01,25.76207
2006.04.25 21:00:00,628.749,640.802,627.769,637.888,21.69606
2006.04.26 21:00:00,637.857,643.21,626.07,633.036,27.74481
2006.04.27 21:00:00,632.577,655.358,632.398,653.559,22.82392
2006.04.30 21:00:00,653.865,661.161,649.964,654.103,24.26462
2006.05.01 21:00:00,653.92,668.86,652.021,667.838,27.18964
2006.05.02 21:00:00,667.937,677,660.07,665.833,26.3847
2006.05.03 21:00:00,666.303,680.099,659.731,676.808,28.47078
2006.05.04 21:00:00,676.404,684.228,673.804,682.39,24.36858
2006.05.07 21:00:00,682.178,685.552,670.453,677.754,25.42876
2006.05.08 21:00:00,677.974,700.34,676.489,699.984,27.49443
2006.05.09 21:00:00,700.28,707.97,692.738,707.009,26.96388
2006.05.10 21:00:00,706.651,726.1,703.255,713.397,28.01494
2006.05.11 21:00:00,713.204,730.05,706.86,714.037,23.73465
2006.05.14 21:00:00,713.844,719.645,675.385,676.393,25.8943
2006.05.15 21:00:00,676.56,692.62,673.572,689.627,29.09457
2006.05.16 21:00:00,689.534,716.197,684.212,685.913,27.93272
2006.05.17 21:00:00,686.056,694.36,677.221,681.54,29.08092
2006.05.18 21:00:00,681.277,688.088,650.671,657.1,19.64462
2006.05.21 21:00:00,656.655,661.425,636.063,654.888,25.73092
2006.05.22 21:00:00,655.375,674.453,650.251,665.613,29.09765
2006.05.23 21:00:00,665.91,670.33,634.596,639.652,27.89853
2006.05.24 21:00:00,639.531,650.413,638.001,649.951,29.1073
2006.05.25 21:00:00,649.637,655.225,640.342,652.4,23.75582
2006.05.28 21:00:00,651.911,652.855,646.074,648.648,12.96628
2006.05.29 21:00:00,649.086,664.427,647.086,651.688,26.70847
2006.05.30 21:00:00,651.745,659.087,638.397,644.064,24.65995
2006.05.31 21:00:00,644.204,645.237,620.025,628.878,28.87164
2006.06.01 21:00:00,628.44,638.758,617.843,636.984,24.46329
2006.06.04 21:00:00,636.816,645.32,634.113,636.57,25.13096
2006.06.05 21:00:00,636.248,638.723,624.772,629.706,28.08871
2006.06.06 21:00:00,629.72,630.729,615.58,625.582,27.1012
2006.06.07 21:00:00,625.552,626.952,607.396,612.057,28.54823
2006.06.08 21:00:00,612.076,616.991,600.123,606.734,24.59042
2006.06.11 21:00:00,606.438,611.423,602.778,603.267,18.83265
2006.06.12 21:00:00,603.522,604.621,560.556,561.395,26.53539
2006.06.13 21:00:00,561.515,570.66,542.184,558.632,24.91622
2006.06.14 21:00:00,558.561,578.075,553.151,575.599,28.08258
2006.06.15 21:00:00,575.217,584.781,566.074,580.218,23.90638
2006.06.18 21:00:00,579.763,580.382,563.067,564.878,25.88459
2006.06.19 21:00:00,564.373,577.154,559.777,574.741,27.06563
2006.06.20 21:00:00,575.078,590.236,569.768,586.718,24.47305
2006.06.21 21:00:00,586.169,594.727,578.499,579.83,28.65858
2006.06.22 21:00:00,579.638,585.725,570.969,582.476,23.7106
2006.06.25 21:00:00,583.024,586.689,576.617,584.399,24.95218
2006.06.26 21:00:00,584.755,595.307,578.042,578.452,27.72294
2006.06.27 21:00:00,577.885,586.018,576.722,579.441,24.94935
2006.06.28 21:00:00,578.931,600.056,577.622,598.872,27.61366
2006.06.29 21:00:00,598.763,616.067,596.369,614.871,24.69565
2006.07.02 21:00:00,613.427,626.377,612.83,623.399,21.16342
2006.07.03 21:00:00,623.443,623.746,615.679,620.862,17.85905
2006.07.04 21:00:00,621.204,629.911,617.551,627.589,25.84546
2006.07.05 21:00:00,627.579,634.732,621.116,632.256,27.61619
2006.07.06 21:00:00,631.95,636.997,626.907,628.603,23.58544
2006.07.09 21:00:00,628.025,631.863,619.364,623.032,24.85392
2006.07.10 21:00:00,623.309,643.174,620.43,640.351,26.5648
2006.07.11 21:00:00,640.817,654.916,638.584,650.395,25.49326
2006.07.12 21:00:00,650.311,659.895,643.424,658.92,27.60805
2006.07.13 21:00:00,659.042,667.345,658.249,663.204,24.5426
2006.07.16 21:00:00,663.42,675.816,639.915,642.38,26.34551
2006.07.17 21:00:00,642.43,654.044,626.834,631.502,27.5888
2006.07.18 21:00:00,631.639,645.959,617.449,642.046,26.67276
2006.07.19 21:00:00,642.032,644.81,626.627,627.868,27.81396
2006.07.20 21:00:00,627.926,636.898,615.264,619.915,24.08532
2006.07.23 21:00:00,619.696,620.299,601.459,614.267,24.73056
2006.07.24 21:00:00,614.528,623.577,609.099,617.874,27.03549
2006.07.25 21:00:00,618.04,626.548,612.581,623.411,24.9249
2006.07.26 21:00:00,623.432,640.541,621.267,632.144,26.21653
2006.07.27 21:00:00,632.309,637.808,625.716,633.795,22.15548
2006.07.30 21:00:00,633.393,639.048,628.167,635.837,25.20633
2006.07.31 21:00:00,635.575,648.084,630.023,646.445,26.90635
2006.08.01 21:00:00,646.263,655.951,644.768,649.975,26.85276
2006.08.02 21:00:00,649.978,652.612,638.243,644.139,27.87514
2006.08.03 21:00:00,643.88,653.715,642.599,645.385,23.21981
2006.08.06 21:00:00,645.248,651.704,643.132,647.124,23.8223
2006.08.07 21:00:00,647.15,648.655,640.122,641.737,25.74119
2006.08.08 21:00:00,641.624,654.588,634.488,649.088,26.7373
2006.08.09 21:00:00,649.218,653.878,632.873,635.102,27.16658
2006.08.10 21:00:00,635.09,644.923,625.792,631.404,23.98748
2006.08.13 21:00:00,630.435,632.973,622.852,625.764,24.81787
2006.08.14 21:00:00,625.597,627.995,620.172,624.055,27.07962
2006.08.15 21:00:00,623.699,632.452,622.786,627.868,26.47299
2006.08.16 21:00:00,628.323,631.241,612.287,612.938,27.78673
2006.08.17 21:00:00,613.193,618.717,606.601,614.203,24.21254
2006.08.20 21:00:00,614.356,628.242,612.88,627.237,25.48825
2006.08.21 21:00:00,627.27,628.641,619.755,624.026,26.73894
2006.08.22 21:00:00,624.081,629.971,620.372,621.332,25.96163
2006.08.23 21:00:00,621.17,626.236,617.945,620.038,27.35463
2006.08.24 21:00:00,620.531,624.604,616.967,621.446,23.89698
2006.08.27 21:00:00,622.26,623.532,611.958,613.646,24.61705
2006.08.28 21:00:00,613.24,617.362,606.492,613.971,26.93522
2006.08.29 21:00:00,614.039,620.614,611.788,617.73,26.5536
2006.08.30 21:00:00,617.716,627.085,617.196,626.066,27.6826
2006.08.31 21:00:00,626.05,627.384,618.941,624.522,23.86262
2006.09.03 21:00:00,625.154,627.512,623.385,625.196,17.99694
2006.09.04 21:00:00,625.183,640.301,624.82,637.174,26.82988
2006.09.05 21:00:00,637.06,640.033,631.048,632.897,27.45341
2006.09.06 21:00:00,633.048,635.783,613.26,615.772,28.02013
2006.09.07 21:00:00,615.961,619.001,605.668,609.815,25.00763
2006.09.10 21:00:00,609.756,610.224,582.152,588.183,25.71651
2006.09.11 21:00:00,587.962,599.502,583.537,586.124,27.86882
2006.09.12 21:00:00,585.548,593.072,578.217,588.659,26.9514
2006.09.13 21:00:00,588.415,594.813,573.575,573.842,28.74395
2006.09.14 21:00:00,574.175,581.673,569.902,578.587,22.53644
2006.09.17 21:00:00,578.404,587.792,577.473,585.898,17.53256
2006.09.18 21:00:00,586.291,588.57,571.515,572.477,27.10461
2006.09.19 21:00:00,571.977,585.961,571.096,575.765,27.20754
2006.09.20 21:00:00,576.085,584.974,573.272,583.641,27.60213
2006.09.21 21:00:00,583.545,592.116,582.806,588.858,22.70262
2006.09.24 21:00:00,588.954,591.515,581.509,590.079,25.06515
2006.09.25 21:00:00,590.115,593.361,585.415,591.357,26.5887
2006.09.26 21:00:00,590.737,602.993,588.681,602.425,23.44544
2006.09.27 21:00:00,602.177,606.71,599.522,600.629,28.76799
2006.09.28 21:00:00,600.252,603.657,593.559,597.17,25.25431
2006.10.01 21:00:00,597.338,603.624,593.701,595.377,24.70425
2006.10.02 21:00:00,595.001,597.704,572.892,573.348,28.09676
2006.10.03 21:00:00,573.384,580.498,558.947,566.198,27.44182
2006.10.04 21:00:00,566.126,574,561.434,572.854,28.91357
2006.10.05 21:00:00,573.22,573.721,559.602,572.797,23.28807
2006.10.08 21:00:00,572.841,580.566,570.682,576.332,26.05424
2006.10.09 21:00:00,576.115,580.807,568.201,570.405,24.45067
2006.10.10 21:00:00,570.785,578.803,569.402,572.074,20.12369
2006.10.11 21:00:00,572.113,579.036,570.071,577.604,28.25728
2006.10.12 21:00:00,577.341,590.023,576.127,589.197,24.5622
2006.10.15 21:00:00,589.063,596.077,588.672,595.398,26.69909
2006.10.16 21:00:00,595.417,597.327,584.835,589.628,28.89327
2006.10.17 21:00:00,589.205,594.94,586.3,588.207,26.17872
2006.10.18 21:00:00,588.693,600.132,585.555,598.708,20.63794
2006.10.19 21:00:00,598.635,602.074,590.203,590.628,24.05326
2006.10.22 21:00:00,590.83,592.557,578.636,581.203,25.46556
2006.10.23 21:00:00,581.33,586.257,572.364,585.286,26.93262
2006.10.24 21:00:00,585.762,591.666,578.88,590.147,25.66782
2006.10.25 21:00:00,590.144,598.168,589.03,596.283,27.77118
2006.10.26 21:00:00,596.363,599.794,591,598.618,23.47496
2006.10.29 22:00:00,599.066,610.088,597.461,602.883,25.63039
2006.10.30 22:00:00,603.062,607.439,597.536,605.497,25.14105
2006.10.31 22:00:00,606.029,619.194,604.66,616.602,27.11388
2006.11.01 22:00:00,616.167,625.677,613.146,623.504,28.45921
2006.11.02 22:00:00,624.046,628.821,616.986,626.719,23.69297
2006.11.05 22:00:00,626.25,629.314,621.53,621.739,25.81449
2006.11.06 22:00:00,622.268,628.741,620.993,624.306,27.50261
2006.11.07 22:00:00,624.217,626.626,612.26,614.656,26.05387
2006.11.08 22:00:00,614.793,635.366,614.174,632.614,28.02116
2006.11.09 22:00:00,632.691,636.259,624.662,627.248,24.43342
2006.11.12 22:00:00,627.573,632.316,619.92,625.033,25.96953
2006.11.13 22:00:00,624.725,628.941,618.493,620.022,27.08633
2006.11.14 22:00:00,620.197,624.507,614.545,622.001,26.9737
2006.11.15 22:00:00,621.975,627.95,616.818,617.568,27.76148
2006.11.16 22:00:00,617.815,622.04,613.978,621.09,23.71685
2006.11.19 22:00:00,621.53,626.515,619.774,622.124,25.79632
2006.11.20 22:00:00,622.117,628.668,620.968,626.744,26.91035
2006.11.21 22:00:00,626.738,634.458,625.015,629.306,25.26671
2006.11.22 22:00:00,629.205,631.237,627.695,630.415,19.26624
2006.11.23 22:00:00,629.966,639.716,629.45,636.408,21.88768
2006.11.26 22:00:00,636.331,641.402,635.977,639.482,26.22987
2006.11.27 22:00:00,639.316,641.41,632.18,639.393,27.71455
2006.11.28 22:00:00,639.481,640.251,634.033,635.566,26.17093
2006.11.29 22:00:00,635.76,648.596,635.218,645.813,24.34307
2006.11.30 22:00:00,646.022,649.63,642.92,644.864,23.77118
2006.12.03 22:00:00,644.629,647.772,639.844,645.226,25.76251
2006.12.04 22:00:00,645.491,648.384,638.198,642.314,27.70515
2006.12.05 22:00:00,642.055,642.543,628.066,629.999,27.83679
2006.12.06 22:00:00,630.165,633.758,623.999,632.87,28.68253
2006.12.07 22:00:00,632.693,637.638,622.385,623.965,23.57637
2006.12.10 22:00:00,624.561,630.301,622.122,629.219,25.77336
2006.12.11 22:00:00,629.263,630.742,625.651,629.557,27.66909
2006.12.12 22:00:00,629.369,630.054,622.61,627.533,26.94992
2006.12.13 22:00:00,627.487,629.039,624.144,625.172,27.80021
2006.12.14 22:00:00,625.023,628.762,613.66,614.463,23.10325
2006.12.17 22:00:00,614.898,617.949,611.108,615.373,26.06204
2006.12.18 22:00:00,615.747,622.78,613.892,622.391,26.94768
2006.12.19 22:00:00,622.276,624.45,618.271,619.33,26.89641
2006.12.20 22:00:00,619.46,622.18,616.842,617.646,27.33561
2006.12.21 22:00:00,617.696,621.294,617.245,620.43,22.15812
2006.12.24 22:00:00,619.943,621.037,619.18,620.62,10.53698
2006.12.25 22:00:00,620.487,629.295,620.029,623.494,22.21718
2006.12.26 22:00:00,623.601,629.22,622.643,626.163,26.43337
2006.12.27 22:00:00,625.879,635.559,625.612,633.984,25.82792
2006.12.28 22:00:00,634.003,636.358,631.073,635.695,22.46457
2006.12.31 22:00:00,635.757,636.225,635.006,635.876,10.46972
2007.01.01 22:00:00,635.784,640.802,635.173,639.591,25.72039
2007.01.02 22:00:00,639.405,644.663,624.634,627.105,25.57439
2007.01.03 22:00:00,626.951,630.352,619.6,620.665,27.96656
2007.01.04 22:00:00,620.938,625.768,601.591,606.841,23.61255
2007.01.07 22:00:00,606.711,610.13,602.943,609.492,25.30751
2007.01.08 22:00:00,609.851,615.662,605.281,613.142,26.97336
2007.01.09 22:00:00,612.696,613.884,605.153,610.374,26.67019
2007.01.10 22:00:00,610.266,615.785,607.982,610.975,28.90236
2007.01.11 22:00:00,610.643,627.323,608.678,626.233,24.42087
2007.01.14 22:00:00,625.72,627.767,623.679,625.944,26.29509
2007.01.15 22:00:00,625.816,627.95,621.981,624.061,28.0372
2007.01.16 22:00:00,624.031,633.707,619.363,631.157,27.28779
2007.01.17 22:00:00,631.257,636.48,625.672,626.472,28.53121
2007.01.18 22:00:00,626.761,636.083,625.698,634.771,23.52834
2007.01.21 22:00:00,634.571,639.34,631.065,632.427,25.31457
2007.01.22 22:00:00,632.712,647.615,631.709,646.294,27.40552
2007.01.23 22:00:00,645.54,648.58,638.015,648.164,27.69133
2007.01.24 22:00:00,648.151,654.442,644.375,645.253,28.2365
2007.01.25 22:00:00,645.09,647.833,639.942,645.38,23.74805
2007.01.28 22:00:00,645.262,647.708,640.028,643.216,24.9419
2007.01.29 22:00:00,642.867,647.327,639.983,646.643,26.84242
2007.01.30 22:00:00,646.848,654.648,641.285,652.322,26.77097
2007.01.31 22:00:00,652.171,661.108,650.819,656.45,28.00046
2007.02.01 22:00:00,656.259,659.558,642.19,647.066,23.53455
2007.02.04 22:00:00,646.846,651.687,645.171,647.946,25.58203
2007.02.05 22:00:00,647.48,658.229,646.928,652.766,26.12234
2007.02.06 22:00:00,652.808,656.508,650.032,650.932,23.70759
2007.02.07 22:00:00,650.789,661.015,646.879,659.584,26.25252
2007.02.08 22:00:00,659.603,668.044,656.227,666.063,20.27425
2007.02.11 22:00:00,666.027,668.107,659.061,660.231,24.35583
2007.02.12 22:00:00,660.588,668.87,659.796,663.558,27.15562
2007.02.13 22:00:00,663.572,671.708,662.734,668.266,27.369
2007.02.14 22:00:00,668.598,670.4,661.906,669.008,27.34931
2007.02.15 22:00:00,668.969,669.504,662.058,668.094,21.78248
2007.02.18 22:00:00,668.315,673.102,666.718,669.796,21.58982
2007.02.19 22:00:00,669.851,671.784,655.147,656.526,25.8374
2007.02.20 22:00:00,656.819,682.247,656.093,677.999,26.64785
2007.02.21 22:00:00,678.269,680.829,674.685,676.683,27.42293
2007.02.22 22:00:00,676.869,688.208,671.91,681.92,23.2621
2007.02.25 22:00:00,681.745,687.731,680.718,685.968,25.55899
2007.02.26 22:00:00,685.775,688.47,658.578,662.501,27.1015
2007.02.27 22:00:00,662.691,677.324,660.812,668.82,27.66612
2007.02.28 22:00:00,668.594,677.355,660.943,663.616,29.24458
2007.03.01 22:00:00,663.369,665.43,639.779,641.904,24.4835
2007.03.04 22:00:00,641.983,644.617,632.57,635.851,26.18889
2007.03.05 22:00:00,635.419,647.648,631.853,645.906,28.45697
2007.03.06 22:00:00,646.123,651.532,641.749,648.532,28.07282
2007.03.07 22:00:00,648.598,655.758,646.26,650.722,27.94799
2007.03.08 22:00:00,650.957,657.897,646.977,648.923,23.39814
2007.03.11 21:00:00,648.741,653.596,644.849,649.623,24.29843
2007.03.12 21:00:00,649.457,651.895,641.266,643.033,26.93812
2007.03.13 21:00:00,643.108,645.77,635.852,644.063,26.15167
2007.03.14 21:00:00,643.806,650.07,642.378,646.198,27.29242
2007.03.15 21:00:00,646.198,655.57,644.51,652.398,23.64654
2007.03.18 21:00:00,651.821,655.976,650.742,653.231,24.26214
2007.03.19 21:00:00,653.639,660.82,651.664,658.144,26.31632
2007.03.20 21:00:00,658.46,663.839,655.562,663.167,25.13602
2007.03.21 21:00:00,663.723,666.547,661.067,662.997,27.2924
2007.03.22 21:00:00,663.41,664.505,654.198,656.373,22.66229
2007.03.25 21:00:00,656.378,664.894,655.704,663.673,6.27484
2007.03.26 21:00:00,663.646,665.408,660.585,664.147,6.37849
2007.03.27 21:00:00,664.069,669.197,656.438,664.898,6.46634
2007.03.28 21:00:00,665.32,666.098,654.466,660.797,6.51898
2007.03.29 21:00:00,661.144,667.548,659.87,663.308,5.61397
2007.04.01 21:00:00,662.857,665.952,655.929,663.493,5.57657
2007.04.02 21:00:00,663.483,667.57,661.198,663.804,6.15791
2007.04.03 21:00:00,663.597,675.269,662.795,673.573,5.91279
2007.04.04 21:00:00,673.523,675.598,670.948,674.397,5.55003
2007.04.05 21:00:00,674.045,674.641,672.372,673.57,2.52923
2007.04.08 21:00:00,673.497,677.255,669.209,670.621,5.37796
2007.04.09 21:00:00,670.573,681.47,670.398,677.32,6.00404
2007.04.10 21:00:00,677.247,680.642,673.448,676.547,5.92729
2007.04.11 21:00:00,676.748,679.598,670.669,675.67,6.15001
2007.04.12 21:00:00,675.447,685.437,675.123,684.647,6.00152
2007.04.15 21:00:00,684.908,690.953,682.926,689.651,5.45186
2007.04.16 21:00:00,689.707,690.57,685.247,686.047,5.89383
2007.04.17 21:00:00,685.898,690.62,684.922,689.522,5.7633
2007.04.18 21:00:00,689.547,691.498,678.245,682.423,6.27989
2007.04.19 21:00:00,682.513,693.67,682.223,691.498,5.84886
2007.04.22 21:00:00,691.159,693.143,686.186,688.624,5.45664
2007.04.23 21:00:00,688.61,691.461,680.844,683.552,6.02412
2007.04.24 21:00:00,683.581,686.508,681.325,685.628,6.17406
2007.04.25 21:00:00,685.604,686.472,670.929,674.376,6.0039
2007.04.26 21:00:00,674.358,681.626,670.384,680.973,5.92144
2007.04.29 21:00:00,680.526,681.443,675.561,677.885,5.33783
2007.04.30 21:00:00,677.912,678.797,670.969,673.064,5.49003
2007.05.01 21:00:00,673.107,674.718,667.014,672.623,5.66218
2007.05.02 21:00:00,672.621,682.252,671.745,681.612,5.55105
2007.05.03 21:00:00,681.655,690.223,679.423,688.055,5.39037
2007.05.06 21:00:00,687.786,690.519,686.31,688.308,5.12301
2007.05.07 21:00:00,688.202,688.47,681.604,684.941,5.90693
2007.05.08 21:00:00,684.834,686.305,675.588,680.036,5.72853
2007.05.09 21:00:00,679.87,680.832,664.204,665.667,6.14006
2007.05.10 21:00:00,665.579,672.203,664.015,670.62,6.09521
2007.05.13 21:00:00,670.031,674.609,665.912,669.051,5.71455
2007.05.14 21:00:00,669.258,673.232,664.203,671.571,5.72349
2007.05.15 21:00:00,671.404,672.913,659.232,661.38,5.68016
2007.05.16 21:00:00,661.373,664.198,653.531,657.26,6.05441
2007.05.17 21:00:00,657.145,662.622,655.392,661.223,5.61962
2007.05.20 21:00:00,661.02,663.296,656.487,662.623,5.11396
2007.05.21 21:00:00,662.709,665.123,657.348,658.847,5.63534
2007.05.22 21:00:00,658.798,664.714,656.498,661.247,5.62077
2007.05.23 21:00:00,661.298,662.57,651.02,654.047,5.6832
2007.05.24 21:00:00,654.048,656.733,652.647,655.66,5.42138
2007.05.27 21:00:00,655.27,656.303,654.257,654.993,4.00181
2007.05.28 21:00:00,655.004,661.748,653.87,655.822,5.68371
2007.05.29 21:00:00,656.497,658.47,651.198,652.945,5.40874
2007.05.30 21:00:00,653.047,661.598,652.145,660.27,5.97664
2007.05.31 21:00:00,659.72,671.67,659.647,670.787,5.51684
2007.06.03 21:00:00,670.443,673.595,667.903,670.647,5.09262
2007.06.04 21:00:00,670.589,673.203,668.248,669.57,5.45334
2007.06.05 21:00:00,669.71,671.748,664.245,670.37,5.46474
2007.06.06 21:00:00,670.245,672.798,657.072,658.62,5.90719
2007.06.07 21:00:00,658.095,661.298,643.598,648.295,5.55508
2007.06.10 21:00:00,647.588,654.586,647.437,653.204,5.27301
2007.06.11 21:00:00,653.252,654.513,645.123,646.295,5.7298
2007.06.12 21:00:00,646.898,652.497,642.623,651.172,5.6788
2007.06.13 21:00:00,651.197,654.22,645.298,650.995,5.83187
2007.06.14 21:00:00,651.548,655.57,649.122,654.46,5.52855
2007.06.17 21:00:00,654.722,658.955,654.156,655.515,5.39922
2007.06.18 21:00:00,655.605,661.919,652.947,660.447,5.37417
2007.06.19 21:00:00,660.632,661.669,651.948,654.073,5.41915
2007.06.20 21:00:00,654.07,656.52,647.073,651.048,5.60858
2007.06.21 21:00:00,651.39,656.297,650.034,653.82,5.45172
2007.06.24 21:00:00,653.848,654.045,648.351,650.826,5.18088
2007.06.25 21:00:00,650.884,651.648,639.51,640.848,5.6826
2007.06.26 21:00:00,640.897,644.697,638.448,642.645,5.65846
2007.06.27 21:00:00,642.597,649.722,642.222,648.118,5.9675
2007.06.28 21:00:00,648.398,652.398,645.719,649.158,5.47385
2007.07.01 21:00:00,648.668,658.373,648.076,656.341,5.06017
2007.07.02 21:00:00,656.35,657.92,651.345,652.77,4.94952
2007.07.03 21:00:00,652.798,654.748,652.447,653.597,4.48454
2007.07.04 21:00:00,653.57,656.495,645.598,648.88,5.37693
2007.07.05 21:00:00,649.298,655.828,644.522,655.468,5.4635
2007.07.08 21:00:00,655.457,662.372,652.872,659.984,5.26496
2007.07.09 21:00:00,659.982,664.753,658.098,662.898,5.43079
2007.07.10 21:00:00,662.848,665.777,658.998,660.647,5.53674
2007.07.11 21:00:00,660.548,669.197,660.322,666.148,5.59339
2007.07.12 21:00:00,666.123,668.458,662.997,666.223,5.46008
2007.07.15 21:00:00,666.637,668.421,663.134,664.455,5.11914
2007.07.16 21:00:00,664.444,667.072,661.922,664.497,5.45706
2007.07.17 21:00:00,664.47,674.197,663.923,672.647,5.70118
2007.07.18 21:00:00,672.47,677.57,670.597,677.11,6.18721
2007.07.19 21:00:00,677.055,686.147,674.722,682.935,5.76606
2007.07.22 21:00:00,683.048,684.562,679.803,681.142,5.42609
2007.07.23 21:00:00,681.003,686.972,680.297,680.395,5.97516
2007.07.24 21:00:00,680.498,681.822,669.997,674.545,5.97893
2007.07.25 21:00:00,674.548,676.647,659.545,662.295,5.99353
2007.07.26 21:00:00,662.548,666.945,656.373,660.548,6.23289
2007.07.29 21:00:00,660.723,665.497,659.476,664.273,5.58153
2007.07.30 21:00:00,664.311,668.644,662.848,663.748,5.83895
2007.07.31 21:00:00,663.773,666.797,658.353,666.547,5.80292
2007.08.01 21:00:00,666.52,667.347,662.122,665.298,6.1848
2007.08.02 21:00:00,665.423,675.198,664.297,673.27,5.79553
2007.08.05 21:00:00,672.648,674.972,668.532,671.571,5.61746
2007.08.06 21:00:00,671.463,672.366,665.547,671.948,5.95886
2007.08.07 21:00:00,671.997,676.595,668.948,674.645,5.95532
2007.08.08 21:00:00,674.573,674.751,659.884,661.57,6.27941
2007.08.09 21:00:00,661.348,676.147,657.648,672.398,6.31034
2007.08.12 21:00:00,672.17,672.37,667.865,668.881,5.67595
2007.08.13 21:00:00,668.933,670.969,665.272,668.647,5.87851
2007.08.14 21:00:00,668.67,670.705,661.448,667.373,5.98748
2007.08.15 21:00:00,667.098,668.723,641.723,652.097,6.14939
2007.08.16 21:00:00,652.07,662.647,645.498,657.197,6.08917
2007.08.19 21:00:00,657.17,660.016,653.051,657.092,5.72005
2007.08.20 21:00:00,656.988,659.461,654.289,656.751,6.05568
2007.08.21 21:00:00,656.889,661.369,654.034,660.318,5.85624
2007.08.22 21:00:00,660.344,664.575,657.865,659.628,6.32281
2007.08.23 21:00:00,659.537,668.561,656.87,667.6,5.93917
2007.08.26 21:00:00,667.648,668.299,665.4,666.991,5.48077
2007.08.27 21:00:00,666.946,667.817,661.611,661.936,6.02826
2007.08.28 21:00:00,661.926,668.336,661.009,666.909,6.0356
2007.08.29 21:00:00,666.999,667.421,663.206,664.715,6.19775
2007.08.30 21:00:00,664.686,674.507,664.096,672.761,6.08142
2007.09.02 21:00:00,672.348,673.414,670.575,671.818,4.81614
2007.09.03 21:00:00,671.739,682.911,671.031,681.244,6.06036
2007.09.04 21:00:00,681.188,682.698,677.804,681.413,6.17032
2007.09.05 21:00:00,681.382,697.421,680.539,694.913,6.48753
2007.09.06 21:00:00,694.897,706.697,691.508,700.365,6.3586
2007.09.09 21:00:00,700.248,706.448,698.721,702.516,5.95141
2007.09.10 21:00:00,702.455,713.496,701.824,712.124,6.24578
2007.09.11 21:00:00,712.141,713.797,705.291,711.064,6.23678
2007.09.12 21:00:00,710.97,712.051,702.975,707.848,6.47484
2007.09.13 21:00:00,707.782,716.855,703.391,707.106,6.46465
2007.09.16 21:00:00,706.448,719.545,705.86,717.402,5.98648
2007.09.17 21:00:00,717.39,726.795,711.855,723.249,6.45061
2007.09.18 21:00:00,723.22,726.032,719.822,720.934,6.27247
2007.09.19 21:00:00,720.785,738.211,720.497,733.326,6.6429
2007.09.20 21:00:00,733.29,739.045,726.474,730.853,6.47029
2007.09.23 21:00:00,730.547,735.914,726.48,729.962,5.82395
2007.09.24 21:00:00,729.876,733.426,721.994,732.059,6.36004
2007.09.25 21:00:00,731.953,736.293,725.92,728.267,5.96251
2007.09.26 21:00:00,728.247,735.458,726.672,733.982,6.69668
2007.09.27 21:00:00,733.885,745.323,728.211,743.005,6.48715
2007.09.30 21:00:00,744.248,747.376,740.385,746.851,5.96198
2007.10.01 21:00:00,746.783,747.051,724.045,731.197,6.48226
2007.10.02 21:00:00,731.098,735.848,725.52,727.47,6.46544
2007.10.03 21:00:00,727.298,738.448,720.319,737.608,6.68211
2007.10.04 21:00:00,737.348,743.97,726.764,742.048,6.50238
2007.10.07 21:00:00,742.07,742.263,730.965,732.829,5.96123
2007.10.08 21:00:00,732.702,740.125,726.494,737.549,6.463
2007.10.09 21:00:00,737.584,745.534,736.779,740.721,6.39016
2007.10.10 21:00:00,740.661,753.484,739.383,747.47,6.86459
2007.10.11 21:00:00,747.557,751.814,744.614,749.445,6.74513
2007.10.14 21:00:00,748.848,759.912,747.231,759.008,6.31405
2007.10.15 21:00:00,758.875,766.479,753.616,760.105,6.83809
2007.10.16 21:00:00,760.059,764.648,751.574,754.589,6.67454
2007.10.17 21:00:00,754.46,768.694,754.065,767.651,7.07329
2007.10.18 21:00:00,767.652,771.046,757.765,764.548,6.95627
2007.10.21 21:00:00,764.548,768.048,744.995,753.662,6.37528
2007.10.22 21:00:00,753.597,760.558,752.364,759.13,6.66254
2007.10.23 21:00:00,759.082,763.839,753.696,763.387,6.59174
2007.10.24 21:00:00,763.265,769.192,761.338,768.81,6.8818
2007.10.25 21:00:00,768.906,785.443,767.827,784.558,6.79074
2007.10.28 21:00:00,784.845,794.277,783.871,791.406,6.53398
2007.10.29 21:00:00,791.349,791.919,778.954,781.361,6.86026
2007.10.30 21:00:00,781.276,796.905,776.47,796.427,6.84136
2007.10.31 21:00:00,796.391,798.892,783.717,786.857,7.11749
2007.11.01 21:00:00,786.873,807.643,786.738,806.38,6.93659
2007.11.04 22:00:00,806.845,810.946,800.473,805.97,6.54346
2007.11.05 22:00:00,805.886,824.792,805.547,824.348,6.9094
2007.11.06 22:00:00,824.352,845.325,822.122,830.415,6.86298
2007.11.07 22:00:00,830.208,845.192,823.367,832.932,7.2413
2007.11.08 22:00:00,832.913,838.523,826.977,831.34,7.03481
2007.11.11 22:00:00,831.247,831.588,791.492,792.783,6.64907
2007.11.12 22:00:00,792.771,808.592,790.027,801.423,7.12497
2007.11.13 22:00:00,801.378,815.485,799.468,811.353,6.8738
2007.11.14 22:00:00,811.384,817.789,782.464,787.623,7.13702
2007.11.15 22:00:00,787.647,797.108,783.556,785.647,7.00406
2007.11.18 22:00:00,786.226,793.844,774.695,781.521,6.66675
2007.11.19 22:00:00,781.381,805.701,772.513,802.301,6.97197
2007.11.20 22:00:00,802.489,806.91,794.422,799.603,6.88222
2007.11.21 22:00:00,799.462,805.12,797.86,803.993,6.73018
2007.11.22 22:00:00,804.025,825.432,802.536,823.223,6.92404
2007.11.25 22:00:00,823.147,836.436,820.83,823.96,6.75388
2007.11.26 22:00:00,823.929,828.849,807.658,811.997,7.09896
2007.11.27 22:00:00,811.847,815.315,791.368,803.978,7.15882
2007.11.28 22:00:00,804.034,807.523,791.922,792.864,7.32871
2007.11.29 22:00:00,792.992,798.942,778.456,783.123,7.23672
2007.12.02 22:00:00,783.112,794.04,776.66,793.829,6.65017
2007.12.03 22:00:00,793.882,804.965,786.724,801.037,7.08103
2007.12.04 22:00:00,801.028,806.364,790.736,794.859,6.95001
2007.12.05 22:00:00,794.736,805.244,784.834,801.638,7.27905
2007.12.06 22:00:00,801.571,804.728,791.301,794.122,7.038
2007.12.09 22:00:00,794.394,811.792,793.862,807.697,6.83847
2007.12.10 22:00:00,807.815,812.791,795.724,796.464,7.0843
2007.12.11 22:00:00,796.524,816.741,795.422,812.98,7.19529
2007.12.12 22:00:00,812.994,813.343,791.967,796.748,7.39632
2007.12.13 22:00:00,796.822,803.204,787.436,794.385,7.25887
2007.12.16 22:00:00,793.722,798.535,784.765,792.67,6.77481
2007.12.17 22:00:00,792.622,806.008,789.996,802.252,7.04332
2007.12.18 22:00:00,802.173,804.319,797.427,801.805,7.12194
2007.12.19 22:00:00,801.79,802.871,793.103,795.888,7.10487
2007.12.20 22:00:00,795.643,812.055,795.112,811.122,6.76282
2007.12.23 22:00:00,810.77,815.071,807.861,811.918,5.68201
2007.12.24 22:00:00,811.58,812.005,806.211,806.356,3.3197
2007.12.25 22:00:00,806.398,825.792,806.298,824.052,6.64659
2007.12.26 22:00:00,824.1,830.957,821.149,825.242,7.481
2007.12.27 22:00:00,825.191,840.464,824.37,840.013,6.90973
2007.12.30 22:00:00,839.922,842.901,829.785,833.096,6.09388
2007.12.31 22:00:00,833.016,833.319,832.865,833.062,3.63114
2008.01.01 22:00:00,833.031,860.809,832.937,857.248,7.03442
2008.01.02 22:00:00,857.136,868.807,852.92,864.63,7.43591
2008.01.03 22:00:00,864.518,868.347,854.163,858.922,7.38375
2008.01.06 22:00:00,859.348,864.554,854.915,857.69,6.91657
2008.01.07 22:00:00,857.62,880.687,856.324,877.403,7.25637
2008.01.08 22:00:00,877.422,891.045,872.327,878.524,7.27574
2008.01.09 22:00:00,878.363,894.742,866.151,892.631,7.53891
2008.01.10 22:00:00,892.651,897.559,887.482,894.748,7.42188
2008.01.13 22:00:00,895.522,913.916,891.654,903.671,6.95016
2008.01.14 22:00:00,903.647,913.793,887.172,887.797,7.40629
2008.01.15 22:00:00,887.81,899.434,874.305,876.689,7.33546
2008.01.16 22:00:00,876.637,889.678,874.415,877.171,7.56345
2008.01.17 22:00:00,877.132,888.147,870.114,882.72,7.47358
2008.01.20 22:00:00,883.97,884.477,860.512,864.559,6.80553
2008.01.21 22:00:00,864.728,894.044,849.219,891.841,7.40519
2008.01.22 22:00:00,891.782,895.406,876.162,890.021,7.31436
2008.01.23 22:00:00,890.019,913.072,888.728,912.424,7.61745
2008.01.24 22:00:00,912.471,923.304,906.097,913.247,7.35649
2008.01.27 22:00:00,913.02,928.971,911.148,928.359,7.04483
2008.01.28 22:00:00,928.01,932.741,919.1,923.203,7.43422
2008.01.29 22:00:00,923.12,936.384,915.984,928.942,7.41433
2008.01.30 22:00:00,928.782,929.387,918.253,925.524,7.65048
2008.01.31 22:00:00,925.473,936.386,903.5,904.907,7.48186
2008.02.03 22:00:00,909.723,912.503,892.158,903.085,7.0513
2008.02.04 22:00:00,903.073,906.626,884.392,887.789,7.37698
2008.02.05 22:00:00,887.59,906.993,885.7,899.998,7.22061
2008.02.06 22:00:00,899.978,910.998,896.445,910.199,7.72348
2008.02.07 22:00:00,910.204,922.773,907.273,922.446,7.44656
2008.02.10 22:00:00,923.248,926.76,915.752,922.943,7.10785
2008.02.11 22:00:00,922.871,924.368,902.682,905.949,7.43717
2008.02.12 22:00:00,905.886,910.34,896.076,906.181,7.44587
2008.02.13 22:00:00,906.073,913.623,901.521,907.535,7.64653
2008.02.14 22:00:00,907.587,915.214,897.783,901.837,7.45769
2008.02.17 22:00:00,901.923,907.326,900.042,904.631,6.70075
2008.02.18 22:00:00,904.652,930.282,904.633,927.313,7.54328
2008.02.19 22:00:00,927.275,945.341,914.307,944.028,7.43003
2008.02.20 22:00:00,943.946,953.428,937.696,945.466,7.81132
2008.02.21 22:00:00,945.332,949.375,935.052,944.707,7.62142
2008.02.24 22:00:00,944.048,951.68,933.122,939.123,7.20312
2008.02.25 22:00:00,939.172,950.103,926.374,947.833,7.62349
2008.02.26 22:00:00,947.886,964.202,947.561,957.763,7.6282
2008.02.27 22:00:00,957.725,972.323,952.843,970.506,7.92615
2008.02.28 22:00:00,970.467,975.714,964.847,973.248,7.81939
2008.03.02 22:00:00,973.423,989.156,972.427,983.474,7.3249
2008.03.03 22:00:00,983.362,987.739,955.971,963.681,7.68189
2008.03.04 22:00:00,963.57,992.65,959.28,989.166,7.63529
2008.03.05 22:00:00,989.15,991.84,965.667,978.448,8.05421
2008.03.06 22:00:00,978.427,987.487,969.552,972.523,7.83362
2008.03.09 21:00:00,972.348,980.428,961.151,972.431,7.41159
2008.03.10 21:00:00,972.375,985.136,965.598,972.94,7.86381
2008.03.11 21:00:00,972.816,982.829,968.088,982.33,7.7011
2008.03.12 21:00:00,982.204,999.314,981.13,994.31,8.18516
2008.03.13 21:00:00,994.306,1006.82,990.377,1002.248,7.96846
2008.03.16 21:00:00,1000.741,1031.828,994.371,1001.712,7.39673
2008.03.17 21:00:00,1001.69,1011.773,976.493,981.051,7.99442
2008.03.18 21:00:00,981.03,996.772,937.06,943.588,7.65802
2008.03.19 21:00:00,943.686,944.078,904.303,909.656,8.25564
2008.03.20 21:00:00,909.624,919.003,908.638,918.848,3.36555
2008.03.23 21:00:00,918.83,926.347,906.229,914.687,6.61322
2008.03.24 21:00:00,914.64,938.626,911.265,938.281,6.9775
2008.03.25 21:00:00,938.255,954.127,934.26,953.385,6.96332
2008.03.26 21:00:00,953.37,954.519,939.952,946.533,7.27895
2008.03.27 21:00:00,946.506,950.556,923.014,930.73,7.0518
2008.03.30 21:00:00,929.747,940.385,912.2,915.715,6.62215
2008.03.31 21:00:00,915.809,920.434,874.073,881.847,7.05984
2008.04.01 21:00:00,881.87,905.375,881.4,903.867,6.84144
2008.04.02 21:00:00,903.892,907.896,889.566,902.506,7.19724
2008.04.03 21:00:00,902.54,914.29,899.977,913.08,6.90867
2008.04.06 21:00:00,912.658,928.835,910.843,919.318,6.65343
2008.04.07 21:00:00,919.397,925.295,908.432,914.216,7.00849
2008.04.08 21:00:00,914.175,935.214,902.843,933.351,6.89197
2008.04.09 21:00:00,933.358,939.348,921.515,928.245,7.09786
2008.04.10 21:00:00,928.271,931.424,918.304,924.63,7.00335
2008.04.13 21:00:00,924.697,930.896,913.858,923.605,6.64831
2008.04.14 21:00:00,923.617,935.759,922.92,927.243,6.88931
2008.04.15 21:00:00,927.303,948.368,924.12,943.887,6.98191
2008.04.16 21:00:00,943.932,952.57,937.039,938.151,7.0881
2008.04.17 21:00:00,938.193,946.336,904.429,916.104,7.1155
2008.04.20 21:00:00,915.748,927.988,911.183,916.365,6.67728
2008.04.21 21:00:00,916.459,924.896,911.534,914.921,6.94667
2008.04.22 21:00:00,915.032,922.284,896.882,903.514,6.84497
2008.04.23 21:00:00,903.428,905.998,882.794,885.311,7.22224
2008.04.24 21:00:00,885.458,895.927,877.594,885,7.01942
2008.04.27 21:00:00,884.919,895.144,884.817,892.344,6.8731
2008.04.28 21:00:00,892.317,892.92,868.134,869.679,6.99173
2008.04.29 21:00:00,869.79,878.021,862.156,876.483,7.19999
2008.04.30 21:00:00,876.772,881.372,846.641,851.51,7.30554
2008.05.01 21:00:00,851.57,858.725,846.705,855.216,7.26716
2008.05.04 21:00:00,855.197,873.879,855.076,873.332,6.63039
2008.05.05 21:00:00,873.533,882.614,870.847,875.895,6.99672
2008.05.06 21:00:00,875.824,880.882,863.799,868.284,7.03365
2008.05.07 21:00:00,868.289,885.347,864.974,881.417,7.33891
2008.05.08 21:00:00,881.366,889.298,870.06,883.657,7.08639
2008.05.11 21:00:00,883.647,889.347,877.373,881.875,6.72678
2008.05.12 21:00:00,881.99,885.166,861.024,866,7.06553
2008.05.13 21:00:00,866.002,870.297,859.769,863.182,6.96598
2008.05.14 21:00:00,863.322,887.027,861.657,881.011,7.24322
2008.05.15 21:00:00,881.003,904.167,879.511,901.233,7.08984
2008.05.18 21:00:00,901.069,913.406,900.324,904.434,6.66166
2008.05.19 21:00:00,904.539,922.613,902.368,918.601,7.11209
2008.05.20 21:00:00,918.719,932.21,916.088,931.887,6.9879
2008.05.21 21:00:00,932.065,934.916,916.939,920.598,7.46171
2008.05.22 21:00:00,920.619,928.159,914.672,923.975,7.04496
2008.05.25 21:00:00,923.923,928.839,922.855,928.283,5.91703
2008.05.26 21:00:00,928.058,930.392,904.03,905.232,7.25076
2008.05.27 21:00:00,905.292,909.425,889.224,900.222,7.18927
2008.05.28 21:00:00,900.178,902.732,873.128,877.154,7.49493
2008.05.29 21:00:00,877.376,888.64,870.734,885.468,7.23951
2008.06.01 21:00:00,885.669,896.981,880.98,890.774,6.84333
2008.06.02 21:00:00,890.622,896.609,875.255,879.806,7.23509
2008.06.03 21:00:00,879.827,886.177,875.749,878.578,7.09417
2008.06.04 21:00:00,878.566,878.664,864.592,876.532,7.4708
2008.06.05 21:00:00,876.704,901.87,876.172,901.005,7.39581
2008.06.08 21:00:00,901.148,908.525,890.407,892.091,6.93143
2008.06.09 21:00:00,892.238,894.456,863.823,866.216,7.28641
2008.06.10 21:00:00,866.363,882.491,865.794,879.509,7.24531
2008.06.11 21:00:00,879.642,881.881,857.264,867.37,7.55825
2008.06.12 21:00:00,867.648,873.945,858.955,870.946,7.27052
2008.06.15 21:00:00,870.569,894.384,866.394,881.621,6.91501
2008.06.16 21:00:00,881.727,888.297,874.697,882.138,7.438
2008.06.17 21:00:00,882.089,895.52,879.322,893.87,7.18012
2008.06.18 21:00:00,893.648,908.338,886.18,897.598,7.59054
2008.06.19 21:00:00,897.269,907.622,895.473,901.069,7.4078
2008.06.22 21:00:00,900.647,907.023,877.775,883.177,6.9945
2008.06.23 21:00:00,883.249,893.511,882.277,889.004,7.38248
2008.06.24 21:00:00,889.064,890.116,873.559,885.333,7.29066
2008.06.25 21:00:00,885.352,917.594,884.224,916.32,7.62693
2008.06.26 21:00:00,916.415,930.268,909.941,926.898,7.54322
2008.06.29 21:00:00,926.947,934.84,918.05,924.831,7.13515
2008.06.30 21:00:00,924.744,945.823,921.553,939.145,7.56295
2008.07.01 21:00:00,939.329,945.229,931.427,944.775,7.38362
2008.07.02 21:00:00,944.731,946.028,928.031,933.946,7.88945
2008.07.03 21:00:00,934.085,936.004,928.736,932.014,6.77744
2008.07.06 21:00:00,932.07,932.847,914.637,924.946,7.25531
2008.07.07 21:00:00,925.073,932.836,912.577,918.849,7.4934
2008.07.08 21:00:00,919.04,928.454,915.588,927.607,7.52569
2008.07.09 21:00:00,927.64,947.273,925.157,945.92,7.63574
2008.07.10 21:00:00,945.93,967.254,941.42,962.989,7.62351
2008.07.13 21:00:00,963.439,974.896,953.76,971.49,7.01813
2008.07.14 21:00:00,971.44,987.517,968.763,976.542,7.65353
2008.07.15 21:00:00,976.625,980.712,957.458,959.128,7.41008
2008.07.16 21:00:00,959.353,978.218,953.329,956.806,7.77429
2008.07.17 21:00:00,956.629,964.124,949.782,953.86,7.58226
2008.07.20 21:00:00,954.047,968.053,953.969,964.411,7.0713
2008.07.21 21:00:00,964.358,975.69,942.636,945.205,7.46697
2008.07.22 21:00:00,945.105,948.719,917.19,920.118,7.43156
2008.07.23 21:00:00,920.071,930.698,916.497,927.209,7.67482
2008.07.24 21:00:00,927.381,934.841,918.576,928.649,7.62794
2008.07.27 21:00:00,928.398,932.51,922.359,930.102,7.12888
2008.07.28 21:00:00,930.185,932.911,914.023,918.421,7.47199
2008.07.29 21:00:00,918.269,919.321,893.433,905.422,7.41242
2008.07.30 21:00:00,905.639,924.986,904.823,913.267,7.79312
2008.07.31 21:00:00,913.182,916.457,901.362,909.79,7.56546
2008.08.03 21:00:00,909.319,914.832,893.249,893.959,7.12063
2008.08.04 21:00:00,893.952,895.233,872.162,873.382,7.49451
2008.08.05 21:00:00,873.433,886.175,872.477,879,7.49521
2008.08.06 21:00:00,878.958,884.534,867.373,872.18,7.71996
2008.08.07 21:00:00,872.143,873.551,850.499,855.479,7.77936
2008.08.10 21:00:00,855.074,865.402,818.545,823.103,7.38841
2008.08.11 21:00:00,823.251,826.338,802.154,811.258,7.70492
2008.08.12 21:00:00,811.154,829.029,805.232,826.027,7.64271
2008.08.13 21:00:00,826.068,836.336,804.371,805.761,7.91825
2008.08.14 21:00:00,805.625,806.549,776.383,786.398,7.86248
2008.08.17 21:00:00,785.223,803.616,785.162,799.195,7.2628
2008.08.18 21:00:00,799.041,816.276,782.497,813.714,7.71247
2008.08.19 21:00:00,813.693,818.059,799.902,812.91,7.56929
2008.08.20 21:00:00,812.84,838.018,810.634,836.057,7.85733
2008.08.21 21:00:00,836.075,837.413,820.839,821.879,7.76572
2008.08.24 21:00:00,821.823,825.342,816.365,821.183,7.29918
2008.08.25 21:00:00,821.488,829.312,806.635,824.125,7.65367
2008.08.26 21:00:00,824.191,835.134,821.259,826.022,7.61466
2008.08.27 21:00:00,826.097,843.574,825.028,833.239,7.80454
2008.08.28 21:00:00,833.224,838.324,829.012,830.363,7.49358
2008.08.31 21:00:00,829.547,835.944,815.246,816.778,6.99523
2008.09.01 21:00:00,816.845,819.53,790.828,804.618,7.64649
2008.09.02 21:00:00,804.779,808.128,789.11,800.192,7.51472
2008.09.03 21:00:00,800.377,814.435,793.507,795.564,7.96275
2008.09.04 21:00:00,795.621,817.758,789.758,802.924,7.8678
2008.09.07 21:00:00,802.548,817.937,796.75,801.649,7.19973
2008.09.08 21:00:00,801.767,804.536,775.142,776.713,7.79436
2008.09.09 21:00:00,776.676,783.122,750.516,751.351,7.75972
2008.09.10 21:00:00,751.44,757.551,736.113,745.957,8.02175
2008.09.11 21:00:00,746.041,766.392,745.79,764.293,7.79654
2008.09.14 21:00:00,763.172,787.225,763.089,785.763,7.14046
2008.09.15 21:00:00,785.877,789.59,771.584,778.81,7.79069
2008.09.16 21:00:00,778.73,867.83,773.524,862.902,7.61134
2008.09.17 21:00:00,862.703,912.91,836.081,852.293,7.95496
2008.09.18 21:00:00,852.289,875.123,823.764,871.483,7.82739
2008.09.21 21:00:00,871.97,907.71,861.804,895.954,7.44133
2008.09.22 21:00:00,896.189,909.065,879.695,890.694,7.88081
2008.09.23 21:00:00,890.921,900.652,876.16,881.984,7.71207
2008.09.24 21:00:00,881.922,895.254,863.567,876.961,8.0393
2008.09.25 21:00:00,876.813,909.021,865.743,877.412,7.93389
2008.09.28 21:00:00,883.02,922.361,866.423,906.54,7.34199
2008.09.29 21:00:00,906.519,912.993,855.801,870.207,7.84288
2008.09.30 21:00:00,870.287,892.86,864.216,870.043,7.6706
2008.10.01 21:00:00,869.76,875.227,828.81,834.282,7.97682
2008.10.02 21:00:00,834.324,846.527,820.199,833.342,7.90908
2008.10.05 21:00:00,834.57,875.262,824.389,858.139,7.5301
2008.10.06 21:00:00,858.079,890.15,855.77,887.004,7.83566
2008.10.07 21:00:00,886.847,920.883,877.491,905.554,7.88392
2008.10.08 21:00:00,905.805,922.893,880.708,910.472,8.17982
2008.10.09 21:00:00,910.38,929.895,823.911,848.731,8.03827
2008.10.12 21:00:00,847.122,870.956,821.584,831.241,7.45255
2008.10.13 21:00:00,831.016,853.426,829.851,835.618,7.91005
2008.10.14 21:00:00,835.643,855.219,831.04,845.221,7.81507
2008.10.15 21:00:00,845.02,848.925,784.491,803.158,8.08442
2008.10.16 21:00:00,803.05,813.997,774.108,781.061,8.00703
2008.10.19 21:00:00,781.445,809.71,780.682,795.689,7.45842
2008.10.20 21:00:00,795.532,802.611,765.62,770.51,8.0146
2008.10.21 21:00:00,770.926,776.466,718.98,729.347,7.8757
2008.10.22 21:00:00,729.155,734.695,697.712,720.291,8.1956
2008.10.23 21:00:00,720.196,746.944,681.999,732.486,8.11657
2008.10.26 21:00:00,732.17,746.437,706.435,729.954,7.586
2008.10.27 21:00:00,729.578,754.387,723.346,746.587,7.99229
2008.10.28 21:00:00,746.361,773.641,737.846,754.239,7.85001
2008.10.29 21:00:00,754.1,776.323,731.818,738.483,8.26282
2008.10.30 21:00:00,738.354,741.007,717.1,723.509,8.08377
2008.11.02 22:00:00,724.209,738.597,720.877,723.248,7.65709
2008.11.03 22:00:00,723.276,767.195,721.403,761.985,8.12365
2008.11.04 22:00:00,761.863,768.29,735.823,739.819,8.04469
2008.11.05 22:00:00,739.69,760.069,728.515,732.229,8.36678
2008.11.06 22:00:00,732.275,744.762,725.697,734.945,8.15195
2008.11.09 22:00:00,734.522,766.716,734.415,745.19,7.6442
2008.11.10 22:00:00,745.375,749.311,726.561,730.719,8.00366
2008.11.11 22:00:00,730.805,738.575,708.32,711.158,7.9986
2008.11.12 22:00:00,711.274,738.949,699.719,735.927,8.45045
2008.11.13 22:00:00,735.594,752.755,724.796,739.976,8.2682
2008.11.16 22:00:00,741.191,748.795,730.818,737.191,7.67907
2008.11.17 22:00:00,737.31,745.559,730.793,736.381,8.16879
2008.11.18 22:00:00,736.523,761.655,731.624,733.449,8.0935
2008.11.19 22:00:00,733.593,752,732.31,745.316,8.42537
2008.11.20 22:00:00,745.459,801.203,742.473,798.993,8.27934
2008.11.23 22:00:00,799.27,829.044,785.807,820.485,7.8136
2008.11.24 22:00:00,820.572,828.821,802.544,819.997,8.09765
2008.11.25 22:00:00,819.921,822.421,808.502,811.996,8.1101
2008.11.26 22:00:00,811.987,816.983,808.92,814.496,7.70153
2008.11.27 22:00:00,814.52,820.073,809.136,817.619,8.14407
2008.11.30 22:00:00,812.722,818.054,767.673,768.254,7.9756
2008.12.01 22:00:00,768.318,785.665,761.823,781.39,8.57194
2008.12.02 22:00:00,781.29,782.747,763.863,773.536,8.2698
2008.12.03 22:00:00,773.648,782.625,762.207,766.566,8.81892
2008.12.04 22:00:00,766.413,772.109,740.956,755.91,8.53189
2008.12.07 22:00:00,755.559,781.211,754.272,771.907,7.97758
2008.12.08 22:00:00,772.263,779.563,762.328,775.588,8.41602
2008.12.09 22:00:00,775.751,813.627,773.801,809.455,8.39335
2008.12.10 22:00:00,809.541,834.069,801.712,819.787,8.79329
2008.12.11 22:00:00,820.242,828.094,807.173,821.501,8.57093
2008.12.14 22:00:00,819.623,841.732,819.567,837.268,7.98907
2008.12.15 22:00:00,837.027,858.889,829.695,857.018,8.61276
2008.12.16 22:00:00,856.769,881.144,845.959,867.186,8.3167
2008.12.17 22:00:00,867.065,877.787,848.026,852.161,8.92224
2008.12.18 22:00:00,852.308,853.654,829.294,836.573,8.64746
2008.12.21 22:00:00,836.653,851.11,836.246,846.883,8.01446
2008.12.22 22:00:00,846.962,848.301,829.193,838.529,8.36098
2008.12.23 22:00:00,838.698,848.185,834.19,845.803,7.87368
2008.12.24 22:00:00,845.766,846.857,839.144,843.776,3.73843
2008.12.25 22:00:00,843.725,872.048,841.905,867.057,7.88419
2008.12.28 22:00:00,866.613,890.016,866.505,879.199,7.63872
2008.12.29 22:00:00,878.832,883.126,863.619,872.113,8.0917
2008.12.30 22:00:00,872.359,883.229,855.633,879.843,7.39543
2008.12.31 22:00:00,879.871,880.291,876.773,879.885,3.55484
2009.01.01 22:00:00,879.957,886.22,866.974,874.755,7.36139
2009.01.04 22:00:00,872.948,884.883,844.849,858.552,6.96573
2009.01.05 22:00:00,858.616,869.327,838.59,863.01,7.39583
2009.01.06 22:00:00,862.939,866.293,836.469,842.022,7.23988
2009.01.07 22:00:00,842.118,863.422,835.919,856.225,7.59577
2009.01.08 22:00:00,856.271,867.679,844.398,852.958,7.50255
2009.01.11 22:00:00,853.395,855.299,815.001,820.257,7.18642
2009.01.12 22:00:00,820.017,829.943,813.651,821.026,7.42189
2009.01.13 22:00:00,821.026,828.81,807.065,810.872,7.34731
2009.01.14 22:00:00,810.819,820.454,801.829,817.189,7.63871
2009.01.15 22:00:00,817.022,842.743,815.375,841.535,7.44604
2009.01.18 22:00:00,842.193,845.297,831.424,835.365,6.84612
2009.01.19 22:00:00,835.182,865.787,823.393,856.339,7.41046
2009.01.20 22:00:00,856.187,863.757,843.18,853.261,7.32337
2009.01.21 22:00:00,853.391,862.305,844.043,856.137,7.57705
2009.01.22 22:00:00,856.294,902.668,852.084,898.908,7.4498
2009.01.25 22:00:00,897.897,915.354,888.619,902.666,7.0577
2009.01.26 22:00:00,902.547,906.997,892.126,898.059,7.40873
2009.01.27 22:00:00,898.283,902.974,882.523,887.052,7.3384
2009.01.28 22:00:00,886.835,909.141,874.039,907.913,7.65627
2009.01.29 22:00:00,907.972,928.787,900.685,926.075,7.49756
2009.02.01 22:00:00,926.769,926.87,900.743,904.125,6.96328
2009.02.02 22:00:00,904.202,912.266,889.173,899.996,7.46502
2009.02.03 22:00:00,899.915,908.464,895.371,904.982,7.33598
2009.02.04 22:00:00,905.233,923.345,901.689,914.293,7.63746
2009.02.05 22:00:00,914.032,919.054,903.861,910.695,7.47981
2009.02.08 22:00:00,912.131,912.486,890.232,893.651,7.02402
2009.02.09 22:00:00,893.466,917.141,890.579,914.694,7.54619
2009.02.10 22:00:00,914.695,946.426,910.075,938.586,7.35578
2009.02.11 22:00:00,938.346,951.831,934.121,945.691,7.76248
2009.02.12 22:00:00,945.768,946.697,932.031,940.701,7.57594
2009.02.15 22:00:00,939.145,943.754,935.4,940.687,6.84882
2009.02.16 22:00:00,940.523,973.37,939.22,969.337,7.50935
2009.02.17 22:00:00,969.381,986.555,960.582,983.724,7.53388
2009.02.18 22:00:00,983.755,985.466,968.373,973.563,7.76869
2009.02.19 22:00:00,973.519,1004.764,969.703,991.867,7.67365
2009.02.22 22:00:00,997.17,997.336,976.526,990.701,7.20733
2009.02.23 22:00:00,990.374,994.385,958.96,961.346,7.66798
2009.02.24 22:00:00,961.567,976.841,943.686,953.284,7.51631
2009.02.25 22:00:00,952.903,956.112,931.737,945.09,7.88313
2009.02.26 22:00:00,945.196,961.843,929.29,941.897,7.70469
2009.03.01 22:00:00,939.644,957.717,921.703,925.483,7.30659
2009.03.02 22:00:00,925.455,932.307,904.734,915.303,7.61793
2009.03.03 22:00:00,915.214,922.059,899.582,906.007,7.63782
2009.03.04 22:00:00,905.804,936.303,904.441,931.595,7.78862
2009.03.05 22:00:00,931.495,944.184,929.654,938.052,7.68942
2009.03.08 21:00:00,939.323,941.64,910.652,921.296,7.2352
2009.03.09 21:00:00,921.033,922.114,890.889,897.176,7.67939
2009.03.10 21:00:00,897.191,912.61,891.683,908.382,7.48781
2009.03.11 21:00:00,908.277,930.198,905.273,926.278,7.93124
2009.03.12 21:00:00,926.147,937.01,918.92,928.648,7.65591
2009.03.15 21:00:00,926.947,929.225,915.171,922.395,7.1022
2009.03.16 21:00:00,922.436,927.693,912.08,914.393,7.67442
2009.03.17 21:00:00,914.546,946.649,883.242,940.431,7.56387
2009.03.18 21:00:00,940.137,960.828,925.468,959.312,7.80857
2009.03.19 21:00:00,959.231,966.428,946.057,950.939,7.77142
2009.03.22 21:00:00,950.623,956.624,934.558,939.251,7.23109
2009.03.23 21:00:00,939.162,943.772,918.017,924.976,7.85309
2009.03.24 21:00:00,924.92,939.253,916.954,933.261,7.51825
2009.03.25 21:00:00,933.047,944.792,931.101,933.534,7.93555
2009.03.26 21:00:00,933.553,935.663,918.286,921.873,7.81631
2009.03.29 21:00:00,921.847,931.413,909.252,917.067,7.29728
2009.03.30 21:00:00,917.068,924.064,911.841,918.694,7.67966
2009.03.31 21:00:00,918.63,932.362,916.184,926.223,7.64256
2009.04.01 21:00:00,926.271,928.554,894.471,903.864,7.8122
2009.04.02 21:00:00,903.865,908.417,890.028,891.799,7.8052
2009.04.05 21:00:00,892.247,896.355,865.098,868.465,7.33148
2009.04.06 21:00:00,868.413,884.234,867.817,880.469,7.89714
2009.04.07 21:00:00,880.262,889.445,878.051,880.286,7.56856
2009.04.08 21:00:00,880.197,885.916,874.235,878.598,7.89224
2009.04.09 21:00:00,878.482,883.902,877.199,880.419,4.37973
2009.04.12 21:00:00,880.419,899.301,880.277,893.034,7.60286
2009.04.13 21:00:00,893.281,897.91,885.786,889.884,7.96343
2009.04.14 21:00:00,889.905,898.102,886.661,890.146,8.06479
2009.04.15 21:00:00,890.426,893.123,871.59,874.791,8.14062
2009.04.16 21:00:00,874.91,876.253,864.637,867.662,8.09169
2009.04.19 21:00:00,867.647,887.928,864.329,883.844,7.78436
2009.04.20 21:00:00,883.808,894.091,878.609,883.265,8.07721
2009.04.21 21:00:00,883.282,893.007,881.263,889.128,7.96158
2009.04.22 21:00:00,889.136,908.222,888.819,904.002,8.26798
2009.04.23 21:00:00,903.991,913.247,901.722,912.223,8.17696
2009.04.26 21:00:00,911.92,917.941,904.595,905.702,7.58683
2009.04.27 21:00:00,905.725,906.493,884.722,892.908,8.04269
2009.04.28 21:00:00,893,902.484,887.235,897.392,7.95271
2009.04.29 21:00:00,897.427,899.593,880.052,887.809,8.07265
2009.04.30 21:00:00,887.861,889.415,879.615,885.747,7.89495
2009.05.03 21:00:00,885.523,905.862,883.979,901.333,7.33142
2009.05.04 21:00:00,901.384,915.232,895.37,896.737,8.01505
2009.05.05 21:00:00,896.609,911.428,894.477,910.683,7.7561
2009.05.06 21:00:00,910.791,924.991,909.168,910.266,8.28046
2009.05.07 21:00:00,910.151,919.145,905.498,915.82,8.03313
2009.05.10 21:00:00,915.847,917.223,908.818,912.586,7.62145
2009.05.11 21:00:00,912.747,923.276,911.343,922.332,8.10706
2009.05.12 21:00:00,922.396,930.081,917.162,925.565,8.04666
2009.05.13 21:00:00,925.648,928.142,920.254,925.507,8.20857
2009.05.14 21:00:00,925.56,933.686,922.959,931.048,8.14112
2009.05.17 21:00:00,930.428,933.232,915.865,917.758,7.62971
2009.05.18 21:00:00,917.858,928.861,916.559,924.309,8.15475
2009.05.19 21:00:00,924.266,939.669,923.882,937.934,7.91139
2009.05.20 21:00:00,938.003,955.716,935.414,952.894,8.26175
2009.05.21 21:00:00,952.882,960.685,949.319,956.466,7.96643
2009.05.24 21:00:00,956.098,959.269,952.01,958.454,6.92356
2009.05.25 21:00:00,958.174,958.44,940.771,951.318,8.23923
2009.05.26 21:00:00,951.345,958.974,946.249,949.074,8.08545
2009.05.27 21:00:00,949.185,964.357,943.574,958.774,8.32815
2009.05.28 21:00:00,958.79,979.773,957.469,978.402,8.27491
2009.05.31 21:00:00,978.77,988.059,973.198,974.317,7.81196
2009.06.01 21:00:00,974.268,985.541,968.515,981.215,8.28176
2009.06.02 21:00:00,981.229,989.287,960.438,962.352,8.108
2009.06.03 21:00:00,962.358,981.121,960.306,979.42,8.60278
2009.06.04 21:00:00,979.48,982.213,952.392,954.778,8.31564
2009.06.07 21:00:00,955.022,959.586,943.41,951.146,7.67187
2009.06.08 21:00:00,951.165,960.857,946.881,954.245,8.22421
2009.06.09 21:00:00,954.238,964.766,947.066,953.798,8.18804
2009.06.10 21:00:00,953.81,961.436,943.367,954.407,8.28131
2009.06.11 21:00:00,954.304,957.78,936.534,938.499,8.35107
2009.06.14 21:00:00,937.72,938.606,925.427,927.722,7.74424
2009.06.15 21:00:00,927.662,938.9,924.981,934.118,8.29037
2009.06.16 21:00:00,934.261,939.801,927.664,937.973,8.12606
2009.06.17 21:00:00,938.041,942.787,929.801,932.499,8.55294
2009.06.18 21:00:00,932.538,938.542,930.623,933.368,8.32211
2009.06.21 21:00:00,933.598,934.406,917.885,922.003,7.68426
2009.06.22 21:00:00,922.133,926.33,913.258,925.278,8.27535
2009.06.23 21:00:00,925.229,940.284,921.746,930.842,8.1573
2009.06.24 21:00:00,931.133,939.779,929.563,938.765,8.39446
2009.06.25 21:00:00,938.659,947.793,936.156,938.932,8.35759
2009.06.28 21:00:00,938.05,942.274,933.92,937.387,7.82879
2009.06.29 21:00:00,937.447,944.476,923.439,925.93,8.29797
2009.06.30 21:00:00,925.95,944.73,925.298,940.061,8.06645
2009.07.01 21:00:00,940.066,941.357,926.758,929.206,8.42379
2009.07.02 21:00:00,929.28,933.859,926.875,931.213,7.7056
2009.07.05 21:00:00,932.113,932.457,920.331,924.569,7.78653
2009.07.06 21:00:00,924.579,931.261,920.653,924.115,8.25313
2009.07.07 21:00:00,924.185,924.662,904.486,909.18,8.30496
2009.07.08 21:00:00,909.112,917.93,905.929,911.563,8.4353
2009.07.09 21:00:00,911.573,914.981,906.877,912.376,8.46534
2009.07.12 21:00:00,911.97,922.747,907.459,919.731,7.70169
2009.07.13 21:00:00,919.838,926.819,917.162,925.095,8.33363
2009.07.14 21:00:00,925.099,941.461,924.061,938.467,8.06677
2009.07.15 21:00:00,938.52,939.985,932.553,936.741,8.57367
2009.07.16 21:00:00,936.834,939.299,931.421,936.825,8.13096
2009.07.19 21:00:00,936.445,954.684,936.17,948.399,7.65443
2009.07.20 21:00:00,948.353,953.251,943.789,948.184,8.31756
2009.07.21 21:00:00,948.121,954.091,944.539,950.743,8.05597
2009.07.22 21:00:00,950.69,956.918,947.403,948.763,8.38742
2009.07.23 21:00:00,948.665,953.737,946.059,950.749,8.4144
2009.07.26 21:00:00,950.097,958.423,947.208,953.265,7.83048
2009.07.27 21:00:00,953.218,956.184,934.028,937.165,8.33817
2009.07.28 21:00:00,937.116,940.446,925.007,929.348,8.07974
2009.07.29 21:00:00,929.407,936.63,927.867,933.946,8.6021
2009.07.30 21:00:00,933.746,955.04,932.241,953.247,8.26202
2009.08.02 21:00:00,953.498,961.806,951.528,956,7.86389
2009.08.03 21:00:00,956.021,969.567,950.552,966.313,8.3671
2009.08.04 21:00:00,966.323,967.614,958.351,963.241,8.26326
2009.08.05 21:00:00,963.08,971.284,956.147,962.738,8.6029
2009.08.06 21:00:00,962.639,964.179,953.513,954.237,8.56875
2009.08.09 21:00:00,953.836,956.411,942.966,945.929,7.96357
2009.08.10 21:00:00,945.899,949.289,941.815,945.5,8.41976
2009.08.11 21:00:00,945.39,951.615,939.141,946.568,8.33128
2009.08.12 21:00:00,946.63,959.828,945.338,954.366,8.75007
2009.08.13 21:00:00,954.289,958.749,943.475,947.847,8.5033
2009.08.16 21:00:00,945.62,947.562,929.9,934.104,7.86944
2009.08.17 21:00:00,934.119,939.492,931.938,937.978,8.38814
2009.08.18 21:00:00,937.975,944.449,932.08,941.496,8.1808
2009.08.19 21:00:00,941.446,945.374,937.918,940.054,8.47995
2009.08.20 21:00:00,940.017,956.539,937.426,953.116,8.43685
2009.08.23 21:00:00,952.903,956.527,939.748,941.099,7.96152
2009.08.24 21:00:00,941.29,953.786,940.408,944.194,8.55415
2009.08.25 21:00:00,944.084,949.579,939.274,945.101,8.41477
2009.08.26 21:00:00,945.154,949.95,941.634,947.572,8.63866
2009.08.27 21:00:00,947.537,959.063,946.456,954.251,8.46611
2009.08.30 21:00:00,954.197,960.146,944.264,950.891,7.92729
2009.08.31 21:00:00,950.774,956.435,945.848,955.617,8.50864
2009.09.01 21:00:00,955.663,979.971,951.37,977.985,8.49508
2009.09.02 21:00:00,977.98,996.88,973.763,991.347,8.69184
2009.09.03 21:00:00,991.42,995.611,985.004,992.904,8.54409
2009.09.06 21:00:00,993.153,996.165,990.145,993.935,7.45412
2009.09.07 21:00:00,994.035,1007.107,992.515,994.664,8.66667
2009.09.08 21:00:00,994.768,1002.612,986.87,991.673,8.57398
2009.09.09 21:00:00,991.784,997.874,982.716,995.929,9.07612
2009.09.10 21:00:00,996.033,1010.768,994.036,1004.38,8.72924
2009.09.13 21:00:00,1004.572,1008.388,993.181,999.794,8.15101
2009.09.14 21:00:00,999.707,1008.901,993.249,1007.073,8.7347
2009.09.15 21:00:00,1007.018,1020.186,1005.547,1016.613,8.57503
2009.09.16 21:00:00,1016.596,1023.591,1009.944,1013.002,8.91101
2009.09.17 21:00:00,1012.974,1017.317,1005.859,1007.138,8.90672
2009.09.20 21:00:00,1005.947,1006.193,995.593,1003.079,8.2623
2009.09.21 21:00:00,1003.122,1018.975,1000,1013.886,8.79654
2009.09.22 21:00:00,1013.861,1018.137,1006.06,1007.978,8.69558
2009.09.23 21:00:00,1007.928,1018.181,990.312,993.395,8.99093
2009.09.24 21:00:00,993.483,998.685,984.911,990.604,8.85997
2009.09.27 21:00:00,990.983,996.083,985.69,990.563,8.39232
2009.09.28 21:00:00,990.535,995.351,985.452,991.761,8.76795
2009.09.29 21:00:00,991.754,1008.763,990.367,1007.159,8.72532
2009.09.30 21:00:00,1007.054,1009.483,997.565,998.684,8.97589
2009.10.01 21:00:00,998.727,1007.009,987.294,1002.284,9.03886
2009.10.04 21:00:00,1001.451,1017.203,1000.207,1016.696,8.30598
2009.10.05 21:00:00,1016.74,1043.123,1014.794,1041.577,8.93233
2009.10.06 21:00:00,1041.452,1047.729,1036.196,1043.539,8.68026
2009.10.07 21:00:00,1043.618,1060.872,1042.824,1054.578,8.98432
2009.10.08 21:00:00,1054.481,1054.945,1043.042,1048.77,8.76171
2009.10.11 21:00:00,1047.995,1058.562,1046.228,1056.603,8.27299
2009.10.12 21:00:00,1056.516,1068.085,1050.556,1063.759,8.8175
2009.10.13 21:00:00,1063.747,1069.961,1055.695,1061.914,8.81988
2009.10.14 21:00:00,1061.872,1065.284,1046.214,1049.807,9.02099
2009.10.15 21:00:00,1049.762,1056.085,1042.956,1052.986,9.02718
2009.10.18 21:00:00,1052.001,1064.166,1047.791,1063.578,8.39234
2009.10.19 21:00:00,1063.628,1067.237,1052.125,1054.69,9.02305
2009.10.20 21:00:00,1054.751,1064.268,1047.739,1058.56,8.84316
2009.10.21 21:00:00,1058.584,1060.948,1051.228,1059.425,9.36498
2009.10.22 21:00:00,1059.483,1066.943,1050.615,1054.647,9.17704
2009.10.25 21:00:00,1054.195,1059.554,1037.28,1038.19,8.4568
2009.10.26 21:00:00,1038.09,1043.126,1031.731,1039.561,9.02476
2009.10.27 21:00:00,1039.543,1041.363,1026.195,1027.537,8.88983
2009.10.28 21:00:00,1027.578,1047.235,1025.882,1046.529,9.24878
2009.10.29 21:00:00,1046.465,1048.66,1034.815,1044.678,9.1382
2009.11.01 22:00:00,1044.22,1062.438,1039.898,1058.955,8.66335
2009.11.02 22:00:00,1058.929,1087.22,1055.138,1083.992,9.10326
2009.11.03 22:00:00,1084.006,1096.571,1079.394,1091.62,8.96305
2009.11.04 22:00:00,1091.543,1094.001,1083.301,1089.779,9.41474
2009.11.05 22:00:00,1089.869,1099.266,1087.748,1094.617,9.12746
2009.11.08 22:00:00,1095.024,1110.277,1094.64,1103.479,8.74978
2009.11.09 22:00:00,1103.344,1108.955,1096.318,1105.141,9.1616
2009.11.10 22:00:00,1105.135,1118.258,1104.597,1117.07,9.11103
2009.11.11 22:00:00,1116.958,1122.203,1102.294,1103.262,9.36745
2009.11.12 22:00:00,1103.145,1118.911,1100.383,1118.148,9.31333
2009.11.15 22:00:00,1117.857,1142.873,1117.426,1138.64,8.73519
2009.11.16 22:00:00,1138.732,1141.407,1127.397,1140.993,9.27306
2009.11.17 22:00:00,1141.011,1151.783,1135.517,1144.871,9.13503
2009.11.18 22:00:00,1144.828,1145.777,1129.834,1143.948,9.47674
2009.11.19 22:00:00,1143.921,1150.759,1132.269,1150.087,9.29352
2009.11.22 22:00:00,1148.023,1173.397,1147.848,1165.595,9.04187
2009.11.23 22:00:00,1165.404,1170.826,1157.453,1168.686,9.24504
2009.11.24 22:00:00,1168.687,1191.417,1166.255,1191.294,9.46483
2009.11.25 22:00:00,1191.189,1194.676,1179.692,1192.355,8.9285
2009.11.26 22:00:00,1192.246,1192.498,1139.535,1176.503,9.18018
2009.11.29 22:00:00,1176.509,1181.963,1163.538,1178.949,8.93291
2009.11.30 22:00:00,1178.878,1200.891,1174.903,1195.992,9.45268
2009.12.01 22:00:00,1196.101,1216.628,1194.321,1215.169,9.35814
2009.12.02 22:00:00,1215.217,1225.94,1204.679,1207.24,9.79601
2009.12.03 22:00:00,1207.2,1211.637,1148.512,1160.736,9.44039
2009.12.06 22:00:00,1159.369,1163.846,1135.243,1157.661,9.01053
2009.12.07 22:00:00,1157.607,1168.174,1124.504,1127.734,9.45865
2009.12.08 22:00:00,1127.655,1146.229,1117.02,1128.202,9.4805
2009.12.09 22:00:00,1128.201,1136.347,1121.038,1130.744,9.71788
2009.12.10 22:00:00,1130.712,1141.683,1109.484,1114.685,9.72619
2009.12.13 22:00:00,1113.595,1127.277,1109.977,1126.056,8.93093
2009.12.14 22:00:00,1126.015,1128.418,1110.846,1124.593,9.5327
2009.12.15 22:00:00,1124.576,1138.781,1121.016,1137.349,9.42202
2009.12.16 22:00:00,1137.33,1141.209,1094.491,1098.157,9.84694
2009.12.17 22:00:00,1098.142,1116.193,1095.861,1112.74,9.55305
2009.12.20 22:00:00,1111.947,1119.048,1090.048,1093.035,9.01187
2009.12.21 22:00:00,1092.926,1096.97,1074.195,1083.24,9.58961
2009.12.22 22:00:00,1083.233,1095.597,1078.973,1087.04,9.37244
2009.12.23 22:00:00,1086.925,1105.363,1086.114,1104.208,8.46987
2009.12.24 22:00:00,1104.147,1104.427,1103.628,1103.673,5.60321
2009.12.27 22:00:00,1103.57,1113.343,1101.368,1106.551,10.16408
2009.12.28 22:00:00,1106.527,1107.899,1096.195,1096.467,11.17322
2009.12.29 22:00:00,1096.522,1097.581,1085.598,1092.419,10.58799
2009.12.30 22:00:00,1092.416,1106.521,1091.496,1096.191,10.67507
2009.12.31 22:00:00,1096.318,1096.82,1095.857,1096.099,7.36675
2010.01.03 22:00:00,1096.072,1123.295,1092.987,1120.867,16.01133
2010.01.04 22:00:00,1120.855,1127.532,1114.864,1117.516,17.391
2010.01.05 22:00:00,1117.34,1140.02,1115.377,1137.557,16.85487
2010.01.06 22:00:00,1137.573,1137.947,1128.074,1131.071,17.30441
2010.01.07 22:00:00,1130.941,1138.419,1119.287,1136.717,17.3582
2010.01.10 22:00:00,1139.059,1160.949,1136.75,1151.178,15.9353
2010.01.11 22:00:00,1151.162,1157.604,1125.446,1127.656,17.12625
2010.01.12 22:00:00,1127.607,1138.288,1119.245,1137.468,16.59577
2010.01.13 22:00:00,1137.489,1145.59,1130.439,1142.2,17.28065
2010.01.14 22:00:00,1142.214,1145.088,1126.828,1129.598,16.80078
2010.01.17 22:00:00,1129.57,1136.862,1126.636,1133.447,15.58959
2010.01.18 22:00:00,1133.415,1140.016,1128.284,1137.776,17.69767
2010.01.19 22:00:00,1137.726,1141.058,1106.993,1110.669,17.43453
2010.01.20 22:00:00,1110.709,1117.198,1089.162,1093.723,17.74582
2010.01.21 22:00:00,1093.751,1098.196,1081.867,1092.037,17.90069
2010.01.24 22:00:00,1091.373,1103.651,1089.494,1097.795,16.39495
2010.01.25 22:00:00,1097.792,1102.972,1085.536,1097.057,17.55381
2010.01.26 22:00:00,1097.076,1101.852,1083.005,1087.572,17.23897
2010.01.27 22:00:00,1087.386,1095.433,1074.105,1086.156,17.91288
2010.01.28 22:00:00,1086.117,1089.259,1074.149,1080.525,17.43856
2010.01.31 22:00:00,1078.984,1107.084,1076.047,1104.883,16.74693
2010.02.01 22:00:00,1105.051,1117.679,1098.554,1113.9,18.07655
2010.02.02 22:00:00,1113.867,1124.254,1106.783,1109.285,17.6103
2010.02.03 22:00:00,1109.125,1110.719,1059.334,1062.851,17.98392
2010.02.04 22:00:00,1062.816,1068.206,1044.703,1065.619,18.07758
2010.02.07 22:00:00,1065.347,1073.196,1061.639,1062.426,16.51065
2010.02.08 22:00:00,1062.402,1082.715,1061.33,1077.598,17.74943
2010.02.09 22:00:00,1077.652,1081.791,1062.835,1071.551,17.30338
2010.02.10 22:00:00,1071.551,1097.383,1069.944,1094.82,18.07669
2010.02.11 22:00:00,1094.908,1096.478,1077.573,1093.024,17.40326
2010.02.14 22:00:00,1093.055,1101.634,1091.194,1100.451,15.85761
2010.02.15 22:00:00,1100.483,1120.586,1097.48,1118.928,18.61082
2010.02.16 22:00:00,1118.804,1126.65,1104.888,1106.379,18.05162
2010.02.17 22:00:00,1106.265,1123.696,1097.694,1108.308,18.65421
2010.02.18 22:00:00,1108.235,1125.768,1099.107,1118.786,18.82777
2010.02.21 22:00:00,1117.198,1130.283,1109.764,1113.645,17.14166
2010.02.22 22:00:00,1113.729,1120.402,1099.013,1102.706,18.36306
2010.02.23 22:00:00,1102.789,1107.708,1089.682,1097.153,18.0806
2010.02.24 22:00:00,1097.08,1108.379,1088.036,1105.943,18.69295
2010.02.25 22:00:00,1105.996,1118.4,1103.658,1117.161,18.33317
2010.02.28 22:00:00,1115.898,1123.064,1111.732,1118.351,17.15968
2010.03.01 22:00:00,1118.34,1137.118,1114.27,1134.064,18.83757
2010.03.02 22:00:00,1134.06,1144.591,1131.292,1139.299,18.05011
2010.03.03 22:00:00,1139.258,1140.967,1125.587,1131.722,18.76682
2010.03.04 22:00:00,1131.546,1140.135,1127.616,1134.198,18.70633
2010.03.07 22:00:00,1133.514,1137.359,1118.171,1123.106,17.42041
2010.03.08 22:00:00,1123.034,1124.539,1109.226,1121.215,18.43687
2010.03.09 22:00:00,1121.215,1127.707,1103.295,1107.776,18.35718
2010.03.10 22:00:00,1107.84,1111.326,1100.342,1108.935,18.78868
2010.03.11 22:00:00,1108.987,1118.936,1098.291,1101.236,18.64688
2010.03.14 21:00:00,1099.22,1108.333,1099.02,1107.896,17.47772
2010.03.15 21:00:00,1107.998,1127.957,1107.735,1127.056,19.00646
2010.03.16 21:00:00,1127.148,1132.433,1117.995,1119.828,18.32635
2010.03.17 21:00:00,1120.08,1128.797,1117.861,1126.773,18.91611
2010.03.18 21:00:00,1126.868,1127.081,1101.237,1106.416,18.61222
2010.03.21 21:00:00,1106.272,1108.283,1092.529,1101.829,17.09018
2010.03.22 21:00:00,1101.938,1107.314,1094.222,1104.404,19.26753
2010.03.23 21:00:00,1104.213,1105.148,1084.702,1086.026,18.31771
2010.03.24 21:00:00,1085.896,1095.304,1084.92,1089.977,19.16152
2010.03.25 21:00:00,1089.953,1108.609,1088.05,1106.824,18.74227
2010.03.28 21:00:00,1106.362,1114.248,1102.761,1109.249,17.6906
2010.03.29 21:00:00,1109.283,1113.005,1101.562,1103.061,19.11986
2010.03.30 21:00:00,1103.094,1117.677,1101.502,1112.534,18.39389
2010.03.31 21:00:00,1112.704,1127.539,1111.103,1126.062,18.97213
2010.04.01 21:00:00,1126.07,1126.65,1117.071,1120.898,17.38462
2010.04.04 21:00:00,1120.23,1132.98,1118.874,1131.404,20.0861
2010.04.05 21:00:00,1131.394,1138.291,1122.463,1133.712,21.9948
2010.04.06 21:00:00,1133.698,1152.565,1132.236,1148.879,21.44027
2010.04.07 21:00:00,1148.929,1153.249,1142.77,1150.138,22.442
2010.04.08 21:00:00,1150.02,1163.754,1148.83,1161.299,21.95891
2010.04.11 21:00:00,1159.648,1169.368,1153.769,1155.958,20.37805
2010.04.12 21:00:00,1156.181,1156.872,1144.47,1150.03,22.79722
2010.04.13 21:00:00,1150.198,1161.697,1149.148,1154.92,21.64847
2010.04.14 21:00:00,1154.947,1161.297,1149.848,1158.53,22.55612
2010.04.15 21:00:00,1158.598,1160.197,1129.144,1136.998,22.71896
2010.04.18 21:00:00,1133.442,1137.392,1123.126,1135.244,20.30128
2010.04.19 21:00:00,1135.258,1145.566,1132.965,1140.277,22.52285
2010.04.20 21:00:00,1140.254,1149.595,1137.078,1146.136,21.52227
2010.04.21 21:00:00,1146.117,1149.056,1131.799,1141.055,22.71949
2010.04.22 21:00:00,1140.925,1157.329,1134.604,1157.015,22.30584
2010.04.25 21:00:00,1156.97,1159.451,1150.443,1153.155,21.07499
2010.04.26 21:00:00,1153.224,1171.73,1146.131,1167.197,23.29081
2010.04.27 21:00:00,1167.356,1173.652,1160.469,1165.143,22.38759
2010.04.28 21:00:00,1165.334,1170.754,1162.032,1166.445,23.01767
2010.04.29 21:00:00,1166.406,1181.253,1164.276,1178.544,23.11988
2010.05.02 21:00:00,1177.919,1187.373,1175.649,1181.81,20.93749
2010.05.03 21:00:00,1181.895,1191.942,1166.585,1170.607,23.02846
2010.05.04 21:00:00,1170.748,1176.345,1157.506,1174.777,22.38388
2010.05.05 21:00:00,1174.766,1209.579,1171.933,1207.681,23.407
2010.05.06 21:00:00,1207.812,1212.467,1192.389,1207.726,22.85015
2010.05.09 21:00:00,1207.52,1207.702,1184.156,1202.457,21.51939
2010.05.10 21:00:00,1202.534,1233.67,1200.285,1232.23,23.46182
2010.05.11 21:00:00,1232.203,1247.897,1226.01,1238.378,22.68514
2010.05.12 21:00:00,1238.42,1242.507,1226.885,1232.395,23.34681
2010.05.13 21:00:00,1232.386,1248.756,1218.47,1231.023,23.58664
2010.05.16 21:00:00,1229.697,1241.89,1218.983,1221.975,21.0534
2010.05.17 21:00:00,1221.863,1228.445,1206.321,1224.585,23.20863
2010.05.18 21:00:00,1224.546,1227.175,1186.452,1193.161,22.3786
2010.05.19 21:00:00,1192.953,1197.536,1174.409,1181.937,23.61999
2010.05.20 21:00:00,1181.864,1187.333,1166.476,1176.334,22.98261
2010.05.23 21:00:00,1177.257,1196.421,1174.834,1191.125,21.80419
2010.05.24 21:00:00,1191.216,1203.525,1185.012,1203.459,23.71624
2010.05.25 21:00:00,1203.609,1216.169,1199.725,1211.17,22.84164
2010.05.26 21:00:00,1211.083,1217.782,1205.082,1211.422,23.51833
2010.05.27 21:00:00,1211.513,1214.837,1201.745,1213.667,23.77555
2010.05.30 21:00:00,1212.558,1217.526,1208.898,1215.68,20.64314
2010.05.31 21:00:00,1215.648,1228.092,1213.693,1225.253,25.34323
2010.06.01 21:00:00,1225.121,1226.665,1213.53,1222.869,24.09832
2010.06.02 21:00:00,1222.937,1224.163,1202.268,1206.164,25.67304
2010.06.03 21:00:00,1206.184,1219.57,1196.605,1219.262,25.17017
2010.06.06 21:00:00,1218.647,1243.76,1209.897,1239.574,23.28955
2010.06.07 21:00:00,1239.578,1251.055,1233.097,1236.125,25.43559
2010.06.08 21:00:00,1236.04,1240.318,1222.104,1232.901,24.5386
2010.06.09 21:00:00,1232.959,1233.49,1214.967,1216.079,25.68386
2010.06.10 21:00:00,1216.039,1230.138,1215.661,1226.081,25.69962
2010.06.13 21:00:00,1225.57,1233.568,1216.163,1220.628,22.69656
2010.06.14 21:00:00,1220.755,1236.169,1219.252,1233.537,25.72231
2010.06.15 21:00:00,1233.605,1236.988,1226.995,1228.719,24.01972
2010.06.16 21:00:00,1228.785,1250.232,1228.407,1244.387,26.12547
2010.06.17 21:00:00,1244.419,1262.064,1241.361,1256.227,25.42151
2010.06.20 21:00:00,1256.449,1264.288,1230.472,1233.096,23.87072
2010.06.21 21:00:00,1233.277,1242.186,1230.972,1239.479,25.75186
2010.06.22 21:00:00,1239.477,1245.895,1223.806,1236.872,25.31575
2010.06.23 21:00:00,1236.933,1247.77,1227.764,1242.967,26.10199
2010.06.24 21:00:00,1242.962,1257.666,1240.363,1255.072,26.4154
2010.06.27 21:00:00,1254.19,1262.181,1235.377,1238.448,23.91907
2010.06.28 21:00:00,1238.554,1244.521,1227.257,1239.938,26.194
2010.06.29 21:00:00,1239.974,1246.941,1234.549,1241.794,25.2947
2010.06.30 21:00:00,1241.881,1243.478,1196.265,1198.5,26.57062
2010.07.01 21:00:00,1198.511,1212.74,1197.875,1210.618,26.15651
2010.07.04 21:00:00,1210.837,1214.024,1205.086,1207.66,23.38537
2010.07.05 21:00:00,1207.796,1212.934,1189.179,1192.198,30.03436
2010.07.06 21:00:00,1192.129,1203.433,1184.908,1202.096,28.7961
2010.07.07 21:00:00,1202.158,1207.456,1187.631,1197.446,30.35823
2010.07.08 21:00:00,1197.441,1213.179,1193.752,1211.25,30.81081
2010.07.11 21:00:00,1211.498,1212.567,1196.106,1197.126,27.36765
2010.07.12 21:00:00,1196.993,1217.398,1195.347,1211.796,29.79856
2010.07.13 21:00:00,1211.777,1217.411,1202.397,1207.744,28.90135
2010.07.14 21:00:00,1207.796,1216.739,1203.733,1207.813,31.19358
2010.07.15 21:00:00,1207.758,1210.466,1185.81,1192.478,30.73723
2010.07.18 21:00:00,1192.87,1194.449,1176.933,1182.464,28.02896
2010.07.19 21:00:00,1182.556,1193.265,1175.354,1191.543,30.72452
2010.07.20 21:00:00,1191.63,1197.382,1183.083,1184.623,29.40673
2010.07.21 21:00:00,1184.611,1199.75,1180.847,1194.441,30.85649
2010.07.22 21:00:00,1194.494,1203.632,1184.655,1188.531,31.4906
2010.07.25 21:00:00,1188.773,1194.062,1179.318,1183.06,28.26251
2010.07.26 21:00:00,1183.039,1186.689,1157.739,1161.151,30.81509
2010.07.27 21:00:00,1161.091,1165.771,1156.929,1162.979,29.85511
2010.07.28 21:00:00,1163.021,1169.083,1159.025,1167.982,32.15217
2010.07.29 21:00:00,1167.858,1182.895,1165.048,1180.457,31.61764
2010.08.01 21:00:00,1181.097,1189.79,1174.217,1182.214,28.86929
2010.08.02 21:00:00,1182.258,1190.141,1178.554,1185.801,31.53517
2010.08.03 21:00:00,1185.662,1202.528,1184.045,1194.511,30.55901
2010.08.04 21:00:00,1194.453,1199.248,1189.741,1194.564,32.14105
2010.08.05 21:00:00,1194.428,1210.459,1191.58,1204.745,32.45497
2010.08.08 21:00:00,1204.098,1209.17,1198.858,1200.97,29.46651
2010.08.09 21:00:00,1200.97,1206.761,1190.438,1203.659,32.245
2010.08.10 21:00:00,1203.77,1207.397,1192.071,1197.506,31.7968
2010.08.11 21:00:00,1197.553,1214.932,1196.569,1213.363,33.89446
2010.08.12 21:00:00,1213.426,1217.228,1210.907,1215.055,33.58631
2010.08.15 21:00:00,1215.013,1226.998,1213.274,1224.72,30.34515
2010.08.16 21:00:00,1224.722,1228.089,1221.558,1224.387,33.06713
2010.08.17 21:00:00,1224.332,1232.009,1217.175,1228.883,32.01336
2010.08.18 21:00:00,1228.91,1236.937,1227.127,1231.587,33.44064
2010.08.19 21:00:00,1231.608,1233.199,1221.932,1227.548,34.30997
2010.08.22 21:00:00,1226.747,1231.326,1221.307,1225.508,31.03997
2010.08.23 21:00:00,1225.507,1235,1210.028,1230.004,34.26589
2010.08.24 21:00:00,1230.022,1240.894,1227.932,1239.52,32.88193
2010.08.25 21:00:00,1239.538,1243.912,1233.738,1237.03,36.15351
2010.08.26 21:00:00,1237.115,1241.803,1232.41,1237.571,35.32749
2010.08.29 21:00:00,1237.471,1238.132,1233.15,1236.374,32.10765
2010.08.30 21:00:00,1236.357,1249.491,1231.442,1247.075,35.21697
2010.08.31 21:00:00,1247.038,1254.303,1242.268,1243.709,34.08254
2010.09.01 21:00:00,1243.804,1252.844,1242.753,1250.582,35.72011
2010.09.02 21:00:00,1250.535,1253.522,1238.217,1246.147,36.44277
2010.09.05 21:00:00,1247.71,1250.604,1245.963,1249.454,32.03813
2010.09.06 21:00:00,1249.47,1258.593,1244.055,1255.116,36.34648
2010.09.07 21:00:00,1255.105,1261.836,1253.495,1254.521,34.46571
2010.09.08 21:00:00,1254.62,1258.511,1242.259,1243.303,38.70233
2010.09.09 21:00:00,1243.297,1250.153,1236.496,1245.764,37.58083
2010.09.12 21:00:00,1243.168,1248.579,1240.754,1245.074,34.86827
2010.09.13 21:00:00,1245.052,1274.288,1243.87,1267.667,38.33326
2010.09.14 21:00:00,1267.701,1271.559,1263.338,1267.545,37.27884
2010.09.15 21:00:00,1267.554,1277.511,1264.221,1274.683,38.82672
2010.09.16 21:00:00,1274.781,1282.343,1271.673,1273.733,39.71595
2010.09.19 21:00:00,1273.048,1283.159,1273.021,1278.033,36.29148
2010.09.20 21:00:00,1277.952,1290.001,1270.853,1286.555,38.82863
2010.09.21 21:00:00,1286.479,1295.883,1285.315,1290.768,38.38676
2010.09.22 21:00:00,1290.87,1295.728,1286.7,1291.899,40.92663
2010.09.23 21:00:00,1291.849,1299.454,1291.05,1295.951,40.58776
2010.09.26 21:00:00,1295.597,1299.551,1293.662,1293.773,36.71205
2010.09.27 21:00:00,1293.785,1309.472,1283.51,1308.554,39.87205
2010.09.28 21:00:00,1308.55,1312.904,1305.254,1309.29,38.83776
2010.09.29 21:00:00,1309.356,1315.179,1296.171,1307.89,40.35578
2010.09.30 21:00:00,1307.958,1319.757,1305.519,1318.475,41.23346
2010.10.03 21:00:00,1316.969,1319.74,1311.995,1314.738,39.04696
2010.10.04 21:00:00,1314.809,1341.27,1311.574,1340.239,40.67065
2010.10.05 21:00:00,1340.328,1349.363,1338.111,1348.378,41.19911
2010.10.06 21:00:00,1348.46,1364.45,1325.177,1332.923,41.49967
2010.10.07 21:00:00,1333.002,1349.406,1324.627,1345.06,43.34455
2010.10.10 21:00:00,1344.547,1354.847,1340.141,1353.488,38.54514
2010.10.11 21:00:00,1353.457,1354.871,1339.908,1349.787,42.17712
2010.10.12 21:00:00,1349.783,1373.563,1348.211,1371.736,40.76252
2010.10.13 21:00:00,1371.782,1386.367,1369.953,1380.501,43.01493
2010.10.14 21:00:00,1380.467,1384.974,1362.494,1367.881,43.59264
2010.10.17 21:00:00,1367.819,1374.557,1352.698,1367.936,40.53676
2010.10.18 21:00:00,1367.97,1370.444,1329.048,1331.387,42.78558
2010.10.19 21:00:00,1331.409,1346.634,1329.82,1345.777,42.59544
2010.10.20 21:00:00,1345.775,1348.638,1317.706,1325.048,43.99588
2010.10.21 21:00:00,1324.97,1328.158,1314.73,1327.902,45.22059
2010.10.24 21:00:00,1326.922,1348.563,1326.299,1339.4,40.23145
2010.10.25 21:00:00,1339.406,1343.154,1327.768,1339.923,44.05148
2010.10.26 21:00:00,1340,1343.166,1319.041,1324.836,42.45374
2010.10.27 21:00:00,1324.846,1345.118,1322.545,1343.591,45.20976
2010.10.28 21:00:00,1343.683,1358.869,1335.103,1358.798,45.78621
2010.10.31 21:00:00,1356.698,1365.168,1348.735,1353.381,42.54981
2010.11.01 21:00:00,1353.462,1359.262,1349.224,1357.016,45.76352
2010.11.02 21:00:00,1356.877,1363.796,1325.51,1347.981,45.20339
2010.11.03 21:00:00,1348.002,1393.018,1346.146,1392.006,47.39589
2010.11.04 21:00:00,1391.937,1397.689,1374.342,1393.074,48.99931
2010.11.07 22:00:00,1392.795,1409.897,1386.583,1409.01,43.07437
2010.11.08 22:00:00,1408.935,1423.9,1383.036,1392.422,46.87166
2010.11.09 22:00:00,1392.519,1409.636,1383.765,1403.435,45.59215
2010.11.10 22:00:00,1403.446,1417.559,1397.314,1408.038,48.06597
2010.11.11 22:00:00,1407.965,1409.542,1359.718,1368.074,44.83383
2010.11.14 22:00:00,1368.348,1376.76,1355.691,1360.17,36.97888
2010.11.15 22:00:00,1360.21,1364.528,1329.542,1339.16,34.88769
2010.11.16 22:00:00,1339.211,1344.781,1330.954,1335.692,28.69259
2010.11.17 22:00:00,1335.718,1359.192,1334.745,1352.731,25.7388
2010.11.18 22:00:00,1352.654,1362.321,1341.571,1352.872,25.81288
2010.11.21 22:00:00,1352.875,1367.393,1348.192,1366.275,26.89437
2010.11.22 22:00:00,1366.273,1382.398,1355.923,1375.792,29.82013
2010.11.23 22:00:00,1375.819,1381.321,1369.205,1372.775,23.38864
2010.11.24 22:00:00,1372.716,1374.925,1367.949,1374.249,11.28805
2010.11.25 22:00:00,1374.455,1374.544,1350.851,1361.943,21.60397
2010.11.28 22:00:00,1363.093,1369.244,1353.123,1366.001,25.99763
2010.11.29 22:00:00,1365.964,1389.746,1362.788,1385.237,26.19537
2010.11.30 22:00:00,1385.254,1396.895,1381.762,1387.592,30.97444
2010.12.01 22:00:00,1387.559,1398.484,1382.971,1385.011,28.06525
2010.12.02 22:00:00,1385.063,1415.315,1383.465,1413.412,26.39793
2010.12.05 22:00:00,1413.41,1427.286,1408.92,1423.506,23.63251
2010.12.06 22:00:00,1423.572,1430.943,1397.486,1401.673,26.62295
2010.12.07 22:00:00,1401.672,1403.878,1371.428,1381.475,26.46523
2010.12.08 22:00:00,1381.488,1394.225,1379.04,1386.496,24.08363
2010.12.09 22:00:00,1386.289,1392.1,1371.95,1385.44,22.53384
2010.12.12 22:00:00,1382.9,1399.249,1380.283,1393.795,19.44164
2010.12.13 22:00:00,1393.759,1407.934,1391.847,1395.694,14.91103
2010.12.14 22:00:00,1395.693,1396.91,1378.71,1380.392,18.86364
2010.12.15 22:00:00,1380.388,1386.31,1361.948,1369.277,20.39495
2010.12.16 22:00:00,1369.524,1378.723,1364.764,1374.877,24.01446
2010.12.19 22:00:00,1374.751,1388.034,1373.732,1385.032,20.05808
2010.12.20 22:00:00,1385.044,1392.064,1380.785,1385.067,17.56889
2010.12.21 22:00:00,1385.067,1390.933,1382.921,1385.05,15.60924
2010.12.22 22:00:00,1385.051,1388.169,1372.168,1379.303,11.93371
2010.12.23 22:00:00,1379.331,1384.795,1377.074,1383.843,7.36189
2010.12.26 22:00:00,1383.84,1386.226,1371.8,1383.189,11.02379
2010.12.27 22:00:00,1383.143,1406.783,1381.947,1405.344,16.6519
2010.12.28 22:00:00,1405.429,1414.021,1400.926,1411.04,16.28837
2010.12.29 22:00:00,1411.038,1414.556,1402.319,1404.22,15.0959
2010.12.30 22:00:00,1404.271,1420.923,1401.901,1418.881,15.85036
2011.01.02 22:00:00,1419.1,1423.774,1412.631,1414.177,18.34904
2011.01.03 22:00:00,1414.195,1417.192,1374.672,1380.067,23.89508
2011.01.04 22:00:00,1380.051,1384.755,1363.819,1377.878,22.32033
2011.01.05 22:00:00,1377.888,1379.793,1364.434,1371.059,23.40877
2011.01.06 22:00:00,1371.038,1378.75,1352.95,1368.8,25.76768
2011.01.09 22:00:00,1369,1376.176,1365.64,1375.22,18.61948
2011.01.10 22:00:00,1375.24,1386.529,1372.973,1381.053,20.00802
2011.01.11 22:00:00,1381.046,1388.771,1376.513,1387.222,23.17608
2011.01.12 22:00:00,1387.248,1392.973,1369.453,1373.054,23.55883
2011.01.13 22:00:00,1373.091,1378.044,1354.939,1361.581,25.28883
2011.01.16 22:00:00,1360.65,1365.741,1357.341,1362.228,15.52864
2011.01.17 22:00:00,1362.201,1376.183,1360.014,1367.998,22.63817
2011.01.18 22:00:00,1367.971,1379.206,1365.957,1369.468,24.39728
2011.01.19 22:00:00,1369.471,1371.262,1343.146,1345.632,23.8041
2011.01.20 22:00:00,1345.678,1350.28,1337.705,1342.282,26.75342
2011.01.23 22:00:00,1342.03,1353.004,1332.986,1333.91,20.73404
2011.01.24 22:00:00,1333.928,1338.472,1322.844,1332.237,23.89241
2011.01.25 22:00:00,1332.256,1346.693,1324.944,1345.865,20.53899
2011.01.26 22:00:00,1345.978,1347.909,1310.182,1313.334,22.4091
2011.01.27 22:00:00,1313.453,1347.029,1308.232,1336.552,28.75519
2011.01.30 22:00:00,1338.005,1345.762,1323.005,1332.351,26.32322
2011.01.31 22:00:00,1332.277,1342.934,1325.229,1341.124,20.67336
2011.02.01 22:00:00,1341.128,1342.939,1326.535,1334.876,20.79063
2011.02.02 22:00:00,1334.854,1355.789,1325.303,1354.26,20.72497
2011.02.03 22:00:00,1354.198,1358.03,1345.28,1348.473,22.14126
2011.02.06 22:00:00,1348.23,1353.061,1343.08,1351.055,15.04315
2011.02.07 22:00:00,1350.873,1368.016,1348.611,1363.66,15.0154
2011.02.08 22:00:00,1363.269,1366.896,1357.818,1363.325,13.60241
2011.02.09 22:00:00,1363.116,1366.127,1351.69,1363.55,16.23744
2011.02.10 22:00:00,1363.547,1368.351,1353.922,1356.459,19.93873
2011.02.13 22:00:00,1355.924,1366.704,1353.939,1361.58,18.32626
2011.02.14 22:00:00,1361.579,1376.617,1357.775,1373.481,18.70344
2011.02.15 22:00:00,1373.507,1381.996,1368.348,1374.059,20.99118
2011.02.16 22:00:00,1374.056,1384.927,1373.691,1383.801,16.88142
2011.02.17 22:00:00,1383.79,1392,1381.623,1389.873,21.87307
2011.02.20 22:00:00,1388.481,1408.291,1388.264,1405.665,14.68737
2011.02.21 22:00:00,1405.635,1410.73,1392.766,1398.844,26.58505
2011.02.22 22:00:00,1398.803,1416.622,1395.464,1411.294,21.82611
2011.02.23 22:00:00,1411.302,1418.157,1395.19,1402.021,23.32882
2011.02.24 22:00:00,1402.073,1411.601,1399.714,1410.23,21.08478
2011.02.27 22:00:00,1409.001,1416.405,1404.73,1410.939,22.56164
2011.02.28 22:00:00,1410.947,1434.904,1409.259,1433.429,21.43868
2011.03.01 22:00:00,1433.414,1440.167,1427.706,1434.09,22.32502
2011.03.02 22:00:00,1434.092,1436.302,1410.181,1415.406,22.32571
2011.03.03 22:00:00,1415.419,1432.15,1413.854,1430.722,18.76397
2011.03.06 22:00:00,1431.2,1444.44,1427.632,1431.103,22.91063
2011.03.07 22:00:00,1431.327,1436.76,1423.146,1428.635,24.41342
2011.03.08 22:00:00,1428.633,1436.189,1423.046,1430.184,24.73428
2011.03.09 22:00:00,1429.872,1431.486,1402.75,1411.243,31.01599
2011.03.10 22:00:00,1411.278,1424.275,1404.494,1417.631,36.24671
2011.03.13 21:00:00,1417.102,1431.551,1416.598,1426.202,28.73054
2011.03.14 21:00:00,1426.261,1429.047,1382.604,1395.24,42.63336
2011.03.15 21:00:00,1395.233,1406.017,1392.3,1398.717,34.39224
2011.03.16 21:00:00,1398.738,1405.13,1386.658,1403.52,37.17124
2011.03.17 21:00:00,1403.52,1423.93,1402.02,1418.17,32.18036
2011.03.20 21:00:00,1418.031,1434.804,1417.976,1427.487,23.52996
2011.03.21 21:00:00,1427.457,1432.06,1419.458,1427.59,24.32207
2011.03.22 21:00:00,1427.628,1440.979,1425.64,1437.118,22.61656
2011.03.23 21:00:00,1437.163,1447.701,1423.821,1430.374,28.10434
2011.03.24 21:00:00,1430.248,1437.782,1422.449,1429.561,23.21571
2011.03.27 21:00:00,1429.306,1429.42,1410.155,1420.286,17.04536
2011.03.28 21:00:00,1420.342,1423.251,1411.051,1418.282,15.08039
2011.03.29 21:00:00,1418.258,1429.82,1411.845,1422.722,18.15158
2011.03.30 21:00:00,1422.77,1439.478,1420.424,1431.968,19.07811
2011.03.31 21:00:00,1431.992,1436.018,1413.108,1428.534,22.77268
2011.04.03 21:00:00,1428.145,1438.681,1427.133,1433.528,12.89501
2011.04.04 21:00:00,1433.531,1457.05,1429.833,1455.514,19.77081
2011.04.05 21:00:00,1455.509,1462.186,1451.004,1459.54,22.54843
2011.04.06 21:00:00,1459.524,1464.695,1452.558,1457.907,19.31276
2011.04.07 21:00:00,1457.881,1475.012,1456.324,1474.558,20.52892
2011.04.10 21:00:00,1474.495,1476.261,1459.273,1462.968,20.37432
2011.04.11 21:00:00,1462.946,1467.037,1445.543,1452.803,23.48462
2011.04.12 21:00:00,1452.725,1462.015,1451.067,1457.134,21.8414
2011.04.13 21:00:00,1457.107,1474.687,1452.276,1473.953,23.775
2011.04.14 21:00:00,1473.914,1487.92,1471.42,1486.572,23.99185
2011.04.17 21:00:00,1485.575,1497.612,1477.32,1495.062,25.2815
2011.04.18 21:00:00,1495.036,1499.603,1487.515,1496.011,22.72691
2011.04.19 21:00:00,1496.034,1505.82,1493.111,1501.989,25.5698
2011.04.20 21:00:00,1501.96,1508.961,1500.548,1504.607,23.19549
2011.04.21 21:00:00,1504.569,1510.522,1501.227,1507.248,17.63027
2011.04.24 21:00:00,1509.152,1518.113,1501.904,1506.695,24.37226
2011.04.25 21:00:00,1506.773,1507.905,1492.995,1506.056,23.02973
2011.04.26 21:00:00,1506.083,1530.066,1503.023,1526.725,29.69922
2011.04.27 21:00:00,1526.72,1538.353,1524.057,1535.492,26.69842
2011.04.28 21:00:00,1535.062,1569.33,1531.763,1562.823,26.35222
2011.05.01 21:00:00,1563.348,1576.415,1540.201,1544.985,43.67278
2011.05.02 21:00:00,1545.012,1550.996,1526.985,1535.742,42.20135
2011.05.03 21:00:00,1535.173,1543.218,1506.031,1516.045,39.60691
2011.05.04 21:00:00,1515.974,1521.904,1462.394,1474.021,43.41948
2011.05.05 21:00:00,1473.864,1498.284,1470.907,1495.273,46.79574
2011.05.08 21:00:00,1493.851,1513.853,1489.87,1513.393,30.92651
2011.05.09 21:00:00,1513.407,1519.328,1505.837,1515.963,29.14669
2011.05.10 21:00:00,1515.93,1526.37,1495.549,1501.024,35.16936
2011.05.11 21:00:00,1500.99,1507.86,1478.344,1505.558,41.26759
2011.05.12 21:00:00,1505.464,1516.47,1482.79,1494.923,42.55412
2011.05.15 21:00:00,1493.066,1504.379,1487.18,1489.027,34.66347
2011.05.16 21:00:00,1488.893,1497.568,1471.719,1486.571,36.75834
2011.05.17 21:00:00,1486.548,1499.823,1484.85,1497.019,32.32992
2011.05.18 21:00:00,1497.003,1499.607,1486.225,1493.059,31.4802
2011.05.19 21:00:00,1493.067,1515.806,1486.947,1511.875,36.88249
2011.05.22 21:00:00,1511.601,1517.647,1503.883,1516.805,34.96429
2011.05.23 21:00:00,1516.875,1527.566,1513.168,1526.453,29.46039
2011.05.24 21:00:00,1526.518,1532.183,1521.152,1525.124,28.56305
2011.05.25 21:00:00,1525.175,1530.876,1514.625,1518.903,32.62841
2011.05.26 21:00:00,1518.841,1538.285,1517.548,1536.123,24.8123
2011.05.29 21:00:00,1534.648,1539.165,1533.779,1537.498,11.07453
2011.05.30 21:00:00,1537.496,1540.715,1532.204,1535.139,27.86129
2011.05.31 21:00:00,1535.246,1550.39,1529.415,1539.11,32.39874
2011.06.01 21:00:00,1539.635,1544.39,1519.716,1533.367,29.72614
2011.06.02 21:00:00,1533.346,1545.628,1523.998,1541.902,32.63069
2011.06.05 21:00:00,1541.333,1553.46,1540.809,1544.424,24.19605
2011.06.06 21:00:00,1544.424,1550.135,1536.157,1543.974,25.23217
2011.06.07 21:00:00,1543.961,1546.252,1530.813,1537.393,27.85659
2011.06.08 21:00:00,1537.377,1549.456,1533.189,1543.866,24.99793
2011.06.09 21:00:00,1543.813,1545.253,1525.88,1531.273,26.8802
2011.06.12 21:00:00,1530.601,1532.681,1511.221,1515.753,26.70263
2011.06.13 21:00:00,1515.795,1526.039,1512.022,1523.597,27.46148
2011.06.14 21:00:00,1523.602,1533.968,1513.954,1530.672,32.85771
2011.06.15 21:00:00,1530.675,1532.856,1521.998,1529.556,31.32245
2011.06.16 21:00:00,1529.534,1542.068,1522.492,1539.158,27.76728
2011.06.19 21:00:00,1538.202,1546.233,1532.888,1540.42,22.64432
2011.06.20 21:00:00,1540.475,1548.027,1538.507,1546.084,22.4082
2011.06.21 21:00:00,1546.107,1558.06,1541.259,1548.733,24.68276
2011.06.22 21:00:00,1548.764,1548.802,1512.872,1521.091,33.42429
2011.06.23 21:00:00,1521.08,1525.573,1498.423,1502.373,34.30018
2011.06.26 21:00:00,1499.367,1505.391,1490.958,1497.805,28.34891
2011.06.27 21:00:00,1497.72,1506.284,1495.636,1501.207,25.57721
2011.06.28 21:00:00,1501.207,1513.086,1500.201,1512.043,24.97263
2011.06.29 21:00:00,1512.115,1513.881,1498.535,1500.06,26.18221
2011.06.30 21:00:00,1499.981,1502.547,1478.038,1487.513,28.15172
2011.07.03 21:00:00,1485.626,1496.531,1485.064,1495.304,11.48271
2011.07.04 21:00:00,1495.312,1516.436,1493.225,1515.767,22.16648
2011.07.05 21:00:00,1515.718,1533.685,1510.168,1528.739,25.73308
2011.07.06 21:00:00,1528.733,1534.471,1522.837,1532.075,26.60769
2011.07.07 21:00:00,1531.902,1545.455,1524.75,1543.897,25.01449
2011.07.10 21:00:00,1543.351,1556.85,1541.573,1553.412,24.6897
2011.07.11 21:00:00,1553.275,1573.471,1540.695,1567.596,33.72608
2011.07.12 21:00:00,1567.581,1587.827,1564.24,1582.12,32.63153
2011.07.13 21:00:00,1582.125,1594.334,1578.82,1587.088,36.78685
2011.07.14 21:00:00,1586.964,1593.89,1576.058,1593.397,29.41461
2011.07.17 21:00:00,1593.098,1607.309,1591.636,1604.653,26.45352
2011.07.18 21:00:00,1604.615,1609.928,1582.366,1588.216,31.07572
2011.07.19 21:00:00,1588.201,1601.422,1581.223,1600.296,30.9077
2011.07.20 21:00:00,1600.298,1604.473,1584.698,1590.469,34.06415
2011.07.21 21:00:00,1590.472,1607.323,1583.813,1601.173,28.16154
2011.07.24 21:00:00,1599.688,1623.273,1598.293,1613.968,29.23012
2011.07.25 21:00:00,1613.923,1620.33,1608.034,1619.061,26.73606
2011.07.26 21:00:00,1619.06,1628.439,1608.78,1613.443,27.59847
2011.07.27 21:00:00,1613.423,1619.956,1602.896,1615.838,25.981
2011.07.28 21:00:00,1615.834,1632.513,1610.575,1626.856,30.43847
2011.07.31 21:00:00,1626.4,1631.854,1607.74,1619.325,32.54663
2011.08.01 21:00:00,1619.36,1659.074,1616.37,1659.046,31.62815
2011.08.02 21:00:00,1659.071,1672.574,1651.909,1661.483,35.42186
2011.08.03 21:00:00,1661.489,1682.073,1640.73,1646.448,49.10446
2011.08.04 21:00:00,1646.569,1670.193,1641.53,1663.523,49.40515
2011.08.07 21:00:00,1662.052,1720.216,1659.099,1718.613,45.12686
2011.08.08 21:00:00,1718.65,1779.324,1715.059,1740.5,66.17738
2011.08.09 21:00:00,1740.189,1797.229,1738.344,1792.742,58.80472
2011.08.10 21:00:00,1792.73,1812.799,1732.287,1763.921,66.1983
2011.08.11 21:00:00,1763.915,1767.908,1723.073,1746.516,50.56246
2011.08.14 21:00:00,1745.603,1765.985,1728.02,1765.342,36.65941
2011.08.15 21:00:00,1765.36,1787.072,1761.074,1785.263,38.53478
2011.08.16 21:00:00,1785.301,1794.66,1779.295,1791.052,29.91277
2011.08.17 21:00:00,1791.054,1828.671,1783.896,1823.572,39.41702
2011.08.18 21:00:00,1823.566,1877.373,1821.631,1851.644,55.82939
2011.08.21 21:00:00,1851.407,1898.215,1851.165,1897.133,57.25951
2011.08.22 21:00:00,1897.236,1911.754,1822.896,1827.976,65.34206
2011.08.23 21:00:00,1827.949,1853.909,1749.662,1758.638,65.88186
2011.08.24 21:00:00,1758.657,1774.523,1703.14,1774.405,78.30998
2011.08.25 21:00:00,1774.415,1827.623,1757.101,1827.457,69.89865
2011.08.28 21:00:00,1828.198,1834.166,1775.785,1787.973,54.987
2011.08.29 21:00:00,1788.089,1839.718,1783.783,1835.149,50.69699
2011.08.30 21:00:00,1835.131,1839.796,1812.2,1825.55,46.26913
2011.08.31 21:00:00,1825.532,1830.53,1813.957,1825.895,37.76454
2011.09.01 21:00:00,1825.469,1884.47,1823.797,1882.555,37.21091
2011.09.04 21:00:00,1883.561,1902.753,1874.328,1898.864,31.55023
2011.09.05 21:00:00,1898.335,1920.662,1863,1874.767,60.74282
2011.09.06 21:00:00,1874.753,1880.388,1793.216,1817.271,58.26055
2011.09.07 21:00:00,1817.317,1870.481,1813.56,1869.987,53.42621
2011.09.08 21:00:00,1870.006,1885.876,1824.619,1855.317,57.13135
2011.09.11 21:00:00,1856.772,1861.284,1801.303,1814.867,57.047
2011.09.12 21:00:00,1814.902,1843.767,1800.322,1833.533,55.36581
2011.09.13 21:00:00,1833.554,1844.582,1808.751,1819.552,48.6058
2011.09.14 21:00:00,1819.57,1826.305,1772.663,1788.415,50.38914
2011.09.15 21:00:00,1788.38,1821.173,1762.573,1811.523,47.93466
2011.09.18 21:00:00,1810.801,1827.08,1770.435,1778.587,45.03111
2011.09.19 21:00:00,1778.619,1811.408,1769.824,1803.376,45.21845
2011.09.20 21:00:00,1803.402,1816.524,1778.501,1781.9,48.5879
2011.09.21 21:00:00,1781.918,1786.069,1721.019,1739.949,62.70096
2011.09.22 21:00:00,1739.905,1755.126,1628.912,1656.135,69.74095
2011.09.25 21:00:00,1655.053,1663.515,1535.456,1626.346,80.29333
2011.09.26 21:00:00,1626.479,1677.15,1614.789,1650.505,65.7971
2011.09.27 21:00:00,1650.578,1668.825,1598.522,1608.921,61.96113
2011.09.28 21:00:00,1608.948,1634.66,1582.862,1614.478,63.46262
2011.09.29 21:00:00,1614.489,1640.356,1606.677,1623.529,52.90266
2011.10.02 21:00:00,1623.002,1664.182,1621.521,1658.465,47.42188
2011.10.03 21:00:00,1658.468,1678.317,1595.758,1623.797,58.53136
2011.10.04 21:00:00,1623.747,1646.549,1597.563,1640.765,54.02528
2011.10.05 21:00:00,1640.777,1654.976,1631.617,1651.025,44.55508
2011.10.06 21:00:00,1650.737,1665.864,1625.944,1637.473,43.02405
2011.10.09 21:00:00,1637.083,1677.535,1636.829,1676.42,32.52607
2011.10.10 21:00:00,1676.432,1684.571,1654.683,1662.105,42.57695
2011.10.11 21:00:00,1662.092,1691.978,1660.455,1675.972,43.73065
2011.10.12 21:00:00,1676.029,1684.403,1653.446,1667.832,42.39357
2011.10.13 21:00:00,1667.296,1683.687,1661.122,1680.446,35.8592
2011.10.16 21:00:00,1679.188,1694.662,1665.579,1670.52,42.02292
2011.10.17 21:00:00,1670.503,1676.578,1626.846,1657.455,47.54075
2011.10.18 21:00:00,1657.348,1665.136,1639.768,1640.154,43.06905
2011.10.19 21:00:00,1640.195,1644.413,1603.723,1620.652,51.48701
2011.10.20 21:00:00,1620.663,1648.454,1611.368,1641.584,43.32283
2011.10.23 21:00:00,1640.142,1661.67,1635.45,1653.279,38.84276
2011.10.24 21:00:00,1653.32,1708.932,1643.742,1704.931,43.336
2011.10.25 21:00:00,1704.946,1726.605,1694.978,1724.383,44.03972
2011.10.26 21:00:00,1724.349,1749.885,1705.948,1744.13,48.00384
2011.10.27 21:00:00,1744.115,1752.39,1732.37,1742.914,41.45988
2011.10.30 21:00:00,1739.168,1744.837,1705.339,1714.494,44.23355
2011.10.31 21:00:00,1714.861,1724.154,1682.452,1719.169,50.15608
2011.11.01 21:00:00,1719.166,1744.146,1714.293,1737.875,44.63876
2011.11.02 21:00:00,1737.874,1767.197,1722.686,1763.156,45.43405
2011.11.03 21:00:00,1763.24,1763.921,1749.049,1753.905,39.10768
2011.11.06 22:00:00,1753.578,1798.403,1751.967,1794.818,36.75044
2011.11.07 22:00:00,1794.517,1802.903,1777.047,1785.873,38.26227
2011.11.08 22:00:00,1785.679,1799.501,1764.068,1769.629,48.16605
2011.11.09 22:00:00,1769.361,1775.293,1736.799,1758.157,48.1876
2011.11.10 22:00:00,1758.169,1788.298,1746.4,1785.226,41.93751
2011.11.13 22:00:00,1787.118,1795.82,1773.878,1780.154,37.18029
2011.11.14 22:00:00,1779.877,1785.618,1760.339,1780.607,43.3914
2011.11.15 22:00:00,1780.676,1783.532,1753.592,1763.169,48.49144
2011.11.16 22:00:00,1762.937,1766.95,1711.481,1721.099,48.43102
2011.11.17 22:00:00,1720.885,1737.477,1711.12,1723.347,42.39882
2011.11.20 22:00:00,1723.292,1726.388,1666.575,1677.08,51.12812
2011.11.21 22:00:00,1676.88,1705.513,1671.901,1699.205,52.20689
2011.11.22 22:00:00,1699.273,1710.107,1677.286,1691.973,50.54682
2011.11.23 22:00:00,1691.645,1701.842,1687.453,1694.347,28.10898
2011.11.24 22:00:00,1694.422,1697.62,1671.869,1681.517,38.01627
2011.11.27 22:00:00,1683.371,1720.242,1683.324,1712.214,41.87493
2011.11.28 22:00:00,1712.226,1720.131,1703.571,1715.207,42.44421
2011.11.29 22:00:00,1714.984,1750.194,1700.951,1746.067,51.48416
2011.11.30 22:00:00,1746.131,1754.114,1733.507,1744.565,44.07619
2011.12.01 22:00:00,1744.116,1760.708,1737.96,1746.259,42.86049
2011.12.04 22:00:00,1744.831,1754.592,1717.712,1722.394,46.01868
2011.12.05 22:00:00,1721.879,1732.924,1702.049,1728.505,53.69884
2011.12.06 22:00:00,1728.297,1742.648,1720.159,1741.664,46.6605
2011.12.07 22:00:00,1741.394,1754.966,1704.552,1708.098,50.40719
2011.12.08 22:00:00,1708.127,1723.934,1703.444,1711.702,51.91016
2011.12.11 22:00:00,1709.552,1714.68,1657.23,1666.229,54.61176
2011.12.12 22:00:00,1665.752,1677.543,1622.272,1630.961,64.76637
2011.12.13 22:00:00,1630.969,1641.39,1563.787,1573.618,76.56398
2011.12.14 22:00:00,1573.623,1593.853,1561.377,1570.079,68.89305
2011.12.15 22:00:00,1570.044,1601.083,1568.602,1598.409,60.73556
2011.12.18 22:00:00,1597.933,1607.998,1583.316,1594.26,32.09112
2011.12.19 22:00:00,1594.301,1618.359,1589.282,1615.127,27.61028
2011.12.20 22:00:00,1615.09,1641.662,1605.917,1614.776,26.2424
2011.12.21 22:00:00,1614.762,1616.828,1598.521,1605.746,25.1914
2011.12.22 22:00:00,1605.734,1613.727,1602.809,1606.578,16.6643
2011.12.26 22:00:00,1603.905,1605.232,1589.508,1592.727,17.76516
2011.12.27 22:00:00,1592.284,1592.93,1549.562,1556.503,27.169
2011.12.28 22:00:00,1556.612,1561.037,1522.643,1545.33,27.06978
2011.12.29 22:00:00,1545.292,1581.329,1544.301,1565.21,20.1158
2012.01.01 22:00:00,1565.057,1565.15,1563.818,1564.283,0.2096
2012.01.02 22:00:00,1564.258,1607.338,1564.043,1603.703,24.04296
2012.01.03 22:00:00,1603.653,1618.452,1592.843,1611.793,29.5953
2012.01.04 22:00:00,1611.877,1625.562,1596.752,1622.463,32.7757
2012.01.05 22:00:00,1622.248,1630.871,1608.643,1616.695,25.818
2012.01.08 22:00:00,1616.057,1623.683,1605.043,1610.853,32.7629
2012.01.09 22:00:00,1610.366,1640.123,1606.501,1632.379,27.4141
2012.01.10 22:00:00,1631.86,1647.123,1630.073,1641.453,28.7235
2012.01.11 22:00:00,1640.974,1661.953,1640.103,1649.633,29.858
2012.01.12 22:00:00,1649.75,1649.802,1625.263,1638.743,32.9565
2012.01.15 22:00:00,1638.211,1646.996,1631.395,1643.166,19.6294
2012.01.16 22:00:00,1643.13,1667.681,1640.758,1651.955,31.7545
2012.01.17 22:00:00,1651.955,1662.252,1642.751,1659.503,36.2502
2012.01.18 22:00:00,1659.563,1669.54,1649.135,1658.363,32.9098
2012.01.19 22:00:00,1658.35,1666.952,1644.943,1666.143,27.272
2012.01.22 22:00:00,1665.829,1681.423,1662.556,1676.293,22.06354
2012.01.23 22:00:00,1676.317,1679.552,1661.48,1664.923,25.35182
2012.01.24 22:00:00,1664.854,1713.052,1649.054,1710.473,31.626
2012.01.25 22:00:00,1710.21,1730.312,1703.299,1719.852,29.8302
2012.01.26 22:00:00,1719.889,1739.385,1714.264,1738.651,29.1434
2012.01.29 22:00:00,1737.648,1739.793,1716.271,1729.463,34.31846
2012.01.30 22:00:00,1729.493,1747.647,1727.087,1737.283,38.85036
2012.01.31 22:00:00,1737.387,1751.15,1732.576,1743.453,41.93596
2012.02.01 22:00:00,1743.659,1761.052,1740.99,1759.163,33.07496
2012.02.02 22:00:00,1758.514,1763.188,1723.682,1725.843,31.1442
2012.02.05 22:00:00,1724.75,1738.052,1711.852,1720.052,31.56452
2012.02.06 22:00:00,1720.053,1749.852,1710.103,1745.003,30.50596
2012.02.07 22:00:00,1744.614,1752.063,1724.977,1732.863,31.1753
2012.02.08 22:00:00,1732.6,1751.652,1725.847,1728.923,35.5029
2012.02.09 22:00:00,1728.45,1734.581,1704.66,1721.473,33.96682
2012.02.12 22:00:00,1721.041,1733.303,1716.093,1722.013,30.44094
2012.02.13 22:00:00,1721.714,1727.678,1712.048,1720.053,33.39812
2012.02.14 22:00:00,1719.89,1737.343,1718.363,1727.913,30.85626
2012.02.15 22:00:00,1727.714,1729.853,1705.277,1727.903,32.0086
2012.02.16 22:00:00,1727.933,1735.452,1717.102,1723.063,25.12946
2012.02.19 22:00:00,1722.117,1737.142,1721.895,1733.317,19.5954
2012.02.20 22:00:00,1733.346,1760.052,1730.956,1758.914,26.11986
2012.02.21 22:00:00,1759.203,1781.652,1749.323,1776.053,26.18078
2012.02.22 22:00:00,1775.814,1787.352,1772.226,1780.464,28.51096
2012.02.23 22:00:00,1780.433,1782.804,1770.405,1771.993,28.34854
2012.02.26 22:00:00,1772.017,1779.362,1761.923,1767.293,27.74008
2012.02.27 22:00:00,1767.243,1789.652,1765.847,1783.893,26.9596
2012.02.28 22:00:00,1783.973,1790.608,1688.724,1696.481,33.62042
2012.02.29 22:00:00,1696.481,1725.775,1693.205,1717.703,39.71106
2012.03.01 22:00:00,1717.567,1724.093,1705.348,1712.203,31.8627
2012.03.04 22:00:00,1710.501,1716.713,1694.702,1706.013,34.0325
2012.03.05 22:00:00,1706.033,1708.911,1663.723,1674.243,35.3973
2012.03.06 22:00:00,1673.864,1688.092,1671.147,1684.553,29.81798
2012.03.07 22:00:00,1684.514,1703.903,1682.376,1699.803,28.94398
2012.03.08 22:00:00,1699.519,1714.752,1676.648,1713.713,29.62114
2012.03.11 21:00:00,1713.247,1716.497,1692.762,1700.97,27.2708
2012.03.12 21:00:00,1700.97,1705.643,1662.703,1673.154,34.27832
2012.03.13 21:00:00,1673.182,1682.249,1634.456,1644.167,34.3696
2012.03.14 21:00:00,1644.384,1666.496,1636.018,1657.963,30.14376
2012.03.15 21:00:00,1657.995,1664.713,1639.557,1659.314,28.81358
2012.03.18 21:00:00,1658.932,1668.952,1652.247,1663.864,21.4325
2012.03.19 21:00:00,1663.864,1664.556,1641.648,1650.505,26.54662
2012.03.20 21:00:00,1650.484,1661.852,1646.555,1650.049,30.55362
2012.03.21 21:00:00,1650.313,1656.269,1628.121,1645.541,43.7958
2012.03.22 21:00:00,1645.564,1666.472,1642.083,1661.264,36.70596
2012.03.25 21:00:00,1660.461,1693.552,1655.551,1689.722,35.58678
2012.03.26 21:00:00,1689.719,1696.623,1679.603,1680.264,33.3377
2012.03.27 21:00:00,1680.264,1684.313,1654.453,1662.988,40.20108
2012.03.28 21:00:00,1662.948,1664.947,1645.199,1661.167,36.1211
2012.03.29 21:00:00,1661.167,1670.921,1659.675,1667.889,34.7557
2012.04.01 21:00:00,1667.417,1683.405,1662.832,1677.084,30.77584
2012.04.02 21:00:00,1677.106,1680.912,1639.14,1645.386,36.9032
2012.04.03 21:00:00,1645.386,1647.892,1612.347,1620.212,44.35472
2012.04.04 21:00:00,1620.212,1633.357,1618.29,1630.614,25.18702
2012.04.05 21:00:00,1630.942,1641.95,1627.417,1638.402,9.69632
2012.04.08 21:00:00,1630.018,1648.702,1629.479,1639.813,29.25162
2012.04.09 21:00:00,1639.801,1662.852,1631.877,1659.544,41.27922
2012.04.10 21:00:00,1659.874,1662.442,1652.897,1658.495,34.77216
2012.04.11 21:00:00,1658.638,1679.952,1651.182,1675.358,37.66592
2012.04.12 21:00:00,1675.344,1677.856,1649.248,1657.516,34.68796
2012.04.15 21:00:00,1657.317,1657.552,1641.238,1651.582,36.25078
2012.04.16 21:00:00,1651.606,1656.792,1634.561,1648.659,33.10642
2012.04.17 21:00:00,1649.199,1654.311,1637.862,1642.039,34.18382
2012.04.18 21:00:00,1642.033,1653.552,1631.223,1642.503,37.69784
2012.04.19 21:00:00,1642.505,1646.852,1638.507,1642.464,27.27836
2012.04.22 21:00:00,1642.017,1643.207,1623.444,1638.39,35.756
2012.04.23 21:00:00,1638.503,1649.152,1633.96,1641.675,32.76742
2012.04.24 21:00:00,1641.672,1646.252,1625.252,1643.271,34.71784
2012.04.25 21:00:00,1643.264,1660.752,1641.852,1656.914,36.66492
2012.04.26 21:00:00,1656.914,1667.352,1650.486,1662.44,35.5303
2012.04.29 21:00:00,1661.617,1666.152,1648.404,1664.464,26.20732
2012.04.30 21:00:00,1664.464,1671.502,1658.098,1662.024,21.18882
2012.05.01 21:00:00,1662.013,1663.073,1647.058,1653.082,29.79938
2012.05.02 21:00:00,1653.085,1653.714,1631.148,1635.652,30.42684
2012.05.03 21:00:00,1635.613,1646.961,1626.631,1641.814,30.8666
2012.05.06 21:00:00,1643.017,1643.019,1633.093,1638.115,29.2063
2012.05.07 21:00:00,1638.117,1638.931,1595.347,1605.064,37.65272
2012.05.08 21:00:00,1605.064,1606.312,1579.692,1589.214,44.35122
2012.05.09 21:00:00,1589.206,1601.77,1585.686,1593.796,35.17132
2012.05.10 21:00:00,1593.785,1594.952,1573.6,1578.665,33.48694
2012.05.13 21:00:00,1578.717,1585.652,1555.815,1556.134,35.5497
2012.05.14 21:00:00,1556.151,1563.974,1541.456,1543.598,34.89152
2012.05.15 21:00:00,1543.605,1552.242,1526.925,1539.089,43.8272
2012.05.16 21:00:00,1539.133,1579.803,1538.402,1573.808,43.8318
2012.05.17 21:00:00,1573.797,1597.608,1567.933,1592.515,45.26074
2012.05.20 21:00:00,1592.74,1599.144,1584.813,1592.918,36.0509
2012.05.21 21:00:00,1592.893,1594.352,1561.379,1567.967,39.88954
2012.05.22 21:00:00,1567.968,1568.608,1533.294,1560.969,52.00498
2012.05.23 21:00:00,1560.972,1577.883,1551.557,1559.052,46.4748
2012.05.24 21:00:00,1558.931,1574.133,1551.334,1572.076,39.65482
2012.05.27 21:00:00,1572.017,1583.944,1571.45,1572.993,25.28546
2012.05.28 21:00:00,1572.818,1582.653,1548.629,1554.715,42.3328
2012.05.29 21:00:00,1555.022,1569.452,1532.659,1562.665,46.50244
2012.05.30 21:00:00,1562.64,1572.963,1552.123,1560.421,44.1188
2012.05.31 21:00:00,1560.413,1629.718,1544.973,1623.914,53.75738
2012.06.03 21:00:00,1623.35,1628.08,1608.652,1618.585,45.01296
2012.06.04 21:00:00,1618.662,1623.569,1612.244,1616.779,40.31374
2012.06.05 21:00:00,1616.796,1640.943,1613.359,1619.051,48.27258
2012.06.06 21:00:00,1619.051,1629.113,1579.173,1589.207,48.14982
2012.06.07 21:00:00,1589.209,1595.052,1564.215,1592.815,44.32402
2012.06.10 21:00:00,1593.072,1608.121,1581.733,1596.218,45.5031
2012.06.11 21:00:00,1596.156,1617.583,1586.162,1609.1,48.63396
2012.06.12 21:00:00,1609.5,1624.657,1606.033,1616.529,36.71858
2012.06.13 21:00:00,1616.532,1627.852,1609.878,1623.064,39.11
2012.06.14 21:00:00,1623.227,1632.473,1619.87,1626.692,34.15112
2012.06.17 21:00:00,1626.683,1630.045,1607.767,1627.789,37.45172
2012.06.18 21:00:00,1627.799,1633.173,1617.383,1618.025,40.94646
2012.06.19 21:00:00,1618.031,1622.513,1590.917,1606.992,46.84968
2012.06.20 21:00:00,1606.997,1607.208,1564.373,1565.759,50.3379
2012.06.21 21:00:00,1565.542,1573.352,1558.46,1571.79,39.66398
2012.06.24 21:00:00,1571.918,1588.285,1566.279,1583.995,38.43744
2012.06.25 21:00:00,1583.982,1586.903,1567.773,1572.477,38.61232
2012.06.26 21:00:00,1572.482,1581.771,1562.677,1574.052,36.84426
2012.06.27 21:00:00,1574.09,1578.953,1548,1552.209,40.28852
2012.06.28 21:00:00,1552.045,1606.933,1550.89,1597.065,48.56548
2012.07.01 21:00:00,1597.367,1602.065,1587.178,1596.772,37.3358
2012.07.02 21:00:00,1596.88,1624.777,1594.848,1616.967,39.29122
2012.07.03 21:00:00,1616.975,1620.252,1611.503,1614.898,23.4346
2012.07.04 21:00:00,1614.875,1623.653,1597.613,1604.175,38.31758
2012.07.05 21:00:00,1604.165,1609.21,1576.445,1583.115,40.03432
2012.07.08 21:00:00,1582.389,1592.852,1576.698,1587.222,32.42128
2012.07.09 21:00:00,1587.214,1601.183,1564.482,1566.799,37.91278
2012.07.10 21:00:00,1566.818,1583.059,1565.195,1575.641,35.4562
2012.07.11 21:00:00,1575.968,1577.881,1554.944,1571.635,40.31026
2012.07.12 21:00:00,1571.636,1596.752,1565.931,1588.915,35.78508
2012.07.15 21:00:00,1587.817,1594.853,1578.501,1589.183,32.1794
2012.07.16 21:00:00,1589.239,1598.452,1571.573,1582.964,40.23042
2012.07.17 21:00:00,1582.815,1585.964,1567.731,1573.037,37.08772
2012.07.18 21:00:00,1573.037,1591.494,1572.217,1580.872,34.09544
2012.07.19 21:00:00,1580.872,1586.984,1573.652,1583.949,40.54888
2012.07.22 21:00:00,1582.617,1583.45,1563.185,1576.551,40.84978
2012.07.23 21:00:00,1576.55,1584.363,1568.841,1580.774,40.52114
2012.07.24 21:00:00,1580.767,1610.414,1578.317,1604.04,48.4776
2012.07.25 21:00:00,1604.177,1621.753,1601.245,1615.417,42.52992
2012.07.26 21:00:00,1615.409,1629.483,1611.753,1622.764,41.3397
2012.07.29 21:00:00,1622.602,1626.114,1614.353,1621.715,29.1856
2012.07.30 21:00:00,1621.731,1627.933,1610.846,1614.203,42.93486
2012.07.31 21:00:00,1614.217,1618.601,1592.306,1599.246,42.6739
2012.08.01 21:00:00,1599.581,1613.152,1584.553,1587.454,37.0769
2012.08.02 21:00:00,1587.424,1606.683,1586.36,1602.614,37.2545
2012.08.05 21:00:00,1602.649,1615.347,1601.209,1610.404,31.31372
2012.08.06 21:00:00,1610.509,1618.452,1608.885,1611.979,31.3509
2012.08.07 21:00:00,1611.97,1616.783,1603.336,1612.208,35.75108
2012.08.08 21:00:00,1612.196,1618.352,1609.571,1616.664,32.60582
2012.08.09 21:00:00,1616.664,1626.252,1606.413,1619.414,35.03868
2012.08.12 21:00:00,1618.791,1625.568,1607.427,1609.52,34.35584
2012.08.13 21:00:00,1609.671,1616.263,1595.086,1598.545,32.66654
2012.08.14 21:00:00,1598.66,1606.152,1590.154,1602.604,32.19456
2012.08.15 21:00:00,1602.79,1618.352,1600.806,1614.801,33.40482
2012.08.16 21:00:00,1614.819,1619.664,1611.748,1615.209,29.34822
2012.08.19 21:00:00,1614.818,1622.552,1610.196,1620.075,28.49692
2012.08.20 21:00:00,1620.076,1641.373,1618.552,1637.364,33.00402
2012.08.21 21:00:00,1637.682,1655.952,1634.756,1653.872,32.6525
2012.08.22 21:00:00,1653.873,1674.852,1647.59,1670.358,45.73712
2012.08.23 21:00:00,1670.367,1673.863,1662.492,1670.164,36.05546
2012.08.26 21:00:00,1670.033,1676.773,1663.148,1663.564,13.25122
2012.08.27 21:00:00,1663.564,1672.303,1657.235,1666.029,34.30536
2012.08.28 21:00:00,1666.052,1669.872,1652.637,1656.089,30.46164
2012.08.29 21:00:00,1656.115,1664.1,1651.637,1655.176,30.4206
2012.08.30 21:00:00,1654.355,1692.952,1646.873,1690.726,34.1621
2012.09.02 21:00:00,1691.417,1695.095,1685.391,1691.718,26.8319
2012.09.03 21:00:00,1691.718,1698.813,1687.952,1695.509,35.71588
2012.09.04 21:00:00,1695.679,1695.852,1687.272,1692.614,36.49012
2012.09.05 21:00:00,1692.614,1713.125,1691.51,1699.983,42.91154
2012.09.06 21:00:00,1699.977,1741.251,1689.048,1735.164,37.67162
2012.09.09 21:00:00,1735.017,1740.007,1724.752,1725.804,38.43056
2012.09.10 21:00:00,1725.77,1737.952,1724.159,1731.737,35.16266
2012.09.11 21:00:00,1731.741,1746.434,1725.907,1730.164,39.75116
2012.09.12 21:00:00,1730.496,1772.633,1722.096,1766.559,40.72946
2012.09.13 21:00:00,1766.602,1777.752,1765.679,1769.914,48.63378
2012.09.16 21:00:00,1769.867,1776.552,1754.338,1760.816,36.41128
2012.09.17 21:00:00,1760.824,1773.319,1752.626,1771.463,42.04822
2012.09.18 21:00:00,1771.577,1779.374,1764.839,1769.747,22.1615
2012.09.19 21:00:00,1769.753,1772.252,1755.823,1767.773,19.9108
2012.09.20 21:00:00,1768.043,1787.363,1766.012,1772.418,31.2927
2012.09.23 21:00:00,1772.496,1772.75,1755.731,1763.911,41.12444
2012.09.24 21:00:00,1763.914,1774.993,1758.748,1760.371,40.6937
2012.09.25 21:00:00,1760.389,1765.552,1737.517,1752.201,35.54964
2012.09.26 21:00:00,1752.496,1780.243,1750.946,1777.013,29.1251
2012.09.27 21:00:00,1777.015,1783.164,1767.382,1772.222,33.87304
2012.09.30 21:00:00,1771.717,1791.605,1763.362,1775.081,42.5087
2012.10.01 21:00:00,1775.329,1784.262,1771.243,1774.232,33.60326
2012.10.02 21:00:00,1774.239,1781.753,1770.882,1777.534,37.06458
2012.10.03 21:00:00,1777.508,1795.147,1777.117,1790.066,41.71836
2012.10.04 21:00:00,1789.294,1795.852,1772.704,1779.748,28.3326
2012.10.07 21:00:00,1780.109,1780.45,1766.627,1774.669,32.09762
2012.10.08 21:00:00,1774.733,1779.709,1760.362,1764.044,36.564
2012.10.09 21:00:00,1764.062,1768.157,1757.083,1762.07,35.6435
2012.10.10 21:00:00,1762.031,1774.752,1758.443,1766.882,34.45994
2012.10.11 21:00:00,1766.215,1773.157,1752.119,1752.945,33.09698
2012.10.14 21:00:00,1752.795,1753.499,1728.583,1737.112,30.10226
2012.10.15 21:00:00,1737.112,1747.964,1734.673,1747.164,27.9451
2012.10.16 21:00:00,1747.175,1753.352,1742.723,1749.786,31.4007
2012.10.17 21:00:00,1749.79,1751.952,1738.303,1741.162,34.26326
2012.10.18 21:00:00,1741.162,1743.209,1716.931,1720.502,35.56638
2012.10.21 21:00:00,1720.847,1729.252,1713.563,1728.117,30.35974
2012.10.22 21:00:00,1728.11,1730.052,1703.847,1707.505,34.03142
2012.10.23 21:00:00,1707.506,1714.352,1698.803,1701.573,37.13584
2012.10.24 21:00:00,1701.567,1717.763,1700.808,1711.728,32.11456
2012.10.25 21:00:00,1711.738,1718.352,1700.652,1710.35,38.81372
2012.10.28 21:00:00,1710.072,1717.152,1705.932,1708.939,23.59582
2012.10.29 21:00:00,1708.943,1715.163,1705.152,1709.031,21.41886
2012.10.30 21:00:00,1709.03,1725.913,1708.293,1720.353,30.3218
2012.10.31 21:00:00,1720.415,1726.783,1713.573,1714.013,25.55642
2012.11.01 21:00:00,1713.998,1716.685,1674.622,1677.062,34.64334
2012.11.04 22:00:00,1676.88,1686.123,1672.506,1684.736,32.94098
2012.11.05 22:00:00,1684.752,1720.852,1683.552,1715.763,34.18332
2012.11.06 22:00:00,1715.763,1731.526,1703.149,1717.383,51.32994
2012.11.07 22:00:00,1717.383,1734.863,1712.652,1731.203,39.44194
2012.11.08 22:00:00,1731.159,1738.752,1727.013,1730.933,36.92098
2012.11.11 22:00:00,1730.347,1737.863,1725.796,1728.013,25.71552
2012.11.12 22:00:00,1727.993,1732.752,1718.003,1724.713,35.54274
2012.11.13 22:00:00,1724.733,1733.373,1720.643,1726.503,35.17268
2012.11.14 22:00:00,1726.293,1727.767,1704.897,1715.506,34.77632
2012.11.15 22:00:00,1715.513,1717.186,1705.723,1713.519,29.24626
2012.11.18 22:00:00,1712.933,1735.442,1712.892,1731.378,29.35662
2012.11.19 22:00:00,1731.37,1735.483,1722.114,1726.736,28.95558
2012.11.20 22:00:00,1726.736,1731.952,1720.743,1728.508,33.14098
2012.11.21 22:00:00,1728.498,1732.552,1727.664,1729.249,14.9303
2012.11.22 22:00:00,1729.294,1754.043,1728.499,1749.266,25.2714
2012.11.25 22:00:00,1751.803,1752.019,1745.952,1748.363,34.17184
2012.11.26 22:00:00,1748.468,1751.752,1740.452,1741.944,34.12426
2012.11.27 22:00:00,1741.928,1743.052,1705.949,1719.533,41.42764
2012.11.28 22:00:00,1719.404,1728.252,1718.052,1725.687,31.37484
2012.11.29 22:00:00,1725.696,1731.603,1708.397,1714.613,35.03596
2012.12.02 22:00:00,1714.053,1721.952,1712.385,1715.813,31.27644
2012.12.03 22:00:00,1715.813,1717.243,1691.252,1697.231,42.68626
2012.12.04 22:00:00,1697.219,1706.76,1684.852,1693.723,36.7437
2012.12.05 22:00:00,1693.771,1703.173,1685.84,1699.603,38.85246
2012.12.06 22:00:00,1699.6,1705.352,1684.925,1703.783,32.7141
2012.12.09 22:00:00,1704.072,1717.252,1702.491,1712.633,34.76582
2012.12.10 22:00:00,1712.699,1714.293,1704.793,1709.678,39.7961
2012.12.11 22:00:00,1709.675,1723.252,1707.543,1711.422,38.1646
2012.12.12 22:00:00,1711.429,1711.484,1689.405,1696.913,41.13806
2012.12.13 22:00:00,1696.818,1700.463,1693.572,1695.463,26.31452
2012.12.16 22:00:00,1694.883,1699.803,1686.463,1697.903,24.79068
2012.12.17 22:00:00,1697.72,1703.093,1661.352,1671.033,28.54104
2012.12.18 22:00:00,1671.033,1676.783,1663.352,1667.013,35.9544
2012.12.19 22:00:00,1666.963,1671.752,1635.653,1647.923,32.9979
2012.12.20 22:00:00,1647.923,1659.652,1635.543,1656.853,31.4701
2012.12.23 22:00:00,1656.549,1665.793,1651.833,1658.008,11.6835
2012.12.25 22:00:00,1657.933,1667.783,1651.363,1659.28,13.14368
2012.12.26 22:00:00,1658.869,1665.452,1652.763,1663.803,20.00292
2012.12.27 22:00:00,1663.789,1665.344,1653.652,1655.67,16.5377
2012.12.30 22:00:00,1655.188,1679.843,1653.859,1674.983,14.63538
2012.12.31 22:00:00,1675.035,1675.347,1674.299,1674.771,0.2429
2013.01.01 22:00:00,1674.603,1694.873,1670.152,1686.59,25.93634
2013.01.02 22:00:00,1686.6,1689.952,1660.752,1663.673,31.26602
2013.01.03 22:00:00,1663.492,1664.052,1625.759,1655.463,40.54966
2013.01.06 22:00:00,1655.943,1662.493,1642.752,1646.772,27.71898
2013.01.07 22:00:00,1646.78,1662.552,1646.552,1658.983,24.66656
2013.01.08 22:00:00,1658.963,1665.852,1651.352,1657.556,27.79422
2013.01.09 22:00:00,1657.546,1678.773,1653.753,1674.999,26.15216
2013.01.10 22:00:00,1674.993,1676.852,1653.112,1662.513,28.10724
2013.01.13 22:00:00,1662.123,1674.853,1659.952,1667.608,21.4219
2013.01.14 22:00:00,1667.613,1685.166,1666.363,1679.103,31.55624
2013.01.15 22:00:00,1679.652,1684.797,1673.363,1679.713,31.17166
2013.01.16 22:00:00,1679.683,1696.657,1666.697,1687.403,36.0621
2013.01.17 22:00:00,1686.905,1695.214,1683.552,1684.03,29.33226
2013.01.20 22:00:00,1685.933,1691.26,1684.852,1689.147,16.7051
2013.01.21 22:00:00,1689.243,1696.052,1686.752,1692.363,30.77356
2013.01.22 22:00:00,1692.261,1695.047,1683.653,1685.593,37.34356
2013.01.23 22:00:00,1685.443,1686.152,1664.902,1667.803,36.85688
2013.01.24 22:00:00,1667.788,1672.31,1655.852,1658.523,35.7539
2013.01.27 22:00:00,1658.833,1662.329,1651.927,1655.383,30.60118
2013.01.28 22:00:00,1655.413,1666.125,1654.333,1663.312,35.41434
2013.01.29 22:00:00,1663.052,1683.852,1662.73,1676.685,56.39338
2013.01.30 22:00:00,1676.683,1680.738,1657.852,1663.563,35.43118
2013.01.31 22:00:00,1663.267,1682.07,1659.958,1667.183,41.2828
2013.02.03 22:00:00,1668.452,1677.652,1661.552,1674.203,22.35424
2013.02.04 22:00:00,1674.239,1685.344,1666.603,1672.733,51.65158
2013.02.05 22:00:00,1672.697,1679.752,1668.223,1677.473,42.574
2013.02.06 22:00:00,1677.493,1683.152,1662.921,1671.053,46.55372
2013.02.07 22:00:00,1670.974,1673.623,1664.965,1666.883,33.284
2013.02.10 22:00:00,1667.313,1669.552,1643.712,1647.863,28.15614
2013.02.11 22:00:00,1647.648,1653.352,1639.16,1651.093,39.40316
2013.02.12 22:00:00,1651.093,1653.47,1640.352,1642.343,42.40736
2013.02.13 22:00:00,1642.231,1649.993,1632.792,1634.563,43.74334
2013.02.14 22:00:00,1634.493,1635.952,1597.822,1609.805,46.72456
2013.02.17 22:00:00,1609.533,1618.764,1607.052,1609.752,27.4806
2013.02.18 22:00:00,1609.552,1615.176,1600.627,1604.893,36.20372
2013.02.19 22:00:00,1604.793,1609.452,1558.593,1564.253,51.9462
2013.02.20 22:00:00,1564.243,1584.953,1554.948,1575.894,79.57392
2013.02.21 22:00:00,1575.901,1587.199,1569.853,1581.13,43.9328
2013.02.24 22:00:00,1580.173,1596.952,1575.152,1593.163,39.12458
2013.02.25 22:00:00,1592.823,1620.063,1584.347,1613.383,97.40064
2013.02.26 22:00:00,1613.353,1614.771,1592.319,1596.963,62.57778
2013.02.27 22:00:00,1596.745,1602.923,1574.852,1579.463,68.49642
2013.02.28 22:00:00,1579.463,1587.252,1564.727,1576.03,52.79136
2013.03.03 22:00:00,1578.533,1584.828,1569.4,1573.543,45.1452
2013.03.04 22:00:00,1573.563,1586.445,1571.903,1575.213,60.3104
2013.03.05 22:00:00,1575.114,1584.852,1567.25,1583.627,69.9777
2013.03.06 22:00:00,1583.627,1585.452,1574.952,1578.733,48.63964
2013.03.07 22:00:00,1578.624,1583.678,1561.712,1578.623,54.8795
2013.03.10 21:00:00,1578.243,1583.171,1575.452,1581.176,36.62762
2013.03.11 21:00:00,1581.225,1598.38,1579.991,1592.519,51.5765
2013.03.12 21:00:00,1592.505,1599.11,1585.5,1587.632,33.95228
2013.03.13 21:00:00,1587.613,1593.277,1576.948,1590.007,47.23618
2013.03.14 21:00:00,1590.008,1598.813,1588.453,1591.117,28.52236
2013.03.17 21:00:00,1597.953,1611.063,1592.056,1605.219,27.2829
2013.03.18 21:00:00,1605.229,1615.552,1600,1612.577,25.17352
2013.03.19 21:00:00,1612.668,1614.752,1603.331,1606.663,17.67036
2013.03.20 21:00:00,1606.702,1616.652,1604.423,1614.603,18.61982
2013.03.21 21:00:00,1614.618,1616.052,1603.462,1608.369,17.26144
2013.03.24 21:00:00,1609.463,1613.543,1589.883,1604.842,23.8883
2013.03.25 21:00:00,1604.798,1605.97,1594.555,1599.601,15.83082
2013.03.26 21:00:00,1599.515,1608.221,1591.229,1605.005,20.68006
2013.03.27 21:00:00,1604.989,1607.652,1593.923,1596.719,19.68244
2013.03.31 21:00:00,1597.413,1601.052,1594.677,1599.376,14.5362
2013.04.01 21:00:00,1599.367,1603.863,1573.687,1575.589,19.56674
2013.04.02 21:00:00,1575.586,1577.113,1549.772,1557.659,30.54018
2013.04.03 21:00:00,1557.752,1559.452,1540.077,1554.34,31.1519
2013.04.04 21:00:00,1554.152,1581.163,1549.276,1580.157,39.42662
2013.04.07 21:00:00,1580.943,1583.052,1567.343,1573.202,19.43574
2013.04.08 21:00:00,1573.222,1590.343,1570.352,1585.052,17.03528
2013.04.09 21:00:00,1585.152,1588.554,1555.552,1558.064,23.2055
2013.04.10 21:00:00,1558.05,1568.283,1553.345,1561.174,31.59148
2013.04.11 21:00:00,1561.166,1564.643,1480.452,1482.247,58.74436
2013.04.14 21:00:00,1481.323,1495.473,1334.55,1347.17,71.43275
2013.04.15 21:00:00,1347.209,1403.352,1321.552,1367.023,70.36152
2013.04.16 21:00:00,1367.003,1395.043,1364.852,1375.962,61.75624
2013.04.17 21:00:00,1375.982,1401.989,1336.352,1390.194,47.31886
2013.04.18 21:00:00,1390.168,1425.013,1385.713,1403.58,31.20994
2013.04.21 21:00:00,1407.47,1438.952,1403.552,1426.086,41.93266
2013.04.22 21:00:00,1426.087,1432.703,1404.748,1412.836,37.8129
2013.04.23 21:00:00,1412.833,1433.867,1412.189,1431.506,32.3258
2013.04.24 21:00:00,1431.502,1468.99,1427,1467.665,34.81902
2013.04.25 21:00:00,1467.647,1485.28,1447.844,1461.369,84.245
2013.04.28 21:00:00,1466.333,1478.744,1462.105,1475.454,30.3981
2013.04.29 21:00:00,1475.423,1480.052,1460.94,1476.395,46.94926
2013.04.30 21:00:00,1475.64,1478.016,1440.352,1457.253,34.46768
2013.05.01 21:00:00,1456.976,1473.556,1448.752,1466.832,31.90554
2013.05.02 21:00:00,1466.833,1487.803,1455.997,1469.687,30.17552
2013.05.05 21:00:00,1470.152,1478.822,1464.481,1469.09,24.259
2013.05.06 21:00:00,1469.106,1470.611,1441.24,1452.446,50.32624
2013.05.07 21:00:00,1452.447,1476.675,1447.586,1473.809,66.61176
2013.05.08 21:00:00,1473.785,1476.33,1453.182,1457.856,81.18744
2013.05.09 21:00:00,1457.83,1462.108,1419.547,1447.003,69.07846
2013.05.12 21:00:00,1444.978,1446.517,1425.852,1430.354,56.32944
2013.05.13 21:00:00,1430.294,1445.421,1421.052,1425.201,64.5533
2013.05.14 21:00:00,1425.202,1430.748,1388.67,1392.806,68.20722
2013.05.15 21:00:00,1392.792,1398.281,1369.63,1385.618,77.80854
2013.05.16 21:00:00,1385.612,1392.86,1355.148,1358.293,88.3683
2013.05.19 21:00:00,1364.594,1399.046,1337.948,1393.158,42.33726
2013.05.20 21:00:00,1393.852,1401.57,1359.648,1375.866,86.3682
2013.05.21 21:00:00,1373.895,1414.231,1354.478,1369.272,105.48518
2013.05.22 21:00:00,1369.268,1398.252,1356.75,1390.306,109.70712
2013.05.23 21:00:00,1390.742,1398.21,1382.351,1386.052,63.70744
2013.05.26 21:00:00,1387.245,1396.574,1384.29,1394.184,13.46372
2013.05.27 21:00:00,1393.724,1401.21,1373.67,1380.631,51.3446
2013.05.28 21:00:00,1381.626,1395.262,1380.055,1392.68,61.83892
2013.05.29 21:00:00,1392.352,1417.952,1388.752,1413.444,69.57178
2013.05.30 21:00:00,1413.294,1421.87,1384.738,1387.221,50.12982
2013.06.02 21:00:00,1389.227,1416.731,1388.56,1410.612,26.51106
2013.06.03 21:00:00,1410.602,1415.035,1388.95,1398.985,74.25956
2013.06.04 21:00:00,1398.99,1410.524,1395.748,1402.775,66.7386
2013.06.05 21:00:00,1402.796,1423.552,1391.74,1413.568,58.22762
2013.06.06 21:00:00,1413.495,1417.896,1377.703,1381.965,33.6086
2013.06.09 21:00:00,1382.943,1389.021,1375.873,1386.084,11.50398
2013.06.10 21:00:00,1386.05,1387.571,1365.241,1377.814,37.20542
2013.06.11 21:00:00,1377.808,1394.64,1373.879,1388.286,38.46316
2013.06.12 21:00:00,1387.793,1394.903,1374.474,1385.602,24.83278
2013.06.13 21:00:00,1385.572,1392.29,1378.44,1389.607,35.23624
2013.06.16 21:00:00,1390.733,1391.963,1380.599,1385.078,5.94316
2013.06.17 21:00:00,1384.683,1386.086,1361.129,1367.187,23.5273
2013.06.18 21:00:00,1367.158,1376.553,1349.046,1350.896,30.582
2013.06.19 21:00:00,1350.901,1351.252,1276.071,1284.302,35.13922
2013.06.20 21:00:00,1284.315,1302.424,1269.343,1295.432,68.68566
2013.06.23 21:00:00,1297.013,1301.539,1276.1,1281.899,42.72664
2013.06.24 21:00:00,1281.9,1289.47,1271.72,1277.159,46.18628
2013.06.25 21:00:00,1277.113,1277.971,1221.785,1225.99,50.5747
2013.06.26 21:00:00,1226.001,1244.69,1196.73,1200.127,61.4731
2013.06.27 21:00:00,1200.295,1235.043,1180.274,1233.266,71.82526
2013.06.30 21:00:00,1234.29,1261.63,1225.069,1251.964,52.0945
2013.07.01 21:00:00,1251.968,1267.369,1239.58,1242.887,50.86864
2013.07.02 21:00:00,1242.851,1259.94,1236.753,1251.904,38.42562
2013.07.03 21:00:00,1251.898,1257.358,1244.53,1248.283,20.49584
2013.07.04 21:00:00,1248.113,1248.58,1208.133,1222.328,38.15694
2013.07.07 21:00:00,1222.243,1238.533,1215.383,1236.285,10.88996
2013.07.08 21:00:00,1236.523,1260.222,1233.413,1250.581,44.94558
2013.07.09 21:00:00,1250.523,1265.743,1243.82,1258.683,36.05252
2013.07.10 21:00:00,1258.723,1298.658,1258.723,1285.527,45.04808
2013.07.11 21:00:00,1285.507,1288.55,1267.74,1284.262,41.66646
2013.07.14 21:00:00,1284.703,1294.678,1273.803,1284.186,16.53014
2013.07.15 21:00:00,1282.573,1295.745,1277.096,1291.534,29.97758
2013.07.16 21:00:00,1291.423,1300.338,1270.188,1275.459,19.41994
2013.07.17 21:00:00,1275.449,1288.528,1273.96,1283.7,23.07884
2013.07.18 21:00:00,1283.725,1297.771,1282.303,1294.953,42.95122
2013.07.21 21:00:00,1296.943,1339.348,1295.952,1335.25,33.43818
2013.07.22 21:00:00,1334.713,1346.634,1326.453,1344.667,32.65572
2013.07.23 21:00:00,1344.646,1347.463,1313.063,1321.575,14.35206
2013.07.24 21:00:00,1321.592,1337.705,1308.823,1333.161,26.64722
2013.07.25 21:00:00,1333.138,1340.463,1312.073,1332.6,31.57878
2013.07.28 21:00:00,1333.023,1338.26,1322.8,1327.436,18.48834
2013.07.29 21:00:00,1326.943,1330.055,1317,1325.596,25.51294
2013.07.30 21:00:00,1326.903,1338.828,1305.433,1324.246,38.17556
2013.07.31 21:00:00,1323.423,1330.91,1307.503,1309.354,36.91626
2013.08.01 21:00:00,1309.325,1318.228,1282.823,1310.993,13.40866
2013.08.04 21:00:00,1312.393,1320.488,1297.263,1302.349,21.71496
2013.08.05 21:00:00,1302.341,1306.815,1278.994,1282.518,30.48934
2013.08.06 21:00:00,1282.193,1289.29,1272.73,1286.917,27.4177
2013.08.07 21:00:00,1286.96,1314.265,1282.636,1312.755,40.99218
2013.08.08 21:00:00,1311.933,1317.179,1304.94,1314.153,25.67288
2013.08.11 21:00:00,1315.033,1343.87,1314.573,1337.65,30.27948
2013.08.12 21:00:00,1337.76,1341.32,1318.51,1321.182,22.11606
2013.08.13 21:00:00,1320.673,1336.25,1315.853,1335.615,20.3558
2013.08.14 21:00:00,1335.723,1370.054,1318.863,1365.677,33.87742
2013.08.15 21:00:00,1365.704,1379.499,1357.783,1376.079,40.82444
2013.08.18 21:00:00,1378.483,1384.372,1362.399,1365.601,16.5657
2013.08.19 21:00:00,1364.763,1377.507,1352.24,1370.8,23.07582
2013.08.20 21:00:00,1370.893,1378.988,1359.764,1366.25,21.09162
2013.08.21 21:00:00,1366.09,1381.71,1355.031,1375.62,26.649
2013.08.22 21:00:00,1375.669,1400.017,1368.473,1396.957,24.73256
2013.08.25 21:00:00,1398.603,1406.623,1389.227,1404.173,8.913
2013.08.26 21:00:00,1404.196,1423.74,1395.758,1414.74,12.04646
2013.08.27 21:00:00,1415.673,1433.695,1413.344,1417.099,13.60344
2013.08.28 21:00:00,1417.102,1418.212,1402.471,1407.253,27.28788
2013.08.29 21:00:00,1407.253,1411.171,1392.192,1394.518,23.63796
2013.09.01 21:00:00,1393.193,1398.28,1373.622,1390.472,12.92234
2013.09.02 21:00:00,1391.445,1416.295,1384.462,1411.829,36.0485
2013.09.03 21:00:00,1411.342,1414.947,1384.653,1390.968,24.34112
2013.09.04 21:00:00,1391.042,1399.817,1364.87,1367.092,32.88896
2013.09.05 21:00:00,1366.342,1393.342,1362.203,1391.478,26.63468
2013.09.08 21:00:00,1391.073,1394.317,1382.002,1386.288,25.45666
2013.09.09 21:00:00,1386.292,1391.182,1357.753,1363.153,24.44586
2013.09.10 21:00:00,1363.602,1368.537,1356.518,1364.265,11.7846
2013.09.11 21:00:00,1364.217,1366.04,1320.542,1320.854,21.51568
2013.09.12 21:00:00,1320.883,1330.845,1304.88,1326.145,33.52928
2013.09.15 21:00:00,1335.043,1335.043,1302.863,1312.129,31.65872
2013.09.16 21:00:00,1311.963,1323.84,1306.113,1309.825,35.5402
2013.09.17 21:00:00,1309.81,1367.537,1291.662,1362.667,43.31184
2013.09.18 21:00:00,1362.63,1375.217,1358.542,1365.755,28.89648
2013.09.19 21:00:00,1365.242,1368.142,1324.548,1324.686,28.1452
2013.09.22 21:00:00,1326.313,1331.827,1313.363,1321.915,34.83105
2013.09.23 21:00:00,1321.922,1329.282,1305.812,1322.841,39.96312
2013.09.24 21:00:00,1322.831,1338.008,1316.609,1333.927,38.9715
2013.09.25 21:00:00,1333.929,1339.242,1318.822,1323.503,34.17948
2013.09.26 21:00:00,1323.497,1344.034,1319.563,1335.183,38.13318
2013.09.29 21:00:00,1341.363,1352.263,1322.772,1328.587,27.37116
2013.09.30 21:00:00,1327.483,1337.514,1282.352,1286.842,30.96168
2013.10.01 21:00:00,1286.827,1323.821,1277.842,1315.714,34.54348
2013.10.02 21:00:00,1315.608,1322.242,1302.022,1316.418,34.73028
2013.10.03 21:00:00,1316.451,1325.442,1305.642,1309.318,26.01426
2013.10.06 21:00:00,1311.723,1328.883,1308.532,1322.826,36.78578
2013.10.07 21:00:00,1322.642,1330.038,1315.657,1318.873,43.52642
2013.10.08 21:00:00,1318.765,1322.018,1294.72,1305.149,47.94548
2013.10.09 21:00:00,1306.842,1311.642,1282.012,1286.948,43.87682
2013.10.10 21:00:00,1286.857,1294.437,1261.473,1270.992,53.95572
2013.10.13 21:00:00,1276.603,1289.923,1268.453,1276.132,39.38504
2013.10.14 21:00:00,1273.042,1288.037,1251.662,1281.694,53.70438
2013.10.15 21:00:00,1281.843,1287.838,1269.242,1282.033,53.75786
2013.10.16 21:00:00,1281.742,1324.342,1274.482,1320.036,57.35702
2013.10.17 21:00:00,1320.049,1326.911,1311.702,1315.218,33.10686
2013.10.20 21:00:00,1316.046,1324.017,1313.151,1315.675,23.56738
2013.10.21 21:00:00,1315.451,1344.663,1310.132,1339.817,28.49174
2013.10.22 21:00:00,1339.812,1342.187,1329.142,1332.943,30.9396
2013.10.23 21:00:00,1331.703,1351.937,1330.281,1346.316,31.80912
2013.10.24 21:00:00,1346.321,1355.747,1336.602,1349.885,30.10548
2013.10.27 21:00:00,1353.483,1361.737,1346.372,1352.222,26.69522
2013.10.28 21:00:00,1352.241,1360.408,1339.942,1344.781,30.23252
2013.10.29 21:00:00,1344.242,1359.493,1334.752,1344.156,32.44088
2013.10.30 21:00:00,1344.23,1344.23,1319.07,1322.78,34.45036
2013.10.31 21:00:00,1322.799,1327.372,1306.074,1314.973,33.70112
2013.11.03 22:00:00,1313.723,1322.497,1311.132,1314.433,23.74342
2013.11.04 22:00:00,1314.38,1319.82,1305.842,1311.473,29.06338
2013.11.05 22:00:00,1311.473,1322.007,1309.117,1317.573,26.68514
2013.11.06 22:00:00,1317.464,1326.077,1296.703,1307.363,30.77192
2013.11.07 22:00:00,1307.219,1313.658,1281,1288.393,27.97358
2013.11.10 22:00:00,1287.683,1288.733,1279.084,1282.633,19.86086
2013.11.11 22:00:00,1282.479,1285.323,1261.372,1267.793,29.47792
2013.11.12 22:00:00,1267.793,1284.138,1265.804,1281.508,30.20398
2013.11.13 22:00:00,1281.483,1294.237,1278.102,1286.982,32.66396
2013.11.14 22:00:00,1286.982,1291.174,1280.412,1289.913,25.61274
2013.11.17 22:00:00,1289.323,1289.573,1270,1275.153,26.46326
2013.11.18 22:00:00,1275.153,1278.842,1269.162,1275.383,31.37912
2013.11.19 22:00:00,1275.147,1276.31,1241.042,1243.963,30.15872
2013.11.20 22:00:00,1242.642,1250.315,1236.732,1242.823,26.92418
2013.11.21 22:00:00,1242.823,1248.953,1241.115,1243.443,16.44002
2013.11.24 22:00:00,1242.323,1253.794,1224.864,1251.204,29.73098
2013.11.25 22:00:00,1251.213,1257.842,1239.6,1242.663,21.77508
2013.11.26 22:00:00,1242.663,1254.657,1236.272,1237.663,18.04778
2013.11.27 22:00:00,1237.563,1245.686,1234.242,1243.973,7.4634
2013.11.28 22:00:00,1243.703,1254.748,1240.77,1251.022,16.1378
2013.12.01 22:00:00,1250.803,1250.803,1217.842,1219.603,30.26758
2013.12.02 22:00:00,1219.603,1226.144,1215.203,1223.148,23.603
2013.12.03 22:00:00,1223.038,1251.507,1211.734,1243.44,32.19676
2013.12.04 22:00:00,1243.44,1243.44,1216.972,1224.97,30.32426
2013.12.05 22:00:00,1224.97,1244.278,1211.67,1228.893,35.5089
2013.12.08 22:00:00,1230.583,1243.057,1225.263,1240.113,19.48222
2013.12.09 22:00:00,1239.643,1267.793,1237.992,1261.907,28.9103
2013.12.10 22:00:00,1261.943,1263.32,1251.042,1252.017,30.43758
2013.12.11 22:00:00,1252.031,1256.973,1223.752,1225.273,30.15044
2013.12.12 22:00:00,1225.175,1238.618,1220.539,1238.463,28.39324
2013.12.15 22:00:00,1237.913,1251.965,1227.758,1241.108,43.525
2013.12.16 22:00:00,1241.178,1247.997,1227.38,1230.783,32.73968
2013.12.17 22:00:00,1230.793,1244.533,1216.053,1218.128,27.97818
2013.12.18 22:00:00,1218.088,1226.481,1186.92,1188.373,34.07968
2013.12.19 22:00:00,1188.373,1207.518,1188.267,1202.913,32.68448
2013.12.22 22:00:00,1202.843,1206.168,1192.648,1198.475,17.3392
2013.12.23 22:00:00,1197.993,1205.542,1196.083,1203.923,8.7148
2013.12.25 22:00:00,1204.342,1215.828,1203.169,1210.414,8.8233
2013.12.26 22:00:00,1210.393,1218.968,1208.93,1212.953,14.36208
2013.12.29 22:00:00,1213.893,1216.142,1194.604,1196.296,22.1887
2013.12.30 22:00:00,1196.293,1214.537,1182.343,1205.393,16.98364
2014.01.01 22:00:00,1203.612,1230.773,1202.302,1224.133,27.3941
2014.01.02 22:00:00,1224.122,1240.153,1221.712,1236.683,26.59275
2014.01.05 22:00:00,1236.983,1248.342,1214.626,1237.773,26.26692
2014.01.06 22:00:00,1237.766,1245.242,1224.933,1231.908,26.55208
2014.01.07 22:00:00,1231.928,1232.337,1218.423,1225.733,25.76934
2014.01.08 22:00:00,1225.758,1231.463,1223.475,1227.763,22.55056
2014.01.09 22:00:00,1227.763,1248.859,1226.792,1248.143,25.9983
2014.01.12 22:00:00,1247.763,1255.042,1243.642,1252.935,22.03068
2014.01.13 22:00:00,1252.88,1255.273,1241.667,1244.993,22.81496
2014.01.14 22:00:00,1244.993,1244.993,1234.242,1241.683,27.089
2014.01.15 22:00:00,1241.683,1245.198,1236.328,1242.194,24.01168
2014.01.16 22:00:00,1242.235,1254.887,1237.739,1253.723,29.27962
2014.01.19 22:00:00,1253.083,1261.203,1252.633,1255.103,8.8639
2014.01.20 22:00:00,1254.662,1255.7,1235.613,1241.213,22.44896
2014.01.21 22:00:00,1241.213,1243.557,1235.802,1236.999,16.31582
2014.01.22 22:00:00,1236.977,1265.433,1231.523,1263.813,35.99502
2014.01.23 22:00:00,1263.803,1272.542,1256.814,1269.833,34.22792
2014.01.26 22:00:00,1270.012,1279.013,1251.953,1256.856,33.07986
2014.01.27 22:00:00,1256.836,1261.423,1248.703,1256.753,22.46824
2014.01.28 22:00:00,1256.793,1270.142,1248.632,1267.133,28.07668
2014.01.29 22:00:00,1267.293,1267.693,1238.043,1243.493,24.7208
2014.01.30 22:00:00,1243.396,1254.913,1238.473,1244.343,25.85654
2014.02.02 22:00:00,1242.482,1266.242,1240.813,1257.313,26.3104
2014.02.03 22:00:00,1257.313,1260.942,1247.233,1254.484,25.79
2014.02.04 22:00:00,1254.475,1274.269,1252.431,1257.653,37.1365
2014.02.05 22:00:00,1257.653,1266.813,1252.754,1257.958,22.80144
2014.02.06 22:00:00,1257.961,1271.663,1255.472,1267.033,34.05538
2014.02.09 22:00:00,1265.513,1277.82,1265.093,1274.659,27.14062
2014.02.10 22:00:00,1274.636,1293.842,1273.662,1291.194,34.82106
2014.02.11 22:00:00,1291.153,1296.242,1283.953,1290.884,30.0262
2014.02.12 22:00:00,1290.924,1302.843,1286.19,1302.603,32.90504
2014.02.13 22:00:00,1302.513,1321.142,1299.777,1318.353,29.20258
2014.02.16 22:00:00,1318.883,1329.742,1318.853,1328.703,14.9192
2014.02.17 22:00:00,1329.563,1331.968,1312.586,1321.763,32.2663
2014.02.18 22:00:00,1321.743,1322.753,1308.862,1311.371,25.94618
2014.02.19 22:00:00,1311.399,1324.98,1307.343,1322.821,32.47484
2014.02.20 22:00:00,1322.821,1328.453,1315.954,1324.023,21.1585
2014.02.23 22:00:00,1325.353,1338.913,1318.693,1336.721,27.88602
2014.02.24 22:00:00,1336.721,1343.58,1331.207,1340.386,31.8608
2014.02.25 22:00:00,1340.41,1345.392,1322.285,1330.472,26.7398
2014.02.26 22:00:00,1330.47,1336.13,1323.805,1331.186,31.2094
2014.02.27 22:00:00,1331.195,1333.263,1319.729,1326.163,29.63748
2014.03.02 22:00:00,1332.303,1354.718,1330.642,1350.344,39.72452
2014.03.03 22:00:00,1350.387,1352.488,1331.253,1334.253,32.17998
2014.03.04 22:00:00,1334.285,1341.805,1332.659,1336.667,30.03218
2014.03.05 22:00:00,1336.677,1353.592,1331.163,1350.708,34.4711
2014.03.06 22:00:00,1350.673,1352.892,1327.67,1338.933,37.043
2014.03.09 21:00:00,1338.682,1344.622,1327.942,1339.532,35.3028
2014.03.10 21:00:00,1339.536,1352.522,1337.864,1348.817,40.4211
2014.03.11 21:00:00,1348.827,1370.836,1345.394,1366.771,46.5287
2014.03.12 21:00:00,1366.765,1375.042,1364.46,1370.167,40.3595
2014.03.13 21:00:00,1370.174,1387.919,1367.842,1381.783,39.41
2014.03.16 21:00:00,1389.122,1389.122,1361.948,1366.951,38.8497
2014.03.17 21:00:00,1366.966,1367.559,1350.736,1355.505,39.3373
2014.03.18 21:00:00,1355.451,1359.616,1327.659,1329.476,42.4338
2014.03.19 21:00:00,1329.502,1334.634,1320,1327.637,45.6704
2014.03.20 21:00:00,1327.628,1342.342,1326.939,1333.317,30.4563
2014.03.23 21:00:00,1331.929,1334.256,1307.878,1308.651,36.1174
2014.03.24 21:00:00,1308.665,1317.312,1305.542,1310.928,34.8864
2014.03.25 21:00:00,1310.909,1316.33,1298.657,1304.338,40.3885
2014.03.26 21:00:00,1304.335,1306.803,1289.063,1291.195,32.965
2014.03.27 21:00:00,1291.145,1298.67,1285.66,1293.867,28.0686
2014.03.30 21:00:00,1296.203,1298.543,1282.428,1283.932,26.5125
2014.03.31 21:00:00,1283.954,1287.965,1277.677,1278.854,24.292
2014.04.01 21:00:00,1278.835,1294.518,1278.33,1289.781,27.5885
2014.04.02 21:00:00,1289.773,1293.914,1281.617,1286.535,25.3755
2014.04.03 21:00:00,1286.516,1306.69,1284.201,1302.272,31.4799
2014.04.06 21:00:00,1303.432,1304.142,1295.601,1297.234,25.6733
2014.04.07 21:00:00,1297.214,1314.33,1296.395,1308.504,33.44
2014.04.08 21:00:00,1308.457,1315.053,1300.85,1311.687,29.7584
2014.04.09 21:00:00,1311.644,1324.511,1310.772,1318.824,41.6194
2014.04.10 21:00:00,1318.794,1323.813,1314.044,1317.168,29.0362
2014.04.13 21:00:00,1327.492,1331.113,1318.731,1327.815,27.1514
2014.04.14 21:00:00,1327.71,1327.71,1284.35,1302.241,36.3643
2014.04.15 21:00:00,1302.273,1306.984,1293.51,1302.359,35.245
2014.04.16 21:00:00,1302.333,1304.094,1293.151,1294.705,27.1042
2014.04.20 21:00:00,1298.22,1301.873,1281.818,1289.654,29.3385
2014.04.21 21:00:00,1289.634,1292.744,1276.568,1283.555,32.0581
2014.04.22 21:00:00,1283.615,1288.954,1280.833,1283.659,27.3141
2014.04.23 21:00:00,1283.668,1298.655,1268.506,1293.148,37.02124
2014.04.24 21:00:00,1293.097,1305.025,1290.382,1301.721,38.3326
2014.04.27 21:00:00,1303.042,1306.448,1292.003,1296.314,32.8281
2014.04.28 21:00:00,1296.281,1301.342,1286.262,1295.764,50.9245
2014.04.29 21:00:00,1295.773,1298.093,1284.925,1291.444,45.0575
2014.04.30 21:00:00,1291.434,1292.792,1277.274,1284.176,49.5849
2014.05.01 21:00:00,1284.19,1304.623,1274.773,1298.827,42.3863
2014.05.04 21:00:00,1300.193,1315.523,1299.445,1310.139,32.7239
2014.05.05 21:00:00,1310.133,1314.022,1304.304,1307.812,31.6797
2014.05.06 21:00:00,1307.83,1314.458,1286.604,1289.793,39.4067
2014.05.07 21:00:00,1289.803,1295.319,1284.926,1289.333,49.5082
2014.05.08 21:00:00,1289.339,1294.353,1285.482,1287.856,30.7434
2014.05.11 21:00:00,1289.489,1303.83,1277.658,1295.755,41.8864
2014.05.12 21:00:00,1295.747,1298.792,1289.06,1293.513,36.9792
2014.05.13 21:00:00,1293.487,1308.985,1291.513,1305.819,41.8436
2014.05.14 21:00:00,1305.83,1307.088,1290.888,1295.993,40.609
2014.05.15 21:00:00,1296.005,1298.207,1287.692,1292.794,38.2063
2014.05.18 21:00:00,1292.462,1305.41,1289.123,1292.919,37.7443
2014.05.19 21:00:00,1292.93,1296.842,1285.903,1294.039,45.5722
2014.05.20 21:00:00,1294.027,1296.203,1283.304,1291.865,30.8554
2014.05.21 21:00:00,1291.722,1303.592,1290.042,1293.945,30.5019
2014.05.22 21:00:00,1293.934,1295.474,1286.666,1292.298,27.8227
2014.05.25 21:00:00,1293.593,1294.106,1290.747,1292.652,14.2817
2014.05.26 21:00:00,1292.698,1293.332,1264.484,1264.702,36.64691
2014.05.27 21:00:00,1264.69,1267.155,1255.928,1257.954,38.2517
2014.05.28 21:00:00,1258.003,1260.463,1251.42,1255.501,42.6207
2014.05.29 21:00:00,1255.536,1260.341,1242.149,1249.3,31.7551
2014.06.01 21:00:00,1250.032,1250.742,1241.017,1243.687,26.4426
2014.06.02 21:00:00,1243.587,1247.617,1240.522,1244.815,33.3162
2014.06.03 21:00:00,1244.827,1249.005,1242.816,1243.729,39.4838
2014.06.04 21:00:00,1243.75,1257.603,1241.069,1253.419,47.427
2014.06.05 21:00:00,1253.409,1257.787,1245.865,1252.989,41.4695
2014.06.08 21:00:00,1252.593,1256.958,1251.535,1252.047,24.7261
2014.06.09 21:00:00,1252.037,1263.523,1250.268,1259.658,38.0228
2014.06.10 21:00:00,1259.648,1265.203,1257.742,1260.862,30.7145
2014.06.11 21:00:00,1260.842,1274.786,1259.882,1273.149,47.6469
2014.06.12 21:00:00,1273.119,1277.849,1270.767,1276.528,44.8426
2014.06.15 21:00:00,1276.242,1284.86,1270.609,1271.712,55.1052
2014.06.16 21:00:00,1271.722,1273.233,1258.653,1270.531,41.4847
2014.06.17 21:00:00,1270.541,1278.453,1266.283,1277.532,40.4393
2014.06.18 21:00:00,1278.105,1321.59,1275.935,1320.108,58.1598
2014.06.19 21:00:00,1319.471,1321.992,1306.446,1314.5,44.8789
2014.06.22 21:00:00,1313.641,1318.433,1309.93,1317.273,31.5322
2014.06.23 21:00:00,1317.298,1325.955,1313.821,1318.079,39.4336
2014.06.24 21:00:00,1318.049,1324.791,1307.002,1319.068,46.72248
2014.06.25 21:00:00,1319.052,1319.741,1306.221,1316.468,44.9317
2014.06.26 21:00:00,1316.456,1322.25,1312.608,1315.869,33.9513
2014.06.29 21:00:00,1316.123,1329.45,1310.284,1327.177,39.4109
2014.06.30 21:00:00,1327.147,1332.947,1323.746,1326.198,39.9102
2014.07.01 21:00:00,1326.188,1331.964,1321.276,1326.586,44.7961
2014.07.02 21:00:00,1326.779,1327.431,1308.941,1319.333,50.0862
2014.07.03 21:00:00,1319.306,1323.123,1318.585,1320.233,32.2683
2014.07.06 21:00:00,1320.453,1320.736,1311.386,1319.674,53.0138
2014.07.07 21:00:00,1319.754,1324.764,1313.443,1319.027,38.2141
2014.07.08 21:00:00,1319.047,1332.286,1317.783,1327.645,37.3
2014.07.09 21:00:00,1327.615,1345.033,1323.971,1335.534,41.5134
2014.07.10 21:00:00,1335.514,1339.161,1333.653,1338.41,29.29058
2014.07.13 21:00:00,1339.033,1339.512,1302.299,1306.991,75.82
2014.07.14 21:00:00,1307.048,1313.71,1292.148,1293.811,63.5257
2014.07.15 21:00:00,1293.839,1303.713,1293.069,1298.998,55.1341
2014.07.16 21:00:00,1298.553,1323.933,1297.521,1318.965,47.1475
2014.07.17 21:00:00,1318.381,1324.637,1304.522,1310.648,32.8094
2014.07.20 21:00:00,1310.181,1318.303,1307.393,1312.279,37.1016
2014.07.21 21:00:00,1312.207,1315.786,1301.977,1306.2,48.7566
2014.07.22 21:00:00,1306.23,1311.18,1303.07,1304.458,32.2874
2014.07.23 21:00:00,1304.433,1305.082,1287.628,1293.489,72.4712
2014.07.24 21:00:00,1293.573,1308.571,1290.885,1306.886,34.8609
2014.07.27 21:00:00,1307.571,1309.133,1301.296,1303.896,29.1397
2014.07.28 21:00:00,1303.876,1312.194,1296.123,1299.031,30.4177
2014.07.29 21:00:00,1298.741,1303.595,1291.709,1296.041,21.51
2014.07.30 21:00:00,1296.018,1297.299,1280.743,1282.459,27.07058
2014.07.31 21:00:00,1282.933,1297.166,1279.921,1293.534,37.0665
2014.08.03 21:00:00,1294.021,1295.358,1286.08,1288.075,23.7321
2014.08.04 21:00:00,1288.03,1293.941,1282.475,1288.616,27.5414
2014.08.05 21:00:00,1288.592,1309.553,1287.571,1305.663,37.9988
2014.08.06 21:00:00,1305.634,1314.618,1301.993,1312.383,32.7505
2014.08.07 21:00:00,1312.63,1322.651,1305.559,1309.242,39.2055
2014.08.10 21:00:00,1308.658,1311.435,1305.135,1308.22,28.1667
2014.08.11 21:00:00,1307.761,1317.818,1305.619,1309.21,29.1887
2014.08.12 21:00:00,1308.2,1314.941,1304.855,1312.642,31.5923
2014.08.13 21:00:00,1311.958,1319.441,1308.746,1313.297,32.9405
2014.08.14 21:00:00,1311.911,1315.119,1292.527,1304.487,38.279
2014.08.17 21:00:00,1302.741,1303.574,1295.57,1298.116,22.829
2014.08.18 21:00:00,1298.089,1302.298,1293.8,1295.604,21.6483
2014.08.19 21:00:00,1295.591,1297.907,1287.809,1291.677,26.39188
2014.08.20 21:00:00,1291.619,1291.619,1271.973,1276.496,30.047
2014.08.21 21:00:00,1276.526,1282.851,1274.105,1280.792,25.459
2014.08.24 21:00:00,1278.88,1280.848,1274.359,1276.607,25.855
2014.08.25 21:00:00,1276.621,1290.809,1275.338,1280.892,33.61148
2014.08.26 21:00:00,1280.962,1287.305,1279.929,1282.393,24.1878
2014.08.27 21:00:00,1282.378,1296.428,1282.167,1289.379,36.8524
2014.08.28 21:00:00,1289.344,1291.29,1283.269,1286.765,21.8201
2014.08.31 21:00:00,1287.242,1289.827,1284.744,1286.862,11.03601
2014.09.01 21:00:00,1287.131,1287.449,1262.36,1265.18,31.4913
2014.09.02 21:00:00,1265.449,1271.49,1261.197,1269.167,32.80942
2014.09.03 21:00:00,1269.127,1277.218,1260.509,1261.654,33.8843
2014.09.04 21:00:00,1261.539,1273.678,1257.201,1268.513,32.23353
2014.09.07 21:00:00,1268.452,1271.712,1251.379,1255.106,29.84384
2014.09.08 21:00:00,1255.132,1258.085,1247.479,1255.181,36.95623
2014.09.09 21:00:00,1255.214,1257.69,1243.738,1249.53,35.9105
2014.09.10 21:00:00,1249.515,1250.048,1234.877,1240.368,38.71602
2014.09.11 21:00:00,1239.649,1241.5,1227.501,1229.292,36.91004
2014.09.14 21:00:00,1227.271,1238.519,1225.537,1233.034,37.38403
2014.09.15 21:00:00,1231.78,1241.911,1231.713,1235.409,43.26572
2014.09.16 21:00:00,1235.383,1239.161,1221.36,1223.242,37.62185
2014.09.17 21:00:00,1222.015,1227.861,1215.592,1224.476,53.66669
2014.09.18 21:00:00,1224.751,1228.493,1213.653,1215.205,58.82532
2014.09.21 21:00:00,1215.242,1220.391,1208.162,1214.896,47.86145
2014.09.22 21:00:00,1214.862,1235.281,1214.031,1223.174,48.19101
2014.09.23 21:00:00,1223.257,1226.009,1215.637,1216.876,41.40062
2014.09.24 21:00:00,1216.855,1224.431,1206.765,1221.334,55.19619
2014.09.25 21:00:00,1221.385,1231.249,1212.209,1217.984,48.34254
2014.09.28 21:00:00,1218.261,1223.252,1214.857,1215.568,56.26445
2014.09.29 21:00:00,1215.547,1220.082,1204.406,1208.002,66.93668
2014.09.30 21:00:00,1207.639,1219.33,1204.555,1213.623,51.46542
2014.10.01 21:00:00,1213.593,1222.311,1208.593,1214.128,54.40874
2014.10.02 21:00:00,1214.116,1215.262,1189.965,1190.502,39.08023
2014.10.05 21:00:00,1191.491,1208.998,1182.829,1206.932,42.34091
2014.10.06 21:00:00,1206.902,1213.39,1202.884,1208.69,45.26276
2014.10.07 21:00:00,1209.229,1224.03,1204.895,1220.779,47.30356
2014.10.08 21:00:00,1220.73,1233.306,1218.929,1224.081,50.27281
2014.10.09 21:00:00,1224.112,1225.408,1217.332,1222.788,44.98653
2014.10.12 21:00:00,1223.261,1237.704,1223.073,1228.182,36.95017
2014.10.13 21:00:00,1236.829,1238.168,1230.898,1232.512,50.18055
2014.10.14 21:00:00,1232.482,1249.679,1221.781,1241.633,68.04849
2014.10.15 21:00:00,1241.584,1245.151,1235.332,1238.45,73.47167
2014.10.16 21:00:00,1238.413,1241.648,1231.621,1237.653,54.59855
2014.10.19 21:00:00,1238.381,1248.729,1234.578,1246.525,50.05748
2014.10.20 21:00:00,1245.869,1255.179,1245.308,1248.417,56.29742
2014.10.21 21:00:00,1248.387,1249.677,1240.421,1240.868,45.71584
2014.10.22 21:00:00,1241.57,1244.562,1226.282,1231.463,46.50489
2014.10.23 21:00:00,1233.554,1234.298,1228.72,1230.688,41.6683
2014.10.26 21:00:00,1230.386,1231.979,1225.341,1226.191,33.65963
2014.10.27 21:00:00,1226.226,1235.522,1222.428,1228.346,50.11858
2014.10.28 21:00:00,1228.304,1230.522,1208.199,1211.863,39.08033
2014.10.29 21:00:00,1211.891,1216.609,1195.881,1198.444,65.70633
2014.10.30 21:00:00,1199.379,1202.655,1161.148,1172.41,83.68383
2014.11.02 22:00:00,1169.77,1173.778,1161.529,1166.711,50.99458
2014.11.03 22:00:00,1165.419,1174.792,1163.821,1168.205,52.83761
2014.11.04 22:00:00,1168.179,1169.612,1137.731,1140.302,74.95463
2014.11.05 22:00:00,1140.342,1149.501,1138.061,1141.541,66.44981
2014.11.06 22:00:00,1141.421,1178.641,1131.549,1177.721,82.08639
2014.11.09 22:00:00,1177.452,1177.521,1147.286,1151.211,61.47539
2014.11.10 22:00:00,1151.879,1173.239,1146.061,1163.951,64.37082
2014.11.11 22:00:00,1164.002,1170.011,1157.231,1162.321,59.03069
2014.11.12 22:00:00,1162.321,1167.89,1153.852,1162.23,66.79121
2014.11.13 22:00:00,1162.081,1193.55,1146.845,1188.481,75.08428
2014.11.16 22:00:00,1186.609,1194.132,1181.408,1186.448,66.46203
2014.11.17 22:00:00,1186.459,1204.602,1183.342,1196.752,62.6121
2014.11.18 22:00:00,1196.802,1202.129,1175.089,1182.391,65.30622
2014.11.19 22:00:00,1182.91,1197.066,1176.761,1193.481,72.81159
2014.11.20 22:00:00,1193.532,1207.76,1186.678,1201.182,69.00003
2014.11.23 22:00:00,1200.601,1204.186,1192.771,1196.711,42.27086
2014.11.24 22:00:00,1196.666,1202.911,1190.334,1200.592,45.95127
2014.11.25 22:00:00,1200.551,1201.633,1194.84,1197.722,32.25125
2014.11.26 22:00:00,1197.834,1199.577,1185.552,1190.672,32.43492
2014.11.27 22:00:00,1190.47,1190.741,1165.181,1166.491,44.97855
2014.11.30 22:00:00,1151.079,1221.012,1142.639,1211.642,86.5855
2014.12.01 22:00:00,1211.591,1213.082,1191.927,1197.981,57.36968
2014.12.02 22:00:00,1197.743,1215.012,1194.425,1209.292,55.73487
2014.12.03 22:00:00,1209.306,1213.301,1201.288,1205.11,50.20654
2014.12.04 22:00:00,1205.082,1207.481,1186.311,1191.942,51.57987
2014.12.07 22:00:00,1190.439,1208.819,1187.066,1203.122,47.44578
2014.12.08 22:00:00,1202.879,1238.191,1199.341,1230.741,66.16467
2014.12.09 22:00:00,1230.741,1238.174,1224.592,1225.991,65.54536
2014.12.10 22:00:00,1225.941,1232.673,1215.831,1227.132,66.72972
2014.12.11 22:00:00,1227.132,1228.036,1214.442,1222.21,60.58562
2014.12.14 22:00:00,1221.822,1224.08,1190.579,1192.966,67.78916
2014.12.15 22:00:00,1192.934,1223.447,1187.488,1196.702,69.51427
2014.12.16 22:00:00,1196.68,1202.911,1182.974,1189.371,61.77294
2014.12.17 22:00:00,1189.403,1213.798,1188.279,1198.361,53.69849
2014.12.18 22:00:00,1198.361,1201.231,1193.509,1195.362,46.70902
2014.12.21 22:00:00,1195.462,1203.22,1170.598,1176.149,41.76058
2014.12.22 22:00:00,1176.23,1184.871,1172.558,1176.248,38.3476
2014.12.23 22:00:00,1176.278,1181.161,1172.749,1174.672,17.56629
2014.12.25 22:00:00,1176.049,1198.982,1176.019,1195.606,29.77083
2014.12.28 22:00:00,1194.07,1197.391,1178.808,1182.722,36.87994
2014.12.29 22:00:00,1181.75,1210.465,1180.669,1200.274,52.31242
2014.12.30 22:00:00,1199.29,1203.772,1179.588,1183.701,29.51255
2015.01.01 22:00:00,1183.949,1194.998,1167.43,1188.354,43.27323
2015.01.04 22:00:00,1188.111,1207.387,1177.929,1204.361,51.35978
2015.01.05 22:00:00,1204.111,1223.022,1201.603,1218.162,58.30087
2015.01.06 22:00:00,1217.862,1218.568,1208.951,1210.962,45.06915
2015.01.07 22:00:00,1210.514,1216.429,1204.771,1208.621,46.55483
2015.01.08 22:00:00,1208.621,1223.978,1206.939,1223.032,46.99852
2015.01.11 22:00:00,1223.029,1235.822,1217.472,1233.002,48.82644
2015.01.12 22:00:00,1232.979,1244.087,1227.238,1230.504,66.71136
2015.01.13 22:00:00,1230.463,1244.308,1224.976,1228.418,78.22253
2015.01.14 22:00:00,1228.449,1266.712,1225.965,1261.985,72.67468
2015.01.15 22:00:00,1261.995,1282.031,1254.93,1280.222,61.848
2015.01.18 22:00:00,1280.082,1281.358,1271.998,1276.518,35.00399
2015.01.19 22:00:00,1275.849,1297.121,1274.001,1294.942,62.09251
2015.01.20 22:00:00,1294.477,1305.244,1284.549,1292.963,69.39084
2015.01.21 22:00:00,1292.99,1307.474,1279.534,1301.841,62.53937
2015.01.22 22:00:00,1301.658,1302.078,1284.308,1294.001,55.32393
2015.01.25 22:00:00,1293.109,1299.109,1275.828,1281.092,55.33772
2015.01.26 22:00:00,1281.094,1297.527,1272.221,1291.972,56.20356
2015.01.27 22:00:00,1291.71,1293.629,1279.7,1284.252,47.4396
2015.01.28 22:00:00,1283.49,1285.871,1252.05,1257.041,59.38949
2015.01.29 22:00:00,1256.627,1284.699,1256.627,1283.351,58.52968
2015.02.01 22:00:00,1281.849,1283.341,1266.292,1274.071,51.67152
2015.02.02 22:00:00,1273.981,1285.67,1255.461,1259.952,54.5993
2015.02.03 22:00:00,1259.497,1272.349,1256.634,1268.841,51.46688
2015.02.04 22:00:00,1270.08,1273.879,1256.141,1264.472,47.08844
2015.02.05 22:00:00,1264.829,1268.696,1228.298,1233.602,43.11046
2015.02.08 22:00:00,1236.38,1243.658,1234.229,1238.722,45.88373
2015.02.09 22:00:00,1237.85,1245.808,1230.946,1233.431,47.55199
2015.02.10 22:00:00,1233.68,1238.649,1216.499,1218.711,39.85495
2015.02.11 22:00:00,1218.769,1232.867,1217.949,1221.691,48.44776
2015.02.12 22:00:00,1221.571,1234.899,1221.571,1229.461,48.24408
2015.02.15 22:00:00,1227.921,1236.538,1227.242,1231.728,22.86615
2015.02.16 22:00:00,1229.811,1233.932,1203.713,1209.351,32.8991
2015.02.17 22:00:00,1208.845,1213.38,1197.531,1212.092,38.26627
2015.02.18 22:00:00,1212.092,1222.912,1205.334,1206.475,44.6131
2015.02.19 22:00:00,1206.454,1215.388,1198.141,1201.582,45.10759
2015.02.22 22:00:00,1203.37,1210.279,1190.749,1201.471,35.49677
2015.02.23 22:00:00,1201.431,1204.472,1190.388,1200.091,45.85291
2015.02.24 22:00:00,1199.469,1211.782,1199.46,1204.651,40.04513
2015.02.25 22:00:00,1204.605,1219.941,1203.531,1209.051,54.36894
2015.02.26 22:00:00,1208.57,1219.329,1204.439,1212.971,50.02767
2015.03.01 22:00:00,1213.669,1223.189,1204.595,1206.502,48.25839
2015.03.02 22:00:00,1205.842,1214.768,1195.378,1203.342,46.79214
2015.03.03 22:00:00,1203.848,1208.931,1198.214,1200.002,39.69481
2015.03.04 22:00:00,1200.322,1209.38,1196.458,1198.072,37.41872
2015.03.05 22:00:00,1197.769,1200.639,1163.723,1166.991,45.8608
2015.03.08 21:00:00,1169.209,1175.289,1165.798,1166.811,32.26471
2015.03.09 21:00:00,1166.751,1170.529,1155.192,1161.548,45.9451
2015.03.10 21:00:00,1161.644,1165.191,1147.462,1155.149,43.39568
2015.03.11 21:00:00,1154.718,1166.479,1148.538,1153.518,48.24338
2015.03.12 21:00:00,1153.249,1161.718,1151.348,1158.093,38.83941
2015.03.15 21:00:00,1158.72,1164.047,1150.336,1154.489,34.58688
2015.03.16 21:00:00,1154.279,1159.829,1142.759,1149.359,41.04681
2015.03.17 21:00:00,1149.086,1175.605,1145.908,1167.238,39.38131
2015.03.18 21:00:00,1166.791,1177.741,1159.514,1170.918,51.4506
2015.03.19 21:00:00,1170.611,1187.947,1168.728,1181.884,45.88574
2015.03.22 21:00:00,1183.469,1191.579,1179.308,1189.278,50.99761
2015.03.23 21:00:00,1188.909,1194.989,1185.399,1193.158,48.65317
2015.03.24 21:00:00,1192.755,1199.689,1186.618,1195.328,40.99686
2015.03.25 21:00:00,1194.825,1219.681,1194.468,1204.628,48.8853
2015.03.26 21:00:00,1204.439,1206.147,1192.599,1198.293,41.41845
2015.03.29 21:00:00,1198.571,1199.361,1182.318,1185.835,36.59547
2015.03.30 21:00:00,1185.637,1190.719,1178.391,1183.269,48.67785
2015.03.31 21:00:00,1182.842,1208.598,1180.821,1203.668,45.3512
2015.04.01 21:00:00,1203.607,1207.302,1194.909,1202.169,43.89651
2015.04.05 21:00:00,1213.16,1224.188,1212.9,1214.438,40.27057
2015.04.06 21:00:00,1213.807,1215.744,1207.425,1208.729,37.18648
2015.04.07 21:00:00,1208.66,1212.311,1197.379,1202.118,44.56757
2015.04.08 21:00:00,1202.63,1203.28,1192.618,1194.509,41.18942
2015.04.09 21:00:00,1194.363,1210.739,1193.252,1206.774,39.4233
2015.04.12 21:00:00,1206.831,1209.498,1196.388,1198.628,41.21278
2015.04.13 21:00:00,1198.403,1201.429,1183.97,1192.429,49.17854
2015.04.14 21:00:00,1191.837,1204.538,1188.901,1202.209,41.42129
2015.04.15 21:00:00,1202.179,1209.168,1194.752,1198.128,52.20493
2015.04.16 21:00:00,1197.924,1207.779,1197.428,1203.046,54.49396
2015.04.19 21:00:00,1204.572,1209.077,1191.383,1195.458,47.8671
2015.04.20 21:00:00,1195.015,1204.282,1193.139,1202.088,39.96067
2015.04.21 21:00:00,1202.028,1204.759,1185.679,1186.928,48.09533
2015.04.22 21:00:00,1186.877,1197.98,1184.304,1193.648,50.83088
2015.04.23 21:00:00,1193.205,1195.902,1175.204,1179.054,47.25065
2015.04.26 21:00:00,1179.82,1207.218,1178.613,1201.747,53.45148
2015.04.27 21:00:00,1201.747,1215.031,1199.211,1211.678,56.36398
2015.04.28 21:00:00,1211.499,1214.044,1201.347,1204.378,50.49558
2015.04.29 21:00:00,1204.324,1207.179,1177.051,1183.828,51.42352
2015.04.30 21:00:00,1183.593,1185.189,1169.583,1178.028,40.73045
2015.05.03 21:00:00,1177.962,1192.812,1177.709,1187.838,44.07851
2015.05.04 21:00:00,1187.712,1199.809,1185.709,1193.035,55.08212
2015.05.05 21:00:00,1193.035,1197.605,1188.222,1191.908,41.57014
2015.05.06 21:00:00,1191.672,1192.8,1178.837,1184.168,44.2687
2015.05.07 21:00:00,1184.112,1193.445,1181.811,1187.88,56.49662
2015.05.10 21:00:00,1189.489,1191.77,1178.891,1183.578,36.84951
2015.05.11 21:00:00,1183.51,1197.025,1180.829,1193.528,50.53453
2015.05.12 21:00:00,1193.343,1218.858,1191.249,1215.389,58.26012
2015.05.13 21:00:00,1215.264,1227.27,1212.311,1220.728,59.37299
2015.05.14 21:00:00,1220.601,1226.139,1210.96,1223.693,46.49472
2015.05.17 21:00:00,1223.859,1232.329,1221.587,1225.168,48.5172
2015.05.18 21:00:00,1224.838,1225.592,1205.753,1207.478,51.2778
2015.05.19 21:00:00,1207.272,1213.369,1203.284,1209.388,51.80795
2015.05.20 21:00:00,1209.318,1212.759,1201.589,1205.818,40.23549
2015.05.21 21:00:00,1205.649,1214.839,1201.529,1205.888,39.17889
2015.05.24 21:00:00,1205.568,1208.58,1202.801,1206.998,17.7138
2015.05.25 21:00:00,1206.799,1207.51,1185.532,1186.959,39.09237
2015.05.26 21:00:00,1186.778,1190.858,1183.668,1187.628,41.94394
2015.05.27 21:00:00,1187.349,1192.148,1180.421,1188.078,44.36147
2015.05.28 21:00:00,1187.679,1193.873,1185.748,1190.298,45.50543
2015.05.31 21:00:00,1189.269,1204.248,1184.559,1188.878,56.1029
2015.06.01 21:00:00,1188.788,1196.249,1185.951,1192.758,49.08802
2015.06.02 21:00:00,1192.378,1195.543,1179.391,1184.658,53.03583
2015.06.03 21:00:00,1184.558,1186.17,1172.908,1176.569,51.92799
2015.06.04 21:00:00,1176.249,1178.579,1162.741,1171.689,48.10175
2015.06.07 21:00:00,1170.532,1177.58,1169.069,1173.858,50.13902
2015.06.08 21:00:00,1173.829,1182.899,1172.498,1176.599,49.86445
2015.06.09 21:00:00,1176.289,1192.259,1175.198,1185.858,58.55046
2015.06.10 21:00:00,1185.558,1187.928,1175.629,1181.798,45.85425
2015.06.11 21:00:00,1181.578,1184.252,1176.679,1181.418,43.4765
2015.06.14 21:00:00,1180.438,1190.492,1172.729,1186.118,55.63811
2015.06.15 21:00:00,1185.969,1187.871,1176.029,1181.769,49.00146
2015.06.16 21:00:00,1181.468,1189.139,1174.569,1185.249,42.27748
2015.06.17 21:00:00,1184.859,1205.69,1183.558,1201.609,60.91243
2015.06.18 21:00:00,1201.249,1204.139,1198.319,1199.798,45.72259
2015.06.21 21:00:00,1199.628,1200.96,1182.121,1185.578,38.43267
2015.06.22 21:00:00,1185.268,1188.069,1176.408,1178.308,42.19715
2015.06.23 21:00:00,1177.979,1180.229,1170.849,1175.169,34.93759
2015.06.24 21:00:00,1174.708,1178.099,1171.54,1172.888,34.30992
2015.06.25 21:00:00,1172.879,1178.619,1168.529,1175.239,40.72637
2015.06.28 21:00:00,1184.231,1188.069,1173.808,1179.489,59.13184
2015.06.29 21:00:00,1179.988,1180.45,1166.898,1171.998,60.98641
2015.06.30 21:00:00,1171.889,1175.049,1167.551,1168.519,49.16964
2015.07.01 21:00:00,1168.149,1169.359,1156.98,1165.879,53.98734
2015.07.02 21:00:00,1165.748,1170.229,1164.559,1168.649,25.07418
2015.07.05 21:00:00,1173.599,1174.88,1162.848,1169.968,53.95862
2015.07.06 21:00:00,1169.879,1170.381,1147.979,1154.779,59.70048
2015.07.07 21:00:00,1154.729,1164.628,1147.158,1157.988,78.83013
2015.07.08 21:00:00,1157.809,1167.66,1155.949,1158.938,61.85224
2015.07.09 21:00:00,1159.509,1165.379,1157.309,1162.921,51.11021
2015.07.12 21:00:00,1162.999,1164.759,1151.119,1157.628,51.48728
2015.07.13 21:00:00,1157.478,1159.738,1152.889,1155.558,44.08198
2015.07.14 21:00:00,1154.999,1156.789,1143.209,1149.139,40.63087
2015.07.15 21:00:00,1149.049,1149.369,1142.229,1145.058,52.60861
2015.07.16 21:00:00,1144.959,1145.739,1131.158,1134.2,51.8503
2015.07.19 21:00:00,1133.469,1133.469,1070.698,1096.138,90.85255
2015.07.20 21:00:00,1098.36,1109.879,1096.869,1100.779,63.28381
2015.07.21 21:00:00,1101.168,1103.279,1087.078,1093.828,66.25511
2015.07.22 21:00:00,1093.729,1105.873,1087.189,1090.238,71.24273
2015.07.23 21:00:00,1090.408,1101.561,1077.219,1098.572,73.98863
2015.07.26 21:00:00,1099.029,1105.001,1088.339,1093.508,78.09552
2015.07.27 21:00:00,1094.658,1098.949,1091.559,1095.179,57.78267
2015.07.28 21:00:00,1095.068,1101.85,1090.398,1096.04,61.20417
2015.07.29 21:00:00,1096.898,1098.59,1082.498,1088.159,58.64575
2015.07.30 21:00:00,1088.128,1103.378,1079.949,1095.272,66.03045
2015.08.02 21:00:00,1095.909,1097.689,1085.811,1086.338,50.92696
2015.08.03 21:00:00,1083.188,1094.702,1080.968,1087.189,61.36462
2015.08.04 21:00:00,1087.889,1092.571,1082.959,1084.689,54.93245
2015.08.05 21:00:00,1084.6,1093.969,1083.472,1089.199,49.96267
2015.08.06 21:00:00,1089.309,1099.459,1082.779,1092.919,64.25159
2015.08.09 21:00:00,1094.342,1108.879,1089.598,1104.138,52.51249
2015.08.10 21:00:00,1104.149,1119.348,1093.778,1108.539,63.47119
2015.08.11 21:00:00,1108.668,1125.66,1101.741,1124.058,65.55652
2015.08.12 21:00:00,1125.448,1126.808,1113.589,1114.808,62.67176
2015.08.13 21:00:00,1114.719,1121.021,1111.858,1113.828,51.34969
2015.08.16 21:00:00,1113.961,1122.788,1113.56,1117.229,44.14934
2015.08.17 21:00:00,1117.788,1121.08,1109.638,1117.178,48.60804
2015.08.18 21:00:00,1117.679,1134.582,1116.258,1133.508,58.90284
2015.08.19 21:00:00,1133.508,1153.97,1132.589,1151.908,56.88149
2015.08.20 21:00:00,1151.859,1168.219,1148.912,1160.071,69.20741
2015.08.23 21:00:00,1160.739,1170.029,1145.758,1154.349,88.34443
2015.08.24 21:00:00,1155.558,1156.578,1134.569,1140.068,73.26441
2015.08.25 21:00:00,1139.96,1146.409,1117.722,1124.759,87.32366
2015.08.26 21:00:00,1125.408,1129.301,1118.278,1124.518,90.4127
2015.08.27 21:00:00,1124.949,1140.792,1123.758,1133.021,80.97139
2015.08.30 21:00:00,1132.849,1136.629,1125.668,1134.469,63.82418
2015.08.31 21:00:00,1134.23,1147.861,1134.218,1139.939,74.15091
2015.09.01 21:00:00,1139.448,1142.398,1132.048,1133.709,64.20494
2015.09.02 21:00:00,1133.559,1134.26,1121.809,1124.799,57.6106
2015.09.03 21:00:00,1125.029,1132.21,1116.78,1120.921,55.34352
2015.09.06 21:00:00,1122.92,1124.779,1115.788,1118.818,37.22414
2015.09.07 21:00:00,1118.311,1126.681,1118.311,1121.098,60.20039
2015.09.08 21:00:00,1121.708,1125.342,1101.239,1107.179,62.42992
2015.09.09 21:00:00,1106.388,1114.988,1103.742,1110.628,68.56976
2015.09.10 21:00:00,1110.999,1112.869,1098.728,1107.201,51.31701
2015.09.13 21:00:00,1107.69,1110.421,1103.529,1108.699,42.03123
2015.09.14 21:00:00,1107.839,1109.322,1102.459,1104.909,38.78282
2015.09.15 21:00:00,1105.088,1124.152,1103.958,1119.118,59.96623
2015.09.16 21:00:00,1119.199,1135.68,1115.388,1131.089,64.77394
2015.09.17 21:00:00,1131.089,1141.639,1127.529,1138.421,68.46389
2015.09.20 21:00:00,1138.911,1139.89,1129.518,1133.011,39.78626
2015.09.21 21:00:00,1132.899,1136.602,1121.328,1124.29,51.62703
2015.09.22 21:00:00,1124.319,1134.171,1121.819,1130.012,40.52171
2015.09.23 21:00:00,1130.498,1156.711,1130.039,1153.529,68.49945
2015.09.24 21:00:00,1151.01,1151.619,1140.731,1145.78,59.20386
2015.09.27 21:00:00,1145.041,1148.199,1127.92,1131.73,59.11689
2015.09.28 21:00:00,1131.809,1134.638,1124.298,1126.859,67.6896
2015.09.29 21:00:00,1127.129,1128.119,1111.698,1114.519,68.44714
2015.09.30 21:00:00,1115.069,1119.111,1111.038,1113.24,47.83977
2015.10.01 21:00:00,1112.889,1141.223,1104.608,1138.059,69.99245
2015.10.04 21:00:00,1137.521,1141.882,1130.089,1135.349,69.71792
2015.10.05 21:00:00,1135.219,1151.13,1134.951,1146.859,48.27778
2015.10.06 21:00:00,1146.648,1153.629,1141.738,1145.079,61.33258
2015.10.07 21:00:00,1145.358,1151.259,1136.569,1138.802,63.88569
2015.10.08 21:00:00,1138.579,1159.631,1138.552,1154.708,75.89714
2015.10.11 21:00:00,1155.149,1169.001,1154.789,1163.35,55.39881
2015.10.12 21:00:00,1163.089,1168.639,1151.792,1166.17,70.84813
2015.10.13 21:00:00,1168.448,1189.739,1163.378,1183.69,82.53419
2015.10.14 21:00:00,1183.989,1191.45,1174.398,1182.899,79.61871
2015.10.15 21:00:00,1182.339,1184.442,1174.239,1176.64,65.05289
2015.10.18 21:00:00,1176.449,1178.149,1168.549,1170.589,54.70679
2015.10.19 21:00:00,1170.578,1180.889,1167.328,1175.77,60.86372
2015.10.20 21:00:00,1175.449,1179.218,1163.719,1166.919,68.63288
2015.10.21 21:00:00,1166.758,1171.73,1162.579,1165.42,75.68108
2015.10.22 21:00:00,1165.798,1179.351,1158.929,1164.18,76.75968
2015.10.25 21:00:00,1163.641,1169.64,1162.069,1163.059,54.6219
2015.10.26 21:00:00,1162.819,1168.729,1160.678,1166.48,48.23597
2015.10.27 21:00:00,1166.368,1182.909,1152.278,1155.83,64.98761
2015.10.28 21:00:00,1156.149,1162.639,1143.379,1143.38,80.22211
2015.10.29 21:00:00,1146.698,1150.019,1139.211,1141.831,79.17221
2015.11.01 22:00:00,1141.652,1142.989,1132.549,1133.311,56.00793
2015.11.02 22:00:00,1133.22,1138.24,1114.358,1117.401,59.76531
2015.11.03 22:00:00,1117.459,1122.78,1106.329,1107.579,66.23261
2015.11.04 22:00:00,1107.431,1111.449,1102.919,1103.591,56.34426
2015.11.05 22:00:00,1103.179,1110.429,1085.4,1089.452,59.45565
2015.11.08 22:00:00,1089.742,1095.72,1088.339,1091.932,56.8379
2015.11.09 22:00:00,1091.7,1094.588,1085.179,1089.311,54.05416
2015.11.10 22:00:00,1089.479,1093.55,1084.109,1086.131,49.1871
2015.11.11 22:00:00,1086.08,1089.639,1074.129,1084.901,57.65507
2015.11.12 22:00:00,1084.56,1088.558,1079.708,1083.491,60.43781
2015.11.15 22:00:00,1089.14,1098.139,1081.309,1082.662,69.9388
2015.11.16 22:00:00,1083.429,1084.969,1065.428,1070.011,64.40995
2015.11.17 22:00:00,1071.08,1075.359,1064.615,1070.322,69.45478
2015.11.18 22:00:00,1069.89,1087.379,1069.379,1081.911,76.6122
2015.11.19 22:00:00,1081.101,1088.048,1075.801,1077.592,68.76689
2015.11.22 22:00:00,1077.031,1077.072,1066.761,1068.951,65.87224
2015.11.23 22:00:00,1068.81,1081.102,1068.639,1075.081,61.30983
2015.11.24 22:00:00,1075.24,1080.78,1067.891,1070.861,52.51616
2015.11.25 22:00:00,1071.36,1074.822,1069.639,1071.55,32.77892
2015.11.26 22:00:00,1071.422,1073.752,1052.708,1057.469,53.68717
2015.11.29 22:00:00,1056.839,1069.679,1053.131,1064.241,53.88018
2015.11.30 22:00:00,1064.799,1074.629,1063.202,1068.842,67.66976
2015.12.01 22:00:00,1068.41,1071.43,1050.6,1053.242,65.54851
2015.12.02 22:00:00,1053.679,1065.399,1046.231,1061.691,94.21884
2015.12.03 22:00:00,1062.67,1088.841,1058.128,1085.851,97.31915
2015.12.06 22:00:00,1085.671,1086.581,1066.189,1070.932,80.2907
2015.12.07 22:00:00,1070.34,1079.158,1067.59,1074.501,73.22308
2015.12.08 22:00:00,1074.789,1085.349,1069.5,1072.402,77.03812
2015.12.09 22:00:00,1071.849,1076.431,1069.359,1071.212,65.92462
2015.12.10 22:00:00,1071.66,1079.49,1062.381,1074.191,78.28865
2015.12.13 22:00:00,1073.26,1077.499,1058.65,1059.771,76.88169
2015.12.14 22:00:00,1059.629,1068.669,1058.849,1060.781,74.20531
2015.12.15 22:00:00,1060.74,1078.309,1060.639,1072.061,61.44453
2015.12.16 22:00:00,1073.029,1073.18,1047.64,1050.831,80.86126
2015.12.17 22:00:00,1052.19,1071.578,1050.859,1065.811,65.68243
2015.12.20 22:00:00,1065.902,1081.639,1063.838,1077.831,67.19684
2015.12.21 22:00:00,1078.059,1080.691,1071.719,1072.181,64.85812
2015.12.22 22:00:00,1072.599,1075.459,1068.269,1070.071,52.77551
2015.12.23 22:00:00,1070.159,1076.942,1070.08,1075.811,41.46965
2015.12.27 22:00:00,1075.681,1076.9,1066.459,1068.802,70.11193
2015.12.28 22:00:00,1068.68,1075.3,1067.399,1068.479,67.77132
2015.12.29 22:00:00,1068.759,1072.219,1059.389,1061.009,69.10628
2015.12.30 22:00:00,1061.289,1063.488,1058.168,1060.881,61.73826
2016.01.03 22:00:00,1062.341,1083.488,1061.729,1074.232,76.1321
2016.01.04 22:00:00,1073.55,1082.048,1072.629,1077.232,72.69086
2016.01.05 22:00:00,1076.969,1095.18,1074.928,1093.222,77.27988
2016.01.06 22:00:00,1093.41,1110.08,1091.35,1108.671,95.72265
2016.01.07 22:00:00,1108.269,1112.949,1092.229,1104.031,90.38597
2016.01.10 22:00:00,1103.751,1108.401,1093.559,1093.881,89.34253
2016.01.11 22:00:00,1093.439,1099.192,1083.449,1086.091,90.92599
2016.01.12 22:00:00,1086.689,1095.451,1079.76,1093.191,91.51069
2016.01.13 22:00:00,1093.359,1095.21,1071.419,1078.062,96.49797
2016.01.14 22:00:00,1079.259,1097.282,1076.199,1088.371,102.26262
2016.01.17 22:00:00,1089.402,1093.31,1087.508,1088.688,64.34526
2016.01.18 22:00:00,1088.799,1094.53,1082.459,1087.071,102.8079
2016.01.19 22:00:00,1087.069,1109.619,1086.979,1100.372,93.04704
2016.01.20 22:00:00,1100.71,1104.509,1092.389,1100.741,101.06952
2016.01.21 22:00:00,1101.239,1102.779,1094.038,1097.462,75.41215
2016.01.24 22:00:00,1097.3,1108.88,1097.13,1107.661,59.22879
2016.01.25 22:00:00,1107.409,1122.908,1106.939,1119.591,66.90755
2016.01.26 22:00:00,1119.02,1127.99,1114.871,1124.601,63.25666
2016.01.27 22:00:00,1125.099,1125.779,1110.9,1114.792,69.70925
2016.01.28 22:00:00,1114.14,1118.401,1108.352,1117.891,71.07618
2016.01.31 22:00:00,1117.641,1129.68,1115.352,1128.182,65.3286
2016.02.01 22:00:00,1127.679,1130.951,1122.272,1128.781,62.08868
2016.02.02 22:00:00,1128.529,1145.458,1124.319,1142.091,86.86145
2016.02.03 22:00:00,1141.589,1157.308,1139.548,1155.041,96.97843
2016.02.04 22:00:00,1154.429,1174.49,1145.188,1173.352,94.18145
2016.02.07 22:00:00,1173.299,1200.799,1164.248,1188.741,102.3458
2016.02.08 22:00:00,1190.17,1198.881,1185.641,1188.672,112.54073
2016.02.09 22:00:00,1189.129,1197.69,1181.489,1196.781,105.54145
2016.02.10 22:00:00,1197.239,1263.329,1195.602,1246.219,123.89207
2016.02.11 22:00:00,1246.979,1248.179,1232.372,1237.452,113.62368
2016.02.14 22:00:00,1231.088,1234.799,1202.191,1208.9,67.33787
2016.02.15 22:00:00,1208.229,1216.939,1190.829,1200.102,103.87763
2016.02.16 22:00:00,1201.179,1213.712,1195.608,1208.102,108.82946
2016.02.17 22:00:00,1209.281,1239.879,1200.691,1230.472,95.81948
2016.02.18 22:00:00,1230.409,1234.528,1219.902,1225.832,101.77382
2016.02.21 22:00:00,1225.059,1226.188,1201.871,1208.332,96.61526
2016.02.22 22:00:00,1208.39,1228.23,1207.15,1225.301,96.95809
2016.02.23 22:00:00,1225.16,1253.251,1221.741,1228.342,127.92138
2016.02.24 22:00:00,1227.949,1242.931,1221.129,1232.621,127.2475
2016.02.25 22:00:00,1231.69,1240.458,1211.459,1222.421,103.58764
2016.02.28 22:00:00,1222.511,1241.069,1215.651,1238.171,110.99075
2016.02.29 22:00:00,1237.529,1248.461,1227.149,1231.681,118.31813
2016.03.01 22:00:00,1231.209,1244.009,1224.708,1239.621,97.40222
2016.03.02 22:00:00,1239.899,1268.248,1237.352,1263.902,121.54743
2016.03.03 22:00:00,1263.479,1279.728,1250.508,1258.991,123.62138
2016.03.06 22:00:00,1260.112,1273.111,1256.659,1266.791,108.49101
2016.03.07 22:00:00,1267.069,1278.04,1260.5,1261.032,110.71514
2016.03.08 22:00:00,1261.419,1264.889,1242.912,1252.641,108.22762
2016.03.09 22:00:00,1252.569,1273.299,1237.111,1271.932,102.92604
2016.03.10 22:00:00,1271.21,1284.189,1248.169,1250.392,107.59466
2016.03.13 21:00:00,1249.98,1261.038,1229.198,1234.93,80.98483
2016.03.14 21:00:00,1235.329,1238.039,1225.659,1232.349,80.17729
2016.03.15 21:00:00,1232.439,1263.842,1226.718,1262.319,93.9485
2016.03.16 21:00:00,1260.818,1270.892,1254.389,1257.61,121.34758
2016.03.17 21:00:00,1256.969,1266.848,1247.798,1254.788,108.09825
2016.03.20 21:00:00,1254.178,1255.96,1240.571,1243.59,78.78968
2016.03.21 21:00:00,1243.939,1260.24,1242.309,1248.049,93.25393
2016.03.22 21:00:00,1247.919,1249.429,1215.3,1219.869,100.32705
2016.03.23 21:00:00,1220.62,1223.732,1212.16,1216.95,97.00793
2016.03.27 21:00:00,1215.608,1223.06,1208.068,1221.209,80.50486
2016.03.28 21:00:00,1221.408,1242.878,1215.29,1240.218,82.40753
2016.03.29 21:00:00,1240.818,1244.029,1223.169,1224.77,89.88893
2016.03.30 21:00:00,1225.27,1240.352,1223.839,1232.269,93.8701
2016.03.31 21:00:00,1232.198,1235.26,1208.999,1221.449,102.65602
2016.04.03 21:00:00,1220.102,1222.55,1214.548,1215.379,93.01797
2016.04.04 21:00:00,1215.569,1236.751,1214.729,1231.04,117.44195
2016.04.05 21:00:00,1230.838,1232.179,1216.481,1222.03,101.32971
2016.04.06 21:00:00,1222.429,1243.2,1222.378,1240.199,128.73494
2016.04.07 21:00:00,1240.049,1242.639,1229.55,1239.059,92.38768
2016.04.10 21:00:00,1239.398,1258.659,1239.198,1257.55,105.73495
2016.04.11 21:00:00,1258.039,1262.589,1251.109,1255.239,97.99208
2016.04.12 21:00:00,1255.178,1256.71,1239.749,1242.289,95.04641
2016.04.13 21:00:00,1241.698,1244.05,1223.789,1227.629,119.41203
2016.04.14 21:00:00,1227.12,1235.84,1225.198,1233.398,86.96889
2016.04.17 21:00:00,1234.68,1241.58,1230.062,1232.04,76.54581
2016.04.18 21:00:00,1232.239,1256.579,1227.649,1249.98,93.73807
2016.04.19 21:00:00,1249.61,1257.94,1242.329,1244.059,100.02225
2016.04.20 21:00:00,1242.799,1270.222,1242.438,1247.86,110.16593
2016.04.21 21:00:00,1246.819,1252.609,1227.349,1231.878,103.59552
2016.04.24 21:00:00,1232.708,1242.23,1229.99,1237.62,85.1807
2016.04.25 21:00:00,1237.889,1244.879,1231.298,1243.21,104.41267
2016.04.26 21:00:00,1243.688,1252.6,1239.35,1245.6,85.0932
2016.04.27 21:00:00,1245.529,1269.59,1237.692,1266.271,103.34337
2016.04.28 21:00:00,1265.999,1296.652,1264.871,1292.138,85.40216
2016.05.01 21:00:00,1290.48,1303.655,1287.609,1291.181,91.73442
2016.05.02 21:00:00,1291.289,1301.702,1282.172,1286.141,104.21849
2016.05.03 21:00:00,1284.978,1289.741,1271.749,1279.142,101.81277
2016.05.04 21:00:00,1279.209,1286.4,1268.789,1276.608,110.29193
2016.05.05 21:00:00,1277.299,1295.49,1274.389,1287.028,101.31038
2016.05.08 21:00:00,1284.481,1287.479,1261.238,1263.652,121.20617
2016.05.09 21:00:00,1263.799,1269.459,1256.809,1264.599,122.50598
2016.05.10 21:00:00,1265.618,1279.08,1264.698,1277.181,100.1312
2016.05.11 21:00:00,1277.599,1280.87,1261.589,1262.078,102.67769
2016.05.12 21:00:00,1263.268,1276.268,1262.778,1272.459,99.35338
2016.05.15 21:00:00,1271.43,1288.659,1270.929,1273.671,102.25827
2016.05.16 21:00:00,1273.338,1282.191,1269.069,1278.782,106.88194
2016.05.17 21:00:00,1279.058,1281.439,1255.019,1258.372,116.26622
2016.05.18 21:00:00,1257.859,1261.23,1243.789,1253.318,110.67233
2016.05.19 21:00:00,1254.848,1260.199,1248.758,1251.568,92.35405
2016.05.22 21:00:00,1250.93,1255.99,1243.098,1247.609,102.74372
2016.05.23 21:00:00,1248.778,1252.14,1225.959,1225.96,121.58816
2016.05.24 21:00:00,1227.039,1230.12,1217.789,1223.069,105.39259
2016.05.25 21:00:00,1223.519,1234.142,1218.221,1219.201,93.21582
2016.05.26 21:00:00,1219.598,1223.531,1206.679,1212.239,94.97071
2016.05.29 21:00:00,1212.409,1213.36,1199.732,1204.509,51.67349
2016.05.30 21:00:00,1206.079,1218.158,1205.279,1214.148,88.99883
2016.05.31 21:00:00,1215.349,1220.36,1205.909,1212.321,89.08195
2016.06.01 21:00:00,1213.359,1217.63,1209.559,1209.559,93.11712
2016.06.02 21:00:00,1210.649,1244.68,1206.9,1243.848,82.14789
2016.06.05 21:00:00,1242.879,1248.629,1239.92,1244.855,78.14796
2016.06.06 21:00:00,1245.148,1246.52,1234.771,1242.71,69.4287
2016.06.07 21:00:00,1243.908,1264.332,1242.979,1260.908,80.04784
2016.06.08 21:00:00,1261.858,1271.632,1256.761,1268.42,71.14762
2016.06.09 21:00:00,1268.718,1278.09,1264.509,1272.838,66.85592
2016.06.12 21:00:00,1275.448,1287.142,1272.352,1282.538,77.61592
2016.06.13 21:00:00,1283.168,1289.772,1276.228,1285.822,73.46033
2016.06.14 21:00:00,1284.689,1296.749,1278.428,1290.338,76.52088
2016.06.15 21:00:00,1291.659,1315.53,1276.902,1276.902,103.00713
2016.06.16 21:00:00,1278.848,1299.441,1276.53,1297.559,83.30291
2016.06.19 21:00:00,1289.379,1292.219,1277.969,1289.922,82.00868
2016.06.20 21:00:00,1289.298,1294.189,1264.478,1268.321,105.91645
2016.06.21 21:00:00,1268.088,1270.6,1261.119,1264.828,88.6829
2016.06.22 21:00:00,1265.099,1271.839,1254.378,1255.171,66.26654
2016.06.23 21:00:00,1251.161,1358.229,1250.179,1315.43,95.80965
2016.06.26 21:00:00,1321.238,1335.289,1317.629,1323.851,94.27148
2016.06.27 21:00:00,1324.279,1326,1305.458,1311.601,97.10323
2016.06.28 21:00:00,1310.238,1327.802,1310.059,1319.082,79.83642
2016.06.29 21:00:00,1317.198,1324.13,1312.789,1321.201,94.44453
2016.06.30 21:00:00,1322.089,1344.48,1320.518,1340.511,67.5949
2016.07.03 21:00:00,1341.38,1357.439,1335.941,1350.819,48.3707
2016.07.04 21:00:00,1347.761,1357.55,1338.039,1354.708,79.66511
2016.07.05 21:00:00,1355.158,1375.081,1355.158,1363.351,86.73252
2016.07.06 21:00:00,1363.658,1370.692,1350.789,1361.031,84.96408
2016.07.07 21:00:00,1359.228,1370.34,1335.419,1365.778,73.34695
2016.07.10 21:00:00,1367.578,1375.02,1350.83,1355.181,84.17184
2016.07.11 21:00:00,1355.189,1357.668,1330.312,1332.039,83.77633
2016.07.12 21:00:00,1333.008,1345.33,1327.548,1342.002,79.63674
2016.07.13 21:00:00,1343.659,1347.061,1320.201,1334.811,94.75093
2016.07.14 21:00:00,1335.559,1338.63,1322.498,1336.629,78.19728
2016.07.17 21:00:00,1332.618,1335.47,1323.461,1327.849,70.5237
2016.07.18 21:00:00,1328.598,1334.926,1325.579,1330.829,63.91277
2016.07.19 21:00:00,1331.078,1338.349,1312.589,1314.829,79.03967
2016.07.20 21:00:00,1316.018,1333.83,1310.759,1330.128,86.33251
2016.07.21 21:00:00,1331.348,1333.73,1319.628,1321.688,76.6567
2016.07.24 21:00:00,1322.679,1323.71,1311.971,1314.428,68.42822
2016.07.25 21:00:00,1315.279,1324.488,1313.759,1319.248,57.04177
2016.07.26 21:00:00,1319.189,1342.418,1315.762,1338.818,61.28943
2016.07.27 21:00:00,1338.998,1345.528,1332.439,1334.679,75.06304
2016.07.28 21:00:00,1335.749,1354.998,1328.462,1350.078,87.81814
2016.07.31 21:00:00,1349.338,1354.849,1346.229,1352.109,69.13956
2016.08.01 21:00:00,1353.698,1367.198,1347.108,1362.658,73.35945
2016.08.02 21:00:00,1363.578,1366.45,1354.181,1357.258,64.6645
2016.08.03 21:00:00,1358.138,1364.948,1349.1,1360.169,71.82198
2016.08.04 21:00:00,1360.268,1364.649,1334.718,1335.128,76.51953
2016.08.07 21:00:00,1335.348,1338.249,1329.868,1334.208,65.19172
2016.08.08 21:00:00,1335.498,1342.598,1330.579,1339.578,57.02222
2016.08.09 21:00:00,1340.118,1357.16,1339.219,1345.509,69.69627
2016.08.10 21:00:00,1346.548,1353.279,1335.728,1337.709,61.09522
2016.08.11 21:00:00,1338.979,1356.339,1333.309,1335.318,65.64657
2016.08.14 21:00:00,1338.029,1343.808,1335.749,1338.459,51.77738
2016.08.15 21:00:00,1338.318,1358.009,1338.318,1345.099,73.55746
2016.08.16 21:00:00,1345.13,1351.639,1335.91,1347.678,66.18966
2016.08.17 21:00:00,1348.739,1356.049,1346.038,1351.209,69.46287
2016.08.18 21:00:00,1351.998,1352.809,1337.738,1340.899,63.75942
2016.08.21 21:00:00,1340.351,1340.811,1331.69,1338.309,86.78545
2016.08.22 21:00:00,1338.58,1344.63,1335.289,1336.329,70.4963
2016.08.23 21:00:00,1338.059,1340.062,1323.539,1323.568,73.74261
2016.08.24 21:00:00,1323.898,1326.959,1318.009,1320.828,58.20622
2016.08.25 21:00:00,1321.458,1342.161,1318.328,1320.609,73.33305
2016.08.28 21:00:00,1319.971,1325.068,1314.872,1322.228,72.87165
2016.08.29 21:00:00,1323.728,1325.43,1309.229,1309.658,77.60393
2016.08.30 21:00:00,1311.768,1316.088,1304.358,1307.729,73.99598
2016.08.31 21:00:00,1307.919,1315.109,1302.452,1312.508,71.22007
2016.09.01 21:00:00,1314.639,1330.089,1303.118,1324.608,74.73723
2016.09.04 21:00:00,1323.899,1328.538,1321.759,1326.819,44.29918
2016.09.05 21:00:00,1325.789,1352.519,1324.85,1348.408,82.04881
2016.09.06 21:00:00,1347.798,1352.558,1342.658,1343.988,71.96207
2016.09.07 21:00:00,1344.179,1349.33,1335.521,1336.929,76.7991
2016.09.08 21:00:00,1337.489,1339.499,1327.129,1327.509,80.31878
2016.09.11 21:00:00,1328.018,1330.219,1320.379,1326.228,88.04352
2016.09.12 21:00:00,1328.249,1331.969,1315.589,1317.388,87.41267
2016.09.13 21:00:00,1317.578,1325.95,1313.519,1321.408,75.78552
2016.09.14 21:00:00,1322.119,1328.448,1309.289,1313.228,78.37809
2016.09.15 21:00:00,1314.079,1318.028,1306.199,1309.878,70.22831
2016.09.18 21:00:00,1309.68,1318.4,1309.408,1311.729,63.11058
2016.09.19 21:00:00,1311.879,1317.888,1311.698,1314.649,53.04739
2016.09.20 21:00:00,1313.528,1336.879,1307.91,1334.338,93.62893
2016.09.21 21:00:00,1334.898,1343.629,1331.149,1335.828,79.99773
2016.09.22 21:00:00,1335.829,1340.59,1333.748,1337.069,61.46809
2016.09.25 21:00:00,1336.652,1342.119,1332.689,1336.478,64.25357
2016.09.26 21:00:00,1337.108,1339.46,1324.702,1325.929,73.25118
2016.09.27 21:00:00,1325.928,1327.499,1317.989,1320.499,63.62286
2016.09.28 21:00:00,1320.899,1325.778,1316.039,1318.828,66.91507
2016.09.29 21:00:00,1319.649,1328.009,1313.228,1314.998,72.18272
2016.10.02 21:00:00,1318.429,1319.619,1309.331,1310.458,52.63587
2016.10.03 21:00:00,1312.108,1312.978,1266.87,1267.258,83.11243
2016.10.04 21:00:00,1267.659,1277.111,1262.118,1265.509,72.03574
2016.10.05 21:00:00,1267.078,1269.358,1249.818,1253.059,64.51125
2016.10.06 21:00:00,1254.359,1265.399,1241.388,1256.159,66.41503
2016.10.09 21:00:00,1256.931,1264.929,1256.511,1258.209,41.05264
2016.10.10 21:00:00,1259.03,1262.119,1251.228,1251.228,56.78144
2016.10.11 21:00:00,1251.528,1258.836,1249.739,1254.929,51.7688
2016.10.12 21:00:00,1255.608,1262.23,1253.088,1256.859,52.81462
2016.10.13 21:00:00,1258.058,1259.389,1246.058,1250.529,56.56701
2016.10.16 21:00:00,1251.509,1257.111,1250.111,1254.609,49.45647
2016.10.17 21:00:00,1254.929,1264.71,1254.929,1261.179,47.54028
2016.10.18 21:00:00,1262.029,1273.309,1260.252,1268.008,50.85318
2016.10.19 21:00:00,1269.318,1274.368,1264.479,1264.528,45.93964
2016.10.20 21:00:00,1265.858,1267.998,1261.111,1265.899,44.87727
2016.10.23 21:00:00,1265.729,1271.871,1260.401,1263.359,43.28341
2016.10.24 21:00:00,1264.839,1276.611,1262.071,1272.409,43.36033
2016.10.25 21:00:00,1272.479,1276.44,1264.692,1265.979,41.62382
2016.10.26 21:00:00,1266.798,1272.779,1265.061,1267.159,43.22116
2016.10.27 21:00:00,1267.658,1284.158,1261.518,1274.358,46.94851
2016.10.30 21:00:00,1277.208,1279.489,1271.189,1276.009,44.39491
2016.10.31 21:00:00,1276.409,1291.822,1275.479,1286.808,57.79523
2016.11.01 21:00:00,1288.018,1307.961,1287.328,1295.608,64.64377
2016.11.02 21:00:00,1296.158,1306.65,1285.618,1301.158,66.57514
2016.11.03 21:00:00,1302.348,1307.17,1294.711,1303.559,68.56173
2016.11.06 22:00:00,1292.729,1295.811,1278.109,1280.812,60.80057
2016.11.07 22:00:00,1280.812,1290.589,1272.801,1274.382,61.3419
2016.11.08 22:00:00,1275.38,1337.308,1267.949,1277.231,135.6489
2016.11.09 22:00:00,1277.268,1292.209,1252.278,1257.962,90.30208
2016.11.10 22:00:00,1258.148,1265.391,1219.039,1225.982,78.44467
2016.11.13 22:00:00,1226.872,1231.241,1211.538,1220.281,99.73164
2016.11.14 22:00:00,1220.709,1231.54,1218.878,1227.952,72.82301
2016.11.15 22:00:00,1228.229,1232.998,1221.458,1224.172,71.60468
2016.11.16 22:00:00,1223.598,1231.378,1210.969,1215.541,65.1473
2016.11.17 22:00:00,1215.541,1217.729,1202.898,1207.062,65.7848
2016.11.20 22:00:00,1207.792,1217.583,1205.541,1213.021,56.78142
2016.11.21 22:00:00,1213.058,1220.969,1206.128,1211.028,58.32248
2016.11.22 22:00:00,1212.068,1214.691,1181.702,1187.259,55.75914
2016.11.23 22:00:00,1187.112,1190.768,1180.338,1183.968,36.55255
2016.11.24 22:00:00,1182.379,1193.231,1170.839,1183.778,54.47518
2016.11.27 22:00:00,1183.251,1197.559,1182.229,1192.859,60.95033
2016.11.28 22:00:00,1192.662,1195.058,1181.021,1187.322,65.49881
2016.11.29 22:00:00,1187.322,1194.889,1170.718,1172.381,72.64111
2016.11.30 22:00:00,1172.381,1176.689,1160.691,1170.429,72.4757
2016.12.01 22:00:00,1170.422,1177.961,1166.681,1176.392,64.73781
2016.12.04 22:00:00,1181.661,1188.062,1157.239,1169.179,75.67233
2016.12.05 22:00:00,1169.101,1175.248,1166.879,1169.022,56.62114
2016.12.06 22:00:00,1168.979,1180.189,1165.589,1173.168,55.51021
2016.12.07 22:00:00,1173.012,1178.619,1169.151,1169.671,59.3308
2016.12.08 22:00:00,1170.069,1171.969,1156.268,1158.938,47.13354
2016.12.11 22:00:00,1159.222,1165.749,1151.228,1161.142,59.24588
2016.12.12 22:00:00,1161.979,1164.968,1154.548,1157.491,57.57488
2016.12.13 22:00:00,1157.491,1165.158,1138.671,1142.151,67.67413
2016.12.14 22:00:00,1141.168,1144.379,1122.839,1127.332,76.32291
2016.12.15 22:00:00,1128.138,1141.169,1126.641,1133.851,60.54627
2016.12.18 22:00:00,1134.061,1142.319,1133.921,1136.872,52.55759
2016.12.19 22:00:00,1136.872,1139.689,1125.718,1131.401,66.80198
2016.12.20 22:00:00,1132.562,1137.061,1129.321,1130.542,46.49977
2016.12.21 22:00:00,1131.211,1134.049,1127.461,1127.461,41.68831
2016.12.22 22:00:00,1127.978,1135.769,1127.559,1132.691,13.69858
2016.12.26 22:00:00,1133.178,1150.799,1131.651,1137.801,29.48249
2016.12.27 22:00:00,1137.508,1144.458,1136.482,1140.801,33.97606
2016.12.28 22:00:00,1140.801,1159.539,1140.801,1156.988,37.29825
2016.12.29 22:00:00,1156.962,1163.199,1149.678,1150.312,33.38517
2017.01.02 22:00:00,1150,1164.408,1146.039,1158.102,56.87605
2017.01.03 22:00:00,1157.751,1167.862,1156.138,1162.668,61.04219
2017.01.04 22:00:00,1162.332,1185.038,1162.332,1179.468,82.06029
2017.01.05 22:00:00,1179.461,1182.649,1170.919,1172.158,69.24304
2017.01.08 22:00:00,1172.591,1186.078,1171.588,1180.888,56.39973
2017.01.09 22:00:00,1182.428,1190.609,1180.099,1186.971,59.019
2017.01.10 22:00:00,1186.971,1198.179,1177.098,1190.502,66.68398
2017.01.11 22:00:00,1190.501,1206.929,1190.501,1194.371,64.20128
2017.01.12 22:00:00,1194.138,1200.699,1187.838,1196.668,61.78302
2017.01.15 22:00:00,1200.202,1208.581,1197.849,1202.578,41.8115
2017.01.16 22:00:00,1202.309,1218.798,1201.979,1216.088,71.10434
2017.01.17 22:00:00,1215.911,1217.509,1202.348,1203.229,62.67327
2017.01.18 22:00:00,1203.152,1206.479,1195.849,1203.861,78.69079
2017.01.19 22:00:00,1203.861,1214.898,1198.578,1209.609,75.42571
2017.01.22 22:00:00,1209.462,1219.449,1209.258,1217.311,68.41425
2017.01.23 22:00:00,1217.978,1219.931,1206.549,1207.758,60.6751
2017.01.24 22:00:00,1207.721,1209.779,1193.208,1199.592,65.31142
2017.01.25 22:00:00,1200.361,1202.622,1184.378,1188.058,61.12767
2017.01.26 22:00:00,1187.431,1191.568,1180.548,1190.088,60.7874
2017.01.29 22:00:00,1192.872,1199.399,1188.211,1194.511,62.41502
2017.01.30 22:00:00,1195.159,1215.322,1193.708,1209.601,78.59446
2017.01.31 22:00:00,1209.601,1213.189,1198.148,1208.468,79.7889
2017.02.01 22:00:00,1208.341,1225.288,1208.341,1214.741,80.98207
2017.02.02 22:00:00,1214.889,1221.338,1206.351,1219.538,74.74695
2017.02.05 22:00:00,1219.432,1235.599,1219.158,1234.452,78.35007
2017.02.06 22:00:00,1234.452,1235.709,1227.691,1232.701,65.74753
2017.02.07 22:00:00,1233.009,1244.708,1229.979,1240.582,70.86637
2017.02.08 22:00:00,1240.359,1244.428,1225.6,1227.141,61.77871
2017.02.09 22:00:00,1227.568,1237.069,1221.589,1232.858,76.20158
2017.02.12 22:00:00,1231.479,1232.822,1219.298,1223.851,70.60712
2017.02.13 22:00:00,1223.852,1234.478,1221.839,1226.992,66.91596
2017.02.14 22:00:00,1226.992,1233.182,1216.601,1232.282,60.16725
2017.02.15 22:00:00,1232.558,1242.339,1232.058,1237.921,67.91409
2017.02.16 22:00:00,1238.398,1243.749,1233.728,1233.728,61.65893
2017.02.19 22:00:00,1234.901,1238.941,1232.711,1237.621,33.73095
2017.02.20 22:00:00,1236.989,1238.819,1226.108,1235.048,58.39316
2017.02.21 22:00:00,1234.702,1240.329,1231.179,1236.451,65.69555
2017.02.22 22:00:00,1236.451,1251.078,1235.728,1248.661,68.52111
2017.02.23 22:00:00,1248.661,1260.109,1247.708,1256.428,65.42751
2017.02.26 22:00:00,1257.581,1263.831,1250.938,1251.868,67.2627
2017.02.27 22:00:00,1251.771,1258.358,1247.201,1247.201,59.87116
2017.02.28 22:00:00,1247.201,1250.599,1236.849,1248.561,78.42104
2017.03.01 22:00:00,1248.561,1249.702,1230.919,1232.901,70.49146
2017.03.02 22:00:00,1232.901,1236.288,1222.808,1234.008,75.00001
2017.03.05 22:00:00,1232.731,1236.868,1224.052,1224.242,64.53173
2017.03.06 22:00:00,1224.242,1227.089,1214.142,1214.728,54.47033
2017.03.07 22:00:00,1214.651,1218.489,1206.598,1207.148,57.53532
2017.03.08 22:00:00,1206.881,1208.958,1199.218,1200.028,74.51963
2017.03.09 22:00:00,1199.982,1206.299,1194.848,1203.892,58.96956
2017.03.12 21:00:00,1205.831,1211.129,1202.388,1202.799,62.02002
2017.03.13 21:00:00,1202.328,1207.588,1197.298,1197.898,61.99737
2017.03.14 21:00:00,1198.629,1221.998,1197.548,1218.358,65.19087
2017.03.15 21:00:00,1219.038,1233.698,1217.972,1225.333,74.51717
2017.03.16 21:00:00,1225.333,1231.579,1224.422,1228.528,56.62636
2017.03.19 21:00:00,1229.572,1235.468,1229.261,1234,50.51369
2017.03.20 21:00:00,1234,1247.548,1226.859,1243.559,68.79672
2017.03.21 21:00:00,1244.008,1251.319,1243.948,1247.669,73.7534
2017.03.22 21:00:00,1248.789,1253.272,1242.781,1244.239,72.20662
2017.03.23 21:00:00,1244.029,1251.838,1240.948,1242.469,58.44449
2017.03.26 21:00:00,1246.622,1261.012,1246.621,1253.709,52.14219
2017.03.27 21:00:00,1253.418,1258.319,1247.671,1250.609,49.87484
2017.03.28 21:00:00,1250.589,1254.609,1247.288,1252.578,53.57231
2017.03.29 21:00:00,1253.499,1253.729,1242.233,1242.233,44.68201
2017.03.30 21:00:00,1242.233,1250.542,1239.649,1248.358,49.19967
2017.04.02 21:00:00,1247.378,1253.679,1244.442,1252.178,39.46299
2017.04.03 21:00:00,1252.229,1261.249,1252.178,1255.028,45.17285
2017.04.04 21:00:00,1254.808,1257.311,1243.691,1254.599,54.3281
2017.04.05 21:00:00,1255.429,1258.809,1249.751,1250.819,53.73737
2017.04.06 21:00:00,1251.158,1270.531,1250.558,1253.759,70.28934
2017.04.09 21:00:00,1253.971,1257.041,1247.108,1253.528,51.78911
2017.04.10 21:00:00,1253.928,1275.069,1253.028,1273.479,61.43339
2017.04.11 21:00:00,1273.598,1286.742,1271.942,1285.538,62.22405
2017.04.12 21:00:00,1286.119,1288.562,1281.851,1286.398,63.57885
2017.04.16 21:00:00,1290.271,1295.422,1281.348,1283.569,49.10137
2017.04.17 21:00:00,1283.298,1292.288,1278.898,1288.519,65.56985
2017.04.18 21:00:00,1288.478,1290.692,1274.071,1279.018,61.11935
2017.04.19 21:00:00,1279.788,1283.391,1276.599,1280.659,61.10805
2017.04.20 21:00:00,1281.858,1288.211,1278.471,1284.421,60.50091
2017.04.23 21:00:00,1275.928,1277.392,1265.431,1274.979,65.3975
2017.04.24 21:00:00,1276.218,1278.129,1261.601,1263.098,56.4293
2017.04.25 21:00:00,1262.998,1270.598,1260.008,1267.618,60.67727
2017.04.26 21:00:00,1268.649,1269.522,1261.259,1262.948,55.7109
2017.04.27 21:00:00,1263.718,1268.522,1263.101,1266.769,51.00293
2017.04.30 21:00:00,1268.252,1271.072,1254.189,1255.358,37.21593
2017.05.01 21:00:00,1256.339,1257.728,1251.999,1255.779,49.51188
2017.05.02 21:00:00,1256.378,1256.921,1235.881,1236.638,49.03361
2017.05.03 21:00:00,1237.988,1241.259,1225.701,1226.848,57.29986
2017.05.04 21:00:00,1228.079,1235.561,1226.078,1226.812,55.51384
2017.05.07 21:00:00,1221.688,1236.492,1221.059,1225.6,52.92189
2017.05.08 21:00:00,1225.6,1228.591,1214.259,1220.049,52.76161
2017.05.09 21:00:00,1221.988,1225.619,1217.542,1217.909,48.90522
2017.05.10 21:00:00,1217.888,1227.618,1216.949,1223.699,49.32623
2017.05.11 21:00:00,1224.759,1231.739,1224.428,1227.442,45.56153
2017.05.14 21:00:00,1228.128,1237.281,1226.942,1229.278,47.2361
2017.05.15 21:00:00,1229.278,1239.078,1229.278,1235.688,44.09852
2017.05.16 21:00:00,1236.778,1261.182,1236.421,1259.899,68.90514
2017.05.17 21:00:00,1260.918,1265.002,1246,1246,81.66694
2017.05.18 21:00:00,1246.229,1256.392,1246.118,1255.221,59.6836
2017.05.21 21:00:00,1256.998,1262.558,1251.748,1259.328,54.4322
2017.05.22 21:00:00,1259.599,1263.728,1250.661,1251.14,60.58081
2017.05.23 21:00:00,1251.14,1258.918,1247.952,1257.448,53.17464
2017.05.24 21:00:00,1257.218,1259.629,1253.798,1254.479,50.31263
2017.05.25 21:00:00,1255.278,1269.429,1253.038,1266.492,48.65907
2017.05.28 21:00:00,1267.121,1268.992,1265.021,1266.718,17.41531
2017.05.29 21:00:00,1267.071,1270.439,1259.369,1261.608,46.12561
2017.05.30 21:00:00,1261.958,1274.072,1259.529,1267.529,50.28456
2017.05.31 21:00:00,1268.219,1270.279,1261.488,1264.729,48.44275
2017.06.01 21:00:00,1264.829,1279.472,1259.029,1278.298,52.38041
2017.06.04 21:00:00,1279.758,1283.381,1277.749,1278.379,40.87144
2017.06.05 21:00:00,1278.768,1296.058,1278.739,1292.928,59.97662
2017.06.06 21:00:00,1294.138,1294.908,1282.618,1285.828,58.93832
2017.06.07 21:00:00,1286.719,1288.899,1271.311,1277.651,62.21529
2017.06.08 21:00:00,1280.859,1281.522,1264.628,1266.332,60.7044
2017.06.11 21:00:00,1266.871,1270.351,1263.558,1264.659,54.09804
2017.06.12 21:00:00,1265.138,1268.912,1259.268,1265.279,50.4843
2017.06.13 21:00:00,1266.148,1281.087,1257.138,1259.568,61.5397
2017.06.14 21:00:00,1259.298,1266.656,1251.492,1252.808,56.07865
2017.06.15 21:00:00,1253.759,1257.141,1251.769,1253.241,44.05736
2017.06.18 21:00:00,1254.221,1255.662,1242.538,1242.538,43.78665
2017.06.19 21:00:00,1243.859,1248.092,1241.281,1241.718,44.67122
2017.06.20 21:00:00,1242.748,1247.801,1240.969,1246.341,46.22685
2017.06.21 21:00:00,1245.148,1254.682,1245.148,1249.569,48.14975
2017.06.22 21:00:00,1249.859,1258.811,1249.858,1256.002,39.21531
2017.06.25 21:00:00,1257.121,1257.991,1236.001,1243.808,47.57858
2017.06.26 21:00:00,1244.179,1253.112,1241.341,1245.928,51.21629
2017.06.27 21:00:00,1246.628,1254.849,1246.138,1248.689,54.94032
2017.06.28 21:00:00,1248.429,1253.148,1239.791,1244.249,60.403
2017.06.29 21:00:00,1244.918,1248.222,1239.308,1240.411,55.06358
2017.07.02 21:00:00,1241.621,1242.672,1218.489,1219.089,55.85945
2017.07.03 21:00:00,1219.508,1226.488,1219.508,1222.829,30.31551
2017.07.04 21:00:00,1223.531,1228.801,1217.429,1225.679,57.81081
2017.07.05 21:00:00,1225.679,1229.132,1222.549,1224.761,50.44168
2017.07.06 21:00:00,1224.788,1228.449,1207.251,1212.251,48.21159
2017.07.09 21:00:00,1212.328,1215.581,1204.832,1214.112,40.61014
2017.07.10 21:00:00,1213.879,1217.431,1208.172,1216.489,47.25675
2017.07.11 21:00:00,1216.798,1225.651,1213.389,1219.329,43.80298
2017.07.12 21:00:00,1219.369,1224.419,1216.518,1217.342,44.91929
2017.07.13 21:00:00,1216.888,1232.858,1214.761,1228.501,48.95031
2017.07.16 21:00:00,1229.109,1235.972,1228.211,1232.998,39.89154
2017.07.17 21:00:00,1233.779,1244.521,1232.791,1242.372,48.83869
2017.07.18 21:00:00,1242.319,1243.978,1235.928,1241.172,44.31856
2017.07.19 21:00:00,1240.939,1247.512,1235.281,1244.332,56.86236
2017.07.20 21:00:00,1244.089,1255.701,1243.331,1254.661,53.60363
2017.07.23 21:00:00,1255.122,1258.791,1251.901,1254.309,55.22623
2017.07.24 21:00:00,1254.539,1257.889,1249.078,1249.701,59.18016
2017.07.25 21:00:00,1250.009,1263.508,1243.731,1260.038,62.49374
2017.07.26 21:00:00,1260.472,1265.229,1254.499,1259.021,73.37949
2017.07.27 21:00:00,1258.729,1270.822,1257.331,1268.802,64.21701
2017.07.30 21:00:00,1270.071,1271.129,1265.749,1268.518,54.74807
2017.07.31 21:00:00,1268.958,1274.061,1262.638,1268.731,64.80856
2017.08.01 21:00:00,1268.598,1272.812,1262.848,1266.432,57.58781
2017.08.02 21:00:00,1265.699,1270.799,1257.401,1267.029,60.41807
2017.08.03 21:00:00,1269.229,1270.118,1254.162,1258.072,54.40685
2017.08.06 21:00:00,1258.778,1259.869,1255.712,1256.698,49.62654
2017.08.07 21:00:00,1257.089,1265.181,1251.488,1260.602,55.84244
2017.08.08 21:00:00,1260.399,1278.688,1260.399,1277.131,81.28811
2017.08.09 21:00:00,1277.009,1287.792,1274.598,1286.331,68.9546
2017.08.10 21:00:00,1286.418,1292.011,1281.271,1288.258,64.35725
2017.08.13 21:00:00,1290.121,1290.121,1278.588,1281.771,58.75395
2017.08.14 21:00:00,1281.598,1281.942,1267.278,1271.101,57.46625
2017.08.15 21:00:00,1271.218,1283.782,1267.731,1282.028,62.96233
2017.08.16 21:00:00,1283.498,1290.121,1281.438,1287.73,72.74253
2017.08.17 21:00:00,1288.008,1300.828,1283.481,1283.511,75.92422
2017.08.20 21:00:00,1283.172,1293.702,1280.491,1291.059,56.12027
2017.08.21 21:00:00,1291.279,1292.448,1281.991,1284.721,54.42463
2017.08.22 21:00:00,1285.071,1291.411,1282.711,1289.698,56.94943
2017.08.23 21:00:00,1290.249,1291.171,1284.468,1286.161,61.27426
2017.08.24 21:00:00,1286.322,1294.378,1276.137,1290.672,64.3168
2017.08.27 21:00:00,1292.241,1312.072,1291.779,1309.248,55.39431
2017.08.28 21:00:00,1314.508,1325.951,1304.989,1309.112,77.36178
2017.08.29 21:00:00,1308.868,1313.641,1305.138,1308.561,64.37819
2017.08.30 21:00:00,1308.539,1323.631,1298.288,1320.218,70.5025
2017.08.31 21:00:00,1321.549,1328.809,1316.441,1323.661,62.79838
2017.09.03 21:00:00,1334.521,1339.592,1331.742,1333.902,41.69712
2017.09.04 21:00:00,1334.172,1344.328,1326.259,1339.511,76.5683
2017.09.05 21:00:00,1339.379,1342.429,1331.598,1333.971,69.15829
2017.09.06 21:00:00,1334.179,1349.839,1332.501,1348.985,71.36819
2017.09.07 21:00:00,1348.528,1357.498,1342.711,1346.061,69.85269
2017.09.10 21:00:00,1335.871,1339.982,1326.349,1326.698,56.42158
2017.09.11 21:00:00,1326.618,1332.022,1322.589,1330.929,64.73853
2017.09.12 21:00:00,1333.949,1334.599,1320.991,1322.831,63.34781
2017.09.13 21:00:00,1323.379,1330.808,1315.718,1329.302,60.35173
2017.09.14 21:00:00,1329.258,1334.292,1319.318,1319.642,79.66787
2017.09.17 21:00:00,1319.288,1319.891,1304.602,1306.378,99.27408
2017.09.18 21:00:00,1306.178,1311.642,1305.138,1310.891,106.27147
2017.09.19 21:00:00,1310.968,1315.968,1296.008,1300.742,110.00538
2017.09.20 21:00:00,1301.018,1301.692,1288.161,1290.388,123.50402
2017.09.21 21:00:00,1290.999,1298.689,1290.958,1297.131,101.70462
2017.09.24 21:00:00,1297.972,1311.921,1289.428,1310.551,111.57842
2017.09.25 21:00:00,1310.178,1313.602,1292.169,1293.522,114.00377
2017.09.26 21:00:00,1293.928,1296.208,1281.451,1282.562,107.7476
2017.09.27 21:00:00,1282.108,1288.741,1277.682,1285.578,106.28615
2017.09.28 21:00:00,1286.878,1290.332,1275.751,1278.502,109.56628
2017.10.01 21:00:00,1279.541,1280.072,1269.328,1270.742,96.60793
2017.10.02 21:00:00,1270.168,1274.701,1268.298,1271.471,85.77545
2017.10.03 21:00:00,1271.588,1282.172,1270.592,1274.612,92.21209
2017.10.04 21:00:00,1274.721,1278.962,1266.328,1268.051,91.98089
2017.10.05 21:00:00,1268.159,1276.492,1260.581,1276.262,95.5807
2017.10.08 21:00:00,1276.051,1285.431,1275.251,1283.742,86.1109
2017.10.09 21:00:00,1284.008,1294.169,1282.081,1287.422,102.14577
2017.10.10 21:00:00,1287.808,1293.491,1284.538,1290.378,103.5163
2017.10.11 21:00:00,1291.929,1297.431,1289.631,1292.758,97.98054
2017.10.12 21:00:00,1293.359,1303.772,1290.858,1303.511,100.05766
2017.10.15 21:00:00,1303.131,1306.012,1290.482,1294.209,100.90032
2017.10.16 21:00:00,1294.839,1296.218,1281.518,1285.071,103.73188
2017.10.17 21:00:00,1284.932,1288.851,1276.972,1280.621,99.84418
2017.10.18 21:00:00,1280.599,1290.499,1276.639,1289.128,115.39702
2017.10.19 21:00:00,1289.438,1291.038,1277.921,1280.061,108.44903
2017.10.22 21:00:00,1279.421,1283.231,1272.518,1281.018,101.38491
2017.10.23 21:00:00,1281.848,1283.612,1273.701,1276.591,98.12214
2017.10.24 21:00:00,1276.538,1279.981,1271,1277.051,114.6653
2017.10.25 21:00:00,1277.129,1282.499,1265.682,1266.872,115.76806
2017.10.26 21:00:00,1266.869,1273.972,1263.479,1273.791,114.11232
2017.10.29 21:00:00,1272.779,1278.772,1268.948,1276.132,94.59527
2017.10.30 21:00:00,1276.259,1278.108,1267.661,1270.911,97.04671
2017.10.31 21:00:00,1271.048,1280.849,1267.941,1274.551,107.23375
2017.11.01 21:00:00,1274.408,1284.068,1273.332,1275.902,116.16034
2017.11.02 21:00:00,1276.559,1280.142,1265.469,1269.712,103.24071
2017.11.05 22:00:00,1269.901,1282.862,1266.042,1280.848,113.78592
2017.11.06 22:00:00,1281.721,1281.821,1271.862,1274.872,120.0266
2017.11.07 22:00:00,1275.821,1287.142,1275.821,1281.221,121.54774
2017.11.08 22:00:00,1281.721,1288.699,1279.931,1284.631,140.85151
2017.11.09 22:00:00,1285.292,1287.031,1273.392,1275.3,121.73145
2017.11.12 22:00:00,1274.851,1279.722,1274.261,1277.179,114.41369
2017.11.13 22:00:00,1278.032,1283.552,1269.902,1279.967,122.48728
2017.11.14 22:00:00,1279.821,1289.451,1276.678,1278.102,119.81555
2017.11.15 22:00:00,1278.121,1281.742,1275.101,1278.202,117.0015
2017.11.16 22:00:00,1278.592,1296.941,1278.171,1294.071,123.80397
2017.11.19 22:00:00,1293.372,1294.749,1274.569,1276.591,115.81931
2017.11.20 22:00:00,1277.031,1284.702,1276.37,1280.231,114.64388
2017.11.21 22:00:00,1280.432,1294.658,1279.05,1291.108,120.86805
2017.11.22 22:00:00,1291.871,1293.502,1287.041,1291.021,65.80384
2017.11.23 22:00:00,1291.471,1293.202,1285.669,1288.448,98.86787
2017.11.26 22:00:00,1289.121,1299.168,1286.721,1294.272,96.29919
2017.11.27 22:00:00,1294.341,1297.377,1290.601,1292.568,98.10221
2017.11.28 22:00:00,1293.461,1296.621,1281.991,1283.472,117.90651
2017.11.29 22:00:00,1283.831,1285.232,1270.371,1274.158,124.49792
2017.11.30 22:00:00,1274.361,1289.209,1271.619,1280.201,126.53155
2017.12.03 22:00:00,1274.522,1277.131,1271.051,1275.852,104.77685
2017.12.04 22:00:00,1275.981,1276.982,1260.932,1265.571,112.07234
2017.12.05 22:00:00,1266.142,1269.218,1262.289,1262.398,125.06113
2017.12.06 22:00:00,1263.031,1264.422,1243.901,1246.109,121.33167
2017.12.07 22:00:00,1247.301,1252.312,1243.639,1248.371,104.63355
2017.12.10 22:00:00,1247.121,1251.518,1240.672,1241.691,94.9845
2017.12.11 22:00:00,1241.631,1246.179,1236.461,1244.322,99.65836
2017.12.12 22:00:00,1244.151,1257.068,1240.248,1255.532,112.46063
2017.12.13 22:00:00,1255.031,1259.022,1250.461,1252.028,108.66643
2017.12.14 22:00:00,1252.721,1261.809,1252.611,1254.972,115.41925
2017.12.17 22:00:00,1254.771,1263.922,1252.742,1261.289,104.51916
2017.12.18 22:00:00,1261.922,1265.212,1259.211,1261.542,97.89303
2017.12.19 22:00:00,1261.462,1267.839,1261.341,1265.311,102.50468
2017.12.20 22:00:00,1265.332,1268.959,1262.749,1266.371,87.67944
2017.12.21 22:00:00,1266.431,1276.121,1264.941,1274.752,95.77107
2017.12.25 22:00:00,1274.271,1283.798,1273.248,1282.762,50.28002
2017.12.26 22:00:00,1282.862,1288.979,1281.311,1287.072,84.77233
2017.12.27 22:00:00,1286.832,1295.171,1286.741,1293.559,105.36951
2017.12.28 22:00:00,1294.642,1307.552,1293.791,1302.622,97.39168
2018.01.01 22:00:00,1302.922,1318.852,1302.231,1316.958,109.81305
2018.01.02 22:00:00,1317.502,1321.401,1307.428,1312.851,112.08081
2018.01.03 22:00:00,1313.402,1325.969,1305.869,1322.432,104.53045
2018.01.04 22:00:00,1322.441,1323.362,1313.639,1319.221,104.37661
2018.01.07 22:00:00,1320.422,1322.101,1314.781,1320.231,90.21778
2018.01.08 22:00:00,1320.281,1320.302,1308.822,1311.848,106.85383
2018.01.09 22:00:00,1312.292,1327.691,1308.168,1316.391,113.36414
2018.01.10 22:00:00,1316.571,1323.902,1315.678,1321.489,100.07228
2018.01.11 22:00:00,1322.471,1339.301,1321.501,1337.532,105.54301
2018.01.14 22:00:00,1336.621,1344.672,1335.842,1339.938,68.51995
2018.01.15 22:00:00,1340.221,1342.221,1331.841,1338.261,111.42489
2018.01.16 22:00:00,1338.512,1343.931,1325.911,1326.011,114.21891
2018.01.17 22:00:00,1327.031,1333.089,1324.251,1326.637,112.64275
2018.01.18 22:00:00,1326.831,1338.039,1326.231,1331.601,105.70815
2018.01.21 22:00:00,1334.041,1335.627,1328.409,1333.831,99.43414
2018.01.22 22:00:00,1333.791,1341.771,1331.342,1340.907,116.27785
2018.01.23 22:00:00,1341.542,1361.991,1339.451,1357.358,116.17984
2018.01.24 22:00:00,1357.502,1366.002,1342.408,1347.698,126.24213
2018.01.25 22:00:00,1347.231,1357.111,1344.611,1349.198,97.36099
2018.01.28 22:00:00,1349.639,1352.358,1337.601,1339.969,81.39152
2018.01.29 22:00:00,1340.652,1348.882,1334.421,1338.248,105.81095
2018.01.30 22:00:00,1338.372,1347.522,1332.639,1344.628,93.7954
2018.01.31 22:00:00,1344.852,1351.009,1337.211,1348.248,96.38672
2018.02.01 22:00:00,1348.641,1350.049,1327.401,1332.598,104.032
2018.02.04 22:00:00,1332.021,1341.591,1328.971,1339.179,103.87325
2018.02.05 22:00:00,1339.641,1346.062,1320.178,1323.848,154.67402
2018.02.06 22:00:00,1323.701,1332.279,1311.368,1318.119,120.43237
2018.02.07 22:00:00,1317.702,1322.151,1307.018,1318.358,127.63974
2018.02.08 22:00:00,1317.741,1322.671,1311.138,1315.688,129.57007
2018.02.11 22:00:00,1315.272,1326.631,1314.129,1322.359,84.89139
2018.02.12 22:00:00,1322.428,1330.991,1321.558,1329.199,91.29264
2018.02.13 22:00:00,1329.321,1355.54,1318,1350.308,114.80107
2018.02.14 22:00:00,1349.642,1357.079,1348.548,1353.148,99.01798
2018.02.15 22:00:00,1353.311,1361.682,1344.749,1346.878,91.55067
2018.02.18 22:00:00,1347.462,1351.351,1345.789,1346.432,63.74128
2018.02.19 22:00:00,1346.221,1348.188,1328.451,1328.879,108.26552
2018.02.20 22:00:00,1329.189,1336.208,1322.341,1324.319,87.75719
2018.02.21 22:00:00,1324.048,1332.082,1320.898,1331.728,111.86377
2018.02.22 22:00:00,1331.511,1332.111,1325.768,1328.478,88.39011
2018.02.25 22:00:00,1328.162,1341.042,1326.631,1333.048,87.86396
2018.02.26 22:00:00,1333.148,1336.699,1313.389,1317.948,98.16299
2018.02.27 22:00:00,1317.639,1322.522,1315.581,1317.859,115.59696
2018.02.28 22:00:00,1317.921,1321.118,1302.758,1316.618,116.24523
2018.03.01 22:00:00,1316.861,1325.411,1315.178,1322.358,123.06589
2018.03.04 22:00:00,1323.672,1327.752,1317.508,1319.769,131.37051
2018.03.05 22:00:00,1319.932,1338.449,1319.839,1334.288,129.56158
2018.03.06 22:00:00,1337.551,1340.468,1322.172,1325.208,146.12539
2018.03.07 22:00:00,1325.221,1328.992,1319.008,1321.699,113.49662
2018.03.08 22:00:00,1321.681,1325.118,1312.829,1322.909,53.63496
2018.03.11 21:00:00,1323.272,1324.219,1315.048,1322.851,51.88649
2018.03.12 21:00:00,1322.728,1328.268,1313.938,1326.181,63.18552
2018.03.13 21:00:00,1325.769,1329.989,1321.458,1324.581,44.73532
2018.03.14 21:00:00,1324.418,1327.892,1315,1316.001,27.95714
2018.03.15 21:00:00,1316.169,1321.698,1309.619,1314.082,28.11588
2018.03.18 21:00:00,1313.138,1319.592,1307.739,1316.652,29.15481
2018.03.19 21:00:00,1316.568,1318.209,1307.171,1311.151,28.35797
2018.03.20 21:00:00,1310.949,1336.582,1309.808,1332.081,40.06181
2018.03.21 21:00:00,1331.858,1334.838,1324.761,1328.831,37.97655
2018.03.22 21:00:00,1328.928,1350.218,1328.928,1346.981,42.01385
2018.03.25 21:00:00,1347.122,1355.872,1343.439,1352.378,32.71772
2018.03.26 21:00:00,1353.429,1356.788,1339.818,1344.772,36.08521
2018.03.27 21:00:00,1345.138,1346.972,1323.5,1324.821,40.2337
2018.03.28 21:00:00,1324.468,1328.269,1321.178,1325.071,31.73779
2018.04.01 21:00:00,1325.742,1344.792,1324.811,1341.121,41.01428
2018.04.02 21:00:00,1340.478,1342.491,1329,1332.672,34.96343
2018.04.03 21:00:00,1332.628,1348.218,1331.469,1333.071,40.03345
2018.04.04 21:00:00,1332.578,1334.848,1322.737,1326.371,31.15789
2018.04.05 21:00:00,1326.138,1335.361,1319.651,1332.991,46.28266
2018.04.08 21:00:00,1333.971,1337.902,1326.811,1336.172,40.97848
2018.04.09 21:00:00,1336.088,1342.578,1331.049,1339.272,38.5526
2018.04.10 21:00:00,1339.068,1365.172,1339.039,1352.299,53.00225
2018.04.11 21:00:00,1352.678,1353.151,1333.722,1334.772,42.23423
2018.04.12 21:00:00,1334.619,1347.111,1333.178,1345.241,39.78254
2018.04.15 21:00:00,1345.941,1350.439,1340.102,1345.572,35.4958
2018.04.16 21:00:00,1345.608,1349.341,1337.648,1346.92,31.63887
2018.04.17 21:00:00,1347.469,1355.652,1342.251,1349.221,32.55548
2018.04.18 21:00:00,1349.179,1354.662,1340.909,1345.391,38.37715
2018.04.19 21:00:00,1345.928,1346.262,1335,1335.142,28.51503
2018.04.22 21:00:00,1334.171,1335.419,1322.078,1324.621,31.3515
2018.04.23 21:00:00,1324.419,1332.631,1322,1329.559,30.03149
2018.04.24 21:00:00,1329.818,1331.982,1318.721,1322.972,23.44084
2018.04.25 21:00:00,1322.819,1326.521,1315.198,1316.822,25.88218
2018.04.26 21:00:00,1316.699,1325.162,1315.258,1323.218,22.18097
2018.04.29 21:00:00,1322.909,1325.348,1310.168,1315.081,22.93911
2018.04.30 21:00:00,1314.959,1316.292,1301.678,1303.821,25.6005
2018.05.01 21:00:00,1303.809,1313.361,1303.748,1304.148,29.55609
2018.05.02 21:00:00,1304.358,1318.068,1304.348,1311.971,25.84917
2018.05.03 21:00:00,1311.778,1315.411,1308,1314.811,27.92933
2018.05.06 21:00:00,1315.058,1318.889,1310.198,1314.121,27.34717
2018.05.07 21:00:00,1313.428,1317.762,1306.028,1313.409,32.25753
2018.05.08 21:00:00,1314.578,1317.382,1304.201,1312.621,30.54925
2018.05.09 21:00:00,1312.378,1322.831,1310.698,1320.228,30.04342
2018.05.10 21:00:00,1321.248,1325.901,1317.202,1317.909,24.16945
2018.05.13 21:00:00,1318.291,1322.311,1312.911,1313.121,20.12758
2018.05.14 21:00:00,1312.618,1314.819,1288.662,1290.261,31.29044
2018.05.15 21:00:00,1289.768,1296.829,1286.349,1290.572,29.44456
2018.05.16 21:00:00,1290.209,1294.348,1285.081,1290.721,27.72293
2018.05.17 21:00:00,1290.658,1294.151,1286.038,1292.868,24.61678
2018.05.20 21:00:00,1290.421,1293.081,1282.029,1292.522,24.84723
2018.05.21 21:00:00,1292.798,1296.121,1287.898,1291.021,25.48778
2018.05.22 21:00:00,1290.908,1298.442,1287.879,1293.101,34.62326
2018.05.23 21:00:00,1294.089,1306.581,1292.718,1304.672,35.17835
2018.05.24 21:00:00,1304.318,1307.758,1299.809,1301.349,36.97379
2018.05.27 21:00:00,1299.588,1300.282,1295.448,1298.018,21.87412
2018.05.28 21:00:00,1297.551,1306.608,1292.738,1298.871,42.14847
2018.05.29 21:00:00,1298.218,1304.338,1295.858,1300.797,35.50294
2018.05.30 21:00:00,1301.178,1306.418,1297.391,1298.172,34.36505
2018.05.31 21:00:00,1298.719,1300.521,1289.252,1292.811,26.03953
2018.06.03 21:00:00,1292.622,1298.021,1290.3,1290.888,26.35734
2018.06.04 21:00:00,1292.188,1300.472,1289.868,1295.767,25.76167
2018.06.05 21:00:00,1296.088,1301.772,1293.739,1296.282,23.5123
2018.06.06 21:00:00,1296.338,1303.099,1294.839,1296.337,25.55383
2018.06.07 21:00:00,1296.879,1300.539,1293.252,1298.438,28.6245
2018.06.10 21:00:00,1299.778,1302.209,1294.059,1299.841,18.89101
2018.06.11 21:00:00,1298.679,1300.472,1293.218,1295.451,22.94228
2018.06.12 21:00:00,1295.848,1301.191,1291.409,1299.322,25.86822
2018.06.13 21:00:00,1299.248,1309.271,1297.488,1301.861,33.16161
2018.06.14 21:00:00,1302.278,1303.062,1275.348,1279.558,38.89318
2018.06.17 21:00:00,1277.272,1282.342,1276.978,1278,31.744
2018.06.18 21:00:00,1278.128,1284.028,1270.388,1273.908,33.79351
2018.06.19 21:00:00,1274.549,1276.372,1267.331,1267.671,35.31124
2018.06.20 21:00:00,1267.418,1270.079,1261.352,1267,31.84161
2018.06.21 21:00:00,1267,1271.146,1266.688,1269.071,28.35944
2018.06.24 21:00:00,1270.001,1272.551,1264.481,1264.729,37.79836
2018.06.25 21:00:00,1265.608,1267.629,1254.788,1258.308,43.02888
2018.06.26 21:00:00,1258.609,1260.048,1250.671,1251.359,53.30345
2018.06.27 21:00:00,1251.659,1254.238,1245.918,1247.609,43.37338
2018.06.28 21:00:00,1247.788,1255.569,1246.109,1252.529,48.667
2018.07.01 21:00:00,1251.521,1254.178,1239.638,1241.028,42.2396
2018.07.02 21:00:00,1240.978,1256.822,1237.949,1252.312,41.44018
2018.07.03 21:00:00,1252.099,1261.051,1252,1256.808,31.08969
2018.07.04 21:00:00,1256.689,1259.699,1251.279,1256.649,39.5642
2018.07.05 21:00:00,1257.158,1258.881,1252.778,1254.768,35.76505
2018.07.08 21:00:00,1255.348,1265.868,1254.728,1257.581,30.92297
2018.07.09 21:00:00,1257.289,1260.309,1247.299,1255.272,35.95276
2018.07.10 21:00:00,1255.589,1256.849,1241.498,1241.901,47.30621
2018.07.11 21:00:00,1241.588,1248.528,1241.258,1246.741,41.44803
2018.07.12 21:00:00,1247.109,1248.058,1236.338,1241.439,42.15386
2018.07.15 21:00:00,1240.969,1245.528,1238.288,1240.661,35.39664
2018.07.16 21:00:00,1240.418,1244.939,1226.018,1227.521,39.74123
2018.07.17 21:00:00,1227.108,1229.118,1221.058,1227.202,35.15591
2018.07.18 21:00:00,1227.099,1228.998,1211.509,1222.682,50.69163
2018.07.19 21:00:00,1223.008,1232.228,1215.659,1231.551,50.41264
2018.07.22 21:00:00,1231.371,1235.082,1222.3,1224.372,48.44132
2018.07.23 21:00:00,1224.279,1229.479,1218.101,1224.222,42.24176
2018.07.24 21:00:00,1224.039,1234.182,1223.208,1231.371,42.95509
2018.07.25 21:00:00,1231.389,1235.131,1222.289,1222.422,41.65334
2018.07.26 21:00:00,1222.859,1227.312,1217.538,1222.679,40.71839
2018.07.29 21:00:00,1222.622,1225.029,1219.008,1220.698,31.77498
2018.07.30 21:00:00,1221.598,1228.519,1213.938,1222.648,46.50764
2018.07.31 21:00:00,1223.329,1224.762,1215.777,1215.777,37.47498
2018.08.01 21:00:00,1215.678,1221.268,1206.829,1206.859,39.99958
2018.08.02 21:00:00,1207.828,1219.978,1204.5,1213.218,44.75312
2018.08.05 21:00:00,1213.532,1217.828,1205.549,1205.549,35.438
2018.08.06 21:00:00,1207.188,1216.109,1207.068,1210.438,36.14253
2018.08.07 21:00:00,1210.638,1215.801,1206.431,1213.465,34.24254
2018.08.08 21:00:00,1213.619,1217.239,1210.749,1211.832,32.7993
2018.08.09 21:00:00,1212.288,1217.072,1205.668,1210.988,52.80742
2018.08.12 21:00:00,1210.672,1213.818,1191.619,1193.401,51.28946
2018.08.13 21:00:00,1194.088,1198.679,1191.998,1193.972,40.0281
2018.08.14 21:00:00,1194.089,1194.619,1173.071,1174.621,50.20219
2018.08.15 21:00:00,1175.619,1181.992,1160.168,1173.971,55.60354
2018.08.16 21:00:00,1173.709,1185.002,1171.838,1184.678,48.29684
2018.08.19 21:00:00,1183.329,1190.782,1182.778,1190.471,38.10039
2018.08.20 21:00:00,1190.318,1196.959,1187.638,1196.121,43.89824
2018.08.21 21:00:00,1196.798,1201.558,1192.572,1195.601,44.17154
2018.08.22 21:00:00,1195.829,1196.542,1183.859,1185.052,42.78366
2018.08.23 21:00:00,1185.219,1208.512,1183.118,1205.592,44.67708
2018.08.26 21:00:00,1206.868,1212.399,1203.111,1211.098,36.21683
2018.08.27 21:00:00,1211.369,1214.239,1199.599,1200.861,43.16293
2018.08.28 21:00:00,1200.798,1207.228,1200.708,1205.269,41.6403
2018.08.29 21:00:00,1206.499,1207.808,1196.258,1199.592,41.69767
2018.08.30 21:00:00,1200.188,1208.819,1198.229,1200.737,42.65275
2018.09.02 21:00:00,1200.138,1203.808,1195.648,1201.199,25.6242
2018.09.03 21:00:00,1201.519,1201.969,1189.569,1191.131,42.62959
2018.09.04 21:00:00,1191.208,1198.331,1190.878,1196.287,35.15731
2018.09.05 21:00:00,1196.469,1206.941,1195.778,1199.649,39.92609
2018.09.06 21:00:00,1199.828,1203.481,1193.418,1195.629,47.30721
2018.09.09 21:00:00,1195.018,1198.439,1191.498,1195.722,36.50821
2018.09.10 21:00:00,1194.969,1199.368,1187.698,1198.521,37.16438
2018.09.11 21:00:00,1198.008,1208.429,1192.658,1206.122,43.48041
2018.09.12 21:00:00,1206.778,1212.609,1200.148,1201.271,41.51278
2018.09.13 21:00:00,1201.198,1208.512,1192.878,1193.249,43.31851
2018.09.16 21:00:00,1193.971,1204.779,1192.758,1201.022,36.49476
2018.09.17 21:00:00,1201.348,1203.492,1195.838,1198.021,46.22032
2018.09.18 21:00:00,1197.939,1206.169,1197.521,1203.771,39.14634
2018.09.19 21:00:00,1203.869,1208.372,1201.269,1206.931,41.02911
2018.09.20 21:00:00,1207.179,1211.012,1191.789,1199.468,45.38967
2018.09.23 21:00:00,1198.819,1204.138,1194.399,1198.548,31.39916
2018.09.24 21:00:00,1198.438,1203.269,1197.078,1199.908,33.62449
2018.09.25 21:00:00,1200.718,1202.428,1190.478,1194.172,37.17152
2018.09.26 21:00:00,1194.659,1198.509,1182,1182.411,40.63564
2018.09.27 21:00:00,1182.438,1193.841,1180.718,1191.762,47.41753
2018.09.30 21:00:00,1192.309,1192.339,1184.541,1188.641,41.94082
2018.10.01 21:00:00,1188.628,1208.211,1188.419,1202.871,49.51953
2018.10.02 21:00:00,1203.168,1208.278,1196.766,1197.171,46.03321
2018.10.03 21:00:00,1197.478,1206.702,1195.968,1199.721,53.5864
2018.10.04 21:00:00,1199.661,1205.759,1197.238,1202.691,44.0254
2018.10.07 21:00:00,1203.038,1204.039,1182.542,1187.688,41.32515
2018.10.08 21:00:00,1188.238,1191.838,1183.258,1189.622,44.74959
2018.10.09 21:00:00,1189.248,1194.731,1185.308,1194.401,48.87547
2018.10.10 21:00:00,1194.758,1226.282,1191.229,1223.248,72.09896
2018.10.11 21:00:00,1224.029,1224.088,1215.798,1217.768,52.33458
2018.10.14 21:00:00,1217.529,1233.238,1216.808,1226.568,46.17784
2018.10.15 21:00:00,1226.768,1232.361,1223.401,1224.372,36.1589
2018.10.16 21:00:00,1224.309,1229.451,1220.549,1222.111,38.03384
2018.10.17 21:00:00,1221.948,1230.091,1218.638,1225.451,44.91883
2018.10.18 21:00:00,1225.548,1230.752,1223.058,1225.981,38.34862
2018.10.21 21:00:00,1227.242,1229.551,1220.011,1221.838,33.12998
2018.10.22 21:00:00,1221.811,1239.712,1221.691,1229.861,39.10984
2018.10.23 21:00:00,1230.429,1233.651,1225.579,1233.382,36.9594
2018.10.24 21:00:00,1234.168,1239.171,1228.079,1231.868,41.65223
2018.10.25 21:00:00,1231.688,1243.378,1230.008,1233.333,48.52005
2018.10.28 21:00:00,1233.547,1235.383,1224.223,1229.216,46.65519
2018.10.29 21:00:00,1229.896,1230.494,1219.85,1222.793,38.53703
2018.10.30 21:00:00,1223.01,1223.193,1211.8,1214.443,37.12441
2018.10.31 21:00:00,1214.99,1237.328,1214.593,1232.978,43.34325
2018.11.01 21:00:00,1233.765,1236.348,1229.665,1232.625,46.25608
2018.11.04 22:00:00,1232.598,1235.048,1226.798,1231.145,29.14916
2018.11.05 22:00:00,1231.438,1235.868,1223.418,1226.515,30.21191
2018.11.06 22:00:00,1226.838,1236.418,1222.945,1226.085,46.3907
2018.11.07 22:00:00,1226.358,1227.035,1220.028,1223.245,44.0474
2018.11.08 22:00:00,1223.438,1223.555,1206.635,1209.635,35.76877
2018.11.11 22:00:00,1208.925,1211.395,1200.338,1200.338,31.93828
2018.11.12 22:00:00,1200.538,1205.115,1196.195,1201.998,42.86563
2018.11.13 22:00:00,1202.288,1216.458,1197.605,1210.545,51.92318
2018.11.14 22:00:00,1210.868,1216.378,1207.528,1212.975,48.77459
2018.11.15 22:00:00,1213.465,1225.218,1213.068,1221.085,46.53104
2018.11.18 22:00:00,1221.935,1225.288,1217.955,1223.735,25.78001
2018.11.19 22:00:00,1223.918,1228.698,1219.838,1221.305,41.10894
2018.11.20 22:00:00,1221.695,1230.078,1219.695,1225.655,24.74438
2018.11.21 22:00:00,1225.918,1229.015,1224.795,1227.165,14.6168
2018.11.22 22:00:00,1226.848,1228.488,1220.258,1222.885,24.436
2018.11.25 22:00:00,1223.298,1227.958,1221.635,1221.925,24.70733
2018.11.26 22:00:00,1221.828,1225.195,1211.835,1214.685,27.03801
2018.11.27 22:00:00,1214.778,1226.648,1211.128,1220.855,27.75896
2018.11.28 22:00:00,1221.005,1228.918,1220.398,1223.875,29.46686
2018.11.29 22:00:00,1224.148,1225.475,1216.605,1222.025,27.64119
2018.12.02 22:00:00,1222.948,1234.898,1221.205,1230.335,32.72358
2018.12.03 22:00:00,1230.948,1241.878,1230.418,1238.165,35.85243
2018.12.04 22:00:00,1238.918,1239.168,1233.245,1236.925,22.655
2018.12.05 22:00:00,1237.475,1244.248,1234.685,1237.405,42.46181
2018.12.06 22:00:00,1237.725,1249.968,1237.218,1248.205,36.52096
2018.12.09 22:00:00,1249.675,1250.828,1241.515,1244.125,37.74073
2018.12.10 22:00:00,1244.435,1249.425,1240.958,1242.795,31.53603
2018.12.11 22:00:00,1242.998,1247.178,1241.905,1245.265,34.82193
2018.12.12 22:00:00,1245.948,1246.668,1240.048,1241.585,26.90252
2018.12.13 22:00:00,1241.635,1242.948,1232.858,1238.115,30.25826
2018.12.16 22:00:00,1239.015,1248.038,1235.725,1245.495,27.39945
2018.12.17 22:00:00,1245.705,1250.348,1244.995,1249.331,23.68811
2018.12.18 22:00:00,1249.775,1257.955,1241.605,1242.705,35.66569
2018.12.19 22:00:00,1243.115,1266.398,1242.655,1259.495,45.08598
2018.12.20 22:00:00,1259.975,1262.658,1254,1255.435,40.68623
2018.12.23 22:00:00,1257.348,1269.955,1256.848,1268.935,32.38466
2018.12.25 22:00:00,1268.765,1279.018,1264.168,1266.745,28.43053
2018.12.26 22:00:00,1266.585,1278.928,1266.335,1275.335,57.20882
2018.12.27 22:00:00,1275.105,1282.068,1274.205,1280.555,45.65105
2018.12.30 22:00:00,1280.235,1283.998,1277.365,1282.185,28.33191
2019.01.01 22:00:00,1282.295,1288.668,1278.625,1284.215,37.16176
2019.01.02 22:00:00,1285.105,1294.855,1284.485,1293.865,53.8357
2019.01.03 22:00:00,1293.885,1298.538,1276.565,1284.945,48.93126
2019.01.06 22:00:00,1285.048,1294.998,1282.555,1288.895,32.57704
2019.01.07 22:00:00,1288.875,1290.158,1279.315,1284.845,32.74386
2019.01.08 22:00:00,1284.755,1293.848,1280,1293.145,30.37811
2019.01.09 22:00:00,1293.465,1297.018,1286.035,1286.285,33.41074
2019.01.10 22:00:00,1286.565,1295.088,1286.535,1287.175,34.89245
2019.01.13 22:00:00,1287.348,1295.805,1287.248,1291.358,29.27657
2019.01.14 22:00:00,1291.825,1294.685,1286.665,1289.125,32.21773
2019.01.15 22:00:00,1289.685,1294.915,1287.805,1293.335,29.01904
2019.01.16 22:00:00,1293.915,1295.318,1288.875,1291.625,33.5155
2019.01.17 22:00:00,1292.065,1292.375,1280.555,1281.265,28.08576
2019.01.20 22:00:00,1281.455,1283.465,1276.718,1280.138,11.60429
2019.01.21 22:00:00,1279.535,1285.425,1277.365,1284.825,28.31668
2019.01.22 22:00:00,1284.905,1286.438,1278.605,1282.395,24.24424
2019.01.23 22:00:00,1282.665,1284.725,1276.585,1280.855,29.27263
2019.01.24 22:00:00,1280.725,1303.525,1280,1302.935,28.8953
2019.01.27 22:00:00,1301.335,1304.335,1297.615,1302.965,22.15096
2019.01.28 22:00:00,1302.925,1311.948,1302.635,1311.345,29.48362
2019.01.29 22:00:00,1311.255,1323.298,1308.945,1319.035,28.88727
2019.01.30 22:00:00,1320.195,1326.248,1317.385,1320.915,29.12064
2019.01.31 22:00:00,1321.215,1323.465,1316.085,1317.265,24.46464
2019.02.03 22:00:00,1317.925,1318.965,1308.535,1311.795,22.80632
2019.02.04 22:00:00,1312.115,1316.825,1310.625,1314.715,23.68786
2019.02.05 22:00:00,1314.998,1315.765,1305.515,1306.165,25.29937
2019.02.06 22:00:00,1306.445,1311.878,1302.705,1309.745,26.55111
2019.02.07 22:00:00,1309.865,1315.568,1307.698,1313.945,25.07161
2019.02.10 22:00:00,1314.098,1314.815,1303.595,1307.745,23.25903
2019.02.11 22:00:00,1307.975,1314.668,1306.405,1310.475,17.738
2019.02.12 22:00:00,1310.805,1318.078,1304.975,1305.915,23.02808
2019.02.13 22:00:00,1305.685,1314.308,1302.288,1312.075,30.28049
2019.02.14 22:00:00,1312.265,1322.555,1311.328,1321.035,23.0569
2019.02.17 22:00:00,1320.882,1327.545,1320.405,1326.375,10.4248
2019.02.18 22:00:00,1326.145,1341.778,1322.778,1340.565,25.79344
2019.02.19 22:00:00,1340.305,1346.655,1336.798,1338.065,27.36094
2019.02.20 22:00:00,1338.705,1341.425,1320.858,1323.345,53.92529
2019.02.21 22:00:00,1323.495,1333.038,1321.468,1327.885,35.8583
2019.02.24 22:00:00,1328.835,1332.485,1325.115,1327.185,24.82934
2019.02.25 22:00:00,1326.975,1330.128,1323.445,1328.605,23.41146
2019.02.26 22:00:00,1328.335,1329.808,1316.815,1319.465,33.40552
2019.02.27 22:00:00,1319.275,1327.228,1312.518,1312.835,27.95771
2019.02.28 22:00:00,1313.475,1315.138,1290.098,1293.055,41.43109
2019.03.03 22:00:00,1292.705,1296.995,1282.758,1286.498,31.13641
2019.03.04 22:00:00,1286.215,1289.535,1281.128,1287.525,39.97101
2019.03.05 22:00:00,1287.515,1290.885,1283.545,1285.145,33.161
2019.03.06 22:00:00,1285.575,1288.975,1280.485,1285.125,38.26602
2019.03.07 22:00:00,1285.935,1300.708,1285.128,1298.055,39.42715
2019.03.10 21:00:00,1297.765,1299.045,1290.395,1293.255,26.77933
2019.03.11 21:00:00,1293.385,1302.148,1291.988,1300.722,33.88712
2019.03.12 21:00:00,1301.215,1311.168,1300.505,1307.915,29.2528
2019.03.13 21:00:00,1308.735,1310.275,1292.775,1295.155,33.68836
2019.03.14 21:00:00,1295.845,1306.328,1293.928,1301.875,32.00718
2019.03.17 21:00:00,1301.855,1306.668,1298.155,1303.355,22.3963
2019.03.18 21:00:00,1303.498,1310.835,1302.288,1306.255,22.03284
2019.03.19 21:00:00,1305.045,1316.938,1298.605,1311.895,38.59727
2019.03.20 21:00:00,1312.955,1320.305,1303.205,1309.145,34.89622
2019.03.21 21:00:00,1309.115,1314.898,1306.778,1313.075,37.98275
2019.03.24 21:00:00,1313.105,1324.448,1310.958,1321.698,30.72611
2019.03.25 21:00:00,1321.555,1323.165,1312.625,1315.477,36.65803
2019.03.26 21:00:00,1315.505,1319.258,1308.065,1308.305,39.78948
2019.03.27 21:00:00,1309.665,1312.245,1288.455,1289.855,36.40047
2019.03.28 21:00:00,1289.955,1299.745,1286.668,1291.885,33.52296
2019.03.31 21:00:00,1292.025,1296.955,1286.425,1287.365,27.17866
2019.04.01 21:00:00,1287.305,1292.528,1285.145,1292.282,23.5254
2019.04.02 21:00:00,1292.145,1294.488,1288.335,1289.525,26.93898
2019.04.03 21:00:00,1289.895,1294.338,1280.848,1291.995,19.56448
2019.04.04 21:00:00,1292.145,1293.508,1284.325,1291.185,33.90495
2019.04.07 21:00:00,1291.305,1303.648,1291.205,1297.3,18.8133
2019.04.08 21:00:00,1297.365,1306.138,1296.535,1303.695,27.12183
2019.04.09 21:00:00,1303.765,1310.518,1300.858,1307.665,32.14558
2019.04.10 21:00:00,1307.885,1309.108,1289.548,1292.468,29.64048
2019.04.11 21:00:00,1292.175,1295.708,1290,1290.177,26.39951
2019.04.14 21:00:00,1291.075,1291.858,1282.448,1287.165,24.68519
2019.04.15 21:00:00,1287.525,1288.678,1272.905,1276.535,33.71826
2019.04.16 21:00:00,1276.455,1279.688,1272.898,1273.745,31.80378
2019.04.17 21:00:00,1273.575,1277.628,1271.105,1275.475,34.48191
2019.04.21 21:00:00,1275.598,1279.765,1273.725,1274.625,18.90459
2019.04.22 21:00:00,1275.045,1276.428,1266.198,1272.022,25.11681
2019.04.23 21:00:00,1272.025,1278.468,1268.698,1274.735,29.95023
2019.04.24 21:00:00,1275.735,1282.528,1273.308,1276.965,31.46734
2019.04.25 21:00:00,1276.885,1288.608,1273.725,1285.695,32.65584
2019.04.28 21:00:00,1286.275,1286.618,1277.988,1279.465,26.01949
2019.04.29 21:00:00,1279.695,1286.118,1279.465,1282.415,30.68083
2019.04.30 21:00:00,1283.055,1287.188,1273,1276.588,31.3232
2019.05.01 21:00:00,1276.648,1277.945,1266.195,1269.999,33.37577
2019.05.02 21:00:00,1270.525,1282.468,1268.268,1278.775,35.057
2019.05.05 21:00:00,1280.305,1285.728,1276.935,1280.278,43.76989
2019.05.06 21:00:00,1281.035,1286.015,1278.155,1282.997,40.32731
2019.05.07 21:00:00,1283.915,1291.415,1279.275,1280.605,33.16327
2019.05.08 21:00:00,1280.105,1288.138,1279.528,1282.825,53.99858
2019.05.09 21:00:00,1283.915,1289.338,1283.068,1285.505,49.89968
2019.05.12 21:00:00,1287.485,1301.165,1281.935,1299.515,46.24404
2019.05.13 21:00:00,1300.005,1303.245,1293.665,1296.868,32.26963
2019.05.14 21:00:00,1296.695,1300.848,1292.948,1295.915,53.83531
2019.05.15 21:00:00,1296.545,1298.688,1284.035,1285.905,26.52633
2019.05.16 21:00:00,1286.665,1288.868,1274.748,1277.485,30.06511
2019.05.19 21:00:00,1277.535,1278.948,1273.608,1277.087,24.68106
2019.05.20 21:00:00,1277.355,1277.848,1269.455,1274.525,24.2362
2019.05.21 21:00:00,1274.615,1277.268,1272.415,1273.218,22.81608
2019.05.22 21:00:00,1273.235,1287.218,1272.755,1283.298,38.8545
2019.05.23 21:00:00,1283.365,1285.168,1280.695,1284.615,34.37347
2019.05.26 21:00:00,1284.655,1287.318,1283.705,1284.945,17.73449
2019.05.27 21:00:00,1284.925,1286.548,1276.055,1278.345,41.24018
2019.05.28 21:00:00,1279.305,1285.465,1279.015,1279.835,44.84037
2019.05.29 21:00:00,1279.825,1289.158,1274.948,1288.095,29.36116
2019.05.30 21:00:00,1288.045,1306.878,1287.878,1305.295,53.78244
2019.06.02 21:00:00,1306.918,1327.898,1305.835,1323.305,49.09562
2019.06.03 21:00:00,1324.955,1329.005,1319.905,1324.857,48.45169
2019.06.04 21:00:00,1325.088,1344.048,1324.448,1329.862,61.60938
2019.06.05 21:00:00,1331.018,1339.748,1327.158,1334.587,52.55169
2019.06.06 21:00:00,1335.345,1348.198,1330.205,1340.388,49.37443
2019.06.09 21:00:00,1336.848,1337.658,1325.028,1327.748,39.33656
2019.06.10 21:00:00,1327.408,1329.808,1319.815,1326.468,36.9382
2019.06.11 21:00:00,1326.525,1338.348,1325.938,1333.218,38.71074
2019.06.12 21:00:00,1333.895,1343.058,1332.325,1341.342,37.81003
2019.06.13 21:00:00,1342.078,1358.088,1337.738,1340.888,59.52392
2019.06.16 21:00:00,1341.785,1343.505,1332.915,1339.358,37.08228
2019.06.17 21:00:00,1339.685,1354.605,1338.545,1346.328,55.22462
2019.06.18 21:00:00,1346.265,1362.528,1341.195,1359.527,58.12883
2019.06.19 21:00:00,1360.315,1393.928,1357.638,1387.767,80.16635
2019.06.20 21:00:00,1387.195,1411.805,1382.5,1399.158,79.1185
2019.06.23 21:00:00,1400.075,1421.278,1399.648,1419.438,59.57593
2019.06.24 21:00:00,1419.368,1439.138,1411.808,1422.755,75.01598
2019.06.25 21:00:00,1423.815,1424.385,1401.865,1408.022,61.51422
2019.06.26 21:00:00,1409.475,1412.048,1398.548,1409.298,57.01734
2019.06.27 21:00:00,1409.768,1424.568,1405.618,1409.485,48.74296
2019.06.30 21:00:00,1397.165,1397.698,1381.715,1384.168,56.81798
2019.07.01 21:00:00,1383.915,1420.958,1383.255,1417.797,62.89457
2019.07.02 21:00:00,1418.395,1437.688,1411.975,1418.265,59.18477
2019.07.03 21:00:00,1419.245,1421.595,1410.128,1414.735,24.78632
2019.07.04 21:00:00,1416.095,1424.128,1386.518,1398.525,60.00911
2019.07.07 21:00:00,1398.975,1407.508,1391.645,1394.978,36.86324
2019.07.08 21:00:00,1394.985,1400.025,1385.658,1397.192,35.52662
2019.07.09 21:00:00,1396.915,1418.598,1389.838,1418.252,51.28975
2019.07.10 21:00:00,1418.215,1427.078,1400.738,1403.608,51.12136
2019.07.11 21:00:00,1403.785,1416.818,1403.048,1415.145,49.20719
2019.07.14 21:00:00,1415.408,1419.698,1407.655,1412.957,31.27831
2019.07.15 21:00:00,1414.485,1418.158,1400.758,1405.618,40.58841
2019.07.16 21:00:00,1406.545,1426.738,1400.018,1425.858,48.9745
2019.07.17 21:00:00,1428.915,1448.015,1414.578,1445.868,64.80741
2019.07.18 21:00:00,1446.955,1452.888,1420.098,1425.168,60.00866
2019.07.21 21:00:00,1427.598,1429.955,1422.148,1424.378,35.57253
2019.07.22 21:00:00,1425.238,1430.085,1414.138,1417.178,36.93454
2019.07.23 21:00:00,1417.488,1429.445,1416.228,1424.185,28.94762
2019.07.24 21:00:00,1425.525,1433.698,1410.968,1413.998,41.12859
2019.07.25 21:00:00,1414.065,1424.768,1413.228,1417.948,37.89156
2019.07.28 21:00:00,1418.775,1428.078,1414.718,1426.498,28.51409
2019.07.29 21:00:00,1426.485,1433.165,1422.258,1430.488,30.13338
2019.07.30 21:00:00,1431.008,1434.258,1410.385,1412.578,35.12304
2019.07.31 21:00:00,1412.815,1445.948,1400.418,1444.528,51.10637
2019.08.01 21:00:00,1444.795,1449.025,1430.225,1440.568,70.8162
2019.08.04 21:00:00,1439.898,1469.688,1436.648,1463.698,75.23153
2019.08.05 21:00:00,1468.188,1474.815,1456.315,1473.775,62.53905
2019.08.06 21:00:00,1474.185,1510.278,1472.208,1501.188,72.38187
2019.08.07 21:00:00,1500.275,1509.475,1489.948,1500.778,49.31591
2019.08.08 21:00:00,1504.578,1508.948,1494.698,1496.948,44.70213
2019.08.11 21:00:00,1497.515,1520.008,1487.258,1510.528,37.13768
2019.08.12 21:00:00,1510.775,1534.948,1479.715,1500.928,51.3528
2019.08.13 21:00:00,1501.835,1523.968,1494.085,1516.068,65.13921
2019.08.14 21:00:00,1516.435,1526.948,1507.848,1522.84,55.76646
2019.08.15 21:00:00,1523.385,1527.945,1503.635,1512.395,40.16144
2019.08.18 21:00:00,1512.398,1512.928,1493.175,1495.498,35.77228
2019.08.19 21:00:00,1495.838,1508.508,1492.848,1506.898,36.3193
2019.08.20 21:00:00,1507.548,1508.028,1496.445,1502.298,37.05814
2019.08.21 21:00:00,1502.288,1504.518,1492.425,1497.898,36.6095
2019.08.22 21:00:00,1498.268,1530.188,1493.475,1526.598,59.2972
2019.08.25 21:00:00,1535.278,1555.048,1524.955,1527.198,75.85087
2019.08.26 21:00:00,1527.095,1544.608,1525.538,1542.278,49.56488
2019.08.27 21:00:00,1541.988,1546.805,1531.848,1538.798,58.57156
2019.08.28 21:00:00,1539.208,1550.315,1519.608,1527.065,66.4713
2019.08.29 21:00:00,1527.708,1533.055,1517,1519.998,66.48748
2019.09.01 21:00:00,1528.325,1533.948,1519.305,1528.698,26.42628
2019.09.02 21:00:00,1529.515,1549.655,1521.455,1546.698,61.44428
2019.09.03 21:00:00,1546.845,1556.958,1533.825,1551.798,73.07129
2019.09.04 21:00:00,1551.918,1552.918,1506.115,1518.698,67.44557
2019.09.05 21:00:00,1517.218,1527.798,1502.488,1506.398,84.78323
2019.09.08 21:00:00,1507.968,1515.415,1497.548,1498.498,54.51459
2019.09.09 21:00:00,1498.688,1500.948,1484.418,1485.398,52.09167
2019.09.10 21:00:00,1485.618,1498.188,1484.998,1496.798,51.07879
2019.09.11 21:00:00,1496.548,1524.118,1489.208,1498.708,59.95913
2019.09.12 21:00:00,1498.708,1508.938,1485.735,1488.5,56.5988
2019.09.15 21:00:00,1506.838,1512.065,1495.815,1497.898,69.7951
2019.09.16 21:00:00,1498.618,1507.008,1493.408,1500.898,50.38584
2019.09.17 21:00:00,1501.085,1511.558,1483.155,1493.642,44.80232
2019.09.18 21:00:00,1494.088,1504.468,1488.908,1498.428,52.99953
2019.09.19 21:00:00,1499.218,1516.978,1497.878,1516.598,46.01753
2019.09.22 21:00:00,1513.988,1526.748,1510.968,1521.798,52.68554
2019.09.23 21:00:00,1522.078,1535.638,1515.525,1531.798,63.27322
2019.09.24 21:00:00,1531.298,1535.048,1500.375,1503.398,61.493
2019.09.25 21:00:00,1503.928,1512.235,1500.108,1504.198,55.14419
2019.09.26 21:00:00,1504.195,1507.308,1486.768,1496.498,62.0984
2019.09.29 21:00:00,1494.568,1500.465,1464.445,1471.998,56.74974
2019.09.30 21:00:00,1472.048,1487.138,1459.008,1478.222,64.41406
2019.10.01 21:00:00,1478.638,1505.048,1474.455,1499.398,63.67827
2019.10.02 21:00:00,1499.488,1519.488,1495.725,1504.698,61.62583
2019.10.03 21:00:00,1505.348,1515.658,1495.927,1504.298,80.3468
2019.10.06 21:00:00,1511.868,1512.215,1487.958,1492.988,59.42271
2019.10.07 21:00:00,1492.998,1509.618,1486.845,1505.048,94.33669
2019.10.08 21:00:00,1505.598,1512.438,1499.768,1505.198,64.30905
2019.10.09 21:00:00,1505.248,1516.948,1491.015,1493.598,83.25533
2019.10.10 21:00:00,1493.728,1503.115,1473.925,1488.598,73.46392
2019.10.13 21:00:00,1488.128,1497.068,1482.728,1492.798,56.19642
2019.10.14 21:00:00,1493.008,1498.388,1477.098,1480.598,60.05329
2019.10.15 21:00:00,1480.858,1491.478,1476.995,1489.678,82.97923
2019.10.16 21:00:00,1490.198,1497.308,1483.385,1491.398,73.46437
2019.10.17 21:00:00,1491.718,1494.008,1484.825,1489.598,56.80084
2019.10.20 21:00:00,1491.338,1495.208,1481.405,1484.098,40.98336
2019.10.21 21:00:00,1484.198,1488.908,1480.768,1487.198,49.16156
2019.10.22 21:00:00,1487.488,1496.268,1487.488,1491.798,51.68874
2019.10.23 21:00:00,1492.145,1503.948,1487.915,1503.498,56.92746
2019.10.24 21:00:00,1503.328,1517.948,1500.558,1504.198,55.14569
2019.10.27 21:00:00,1504.508,1508.155,1489.948,1492.098,49.33655
2019.10.28 21:00:00,1491.968,1494.715,1483.398,1487.198,42.76009
2019.10.29 21:00:00,1488.015,1496.598,1481.048,1495.198,54.48395
2019.10.30 21:00:00,1495.578,1514.148,1493.628,1512.498,60.16325
2019.10.31 21:00:00,1512.548,1515.938,1503.218,1513.998,52.26179
2019.11.03 22:00:00,1513.908,1514.758,1504.395,1509.345,42.87629
2019.11.04 22:00:00,1509.578,1509.585,1479.275,1483.275,54.38598
2019.11.05 22:00:00,1482.948,1494.118,1482.278,1490.155,45.3298
2019.11.06 22:00:00,1490,1492.148,1460.498,1467.935,68.05063
2019.11.07 22:00:00,1467.788,1472.868,1456.118,1458.485,54.61876
2019.11.10 22:00:00,1459.278,1466.375,1448.155,1455.335,38.15709
2019.11.11 22:00:00,1455.118,1460.335,1445.545,1455.965,63.66745
2019.11.12 22:00:00,1456.188,1466.995,1455.598,1463.025,60.06051
2019.11.13 22:00:00,1463.278,1474.535,1461.038,1470.605,57.19066
2019.11.14 22:00:00,1471.098,1471.248,1462.355,1467.885,40.99599
2019.11.17 22:00:00,1467.158,1473.935,1456.285,1470.985,44.62087
2019.11.18 22:00:00,1471.148,1475.328,1464.898,1471.625,47.91437
2019.11.19 22:00:00,1472.238,1478.728,1465.838,1471.115,57.51798
2019.11.20 22:00:00,1474.818,1475.575,1462.275,1463.535,50.82152
2019.11.21 22:00:00,1464.038,1473.188,1461.295,1461.785,43.46753
2019.11.24 22:00:00,1460.218,1462.085,1453.995,1454.865,36.49895
2019.11.25 22:00:00,1454.638,1462.848,1450,1460.945,42.81399
2019.11.26 22:00:00,1461.098,1461.765,1452.535,1454.025,33.27369
2019.11.27 22:00:00,1454.458,1458.208,1454.195,1455.388,19.03756
2019.11.28 22:00:00,1455.588,1466.528,1453.115,1463.448,31.81347
2019.12.01 22:00:00,1464.048,1465.268,1453.885,1462.055,52.19235
2019.12.02 22:00:00,1462.198,1481.718,1459.768,1477.115,59.67816
2019.12.03 22:00:00,1476.928,1483.988,1471.365,1474.285,56.63444
2019.12.04 22:00:00,1474.488,1480.308,1472.855,1475.685,48.45576
2019.12.05 22:00:00,1475.578,1479.788,1458.635,1459.785,38.87903
2019.12.08 22:00:00,1459.418,1465.318,1458.548,1461.245,29.64916
2019.12.09 22:00:00,1461.348,1469.128,1459.965,1463.745,42.51585
2019.12.10 22:00:00,1463.838,1478.848,1462.598,1474.365,51.81592
2019.12.11 22:00:00,1474.618,1486.708,1463.778,1469.455,58.52457
2019.12.12 22:00:00,1467.728,1477.968,1461.648,1475.455,80.43062
2019.12.15 22:00:00,1475.098,1479.848,1473.108,1475.815,35.44855
2019.12.16 22:00:00,1475.798,1480.488,1474.135,1475.765,32.56439
2019.12.17 22:00:00,1475.698,1479.248,1470.405,1474.305,34.98281
2019.12.18 22:00:00,1475.128,1481.668,1473.205,1478.425,34.63278
2019.12.19 22:00:00,1478.678,1480.908,1475.768,1477.785,25.41553
2019.12.22 22:00:00,1478.128,1486.058,1477.425,1485.285,29.25169
2019.12.23 22:00:00,1485.178,1500.465,1484.298,1498.445,30.81117
2019.12.25 22:00:00,1499.358,1512.548,1497.215,1511.005,37.67544
2019.12.26 22:00:00,1511.158,1515.268,1507.288,1510.775,44.18644
2019.12.29 22:00:00,1511.458,1516.048,1510.715,1514.805,37.26906
2019.12.30 22:00:00,1514.568,1525.235,1514.478,1516.915,46.90955
2020.01.01 22:00:00,1518.768,1531.328,1517.115,1528.825,44.51398
2020.01.02 22:00:00,1528.568,1553.515,1527.848,1551.515,73.18564
2020.01.05 22:00:00,1559.735,1585.625,1559.735,1565.445,73.68005
2020.01.06 22:00:00,1565.108,1577.248,1555.248,1573.945,70.30211
2020.01.07 22:00:00,1575.238,1611.325,1552.178,1556.095,110.24769
2020.01.08 22:00:00,1556.528,1561.285,1540.105,1551.685,56.33239
2020.01.09 22:00:00,1552.198,1563.008,1545.665,1561.785,50.71815
2020.01.12 22:00:00,1561.318,1561.318,1546.408,1547.475,45.00866
2020.01.13 22:00:00,1547.848,1548.745,1535.828,1545.665,65.15492
2020.01.14 22:00:00,1546.258,1558.148,1545.818,1555.775,66.80191
2020.01.15 22:00:00,1556.298,1558.035,1547.975,1551.965,46.00106
2020.01.16 22:00:00,1552.398,1561.155,1549.295,1556.945,40.15834
2020.01.19 22:00:00,1557.128,1562.705,1556.268,1560.478,17.48326
2020.01.20 22:00:00,1560.708,1568.508,1546.238,1557.855,64.62532
2020.01.21 22:00:00,1558.638,1559.168,1550.3,1558.475,47.66825
2020.01.22 22:00:00,1558.498,1567.848,1551.798,1562.455,58.24493
2020.01.23 22:00:00,1562.328,1575.785,1556.455,1571.455,65.77716
2020.01.26 22:00:00,1579.248,1588.345,1575.798,1581.705,75.95812
2020.01.27 22:00:00,1581.348,1582.965,1565.388,1566.835,57.89369
2020.01.28 22:00:00,1566.758,1577.948,1563.335,1576.295,62.1257
2020.01.29 22:00:00,1576.598,1585.888,1572.155,1573.945,75.79937
2020.01.30 22:00:00,1573.778,1590.528,1570.905,1589.325,85.87936
2020.02.02 22:00:00,1593.388,1593.488,1569.188,1576.365,52.73923
2020.02.03 22:00:00,1577.098,1579.545,1548.965,1552.505,50.91658
2020.02.04 22:00:00,1552.508,1562.368,1547.425,1555.685,48.47187
2020.02.05 22:00:00,1555.688,1568.178,1552.385,1566.335,44.0793
2020.02.06 22:00:00,1566.618,1574.008,1559.875,1570.198,86.67534
2020.02.09 22:00:00,1571.248,1576.928,1567.905,1571.755,49.906
2020.02.10 22:00:00,1571.688,1573.978,1561.925,1567.565,54.82625
2020.02.11 22:00:00,1567.578,1570.398,1561.728,1565.715,47.66613
2020.02.12 22:00:00,1565.965,1578.248,1565.495,1575.625,62.63233
2020.02.13 22:00:00,1575.838,1584.948,1572.975,1583.648,44.72505
2020.02.16 22:00:00,1581.858,1583.698,1578.798,1581.008,18.29448
2020.02.17 22:00:00,1584.018,1605.018,1582.298,1601.215,59.92944
2020.02.18 22:00:00,1601.378,1612.888,1599.455,1611.315,57.49626
2020.02.19 22:00:00,1612.118,1623.658,1603.785,1618.955,59.95086
2020.02.20 22:00:00,1619.638,1649.165,1618.895,1643.148,84.29838
2020.02.23 22:00:00,1654.598,1689.255,1650.838,1659.095,116.15978
2020.02.24 22:00:00,1658.828,1663.805,1624.898,1634.385,141.51633
2020.02.25 22:00:00,1635.188,1654.895,1624.785,1640.608,112.68583
2020.02.26 22:00:00,1640.838,1660.368,1635.145,1644.708,191.64726
2020.02.27 22:00:00,1644.108,1649.388,1562.848,1585.435,161.6853
2020.03.01 22:00:00,1591.378,1610.958,1575.315,1589.108,215.10772
2020.03.02 22:00:00,1585.198,1649.208,1584.768,1640.528,190.51577
2020.03.03 22:00:00,1640.258,1652.548,1631.798,1636.578,185.89787
2020.03.04 22:00:00,1637.288,1674.498,1634.888,1671.928,148.07638
2020.03.05 22:00:00,1672.348,1692.088,1642.128,1673.548,178.7032
2020.03.08 21:00:00,1694.895,1703.318,1657.308,1680.118,137.94032
2020.03.09 21:00:00,1679.668,1680.398,1641.495,1648.948,130.60713
2020.03.10 21:00:00,1649.448,1671.158,1632.935,1634.498,107.33341
2020.03.11 21:00:00,1633.778,1649.965,1560.508,1576.748,121.89336
2020.03.12 21:00:00,1579.228,1597.825,1504.398,1529.348,137.51749
2020.03.15 21:00:00,1567.348,1575.305,1451.148,1513.768,118.54728
2020.03.16 21:00:00,1512.078,1553.808,1465.468,1527.838,118.84533
2020.03.17 21:00:00,1527.168,1546.248,1472.625,1485.478,119.93665
2020.03.18 21:00:00,1485.868,1500.828,1463.975,1470.528,87.70838
2020.03.19 21:00:00,1470.308,1516.045,1454.898,1498.698,76.97595
2020.03.22 21:00:00,1503.768,1561.198,1482.258,1552.638,84.48503
2020.03.23 21:00:00,1554.928,1632.918,1552.788,1629.638,47.64439
2020.03.24 21:00:00,1628.728,1639.18,1594.682,1615.258,47.56148
2020.03.25 21:00:00,1615.948,1645.052,1595.301,1627.325,34.2562
2020.03.26 21:00:00,1626.658,1635.238,1612.838,1626.148,38.07059
2020.03.29 21:00:00,1639.458,1639.458,1610.098,1621.905,45.82655
2020.03.30 21:00:00,1619.298,1623.408,1574.188,1575.948,44.28044
2020.03.31 21:00:00,1573.038,1599.988,1567.468,1589.595,49.79344
2020.04.01 21:00:00,1588.468,1619.94,1582.818,1611.118,51.88723
2020.04.02 21:00:00,1611.388,1625.498,1605.625,1617.048,43.64514
2020.04.05 21:00:00,1615.578,1668.648,1609,1660.905,47.53466
2020.04.06 21:00:00,1658.738,1674.828,1642.128,1646.08,63.78568
2020.04.07 21:00:00,1646.08,1656.288,1640.398,1644.258,39.96902
2020.04.08 21:00:00,1644,1689.948,1644,1682.148,46.25532
2020.04.12 21:00:00,1686.218,1722.548,1675,1713.868,47.00403
2020.04.13 21:00:00,1709.478,1747.625,1708.735,1725.875,67.45322
2020.04.14 21:00:00,1727.188,1730.998,1707.518,1716.288,51.95619
2020.04.15 21:00:00,1716.578,1738.648,1707.498,1716.428,62.85084
2020.04.16 21:00:00,1713.928,1719.388,1679.125,1681.998,64.45993
2020.04.19 21:00:00,1679.878,1702.138,1671.598,1694.798,55.31347
2020.04.20 21:00:00,1692.618,1697.796,1659.298,1685.008,61.20525
2020.04.21 21:00:00,1683.238,1718.555,1679.908,1713.058,64.56757
2020.04.22 21:00:00,1713.038,1738.558,1707.328,1729.228,65.94935
2020.04.23 21:00:00,1729.398,1736.208,1710.508,1727.698,62.21054
2020.04.26 21:00:00,1726.388,1727.248,1705.995,1713.358,74.22074
2020.04.27 21:00:00,1713.408,1715.945,1691.678,1707.465,80.41443
2020.04.28 21:00:00,1706.758,1717.398,1697.805,1712.378,64.48004
2020.04.29 21:00:00,1711.598,1721.598,1681.068,1685.998,68.51251
2020.04.30 21:00:00,1684.838,1705.068,1670.418,1698.818,82.95056
2020.05.03 21:00:00,1697.878,1713.228,1691.328,1701.758,51.274
2020.05.04 21:00:00,1700.968,1711.568,1689.788,1704.988,49.3875
2020.05.05 21:00:00,1705.328,1708.071,1682.008,1685.068,50.55536
2020.05.06 21:00:00,1681.518,1721.888,1681.308,1715.248,57.48793
2020.05.07 21:00:00,1715.218,1723.148,1700.545,1701.408,64.90224
2020.05.10 21:00:00,1701.558,1712.058,1691.825,1697.408,66.25676
2020.05.11 21:00:00,1696.038,1710.698,1693.605,1702.068,57.58346
2020.05.12 21:00:00,1700.368,1718.018,1699.348,1715.568,76.03857
2020.05.13 21:00:00,1715.568,1736.348,1710.828,1730.315,63.77758
2020.05.14 21:00:00,1729.248,1751.398,1728.428,1741.628,77.51982
2020.05.17 21:00:00,1734.868,1765.018,1727.458,1732.305,85.08438
2020.05.18 21:00:00,1730.418,1747.818,1726.205,1744.408,85.64683
2020.05.19 21:00:00,1744.288,1753.735,1742.528,1747.628,77.07742
2020.05.20 21:00:00,1747.088,1748.538,1717.155,1727.362,74.09748
2020.05.21 21:00:00,1725.518,1739.955,1724.278,1733.648,59.92436
2020.05.24 21:00:00,1731.308,1734.318,1721.168,1728.075,33.71411
2020.05.25 21:00:00,1727.928,1735.325,1708.558,1710.128,67.77484
2020.05.26 21:00:00,1708.238,1715.895,1693.598,1708.778,67.13059
2020.05.27 21:00:00,1710.378,1727.428,1706.988,1717.438,66.16352
2020.05.28 21:00:00,1716.608,1737.773,1712.428,1728.695,62.91254
2020.05.31 21:00:00,1735.808,1744.525,1727.553,1738.988,67.26102
2020.06.01 21:00:00,1734.288,1745.008,1721.215,1727.158,65.31765
2020.06.02 21:00:00,1726.348,1731.908,1689.245,1699.108,81.48999
2020.06.03 21:00:00,1695.038,1721.863,1695.038,1713.518,69.32588
2020.06.04 21:00:00,1713.058,1715.988,1670.745,1684.758,85.67176
2020.06.07 21:00:00,1674.868,1700.618,1674.868,1697.978,68.71027
2020.06.08 21:00:00,1696.838,1720.668,1692.025,1711.828,73.96005
2020.06.09 21:00:00,1712.788,1739.675,1707.695,1738.158,67.52314
2020.06.10 21:00:00,1737.388,1744.575,1721.445,1727.208,72.18715
2020.06.11 21:00:00,1726.888,1742.948,1722.135,1729.728,70.73509
2020.06.14 21:00:00,1730.258,1735.258,1704.025,1724.885,83.29074
2020.06.15 21:00:00,1724.848,1732.748,1716.535,1726.795,77.38827
2020.06.16 21:00:00,1726.598,1730.165,1712.548,1726.495,60.12093
2020.06.17 21:00:00,1721.198,1737.438,1717.435,1722.355,61.51336
2020.06.18 21:00:00,1718.678,1745.168,1718.678,1743.268,61.70794
2020.06.21 21:00:00,1750.178,1763.058,1742.598,1754.408,84.69979
2020.06.22 21:00:00,1754.438,1770.998,1747.295,1767.648,74.29774
2020.06.23 21:00:00,1768.408,1779.388,1760.138,1760.138,81.64549
2020.06.24 21:00:00,1759.038,1768.785,1753.548,1763.155,68.68016
2020.06.25 21:00:00,1763.258,1771.948,1747.368,1770.898,70.93655
2020.06.28 21:00:00,1774.918,1775.748,1765.538,1772.218,56.52714
2020.06.29 21:00:00,1769.788,1785.85,1764.425,1780.378,59.51813
2020.06.30 21:00:00,1780.278,1789.008,1758.948,1769.598,66.34205
2020.07.01 21:00:00,1769.758,1779.425,1757.438,1774.648,56.42746
2020.07.02 21:00:00,1775.258,1777.048,1772.588,1774.818,24.27695
2020.07.05 21:00:00,1773.368,1786.918,1769.818,1784.098,50.67627
2020.07.06 21:00:00,1782.688,1797.358,1773.398,1794.468,63.70141
2020.07.07 21:00:00,1794.718,1817.848,1791.448,1808.338,58.85018
2020.07.08 21:00:00,1805.018,1815.855,1795.258,1802.988,61.91151
2020.07.09 21:00:00,1801.258,1810.496,1793.935,1798.088,50.32826
2020.07.12 21:00:00,1799.188,1813.198,1797.708,1802.238,53.31121
2020.07.13 21:00:00,1802.538,1810.788,1790.418,1808.878,62.05674
2020.07.14 21:00:00,1807.838,1814.916,1802.228,1809.828,57.35736
2020.07.15 21:00:00,1809.648,1813.138,1794.788,1796.588,52.34929
2020.07.16 21:00:00,1796.458,1811.878,1795.608,1809.248,40.06757
2020.07.19 21:00:00,1808.838,1820.438,1805.565,1817.498,52.29344
2020.07.20 21:00:00,1817.288,1843.398,1815.668,1841.465,67.18644
2020.07.21 21:00:00,1839.208,1871.948,1839.208,1870.908,87.9248
2020.07.22 21:00:00,1871.758,1898.228,1863.909,1886.958,100.87154
2020.07.23 21:00:00,1885.228,1906.458,1881.265,1901.098,74.17445
2020.07.26 21:00:00,1901.988,1945.515,1899.638,1941.978,117.93812
2020.07.27 21:00:00,1941.508,1980.98,1906.645,1957.218,114.64906
2020.07.28 21:00:00,1957.688,1980.798,1941.328,1970.378,80.36718
2020.07.29 21:00:00,1969.588,1971.445,1939.245,1956.148,90.12681
2020.07.30 21:00:00,1956.318,1984.218,1954.908,1975.568,90.13729
2020.08.02 21:00:00,1978.898,1989.148,1960.378,1976.378,74.5938
2020.08.03 21:00:00,1976.348,2019.885,1966.725,2018.548,72.7851
2020.08.04 21:00:00,2018.518,2055.648,2009.338,2037.418,97.58775
2020.08.05 21:00:00,2038.578,2069.595,2034.385,2062.828,86.80534
2020.08.06 21:00:00,2063.348,2074.798,2015.385,2034.298,118.28047
2020.08.09 21:00:00,2033.708,2049.748,2018.638,2026.728,84.75075
2020.08.10 21:00:00,2027.498,2029.935,1901.188,1910.928,120.49192
2020.08.11 21:00:00,1909.408,1949.548,1862.318,1915.138,132.04449
2020.08.12 21:00:00,1915.718,1966.165,1912.608,1952.968,104.74626
2020.08.13 21:00:00,1953.128,1962.075,1932.025,1943.998,92.0414
2020.08.16 21:00:00,1948.718,1990.478,1929.348,1984.948,86.96255
2020.08.17 21:00:00,1984.268,2015.498,1975.898,2001.998,95.39782
2020.08.18 21:00:00,2001.728,2006.355,1924.528,1928.488,109.22789
2020.08.19 21:00:00,1928.438,1955.125,1924.688,1946.668,107.24089
2020.08.20 21:00:00,1946.738,1955.765,1911.238,1939.618,101.11435
2020.08.23 21:00:00,1939.868,1961.788,1923.608,1928.418,84.92612
2020.08.24 21:00:00,1926.628,1937.425,1914.105,1927.658,79.81006
2020.08.25 21:00:00,1930.918,1954.748,1902.678,1953.938,80.26614
2020.08.26 21:00:00,1954.288,1976.578,1909.778,1929.098,94.78483
2020.08.27 21:00:00,1928.718,1973.718,1923.288,1964.428,90.03389
2020.08.30 21:00:00,1965.378,1976.465,1954.125,1967.438,77.21407
2020.08.31 21:00:00,1967.108,1992.298,1963.115,1969.988,88.59309
2020.09.01 21:00:00,1969.408,1973.118,1932.428,1942.468,89.01389
2020.09.02 21:00:00,1942.038,1950.905,1921.658,1930.328,90.05366
2020.09.03 21:00:00,1930.958,1947.655,1916.198,1933.298,84.19423
2020.09.06 21:00:00,1929.788,1941.268,1924.288,1927.998,32.41138
2020.09.07 21:00:00,1929.298,1940.748,1906.428,1931.648,65.13725
2020.09.08 21:00:00,1931.538,1950.775,1919.935,1946.358,49.54462
2020.09.09 21:00:00,1946.388,1966.398,1941.315,1945.408,61.19834
2020.09.10 21:00:00,1944.678,1954.658,1937.008,1938.928,64.63285
2020.09.13 21:00:00,1940.548,1962.385,1937.018,1956.538,52.43042
2020.09.14 21:00:00,1956.998,1972.028,1948.278,1953.848,55.97567
2020.09.15 21:00:00,1953.048,1973.468,1949.798,1958.878,63.56781
2020.09.16 21:00:00,1958.918,1960.865,1932.745,1943.718,66.77169
2020.09.17 21:00:00,1943.648,1959.898,1943.548,1949.718,53.07487
2020.09.20 21:00:00,1949.588,1955.458,1882.375,1912.058,77.77962
2020.09.21 21:00:00,1912.448,1919.888,1894.458,1899.868,76.26344
2020.09.22 21:00:00,1900.008,1905.208,1855.678,1863.158,94.66069
2020.09.23 21:00:00,1863.348,1876.988,1848.635,1867.418,88.29798
2020.09.24 21:00:00,1867.648,1875.075,1852.298,1860.998,72.29687
2020.09.27 21:00:00,1859.448,1882.898,1848.455,1881.218,65.50566
2020.09.28 21:00:00,1880.848,1898.958,1875.308,1897.718,62.75674
2020.09.29 21:00:00,1898.028,1902.115,1881.238,1885.568,69.70064
2020.09.30 21:00:00,1885.538,1912.028,1884.555,1905.818,68.76759
2020.10.01 21:00:00,1904.978,1916.975,1889.638,1898.868,62.15409
2020.10.04 21:00:00,1903.828,1918.575,1886.898,1913.098,53.06337
2020.10.05 21:00:00,1912.568,1921.018,1874.558,1877.748,64.13105
2020.10.06 21:00:00,1878.368,1897.898,1872.748,1886.948,53.35095
2020.10.07 21:00:00,1886.638,1900.498,1881.938,1893.628,48.59836
2020.10.08 21:00:00,1893.538,1930.325,1893.378,1929.618,56.61248
2020.10.11 21:00:00,1928.788,1933.048,1918.158,1922.438,59.6482
2020.10.12 21:00:00,1922.578,1925.355,1886.308,1891.008,67.38272
2020.10.13 21:00:00,1891.078,1912.828,1882.395,1901.448,56.48548
2020.10.14 21:00:00,1901.538,1908.798,1889.438,1908.398,59.90301
2020.10.15 21:00:00,1908.208,1913.808,1897.658,1898.968,47.78975
2020.10.18 21:00:00,1899.668,1918.338,1896.878,1903.778,50.73495
2020.10.19 21:00:00,1903.498,1913.985,1894.618,1906.535,49.49251
2020.10.20 21:00:00,1907.788,1931.298,1907.788,1924.148,53.69682
2020.10.21 21:00:00,1923.798,1925.878,1894.208,1903.828,51.95969
2020.10.22 21:00:00,1903.638,1914.108,1894.198,1901.258,46.14821
2020.10.25 21:00:00,1903.298,1908.458,1891.135,1901.858,54.65305
2020.10.26 21:00:00,1901.658,1911.348,1897.718,1907.668,45.14397
2020.10.27 21:00:00,1907.758,1910.768,1869.208,1876.968,69.93972
2020.10.28 21:00:00,1876.488,1884.858,1859.868,1867.518,68.04755
2020.10.29 21:00:00,1865.898,1889.698,1864.258,1878.438,69.17622
2020.11.01 22:00:00,1876.928,1895.898,1873.308,1894.888,64.73645
2020.11.02 22:00:00,1895.148,1910.465,1886.835,1908.828,52.28999
2020.11.03 22:00:00,1908.738,1916.228,1880.635,1902.288,77.45021
2020.11.04 22:00:00,1903.038,1952.648,1902.028,1949.238,76.77786
2020.11.05 22:00:00,1948.378,1960.198,1935.468,1950.298,67.38807
2020.11.08 22:00:00,1954.688,1965.415,1850.398,1862.078,90.93793
2020.11.09 22:00:00,1864.078,1890.238,1860.138,1877.038,77.06418
2020.11.10 22:00:00,1876.858,1884.378,1856.208,1865.228,59.70531
2020.11.11 22:00:00,1864.598,1883.698,1862.588,1876.588,59.75858
2020.11.12 22:00:00,1876.928,1896.658,1873.978,1888.288,52.84104
2020.11.15 22:00:00,1888.138,1898.928,1864.498,1888.578,62.06167
2020.11.16 22:00:00,1888.663,1893.325,1876.735,1879.998,54.78948
2020.11.17 22:00:00,1879.988,1884.718,1863.508,1871.868,60.98165
2020.11.18 22:00:00,1872.068,1873.968,1852.568,1865.808,59.19604
2020.11.19 22:00:00,1865.668,1879.618,1860.908,1870.318,49.47804
2020.11.22 22:00:00,1869.943,1876.038,1830.778,1837.488,59.14465
2020.11.23 22:00:00,1838.138,1838.948,1799.988,1807.208,73.81322
2020.11.24 22:00:00,1806.838,1817.578,1801.495,1807.498,56.74705
2020.11.25 22:00:00,1807.608,1818.088,1805.634,1810.184,30.04586
2020.11.26 22:00:00,1809.463,1813.778,1774.218,1786.648,43.44688
2020.11.29 22:00:00,1787.208,1789.808,1764.245,1776.598,60.06792
2020.11.30 22:00:00,1776.291,1817.178,1775.685,1814.968,57.6356
2020.12.01 22:00:00,1815.028,1832.338,1807.405,1830.528,49.13799
2020.12.02 22:00:00,1830.178,1843.808,1823.648,1840.778,54.30468
2020.12.03 22:00:00,1840.258,1848.088,1828.988,1838.208,55.93274
2020.12.06 22:00:00,1838.528,1868.448,1821.808,1862.418,50.5712
2020.12.07 22:00:00,1862.248,1875.168,1860.148,1870.168,42.10956
2020.12.08 22:00:00,1870.578,1870.908,1825.363,1839.318,58.15113
2020.12.09 22:00:00,1839.578,1849.958,1828.528,1836.378,49.34017
2020.12.10 22:00:00,1835.948,1847.648,1823.843,1838.998,42.89654
2020.12.13 22:00:00,1840.698,1841.288,1818.268,1826.798,44.65253
2020.12.14 22:00:00,1827.588,1855.242,1825.348,1852.938,39.48167
2020.12.15 22:00:00,1852.774,1865.658,1844.663,1864.118,57.72451
2020.12.16 22:00:00,1863.808,1896.118,1861.898,1885.198,54.31628
2020.12.17 22:00:00,1885.198,1889.538,1877.275,1880.838,47.14483
2020.12.20 22:00:00,1883.818,1906.638,1854.955,1876.328,77.61133
2020.12.21 22:00:00,1876.818,1884.238,1858.845,1859.748,56.08499
2020.12.22 22:00:00,1859.225,1878.348,1856.938,1872.638,50.2028
2020.12.23 22:00:00,1872.538,1883.465,1869.378,1879.125,25.80925
2020.12.27 22:00:00,1882.921,1900.098,1869.018,1873.168,45.35083
2020.12.28 22:00:00,1872.918,1886.278,1871.595,1878.128,39.86061
2020.12.29 22:00:00,1877.388,1894.465,1875.965,1894.078,32.40187
2020.12.30 22:00:00,1894.138,1900.88,1885.308,1897.765,33.75276
2021.01.03 22:00:00,1904.998,1944.348,1903.288,1942.548,58.99008
2021.01.04 22:00:00,1941.228,1952.925,1934.178,1949.698,49.68544
2021.01.05 22:00:00,1949.978,1959.225,1900.755,1917.998,71.50004
2021.01.06 22:00:00,1918.558,1927.518,1906.705,1913.818,58.02939
2021.01.07 22:00:00,1913.828,1917.335,1828.038,1848.508,76.9937
2021.01.10 22:00:00,1849.163,1856.568,1816.888,1843.038,66.45551
2021.01.11 22:00:00,1844.638,1863.738,1836.558,1854.278,58.49621
2021.01.12 22:00:00,1854.328,1862.892,1841.808,1844.728,57.26879
2021.01.13 22:00:00,1845.232,1857.392,1828.518,1846.058,53.98017
2021.01.14 22:00:00,1845.198,1856.848,1823.235,1827.478,56.69255
2021.01.17 22:00:00,1828.608,1840.675,1802.948,1837.338,49.08968
2021.01.18 22:00:00,1837.558,1845.335,1832.843,1839.925,53.40627
2021.01.19 22:00:00,1839.712,1871.948,1832.272,1871.548,72.79707
2021.01.20 22:00:00,1870.517,1874.915,1858.131,1869.615,65.50073
2021.01.21 22:00:00,1869.192,1870.605,1837.195,1855.198,68.33165
2021.01.24 22:00:00,1854.187,1867.735,1847.025,1855.045,76.02696
2021.01.25 22:00:00,1854.983,1861.635,1848.345,1850.435,65.22996
2021.01.26 22:00:00,1849.908,1853.096,1831.227,1843.835,78.43213
2021.01.27 22:00:00,1843.467,1863.915,1833.925,1842.155,95.22344
2021.01.28 22:00:00,1842.542,1875.522,1839.418,1847.048,111.26159
2021.01.31 22:00:00,1863.422,1871.636,1848.892,1860.248,114.17163
2021.02.01 22:00:00,1860.026,1863.975,1829.317,1837.585,102.37226
2021.02.02 22:00:00,1836.827,1844.785,1829.368,1833.475,73.75541
2021.02.03 22:00:00,1833.258,1834.635,1784.888,1793.505,87.92025
2021.02.04 22:00:00,1794.024,1815.016,1791.905,1814.048,73.9398
2021.02.07 22:00:00,1816.958,1838.988,1807.665,1830.285,74.9872
2021.02.08 22:00:00,1830.233,1848.47,1828.785,1837.885,77.26835
2021.02.09 22:00:00,1837.322,1855.232,1833.915,1842.098,69.47527
2021.02.10 22:00:00,1842.848,1847.402,1821.007,1825.245,58.90437
2021.02.11 22:00:00,1824.379,1830.615,1810.395,1823.648,57.93353
2021.02.14 22:00:00,1825.118,1826.915,1815.865,1818.438,35.15572
2021.02.15 22:00:00,1818.918,1826.375,1789.385,1794.245,77.94084
2021.02.16 22:00:00,1793.83,1795.015,1769.418,1775.785,80.17692
2021.02.17 22:00:00,1775.958,1789.465,1768.305,1775.098,75.82129
2021.02.18 22:00:00,1775.588,1791.405,1760.44,1783.398,88.05266
2021.02.21 22:00:00,1781.546,1812.535,1780.545,1808.898,92.96219
2021.02.22 22:00:00,1809.198,1815.875,1795.425,1805.435,84.44894
2021.02.23 22:00:00,1804.62,1813.745,1783.445,1803.895,87.53448
2021.02.24 22:00:00,1804.897,1805.307,1765.328,1770.015,118.84593
2021.02.25 22:00:00,1770.125,1775.605,1717.09,1733.188,115.00157
2021.02.28 22:00:00,1732.746,1759.715,1719.525,1724.615,99.69685
2021.03.01 22:00:00,1724.165,1738.98,1707.066,1737.865,83.11529
2021.03.02 22:00:00,1737.353,1740.446,1701.797,1710.845,84.55453
2021.03.03 22:00:00,1710.134,1723.104,1690.258,1697.138,103.45894
2021.03.04 22:00:00,1697.658,1707.669,1687.138,1699.398,91.93218
2021.03.07 22:00:00,1701.718,1714.168,1676.696,1683.288,91.33151
2021.03.08 22:00:00,1683.443,1720.469,1680.014,1715.688,81.54968
2021.03.09 22:00:00,1714.948,1726.704,1708.141,1726.408,77.33302
2021.03.10 22:00:00,1726.041,1739.735,1719.115,1722.188,78.53909
2021.03.11 22:00:00,1721.798,1729.158,1699.078,1726.958,77.27604
2021.03.14 21:00:00,1727.188,1734.418,1721.554,1731.465,73.66861
2021.03.15 21:00:00,1731.074,1741.147,1726.114,1730.668,59.24771
2021.03.16 21:00:00,1731.358,1751.498,1724.018,1744.798,75.751
2021.03.17 21:00:00,1744.804,1755.408,1719.115,1736.375,84.09083
2021.03.18 21:00:00,1735.639,1746.538,1728.391,1744.858,78.85919
2021.03.21 21:00:00,1746.009,1746.928,1727.238,1738.648,78.0719
2021.03.22 21:00:00,1738.466,1742.378,1724.578,1726.588,75.19504
2021.03.23 21:00:00,1726.428,1738.318,1723.624,1734.068,68.22461
2021.03.24 21:00:00,1733.884,1745.388,1721.589,1726.618,81.79208
2021.03.25 21:00:00,1726.099,1736.648,1721.498,1731.808,69.24645
2021.03.28 21:00:00,1731.268,1732.988,1705.668,1712.028,63.81938
2021.03.29 21:00:00,1711.498,1714.318,1678.6,1684.668,76.17457
2021.03.30 21:00:00,1684.668,1715.258,1677.788,1707.218,72.70381
2021.03.31 21:00:00,1707.658,1730.465,1705.638,1728.805,65.08836
2021.04.04 21:00:00,1727.929,1733.448,1721.148,1727.798,49.40011
2021.04.05 21:00:00,1727.929,1745.318,1727.058,1742.698,60.23445
2021.04.06 21:00:00,1742.529,1744.198,1730.518,1737.368,55.80009
2021.04.07 21:00:00,1736.888,1758.565,1733.058,1755.438,56.2618
2021.04.08 21:00:00,1755.235,1757.238,1731.168,1743.028,60.91674
2021.04.11 21:00:00,1743.378,1744.938,1727.318,1732.408,61.4707
2021.04.12 21:00:00,1732.248,1748.928,1723.578,1745.118,67.93742
2021.04.13 21:00:00,1745.129,1749.218,1732.505,1736.088,63.38486
2021.04.14 21:00:00,1736.013,1769.525,1734.248,1763.598,69.92298
2021.04.15 21:00:00,1762.838,1783.748,1759.618,1775.748,68.77884
2021.04.18 21:00:00,1776.998,1789.968,1766.628,1771.018,75.10679
2021.04.19 21:00:00,1770.427,1780.328,1763.505,1778.378,71.41148
2021.04.20 21:00:00,1778.418,1797.528,1776.168,1793.018,70.29317
2021.04.21 21:00:00,1793.227,1797.748,1777.328,1783.795,77.10275
2021.04.22 21:00:00,1783.158,1795.858,1769.865,1776.818,71.81256
2021.04.25 21:00:00,1775.852,1783.408,1768.617,1780.788,67.99175
2021.04.26 21:00:00,1780.688,1785.458,1773.615,1776.235,65.66379
2021.04.27 21:00:00,1776.268,1782.425,1762.498,1780.968,76.01444
2021.04.28 21:00:00,1781.068,1789.875,1756.028,1771.608,79.11036
2021.04.29 21:00:00,1771.878,1773.588,1764.108,1768.428,74.68026
2021.05.02 21:00:00,1768.87,1797.798,1765.945,1792.388,64.30755
2021.05.03 21:00:00,1792.588,1798.878,1770.638,1778.595,81.61306
2021.05.04 21:00:00,1778.708,1787.848,1770.228,1786.178,72.12088
2021.05.05 21:00:00,1786.468,1817.948,1781.878,1814.448,77.12702
2021.05.06 21:00:00,1814.558,1843.175,1812.748,1830.618,95.39444
2021.05.09 21:00:00,1833.43,1845.296,1830,1835.618,97.44782
2021.05.10 21:00:00,1835.216,1841.718,1817.875,1836.898,91.06729
2021.05.11 21:00:00,1836.633,1843.598,1813.145,1815.198,104.72704
2021.05.12 21:00:00,1817.038,1828.678,1808.656,1825.898,108.52707
2021.05.13 21:00:00,1826.348,1845.85,1819.566,1842.688,87.04834
2021.05.16 21:00:00,1844.528,1868.388,1840.498,1866.228,81.65443
2021.05.17 21:00:00,1866.238,1874.848,1863.105,1868.688,59.70134
2021.05.18 21:00:00,1869.088,1890.022,1852.095,1869.328,65.10255
2021.05.19 21:00:00,1868.598,1883.758,1863.735,1876.568,50.89823
2021.05.20 21:00:00,1877.258,1889.228,1869.998,1880.898,48.4977
2021.05.23 21:00:00,1882.123,1886.878,1875.058,1880.688,50.52231
2021.05.24 21:00:00,1880,1900.118,1872.614,1898.595,72.53867
2021.05.25 21:00:00,1898.858,1912.648,1890.588,1896.368,79.97784
2021.05.26 21:00:00,1896.508,1903.478,1888.188,1896.058,85.39343
2021.05.27 21:00:00,1896.038,1905.798,1882.135,1902.648,58.49385
2021.05.30 21:00:00,1903.338,1910.545,1902.005,1906.518,29.23144
2021.05.31 21:00:00,1907.388,1916.485,1892.265,1899.985,60.21097
2021.06.01 21:00:00,1899.628,1908.968,1894.228,1908.048,53.26178
2021.06.02 21:00:00,1907.633,1909.498,1865.185,1870.488,66.91814
2021.06.03 21:00:00,1870.008,1896.098,1855.315,1890.708,66.82582
2021.06.06 21:00:00,1891.398,1900.018,1881.415,1898.828,56.71119
2021.06.07 21:00:00,1897.968,1903.688,1883.618,1892.548,60.84251
2021.06.08 21:00:00,1892.138,1898.918,1887.238,1888.178,54.37227
2021.06.09 21:00:00,1887.668,1899.758,1869.668,1898.038,68.00807
2021.06.10 21:00:00,1897.778,1902.948,1874.378,1877.048,59.61554
2021.06.13 21:00:00,1876.758,1877.888,1844.478,1865.898,59.24382
2021.06.14 21:00:00,1865.528,1869.068,1851.478,1858.718,56.56179
2021.06.15 21:00:00,1857.978,1862.928,1803.268,1811.488,66.54197
2021.06.16 21:00:00,1810.848,1825.228,1767.128,1773.138,101.52994
2021.06.17 21:00:00,1772.427,1797.062,1760.767,1763.198,86.70461
2021.06.20 21:00:00,1763.938,1786.388,1763.838,1782.748,85.63998
2021.06.21 21:00:00,1781.922,1789.995,1772.228,1778.318,55.76226
2021.06.22 21:00:00,1778.168,1794.838,1773.208,1778.698,46.49446
2021.06.23 21:00:00,1778.308,1787.848,1772.778,1775.168,33.77692
2021.06.24 21:00:00,1774.768,1790.268,1773.588,1780.938,32.1063
2021.06.27 21:00:00,1781.227,1785.718,1770.518,1777.908,34.96121
2021.06.28 21:00:00,1777.628,1778.818,1750.488,1760.868,35.72056
2021.06.29 21:00:00,1760.878,1774.278,1753.228,1769.638,34.29187
2021.06.30 21:00:00,1769.538,1782.678,1765.528,1776.258,36.1472
2021.07.01 21:00:00,1775.338,1794.928,1774.108,1786.978,35.73611
2021.07.04 21:00:00,1786.527,1795.128,1784.338,1791.552,20.866
2021.07.05 21:00:00,1791.368,1814.918,1789.938,1796.538,37.08295
2021.07.06 21:00:00,1796.026,1809.648,1793.746,1803.068,35.89952
2021.07.07 21:00:00,1803.298,1818.288,1794.177,1802.378,39.20973
2021.07.08 21:00:00,1801.938,1812.298,1796.558,1807.838,32.26062
2021.07.11 21:00:00,1807.568,1810.708,1791.375,1805.578,34.33988
2021.07.12 21:00:00,1805.738,1817.061,1798.508,1807.398,38.17843
2021.07.13 21:00:00,1807.117,1829.678,1804.448,1826.868,37.37109
2021.07.14 21:00:00,1826.878,1833.976,1820.13,1828.868,34.17603
2021.07.15 21:00:00,1828.638,1831.948,1808.868,1811.548,35.14422
2021.07.18 21:00:00,1810.891,1817.178,1794.865,1811.908,46.88072
2021.07.19 21:00:00,1811.966,1824.898,1804.948,1809.878,38.17968
2021.07.20 21:00:00,1809.458,1813.658,1794.608,1803.078,33.81365
2021.07.21 21:00:00,1802.488,1807.958,1792.648,1806.498,36.18547
2021.07.22 21:00:00,1806.188,1810.218,1789.407,1801.698,32.38479
2021.07.25 21:00:00,1801.992,1811.398,1796.295,1797.168,36.03867
2021.07.26 21:00:00,1797.048,1805.118,1793.488,1798.638,30.36678
2021.07.27 21:00:00,1799.177,1809.718,1792.418,1806.238,34.4866
2021.07.28 21:00:00,1806.926,1832.59,1806.687,1827.738,33.20826
2021.07.29 21:00:00,1827.168,1831.248,1810.138,1813.398,28.07114
2021.08.01 21:00:00,1813.321,1819.418,1805.638,1813.188,35.62111
2021.08.02 21:00:00,1812.938,1814.908,1807.018,1810.308,24.14951
2021.08.03 21:00:00,1809.846,1831.605,1806.325,1811.478,31.36091
2021.08.04 21:00:00,1810.996,1814.748,1797.708,1804.108,29.07752
2021.08.05 21:00:00,1803.866,1804.698,1758.578,1762.568,34.60706
2021.08.08 21:00:00,1762.888,1764.448,1670.488,1729.528,45.3049
2021.08.09 21:00:00,1729.228,1738.158,1717.598,1728.648,32.60828
2021.08.10 21:00:00,1728.398,1754.288,1723.988,1751.358,32.858
2021.08.11 21:00:00,1750.328,1758.038,1741.478,1752.438,28.54481
2021.08.12 21:00:00,1751.918,1779.848,1751.568,1779.218,29.07925
2021.08.15 21:00:00,1778.127,1789.198,1770.699,1786.998,37.00459
2021.08.16 21:00:00,1787.028,1795.437,1780.448,1785.758,31.34218
2021.08.17 21:00:00,1785.638,1793.638,1777.208,1787.208,28.49397
2021.08.18 21:00:00,1786.828,1792.368,1774.358,1779.918,34.06469
2021.08.19 21:00:00,1778.918,1788.281,1778.268,1780.458,30.30066
2021.08.22 21:00:00,1779.598,1806.378,1776.388,1804.888,30.05656
2021.08.23 21:00:00,1804.908,1809.465,1800.648,1802.428,26.54376
2021.08.24 21:00:00,1801.888,1802.968,1782.448,1790.508,28.10126
2021.08.25 21:00:00,1790.138,1798.095,1779.928,1791.968,30.84398
2021.08.26 21:00:00,1791.758,1819.225,1783.798,1816.158,33.46178
2021.08.29 21:00:00,1818.332,1823.079,1807.618,1809.848,23.01861
2021.08.30 21:00:00,1809.728,1819.075,1801.598,1813.028,27.64004
2021.08.31 21:00:00,1812.968,1819.905,1808.575,1813.528,24.55748
2021.09.01 21:00:00,1812.838,1817.004,1804.885,1809.458,21.96167
2021.09.02 21:00:00,1809.012,1833.908,1808.769,1827.288,32.56383
2021.09.05 21:00:00,1829.972,1830.098,1821.335,1823.005,14.1854
2021.09.06 21:00:00,1822.628,1827.128,1792.298,1793.978,33.18916
2021.09.07 21:00:00,1793.928,1802.074,1782.254,1788.888,38.8514
2021.09.08 21:00:00,1788.618,1800.877,1783.717,1794.088,27.86536
2021.09.09 21:00:00,1793.808,1803.754,1786.978,1787.048,37.20649
2021.09.12 21:00:00,1788.354,1798.264,1783.568,1793.358,37.67359
2021.09.13 21:00:00,1792.918,1808.558,1780.285,1803.948,41.96073
2021.09.14 21:00:00,1803.814,1806.798,1790.658,1793.598,34.2925
2021.09.15 21:00:00,1793.018,1796.074,1745.218,1753.298,38.85549
2021.09.16 21:00:00,1753.248,1767.417,1747.258,1753.488,36.64341
2021.09.19 21:00:00,1753.962,1767.048,1741.978,1763.668,36.62723
2021.09.20 21:00:00,1763.694,1781.658,1757.838,1774.018,35.50068
2021.09.21 21:00:00,1773.758,1787.188,1764.498,1767.588,40.36009
2021.09.22 21:00:00,1767.468,1776.459,1737.768,1742.128,41.00435
2021.09.23 21:00:00,1742.574,1757.557,1740.338,1749.878,37.70885
2021.09.26 21:00:00,1751.498,1760.738,1744.764,1749.728,44.91749
2021.09.27 21:00:00,1749.258,1754.344,1728.008,1733.588,50.3439
2021.09.28 21:00:00,1733.378,1745.418,1721.548,1725.938,50.72592
2021.09.29 21:00:00,1725.848,1764.086,1722.098,1756.348,52.23348
2021.09.30 21:00:00,1756.566,1764.178,1749.655,1760.098,50.38627
2021.10.03 21:00:00,1762.078,1770.475,1747.608,1769.208,52.77488
2021.10.04 21:00:00,1768.958,1769.958,1748.488,1759.738,43.54017
2021.10.05 21:00:00,1759.378,1765.015,1745.77,1762.418,50.22413
2021.10.06 21:00:00,1762.328,1766.848,1751.838,1755.528,39.54877
2021.10.07 21:00:00,1755.258,1781.228,1753.238,1756.608,38.84077
2021.10.10 21:00:00,1757.145,1760.878,1750.068,1753.778,44.24462
2021.10.11 21:00:00,1753.338,1769.238,1750.658,1759.728,41.62627
2021.10.12 21:00:00,1759.418,1796.064,1757.829,1792.438,46.54727
2021.10.13 21:00:00,1792.424,1800.458,1786.598,1795.498,37.65982
2021.10.14 21:00:00,1795.198,1796.378,1764.748,1766.658,38.62635
2021.10.17 21:00:00,1766.573,1772.008,1760.184,1764.558,46.89489
2021.10.18 21:00:00,1764.308,1785.038,1762.854,1768.898,41.81908
2021.10.19 21:00:00,1769.568,1788.368,1766.744,1781.768,43.90049
2021.10.20 21:00:00,1781.218,1789.368,1776.374,1782.318,46.1143
2021.10.21 21:00:00,1782.248,1813.748,1782.248,1791.628,53.73165
2021.10.24 21:00:00,1792.473,1809.974,1792.164,1807.388,46.07615
2021.10.25 21:00:00,1806.868,1808.218,1782.288,1792.278,36.87277
2021.10.26 21:00:00,1792.428,1798.978,1783.374,1796.178,39.615
2021.10.27 21:00:00,1796.968,1810.344,1792.198,1798.308,47.45311
2021.10.28 21:00:00,1799.074,1801.068,1771.848,1782.988,48.60576
2021.10.31 21:00:00,1783.028,1795.738,1778.998,1792.998,36.53511
2021.11.01 21:00:00,1792.973,1796.288,1786.254,1787.508,29.88054
2021.11.02 21:00:00,1786.918,1788.067,1758.644,1769.528,33.42561
2021.11.03 21:00:00,1768.788,1798.804,1768.734,1791.838,41.66196
2021.11.04 21:00:00,1791.198,1818.128,1784.894,1817.588,42.97028
2021.11.07 22:00:00,1818.383,1826.403,1812.313,1823.508,33.32415
2021.11.08 22:00:00,1823.186,1832.633,1819.043,1831.408,55.8197
2021.11.09 22:00:00,1831.378,1868.458,1822.168,1848.898,44.03813
2021.11.10 22:00:00,1848.488,1865.898,1842.748,1861.568,33.70378
2021.11.11 22:00:00,1861.058,1868.568,1845.088,1864.448,36.89735
2021.11.14 22:00:00,1869.364,1870.468,1856.318,1862.388,41.41609
2021.11.15 22:00:00,1862.208,1877.118,1849.564,1850.458,40.18221
2021.11.16 22:00:00,1849.868,1867.958,1849.328,1867.138,35.28011
2021.11.17 22:00:00,1866.448,1870.814,1854.948,1858.448,42.196
2021.11.18 22:00:00,1858.038,1865.668,1842.869,1845.175,57.16642
2021.11.21 22:00:00,1846.534,1848.984,1802.144,1804.068,46.88034
2021.11.22 22:00:00,1805.644,1812.318,1781.859,1788.708,44.24339
2021.11.23 22:00:00,1788.568,1796.285,1778.398,1788.208,38.17338
2021.11.24 22:00:00,1789.388,1794.968,1785.928,1788.475,14.63468
2021.11.25 22:00:00,1790.798,1815.408,1780.358,1792.665,38.4185
2021.11.28 22:00:00,1790.195,1799.258,1775.563,1784.038,38.69931
2021.11.29 22:00:00,1783.185,1808.618,1769.758,1773.948,50.61616
2021.11.30 22:00:00,1775.045,1794.41,1772.049,1781.348,46.15485
2021.12.01 22:00:00,1781.785,1783.245,1761.815,1768.398,43.16766
2021.12.02 22:00:00,1768.205,1785.998,1766.02,1782.788,52.64183
2021.12.05 22:00:00,1784.355,1787.635,1775.587,1778.218,44.54308
2021.12.06 22:00:00,1778.295,1787.708,1772.168,1783.618,54.07531
2021.12.07 22:00:00,1783.725,1792.998,1779.478,1782.728,32.1294
2021.12.08 22:00:00,1782.368,1787.505,1773.138,1774.938,31.76902
2021.12.09 22:00:00,1774.665,1789.398,1769.968,1782.288,31.30998
2021.12.12 22:00:00,1783.055,1791.455,1781.698,1786.278,35.00366
2021.12.13 22:00:00,1786.055,1789.415,1766.358,1770.428,35.11639
2021.12.14 22:00:00,1771.425,1780.758,1752.928,1776.785,42.83738
2021.12.15 22:00:00,1776.225,1799.555,1775.418,1798.908,41.14258
2021.12.16 22:00:00,1798.548,1814.148,1795.758,1797.708,33.18005
2021.12.19 22:00:00,1799.445,1804.058,1788.188,1790.458,42.55616
2021.12.20 22:00:00,1789.805,1800.438,1784.838,1788.818,33.97881
2021.12.21 22:00:00,1788.175,1804.955,1785.795,1803.278,30.93649
2021.12.22 22:00:00,1803.795,1810.629,1798.778,1808.355,28.69469
2021.12.26 22:00:00,1808.544,1813.388,1802.855,1811.738,25.36114
2021.12.27 22:00:00,1811.068,1820.099,1804.918,1805.868,23.99352
2021.12.28 22:00:00,1805.568,1807.578,1789.348,1804.298,26.71015
2021.12.29 22:00:00,1804.028,1817.108,1796.058,1814.348,24.04454
2021.12.30 22:00:00,1814.395,1830.248,1814.118,1829.058,24.52293
2022.01.02 22:00:00,1828.604,1831.624,1798.189,1801.028,36.83873
2022.01.03 22:00:00,1800.404,1816.688,1798.388,1814.278,37.36724
2022.01.04 22:00:00,1813.708,1829.584,1808.168,1810.228,41.9875
2022.01.05 22:00:00,1810.174,1811.438,1786.288,1790.688,49.72579
2022.01.06 22:00:00,1790.538,1798.515,1782.495,1795.808,41.63925
2022.01.09 22:00:00,1793.955,1802.248,1790.235,1801.258,42.67956
2022.01.10 22:00:00,1801.02,1823.228,1799.952,1821.228,40.24166
2022.01.11 22:00:00,1820.478,1827.984,1814.578,1825.758,39.25458
2022.01.12 22:00:00,1825.048,1828.058,1812.228,1822.128,37.40266
2022.01.13 22:00:00,1822.237,1829.048,1814.578,1817.418,40.53809
2022.01.16 22:00:00,1817.044,1823.088,1813,1819.008,20.96902
2022.01.17 22:00:00,1817.904,1822.644,1805.658,1813.378,51.48502
2022.01.18 22:00:00,1812.518,1843.318,1810.143,1840.108,46.77081
2022.01.19 22:00:00,1840.164,1847.804,1835.808,1838.788,49.63605
2022.01.20 22:00:00,1838.498,1843.108,1828.384,1834.328,53.45461
2022.01.23 22:00:00,1834.524,1844.208,1829.558,1842.538,63.62072
2022.01.24 22:00:00,1842.668,1853.748,1834.838,1847.458,52.26565
2022.01.25 22:00:00,1846.924,1849.938,1814.838,1819.218,56.63538
2022.01.26 22:00:00,1818.988,1822.004,1791.678,1797.058,58.28725
2022.01.27 22:00:00,1796.238,1799.308,1780.158,1791.028,56.45491
2022.01.30 22:00:00,1791.928,1799.805,1785.458,1796.668,45.35876
2022.01.31 22:00:00,1797.325,1808.638,1795.625,1800.888,41.01507
2022.02.01 22:00:00,1799.818,1810.718,1794.358,1806.348,38.95892
2022.02.02 22:00:00,1806.368,1808.875,1788.538,1804.588,54.96539
2022.02.03 22:00:00,1803.808,1814.798,1792.018,1807.558,55.25685
2022.02.06 22:00:00,1806.719,1823.458,1806.678,1820.258,76.70476
2022.02.07 22:00:00,1819.938,1828.664,1815.314,1825.785,57.17047
2022.02.08 22:00:00,1825.294,1835.708,1824.538,1832.888,43.30481
2022.02.09 22:00:00,1833.164,1841.838,1821.534,1826.538,62.04787
2022.02.10 22:00:00,1826.424,1865.378,1820.838,1857.898,68.94231
2022.02.13 22:00:00,1859.233,1874.018,1850.698,1870.908,75.95859
2022.02.14 22:00:00,1871.079,1879.378,1844.398,1853.428,58.99573
2022.02.15 22:00:00,1853.154,1872.498,1850.188,1869.498,51.70144
2022.02.16 22:00:00,1869.848,1901.016,1867.698,1897.928,70.4358
2022.02.17 22:00:00,1898.118,1902.358,1886.478,1897.768,58.76744
2022.02.20 22:00:00,1900.818,1908.158,1887.453,1905.013,55.1543
2022.02.21 22:00:00,1908.748,1914.023,1891.268,1898.158,72.08252
2022.02.22 22:00:00,1898.348,1910.408,1889.548,1908.658,57.7428
2022.02.23 22:00:00,1909.488,1974.398,1877.938,1903.708,108.90035
2022.02.24 22:00:00,1903.718,1921.478,1882.828,1888.528,75.88
2022.02.27 22:00:00,1919.206,1930.948,1890.768,1908.738,82.4605
2022.02.28 22:00:00,1908.638,1950.078,1901.268,1945.088,90.31856
2022.03.01 22:00:00,1944.317,1947.788,1913.738,1928.218,75.83335
2022.03.02 22:00:00,1928.938,1941.203,1921.906,1935.438,79.55482
2022.03.03 22:00:00,1935.438,1970.648,1929.498,1969.848,103.40927
2022.03.06 22:00:00,1974.472,2002.518,1960.878,1997.788,93.69605
2022.03.07 22:00:00,1996.808,2070.358,1980.938,2050.168,86.0534
2022.03.08 22:00:00,2049.662,2059.068,1976.008,1991.088,76.21767
2022.03.09 22:00:00,1989.828,2009.062,1970.508,1996.548,55.34685
2022.03.10 22:00:00,1994.938,1998.818,1958.438,1988.248,41.3122
2022.03.13 21:00:00,1984.742,1990.308,1949.628,1950.458,38.75882
2022.03.14 21:00:00,1951.338,1954.458,1906.948,1917.828,48.47549
2022.03.15 21:00:00,1917.243,1929.328,1894.948,1927.278,47.86468
2022.03.16 21:00:00,1925.873,1949.748,1923.058,1942.578,40.19316
2022.03.17 21:00:00,1942.793,1945.203,1917.798,1921.198,33.52679
2022.03.20 21:00:00,1921.358,1941.168,1917.858,1935.478,32.83566
2022.03.21 21:00:00,1935.428,1938.268,1910.508,1921.288,36.86895
2022.03.22 21:00:00,1921.148,1948.293,1915.453,1943.478,34.43762
2022.03.23 21:00:00,1942.893,1966.083,1937.278,1957.668,37.37903
2022.03.24 21:00:00,1956.927,1964.153,1942.998,1957.688,50.09028
2022.03.27 21:00:00,1956.968,1959.053,1916.838,1922.438,57.74146
2022.03.28 21:00:00,1922.203,1929.168,1889.998,1919.048,60.45039
2022.03.29 21:00:00,1918.668,1938.428,1915.788,1932.468,47.05392
2022.03.30 21:00:00,1932.268,1949.723,1918.988,1936.788,50.25202
2022.03.31 21:00:00,1936.153,1939.358,1917.908,1924.778,40.67624
2022.04.03 21:00:00,1923.788,1936.878,1915.328,1932.668,41.55488
2022.04.04 21:00:00,1931.878,1944.463,1917.838,1923.448,39.94768
2022.04.05 21:00:00,1924.128,1933.348,1915.038,1924.968,49.96376
2022.04.06 21:00:00,1923.978,1937.708,1920.378,1931.528,62.10224
2022.04.07 21:00:00,1931.358,1948.088,1927.548,1947.138,41.23687
2022.04.10 21:00:00,1946.138,1969.558,1939.882,1953.248,53.73988
2022.04.11 21:00:00,1953.132,1978.508,1949.518,1966.478,46.38978
2022.04.12 21:00:00,1966.218,1981.482,1962.718,1977.518,46.08242
2022.04.13 21:00:00,1977.068,1980.248,1960.412,1973.218,48.05159
2022.04.17 21:00:00,1974.038,1998.268,1970.838,1978.658,46.18404
2022.04.18 21:00:00,1978.458,1981.848,1943.588,1949.828,53.14093
2022.04.19 21:00:00,1949.348,1958.208,1939.16,1957.438,56.34509
2022.04.20 21:00:00,1957.548,1957.548,1936.632,1951.258,50.46695
2022.04.21 21:00:00,1951.038,1955.482,1926.458,1930.708,60.04476
2022.04.24 21:00:00,1930.523,1934.328,1891.373,1897.548,63.77902
2022.04.25 21:00:00,1898.128,1911.108,1895.608,1905.018,51.89135
2022.04.26 21:00:00,1905.068,1906.898,1881.248,1885.748,58.85004
2022.04.27 21:00:00,1885.213,1896.608,1871.938,1894.228,55.50096
2022.04.28 21:00:00,1894.138,1919.838,1892.468,1895.748,56.58482
2022.05.01 21:00:00,1895.635,1899.788,1854.468,1862.638,53.86281
2022.05.02 21:00:00,1862.333,1877.998,1850.308,1867.848,45.74758
2022.05.03 21:00:00,1867.838,1889.663,1861.298,1880.568,46.62223
2022.05.04 21:00:00,1881.298,1909.633,1872.358,1876.788,63.63575
2022.05.05 21:00:00,1876.028,1892.373,1866.001,1883.148,55.14968
2022.05.08 21:00:00,1883.068,1885.558,1851.558,1853.738,53.9941
2022.05.09 21:00:00,1853.948,1865.278,1835.388,1837.958,56.15401
2022.05.10 21:00:00,1837.663,1858.018,1831.838,1852.088,55.06328
2022.05.11 21:00:00,1852.023,1858.708,1821.218,1821.558,61.98948
2022.05.12 21:00:00,1822.618,1828.678,1798.968,1810.678,46.55543
2022.05.15 21:00:00,1809.648,1826.834,1786.638,1823.858,46.71412
2022.05.16 21:00:00,1824.698,1835.998,1812.778,1814.878,54.98641
2022.05.17 21:00:00,1814.138,1824.614,1807.228,1816.238,48.68532
2022.05.18 21:00:00,1815.938,1849.053,1810.798,1841.698,50.25779
2022.05.19 21:00:00,1840.338,1849.304,1832.178,1845.738,40.05671
2022.05.22 21:00:00,1844.686,1865.334,1843.353,1853.248,38.67694
2022.05.23 21:00:00,1853.168,1869.573,1849.208,1866.278,33.81735
2022.05.24 21:00:00,1866.258,1867.878,1842.138,1853.218,31.05968
2022.05.25 21:00:00,1852.508,1854.218,1840.798,1850.378,35.50837
2022.05.26 21:00:00,1850.328,1861.838,1847.828,1852.838,29.7272
2022.05.29 21:00:00,1852.538,1863.883,1848.008,1855.753,17.55783
2022.05.30 21:00:00,1855.938,1857.018,1834.858,1837.048,36.2896
2022.05.31 21:00:00,1836.138,1849.894,1828.358,1846.208,34.18217
2022.06.01 21:00:00,1846.138,1870.338,1843.908,1868.378,28.24153
2022.06.02 21:00:00,1867.828,1873.963,1847.273,1850.338,30.00651
2022.06.05 21:00:00,1850.618,1857.748,1840.578,1841.078,31.72265
2022.06.06 21:00:00,1840.476,1855.458,1836.923,1852.118,31.0275
2022.06.07 21:00:00,1851.518,1859.573,1844.478,1853.088,29.54096
2022.06.08 21:00:00,1852.078,1855.268,1839.91,1847.788,33.18955
2022.06.09 21:00:00,1847.338,1875.868,1824.948,1871.038,42.05968
2022.06.12 21:00:00,1874.938,1878.763,1817.898,1818.838,55.96412
2022.06.13 21:00:00,1819.318,1831.538,1804.963,1808.148,53.58082
2022.06.14 21:00:00,1807.438,1841.838,1807.248,1833.508,56.15371
2022.06.15 21:00:00,1832.246,1857.418,1814.718,1857.208,51.37747
2022.06.16 21:00:00,1856.663,1857.238,1833.714,1838.778,47.14018
2022.06.19 21:00:00,1837.448,1845.998,1834.493,1837.718,27.69129
2022.06.20 21:00:00,1837.963,1843.518,1828.424,1832.718,39.17122
2022.06.21 21:00:00,1832.618,1847.778,1823.288,1837.588,40.78652
2022.06.22 21:00:00,1837.791,1846.238,1822.388,1822.548,47.59424
2022.06.23 21:00:00,1822.408,1831.686,1816.898,1825.858,42.1661
2022.06.26 21:00:00,1837.376,1840.948,1820.678,1822.618,43.6961
2022.06.27 21:00:00,1822.348,1829.412,1818.268,1819.708,34.13855
2022.06.28 21:00:00,1819.098,1832.958,1811.978,1817.448,39.5843
2022.06.29 21:00:00,1817.198,1825.008,1802.618,1807.098,43.2855
2022.06.30 21:00:00,1806.608,1811.698,1784.397,1810.598,47.68448
2022.07.03 21:00:00,1812.078,1814.198,1803.836,1807.474,24.6701
2022.07.04 21:00:00,1807.176,1812.058,1763.748,1764.578,48.23671
2022.07.05 21:00:00,1763.984,1772.784,1732.128,1738.608,55.4228
2022.07.06 21:00:00,1738.438,1749.014,1736.358,1739.968,41.97346
2022.07.07 21:00:00,1739.858,1752.387,1732.919,1741.838,41.67665
2022.07.10 21:00:00,1742.848,1744.528,1731.128,1733.808,42.16541
2022.07.11 21:00:00,1733.348,1744.098,1723.048,1725.928,45.99502
2022.07.12 21:00:00,1725.628,1745.284,1706.948,1735.278,57.07845
2022.07.13 21:00:00,1735.068,1736.2,1697.438,1709.638,59.82629
2022.07.14 21:00:00,1709.808,1716.518,1698.948,1707.798,43.79754
2022.07.17 21:00:00,1707.238,1723.798,1705.758,1709.038,44.56092
2022.07.18 21:00:00,1708.988,1718.321,1705.224,1711.518,35.16862
2022.07.19 21:00:00,1711.358,1714.411,1692.338,1696.328,36.29121
2022.07.20 21:00:00,1696.478,1720.238,1680.748,1718.398,45.56491
2022.07.21 21:00:00,1717.994,1739.253,1712.724,1726.618,39.24039
2022.07.24 21:00:00,1728.148,1736.174,1714.653,1719.555,40.36228
2022.07.25 21:00:00,1718.898,1728.074,1713.534,1717.178,35.56344
2022.07.26 21:00:00,1716.358,1740.138,1711.315,1733.798,38.91772
2022.07.27 21:00:00,1734.048,1757.004,1733.538,1755.588,42.62178
2022.07.28 21:00:00,1754.981,1767.784,1751.928,1765.698,39.80206
2022.07.31 21:00:00,1764.809,1775.314,1758.208,1771.968,41.75214
2022.08.01 21:00:00,1771.438,1787.928,1759.818,1759.928,44.30293
2022.08.02 21:00:00,1760.598,1772.662,1754.198,1765.018,36.32841
2022.08.03 21:00:00,1765.468,1794.898,1763.174,1790.978,35.92758
2022.08.04 21:00:00,1790.618,1794.764,1764.907,1774.718,40.23272
2022.08.07 21:00:00,1773.748,1789.924,1770.565,1788.758,34.12481
2022.08.08 21:00:00,1788.118,1800.364,1783.038,1794.018,30.66393
2022.08.09 21:00:00,1793.988,1807.768,1787.478,1792.178,36.8725
2022.08.10 21:00:00,1791.564,1799.149,1783.378,1789.518,37.91156
2022.08.11 21:00:00,1789.168,1802.548,1784.798,1801.778,35.99704
2022.08.14 21:00:00,1802.308,1802.308,1772.818,1779.488,37.99466
2022.08.15 21:00:00,1778.864,1783.038,1771.368,1775.698,32.07252
2022.08.16 21:00:00,1775.598,1782.194,1759.714,1761.468,40.11587
2022.08.17 21:00:00,1761.01,1772.294,1755.218,1758.428,36.15951
2022.08.18 21:00:00,1758.244,1759.248,1745.438,1746.498,35.95737
2022.08.21 21:00:00,1746.298,1748.958,1727.668,1735.968,39.69628
2022.08.22 21:00:00,1735.834,1753.974,1730.688,1747.898,40.25111
2022.08.23 21:00:00,1747.394,1755.798,1742.355,1750.828,35.73473
2022.08.24 21:00:00,1750.514,1765.368,1749.828,1758.488,33.82078
2022.08.25 21:00:00,1758.478,1758.768,1734.058,1737.338,39.20162
2022.08.28 21:00:00,1736.068,1745.418,1720.208,1736.838,37.62844
2022.08.29 21:00:00,1736.908,1740.334,1721.098,1723.808,40.4612
2022.08.30 21:00:00,1723.614,1726.428,1709.514,1710.798,44.17583
2022.08.31 21:00:00,1711.268,1711.314,1688.668,1697.298,40.29698
2022.09.01 21:00:00,1696.608,1717.878,1694.868,1711.278,39.17131
2022.09.04 21:00:00,1712.598,1715.668,1707.574,1710.448,20.99392
2022.09.05 21:00:00,1709.418,1726.566,1699.708,1701.928,44.72212
2022.09.06 21:00:00,1701.868,1719.318,1691.218,1717.998,47.93303
2022.09.07 21:00:00,1717.798,1728.095,1703.878,1708.208,49.14826
2022.09.08 21:00:00,1708.368,1729.344,1708.234,1715.938,41.543
2022.09.11 21:00:00,1717.058,1735.035,1711.808,1724.378,45.46184
2022.09.12 21:00:00,1724.558,1731.71,1696.934,1701.878,53.80462
2022.09.13 21:00:00,1701.428,1707.014,1693.518,1697.168,52.34967
2022.09.14 21:00:00,1696.794,1698.124,1660.24,1664.938,49.72392
2022.09.15 21:00:00,1664.708,1680.245,1654.048,1673.898,48.03711
2022.09.18 21:00:00,1675.958,1679.865,1659.583,1675.618,43.45732
2022.09.19 21:00:00,1675.225,1679.288,1659.875,1664.698,42.34106
2022.09.20 21:00:00,1664.375,1687.948,1653.649,1673.628,55.3636
2022.09.21 21:00:00,1673.038,1684.788,1655.536,1670.958,64.10013
2022.09.22 21:00:00,1671.218,1675.838,1639.617,1643.598,56.26846
2022.09.25 21:00:00,1643.458,1649.648,1621.033,1622.178,65.89996
2022.09.26 21:00:00,1621.148,1642.335,1621.148,1628.738,67.06925
2022.09.27 21:00:00,1628.478,1662.645,1614.71,1659.658,64.17251
2022.09.28 21:00:00,1659.658,1664.746,1641.408,1660.308,59.47124
2022.09.29 21:00:00,1661.048,1675.265,1659.158,1659.978,53.66155
2022.10.02 21:00:00,1662.198,1701.385,1659.595,1699.608,48.53585
2022.10.03 21:00:00,1699.258,1729.435,1695.068,1725.988,49.54997
2022.10.04 21:00:00,1725.398,1727.664,1700.458,1716.128,55.17774
2022.10.05 21:00:00,1715.988,1725.434,1706.812,1712.428,44.08997
2022.10.06 21:00:00,1712.348,1714.724,1690.504,1694.458,43.9509
2022.10.09 21:00:00,1695.464,1699.714,1665.478,1668.448,41.94203
2022.10.10 21:00:00,1668.268,1683.84,1660.91,1666.078,50.88587
2022.10.11 21:00:00,1665.798,1678.215,1661.265,1672.978,48.44757
2022.10.12 21:00:00,1673.018,1682.336,1642.288,1666.208,56.52283
2022.10.13 21:00:00,1665.328,1671.655,1640.095,1643.618,54.66849
2022.10.16 21:00:00,1644.068,1668.268,1643.022,1649.858,53.58957
2022.10.17 21:00:00,1649.858,1660.707,1646.508,1651.698,55.49319
2022.10.18 21:00:00,1651.467,1654.318,1627.487,1628.798,74.68916
2022.10.19 21:00:00,1629.468,1645.438,1622.257,1627.398,81.59933
2022.10.20 21:00:00,1627.407,1657.798,1617.067,1657.298,113.11969
2022.10.23 21:00:00,1657.608,1670.748,1643.747,1648.998,102.42763
2022.10.24 21:00:00,1649.547,1662.187,1638.098,1652.715,76.76555
2022.10.25 21:00:00,1652.577,1674.678,1649.558,1664.398,74.16922
2022.10.26 21:00:00,1663.717,1670.648,1654.668,1662.998,78.21148
2022.10.27 21:00:00,1661.957,1666.858,1637.898,1644.498,68.63737
2022.10.30 21:00:00,1643.398,1645.488,1631.578,1632.898,54.48307
2022.10.31 21:00:00,1632.407,1656.878,1630.477,1647.398,68.56371
2022.11.01 21:00:00,1647.758,1669.257,1634.747,1635.098,73.17158
2022.11.02 21:00:00,1635.248,1640.858,1616.477,1629.298,76.7261
2022.11.03 21:00:00,1628.547,1681.718,1628.398,1681.148,86.728
2022.11.06 22:00:00,1674.327,1681.758,1666.707,1675.098,64.93366
2022.11.07 22:00:00,1674.297,1716.738,1664.557,1711.598,67.14764
2022.11.08 22:00:00,1710.907,1722.168,1702.048,1706.548,77.73449
2022.11.09 22:00:00,1706.547,1756.998,1703.648,1755.198,82.24986
2022.11.10 22:00:00,1754.067,1772.448,1747.108,1771.198,84.58656
2022.11.13 22:00:00,1765.917,1774.938,1753.098,1770.998,66.03381
2022.11.14 22:00:00,1770.017,1786.367,1766.948,1778.298,101.65929
2022.11.15 22:00:00,1777.427,1784.928,1770.167,1773.198,74.72309
2022.11.16 22:00:00,1773.647,1774.668,1754.268,1760.098,75.33052
2022.11.17 22:00:00,1760.138,1767.578,1747.317,1750.398,64.88787
2022.11.20 22:00:00,1749.817,1752.807,1732.338,1737.548,53.85263
2022.11.21 22:00:00,1737.888,1749.598,1736.867,1739.798,49.93102
2022.11.22 22:00:00,1739.357,1753.177,1728.137,1749.225,60.20553
2022.11.23 22:00:00,1749.327,1758.468,1748.598,1754.968,39.37528
2022.11.24 22:00:00,1754.798,1760.958,1745.848,1754.417,43.50436
2022.11.27 22:00:00,1755.787,1763.618,1739.458,1741.148,63.58543
2022.11.28 22:00:00,1740.128,1758.898,1739.348,1749.198,55.92408
2022.11.29 22:00:00,1749.407,1769.898,1744.717,1768.098,67.26719
2022.11.30 22:00:00,1768.618,1803.998,1767.757,1802.948,76.12084
2022.12.01 22:00:00,1802.197,1804.298,1778.418,1797.248,75.55092
2022.12.04 22:00:00,1795.937,1809.758,1766,1767.898,68.96739
2022.12.05 22:00:00,1767.947,1780.728,1767.118,1770.798,61.56421
2022.12.06 22:00:00,1770.397,1790.357,1768.588,1785.848,65.76405
2022.12.07 22:00:00,1786.718,1794.728,1781.268,1788.598,53.49334
2022.12.08 22:00:00,1788.627,1805.998,1788.298,1795.397,62.10916
2022.12.11 22:00:00,1795.687,1797.067,1777.417,1780.515,46.22997
2022.12.12 22:00:00,1780.377,1824.358,1780.198,1810.098,38.4868
2022.12.13 22:00:00,1809.797,1814.035,1795.008,1806.225,37.09561
2022.12.14 22:00:00,1806.597,1808.545,1773.608,1776.525,36.77849
2022.12.15 22:00:00,1776.347,1794.198,1774.205,1792.598,32.73416
2022.12.18 22:00:00,1792.257,1798.637,1783.785,1787.298,27.47702
2022.12.19 22:00:00,1786.917,1821.035,1784.505,1816.675,41.06103
2022.12.20 22:00:00,1817.897,1823.685,1811.705,1813.998,30.70011
2022.12.21 22:00:00,1813.477,1820.325,1784.627,1791.798,29.08035
2022.12.22 22:00:00,1792.428,1803.095,1791.065,1798.198,27.45169
2022.12.26 22:00:00,1800.047,1833.215,1799.687,1812.878,31.54189
2022.12.27 22:00:00,1813.037,1814.415,1796.905,1803.498,28.03715
2022.12.28 22:00:00,1803.497,1820.015,1803.497,1814.545,27.34917
2022.12.29 22:00:00,1814.047,1825.877,1813.175,1823.463,56.78862
2023.01.02 22:00:00,1826.837,1849.865,1823.287,1839.048,41.29738
2023.01.03 22:00:00,1838.797,1865.035,1836.048,1853.798,44.79324
2023.01.04 22:00:00,1854.147,1858.875,1824.995,1832.648,38.52754
2023.01.05 22:00:00,1830.042,1869.765,1830.032,1865.598,41.48707
2023.01.08 22:00:00,1867.537,1881.445,1864.477,1870.925,29.47818
2023.01.09 22:00:00,1870.507,1880.635,1867.745,1876.298,32.66539
2023.01.10 22:00:00,1876.697,1886.548,1867.015,1874.898,32.28842
2023.01.11 22:00:00,1874.997,1901.475,1872.76,1896.298,35.4612
2023.01.12 22:00:00,1895.297,1921.798,1892.205,1919.398,38.00266
2023.01.15 22:00:00,1920.337,1928.885,1910.665,1913.705,23.7591
2023.01.16 22:00:00,1914.837,1918.925,1903.675,1908.195,27.94835
2023.01.17 22:00:00,1907.577,1925.798,1896.495,1903.298,41.79039
2023.01.18 22:00:00,1904.747,1935.045,1900.855,1931.205,41.8064
2023.01.19 22:00:00,1931.737,1937.435,1920.508,1925.298,31.96423
2023.01.22 22:00:00,1926.128,1935.445,1911.248,1930.848,35.58145
2023.01.23 22:00:00,1930.597,1942.348,1917.065,1936.698,36.65861
2023.01.24 22:00:00,1937.397,1947.945,1919.697,1945.695,27.91048
2023.01.25 22:00:00,1946.697,1949.085,1918.627,1928.585,29.95242
2023.01.26 22:00:00,1928.397,1934.918,1916.525,1927.598,30.75542
2023.01.29 22:00:00,1927.108,1934.425,1920.585,1922.075,24.68001
2023.01.30 22:00:00,1922.207,1930.998,1900.665,1927.475,28.68681
2023.01.31 22:00:00,1927.538,1954.448,1920.435,1950.098,35.92622
2023.02.01 22:00:00,1950.388,1959.625,1911.225,1911.755,36.01899
2023.02.02 22:00:00,1911.607,1918.485,1861.255,1864.548,39.1507
2023.02.05 22:00:00,1864.508,1881.198,1859.647,1866.698,32.178
2023.02.06 22:00:00,1866.937,1884.348,1864.898,1872.998,36.65508
2023.02.07 22:00:00,1872.097,1886.345,1868.898,1875.248,27.1798
2023.02.08 22:00:00,1874.727,1890.098,1858.855,1861.548,27.20239
2023.02.09 22:00:00,1861.637,1872.035,1852.588,1864.698,28.14147
2023.02.12 22:00:00,1863.917,1866.395,1850.325,1853.348,25.07183
2023.02.13 22:00:00,1853.007,1870.467,1843.165,1853.948,40.68722
2023.02.14 22:00:00,1854.017,1859.998,1830.475,1835.698,28.16614
2023.02.15 22:00:00,1835.597,1845.158,1827.555,1835.065,26.6289
2023.02.16 22:00:00,1836.258,1843.505,1818.805,1841.898,25.6831
2023.02.19 22:00:00,1840.407,1847.405,1837.145,1840.965,17.14858
2023.02.20 22:00:00,1841.304,1843.738,1830.095,1834.675,31.19265
2023.02.21 22:00:00,1834.424,1845.905,1823.425,1824.435,30.07187
2023.02.22 22:00:00,1825.154,1833.685,1817.395,1821.585,27.34418
2023.02.23 22:00:00,1821.444,1827.715,1808.865,1810.665,27.58136
2023.02.26 22:00:00,1810.758,1820.055,1806.538,1816.898,24.54306
2023.02.27 22:00:00,1816.634,1831.045,1804.594,1826.648,27.94538
2023.02.28 22:00:00,1826.104,1844.408,1822.938,1835.935,28.34619
2023.03.01 22:00:00,1836.308,1838.865,1829.854,1835.615,32.10468
2023.03.02 22:00:00,1835.654,1856.768,1835.404,1855.798,26.54342
2023.03.05 22:00:00,1854.644,1858.168,1845.015,1846.015,26.96128
2023.03.06 22:00:00,1846.248,1851.555,1812.655,1812.795,26.51607
2023.03.07 22:00:00,1812.968,1824.185,1809.248,1813.305,24.97038
2023.03.08 22:00:00,1812.808,1835.565,1811.805,1830.815,23.18812
2023.03.09 22:00:00,1830.434,1870.065,1827.675,1867.448,47.09759
2023.03.12 21:00:00,1872.398,1914.475,1871.328,1912.705,67.36281
2023.03.13 21:00:00,1913.514,1913.984,1895.228,1903.698,44.33224
2023.03.14 21:00:00,1903.414,1937.295,1885.565,1918.055,49.17146
2023.03.15 21:00:00,1917.708,1933.385,1907.455,1919.248,49.58862
2023.03.16 21:00:00,1920.774,1988.998,1918.135,1987.798,44.89225
2023.03.19 21:00:00,1984.148,2009.695,1965.748,1978.375,45.62124
2023.03.20 21:00:00,1978.308,1985.025,1935.194,1939.205,36.84239
2023.03.21 21:00:00,1939.658,1978.705,1934.175,1969.525,42.58586
2023.03.22 21:00:00,1969.714,2003.185,1964.644,1992.598,43.52675
2023.03.23 21:00:00,1993.198,2002.848,1975.085,1977.988,41.32179
2023.03.26 21:00:00,1979.798,1979.798,1943.895,1956.275,31.67905
2023.03.27 21:00:00,1955.504,1975.148,1949.028,1972.915,31.46931
2023.03.28 21:00:00,1972.558,1974.224,1958.575,1963.625,28.82276
2023.03.29 21:00:00,1963.484,1984.195,1955.204,1979.715,32.61305
2023.03.30 21:00:00,1979.884,1987.485,1966.754,1968.748,34.52528
2023.04.02 21:00:00,1972.298,1990.365,1949.595,1984.295,36.30873
2023.04.03 21:00:00,1983.344,2024.848,1976.825,2019.875,35.34975
2023.04.04 21:00:00,2020.094,2031.968,2009.885,2020.195,30.45702
2023.04.05 21:00:00,2020.404,2021.248,2001,2006.476,30.35036
2023.04.09 21:00:00,1993.341,2006.355,1981.545,1990.955,22.48285
2023.04.10 21:00:00,1991.084,2007.348,1988.615,2003.005,22.69941
2023.04.11 21:00:00,2003.274,2028.235,2001.225,2014.635,31.50108
2023.04.12 21:00:00,2013.974,2048.538,2013.518,2039.498,28.52576
2023.04.13 21:00:00,2039.454,2047.335,1992.285,2003.498,35.67063
2023.04.16 21:00:00,1998.498,2014.885,1980.974,1994.195,26.93391
2023.04.17 21:00:00,1994.688,2011.748,1991.195,2005.048,22.90326
2023.04.18 21:00:00,2004.704,2008.045,1969.155,1994.605,29.60537
2023.04.19 21:00:00,1994.564,2012.255,1990.385,2004.598,25.7934
2023.04.20 21:00:00,2004.424,2005.495,1971.515,1982.248,26.51689
2023.04.23 21:00:00,1980.748,1990.728,1973.995,1988.938,26.15788
2023.04.24 21:00:00,1988.704,2003.798,1976.015,1996.698,33.56162
2023.04.25 21:00:00,1997.004,2009.204,1983.198,1988.198,34.32317
2023.04.26 21:00:00,1989.034,2003.258,1973.865,1987.598,41.10914
2023.04.27 21:00:00,1987.404,1994.915,1975.905,1989.548,31.20977
2023.04.30 21:00:00,1990.398,2005.848,1976.925,1981.198,30.7158
2023.05.01 21:00:00,1981.344,2019.248,1978.324,2016.325,32.22463
2023.05.02 21:00:00,2016.488,2040.298,2007.414,2038.798,29.26118
2023.05.03 21:00:00,2039.274,2079.778,2030.214,2049.498,53.4679
2023.05.04 21:00:00,2049.644,2052.925,1999.455,2016.298,76.07694
2023.05.07 21:00:00,2016.608,2029.334,2014.134,2020.625,76.55631
2023.05.08 21:00:00,2020.404,2037.494,2019.344,2033.868,88.65423
2023.05.09 21:00:00,2033.954,2048.114,2021.434,2029.465,102.12834
2023.05.10 21:00:00,2029.944,2041.214,2011.044,2014.595,127.81128
2023.05.11 21:00:00,2014.654,2022.494,2000.825,2009.798,75.34892
2023.05.14 21:00:00,2007.498,2022.114,2006.998,2015.678,77.63658
2023.05.15 21:00:00,2015.304,2018.235,1985.405,1988.848,96.56883
2023.05.16 21:00:00,1989.104,1992.985,1974.935,1981.298,89.27251
2023.05.17 21:00:00,1981.464,1985.944,1951.885,1957.348,51.41076
2023.05.18 21:00:00,1956.418,1984.075,1953.905,1977.448,29.29193
2023.05.21 21:00:00,1976.478,1982.505,1968.765,1971.645,26.59012
2023.05.22 21:00:00,1970.864,1977.554,1954.084,1974.698,34.16227
2023.05.23 21:00:00,1974.684,1985.194,1956.548,1956.648,28.82013
2023.05.24 21:00:00,1956.104,1964.625,1938.658,1941.005,29.56812
2023.05.25 21:00:00,1939.844,1957.215,1936.655,1945.788,32.31615
2023.05.28 21:00:00,1942.078,1949.575,1940.145,1943.054,14.11472
2023.05.29 21:00:00,1943.704,1963.378,1931.905,1959.088,28.24569
2023.05.30 21:00:00,1958.788,1974.628,1953.498,1962.398,30.77815
2023.05.31 21:00:00,1962.204,1983.015,1953.255,1977.098,28.2164
2023.06.01 21:00:00,1976.804,1983.315,1947.164,1947.738,28.266
2023.06.04 21:00:00,1947.045,1963.955,1938.045,1961.448,22.85785
2023.06.05 21:00:00,1960.964,1966.238,1954.255,1963.198,20.84902
2023.06.06 21:00:00,1963.214,1970.085,1939.638,1939.715,22.29374
2023.06.07 21:00:00,1940.344,1970.398,1939.544,1965.148,27.52314
2023.06.08 21:00:00,1965.304,1972.928,1956.475,1960.798,20.90308
2023.06.11 21:00:00,1959.324,1966.865,1949.125,1957.548,23.76945
2023.06.12 21:00:00,1957.114,1970.724,1939.935,1943.448,25.91927
2023.06.13 21:00:00,1943.624,1960.205,1939.498,1941.238,26.07241
2023.06.14 21:00:00,1941.964,1960.125,1924.898,1957.628,31.34392
2023.06.15 21:00:00,1957.008,1967.825,1953.165,1957.358,30.05123
2023.06.18 21:00:00,1957.198,1958.685,1947.685,1950.125,17.31784
2023.06.19 21:00:00,1950.575,1956.675,1929.705,1936.018,22.86457
2023.06.20 21:00:00,1935.274,1939.375,1919.075,1932.198,25.22353
2023.06.21 21:00:00,1932.198,1934.845,1912.224,1912.255,21.54306
2023.06.22 21:00:00,1913.504,1937.238,1910.065,1920.388,23.6119
2023.06.25 21:00:00,1924.948,1933.245,1921.425,1921.875,19.2103
2023.06.26 21:00:00,1922.604,1930.585,1910.785,1913.395,22.44859
2023.06.27 21:00:00,1913.008,1917.155,1902.695,1906.978,23.18242
2023.06.28 21:00:00,1907.404,1912.995,1892.915,1907.845,28.09497
2023.06.29 21:00:00,1907.704,1922.628,1900.465,1919.538,28.01694
2023.07.02 21:00:00,1918.898,1930.935,1909.965,1921.285,24.22339
2023.07.03 21:00:00,1920.834,1930.615,1919.644,1925.725,17.69385
2023.07.04 21:00:00,1925.674,1934.905,1914.565,1914.898,22.68014
2023.07.05 21:00:00,1914.504,1927.505,1902.505,1910.745,28.44376
2023.07.06 21:00:00,1910.234,1934.745,1909.408,1923.838,35.44145
2023.07.09 21:00:00,1923.998,1928.075,1912.585,1925.008,21.49401
2023.07.10 21:00:00,1924.468,1938.274,1924.175,1931.515,21.26366
2023.07.11 21:00:00,1932.034,1959.595,1931.964,1956.705,24.8136
2023.07.12 21:00:00,1955.934,1963.494,1952.245,1960.248,21.57669
2023.07.13 21:00:00,1959.834,1963.585,1950.875,1954.748,20.7711
2023.07.16 21:00:00,1954.048,1959.745,1945.638,1954.898,18.60459
2023.07.17 21:00:00,1953.554,1984.195,1953.554,1977.965,29.68265
2023.07.18 21:00:00,1978.384,1980.775,1969.645,1976.298,19.87609
2023.07.19 21:00:00,1976.545,1987.385,1965.198,1969.088,21.63665
2023.07.20 21:00:00,1969.215,1973.705,1956.678,1961.428,18.31242
2023.07.23 21:00:00,1961.498,1967.725,1953.335,1954.298,19.7805
2023.07.24 21:00:00,1954.285,1965.548,1951.898,1964.458,22.21274
2023.07.25 21:00:00,1964.405,1978.118,1961.945,1971.215,22.58964
2023.07.26 21:00:00,1970.998,1982.085,1942.525,1943.505,26.34389
2023.07.27 21:00:00,1945.715,1963.374,1945.315,1958.465,31.69953
2023.07.30 21:00:00,1958.608,1972.295,1950.655,1964.718,18.71268
2023.07.31 21:00:00,1965.195,1965.885,1941.118,1943.498,17.37144
2023.08.01 21:00:00,1949.608,1954.675,1932.885,1934.288,20.1802
2023.08.02 21:00:00,1933.605,1938.815,1929.425,1933.778,20.23042
2023.08.03 21:00:00,1933.644,1946.798,1924.898,1942.568,19.53455
2023.08.06 21:00:00,1942.098,1946.605,1931.365,1935.718,14.15006
2023.08.07 21:00:00,1936.515,1937.945,1922.655,1925.065,17.99324
2023.08.08 21:00:00,1924.575,1932.255,1913.505,1913.515,13.36196
2023.08.09 21:00:00,1914.655,1929.995,1911.748,1911.748,18.1162
2023.08.10 21:00:00,1912.105,1920.815,1910.694,1913.378,15.4151
2023.08.13 21:00:00,1912.255,1916.135,1902.595,1906.818,13.73781
2023.08.14 21:00:00,1907.094,1911.525,1896.215,1901.498,22.03595
2023.08.15 21:00:00,1900.915,1907.095,1891.148,1891.148,18.73227
2023.08.16 21:00:00,1891.595,1903.375,1884.925,1888.418,19.70269
2023.08.17 21:00:00,1889.075,1896.678,1886.675,1889.258,14.20554
2023.08.20 21:00:00,1889.335,1898.665,1884.755,1894.498,15.94658
2023.08.21 21:00:00,1894.548,1904.405,1889.018,1896.978,14.5877
2023.08.22 21:00:00,1897.108,1920.275,1897.108,1914.438,16.75966
2023.08.23 21:00:00,1914.498,1923.225,1911.655,1916.498,14.60197
2023.08.24 21:00:00,1916.198,1922.265,1903.705,1914.778,16.56384
2023.08.27 21:00:00,1915.548,1925.955,1912.675,1918.375,15.53088
2023.08.28 21:00:00,1919.598,1938.095,1914.355,1937.238,16.45088
2023.08.29 21:00:00,1937.085,1948.965,1934.838,1941.855,21.05542
2023.08.30 21:00:00,1942.868,1947.825,1938.864,1939.658,18.12391
2023.08.31 21:00:00,1938.898,1952.905,1934.355,1939.238,27.67599
2023.09.03 21:00:00,1939.948,1946.185,1936.675,1938.225,12.36284
2023.09.04 21:00:00,1937.798,1938.905,1925.205,1925.748,14.46147
2023.09.05 21:00:00,1925.368,1929.055,1915.175,1916.418,15.14774
2023.09.06 21:00:00,1916.545,1923.495,1915.945,1919.338,24.07589
2023.09.07 21:00:00,1919.008,1929.595,1917.225,1918.258,13.01669
2023.09.10 21:00:00,1919.865,1930.558,1916.584,1922.048,12.89441
2023.09.11 21:00:00,1921.348,1924.395,1907.478,1913.258,14.16701
2023.09.12 21:00:00,1911.695,1915.655,1905.555,1907.918,17.54675
2023.09.13 21:00:00,1908.208,1912.825,1900.898,1910.448,26.16548
2023.09.14 21:00:00,1910.068,1930.308,1909.725,1922.738,18.67672
2023.09.17 21:00:00,1923.408,1934.128,1922.378,1933.538,14.18374
2023.09.18 21:00:00,1933.048,1937.275,1929.675,1930.998,10.48072
2023.09.19 21:00:00,1930.785,1947.315,1927.855,1929.755,18.6309
2023.09.20 21:00:00,1930.744,1931.435,1913.808,1919.568,14.74101
2023.09.21 21:00:00,1919.195,1929.015,1919.035,1924.818,10.83622
2023.09.24 21:00:00,1924.335,1927.115,1915.045,1915.585,15.88873
2023.09.25 21:00:00,1915.925,1916.715,1899.005,1900.448,13.13324
2023.09.26 21:00:00,1900.335,1903.825,1872.445,1874.338,17.63017
2023.09.27 21:00:00,1874.848,1879.485,1857.565,1863.958,21.3581
2023.09.28 21:00:00,1864.985,1879.765,1846.205,1848.098,17.10492
2023.10.01 21:00:00,1847.268,1848.835,1827.065,1827.848,17.40235
2023.10.02 21:00:00,1828.265,1833.205,1815.245,1822.558,21.6612
2023.10.03 21:00:00,1822.248,1830.455,1816.475,1820.898,19.50188
2023.10.04 21:00:00,1821.098,1829.105,1812.924,1819.988,16.75044
2023.10.05 21:00:00,1820.075,1834.725,1810.288,1832.698,20.1657
2023.10.08 21:00:00,1847.405,1863.395,1844.135,1860.878,18.94085
2023.10.09 21:00:00,1861.104,1865.315,1852.888,1860.048,16.96873
2023.10.10 21:00:00,1859.498,1877.105,1858.535,1873.948,20.51726
2023.10.11 21:00:00,1874.128,1884.885,1867.825,1868.495,19.72994
2023.10.12 21:00:00,1868.715,1932.875,1868.715,1932.738,28.09903
2023.10.15 21:00:00,1927.998,1929.355,1908.085,1919.138,21.54633
2023.10.16 21:00:00,1919.138,1931.414,1912.315,1922.798,23.29987
2023.10.17 21:00:00,1922.495,1962.545,1922.288,1947.318,23.58497
2023.10.18 21:00:00,1947.575,1977.575,1945.125,1974.048,25.47896
2023.10.19 21:00:00,1974.418,1997.135,1971.905,1980.648,27.11337
2023.10.22 21:00:00,1967.114,1982.725,1964.275,1971.848,21.46724
2023.10.23 21:00:00,1972.584,1980.735,1953.404,1970.598,20.97348
2023.10.24 21:00:00,1971.265,1987.115,1962.854,1979.098,23.08481
2023.10.25 21:00:00,1978.875,1993.385,1971.655,1984.448,23.40812
2023.10.26 21:00:00,1984.494,2009.395,1976.755,2005.648,23.06647
2023.10.29 21:00:00,2004.135,2006.685,1990.835,1995.728,27.80294
2023.10.30 21:00:00,1995.015,2007.734,1978.735,1983.498,24.84483
2023.10.31 21:00:00,1982.778,1991.898,1969.815,1982.248,24.5053
2023.11.01 21:00:00,1983.525,1990.935,1978.775,1985.478,17.82141
2023.11.02 21:00:00,1984.758,2003.968,1983.155,1992.058,23.35967
2023.11.05 22:00:00,1991.698,1992.955,1977.228,1977.598,13.68177
2023.11.06 22:00:00,1977.198,1978.175,1956.598,1969.028,19.97002
2023.11.07 22:00:00,1968.268,1970.955,1947.325,1949.848,17.2324
2023.11.08 22:00:00,1948.958,1965.498,1944.575,1958.298,20.66252
2023.11.09 22:00:00,1958.098,1960.695,1932.865,1938.148,17.67218
2023.11.12 22:00:00,1938.165,1949.115,1931.515,1945.948,19.15551
2023.11.13 22:00:00,1945.568,1970.835,1937.978,1963.178,19.17747
2023.11.14 22:00:00,1962.094,1975.148,1955.325,1959.048,19.6507
2023.11.15 22:00:00,1959.108,1987.848,1956.365,1980.998,19.89064
2023.11.16 22:00:00,1980.235,1993.335,1978.478,1980.398,18.01773
2023.11.19 22:00:00,1977.698,1985.085,1965.355,1977.774,19.25791
2023.11.20 22:00:00,1977.648,2007.475,1977.638,1998.098,24.87917
2023.11.21 22:00:00,1998.598,2006.318,1986.805,1989.548,23.82935
2023.11.22 22:00:00,1988.415,1998.408,1988.415,1992.555,11.00533
2023.11.23 22:00:00,1991.698,2003.515,1991.338,2000.505,15.77017
2023.11.26 22:00:00,2000.995,2018.085,2000.398,2013.848,20.31074
2023.11.27 22:00:00,2013.195,2042.915,2011.478,2040.598,21.3528
2023.11.28 22:00:00,2040.875,2051.865,2035.205,2043.998,27.2354
2023.11.29 22:00:00,2045.085,2047.118,2031.258,2036.098,21.60212
2023.11.30 22:00:00,2036.218,2075.265,2033.805,2071.668,27.14761
2023.12.03 22:00:00,2072.525,2145.135,2019.925,2028.965,47.06763
2023.12.04 22:00:00,2029.154,2041.155,2009.855,2019.048,30.77305
2023.12.05 22:00:00,2018.575,2035.785,2017.098,2025.218,23.53142
2023.12.06 22:00:00,2025.545,2039.778,2020.075,2028.418,26.32975
2023.12.07 22:00:00,2028.028,2033.874,1994.555,2004.418,31.59248
2023.12.10 22:00:00,2002.794,2007.705,1975.725,1981.624,21.62021
2023.12.11 22:00:00,1981.955,1996.625,1977.115,1979.315,22.20592
2023.12.12 22:00:00,1979.654,2027.648,1972.935,2027.385,27.41403
2023.12.13 22:00:00,2025.945,2047.775,2023.795,2036.255,36.75323
2023.12.14 22:00:00,2036.355,2044.815,2015.515,2019.485,28.00729
2023.12.17 22:00:00,2018.898,2033.615,2015.885,2026.984,20.8888
2023.12.18 22:00:00,2026.828,2046.905,2021.605,2040.105,20.8601
2023.12.19 22:00:00,2039.548,2043.375,2027.258,2031.735,19.83056
2023.12.20 22:00:00,2031.698,2045.898,2031.465,2045.845,33.6822
2023.12.21 22:00:00,2048.414,2070.525,2046.608,2052.908,51.82289
2023.12.25 22:00:00,2053.025,2068.948,2052.895,2067.635,19.40966
2023.12.26 22:00:00,2067.288,2084.345,2061.385,2077.495,18.86922
2023.12.27 22:00:00,2076.804,2088.355,2064.448,2065.125,32.50582
2023.12.28 22:00:00,2065.698,2074.645,2058.105,2062.688,33.48676
2024.01.01 22:00:00,2062.598,2078.825,2055.818,2058.605,28.4316
2024.01.02 22:00:00,2058.018,2065.835,2030.515,2041.195,28.98246
2024.01.03 22:00:00,2041.895,2050.855,2036.155,2043.124,21.02745
2024.01.04 22:00:00,2043.218,2063.838,2024.255,2045.355,32.53075
2024.01.07 22:00:00,2044.385,2046.525,2016.604,2027.835,26.46529
2024.01.08 22:00:00,2028.045,2041.898,2026.015,2029.885,29.84364
2024.01.09 22:00:00,2029.408,2040.135,2020.395,2024.105,25.34864
2024.01.10 22:00:00,2023.995,2043.864,2013.225,2028.695,38.02288
2024.01.11 22:00:00,2027.708,2062.145,2027.708,2048.675,32.25691
2024.01.14 22:00:00,2048.498,2058.505,2045.675,2054.505,17.70959
2024.01.15 22:00:00,2053.914,2055.495,2024.165,2028.155,36.08583
2024.01.16 22:00:00,2026.898,2032.815,2001.755,2005.945,34.48641
2024.01.17 22:00:00,2005.204,2023.135,2004.905,2022.835,23.37139
2024.01.18 22:00:00,2023.785,2039.278,2020.325,2029.375,25.70213
2024.01.21 22:00:00,2029.715,2032.005,2016.448,2021.105,25.85651
2024.01.22 22:00:00,2021.038,2037.808,2019.515,2029.015,25.4643
2024.01.23 22:00:00,2028.278,2036.575,2011.105,2014.214,28.48189
2024.01.24 22:00:00,2013.765,2025.175,2009.455,2020.505,28.20789
2024.01.25 22:00:00,2019.854,2026.715,2015.845,2017.915,20.32984
2024.01.28 22:00:00,2024.215,2037.465,2019.195,2032.955,22.50856
2024.01.29 22:00:00,2032.855,2048.448,2028.935,2036.495,26.68364
2024.01.30 22:00:00,2036.955,2055.878,2031,2039.105,32.71379
2024.01.31 22:00:00,2039.625,2065.348,2029.905,2054.545,35.14784
2024.02.01 22:00:00,2053.788,2057.545,2027.635,2039.275,31.70162
2024.02.04 22:00:00,2040.054,2042.034,2014.835,2025.005,21.24246
2024.02.05 22:00:00,2024.288,2038.785,2022.795,2035.365,20.10732
2024.02.06 22:00:00,2035.218,2044.465,2030.505,2034.805,24.58578
2024.02.07 22:00:00,2034.508,2038.635,2020.095,2033.785,23.30385
2024.02.08 22:00:00,2033.878,2037.058,2020.195,2024.155,22.22005
2024.02.11 22:00:00,2023.495,2027.505,2011.795,2019.885,19.59496
2024.02.12 22:00:00,2019.188,2032.845,1989.985,1992.855,19.6727
2024.02.13 22:00:00,1992.398,1996.025,1984.088,1992.105,18.21015
2024.02.14 22:00:00,1991.388,2008.175,1990.175,2004.105,20.21461
2024.02.15 22:00:00,2003.598,2015.095,1994.985,2013.055,21.65359
2024.02.18 22:00:00,2014.595,2022.895,2009.935,2017.775,14.52081
2024.02.19 22:00:00,2017.498,2030.765,2014.945,2024.095,18.04414
2024.02.20 22:00:00,2023.588,2032.195,2019.915,2025.895,20.15454
2024.02.21 22:00:00,2025.098,2034.708,2019.555,2024.514,23.34864
2024.02.22 22:00:00,2023.618,2041.285,2015.955,2035.215,23.2837
2024.02.25 22:00:00,2034.295,2036.965,2024.975,2030.885,21.71599
2024.02.26 22:00:00,2030.398,2039.375,2028.725,2029.964,20.43987
2024.02.27 22:00:00,2029.698,2037.805,2024.355,2034.085,18.20998
2024.02.28 22:00:00,2034.228,2050.605,2028.015,2043.855,23.12518
2024.02.29 22:00:00,2043.168,2088.215,2038.915,2082.395,32.55293
2024.03.03 22:00:00,2081.835,2119.805,2079.308,2114.295,35.46033
2024.03.04 22:00:00,2114.448,2141.748,2110.375,2127.755,38.88703
2024.03.05 22:00:00,2127.188,2152.085,2123.615,2147.975,42.17956
2024.03.06 22:00:00,2147.948,2164.635,2144.048,2159.715,39.68365
2024.03.07 22:00:00,2159.098,2195.085,2153.895,2178.965,47.47471
2024.03.10 21:00:00,2179.015,2188.925,2174.695,2182.085,30.25957
2024.03.11 21:00:00,2182.008,2184.625,2150.455,2158.045,38.23349
2024.03.12 21:00:00,2157.538,2179.745,2155.665,2174.065,41.92035
2024.03.13 21:00:00,2173.568,2176.848,2152.665,2161.765,31.5964
2024.03.14 21:00:00,2161.338,2172.615,2155.115,2155.625,24.29786
2024.03.17 21:00:00,2155.395,2163.455,2145.985,2159.995,32.14652
2024.03.18 21:00:00,2159.698,2162.745,2147.045,2156.995,26.40379
2024.03.19 21:00:00,2157.298,2188.735,2149.475,2185.855,28.7497
2024.03.20 21:00:00,2186.255,2222.875,2166.264,2180.815,43.14665
2024.03.21 21:00:00,2181.285,2185.965,2157.035,2165.055,32.80906
2024.03.24 21:00:00,2165.475,2181.205,2163.455,2171.235,25.0038
2024.03.25 21:00:00,2171.195,2199.995,2167.458,2178.515,34.42932
2024.03.26 21:00:00,2178.065,2197.505,2173.275,2194.335,25.9787
2024.03.27 21:00:00,2193.998,2236.015,2187.225,2232.698,38.44115
2024.03.31 21:00:00,2238.435,2265.585,2228.395,2251.585,34.20801
2024.04.01 21:00:00,2251.268,2280.945,2246.585,2280.145,47.83233
2024.04.02 21:00:00,2280.355,2301.035,2265.405,2299.755,57.74477
2024.04.03 21:00:00,2299.025,2305.425,2279.688,2290.605,36.03915
2024.04.04 21:00:00,2290.128,2330.345,2267.605,2328.195,60.66822
2024.04.07 21:00:00,2323.125,2353.835,2302.755,2338.845,65.42073
2024.04.08 21:00:00,2338.675,2365.185,2336.795,2352.675,58.4307
2024.04.09 21:00:00,2352.308,2360.065,2319.265,2333.445,63.89192
2024.04.10 21:00:00,2333.414,2377.545,2325.655,2371.705,50.85198
2024.04.11 21:00:00,2371.498,2431.385,2333.755,2343.285,72.81932
2024.04.14 21:00:00,2352.098,2387.448,2323.858,2382.835,76.45615
2024.04.15 21:00:00,2382.238,2398.128,2362.844,2382.335,89.22583
2024.04.16 21:00:00,2381.725,2395.448,2354.435,2360.395,52.2721
2024.04.17 21:00:00,2361.674,2392.624,2361.375,2379.055,58.35268
2024.04.18 21:00:00,2377.898,2417.745,2372.805,2390.295,72.88289
2024.04.21 21:00:00,2387.635,2388.425,2324.555,2326.385,50.31647
2024.04.22 21:00:00,2326.825,2334.305,2291.265,2321.535,82.15237
2024.04.23 21:00:00,2321.498,2337.128,2311.635,2315.715,63.42875
2024.04.24 21:00:00,2314.655,2344.708,2304.898,2331.735,67.44793
2024.04.25 21:00:00,2331.675,2352.418,2326.165,2337.245,52.09069
2024.04.28 21:00:00,2336.065,2346.585,2319.728,2335.085,51.95287
2024.04.29 21:00:00,2334.648,2336.215,2284.975,2285.495,33.5562
2024.04.30 21:00:00,2285.965,2328.225,2281.515,2318.115,61.16386
2024.05.01 21:00:00,2319.298,2326.325,2285.358,2303.305,52.83016
2024.05.02 21:00:00,2303.088,2320.548,2277.165,2301.175,56.40845
2024.05.05 21:00:00,2304.655,2331.988,2291.645,2323.535,58.97961
2024.05.06 21:00:00,2323.434,2329.788,2309.818,2313.795,41.91635
2024.05.07 21:00:00,2313.785,2321.345,2303.555,2308.165,28.01984
2024.05.08 21:00:00,2308.025,2347.095,2306.615,2345.985,53.06258
2024.05.09 21:00:00,2345.385,2378.365,2342.965,2360.175,52.46597
2024.05.12 21:00:00,2362.895,2364.355,2331.985,2336.545,44.25229
2024.05.13 21:00:00,2334.935,2359.558,2334.695,2357.715,50.93596
2024.05.14 21:00:00,2357.038,2390.188,2351.735,2385.425,61.53516
2024.05.15 21:00:00,2386.065,2397.275,2370.845,2376.464,51.15217
2024.05.16 21:00:00,2376.098,2422.575,2373.788,2414.525,50.64012
2024.05.19 21:00:00,2417.098,2449.985,2407.145,2425.675,65.54523
2024.05.20 21:00:00,2425.698,2433.838,2406.158,2420.365,59.74456
2024.05.21 21:00:00,2421.034,2426.344,2374.855,2377.745,79.51521
2024.05.22 21:00:00,2379.015,2383.605,2326.848,2328.375,74.78114
2024.05.23 21:00:00,2327.808,2347.325,2325.265,2333.405,38.85485
2024.05.26 21:00:00,2336.365,2358.388,2332.125,2350.754,38.94911
2024.05.27 21:00:00,2351.098,2363.975,2340.155,2361.015,44.28677
2024.05.28 21:00:00,2360.185,2362.105,2334.438,2337.755,44.28868
2024.05.29 21:00:00,2337.098,2351.698,2322.458,2342.875,54.71104
2024.05.30 21:00:00,2344.705,2359.598,2320.395,2326.995,56.53515
2024.06.02 21:00:00,2327.425,2354.565,2314.635,2350.405,63.61136
2024.06.03 21:00:00,2350.495,2352.645,2315.508,2326.675,64.99613
2024.06.04 21:00:00,2325.918,2357.278,2325.785,2354.975,54.6476
2024.06.05 21:00:00,2355.098,2378.408,2353.305,2375.375,54.8997
2024.06.06 21:00:00,2374.968,2387.595,2286.628,2293.415,71.87808
2024.06.09 21:00:00,2294.415,2313.655,2287.665,2310.645,40.88431
2024.06.10 21:00:00,2311.954,2319.865,2297.595,2316.515,49.49726
2024.06.11 21:00:00,2316.405,2341.495,2310.584,2324.675,72.52523
2024.06.12 21:00:00,2324.305,2326.495,2295.395,2303.905,70.40715
2024.06.13 21:00:00,2303.028,2336.575,2301.415,2332.184,56.61789
2024.06.16 21:00:00,2331.098,2332.488,2309.895,2318.875,42.80117
2024.06.17 21:00:00,2318.098,2333.008,2306.465,2329.165,46.36082
2024.06.18 21:00:00,2328.585,2334.868,2323.984,2327.695,26.05939
2024.06.19 21:00:00,2327.865,2365.375,2327.628,2359.695,49.98431
2024.06.20 21:00:00,2359.298,2368.558,2316.588,2321.755,53.35631
2024.06.23 21:00:00,2322.775,2334.595,2317.575,2333.695,50.28055
2024.06.24 21:00:00,2333.205,2337.018,2315.405,2319.235,53.69398
2024.06.25 21:00:00,2319.575,2323.738,2293.464,2298.035,53.87413
2024.06.26 21:00:00,2298.098,2330.825,2296.425,2327.695,50.99821
2024.06.27 21:00:00,2327.108,2339.635,2318.905,2326.275,53.05778
2024.06.30 21:00:00,2326.315,2338.388,2318.395,2331.485,47.74231
2024.07.01 21:00:00,2330.848,2336.668,2318.945,2329.335,46.82949
2024.07.02 21:00:00,2329.098,2364.795,2326.685,2355.765,48.85862
2024.07.03 21:00:00,2356.925,2362.385,2350.364,2356.555,25.96512
2024.07.04 21:00:00,2356.615,2392.815,2347.515,2390.705,53.74608
2024.07.07 21:00:00,2385.498,2390.935,2350.915,2358.625,50.63677
2024.07.08 21:00:00,2358.338,2371.358,2349.455,2363.745,44.27822
2024.07.09 21:00:00,2363.085,2386.548,2362.091,2370.995,42.70532
2024.07.10 21:00:00,2371.035,2424.395,2370.235,2414.654,68.74773
2024.07.11 21:00:00,2415.298,2418.128,2391.325,2410.534,54.67623
2024.07.14 21:00:00,2412.455,2439.628,2401.225,2422.165,57.58711
2024.07.15 21:00:00,2421.518,2469.575,2419.835,2468.355,63.10739
2024.07.16 21:00:00,2467.945,2483.548,2451.425,2458.645,68.11119
2024.07.17 21:00:00,2458.155,2474.805,2440.195,2444.915,61.15035
2024.07.18 21:00:00,2444.635,2445.705,2393.675,2400.485,54.65796
2024.07.21 21:00:00,2401.298,2412.035,2383.715,2396.045,54.831
2024.07.22 21:00:00,2395.658,2411.908,2388.135,2409.085,62.99095
2024.07.23 21:00:00,2408.648,2431.945,2396.585,2397.015,58.52156
2024.07.24 21:00:00,2397.005,2401.045,2353.005,2364.175,76.1947
2024.07.25 21:00:00,2363.568,2390.655,2355.728,2386.765,47.07164
2024.07.28 21:00:00,2387.645,2402.995,2369.518,2383.504,55.58201
2024.07.29 21:00:00,2383.198,2412.705,2376.358,2410.375,57.53613
2024.07.30 21:00:00,2409.898,2450.848,2403.765,2447.095,66.86657
2024.07.31 21:00:00,2448.498,2462.125,2430.075,2446.065,84.04931
2024.08.01 21:00:00,2445.668,2477.494,2410.664,2443.055,85.59004
2024.08.04 21:00:00,2443.975,2458.655,2364.164,2410.005,123.8212
2024.08.05 21:00:00,2409.295,2418.215,2381.515,2389.854,82.45968
2024.08.06 21:00:00,2390.575,2406.858,2378.868,2382.495,95.81896
2024.08.07 21:00:00,2383.524,2427.548,2380.855,2427.065,72.55133
2024.08.08 21:00:00,2426.845,2436.884,2416.815,2430.925,60.79505
2024.08.11 21:00:00,2430.298,2473.095,2423.695,2472.385,53.23011
2024.08.12 21:00:00,2470.414,2476.845,2458.365,2464.855,55.5766
2024.08.13 21:00:00,2466.498,2479.715,2438,2447.625,55.54713
2024.08.14 21:00:00,2446.958,2469.945,2432.015,2456.545,58.6676
2024.08.15 21:00:00,2456.385,2509.638,2450.565,2506.844,61.77593
2024.08.18 21:00:00,2508.298,2509.998,2485.515,2503.885,59.23622
2024.08.19 21:00:00,2503.275,2531.558,2497.235,2513.615,68.01458
2024.08.20 21:00:00,2512.968,2519.795,2493.698,2512.055,51.22978
2024.08.21 21:00:00,2511.698,2514.545,2470.705,2484.465,51.25808
2024.08.22 21:00:00,2484.185,2518.195,2484.185,2512.235,62.52963
2024.08.25 21:00:00,2511.275,2526.708,2508.585,2517.835,67.93699
2024.08.26 21:00:00,2517.438,2525.818,2503.325,2524.355,58.97109
2024.08.27 21:00:00,2524.605,2528.888,2493.515,2504.315,56.07188
2024.08.28 21:00:00,2503.858,2528.558,2503.515,2521.085,52.78277
2024.08.29 21:00:00,2520.425,2526.725,2494.048,2502.925,50.63427
2024.09.01 21:00:00,2502.435,2507.125,2489.915,2499.228,27.62427
2024.09.02 21:00:00,2499.098,2506.165,2473.245,2492.665,48.58429
2024.09.03 21:00:00,2492.495,2500.145,2471.718,2495.285,55.75422
2024.09.04 21:00:00,2494.725,2523.448,2493.665,2516.475,51.36833
2024.09.05 21:00:00,2516.048,2529.125,2485.015,2497.035,63.02818
2024.09.08 21:00:00,2497.098,2507.088,2485.405,2506.115,57.27368
2024.09.09 21:00:00,2505.898,2518.304,2500.024,2516.415,49.31243
2024.09.10 21:00:00,2515.978,2528.885,2500.825,2511.555,74.62234
2024.09.11 21:00:00,2511.015,2559.978,2510.885,2558.485,64.38075
2024.09.12 21:00:00,2557.698,2585.965,2556.538,2577.615,76.49644
2024.09.15 21:00:00,2578.725,2589.515,2575.115,2582.235,54.53422
2024.09.16 21:00:00,2581.745,2586.835,2560.984,2569.155,55.03864
2024.09.17 21:00:00,2568.698,2599.995,2546.645,2558.664,72.50023
2024.09.18 21:00:00,2558.645,2594.775,2551.005,2586.645,73.52791
2024.09.19 21:00:00,2585.848,2625.574,2584.654,2621.504,81.27069
2024.09.22 21:00:00,2620.915,2634.715,2613.685,2628.405,69.49039
2024.09.23 21:00:00,2628.045,2664.204,2622.475,2656.804,79.5963
2024.09.24 21:00:00,2657.105,2670.348,2649.715,2656.954,64.64491
2024.09.25 21:00:00,2656.474,2685.405,2654.685,2671.964,78.36178
2024.09.26 21:00:00,2671.268,2674.134,2643.111,2657.955,96.6118
2024.09.29 21:00:00,2657.935,2665.858,2624.538,2634.204,77.09886
2024.09.30 21:00:00,2633.898,2672.908,2632.184,2663.005,59.37094
2024.10.01 21:00:00,2662.438,2663.194,2640.954,2658.345,50.75742
2024.10.02 21:00:00,2658.035,2662.775,2636.255,2655.715,46.04295
2024.10.03 21:00:00,2654.878,2670.065,2632.068,2653.545,53.76162
2024.10.06 21:00:00,2650.375,2659.465,2637.688,2642.625,47.80562
2024.10.07 21:00:00,2641.965,2652.885,2604.575,2621.385,76.44051
2024.10.08 21:00:00,2620.638,2624.165,2605.045,2607.465,49.45374
2024.10.09 21:00:00,2606.828,2631.435,2601.734,2629.595,72.22834
2024.10.10 21:00:00,2629.098,2661.258,2627.995,2656.835,50.34331
2024.10.13 21:00:00,2656.298,2666.705,2643.058,2648.424,41.40796
2024.10.14 21:00:00,2646.905,2668.805,2637.955,2662.345,58.9732
2024.10.15 21:00:00,2662.098,2685.298,2658.558,2673.435,50.13155
2024.10.16 21:00:00,2673.015,2696.605,2672.914,2692.675,60.86176
2024.10.17 21:00:00,2691.998,2722.405,2691.665,2721.105,67.06696
2024.10.20 21:00:00,2720.098,2740.418,2714.165,2719.124,71.88901
2024.10.21 21:00:00,2720.054,2748.775,2718.798,2748.525,58.44812
2024.10.22 21:00:00,2748.155,2758.338,2708.635,2715.014,77.41521
2024.10.23 21:00:00,2715.044,2743.175,2714.764,2735.875,65.4931
2024.10.24 21:00:00,2735.318,2747.635,2716.885,2746.625,59.58486
2024.10.27 21:00:00,2735.698,2745.788,2724.545,2742.055,65.21425
2024.10.28 21:00:00,2741.678,2774.715,2739.605,2774.425,65.55338
2024.10.29 21:00:00,2773.898,2789.925,2770.795,2787.205,66.36514
2024.10.30 21:00:00,2788.014,2790.005,2731.415,2743.765,79.72715
2024.10.31 21:00:00,2743.945,2762.048,2733.095,2735.895,81.25302
2024.11.03 22:00:00,2733.298,2748.015,2730,2736.225,55.4556
2024.11.04 22:00:00,2735.698,2749.875,2724.695,2743.694,59.16577
2024.11.05 22:00:00,2742.898,2749.605,2652.295,2658.895,113.1817
2024.11.06 22:00:00,2658.695,2710.244,2643.134,2705.995,85.4443
2024.11.07 22:00:00,2705.788,2710.235,2680.215,2684.035,80.90711
2024.11.10 22:00:00,2683.898,2686.025,2610.515,2619.375,88.13644
2024.11.11 22:00:00,2618.618,2627.015,2589.508,2597.895,63.21202
2024.11.12 22:00:00,2597.628,2618.628,2572.125,2572.195,76.55138
2024.11.13 22:00:00,2572.245,2581.198,2536.664,2564.145,101.90862
2024.11.14 22:00:00,2563.898,2575.908,2554.335,2562.715,88.86513
2024.11.17 22:00:00,2564.258,2614.955,2563.835,2611.605,69.65423
2024.11.18 22:00:00,2611.498,2639.325,2610.205,2632.105,76.41591
2024.11.19 22:00:00,2631.975,2655.275,2618.705,2650.145,66.2344
2024.11.20 22:00:00,2649.515,2673.385,2648.765,2669.535,64.20202
2024.11.21 22:00:00,2668.698,2716.165,2667.915,2715.805,94.90229
2024.11.24 22:00:00,2713.375,2721.185,2615.455,2624.645,87.04453
2024.11.25 22:00:00,2624.218,2641.774,2605.085,2632.785,84.36785
2024.11.26 22:00:00,2631.858,2658.098,2626.935,2635.785,77.6095
2024.11.27 22:00:00,2636.298,2649.518,2620.815,2637.215,47.06639
2024.11.28 22:00:00,2637.505,2666.195,2633.925,2649.945,57.63298
2024.12.01 22:00:00,2653.075,2653.115,2622,2638.555,73.70333
2024.12.02 22:00:00,2638.698,2655.528,2633.965,2643.225,82.39301
2024.12.03 22:00:00,2642.618,2656.998,2632.315,2649.325,72.9146
2024.12.04 22:00:00,2649.118,2655.445,2623.385,2631.665,77.46521
2024.12.05 22:00:00,2631.498,2645.535,2612.585,2632.664,63.84797
2024.12.08 22:00:00,2646.52,2676.255,2627.455,2659.354,71.0859
2024.12.09 22:00:00,2660.498,2695.378,2657.805,2693.514,63.18206
2024.12.10 22:00:00,2693.698,2721.005,2674.345,2717.395,109.2286
2024.12.11 22:00:00,2717.135,2726.105,2675.055,2680.595,95.35849
2024.12.12 22:00:00,2679.778,2692.595,2645.945,2647.385,84.42715
2024.12.15 22:00:00,2649.098,2664.248,2643.374,2652.595,66.68552
2024.12.16 22:00:00,2651.898,2658.465,2632.795,2645.575,71.29326
2024.12.17 22:00:00,2645.355,2651.525,2583.498,2584.574,112.53791
2024.12.18 22:00:00,2583.745,2626.325,2582.264,2593.585,92.48767
2024.12.19 22:00:00,2593.498,2631.698,2589.475,2622.435,69.11575
2024.12.22 22:00:00,2623.698,2633.135,2608.055,2611.635,68.63096
2024.12.23 22:00:00,2613.1,2621.205,2609.935,2616.348,41.64079
2024.12.25 22:00:00,2619.205,2638.975,2614.248,2632.705,45.09607
2024.12.26 22:00:00,2632.448,2638.105,2611.285,2621.348,53.99313
2024.12.29 22:00:00,2620.154,2627.985,2595.905,2605.705,74.52398
2024.12.30 22:00:00,2605.455,2627.364,2602.475,2624.255,47.45327
2025.01.01 22:00:00,2625.098,2660.375,2621.475,2657.195,65.82481
2025.01.02 22:00:00,2657.248,2665.185,2636.625,2639.898,64.90491
2025.01.05 22:00:00,2639.298,2649.305,2614.365,2635.995,73.05827
2025.01.06 22:00:00,2635.618,2664.098,2632.775,2648.185,59.15845
2025.01.07 22:00:00,2647.965,2669.844,2645.095,2661.105,68.03417
2025.01.08 22:00:00,2660.865,2678.395,2655.305,2669.525,61.4333
2025.01.09 22:00:00,2670.255,2697.709,2663.205,2689.755,93.16198
2025.01.12 22:00:00,2690.155,2693.245,2656.615,2662.475,85.02917
2025.01.13 22:00:00,2662.633,2677.985,2659.645,2676.875,68.58058
2025.01.14 22:00:00,2677.475,2697.335,2669.315,2695.719,69.73995
2025.01.15 22:00:00,2697.348,2724.565,2689.725,2713.745,78.43148
2025.01.16 22:00:00,2714.065,2717.375,2698.445,2702.645,60.01766
2025.01.19 22:00:00,2701.105,2713.655,2689.308,2707.248,43.03318
2025.01.20 22:00:00,2706.055,2745.848,2702.745,2744.005,57.49851
2025.01.21 22:00:00,2743.808,2763.205,2741.705,2755.755,49.39035
2025.01.22 22:00:00,2755.495,2758.655,2735.665,2754.145,67.43244
2025.01.23 22:00:00,2753.945,2785.825,2753.185,2769.805,63.17546
2025.01.26 22:00:00,2770.305,2772.415,2730.529,2739.755,57.87483
2025.01.27 22:00:00,2739.765,2764.875,2734.738,2763.005,52.91869
2025.01.28 22:00:00,2762.448,2765.985,2745,2758.615,67.25598
2025.01.29 22:00:00,2758.595,2798.305,2757.348,2793.465,73.03849
2025.01.30 22:00:00,2793.148,2816.935,2790.895,2798.085,75.41626
2025.02.02 22:00:00,2793.987,2830.305,2771.885,2813.935,76.39282
2025.02.03 22:00:00,2812.248,2845.335,2806.925,2841.235,60.42537
2025.02.04 22:00:00,2840.755,2882.215,2839.335,2866.235,48.41748
2025.02.05 22:00:00,2865.995,2873.085,2833.955,2855.945,53.391
2025.02.06 22:00:00,2855.298,2886.605,2852.085,2860.135,50.23531
2025.02.09 22:00:00,2858.065,2911.655,2854.448,2907.365,58.91489
2025.02.10 22:00:00,2906.968,2942.665,2881.635,2897.325,58.78257
2025.02.11 22:00:00,2896.578,2909.035,2863.685,2903.975,50.84666
2025.02.12 22:00:00,2903.485,2929.395,2900.225,2927.305,45.01821
2025.02.13 22:00:00,2926.735,2939.935,2876.805,2882.085,54.78834
2025.02.16 22:00:00,2881.745,2906.215,2878.015,2898.275,34.89911
2025.02.17 22:00:00,2898.545,2936.825,2891.775,2934.565,53.76566
2025.02.18 22:00:00,2934.248,2946.865,2918.365,2932.985,51.29951
2025.02.19 22:00:00,2932.538,2954.755,2923.945,2938.995,38.74078
2025.02.20 22:00:00,2938.165,2949.545,2916.615,2934.955,48.24528
2025.02.23 22:00:00,2934.815,2956.035,2921.055,2952.725,61.69567
2025.02.24 22:00:00,2952.315,2953.348,2888.085,2914.348,61.23597
2025.02.25 22:00:00,2913.965,2929.995,2890.588,2916.025,50.06255
2025.02.26 22:00:00,2915.878,2920.615,2867.565,2876.485,60.14135
2025.02.27 22:00:00,2876.298,2884.925,2832.455,2856.998,60.72464
2025.03.02 22:00:00,2855.205,2894.985,2855.075,2892.148,48.38042
2025.03.03 22:00:00,2891.785,2927.715,2881.648,2916.625,55.68257
2025.03.04 22:00:00,2917.155,2929.748,2894.145,2918.735,80.59553
2025.03.05 22:00:00,2918.258,2926.425,2890.815,2910.805,54.17764
2025.03.06 22:00:00,2910.898,2930.185,2895.698,2909.355,45.01333
2025.03.09 21:00:00,2910.905,2918.125,2879.935,2888.325,74.47727
2025.03.10 21:00:00,2888.098,2922.048,2879.938,2915.625,51.16495
2025.03.11 21:00:00,2914.998,2940.348,2905.755,2932.925,53.17137
2025.03.12 21:00:00,2933.698,2989.165,2932.768,2988.075,57.49954
2025.03.13 21:00:00,2988.698,3004.725,2978.085,2983.795,58.68834
2025.03.16 21:00:00,2984.285,3001.755,2981.975,3000.425,48.76115
2025.03.17 21:00:00,3000.098,3038.058,2999.258,3034.075,55.30907
2025.03.18 21:00:00,3033.335,3051.758,3022.315,3045.955,47.54032
2025.03.19 21:00:00,3047.648,3057.245,3025.428,3044.725,55.37316
2025.03.20 21:00:00,3043.925,3047.265,2999.268,3022.705,49.43901
2025.03.23 21:00:00,3020.155,3033.135,3002.145,3011.435,50.6437
2025.03.24 21:00:00,3011.415,3035.905,3007.315,3019.675,44.06345
2025.03.25 21:00:00,3018.745,3031.945,3012.125,3018.685,42.5684
2025.03.26 21:00:00,3018.668,3059.518,3017.298,3055.515,46.93223
2025.03.27 21:00:00,3055.498,3086.725,3053.875,3083.898,46.18875
2025.03.30 21:00:00,3086.498,3127.825,3076.485,3122.905,48.24713
2025.03.31 21:00:00,3122.298,3148.835,3100.665,3113.025,51.5523
2025.04.01 21:00:00,3112.898,3141.283,3104.175,3130.748,38.69848
2025.04.02 21:00:00,3142.048,3167.548,3053.935,3114.585,65.63919
2025.04.03 21:00:00,3113.998,3136.435,3015.335,3037.998,65.15072
2025.04.06 21:00:00,3006.765,3055.18,2956.125,2982.975,83.09201
2025.04.07 21:00:00,2980.955,3022.485,2974.565,2982.465,47.3627
2025.04.08 21:00:00,2982.455,3099.465,2969.605,3082.245,69.64049
2025.04.09 21:00:00,3080.795,3176.255,3070.935,3175.025,56.22944
2025.04.10 21:00:00,3174.495,3245.025,3174.455,3236.375,54.75645
2025.04.13 21:00:00,3229.155,3245.515,3193.315,3210.255,43.59024
2025.04.14 21:00:00,3210.555,3233.425,3209.685,3229.855,26.55514
2025.04.15 21:00:00,3230.875,3343.185,3229.735,3342.645,52.82845
2025.04.16 21:00:00,3342.515,3357.455,3283.345,3326.925,39.21626
2025.04.20 21:00:00,3331.835,3430.355,3327.985,3422.895,40.90988
2025.04.21 21:00:00,3423.815,3499.915,3366.525,3380.075,49.01452
2025.04.22 21:00:00,3349.515,3386.375,3259.485,3287.805,52.70902
2025.04.23 21:00:00,3288.865,3367.015,3288.035,3348.355,43.51202
2025.04.24 21:00:00,3350.885,3370.065,3264.785,3318.625,42.17164
2025.04.27 21:00:00,3324.265,3352.835,3267.765,3343.505,37.5667
2025.04.28 21:00:00,3343.735,3348.145,3299.325,3316.595,31.89757
2025.04.29 21:00:00,3316.175,3327.865,3266.875,3288.255,51.61341
2025.04.30 21:00:00,3287.425,3289.775,3201.685,3238.375,53.5275
2025.05.01 21:00:00,3238.385,3268.805,3222.395,3239.415,39.22971
2025.05.04 21:00:00,3239.195,3337.395,3236.745,3332.615,39.59011
2025.05.05 21:00:00,3335.895,3434.675,3321.108,3431.105,73.27296
2025.05.06 21:00:00,3437.655,3437.655,3359.735,3363.975,54.02286
2025.05.07 21:00:00,3365.545,3414.705,3288.445,3305.515,61.66844
2025.05.08 21:00:00,3304.035,3347.365,3274.295,3323.345,50.85047
2025.05.11 21:00:00,3271.805,3292.675,3207.495,3235.215,52.38979
2025.05.12 21:00:00,3236.195,3265.405,3215.535,3250.315,38.47439
2025.05.13 21:00:00,3249.275,3256.685,3167.545,3176.915,53.18939
2025.05.14 21:00:00,3178.135,3240.305,3120.205,3239.625,55.95716
2025.05.15 21:00:00,3239.855,3251.805,3153.475,3202.465,56.33895
2025.05.18 21:00:00,3218.455,3249.505,3205.785,3229.205,41.72906
2025.05.19 21:00:00,3229.345,3295.465,3204.205,3289.785,45.51148
2025.05.20 21:00:00,3290.145,3324.748,3285.105,3314.675,46.33364
2025.05.21 21:00:00,3319.348,3345.198,3278.789,3294.425,49.36323
2025.05.22 21:00:00,3294.298,3365.798,3286.765,3356.575,45.62827
2025.05.25 21:00:00,3355.698,3356.598,3323.298,3341.635,24.2662
2025.05.26 21:00:00,3342.498,3349.748,3284.159,3300.455,34.09497
2025.05.27 21:00:00,3300.298,3325.318,3276.075,3286.715,36.34851
2025.05.28 21:00:00,3288.148,3330.775,3245.198,3317.775,47.78404
2025.05.29 21:00:00,3317.185,3322.448,3271.095,3288.865,41.45527
2025.06.01 21:00:00,3298.375,3382.695,3295.208,3381.215,46.95887
2025.06.02 21:00:00,3382.898,3391.935,3332.575,3352.885,44.86175
2025.06.03 21:00:00,3353.515,3384.495,3343.448,3372.445,44.69223
2025.06.04 21:00:00,3374.245,3403.178,3339.048,3352.285,42.71378
2025.06.05 21:00:00,3353.745,3375.348,3306.915,3309.625,44.72767
2025.06.08 21:00:00,3311.395,3338.065,3293.198,3325.215,40.19865
2025.06.09 21:00:00,3325.125,3348.895,3301.698,3323.295,41.21479
2025.06.10 21:00:00,3322.298,3360.405,3315.245,3355.005,34.28063
2025.06.11 21:00:00,3356.915,3398.745,3338.385,3385.625,43.55864
2025.06.12 21:00:00,3385.505,3446.648,3379.378,3431.855,61.6906
2025.06.15 21:00:00,3451.065,3451.085,3382.525,3383.485,34.40988
2025.06.16 21:00:00,3386.825,3403.098,3365.835,3387.385,34.74007
2025.06.17 21:00:00,3389.698,3399.845,3362.355,3368.845,38.21959
2025.06.18 21:00:00,3369.445,3387.798,3347.265,3370.075,29.46547
2025.06.19 21:00:00,3368.405,3374.265,3340.175,3368.005,25.96316
2025.06.22 21:00:00,3390.698,3396.648,3346.675,3367.955,31.43878
2025.06.23 21:00:00,3367.298,3369.545,3295.098,3322.625,34.6552
2025.06.24 21:00:00,3323.725,3336.848,3311.705,3332.095,22.92185
2025.06.25 21:00:00,3334.245,3350.025,3309.695,3327.705,31.65732
2025.06.26 21:00:00,3327.358,3327.698,3255.485,3273.335,33.09956
2025.06.29 21:00:00,3272.145,3309.348,3244.925,3302.155,36.88034
2025.06.30 21:00:00,3302.898,3357.865,3301.958,3337.535,39.58311
2025.07.01 21:00:00,3338.698,3359.815,3327.275,3357.205,28.38124
2025.07.02 21:00:00,3356.698,3365.455,3311.215,3326.085,32.12768
2025.07.03 21:00:00,3324.998,3344.905,3323.345,3336.248,20.53684
2025.07.06 21:00:00,3334.015,3342.348,3296.195,3336.545,45.53212
2025.07.07 21:00:00,3338.498,3345.548,3286.905,3300.695,37.22682
2025.07.08 21:00:00,3301.098,3316.598,3282.425,3313.445,35.80517
2025.07.09 21:00:00,3312.948,3330.085,3309.905,3323.505,32.19611
2025.07.10 21:00:00,3322.935,3368.559,3321.585,3354.725,48.12234
2025.07.13 21:00:00,3362.948,3374.805,3340.755,3342.785,29.11028
2025.07.14 21:00:00,3342.805,3366.148,3320.055,3323.135,28.61046
2025.07.15 21:00:00,3324.095,3377.185,3319.499,3346.045,43.43951
2025.07.16 21:00:00,3347.298,3352.025,3309.575,3338.355,29.59212
2025.07.17 21:00:00,3340.725,3361.035,3331.645,3349.655,26.04946
2025.07.20 21:00:00,3349.898,3401.339,3344.798,3396.535,34.05143
2025.07.21 21:00:00,3396.895,3433.279,3383.115,3430.855,33.73124
2025.07.22 21:00:00,3431.605,3438.655,3381.215,3386.615,42.62359
2025.07.23 21:00:00,3387.698,3393.165,3351.168,3367.905,41.65671
2025.07.24 21:00:00,3367.695,3373.295,3324.805,3335.575,33.91369
2025.07.27 21:00:00,3316.938,3345.145,3301.465,3312.075,30.14613
2025.07.28 21:00:00,3314.255,3333.908,3307.815,3325.575,28.32408
2025.07.29 21:00:00,3326.498,3333.815,3267.955,3274.775,45.53895
2025.07.30 21:00:00,3275.298,3314.705,3273.505,3289.275,40.13657
2025.07.31 21:00:00,3289.665,3363.425,3281.435,3362.425,42.85607
2025.08.03 21:00:00,3364.698,3385.205,3344.748,3372.595,32.37491
2025.08.04 21:00:00,3374.098,3390.289,3349.639,3380.005,33.1387
2025.08.05 21:00:00,3380.345,3385.098,3358.015,3368.425,28.0466
2025.08.06 21:00:00,3368.495,3401.798,3364.895,3396.715,77.18945
2025.08.07 21:00:00,3404.165,3408.675,3373.288,3398.579,175.26592
2025.08.10 21:00:00,3397.298,3404.798,3340.808,3341.145,66.54003
2025.08.11 21:00:00,3342.298,3359.198,3330.898,3347.775,44.69261
2025.08.12 21:00:00,3347.498,3370.505,3342.439,3355.155,33.8006
2025.08.13 21:00:00,3355.898,3374.555,3329.645,3334.905,40.93221
2025.08.14 21:00:00,3335.498,3348.595,3331.945,3334.645,25.21936
2025.08.17 21:00:00,3336.015,3358.215,3323.335,3331.815,33.99867
2025.08.18 21:00:00,3333.098,3345.165,3314.775,3316.035,30.25253
2025.08.19 21:00:00,3315.465,3350.198,3311.255,3347.335,31.55859
2025.08.20 21:00:00,3349.098,3351.935,3324.948,3338.935,23.83463
2025.08.21 21:00:00,3338.405,3378.585,3321.045,3371.235,32.94134
2025.08.24 21:00:00,3370.835,3376.135,3359.495,3365.605,18.26715
2025.08.25 21:00:00,3365.135,3393.495,3351.175,3393.465,33.61644
2025.08.26 21:00:00,3392.648,3398.569,3373.665,3396.495,29.58614
2025.08.27 21:00:00,3397.835,3423.069,3384.445,3415.795,36.67305
