datetime,open,high,low,close
1969-05-30 00:00,43.37,43.37,43.37,43.37
1969-06-02 00:00,42.9,42.9,42.9,42.9
1969-06-03 00:00,42.9,42.9,42.5,42.5
1969-06-04 00:00,42.5,42.5,42.3,42.3
1969-06-05 00:00,42.3,42.3,41.8,41.8
1969-06-06 00:00,41.8,41.8,40.9,40.9
1969-06-09 00:00,40.9,41.5,40.9,41.5
1969-06-10 00:00,41.5,42.5,41.5,42.5
1969-06-11 00:00,42.5,42.5,41.6,41.6
1969-06-12 00:00,41.6,41.7,41.6,41.7
1969-06-13 00:00,41.7,41.8,41.7,41.8
1969-06-16 00:00,41.8,41.8,40.8,40.8
1969-06-17 00:00,40.8,41.7,40.8,41.7
1969-06-18 00:00,41.7,41.7,41.6,41.6
1969-06-19 00:00,41.6,41.6,41.6,41.6
1969-06-20 00:00,41.6,41.6,41.5,41.5
1969-06-23 00:00,41.5,41.5,41.5,41.5
1969-06-24 00:00,41.5,41.5,41.2,41.2
1969-06-25 00:00,41.2,41.2,41.1,41.1
1969-06-26 00:00,41.1,41.2,41.1,41.2
1969-06-27 00:00,41.2,41.3,41.2,41.3
1969-06-30 00:00,41.3,41.4,41.3,41.4
1969-07-01 00:00,41.4,41.4,41.4,41.4
1969-07-02 00:00,41.4,41.4,41.4,41.4
1969-07-03 00:00,41.4,41.8,41.4,41.8
1969-07-07 00:00,41.8,42.0,41.8,42.0
1969-07-08 00:00,42.0,42.3,42.0,42.3
1969-07-09 00:00,42.3,42.3,42.0,42.0
1969-07-10 00:00,42.0,42.1,42.0,42.1
1969-07-11 00:00,42.1,42.1,42.1,42.1
1969-07-14 00:00,42.1,42.2,42.1,42.2
1969-07-15 00:00,42.2,42.2,42.2,42.2
1969-07-16 00:00,42.2,42.2,42.0,42.0
1969-07-17 00:00,42.0,42.2,42.0,42.2
1969-07-18 00:00,42.2,42.2,42.2,42.2
1969-07-22 00:00,42.2,42.2,42.1,42.1
1969-07-23 00:00,42.1,42.1,42.0,42.0
1969-07-24 00:00,42.0,42.1,42.0,42.1
1969-07-25 00:00,42.1,42.1,42.1,42.1
1969-07-28 00:00,42.1,42.1,42.0,42.0
1969-07-29 00:00,42.0,42.0,41.7,41.7
1969-07-30 00:00,41.7,41.7,41.7,41.7
1969-07-31 00:00,41.7,41.7,41.6,41.6
1969-08-01 00:00,41.6,41.6,41.6,41.6
1969-08-04 00:00,41.6,41.6,41.5,41.5
1969-08-05 00:00,41.5,41.5,41.3,41.3
1969-08-06 00:00,41.3,41.3,41.2,41.2
1969-08-07 00:00,41.2,41.3,41.2,41.3
1969-08-08 00:00,41.3,41.3,41.3,41.3
1969-08-11 00:00,41.3,41.4,41.3,41.4
1969-08-12 00:00,41.4,41.4,41.3,41.3
1969-08-13 00:00,41.3,41.4,41.3,41.4
1969-08-14 00:00,41.4,41.4,41.4,41.4
1969-08-15 00:00,41.4,41.4,41.1,41.1
1969-08-18 00:00,41.1,41.4,41.1,41.4
1969-08-19 00:00,41.4,41.4,41.1,41.1
1969-08-20 00:00,41.1,41.3,41.1,41.3
1969-08-21 00:00,41.3,41.3,41.3,41.3
1969-08-22 00:00,41.3,41.3,41.3,41.3
1969-08-25 00:00,41.3,41.3,41.1,41.1
1969-08-26 00:00,41.1,41.1,41.1,41.1
1969-08-27 00:00,41.1,41.2,41.1,41.2
1969-08-28 00:00,41.2,41.2,40.9,40.9
1969-08-29 00:00,40.9,41.1,40.9,41.1
1969-09-02 00:00,41.1,41.1,40.9,40.9
1969-09-03 00:00,40.9,41.0,40.9,41.0
1969-09-04 00:00,41.0,41.1,41.0,41.1
1969-09-05 00:00,41.1,41.1,41.1,41.1
1969-09-08 00:00,41.1,41.1,41.1,41.1
1969-09-09 00:00,41.1,41.2,41.1,41.2
1969-09-10 00:00,41.2,41.2,41.1,41.1
1969-09-11 00:00,41.1,41.1,41.1,41.1
1969-09-12 00:00,41.1,41.3,41.1,41.3
1969-09-15 00:00,41.3,41.3,41.2,41.2
1969-09-16 00:00,41.2,41.2,41.2,41.2
1969-09-17 00:00,41.2,41.2,41.2,41.2
1969-09-18 00:00,41.2,41.2,41.1,41.1
1969-09-19 00:00,41.1,41.1,41.1,41.1
1969-09-22 00:00,41.1,41.1,41.1,41.1
1969-09-23 00:00,41.1,41.1,41.1,41.1
1969-09-24 00:00,41.1,41.1,41.0,41.0
1969-09-25 00:00,41.0,41.0,41.0,41.0
1969-09-26 00:00,41.0,41.0,41.0,41.0
1969-09-29 00:00,41.0,41.0,40.9,40.9
1969-09-30 00:00,40.9,40.9,40.9,40.9
1969-10-01 00:00,40.9,41.0,40.9,41.0
1969-10-02 00:00,41.0,41.1,41.0,41.1
1969-10-03 00:00,41.1,41.2,41.1,41.2
1969-10-06 00:00,41.2,41.2,41.0,41.0
1969-10-07 00:00,41.0,41.0,41.0,41.0
1969-10-08 00:00,41.0,41.0,40.9,40.9
1969-10-09 00:00,40.9,41.0,40.9,41.0
1969-10-10 00:00,41.0,41.0,40.9,40.9
1969-10-13 00:00,40.9,40.9,40.8,40.8
1969-10-14 00:00,40.8,40.9,40.8,40.9
1969-10-15 00:00,40.9,40.9,40.9,40.9
1969-10-16 00:00,40.9,40.9,40.8,40.8
1969-10-17 00:00,40.8,40.8,40.8,40.8
1969-10-20 00:00,40.8,40.8,40.6,40.6
1969-10-21 00:00,40.6,40.6,40.5,40.5
1969-10-22 00:00,40.5,40.5,40.3,40.3
1969-10-23 00:00,40.3,40.3,40.2,40.2
1969-10-24 00:00,40.2,40.3,40.2,40.3
1969-10-27 00:00,40.3,40.4,40.3,40.4
1969-10-28 00:00,40.4,40.4,40.3,40.3
1969-10-29 00:00,40.3,40.3,40.2,40.2
1969-10-30 00:00,40.2,40.2,40.1,40.1
1969-10-31 00:00,40.1,40.1,40.0,40.0
1969-11-03 00:00,40.0,40.0,39.8,39.8
1969-11-04 00:00,39.8,39.8,39.8,39.8
1969-11-05 00:00,39.8,39.8,39.6,39.6
1969-11-06 00:00,39.6,39.6,39.2,39.2
1969-11-07 00:00,39.2,39.2,38.7,38.7
1969-11-10 00:00,38.7,38.7,38.3,38.3
1969-11-11 00:00,38.3,38.5,38.3,38.5
1969-11-12 00:00,38.5,38.5,38.0,38.0
1969-11-13 00:00,38.0,38.0,38.0,38.0
1969-11-14 00:00,38.0,38.1,38.0,38.1
1969-11-17 00:00,38.1,38.1,38.0,38.0
1969-11-18 00:00,38.0,38.0,37.8,37.8
1969-11-19 00:00,37.8,37.8,36.8,36.8
1969-11-20 00:00,36.8,36.8,36.5,36.5
1969-11-21 00:00,36.5,36.5,36.3,36.3
1969-11-24 00:00,36.3,36.3,35.7,35.7
1969-11-25 00:00,35.7,35.7,35.7,35.7
1969-11-26 00:00,35.7,35.8,35.7,35.8
1969-11-28 00:00,35.8,35.9,35.8,35.9
1969-12-01 00:00,35.9,35.9,35.7,35.7
1969-12-02 00:00,35.7,35.7,35.5,35.5
1969-12-03 00:00,35.5,35.6,35.5,35.6
1969-12-04 00:00,35.6,35.6,35.4,35.4
1969-12-05 00:00,35.4,35.4,35.4,35.4
1969-12-08 00:00,35.4,35.4,35.2,35.2
1969-12-09 00:00,35.2,35.2,35.2,35.2
1969-12-10 00:00,35.2,35.2,35.2,35.2
1969-12-11 00:00,35.2,35.4,35.2,35.4
1969-12-12 00:00,35.4,35.5,35.4,35.5
1969-12-15 00:00,35.5,35.5,35.3,35.3
1969-12-16 00:00,35.3,35.3,35.2,35.2
1969-12-17 00:00,35.2,35.3,35.2,35.3
1969-12-18 00:00,35.3,35.3,35.2,35.2
1969-12-19 00:00,35.2,35.2,35.2,35.2
1969-12-22 00:00,35.2,35.3,35.2,35.3
1969-12-23 00:00,35.3,35.3,35.3,35.3
1969-12-24 00:00,35.3,35.4,35.3,35.4
1969-12-29 00:00,35.4,35.4,35.4,35.4
1969-12-30 00:00,35.4,35.4,35.4,35.4
1969-12-31 00:00,35.4,35.4,35.4,35.4
1970-01-05 00:00,35.4,35.4,35.4,35.4
1970-01-06 00:00,35.4,35.4,35.2,35.2
1970-01-07 00:00,35.2,35.2,35.2,35.2
1970-01-08 00:00,35.2,35.2,35.1,35.1
1970-01-09 00:00,35.1,35.1,35.1,35.1
1970-01-12 00:00,35.1,35.1,35.1,35.1
1970-01-13 00:00,35.1,35.1,35.1,35.1
1970-01-14 00:00,35.1,35.1,35.1,35.1
1970-01-15 00:00,35.1,35.1,35.0,35.0
1970-01-16 00:00,35.0,35.0,34.9,34.9
1970-01-19 00:00,34.9,34.9,34.9,34.9
1970-01-20 00:00,34.9,35.0,34.9,35.0
1970-01-21 00:00,35.0,35.0,35.0,35.0
1970-01-22 00:00,35.0,35.2,35.0,35.2
1970-01-23 00:00,35.2,35.2,35.2,35.2
1970-01-26 00:00,35.2,35.2,35.1,35.1
1970-01-27 00:00,35.1,35.2,35.1,35.2
1970-01-28 00:00,35.2,35.2,35.2,35.2
1970-01-29 00:00,35.2,35.2,35.2,35.2
1970-01-30 00:00,35.2,35.2,35.2,35.2
1970-02-02 00:00,35.2,35.2,35.2,35.2
1970-02-03 00:00,35.2,35.2,35.2,35.2
1970-02-04 00:00,35.2,35.2,35.2,35.2
1970-02-05 00:00,35.2,35.2,35.2,35.2
1970-02-06 00:00,35.2,35.2,35.2,35.2
1970-02-09 00:00,35.2,35.2,35.2,35.2
1970-02-10 00:00,35.2,35.2,35.2,35.2
1970-02-11 00:00,35.2,35.2,35.2,35.2
1970-02-12 00:00,35.2,35.2,35.2,35.2
1970-02-13 00:00,35.2,35.2,35.2,35.2
1970-02-16 00:00,35.2,35.2,35.2,35.2
1970-02-17 00:00,35.2,35.2,35.2,35.2
1970-02-18 00:00,35.2,35.2,35.1,35.1
1970-02-19 00:00,35.1,35.2,35.1,35.2
1970-02-20 00:00,35.2,35.2,35.2,35.2
1970-02-24 00:00,35.2,35.2,35.2,35.2
1970-02-25 00:00,35.2,35.2,35.2,35.2
1970-02-26 00:00,35.2,35.2,35.2,35.2
1970-02-27 00:00,35.2,35.2,35.2,35.2
1970-03-02 00:00,35.2,35.2,35.2,35.2
1970-03-03 00:00,35.2,35.2,35.2,35.2
1970-03-04 00:00,35.2,35.2,35.2,35.2
1970-03-05 00:00,35.2,35.2,35.2,35.2
1970-03-06 00:00,35.2,35.2,35.1,35.1
1970-03-09 00:00,35.1,35.1,35.1,35.1
1970-03-10 00:00,35.1,35.1,35.1,35.1
1970-03-11 00:00,35.1,35.2,35.1,35.2
1970-03-12 00:00,35.2,35.2,35.2,35.2
1970-03-13 00:00,35.2,35.2,35.2,35.2
1970-03-16 00:00,35.2,35.2,35.2,35.2
1970-03-17 00:00,35.2,35.2,35.2,35.2
1970-03-18 00:00,35.2,35.3,35.2,35.3
1970-03-19 00:00,35.3,35.4,35.3,35.4
1970-03-20 00:00,35.4,35.4,35.3,35.3
1970-03-23 00:00,35.3,35.3,35.3,35.3
1970-03-24 00:00,35.3,35.4,35.3,35.4
1970-03-25 00:00,35.4,35.5,35.4,35.5
1970-03-26 00:00,35.5,35.5,35.4,35.4
1970-03-30 00:00,35.4,35.4,35.4,35.4
1970-03-31 00:00,35.4,35.4,35.4,35.4
1970-04-01 00:00,35.4,35.5,35.4,35.5
1970-04-02 00:00,35.5,35.5,35.5,35.5
1970-04-03 00:00,35.5,35.5,35.5,35.5
1970-04-06 00:00,35.5,35.5,35.5,35.5
1970-04-07 00:00,35.5,35.5,35.5,35.5
1970-04-08 00:00,35.5,35.6,35.5,35.6
1970-04-09 00:00,35.6,35.6,35.6,35.6
1970-04-10 00:00,35.6,35.6,35.6,35.6
1970-04-13 00:00,35.6,35.6,35.6,35.6
1970-04-14 00:00,35.6,35.9,35.6,35.9
1970-04-15 00:00,35.9,35.9,35.8,35.8
1970-04-16 00:00,35.8,36.0,35.8,36.0
1970-04-17 00:00,36.0,36.0,36.0,36.0
1970-04-20 00:00,36.0,36.0,36.0,36.0
1970-04-21 00:00,36.0,36.1,36.0,36.1
1970-04-22 00:00,36.1,36.2,36.1,36.2
1970-04-23 00:00,36.2,36.2,36.1,36.1
1970-04-24 00:00,36.1,36.1,36.0,36.0
1970-04-27 00:00,36.0,36.0,35.9,35.9
1970-04-28 00:00,35.9,36.1,35.9,36.1
1970-04-29 00:00,36.1,36.1,36.1,36.1
1970-04-30 00:00,36.1,36.1,36.1,36.1
1970-05-01 00:00,36.1,36.1,36.1,36.1
1970-05-04 00:00,36.1,36.1,36.1,36.1
1970-05-05 00:00,36.1,36.4,36.1,36.4
1970-05-06 00:00,36.4,36.4,36.4,36.4
1970-05-07 00:00,36.4,36.4,36.4,36.4
1970-05-08 00:00,36.4,36.4,36.4,36.4
1970-05-11 00:00,36.4,36.4,36.3,36.3
1970-05-12 00:00,36.3,36.3,36.2,36.2
1970-05-13 00:00,36.2,36.2,36.1,36.1
1970-05-14 00:00,36.1,36.1,36.1,36.1
1970-05-15 00:00,36.1,36.2,36.1,36.2
1970-05-18 00:00,36.2,36.2,36.2,36.2
1970-05-19 00:00,36.2,36.2,36.2,36.2
1970-05-20 00:00,36.2,36.2,36.2,36.2
1970-05-21 00:00,36.2,36.2,36.1,36.1
1970-05-22 00:00,36.1,36.1,36.1,36.1
1970-05-25 00:00,36.1,36.1,36.1,36.1
1970-05-26 00:00,36.1,36.1,36.0,36.0
1970-05-27 00:00,36.0,36.0,35.9,35.9
1970-05-28 00:00,35.9,35.9,35.8,35.8
1970-06-01 00:00,35.8,35.8,35.6,35.6
1970-06-02 00:00,35.6,35.6,35.4,35.4
1970-06-03 00:00,35.4,35.4,35.3,35.3
1970-06-04 00:00,35.3,35.4,35.3,35.4
1970-06-05 00:00,35.4,35.4,35.4,35.4
1970-06-08 00:00,35.4,35.7,35.4,35.7
1970-06-09 00:00,35.7,35.7,35.7,35.7
1970-06-10 00:00,35.7,35.8,35.7,35.8
1970-06-11 00:00,35.8,35.9,35.8,35.9
1970-06-12 00:00,35.9,35.9,35.8,35.8
1970-06-15 00:00,35.8,35.8,35.7,35.7
1970-06-16 00:00,35.7,35.7,35.6,35.6
1970-06-17 00:00,35.6,35.6,35.6,35.6
1970-06-18 00:00,35.6,35.6,35.6,35.6
1970-06-19 00:00,35.6,35.6,35.6,35.6
1970-06-22 00:00,35.6,35.6,35.6,35.6
1970-06-23 00:00,35.6,35.6,35.6,35.6
1970-06-24 00:00,35.6,35.8,35.6,35.8
1970-06-25 00:00,35.8,35.8,35.7,35.7
1970-06-26 00:00,35.7,35.7,35.6,35.6
1970-06-29 00:00,35.6,35.7,35.6,35.7
1970-06-30 00:00,35.7,35.7,35.7,35.7
1970-07-01 00:00,35.7,35.7,35.7,35.7
1970-07-02 00:00,35.7,35.7,35.7,35.7
1970-07-06 00:00,35.7,35.7,35.6,35.6
1970-07-07 00:00,35.6,35.6,35.5,35.5
1970-07-08 00:00,35.5,35.5,35.5,35.5
1970-07-09 00:00,35.5,35.5,35.5,35.5
1970-07-10 00:00,35.5,35.5,35.5,35.5
1970-07-13 00:00,35.5,35.5,35.5,35.5
1970-07-14 00:00,35.5,35.5,35.5,35.5
1970-07-15 00:00,35.5,35.5,35.5,35.5
1970-07-16 00:00,35.5,35.5,35.5,35.5
1970-07-17 00:00,35.5,35.5,35.5,35.5
1970-07-20 00:00,35.5,35.5,35.5,35.5
1970-07-21 00:00,35.5,35.5,35.5,35.5
1970-07-22 00:00,35.5,35.5,35.5,35.5
1970-07-23 00:00,35.5,35.5,35.5,35.5
1970-07-24 00:00,35.5,35.5,35.5,35.5
1970-07-27 00:00,35.5,35.5,35.5,35.5
1970-07-28 00:00,35.5,35.5,35.5,35.5
1970-07-29 00:00,35.5,35.5,35.5,35.5
1970-07-30 00:00,35.5,35.5,35.5,35.5
1970-07-31 00:00,35.5,35.5,35.5,35.5
1970-08-03 00:00,35.5,35.5,35.5,35.5
1970-08-04 00:00,35.5,35.5,35.5,35.5
1970-08-05 00:00,35.5,35.5,35.5,35.5
1970-08-06 00:00,35.5,35.5,35.5,35.5
1970-08-07 00:00,35.5,35.5,35.5,35.5
1970-08-10 00:00,35.5,35.5,35.5,35.5
1970-08-11 00:00,35.5,35.5,35.5,35.5
1970-08-12 00:00,35.5,35.5,35.5,35.5
1970-08-13 00:00,35.5,35.5,35.5,35.5
1970-08-14 00:00,35.5,35.5,35.5,35.5
1970-08-17 00:00,35.5,35.5,35.5,35.5
1970-08-18 00:00,35.5,35.5,35.5,35.5
1970-08-19 00:00,35.5,35.5,35.5,35.5
1970-08-20 00:00,35.5,35.5,35.5,35.5
1970-08-21 00:00,35.5,35.6,35.5,35.6
1970-08-24 00:00,35.6,35.7,35.6,35.7
1970-08-25 00:00,35.7,35.8,35.7,35.8
1970-08-26 00:00,35.8,35.9,35.8,35.9
1970-08-27 00:00,35.9,36.0,35.9,36.0
1970-08-28 00:00,36.0,36.0,36.0,36.0
1970-08-31 00:00,36.0,36.1,36.0,36.1
1970-09-01 00:00,36.1,36.1,36.1,36.1
1970-09-02 00:00,36.1,36.3,36.1,36.3
1970-09-03 00:00,36.3,36.5,36.3,36.5
1970-09-04 00:00,36.5,36.5,36.5,36.5
1970-09-08 00:00,36.5,36.5,36.5,36.5
1970-09-09 00:00,36.5,36.5,36.5,36.5
1970-09-10 00:00,36.5,36.5,36.4,36.4
1970-09-11 00:00,36.4,36.6,36.4,36.6
1970-09-14 00:00,36.6,36.6,36.5,36.5
1970-09-15 00:00,36.5,36.5,36.4,36.4
1970-09-16 00:00,36.4,36.4,36.3,36.3
1970-09-17 00:00,36.3,36.4,36.3,36.4
1970-09-18 00:00,36.4,36.4,36.4,36.4
1970-09-21 00:00,36.4,36.5,36.4,36.5
1970-09-22 00:00,36.5,36.5,36.5,36.5
1970-09-23 00:00,36.5,36.5,36.4,36.4
1970-09-24 00:00,36.4,36.5,36.4,36.5
1970-09-25 00:00,36.5,36.5,36.4,36.4
1970-09-28 00:00,36.4,36.4,36.4,36.4
1970-09-29 00:00,36.4,36.4,36.4,36.4
1970-09-30 00:00,36.4,36.6,36.4,36.6
1970-10-01 00:00,36.6,36.6,36.6,36.6
1970-10-02 00:00,36.6,36.6,36.6,36.6
1970-10-05 00:00,36.6,37.0,36.6,37.0
1970-10-06 00:00,37.0,37.1,37.0,37.1
1970-10-07 00:00,37.1,37.1,36.9,36.9
1970-10-08 00:00,36.9,37.0,36.9,37.0
1970-10-09 00:00,37.0,37.2,37.0,37.2
1970-10-12 00:00,37.2,37.4,37.2,37.4
1970-10-13 00:00,37.4,37.6,37.4,37.6
1970-10-14 00:00,37.6,37.6,37.5,37.5
1970-10-15 00:00,37.5,37.8,37.5,37.8
1970-10-16 00:00,37.8,37.8,37.7,37.7
1970-10-19 00:00,37.7,37.8,37.7,37.8
1970-10-20 00:00,37.8,38.1,37.8,38.1
1970-10-21 00:00,38.1,38.2,38.1,38.2
1970-10-22 00:00,38.2,38.2,38.2,38.2
1970-10-23 00:00,38.2,38.7,38.2,38.7
1970-10-26 00:00,38.7,39.2,38.7,39.2
1970-10-27 00:00,39.2,39.3,39.2,39.3
1970-10-28 00:00,39.3,39.9,39.3,39.9
1970-10-29 00:00,39.9,39.9,38.4,38.4
1970-10-30 00:00,38.4,38.4,37.5,37.5
1970-11-02 00:00,37.5,37.9,37.5,37.9
1970-11-04 00:00,37.9,37.9,37.4,37.4
1970-11-05 00:00,37.4,37.4,37.0,37.0
1970-11-06 00:00,37.0,37.4,37.0,37.4
1970-11-09 00:00,37.4,37.6,37.4,37.6
1970-11-10 00:00,37.6,37.6,37.6,37.6
1970-11-11 00:00,37.6,37.6,37.5,37.5
1970-11-12 00:00,37.5,37.6,37.5,37.6
1970-11-13 00:00,37.6,37.9,37.6,37.9
1970-11-16 00:00,37.9,37.9,37.9,37.9
1970-11-17 00:00,37.9,37.9,37.9,37.9
1970-11-18 00:00,37.9,37.9,37.7,37.7
1970-11-19 00:00,37.7,37.7,37.7,37.7
1970-11-20 00:00,37.7,37.9,37.7,37.9
1970-11-23 00:00,37.9,37.9,37.7,37.7
1970-11-24 00:00,37.7,37.9,37.7,37.9
1970-11-25 00:00,37.9,37.9,37.9,37.9
1970-11-27 00:00,37.9,37.9,37.9,37.9
1970-11-30 00:00,37.9,37.9,37.8,37.8
1970-12-01 00:00,37.8,37.8,37.7,37.7
1970-12-02 00:00,37.7,37.8,37.7,37.8
1970-12-03 00:00,37.8,37.8,37.8,37.8
1970-12-04 00:00,37.8,37.8,37.8,37.8
1970-12-07 00:00,37.8,37.8,37.7,37.7
1970-12-08 00:00,37.7,37.7,37.6,37.6
1970-12-09 00:00,37.6,37.6,37.4,37.4
1970-12-10 00:00,37.4,37.4,37.4,37.4
1970-12-11 00:00,37.4,37.4,37.4,37.4
1970-12-14 00:00,37.4,37.6,37.4,37.6
1970-12-15 00:00,37.6,37.9,37.6,37.9
1970-12-16 00:00,37.9,37.9,37.8,37.8
1970-12-17 00:00,37.8,37.9,37.8,37.9
1970-12-18 00:00,37.9,37.9,37.9,37.9
1970-12-21 00:00,37.9,37.9,37.9,37.9
1970-12-22 00:00,37.9,37.9,37.9,37.9
1970-12-23 00:00,37.9,37.9,37.6,37.6
1970-12-24 00:00,37.6,37.6,37.6,37.6
1970-12-28 00:00,37.6,37.6,37.6,37.6
1970-12-29 00:00,37.6,37.6,37.6,37.6
1970-12-30 00:00,37.6,37.7,37.6,37.7
1970-12-31 00:00,37.7,37.7,37.6,37.6
1971-01-04 00:00,37.6,37.7,37.6,37.7
1971-01-05 00:00,37.7,37.8,37.7,37.8
1971-01-06 00:00,37.8,37.8,37.7,37.7
1971-01-07 00:00,37.7,37.7,37.7,37.7
1971-01-08 00:00,37.7,37.7,37.7,37.7
1971-01-11 00:00,37.7,38.0,37.7,38.0
1971-01-12 00:00,38.0,38.2,38.0,38.2
1971-01-13 00:00,38.2,38.3,38.2,38.3
1971-01-14 00:00,38.3,38.3,38.2,38.2
1971-01-15 00:00,38.2,38.4,38.2,38.4
1971-01-18 00:00,38.4,38.4,38.3,38.3
1971-01-19 00:00,38.3,38.3,38.2,38.2
1971-01-20 00:00,38.2,38.4,38.2,38.4
1971-01-21 00:00,38.4,38.4,38.3,38.3
1971-01-22 00:00,38.3,38.3,38.2,38.2
1971-01-25 00:00,38.2,38.3,38.2,38.3
1971-01-26 00:00,38.3,38.4,38.3,38.4
1971-01-27 00:00,38.4,38.4,38.3,38.3
1971-01-28 00:00,38.3,38.3,38.3,38.3
1971-01-29 00:00,38.3,38.4,38.3,38.4
1971-02-01 00:00,38.4,38.4,38.4,38.4
1971-02-02 00:00,38.4,38.8,38.4,38.8
1971-02-03 00:00,38.8,39.2,38.8,39.2
1971-02-04 00:00,39.2,39.2,38.7,38.7
1971-02-05 00:00,38.7,38.7,38.7,38.7
1971-02-08 00:00,38.7,38.9,38.7,38.9
1971-02-09 00:00,38.9,39.1,38.9,39.1
1971-02-10 00:00,39.1,39.1,39.1,39.1
1971-02-11 00:00,39.1,39.2,39.1,39.2
1971-02-12 00:00,39.2,39.2,39.1,39.1
1971-02-16 00:00,39.1,39.2,39.1,39.2
1971-02-17 00:00,39.2,39.2,39.1,39.1
1971-02-18 00:00,39.1,39.1,39.1,39.1
1971-02-19 00:00,39.1,39.1,39.0,39.0
1971-02-22 00:00,39.0,39.0,39.0,39.0
1971-02-23 00:00,39.0,39.1,39.0,39.1
1971-02-24 00:00,39.1,39.1,39.0,39.0
1971-02-25 00:00,39.0,39.1,39.0,39.1
1971-02-26 00:00,39.1,39.1,39.1,39.1
1971-03-01 00:00,39.1,39.1,39.0,39.0
1971-03-02 00:00,39.0,39.0,39.0,39.0
1971-03-03 00:00,39.0,39.1,39.0,39.1
1971-03-04 00:00,39.1,39.1,39.0,39.0
1971-03-05 00:00,39.0,39.0,39.0,39.0
1971-03-08 00:00,39.0,39.1,39.0,39.1
1971-03-09 00:00,39.1,39.1,39.1,39.1
1971-03-10 00:00,39.1,39.1,39.1,39.1
1971-03-11 00:00,39.1,39.3,39.1,39.3
1971-03-12 00:00,39.3,39.3,39.3,39.3
1971-03-15 00:00,39.3,39.3,39.3,39.3
1971-03-16 00:00,39.3,39.3,39.2,39.2
1971-03-17 00:00,39.2,39.2,39.1,39.1
1971-03-18 00:00,39.1,39.3,39.1,39.3
1971-03-19 00:00,39.3,39.3,39.2,39.2
1971-03-22 00:00,39.2,39.2,39.2,39.2
1971-03-23 00:00,39.2,39.2,39.2,39.2
1971-03-24 00:00,39.2,39.2,39.2,39.2
1971-03-25 00:00,39.2,39.2,39.2,39.2
1971-03-26 00:00,39.2,39.2,39.2,39.2
1971-03-29 00:00,39.2,39.2,39.0,39.0
1971-03-30 00:00,39.0,39.1,39.0,39.1
1971-03-31 00:00,39.1,39.1,39.1,39.1
1971-04-01 00:00,39.1,39.2,39.1,39.2
1971-04-02 00:00,39.2,39.2,39.1,39.1
1971-04-05 00:00,39.1,39.1,39.1,39.1
1971-04-06 00:00,39.1,39.1,39.1,39.1
1971-04-07 00:00,39.1,39.2,39.1,39.2
1971-04-08 00:00,39.2,39.2,39.2,39.2
1971-04-12 00:00,39.2,39.2,39.2,39.2
1971-04-13 00:00,39.2,39.2,39.2,39.2
1971-04-14 00:00,39.2,39.2,39.2,39.2
1971-04-15 00:00,39.2,39.2,39.2,39.2
1971-04-16 00:00,39.2,39.2,39.2,39.2
1971-04-19 00:00,39.2,39.2,39.2,39.2
1971-04-20 00:00,39.2,39.2,39.2,39.2
1971-04-21 00:00,39.2,39.2,39.2,39.2
1971-04-22 00:00,39.2,39.4,39.2,39.4
1971-04-23 00:00,39.4,39.4,39.3,39.3
1971-04-26 00:00,39.3,39.3,39.2,39.2
1971-04-27 00:00,39.2,39.2,39.2,39.2
1971-04-28 00:00,39.2,39.4,39.2,39.4
1971-04-29 00:00,39.4,39.7,39.4,39.7
1971-04-30 00:00,39.7,39.9,39.7,39.9
1971-05-03 00:00,39.9,39.9,39.7,39.7
1971-05-04 00:00,39.7,39.9,39.7,39.9
1971-05-05 00:00,39.9,40.4,39.9,40.4
1971-05-06 00:00,40.4,40.6,40.4,40.6
1971-05-07 00:00,40.6,40.6,40.1,40.1
1971-05-10 00:00,40.1,40.1,40.1,40.1
1971-05-11 00:00,40.1,40.5,40.1,40.5
1971-05-12 00:00,40.5,40.7,40.5,40.7
1971-05-13 00:00,40.7,41.1,40.7,41.1
1971-05-14 00:00,41.1,41.5,41.1,41.5
1971-05-17 00:00,41.5,41.5,41.0,41.0
1971-05-18 00:00,41.0,41.2,41.0,41.2
1971-05-19 00:00,41.2,41.2,40.9,40.9
1971-05-20 00:00,40.9,41.4,40.9,41.4
1971-05-21 00:00,41.4,41.4,41.2,41.2
1971-05-24 00:00,41.2,41.2,41.1,41.1
1971-05-25 00:00,41.1,41.3,41.1,41.3
1971-05-26 00:00,41.3,41.3,41.1,41.1
1971-05-27 00:00,41.1,41.1,41.1,41.1
1971-05-28 00:00,41.1,41.1,41.1,41.1
1971-06-01 00:00,41.1,41.1,41.1,41.1
1971-06-02 00:00,41.1,41.1,40.9,40.9
1971-06-03 00:00,40.9,40.9,40.9,40.9
1971-06-04 00:00,40.9,40.9,40.9,40.9
1971-06-07 00:00,40.9,40.9,40.7,40.7
1971-06-08 00:00,40.7,40.7,40.4,40.4
1971-06-09 00:00,40.4,40.4,40.2,40.2
1971-06-10 00:00,40.2,40.2,40.0,40.0
1971-06-11 00:00,40.0,40.0,39.9,39.9
1971-06-14 00:00,39.9,39.9,39.8,39.8
1971-06-15 00:00,39.8,39.9,39.8,39.9
1971-06-16 00:00,39.9,40.3,39.9,40.3
1971-06-17 00:00,40.3,40.3,40.1,40.1
1971-06-18 00:00,40.1,40.2,40.1,40.2
1971-06-21 00:00,40.2,40.2,40.2,40.2
1971-06-22 00:00,40.2,40.4,40.2,40.4
1971-06-23 00:00,40.4,40.6,40.4,40.6
1971-06-24 00:00,40.6,40.6,40.6,40.6
1971-06-25 00:00,40.6,40.6,40.4,40.4
1971-06-28 00:00,40.4,40.4,40.2,40.2
1971-06-29 00:00,40.2,40.2,40.2,40.2
1971-06-30 00:00,40.2,40.4,40.2,40.4
1971-07-01 00:00,40.4,40.5,40.4,40.5
1971-07-02 00:00,40.5,40.6,40.5,40.6
1971-07-06 00:00,40.6,40.6,40.6,40.6
1971-07-07 00:00,40.6,40.6,40.5,40.5
1971-07-08 00:00,40.5,40.5,40.5,40.5
1971-07-09 00:00,40.5,40.5,40.5,40.5
1971-07-12 00:00,40.5,40.6,40.5,40.6
1971-07-13 00:00,40.6,40.6,40.6,40.6
1971-07-14 00:00,40.6,40.6,40.6,40.6
1971-07-15 00:00,40.6,40.7,40.6,40.7
1971-07-16 00:00,40.7,41.0,40.7,41.0
1971-07-19 00:00,41.0,41.3,41.0,41.3
1971-07-20 00:00,41.3,41.3,41.2,41.2
1971-07-21 00:00,41.2,41.4,41.2,41.4
1971-07-22 00:00,41.4,42.0,41.4,42.0
1971-07-23 00:00,42.0,42.0,42.0,42.0
1971-07-26 00:00,42.0,42.0,42.0,42.0
1971-07-27 00:00,42.0,42.2,42.0,42.2
1971-07-28 00:00,42.2,42.4,42.2,42.4
1971-07-29 00:00,42.4,42.6,42.4,42.6
1971-07-30 00:00,42.6,42.7,42.6,42.7
1971-08-02 00:00,42.7,42.7,42.6,42.6
1971-08-03 00:00,42.6,42.6,42.6,42.6
1971-08-04 00:00,42.6,42.9,42.6,42.9
1971-08-05 00:00,42.9,43.1,42.9,43.1
1971-08-06 00:00,43.1,43.1,42.9,42.9
1971-08-09 00:00,42.9,44.2,42.9,44.2
1971-08-10 00:00,44.2,44.2,43.5,43.5
1971-08-11 00:00,43.5,43.5,43.2,43.2
1971-08-12 00:00,43.2,43.6,43.2,43.6
1971-08-13 00:00,43.6,43.6,43.3,43.3
1971-08-16 00:00,43.3,43.4,43.3,43.4
1971-08-17 00:00,43.4,43.5,43.4,43.5
1971-08-18 00:00,43.5,43.6,43.5,43.6
1971-08-19 00:00,43.6,43.7,43.6,43.7
1971-08-20 00:00,43.7,43.7,43.6,43.6
1971-08-23 00:00,43.6,43.6,43.6,43.6
1971-08-24 00:00,43.6,43.6,43.5,43.5
1971-08-25 00:00,43.5,43.5,43.1,43.1
1971-08-26 00:00,43.1,43.1,42.3,42.3
1971-08-27 00:00,42.3,42.3,41.4,41.4
1971-08-30 00:00,41.4,41.7,41.4,41.7
1971-08-31 00:00,41.7,41.7,41.0,41.0
1971-09-01 00:00,41.0,41.4,41.0,41.4
1971-09-02 00:00,41.4,41.6,41.4,41.6
1971-09-03 00:00,41.6,42.0,41.6,42.0
1971-09-07 00:00,42.0,42.0,41.9,41.9
1971-09-08 00:00,41.9,41.9,41.7,41.7
1971-09-09 00:00,41.7,42.1,41.7,42.1
1971-09-10 00:00,42.1,42.1,42.0,42.0
1971-09-13 00:00,42.0,42.0,41.9,41.9
1971-09-14 00:00,41.9,42.1,41.9,42.1
1971-09-15 00:00,42.1,42.3,42.1,42.3
1971-09-16 00:00,42.3,42.6,42.3,42.6
1971-09-17 00:00,42.6,42.6,42.4,42.4
1971-09-20 00:00,42.4,42.6,42.4,42.6
1971-09-21 00:00,42.6,42.6,42.6,42.6
1971-09-22 00:00,42.6,42.6,42.5,42.5
1971-09-23 00:00,42.5,42.5,42.5,42.5
1971-09-24 00:00,42.5,42.8,42.5,42.8
1971-09-27 00:00,42.8,42.9,42.8,42.9
1971-09-28 00:00,42.9,43.4,42.9,43.4
1971-09-29 00:00,43.4,43.4,42.8,42.8
1971-09-30 00:00,42.8,42.9,42.8,42.9
1971-10-01 00:00,42.9,42.9,42.7,42.7
1971-10-04 00:00,42.7,42.8,42.7,42.8
1971-10-05 00:00,42.8,42.8,42.7,42.7
1971-10-06 00:00,42.7,42.7,42.7,42.7
1971-10-07 00:00,42.7,42.8,42.7,42.8
1971-10-08 00:00,42.8,42.8,42.7,42.7
1971-10-11 00:00,42.7,42.7,42.7,42.7
1971-10-12 00:00,42.7,42.8,42.7,42.8
1971-10-13 00:00,42.8,43.0,42.8,43.0
1971-10-14 00:00,43.0,43.0,42.9,42.9
1971-10-15 00:00,42.9,42.9,42.8,42.8
1971-10-18 00:00,42.8,42.8,42.8,42.8
1971-10-19 00:00,42.8,42.8,42.8,42.8
1971-10-20 00:00,42.8,42.8,42.8,42.8
1971-10-21 00:00,42.8,42.8,42.7,42.7
1971-10-22 00:00,42.7,42.7,42.7,42.7
1971-10-25 00:00,42.7,42.8,42.7,42.8
1971-10-26 00:00,42.8,42.8,42.8,42.8
1971-10-27 00:00,42.8,42.8,42.8,42.8
1971-10-28 00:00,42.8,42.8,42.7,42.7
1971-10-29 00:00,42.7,42.7,42.6,42.6
1971-11-01 00:00,42.6,42.6,42.4,42.4
1971-11-02 00:00,42.4,42.5,42.4,42.5
1971-11-03 00:00,42.5,42.5,42.5,42.5
1971-11-04 00:00,42.5,42.5,42.5,42.5
1971-11-05 00:00,42.5,42.6,42.5,42.6
1971-11-08 00:00,42.6,42.7,42.6,42.7
1971-11-09 00:00,42.7,42.8,42.7,42.8
1971-11-10 00:00,42.8,42.9,42.8,42.9
1971-11-11 00:00,42.9,42.9,42.9,42.9
1971-11-12 00:00,42.9,43.0,42.9,43.0
1971-11-15 00:00,43.0,43.1,43.0,43.1
1971-11-16 00:00,43.1,43.1,43.1,43.1
1971-11-17 00:00,43.1,43.1,43.1,43.1
1971-11-18 00:00,43.1,43.4,43.1,43.4
1971-11-19 00:00,43.4,43.4,43.4,43.4
1971-11-22 00:00,43.4,43.5,43.4,43.5
1971-11-23 00:00,43.5,43.5,43.5,43.5
1971-11-24 00:00,43.5,43.7,43.5,43.7
1971-11-26 00:00,43.7,43.8,43.7,43.8
1971-11-29 00:00,43.8,43.9,43.8,43.9
1971-11-30 00:00,43.9,43.9,43.9,43.9
1971-12-01 00:00,43.9,43.9,43.8,43.8
1971-12-02 00:00,43.8,44.0,43.8,44.0
1971-12-03 00:00,44.0,44.1,44.0,44.1
1971-12-06 00:00,44.1,44.2,44.1,44.2
1971-12-07 00:00,44.2,44.2,44.1,44.1
1971-12-08 00:00,44.1,44.1,43.7,43.7
1971-12-09 00:00,43.7,43.9,43.7,43.9
1971-12-10 00:00,43.9,44.0,43.9,44.0
1971-12-13 00:00,44.0,44.0,43.9,43.9
1971-12-14 00:00,43.9,43.9,43.9,43.9
1971-12-15 00:00,43.9,43.9,43.9,43.9
1971-12-16 00:00,43.9,43.9,43.5,43.5
1971-12-17 00:00,43.5,43.5,43.0,43.0
1971-12-20 00:00,43.0,43.0,43.0,43.0
1971-12-21 00:00,43.0,43.4,43.0,43.4
1971-12-22 00:00,43.4,43.6,43.4,43.6
1971-12-23 00:00,43.6,43.7,43.6,43.7
1971-12-27 00:00,43.7,43.7,43.7,43.7
1971-12-28 00:00,43.7,43.7,43.7,43.7
1971-12-29 00:00,43.7,43.8,43.7,43.8
1971-12-30 00:00,43.8,43.8,43.8,43.8
1972-01-03 00:00,43.8,44.3,43.8,44.3
1972-01-04 00:00,44.3,44.7,44.3,44.7
1972-01-05 00:00,44.7,44.8,44.7,44.8
1972-01-06 00:00,44.8,44.8,44.5,44.5
1972-01-07 00:00,44.5,46.1,44.5,46.1
1972-01-10 00:00,46.1,46.1,46.0,46.0
1972-01-11 00:00,46.0,46.0,44.5,44.5
1972-01-12 00:00,44.5,45.6,44.5,45.6
1972-01-13 00:00,45.6,45.7,45.6,45.7
1972-01-14 00:00,45.7,46.2,45.7,46.2
1972-01-17 00:00,46.2,46.5,46.2,46.5
1972-01-18 00:00,46.5,46.5,46.1,46.1
1972-01-19 00:00,46.1,46.2,46.1,46.2
1972-01-20 00:00,46.2,46.2,46.2,46.2
1972-01-21 00:00,46.2,46.2,46.2,46.2
1972-01-24 00:00,46.2,46.3,46.2,46.3
1972-01-25 00:00,46.3,46.4,46.3,46.4
1972-01-26 00:00,46.4,46.5,46.4,46.5
1972-01-27 00:00,46.5,46.8,46.5,46.8
1972-01-28 00:00,46.8,47.6,46.8,47.6
1972-01-31 00:00,47.6,47.6,47.4,47.4
1972-02-01 00:00,47.4,48.4,47.4,48.4
1972-02-02 00:00,48.4,49.5,48.4,49.5
1972-02-03 00:00,49.5,49.5,48.3,48.3
1972-02-04 00:00,48.3,48.3,47.3,47.3
1972-02-07 00:00,47.3,47.9,47.3,47.9
1972-02-08 00:00,47.9,48.4,47.9,48.4
1972-02-09 00:00,48.4,48.4,48.4,48.4
1972-02-10 00:00,48.4,48.7,48.4,48.7
1972-02-11 00:00,48.7,48.7,48.5,48.5
1972-02-14 00:00,48.5,48.5,48.1,48.1
1972-02-15 00:00,48.1,48.2,48.1,48.2
1972-02-16 00:00,48.2,48.5,48.2,48.5
1972-02-17 00:00,48.5,48.6,48.5,48.6
1972-02-18 00:00,48.6,48.7,48.6,48.7
1972-02-22 00:00,48.7,48.9,48.7,48.9
1972-02-23 00:00,48.9,48.9,48.9,48.9
1972-02-24 00:00,48.9,49.1,48.9,49.1
1972-02-25 00:00,49.1,49.1,48.8,48.8
1972-02-28 00:00,48.8,48.8,48.7,48.7
1972-02-29 00:00,48.7,48.7,48.5,48.5
1972-03-01 00:00,48.5,48.5,48.3,48.3
1972-03-02 00:00,48.3,48.5,48.3,48.5
1972-03-03 00:00,48.5,48.5,48.3,48.3
1972-03-06 00:00,48.3,48.5,48.3,48.5
1972-03-07 00:00,48.5,48.6,48.5,48.6
1972-03-08 00:00,48.6,48.6,48.4,48.4
1972-03-09 00:00,48.4,48.7,48.4,48.7
1972-03-10 00:00,48.7,48.7,48.6,48.6
1972-03-13 00:00,48.6,48.7,48.6,48.7
1972-03-14 00:00,48.7,48.7,48.7,48.7
1972-03-15 00:00,48.7,48.7,48.6,48.6
1972-03-16 00:00,48.6,48.7,48.6,48.7
1972-03-17 00:00,48.7,48.7,48.7,48.7
1972-03-20 00:00,48.7,48.7,48.7,48.7
1972-03-21 00:00,48.7,48.7,48.7,48.7
1972-03-22 00:00,48.7,48.7,48.6,48.6
1972-03-23 00:00,48.6,48.6,48.6,48.6
1972-03-24 00:00,48.6,48.6,48.6,48.6
1972-03-27 00:00,48.6,48.6,48.6,48.6
1972-03-28 00:00,48.6,48.6,48.6,48.6
1972-03-29 00:00,48.6,48.7,48.6,48.7
1972-03-30 00:00,48.7,48.7,48.6,48.6
1972-04-03 00:00,48.6,48.6,48.6,48.6
1972-04-04 00:00,48.6,48.7,48.6,48.7
1972-04-05 00:00,48.7,48.7,48.7,48.7
1972-04-06 00:00,48.7,48.7,48.6,48.6
1972-04-07 00:00,48.6,48.6,48.6,48.6
1972-04-10 00:00,48.6,48.7,48.6,48.7
1972-04-11 00:00,48.7,48.8,48.7,48.8
1972-04-12 00:00,48.8,49.2,48.8,49.2
1972-04-13 00:00,49.2,49.2,49.2,49.2
1972-04-14 00:00,49.2,49.6,49.2,49.6
1972-04-17 00:00,49.6,49.7,49.6,49.7
1972-04-18 00:00,49.7,49.7,49.7,49.7
1972-04-19 00:00,49.7,49.7,49.7,49.7
1972-04-20 00:00,49.7,49.7,49.6,49.6
1972-04-21 00:00,49.6,49.6,49.6,49.6
1972-04-24 00:00,49.6,49.6,49.6,49.6
1972-04-25 00:00,49.6,49.6,49.5,49.5
1972-04-26 00:00,49.5,49.5,49.5,49.5
1972-04-27 00:00,49.5,49.7,49.5,49.7
1972-04-28 00:00,49.7,49.9,49.7,49.9
1972-05-01 00:00,49.9,50.6,49.9,50.6
1972-05-02 00:00,50.6,50.6,50.6,50.6
1972-05-03 00:00,50.6,50.7,50.6,50.7
1972-05-04 00:00,50.7,50.7,50.6,50.6
1972-05-05 00:00,50.6,51.3,50.6,51.3
1972-05-08 00:00,51.3,52.3,51.3,52.3
1972-05-09 00:00,52.3,54.0,52.3,54.0
1972-05-10 00:00,54.0,54.0,53.4,53.4
1972-05-11 00:00,53.4,53.4,53.3,53.3
1972-05-12 00:00,53.3,53.3,53.2,53.2
1972-05-15 00:00,53.2,53.4,53.2,53.4
1972-05-16 00:00,53.4,54.9,53.4,54.9
1972-05-17 00:00,54.9,58.0,54.9,58.0
1972-05-18 00:00,58.0,58.0,57.2,57.2
1972-05-19 00:00,57.2,57.3,57.2,57.3
1972-05-22 00:00,57.3,57.6,57.3,57.6
1972-05-23 00:00,57.6,57.7,57.6,57.7
1972-05-24 00:00,57.7,57.7,57.3,57.3
1972-05-25 00:00,57.3,57.3,57.3,57.3
1972-05-26 00:00,57.3,58.2,57.3,58.2
1972-05-30 00:00,58.2,58.8,58.2,58.8
1972-05-31 00:00,58.8,59.7,58.8,59.7
1972-06-01 00:00,59.7,59.7,59.5,59.5
1972-06-02 00:00,59.5,59.7,59.5,59.7
1972-06-05 00:00,59.7,59.8,59.7,59.8
1972-06-06 00:00,59.8,61.8,59.8,61.8
1972-06-07 00:00,61.8,65.1,61.8,65.1
1972-06-08 00:00,65.1,65.1,64.8,64.8
1972-06-09 00:00,64.8,64.8,62.8,62.8
1972-06-12 00:00,62.8,62.8,61.5,61.5
1972-06-13 00:00,61.5,61.9,61.5,61.9
1972-06-14 00:00,61.9,61.9,61.7,61.7
1972-06-15 00:00,61.7,61.7,61.3,61.3
1972-06-16 00:00,61.3,61.8,61.3,61.8
1972-06-19 00:00,61.8,61.8,61.5,61.5
1972-06-20 00:00,61.5,61.5,61.4,61.4
1972-06-21 00:00,61.4,61.5,61.4,61.5
1972-06-22 00:00,61.5,62.0,61.5,62.0
1972-06-23 00:00,62.0,63.3,62.0,63.3
1972-06-26 00:00,63.3,63.7,63.3,63.7
1972-06-27 00:00,63.7,63.7,63.1,63.1
1972-06-28 00:00,63.1,64.3,63.1,64.3
1972-06-29 00:00,64.3,64.8,64.3,64.8
1972-06-30 00:00,64.8,64.9,64.8,64.9
1972-07-03 00:00,64.9,65.8,64.9,65.8
1972-07-05 00:00,65.8,66.2,65.8,66.2
1972-07-06 00:00,66.2,66.2,66.2,66.2
1972-07-07 00:00,66.2,66.2,65.5,65.5
1972-07-10 00:00,65.5,65.9,65.5,65.9
1972-07-11 00:00,65.9,65.9,65.5,65.5
1972-07-12 00:00,65.5,65.5,65.3,65.3
1972-07-13 00:00,65.3,65.3,65.1,65.1
1972-07-14 00:00,65.1,65.2,65.1,65.2
1972-07-17 00:00,65.2,65.8,65.2,65.8
1972-07-18 00:00,65.8,65.8,65.7,65.7
1972-07-19 00:00,65.7,65.7,65.1,65.1
1972-07-20 00:00,65.1,65.6,65.1,65.6
1972-07-21 00:00,65.6,65.6,65.3,65.3
1972-07-24 00:00,65.3,65.5,65.3,65.5
1972-07-25 00:00,65.5,65.8,65.5,65.8
1972-07-26 00:00,65.8,66.0,65.8,66.0
1972-07-27 00:00,66.0,66.5,66.0,66.5
1972-07-28 00:00,66.5,68.4,66.5,68.4
1972-07-31 00:00,68.4,68.6,68.4,68.6
1972-08-01 00:00,68.6,69.6,68.6,69.6
1972-08-02 00:00,69.6,70.3,69.6,70.3
1972-08-03 00:00,70.3,70.3,69.3,69.3
1972-08-04 00:00,69.3,69.3,68.8,68.8
1972-08-07 00:00,68.8,68.8,67.8,67.8
1972-08-08 00:00,67.8,67.8,66.4,66.4
1972-08-09 00:00,66.4,66.4,65.4,65.4
1972-08-10 00:00,65.4,67.0,65.4,67.0
1972-08-11 00:00,67.0,67.0,66.0,66.0
1972-08-14 00:00,66.0,66.0,66.0,66.0
1972-08-15 00:00,66.0,66.0,66.0,66.0
1972-08-16 00:00,66.0,66.8,66.0,66.8
1972-08-17 00:00,66.8,66.8,66.7,66.7
1972-08-18 00:00,66.7,66.9,66.7,66.9
1972-08-21 00:00,66.9,67.1,66.9,67.1
1972-08-22 00:00,67.1,67.3,67.1,67.3
1972-08-23 00:00,67.3,67.3,67.3,67.3
1972-08-24 00:00,67.3,67.6,67.3,67.6
1972-08-25 00:00,67.6,67.6,67.4,67.4
1972-08-28 00:00,67.4,67.4,67.3,67.3
1972-08-29 00:00,67.3,67.3,66.9,66.9
1972-08-30 00:00,66.9,67.1,66.9,67.1
1972-08-31 00:00,67.1,67.1,67.1,67.1
1972-09-01 00:00,67.1,67.1,67.1,67.1
1972-09-05 00:00,67.1,67.2,67.1,67.2
1972-09-06 00:00,67.2,67.3,67.2,67.3
1972-09-07 00:00,67.3,67.4,67.3,67.4
1972-09-08 00:00,67.4,67.4,67.4,67.4
1972-09-11 00:00,67.4,67.5,67.4,67.5
1972-09-12 00:00,67.5,67.5,67.1,67.1
1972-09-13 00:00,67.1,67.3,67.1,67.3
1972-09-14 00:00,67.3,67.3,67.1,67.1
1972-09-15 00:00,67.1,67.1,65.7,65.7
1972-09-18 00:00,65.7,65.7,61.5,61.5
1972-09-19 00:00,61.5,64.5,61.5,64.5
1972-09-20 00:00,64.5,65.3,64.5,65.3
1972-09-21 00:00,65.3,65.5,65.3,65.5
1972-09-22 00:00,65.5,65.5,64.2,64.2
1972-09-25 00:00,64.2,64.2,63.8,63.8
1972-09-26 00:00,63.8,64.2,63.8,64.2
1972-09-27 00:00,64.2,64.2,64.1,64.1
1972-09-28 00:00,64.1,64.7,64.1,64.7
1972-09-29 00:00,64.7,64.7,64.5,64.5
1972-10-02 00:00,64.5,64.5,64.4,64.4
1972-10-03 00:00,64.4,64.4,64.4,64.4
1972-10-04 00:00,64.4,65.5,64.4,65.5
1972-10-05 00:00,65.5,65.9,65.5,65.9
1972-10-06 00:00,65.9,65.9,65.8,65.8
1972-10-09 00:00,65.8,65.8,65.7,65.7
1972-10-10 00:00,65.7,65.7,65.5,65.5
1972-10-11 00:00,65.5,65.5,65.3,65.3
1972-10-12 00:00,65.3,65.3,64.9,64.9
1972-10-13 00:00,64.9,65.0,64.9,65.0
1972-10-16 00:00,65.0,65.4,65.0,65.4
1972-10-17 00:00,65.4,65.4,65.2,65.2
1972-10-18 00:00,65.2,65.2,65.1,65.1
1972-10-19 00:00,65.1,65.3,65.1,65.3
1972-10-20 00:00,65.3,65.3,65.3,65.3
1972-10-23 00:00,65.3,65.3,65.1,65.1
1972-10-24 00:00,65.1,65.1,65.1,65.1
1972-10-25 00:00,65.1,65.1,65.0,65.0
1972-10-26 00:00,65.0,65.0,64.8,64.8
1972-10-27 00:00,64.8,64.9,64.8,64.9
1972-10-30 00:00,64.9,64.9,64.8,64.8
1972-10-31 00:00,64.8,64.8,64.6,64.6
1972-11-01 00:00,64.6,64.6,64.3,64.3
1972-11-02 00:00,64.3,64.3,64.3,64.3
1972-11-03 00:00,64.3,64.4,64.3,64.4
1972-11-06 00:00,64.4,64.4,64.3,64.3
1972-11-08 00:00,64.3,64.3,63.9,63.9
1972-11-09 00:00,63.9,63.9,63.4,63.4
1972-11-10 00:00,63.4,63.4,63.1,63.1
1972-11-13 00:00,63.1,63.1,62.9,62.9
1972-11-14 00:00,62.9,62.9,62.2,62.2
1972-11-15 00:00,62.2,62.2,62.2,62.2
1972-11-16 00:00,62.2,62.2,61.7,61.7
1972-11-17 00:00,61.7,61.7,60.6,60.6
1972-11-20 00:00,60.6,61.4,60.6,61.4
1972-11-21 00:00,61.4,62.8,61.4,62.8
1972-11-22 00:00,62.8,62.8,62.8,62.8
1972-11-24 00:00,62.8,63.5,62.8,63.5
1972-11-27 00:00,63.5,64.3,63.5,64.3
1972-11-28 00:00,64.3,64.3,64.0,64.0
1972-11-29 00:00,64.0,64.0,63.8,63.8
1972-11-30 00:00,63.8,63.9,63.8,63.9
1972-12-01 00:00,63.9,64.5,63.9,64.5
1972-12-04 00:00,64.5,64.5,63.7,63.7
1972-12-05 00:00,63.7,63.7,63.4,63.4
1972-12-06 00:00,63.4,63.4,63.4,63.4
1972-12-07 00:00,63.4,63.4,63.4,63.4
1972-12-08 00:00,63.4,63.4,63.4,63.4
1972-12-11 00:00,63.4,63.4,63.2,63.2
1972-12-12 00:00,63.2,63.2,63.2,63.2
1972-12-13 00:00,63.2,63.4,63.2,63.4
1972-12-14 00:00,63.4,63.7,63.4,63.7
1972-12-15 00:00,63.7,64.2,63.7,64.2
1972-12-18 00:00,64.2,65.4,64.2,65.4
1972-12-19 00:00,65.4,65.7,65.4,65.7
1972-12-20 00:00,65.7,65.7,64.7,64.7
1972-12-21 00:00,64.7,64.7,64.5,64.5
1972-12-22 00:00,64.5,64.5,64.5,64.5
1972-12-26 00:00,64.5,64.5,64.5,64.5
1972-12-27 00:00,64.5,64.9,64.5,64.9
1972-12-28 00:00,64.9,65.1,64.9,65.1
1972-12-29 00:00,65.1,65.2,65.1,65.2
1973-01-02 00:00,65.2,65.4,65.2,65.4
1973-01-03 00:00,65.4,65.6,65.4,65.6
1973-01-04 00:00,65.6,65.6,65.2,65.2
1973-01-05 00:00,65.2,65.5,65.2,65.5
1973-01-08 00:00,65.5,65.5,65.4,65.4
1973-01-09 00:00,65.4,65.4,65.4,65.4
1973-01-10 00:00,65.4,65.4,65.3,65.3
1973-01-11 00:00,65.3,65.3,65.3,65.3
1973-01-12 00:00,65.3,65.4,65.3,65.4
1973-01-15 00:00,65.4,65.4,65.4,65.4
1973-01-16 00:00,65.4,65.4,65.4,65.4
1973-01-17 00:00,65.4,65.4,64.9,64.9
1973-01-18 00:00,64.9,64.9,64.2,64.2
1973-01-19 00:00,64.2,64.8,64.2,64.8
1973-01-22 00:00,64.8,65.5,64.8,65.5
1973-01-23 00:00,65.5,65.5,65.5,65.5
1973-01-24 00:00,65.5,65.9,65.5,65.9
1973-01-25 00:00,65.9,65.9,65.8,65.8
1973-01-26 00:00,65.8,65.8,65.8,65.8
1973-01-29 00:00,65.8,65.8,65.6,65.6
1973-01-30 00:00,65.6,66.3,65.6,66.3
1973-01-31 00:00,66.3,66.3,66.3,66.3
1973-02-01 00:00,66.3,66.9,66.3,66.9
1973-02-02 00:00,66.9,67.2,66.9,67.2
1973-02-05 00:00,67.2,67.9,67.2,67.9
1973-02-06 00:00,67.9,69.1,67.9,69.1
1973-02-07 00:00,69.1,69.1,68.9,68.9
1973-02-08 00:00,68.9,69.3,68.9,69.3
1973-02-09 00:00,69.3,69.3,68.4,68.4
1973-02-12 00:00,68.4,68.8,68.4,68.8
1973-02-13 00:00,68.8,69.2,68.8,69.2
1973-02-14 00:00,69.2,72.6,69.2,72.6
1973-02-15 00:00,72.6,73.9,72.6,73.9
1973-02-16 00:00,73.9,73.9,73.6,73.6
1973-02-20 00:00,73.6,76.8,73.6,76.8
1973-02-21 00:00,76.8,79.6,76.8,79.6
1973-02-22 00:00,79.6,86.8,79.6,86.8
1973-02-23 00:00,86.8,86.8,85.3,85.3
1973-02-26 00:00,85.3,85.3,81.0,81.0
1973-02-27 00:00,81.0,84.0,81.0,84.0
1973-02-28 00:00,84.0,85.3,84.0,85.3
1973-03-01 00:00,85.3,86.0,85.3,86.0
1973-03-02 00:00,86.0,86.3,86.0,86.3
1973-03-05 00:00,86.3,86.3,84.3,84.3
1973-03-06 00:00,84.3,84.3,83.3,83.3
1973-03-07 00:00,83.3,83.3,82.8,82.8
1973-03-08 00:00,82.8,84.0,82.8,84.0
1973-03-09 00:00,84.0,84.0,83.1,83.1
1973-03-12 00:00,83.1,83.1,82.8,82.8
1973-03-13 00:00,82.8,82.8,80.3,80.3
1973-03-14 00:00,80.3,80.3,80.3,80.3
1973-03-15 00:00,80.3,83.0,80.3,83.0
1973-03-16 00:00,83.0,83.0,83.0,83.0
1973-03-19 00:00,83.0,83.0,82.5,82.5
1973-03-20 00:00,82.5,82.5,82.5,82.5
1973-03-21 00:00,82.5,82.5,81.9,81.9
1973-03-22 00:00,81.9,82.0,81.9,82.0
1973-03-23 00:00,82.0,84.8,82.0,84.8
1973-03-26 00:00,84.8,90.3,84.8,90.3
1973-03-27 00:00,90.3,90.3,90.3,90.3
1973-03-28 00:00,90.3,90.3,88.8,88.8
1973-03-29 00:00,88.8,89.5,88.8,89.5
1973-03-30 00:00,89.5,90.3,89.5,90.3
1973-04-02 00:00,90.3,90.3,89.5,89.5
1973-04-03 00:00,89.5,90.3,89.5,90.3
1973-04-04 00:00,90.3,90.5,90.3,90.5
1973-04-05 00:00,90.5,91.2,90.5,91.2
1973-04-06 00:00,91.2,91.2,91.0,91.0
1973-04-09 00:00,91.0,91.3,91.0,91.3
1973-04-10 00:00,91.3,91.3,91.3,91.3
1973-04-11 00:00,91.3,91.5,91.3,91.5
1973-04-12 00:00,91.5,91.5,91.2,91.2
1973-04-13 00:00,91.2,91.2,90.3,90.3
1973-04-16 00:00,90.3,90.3,89.6,89.6
1973-04-17 00:00,89.6,90.5,89.6,90.5
1973-04-18 00:00,90.5,91.3,90.5,91.3
1973-04-19 00:00,91.3,91.3,91.0,91.0
1973-04-23 00:00,91.0,91.0,91.0,91.0
1973-04-24 00:00,91.0,91.1,91.0,91.1
1973-04-25 00:00,91.1,91.1,90.4,90.4
1973-04-26 00:00,90.4,90.8,90.4,90.8
1973-04-27 00:00,90.8,90.9,90.8,90.9
1973-04-30 00:00,90.9,91.0,90.9,91.0
1973-05-01 00:00,91.0,91.0,91.0,91.0
1973-05-02 00:00,91.0,91.0,90.9,90.9
1973-05-03 00:00,90.9,90.9,90.6,90.6
1973-05-04 00:00,90.6,90.6,90.6,90.6
1973-05-07 00:00,90.6,90.6,90.6,90.6
1973-05-08 00:00,90.6,91.7,90.6,91.7
1973-05-09 00:00,91.7,93.0,91.7,93.0
1973-05-10 00:00,93.0,95.1,93.0,95.1
1973-05-11 00:00,95.1,97.0,95.1,97.0
1973-05-14 00:00,97.0,102.5,97.0,102.5
1973-05-15 00:00,102.5,110.3,102.5,110.3
1973-05-16 00:00,110.3,110.3,106.8,106.8
1973-05-17 00:00,106.8,106.8,104.5,104.5
1973-05-18 00:00,104.5,105.8,104.5,105.8
1973-05-21 00:00,105.8,112.3,105.8,112.3
1973-05-22 00:00,112.3,112.3,110.8,110.8
1973-05-23 00:00,110.8,110.8,110.0,110.0
1973-05-24 00:00,110.0,110.3,110.0,110.3
1973-05-25 00:00,110.3,110.3,106.8,106.8
1973-05-29 00:00,106.8,110.3,106.8,110.3
1973-05-30 00:00,110.3,113.5,110.3,113.5
1973-05-31 00:00,113.5,115.0,113.5,115.0
1973-06-01 00:00,115.0,118.0,115.0,118.0
1973-06-04 00:00,118.0,123.8,118.0,123.8
1973-06-05 00:00,123.8,126.3,123.8,126.3
1973-06-06 00:00,126.3,126.3,121.8,121.8
1973-06-07 00:00,121.8,121.8,118.8,118.8
1973-06-08 00:00,118.8,118.8,117.5,117.5
1973-06-11 00:00,117.5,117.5,115.8,115.8
1973-06-12 00:00,115.8,117.5,115.8,117.5
1973-06-13 00:00,117.5,117.5,115.8,115.8
1973-06-14 00:00,115.8,118.0,115.8,118.0
1973-06-15 00:00,118.0,120.3,118.0,120.3
1973-06-18 00:00,120.3,122.8,120.3,122.8
1973-06-19 00:00,122.8,122.8,120.5,120.5
1973-06-20 00:00,120.5,120.5,120.3,120.3
1973-06-21 00:00,120.3,120.8,120.3,120.8
1973-06-22 00:00,120.8,120.8,120.3,120.3
1973-06-25 00:00,120.3,120.3,118.8,118.8
1973-06-26 00:00,118.8,123.5,118.8,123.5
1973-06-27 00:00,123.5,123.5,122.5,122.5
1973-06-28 00:00,122.5,122.5,121.8,121.8
1973-06-29 00:00,121.8,123.5,121.8,123.5
1973-07-02 00:00,123.5,123.5,121.3,121.3
1973-07-03 00:00,121.3,122.3,121.3,122.3
1973-07-05 00:00,122.3,123.3,122.3,123.3
1973-07-06 00:00,123.3,124.8,123.3,124.8
1973-07-09 00:00,124.8,126.3,124.8,126.3
1973-07-10 00:00,126.3,126.3,123.3,123.3
1973-07-11 00:00,123.3,123.3,119.3,119.3
1973-07-12 00:00,119.3,121.3,119.3,121.3
1973-07-13 00:00,121.3,121.3,121.3,121.3
1973-07-16 00:00,121.3,121.3,120.2,120.2
1973-07-17 00:00,120.2,121.3,120.2,121.3
1973-07-18 00:00,121.3,121.3,119.8,119.8
1973-07-19 00:00,119.8,119.8,114.5,114.5
1973-07-20 00:00,114.5,118.0,114.5,118.0
1973-07-23 00:00,118.0,119.0,118.0,119.0
1973-07-24 00:00,119.0,120.2,119.0,120.2
1973-07-25 00:00,120.2,120.2,118.8,118.8
1973-07-26 00:00,118.8,119.8,118.8,119.8
1973-07-27 00:00,119.8,119.8,117.3,117.3
1973-07-30 00:00,117.3,117.3,115.8,115.8
1973-07-31 00:00,115.8,115.9,115.8,115.9
1973-08-01 00:00,115.9,117.8,115.9,117.8
1973-08-02 00:00,117.8,117.8,116.4,116.4
1973-08-03 00:00,116.4,116.4,116.3,116.3
1973-08-06 00:00,116.3,116.3,115.8,115.8
1973-08-07 00:00,115.8,115.8,115.2,115.2
1973-08-08 00:00,115.2,115.2,114.0,114.0
1973-08-09 00:00,114.0,114.0,110.3,110.3
1973-08-10 00:00,110.3,110.3,107.0,107.0
1973-08-13 00:00,107.0,107.0,102.3,102.3
1973-08-14 00:00,102.3,102.3,95.8,95.8
1973-08-15 00:00,95.8,95.8,94.3,94.3
1973-08-16 00:00,94.3,103.3,94.3,103.3
1973-08-17 00:00,103.3,104.3,103.3,104.3
1973-08-20 00:00,104.3,109.8,104.3,109.8
1973-08-21 00:00,109.8,109.8,106.0,106.0
1973-08-22 00:00,106.0,106.0,103.3,103.3
1973-08-23 00:00,103.3,103.3,100.5,100.5
1973-08-24 00:00,100.5,101.3,100.5,101.3
1973-08-27 00:00,101.3,103.3,101.3,103.3
1973-08-28 00:00,103.3,104.3,103.3,104.3
1973-08-29 00:00,104.3,107.6,104.3,107.6
1973-08-30 00:00,107.6,107.6,105.8,105.8
1973-08-31 00:00,105.8,105.8,103.8,103.8
1973-09-04 00:00,103.8,105.4,103.8,105.4
1973-09-05 00:00,105.4,106.4,105.4,106.4
1973-09-06 00:00,106.4,106.4,105.8,105.8
1973-09-07 00:00,105.8,105.8,105.5,105.5
1973-09-10 00:00,105.5,105.5,105.0,105.0
1973-09-11 00:00,105.0,105.0,103.0,103.0
1973-09-12 00:00,103.0,103.0,102.5,102.5
1973-09-13 00:00,102.5,102.5,100.5,100.5
1973-09-14 00:00,100.5,100.6,100.5,100.6
1973-09-17 00:00,100.6,104.3,100.6,104.3
1973-09-18 00:00,104.3,104.3,103.3,103.3
1973-09-19 00:00,103.3,103.3,101.7,101.7
1973-09-20 00:00,101.7,103.5,101.7,103.5
1973-09-21 00:00,103.5,103.8,103.5,103.8
1973-09-24 00:00,103.8,103.8,102.3,102.3
1973-09-25 00:00,102.3,102.3,102.0,102.0
1973-09-26 00:00,102.0,102.8,102.0,102.8
1973-09-27 00:00,102.8,102.8,101.5,101.5
1973-09-28 00:00,101.5,101.5,100.3,100.3
1973-10-01 00:00,100.3,100.3,97.0,97.0
1973-10-02 00:00,97.0,98.0,97.0,98.0
1973-10-03 00:00,98.0,99.4,98.0,99.4
1973-10-04 00:00,99.4,99.4,99.3,99.3
1973-10-05 00:00,99.3,99.3,98.8,98.8
1973-10-08 00:00,98.8,99.3,98.8,99.3
1973-10-09 00:00,99.3,99.9,99.3,99.9
1973-10-10 00:00,99.9,103.8,99.9,103.8
1973-10-11 00:00,103.8,104.0,103.8,104.0
1973-10-12 00:00,104.0,104.0,102.2,102.2
1973-10-15 00:00,102.2,102.2,101.5,101.5
1973-10-16 00:00,101.5,102.1,101.5,102.1
1973-10-17 00:00,102.1,103.8,102.1,103.8
1973-10-18 00:00,103.8,103.8,102.2,102.2
1973-10-19 00:00,102.2,102.2,101.3,101.3
1973-10-22 00:00,101.3,101.3,99.5,99.5
1973-10-23 00:00,99.5,101.0,99.5,101.0
1973-10-24 00:00,101.0,101.0,100.0,100.0
1973-10-25 00:00,100.0,100.4,100.0,100.4
1973-10-26 00:00,100.4,100.4,98.5,98.5
1973-10-29 00:00,98.5,98.5,98.5,98.5
1973-10-30 00:00,98.5,98.5,97.5,97.5
1973-10-31 00:00,97.5,98.3,97.5,98.3
1973-11-29 00:00,98.3,102.0,98.3,102.0
1973-11-30 00:00,102.0,102.0,101.2,101.2
1973-12-03 00:00,101.2,101.2,100.5,100.5
1973-12-04 00:00,100.5,105.7,100.5,105.7
1973-12-05 00:00,105.7,105.7,105.3,105.3
1973-12-06 00:00,105.3,106.0,105.3,106.0
1973-12-07 00:00,106.0,107.5,106.0,107.5
1973-12-10 00:00,107.5,107.5,105.8,105.8
1973-12-11 00:00,105.8,105.8,104.4,104.4
1973-12-12 00:00,104.4,104.4,104.3,104.3
1973-12-13 00:00,104.3,104.3,103.9,103.9
1973-12-14 00:00,103.9,105.2,103.9,105.2
1973-12-17 00:00,105.2,107.0,105.2,107.0
1973-12-18 00:00,107.0,109.2,107.0,109.2
1973-12-19 00:00,109.2,109.2,108.6,108.6
1973-12-20 00:00,108.6,108.6,108.2,108.2
1973-12-21 00:00,108.2,108.2,107.0,107.0
1973-12-24 00:00,107.0,108.4,107.0,108.4
1973-12-26 00:00,108.4,109.8,108.4,109.8
1973-12-27 00:00,109.8,112.0,109.8,112.0
1973-12-28 00:00,112.0,112.3,112.0,112.3
1973-12-31 00:00,112.3,114.5,112.3,114.5
1974-01-02 00:00,114.5,116.8,114.5,116.8
1974-01-03 00:00,116.8,121.5,116.8,121.5
1974-01-04 00:00,121.5,121.5,118.8,118.8
1974-01-07 00:00,118.8,121.8,118.8,121.8
1974-01-08 00:00,121.8,126.8,121.8,126.8
1974-01-09 00:00,126.8,126.8,124.3,124.3
1974-01-10 00:00,124.3,124.3,120.3,120.3
1974-01-11 00:00,120.3,122.3,120.3,122.3
1974-01-14 00:00,122.3,125.0,122.3,125.0
1974-01-15 00:00,125.0,125.8,125.0,125.8
1974-01-16 00:00,125.8,126.5,125.8,126.5
1974-01-17 00:00,126.5,128.6,126.5,128.6
1974-01-18 00:00,128.6,130.3,128.6,130.3
1974-01-21 00:00,130.3,140.1,130.3,140.1
1974-01-22 00:00,140.1,140.1,137.7,137.7
1974-01-23 00:00,137.7,137.7,134.8,134.8
1974-01-24 00:00,134.8,141.3,134.8,141.3
1974-01-25 00:00,141.3,141.3,141.2,141.2
1974-01-28 00:00,141.2,141.2,139.8,139.8
1974-01-29 00:00,139.8,139.8,137.8,137.8
1974-01-30 00:00,137.8,137.8,135.8,135.8
1974-01-31 00:00,135.8,135.8,132.8,132.8
1974-02-01 00:00,132.8,132.8,130.8,130.8
1974-02-04 00:00,130.8,133.8,130.8,133.8
1974-02-05 00:00,133.8,140.3,133.8,140.3
1974-02-06 00:00,140.3,140.3,138.3,138.3
1974-02-07 00:00,138.3,139.3,138.3,139.3
1974-02-08 00:00,139.3,143.3,139.3,143.3
1974-02-11 00:00,143.3,145.3,143.3,145.3
1974-02-12 00:00,145.3,146.8,145.3,146.8
1974-02-13 00:00,146.8,146.8,144.3,144.3
1974-02-14 00:00,144.3,146.3,144.3,146.3
1974-02-15 00:00,146.3,149.1,146.3,149.1
1974-02-19 00:00,149.1,149.8,149.1,149.8
1974-02-20 00:00,149.8,150.3,149.8,150.3
1974-02-21 00:00,150.3,157.0,150.3,157.0
1974-02-22 00:00,157.0,163.3,157.0,163.3
1974-02-25 00:00,163.3,169.8,163.3,169.8
1974-02-26 00:00,169.8,175.3,169.8,175.3
1974-02-27 00:00,175.3,175.3,174.3,174.3
1974-02-28 00:00,174.3,174.3,162.8,162.8
1974-03-01 00:00,162.8,167.8,162.8,167.8
1974-03-04 00:00,167.8,167.8,166.3,166.3
1974-03-05 00:00,166.3,166.3,159.3,159.3
1974-03-06 00:00,159.3,160.3,159.3,160.3
1974-03-07 00:00,160.3,166.3,160.3,166.3
1974-03-08 00:00,166.3,166.3,165.3,165.3
1974-03-11 00:00,165.3,165.8,165.3,165.8
1974-03-12 00:00,165.8,165.8,163.3,163.3
1974-03-13 00:00,163.3,164.8,163.3,164.8
1974-03-14 00:00,164.8,164.8,164.8,164.8
1974-03-15 00:00,164.8,164.8,164.1,164.1
1974-03-18 00:00,164.1,164.3,164.1,164.3
1974-03-19 00:00,164.3,169.3,164.3,169.3
1974-03-20 00:00,169.3,176.3,169.3,176.3
1974-03-21 00:00,176.3,176.3,175.3,175.3
1974-03-22 00:00,175.3,177.8,175.3,177.8
1974-03-25 00:00,177.8,177.8,177.0,177.0
1974-03-26 00:00,177.0,177.0,172.5,172.5
1974-03-27 00:00,172.5,174.3,172.5,174.3
1974-03-28 00:00,174.3,174.8,174.3,174.8
1974-03-29 00:00,174.8,174.8,173.3,173.3
1974-04-01 00:00,173.3,174.4,173.3,174.4
1974-04-02 00:00,174.4,177.3,174.4,177.3
1974-04-03 00:00,177.3,179.8,177.3,179.8
1974-04-04 00:00,179.8,179.8,176.5,176.5
1974-04-05 00:00,176.5,176.5,173.5,173.5
1974-04-08 00:00,173.5,173.5,167.3,167.3
1974-04-09 00:00,167.3,170.3,167.3,170.3
1974-04-10 00:00,170.3,173.5,170.3,173.5
1974-04-11 00:00,173.5,173.8,173.5,173.8
1974-04-15 00:00,173.8,174.0,173.8,174.0
1974-04-16 00:00,174.0,174.0,172.5,172.5
1974-04-17 00:00,172.5,172.5,170.2,170.2
1974-04-18 00:00,170.2,170.3,170.2,170.3
1974-04-19 00:00,170.3,172.3,170.3,172.3
1974-04-22 00:00,172.3,175.0,172.3,175.0
1974-04-23 00:00,175.0,175.0,175.0,175.0
1974-04-24 00:00,175.0,175.0,171.0,171.0
1974-04-25 00:00,171.0,171.0,169.3,169.3
1974-04-26 00:00,169.3,169.3,169.3,169.3
1974-04-29 00:00,169.3,169.5,169.3,169.5
1974-04-30 00:00,169.5,169.5,169.5,169.5
1974-05-01 00:00,169.5,169.8,169.5,169.8
1974-05-02 00:00,169.8,169.9,169.8,169.9
1974-05-03 00:00,169.9,169.9,169.3,169.3
1974-05-06 00:00,169.3,169.3,166.3,166.3
1974-05-07 00:00,166.3,166.3,163.3,163.3
1974-05-08 00:00,163.3,163.3,158.0,158.0
1974-05-09 00:00,158.0,166.5,158.0,166.5
1974-05-10 00:00,166.5,168.0,166.5,168.0
1974-05-13 00:00,168.0,168.0,166.8,166.8
1974-05-14 00:00,166.8,166.8,166.5,166.5
1974-05-15 00:00,166.5,166.5,164.7,164.7
1974-05-16 00:00,164.7,164.7,164.3,164.3
1974-05-17 00:00,164.3,165.8,164.3,165.8
1974-05-20 00:00,165.8,165.8,163.2,163.2
1974-05-21 00:00,163.2,163.2,161.3,161.3
1974-05-22 00:00,161.3,163.3,161.3,163.3
1974-05-23 00:00,163.3,163.3,159.8,159.8
1974-05-24 00:00,159.8,162.0,159.8,162.0
1974-05-28 00:00,162.0,162.0,154.3,154.3
1974-05-29 00:00,154.3,155.8,154.3,155.8
1974-05-30 00:00,155.8,162.3,155.8,162.3
1974-05-31 00:00,162.3,162.3,157.0,157.0
1974-06-03 00:00,157.0,157.0,155.8,155.8
1974-06-04 00:00,155.8,155.8,154.7,154.7
1974-06-05 00:00,154.7,162.0,154.7,162.0
1974-06-06 00:00,162.0,162.0,159.3,159.3
1974-06-07 00:00,159.3,159.3,155.8,155.8
1974-06-10 00:00,155.8,157.7,155.8,157.7
1974-06-11 00:00,157.7,157.7,157.5,157.5
1974-06-12 00:00,157.5,157.5,156.8,156.8
1974-06-13 00:00,156.8,157.3,156.8,157.3
1974-06-14 00:00,157.3,160.8,157.3,160.8
1974-06-17 00:00,160.8,160.8,157.8,157.8
1974-06-18 00:00,157.8,157.8,155.8,155.8
1974-06-19 00:00,155.8,155.8,153.9,153.9
1974-06-20 00:00,153.9,153.9,152.0,152.0
1974-06-21 00:00,152.0,154.0,152.0,154.0
1974-06-24 00:00,154.0,154.0,150.3,150.3
1974-06-25 00:00,150.3,150.3,150.0,150.0
1974-06-26 00:00,150.0,150.0,146.8,146.8
1974-06-27 00:00,146.8,146.8,144.8,144.8
1974-06-28 00:00,144.8,144.8,144.5,144.5
1974-07-01 00:00,144.5,144.5,143.3,143.3
1974-07-02 00:00,143.3,143.3,137.2,137.2
1974-07-03 00:00,137.2,137.2,136.7,136.7
1974-07-05 00:00,136.7,136.7,134.3,134.3
1974-07-08 00:00,134.3,141.2,134.3,141.2
1974-07-09 00:00,141.2,145.7,141.2,145.7
1974-07-10 00:00,145.7,145.7,139.0,139.0
1974-07-11 00:00,139.0,139.0,137.2,137.2
1974-07-12 00:00,137.2,137.2,137.2,137.2
1974-07-15 00:00,137.2,139.0,137.2,139.0
1974-07-16 00:00,139.0,141.3,139.0,141.3
1974-07-17 00:00,141.3,141.3,141.0,141.0
1974-07-18 00:00,141.0,144.2,141.0,144.2
1974-07-19 00:00,144.2,145.8,144.2,145.8
1974-07-22 00:00,145.8,145.8,143.3,143.3
1974-07-23 00:00,143.3,144.2,143.3,144.2
1974-07-24 00:00,144.2,144.5,144.2,144.5
1974-07-25 00:00,144.5,149.3,144.5,149.3
1974-07-26 00:00,149.3,149.3,149.3,149.3
1974-07-29 00:00,149.3,157.8,149.3,157.8
1974-07-30 00:00,157.8,157.8,157.3,157.3
1974-07-31 00:00,157.3,157.3,156.2,156.2
1974-08-01 00:00,156.2,159.6,156.2,159.6
1974-08-02 00:00,159.6,159.6,156.8,156.8
1974-08-05 00:00,156.8,156.8,153.9,153.9
1974-08-06 00:00,153.9,155.3,153.9,155.3
1974-08-07 00:00,155.3,155.3,154.8,154.8
1974-08-08 00:00,154.8,154.8,152.3,152.3
1974-08-09 00:00,152.3,154.5,152.3,154.5
1974-08-12 00:00,154.5,154.5,152.5,152.5
1974-08-13 00:00,152.5,152.5,151.8,151.8
1974-08-14 00:00,151.8,156.5,151.8,156.5
1974-08-15 00:00,156.5,156.5,153.3,153.3
1974-08-16 00:00,153.3,155.8,153.3,155.8
1974-08-19 00:00,155.8,155.8,155.5,155.5
1974-08-20 00:00,155.5,156.3,155.5,156.3
1974-08-21 00:00,156.3,156.3,155.8,155.8
1974-08-22 00:00,155.8,155.8,154.8,154.8
1974-08-23 00:00,154.8,154.8,154.3,154.3
1974-08-26 00:00,154.3,154.3,154.3,154.3
1974-08-27 00:00,154.3,154.3,153.8,153.8
1974-08-28 00:00,153.8,154.6,153.8,154.6
1974-08-29 00:00,154.6,155.8,154.6,155.8
1974-08-30 00:00,155.8,156.3,155.8,156.3
1974-09-03 00:00,156.3,158.0,156.3,158.0
1974-09-04 00:00,158.0,158.0,157.2,157.2
1974-09-05 00:00,157.2,157.7,157.2,157.7
1974-09-06 00:00,157.7,157.7,157.3,157.3
1974-09-09 00:00,157.3,157.3,155.8,155.8
1974-09-10 00:00,155.8,155.8,154.7,154.7
1974-09-11 00:00,154.7,154.7,153.2,153.2
1974-09-12 00:00,153.2,154.7,153.2,154.7
1974-09-13 00:00,154.7,154.7,153.2,153.2
1974-09-16 00:00,153.2,153.2,153.0,153.0
1974-09-17 00:00,153.0,153.0,148.0,148.0
1974-09-18 00:00,148.0,148.2,148.0,148.2
1974-09-19 00:00,148.2,149.8,148.2,149.8
1974-09-20 00:00,149.8,149.8,146.3,146.3
1974-09-23 00:00,146.3,148.3,146.3,148.3
1974-09-24 00:00,148.3,148.3,147.8,147.8
1974-09-25 00:00,147.8,147.8,147.5,147.5
1974-09-26 00:00,147.5,147.5,145.7,145.7
1974-09-27 00:00,145.7,146.0,145.7,146.0
1974-09-30 00:00,146.0,151.5,146.0,151.5
1974-10-01 00:00,151.5,156.0,151.5,156.0
1974-10-02 00:00,156.0,156.0,154.3,154.3
1974-10-03 00:00,154.3,155.9,154.3,155.9
1974-10-04 00:00,155.9,159.3,155.9,159.3
1974-10-07 00:00,159.3,159.3,157.8,157.8
1974-10-08 00:00,157.8,157.8,155.3,155.3
1974-10-09 00:00,155.3,155.9,155.3,155.9
1974-10-10 00:00,155.9,158.5,155.9,158.5
1974-10-11 00:00,158.5,158.5,157.2,157.2
1974-10-14 00:00,157.2,157.2,156.3,156.3
1974-10-15 00:00,156.3,156.3,155.3,155.3
1974-10-16 00:00,155.3,155.3,155.2,155.2
1974-10-17 00:00,155.2,155.2,155.2,155.2
1974-10-18 00:00,155.2,155.5,155.2,155.5
1974-10-21 00:00,155.5,157.3,155.5,157.3
1974-10-22 00:00,157.3,158.2,157.3,158.2
1974-10-23 00:00,158.2,158.2,158.0,158.0
1974-10-24 00:00,158.0,162.2,158.0,162.2
1974-10-25 00:00,162.2,163.5,162.2,163.5
1974-10-28 00:00,163.5,167.7,163.5,167.7
1974-10-29 00:00,167.7,168.5,167.7,168.5
1974-10-30 00:00,168.5,168.5,168.2,168.2
1974-10-31 00:00,168.2,168.2,167.2,167.2
1974-11-01 00:00,167.2,168.0,167.2,168.0
1974-11-04 00:00,168.0,169.5,168.0,169.5
1974-11-06 00:00,169.5,178.2,169.5,178.2
1974-11-07 00:00,178.2,178.2,177.5,177.5
1974-11-08 00:00,177.5,183.2,177.5,183.2
1974-11-11 00:00,183.2,183.2,182.2,182.2
1974-11-12 00:00,182.2,182.2,180.2,180.2
1974-11-13 00:00,180.2,185.5,180.2,185.5
1974-11-14 00:00,185.5,188.5,185.5,188.5
1974-11-15 00:00,188.5,188.5,187.7,187.7
1974-11-18 00:00,187.7,190.8,187.7,190.8
1974-11-19 00:00,190.8,190.8,188.0,188.0
1974-11-20 00:00,188.0,188.0,180.8,180.8
1974-11-21 00:00,180.8,182.7,180.8,182.7
1974-11-22 00:00,182.7,182.7,182.5,182.5
1974-11-25 00:00,182.5,184.0,182.5,184.0
1974-11-26 00:00,184.0,186.2,184.0,186.2
1974-11-27 00:00,186.2,186.2,184.5,184.5
1974-11-29 00:00,184.5,185.3,184.5,185.3
1974-12-02 00:00,185.3,186.0,185.3,186.0
1974-12-03 00:00,186.0,186.0,183.2,183.2
1974-12-04 00:00,183.2,183.2,174.5,174.5
1974-12-05 00:00,174.5,178.7,174.5,178.7
1974-12-06 00:00,178.7,181.1,178.7,181.1
1974-12-09 00:00,181.1,181.1,180.7,180.7
1974-12-10 00:00,180.7,180.7,178.2,178.2
1974-12-11 00:00,178.2,178.2,175.0,175.0
1974-12-12 00:00,175.0,176.0,175.0,176.0
1974-12-13 00:00,176.0,180.0,176.0,180.0
1974-12-16 00:00,180.0,183.2,180.0,183.2
1974-12-17 00:00,183.2,188.7,183.2,188.7
1974-12-18 00:00,188.7,188.7,187.2,187.2
1974-12-19 00:00,187.2,187.2,186.5,186.5
1974-12-20 00:00,186.5,187.7,186.5,187.7
1974-12-23 00:00,187.7,193.2,187.7,193.2
1974-12-24 00:00,193.2,193.9,193.2,193.9
1974-12-26 00:00,193.9,194.5,193.9,194.5
1974-12-27 00:00,194.5,195.2,194.5,195.2
1974-12-30 00:00,195.2,195.5,195.2,195.5
1974-12-31 00:00,195.5,195.5,185.7,185.7
1975-01-02 00:00,185.7,187.5,176.0,178.2
1975-01-03 00:00,178.2,178.5,172.5,177.5
1975-01-06 00:00,177.5,177.5,169.0,176.8
1975-01-07 00:00,176.8,176.8,171.5,175.8
1975-01-08 00:00,175.8,183.1,175.8,180.4
1975-01-09 00:00,180.4,182.8,179.6,180.9
1975-01-10 00:00,180.9,183.9,178.3,183.8
1975-01-13 00:00,183.8,184.1,181.0,181.4
1975-01-14 00:00,181.4,181.5,178.7,181.2
1975-01-15 00:00,181.2,182.3,179.5,180.0
1975-01-16 00:00,180.0,180.1,176.5,177.7
1975-01-17 00:00,177.7,177.7,174.6,174.7
1975-01-20 00:00,174.7,179.4,174.7,178.9
1975-01-21 00:00,178.9,180.0,176.1,176.3
1975-01-22 00:00,176.3,178.8,176.0,176.9
1975-01-23 00:00,176.9,179.5,175.5,178.9
1975-01-24 00:00,178.9,182.9,178.9,182.2
1975-01-27 00:00,182.2,183.0,179.3,179.4
1975-01-28 00:00,179.4,179.4,177.2,178.6
1975-01-29 00:00,178.6,181.7,178.6,181.7
1975-01-30 00:00,181.7,181.7,178.0,178.3
1975-01-31 00:00,178.3,178.4,177.0,178.0
1975-02-03 00:00,178.0,179.7,178.0,178.3
1975-02-04 00:00,178.3,178.3,175.6,177.3
1975-02-05 00:00,177.3,177.4,176.5,176.7
1975-02-06 00:00,176.7,176.7,174.5,176.3
1975-02-07 00:00,176.3,177.4,176.3,177.3
1975-02-10 00:00,177.3,177.3,175.5,175.6
1975-02-11 00:00,175.6,177.1,175.6,176.8
1975-02-13 00:00,176.8,186.6,176.8,185.8
1975-02-14 00:00,185.8,186.8,182.5,184.9
1975-02-18 00:00,184.9,185.7,181.7,185.4
1975-02-19 00:00,185.4,188.0,185.4,185.6
1975-02-20 00:00,185.6,188.4,185.4,187.7
1975-02-21 00:00,187.7,188.5,185.0,186.0
1975-02-24 00:00,186.0,187.5,186.0,186.9
1975-02-25 00:00,186.9,189.0,184.1,184.4
1975-02-26 00:00,184.4,185.7,183.2,185.2
1975-02-27 00:00,185.2,185.2,181.4,182.5
1975-02-28 00:00,182.5,183.0,181.0,183.0
1975-03-03 00:00,183.0,183.6,182.2,182.6
1975-03-04 00:00,182.6,182.6,177.0,177.0
1975-03-05 00:00,177.0,180.1,176.4,178.7
1975-03-06 00:00,178.7,181.4,178.7,180.6
1975-03-07 00:00,180.6,180.6,176.8,178.0
1975-03-10 00:00,178.0,178.0,176.1,177.2
1975-03-11 00:00,177.2,180.5,177.2,180.0
1975-03-12 00:00,180.0,180.0,177.6,178.1
1975-03-13 00:00,178.1,180.0,178.1,179.5
1975-03-14 00:00,179.5,179.5,178.1,178.7
1975-03-17 00:00,178.7,179.3,177.6,179.0
1975-03-18 00:00,179.0,179.5,178.3,178.6
1975-03-19 00:00,178.6,179.4,178.5,179.2
1975-03-20 00:00,179.2,179.2,175.0,175.5
1975-03-21 00:00,175.5,177.0,175.5,175.6
1975-03-24 00:00,175.6,177.2,175.2,175.9
1975-03-25 00:00,175.9,179.5,175.9,178.7
1975-03-26 00:00,178.7,180.8,178.7,180.7
1975-03-27 00:00,180.7,180.7,177.8,178.5
1975-03-31 00:00,178.5,179.7,178.0,179.5
1975-04-01 00:00,179.5,179.7,178.4,179.1
1975-04-02 00:00,179.1,179.9,177.9,178.1
1975-04-03 00:00,178.1,178.1,176.0,177.1
1975-04-04 00:00,177.1,177.1,173.3,173.8
1975-04-07 00:00,173.8,174.7,173.0,174.1
1975-04-08 00:00,174.1,175.6,174.1,174.5
1975-04-09 00:00,174.5,174.7,173.3,174.5
1975-04-10 00:00,174.5,174.5,172.1,173.1
1975-04-11 00:00,173.1,173.3,172.2,172.7
1975-04-14 00:00,172.7,172.7,165.8,166.2
1975-04-15 00:00,166.2,166.2,162.3,164.6
1975-04-16 00:00,164.6,167.4,164.6,166.5
1975-04-17 00:00,166.5,170.2,166.5,169.5
1975-04-18 00:00,169.5,171.0,168.4,169.0
1975-04-21 00:00,169.0,169.0,164.9,165.7
1975-04-22 00:00,165.7,168.0,165.0,166.7
1975-04-23 00:00,166.7,169.5,166.7,168.8
1975-04-24 00:00,168.8,168.8,166.5,167.0
1975-04-25 00:00,167.0,167.2,166.0,166.8
1975-04-28 00:00,166.8,167.7,166.3,166.3
1975-04-29 00:00,166.3,168.4,166.3,167.8
1975-04-30 00:00,167.8,168.0,166.5,166.8
1975-05-01 00:00,166.8,167.0,165.5,165.5
1975-05-02 00:00,165.5,166.5,165.0,165.0
1975-05-05 00:00,165.0,165.0,163.4,163.5
1975-05-06 00:00,163.5,165.2,163.5,164.9
1975-05-07 00:00,164.9,166.5,164.9,166.1
1975-05-08 00:00,166.1,167.5,166.1,167.3
1975-05-09 00:00,167.3,167.3,165.9,166.6
1975-05-12 00:00,166.6,166.6,165.6,165.9
1975-05-13 00:00,165.9,166.8,165.9,166.7
1975-05-14 00:00,166.7,171.3,166.7,169.3
1975-05-15 00:00,169.3,169.3,165.7,165.9
1975-05-16 00:00,165.9,168.5,165.9,166.9
1975-05-19 00:00,166.9,169.4,166.9,168.8
1975-05-20 00:00,168.8,168.8,167.2,168.2
1975-05-21 00:00,168.2,172.8,168.2,172.2
1975-05-22 00:00,172.2,176.9,172.2,173.5
1975-05-23 00:00,173.5,175.2,173.3,174.7
1975-05-27 00:00,174.7,176.0,174.2,174.4
1975-05-28 00:00,174.4,175.0,172.1,172.5
1975-05-29 00:00,172.5,172.5,169.1,170.1
1975-05-30 00:00,170.1,170.1,168.2,169.0
1975-06-02 00:00,169.0,169.0,162.4,165.2
1975-06-03 00:00,165.2,167.8,165.2,167.5
1975-06-04 00:00,167.5,167.5,165.7,165.9
1975-06-05 00:00,165.9,168.2,165.7,167.4
1975-06-06 00:00,167.4,167.6,166.8,167.2
1975-06-09 00:00,167.2,168.5,167.0,168.5
1975-06-10 00:00,168.5,168.5,167.0,167.3
1975-06-11 00:00,167.3,167.4,166.1,167.1
1975-06-12 00:00,167.1,167.6,166.5,166.5
1975-06-13 00:00,166.5,166.5,165.7,165.9
1975-06-16 00:00,165.9,166.0,164.0,164.4
1975-06-17 00:00,164.4,166.2,164.4,166.0
1975-06-18 00:00,166.0,166.0,164.3,165.4
1975-06-19 00:00,165.4,165.4,163.4,164.3
1975-06-20 00:00,164.3,164.5,163.9,164.3
1975-06-23 00:00,164.3,164.3,163.3,163.5
1975-06-24 00:00,163.5,164.7,163.4,164.5
1975-06-25 00:00,164.5,166.4,164.5,166.3
1975-06-26 00:00,166.3,166.3,165.2,166.0
1975-06-27 00:00,166.0,168.5,165.7,167.9
1975-06-30 00:00,167.9,168.4,167.7,167.8
1975-07-01 00:00,167.8,169.7,167.1,168.1
1975-07-02 00:00,168.1,168.1,166.1,166.3
1975-07-03 00:00,166.3,166.5,165.3,166.4
1975-07-07 00:00,166.4,166.4,163.6,164.0
1975-07-08 00:00,164.0,167.1,164.0,166.7
1975-07-09 00:00,166.7,173.3,166.7,172.2
1975-07-10 00:00,172.2,172.2,170.1,170.7
1975-07-11 00:00,170.7,173.2,170.7,173.0
1975-07-14 00:00,173.0,174.3,172.3,172.7
1975-07-15 00:00,172.7,172.7,171.5,171.5
1975-07-16 00:00,171.5,171.5,170.6,170.9
1975-07-17 00:00,170.9,171.5,170.2,170.8
1975-07-18 00:00,170.8,171.3,169.6,170.8
1975-07-21 00:00,170.8,171.2,169.9,170.6
1975-07-22 00:00,170.6,172.7,170.6,172.2
1975-07-23 00:00,172.2,172.2,170.8,171.5
1975-07-24 00:00,171.5,172.5,171.5,172.0
1975-07-25 00:00,172.0,174.3,172.0,174.3
1975-07-28 00:00,174.3,176.8,174.3,176.1
1975-07-29 00:00,176.1,177.6,173.6,173.8
1975-07-30 00:00,173.8,175.4,173.4,173.8
1975-07-31 00:00,173.8,174.2,173.0,173.4
1975-08-01 00:00,173.4,173.9,173.4,173.4
1975-08-04 00:00,173.4,173.9,173.0,173.1
1975-08-05 00:00,173.1,173.1,171.5,171.6
1975-08-06 00:00,171.6,171.7,170.5,171.0
1975-08-07 00:00,171.0,172.5,171.0,171.3
1975-08-08 00:00,171.3,171.3,165.5,166.6
1975-08-11 00:00,166.6,168.0,166.0,166.7
1975-08-12 00:00,166.7,169.2,166.7,168.4
1975-08-13 00:00,168.4,168.4,164.4,165.0
1975-08-14 00:00,165.0,166.3,163.0,163.9
1975-08-15 00:00,163.9,167.0,163.9,166.8
1975-08-18 00:00,166.8,166.9,165.4,166.2
1975-08-19 00:00,166.2,166.4,165.3,166.2
1975-08-20 00:00,166.2,167.8,166.2,167.0
1975-08-21 00:00,167.0,167.0,165.6,166.3
1975-08-22 00:00,166.3,166.7,165.8,165.8
1975-08-25 00:00,165.8,166.3,165.7,166.0
1975-08-26 00:00,166.0,166.5,165.3,165.6
1975-08-27 00:00,165.6,166.3,164.8,166.0
1975-08-28 00:00,166.0,166.8,165.3,165.5
1975-08-29 00:00,165.5,165.6,162.5,162.8
1975-09-02 00:00,162.8,162.8,152.8,152.8
1975-09-03 00:00,152.8,154.4,150.8,153.7
1975-09-04 00:00,153.7,156.3,153.7,155.2
1975-09-05 00:00,155.2,156.0,155.2,156.0
1975-09-08 00:00,156.0,156.0,152.8,153.0
1975-09-09 00:00,153.0,153.0,148.0,151.8
1975-09-10 00:00,151.8,153.2,150.3,150.4
1975-09-11 00:00,150.4,150.4,148.5,149.6
1975-09-12 00:00,149.6,150.2,149.5,149.7
1975-09-15 00:00,149.7,150.2,149.7,150.0
1975-09-16 00:00,150.0,150.0,147.5,147.7
1975-09-17 00:00,147.7,147.7,143.0,144.3
1975-09-18 00:00,144.3,144.3,136.7,137.8
1975-09-19 00:00,137.8,141.2,135.0,138.4
1975-09-22 00:00,138.4,139.1,133.8,134.8
1975-09-23 00:00,134.8,134.8,129.0,131.2
1975-09-24 00:00,131.2,137.5,131.2,137.5
1975-09-25 00:00,137.5,137.8,135.4,137.0
1975-09-26 00:00,137.0,139.3,136.1,139.0
1975-09-29 00:00,139.0,141.3,138.2,139.8
1975-09-30 00:00,139.8,143.9,139.8,142.2
1975-10-01 00:00,142.2,145.8,142.2,144.2
1975-10-02 00:00,144.2,146.2,142.5,143.4
1975-10-03 00:00,143.4,143.4,138.9,139.9
1975-10-06 00:00,139.9,142.7,139.2,142.6
1975-10-07 00:00,142.6,144.7,142.6,143.7
1975-10-08 00:00,143.7,143.7,138.5,139.6
1975-10-09 00:00,139.6,141.7,139.6,141.7
1975-10-10 00:00,141.7,144.0,141.7,143.6
1975-10-14 00:00,143.6,143.6,140.7,142.9
1975-10-15 00:00,142.9,144.5,142.5,142.9
1975-10-16 00:00,142.9,145.5,142.9,144.0
1975-10-17 00:00,144.0,147.4,144.0,146.1
1975-10-20 00:00,146.1,146.8,145.5,146.8
1975-10-21 00:00,146.8,148.0,144.6,145.2
1975-10-22 00:00,145.2,146.6,144.8,146.5
1975-10-23 00:00,146.5,146.5,143.9,145.1
1975-10-24 00:00,145.1,145.1,143.5,144.1
1975-10-27 00:00,144.1,144.1,142.7,143.0
1975-10-28 00:00,143.0,143.4,142.0,143.3
1975-10-29 00:00,143.3,144.3,142.5,144.1
1975-10-30 00:00,144.1,145.0,143.5,143.6
1975-10-31 00:00,143.6,143.6,142.3,142.8
1975-11-03 00:00,142.8,143.7,142.8,143.3
1975-11-05 00:00,143.3,149.1,143.3,148.4
1975-11-06 00:00,148.4,148.4,145.9,146.0
1975-11-07 00:00,146.0,148.0,146.0,147.8
1975-11-10 00:00,147.8,147.8,146.3,146.4
1975-11-12 00:00,146.4,155.3,146.4,155.2
1975-11-13 00:00,155.2,155.2,144.4,144.6
1975-11-14 00:00,144.6,144.6,141.0,141.6
1975-11-17 00:00,141.6,143.5,140.5,140.8
1975-11-18 00:00,140.8,142.0,139.5,141.8
1975-11-19 00:00,141.8,144.5,141.8,144.4
1975-11-20 00:00,144.4,153.7,144.4,152.8
1975-11-21 00:00,152.8,152.8,152.2,152.3
1975-11-24 00:00,152.3,152.8,151.6,152.6
1975-11-25 00:00,152.6,152.7,151.5,151.5
1975-11-26 00:00,151.5,151.5,150.4,150.7
1975-11-28 00:00,150.7,150.7,147.5,147.8
1975-12-01 00:00,147.8,147.8,147.3,147.3
1975-12-02 00:00,147.3,148.7,147.3,148.7
1975-12-03 00:00,148.7,149.1,147.2,147.2
1975-12-04 00:00,147.2,148.5,147.1,147.1
1975-12-05 00:00,147.1,147.1,146.0,146.6
1975-12-08 00:00,146.6,146.6,144.4,144.4
1975-12-09 00:00,144.4,145.4,144.4,145.4
1975-12-10 00:00,145.4,147.7,145.4,147.0
1975-12-11 00:00,147.0,148.8,147.0,147.0
1975-12-12 00:00,147.0,147.0,145.9,145.9
1975-12-15 00:00,145.9,146.1,145.3,145.3
1975-12-16 00:00,145.3,146.8,145.3,146.3
1975-12-17 00:00,146.3,146.8,146.1,146.6
1975-12-18 00:00,146.6,146.9,146.5,146.5
1975-12-19 00:00,146.5,153.5,146.5,153.5
1975-12-22 00:00,153.5,153.5,151.0,151.3
1975-12-23 00:00,151.3,151.3,149.4,149.5
1975-12-24 00:00,149.5,149.9,149.2,149.4
1975-12-29 00:00,149.4,151.0,149.4,149.9
1975-12-30 00:00,149.9,150.2,149.6,149.7
1975-12-31 00:00,149.7,149.7,148.5,148.8
1976-01-02 00:00,148.8,148.8,148.7,148.8
1976-01-05 00:00,148.8,148.8,146.5,147.1
1976-01-06 00:00,147.1,147.8,147.1,147.5
1976-01-07 00:00,147.5,147.5,146.6,146.6
1976-01-08 00:00,146.6,146.6,142.7,142.7
1976-01-09 00:00,142.7,144.3,142.7,143.4
1976-01-12 00:00,143.4,144.0,143.4,143.4
1976-01-13 00:00,143.4,143.4,137.5,137.7
1976-01-14 00:00,137.7,138.8,136.7,138.8
1976-01-15 00:00,138.8,139.1,137.6,137.6
1976-01-16 00:00,137.6,137.6,136.1,136.8
1976-01-19 00:00,136.8,136.8,132.9,132.9
1976-01-20 00:00,132.9,132.9,129.0,129.3
1976-01-21 00:00,129.3,131.0,129.0,129.3
1976-01-22 00:00,129.3,132.2,129.3,131.1
1976-01-23 00:00,131.1,135.3,131.1,133.5
1976-01-26 00:00,133.5,133.5,130.3,131.1
1976-01-27 00:00,131.1,131.9,131.1,131.5
1976-01-28 00:00,131.5,133.9,131.5,133.8
1976-01-29 00:00,133.8,135.3,133.8,133.9
1976-01-30 00:00,133.9,134.2,133.7,134.0
1976-02-02 00:00,134.0,136.9,134.0,136.6
1976-02-03 00:00,136.6,138.2,136.2,136.2
1976-02-04 00:00,136.2,136.2,134.6,134.6
1976-02-05 00:00,134.6,135.4,134.0,134.6
1976-02-06 00:00,134.6,136.8,134.6,136.5
1976-02-09 00:00,136.5,136.5,135.1,135.1
1976-02-10 00:00,135.1,136.2,134.0,135.7
1976-02-11 00:00,135.7,136.1,135.1,135.1
1976-02-12 00:00,135.1,136.7,135.1,135.5
1976-02-13 00:00,135.5,136.5,135.5,136.0
1976-02-17 00:00,136.0,136.0,133.6,134.5
1976-02-18 00:00,134.5,135.5,134.5,134.7
1976-02-19 00:00,134.7,134.9,134.7,134.9
1976-02-20 00:00,134.9,136.2,134.9,136.0
1976-02-23 00:00,136.0,136.0,135.8,135.8
1976-02-24 00:00,135.8,138.4,135.8,137.9
1976-02-25 00:00,137.9,138.3,137.6,137.6
1976-02-26 00:00,137.6,137.6,136.2,136.3
1976-02-27 00:00,136.3,136.8,136.3,136.5
1976-03-01 00:00,136.5,136.6,135.9,135.9
1976-03-02 00:00,135.9,135.9,135.0,135.3
1976-03-03 00:00,135.3,136.0,134.9,134.9
1976-03-04 00:00,134.9,136.6,134.9,136.1
1976-03-05 00:00,136.1,138.3,136.1,137.8
1976-03-08 00:00,137.8,137.8,136.4,136.7
1976-03-09 00:00,136.7,137.6,136.7,137.0
1976-03-10 00:00,137.0,138.4,137.0,137.7
1976-03-11 00:00,137.7,137.9,137.3,137.4
1976-03-12 00:00,137.4,137.4,136.7,136.7
1976-03-15 00:00,136.7,137.8,136.3,136.3
1976-03-16 00:00,136.3,136.3,135.6,135.9
1976-03-17 00:00,135.9,136.9,135.9,136.8
1976-03-18 00:00,136.8,138.0,136.8,136.9
1976-03-19 00:00,136.9,137.6,136.8,137.6
1976-03-22 00:00,137.6,137.6,136.7,136.8
1976-03-23 00:00,136.8,136.8,136.2,136.6
1976-03-24 00:00,136.6,137.4,135.9,136.2
1976-03-25 00:00,136.2,136.4,135.6,136.3
1976-03-26 00:00,136.3,136.3,132.6,132.8
1976-03-29 00:00,132.8,132.8,131.5,131.7
1976-03-30 00:00,131.7,133.3,130.5,133.1
1976-03-31 00:00,133.1,133.3,132.1,132.7
1976-04-01 00:00,132.7,132.8,131.7,132.7
1976-04-02 00:00,132.7,132.7,132.1,132.6
1976-04-05 00:00,132.6,132.6,130.4,130.9
1976-04-06 00:00,130.9,132.0,130.9,131.3
1976-04-07 00:00,131.3,131.9,131.0,131.0
1976-04-08 00:00,131.0,132.8,131.0,132.4
1976-04-09 00:00,132.4,132.4,130.3,130.5
1976-04-12 00:00,130.5,131.6,130.4,131.6
1976-04-13 00:00,131.6,132.5,131.6,131.7
1976-04-14 00:00,131.7,132.1,131.2,131.3
1976-04-15 00:00,131.3,131.9,129.9,131.3
1976-04-19 00:00,131.3,132.2,131.3,132.0
1976-04-20 00:00,132.0,132.6,131.7,132.1
1976-04-21 00:00,132.1,132.1,130.9,131.0
1976-04-22 00:00,131.0,131.3,131.0,131.1
1976-04-23 00:00,131.1,131.3,131.1,131.1
1976-04-26 00:00,131.1,132.2,131.1,131.9
1976-04-27 00:00,131.9,133.5,131.7,132.8
1976-04-28 00:00,132.8,132.8,132.0,132.1
1976-04-29 00:00,132.1,132.5,132.0,132.1
1976-04-30 00:00,132.1,132.9,132.1,132.5
1976-05-03 00:00,132.5,132.7,131.9,132.5
1976-05-04 00:00,132.5,132.5,131.6,131.8
1976-05-05 00:00,131.8,131.8,130.9,131.8
1976-05-06 00:00,131.8,133.2,130.0,132.7
1976-05-07 00:00,132.7,132.7,132.0,132.3
1976-05-10 00:00,132.3,133.0,132.0,132.1
1976-05-11 00:00,132.1,132.1,131.5,131.9
1976-05-12 00:00,131.9,132.0,131.8,131.8
1976-05-13 00:00,131.8,131.8,131.2,131.2
1976-05-14 00:00,131.2,131.5,130.9,131.1
1976-05-17 00:00,131.1,131.3,130.7,130.7
1976-05-18 00:00,130.7,130.9,130.5,130.5
1976-05-19 00:00,130.5,130.5,128.5,128.6
1976-05-20 00:00,128.6,129.1,128.3,128.8
1976-05-21 00:00,128.8,129.3,128.8,129.1
1976-05-24 00:00,129.1,129.1,127.8,128.5
1976-05-25 00:00,128.5,128.5,127.3,128.1
1976-05-26 00:00,128.1,131.2,128.1,130.7
1976-05-27 00:00,130.7,131.4,130.6,130.8
1976-05-28 00:00,130.8,130.8,129.9,130.1
1976-06-01 00:00,130.1,133.6,130.1,132.9
1976-06-02 00:00,132.9,136.0,132.0,134.4
1976-06-03 00:00,134.4,134.4,132.0,132.5
1976-06-04 00:00,132.5,132.5,131.0,131.0
1976-06-07 00:00,131.0,132.8,131.0,132.0
1976-06-08 00:00,132.0,132.7,131.7,131.9
1976-06-09 00:00,131.9,131.9,131.2,131.2
1976-06-10 00:00,131.2,131.7,130.8,131.0
1976-06-11 00:00,131.0,131.0,129.5,130.0
1976-06-14 00:00,130.0,130.5,129.7,130.3
1976-06-15 00:00,130.3,130.5,129.9,130.1
1976-06-16 00:00,130.1,130.1,129.2,129.4
1976-06-17 00:00,129.4,130.4,129.4,130.0
1976-06-18 00:00,130.0,130.5,130.0,130.1
1976-06-21 00:00,130.1,130.2,129.9,130.2
1976-06-22 00:00,130.2,130.2,128.9,128.9
1976-06-23 00:00,128.9,128.9,127.9,128.3
1976-06-24 00:00,128.3,128.5,127.8,128.3
1976-06-25 00:00,128.3,128.8,128.1,128.1
1976-06-28 00:00,128.1,128.1,125.8,126.2
1976-06-29 00:00,126.2,126.6,126.1,126.3
1976-06-30 00:00,126.3,126.9,125.7,126.0
1976-07-01 00:00,126.0,126.0,125.1,125.8
1976-07-02 00:00,125.8,126.8,125.8,126.3
1976-07-06 00:00,126.3,127.1,126.3,126.6
1976-07-07 00:00,126.6,126.6,126.3,126.4
1976-07-08 00:00,126.4,126.6,126.2,126.2
1976-07-09 00:00,126.2,126.2,125.4,125.5
1976-07-12 00:00,125.5,125.5,124.4,124.7
1976-07-13 00:00,124.7,125.7,124.7,125.6
1976-07-14 00:00,125.6,126.0,125.5,125.7
1976-07-15 00:00,125.7,125.7,119.0,120.0
1976-07-16 00:00,120.0,121.3,118.5,120.1
1976-07-19 00:00,120.1,120.1,113.0,114.6
1976-07-20 00:00,114.6,114.6,107.7,110.9
1976-07-21 00:00,110.9,116.0,110.9,114.8
1976-07-22 00:00,114.8,114.8,112.8,113.0
1976-07-23 00:00,113.0,113.3,112.3,113.3
1976-07-26 00:00,113.3,114.9,113.3,114.3
1976-07-27 00:00,114.3,116.9,114.3,115.4
1976-07-28 00:00,115.4,116.8,113.5,115.2
1976-07-29 00:00,115.2,115.2,113.2,113.7
1976-07-30 00:00,113.7,114.8,113.7,114.2
1976-08-02 00:00,114.2,114.2,113.1,113.3
1976-08-03 00:00,113.3,114.1,112.4,113.9
1976-08-04 00:00,113.9,115.2,113.9,114.3
1976-08-05 00:00,114.3,114.3,113.0,113.3
1976-08-06 00:00,113.3,114.0,113.3,113.8
1976-08-09 00:00,113.8,113.8,113.3,113.6
1976-08-10 00:00,113.6,115.1,113.6,114.7
1976-08-11 00:00,114.7,115.0,114.3,114.5
1976-08-12 00:00,114.5,114.5,113.8,113.9
1976-08-13 00:00,113.9,114.5,113.8,114.5
1976-08-16 00:00,114.5,114.5,114.0,114.0
1976-08-17 00:00,114.0,114.0,112.0,112.2
1976-08-18 00:00,112.2,112.2,107.0,108.8
1976-08-19 00:00,108.8,110.4,108.8,108.9
1976-08-20 00:00,108.9,109.1,108.2,108.6
1976-08-23 00:00,108.6,108.6,104.3,104.5
1976-08-24 00:00,104.5,105.1,103.3,103.4
1976-08-25 00:00,103.4,106.2,100.0,106.1
1976-08-26 00:00,106.1,106.1,104.4,104.9
1976-08-27 00:00,104.9,104.9,102.8,103.1
1976-08-30 00:00,103.1,103.1,101.6,102.8
1976-08-31 00:00,102.8,104.9,102.2,103.2
1976-09-01 00:00,103.2,105.7,103.2,105.4
1976-09-02 00:00,105.4,106.5,105.3,105.4
1976-09-03 00:00,105.4,108.1,105.4,108.0
1976-09-07 00:00,108.0,114.0,108.0,111.8
1976-09-08 00:00,111.8,112.5,111.2,112.4
1976-09-09 00:00,112.4,114.1,111.8,113.9
1976-09-10 00:00,113.9,118.9,113.9,118.4
1976-09-13 00:00,118.4,118.4,114.0,114.7
1976-09-14 00:00,114.7,114.7,110.6,110.8
1976-09-15 00:00,110.8,114.0,110.0,112.3
1976-09-16 00:00,112.3,115.8,112.3,114.0
1976-09-17 00:00,114.0,121.0,114.0,117.5
1976-09-20 00:00,117.5,117.5,114.8,115.0
1976-09-21 00:00,115.0,120.5,115.0,119.1
1976-09-22 00:00,119.1,119.1,116.6,118.5
1976-09-23 00:00,118.5,118.7,116.8,117.8
1976-09-24 00:00,117.8,119.5,117.8,118.6
1976-09-27 00:00,118.6,119.2,117.5,117.7
1976-09-28 00:00,117.7,117.7,115.4,116.2
1976-09-29 00:00,116.2,116.5,115.5,116.1
1976-09-30 00:00,116.1,116.2,115.0,116.1
1976-10-01 00:00,116.1,116.2,115.7,116.0
1976-10-04 00:00,116.0,116.0,112.9,114.2
1976-10-05 00:00,114.2,115.0,113.9,114.5
1976-10-06 00:00,114.5,116.8,114.5,116.6
1976-10-07 00:00,116.6,116.6,115.5,115.5
1976-10-08 00:00,115.5,115.5,113.5,114.0
1976-10-11 00:00,114.0,114.9,113.4,114.6
1976-10-12 00:00,114.6,115.2,114.5,114.7
1976-10-13 00:00,114.7,115.3,114.5,115.0
1976-10-14 00:00,115.0,115.2,114.6,114.9
1976-10-15 00:00,114.9,117.2,114.9,117.0
1976-10-18 00:00,117.0,117.3,116.5,116.9
1976-10-19 00:00,116.9,116.9,115.3,115.3
1976-10-20 00:00,115.3,115.3,114.9,114.9
1976-10-21 00:00,114.9,116.6,114.9,116.3
1976-10-22 00:00,116.3,116.3,115.7,115.8
1976-10-25 00:00,115.8,117.0,115.8,116.9
1976-10-26 00:00,116.9,118.6,116.9,118.4
1976-10-27 00:00,118.4,120.5,117.7,120.0
1976-10-28 00:00,120.0,126.0,120.0,125.8
1976-10-29 00:00,125.8,125.8,123.2,123.8
1976-11-01 00:00,123.8,123.9,122.8,123.7
1976-11-03 00:00,123.7,127.1,123.7,125.2
1976-11-04 00:00,125.2,126.2,124.3,126.0
1976-11-05 00:00,126.0,128.2,126.0,128.0
1976-11-08 00:00,128.0,133.1,128.0,133.0
1976-11-09 00:00,133.0,134.3,130.6,133.2
1976-11-10 00:00,133.2,137.7,133.2,137.1
1976-11-11 00:00,137.1,137.1,133.8,135.8
1976-11-12 00:00,135.8,137.2,135.8,136.9
1976-11-15 00:00,136.9,141.0,135.5,135.9
1976-11-16 00:00,135.9,135.9,133.0,133.3
1976-11-17 00:00,133.3,138.9,133.3,136.9
1976-11-18 00:00,136.9,136.9,128.0,128.6
1976-11-19 00:00,128.6,131.8,128.6,130.8
1976-11-22 00:00,130.8,138.6,130.8,138.3
1976-11-23 00:00,138.3,138.3,135.6,135.6
1976-11-24 00:00,135.6,136.1,133.2,136.1
1976-11-26 00:00,136.1,136.1,132.1,132.6
1976-11-29 00:00,132.6,133.8,132.1,133.4
1976-11-30 00:00,133.4,133.4,131.4,132.6
1976-12-01 00:00,132.6,132.6,131.3,132.2
1976-12-02 00:00,132.2,133.0,131.5,132.1
1976-12-03 00:00,132.1,133.9,131.5,133.3
1976-12-06 00:00,133.3,136.6,133.3,136.0
1976-12-07 00:00,136.0,143.0,136.0,140.8
1976-12-08 00:00,140.8,140.8,136.6,138.1
1976-12-09 00:00,138.1,139.1,136.9,138.6
1976-12-10 00:00,138.6,144.5,138.6,143.7
1976-12-13 00:00,143.7,143.7,140.2,140.9
1976-12-14 00:00,140.9,140.9,137.2,139.0
1976-12-15 00:00,139.0,140.8,138.0,138.0
1976-12-16 00:00,138.0,140.0,138.0,139.3
1976-12-17 00:00,139.3,139.3,133.4,133.9
1976-12-20 00:00,133.9,134.9,133.9,134.2
1976-12-21 00:00,134.2,137.3,134.2,137.0
1976-12-22 00:00,137.0,137.0,136.0,136.2
1976-12-23 00:00,136.2,136.2,134.9,135.7
1976-12-27 00:00,135.7,138.5,135.7,138.5
1976-12-28 00:00,138.5,138.5,136.3,136.5
1976-12-29 00:00,136.5,137.6,136.5,137.1
1976-12-30 00:00,137.1,138.3,137.1,137.7
1977-01-03 00:00,137.7,138.7,137.4,138.2
1977-01-04 00:00,138.2,139.8,138.2,138.6
1977-01-05 00:00,138.6,139.4,137.8,137.8
1977-01-06 00:00,137.8,140.8,137.8,140.8
1977-01-07 00:00,140.8,140.8,138.8,138.8
1977-01-10 00:00,138.8,138.8,127.5,127.6
1977-01-11 00:00,127.6,131.1,127.6,130.7
1977-01-12 00:00,130.7,131.7,129.8,131.7
1977-01-13 00:00,131.7,133.0,131.7,132.3
1977-01-14 00:00,132.3,137.2,132.3,136.9
1977-01-17 00:00,136.9,138.3,136.9,138.1
1977-01-18 00:00,138.1,138.1,132.3,132.5
1977-01-19 00:00,132.5,138.9,132.5,138.7
1977-01-20 00:00,138.7,139.2,138.4,138.7
1977-01-21 00:00,138.7,138.7,131.6,133.4
1977-01-24 00:00,133.4,138.7,133.4,138.5
1977-01-25 00:00,138.5,140.5,138.5,140.3
1977-01-26 00:00,140.3,140.3,132.7,132.7
1977-01-27 00:00,132.7,133.8,132.0,132.2
1977-01-28 00:00,132.2,132.9,132.1,132.9
1977-01-31 00:00,132.9,138.8,132.9,138.8
1977-02-01 00:00,138.8,138.8,134.3,136.0
1977-02-02 00:00,136.2,138.9,135.8,138.7
1977-02-03 00:00,138.7,138.7,136.8,137.2
1977-02-04 00:00,138.0,138.7,137.55,138.7
1977-02-07 00:00,138.7,138.7,134.7,136.4
1977-02-08 00:00,136.55,141.3,136.55,140.6
1977-02-09 00:00,140.65,140.65,137.0,137.1
1977-02-10 00:00,137.75,142.1,137.75,141.2
1977-02-11 00:00,141.2,141.9,140.5,141.8
1977-02-14 00:00,142.1,142.6,141.4,141.4
1977-02-15 00:00,142.15,142.15,140.9,141.1
1977-02-16 00:00,141.75,142.2,141.7,142.1
1977-02-17 00:00,142.7,142.8,142.5,142.6
1977-02-18 00:00,142.85,143.3,142.5,143.2
1977-02-22 00:00,143.55,143.55,140.1,141.0
1977-02-23 00:00,141.8,143.0,141.1,142.0
1977-02-24 00:00,142.75,144.0,141.7,143.4
1977-02-25 00:00,144.2,144.2,142.1,143.6
1977-02-28 00:00,144.15,146.9,144.15,146.0
1977-03-01 00:00,146.65,146.65,143.6,145.0
1977-03-02 00:00,145.35,149.0,145.35,148.9
1977-03-03 00:00,149.8,149.8,146.5,147.5
1977-03-04 00:00,147.9,150.0,147.4,149.7
1977-03-07 00:00,149.85,152.0,149.5,149.7
1977-03-08 00:00,149.8,151.3,148.1,149.6
1977-03-09 00:00,149.85,149.85,147.6,149.5
1977-03-10 00:00,149.5,150.2,147.7,148.3
1977-03-11 00:00,149.1,149.1,147.2,147.7
1977-03-14 00:00,148.65,148.65,146.5,147.2
1977-03-15 00:00,148.05,149.8,148.05,149.6
1977-03-16 00:00,150.4,150.8,149.1,150.7
1977-03-17 00:00,151.4,152.3,150.4,151.8
1977-03-18 00:00,152.35,153.0,151.6,152.6
1977-03-21 00:00,153.25,155.4,153.25,155.3
1977-03-22 00:00,156.3,156.3,152.4,152.6
1977-03-23 00:00,153.1,156.3,153.1,155.5
1977-03-24 00:00,156.35,156.35,154.0,154.6
1977-03-25 00:00,155.4,156.2,154.6,154.8
1977-03-28 00:00,155.0,155.0,150.7,151.5
1977-03-29 00:00,151.65,151.65,148.1,150.2
1977-03-30 00:00,150.25,151.9,150.25,151.5
1977-03-31 00:00,152.1,152.1,149.3,151.0
1977-04-01 00:00,151.5,152.6,150.0,152.2
1977-04-04 00:00,152.75,152.75,151.0,151.1
1977-04-05 00:00,151.75,151.75,147.3,147.7
1977-04-06 00:00,148.4,149.9,148.4,149.0
1977-04-07 00:00,149.55,150.2,148.6,149.5
1977-04-11 00:00,150.05,150.8,149.6,150.7
1977-04-12 00:00,151.55,151.55,150.9,151.3
1977-04-13 00:00,151.9,154.7,151.9,153.8
1977-04-14 00:00,153.95,153.95,152.6,153.3
1977-04-15 00:00,153.3,153.3,151.5,152.7
1977-04-18 00:00,152.95,153.1,152.0,152.3
1977-04-19 00:00,152.95,152.95,151.1,151.1
1977-04-20 00:00,151.2,151.2,148.0,149.2
1977-04-21 00:00,150.0,150.1,148.7,150.0
1977-04-22 00:00,150.15,151.4,149.8,150.1
1977-04-25 00:00,150.45,150.45,148.3,148.3
1977-04-26 00:00,148.85,148.85,146.1,146.7
1977-04-27 00:00,146.75,148.2,146.3,146.9
1977-04-28 00:00,147.7,147.7,144.8,146.2
1977-04-29 00:00,146.85,148.2,146.8,148.0
1977-05-02 00:00,148.3,149.7,147.9,149.6
1977-05-03 00:00,150.15,150.15,147.6,147.9
1977-05-04 00:00,148.65,148.65,147.7,148.0
1977-05-05 00:00,148.5,148.5,146.3,147.6
1977-05-06 00:00,147.8,149.0,147.8,148.5
1977-05-09 00:00,148.55,148.55,147.3,148.2
1977-05-10 00:00,148.45,148.5,147.7,148.0
1977-05-11 00:00,148.9,148.9,147.3,147.5
1977-05-12 00:00,148.0,148.4,146.5,148.0
1977-05-13 00:00,148.9,149.0,147.8,148.3
1977-05-16 00:00,149.1,149.1,147.8,148.5
1977-05-17 00:00,148.5,148.6,147.5,147.5
1977-05-18 00:00,148.45,148.45,146.4,146.8
1977-05-19 00:00,147.75,152.1,147.75,151.5
1977-05-20 00:00,151.55,152.0,151.0,151.4
1977-05-23 00:00,152.25,152.25,149.0,149.5
1977-05-24 00:00,149.9,149.9,147.2,148.2
1977-05-25 00:00,149.15,149.15,147.3,148.3
1977-05-26 00:00,148.8,148.8,145.5,146.6
1977-05-27 00:00,146.8,148.3,146.8,148.1
1977-05-31 00:00,148.25,148.25,146.2,147.1
1977-06-01 00:00,147.25,148.5,147.25,147.9
1977-06-02 00:00,147.95,147.95,145.1,146.4
1977-06-03 00:00,146.7,146.7,144.8,146.4
1977-06-06 00:00,146.4,147.3,146.4,147.1
1977-06-07 00:00,147.8,147.8,146.2,146.4
1977-06-08 00:00,146.65,146.65,145.4,145.5
1977-06-09 00:00,145.95,145.95,143.0,143.4
1977-06-10 00:00,144.05,144.05,140.5,142.1
1977-06-13 00:00,142.1,142.6,140.7,141.1
1977-06-14 00:00,141.4,141.4,139.8,140.1
1977-06-15 00:00,140.45,143.1,140.45,142.9
1977-06-16 00:00,143.5,144.0,142.0,142.7
1977-06-17 00:00,142.9,143.1,141.5,143.1
1977-06-20 00:00,143.35,144.0,143.0,143.5
1977-06-21 00:00,143.75,145.3,143.75,144.2
1977-06-22 00:00,144.9,144.9,142.3,143.2
1977-06-23 00:00,143.8,144.2,143.5,144.1
1977-06-24 00:00,144.85,144.85,143.8,144.3
1977-06-27 00:00,144.7,147.0,144.7,147.0
1977-06-28 00:00,147.2,147.2,145.4,145.5
1977-06-29 00:00,146.4,146.4,145.3,146.2
1977-06-30 00:00,146.35,146.6,146.0,146.1
1977-07-01 00:00,146.65,146.65,144.4,144.4
1977-07-05 00:00,144.5,144.5,142.7,143.1
1977-07-06 00:00,144.0,144.0,143.1,143.6
1977-07-07 00:00,144.0,144.4,143.8,144.3
1977-07-08 00:00,144.45,145.3,144.45,144.7
1977-07-11 00:00,145.6,145.6,143.6,143.9
1977-07-12 00:00,144.85,146.1,144.5,145.9
1977-07-13 00:00,146.85,148.1,145.8,147.5
1977-07-15 00:00,148.15,148.5,146.7,147.2
1977-07-18 00:00,147.35,148.5,146.1,148.3
1977-07-19 00:00,148.85,149.4,147.5,147.7
1977-07-20 00:00,148.35,148.35,147.0,147.3
1977-07-21 00:00,147.8,147.8,146.4,146.6
1977-07-22 00:00,147.4,148.1,147.4,147.7
1977-07-25 00:00,147.9,149.9,147.9,149.7
1977-07-26 00:00,150.15,150.15,148.2,149.1
1977-07-27 00:00,149.1,149.1,147.6,147.8
1977-07-28 00:00,148.3,148.3,145.7,146.4
1977-07-29 00:00,147.35,148.0,146.5,147.1
1977-08-01 00:00,147.75,148.3,146.5,148.2
1977-08-02 00:00,148.4,149.1,148.1,148.3
1977-08-03 00:00,148.85,149.6,148.5,149.1
1977-08-04 00:00,149.6,150.2,148.5,148.6
1977-08-05 00:00,149.25,149.3,148.0,149.2
1977-08-08 00:00,150.05,150.05,148.3,149.3
1977-08-09 00:00,149.9,150.0,148.5,148.5
1977-08-10 00:00,148.9,149.4,148.3,148.6
1977-08-11 00:00,149.05,149.05,147.8,148.6
1977-08-12 00:00,148.9,148.9,145.8,146.0
1977-08-15 00:00,146.5,146.7,144.0,144.7
1977-08-16 00:00,145.45,146.2,144.9,145.9
1977-08-17 00:00,146.55,146.6,145.7,146.4
1977-08-18 00:00,146.65,147.1,145.5,147.0
1977-08-19 00:00,147.45,147.45,146.7,146.8
1977-08-22 00:00,147.15,147.15,145.7,146.2
1977-08-23 00:00,146.6,146.6,145.2,146.4
1977-08-24 00:00,147.3,147.3,146.2,146.9
1977-08-25 00:00,147.35,147.35,146.1,146.4
1977-08-26 00:00,146.8,148.6,146.7,148.6
1977-08-29 00:00,149.5,149.5,148.0,148.1
1977-08-30 00:00,148.9,149.2,148.4,148.5
1977-08-31 00:00,149.45,149.45,147.9,148.1
1977-09-01 00:00,148.35,148.4,147.4,148.3
1977-09-02 00:00,149.05,150.9,148.5,150.8
1977-09-06 00:00,151.6,151.6,149.2,149.3
1977-09-07 00:00,149.5,151.2,149.5,150.6
1977-09-08 00:00,150.65,150.65,149.1,149.4
1977-09-09 00:00,149.6,150.5,149.4,150.4
1977-09-12 00:00,151.2,151.2,150.2,150.3
1977-09-13 00:00,151.2,151.2,149.7,150.0
1977-09-14 00:00,150.9,151.0,150.1,150.4
1977-09-15 00:00,150.55,150.7,149.6,150.3
1977-09-16 00:00,151.1,151.9,150.5,151.5
1977-09-19 00:00,151.55,152.8,151.55,152.0
1977-09-20 00:00,152.15,153.6,151.7,153.5
1977-09-21 00:00,153.5,154.3,153.3,154.0
1977-09-22 00:00,154.45,154.6,153.8,154.1
1977-09-23 00:00,154.65,154.65,152.7,154.0
1977-09-26 00:00,154.35,156.1,154.35,155.9
1977-09-27 00:00,156.2,156.2,154.8,155.3
1977-09-28 00:00,156.0,156.9,155.5,155.6
1977-09-29 00:00,155.6,156.4,154.6,156.0
1977-09-30 00:00,156.3,157.1,156.3,156.4
1977-10-03 00:00,156.6,158.0,156.6,157.8
1977-10-04 00:00,158.2,158.2,156.8,157.8
1977-10-05 00:00,158.0,158.0,156.6,156.8
1977-10-06 00:00,157.25,157.25,155.4,155.5
1977-10-07 00:00,156.0,157.7,155.6,157.3
1977-10-10 00:00,157.85,159.9,157.85,159.0
1977-10-11 00:00,159.75,160.4,158.7,160.2
1977-10-12 00:00,160.45,160.9,159.5,160.0
1977-10-13 00:00,160.2,160.5,158.3,159.5
1977-10-14 00:00,159.7,162.2,159.7,162.1
1977-10-17 00:00,163.05,164.2,162.4,164.1
1977-10-18 00:00,164.65,164.65,162.3,162.6
1977-10-19 00:00,162.9,164.7,160.1,160.2
1977-10-20 00:00,161.1,162.8,160.8,162.5
1977-10-21 00:00,162.55,164.4,162.3,164.3
1977-10-24 00:00,164.55,166.8,164.55,166.6
1977-10-25 00:00,167.05,167.05,164.9,166.5
1977-10-26 00:00,166.9,166.9,164.0,164.1
1977-10-27 00:00,164.65,164.65,160.5,161.7
1977-10-28 00:00,162.3,163.0,161.8,162.0
1977-10-31 00:00,162.75,163.7,162.1,162.7
1977-11-01 00:00,163.0,164.1,162.8,163.6
1977-11-02 00:00,163.75,163.75,161.7,163.4
1977-11-03 00:00,163.5,166.2,163.5,166.1
1977-11-04 00:00,167.05,168.5,166.2,168.3
1977-11-07 00:00,168.55,168.55,166.2,166.2
1977-11-08 00:00,166.4,167.7,164.6,167.5
1977-11-09 00:00,167.5,169.9,167.5,168.2
1977-11-10 00:00,168.9,168.9,167.6,168.7
1977-11-11 00:00,168.7,169.8,168.2,168.9
1977-11-14 00:00,169.65,169.65,164.0,164.3
1977-11-15 00:00,164.95,164.95,161.5,163.5
1977-11-16 00:00,164.2,164.2,157.5,158.4
1977-11-17 00:00,159.15,160.8,158.1,160.6
1977-11-18 00:00,161.25,162.4,161.0,161.5
1977-11-21 00:00,161.9,161.9,154.7,155.2
1977-11-22 00:00,155.4,157.1,154.8,155.9
1977-11-23 00:00,156.25,161.8,156.25,160.7
1977-11-25 00:00,161.45,162.0,159.7,161.8
1977-11-28 00:00,162.65,164.1,162.4,163.0
1977-11-29 00:00,163.35,163.35,160.8,162.8
1977-11-30 00:00,163.6,163.6,162.1,162.3
1977-12-01 00:00,162.3,162.9,159.5,159.6
1977-12-02 00:00,160.2,160.8,159.8,160.1
1977-12-05 00:00,160.45,162.1,160.45,161.7
1977-12-06 00:00,161.75,163.1,161.0,161.8
1977-12-07 00:00,162.45,164.2,161.9,163.6
1977-12-08 00:00,164.05,164.05,161.5,162.0
1977-12-09 00:00,162.95,162.95,159.7,160.0
1977-12-12 00:00,160.55,160.55,157.1,157.2
1977-12-13 00:00,157.65,159.6,157.65,159.5
1977-12-14 00:00,160.2,161.6,159.5,161.5
1977-12-15 00:00,162.05,162.05,159.4,161.5
1977-12-16 00:00,162.0,162.0,160.7,161.6
1977-12-19 00:00,161.95,161.95,160.2,160.8
1977-12-20 00:00,161.35,161.7,160.0,161.5
1977-12-21 00:00,162.1,162.2,160.4,161.2
1977-12-22 00:00,161.75,163.7,160.2,162.9
1977-12-23 00:00,163.6,164.7,162.9,164.7
1977-12-27 00:00,164.75,166.4,164.7,166.2
1977-12-28 00:00,166.6,166.7,165.6,166.2
1977-12-29 00:00,166.6,167.8,166.6,167.7
1977-12-30 00:00,168.2,168.2,165.9,167.5
1978-01-03 00:00,168.1,173.5,168.1,173.0
1978-01-04 00:00,173.85,174.1,167.5,168.0
1978-01-05 00:00,168.2,171.6,165.5,170.8
1978-01-06 00:00,171.55,171.8,168.5,171.3
1978-01-09 00:00,171.5,173.4,170.3,173.3
1978-01-10 00:00,174.1,175.2,172.6,172.8
1978-01-11 00:00,173.45,175.0,172.5,175.0
1978-01-12 00:00,175.45,175.45,171.8,172.6
1978-01-13 00:00,173.35,176.2,172.8,175.5
1978-01-16 00:00,175.65,181.9,175.65,181.3
1978-01-17 00:00,182.05,182.05,177.5,179.0
1978-01-18 00:00,179.8,179.8,176.5,177.3
1978-01-19 00:00,177.5,179.0,177.5,178.7
1978-01-23 00:00,179.0,183.2,179.0,182.0
1978-01-24 00:00,182.9,183.5,181.1,182.0
1978-01-25 00:00,182.6,183.7,181.8,181.9
1978-01-26 00:00,182.4,182.4,180.0,181.4
1978-01-27 00:00,181.5,182.4,179.7,180.0
1978-01-30 00:00,180.05,181.3,178.5,179.3
1978-01-31 00:00,180.15,181.5,180.15,181.5
1978-02-01 00:00,181.85,181.9,180.1,180.5
1978-02-02 00:00,181.2,181.2,177.6,178.6
1978-02-03 00:00,179.6,179.8,179.0,179.1
1978-02-06 00:00,179.75,180.1,179.6,179.9
1978-02-08 00:00,180.15,180.15,177.6,178.2
1978-02-09 00:00,179.15,179.15,176.0,178.8
1978-02-10 00:00,178.8,181.1,178.7,180.5
1978-02-13 00:00,180.7,182.8,180.7,182.3
1978-02-14 00:00,182.35,182.5,181.0,181.8
1978-02-15 00:00,182.75,184.8,182.75,184.6
1978-02-16 00:00,184.65,185.7,183.5,185.2
1978-02-17 00:00,185.7,185.7,183.5,183.9
1978-02-21 00:00,184.65,186.8,184.65,185.7
1978-02-22 00:00,186.05,186.05,184.1,184.7
1978-02-23 00:00,184.9,187.6,184.9,187.3
1978-02-24 00:00,187.7,188.5,183.5,184.2
1978-02-27 00:00,185.1,185.8,183.6,185.3
1978-02-28 00:00,185.45,187.3,185.45,187.1
1978-03-01 00:00,187.95,187.95,185.4,186.7
1978-03-02 00:00,187.55,188.8,187.3,187.7
1978-03-03 00:00,188.35,188.35,186.3,187.3
1978-03-06 00:00,187.95,190.0,187.5,189.8
1978-03-07 00:00,190.55,192.7,189.8,192.0
1978-03-08 00:00,192.25,195.7,192.25,193.5
1978-03-09 00:00,194.25,194.25,190.8,190.8
1978-03-10 00:00,191.35,191.8,188.5,191.6
1978-03-13 00:00,192.5,192.5,189.0,192.2
1978-03-14 00:00,192.8,192.8,188.9,188.9
1978-03-15 00:00,189.7,190.7,185.5,186.3
1978-03-16 00:00,186.45,188.7,185.4,188.3
1978-03-17 00:00,189.05,189.05,183.8,184.5
1978-03-20 00:00,184.95,184.95,178.1,178.5
1978-03-21 00:00,178.65,181.2,178.65,179.7
1978-03-22 00:00,180.45,183.7,180.45,182.9
1978-03-23 00:00,183.5,183.5,180.7,183.4
1978-03-27 00:00,183.85,186.3,183.7,185.8
1978-03-28 00:00,186.05,186.7,183.9,185.1
1978-03-29 00:00,185.9,185.9,181.4,181.7
1978-03-30 00:00,182.0,183.7,180.9,182.9
1978-03-31 00:00,183.2,187.2,183.2,186.2
1978-04-03 00:00,186.35,186.35,178.5,179.8
1978-04-04 00:00,180.65,182.3,176.0,179.2
1978-04-05 00:00,180.05,181.2,178.2,180.4
1978-04-06 00:00,180.6,182.7,180.6,182.5
1978-04-07 00:00,183.3,183.3,179.2,179.5
1978-04-10 00:00,180.4,180.6,179.4,180.5
1978-04-11 00:00,180.9,183.0,179.2,182.0
1978-04-12 00:00,182.5,182.5,179.9,181.2
1978-04-13 00:00,182.0,182.0,178.6,179.6
1978-04-14 00:00,179.75,179.75,177.3,178.3
1978-04-17 00:00,178.5,178.5,172.7,173.0
1978-04-18 00:00,173.55,174.8,173.55,174.6
1978-04-19 00:00,175.1,175.9,174.2,174.3
1978-04-20 00:00,174.7,174.7,168.0,171.4
1978-04-21 00:00,172.2,172.5,171.2,171.5
1978-04-24 00:00,172.45,172.45,168.2,168.4
1978-04-25 00:00,169.35,169.4,166.8,168.4
1978-04-26 00:00,169.25,170.0,168.0,169.4
1978-04-27 00:00,169.9,171.8,169.9,171.7
1978-04-28 00:00,172.1,172.1,170.5,170.6
1978-05-01 00:00,170.95,170.95,169.3,169.8
1978-05-02 00:00,170.05,170.8,169.2,170.7
1978-05-03 00:00,170.95,172.7,170.95,172.2
1978-05-04 00:00,172.25,174.9,172.25,174.1
1978-05-05 00:00,174.75,174.75,173.3,174.0
1978-05-08 00:00,174.1,174.1,172.3,172.6
1978-05-09 00:00,173.45,173.9,172.6,172.8
1978-05-10 00:00,173.0,175.0,173.0,174.9
1978-05-11 00:00,175.3,177.0,174.0,174.4
1978-05-12 00:00,174.9,175.4,174.2,174.4
1978-05-15 00:00,175.2,176.7,175.0,176.6
1978-05-16 00:00,177.35,178.1,175.4,177.6
1978-05-17 00:00,177.95,178.5,176.9,177.2
1978-05-18 00:00,177.7,179.0,177.4,179.0
1978-05-19 00:00,179.75,179.75,178.2,178.6
1978-05-22 00:00,178.6,180.0,178.6,179.9
1978-05-23 00:00,180.15,182.2,179.7,181.8
1978-05-24 00:00,182.1,182.1,179.3,179.4
1978-05-25 00:00,180.25,188.4,180.25,188.3
1978-05-26 00:00,188.6,188.6,186.8,188.2
1978-05-30 00:00,188.9,193.0,188.9,192.4
1978-05-31 00:00,192.75,194.3,192.7,192.8
1978-06-01 00:00,193.25,193.3,191.4,192.5
1978-06-02 00:00,193.25,194.5,190.6,190.9
1978-06-05 00:00,191.3,191.6,189.0,189.6
1978-06-06 00:00,190.3,190.3,187.9,189.9
1978-06-07 00:00,190.3,191.1,187.8,188.2
1978-06-08 00:00,188.25,190.4,188.25,189.5
1978-06-09 00:00,190.35,190.35,187.6,189.0
1978-06-12 00:00,189.2,189.2,187.2,188.8
1978-06-13 00:00,189.05,191.2,189.05,191.1
1978-06-14 00:00,191.2,192.1,190.3,190.6
1978-06-15 00:00,190.8,191.7,189.5,191.5
1978-06-16 00:00,192.3,193.5,191.8,193.5
1978-06-19 00:00,194.3,195.2,192.2,194.3
1978-06-20 00:00,195.05,195.5,193.6,193.8
1978-06-21 00:00,194.2,195.2,193.1,193.7
1978-06-22 00:00,194.35,194.35,192.0,194.0
1978-06-23 00:00,194.65,194.65,193.2,193.4
1978-06-26 00:00,193.5,193.8,192.2,192.4
1978-06-27 00:00,192.75,193.2,191.2,192.4
1978-06-28 00:00,192.75,193.4,191.8,191.9
1978-06-29 00:00,192.75,192.75,189.0,189.5
1978-06-30 00:00,190.15,190.15,188.4,189.2
1978-07-03 00:00,190.0,190.8,189.6,190.4
1978-07-05 00:00,190.85,191.2,190.0,190.5
1978-07-06 00:00,191.0,191.0,188.6,189.4
1978-07-07 00:00,189.8,192.4,189.8,192.2
1978-07-10 00:00,193.15,194.0,192.7,193.1
1978-07-11 00:00,194.05,194.05,191.8,192.5
1978-07-12 00:00,192.7,193.4,192.6,193.1
1978-07-13 00:00,193.3,194.0,191.9,192.0
1978-07-14 00:00,192.9,192.9,191.6,192.5
1978-07-17 00:00,193.45,193.45,189.5,190.4
1978-07-18 00:00,190.4,191.8,190.1,191.6
1978-07-19 00:00,191.95,193.7,191.2,193.2
1978-07-20 00:00,193.6,198.7,193.6,198.3
1978-07-21 00:00,198.55,203.8,198.0,202.5
1978-07-24 00:00,202.95,203.0,199.7,200.0
1978-07-25 00:00,200.9,203.2,198.9,201.7
1978-07-26 00:00,202.05,202.05,198.5,201.2
1978-07-27 00:00,202.0,204.7,199.3,204.5
1978-07-28 00:00,204.65,209.0,204.65,206.9
1978-07-31 00:00,207.15,210.0,206.0,209.8
1978-08-01 00:00,209.9,214.3,207.0,207.5
1978-08-02 00:00,207.7,209.9,207.4,208.4
1978-08-03 00:00,209.15,209.6,205.0,205.7
1978-08-04 00:00,206.25,209.8,205.8,209.6
1978-08-07 00:00,210.05,213.4,208.5,213.1
1978-08-08 00:00,213.85,215.6,211.0,214.0
1978-08-09 00:00,214.4,215.1,210.6,210.8
1978-08-10 00:00,211.75,215.5,209.9,215.3
1978-08-11 00:00,215.95,218.0,215.5,216.0
1978-08-14 00:00,216.7,220.6,216.7,220.3
1978-08-15 00:00,220.6,220.6,216.1,218.0
1978-08-16 00:00,218.05,221.5,216.2,217.3
1978-08-17 00:00,217.9,217.9,211.5,211.7
1978-08-18 00:00,211.95,217.0,209.5,212.7
1978-08-21 00:00,213.55,213.55,208.4,212.7
1978-08-22 00:00,213.25,213.25,209.3,209.5
1978-08-23 00:00,209.95,209.95,201.5,207.1
1978-08-24 00:00,207.4,207.9,204.7,204.8
1978-08-25 00:00,205.6,205.6,201.9,202.6
1978-08-28 00:00,203.3,204.9,202.6,202.8
1978-08-29 00:00,203.1,211.5,202.5,211.4
1978-08-30 00:00,211.55,212.5,208.9,211.6
1978-08-31 00:00,212.5,213.5,210.3,210.6
1978-09-01 00:00,211.25,215.7,211.25,215.5
1978-09-05 00:00,215.9,218.6,213.4,217.6
1978-09-06 00:00,218.55,218.55,216.2,216.5
1978-09-07 00:00,216.8,216.8,211.1,211.3
1978-09-08 00:00,211.45,211.8,207.6,210.2
1978-09-11 00:00,210.9,211.6,208.1,210.4
1978-09-12 00:00,211.15,212.8,210.7,211.5
1978-09-13 00:00,212.15,216.0,211.5,215.6
1978-09-14 00:00,215.9,215.9,212.6,214.2
1978-09-15 00:00,215.0,216.9,213.5,214.5
1978-09-18 00:00,214.65,216.5,212.5,216.3
1978-09-19 00:00,216.4,218.0,213.8,214.4
1978-09-20 00:00,214.95,219.7,214.95,219.4
1978-09-21 00:00,219.65,221.3,218.8,220.1
1978-09-22 00:00,220.45,223.3,217.5,222.8
1978-09-25 00:00,223.35,224.5,221.1,221.7
1978-09-26 00:00,222.1,224.6,219.2,219.7
1978-09-27 00:00,219.9,222.4,215.0,222.3
1978-09-28 00:00,222.45,223.6,220.3,221.4
1978-09-29 00:00,222.35,222.35,220.1,220.9
1978-10-02 00:00,221.2,223.4,220.2,223.1
1978-10-03 00:00,223.45,226.6,223.4,226.4
1978-10-04 00:00,226.75,228.2,225.6,227.0
1978-10-05 00:00,227.65,228.0,226.0,227.2
1978-10-06 00:00,227.95,227.95,225.3,225.5
1978-10-09 00:00,226.0,227.3,224.5,227.1
1978-10-10 00:00,227.6,229.7,227.6,227.9
1978-10-11 00:00,228.45,230.8,228.45,230.7
1978-10-12 00:00,231.15,231.15,226.1,226.3
1978-10-13 00:00,227.05,228.8,226.4,226.9
1978-10-16 00:00,227.05,229.7,225.2,229.6
1978-10-17 00:00,230.4,231.9,229.7,231.1
1978-10-18 00:00,231.35,232.4,229.2,230.9
1978-10-19 00:00,231.45,231.45,227.5,227.7
1978-10-20 00:00,228.4,231.1,228.4,230.0
1978-10-23 00:00,230.55,230.55,227.6,227.8
1978-10-24 00:00,228.05,230.2,226.7,229.8
1978-10-25 00:00,230.4,235.7,230.4,235.5
1978-10-26 00:00,235.75,238.2,234.7,236.5
1978-10-27 00:00,236.6,239.7,235.5,239.4
1978-10-30 00:00,239.85,249.4,239.85,247.0
1978-10-31 00:00,247.2,247.2,237.8,240.7
1978-11-01 00:00,241.4,241.4,230.7,230.7
1978-11-02 00:00,231.55,231.55,220.7,220.7
1978-11-03 00:00,221.5,221.5,212.5,215.0
1978-11-06 00:00,215.75,215.75,209.0,213.2
1978-11-08 00:00,214.05,223.2,214.05,218.3
1978-11-09 00:00,219.15,219.15,208.3,208.5
1978-11-10 00:00,208.5,210.5,205.4,210.2
1978-11-13 00:00,210.35,212.7,207.5,211.2
1978-11-14 00:00,212.1,212.3,208.5,209.0
1978-11-15 00:00,209.8,209.8,199.0,199.1
1978-11-16 00:00,199.95,200.1,194.2,199.3
1978-11-17 00:00,199.95,201.8,196.7,200.0
1978-11-20 00:00,200.8,200.9,197.8,198.3
1978-11-21 00:00,198.45,203.5,196.7,197.9
1978-11-22 00:00,198.7,205.3,198.7,205.0
1978-11-24 00:00,205.3,207.5,204.2,205.1
1978-11-27 00:00,205.4,205.4,200.3,200.4
1978-11-28 00:00,201.25,201.25,195.6,196.2
1978-11-29 00:00,197.1,202.5,195.1,195.4
1978-11-30 00:00,196.2,197.8,194.4,196.4
1978-12-01 00:00,197.1,200.4,195.8,200.1
1978-12-04 00:00,200.7,203.1,199.5,199.9
1978-12-05 00:00,200.05,200.8,198.4,199.1
1978-12-06 00:00,199.25,201.1,197.8,200.9
1978-12-07 00:00,201.7,202.6,200.7,202.2
1978-12-08 00:00,202.3,207.8,202.3,207.6
1978-12-11 00:00,208.5,211.6,205.5,206.2
1978-12-12 00:00,207.0,209.0,203.5,208.3
1978-12-13 00:00,209.25,209.25,204.4,204.6
1978-12-14 00:00,205.2,207.7,205.2,207.1
1978-12-15 00:00,207.3,210.4,206.9,208.1
1978-12-18 00:00,208.7,218.0,208.7,217.6
1978-12-19 00:00,218.35,224.2,215.5,223.7
1978-12-20 00:00,223.75,223.75,217.5,217.6
1978-12-21 00:00,218.05,218.05,213.8,217.6
1978-12-22 00:00,217.7,218.7,216.2,216.7
1978-12-26 00:00,217.65,221.7,216.2,221.6
1978-12-27 00:00,222.55,251.0,222.55,249.6
1978-12-28 00:00,250.4,250.4,222.0,225.1
1978-12-29 00:00,225.55,229.6,225.55,229.0
1979-01-02 00:00,229.35,229.7,223.7,224.1
1979-01-03 00:00,224.35,224.35,219.5,223.0
1979-01-04 00:00,223.9,227.9,223.7,226.9
1979-01-05 00:00,227.55,227.55,224.6,224.8
1979-01-08 00:00,225.7,228.0,223.6,226.7
1979-01-09 00:00,227.0,227.0,221.8,222.0
1979-01-10 00:00,222.35,223.6,221.3,223.4
1979-01-11 00:00,223.5,223.5,218.4,218.6
1979-01-12 00:00,219.6,219.6,217.5,219.4
1979-01-15 00:00,220.15,221.0,216.6,220.0
1979-01-16 00:00,220.8,230.0,220.5,226.3
1979-01-17 00:00,227.1,231.5,226.8,227.4
1979-01-18 00:00,228.3,233.7,228.3,230.8
1979-01-19 00:00,231.0,237.5,231.0,237.0
1979-01-22 00:00,237.5,240.5,235.1,235.7
1979-01-23 00:00,236.35,238.2,234.0,237.7
1979-01-24 00:00,238.55,243.2,238.55,242.7
1979-01-25 00:00,242.85,242.85,237.5,239.0
1979-01-26 00:00,239.05,241.4,238.4,240.2
1979-01-29 00:00,240.25,241.5,235.9,236.2
1979-01-30 00:00,237.1,238.1,234.9,238.0
1979-01-31 00:00,238.3,239.3,235.9,236.6
1979-02-01 00:00,237.25,237.25,232.6,235.2
1979-02-02 00:00,235.85,243.5,232.0,242.5
1979-02-05 00:00,242.55,251.5,242.55,250.4
1979-02-06 00:00,251.3,252.5,246.0,247.0
1979-02-07 00:00,247.7,257.0,247.7,257.0
1979-02-08 00:00,257.55,257.55,247.0,247.0
1979-02-09 00:00,247.25,251.1,240.0,247.3
1979-02-12 00:00,248.0,251.2,245.5,248.6
1979-02-13 00:00,249.45,249.45,240.5,241.9
1979-02-14 00:00,242.15,251.5,241.5,249.0
1979-02-15 00:00,249.25,253.3,247.5,248.0
1979-02-16 00:00,248.6,252.5,248.5,250.6
1979-02-20 00:00,251.0,255.0,248.5,252.7
1979-02-21 00:00,252.95,254.8,251.2,252.6
1979-02-22 00:00,252.65,258.8,252.65,253.8
1979-02-23 00:00,254.45,257.0,253.7,255.7
1979-02-26 00:00,255.85,255.85,246.7,247.7
1979-02-27 00:00,247.8,252.5,247.8,251.2
1979-02-28 00:00,251.75,257.0,251.75,252.9
1979-03-01 00:00,253.8,253.8,249.8,252.0
1979-03-02 00:00,252.45,252.45,242.0,243.2
1979-03-05 00:00,243.65,243.65,235.0,236.7
1979-03-06 00:00,237.65,241.3,237.65,239.7
1979-03-07 00:00,240.35,243.4,237.8,242.5
1979-03-08 00:00,242.85,244.9,242.85,244.3
1979-03-09 00:00,245.15,246.9,245.15,245.9
1979-03-12 00:00,246.8,246.8,242.0,244.3
1979-03-13 00:00,245.15,245.8,242.2,244.4
1979-03-14 00:00,244.95,245.3,243.1,244.4
1979-03-15 00:00,245.4,250.1,243.5,248.3
1979-03-16 00:00,249.0,250.0,247.7,248.0
1979-03-19 00:00,248.1,248.5,246.7,248.4
1979-03-20 00:00,248.65,249.0,243.5,243.7
1979-03-21 00:00,244.25,247.7,244.0,247.4
1979-03-22 00:00,247.5,248.5,245.6,246.6
1979-03-23 00:00,247.25,249.0,245.7,246.4
1979-03-26 00:00,247.3,252.0,247.3,251.0
1979-03-27 00:00,251.3,251.3,247.0,247.6
1979-03-28 00:00,248.2,249.5,246.5,246.9
1979-03-29 00:00,247.05,247.05,242.5,243.9
1979-03-30 00:00,244.35,244.35,241.0,243.8
1979-04-02 00:00,244.0,244.7,242.6,243.8
1979-04-03 00:00,244.7,244.7,242.0,242.8
1979-04-04 00:00,243.25,246.0,241.3,245.3
1979-04-05 00:00,245.8,245.8,243.1,243.5
1979-04-06 00:00,243.55,244.4,241.8,244.3
1979-04-09 00:00,245.25,245.25,242.7,243.2
1979-04-10 00:00,244.15,244.15,241.8,242.4
1979-04-11 00:00,242.85,242.85,235.0,235.3
1979-04-12 00:00,236.0,236.5,234.9,235.6
1979-04-16 00:00,236.15,236.15,231.8,233.1
1979-04-17 00:00,233.55,235.9,233.0,235.6
1979-04-18 00:00,236.45,243.0,235.5,242.5
1979-04-19 00:00,242.65,244.3,239.3,240.5
1979-04-20 00:00,241.35,241.35,237.5,239.0
1979-04-23 00:00,239.65,243.9,237.8,243.8
1979-04-24 00:00,244.65,244.8,241.2,244.2
1979-04-25 00:00,244.6,246.8,243.9,245.4
1979-04-26 00:00,245.65,246.3,244.2,245.1
1979-04-27 00:00,245.35,248.8,245.35,248.5
1979-04-30 00:00,248.55,250.7,246.2,249.2
1979-05-01 00:00,249.75,250.5,247.6,247.8
1979-05-02 00:00,248.45,249.8,247.9,248.5
1979-05-03 00:00,249.35,249.6,247.7,249.5
1979-05-04 00:00,250.4,251.5,249.0,250.3
1979-05-07 00:00,250.65,253.8,250.65,251.7
1979-05-08 00:00,252.3,252.3,246.1,247.7
1979-05-09 00:00,248.65,252.5,248.2,252.3
1979-05-10 00:00,252.85,255.3,252.3,252.6
1979-05-11 00:00,252.75,253.8,249.1,249.8
1979-05-14 00:00,250.1,254.4,250.1,254.2
1979-05-15 00:00,254.7,257.9,254.7,255.8
1979-05-16 00:00,256.75,258.9,255.0,258.7
1979-05-17 00:00,259.2,260.0,257.3,259.7
1979-05-18 00:00,260.2,274.9,260.2,274.4
1979-05-21 00:00,275.4,275.4,267.5,272.4
1979-05-22 00:00,272.65,273.2,270.0,270.6
1979-05-23 00:00,270.7,281.5,270.7,279.1
1979-05-24 00:00,279.6,280.5,278.0,280.0
1979-05-25 00:00,280.85,280.85,274.0,275.3
1979-05-29 00:00,275.85,282.0,269.5,274.4
1979-05-30 00:00,275.05,278.6,272.5,276.3
1979-05-31 00:00,277.1,282.0,277.1,281.1
1979-06-01 00:00,281.35,281.35,275.0,276.9
1979-06-04 00:00,277.8,280.5,275.3,279.9
1979-06-05 00:00,280.3,284.4,278.7,283.9
1979-06-06 00:00,284.55,294.7,284.55,293.9
1979-06-07 00:00,294.75,294.75,278.0,281.6
1979-06-08 00:00,282.1,286.1,282.1,284.6
1979-06-11 00:00,285.25,286.7,284.1,284.6
1979-06-12 00:00,285.35,285.35,278.4,279.4
1979-06-13 00:00,279.6,283.4,278.4,283.0
1979-06-14 00:00,283.05,283.8,280.8,281.1
1979-06-15 00:00,281.9,283.9,281.9,283.1
1979-06-18 00:00,283.9,283.9,279.5,281.2
1979-06-19 00:00,281.35,285.2,281.35,285.0
1979-06-20 00:00,285.7,285.7,282.4,282.6
1979-06-21 00:00,282.75,286.3,282.75,284.5
1979-06-22 00:00,284.7,287.5,284.0,284.6
1979-06-25 00:00,285.35,287.3,285.1,286.5
1979-06-26 00:00,286.75,286.75,280.0,281.9
1979-06-27 00:00,282.75,284.3,279.5,280.0
1979-06-28 00:00,280.5,288.6,275.5,280.3
1979-06-29 00:00,281.1,284.3,278.3,283.8
1979-07-02 00:00,284.55,285.6,282.3,284.0
1979-07-03 00:00,284.0,296.3,284.0,296.1
1979-07-05 00:00,296.35,296.35,289.3,292.8
1979-07-06 00:00,292.9,303.5,292.9,301.4
1979-07-09 00:00,301.55,304.3,298.7,303.6
1979-07-10 00:00,304.15,304.15,301.8,302.9
1979-07-11 00:00,303.55,304.2,301.2,303.9
1979-07-12 00:00,304.3,304.5,301.1,302.0
1979-07-13 00:00,302.35,302.35,297.0,301.4
1979-07-16 00:00,302.35,308.8,302.35,308.2
1979-07-17 00:00,308.55,311.3,307.7,310.1
1979-07-18 00:00,310.7,315.0,310.7,312.6
1979-07-19 00:00,312.7,312.7,309.5,312.2
1979-07-20 00:00,312.6,314.1,309.0,313.7
1979-07-23 00:00,314.05,318.9,314.05,317.5
1979-07-24 00:00,317.9,319.5,315.8,318.7
1979-07-25 00:00,319.25,319.25,314.2,316.4
1979-07-26 00:00,316.8,318.9,315.5,317.2
1979-07-27 00:00,317.6,318.5,316.7,317.3
1979-07-30 00:00,317.5,317.5,307.3,307.3
1979-07-31 00:00,307.3,309.8,297.3,297.3
1979-08-01 00:00,297.9,302.4,295.0,300.9
1979-08-02 00:00,301.0,301.5,293.0,295.5
1979-08-03 00:00,295.75,297.4,295.2,295.8
1979-08-06 00:00,296.4,296.4,288.0,290.4
1979-08-07 00:00,290.45,294.4,290.45,294.2
1979-08-08 00:00,294.7,304.0,294.7,303.0
1979-08-09 00:00,303.9,311.4,303.9,309.1
1979-08-10 00:00,309.35,314.5,308.0,312.7
1979-08-13 00:00,313.2,313.2,303.1,305.8
1979-08-14 00:00,306.1,310.9,298.5,308.8
1979-08-15 00:00,309.75,312.9,306.6,309.6
1979-08-16 00:00,310.5,310.5,305.5,310.2
1979-08-17 00:00,310.6,311.0,307.0,307.3
1979-08-20 00:00,307.95,308.3,305.3,307.0
1979-08-21 00:00,307.8,316.7,307.8,316.2
1979-08-22 00:00,316.55,322.7,316.55,320.4
1979-08-23 00:00,321.05,324.9,318.1,324.7
1979-08-24 00:00,325.65,326.0,320.5,320.7
1979-08-27 00:00,320.95,324.5,320.95,323.9
1979-08-28 00:00,324.25,327.5,322.5,326.8
1979-08-29 00:00,326.95,327.0,324.5,326.0
1979-08-30 00:00,326.6,330.0,326.6,329.2
1979-08-31 00:00,329.3,329.3,321.0,326.7
1979-09-04 00:00,327.05,335.4,327.05,330.6
1979-09-05 00:00,330.75,340.6,330.75,340.6
1979-09-06 00:00,341.0,348.0,330.6,339.0
1979-09-07 00:00,339.6,347.0,334.0,346.3
1979-09-10 00:00,347.05,349.5,342.5,348.9
1979-09-11 00:00,349.05,349.8,345.3,346.0
1979-09-12 00:00,346.5,347.0,341.5,343.3
1979-09-13 00:00,344.15,353.3,340.0,352.9
1979-09-14 00:00,353.0,359.2,352.9,354.4
1979-09-17 00:00,355.3,364.4,355.3,364.4
1979-09-18 00:00,365.1,374.4,365.1,374.4
1979-09-19 00:00,374.45,385.0,366.0,384.8
1979-09-20 00:00,385.6,396.8,375.0,381.5
1979-09-21 00:00,381.55,389.0,370.5,384.2
1979-09-24 00:00,384.3,391.8,383.2,383.2
1979-09-25 00:00,383.45,388.5,377.5,381.0
1979-09-26 00:00,381.8,391.0,378.7,389.0
1979-09-27 00:00,389.25,409.0,389.25,408.0
1979-09-28 00:00,408.35,409.0,403.0,404.5
1979-10-01 00:00,405.15,424.5,405.15,424.5
1979-10-02 00:00,424.9,444.5,404.5,421.0
1979-10-03 00:00,421.65,421.65,401.0,402.5
1979-10-04 00:00,402.6,402.6,382.5,382.5
1979-10-05 00:00,383.35,396.2,379.0,393.0
1979-10-08 00:00,393.65,393.65,373.0,374.5
1979-10-09 00:00,375.25,399.5,375.25,399.5
1979-10-10 00:00,400.3,424.5,400.3,424.5
1979-10-11 00:00,424.5,424.5,394.0,396.0
1979-10-12 00:00,396.65,407.9,396.5,404.0
1979-10-15 00:00,404.15,413.0,402.0,407.0
1979-10-16 00:00,407.4,407.4,384.0,396.0
1979-10-17 00:00,396.4,396.4,377.0,393.0
1979-10-18 00:00,393.25,394.5,381.0,393.5
1979-10-19 00:00,394.45,405.0,394.45,400.0
1979-10-22 00:00,400.6,403.0,393.0,396.8
1979-10-23 00:00,397.15,397.15,387.5,392.5
1979-10-24 00:00,393.5,405.5,393.5,402.5
1979-10-25 00:00,403.3,403.3,394.0,394.7
1979-10-26 00:00,395.15,395.15,375.0,377.7
1979-10-29 00:00,377.85,381.0,375.5,379.5
1979-10-30 00:00,380.3,387.3,380.0,383.5
1979-10-31 00:00,384.1,388.5,384.1,385.7
1979-11-01 00:00,386.2,389.0,365.0,372.0
1979-11-02 00:00,372.5,379.0,372.5,378.5
1979-11-05 00:00,379.5,387.3,379.5,383.3
1979-11-06 00:00,384.25,399.0,384.25,397.5
1979-11-07 00:00,398.1,403.5,392.4,396.0
1979-11-08 00:00,396.95,396.95,389.5,394.0
1979-11-09 00:00,394.5,396.0,390.0,391.2
1979-11-12 00:00,391.85,399.5,391.85,397.0
1979-11-13 00:00,397.6,397.6,385.0,387.0
1979-11-14 00:00,387.1,395.0,387.1,392.4
1979-11-15 00:00,393.1,393.1,385.7,388.3
1979-11-16 00:00,388.4,414.4,388.4,410.9
1979-11-19 00:00,411.1,414.5,408.6,408.6
1979-11-20 00:00,409.6,409.6,388.3,393.5
1979-11-21 00:00,394.4,400.0,392.5,394.2
1979-11-23 00:00,395.0,416.5,395.0,415.7
1979-11-26 00:00,416.3,416.3,400.0,401.0
1979-11-27 00:00,401.75,409.5,401.75,408.6
1979-11-28 00:00,409.45,425.0,409.45,422.5
1979-11-29 00:00,422.75,426.0,419.0,419.5
1979-11-30 00:00,420.05,432.8,420.05,430.5
1979-12-03 00:00,430.95,444.5,430.95,443.7
1979-12-04 00:00,443.7,443.7,436.0,438.5
1979-12-05 00:00,439.3,444.5,435.0,444.0
1979-12-06 00:00,444.85,447.8,436.0,436.7
1979-12-07 00:00,437.5,443.0,433.0,436.0
1979-12-10 00:00,436.4,447.0,436.4,446.0
1979-12-11 00:00,446.7,461.0,446.7,460.0
1979-12-12 00:00,460.05,463.2,455.7,459.3
1979-12-13 00:00,459.7,474.5,459.7,472.0
1979-12-14 00:00,472.95,478.0,464.5,474.5
1979-12-17 00:00,474.65,483.3,474.65,479.0
1979-12-18 00:00,479.95,492.5,479.95,492.0
1979-12-19 00:00,492.85,500.3,467.0,480.0
1979-12-20 00:00,480.8,485.5,475.0,481.0
1979-12-21 00:00,481.25,496.0,479.5,495.5
1979-12-26 00:00,495.9,515.0,495.8,514.3
1979-12-27 00:00,515.1,530.0,515.1,523.5
1979-12-28 00:00,524.05,527.5,512.0,525.0
1979-12-31 00:00,525.95,543.0,525.95,541.0
1980-01-02 00:00,541.0,582.8,541.0,582.8
1980-01-03 00:00,583.15,607.8,583.15,607.8
1980-01-04 00:00,608.15,626.5,574.0,611.0
1980-01-07 00:00,611.0,636.0,611.0,634.0
1980-01-08 00:00,634.6,634.6,609.0,609.0
1980-01-09 00:00,609.1,619.0,604.0,605.0
1980-01-10 00:00,605.3,610.0,597.0,603.0
1980-01-11 00:00,603.75,628.0,603.75,628.0
1980-01-14 00:00,628.35,722.4,628.35,722.4
1980-01-15 00:00,722.85,722.85,696.0,704.8
1980-01-16 00:00,705.65,754.8,705.65,754.8
1980-01-17 00:00,755.3,790.5,720.0,790.5
1980-01-18 00:00,790.7,854.8,790.7,845.0
1980-01-21 00:00,845.6,873.0,815.0,834.0
1980-01-22 00:00,834.75,909.9,834.75,909.9
1980-01-23 00:00,910.6,910.6,859.9,859.9
1980-01-24 00:00,860.1,860.1,809.9,809.9
1980-01-25 00:00,810.5,810.5,661.0,661.0
1980-01-28 00:00,661.9,672.0,625.0,659.2
1980-01-29 00:00,660.15,709.2,660.15,709.2
1980-01-30 00:00,709.3,726.0,680.0,681.0
1980-01-31 00:00,681.9,708.0,658.0,704.0
1980-02-01 00:00,704.65,715.0,688.0,704.0
1980-02-04 00:00,704.95,704.95,673.0,677.0
1980-02-05 00:00,677.0,702.0,677.0,702.0
1980-02-06 00:00,702.75,727.0,702.75,727.0
1980-02-07 00:00,727.55,728.0,708.0,710.0
1980-02-08 00:00,710.4,722.0,708.5,717.5
1980-02-11 00:00,718.35,742.5,718.35,726.0
1980-02-12 00:00,726.1,727.0,715.0,718.5
1980-02-13 00:00,719.45,721.0,699.0,709.0
1980-02-14 00:00,709.85,709.85,684.0,690.5
1980-02-15 00:00,691.4,693.5,673.0,680.5
1980-02-19 00:00,681.4,681.4,655.5,655.5
1980-02-20 00:00,656.1,675.0,630.5,673.0
1980-02-21 00:00,673.35,683.0,655.0,666.5
1980-02-22 00:00,666.75,666.75,641.5,641.5
1980-02-25 00:00,641.6,666.5,617.0,659.0
1980-02-26 00:00,659.1,659.1,634.0,635.5
1980-02-27 00:00,636.3,657.0,634.0,639.0
1980-02-28 00:00,639.15,660.0,639.15,650.5
1980-02-29 00:00,650.8,655.0,637.0,640.0
1980-03-03 00:00,640.65,647.0,625.5,641.0
1980-03-04 00:00,641.8,654.5,636.0,651.5
1980-03-05 00:00,652.5,660.0,640.0,643.0
1980-03-06 00:00,643.25,643.25,618.0,618.0
1980-03-07 00:00,618.65,621.0,599.0,605.0
1980-03-10 00:00,605.7,605.7,567.5,567.5
1980-03-11 00:00,568.1,579.5,557.0,570.5
1980-03-12 00:00,570.8,591.0,570.8,581.5
1980-03-13 00:00,582.1,582.1,544.0,544.0
1980-03-14 00:00,544.35,544.35,516.0,530.0
1980-03-17 00:00,530.95,530.95,480.0,480.0
1980-03-18 00:00,480.75,494.0,463.0,488.5
1980-03-19 00:00,488.85,538.5,488.85,538.5
1980-03-20 00:00,538.55,565.0,536.0,538.5
1980-03-21 00:00,539.0,569.0,520.2,565.0
1980-03-24 00:00,565.8,572.0,532.0,549.0
1980-03-25 00:00,549.1,549.1,523.0,529.0
1980-03-26 00:00,529.3,529.3,521.0,521.0
1980-03-27 00:00,521.8,521.8,453.0,463.0
1980-03-28 00:00,463.4,533.5,463.4,525.0
1980-03-31 00:00,525.4,530.0,504.0,519.0
1980-04-01 00:00,519.75,528.5,500.0,515.0
1980-04-02 00:00,515.25,517.0,499.0,506.0
1980-04-03 00:00,506.4,506.4,483.0,501.5
1980-04-07 00:00,502.35,526.5,502.0,526.5
1980-04-08 00:00,526.6,551.5,526.6,551.5
1980-04-09 00:00,552.1,570.0,546.0,550.0
1980-04-10 00:00,550.75,556.5,535.0,544.5
1980-04-11 00:00,545.15,547.0,535.0,544.0
1980-04-14 00:00,544.3,544.3,519.0,519.5
1980-04-15 00:00,520.3,534.0,501.0,530.0
1980-04-16 00:00,530.15,547.0,513.0,516.0
1980-04-17 00:00,516.65,527.0,511.0,522.0
1980-04-18 00:00,522.6,527.0,518.0,520.0
1980-04-21 00:00,520.9,520.9,495.0,497.0
1980-04-22 00:00,497.5,516.0,497.5,510.0
1980-04-23 00:00,510.2,515.0,510.2,515.0
1980-04-24 00:00,515.45,539.0,515.45,538.0
1980-04-25 00:00,538.7,563.0,537.0,547.0
1980-04-28 00:00,547.8,547.8,522.0,522.0
1980-04-29 00:00,522.5,535.0,517.0,529.0
1980-04-30 00:00,530.0,530.0,504.0,507.0
1980-05-01 00:00,507.65,521.0,482.0,520.0
1980-05-02 00:00,520.8,526.5,511.0,516.0
1980-05-05 00:00,516.75,524.5,516.0,523.0
1980-05-06 00:00,523.2,523.2,508.0,510.0
1980-05-07 00:00,510.7,522.0,506.0,517.0
1980-05-08 00:00,517.55,521.0,512.0,512.5
1980-05-09 00:00,512.75,516.5,504.5,515.7
1980-05-12 00:00,516.05,518.5,509.0,510.0
1980-05-13 00:00,510.75,523.0,510.75,520.0
1980-05-14 00:00,520.7,530.0,520.7,524.5
1980-05-15 00:00,525.35,525.35,511.2,514.5
1980-05-16 00:00,515.15,519.5,513.5,514.8
1980-05-19 00:00,515.25,516.3,505.0,511.0
1980-05-20 00:00,511.15,512.5,502.5,512.0
1980-05-21 00:00,512.5,516.5,505.5,506.5
1980-05-22 00:00,507.5,517.0,495.0,515.0
1980-05-23 00:00,515.65,515.65,509.0,510.0
1980-05-27 00:00,510.8,525.0,510.8,524.0
1980-05-28 00:00,524.25,538.0,524.25,529.0
1980-05-29 00:00,529.75,538.5,526.5,537.5
1980-05-30 00:00,538.25,562.5,538.25,555.0
1980-06-02 00:00,555.2,580.0,555.2,576.5
1980-06-03 00:00,576.8,576.8,560.0,569.0
1980-06-04 00:00,569.05,594.0,569.05,592.5
1980-06-05 00:00,593.35,611.0,588.5,597.0
1980-06-06 00:00,597.85,617.5,597.85,616.0
1980-06-09 00:00,616.4,640.0,616.4,633.5
1980-06-10 00:00,634.15,634.15,608.5,608.5
1980-06-11 00:00,608.7,616.0,593.0,594.5
1980-06-12 00:00,595.4,611.0,593.0,609.5
1980-06-13 00:00,610.05,621.0,610.0,613.0
1980-06-16 00:00,613.75,613.75,597.0,598.0
1980-06-17 00:00,598.45,608.5,597.0,606.5
1980-06-18 00:00,606.9,617.0,602.0,603.0
1980-06-19 00:00,603.45,614.0,603.0,613.0
1980-06-20 00:00,613.85,615.0,608.5,609.5
1980-06-23 00:00,609.8,611.0,602.0,610.0
1980-06-24 00:00,610.35,625.0,606.0,624.0
1980-06-25 00:00,624.85,635.5,622.0,623.5
1980-06-26 00:00,624.0,635.0,624.0,633.0
1980-06-27 00:00,633.8,658.0,633.8,657.5
1980-06-30 00:00,658.35,666.0,651.0,654.0
1980-07-01 00:00,654.75,677.0,654.75,676.0
1980-07-02 00:00,676.35,676.35,662.0,667.5
1980-07-03 00:00,668.4,680.5,663.0,676.0
1980-07-07 00:00,676.25,690.0,670.0,684.0
1980-07-08 00:00,684.85,696.0,677.0,678.5
1980-07-09 00:00,679.4,683.0,662.0,666.5
1980-07-10 00:00,667.4,674.0,653.0,672.0
1980-07-11 00:00,672.45,676.0,667.0,670.5
1980-07-14 00:00,670.85,670.85,645.5,645.5
1980-07-15 00:00,646.25,646.25,620.5,620.5
1980-07-16 00:00,621.35,632.0,621.35,628.5
1980-07-17 00:00,628.8,632.0,619.0,620.2
1980-07-18 00:00,620.45,620.45,604.0,614.0
1980-07-21 00:00,614.5,644.5,614.5,635.1
1980-07-22 00:00,635.5,638.5,609.0,638.0
1980-07-23 00:00,638.3,647.0,627.0,631.5
1980-07-24 00:00,631.8,647.5,631.8,639.5
1980-07-25 00:00,639.65,680.0,639.65,678.0
1980-07-28 00:00,678.6,678.6,663.0,673.2
1980-07-29 00:00,673.6,676.5,660.0,661.0
1980-07-30 00:00,661.5,661.5,636.0,636.0
1980-07-31 00:00,636.2,645.0,625.0,642.0
1980-08-01 00:00,642.2,645.0,636.0,640.0
1980-08-04 00:00,640.65,652.9,640.65,650.0
1980-08-05 00:00,650.3,657.0,643.0,649.5
1980-08-06 00:00,649.95,655.0,645.5,654.0
1980-08-07 00:00,654.95,657.5,647.5,656.0
1980-08-08 00:00,656.9,656.9,646.0,647.0
1980-08-11 00:00,647.35,647.35,622.0,623.0
1980-08-12 00:00,623.7,636.0,620.0,633.0
1980-08-13 00:00,633.1,637.0,627.0,635.0
1980-08-14 00:00,636.0,648.0,636.0,647.4
1980-08-15 00:00,647.75,647.75,633.5,635.0
1980-08-18 00:00,635.9,642.0,622.5,640.5
1980-08-19 00:00,640.95,646.0,638.0,642.0
1980-08-20 00:00,642.75,667.0,642.75,667.0
1980-08-21 00:00,667.95,679.5,657.5,659.0
1980-08-22 00:00,659.2,662.0,654.0,658.0
1980-08-25 00:00,658.3,658.3,641.5,643.3
1980-08-26 00:00,644.0,655.0,644.0,651.0
1980-08-27 00:00,651.25,658.0,651.25,653.5
1980-08-28 00:00,653.85,658.0,650.0,654.0
1980-08-29 00:00,654.8,657.0,650.2,656.0
1980-09-02 00:00,656.35,664.0,656.0,660.0
1980-09-03 00:00,660.9,660.9,654.8,658.0
1980-09-04 00:00,658.9,675.0,658.9,673.0
1980-09-05 00:00,673.55,678.0,669.0,670.0
1980-09-08 00:00,670.15,695.0,670.15,695.0
1980-09-09 00:00,695.95,698.5,689.5,693.5
1980-09-10 00:00,693.55,716.0,693.55,703.5
1980-09-11 00:00,703.8,717.0,696.0,713.5
1980-09-12 00:00,714.05,720.0,702.0,704.0
1980-09-15 00:00,704.45,704.45,680.0,685.0
1980-09-16 00:00,685.8,701.0,685.5,700.0
1980-09-17 00:00,700.85,704.0,691.0,692.0
1980-09-18 00:00,692.25,696.5,688.5,693.0
1980-09-19 00:00,693.05,709.0,693.0,708.0
1980-09-22 00:00,708.7,733.0,708.7,733.0
1980-09-23 00:00,733.55,748.5,728.5,731.5
1980-09-24 00:00,731.9,736.5,723.5,729.5
1980-09-25 00:00,730.45,730.45,710.0,728.5
1980-09-26 00:00,729.25,729.25,703.5,703.5
1980-09-29 00:00,703.55,703.55,678.5,678.5
1980-09-30 00:00,679.05,689.5,678.0,688.5
1980-10-01 00:00,688.95,700.0,688.95,696.5
1980-10-02 00:00,697.4,697.4,673.0,685.0
1980-10-03 00:00,685.2,686.0,669.0,684.5
1980-10-06 00:00,685.15,698.0,685.15,693.5
1980-10-07 00:00,694.25,696.0,686.0,688.0
1980-10-08 00:00,688.55,692.5,686.0,690.0
1980-10-09 00:00,690.25,708.5,690.25,699.5
1980-10-10 00:00,700.35,701.5,695.5,700.0
1980-10-13 00:00,700.45,700.45,686.0,691.7
1980-10-14 00:00,692.1,692.1,675.0,691.5
1980-10-15 00:00,691.85,694.0,685.0,686.0
1980-10-16 00:00,686.95,688.5,676.0,677.5
1980-10-17 00:00,678.3,682.0,661.0,665.0
1980-10-20 00:00,665.25,669.0,653.0,667.0
1980-10-21 00:00,667.35,671.0,657.0,668.0
1980-10-22 00:00,668.3,673.5,659.0,660.0
1980-10-23 00:00,660.65,660.65,635.0,635.0
1980-10-24 00:00,635.9,642.0,634.0,639.0
1980-10-27 00:00,639.55,644.5,633.5,640.5
1980-10-28 00:00,641.05,643.0,635.0,642.0
1980-10-29 00:00,642.85,652.5,642.85,645.0
1980-10-30 00:00,645.5,651.0,645.5,647.5
1980-10-31 00:00,648.25,648.25,627.0,642.0
1980-11-03 00:00,642.85,658.9,640.0,655.0
1980-11-05 00:00,655.15,665.0,641.0,643.0
1980-11-06 00:00,643.8,643.8,618.0,618.0
1980-11-07 00:00,618.7,618.7,593.0,607.0
1980-11-10 00:00,607.35,618.5,607.0,609.5
1980-11-11 00:00,609.8,618.0,594.0,617.0
1980-11-12 00:00,617.65,626.0,612.5,618.5
1980-11-13 00:00,619.15,626.5,610.0,611.0
1980-11-14 00:00,611.95,622.5,608.0,621.0
1980-11-17 00:00,621.75,621.75,610.0,617.0
1980-11-18 00:00,617.35,624.9,617.35,621.5
1980-11-19 00:00,622.3,636.0,622.3,634.0
1980-11-20 00:00,634.9,646.0,630.5,645.0
1980-11-21 00:00,645.35,649.5,636.2,638.5
1980-11-24 00:00,638.95,654.0,634.0,637.5
1980-11-25 00:00,637.5,659.5,628.0,647.8
1980-11-26 00:00,648.15,652.0,637.0,642.5
1980-11-28 00:00,643.35,645.5,636.5,644.5
1980-12-01 00:00,645.05,657.0,645.05,647.0
1980-12-02 00:00,647.45,650.5,638.5,641.5
1980-12-03 00:00,641.75,649.5,641.75,647.3
1980-12-04 00:00,647.45,653.0,639.0,639.5
1980-12-05 00:00,640.4,640.5,627.0,638.0
1980-12-08 00:00,638.05,638.05,629.0,630.4
1980-12-09 00:00,631.0,631.0,606.5,608.0
1980-12-10 00:00,608.95,612.0,583.0,583.0
1980-12-11 00:00,583.3,583.3,558.0,558.0
1980-12-12 00:00,558.25,590.5,558.25,587.0
1980-12-15 00:00,587.05,596.0,581.0,587.5
1980-12-16 00:00,587.7,587.7,562.5,580.0
1980-12-17 00:00,580.2,599.5,580.2,588.0
1980-12-18 00:00,588.25,590.0,580.5,583.0
1980-12-19 00:00,583.1,608.0,583.1,607.5
1980-12-22 00:00,608.35,615.0,597.5,604.0
1980-12-23 00:00,604.85,619.0,604.85,616.0
1980-12-24 00:00,616.8,618.0,611.0,617.0
1980-12-29 00:00,617.85,617.85,593.5,595.0
1980-12-30 00:00,595.9,599.0,586.0,595.0
1980-12-31 00:00,595.2,615.5,593.0,599.5
1981-01-02 00:00,599.85,599.85,587.0,594.5
1981-01-05 00:00,594.9,612.0,594.9,601.5
1981-01-06 00:00,602.45,610.5,600.0,605.0
1981-01-07 00:00,605.35,605.35,580.0,580.0
1981-01-08 00:00,580.5,583.0,572.5,577.5
1981-01-09 00:00,577.7,589.3,570.0,581.0
1981-01-12 00:00,581.6,581.6,559.0,566.5
1981-01-13 00:00,566.9,570.0,563.0,565.5
1981-01-14 00:00,565.7,574.0,555.0,573.5
1981-01-15 00:00,573.75,577.8,561.0,562.0
1981-01-16 00:00,562.85,574.0,558.0,567.5
1981-01-19 00:00,568.2,573.0,559.0,565.5
1981-01-20 00:00,566.3,573.5,561.5,571.0
1981-01-21 00:00,571.1,581.0,566.5,568.0
1981-01-22 00:00,568.35,568.35,551.0,557.0
1981-01-23 00:00,557.0,557.0,548.0,552.5
1981-01-26 00:00,552.75,552.75,527.5,527.5
1981-01-27 00:00,528.25,528.25,514.5,520.5
1981-01-28 00:00,520.9,539.0,520.0,521.4
1981-01-29 00:00,522.4,530.0,498.0,529.0
1981-01-30 00:00,529.75,529.75,510.0,512.5
1981-02-02 00:00,513.2,513.2,490.0,492.5
1981-02-03 00:00,493.3,509.0,493.3,505.0
1981-02-04 00:00,505.55,521.0,491.0,500.0
1981-02-05 00:00,500.3,512.0,497.0,510.0
1981-02-06 00:00,510.8,518.0,505.0,514.0
1981-02-09 00:00,514.4,528.0,514.4,527.5
1981-02-10 00:00,527.85,530.5,517.0,517.5
1981-02-11 00:00,518.0,518.0,503.5,507.0
1981-02-12 00:00,507.35,507.35,490.0,504.0
1981-02-13 00:00,504.1,506.0,494.0,501.0
1981-02-17 00:00,501.6,516.0,501.6,507.0
1981-02-18 00:00,507.5,513.0,498.0,500.5
1981-02-19 00:00,500.55,517.5,500.55,515.5
1981-02-20 00:00,516.3,522.0,512.5,514.5
1981-02-23 00:00,514.75,514.75,500.5,505.0
1981-02-24 00:00,505.55,511.5,505.5,511.0
1981-02-25 00:00,511.65,511.65,501.5,504.0
1981-02-26 00:00,504.5,504.5,492.2,499.0
1981-02-27 00:00,499.1,499.1,485.0,486.5
1981-03-02 00:00,487.45,487.45,462.5,465.0
1981-03-03 00:00,465.85,478.0,465.85,476.0
1981-03-04 00:00,476.4,476.4,453.0,461.0
1981-03-05 00:00,461.65,469.0,455.0,466.5
1981-03-06 00:00,467.35,474.8,461.8,467.0
1981-03-09 00:00,467.7,480.0,467.7,475.0
1981-03-10 00:00,475.8,495.0,475.8,485.5
1981-03-11 00:00,485.85,485.85,472.7,478.0
1981-03-12 00:00,478.75,485.5,477.5,485.0
1981-03-13 00:00,485.5,497.3,485.5,488.5
1981-03-16 00:00,489.5,504.0,489.5,495.5
1981-03-17 00:00,495.75,511.0,490.5,509.0
1981-03-18 00:00,510.0,516.0,508.0,508.5
1981-03-19 00:00,509.15,513.0,505.0,512.0
1981-03-20 00:00,512.3,537.0,510.0,537.0
1981-03-23 00:00,537.8,541.0,519.5,527.0
1981-03-24 00:00,527.15,544.5,527.15,536.5
1981-03-25 00:00,536.55,547.5,536.55,544.0
1981-03-26 00:00,544.8,568.0,544.0,558.4
1981-03-27 00:00,558.55,558.55,536.0,542.5
1981-03-30 00:00,543.45,543.45,518.5,524.5
1981-03-31 00:00,524.95,527.5,515.0,525.5
1981-04-01 00:00,525.6,531.5,521.0,528.0
1981-04-02 00:00,528.5,532.8,525.5,528.5
1981-04-03 00:00,528.85,536.5,528.85,532.5
1981-04-06 00:00,532.65,545.5,532.65,538.0
1981-04-07 00:00,538.25,538.25,517.0,522.5
1981-04-08 00:00,522.9,525.5,517.0,524.5
1981-04-09 00:00,525.5,525.5,500.5,501.5
1981-04-10 00:00,502.35,505.0,494.0,496.0
1981-04-13 00:00,496.25,496.25,476.0,487.0
1981-04-14 00:00,487.4,495.5,487.4,492.0
1981-04-15 00:00,492.8,492.8,480.5,482.3
1981-04-16 00:00,483.05,498.0,483.05,495.5
1981-04-20 00:00,495.5,497.0,479.5,495.7
1981-04-21 00:00,496.2,501.0,486.5,497.5
1981-04-22 00:00,498.25,509.0,494.5,496.0
1981-04-23 00:00,496.7,501.0,492.5,498.0
1981-04-24 00:00,498.95,504.0,490.0,491.3
1981-04-27 00:00,492.15,493.5,486.5,491.0
1981-04-28 00:00,491.75,491.75,485.0,489.8
1981-04-29 00:00,490.3,490.3,478.0,484.5
1981-04-30 00:00,485.35,490.0,481.0,489.0
1981-05-01 00:00,489.15,497.5,487.0,496.0
1981-05-04 00:00,496.45,496.45,481.5,486.5
1981-05-05 00:00,487.35,487.5,478.0,486.5
1981-05-06 00:00,487.2,489.5,483.0,484.5
1981-05-07 00:00,485.05,487.5,480.0,487.0
1981-05-08 00:00,487.15,497.5,487.15,496.5
1981-05-11 00:00,496.95,503.0,487.0,488.0
1981-05-12 00:00,488.05,492.5,480.5,491.5
1981-05-13 00:00,491.95,491.95,481.0,482.0
1981-05-14 00:00,482.25,486.5,475.0,486.5
1981-05-15 00:00,487.3,489.0,478.0,479.5
1981-05-18 00:00,479.75,486.5,477.2,485.0
1981-05-19 00:00,485.1,485.1,477.5,478.5
1981-05-20 00:00,478.75,483.0,477.0,482.5
1981-05-21 00:00,482.85,482.85,466.0,468.0
1981-05-22 00:00,468.9,473.3,468.0,471.0
1981-05-26 00:00,471.6,471.6,464.8,465.5
1981-05-27 00:00,466.15,485.8,466.15,483.5
1981-05-28 00:00,483.7,495.0,483.7,494.5
1981-05-29 00:00,495.2,495.2,490.7,492.5
1981-06-01 00:00,492.9,499.8,485.5,487.5
1981-06-02 00:00,487.8,489.0,483.5,487.0
1981-06-03 00:00,487.6,488.2,480.5,481.5
1981-06-04 00:00,481.6,481.6,469.0,476.0
1981-06-05 00:00,476.5,476.5,461.5,462.5
1981-06-08 00:00,463.15,487.5,463.15,473.0
1981-06-09 00:00,473.2,475.5,464.8,469.0
1981-06-10 00:00,469.6,478.0,469.6,477.0
1981-06-11 00:00,477.95,477.95,472.0,476.0
1981-06-12 00:00,476.45,485.2,474.5,476.0
1981-06-15 00:00,476.8,485.5,471.0,472.0
1981-06-16 00:00,472.55,475.0,469.5,472.5
1981-06-17 00:00,473.4,473.4,468.0,469.0
1981-06-18 00:00,469.5,469.5,465.5,467.0
1981-06-19 00:00,467.7,469.0,464.5,467.5
1981-06-22 00:00,467.8,473.5,467.8,472.3
1981-06-23 00:00,473.1,475.5,469.5,471.2
1981-06-24 00:00,471.95,471.95,460.0,460.5
1981-06-25 00:00,461.15,461.15,444.2,451.0
1981-06-26 00:00,451.6,451.6,443.0,447.0
1981-06-29 00:00,447.7,447.7,429.5,432.0
1981-06-30 00:00,432.4,432.5,427.0,428.5
1981-07-01 00:00,429.0,431.5,417.5,419.0
1981-07-02 00:00,419.45,421.5,412.0,416.5
1981-07-06 00:00,416.5,416.5,398.5,404.0
1981-07-07 00:00,404.85,412.5,404.85,409.5
1981-07-08 00:00,409.95,409.95,397.0,407.0
1981-07-09 00:00,407.0,417.5,407.0,415.5
1981-07-10 00:00,416.15,423.5,416.15,422.0
1981-07-13 00:00,422.6,422.6,408.0,409.0
1981-07-14 00:00,409.7,416.5,402.2,414.5
1981-07-15 00:00,414.85,421.5,411.5,414.0
1981-07-16 00:00,414.05,422.5,414.05,417.5
1981-07-17 00:00,417.9,426.5,415.5,420.0
1981-07-20 00:00,420.3,420.3,409.5,411.0
1981-07-21 00:00,411.1,412.5,406.0,411.5
1981-07-22 00:00,412.2,414.0,407.2,408.0
1981-07-23 00:00,408.55,411.5,406.5,408.7
1981-07-24 00:00,409.2,409.5,406.0,408.2
1981-07-27 00:00,408.2,410.5,401.3,402.0
1981-07-28 00:00,402.55,407.7,398.0,406.5
1981-07-29 00:00,406.9,409.0,403.0,403.5
1981-07-30 00:00,403.9,425.4,403.9,424.4
1981-07-31 00:00,424.8,426.4,421.7,423.2
1981-08-03 00:00,423.3,423.3,406.0,406.5
1981-08-04 00:00,407.05,409.3,405.0,408.5
1981-08-05 00:00,408.6,410.5,407.8,409.3
1981-08-06 00:00,409.4,418.5,409.4,418.2
1981-08-07 00:00,418.6,418.6,413.0,414.8
1981-08-10 00:00,415.0,417.0,410.0,415.5
1981-08-11 00:00,415.9,429.5,415.5,429.0
1981-08-12 00:00,429.05,439.3,422.0,423.0
1981-08-13 00:00,423.1,429.5,422.6,429.0
1981-08-14 00:00,429.0,438.0,428.0,430.5
1981-08-17 00:00,431.5,433.8,428.5,433.0
1981-08-18 00:00,433.05,456.5,433.05,455.5
1981-08-19 00:00,455.7,463.0,450.5,456.0
1981-08-20 00:00,456.0,456.0,444.5,448.0
1981-08-21 00:00,448.55,455.0,448.0,452.5
1981-08-24 00:00,453.35,453.35,432.5,433.0
1981-08-25 00:00,433.9,433.9,423.0,427.5
1981-08-26 00:00,428.35,437.0,428.35,430.5
1981-08-27 00:00,430.6,439.7,427.5,436.0
1981-08-28 00:00,436.1,448.5,436.1,445.0
1981-08-31 00:00,445.95,450.0,439.0,443.5
1981-09-01 00:00,444.1,446.0,437.5,444.7
1981-09-02 00:00,445.4,454.5,445.4,452.5
1981-09-03 00:00,453.3,463.3,451.5,462.5
1981-09-04 00:00,462.8,462.8,453.0,455.5
1981-09-08 00:00,456.05,459.0,447.5,448.5
1981-09-09 00:00,448.95,466.5,448.95,463.5
1981-09-10 00:00,463.9,474.0,462.8,464.5
1981-09-11 00:00,464.7,472.5,463.8,470.0
1981-09-14 00:00,470.45,477.5,463.7,476.4
1981-09-15 00:00,476.75,476.75,468.0,469.0
1981-09-16 00:00,469.9,472.5,462.5,466.0
1981-09-17 00:00,466.6,476.0,453.5,456.5
1981-09-18 00:00,457.15,465.5,457.15,465.0
1981-09-21 00:00,465.9,482.5,465.9,482.0
1981-09-22 00:00,482.3,482.3,471.0,475.0
1981-09-23 00:00,475.3,475.3,466.0,469.5
1981-09-24 00:00,469.75,469.75,455.5,459.5
1981-09-25 00:00,460.1,464.2,437.0,441.5
1981-09-28 00:00,441.6,443.5,428.0,441.8
1981-09-29 00:00,441.95,445.5,438.0,441.5
1981-09-30 00:00,442.35,443.5,435.8,443.0
1981-10-01 00:00,444.0,448.3,438.5,440.0
1981-10-02 00:00,440.45,450.0,440.45,447.5
1981-10-05 00:00,448.4,454.0,443.0,445.5
1981-10-06 00:00,446.25,469.0,445.0,461.5
1981-10-07 00:00,461.75,461.75,451.5,453.5
1981-10-08 00:00,454.1,458.5,449.5,457.5
1981-10-09 00:00,457.55,464.5,455.8,457.0
1981-10-12 00:00,457.35,459.5,451.5,452.0
1981-10-13 00:00,452.85,457.0,448.2,456.0
1981-10-14 00:00,456.25,456.6,449.5,452.0
1981-10-15 00:00,452.05,455.0,447.5,450.2
1981-10-16 00:00,450.95,452.4,447.0,447.5
1981-10-19 00:00,447.9,447.9,441.0,442.7
1981-10-20 00:00,443.3,444.3,437.0,437.5
1981-10-21 00:00,438.05,439.0,433.0,438.0
1981-10-22 00:00,439.0,439.6,435.5,439.2
1981-10-23 00:00,440.0,440.0,433.5,436.0
1981-10-26 00:00,436.25,436.25,428.5,429.8
1981-10-27 00:00,429.95,436.0,429.95,435.3
1981-10-28 00:00,436.15,437.0,426.5,428.0
1981-10-29 00:00,428.4,435.0,427.5,433.3
1981-10-30 00:00,434.0,436.5,429.5,431.2
1981-11-02 00:00,431.5,436.0,430.5,432.5
1981-11-03 00:00,432.7,434.5,430.5,434.2
1981-11-04 00:00,434.3,435.3,431.5,433.3
1981-11-05 00:00,434.0,434.0,430.3,431.2
1981-11-06 00:00,431.9,432.2,429.8,430.9
1981-11-09 00:00,430.95,433.0,421.0,423.5
1981-11-10 00:00,423.95,424.0,413.0,414.5
1981-11-11 00:00,415.3,415.3,407.0,412.1
1981-11-12 00:00,412.1,417.0,409.2,414.0
1981-11-13 00:00,414.4,416.3,412.2,415.2
1981-11-16 00:00,415.4,415.4,400.0,401.4
1981-11-17 00:00,402.35,406.0,396.5,405.0
1981-11-18 00:00,405.5,406.5,397.0,398.0
1981-11-19 00:00,398.45,402.0,395.5,400.5
1981-11-20 00:00,401.15,404.0,397.5,398.0
1981-11-23 00:00,398.5,398.5,392.5,394.0
1981-11-24 00:00,394.05,402.5,394.05,401.8
1981-11-25 00:00,402.2,420.0,402.2,419.0
1981-11-27 00:00,419.1,420.5,417.2,419.8
1981-11-30 00:00,420.45,422.0,411.5,413.3
1981-12-01 00:00,413.6,413.6,406.0,412.0
1981-12-02 00:00,412.1,429.5,409.9,429.0
1981-12-03 00:00,429.2,430.0,420.5,428.0
1981-12-04 00:00,428.5,437.0,428.0,429.0
1981-12-07 00:00,429.4,429.4,421.2,424.0
1981-12-08 00:00,424.85,427.5,415.0,415.8
1981-12-09 00:00,415.95,417.5,411.0,416.8
1981-12-10 00:00,417.4,417.4,408.5,413.5
1981-12-11 00:00,413.75,418.5,411.5,412.5
1981-12-14 00:00,413.15,428.0,413.15,419.5
1981-12-15 00:00,419.55,423.5,418.2,423.0
1981-12-16 00:00,423.4,429.0,421.6,428.3
1981-12-17 00:00,428.7,428.7,421.2,422.3
1981-12-18 00:00,422.85,423.6,417.0,418.2
1981-12-21 00:00,419.0,419.0,405.0,405.8
1981-12-22 00:00,405.9,410.0,402.0,408.4
1981-12-23 00:00,408.7,408.7,403.2,408.0
1981-12-24 00:00,408.4,409.4,406.0,406.3
1981-12-28 00:00,407.25,407.25,396.5,397.2
1981-12-29 00:00,397.4,399.5,397.1,399.0
1981-12-30 00:00,399.6,403.9,398.5,403.0
1981-12-31 00:00,403.45,406.0,401.8,402.8
1982-01-04 00:00,403.2,408.0,395.5,407.3
1982-01-05 00:00,407.5,411.0,403.0,405.6
1982-01-06 00:00,406.4,406.4,402.0,403.0
1982-01-07 00:00,403.1,403.3,396.1,402.0
1982-01-08 00:00,402.1,404.2,396.5,397.5
1982-01-11 00:00,397.55,397.55,386.0,388.0
1982-01-12 00:00,388.85,392.0,388.3,390.0
1982-01-13 00:00,390.55,390.55,377.0,379.6
1982-01-14 00:00,380.35,380.35,374.0,378.6
1982-01-15 00:00,379.1,382.5,371.5,372.0
1982-01-18 00:00,372.95,378.0,370.0,377.0
1982-01-19 00:00,377.5,379.3,370.0,371.2
1982-01-20 00:00,372.0,375.0,369.0,374.5
1982-01-21 00:00,374.6,379.8,374.2,376.5
1982-01-22 00:00,376.8,379.5,374.5,378.5
1982-01-25 00:00,378.7,378.7,370.5,375.6
1982-01-26 00:00,376.05,379.5,375.8,376.4
1982-01-27 00:00,377.2,393.0,377.2,391.6
1982-01-28 00:00,392.15,393.0,390.0,392.4
1982-01-29 00:00,393.3,395.8,390.0,391.8
1982-02-01 00:00,392.45,392.45,385.3,389.2
1982-02-02 00:00,389.7,389.7,384.5,384.7
1982-02-03 00:00,385.1,387.3,385.1,386.8
1982-02-04 00:00,387.0,394.4,387.0,393.8
1982-02-05 00:00,394.1,394.1,389.1,392.0
1982-02-08 00:00,392.7,392.7,385.3,386.8
1982-02-09 00:00,386.9,387.9,384.0,387.6
1982-02-10 00:00,387.85,392.0,387.85,391.3
1982-02-11 00:00,392.25,392.25,382.7,384.0
1982-02-12 00:00,384.1,385.9,383.3,384.9
1982-02-16 00:00,385.3,385.3,379.3,381.8
1982-02-17 00:00,381.95,382.5,378.6,381.1
1982-02-18 00:00,382.0,382.0,373.9,374.1
1982-02-19 00:00,374.6,375.3,368.5,369.3
1982-02-22 00:00,369.4,371.3,367.0,368.8
1982-02-23 00:00,369.6,369.6,362.7,367.7
1982-02-24 00:00,368.15,372.8,366.6,372.4
1982-02-25 00:00,372.9,373.1,368.2,369.8
1982-02-26 00:00,370.45,370.45,364.0,364.5
1982-03-01 00:00,365.2,366.3,362.5,365.8
1982-03-02 00:00,366.5,366.5,360.2,361.6
1982-03-03 00:00,362.05,362.05,353.5,354.2
1982-03-04 00:00,355.2,355.2,345.5,346.8
1982-03-05 00:00,347.35,347.35,336.0,336.3
1982-03-08 00:00,336.75,336.75,323.0,321.0
1982-03-09 00:00,331.5,336.5,326.8,336.0
1982-03-10 00:00,336.85,339.8,332.6,338.8
1982-03-11 00:00,339.15,339.15,329.5,330.0
1982-03-12 00:00,330.35,330.35,317.5,319.6
1982-03-15 00:00,320.0,327.0,312.5,326.2
1982-03-16 00:00,326.9,328.0,314.0,314.5
1982-03-17 00:00,315.3,321.5,313.7,319.3
1982-03-18 00:00,319.75,326.0,319.75,325.2
1982-03-19 00:00,325.65,325.65,314.5,317.7
1982-03-22 00:00,318.4,325.2,318.4,324.6
1982-03-23 00:00,324.75,332.0,324.75,327.0
1982-03-24 00:00,327.8,335.5,327.8,334.2
1982-03-25 00:00,335.15,336.0,331.7,333.6
1982-03-26 00:00,333.9,333.9,327.0,329.2
1982-03-29 00:00,330.05,321.0,323.4,330.5
1982-03-30 00:00,331.45,333.4,326.0,326.5
1982-03-31 00:00,327.3,335.0,325.8,334.2
1982-04-01 00:00,334.4,336.0,328.8,332.8
1982-04-02 00:00,333.25,337.2,332.1,336.8
1982-04-05 00:00,337.75,355.0,337.75,353.3
1982-04-06 00:00,353.35,368.5,351.0,367.0
1982-04-07 00:00,367.65,367.65,355.5,357.0
1982-04-08 00:00,357.95,368.0,357.95,366.0
1982-04-12 00:00,366.85,366.85,355.8,357.5
1982-04-13 00:00,357.6,366.5,357.6,362.7
1982-04-14 00:00,362.95,377.5,362.95,376.0
1982-04-15 00:00,376.6,376.6,369.0,371.8
1982-04-16 00:00,372.6,372.6,365.0,366.0
1982-04-19 00:00,366.5,366.5,342.0,346.5
1982-04-20 00:00,346.7,352.5,346.5,350.5
1982-04-21 00:00,350.55,353.2,347.5,349.1
1982-04-22 00:00,349.55,351.5,348.0,349.6
1982-04-23 00:00,349.95,358.5,349.95,356.7
1982-04-26 00:00,357.0,365.9,355.5,356.5
1982-04-27 00:00,356.6,360.5,353.2,360.0
1982-04-28 00:00,360.1,362.5,355.0,359.1
1982-04-29 00:00,359.8,362.0,350.5,360.5
1982-04-30 00:00,361.25,367.0,335.5,346.5
1982-05-03 00:00,346.6,351.0,345.0,349.0
1982-05-04 00:00,349.7,349.7,343.0,346.5
1982-05-05 00:00,346.8,346.8,338.9,339.8
1982-05-06 00:00,340.35,340.35,334.0,335.0
1982-05-07 00:00,335.45,338.5,321.0,336.5
1982-05-10 00:00,337.05,337.05,329.0,331.5
1982-05-11 00:00,331.55,336.8,331.55,335.8
1982-05-12 00:00,336.2,336.2,333.0,335.0
1982-05-13 00:00,335.6,335.6,332.4,333.5
1982-05-14 00:00,333.9,341.5,333.5,340.0
1982-05-17 00:00,340.2,341.5,335.6,336.2
1982-05-18 00:00,336.8,343.0,336.8,342.1
1982-05-19 00:00,342.9,345.8,342.0,342.5
1982-05-20 00:00,342.55,345.0,340.5,344.0
1982-05-21 00:00,344.75,344.75,336.5,337.2
1982-05-24 00:00,337.55,337.55,327.5,328.8
1982-05-25 00:00,329.55,331.5,327.5,329.5
1982-05-26 00:00,330.1,338.5,330.1,331.7
1982-05-27 00:00,332.25,333.7,330.0,333.3
1982-05-28 00:00,333.65,333.65,328.0,329.0
1982-06-01 00:00,329.3,329.3,322.5,323.8
1982-06-02 00:00,324.1,327.7,323.5,326.4
1982-06-03 00:00,326.65,328.0,321.0,323.5
1982-06-04 00:00,324.3,326.8,322.5,325.3
1982-06-07 00:00,325.45,343.0,325.45,342.5
1982-06-08 00:00,343.2,343.2,334.0,337.3
1982-06-09 00:00,337.7,337.7,331.5,333.2
1982-06-10 00:00,333.65,334.0,330.0,332.6
1982-06-11 00:00,332.9,333.5,329.5,333.2
1982-06-14 00:00,333.95,333.95,321.5,322.5
1982-06-15 00:00,323.25,323.25,317.5,321.0
1982-06-16 00:00,321.45,322.9,318.5,321.4
1982-06-17 00:00,322.1,322.1,308.0,312.2
1982-06-18 00:00,312.2,313.3,308.0,308.5
1982-06-21 00:00,309.35,309.35,297.5,305.0
1982-06-22 00:00,305.15,312.7,301.0,301.5
1982-06-23 00:00,302.15,311.5,301.5,311.0
1982-06-24 00:00,311.4,315.5,307.0,307.5
1982-06-25 00:00,308.2,311.0,306.7,310.2
1982-06-28 00:00,310.65,314.0,305.5,313.7
1982-06-29 00:00,313.95,319.5,309.8,318.0
1982-06-30 00:00,318.65,322.5,315.6,317.8
1982-07-01 00:00,318.2,318.2,312.5,316.5
1982-07-02 00:00,317.45,317.7,313.8,315.0
1982-07-06 00:00,315.15,315.4,310.3,311.5
1982-07-07 00:00,311.95,313.8,308.3,313.5
1982-07-08 00:00,314.15,326.5,314.15,324.7
1982-07-09 00:00,324.75,349.7,324.75,348.0
1982-07-12 00:00,348.15,348.15,340.2,343.5
1982-07-13 00:00,343.8,362.0,343.8,359.5
1982-07-14 00:00,360.2,360.2,348.5,349.2
1982-07-15 00:00,349.3,355.5,342.0,345.7
1982-07-16 00:00,346.65,356.0,346.2,351.5
1982-07-19 00:00,352.0,353.0,344.5,346.5
1982-07-20 00:00,346.9,363.0,346.3,360.3
1982-07-21 00:00,361.0,377.0,354.5,356.2
1982-07-22 00:00,356.65,360.0,352.0,359.5
1982-07-23 00:00,359.85,367.2,355.5,361.2
1982-07-26 00:00,362.15,362.15,349.0,355.5
1982-07-27 00:00,355.6,355.6,349.0,352.2
1982-07-28 00:00,353.0,353.0,338.0,339.5
1982-07-29 00:00,339.8,343.3,334.3,338.6
1982-07-30 00:00,339.25,357.8,339.25,355.5
1982-08-02 00:00,356.05,366.5,356.05,366.1
1982-08-03 00:00,366.85,366.85,357.0,358.0
1982-08-04 00:00,358.75,364.4,356.2,363.1
1982-08-05 00:00,363.95,363.95,354.0,356.8
1982-08-06 00:00,356.85,359.8,354.5,355.5
1982-08-09 00:00,356.35,356.35,345.5,346.5
1982-08-10 00:00,346.8,350.0,341.5,343.3
1982-08-11 00:00,343.6,345.8,340.2,344.5
1982-08-12 00:00,344.6,350.5,343.3,348.5
1982-08-13 00:00,349.25,349.8,344.0,344.9
1982-08-16 00:00,345.7,353.5,345.7,348.4
1982-08-17 00:00,348.65,355.0,346.4,354.5
1982-08-18 00:00,355.2,372.0,355.2,368.9
1982-08-19 00:00,369.45,386.0,365.0,384.5
1982-08-20 00:00,385.15,401.0,385.15,396.0
1982-08-23 00:00,397.0,411.5,397.0,408.7
1982-08-24 00:00,409.1,423.0,409.0,413.2
1982-08-25 00:00,414.1,418.0,404.5,417.0
1982-08-26 00:00,417.7,441.0,417.7,437.5
1982-08-27 00:00,438.35,438.35,412.5,413.0
1982-08-30 00:00,413.65,421.0,405.0,419.5
1982-08-31 00:00,420.3,425.5,415.0,418.5
1982-09-01 00:00,419.05,419.05,408.0,415.5
1982-09-02 00:00,416.4,440.5,416.4,440.5
1982-09-03 00:00,440.9,465.5,440.9,465.5
1982-09-07 00:00,466.35,500.0,466.35,481.0
1982-09-08 00:00,481.45,509.0,465.0,497.0
1982-09-09 00:00,497.4,497.4,472.0,472.0
1982-09-10 00:00,472.75,472.75,447.0,452.0
1982-09-13 00:00,452.75,458.0,447.0,457.0
1982-09-14 00:00,457.8,468.0,443.0,447.0
1982-09-15 00:00,447.65,458.0,443.0,454.5
1982-09-16 00:00,455.45,463.4,450.0,454.0
1982-09-17 00:00,454.9,454.9,441.0,443.0
1982-09-20 00:00,443.05,443.05,428.0,436.0
1982-09-21 00:00,436.35,448.0,432.5,447.0
1982-09-22 00:00,447.9,457.8,443.0,445.5
1982-09-23 00:00,445.9,454.0,443.3,447.3
1982-09-24 00:00,447.3,447.3,423.0,424.3
1982-09-27 00:00,424.95,424.95,409.0,412.0
1982-09-28 00:00,412.9,423.5,412.9,420.5
1982-09-29 00:00,420.9,421.5,396.0,400.0
1982-09-30 00:00,400.75,406.0,398.0,404.8
1982-10-01 00:00,404.85,415.5,404.85,413.0
1982-10-04 00:00,413.45,413.45,390.0,392.5
1982-10-05 00:00,392.55,401.5,392.55,398.4
1982-10-06 00:00,399.05,414.5,399.05,403.8
1982-10-07 00:00,403.8,428.8,403.8,428.8
1982-10-08 00:00,429.6,444.0,418.0,424.5
1982-10-11 00:00,425.5,449.5,425.5,449.5
1982-10-12 00:00,450.45,452.0,437.0,443.5
1982-10-13 00:00,443.85,461.0,432.5,460.0
1982-10-14 00:00,460.85,465.0,441.0,445.5
1982-10-15 00:00,445.7,445.7,430.0,433.0
1982-10-18 00:00,433.25,442.5,431.0,439.5
1982-10-19 00:00,439.7,449.0,426.0,427.0
1982-10-20 00:00,427.45,439.0,424.5,437.0
1982-10-21 00:00,437.05,442.0,422.5,427.5
1982-10-22 00:00,427.6,438.5,427.6,435.5
1982-10-25 00:00,435.65,435.65,414.0,420.5
1982-10-26 00:00,421.05,427.5,415.5,426.7
1982-10-27 00:00,426.95,426.95,418.0,425.0
1982-10-28 00:00,425.1,425.1,419.0,422.7
1982-10-29 00:00,423.3,430.0,422.0,423.0
1982-11-01 00:00,423.7,435.0,423.7,432.5
1982-11-03 00:00,432.7,438.5,423.5,426.0
1982-11-04 00:00,426.1,430.0,421.5,429.3
1982-11-05 00:00,429.45,429.45,416.0,419.0
1982-11-08 00:00,419.85,419.85,405.5,407.5
1982-11-09 00:00,408.35,415.8,408.35,414.0
1982-11-10 00:00,414.75,415.0,401.0,405.0
1982-11-11 00:00,405.7,406.5,399.5,406.0
1982-11-12 00:00,406.4,411.5,398.0,410.5
1982-11-15 00:00,411.45,411.45,401.0,406.5
1982-11-16 00:00,407.4,414.5,407.1,411.5
1982-11-17 00:00,411.65,415.7,406.5,408.5
1982-11-18 00:00,409.2,415.0,408.0,413.2
1982-11-19 00:00,413.95,421.0,413.7,414.8
1982-11-22 00:00,415.0,415.0,405.0,406.0
1982-11-23 00:00,406.3,410.0,405.0,405.3
1982-11-24 00:00,405.4,413.3,405.4,411.5
1982-11-26 00:00,411.6,438.5,411.6,433.9
1982-11-29 00:00,434.85,444.5,433.5,440.6
1982-11-30 00:00,441.35,449.5,440.0,449.0
1982-12-01 00:00,449.85,449.85,439.0,441.7
1982-12-02 00:00,442.3,456.4,442.3,449.5
1982-12-03 00:00,449.65,450.0,442.0,447.8
1982-12-06 00:00,448.35,454.5,447.1,452.0
1982-12-07 00:00,452.2,465.5,452.2,458.5
1982-12-08 00:00,458.8,458.8,442.5,444.5
1982-12-09 00:00,444.7,450.0,439.5,449.2
1982-12-10 00:00,449.75,449.75,440.0,441.5
1982-12-13 00:00,442.25,450.0,441.3,449.5
1982-12-14 00:00,450.2,457.5,435.0,436.8
1982-12-15 00:00,437.75,445.0,437.75,443.7
1982-12-16 00:00,444.05,448.0,439.3,446.0
1982-12-17 00:00,446.75,447.0,439.8,444.2
1982-12-20 00:00,444.55,447.8,443.4,446.9
1982-12-21 00:00,446.95,456.5,446.1,455.5
1982-12-22 00:00,456.4,456.4,447.0,448.0
1982-12-23 00:00,448.35,454.0,447.3,450.8
1982-12-27 00:00,451.05,464.0,451.05,462.2
1982-12-28 00:00,463.1,463.1,457.0,460.0
1982-12-29 00:00,460.45,468.8,460.0,465.5
1982-12-30 00:00,465.85,466.5,449.0,453.0
1983-01-03 00:00,453.5,457.5,450.8,453.4
1983-01-04 00:00,454.05,457.7,449.5,456.7
1983-01-05 00:00,456.85,464.8,456.2,461.0
1983-01-06 00:00,461.8,461.8,455.5,456.5
1983-01-07 00:00,457.0,471.5,456.5,469.5
1983-01-10 00:00,469.85,489.0,469.85,483.2
1983-01-11 00:00,483.9,490.5,479.0,482.4
1983-01-12 00:00,482.95,493.0,480.0,492.6
1983-01-13 00:00,493.3,495.0,485.0,490.0
1983-01-14 00:00,490.95,497.0,482.5,490.0
1983-01-17 00:00,490.75,502.1,490.75,492.5
1983-01-18 00:00,492.85,505.0,483.8,503.8
1983-01-19 00:00,504.75,504.75,485.0,489.6
1983-01-20 00:00,490.6,497.0,487.5,492.5
1983-01-21 00:00,493.45,493.45,481.5,485.0
1983-01-24 00:00,485.65,486.2,473.0,482.5
1983-01-25 00:00,482.55,493.7,482.55,490.0
1983-01-26 00:00,490.8,500.0,490.8,499.1
1983-01-27 00:00,499.55,507.5,499.55,504.1
1983-01-28 00:00,504.4,504.4,497.5,502.8
1983-01-31 00:00,503.1,519.0,503.1,518.2
1983-02-01 00:00,519.05,519.05,511.0,511.5
1983-02-02 00:00,512.25,518.5,504.5,515.0
1983-02-03 00:00,515.95,516.5,503.5,504.0
1983-02-04 00:00,504.95,510.3,498.0,501.0
1983-02-07 00:00,501.4,503.5,496.0,501.0
1983-02-08 00:00,501.2,506.5,498.5,499.2
1983-02-09 00:00,500.0,501.3,495.0,498.3
1983-02-10 00:00,498.4,511.0,498.4,509.5
1983-02-11 00:00,510.0,513.5,507.2,510.0
1983-02-14 00:00,510.2,516.0,506.2,514.2
1983-02-15 00:00,515.15,520.0,511.0,511.5
1983-02-16 00:00,512.45,516.3,508.5,511.0
1983-02-17 00:00,511.9,513.0,507.0,508.0
1983-02-18 00:00,508.75,511.5,507.6,510.5
1983-02-22 00:00,510.55,510.55,485.5,485.5
1983-02-23 00:00,485.6,485.6,470.0,471.5
1983-02-24 00:00,471.6,479.8,471.6,473.7
1983-02-25 00:00,474.2,474.2,448.7,448.7
1983-02-28 00:00,449.25,449.25,423.7,423.7
1983-03-01 00:00,424.7,424.7,412.0,415.0
1983-03-02 00:00,415.15,437.0,415.15,436.0
1983-03-03 00:00,436.0,437.3,430.5,433.0
1983-03-04 00:00,433.75,433.75,408.0,420.0
1983-03-07 00:00,420.4,431.0,418.0,429.5
1983-03-08 00:00,430.25,430.25,418.0,424.5
1983-03-09 00:00,424.65,429.0,423.8,426.3
1983-03-10 00:00,426.6,439.5,426.6,433.0
1983-03-11 00:00,433.9,433.9,420.0,429.3
1983-03-14 00:00,429.45,442.0,428.0,438.5
1983-03-15 00:00,438.75,438.75,425.0,427.8
1983-03-16 00:00,428.55,428.55,417.0,419.5
1983-03-17 00:00,419.7,422.0,414.0,420.8
1983-03-18 00:00,421.1,423.7,411.0,416.5
1983-03-21 00:00,416.6,421.5,413.0,421.0
1983-03-22 00:00,421.95,424.3,418.5,419.5
1983-03-23 00:00,419.7,420.5,406.5,418.5
1983-03-24 00:00,418.6,418.6,410.0,410.5
1983-03-25 00:00,410.7,418.0,408.0,414.5
1983-03-28 00:00,415.15,415.15,406.5,412.3
1983-03-29 00:00,412.3,424.3,412.3,422.2
1983-03-30 00:00,423.1,425.3,419.0,419.5
1983-03-31 00:00,420.3,422.7,419.2,422.0
1983-04-04 00:00,422.15,434.5,422.0,433.5
1983-04-05 00:00,433.8,439.8,432.0,434.8
1983-04-06 00:00,435.35,437.0,431.0,435.5
1983-04-07 00:00,436.25,436.25,430.5,431.0
1983-04-08 00:00,431.75,431.75,425.0,427.2
1983-04-11 00:00,427.9,437.3,427.9,436.8
1983-04-12 00:00,437.05,439.3,434.2,437.0
1983-04-13 00:00,437.35,437.8,434.0,437.4
1983-04-14 00:00,437.55,443.5,437.55,443.0
1983-04-15 00:00,443.05,443.05,439.1,442.2
1983-04-18 00:00,442.75,450.8,442.75,449.8
1983-04-19 00:00,449.8,449.8,436.0,437.5
1983-04-20 00:00,437.9,443.7,436.4,443.0
1983-04-21 00:00,443.65,445.0,438.0,439.7
1983-04-22 00:00,440.45,444.0,440.0,443.3
1983-04-25 00:00,443.75,446.5,440.5,440.8
1983-04-26 00:00,441.6,442.5,438.5,442.3
1983-04-27 00:00,443.1,443.1,432.5,435.0
1983-04-28 00:00,435.9,435.9,429.5,434.2
1983-04-29 00:00,435.2,435.2,428.2,433.5
1983-05-02 00:00,433.75,433.75,430.7,432.3
1983-05-03 00:00,433.05,437.5,433.05,436.4
1983-05-04 00:00,437.35,438.0,434.1,437.7
1983-05-05 00:00,438.5,438.5,433.5,434.8
1983-05-06 00:00,435.0,440.8,433.2,439.5
1983-05-09 00:00,440.3,444.8,435.0,443.8
1983-05-10 00:00,444.15,452.5,442.0,445.3
1983-05-11 00:00,446.05,447.1,442.5,445.7
1983-05-12 00:00,446.1,446.1,439.0,440.4
1983-05-13 00:00,441.05,444.3,440.8,442.8
1983-05-16 00:00,443.2,443.2,436.7,440.2
1983-05-17 00:00,440.85,446.5,438.5,444.3
1983-05-18 00:00,444.6,446.8,441.0,441.2
1983-05-19 00:00,441.45,445.8,436.0,439.3
1983-05-20 00:00,440.05,441.7,436.8,438.0
1983-05-23 00:00,438.9,441.0,432.5,439.0
1983-05-24 00:00,439.8,440.0,436.0,437.5
1983-05-25 00:00,438.3,443.6,438.3,440.1
1983-05-26 00:00,440.6,448.5,440.6,444.4
1983-05-27 00:00,444.45,445.3,442.0,442.8
1983-05-31 00:00,443.05,446.1,417.8,418.5
1983-06-01 00:00,418.8,422.0,408.0,411.5
1983-06-02 00:00,412.5,420.8,412.5,417.8
1983-06-03 00:00,417.9,419.2,415.7,418.0
1983-06-06 00:00,418.0,418.0,401.0,407.5
1983-06-07 00:00,408.45,411.5,402.5,409.9
1983-06-08 00:00,410.4,410.4,406.5,408.0
1983-06-09 00:00,408.2,421.0,408.2,418.0
1983-06-10 00:00,418.95,418.95,409.0,412.4
1983-06-13 00:00,413.35,420.0,413.35,418.5
1983-06-14 00:00,419.2,419.2,411.8,416.2
1983-06-15 00:00,417.05,417.05,411.0,413.9
1983-06-16 00:00,414.5,423.5,414.5,419.7
1983-06-17 00:00,420.05,421.8,415.0,417.8
1983-06-20 00:00,418.55,425.0,416.0,420.3
1983-06-21 00:00,421.2,423.7,417.1,422.8
1983-06-22 00:00,423.5,427.0,421.0,424.2
1983-06-23 00:00,425.05,425.5,422.0,425.3
1983-06-24 00:00,426.2,428.3,425.0,426.8
1983-06-27 00:00,427.2,427.2,416.0,419.0
1983-06-28 00:00,419.35,421.3,414.5,417.5
1983-06-29 00:00,417.95,421.5,417.3,419.3
1983-06-30 00:00,420.2,420.5,415.8,418.5
1983-07-01 00:00,419.45,421.5,418.6,421.2
1983-07-05 00:00,422.05,422.05,411.5,416.0
1983-07-06 00:00,416.0,416.0,412.5,415.5
1983-07-07 00:00,415.9,437.0,409.5,432.8
1983-07-08 00:00,433.1,434.5,427.7,430.3
1983-07-11 00:00,430.85,439.0,429.3,432.7
1983-07-12 00:00,432.9,433.0,429.0,430.0
1983-07-13 00:00,430.9,430.9,426.0,426.5
1983-07-14 00:00,426.75,429.4,421.0,422.3
1983-07-15 00:00,422.6,433.0,421.0,421.7
1983-07-18 00:00,422.65,426.7,422.65,426.3
1983-07-19 00:00,426.75,426.75,423.8,424.8
1983-07-20 00:00,424.8,432.0,424.8,430.2
1983-07-21 00:00,430.85,432.0,421.0,423.8
1983-07-22 00:00,424.35,428.0,424.0,425.7
1983-07-25 00:00,425.75,429.8,419.5,428.3
1983-07-26 00:00,429.0,429.0,425.6,426.7
1983-07-27 00:00,426.75,429.5,424.0,425.0
1983-07-28 00:00,425.8,441.6,425.8,440.2
1983-07-29 00:00,440.8,440.8,424.0,427.4
1983-08-01 00:00,428.1,429.0,420.5,426.5
1983-08-02 00:00,427.4,429.2,425.5,428.0
1983-08-03 00:00,428.95,430.5,424.3,429.2
1983-08-04 00:00,430.15,430.15,423.5,424.4
1983-08-05 00:00,424.45,427.5,420.8,426.8
1983-08-08 00:00,427.4,427.4,418.5,425.3
1983-08-09 00:00,426.25,427.5,421.8,423.0
1983-08-10 00:00,423.2,431.0,420.1,424.9
1983-08-11 00:00,425.2,426.0,422.8,423.6
1983-08-12 00:00,423.95,428.0,423.95,426.2
1983-08-15 00:00,426.45,433.5,426.45,432.8
1983-08-16 00:00,433.1,436.3,431.5,432.2
1983-08-17 00:00,432.7,436.5,432.2,434.0
1983-08-18 00:00,434.6,435.0,431.0,432.7
1983-08-19 00:00,433.65,433.65,428.6,430.3
1983-08-22 00:00,431.3,438.0,431.3,437.6
1983-08-23 00:00,438.1,441.0,436.5,436.8
1983-08-24 00:00,437.25,437.5,433.0,433.4
1983-08-25 00:00,433.45,435.9,427.0,428.7
1983-08-26 00:00,429.6,431.4,427.2,430.8
1983-08-29 00:00,431.65,431.65,425.5,428.5
1983-08-30 00:00,429.25,430.2,428.0,428.5
1983-08-31 00:00,429.45,429.45,423.8,424.8
1983-09-01 00:00,425.2,427.5,425.2,425.8
1983-09-02 00:00,426.15,429.0,425.3,427.0
1983-09-06 00:00,427.1,429.0,421.0,422.3
1983-09-07 00:00,422.85,425.2,421.8,423.9
1983-09-08 00:00,424.85,424.85,422.5,424.3
1983-09-09 00:00,425.05,425.3,422.8,422.9
1983-09-12 00:00,423.2,426.5,411.0,414.0
1983-09-13 00:00,414.85,416.5,412.8,415.7
1983-09-14 00:00,416.4,418.0,407.0,416.5
1983-09-15 00:00,416.75,416.75,411.8,413.2
1983-09-16 00:00,413.25,419.0,413.25,418.7
1983-09-19 00:00,419.0,422.4,417.0,421.5
1983-09-20 00:00,421.85,421.85,418.6,419.2
1983-09-21 00:00,420.1,420.5,417.6,419.1
1983-09-22 00:00,419.15,424.0,414.0,419.5
1983-09-23 00:00,419.95,426.0,418.0,423.6
1983-09-26 00:00,424.0,424.3,420.7,421.9
1983-09-27 00:00,422.45,422.45,418.5,420.2
1983-09-28 00:00,420.95,421.7,416.0,417.6
1983-09-29 00:00,417.75,417.75,407.0,411.5
1983-09-30 00:00,412.35,413.5,401.0,407.8
1983-10-03 00:00,408.45,408.45,391.0,396.4
1983-10-04 00:00,397.25,401.4,396.0,398.8
1983-10-05 00:00,399.4,403.4,391.0,402.3
1983-10-06 00:00,402.55,402.8,398.3,400.5
1983-10-07 00:00,401.25,406.5,401.25,405.3
1983-10-10 00:00,406.15,408.8,404.0,408.4
1983-10-11 00:00,408.8,408.8,401.5,403.0
1983-10-12 00:00,403.15,404.3,397.7,401.8
1983-10-13 00:00,402.75,404.0,401.2,403.7
1983-10-14 00:00,403.8,405.5,402.5,403.7
1983-10-17 00:00,403.9,404.5,395.0,401.6
1983-10-18 00:00,402.3,403.2,399.7,400.3
1983-10-19 00:00,401.25,401.25,392.5,394.8
1983-10-20 00:00,395.65,398.5,391.0,397.5
1983-10-21 00:00,397.95,398.4,396.3,396.8
1983-10-24 00:00,397.0,403.0,397.0,401.8
1983-10-25 00:00,402.7,403.0,399.3,400.8
1983-10-26 00:00,401.15,401.15,388.0,389.3
1983-10-27 00:00,389.7,389.9,383.5,389.0
1983-10-28 00:00,389.5,392.3,388.3,389.8
1983-10-31 00:00,390.65,390.65,378.0,378.8
1983-11-01 00:00,379.2,382.5,377.2,380.8
1983-11-02 00:00,381.7,386.7,381.7,385.5
1983-11-03 00:00,386.2,386.2,377.8,385.0
1983-11-04 00:00,385.35,387.7,381.2,382.3
1983-11-07 00:00,383.1,384.5,379.0,383.4
1983-11-08 00:00,384.35,385.0,382.6,383.0
1983-11-09 00:00,383.15,386.0,382.8,383.5
1983-11-10 00:00,384.3,384.7,382.2,383.4
1983-11-11 00:00,383.55,385.9,382.7,385.7
1983-11-14 00:00,386.55,386.55,382.7,384.1
1983-11-15 00:00,384.55,385.4,383.6,384.2
1983-11-16 00:00,384.35,385.2,375.0,376.3
1983-11-17 00:00,376.4,379.5,373.0,378.2
1983-11-18 00:00,378.35,378.35,375.2,376.3
1983-11-21 00:00,376.85,377.0,373.8,376.7
1983-11-22 00:00,377.15,378.1,375.9,376.2
1983-11-23 00:00,376.8,376.8,375.5,375.7
1983-11-25 00:00,376.3,377.4,375.7,377.2
1983-11-28 00:00,377.9,408.0,377.9,401.7
1983-11-29 00:00,402.5,404.8,397.8,403.8
1983-11-30 00:00,404.0,414.0,404.0,409.0
1983-12-01 00:00,409.85,409.85,403.0,406.9
1983-12-02 00:00,407.85,409.0,403.5,404.1
1983-12-05 00:00,405.1,406.5,401.0,404.5
1983-12-06 00:00,405.45,405.45,402.6,404.4
1983-12-07 00:00,405.3,410.0,404.2,408.8
1983-12-08 00:00,409.75,409.75,392.0,394.0
1983-12-09 00:00,394.4,396.2,391.0,393.4
1983-12-12 00:00,394.2,397.5,394.2,395.5
1983-12-13 00:00,395.55,395.7,393.2,395.3
1983-12-14 00:00,395.85,395.85,392.0,393.4
1983-12-15 00:00,393.55,394.7,383.0,385.1
1983-12-16 00:00,385.75,386.0,376.5,377.0
1983-12-19 00:00,377.65,381.5,375.5,377.3
1983-12-20 00:00,377.4,384.0,377.4,383.4
1983-12-21 00:00,383.45,383.45,380.6,381.7
1983-12-22 00:00,381.85,386.0,380.6,385.7
1983-12-23 00:00,386.0,386.0,380.6,383.6
1983-12-27 00:00,383.75,385.3,378.5,382.9
1983-12-28 00:00,382.9,383.0,380.7,381.6
1983-12-29 00:00,382.35,386.5,382.35,385.5
1983-12-30 00:00,385.75,388.5,383.8,388.0
1984-01-03 00:00,388.95,388.95,378.5,381.7
1984-01-04 00:00,382.4,382.4,373.0,379.7
1984-01-05 00:00,379.8,380.4,377.0,377.7
1984-01-06 00:00,378.3,378.3,369.1,370.0
1984-01-09 00:00,370.3,370.3,364.5,367.7
1984-01-10 00:00,368.6,373.9,368.6,370.2
1984-01-11 00:00,370.85,373.0,368.3,372.9
1984-01-12 00:00,373.2,374.5,369.0,371.8
1984-01-13 00:00,372.2,376.5,370.0,372.5
1984-01-16 00:00,372.8,372.8,367.0,371.3
1984-01-17 00:00,372.15,372.15,368.0,370.8
1984-01-18 00:00,371.55,371.55,368.0,370.2
1984-01-19 00:00,370.8,378.0,370.8,375.3
1984-01-20 00:00,375.75,375.75,370.5,372.4
1984-01-23 00:00,373.1,373.1,365.3,366.3
1984-01-24 00:00,366.55,367.5,363.5,366.8
1984-01-25 00:00,366.8,367.9,366.2,367.5
1984-01-26 00:00,368.0,368.2,362.5,366.3
1984-01-27 00:00,366.7,379.0,366.7,375.4
1984-01-30 00:00,376.2,376.4,374.3,375.8
1984-01-31 00:00,376.65,381.0,376.65,379.2
1984-02-01 00:00,380.05,385.3,380.05,384.9
1984-02-02 00:00,384.95,392.5,384.95,391.8
1984-02-03 00:00,392.7,393.0,388.2,391.5
1984-02-06 00:00,392.45,392.45,384.7,387.0
1984-02-07 00:00,387.55,388.2,384.0,386.2
1984-02-08 00:00,387.1,395.0,387.0,387.3
1984-02-09 00:00,387.3,389.5,380.0,383.6
1984-02-10 00:00,383.75,384.4,380.8,382.5
1984-02-13 00:00,382.55,382.55,380.5,381.8
1984-02-14 00:00,382.35,392.0,379.1,387.8
1984-02-15 00:00,388.3,390.7,385.5,385.7
1984-02-16 00:00,386.3,389.0,386.2,387.4
1984-02-17 00:00,388.1,390.5,386.1,388.7
1984-02-21 00:00,389.2,394.5,388.0,392.4
1984-02-22 00:00,392.95,403.9,392.95,403.5
1984-02-23 00:00,403.85,404.5,399.5,402.8
1984-02-24 00:00,403.55,403.55,398.3,399.5
1984-02-27 00:00,399.95,406.0,396.6,405.0
1984-02-28 00:00,405.8,405.8,397.0,398.3
1984-02-29 00:00,398.45,401.0,396.0,398.9
1984-03-01 00:00,399.75,399.75,394.0,397.8
1984-03-02 00:00,398.5,404.0,398.5,403.7
1984-03-05 00:00,404.15,410.5,404.15,407.3
1984-03-06 00:00,407.7,408.0,405.0,407.0
1984-03-07 00:00,407.25,407.25,399.5,401.2
1984-03-08 00:00,401.25,406.5,398.0,405.3
1984-03-09 00:00,406.25,406.25,401.5,402.8
1984-03-12 00:00,403.25,403.25,397.5,398.3
1984-03-13 00:00,398.75,401.8,398.2,400.4
1984-03-14 00:00,400.55,402.9,395.0,395.8
1984-03-15 00:00,396.65,397.3,393.0,394.7
1984-03-16 00:00,394.95,396.4,393.0,395.3
1984-03-19 00:00,395.8,396.5,393.3,395.5
1984-03-20 00:00,396.2,396.5,393.4,395.3
1984-03-21 00:00,395.8,395.8,391.7,394.0
1984-03-22 00:00,394.85,394.85,387.5,387.8
1984-03-23 00:00,388.25,389.5,385.5,386.8
1984-03-26 00:00,387.05,389.0,387.0,388.5
1984-03-27 00:00,389.45,389.7,387.0,387.3
1984-03-28 00:00,387.65,398.0,387.65,397.2
1984-03-29 00:00,397.55,397.8,395.5,396.7
1984-03-30 00:00,397.3,397.3,393.5,394.3
1984-04-02 00:00,394.65,394.65,385.5,385.7
1984-04-03 00:00,386.0,388.1,384.0,387.5
1984-04-04 00:00,387.75,388.8,386.5,388.2
1984-04-05 00:00,388.55,388.55,382.8,385.4
1984-04-06 00:00,385.65,387.7,385.4,387.1
1984-04-09 00:00,387.15,389.4,386.9,388.0
1984-04-10 00:00,388.35,389.8,386.7,387.9
1984-04-11 00:00,388.65,390.7,387.4,388.7
1984-04-12 00:00,389.15,389.15,382.5,384.7
1984-04-13 00:00,384.8,387.2,383.8,387.0
1984-04-16 00:00,387.3,387.3,384.1,384.5
1984-04-17 00:00,385.2,386.0,384.8,385.6
1984-04-18 00:00,386.35,395.0,381.5,392.0
1984-04-19 00:00,392.4,392.4,386.3,388.8
1984-04-23 00:00,388.9,392.8,388.9,390.6
1984-04-24 00:00,391.3,391.3,385.0,386.1
1984-04-25 00:00,386.95,387.2,384.3,385.9
1984-04-26 00:00,386.1,386.1,378.5,381.2
1984-04-27 00:00,381.3,383.0,380.5,381.5
1984-04-30 00:00,382.1,382.1,377.8,379.6
1984-05-01 00:00,380.55,381.5,379.5,380.3
1984-05-02 00:00,380.8,382.5,379.7,381.3
1984-05-03 00:00,381.65,383.7,380.0,381.3
1984-05-04 00:00,381.5,382.2,377.5,378.5
1984-05-07 00:00,379.3,379.3,373.5,374.5
1984-05-08 00:00,374.6,376.6,372.7,375.9
1984-05-09 00:00,376.25,376.25,372.6,373.3
1984-05-10 00:00,373.55,376.3,373.5,375.0
1984-05-11 00:00,375.1,375.9,370.0,373.3
1984-05-14 00:00,373.4,376.0,373.4,375.5
1984-05-15 00:00,375.95,376.9,374.0,376.4
1984-05-16 00:00,376.95,378.8,376.6,378.1
1984-05-17 00:00,378.7,380.0,375.5,376.4
1984-05-18 00:00,377.2,380.0,376.3,379.6
1984-05-21 00:00,380.2,382.8,380.0,380.2
1984-05-22 00:00,381.0,381.2,378.2,380.4
1984-05-23 00:00,380.5,380.5,377.0,377.2
1984-05-24 00:00,377.6,380.5,375.5,379.0
1984-05-25 00:00,379.9,390.5,379.9,390.0
1984-05-29 00:00,390.05,394.0,390.05,392.3
1984-05-30 00:00,392.55,394.5,390.5,391.6
1984-05-31 00:00,392.15,395.5,390.3,393.6
1984-06-01 00:00,393.95,405.3,393.95,397.0
1984-06-04 00:00,397.1,402.8,396.5,402.2
1984-06-05 00:00,402.85,403.2,399.0,401.1
1984-06-06 00:00,401.95,401.95,396.8,398.9
1984-06-07 00:00,399.25,399.25,396.0,396.4
1984-06-08 00:00,396.75,396.75,389.0,389.5
1984-06-11 00:00,390.35,390.35,377.5,378.9
1984-06-12 00:00,379.65,380.8,375.3,379.5
1984-06-13 00:00,380.05,381.0,377.5,379.2
1984-06-14 00:00,379.35,381.8,379.35,379.9
1984-06-15 00:00,380.7,380.7,371.5,375.3
1984-06-18 00:00,376.2,376.2,371.7,375.7
1984-06-19 00:00,376.65,377.9,374.7,375.8
1984-06-20 00:00,376.8,376.8,373.4,376.6
1984-06-21 00:00,377.15,380.0,374.8,377.6
1984-06-22 00:00,378.5,381.4,376.0,376.6
1984-06-25 00:00,377.15,377.15,370.0,372.5
1984-06-26 00:00,372.85,374.6,372.85,374.5
1984-06-27 00:00,374.65,375.2,372.5,373.7
1984-06-28 00:00,373.95,377.9,373.95,376.9
1984-06-29 00:00,377.1,378.1,375.4,376.1
1984-07-02 00:00,377.1,377.1,372.0,373.6
1984-07-03 00:00,374.45,374.45,370.6,372.4
1984-07-05 00:00,373.35,373.35,360.5,362.0
1984-07-06 00:00,362.35,362.35,339.0,347.2
1984-07-09 00:00,348.0,350.8,336.0,349.8
1984-07-10 00:00,350.3,351.0,343.5,345.3
1984-07-11 00:00,345.55,346.5,338.2,343.3
1984-07-12 00:00,344.1,344.5,339.0,339.5
1984-07-13 00:00,340.1,349.0,340.1,345.8
1984-07-16 00:00,346.35,353.5,346.35,349.8
1984-07-17 00:00,349.9,349.9,346.1,347.3
1984-07-18 00:00,347.45,350.5,345.5,350.3
1984-07-19 00:00,350.4,353.5,347.3,348.3
1984-07-20 00:00,349.05,349.05,338.0,340.0
1984-07-23 00:00,340.3,340.3,333.0,337.8
1984-07-24 00:00,338.35,340.4,337.0,337.8
1984-07-25 00:00,337.85,344.5,337.85,343.7
1984-07-26 00:00,344.55,345.0,333.2,333.8
1984-07-27 00:00,334.7,343.0,332.0,342.0
1984-07-30 00:00,342.25,355.5,342.25,355.1
1984-07-31 00:00,355.1,356.3,348.0,350.3
1984-08-01 00:00,351.05,359.0,349.0,358.0
1984-08-02 00:00,358.5,361.5,354.1,357.1
1984-08-03 00:00,357.35,365.5,357.35,363.0
1984-08-06 00:00,363.45,365.5,359.4,361.5
1984-08-07 00:00,362.0,362.0,353.1,356.3
1984-08-08 00:00,356.6,358.9,355.7,356.7
1984-08-09 00:00,356.75,361.9,355.6,361.3
1984-08-10 00:00,361.45,362.3,354.5,354.8
1984-08-13 00:00,355.2,366.0,353.8,362.7
1984-08-14 00:00,362.85,369.0,362.5,366.8
1984-08-15 00:00,366.85,368.0,361.0,365.7
1984-08-16 00:00,365.7,365.7,361.7,362.2
1984-08-17 00:00,362.45,364.7,361.5,362.3
1984-08-20 00:00,362.7,362.7,354.0,354.8
1984-08-21 00:00,355.0,358.0,353.5,357.1
1984-08-22 00:00,357.85,368.0,355.7,365.0
1984-08-23 00:00,365.8,365.8,358.5,360.4
1984-08-24 00:00,361.25,363.1,359.5,362.3
1984-08-27 00:00,362.5,362.5,357.0,358.9
1984-08-28 00:00,358.9,361.8,357.7,358.7
1984-08-29 00:00,359.25,361.6,359.25,360.0
1984-08-30 00:00,360.95,360.95,356.7,358.2
1984-08-31 00:00,359.1,359.1,357.0,358.0
1984-09-04 00:00,358.4,358.4,346.5,347.3
1984-09-05 00:00,347.3,349.8,346.8,348.8
1984-09-06 00:00,348.8,354.5,348.3,352.7
1984-09-07 00:00,353.15,353.15,343.3,344.3
1984-09-10 00:00,344.8,349.7,344.8,347.2
1984-09-11 00:00,347.95,350.8,346.8,347.7
1984-09-12 00:00,348.4,348.6,346.0,346.8
1984-09-13 00:00,347.15,347.4,344.2,346.2
1984-09-14 00:00,346.95,350.8,346.95,348.1
1984-09-17 00:00,348.9,348.9,341.6,343.5
1984-09-18 00:00,344.1,349.8,342.5,348.3
1984-09-19 00:00,348.45,349.0,346.7,348.0
1984-09-20 00:00,348.6,354.5,344.6,349.3
1984-09-21 00:00,349.8,356.5,348.0,354.3
1984-09-24 00:00,355.15,355.15,351.8,352.3
1984-09-25 00:00,352.4,353.3,351.2,352.4
1984-09-26 00:00,352.45,356.1,348.4,348.7
1984-09-27 00:00,349.1,352.7,348.6,350.3
1984-09-28 00:00,350.6,351.5,348.3,351.3
1984-10-01 00:00,352.1,352.5,349.8,350.9
1984-10-02 00:00,351.75,354.3,351.0,353.4
1984-10-03 00:00,354.35,355.8,350.5,351.9
1984-10-04 00:00,352.45,353.1,351.6,352.8
1984-10-05 00:00,353.25,353.25,346.3,347.0
1984-10-08 00:00,347.0,348.3,346.4,347.8
1984-10-09 00:00,348.4,348.4,340.8,342.0
1984-10-10 00:00,342.55,344.2,342.0,343.6
1984-10-11 00:00,344.3,344.4,338.0,341.3
1984-10-12 00:00,341.6,347.0,341.6,346.3
1984-10-15 00:00,346.45,346.45,342.3,345.2
1984-10-16 00:00,345.95,345.95,342.4,343.2
1984-10-17 00:00,343.25,345.8,339.0,340.7
1984-10-18 00:00,340.8,345.0,340.5,344.3
1984-10-19 00:00,345.3,345.3,341.2,342.4
1984-10-22 00:00,343.15,343.15,341.1,342.0
1984-10-23 00:00,342.0,344.2,342.0,343.4
1984-10-24 00:00,343.4,344.5,342.7,342.9
1984-10-25 00:00,343.2,345.0,339.5,340.4
1984-10-26 00:00,341.3,342.5,340.0,340.3
1984-10-29 00:00,340.4,340.4,337.5,338.0
1984-10-30 00:00,338.7,339.0,336.3,336.5
1984-10-31 00:00,337.25,337.25,333.5,336.0
1984-11-01 00:00,336.3,339.5,335.7,338.0
1984-11-02 00:00,338.75,347.0,338.75,345.4
1984-11-05 00:00,346.1,350.5,344.5,349.8
1984-11-06 00:00,350.15,350.15,346.6,347.2
1984-11-07 00:00,347.35,353.5,347.3,352.5
1984-11-08 00:00,353.0,353.0,348.3,349.7
1984-11-09 00:00,349.85,349.85,347.2,347.5
1984-11-12 00:00,348.25,349.5,347.5,349.2
1984-11-13 00:00,349.85,353.0,346.2,347.7
1984-11-14 00:00,348.65,348.65,346.4,347.8
1984-11-15 00:00,348.4,348.4,344.7,345.8
1984-11-16 00:00,345.9,346.6,344.0,345.0
1984-11-19 00:00,345.8,345.8,342.6,343.3
1984-11-20 00:00,344.0,344.4,342.8,343.8
1984-11-21 00:00,344.6,344.6,340.8,342.9
1984-11-23 00:00,343.75,348.0,343.75,345.5
1984-11-26 00:00,346.15,346.15,321.0,331.5
1984-11-27 00:00,331.9,334.4,325.2,327.4
1984-11-28 00:00,328.2,338.7,328.2,335.6
1984-11-29 00:00,336.5,336.8,334.7,335.4
1984-11-30 00:00,335.7,335.7,331.8,333.5
1984-12-03 00:00,333.7,336.6,332.2,336.1
1984-12-04 00:00,336.5,337.0,334.0,334.1
1984-12-05 00:00,334.35,335.5,333.2,334.3
1984-12-06 00:00,334.9,335.8,333.7,334.7
1984-12-07 00:00,335.15,335.15,328.0,330.8
1984-12-10 00:00,331.55,331.55,328.8,329.4
1984-12-11 00:00,330.05,331.5,327.5,329.3
1984-12-12 00:00,329.75,333.5,327.0,329.5
1984-12-13 00:00,329.6,329.6,327.0,327.8
1984-12-14 00:00,327.9,328.2,324.0,325.4
1984-12-17 00:00,325.5,325.5,316.3,316.9
1984-12-18 00:00,317.4,317.4,309.5,311.5
1984-12-19 00:00,311.95,313.4,310.0,311.1
1984-12-20 00:00,311.9,311.9,306.6,309.6
1984-12-21 00:00,310.55,315.0,310.55,313.2
1984-12-26 00:00,313.35,315.6,313.35,314.2
1984-12-27 00:00,314.85,314.85,307.3,309.2
1984-12-28 00:00,309.45,311.5,309.3,310.0
1984-12-31 00:00,310.3,310.3,309.2,309.7
1985-01-02 00:00,309.9,309.9,303.8,304.2
1985-01-03 00:00,305.05,305.2,302.5,303.2
1985-01-04 00:00,303.6,305.7,299.3,299.7
1985-01-07 00:00,300.7,304.0,296.7,303.7
1985-01-08 00:00,304.0,305.0,297.5,298.0
1985-01-09 00:00,298.7,307.0,298.5,305.5
1985-01-10 00:00,305.55,307.0,303.5,304.3
1985-01-11 00:00,304.3,307.0,300.0,300.3
1985-01-14 00:00,300.55,305.3,298.3,303.9
1985-01-15 00:00,304.7,304.7,301.4,302.3
1985-01-16 00:00,302.65,304.8,302.0,304.5
1985-01-17 00:00,305.3,309.5,305.2,308.5
1985-01-18 00:00,308.7,309.3,306.6,307.2
1985-01-21 00:00,307.85,308.8,307.1,308.4
1985-01-22 00:00,309.35,309.35,303.0,303.9
1985-01-23 00:00,304.1,304.1,299.5,301.7
1985-01-24 00:00,302.5,302.6,299.5,299.7
1985-01-25 00:00,299.95,301.0,297.8,300.4
1985-01-28 00:00,300.75,306.6,300.0,306.3
1985-01-29 00:00,306.75,307.7,304.0,305.3
1985-01-30 00:00,306.15,308.5,305.0,307.9
1985-01-31 00:00,308.55,311.0,306.5,307.4
1985-02-01 00:00,307.4,308.1,305.5,306.5
1985-02-04 00:00,306.9,306.9,303.8,305.4
1985-02-05 00:00,305.5,305.9,304.2,305.5
1985-02-06 00:00,305.85,307.0,304.8,305.3
1985-02-07 00:00,305.5,305.5,301.5,302.7
1985-02-08 00:00,302.7,303.7,301.3,303.4
1985-02-11 00:00,303.4,308.3,301.8,307.5
1985-02-12 00:00,308.2,308.2,304.0,304.7
1985-02-13 00:00,305.0,307.0,304.5,305.7
1985-02-14 00:00,306.2,307.7,305.5,305.9
1985-02-15 00:00,306.6,308.5,306.5,306.9
1985-02-19 00:00,307.1,307.1,304.3,306.4
1985-02-20 00:00,306.7,306.7,304.6,306.0
1985-02-21 00:00,306.0,306.0,299.5,301.1
1985-02-22 00:00,301.25,303.0,296.0,296.5
1985-02-25 00:00,296.85,296.85,282.6,284.1
1985-02-26 00:00,284.9,291.3,284.9,290.0
1985-02-27 00:00,290.8,294.3,289.3,289.8
1985-02-28 00:00,290.6,291.5,288.6,288.7
1985-03-01 00:00,288.8,292.0,288.0,291.6
1985-03-04 00:00,291.65,292.5,288.9,291.9
1985-03-05 00:00,292.25,292.25,287.3,287.9
1985-03-06 00:00,288.3,295.5,287.0,292.9
1985-03-07 00:00,293.35,293.35,289.8,291.0
1985-03-08 00:00,291.6,293.3,288.0,288.5
1985-03-11 00:00,288.5,292.4,288.5,290.1
1985-03-12 00:00,290.7,292.5,287.5,292.3
1985-03-13 00:00,293.15,297.4,290.7,291.9
1985-03-14 00:00,291.9,293.2,290.6,291.8
1985-03-15 00:00,292.65,296.3,291.0,295.2
1985-03-18 00:00,295.55,304.0,295.55,303.8
1985-03-19 00:00,303.9,328.8,303.9,328.8
1985-03-20 00:00,329.75,335.0,320.0,324.3
1985-03-21 00:00,324.7,324.7,314.5,317.5
1985-03-22 00:00,318.1,319.5,314.0,316.8
1985-03-25 00:00,317.55,321.7,317.55,320.9
1985-03-26 00:00,321.65,327.0,316.5,324.4
1985-03-27 00:00,325.15,339.0,325.15,332.4
1985-03-28 00:00,332.7,332.9,327.7,331.4
1985-03-29 00:00,332.1,337.2,331.6,334.1
1985-04-01 00:00,334.85,334.85,322.5,322.7
1985-04-02 00:00,323.45,327.3,321.0,326.2
1985-04-03 00:00,327.15,327.15,319.0,320.7
1985-04-04 00:00,321.25,327.0,319.1,324.0
1985-04-08 00:00,324.9,329.5,319.7,329.0
1985-04-09 00:00,329.9,330.5,325.5,327.9
1985-04-10 00:00,327.95,333.0,327.95,330.0
1985-04-11 00:00,330.8,337.5,330.8,336.4
1985-04-12 00:00,337.4,337.4,330.5,331.6
1985-04-15 00:00,332.25,338.6,332.25,333.2
1985-04-16 00:00,333.5,334.5,328.0,330.8
1985-04-17 00:00,330.95,331.8,327.5,327.9
1985-04-18 00:00,328.55,333.6,327.5,330.8
1985-04-19 00:00,321.0,331.5,329.2,331.3
1985-04-22 00:00,331.95,332.0,329.0,330.1
1985-04-23 00:00,330.3,330.3,323.5,325.6
1985-04-24 00:00,325.9,326.5,323.3,325.3
1985-04-25 00:00,325.6,326.7,324.0,326.2
1985-04-26 00:00,326.8,326.8,323.0,325.2
1985-04-29 00:00,325.5,327.9,324.3,327.2
1985-04-30 00:00,328.05,328.05,315.0,316.5
1985-05-01 00:00,317.4,317.4,312.0,315.3
1985-05-02 00:00,315.95,316.8,313.2,316.3
1985-05-03 00:00,316.95,316.95,312.9,313.3
1985-05-06 00:00,314.2,314.2,309.7,310.5
1985-05-07 00:00,310.85,317.5,310.85,316.5
1985-05-08 00:00,316.85,316.85,313.5,314.2
1985-05-09 00:00,314.65,317.5,313.7,314.3
1985-05-10 00:00,314.8,318.5,313.0,317.5
1985-05-13 00:00,318.45,328.5,318.0,326.3
1985-05-14 00:00,327.25,329.8,324.0,325.8
1985-05-15 00:00,326.25,326.25,322.8,323.9
1985-05-16 00:00,324.25,324.25,319.7,321.5
1985-05-17 00:00,322.05,323.8,320.5,321.0
1985-05-20 00:00,321.25,324.8,312.8,314.0
1985-05-21 00:00,314.9,318.9,314.3,317.9
1985-05-22 00:00,318.45,319.1,315.8,316.1
1985-05-23 00:00,316.7,317.5,315.0,316.1
1985-05-24 00:00,316.45,316.45,313.8,314.8
1985-05-28 00:00,315.2,315.2,308.6,310.3
1985-05-29 00:00,310.7,318.5,310.7,315.5
1985-05-30 00:00,316.4,319.0,315.5,316.6
1985-05-31 00:00,317.1,323.0,316.0,319.5
1985-06-03 00:00,319.55,322.4,316.5,320.3
1985-06-04 00:00,320.6,320.6,317.6,319.1
1985-06-05 00:00,320.1,320.1,316.6,318.4
1985-06-06 00:00,318.65,319.7,317.5,318.9
1985-06-07 00:00,319.7,319.7,315.8,317.7
1985-06-10 00:00,317.95,317.95,312.5,317.2
1985-06-11 00:00,317.3,318.7,316.1,316.9
1985-06-12 00:00,317.3,318.2,316.5,316.7
1985-06-13 00:00,316.75,317.6,316.0,317.4
1985-06-14 00:00,318.3,324.5,318.3,322.0
1985-06-17 00:00,322.1,323.2,320.8,321.8
1985-06-18 00:00,321.9,331.3,321.9,330.5
1985-06-19 00:00,331.15,331.15,324.5,324.8
1985-06-20 00:00,325.05,325.05,314.0,316.0
1985-06-21 00:00,316.75,318.5,314.6,316.6
1985-06-24 00:00,317.25,318.9,315.8,317.9
1985-06-25 00:00,318.5,320.2,315.3,318.3
1985-06-26 00:00,319.0,320.1,317.2,317.8
1985-06-27 00:00,317.85,320.1,316.7,319.0
1985-06-28 00:00,319.25,320.0,317.4,317.7
1985-07-01 00:00,318.55,318.55,310.5,310.8
1985-07-02 00:00,311.75,312.5,308.3,311.4
1985-07-03 00:00,311.85,312.5,310.8,311.4
1985-07-08 00:00,311.45,317.8,310.0,316.6
1985-07-09 00:00,317.45,318.5,314.3,314.5
1985-07-10 00:00,315.1,317.0,315.1,316.2
1985-07-11 00:00,316.5,316.5,313.7,315.1
1985-07-12 00:00,315.65,320.0,314.3,319.2
1985-07-15 00:00,319.75,319.75,315.2,318.4
1985-07-16 00:00,319.15,323.5,317.4,321.0
1985-07-17 00:00,321.9,328.0,321.9,324.0
1985-07-18 00:00,324.95,324.95,318.5,318.8
1985-07-19 00:00,319.25,320.7,317.3,318.8
1985-07-22 00:00,319.65,322.7,317.3,322.3
1985-07-23 00:00,322.5,324.2,318.1,318.3
1985-07-24 00:00,319.0,319.4,317.5,319.3
1985-07-25 00:00,320.3,320.4,316.4,319.6
1985-07-26 00:00,320.1,322.3,316.6,322.0
1985-07-29 00:00,322.9,321.0,322.0,324.2
1985-07-30 00:00,324.25,334.5,324.25,332.0
1985-07-31 00:00,332.4,337.5,332.4,335.2
1985-08-01 00:00,335.3,335.3,326.5,328.0
1985-08-02 00:00,328.95,330.2,328.0,329.7
1985-08-05 00:00,330.5,333.5,328.5,330.6
1985-08-06 00:00,331.35,331.35,327.0,328.6
1985-08-07 00:00,328.65,330.4,328.65,330.2
1985-08-08 00:00,330.7,331.3,327.5,329.6
1985-08-09 00:00,330.2,337.0,329.1,336.3
1985-08-12 00:00,336.55,336.55,333.5,334.7
1985-08-13 00:00,334.8,337.5,333.8,334.3
1985-08-14 00:00,334.35,336.4,332.8,334.2
1985-08-15 00:00,334.75,342.0,334.75,340.4
1985-08-16 00:00,341.35,348.3,341.35,345.6
1985-08-19 00:00,345.8,350.2,344.2,345.8
1985-08-20 00:00,346.45,346.45,340.7,343.0
1985-08-21 00:00,343.15,347.4,341.7,346.2
1985-08-22 00:00,347.05,351.0,342.0,345.2
1985-08-23 00:00,345.55,345.55,339.8,342.7
1985-08-26 00:00,343.5,345.2,342.1,342.9
1985-08-27 00:00,343.25,344.5,341.0,344.0
1985-08-28 00:00,344.95,348.9,344.95,347.3
1985-08-29 00:00,347.7,347.7,340.5,341.6
1985-08-30 00:00,342.2,342.3,338.5,339.8
1985-09-03 00:00,339.95,339.95,330.5,321.0
1985-09-04 00:00,331.8,333.1,330.0,331.1
1985-09-05 00:00,331.95,332.2,325.7,326.3
1985-09-06 00:00,327.0,327.2,321.0,326.6
1985-09-09 00:00,326.85,327.1,323.7,325.2
1985-09-10 00:00,325.5,328.0,325.5,327.6
1985-09-11 00:00,327.75,327.75,324.6,326.7
1985-09-12 00:00,327.45,327.5,323.0,326.3
1985-09-13 00:00,326.7,328.5,323.3,324.0
1985-09-16 00:00,324.25,325.8,323.3,324.5
1985-09-17 00:00,324.55,324.55,320.6,321.5
1985-09-18 00:00,322.2,322.2,318.2,319.8
1985-09-19 00:00,320.35,325.3,320.35,324.6
1985-09-20 00:00,325.4,326.4,322.4,323.8
1985-09-23 00:00,324.45,336.0,324.45,333.7
1985-09-24 00:00,334.15,335.0,331.9,334.8
1985-09-25 00:00,335.35,336.5,332.5,334.3
1985-09-26 00:00,334.5,334.5,331.3,332.2
1985-09-27 00:00,333.05,333.5,332.4,332.9
1985-09-30 00:00,333.5,333.5,325.6,327.1
1985-10-01 00:00,327.6,327.7,324.9,327.1
1985-10-02 00:00,327.15,329.7,326.0,328.3
1985-10-03 00:00,329.2,335.7,328.1,333.9
1985-10-04 00:00,334.8,334.8,330.3,332.2
1985-10-07 00:00,332.35,332.35,329.3,330.5
1985-10-08 00:00,331.25,331.25,328.5,328.6
1985-10-09 00:00,328.85,331.7,328.4,329.0
1985-10-10 00:00,329.15,329.4,327.7,329.1
1985-10-11 00:00,329.5,331.2,328.9,330.7
1985-10-14 00:00,331.55,331.55,329.2,329.8
1985-10-15 00:00,330.3,331.4,328.8,329.1
1985-10-16 00:00,329.9,329.9,325.5,326.8
1985-10-17 00:00,327.3,329.8,327.3,328.4
1985-10-18 00:00,328.95,330.0,328.6,329.7
1985-10-21 00:00,330.25,330.25,327.7,329.4
1985-10-22 00:00,329.65,331.7,325.5,330.1
1985-10-23 00:00,330.4,330.4,328.0,329.0
1985-10-24 00:00,329.45,329.45,327.8,328.2
1985-10-25 00:00,329.0,329.8,327.5,329.4
1985-10-28 00:00,330.1,330.1,328.5,328.9
1985-10-29 00:00,329.75,329.75,327.9,329.3
1985-10-30 00:00,329.7,329.7,327.6,327.8
1985-10-31 00:00,327.85,328.4,325.0,326.7
1985-11-01 00:00,327.0,330.3,324.5,328.1
1985-11-04 00:00,328.65,328.65,326.6,327.1
1985-11-05 00:00,327.9,327.9,326.1,326.2
1985-11-06 00:00,327.1,327.1,325.3,325.5
1985-11-07 00:00,326.4,326.4,322.1,323.1
1985-11-08 00:00,323.65,325.8,322.9,325.6
1985-11-11 00:00,326.45,326.45,323.9,324.5
1985-11-12 00:00,325.05,326.4,324.1,325.8
1985-11-13 00:00,326.45,328.3,325.5,326.2
1985-11-14 00:00,326.3,327.3,325.3,325.8
1985-11-15 00:00,325.95,326.7,323.8,324.7
1985-11-18 00:00,325.45,325.45,324.0,324.7
1985-11-19 00:00,325.15,325.7,324.1,324.7
1985-11-20 00:00,325.5,327.5,325.5,326.8
1985-11-21 00:00,327.7,327.7,326.1,327.4
1985-11-22 00:00,327.95,329.5,326.1,327.4
1985-11-25 00:00,328.1,333.4,328.1,332.7
1985-11-26 00:00,332.75,336.9,332.75,335.6
1985-11-27 00:00,335.8,335.8,330.0,330.2
1985-11-29 00:00,331.1,331.5,326.8,327.3
1985-12-02 00:00,327.95,328.5,322.8,326.5
1985-12-03 00:00,327.45,327.45,325.7,326.7
1985-12-04 00:00,327.4,329.0,325.5,325.7
1985-12-05 00:00,326.65,327.1,325.7,326.9
1985-12-06 00:00,327.15,327.15,325.7,326.2
1985-12-09 00:00,326.6,326.6,318.3,319.8
1985-12-10 00:00,320.55,321.8,318.5,321.2
1985-12-11 00:00,322.0,322.0,315.5,320.1
1985-12-12 00:00,320.9,321.4,318.7,320.4
1985-12-13 00:00,320.55,322.3,320.5,322.2
1985-12-16 00:00,322.9,325.8,321.2,324.9
1985-12-17 00:00,325.0,325.8,323.5,323.9
1985-12-18 00:00,324.8,327.6,322.2,327.3
1985-12-19 00:00,327.55,330.8,326.2,327.2
1985-12-20 00:00,327.55,329.4,326.8,328.7
1985-12-23 00:00,329.25,331.4,327.8,328.3
1985-12-24 00:00,328.65,328.65,326.6,328.2
1985-12-26 00:00,328.85,328.85,327.5,327.7
1985-12-27 00:00,327.75,330.0,327.7,329.0
1985-12-30 00:00,329.75,331.3,328.7,330.6
1985-12-31 00:00,331.2,332.4,329.4,331.1
1986-01-02 00:00,331.65,331.65,328.0,328.9
1986-01-03 00:00,329.45,330.3,328.1,330.0
1986-01-06 00:00,330.85,330.9,329.3,330.7
1986-01-07 00:00,331.4,333.0,330.6,332.8
1986-01-08 00:00,333.55,336.5,333.0,336.1
1986-01-09 00:00,336.15,344.5,334.8,339.9
1986-01-10 00:00,340.75,343.8,338.8,343.3
1986-01-13 00:00,344.2,344.2,340.7,341.5
1986-01-14 00:00,342.2,344.0,340.0,341.0
1986-01-15 00:00,341.7,351.2,341.7,350.7
1986-01-16 00:00,351.6,369.5,351.6,357.6
1986-01-17 00:00,358.3,359.5,352.6,358.0
1986-01-20 00:00,358.25,358.25,350.8,355.1
1986-01-21 00:00,356.0,359.7,350.5,352.8
1986-01-22 00:00,353.6,356.1,351.2,351.5
1986-01-23 00:00,351.6,353.0,350.0,351.9
1986-01-24 00:00,352.4,359.0,352.4,358.4
1986-01-27 00:00,359.3,361.0,353.5,354.3
1986-01-28 00:00,354.8,359.5,354.8,357.1
1986-01-29 00:00,357.4,360.7,356.5,360.2
1986-01-30 00:00,361.0,364.2,358.0,359.4
1986-01-31 00:00,359.45,359.45,351.0,352.9
1986-02-03 00:00,353.55,353.55,347.1,347.4
1986-02-04 00:00,347.95,347.95,335.5,337.4
1986-02-05 00:00,337.95,341.3,337.95,339.3
1986-02-06 00:00,339.4,341.8,337.5,340.4
1986-02-07 00:00,340.65,342.8,338.8,342.5
1986-02-10 00:00,342.7,344.6,339.7,340.8
1986-02-11 00:00,341.2,342.8,337.9,341.6
1986-02-12 00:00,342.3,342.3,338.7,340.8
1986-02-13 00:00,341.35,341.35,334.5,335.3
1986-02-14 00:00,335.95,337.2,331.7,336.2
1986-02-18 00:00,336.95,341.0,336.2,339.7
1986-02-19 00:00,339.95,346.7,337.2,339.0
1986-02-20 00:00,339.5,341.5,338.3,341.4
1986-02-21 00:00,341.4,343.4,339.7,343.3
1986-02-24 00:00,343.7,351.3,342.4,351.0
1986-02-25 00:00,351.6,357.5,349.0,350.0
1986-02-26 00:00,350.9,350.9,337.0,338.5
1986-02-27 00:00,338.9,340.5,335.1,339.2
1986-02-28 00:00,340.05,341.9,338.6,341.0
1986-03-03 00:00,341.3,341.3,336.2,340.5
1986-03-04 00:00,341.4,347.0,338.3,346.0
1986-03-05 00:00,346.8,347.2,339.3,344.5
1986-03-06 00:00,345.1,347.5,342.7,344.3
1986-03-07 00:00,345.1,346.5,343.0,345.7
1986-03-10 00:00,346.0,346.0,340.8,343.3
1986-03-11 00:00,343.3,345.7,343.2,344.9
1986-03-12 00:00,345.05,353.3,345.05,353.0
1986-03-13 00:00,353.95,353.95,348.4,349.2
1986-03-14 00:00,349.4,350.0,347.4,348.9
1986-03-17 00:00,349.25,354.8,349.0,350.8
1986-03-18 00:00,351.1,352.9,348.5,350.3
1986-03-19 00:00,350.3,351.2,347.0,350.8
1986-03-20 00:00,351.75,353.5,350.0,352.7
1986-03-21 00:00,353.6,359.6,351.6,357.4
1986-03-24 00:00,357.7,357.7,349.5,351.3
1986-03-25 00:00,351.5,356.3,342.7,344.0
1986-03-26 00:00,344.5,349.5,344.5,348.5
1986-03-27 00:00,349.2,349.2,346.0,347.2
1986-03-31 00:00,348.05,348.05,334.0,334.8
1986-04-01 00:00,335.0,337.8,330.8,337.0
1986-04-02 00:00,337.45,340.8,337.45,339.5
1986-04-03 00:00,339.55,339.55,335.5,338.4
1986-04-04 00:00,339.3,339.7,336.8,338.4
1986-04-07 00:00,339.4,343.3,338.1,342.5
1986-04-08 00:00,343.05,344.5,336.5,342.9
1986-04-09 00:00,343.75,343.75,338.6,342.2
1986-04-10 00:00,342.55,342.8,339.0,341.7
1986-04-11 00:00,342.3,348.5,342.3,347.5
1986-04-14 00:00,347.85,347.85,342.2,344.2
1986-04-15 00:00,344.4,346.8,341.2,343.4
1986-04-16 00:00,343.65,343.65,339.5,341.9
1986-04-17 00:00,342.4,343.4,338.2,341.5
1986-04-18 00:00,342.0,352.5,342.0,346.7
1986-04-21 00:00,347.4,347.4,343.2,345.7
1986-04-22 00:00,346.35,350.9,346.1,349.0
1986-04-23 00:00,349.5,349.5,347.1,348.1
1986-04-24 00:00,348.35,348.35,345.3,347.1
1986-04-25 00:00,348.05,348.2,345.8,346.2
1986-04-28 00:00,347.0,347.0,344.2,345.8
1986-04-29 00:00,345.9,349.5,343.6,346.9
1986-04-30 00:00,346.9,348.8,346.9,348.1
1986-05-01 00:00,348.2,348.4,340.5,342.8
1986-05-02 00:00,343.5,345.6,342.5,344.7
1986-05-05 00:00,345.3,345.3,342.8,344.2
1986-05-06 00:00,345.1,345.1,339.5,344.0
1986-05-07 00:00,344.75,347.7,343.3,345.8
1986-05-08 00:00,346.7,347.3,343.8,345.5
1986-05-09 00:00,345.75,348.8,344.9,345.5
1986-05-12 00:00,346.3,347.4,344.9,345.5
1986-05-13 00:00,346.35,346.35,342.5,345.1
1986-05-14 00:00,345.4,345.4,343.0,343.1
1986-05-15 00:00,343.4,343.5,342.5,343.4
1986-05-16 00:00,343.65,344.4,343.0,343.8
1986-05-19 00:00,343.95,343.95,340.0,340.7
1986-05-20 00:00,341.65,341.65,337.7,339.8
1986-05-21 00:00,339.85,340.0,339.2,339.8
1986-05-22 00:00,340.3,343.4,339.8,342.6
1986-05-23 00:00,342.95,343.4,341.1,342.4
1986-05-27 00:00,342.65,342.7,341.3,341.8
1986-05-28 00:00,342.1,344.7,342.0,342.5
1986-05-29 00:00,342.65,347.4,342.65,347.0
1986-05-30 00:00,347.0,347.5,346.2,347.1
1986-06-02 00:00,347.5,347.5,344.6,345.1
1986-06-03 00:00,345.65,346.2,344.5,345.3
1986-06-04 00:00,345.4,345.4,343.6,344.8
1986-06-05 00:00,344.9,345.5,344.2,344.6
1986-06-06 00:00,345.35,345.4,344.4,344.8
1986-06-09 00:00,344.95,355.0,344.2,354.2
1986-06-10 00:00,354.8,354.8,350.5,351.2
1986-06-11 00:00,351.3,354.2,350.5,351.7
1986-06-12 00:00,351.85,353.2,348.8,349.8
1986-06-13 00:00,350.2,351.4,348.7,348.8
1986-06-16 00:00,349.05,349.05,336.5,337.5
1986-06-17 00:00,338.45,340.2,337.2,339.3
1986-06-18 00:00,339.4,342.1,339.4,340.5
1986-06-19 00:00,341.35,342.5,339.6,340.9
1986-06-20 00:00,341.55,343.4,340.3,342.7
1986-06-23 00:00,343.65,344.0,342.5,343.3
1986-06-24 00:00,343.6,345.7,342.8,345.2
1986-06-25 00:00,345.25,347.5,345.25,347.1
1986-06-26 00:00,347.3,347.8,346.4,346.6
1986-06-27 00:00,346.95,347.5,345.1,346.9
1986-06-30 00:00,346.95,350.0,346.6,347.7
1986-07-01 00:00,348.5,348.5,344.5,345.8
1986-07-02 00:00,346.5,346.5,343.3,344.9
1986-07-07 00:00,345.85,346.8,345.1,345.9
1986-07-08 00:00,346.35,352.0,346.35,351.2
1986-07-09 00:00,351.2,351.8,348.3,349.6
1986-07-10 00:00,349.8,349.8,347.7,348.6
1986-07-11 00:00,348.65,349.9,347.5,347.8
1986-07-14 00:00,348.15,348.15,346.0,346.4
1986-07-15 00:00,346.85,350.5,346.85,349.1
1986-07-16 00:00,349.2,350.1,347.7,348.7
1986-07-17 00:00,349.25,349.25,347.5,348.7
1986-07-18 00:00,349.6,357.0,348.2,356.5
1986-07-21 00:00,357.0,357.0,354.2,355.6
1986-07-22 00:00,355.6,355.8,353.1,353.7
1986-07-23 00:00,354.45,354.45,344.5,349.0
1986-07-24 00:00,349.95,350.6,348.3,349.3
1986-07-25 00:00,350.2,350.4,348.1,348.2
1986-07-28 00:00,348.75,356.3,348.75,355.1
1986-07-29 00:00,355.15,360.0,355.15,358.6
1986-07-30 00:00,359.45,359.7,358.0,358.6
1986-07-31 00:00,358.75,371.3,358.75,369.7
1986-08-01 00:00,370.15,371.0,364.0,367.5
1986-08-04 00:00,368.15,368.2,365.1,367.0
1986-08-05 00:00,367.4,369.5,364.3,366.1
1986-08-06 00:00,366.7,370.4,366.3,367.5
1986-08-07 00:00,367.8,370.6,367.8,369.3
1986-08-08 00:00,369.65,383.9,369.65,382.5
1986-08-11 00:00,383.35,404.5,383.35,398.5
1986-08-12 00:00,399.0,399.0,390.0,392.4
1986-08-13 00:00,393.05,399.5,386.5,391.7
1986-08-14 00:00,392.15,394.8,389.9,393.7
1986-08-15 00:00,394.2,394.2,387.0,390.2
1986-08-18 00:00,390.65,390.65,381.8,382.8
1986-08-19 00:00,383.05,385.0,378.5,381.0
1986-08-20 00:00,381.2,386.8,381.2,385.1
1986-08-21 00:00,385.2,391.3,384.7,390.6
1986-08-22 00:00,391.3,393.8,377.5,379.5
1986-08-25 00:00,380.2,387.6,380.2,386.5
1986-08-26 00:00,386.5,388.8,383.0,385.6
1986-08-27 00:00,385.65,387.4,382.5,386.3
1986-08-28 00:00,386.55,394.4,386.55,392.0
1986-08-29 00:00,392.85,395.6,387.0,393.3
1986-09-02 00:00,394.2,413.0,394.2,411.5
1986-09-03 00:00,412.05,415.5,408.5,410.3
1986-09-04 00:00,410.95,422.5,407.0,415.5
1986-09-05 00:00,416.2,430.0,416.2,428.3
1986-09-08 00:00,428.65,428.65,413.0,416.4
1986-09-09 00:00,417.0,418.8,413.0,414.4
1986-09-10 00:00,415.3,426.0,403.0,409.8
1986-09-11 00:00,410.15,413.5,403.0,413.0
1986-09-12 00:00,413.5,430.0,413.5,421.5
1986-09-15 00:00,422.15,422.6,415.0,422.3
1986-09-16 00:00,422.4,425.5,417.5,420.2
1986-09-17 00:00,420.6,421.0,415.8,418.8
1986-09-18 00:00,419.4,425.8,418.0,422.6
1986-09-19 00:00,423.0,441.5,423.0,441.0
1986-09-22 00:00,441.1,446.0,438.0,445.2
1986-09-23 00:00,445.85,445.85,435.5,436.0
1986-09-24 00:00,436.35,439.4,435.1,436.0
1986-09-25 00:00,436.9,439.3,432.8,438.8
1986-09-26 00:00,439.5,439.5,429.5,431.5
1986-09-29 00:00,431.55,433.7,422.0,427.1
1986-09-30 00:00,427.3,431.5,425.8,429.8
1986-10-01 00:00,430.0,430.5,426.2,429.2
1986-10-02 00:00,429.75,443.0,429.75,441.1
1986-10-03 00:00,442.05,444.5,435.3,437.5
1986-10-06 00:00,438.15,445.5,438.15,442.8
1986-10-07 00:00,443.15,445.5,437.8,444.8
1986-10-08 00:00,445.55,446.5,439.8,442.4
1986-10-09 00:00,443.35,443.35,428.5,433.0
1986-10-10 00:00,433.55,436.5,432.0,434.5
1986-10-13 00:00,434.8,437.5,434.7,437.2
1986-10-14 00:00,438.05,438.05,428.1,430.5
1986-10-15 00:00,430.85,430.85,423.2,428.7
1986-10-16 00:00,429.55,429.9,427.2,427.4
1986-10-17 00:00,428.0,428.0,419.5,422.2
1986-10-20 00:00,422.65,431.5,422.0,428.9
1986-10-21 00:00,429.8,430.4,426.3,427.9
1986-10-22 00:00,428.4,431.7,424.8,428.7
1986-10-23 00:00,429.4,429.4,416.5,417.5
1986-10-24 00:00,418.45,418.45,409.0,409.7
1986-10-27 00:00,410.25,414.0,408.3,410.3
1986-10-28 00:00,411.1,416.0,411.1,413.9
1986-10-29 00:00,414.35,414.35,405.0,407.3
1986-10-30 00:00,408.05,410.9,405.2,409.9
1986-10-31 00:00,410.75,410.75,400.0,405.5
1986-11-03 00:00,405.95,409.5,404.8,406.8
1986-11-04 00:00,407.25,412.9,407.25,411.1
1986-11-05 00:00,411.45,411.45,406.0,408.5
1986-11-06 00:00,408.85,413.2,407.4,412.4
1986-11-07 00:00,413.05,413.05,410.0,410.6
1986-11-10 00:00,410.65,413.8,404.5,407.5
1986-11-11 00:00,407.8,409.8,405.8,409.3
1986-11-12 00:00,409.8,409.8,406.5,409.4
1986-11-13 00:00,409.95,410.8,407.2,409.5
1986-11-14 00:00,409.55,411.5,398.0,398.8
1986-11-17 00:00,398.95,398.95,387.5,389.3
1986-11-18 00:00,389.6,394.8,389.6,394.5
1986-11-19 00:00,395.45,395.45,386.4,388.5
1986-11-20 00:00,388.55,392.5,387.5,391.7
1986-11-21 00:00,391.9,392.3,376.5,379.3
1986-11-24 00:00,379.8,383.4,379.8,382.4
1986-11-25 00:00,383.15,386.2,379.3,385.6
1986-11-26 00:00,386.2,388.5,384.4,387.1
1986-11-28 00:00,387.3,396.0,387.3,394.8
1986-12-01 00:00,395.7,403.5,392.0,397.5
1986-12-02 00:00,398.0,398.0,390.3,392.9
1986-12-03 00:00,393.0,398.5,389.0,395.8
1986-12-04 00:00,396.1,396.1,386.5,391.7
1986-12-05 00:00,392.1,394.0,390.8,392.9
1986-12-08 00:00,393.65,394.4,389.5,393.7
1986-12-09 00:00,394.65,394.65,388.3,390.4
1986-12-10 00:00,390.4,396.7,389.9,393.1
1986-12-11 00:00,393.5,394.0,389.8,393.7
1986-12-12 00:00,394.2,396.3,392.0,395.8
1986-12-15 00:00,396.55,399.5,396.55,398.4
1986-12-16 00:00,398.7,398.7,393.6,396.3
1986-12-17 00:00,397.3,397.4,395.2,395.3
1986-12-18 00:00,396.15,398.0,393.7,397.8
1986-12-19 00:00,398.65,398.65,394.1,395.8
1986-12-22 00:00,396.6,400.8,394.6,396.3
1986-12-23 00:00,396.55,396.6,390.2,391.5
1986-12-24 00:00,392.35,393.7,392.0,393.0
1986-12-29 00:00,393.75,394.9,391.2,391.9
1986-12-30 00:00,392.6,392.8,390.8,392.4
1986-12-31 00:00,392.7,408.0,392.7,406.9
1987-01-02 00:00,407.7,410.4,403.0,404.0
1987-01-05 00:00,404.15,405.5,400.1,405.0
1987-01-06 00:00,405.2,406.7,401.8,402.2
1987-01-07 00:00,402.5,404.7,400.2,404.3
1987-01-08 00:00,404.75,406.2,402.3,403.9
1987-01-09 00:00,404.8,408.0,399.0,407.5
1987-01-12 00:00,407.65,414.0,407.65,410.2
1987-01-13 00:00,410.5,412.7,409.9,412.3
1987-01-14 00:00,412.9,422.0,412.9,419.2
1987-01-15 00:00,419.2,419.2,414.2,417.0
1987-01-16 00:00,417.8,418.3,414.7,417.3
1987-01-19 00:00,418.15,425.0,418.15,423.3
1987-01-20 00:00,423.7,423.7,405.0,408.2
1987-01-21 00:00,409.1,409.6,406.6,408.8
1987-01-22 00:00,409.35,412.2,408.3,408.9
1987-01-23 00:00,409.65,409.65,400.4,405.3
1987-01-26 00:00,405.55,412.9,405.5,411.3
1987-01-27 00:00,411.4,420.0,411.4,419.8
1987-01-28 00:00,420.7,421.0,411.0,414.7
1987-01-29 00:00,415.0,417.2,412.6,416.6
1987-01-30 00:00,416.65,416.65,400.0,408.9
1987-02-02 00:00,409.25,412.0,404.5,404.8
1987-02-03 00:00,405.5,408.3,402.0,407.2
1987-02-04 00:00,407.25,409.2,405.4,406.2
1987-02-05 00:00,406.25,413.5,405.0,412.0
1987-02-06 00:00,412.95,412.95,405.3,407.4
1987-02-09 00:00,408.1,410.0,404.2,407.2
1987-02-10 00:00,407.5,407.8,404.7,406.2
1987-02-11 00:00,407.0,407.0,403.5,405.5
1987-02-12 00:00,405.95,406.2,397.0,398.3
1987-02-13 00:00,399.2,401.5,398.0,400.7
1987-02-17 00:00,401.65,401.65,393.5,394.9
1987-02-18 00:00,395.6,396.4,391.4,395.3
1987-02-19 00:00,395.35,403.5,394.3,402.7
1987-02-20 00:00,402.9,409.7,400.3,408.7
1987-02-23 00:00,409.4,409.4,403.2,404.6
1987-02-24 00:00,405.25,405.4,401.2,404.6
1987-02-25 00:00,405.45,410.8,404.5,405.2
1987-02-26 00:00,406.1,409.3,403.2,408.5
1987-02-27 00:00,409.5,409.5,406.3,407.4
1987-03-02 00:00,408.25,408.25,404.8,405.6
1987-03-03 00:00,406.4,409.3,405.3,409.1
1987-03-04 00:00,409.8,412.8,407.3,412.2
1987-03-05 00:00,412.25,414.4,408.7,408.8
1987-03-06 00:00,409.55,409.7,406.9,407.8
1987-03-09 00:00,408.75,408.75,405.1,406.5
1987-03-10 00:00,407.0,409.0,405.9,408.3
1987-03-11 00:00,408.85,409.8,408.0,408.3
1987-03-12 00:00,408.45,411.8,408.3,409.9
1987-03-13 00:00,410.15,410.7,403.0,405.0
1987-03-16 00:00,405.35,407.5,405.35,406.6
1987-03-17 00:00,407.1,408.0,403.2,406.8
1987-03-18 00:00,407.65,407.65,404.3,406.0
1987-03-19 00:00,406.4,406.4,404.6,406.1
1987-03-20 00:00,406.9,406.9,404.8,406.3
1987-03-23 00:00,406.6,411.2,406.6,410.8
1987-03-24 00:00,411.0,414.5,408.6,414.1
1987-03-25 00:00,414.9,416.2,412.8,413.3
1987-03-26 00:00,413.6,417.0,413.6,416.3
1987-03-27 00:00,417.05,428.5,417.05,427.5
1987-03-30 00:00,428.25,429.9,425.8,425.9
1987-03-31 00:00,426.55,427.2,422.3,422.7
1987-04-01 00:00,423.3,424.8,421.0,422.5
1987-04-02 00:00,423.1,426.6,418.5,422.2
1987-04-03 00:00,422.35,424.0,418.8,423.9
1987-04-06 00:00,424.35,427.2,421.4,422.6
1987-04-07 00:00,422.7,426.5,422.3,426.2
1987-04-08 00:00,426.5,427.4,423.0,424.1
1987-04-09 00:00,424.7,437.8,424.6,436.5
1987-04-10 00:00,437.45,440.5,434.8,436.7
1987-04-13 00:00,437.5,441.9,437.5,440.8
1987-04-14 00:00,441.05,455.8,441.05,454.6
1987-04-15 00:00,455.2,455.2,445.3,446.5
1987-04-16 00:00,447.2,447.7,439.5,447.3
1987-04-20 00:00,447.85,458.7,445.0,456.8
1987-04-21 00:00,457.3,458.5,448.0,451.0
1987-04-22 00:00,451.5,453.4,445.8,452.5
1987-04-23 00:00,453.25,466.5,451.5,463.4
1987-04-24 00:00,464.05,473.0,462.5,465.5
1987-04-27 00:00,466.45,480.5,440.5,446.0
1987-04-28 00:00,446.35,456.8,446.35,454.7
1987-04-29 00:00,455.65,455.65,449.2,453.5
1987-04-30 00:00,454.2,457.8,451.3,456.5
1987-05-01 00:00,457.05,461.2,455.0,459.5
1987-05-04 00:00,460.05,466.8,459.3,465.2
1987-05-05 00:00,465.55,467.0,456.0,460.8
1987-05-06 00:00,461.25,461.7,456.5,460.8
1987-05-07 00:00,460.9,461.7,455.5,459.6
1987-05-08 00:00,460.45,460.45,454.5,456.7
1987-05-11 00:00,456.75,458.0,454.0,457.7
1987-05-12 00:00,458.0,464.8,458.0,461.5
1987-05-13 00:00,461.8,466.0,459.0,460.0
1987-05-14 00:00,461.0,466.0,461.0,465.6
1987-05-15 00:00,466.4,476.6,466.4,476.2
1987-05-18 00:00,476.25,477.8,468.5,472.8
1987-05-19 00:00,473.65,478.8,469.5,478.3
1987-05-20 00:00,478.4,481.5,471.7,473.3
1987-05-21 00:00,473.85,473.85,468.7,470.3
1987-05-22 00:00,470.55,472.8,462.0,464.6
1987-05-26 00:00,465.05,465.05,445.5,451.8
1987-05-27 00:00,452.6,452.6,446.2,448.5
1987-05-28 00:00,449.25,462.4,449.25,459.5
1987-05-29 00:00,460.45,460.45,454.7,456.0
1987-06-01 00:00,456.4,456.4,446.8,451.6
1987-06-02 00:00,452.3,464.3,452.3,461.8
1987-06-03 00:00,461.95,461.95,455.2,455.5
1987-06-04 00:00,456.05,460.4,454.5,458.2
1987-06-05 00:00,458.65,459.8,457.0,458.8
1987-06-08 00:00,459.45,463.7,453.8,454.3
1987-06-09 00:00,454.45,463.2,454.45,462.8
1987-06-10 00:00,463.6,464.3,457.2,461.3
1987-06-11 00:00,461.6,468.8,460.5,468.3
1987-06-12 00:00,469.05,469.05,457.0,458.9
1987-06-15 00:00,458.95,458.95,451.2,456.7
1987-06-16 00:00,457.2,458.0,451.7,451.9
1987-06-17 00:00,452.55,456.9,451.0,451.8
1987-06-18 00:00,452.5,456.7,452.5,454.6
1987-06-19 00:00,455.35,455.7,448.0,448.7
1987-06-22 00:00,449.2,449.2,437.6,440.8
1987-06-23 00:00,440.8,445.5,439.8,443.8
1987-06-24 00:00,444.75,447.3,443.7,446.4
1987-06-25 00:00,447.35,447.35,441.9,443.8
1987-06-26 00:00,444.6,452.0,444.5,450.1
1987-06-29 00:00,450.55,453.4,447.5,449.4
1987-06-30 00:00,449.45,452.5,447.5,452.2
1987-07-01 00:00,452.3,453.5,447.8,449.4
1987-07-02 00:00,449.95,451.0,448.0,448.8
1987-07-06 00:00,449.1,450.8,443.8,450.3
1987-07-07 00:00,451.0,451.0,442.5,446.1
1987-07-08 00:00,446.75,450.3,443.0,446.8
1987-07-09 00:00,447.5,448.3,444.5,446.8
1987-07-10 00:00,446.85,449.0,445.3,446.0
1987-07-13 00:00,446.2,449.7,445.2,448.6
1987-07-14 00:00,448.65,451.0,447.5,449.5
1987-07-15 00:00,450.25,456.7,448.6,455.3
1987-07-16 00:00,455.35,455.8,453.0,455.4
1987-07-17 00:00,455.45,455.45,448.5,449.3
1987-07-20 00:00,449.75,453.2,449.75,452.3
1987-07-21 00:00,453.05,454.4,452.0,453.7
1987-07-22 00:00,454.3,457.2,453.3,455.7
1987-07-23 00:00,456.05,456.05,454.3,455.7
1987-07-24 00:00,456.45,456.45,453.5,454.5
1987-07-27 00:00,455.0,455.0,452.1,454.2
1987-07-28 00:00,454.7,458.7,454.3,457.0
1987-07-29 00:00,457.9,471.7,457.9,468.8
1987-07-30 00:00,469.4,473.5,467.3,473.3
1987-07-31 00:00,473.6,475.7,472.2,475.1
1987-08-03 00:00,475.15,489.5,475.15,488.3
1987-08-04 00:00,489.25,490.2,483.0,488.9
1987-08-05 00:00,489.35,489.35,477.3,477.6
1987-08-06 00:00,478.5,480.5,477.0,478.6
1987-08-07 00:00,479.05,479.05,463.0,464.8
1987-08-10 00:00,465.65,472.2,465.65,470.6
1987-08-11 00:00,471.05,475.0,469.5,474.2
1987-08-12 00:00,474.75,474.75,470.5,473.0
1987-08-13 00:00,473.25,473.25,465.5,467.8
1987-08-14 00:00,467.95,471.3,456.9,461.2
1987-08-17 00:00,462.1,464.1,461.0,463.1
1987-08-18 00:00,463.9,469.5,463.9,467.7
1987-08-19 00:00,467.7,467.7,463.6,467.3
1987-08-20 00:00,467.4,467.4,461.4,462.2
1987-08-21 00:00,462.8,465.9,460.0,465.7
1987-08-24 00:00,466.3,471.3,463.7,469.3
1987-08-25 00:00,469.35,469.35,463.6,465.8
1987-08-26 00:00,466.8,467.7,464.8,465.8
1987-08-27 00:00,466.65,467.5,461.0,463.7
1987-08-28 00:00,464.55,464.55,459.0,461.3
1987-08-31 00:00,461.8,464.7,458.7,458.7
1987-09-01 00:00,459.3,463.8,459.3,462.8
1987-09-02 00:00,463.3,473.8,463.3,473.4
1987-09-03 00:00,474.0,474.8,469.6,471.7
1987-09-04 00:00,472.15,473.8,469.2,470.8
1987-09-08 00:00,471.5,471.5,463.5,465.5
1987-09-09 00:00,465.95,466.3,462.7,464.5
1987-09-10 00:00,464.8,472.0,464.8,470.6
1987-09-11 00:00,471.55,471.55,463.2,464.3
1987-09-14 00:00,464.9,464.9,460.5,463.8
1987-09-15 00:00,464.3,466.7,464.3,465.9
1987-09-16 00:00,466.5,466.5,462.8,465.1
1987-09-17 00:00,465.35,468.4,465.1,466.9
1987-09-18 00:00,467.7,469.8,465.0,465.3
1987-09-21 00:00,465.5,470.5,463.8,469.3
1987-09-22 00:00,470.2,470.4,467.4,468.9
1987-09-23 00:00,469.8,469.8,467.0,468.7
1987-09-24 00:00,468.7,471.5,468.5,468.7
1987-09-25 00:00,469.65,469.65,466.5,466.6
1987-09-28 00:00,467.0,468.7,465.5,466.4
1987-09-29 00:00,467.3,467.3,463.5,464.4
1987-09-30 00:00,465.05,466.0,458.0,458.8
1987-10-01 00:00,459.35,461.0,457.9,459.7
1987-10-02 00:00,460.65,461.2,458.5,460.3
1987-10-05 00:00,460.95,462.9,460.95,462.8
1987-10-06 00:00,463.15,464.5,462.0,462.7
1987-10-07 00:00,463.5,465.0,462.3,463.4
1987-10-08 00:00,463.55,468.5,462.6,466.5
1987-10-09 00:00,467.2,467.7,465.3,466.9
1987-10-12 00:00,467.7,467.7,466.4,466.7
1987-10-13 00:00,467.3,467.3,463.6,464.0
1987-10-14 00:00,464.1,467.0,463.2,465.8
1987-10-15 00:00,466.3,472.5,466.3,467.8
1987-10-16 00:00,468.0,476.7,468.0,476.3
1987-10-19 00:00,476.55,496.0,476.55,486.8
1987-10-20 00:00,487.3,487.3,459.0,467.5
1987-10-21 00:00,468.4,472.0,467.3,471.7
1987-10-22 00:00,471.8,479.7,471.8,473.2
1987-10-23 00:00,473.4,478.5,471.7,476.7
1987-10-26 00:00,477.1,482.0,476.2,479.4
1987-10-27 00:00,479.65,481.0,475.1,478.8
1987-10-28 00:00,479.8,483.5,478.3,480.5
1987-10-29 00:00,481.35,481.35,464.0,468.7
1987-10-30 00:00,469.1,471.5,467.5,471.2
1987-11-02 00:00,471.7,473.5,469.7,472.5
1987-11-03 00:00,473.0,476.0,463.5,470.6
1987-11-04 00:00,471.5,471.5,466.0,468.2
1987-11-05 00:00,468.3,468.3,456.0,459.2
1987-11-06 00:00,459.65,463.4,459.1,462.1
1987-11-09 00:00,462.3,466.0,462.3,463.3
1987-11-10 00:00,464.2,464.2,457.8,462.4
1987-11-11 00:00,462.65,463.7,461.6,463.1
1987-11-12 00:00,463.8,465.5,462.5,464.7
1987-11-13 00:00,465.35,467.5,464.5,465.6
1987-11-16 00:00,465.7,465.7,461.5,464.3
1987-11-17 00:00,464.75,466.2,464.75,465.8
1987-11-18 00:00,466.1,466.1,463.3,464.8
1987-11-19 00:00,465.5,466.5,465.2,465.8
1987-11-20 00:00,466.35,470.9,464.0,470.3
1987-11-23 00:00,470.5,477.7,468.8,476.0
1987-11-24 00:00,476.95,478.2,473.4,475.4
1987-11-25 00:00,476.15,478.3,475.0,476.9
1987-11-27 00:00,476.95,493.5,476.95,492.3
1987-11-30 00:00,492.8,503.0,492.8,497.2
1987-12-01 00:00,498.0,499.6,492.5,496.2
1987-12-02 00:00,496.35,498.8,493.5,493.7
1987-12-03 00:00,493.7,498.3,491.8,493.8
1987-12-04 00:00,494.4,494.4,483.9,487.8
1987-12-07 00:00,488.1,488.2,484.9,486.5
1987-12-08 00:00,487.2,490.3,487.2,488.6
1987-12-09 00:00,489.2,490.8,488.8,489.4
1987-12-10 00:00,489.45,498.0,488.6,497.2
1987-12-11 00:00,497.65,503.0,496.2,502.0
1987-12-14 00:00,502.15,507.4,499.8,500.4
1987-12-15 00:00,501.15,501.15,484.5,487.2
1987-12-16 00:00,487.95,491.9,487.95,490.1
1987-12-17 00:00,490.25,490.25,475.0,489.7
1987-12-18 00:00,490.35,490.35,482.1,484.0
1987-12-21 00:00,484.7,485.0,483.1,483.7
1987-12-22 00:00,484.65,488.5,484.65,487.9
1987-12-23 00:00,488.45,488.45,483.8,486.5
1987-12-24 00:00,486.9,490.1,486.9,489.6
1987-12-28 00:00,489.9,494.7,489.5,491.1
1987-12-29 00:00,491.15,493.5,487.8,489.4
1987-12-30 00:00,489.5,489.5,484.6,485.5
1987-12-31 00:00,486.0,491.5,485.8,488.9
1988-01-04 00:00,489.45,489.45,479.5,480.5
1988-01-05 00:00,481.45,485.4,476.6,483.2
1988-01-06 00:00,483.85,487.4,480.0,485.3
1988-01-07 00:00,485.55,486.0,482.8,483.1
1988-01-08 00:00,483.15,485.7,481.8,485.5
1988-01-11 00:00,486.45,486.8,483.1,483.6
1988-01-12 00:00,483.75,483.9,480.0,482.3
1988-01-13 00:00,483.25,484.4,481.5,481.6
1988-01-14 00:00,481.65,488.5,481.2,488.2
1988-01-15 00:00,488.3,488.3,474.0,474.5
1988-01-18 00:00,475.05,477.3,475.05,476.8
1988-01-19 00:00,477.1,478.8,476.4,478.2
1988-01-20 00:00,478.3,478.9,475.0,476.8
1988-01-21 00:00,476.95,479.0,475.8,478.8
1988-01-22 00:00,479.55,479.55,476.0,477.8
1988-01-25 00:00,478.5,478.5,468.2,469.5
1988-01-26 00:00,470.1,476.5,470.1,474.8
1988-01-27 00:00,474.95,476.0,469.0,472.2
1988-01-28 00:00,472.6,472.6,470.4,471.5
1988-01-29 00:00,471.95,471.95,454.0,458.5
1988-02-01 00:00,459.0,459.2,454.2,458.4
1988-02-02 00:00,458.9,461.9,458.1,458.3
1988-02-03 00:00,458.75,458.75,442.0,442.5
1988-02-04 00:00,443.0,448.5,442.8,448.2
1988-02-05 00:00,448.9,449.0,439.8,443.2
1988-02-08 00:00,443.5,447.3,443.5,444.0
1988-02-09 00:00,444.3,446.2,440.0,444.9
1988-02-10 00:00,445.65,448.2,443.2,443.9
1988-02-11 00:00,444.45,444.5,442.3,443.2
1988-02-12 00:00,443.45,449.5,435.0,448.7
1988-02-16 00:00,449.45,449.45,446.3,447.6
1988-02-17 00:00,448.3,450.5,448.0,449.2
1988-02-18 00:00,449.95,451.4,445.0,445.8
1988-02-19 00:00,446.5,449.4,445.1,448.0
1988-02-22 00:00,448.95,449.7,447.0,447.6
1988-02-23 00:00,448.6,448.6,442.8,444.3
1988-02-24 00:00,444.65,444.65,433.8,434.1
1988-02-25 00:00,434.3,436.8,429.3,434.7
1988-02-26 00:00,435.0,435.0,430.2,431.1
1988-02-29 00:00,431.2,432.3,425.1,431.9
1988-03-01 00:00,432.6,433.0,425.9,432.4
1988-03-02 00:00,432.45,433.3,428.5,432.2
1988-03-03 00:00,432.45,433.0,428.3,429.1
1988-03-04 00:00,430.0,440.5,430.0,438.8
1988-03-07 00:00,439.15,439.15,436.2,438.6
1988-03-08 00:00,438.65,440.5,436.4,436.6
1988-03-09 00:00,437.5,438.8,436.8,437.5
1988-03-10 00:00,437.6,444.8,437.6,444.5
1988-03-11 00:00,445.2,445.5,441.2,442.6
1988-03-14 00:00,442.9,443.5,441.7,443.1
1988-03-15 00:00,443.95,448.3,442.8,447.5
1988-03-16 00:00,448.35,449.2,446.3,446.5
1988-03-17 00:00,447.2,447.5,442.1,444.9
1988-03-18 00:00,445.6,446.2,443.4,445.2
1988-03-21 00:00,445.65,452.9,445.65,450.2
1988-03-22 00:00,450.65,451.2,447.6,449.6
1988-03-23 00:00,449.65,454.0,449.0,452.0
1988-03-24 00:00,452.8,457.4,451.3,454.3
1988-03-25 00:00,454.9,454.9,450.9,453.3
1988-03-28 00:00,453.85,456.2,453.1,455.9
1988-03-29 00:00,455.95,462.0,455.95,459.8
1988-03-30 00:00,460.1,462.3,457.0,461.3
1988-03-31 00:00,461.6,463.2,457.5,457.9
1988-04-04 00:00,458.15,462.9,458.15,459.5
1988-04-05 00:00,459.9,459.9,454.3,456.2
1988-04-06 00:00,456.65,456.65,450.4,451.3
1988-04-07 00:00,451.9,453.4,448.8,452.7
1988-04-08 00:00,453.5,454.8,451.7,453.7
1988-04-11 00:00,454.1,455.5,450.3,454.7
1988-04-12 00:00,455.5,455.5,453.0,453.7
1988-04-13 00:00,453.75,453.75,449.4,449.6
1988-04-14 00:00,450.35,457.8,449.8,456.5
1988-04-15 00:00,456.8,461.0,456.6,458.5
1988-04-18 00:00,459.0,464.0,459.0,461.7
1988-04-19 00:00,461.95,461.95,459.0,460.4
1988-04-20 00:00,461.05,463.5,458.0,459.0
1988-04-21 00:00,459.6,459.6,456.7,457.2
1988-04-22 00:00,457.85,457.85,451.0,452.4
1988-04-25 00:00,453.05,453.2,449.3,450.1
1988-04-26 00:00,450.95,452.7,448.2,451.3
1988-04-27 00:00,451.7,455.0,450.8,454.3
1988-04-28 00:00,455.2,455.2,452.5,452.6
1988-04-29 00:00,453.15,453.4,450.8,452.6
1988-05-02 00:00,453.25,453.25,446.0,447.2
1988-05-03 00:00,447.4,448.7,445.0,445.1
1988-05-04 00:00,445.9,446.9,444.2,446.6
1988-05-05 00:00,446.6,448.0,445.8,447.0
1988-05-06 00:00,447.25,449.0,443.6,445.3
1988-05-09 00:00,446.0,449.2,445.5,448.8
1988-05-10 00:00,449.1,452.7,448.0,451.6
1988-05-11 00:00,452.1,452.4,449.7,451.2
1988-05-12 00:00,451.35,454.8,449.8,453.3
1988-05-13 00:00,453.3,454.2,450.8,453.7
1988-05-16 00:00,454.0,458.3,454.0,456.0
1988-05-17 00:00,456.5,458.5,453.6,456.4
1988-05-18 00:00,456.45,458.6,455.5,458.1
1988-05-19 00:00,458.2,462.3,458.0,458.2
1988-05-20 00:00,459.15,459.2,456.5,458.7
1988-05-23 00:00,459.55,463.0,459.0,462.8
1988-05-24 00:00,463.35,463.35,458.7,461.1
1988-05-25 00:00,461.85,461.85,453.8,454.8
1988-05-26 00:00,455.75,459.6,455.75,458.7
1988-05-27 00:00,458.95,458.95,455.5,456.0
1988-05-31 00:00,456.45,461.0,456.45,459.8
1988-06-01 00:00,460.3,463.3,460.3,462.4
1988-06-02 00:00,463.2,472.5,457.8,471.5
1988-06-03 00:00,472.1,473.8,468.5,469.3
1988-06-06 00:00,470.2,470.3,467.3,468.1
1988-06-07 00:00,469.0,470.0,464.6,464.8
1988-06-08 00:00,465.3,465.3,460.5,460.7
1988-06-09 00:00,460.95,463.3,458.8,461.7
1988-06-10 00:00,462.15,463.4,452.1,453.3
1988-06-13 00:00,453.95,454.3,452.4,453.8
1988-06-14 00:00,454.0,455.4,450.3,454.6
1988-06-15 00:00,455.15,457.8,454.7,455.8
1988-06-16 00:00,456.05,459.0,453.1,453.9
1988-06-17 00:00,454.75,459.8,453.2,458.3
1988-06-20 00:00,459.15,459.15,453.5,454.5
1988-06-21 00:00,455.2,458.0,454.2,455.4
1988-06-22 00:00,456.25,456.25,450.6,453.0
1988-06-23 00:00,453.1,453.1,449.6,450.9
1988-06-24 00:00,450.95,450.95,443.5,446.0
1988-06-27 00:00,446.4,447.2,443.9,445.9
1988-06-28 00:00,446.7,447.7,439.8,440.5
1988-06-29 00:00,440.6,440.6,432.3,438.3
1988-06-30 00:00,439.15,439.9,435.2,437.7
1988-07-01 00:00,438.15,440.4,436.1,439.6
1988-07-05 00:00,440.45,440.6,437.6,440.3
1988-07-06 00:00,440.85,441.1,438.5,440.7
1988-07-07 00:00,441.5,443.7,440.0,441.1
1988-07-08 00:00,441.8,442.2,439.5,441.0
1988-07-11 00:00,441.7,441.7,435.7,436.4
1988-07-12 00:00,436.7,438.8,434.2,438.7
1988-07-13 00:00,439.5,443.0,435.3,441.8
1988-07-14 00:00,441.95,443.7,439.7,439.9
1988-07-15 00:00,440.25,443.5,438.5,441.3
1988-07-18 00:00,441.35,441.35,435.1,438.8
1988-07-19 00:00,439.65,449.0,437.0,447.5
1988-07-20 00:00,447.55,447.8,445.0,445.7
1988-07-21 00:00,446.65,448.8,442.0,442.7
1988-07-22 00:00,442.7,444.3,442.2,442.9
1988-07-25 00:00,443.2,443.2,424.0,426.6
1988-07-26 00:00,427.15,434.3,427.15,431.7
1988-07-27 00:00,431.95,445.1,431.95,444.5
1988-07-28 00:00,445.1,445.7,440.6,443.8
1988-07-29 00:00,443.95,449.3,443.95,447.3
1988-08-01 00:00,448.25,448.6,443.7,445.6
1988-08-02 00:00,446.35,446.35,442.0,442.5
1988-08-03 00:00,442.75,446.0,442.3,444.3
1988-08-04 00:00,444.4,445.1,442.6,443.8
1988-08-05 00:00,444.65,444.65,441.2,442.6
1988-08-08 00:00,443.25,443.8,440.0,440.8
1988-08-09 00:00,441.55,441.55,433.0,437.8
1988-08-10 00:00,438.25,439.7,436.5,439.4
1988-08-11 00:00,440.05,440.5,437.4,439.2
1988-08-12 00:00,439.55,445.0,438.5,441.2
1988-08-15 00:00,441.8,443.3,440.0,442.9
1988-08-16 00:00,443.3,445.7,437.8,438.8
1988-08-17 00:00,439.3,441.0,437.1,440.9
1988-08-18 00:00,441.6,442.6,440.1,442.1
1988-08-19 00:00,442.25,443.0,440.8,441.4
1988-08-22 00:00,441.9,444.5,439.6,443.2
1988-08-23 00:00,443.8,443.8,441.5,441.8
1988-08-24 00:00,442.55,446.3,442.0,444.4
1988-08-25 00:00,444.55,446.8,441.8,442.2
1988-08-26 00:00,442.9,443.9,440.2,441.4
1988-08-29 00:00,442.0,442.1,438.0,438.7
1988-08-30 00:00,439.0,439.0,435.8,437.7
1988-08-31 00:00,438.2,440.6,435.3,439.9
1988-09-01 00:00,440.35,440.35,438.5,438.7
1988-09-02 00:00,438.7,439.0,432.5,437.4
1988-09-06 00:00,437.85,437.9,434.7,434.8
1988-09-07 00:00,435.25,436.5,434.0,435.7
1988-09-08 00:00,436.1,436.5,435.4,436.3
1988-09-09 00:00,436.5,437.7,427.5,428.5
1988-09-12 00:00,428.75,428.75,425.0,428.0
1988-09-13 00:00,428.05,429.7,426.8,428.2
1988-09-14 00:00,429.15,430.3,426.9,428.0
1988-09-15 00:00,428.6,428.6,422.1,425.0
1988-09-16 00:00,425.3,425.3,415.0,418.2
1988-09-19 00:00,419.0,419.0,413.2,415.4
1988-09-20 00:00,416.1,417.0,407.0,411.3
1988-09-21 00:00,412.1,412.1,402.5,404.0
1988-09-22 00:00,404.75,405.5,399.0,404.6
1988-09-23 00:00,404.7,406.5,398.0,399.3
1988-09-26 00:00,400.2,401.3,395.5,400.3
1988-09-27 00:00,400.4,403.0,398.8,402.5
1988-09-28 00:00,402.9,403.8,399.5,403.4
1988-09-29 00:00,404.0,404.3,400.7,401.6
1988-09-30 00:00,402.45,403.2,396.8,399.2
1988-10-03 00:00,399.95,404.5,398.1,402.2
1988-10-04 00:00,402.6,404.2,401.1,402.7
1988-10-05 00:00,402.95,405.6,398.8,405.3
1988-10-06 00:00,406.15,409.4,406.15,408.0
1988-10-07 00:00,408.95,409.1,406.0,407.3
1988-10-10 00:00,407.95,414.2,407.95,412.7
1988-10-11 00:00,412.95,412.95,407.9,408.4
1988-10-12 00:00,408.75,416.0,408.75,412.2
1988-10-13 00:00,412.8,413.8,408.3,410.4
1988-10-14 00:00,410.5,414.8,410.2,412.5
1988-10-17 00:00,412.65,418.3,412.65,415.5
1988-10-18 00:00,416.45,417.0,413.7,415.1
1988-10-19 00:00,415.75,416.7,413.2,414.7
1988-10-20 00:00,415.55,416.4,414.6,415.4
1988-10-21 00:00,415.8,415.8,411.1,411.5
1988-10-24 00:00,412.35,412.35,407.1,408.8
1988-10-25 00:00,409.4,410.8,409.0,409.4
1988-10-26 00:00,410.0,411.8,409.5,411.1
1988-10-27 00:00,411.85,411.85,409.4,410.1
1988-10-28 00:00,410.85,419.0,409.7,414.9
1988-10-31 00:00,415.4,415.6,413.1,415.1
1988-11-01 00:00,415.95,415.95,412.6,414.0
1988-11-02 00:00,414.6,425.2,414.6,424.2
1988-11-03 00:00,424.45,427.2,422.4,423.7
1988-11-04 00:00,423.8,424.5,419.8,423.5
1988-11-07 00:00,423.65,425.0,422.3,424.7
1988-11-08 00:00,425.35,425.35,419.5,421.2
1988-11-09 00:00,421.2,425.5,420.3,424.7
1988-11-10 00:00,425.4,425.4,420.1,420.5
1988-11-11 00:00,420.65,423.3,419.8,423.1
1988-11-14 00:00,423.9,426.8,420.9,425.2
1988-11-15 00:00,425.4,428.2,424.8,425.6
1988-11-16 00:00,426.25,428.9,424.5,425.6
1988-11-17 00:00,425.7,425.7,420.9,421.1
1988-11-18 00:00,421.45,421.7,416.8,418.1
1988-11-21 00:00,418.6,418.6,416.0,416.5
1988-11-22 00:00,417.0,421.1,417.0,418.1
1988-11-23 00:00,418.25,420.7,418.1,420.1
1988-11-28 00:00,420.6,426.0,420.6,423.3
1988-11-29 00:00,423.55,429.3,423.55,427.1
1988-11-30 00:00,427.15,429.8,425.9,429.6
1988-12-01 00:00,430.5,430.8,427.8,428.6
1988-12-02 00:00,429.0,438.0,428.3,436.7
1988-12-05 00:00,437.55,437.55,433.8,434.2
1988-12-06 00:00,435.05,435.05,430.8,432.6
1988-12-07 00:00,432.95,432.95,425.9,427.7
1988-12-08 00:00,428.6,429.0,426.6,426.7
1988-12-09 00:00,427.65,428.0,423.6,427.6
1988-12-12 00:00,428.5,428.5,423.8,424.6
1988-12-13 00:00,424.7,425.6,423.3,424.1
1988-12-14 00:00,424.85,426.6,422.8,425.7
1988-12-15 00:00,425.7,426.0,415.2,416.6
1988-12-16 00:00,416.75,418.5,413.0,417.6
1988-12-19 00:00,418.3,418.7,415.8,418.0
1988-12-20 00:00,418.15,418.5,416.2,417.5
1988-12-21 00:00,418.4,420.2,418.2,418.8
1988-12-22 00:00,419.75,421.6,418.8,421.3
1988-12-23 00:00,421.95,422.0,419.6,421.6
1988-12-27 00:00,422.25,422.5,420.8,420.9
1988-12-28 00:00,421.4,421.4,415.0,416.6
1988-12-29 00:00,416.7,416.7,409.5,410.5
1988-12-30 00:00,410.6,415.8,410.5,412.3
1989-01-03 00:00,413.1,416.3,412.3,413.4
1989-01-04 00:00,413.7,413.7,409.0,411.0
1989-01-05 00:00,411.75,411.75,409.2,410.1
1989-01-06 00:00,410.35,410.35,406.4,408.1
1989-01-09 00:00,408.55,408.55,403.7,406.7
1989-01-10 00:00,407.4,407.6,404.6,405.6
1989-01-11 00:00,406.55,406.55,404.0,405.2
1989-01-12 00:00,405.95,406.7,404.0,405.8
1989-01-13 00:00,406.4,408.8,402.3,403.5
1989-01-16 00:00,404.1,404.1,402.3,403.3
1989-01-17 00:00,403.95,404.3,403.3,404.0
1989-01-18 00:00,404.9,405.2,401.5,403.3
1989-01-19 00:00,404.2,405.8,402.9,404.5
1989-01-20 00:00,404.65,409.5,404.65,409.3
1989-01-23 00:00,409.75,409.8,408.0,408.5
1989-01-24 00:00,408.95,411.2,406.0,406.3
1989-01-25 00:00,406.6,406.7,404.6,406.4
1989-01-26 00:00,407.4,407.8,402.8,403.2
1989-01-27 00:00,403.45,408.2,398.5,400.2
1989-01-30 00:00,400.75,400.75,398.5,399.6
1989-01-31 00:00,400.45,400.5,393.1,395.8
1989-02-01 00:00,396.35,399.5,395.8,397.2
1989-02-02 00:00,397.9,397.9,395.3,395.9
1989-02-03 00:00,396.05,397.2,392.2,396.3
1989-02-06 00:00,396.65,398.0,389.8,396.9
1989-02-07 00:00,397.45,397.8,394.7,395.5
1989-02-08 00:00,396.5,399.5,394.7,399.1
1989-02-09 00:00,400.0,401.2,397.4,398.0
1989-02-10 00:00,398.55,399.7,390.1,391.7
1989-02-13 00:00,392.65,392.65,387.3,389.7
1989-02-14 00:00,390.25,391.3,387.8,389.0
1989-02-15 00:00,389.7,389.7,384.5,388.2
1989-02-16 00:00,388.95,388.95,385.9,387.1
1989-02-17 00:00,387.3,388.1,382.0,384.3
1989-02-21 00:00,385.25,392.5,385.25,389.4
1989-02-22 00:00,390.35,391.5,389.4,390.2
1989-02-23 00:00,390.6,396.2,390.6,394.0
1989-02-24 00:00,394.9,394.9,391.6,392.6
1989-02-27 00:00,393.0,395.2,389.1,389.8
1989-02-28 00:00,390.45,391.0,389.7,390.4
1989-03-01 00:00,391.0,391.0,386.4,387.1
1989-03-02 00:00,387.45,387.8,385.8,386.6
1989-03-03 00:00,387.0,390.3,387.0,389.3
1989-03-06 00:00,389.65,391.5,388.2,390.5
1989-03-07 00:00,391.1,396.0,388.5,395.7
1989-03-08 00:00,396.45,398.8,394.3,395.4
1989-03-09 00:00,395.7,398.1,394.1,397.3
1989-03-10 00:00,397.55,400.2,394.7,396.5
1989-03-13 00:00,396.9,397.0,394.7,396.4
1989-03-14 00:00,396.75,400.0,396.5,398.1
1989-03-15 00:00,398.3,398.3,393.0,393.8
1989-03-16 00:00,394.6,394.6,389.8,391.3
1989-03-17 00:00,392.0,397.0,391.2,395.0
1989-03-20 00:00,395.2,399.0,395.2,397.4
1989-03-21 00:00,398.25,398.25,394.2,395.6
1989-03-22 00:00,396.0,401.6,396.0,400.2
1989-03-23 00:00,400.25,400.25,391.7,393.4
1989-03-27 00:00,393.8,397.1,393.8,396.4
1989-03-28 00:00,396.5,396.5,387.5,388.0
1989-03-29 00:00,388.45,389.4,385.8,387.5
1989-03-30 00:00,387.95,390.5,385.5,386.2
1989-03-31 00:00,386.85,390.5,386.85,390.0
1989-04-03 00:00,390.45,391.7,388.8,391.1
1989-04-04 00:00,392.05,392.7,389.8,390.9
1989-04-05 00:00,391.45,391.45,387.4,388.6
1989-04-06 00:00,389.0,389.8,388.6,388.7
1989-04-07 00:00,388.7,390.2,386.0,388.0
1989-04-10 00:00,388.7,392.5,385.3,390.3
1989-04-11 00:00,391.2,391.2,389.2,389.9
1989-04-12 00:00,390.2,393.5,388.8,392.1
1989-04-13 00:00,392.55,396.9,392.55,394.2
1989-04-14 00:00,394.9,394.9,387.2,389.8
1989-04-17 00:00,390.4,390.4,388.9,390.1
1989-04-18 00:00,390.85,390.85,386.3,387.4
1989-04-19 00:00,387.4,389.2,385.7,387.1
1989-04-20 00:00,387.9,389.6,385.8,389.3
1989-04-21 00:00,389.35,389.35,386.8,388.2
1989-04-24 00:00,389.05,391.7,386.7,391.0
1989-04-25 00:00,391.65,391.65,388.6,388.8
1989-04-26 00:00,389.3,389.3,387.1,388.2
1989-04-27 00:00,389.05,389.05,386.0,386.1
1989-04-28 00:00,386.85,386.85,379.6,380.5
1989-05-01 00:00,381.2,381.9,377.5,380.7
1989-05-02 00:00,381.55,381.55,379.1,380.1
1989-05-03 00:00,380.75,382.9,379.5,380.4
1989-05-04 00:00,380.95,381.8,379.3,379.6
1989-05-05 00:00,380.35,380.35,377.0,379.3
1989-05-08 00:00,380.0,381.4,376.5,378.4
1989-05-09 00:00,378.85,380.5,376.9,380.3
1989-05-10 00:00,380.45,381.2,378.6,379.0
1989-05-11 00:00,379.4,383.0,379.2,382.1
1989-05-12 00:00,383.0,383.0,377.9,378.9
1989-05-15 00:00,379.3,379.3,375.2,376.5
1989-05-16 00:00,377.45,377.45,375.5,376.2
1989-05-17 00:00,376.8,376.8,371.7,373.9
1989-05-18 00:00,374.65,374.65,369.5,370.3
1989-05-19 00:00,370.3,370.3,366.3,366.6
1989-05-22 00:00,367.0,367.0,360.6,363.7
1989-05-23 00:00,363.85,367.5,363.8,364.3
1989-05-24 00:00,364.5,365.5,363.5,364.7
1989-05-25 00:00,365.7,367.9,365.2,367.2
1989-05-26 00:00,367.3,369.7,364.8,365.9
1989-05-30 00:00,366.6,370.5,366.5,369.7
1989-05-31 00:00,370.4,370.4,366.3,366.5
1989-06-01 00:00,366.85,367.5,365.5,367.3
1989-06-02 00:00,368.05,372.0,365.8,371.9
1989-06-05 00:00,372.15,372.5,369.8,370.8
1989-06-06 00:00,371.6,384.3,369.4,383.2
1989-06-07 00:00,383.6,384.0,378.5,380.8
1989-06-08 00:00,381.2,381.2,377.3,378.1
1989-06-09 00:00,378.65,378.65,360.5,362.0
1989-06-12 00:00,362.15,367.0,362.15,365.8
1989-06-13 00:00,366.8,368.4,362.5,366.8
1989-06-14 00:00,367.1,368.1,364.2,367.5
1989-06-15 00:00,367.55,372.8,362.7,370.7
1989-06-16 00:00,371.55,372.3,367.5,368.8
1989-06-19 00:00,368.85,371.5,368.1,370.6
1989-06-20 00:00,371.2,372.0,368.8,369.6
1989-06-21 00:00,369.9,376.0,369.7,375.7
1989-06-22 00:00,375.85,376.2,372.8,374.2
1989-06-23 00:00,374.8,384.8,373.3,381.8
1989-06-26 00:00,382.7,382.7,377.1,378.3
1989-06-27 00:00,379.2,381.8,378.1,379.8
1989-06-28 00:00,380.7,381.5,375.0,379.2
1989-06-29 00:00,379.7,383.0,373.1,373.9
1989-06-30 00:00,373.95,379.5,373.7,377.3
1989-07-03 00:00,378.05,381.5,377.2,381.1
1989-07-05 00:00,382.1,390.8,381.5,388.4
1989-07-06 00:00,389.2,390.3,386.9,388.6
1989-07-07 00:00,388.75,389.7,384.4,385.7
1989-07-10 00:00,386.45,387.9,385.1,386.6
1989-07-11 00:00,386.65,386.65,381.8,383.3
1989-07-12 00:00,384.15,384.15,379.0,380.4
1989-07-13 00:00,381.2,381.2,377.2,378.5
1989-07-14 00:00,378.6,378.6,370.8,372.2
1989-07-17 00:00,372.95,374.1,372.1,372.2
1989-07-18 00:00,372.35,374.9,371.0,373.8
1989-07-19 00:00,374.7,374.7,369.0,369.3
1989-07-20 00:00,369.65,375.0,369.65,372.2
1989-07-21 00:00,372.45,375.0,371.0,373.0
1989-07-24 00:00,373.6,374.8,372.1,373.9
1989-07-25 00:00,374.9,383.5,374.9,382.6
1989-07-26 00:00,383.15,383.15,373.2,375.0
1989-07-27 00:00,375.5,384.7,375.5,382.0
1989-07-28 00:00,382.5,382.5,374.0,375.4
1989-07-31 00:00,376.05,378.9,376.05,378.7
1989-08-01 00:00,378.9,379.2,376.3,378.8
1989-08-02 00:00,379.3,379.3,377.3,377.8
1989-08-03 00:00,378.5,382.5,376.8,381.4
1989-08-04 00:00,381.7,381.7,374.2,375.4
1989-08-07 00:00,375.75,375.75,372.0,373.4
1989-08-08 00:00,373.6,374.8,372.7,373.6
1989-08-09 00:00,373.95,374.2,371.7,373.9
1989-08-10 00:00,374.7,374.9,373.5,374.2
1989-08-11 00:00,374.7,374.7,368.5,371.4
1989-08-14 00:00,371.55,374.0,370.4,373.2
1989-08-15 00:00,373.5,379.0,372.4,377.5
1989-08-16 00:00,378.3,378.3,374.1,374.7
1989-08-17 00:00,374.85,375.8,371.6,374.6
1989-08-18 00:00,375.1,375.3,372.3,373.9
1989-08-21 00:00,374.25,374.9,373.3,374.5
1989-08-22 00:00,375.1,375.5,373.9,374.5
1989-08-23 00:00,374.95,375.4,370.5,371.9
1989-08-24 00:00,372.85,372.85,369.3,370.6
1989-08-25 00:00,370.65,370.65,366.5,366.7
1989-08-28 00:00,367.35,367.6,365.5,366.0
1989-08-29 00:00,366.25,371.8,365.4,369.3
1989-08-30 00:00,370.0,370.0,367.0,367.6
1989-08-31 00:00,368.0,368.0,364.6,365.4
1989-09-01 00:00,365.55,366.4,364.2,366.1
1989-09-05 00:00,366.85,366.85,364.0,365.1
1989-09-06 00:00,365.4,367.5,365.4,367.4
1989-09-07 00:00,367.55,367.55,365.1,366.0
1989-09-08 00:00,366.2,366.6,363.5,365.0
1989-09-11 00:00,365.8,365.8,363.7,364.6
1989-09-12 00:00,364.65,365.7,364.3,364.8
1989-09-13 00:00,365.7,365.7,363.9,365.0
1989-09-14 00:00,365.2,368.5,364.5,365.5
1989-09-15 00:00,365.9,370.0,360.6,368.9
1989-09-18 00:00,369.4,369.4,365.0,366.5
1989-09-19 00:00,367.1,367.4,366.0,366.2
1989-09-20 00:00,366.7,374.0,366.4,370.1
1989-09-21 00:00,370.1,370.6,368.8,370.3
1989-09-22 00:00,370.65,373.2,370.5,370.7
1989-09-25 00:00,371.3,375.0,371.3,374.6
1989-09-26 00:00,375.35,375.35,373.0,373.1
1989-09-27 00:00,373.15,376.7,371.2,372.3
1989-09-28 00:00,372.35,373.7,371.5,372.8
1989-09-29 00:00,373.05,374.6,370.8,372.0
1989-10-02 00:00,372.3,372.5,370.7,372.1
1989-10-03 00:00,372.65,372.65,370.3,371.4
1989-10-04 00:00,372.35,372.35,371.1,371.5
1989-10-05 00:00,371.7,373.0,367.2,367.9
1989-10-06 00:00,368.7,369.0,367.3,368.2
1989-10-09 00:00,368.45,368.45,366.3,367.4
1989-10-10 00:00,368.25,368.25,364.7,365.2
1989-10-11 00:00,366.15,366.7,364.3,366.1
1989-10-12 00:00,366.75,367.9,366.3,367.4
1989-10-13 00:00,368.2,368.7,366.6,367.3
1989-10-16 00:00,368.0,374.0,368.0,371.2
1989-10-17 00:00,371.8,372.8,370.2,371.2
1989-10-18 00:00,372.2,373.4,371.8,372.4
1989-10-19 00:00,373.1,373.9,370.0,370.6
1989-10-20 00:00,371.55,371.55,369.3,370.6
1989-10-23 00:00,371.25,371.25,369.5,370.2
1989-10-24 00:00,371.1,373.5,370.2,373.4
1989-10-25 00:00,373.7,373.7,371.3,372.3
1989-10-26 00:00,373.25,376.3,372.0,375.4
1989-10-27 00:00,375.85,381.5,375.7,381.2
1989-10-30 00:00,381.55,382.3,380.0,380.8
1989-10-31 00:00,381.2,381.2,376.8,377.6
1989-11-01 00:00,378.2,378.2,375.7,376.9
1989-11-02 00:00,377.5,384.8,376.8,382.9
1989-11-03 00:00,383.2,386.0,379.6,381.0
1989-11-06 00:00,381.5,384.4,381.2,383.8
1989-11-07 00:00,384.65,388.9,384.65,388.4
1989-11-08 00:00,389.35,391.1,385.5,390.8
1989-11-09 00:00,391.7,391.7,388.4,389.0
1989-11-10 00:00,389.85,389.85,386.3,388.6
1989-11-13 00:00,389.45,393.8,389.45,392.7
1989-11-14 00:00,393.05,395.0,390.0,394.9
1989-11-15 00:00,395.15,395.15,389.3,392.8
1989-11-16 00:00,393.15,395.7,389.6,392.7
1989-11-17 00:00,393.2,396.0,392.2,395.8
1989-11-20 00:00,395.95,400.0,395.6,399.3
1989-11-21 00:00,399.65,406.2,398.6,404.4
1989-11-22 00:00,405.4,411.8,405.4,411.6
1989-11-24 00:00,412.3,419.7,412.3,419.3
1989-11-27 00:00,419.45,419.45,413.0,414.1
1989-11-28 00:00,415.1,421.7,414.8,419.4
1989-11-29 00:00,419.85,419.85,414.2,415.5
1989-11-30 00:00,415.9,419.0,412.0,417.5
1989-12-01 00:00,417.55,421.5,417.55,419.3
1989-12-04 00:00,419.75,419.75,406.5,406.6
1989-12-05 00:00,407.45,410.7,406.6,408.9
1989-12-06 00:00,409.5,410.4,406.5,410.1
1989-12-07 00:00,410.65,416.0,407.5,415.0
1989-12-08 00:00,415.85,420.0,411.3,416.8
1989-12-11 00:00,417.5,423.9,417.5,421.8
1989-12-12 00:00,422.2,424.2,419.6,422.8
1989-12-13 00:00,423.5,423.5,412.3,412.9
1989-12-14 00:00,413.45,414.2,408.2,412.8
1989-12-15 00:00,413.2,419.9,413.2,418.3
1989-12-18 00:00,419.1,419.1,409.5,416.1
1989-12-19 00:00,416.95,419.2,414.3,416.1
1989-12-20 00:00,416.25,418.5,415.5,417.5
1989-12-21 00:00,418.35,418.35,415.1,415.5
1989-12-22 00:00,416.2,417.0,415.8,416.7
1989-12-26 00:00,417.5,417.5,408.5,410.1
1989-12-27 00:00,411.05,413.2,402.0,403.8
1989-12-28 00:00,403.95,405.1,400.1,401.4
1989-12-29 00:00,401.95,406.8,401.95,405.2
1990-01-02 00:00,406.0,406.0,400.2,402.1
1990-01-03 00:00,403.0,403.0,394.5,396.4
1990-01-04 00:00,397.25,401.1,397.1,400.8
1990-01-05 00:00,401.15,409.5,401.15,408.5
1990-01-08 00:00,409.25,409.25,404.7,405.0
1990-01-09 00:00,405.25,406.3,404.3,406.2
1990-01-10 00:00,406.75,415.3,406.75,414.2
1990-01-11 00:00,414.6,415.8,413.2,415.6
1990-01-12 00:00,415.65,419.8,414.0,414.7
1990-01-15 00:00,415.65,418.5,412.6,415.1
1990-01-16 00:00,415.95,415.95,409.0,412.2
1990-01-17 00:00,412.75,413.9,410.1,413.7
1990-01-18 00:00,413.7,416.4,410.9,411.2
1990-01-19 00:00,411.75,412.8,409.0,410.9
1990-01-22 00:00,411.65,411.65,404.7,408.0
1990-01-23 00:00,408.6,415.0,408.0,413.7
1990-01-24 00:00,414.6,425.0,414.6,417.7
1990-01-25 00:00,418.5,418.5,413.3,416.3
1990-01-26 00:00,417.05,421.3,417.0,420.3
1990-01-29 00:00,420.95,427.5,420.95,425.1
1990-01-30 00:00,425.3,427.0,422.7,423.9
1990-01-31 00:00,424.6,424.6,417.0,417.8
1990-02-01 00:00,418.8,423.5,418.7,423.3
1990-02-02 00:00,424.05,424.3,421.3,423.4
1990-02-05 00:00,424.0,430.3,424.0,427.5
1990-02-06 00:00,427.6,427.6,425.4,426.4
1990-02-07 00:00,426.65,429.7,422.2,423.1
1990-02-08 00:00,423.1,424.7,421.2,423.5
1990-02-09 00:00,423.75,423.8,419.5,420.6
1990-02-12 00:00,420.95,424.9,419.3,423.6
1990-02-13 00:00,423.6,425.8,421.2,422.0
1990-02-14 00:00,422.05,422.05,417.5,420.7
1990-02-15 00:00,421.45,422.0,415.5,416.2
1990-02-16 00:00,416.95,421.5,416.3,420.8
1990-02-20 00:00,421.65,424.7,421.3,423.6
1990-02-21 00:00,423.7,426.4,421.2,421.6
1990-02-22 00:00,421.8,422.4,418.1,419.0
1990-02-23 00:00,419.6,421.1,417.5,418.2
1990-02-26 00:00,418.8,418.8,409.6,411.8
1990-02-27 00:00,412.65,412.65,409.7,411.0
1990-02-28 00:00,411.05,412.3,407.5,408.9
1990-03-01 00:00,409.05,410.4,407.8,409.0
1990-03-02 00:00,409.55,409.55,404.0,405.6
1990-03-05 00:00,406.4,407.5,405.0,406.6
1990-03-06 00:00,407.4,408.3,405.7,406.1
1990-03-07 00:00,406.6,406.6,400.8,402.3
1990-03-08 00:00,403.05,403.9,401.8,401.9
1990-03-09 00:00,402.75,402.75,399.0,401.6
1990-03-12 00:00,402.0,403.6,400.2,401.1
1990-03-13 00:00,401.9,401.9,396.7,400.7
1990-03-14 00:00,401.15,401.5,398.8,399.5
1990-03-15 00:00,400.3,401.8,398.5,399.6
1990-03-16 00:00,400.2,402.6,400.1,400.9
1990-03-19 00:00,401.15,404.2,401.15,401.9
1990-03-20 00:00,402.8,402.8,392.5,393.3
1990-03-21 00:00,393.55,393.9,390.9,392.5
1990-03-22 00:00,393.4,394.8,391.6,394.7
1990-03-23 00:00,395.2,395.2,386.3,389.4
1990-03-26 00:00,389.65,389.65,362.5,366.2
1990-03-27 00:00,366.9,370.5,366.9,369.1
1990-03-28 00:00,369.45,378.5,369.45,374.2
1990-03-29 00:00,375.15,377.9,375.15,376.0
1990-03-30 00:00,376.45,376.5,371.8,375.0
1990-04-02 00:00,375.5,375.5,371.8,374.5
1990-04-03 00:00,374.55,382.4,374.55,380.1
1990-04-04 00:00,380.45,382.1,377.8,381.8
1990-04-05 00:00,382.35,383.3,378.2,379.3
1990-04-06 00:00,379.4,385.4,379.4,385.2
1990-04-09 00:00,385.55,385.55,378.8,380.4
1990-04-10 00:00,381.0,381.0,376.2,379.3
1990-04-11 00:00,380.2,380.2,377.1,378.4
1990-04-12 00:00,378.5,379.8,378.2,379.7
1990-04-16 00:00,380.4,380.4,375.9,378.9
1990-04-17 00:00,379.15,379.5,376.9,378.8
1990-04-18 00:00,378.85,380.8,377.7,379.7
1990-04-19 00:00,380.7,381.4,379.0,380.7
1990-04-20 00:00,381.3,381.3,377.5,379.9
1990-04-23 00:00,380.1,383.0,378.3,382.1
1990-04-24 00:00,382.75,382.75,377.5,379.0
1990-04-25 00:00,379.55,379.55,372.0,373.6
1990-04-26 00:00,374.6,375.9,373.1,373.3
1990-04-27 00:00,373.7,374.9,372.6,374.0
1990-04-30 00:00,374.9,374.9,367.7,371.4
1990-05-01 00:00,371.75,374.2,370.4,372.7
1990-05-02 00:00,373.5,373.5,371.1,372.0
1990-05-03 00:00,372.65,375.0,371.1,373.7
1990-05-04 00:00,374.4,374.6,372.6,373.1
1990-05-07 00:00,374.0,374.7,373.5,374.0
1990-05-08 00:00,374.6,375.2,370.5,372.0
1990-05-09 00:00,372.4,374.0,368.6,373.7
1990-05-10 00:00,374.3,374.3,370.8,371.9
1990-05-11 00:00,372.4,372.4,368.5,370.5
1990-05-14 00:00,371.05,372.0,369.6,369.9
1990-05-15 00:00,370.45,374.0,366.7,372.3
1990-05-16 00:00,372.9,372.9,369.3,370.3
1990-05-17 00:00,371.15,371.4,369.7,370.6
1990-05-18 00:00,371.4,376.7,370.4,375.6
1990-05-21 00:00,376.45,376.45,373.4,374.1
1990-05-22 00:00,374.85,377.6,373.5,376.4
1990-05-23 00:00,376.85,376.85,361.0,364.6
1990-05-24 00:00,364.9,372.3,364.9,371.3
1990-05-25 00:00,371.4,371.4,367.1,368.4
1990-05-29 00:00,369.15,369.5,366.6,367.4
1990-05-30 00:00,367.55,371.8,367.55,368.9
1990-05-31 00:00,369.35,369.35,367.2,368.6
1990-06-01 00:00,368.95,368.95,362.2,363.5
1990-06-04 00:00,364.25,364.25,359.6,362.4
1990-06-05 00:00,362.5,364.5,361.6,363.6
1990-06-06 00:00,363.75,365.2,360.0,361.0
1990-06-07 00:00,361.2,361.2,355.7,358.1
1990-06-08 00:00,358.35,359.5,356.6,359.2
1990-06-11 00:00,359.3,361.8,358.4,359.7
1990-06-12 00:00,360.05,360.6,358.9,359.1
1990-06-13 00:00,359.75,359.75,353.9,355.1
1990-06-14 00:00,355.45,355.45,348.2,349.8
1990-06-15 00:00,350.65,352.5,350.0,352.3
1990-06-18 00:00,353.0,353.3,350.8,352.0
1990-06-19 00:00,353.0,353.0,350.9,351.8
1990-06-20 00:00,351.9,355.0,349.5,353.1
1990-06-21 00:00,353.1,353.3,351.8,353.1
1990-06-22 00:00,353.75,354.0,350.8,352.8
1990-06-25 00:00,353.6,357.1,353.6,356.2
1990-06-26 00:00,357.2,357.2,351.7,352.9
1990-06-27 00:00,353.5,354.0,352.5,353.2
1990-06-28 00:00,354.0,355.8,353.7,354.1
1990-06-29 00:00,354.15,361.0,354.15,359.9
1990-07-02 00:00,360.05,361.3,359.5,360.8
1990-07-03 00:00,361.65,365.5,360.0,364.1
1990-07-05 00:00,364.1,364.1,361.4,363.3
1990-07-06 00:00,363.5,364.7,362.7,362.9
1990-07-09 00:00,363.0,363.6,358.5,359.9
1990-07-10 00:00,360.2,360.2,354.1,357.1
1990-07-11 00:00,357.25,357.25,355.2,355.6
1990-07-12 00:00,355.85,360.5,352.0,359.5
1990-07-13 00:00,359.9,369.0,359.9,365.7
1990-07-16 00:00,366.45,366.45,363.2,364.5
1990-07-17 00:00,364.5,364.5,361.6,363.0
1990-07-18 00:00,363.95,363.95,360.5,362.5
1990-07-19 00:00,363.1,364.4,362.0,362.1
1990-07-20 00:00,362.5,363.5,361.5,362.0
1990-07-23 00:00,362.15,371.5,362.15,369.7
1990-07-24 00:00,370.5,371.0,367.3,368.4
1990-07-25 00:00,368.7,375.5,368.7,372.4
1990-07-26 00:00,373.25,373.25,368.4,369.6
1990-07-27 00:00,369.7,370.8,365.8,368.0
1990-07-30 00:00,368.05,377.5,368.05,376.8
1990-07-31 00:00,377.5,382.2,377.5,379.2
1990-08-01 00:00,379.9,384.3,379.2,382.4
1990-08-02 00:00,382.95,394.5,382.95,385.9
1990-08-03 00:00,386.05,390.8,382.0,386.4
1990-08-06 00:00,387.3,394.0,387.3,393.8
1990-08-07 00:00,394.4,394.5,388.7,393.7
1990-08-08 00:00,394.3,395.8,389.6,392.2
1990-08-09 00:00,392.5,395.4,392.0,394.8
1990-08-10 00:00,395.4,406.0,395.4,405.9
1990-08-14 00:00,406.2,424.7,406.2,414.0
1990-08-15 00:00,414.2,414.4,406.6,411.3
1990-08-16 00:00,411.55,418.0,409.5,417.9
1990-08-17 00:00,418.7,421.5,416.3,418.3
1990-08-20 00:00,418.3,420.1,414.8,418.8
1990-08-21 00:00,419.05,425.0,410.0,416.0
1990-08-22 00:00,416.5,420.3,416.5,419.3
1990-08-23 00:00,419.45,425.0,417.0,420.3
1990-08-24 00:00,421.2,423.5,416.7,423.2
1990-08-27 00:00,424.2,424.2,394.0,396.2
1990-08-28 00:00,396.9,399.9,386.0,392.8
1990-08-29 00:00,393.55,395.3,389.5,392.7
1990-08-30 00:00,393.5,397.3,391.5,393.7
1990-08-31 00:00,394.25,396.4,387.5,389.2
1990-09-04 00:00,390.15,391.8,386.7,390.5
1990-09-05 00:00,391.0,395.5,388.5,393.0
1990-09-06 00:00,393.8,396.7,392.8,396.2
1990-09-07 00:00,397.05,397.05,388.5,396.0
1990-09-10 00:00,396.15,396.15,381.6,384.8
1990-09-11 00:00,385.4,389.1,382.6,386.6
1990-09-12 00:00,386.65,389.7,385.8,388.1
1990-09-13 00:00,388.45,390.4,386.9,388.8
1990-09-14 00:00,389.1,394.0,389.0,391.0
1990-09-17 00:00,391.4,396.0,391.4,395.2
1990-09-18 00:00,395.55,395.55,389.7,393.3
1990-09-19 00:00,393.75,393.75,390.0,391.4
1990-09-20 00:00,391.6,394.3,390.7,394.2
1990-09-21 00:00,395.05,399.0,392.0,394.5
1990-09-24 00:00,394.95,409.0,394.95,408.3
1990-09-25 00:00,408.6,412.3,404.5,407.6
1990-09-26 00:00,408.15,414.0,404.1,412.8
1990-09-27 00:00,413.7,413.7,406.5,410.8
1990-09-28 00:00,411.3,414.4,407.7,408.1
1990-10-01 00:00,408.8,408.8,390.0,391.6
1990-10-02 00:00,391.6,394.0,390.7,393.9
1990-10-03 00:00,394.15,399.0,392.5,398.5
1990-10-04 00:00,399.45,403.4,394.2,396.9
1990-10-05 00:00,397.45,400.7,396.5,398.1
1990-10-08 00:00,398.2,400.6,393.6,399.3
1990-10-09 00:00,399.6,402.2,388.0,394.0
1990-10-10 00:00,394.45,397.2,390.1,392.2
1990-10-11 00:00,393.1,395.5,387.7,393.6
1990-10-12 00:00,393.6,394.6,389.1,391.3
1990-10-15 00:00,391.95,391.95,375.5,378.5
1990-10-16 00:00,379.2,379.2,361.5,365.1
1990-10-17 00:00,365.85,370.5,365.85,369.8
1990-10-18 00:00,370.0,373.6,367.8,373.0
1990-10-19 00:00,373.8,377.6,371.8,375.7
1990-10-22 00:00,376.0,376.0,368.7,372.4
1990-10-23 00:00,373.25,376.3,372.4,373.9
1990-10-24 00:00,374.75,376.2,372.3,376.0
1990-10-25 00:00,376.1,379.4,376.1,378.3
1990-10-26 00:00,379.1,380.2,370.6,373.2
1990-10-29 00:00,374.15,376.5,372.9,375.8
1990-10-30 00:00,375.95,382.3,374.3,381.7
1990-10-31 00:00,382.4,384.3,378.3,381.3
1990-11-01 00:00,381.75,385.8,381.6,383.1
1990-11-02 00:00,383.3,383.3,376.1,378.0
1990-11-05 00:00,378.15,383.3,377.8,381.1
1990-11-06 00:00,381.95,388.6,379.6,388.1
1990-11-07 00:00,388.65,391.5,385.5,387.9
1990-11-08 00:00,387.95,389.0,385.3,388.9
1990-11-09 00:00,389.45,389.45,383.3,386.3
1990-11-12 00:00,386.7,386.7,381.6,383.3
1990-11-13 00:00,383.75,387.5,383.75,387.0
1990-11-14 00:00,387.15,387.15,377.0,378.5
1990-11-15 00:00,378.8,381.1,378.5,380.0
1990-11-16 00:00,380.75,381.5,376.0,379.8
1990-11-19 00:00,380.25,384.0,377.3,382.3
1990-11-20 00:00,382.95,382.95,376.3,378.5
1990-11-21 00:00,379.05,381.5,376.7,379.8
1990-11-23 00:00,380.75,385.2,380.75,384.5
1990-11-26 00:00,385.3,388.7,385.3,386.7
1990-11-27 00:00,387.25,387.25,382.8,385.8
1990-11-28 00:00,385.95,386.7,384.3,385.7
1990-11-29 00:00,386.1,393.3,386.1,391.7
1990-11-30 00:00,392.6,392.6,383.7,385.7
1990-12-03 00:00,386.0,386.0,377.5,378.5
1990-12-04 00:00,379.05,381.8,378.8,380.5
1990-12-05 00:00,381.4,381.8,374.1,375.8
1990-12-06 00:00,376.5,376.5,369.1,373.2
1990-12-07 00:00,373.4,375.0,370.8,372.1
1990-12-10 00:00,373.0,377.8,373.0,375.9
1990-12-11 00:00,376.15,376.7,372.2,373.6
1990-12-12 00:00,374.55,375.1,372.7,374.5
1990-12-13 00:00,375.25,376.4,373.5,376.1
1990-12-14 00:00,376.8,379.5,374.1,378.6
1990-12-17 00:00,379.25,380.5,378.7,379.3
1990-12-18 00:00,380.25,381.1,378.2,378.4
1990-12-19 00:00,378.85,388.4,378.85,388.0
1990-12-20 00:00,388.35,391.0,386.0,386.7
1990-12-21 00:00,387.3,387.8,380.8,384.3
1990-12-26 00:00,384.7,388.1,384.5,387.4
1990-12-27 00:00,388.25,388.25,384.8,387.6
1990-12-28 00:00,388.0,396.5,387.5,396.2
1990-12-31 00:00,397.1,397.1,394.3,396.2
1991-01-02 00:00,397.0,397.0,389.5,391.1
1991-01-03 00:00,391.5,391.5,385.0,388.9
1991-01-04 00:00,389.6,390.7,386.2,387.2
1991-01-07 00:00,388.15,396.8,388.15,396.2
1991-01-08 00:00,396.55,396.55,389.5,392.3
1991-01-09 00:00,393.0,394.5,379.5,393.0
1991-01-10 00:00,393.75,393.75,390.6,392.1
1991-01-11 00:00,392.55,395.5,392.1,393.3
1991-01-14 00:00,393.85,402.5,393.85,401.6
1991-01-15 00:00,402.1,403.5,399.3,400.2
1991-01-16 00:00,400.35,406.9,396.0,404.5
1991-01-17 00:00,404.75,404.75,374.0,374.4
1991-01-18 00:00,374.75,379.8,371.0,375.1
1991-01-21 00:00,375.85,380.9,375.85,379.5
1991-01-22 00:00,379.9,382.2,379.7,380.1
1991-01-23 00:00,380.45,380.5,377.8,378.9
1991-01-24 00:00,379.3,379.3,371.5,373.5
1991-01-25 00:00,374.25,377.5,374.0,376.1
1991-01-28 00:00,377.05,378.5,374.5,377.1
1991-01-29 00:00,377.65,378.3,375.5,376.4
1991-01-30 00:00,377.15,377.15,367.8,371.5
1991-01-31 00:00,372.2,372.2,368.3,368.5
1991-02-01 00:00,368.9,372.8,365.7,368.7
1991-02-04 00:00,369.5,372.0,369.5,371.6
1991-02-05 00:00,372.1,372.1,368.7,368.9
1991-02-06 00:00,369.85,369.85,363.0,365.2
1991-02-07 00:00,366.1,372.4,366.1,370.0
1991-02-08 00:00,370.2,373.7,370.2,372.4
1991-02-11 00:00,372.55,372.55,368.5,369.1
1991-02-12 00:00,370.05,372.2,365.1,370.3
1991-02-13 00:00,370.55,370.8,368.8,369.5
1991-02-14 00:00,369.5,371.8,369.2,370.2
1991-02-15 00:00,371.15,371.15,365.6,366.1
1991-02-19 00:00,366.15,367.4,362.5,366.1
1991-02-20 00:00,366.95,367.6,365.0,366.1
1991-02-21 00:00,366.7,366.7,363.1,364.1
1991-02-22 00:00,365.05,365.05,357.0,358.3
1991-02-25 00:00,358.95,361.4,358.7,360.8
1991-02-26 00:00,361.4,362.9,359.7,360.2
1991-02-27 00:00,360.45,364.0,360.45,363.3
1991-02-28 00:00,363.4,370.3,363.4,369.0
1991-03-01 00:00,369.8,369.9,367.3,368.6
1991-03-04 00:00,369.25,370.0,366.7,369.5
1991-03-05 00:00,369.75,369.75,365.5,366.3
1991-03-06 00:00,367.3,372.0,365.2,367.5
1991-03-07 00:00,368.1,369.3,367.0,368.5
1991-03-08 00:00,369.1,372.8,368.3,371.2
1991-03-11 00:00,371.9,371.9,364.8,366.2
1991-03-12 00:00,366.55,366.9,364.5,366.1
1991-03-13 00:00,366.7,369.5,366.6,368.1
1991-03-14 00:00,368.75,368.75,365.3,366.3
1991-03-15 00:00,366.35,368.2,364.7,365.8
1991-03-18 00:00,365.85,365.85,361.9,363.7
1991-03-19 00:00,363.85,367.7,362.6,364.5
1991-03-20 00:00,365.45,366.4,363.4,363.6
1991-03-21 00:00,364.3,364.9,361.8,363.5
1991-03-22 00:00,364.15,364.7,363.2,363.5
1991-03-25 00:00,364.3,364.3,358.3,359.4
1991-03-26 00:00,360.05,362.5,358.8,360.1
1991-03-27 00:00,360.2,360.2,356.6,358.4
1991-03-28 00:00,358.45,359.7,357.8,359.4
1991-04-01 00:00,360.1,362.7,359.1,362.4
1991-04-02 00:00,363.0,363.0,359.8,360.5
1991-04-03 00:00,360.65,363.4,360.65,362.2
1991-04-04 00:00,363.2,363.2,361.3,361.7
1991-04-05 00:00,362.05,363.0,359.3,362.1
1991-04-08 00:00,362.3,364.7,361.9,364.0
1991-04-09 00:00,364.35,368.2,364.35,367.2
1991-04-10 00:00,367.35,367.35,365.7,366.3
1991-04-11 00:00,366.65,366.65,364.3,364.8
1991-04-12 00:00,365.45,365.6,361.5,362.7
1991-04-15 00:00,363.4,363.7,362.1,363.2
1991-04-16 00:00,363.7,364.4,362.7,363.1
1991-04-17 00:00,363.6,364.4,363.2,363.7
1991-04-18 00:00,364.0,364.7,359.0,360.2
1991-04-19 00:00,360.35,360.35,358.1,359.0
1991-04-22 00:00,359.85,360.3,357.5,359.7
1991-04-23 00:00,360.0,360.0,356.8,358.9
1991-04-24 00:00,359.7,359.7,356.3,358.1
1991-04-25 00:00,358.8,358.8,354.6,355.8
1991-04-26 00:00,355.9,356.6,355.0,355.5
1991-04-29 00:00,355.5,355.5,352.6,354.1
1991-04-30 00:00,354.45,361.3,354.45,357.7
1991-05-01 00:00,358.6,358.9,357.5,357.7
1991-05-02 00:00,357.9,357.9,355.3,356.7
1991-05-03 00:00,357.6,358.7,354.6,355.5
1991-05-06 00:00,356.3,357.2,355.0,356.9
1991-05-07 00:00,357.65,359.5,357.1,358.1
1991-05-08 00:00,358.9,359.2,357.7,358.5
1991-05-09 00:00,358.55,359.4,357.6,359.3
1991-05-10 00:00,359.95,359.95,357.8,358.3
1991-05-13 00:00,358.75,361.0,357.9,359.8
1991-05-14 00:00,360.35,361.8,358.0,361.2
1991-05-15 00:00,361.9,363.2,360.8,360.9
1991-05-16 00:00,360.95,360.95,356.0,357.1
1991-05-17 00:00,357.75,357.75,354.9,356.0
1991-05-20 00:00,356.8,358.8,355.5,358.1
1991-05-21 00:00,359.0,359.0,357.4,357.9
1991-05-22 00:00,358.6,358.8,356.7,356.8
1991-05-23 00:00,357.35,357.35,354.8,355.5
1991-05-24 00:00,356.0,357.1,355.8,356.8
1991-05-28 00:00,356.85,365.0,354.7,363.7
1991-05-29 00:00,364.65,365.8,364.0,364.2
1991-05-30 00:00,364.2,367.7,362.8,366.5
1991-05-31 00:00,367.25,367.25,363.2,364.8
1991-06-03 00:00,364.95,367.7,364.95,366.4
1991-06-04 00:00,367.25,367.25,364.5,365.8
1991-06-05 00:00,366.4,366.4,365.3,365.7
1991-06-06 00:00,366.4,368.8,365.9,368.1
1991-06-07 00:00,368.75,371.3,368.75,369.5
1991-06-10 00:00,369.7,377.9,369.7,376.6
1991-06-11 00:00,377.3,377.3,373.7,373.9
1991-06-12 00:00,374.85,376.6,372.8,373.1
1991-06-13 00:00,373.85,373.85,371.6,372.9
1991-06-14 00:00,373.65,373.65,368.4,369.8
1991-06-17 00:00,370.55,371.1,369.6,370.8
1991-06-18 00:00,371.5,375.0,368.5,370.9
1991-06-19 00:00,371.2,371.3,369.5,371.1
1991-06-20 00:00,371.4,371.4,369.0,370.4
1991-06-21 00:00,370.65,370.65,367.3,368.1
1991-06-24 00:00,368.9,368.9,361.5,365.2
1991-06-25 00:00,365.25,367.3,365.0,366.7
1991-06-26 00:00,366.85,369.6,366.85,367.9
1991-06-27 00:00,367.9,368.4,366.0,367.9
1991-06-28 00:00,368.8,373.0,368.7,370.0
1991-07-01 00:00,370.75,372.2,369.0,369.9
1991-07-02 00:00,370.3,370.3,367.8,369.4
1991-07-03 00:00,369.65,372.3,369.65,371.6
1991-07-08 00:00,371.95,372.6,371.5,372.1
1991-07-09 00:00,372.1,372.1,369.9,370.6
1991-07-10 00:00,371.3,373.2,371.1,371.2
1991-07-11 00:00,371.95,371.95,368.0,368.9
1991-07-12 00:00,369.05,370.2,368.3,369.6
1991-07-15 00:00,370.1,370.8,368.5,370.1
1991-07-16 00:00,370.95,370.95,369.0,369.8
1991-07-17 00:00,370.05,370.8,369.6,370.5
1991-07-18 00:00,371.15,372.8,369.6,370.9
1991-07-19 00:00,371.7,371.8,370.7,371.2
1991-07-22 00:00,371.45,371.45,366.5,368.1
1991-07-23 00:00,368.15,368.9,367.7,368.5
1991-07-24 00:00,369.45,369.45,364.1,364.7
1991-07-25 00:00,365.45,365.7,363.6,364.7
1991-07-26 00:00,365.05,366.5,363.9,366.3
1991-07-29 00:00,366.3,373.3,366.3,370.8
1991-07-30 00:00,371.2,371.2,367.8,369.8
1991-07-31 00:00,370.5,371.6,369.4,370.8
1991-08-01 00:00,371.0,371.0,370.0,370.3
1991-08-02 00:00,370.35,370.35,360.8,362.3
1991-08-05 00:00,362.45,363.2,360.2,362.7
1991-08-06 00:00,362.95,363.8,362.9,363.1
1991-08-07 00:00,363.85,363.85,361.8,362.8
1991-08-08 00:00,363.45,364.1,362.5,363.3
1991-08-09 00:00,363.9,364.9,363.3,364.4
1991-08-12 00:00,364.75,364.75,363.4,363.5
1991-08-13 00:00,363.75,363.75,362.0,362.2
1991-08-14 00:00,362.6,364.6,360.6,363.6
1991-08-15 00:00,364.45,366.0,362.6,362.7
1991-08-16 00:00,363.2,364.0,362.3,363.5
1991-08-19 00:00,363.9,368.5,362.4,364.1
1991-08-20 00:00,364.85,364.85,357.5,361.3
1991-08-21 00:00,362.25,362.5,360.1,362.1
1991-08-22 00:00,362.95,362.95,359.3,359.4
1991-08-23 00:00,360.05,360.05,357.1,358.6
1991-08-26 00:00,359.15,360.5,359.0,360.3
1991-08-27 00:00,361.0,361.0,358.6,359.5
1991-08-28 00:00,360.05,361.1,357.7,358.9
1991-08-29 00:00,359.0,359.0,355.0,355.7
1991-08-30 00:00,356.65,356.65,350.0,352.9
1991-09-03 00:00,353.75,353.75,350.6,352.9
1991-09-04 00:00,353.1,353.5,352.7,353.0
1991-09-05 00:00,353.8,353.8,350.8,351.4
1991-09-06 00:00,351.55,353.5,350.8,353.4
1991-09-09 00:00,353.75,357.0,353.75,355.2
1991-09-10 00:00,355.55,356.4,353.7,354.0
1991-09-11 00:00,354.8,354.8,346.0,349.4
1991-09-12 00:00,350.25,350.7,348.1,348.2
1991-09-13 00:00,348.9,349.2,347.4,348.2
1991-09-16 00:00,348.95,350.1,348.2,348.3
1991-09-17 00:00,348.35,351.2,348.35,350.4
1991-09-18 00:00,351.2,352.8,351.2,352.3
1991-09-19 00:00,352.85,353.8,351.7,352.0
1991-09-20 00:00,352.75,352.75,351.3,352.1
1991-09-23 00:00,352.2,354.4,352.2,354.3
1991-09-24 00:00,355.05,358.0,355.0,357.2
1991-09-25 00:00,357.4,357.4,355.4,356.3
1991-09-26 00:00,356.95,356.95,353.3,354.1
1991-09-27 00:00,354.7,354.7,350.8,352.4
1991-09-30 00:00,352.65,359.5,352.65,357.3
1991-10-01 00:00,357.35,357.7,356.7,357.3
1991-10-02 00:00,357.6,360.6,357.6,358.6
1991-10-03 00:00,359.25,361.5,359.0,360.6
1991-10-04 00:00,361.3,362.0,358.6,361.7
1991-10-07 00:00,362.5,363.4,360.5,362.0
1991-10-08 00:00,362.1,362.1,359.1,360.2
1991-10-09 00:00,360.4,362.2,360.2,362.1
1991-10-10 00:00,362.55,363.2,361.1,361.3
1991-10-11 00:00,361.9,363.5,359.8,362.4
1991-10-14 00:00,363.05,363.3,360.6,361.3
1991-10-15 00:00,361.35,361.5,359.7,360.1
1991-10-16 00:00,360.7,360.7,357.9,360.5
1991-10-17 00:00,361.3,362.6,360.0,362.3
1991-10-18 00:00,363.25,365.0,361.6,364.4
1991-10-21 00:00,364.85,367.4,364.85,365.9
1991-10-22 00:00,366.85,366.85,364.7,366.0
1991-10-23 00:00,366.55,366.55,363.8,364.3
1991-10-24 00:00,365.0,365.0,362.4,364.0
1991-10-25 00:00,364.6,365.0,362.5,362.7
1991-10-28 00:00,363.25,363.25,359.5,360.8
1991-10-29 00:00,361.7,361.7,358.2,361.1
1991-10-30 00:00,361.6,361.9,360.3,360.5
1991-10-31 00:00,360.5,360.5,358.8,359.5
1991-11-01 00:00,359.95,359.95,356.5,356.9
1991-11-04 00:00,357.2,358.3,357.2,358.1
1991-11-05 00:00,358.95,358.95,355.3,355.4
1991-11-06 00:00,355.75,356.3,354.7,355.8
1991-11-07 00:00,356.5,356.7,354.4,354.7
1991-11-08 00:00,354.75,355.7,353.6,355.2
1991-11-11 00:00,355.85,356.3,355.5,356.2
1991-11-12 00:00,356.85,357.5,355.7,356.7
1991-11-13 00:00,357.05,358.2,356.4,357.3
1991-11-14 00:00,358.2,358.2,355.6,355.7
1991-11-15 00:00,356.45,361.0,355.7,360.1
1991-11-18 00:00,360.4,362.5,360.1,361.5
1991-11-19 00:00,361.85,365.5,361.3,364.4
1991-11-20 00:00,365.05,365.8,363.3,364.7
1991-11-21 00:00,365.1,370.7,363.7,368.6
1991-11-22 00:00,368.7,370.2,367.9,369.6
1991-11-25 00:00,370.1,370.3,367.9,368.3
1991-11-26 00:00,369.05,371.0,369.0,369.3
1991-11-27 00:00,370.25,372.0,369.8,371.2
1991-11-29 00:00,371.5,371.5,369.3,371.1
1991-12-02 00:00,371.25,372.4,369.6,369.9
1991-12-03 00:00,370.1,370.1,365.4,366.4
1991-12-04 00:00,366.7,369.6,366.7,367.9
1991-12-05 00:00,367.95,370.2,366.6,370.0
1991-12-06 00:00,370.85,373.0,370.2,371.9
1991-12-09 00:00,372.7,374.9,371.5,371.6
1991-12-10 00:00,372.55,373.1,370.3,371.1
1991-12-11 00:00,371.25,371.25,367.7,368.6
1991-12-12 00:00,368.75,369.0,358.2,359.9
1991-12-13 00:00,360.75,361.5,359.2,361.3
1991-12-16 00:00,362.0,362.2,360.6,360.9
1991-12-17 00:00,361.75,361.75,357.8,359.1
1991-12-18 00:00,359.95,361.3,359.0,360.8
1991-12-19 00:00,361.1,361.2,358.9,359.1
1991-12-20 00:00,359.3,361.5,356.8,360.3
1991-12-23 00:00,360.85,362.7,360.7,361.0
1991-12-24 00:00,361.8,361.8,360.3,360.7
1991-12-26 00:00,361.15,361.15,355.3,355.9
1991-12-27 00:00,355.9,356.2,353.5,355.0
1991-12-30 00:00,355.15,355.15,352.3,353.9
1991-12-31 00:00,354.55,355.6,353.6,355.2
1992-01-02 00:00,355.7,355.7,350.9,353.2
1992-01-03 00:00,353.65,354.7,351.4,351.5
1992-01-06 00:00,352.35,352.35,348.5,350.3
1992-01-07 00:00,350.4,351.0,349.7,350.5
1992-01-08 00:00,351.3,352.2,350.7,351.5
1992-01-09 00:00,351.55,359.2,351.55,357.5
1992-01-10 00:00,357.85,360.5,356.8,356.9
1992-01-13 00:00,357.1,357.1,354.0,354.5
1992-01-14 00:00,355.35,356.5,353.3,355.2
1992-01-15 00:00,355.5,357.1,354.5,354.7
1992-01-16 00:00,355.4,359.0,354.1,357.0
1992-01-17 00:00,357.05,358.2,354.3,354.5
1992-01-20 00:00,354.55,361.5,354.55,358.2
1992-01-21 00:00,358.35,359.1,356.8,358.4
1992-01-22 00:00,358.7,358.7,356.5,358.3
1992-01-23 00:00,358.8,358.8,354.0,354.9
1992-01-24 00:00,355.35,355.5,352.2,354.7
1992-01-27 00:00,355.45,357.2,354.6,355.0
1992-01-28 00:00,355.5,359.0,355.5,357.9
1992-01-29 00:00,358.85,359.1,356.8,358.2
1992-01-30 00:00,358.25,359.8,355.0,355.6
1992-01-31 00:00,356.1,361.3,354.6,358.9
1992-02-03 00:00,359.4,359.8,357.8,358.4
1992-02-04 00:00,359.0,359.0,357.4,357.9
1992-02-05 00:00,358.35,358.35,355.3,357.3
1992-02-06 00:00,357.55,358.8,356.9,357.4
1992-02-07 00:00,358.05,359.0,356.2,356.5
1992-02-10 00:00,356.8,358.2,356.0,357.4
1992-02-11 00:00,357.4,359.0,356.7,357.8
1992-02-12 00:00,358.6,360.5,358.4,359.6
1992-02-13 00:00,360.15,360.15,356.3,357.3
1992-02-14 00:00,358.3,358.3,354.4,355.1
1992-02-18 00:00,355.75,355.75,353.0,354.7
1992-02-19 00:00,355.65,355.65,353.8,354.5
1992-02-20 00:00,355.0,355.3,354.2,354.7
1992-02-21 00:00,355.55,355.55,351.5,352.5
1992-02-24 00:00,353.3,353.3,350.2,351.1
1992-02-25 00:00,351.4,352.4,350.5,350.6
1992-02-26 00:00,350.7,350.9,349.4,350.8
1992-02-27 00:00,351.35,356.6,351.35,355.0
1992-02-28 00:00,355.5,355.5,354.0,354.1
1992-03-02 00:00,354.3,354.3,351.1,352.5
1992-03-03 00:00,352.85,353.0,351.2,351.4
1992-03-04 00:00,351.65,351.8,350.3,351.6
1992-03-05 00:00,352.15,352.5,350.2,352.3
1992-03-06 00:00,352.95,352.95,349.2,350.3
1992-03-09 00:00,350.7,350.7,348.3,349.7
1992-03-10 00:00,349.85,350.3,348.8,349.8
1992-03-11 00:00,350.3,351.5,349.6,351.4
1992-03-12 00:00,351.8,351.8,347.0,348.0
1992-03-13 00:00,348.65,348.65,347.2,347.3
1992-03-16 00:00,348.1,348.1,342.1,343.9
1992-03-17 00:00,344.0,344.0,337.3,340.6
1992-03-18 00:00,341.35,341.7,338.7,338.8
1992-03-19 00:00,339.4,339.9,336.3,339.1
1992-03-20 00:00,340.0,340.0,338.2,338.5
1992-03-23 00:00,339.2,339.2,338.3,338.5
1992-03-24 00:00,339.05,339.9,338.2,339.8
1992-03-25 00:00,340.45,343.3,340.45,341.3
1992-03-26 00:00,341.65,343.5,341.65,343.0
1992-03-27 00:00,343.55,344.8,341.7,344.4
1992-03-30 00:00,344.65,345.5,343.6,343.8
1992-03-31 00:00,344.45,346.9,343.5,345.5
1992-04-01 00:00,346.45,346.9,344.5,344.6
1992-04-02 00:00,345.2,345.2,341.6,342.4
1992-04-03 00:00,343.4,343.4,341.8,342.7
1992-04-06 00:00,342.9,342.9,340.7,341.8
1992-04-07 00:00,342.55,342.55,339.2,340.1
1992-04-08 00:00,340.9,340.9,339.0,339.3
1992-04-09 00:00,339.4,341.0,339.4,340.9
1992-04-10 00:00,341.5,344.2,341.5,342.5
1992-04-13 00:00,342.7,343.2,340.4,340.6
1992-04-14 00:00,341.45,341.45,340.1,340.8
1992-04-15 00:00,341.4,341.4,336.2,337.0
1992-04-16 00:00,337.2,338.5,337.2,338.3
1992-04-20 00:00,338.6,339.1,336.9,337.7
1992-04-21 00:00,338.7,343.0,338.5,341.7
1992-04-22 00:00,342.55,342.55,339.0,339.8
1992-04-23 00:00,340.7,340.7,338.3,339.3
1992-04-24 00:00,339.95,339.95,336.7,337.5
1992-04-27 00:00,337.5,337.8,336.4,337.1
1992-04-28 00:00,338.1,338.5,336.7,337.2
1992-04-29 00:00,337.9,337.9,334.9,336.4
1992-04-30 00:00,337.0,338.1,337.0,337.9
1992-05-01 00:00,338.5,339.4,338.0,339.3
1992-05-04 00:00,339.65,339.65,337.0,337.6
1992-05-05 00:00,338.2,338.2,337.0,337.8
1992-05-06 00:00,338.75,338.75,337.3,337.5
1992-05-07 00:00,338.4,338.4,335.7,335.9
1992-05-08 00:00,335.95,338.2,335.3,336.3
1992-05-11 00:00,336.55,337.8,336.55,337.0
1992-05-12 00:00,337.55,337.55,335.1,335.8
1992-05-13 00:00,336.55,336.55,335.2,336.1
1992-05-14 00:00,336.35,338.9,336.35,338.4
1992-05-15 00:00,339.3,340.8,338.7,339.1
1992-05-18 00:00,339.65,340.1,339.1,339.3
1992-05-19 00:00,339.5,341.7,337.6,338.2
1992-05-20 00:00,339.05,339.05,337.3,338.4
1992-05-21 00:00,339.4,339.4,336.8,337.4
1992-05-22 00:00,337.8,338.5,337.5,338.1
1992-05-26 00:00,338.75,338.75,337.7,338.4
1992-05-27 00:00,339.4,341.3,339.4,340.0
1992-05-28 00:00,340.65,340.65,338.2,339.0
1992-05-29 00:00,339.35,339.8,338.1,338.4
1992-06-01 00:00,338.65,339.7,338.2,339.6
1992-06-02 00:00,340.0,341.5,340.0,341.2
1992-06-03 00:00,341.75,342.9,340.5,340.6
1992-06-04 00:00,340.75,341.2,340.3,340.6
1992-06-05 00:00,341.05,341.4,340.4,340.7
1992-06-08 00:00,341.15,341.15,340.0,340.1
1992-06-09 00:00,340.25,340.3,339.6,340.2
1992-06-10 00:00,340.3,340.8,339.5,339.8
1992-06-11 00:00,340.35,342.4,339.7,342.3
1992-06-12 00:00,342.5,345.8,341.3,344.7
1992-06-15 00:00,345.25,345.6,344.2,344.9
1992-06-16 00:00,345.3,345.3,343.5,344.0
1992-06-17 00:00,344.6,344.8,342.8,342.9
1992-06-18 00:00,343.3,345.2,342.6,344.2
1992-06-19 00:00,344.6,346.9,341.8,342.4
1992-06-22 00:00,342.7,345.5,342.7,345.2
1992-06-23 00:00,345.65,346.6,345.2,346.0
1992-06-24 00:00,346.2,346.2,343.5,344.3
1992-06-25 00:00,344.3,345.2,344.0,344.6
1992-06-26 00:00,345.5,345.5,343.5,343.9
1992-06-29 00:00,343.95,345.2,342.7,345.1
1992-06-30 00:00,345.95,345.95,344.2,344.4
1992-07-01 00:00,344.7,345.8,344.3,345.6
1992-07-02 00:00,346.5,349.7,346.5,347.6
1992-07-06 00:00,348.05,348.2,346.9,347.5
1992-07-07 00:00,347.85,347.85,345.8,347.1
1992-07-08 00:00,347.9,349.2,347.7,348.4
1992-07-09 00:00,349.25,349.5,347.8,349.4
1992-07-10 00:00,349.65,351.2,348.9,349.0
1992-07-13 00:00,349.15,349.9,349.0,349.8
1992-07-14 00:00,350.75,352.0,350.0,351.8
1992-07-15 00:00,352.45,354.8,351.4,354.7
1992-07-16 00:00,354.75,354.75,353.0,353.2
1992-07-17 00:00,353.25,360.1,353.2,358.0
1992-07-20 00:00,358.7,361.2,358.1,359.6
1992-07-21 00:00,360.5,360.5,357.4,358.1
1992-07-22 00:00,358.6,360.7,357.9,359.3
1992-07-23 00:00,359.8,361.2,358.5,358.9
1992-07-24 00:00,359.7,359.8,356.8,359.5
1992-07-27 00:00,359.95,359.95,357.7,358.1
1992-07-28 00:00,358.15,363.9,358.15,362.9
1992-07-29 00:00,363.35,363.35,359.5,360.4
1992-07-30 00:00,360.55,361.0,360.1,360.6
1992-07-31 00:00,360.85,362.0,360.85,361.4
1992-08-03 00:00,361.75,361.75,355.6,356.5
1992-08-04 00:00,357.25,357.25,355.7,356.5
1992-08-05 00:00,356.85,356.85,351.9,352.9
1992-08-06 00:00,353.45,353.45,351.4,352.7
1992-08-07 00:00,352.9,354.8,352.3,353.9
1992-08-10 00:00,354.85,354.85,353.4,354.0
1992-08-11 00:00,354.4,354.4,350.8,350.9
1992-08-12 00:00,350.95,351.3,340.5,342.0
1992-08-13 00:00,342.3,342.3,335.0,337.2
1992-08-14 00:00,337.7,338.8,337.4,337.8
1992-08-17 00:00,338.2,340.4,338.2,339.9
1992-08-18 00:00,340.7,340.7,337.6,338.7
1992-08-19 00:00,339.6,341.3,339.6,340.8
1992-08-20 00:00,341.05,341.05,339.0,340.2
1992-08-21 00:00,340.7,340.7,338.7,340.0
1992-08-24 00:00,340.1,345.3,340.1,344.3
1992-08-25 00:00,344.85,344.85,342.7,343.3
1992-08-26 00:00,343.4,343.4,340.5,340.9
1992-08-27 00:00,341.6,342.0,341.2,341.7
1992-08-28 00:00,342.65,343.0,341.9,342.4
1992-08-31 00:00,343.25,346.7,342.6,345.3
1992-09-01 00:00,345.9,345.9,342.8,343.4
1992-09-02 00:00,343.55,343.55,340.3,341.1
1992-09-03 00:00,341.35,344.6,340.9,343.4
1992-09-04 00:00,344.1,345.3,343.0,343.8
1992-09-08 00:00,343.9,344.8,343.9,344.6
1992-09-09 00:00,345.35,346.1,343.5,344.2
1992-09-10 00:00,344.35,344.6,343.8,344.2
1992-09-11 00:00,344.55,344.55,341.5,342.9
1992-09-14 00:00,343.1,351.0,343.1,348.8
1992-09-15 00:00,349.3,349.3,347.5,348.4
1992-09-16 00:00,348.95,352.0,348.95,351.7
1992-09-17 00:00,352.45,352.45,349.6,349.8
1992-09-18 00:00,350.5,354.5,348.9,353.0
1992-09-21 00:00,353.7,353.7,348.3,349.4
1992-09-22 00:00,349.65,352.9,348.0,350.7
1992-09-23 00:00,350.85,351.9,349.3,350.4
1992-09-24 00:00,351.35,351.35,349.4,351.0
1992-09-25 00:00,351.25,352.9,350.4,351.1
1992-09-28 00:00,351.35,351.35,349.2,349.4
1992-09-29 00:00,349.7,350.6,348.3,349.9
1992-09-30 00:00,350.3,351.3,349.3,349.4
1992-10-01 00:00,349.9,350.1,348.8,349.1
1992-10-02 00:00,349.65,350.5,348.6,349.6
1992-10-05 00:00,350.05,353.4,350.05,352.0
1992-10-06 00:00,353.0,353.0,350.9,351.4
1992-10-07 00:00,352.05,352.4,350.5,352.2
1992-10-08 00:00,352.2,352.2,350.7,351.0
1992-10-09 00:00,351.7,352.5,350.7,351.4
1992-10-12 00:00,351.95,351.95,345.8,346.1
1992-10-13 00:00,346.65,346.65,343.3,344.9
1992-10-14 00:00,345.55,345.55,343.5,343.7
1992-10-15 00:00,344.1,344.1,341.6,341.9
1992-10-16 00:00,342.8,343.8,342.4,343.2
1992-10-19 00:00,343.35,343.8,342.8,343.4
1992-10-20 00:00,343.4,345.0,343.4,344.6
1992-10-21 00:00,345.1,345.4,344.5,344.8
1992-10-22 00:00,345.7,345.7,343.2,343.7
1992-10-23 00:00,344.1,344.6,342.8,344.2
1992-10-26 00:00,344.65,344.65,341.2,341.7
1992-10-27 00:00,342.2,342.2,336.9,338.0
1992-10-28 00:00,339.0,340.3,338.4,340.1
1992-10-29 00:00,340.35,340.5,339.7,340.2
1992-10-30 00:00,341.15,341.15,339.4,340.1
1992-11-02 00:00,340.85,340.85,339.7,340.6
1992-11-03 00:00,340.75,340.75,337.4,338.2
1992-11-04 00:00,339.0,339.8,337.4,337.7
1992-11-05 00:00,337.95,340.2,336.5,336.8
1992-11-06 00:00,337.05,338.0,333.7,336.2
1992-11-09 00:00,336.45,336.45,332.2,333.1
1992-11-10 00:00,334.05,334.05,328.9,330.1
1992-11-11 00:00,330.15,333.0,330.15,332.1
1992-11-12 00:00,332.6,334.1,332.2,333.5
1992-11-13 00:00,333.8,337.5,333.8,335.4
1992-11-16 00:00,336.2,336.2,333.7,334.0
1992-11-17 00:00,334.1,334.6,333.5,334.4
1992-11-18 00:00,334.55,335.5,334.55,335.2
1992-11-19 00:00,335.3,335.5,333.7,335.4
1992-11-20 00:00,335.45,337.0,335.0,335.3
1992-11-23 00:00,335.55,335.55,333.8,334.4
1992-11-24 00:00,334.4,335.9,334.4,335.3
1992-11-25 00:00,335.7,336.0,334.0,334.7
1992-11-27 00:00,335.65,335.65,334.5,335.5
1992-11-30 00:00,335.6,335.7,334.9,335.5
1992-12-01 00:00,336.25,336.25,335.3,336.1
1992-12-02 00:00,336.75,337.7,336.4,336.9
1992-12-03 00:00,337.5,337.5,336.2,336.4
1992-12-04 00:00,336.6,337.0,336.2,336.6
1992-12-07 00:00,337.2,337.2,335.3,337.0
1992-12-08 00:00,337.05,337.05,335.8,336.3
1992-12-09 00:00,337.1,337.1,333.9,334.5
1992-12-10 00:00,335.0,335.2,334.2,335.0
1992-12-11 00:00,335.75,336.1,335.4,336.0
1992-12-14 00:00,336.7,336.7,335.4,335.4
1992-12-15 00:00,336.2,336.2,335.3,335.3
1992-12-16 00:00,335.8,339.3,335.8,338.7
1992-12-17 00:00,339.55,340.1,338.7,339.2
1992-12-18 00:00,339.65,339.65,337.2,337.7
1992-12-21 00:00,338.45,338.45,332.3,334.6
1992-12-22 00:00,335.2,335.2,332.0,332.8
1992-12-23 00:00,333.2,334.0,332.6,333.4
1992-12-24 00:00,333.65,333.65,333.0,333.4
1992-12-28 00:00,333.55,334.8,333.3,333.4
1992-12-29 00:00,333.65,333.65,332.3,332.8
1992-12-30 00:00,333.3,333.7,332.3,333.3
1992-12-31 00:00,334.2,334.2,333.0,333.1
1993-01-04 00:00,333.5,333.5,326.5,328.4
1993-01-05 00:00,328.55,329.5,328.5,329.0
1993-01-06 00:00,329.05,330.4,329.05,330.1
1993-01-07 00:00,330.1,330.1,328.4,329.0
1993-01-08 00:00,329.1,329.8,328.8,329.5
1993-01-11 00:00,330.3,330.3,326.9,327.8
1993-01-12 00:00,328.05,330.7,328.05,328.8
1993-01-13 00:00,329.7,329.7,326.3,327.6
1993-01-14 00:00,327.65,328.5,326.9,327.3
1993-01-15 00:00,328.15,328.15,326.9,327.0
1993-01-18 00:00,327.2,328.2,326.9,328.0
1993-01-19 00:00,328.9,329.4,328.4,328.6
1993-01-20 00:00,328.7,330.4,328.2,329.8
1993-01-21 00:00,330.4,330.4,328.9,329.3
1993-01-22 00:00,329.8,329.8,328.5,328.6
1993-01-25 00:00,329.0,329.1,328.2,328.8
1993-01-26 00:00,328.95,331.5,328.95,331.1
1993-01-27 00:00,331.75,331.75,330.3,330.4
1993-01-28 00:00,330.85,331.2,330.4,331.1
1993-01-29 00:00,331.4,333.0,330.6,330.7
1993-02-01 00:00,330.95,331.2,330.1,330.7
1993-02-02 00:00,331.65,331.65,330.0,330.6
1993-02-03 00:00,331.4,331.4,329.1,329.5
1993-02-04 00:00,330.5,330.5,328.5,329.2
1993-02-05 00:00,330.1,330.1,328.6,328.9
1993-02-08 00:00,329.85,329.85,328.3,329.1
1993-02-09 00:00,329.25,329.8,329.0,329.6
1993-02-10 00:00,330.45,333.8,330.3,333.7
1993-02-11 00:00,333.8,334.6,332.2,332.7
1993-02-12 00:00,332.9,332.9,328.8,330.0
1993-02-16 00:00,330.3,334.4,330.3,333.4
1993-02-17 00:00,333.95,333.95,330.8,331.5
1993-02-18 00:00,331.7,332.8,329.8,331.5
1993-02-19 00:00,332.25,332.5,330.8,321.0
1993-02-22 00:00,331.9,332.0,328.7,328.8
1993-02-23 00:00,329.55,331.9,329.55,331.6
1993-02-24 00:00,331.65,332.2,330.1,330.4
1993-02-25 00:00,331.15,331.4,330.3,330.6
1993-02-26 00:00,330.7,330.7,327.8,329.1
1993-03-01 00:00,329.45,329.8,329.1,329.3
1993-03-02 00:00,329.95,330.7,329.5,330.5
1993-03-03 00:00,330.6,330.9,329.5,329.7
1993-03-04 00:00,330.3,330.3,328.6,329.6
1993-03-05 00:00,330.6,331.3,330.2,330.4
1993-03-08 00:00,330.75,330.75,327.0,327.7
1993-03-09 00:00,327.7,328.2,326.6,327.2
1993-03-10 00:00,327.6,327.6,325.8,326.9
1993-03-11 00:00,327.3,328.0,326.8,327.6
1993-03-12 00:00,327.75,329.0,327.0,328.5
1993-03-15 00:00,329.15,330.5,328.5,329.8
1993-03-16 00:00,330.8,330.8,328.7,329.6
1993-03-17 00:00,329.8,330.1,329.0,329.7
1993-03-18 00:00,329.8,331.7,329.8,331.2
1993-03-19 00:00,331.5,332.9,331.5,332.3
1993-03-22 00:00,332.55,333.9,332.4,333.3
1993-03-23 00:00,333.75,333.75,332.0,332.3
1993-03-24 00:00,332.75,332.9,321.0,332.7
1993-03-25 00:00,333.3,335.5,333.3,334.4
1993-03-26 00:00,334.75,335.0,334.0,334.2
1993-03-29 00:00,334.35,334.35,332.8,333.9
1993-03-30 00:00,334.55,339.6,334.55,338.8
1993-03-31 00:00,339.1,341.7,338.4,339.3
1993-04-01 00:00,340.0,340.8,338.2,340.2
1993-04-02 00:00,340.65,343.7,340.65,342.3
1993-04-05 00:00,342.8,342.8,340.0,341.0
1993-04-06 00:00,341.65,341.65,338.7,339.3
1993-04-07 00:00,339.7,339.7,337.9,339.7
1993-04-08 00:00,340.0,340.8,337.2,338.9
1993-04-12 00:00,339.65,340.2,338.0,338.2
1993-04-13 00:00,338.85,339.1,337.9,338.8
1993-04-14 00:00,338.9,342.2,338.9,340.8
1993-04-15 00:00,341.25,341.25,336.0,338.3
1993-04-16 00:00,338.5,340.9,338.5,340.2
1993-04-19 00:00,340.8,342.2,340.7,341.5
1993-04-20 00:00,342.4,344.4,341.0,341.1
1993-04-21 00:00,341.75,341.75,339.8,340.7
1993-04-22 00:00,341.65,342.0,338.9,341.2
1993-04-23 00:00,341.65,348.0,341.65,347.5
1993-04-26 00:00,348.15,354.7,348.15,353.8
1993-04-27 00:00,354.8,354.8,351.7,352.1
1993-04-28 00:00,352.8,355.8,350.1,354.4
1993-04-29 00:00,355.3,358.5,355.3,357.4
1993-04-30 00:00,357.4,357.7,352.5,357.2
1993-05-03 00:00,357.5,360.1,355.2,355.3
1993-05-04 00:00,355.45,358.3,354.3,355.7
1993-05-05 00:00,356.55,358.9,354.6,355.5
1993-05-06 00:00,356.1,358.5,355.8,358.3
1993-05-07 00:00,359.05,360.6,356.0,357.4
1993-05-10 00:00,357.65,358.7,356.8,357.2
1993-05-11 00:00,357.35,358.3,356.0,357.3
1993-05-12 00:00,357.55,362.5,356.7,361.8
1993-05-13 00:00,362.65,373.0,362.65,369.3
1993-05-14 00:00,369.75,370.1,366.7,368.3
1993-05-17 00:00,368.9,370.5,367.5,368.0
1993-05-18 00:00,368.35,376.5,367.0,376.0
1993-05-19 00:00,376.3,383.5,373.5,374.2
1993-05-20 00:00,374.8,375.2,372.3,374.7
1993-05-21 00:00,375.7,378.6,372.8,377.9
1993-05-24 00:00,377.95,381.9,372.0,374.2
1993-05-25 00:00,374.9,379.2,373.2,378.7
1993-05-26 00:00,378.8,378.8,376.2,377.4
1993-05-27 00:00,378.35,384.5,376.4,383.4
1993-05-28 00:00,383.8,386.5,377.5,380.3
1993-06-01 00:00,380.75,380.75,367.5,371.3
1993-06-02 00:00,371.9,372.7,367.7,370.8
1993-06-03 00:00,371.7,377.5,371.7,376.2
1993-06-04 00:00,376.95,380.2,376.8,378.5
1993-06-07 00:00,379.15,379.15,373.6,375.7
1993-06-08 00:00,376.5,378.3,375.5,375.6
1993-06-09 00:00,376.2,376.2,371.7,373.0
1993-06-10 00:00,373.95,373.95,370.0,371.0
1993-06-11 00:00,371.4,373.5,364.5,367.5
1993-06-14 00:00,368.15,368.15,361.7,366.6
1993-06-15 00:00,367.0,371.3,364.7,370.8
1993-06-16 00:00,371.4,371.8,368.7,371.5
1993-06-17 00:00,371.75,373.9,369.7,372.2
1993-06-18 00:00,372.95,374.0,370.0,372.5
1993-06-21 00:00,372.65,372.7,370.0,371.1
1993-06-22 00:00,371.75,371.75,368.0,369.7
1993-06-23 00:00,369.9,375.9,367.5,375.5
1993-06-24 00:00,376.3,376.7,374.1,376.1
1993-06-25 00:00,376.65,379.0,375.8,378.1
1993-06-28 00:00,378.2,379.4,375.0,376.1
1993-06-29 00:00,376.25,379.8,375.4,379.5
1993-06-30 00:00,379.85,381.0,378.4,379.2
1993-07-01 00:00,379.65,389.1,378.1,388.2
1993-07-02 00:00,389.15,393.6,386.0,386.7
1993-07-06 00:00,387.5,394.5,387.5,393.1
1993-07-07 00:00,394.0,398.1,393.8,397.8
1993-07-08 00:00,398.5,398.5,394.0,395.6
1993-07-09 00:00,395.85,395.85,390.8,392.3
1993-07-12 00:00,393.2,395.5,393.2,394.9
1993-07-13 00:00,395.5,395.5,390.2,394.5
1993-07-14 00:00,394.8,396.8,388.5,391.4
1993-07-15 00:00,391.9,395.8,391.5,393.9
1993-07-16 00:00,394.1,394.9,391.5,392.9
1993-07-19 00:00,393.1,396.5,392.1,392.4
1993-07-20 00:00,392.75,393.8,391.1,392.2
1993-07-21 00:00,393.2,393.5,389.2,389.5
1993-07-22 00:00,389.95,391.5,387.6,391.3
1993-07-23 00:00,392.0,393.0,388.5,390.0
1993-07-26 00:00,390.45,394.4,390.2,393.1
1993-07-27 00:00,393.15,398.3,393.15,395.6
1993-07-28 00:00,396.4,400.0,396.0,397.8
1993-07-29 00:00,398.8,403.0,396.5,402.2
1993-07-30 00:00,402.45,411.7,402.45,411.3
1993-08-02 00:00,411.5,414.0,406.6,410.2
1993-08-03 00:00,411.05,411.05,406.7,407.6
1993-08-04 00:00,407.8,408.0,403.1,403.3
1993-08-05 00:00,404.15,404.15,375.0,380.7
1993-08-06 00:00,381.5,383.5,374.5,379.9
1993-08-09 00:00,380.85,387.2,380.85,386.8
1993-08-10 00:00,387.3,387.3,381.1,384.4
1993-08-11 00:00,385.25,385.8,377.0,378.7
1993-08-12 00:00,379.15,380.8,368.5,370.7
1993-08-13 00:00,371.35,373.0,369.3,372.6
1993-08-16 00:00,373.2,377.5,373.2,376.4
1993-08-17 00:00,376.8,376.8,373.7,374.9
1993-08-18 00:00,374.9,377.7,374.7,377.5
1993-08-19 00:00,378.3,378.3,373.9,374.4
1993-08-20 00:00,374.4,377.1,373.7,376.4
1993-08-23 00:00,376.7,377.3,374.6,375.5
1993-08-24 00:00,375.55,377.0,374.8,374.9
1993-08-25 00:00,374.95,376.1,373.2,375.5
1993-08-26 00:00,375.6,375.6,367.0,370.8
1993-08-27 00:00,371.2,373.0,370.8,372.1
1993-08-30 00:00,372.35,375.5,372.2,373.3
1993-08-31 00:00,374.25,375.9,373.3,375.7
1993-09-01 00:00,376.7,376.7,371.0,372.6
1993-09-02 00:00,372.65,372.65,364.0,366.3
1993-09-03 00:00,366.8,367.9,365.0,367.1
1993-09-07 00:00,367.1,367.1,352.0,352.5
1993-09-08 00:00,352.75,354.7,352.3,353.6
1993-09-09 00:00,354.55,357.5,354.3,356.5
1993-09-10 00:00,356.95,358.2,350.0,352.4
1993-09-13 00:00,353.0,353.0,343.0,344.8
1993-09-14 00:00,345.6,348.0,344.4,346.9
1993-09-15 00:00,347.2,351.0,346.8,349.6
1993-09-16 00:00,350.1,356.0,350.1,354.7
1993-09-17 00:00,354.75,357.5,352.3,352.8
1993-09-20 00:00,353.65,356.8,353.65,355.5
1993-09-21 00:00,356.2,365.5,354.6,365.0
1993-09-22 00:00,365.4,365.4,353.0,356.0
1993-09-23 00:00,356.6,361.5,356.1,360.0
1993-09-24 00:00,360.55,361.0,358.1,359.4
1993-09-27 00:00,360.15,360.15,354.3,355.7
1993-09-28 00:00,356.3,358.4,355.9,357.3
1993-09-29 00:00,357.9,357.9,352.2,354.7
1993-09-30 00:00,355.1,358.8,354.7,357.1
1993-10-01 00:00,357.9,357.9,355.7,356.9
1993-10-04 00:00,357.8,357.8,350.0,354.6
1993-10-05 00:00,355.15,356.1,354.2,354.8
1993-10-06 00:00,355.6,360.0,355.2,358.2
1993-10-07 00:00,359.1,360.8,358.3,358.5
1993-10-08 00:00,359.05,362.2,358.5,361.5
1993-10-11 00:00,361.7,363.7,361.2,361.7
1993-10-12 00:00,361.75,370.0,360.6,369.2
1993-10-13 00:00,369.55,369.55,367.0,367.6
1993-10-14 00:00,367.9,370.5,365.5,366.6
1993-10-15 00:00,367.5,367.5,365.0,366.2
1993-10-18 00:00,366.2,371.4,365.4,369.6
1993-10-19 00:00,369.7,370.8,365.8,370.3
1993-10-20 00:00,371.0,374.9,371.0,373.8
1993-10-21 00:00,374.2,376.7,371.0,372.8
1993-10-22 00:00,372.95,372.95,367.5,371.3
1993-10-25 00:00,371.5,373.2,368.7,370.5
1993-10-26 00:00,370.8,370.8,367.6,370.3
1993-10-27 00:00,370.35,373.7,369.5,370.7
1993-10-28 00:00,371.55,372.7,368.5,370.2
1993-10-29 00:00,370.7,371.8,368.8,369.6
1993-11-01 00:00,369.85,369.85,360.7,362.1
1993-11-02 00:00,362.15,364.7,361.0,363.6
1993-11-03 00:00,363.8,369.0,363.2,368.0
1993-11-04 00:00,368.05,374.5,368.05,372.4
1993-11-05 00:00,372.55,381.2,372.55,377.8
1993-11-08 00:00,378.25,379.0,374.9,375.5
1993-11-09 00:00,376.0,378.4,374.7,376.6
1993-11-10 00:00,376.6,379.0,373.0,377.4
1993-11-11 00:00,377.45,378.6,376.2,376.4
1993-11-12 00:00,377.0,378.5,373.3,373.6
1993-11-15 00:00,373.7,376.0,373.3,375.7
1993-11-16 00:00,375.95,376.8,374.4,374.6
1993-11-17 00:00,375.2,377.3,369.6,377.2
1993-11-18 00:00,377.45,379.2,376.2,376.7
1993-11-19 00:00,377.65,380.4,375.8,378.3
1993-11-22 00:00,378.7,379.9,377.1,378.5
1993-11-23 00:00,378.55,378.55,375.5,377.3
1993-11-24 00:00,377.7,379.7,377.2,379.2
1993-11-29 00:00,379.85,379.85,370.5,371.5
1993-11-30 00:00,371.8,373.2,371.3,371.9
1993-12-01 00:00,372.75,378.5,370.4,376.6
1993-12-02 00:00,376.65,377.4,374.9,375.6
1993-12-03 00:00,375.75,379.6,373.9,378.6
1993-12-06 00:00,379.05,379.1,377.5,377.8
1993-12-07 00:00,378.65,379.7,377.2,379.3
1993-12-08 00:00,379.35,386.7,379.35,385.7
1993-12-09 00:00,385.95,385.95,383.5,384.4
1993-12-10 00:00,385.35,386.0,383.5,384.9
1993-12-13 00:00,385.75,390.4,385.75,388.6
1993-12-14 00:00,386.8,387.8,385.2,386.7
1993-12-15 00:00,386.8,387.9,383.5,386.85
1993-12-16 00:00,386.9,388.25,384.7,385.5
1993-12-17 00:00,385.35,387.5,384.5,387.0
1993-12-20 00:00,387.15,390.5,387.1,389.0
1993-12-21 00:00,388.65,389.6,386.8,387.2
1993-12-22 00:00,386.95,387.6,384.5,386.2
1993-12-23 00:00,386.0,386.0,384.0,385.8
1993-12-24 00:00,385.7,386.6,385.65,386.5
1993-12-27 00:00,386.15,387.9,385.5,387.7
1993-12-28 00:00,387.85,388.87,386.4,387.3
1993-12-29 00:00,386.9,392.05,386.7,390.0
1993-12-30 00:00,390.15,393.92,388.0,390.5
1993-12-31 00:00,390.25,390.6,389.65,390.5
1994-01-03 00:00,390.55,394.2,390.1,393.5
1994-01-04 00:00,393.8,395.4,392.0,393.35
1994-01-05 00:00,393.1,396.55,388.5,390.65
1994-01-06 00:00,390.65,391.1,384.95,388.75
1994-01-07 00:00,388.6,392.2,385.7,386.3
1994-01-10 00:00,385.75,386.1,379.5,384.6
1994-01-11 00:00,384.5,387.8,382.7,387.7
1994-01-12 00:00,387.9,388.0,384.3,386.0
1994-01-13 00:00,385.75,390.2,384.3,389.7
1994-01-14 00:00,389.75,391.75,388.7,389.3
1994-01-17 00:00,389.5,393.1,389.5,391.2
1994-01-18 00:00,391.1,394.6,390.3,392.5
1994-01-19 00:00,392.3,393.2,390.3,392.35
1994-01-20 00:00,392.3,393.5,386.4,387.3
1994-01-21 00:00,387.35,388.0,380.9,381.1
1994-01-24 00:00,379.75,381.8,377.2,381.1
1994-01-25 00:00,381.4,383.25,381.2,381.3
1994-01-26 00:00,381.8,384.6,379.9,384.35
1994-01-27 00:00,384.0,384.78,375.25,375.5
1994-01-28 00:00,375.5,379.9,375.0,376.8
1994-01-31 00:00,377.75,382.15,375.8,382.0
1994-02-01 00:00,381.55,386.5,381.1,384.2
1994-02-02 00:00,384.7,386.4,383.7,384.9
1994-02-03 00:00,384.45,387.3,383.5,387.2
1994-02-04 00:00,386.85,390.0,384.7,386.6
1994-02-07 00:00,387.2,387.2,378.5,378.75
1994-02-08 00:00,378.6,382.3,378.5,382.0
1994-02-09 00:00,382.1,384.0,378.9,383.25
1994-02-10 00:00,383.0,384.3,379.5,381.5
1994-02-11 00:00,381.5,381.8,379.5,380.1
1994-02-14 00:00,379.25,383.8,379.25,383.5
1994-02-15 00:00,383.0,386.1,380.7,383.0
1994-02-16 00:00,382.75,384.4,382.5,383.3
1994-02-17 00:00,383.7,387.1,382.0,382.5
1994-02-18 00:00,382.75,383.25,376.0,379.75
1994-02-21 00:00,380.0,382.15,379.25,379.95
1994-02-22 00:00,379.75,379.95,376.4,377.6
1994-02-23 00:00,377.7,379.0,374.3,377.5
1994-02-24 00:00,377.5,378.4,373.76,376.25
1994-02-25 00:00,376.3,380.3,375.4,378.3
1994-02-28 00:00,378.25,382.15,378.25,381.25
1994-03-01 00:00,381.3,382.15,377.6,378.25
1994-03-02 00:00,378.3,378.95,373.1,377.6
1994-03-03 00:00,377.6,378.85,375.75,377.35
1994-03-04 00:00,377.0,377.9,374.75,376.7
1994-03-07 00:00,377.0,377.75,375.05,375.9
1994-03-08 00:00,375.75,377.0,374.1,376.5
1994-03-09 00:00,376.5,379.8,374.8,378.9
1994-03-10 00:00,378.7,387.25,378.4,386.35
1994-03-11 00:00,386.15,388.2,384.7,384.85
1994-03-14 00:00,385.25,387.1,384.5,386.3
1994-03-15 00:00,386.25,387.5,385.4,386.6
1994-03-16 00:00,386.75,387.15,384.3,384.8
1994-03-17 00:00,384.5,386.65,382.0,382.4
1994-03-18 00:00,382.8,386.9,382.0,386.8
1994-03-21 00:00,386.5,387.7,384.75,386.5
1994-03-22 00:00,385.4,389.7,385.4,389.0
1994-03-23 00:00,388.85,389.2,386.5,386.6
1994-03-24 00:00,386.85,392.0,386.5,391.0
1994-03-25 00:00,390.85,392.5,387.9,390.6
1994-03-28 00:00,390.9,392.4,387.5,388.0
1994-03-29 00:00,388.0,389.35,384.6,385.8
1994-03-30 00:00,385.5,388.6,385.3,385.9
1994-03-31 00:00,386.05,393.2,386.0,391.6
1994-04-01 00:00,391.75,392.0,389.15,389.15
1994-04-04 00:00,390.75,393.0,385.9,387.1
1994-04-05 00:00,387.0,389.5,383.4,384.35
1994-04-06 00:00,384.5,386.5,383.2,384.8
1994-04-07 00:00,384.8,385.48,383.1,384.5
1994-04-08 00:00,384.5,386.5,383.6,384.0
1994-04-11 00:00,384.25,385.35,377.5,378.5
1994-04-12 00:00,378.6,380.0,376.2,378.75
1994-04-13 00:00,378.8,379.6,376.6,378.25
1994-04-14 00:00,378.3,381.5,376.4,378.3
1994-04-15 00:00,378.25,378.35,375.75,377.75
1994-04-18 00:00,377.65,379.1,376.55,377.0
1994-04-19 00:00,377.0,377.5,370.5,371.8
1994-04-20 00:00,372.1,373.0,370.7,372.5
1994-04-21 00:00,372.35,374.1,372.2,373.2
1994-04-22 00:00,373.2,373.4,368.2,370.8
1994-04-25 00:00,371.0,373.8,369.4,373.15
1994-04-26 00:00,373.2,374.9,372.45,374.0
1994-04-27 00:00,374.0,375.0,373.35,374.0
1994-04-28 00:00,374.4,376.2,372.8,375.75
1994-04-29 00:00,375.5,377.0,374.0,376.7
1994-05-02 00:00,376.6,377.3,374.7,376.1
1994-05-03 00:00,376.1,376.8,374.7,375.5
1994-05-04 00:00,375.4,376.9,374.1,376.2
1994-05-05 00:00,376.3,376.5,373.4,373.4
1994-05-06 00:00,373.7,385.3,372.0,383.3
1994-05-09 00:00,382.25,382.25,380.5,381.1
1994-05-10 00:00,381.2,382.15,378.2,378.7
1994-05-11 00:00,378.75,383.5,376.65,381.8
1994-05-12 00:00,381.8,382.25,377.1,380.0
1994-05-13 00:00,379.95,382.4,379.0,380.5
1994-05-16 00:00,380.7,383.7,378.7,382.4
1994-05-17 00:00,382.65,383.3,380.5,381.0
1994-05-18 00:00,380.8,383.95,378.75,381.5
1994-05-19 00:00,381.65,384.2,380.5,381.2
1994-05-20 00:00,381.35,385.75,380.8,385.45
1994-05-23 00:00,385.0,389.6,384.8,388.8
1994-05-24 00:00,388.6,389.6,385.0,386.85
1994-05-25 00:00,386.55,388.2,385.1,386.5
1994-05-26 00:00,386.4,386.85,382.45,384.2
1994-05-27 00:00,384.1,386.2,383.1,384.5
1994-05-30 00:00,384.45,385.3,383.4,385.0
1994-05-31 00:00,385.2,388.1,385.0,386.6
1994-06-01 00:00,386.75,388.0,381.5,383.4
1994-06-02 00:00,383.35,384.1,382.1,383.8
1994-06-03 00:00,383.75,384.1,380.0,380.5
1994-06-06 00:00,380.5,381.5,378.0,380.3
1994-06-07 00:00,380.1,382.5,379.6,381.1
1994-06-08 00:00,381.25,383.82,379.4,382.0
1994-06-09 00:00,382.05,383.8,379.8,382.85
1994-06-10 00:00,383.0,383.8,381.9,383.3
1994-06-13 00:00,383.4,383.8,381.3,383.15
1994-06-14 00:00,383.45,385.0,383.2,384.15
1994-06-15 00:00,384.35,387.5,383.25,386.6
1994-06-16 00:00,386.65,387.4,384.6,385.4
1994-06-17 00:00,385.5,392.5,385.22,391.5
1994-06-20 00:00,391.0,393.2,388.3,389.2
1994-06-21 00:00,389.0,395.5,388.4,393.4
1994-06-22 00:00,393.5,394.0,387.9,389.7
1994-06-23 00:00,389.5,391.4,388.5,389.6
1994-06-24 00:00,389.5,392.5,388.6,390.7
1994-06-27 00:00,391.0,391.0,382.4,384.95
1994-06-28 00:00,384.95,387.2,384.75,386.15
1994-06-29 00:00,386.2,387.25,383.6,384.9
1994-06-30 00:00,384.8,388.8,384.15,385.5
1994-07-01 00:00,385.95,387.5,383.8,386.7
1994-07-04 00:00,386.8,389.0,386.0,386.7
1994-07-05 00:00,386.8,388.4,385.1,385.8
1994-07-06 00:00,385.75,386.4,382.0,383.7
1994-07-07 00:00,383.8,384.8,382.5,384.4
1994-07-08 00:00,384.5,385.2,382.4,384.25
1994-07-11 00:00,384.7,388.9,383.9,387.0
1994-07-12 00:00,387.05,387.25,384.6,385.35
1994-07-13 00:00,385.35,385.55,382.8,383.35
1994-07-14 00:00,383.3,384.9,381.5,384.0
1994-07-15 00:00,384.05,385.9,383.5,385.8
1994-07-18 00:00,385.85,386.8,385.5,385.8
1994-07-19 00:00,385.8,387.1,383.3,386.45
1994-07-20 00:00,386.3,387.8,384.8,385.35
1994-07-21 00:00,385.4,386.5,383.6,384.25
1994-07-22 00:00,384.35,384.9,383.5,384.8
1994-07-25 00:00,384.95,385.4,384.3,384.85
1994-07-26 00:00,385.0,387.05,384.9,386.85
1994-07-27 00:00,386.75,389.3,386.0,387.4
1994-07-28 00:00,387.4,387.7,384.5,385.1
1994-07-29 00:00,385.0,385.3,381.8,383.2
1994-08-01 00:00,384.25,384.6,382.6,383.5
1994-08-02 00:00,383.6,384.3,377.8,379.4
1994-08-03 00:00,379.25,379.25,376.7,378.0
1994-08-04 00:00,377.95,378.3,375.1,377.6
1994-08-05 00:00,377.75,379.4,377.4,377.7
1994-08-08 00:00,378.0,378.4,376.8,376.8
1994-08-09 00:00,376.9,378.85,376.75,377.75
1994-08-10 00:00,377.6,378.9,377.3,377.4
1994-08-11 00:00,377.4,379.2,376.1,378.65
1994-08-12 00:00,378.85,379.25,375.3,376.6
1994-08-15 00:00,376.75,377.5,375.0,377.4
1994-08-16 00:00,377.25,378.2,375.06,377.25
1994-08-17 00:00,377.35,378.5,376.03,377.2
1994-08-18 00:00,377.05,382.0,376.5,381.15
1994-08-19 00:00,381.2,382.8,380.3,381.9
1994-08-22 00:00,381.5,383.0,380.8,381.5
1994-08-23 00:00,381.4,382.0,380.8,381.6
1994-08-24 00:00,381.6,385.1,380.55,383.8
1994-08-25 00:00,383.7,383.9,382.6,383.25
1994-08-26 00:00,383.3,384.1,382.3,383.3
1994-08-29 00:00,383.0,388.4,381.1,386.55
1994-08-30 00:00,386.4,386.9,385.6,386.1
1994-08-31 00:00,386.0,386.8,384.6,386.0
1994-09-01 00:00,386.0,387.0,385.0,386.8
1994-09-02 00:00,386.7,387.8,386.0,386.9
1994-09-05 00:00,387.0,387.4,386.5,386.95
1994-09-06 00:00,386.95,388.9,386.65,387.75
1994-09-07 00:00,387.7,390.65,387.2,389.55
1994-09-08 00:00,389.5,391.9,388.35,390.25
1994-09-09 00:00,390.1,392.6,388.4,391.75
1994-09-12 00:00,391.8,392.2,390.4,390.7
1994-09-13 00:00,390.6,391.4,388.9,390.5
1994-09-14 00:00,390.65,390.9,388.4,388.4
1994-09-15 00:00,388.3,389.35,386.6,387.9
1994-09-16 00:00,387.9,391.0,387.0,389.6
1994-09-19 00:00,389.4,390.5,389.0,390.25
1994-09-20 00:00,390.4,394.9,390.4,393.5
1994-09-21 00:00,393.75,396.3,393.45,393.65
1994-09-22 00:00,393.6,396.2,392.7,396.2
1994-09-23 00:00,396.4,397.0,395.2,395.7
1994-09-26 00:00,396.0,396.3,393.5,394.0
1994-09-27 00:00,393.9,398.0,393.5,397.35
1994-09-28 00:00,397.2,398.1,393.85,394.2
1994-09-29 00:00,393.75,396.0,393.5,395.25
1994-09-30 00:00,395.3,395.5,392.8,394.6
1994-10-03 00:00,394.75,396.2,392.4,394.55
1994-10-04 00:00,394.5,395.6,391.3,392.45
1994-10-05 00:00,392.6,394.3,391.3,391.65
1994-10-06 00:00,391.55,392.2,390.5,392.15
1994-10-07 00:00,392.1,394.0,389.4,391.0
1994-10-10 00:00,391.2,392.3,390.2,390.4
1994-10-11 00:00,390.4,390.8,385.4,387.7
1994-10-12 00:00,387.8,388.6,386.9,387.8
1994-10-13 00:00,388.0,389.2,385.6,386.6
1994-10-14 00:00,386.85,388.0,386.1,387.4
1994-10-17 00:00,387.9,390.1,387.35,389.7
1994-10-18 00:00,389.7,390.7,388.25,388.75
1994-10-19 00:00,388.7,391.3,388.4,390.05
1994-10-20 00:00,390.05,392.25,389.5,390.8
1994-10-21 00:00,390.75,392.0,389.9,390.6
1994-10-24 00:00,390.5,391.2,388.45,389.4
1994-10-25 00:00,389.45,390.25,388.6,389.1
1994-10-26 00:00,389.0,389.3,387.3,388.85
1994-10-27 00:00,388.9,390.1,387.5,387.85
1994-10-28 00:00,388.0,388.8,386.3,386.9
1994-10-31 00:00,386.6,387.35,382.3,383.8
1994-11-01 00:00,383.7,385.0,381.5,384.2
1994-11-02 00:00,384.45,384.7,382.7,384.2
1994-11-03 00:00,384.5,384.7,382.9,383.35
1994-11-04 00:00,383.2,384.1,382.5,383.3
1994-11-07 00:00,383.5,383.9,381.8,382.25
1994-11-08 00:00,382.2,385.4,381.6,383.9
1994-11-09 00:00,383.95,384.9,382.9,383.7
1994-11-10 00:00,383.55,385.2,383.45,384.85
1994-11-11 00:00,384.9,386.4,383.25,385.0
1994-11-14 00:00,384.85,385.3,384.2,384.65
1994-11-15 00:00,384.7,387.05,384.6,386.3
1994-11-16 00:00,386.25,387.0,384.85,386.1
1994-11-17 00:00,386.1,387.0,385.1,385.25
1994-11-18 00:00,385.45,386.5,383.0,384.1
1994-11-21 00:00,384.0,384.0,382.0,383.15
1994-11-22 00:00,383.35,384.4,382.65,383.45
1994-11-23 00:00,383.35,385.7,383.0,384.45
1994-11-24 00:00,384.3,385.5,383.4,384.35
1994-11-25 00:00,384.25,384.85,383.3,384.8
1994-11-28 00:00,385.0,385.2,382.6,383.1
1994-11-29 00:00,383.1,385.11,382.3,382.95
1994-11-30 00:00,382.8,383.85,380.3,381.05
1994-12-01 00:00,380.65,381.35,377.4,379.4
1994-12-02 00:00,379.3,381.2,375.7,376.55
1994-12-05 00:00,376.7,377.25,374.9,375.85
1994-12-06 00:00,375.65,377.1,375.2,376.35
1994-12-07 00:00,376.35,377.5,375.2,376.5
1994-12-08 00:00,376.5,377.4,375.2,377.1
1994-12-09 00:00,377.0,377.6,375.1,377.1
1994-12-12 00:00,377.2,378.0,376.1,377.75
1994-12-13 00:00,377.5,379.5,377.15,377.8
1994-12-14 00:00,377.75,380.6,377.2,378.8
1994-12-15 00:00,378.75,380.4,378.55,380.3
1994-12-16 00:00,379.75,381.1,378.3,379.0
1994-12-19 00:00,378.5,379.8,377.5,379.8
1994-12-20 00:00,379.7,382.6,378.8,381.6
1994-12-21 00:00,381.75,382.7,380.8,381.6
1994-12-22 00:00,381.45,382.0,380.7,380.7
1994-12-23 00:00,380.7,381.7,380.0,380.1
1994-12-26 00:00,380.5,380.75,380.0,380.5
1994-12-27 00:00,380.9,381.6,380.75,381.4
1994-12-28 00:00,381.3,383.9,381.15,383.6
1994-12-29 00:00,383.25,386.4,381.3,382.35
1994-12-30 00:00,382.3,383.1,381.3,382.6
1995-01-02 00:00,382.9,382.9,382.9,382.9
1995-01-03 00:00,383.0,383.2,379.05,379.45
1995-01-04 00:00,379.5,381.3,373.8,374.3
1995-01-05 00:00,374.8,376.6,373.5,375.35
1995-01-06 00:00,375.55,376.3,370.8,371.7
1995-01-09 00:00,371.4,373.73,371.0,373.1
1995-01-10 00:00,373.3,374.9,372.7,374.5
1995-01-11 00:00,374.45,376.7,374.05,376.3
1995-01-12 00:00,376.3,381.6,375.35,380.0
1995-01-13 00:00,380.0,380.9,378.2,378.4
1995-01-16 00:00,378.9,379.55,376.7,377.55
1995-01-17 00:00,377.5,380.5,377.1,380.1
1995-01-18 00:00,380.0,384.75,380.0,382.05
1995-01-19 00:00,382.0,383.5,380.15,383.0
1995-01-20 00:00,382.8,384.8,382.45,384.7
1995-01-23 00:00,385.2,385.75,379.4,380.9
1995-01-24 00:00,381.15,382.3,380.1,381.35
1995-01-25 00:00,381.3,382.25,380.2,380.6
1995-01-26 00:00,380.7,381.9,380.25,381.4
1995-01-27 00:00,381.3,381.65,374.5,376.75
1995-01-30 00:00,376.7,378.4,375.2,376.6
1995-01-31 00:00,376.7,377.2,373.9,374.85
1995-02-01 00:00,374.75,376.55,373.5,375.9
1995-02-02 00:00,375.9,376.7,374.9,376.25
1995-02-03 00:00,376.05,376.7,374.7,375.7
1995-02-06 00:00,375.4,376.0,374.1,375.4
1995-02-07 00:00,375.45,376.2,374.0,374.25
1995-02-08 00:00,374.3,375.7,374.1,375.4
1995-02-09 00:00,375.35,376.9,374.0,375.8
1995-02-10 00:00,375.75,376.7,375.3,375.75
1995-02-13 00:00,376.0,376.25,373.8,375.2
1995-02-14 00:00,375.05,376.3,374.9,375.9
1995-02-15 00:00,376.1,377.3,375.35,376.1
1995-02-16 00:00,376.15,377.0,375.65,376.2
1995-02-17 00:00,376.35,379.3,375.9,378.2
1995-02-20 00:00,378.7,379.6,378.7,379.2
1995-02-21 00:00,379.15,379.2,377.8,378.1
1995-02-22 00:00,378.4,380.1,378.25,379.35
1995-02-23 00:00,379.3,380.1,378.45,379.0
1995-02-24 00:00,379.0,379.8,375.0,376.4
1995-02-27 00:00,376.75,377.8,375.0,376.1
1995-02-28 00:00,376.2,377.9,375.2,376.6
1995-03-01 00:00,377.0,377.1,372.8,374.7
1995-03-02 00:00,374.5,377.5,373.15,376.4
1995-03-03 00:00,376.4,377.4,375.35,376.4
1995-03-06 00:00,376.6,379.3,376.3,378.65
1995-03-07 00:00,378.8,384.5,377.5,383.7
1995-03-08 00:00,383.45,384.5,378.9,379.65
1995-03-09 00:00,379.45,382.3,378.2,381.15
1995-03-10 00:00,380.75,384.0,380.3,381.6
1995-03-13 00:00,382.35,386.9,382.25,384.8
1995-03-14 00:00,384.8,385.75,384.1,385.5
1995-03-15 00:00,385.8,387.7,385.5,386.2
1995-03-16 00:00,386.3,386.35,382.6,384.15
1995-03-17 00:00,384.2,384.75,380.8,383.15
1995-03-20 00:00,383.4,383.5,381.4,382.55
1995-03-21 00:00,382.4,383.3,381.5,381.7
1995-03-22 00:00,381.95,382.9,380.65,382.35
1995-03-23 00:00,382.35,384.1,382.1,383.65
1995-03-24 00:00,383.45,383.9,381.1,381.7
1995-03-27 00:00,382.15,383.1,380.8,381.65
1995-03-28 00:00,381.7,382.9,381.0,382.4
1995-03-29 00:00,382.3,384.0,380.75,381.9
1995-03-30 00:00,381.9,388.1,381.35,385.5
1995-03-31 00:00,385.7,391.8,385.0,390.5
1995-04-03 00:00,391.0,393.5,390.5,391.85
1995-04-04 00:00,391.95,393.93,389.9,391.6
1995-04-05 00:00,391.75,395.0,391.0,394.45
1995-04-06 00:00,394.5,394.8,392.1,393.1
1995-04-07 00:00,393.3,394.1,391.85,392.4
1995-04-10 00:00,392.0,393.15,388.25,389.3
1995-04-11 00:00,389.35,390.9,388.7,390.1
1995-04-12 00:00,390.3,390.8,389.1,389.7
1995-04-13 00:00,389.65,390.2,388.2,389.7
1995-04-14 00:00,390.0,391.0,390.0,391.0
1995-04-17 00:00,390.7,394.3,389.0,393.4
1995-04-18 00:00,393.2,396.0,392.2,396.0
1995-04-19 00:00,396.0,397.8,393.8,394.2
1995-04-20 00:00,394.05,394.85,391.2,391.65
1995-04-21 00:00,391.8,392.25,389.1,389.8
1995-04-24 00:00,390.6,391.6,389.9,390.1
1995-04-25 00:00,390.5,390.65,388.5,389.85
1995-04-26 00:00,389.85,390.5,385.1,386.0
1995-04-27 00:00,386.0,389.25,385.6,389.0
1995-04-28 00:00,389.25,390.3,385.4,386.5
1995-05-01 00:00,386.3,387.85,385.8,387.7
1995-05-02 00:00,387.8,389.7,387.1,388.9
1995-05-03 00:00,389.1,389.9,388.0,389.35
1995-05-04 00:00,389.6,392.0,389.4,391.0
1995-05-05 00:00,391.2,391.75,388.5,390.8
1995-05-08 00:00,390.0,391.25,389.1,389.35
1995-05-09 00:00,389.4,390.05,381.6,383.3
1995-05-10 00:00,383.5,384.8,382.0,383.6
1995-05-11 00:00,383.7,384.8,382.2,383.0
1995-05-12 00:00,383.1,384.9,382.3,383.3
1995-05-15 00:00,383.3,384.7,382.65,384.4
1995-05-16 00:00,383.3,384.9,383.3,384.3
1995-05-17 00:00,384.25,384.35,382.4,383.0
1995-05-18 00:00,383.0,383.6,381.5,383.05
1995-05-19 00:00,383.1,383.8,381.9,382.0
1995-05-22 00:00,382.05,382.7,380.4,381.7
1995-05-23 00:00,381.3,383.0,381.3,382.85
1995-05-24 00:00,383.0,384.2,381.95,383.8
1995-05-25 00:00,383.75,386.3,383.25,385.15
1995-05-26 00:00,385.05,387.5,384.7,385.5
1995-05-29 00:00,385.5,386.8,385.45,386.75
1995-05-30 00:00,386.7,386.8,384.0,384.0
1995-05-31 00:00,384.3,384.8,382.8,383.85
1995-06-01 00:00,383.8,385.1,382.9,384.2
1995-06-02 00:00,384.1,385.0,383.1,383.3
1995-06-05 00:00,383.35,384.45,382.6,384.1
1995-06-06 00:00,384.0,385.0,383.05,384.3
1995-06-07 00:00,384.35,386.4,384.1,385.85
1995-06-08 00:00,385.5,386.4,384.9,386.25
1995-06-09 00:00,386.1,388.6,385.8,387.7
1995-06-12 00:00,387.75,387.9,386.4,387.0
1995-06-13 00:00,387.0,387.8,385.9,386.2
1995-06-14 00:00,386.2,388.75,386.15,387.65
1995-06-15 00:00,387.5,391.3,386.65,390.7
1995-06-16 00:00,391.0,391.6,389.3,389.6
1995-06-19 00:00,389.85,391.6,389.85,391.05
1995-06-20 00:00,391.0,391.75,389.95,390.4
1995-06-21 00:00,390.25,391.2,389.7,390.1
1995-06-22 00:00,390.2,390.45,388.55,389.6
1995-06-23 00:00,389.45,390.1,388.6,389.65
1995-06-26 00:00,389.8,390.0,388.3,389.25
1995-06-27 00:00,389.0,389.9,388.5,389.05
1995-06-28 00:00,388.95,389.6,385.9,386.85
1995-06-29 00:00,387.0,388.15,386.2,387.8
1995-06-30 00:00,387.8,387.9,383.0,384.15
1995-07-03 00:00,384.4,384.75,384.1,384.5
1995-07-04 00:00,384.4,384.8,384.4,384.4
1995-07-05 00:00,384.6,384.65,382.6,383.8
1995-07-06 00:00,383.9,384.7,383.4,384.3
1995-07-07 00:00,384.5,386.3,384.2,385.45
1995-07-10 00:00,385.6,386.6,385.1,385.5
1995-07-11 00:00,385.5,386.5,384.1,385.6
1995-07-12 00:00,385.6,390.6,384.5,388.5
1995-07-13 00:00,388.8,390.1,388.0,388.2
1995-07-14 00:00,388.25,389.5,387.7,388.6
1995-07-17 00:00,388.4,389.5,387.4,389.0
1995-07-18 00:00,389.0,389.8,388.05,389.1
1995-07-19 00:00,389.0,391.4,385.1,388.0
1995-07-20 00:00,387.9,388.15,385.5,385.6
1995-07-21 00:00,385.7,386.8,384.0,386.1
1995-07-24 00:00,386.1,387.1,385.25,386.8
1995-07-25 00:00,386.7,387.05,385.4,385.7
1995-07-26 00:00,385.85,386.9,385.3,386.3
1995-07-27 00:00,386.25,386.9,382.6,383.2
1995-07-28 00:00,383.25,383.65,381.5,383.0
1995-07-31 00:00,383.0,383.6,381.7,382.45
1995-08-01 00:00,382.35,383.15,381.1,382.9
1995-08-02 00:00,383.0,383.8,381.1,382.8
1995-08-03 00:00,382.8,384.4,382.35,384.1
1995-08-04 00:00,384.0,384.5,383.0,383.5
1995-08-07 00:00,383.2,384.6,383.2,383.65
1995-08-08 00:00,383.8,384.9,383.3,384.4
1995-08-09 00:00,384.4,385.2,384.1,384.45
1995-08-10 00:00,384.45,384.5,383.6,384.2
1995-08-11 00:00,384.05,384.5,383.2,383.35
1995-08-14 00:00,383.4,384.5,383.0,384.15
1995-08-15 00:00,384.2,386.9,384.15,384.95
1995-08-16 00:00,384.75,384.75,380.7,382.45
1995-08-17 00:00,382.35,385.3,382.3,384.2
1995-08-18 00:00,384.4,385.3,383.2,384.65
1995-08-21 00:00,384.75,386.25,383.8,384.45
1995-08-22 00:00,384.45,384.5,382.6,383.0
1995-08-23 00:00,383.0,383.85,381.8,383.15
1995-08-24 00:00,383.25,384.4,382.6,383.1
1995-08-25 00:00,383.2,383.83,382.2,382.8
1995-08-28 00:00,382.9,383.3,382.2,383.0
1995-08-29 00:00,383.0,383.4,381.3,381.85
1995-08-30 00:00,381.8,382.7,380.7,381.3
1995-08-31 00:00,381.25,383.1,381.0,382.2
1995-09-01 00:00,382.15,383.05,378.9,380.6
1995-09-04 00:00,380.45,380.8,379.6,379.6
1995-09-05 00:00,379.5,380.1,378.4,379.8
1995-09-06 00:00,379.5,380.5,378.75,379.9
1995-09-07 00:00,379.9,382.7,379.9,382.25
1995-09-08 00:00,382.35,383.5,381.25,381.4
1995-09-11 00:00,381.5,383.2,381.5,382.35
1995-09-12 00:00,382.35,385.5,382.1,384.7
1995-09-13 00:00,384.6,385.7,383.3,384.1
1995-09-14 00:00,384.15,385.9,384.0,385.1
1995-09-15 00:00,384.15,385.75,384.1,384.9
1995-09-18 00:00,384.9,386.4,384.25,385.5
1995-09-19 00:00,385.6,385.85,383.8,385.0
1995-09-20 00:00,385.15,385.6,383.3,383.85
1995-09-21 00:00,383.8,385.2,382.3,383.95
1995-09-22 00:00,383.75,385.15,381.7,382.5
1995-09-25 00:00,382.6,383.25,382.1,382.75
1995-09-26 00:00,382.8,384.0,382.4,383.5
1995-09-27 00:00,383.4,384.0,382.5,383.0
1995-09-28 00:00,383.15,384.15,382.8,383.1
1995-09-29 00:00,383.2,384.15,383.0,383.35
1995-10-02 00:00,383.05,383.65,381.3,381.7
1995-10-03 00:00,382.05,382.4,381.45,382.25
1995-10-04 00:00,382.15,383.2,381.9,382.6
1995-10-05 00:00,382.7,383.5,382.1,382.4
1995-10-06 00:00,382.3,383.5,382.0,383.2
1995-10-09 00:00,383.25,385.15,383.25,385.0
1995-10-10 00:00,385.0,385.7,384.3,384.8
1995-10-11 00:00,384.75,384.9,382.5,384.45
1995-10-12 00:00,384.5,384.8,383.9,384.3
1995-10-13 00:00,384.3,384.65,383.05,383.85
1995-10-16 00:00,384.0,385.6,382.75,383.5
1995-10-17 00:00,383.6,383.95,381.8,383.5
1995-10-18 00:00,383.5,384.0,383.1,383.55
1995-10-19 00:00,383.4,383.6,380.4,381.75
1995-10-20 00:00,381.8,382.2,381.3,382.1
1995-10-23 00:00,382.0,382.7,381.8,382.2
1995-10-24 00:00,382.35,382.9,381.8,382.2
1995-10-25 00:00,382.2,383.2,382.0,382.55
1995-10-26 00:00,382.65,383.65,382.2,382.4
1995-10-27 00:00,382.4,382.9,381.2,382.05
1995-10-30 00:00,381.95,382.9,381.6,382.0
1995-10-31 00:00,382.0,382.9,381.95,382.4
1995-11-01 00:00,382.35,382.75,381.6,382.15
1995-11-02 00:00,382.25,382.8,381.6,382.6
1995-11-03 00:00,382.65,383.0,381.9,382.1
1995-11-06 00:00,382.4,382.55,381.6,382.3
1995-11-07 00:00,382.2,385.5,381.91,384.7
1995-11-08 00:00,384.55,385.3,383.7,384.9
1995-11-09 00:00,384.8,386.6,384.2,385.5
1995-11-10 00:00,385.6,390.2,384.2,388.99
1995-11-13 00:00,388.7,389.7,385.9,387.05
1995-11-14 00:00,387.2,387.2,383.2,385.35
1995-11-15 00:00,385.25,386.6,384.4,384.8
1995-11-16 00:00,385.0,385.95,384.1,385.5
1995-11-17 00:00,385.25,386.9,385.05,386.7
1995-11-20 00:00,386.6,386.6,385.8,386.3
1995-11-21 00:00,386.25,387.2,384.7,384.9
1995-11-22 00:00,385.1,385.5,381.1,382.6
1995-11-23 00:00,382.55,382.75,381.15,382.6
1995-11-24 00:00,382.5,383.7,382.5,383.4
1995-11-27 00:00,383.2,385.5,382.8,385.0
1995-11-28 00:00,385.1,390.6,383.4,388.5
1995-11-29 00:00,389.0,390.0,387.65,388.6
1995-11-30 00:00,388.55,388.85,386.8,387.05
1995-12-01 00:00,387.0,387.5,385.9,385.95
1995-12-04 00:00,386.4,386.8,385.2,385.9
1995-12-05 00:00,385.8,387.4,385.65,386.9
1995-12-06 00:00,387.0,389.4,386.05,388.5
1995-12-07 00:00,388.6,390.3,387.2,388.8
1995-12-08 00:00,388.8,390.0,387.25,389.5
1995-12-11 00:00,389.55,390.2,387.9,388.1
1995-12-12 00:00,388.2,389.1,387.7,388.0
1995-12-13 00:00,388.1,388.45,385.9,386.2
1995-12-14 00:00,386.25,386.55,385.0,386.0
1995-12-15 00:00,386.0,386.4,385.2,386.0
1995-12-18 00:00,386.25,387.9,384.45,387.4
1995-12-19 00:00,387.7,388.7,387.05,387.2
1995-12-20 00:00,387.2,388.8,386.75,388.5
1995-12-21 00:00,388.7,388.7,386.1,387.6
1995-12-22 00:00,387.85,387.85,386.7,387.0
1995-12-25 00:00,387.0,387.0,386.75,387.0
1995-12-26 00:00,387.15,388.0,387.0,387.45
1995-12-27 00:00,387.4,387.75,386.45,386.6
1995-12-28 00:00,386.6,386.9,385.5,386.6
1995-12-29 00:00,386.65,387.7,384.35,386.85
1996-01-02 00:00,386.9,390.75,386.7,390.4
1996-01-03 00:00,390.3,394.8,390.0,394.1
1996-01-04 00:00,394.1,394.7,392.9,394.25
1996-01-05 00:00,394.2,397.5,393.9,395.3
1996-01-08 00:00,395.5,397.0,393.35,396.4
1996-01-09 00:00,396.15,397.05,393.7,396.1
1996-01-10 00:00,396.05,401.0,394.35,399.55
1996-01-11 00:00,399.55,400.45,398.15,398.75
1996-01-12 00:00,398.75,400.05,396.05,398.8
1996-01-15 00:00,396.05,396.35,393.55,395.75
1996-01-16 00:00,395.5,398.45,395.5,398.35
1996-01-17 00:00,398.35,399.8,397.15,399.55
1996-01-18 00:00,399.85,399.85,396.85,397.25
1996-01-19 00:00,397.0,400.85,396.5,399.55
1996-01-22 00:00,400.75,403.35,400.75,403.35
1996-01-23 00:00,403.35,404.05,402.15,403.25
1996-01-24 00:00,402.55,404.45,401.65,403.4
1996-01-25 00:00,403.4,408.0,402.65,406.6
1996-01-26 00:00,406.6,409.1,405.35,405.95
1996-01-29 00:00,406.0,407.05,404.5,406.05
1996-01-30 00:00,406.05,407.65,404.75,405.15
1996-01-31 00:00,403.0,406.6,402.55,406.05
1996-02-01 00:00,406.05,411.35,405.5,411.35
1996-02-02 00:00,410.0,418.15,410.0,415.25
1996-02-05 00:00,415.6,416.5,413.35,413.7
1996-02-06 00:00,412.35,412.85,410.15,412.15
1996-02-07 00:00,415.35,415.55,407.75,408.95
1996-02-08 00:00,410.57,410.57,406.35,409.05
1996-02-09 00:00,408.85,409.25,404.35,405.55
1996-02-12 00:00,406.0,406.0,400.05,401.15
1996-02-13 00:00,402.5,403.9,400.75,403.9
1996-02-14 00:00,403.95,405.35,402.05,404.15
1996-02-15 00:00,404.75,405.15,402.75,403.35
1996-02-16 00:00,403.35,406.85,403.15,405.25
1996-02-19 00:00,406.25,406.25,405.25,405.6
1996-02-20 00:00,405.6,405.85,397.65,399.15
1996-02-21 00:00,398.75,402.45,396.05,402.25
1996-02-22 00:00,401.3,401.62,398.75,399.9
1996-02-23 00:00,399.55,399.55,396.75,399.25
1996-02-26 00:00,398.85,400.25,398.55,398.85
1996-02-27 00:00,399.75,399.95,397.15,398.25
1996-02-28 00:00,397.75,398.8,396.95,397.25
1996-02-29 00:00,400.25,401.95,399.55,399.55
1996-03-01 00:00,400.0,400.75,397.65,398.95
1996-03-04 00:00,399.25,399.25,392.85,394.0
1996-03-05 00:00,393.85,394.35,392.45,393.25
1996-03-06 00:00,394.2,394.2,392.35,393.25
1996-03-08 00:00,396.3,397.45,394.1,397.25
1996-03-11 00:00,396.75,396.85,395.3,395.8
1996-03-12 00:00,395.85,397.35,395.85,396.55
1996-03-13 00:00,397.2,397.7,396.3,397.0
1996-03-14 00:00,396.5,396.85,395.3,395.65
1996-03-15 00:00,395.75,396.85,395.25,395.35
1996-03-18 00:00,396.45,396.5,394.15,395.75
1996-03-19 00:00,395.0,395.95,394.85,395.45
1996-03-20 00:00,395.25,396.15,394.5,395.85
1996-03-21 00:00,395.0,398.45,395.0,398.15
1996-03-22 00:00,397.5,399.15,397.1,398.45
1996-03-25 00:00,397.6,398.55,397.6,398.0
1996-03-26 00:00,398.95,401.45,398.95,400.15
1996-03-27 00:00,400.15,400.85,399.55,400.05
1996-03-28 00:00,400.25,400.25,396.25,396.55
1996-03-29 00:00,396.75,397.45,394.05,395.35
1996-04-01 00:00,395.35,396.75,394.15,394.95
1996-04-02 00:00,394.95,395.0,392.85,394.05
1996-04-03 00:00,394.1,395.75,393.95,394.35
1996-04-04 00:00,394.35,395.15,393.15,395.05
1996-04-05 00:00,393.55,393.55,393.55,393.55
1996-04-08 00:00,395.25,398.25,394.35,397.95
1996-04-09 00:00,398.25,398.25,394.15,394.65
1996-04-10 00:00,396.35,396.35,393.85,395.05
1996-04-11 00:00,395.05,396.65,394.0,395.75
1996-04-12 00:00,395.25,395.65,393.65,394.55
1996-04-15 00:00,393.85,394.05,392.55,393.25
1996-04-16 00:00,393.35,394.05,390.35,391.25
1996-04-17 00:00,391.45,391.75,390.45,391.05
1996-04-18 00:00,391.05,392.05,389.95,391.15
1996-04-19 00:00,390.5,391.25,389.75,390.75
1996-04-22 00:00,390.75,392.3,390.75,391.65
1996-04-23 00:00,391.75,392.5,391.45,391.45
1996-04-24 00:00,392.0,392.0,390.45,390.75
1996-04-25 00:00,390.5,395.0,390.05,393.45
1996-04-26 00:00,394.25,394.25,389.95,390.6
1996-04-29 00:00,390.75,391.35,390.35,390.45
1996-04-30 00:00,389.95,392.15,389.95,391.65
1996-05-01 00:00,391.95,394.25,391.85,392.95
1996-05-02 00:00,392.55,394.15,391.85,393.85
1996-05-03 00:00,393.25,394.75,392.15,392.45
1996-05-06 00:00,393.25,394.35,392.55,393.25
1996-05-07 00:00,393.05,394.15,393.05,393.6
1996-05-08 00:00,393.75,395.95,392.75,393.05
1996-05-09 00:00,394.65,395.25,392.45,392.95
1996-05-10 00:00,392.75,393.5,390.35,390.35
1996-05-13 00:00,392.25,392.25,390.85,391.45
1996-05-14 00:00,391.5,392.5,390.55,391.85
1996-05-15 00:00,391.8,392.85,391.75,392.45
1996-05-16 00:00,391.85,392.85,391.65,392.65
1996-05-17 00:00,392.15,392.95,391.55,392.25
1996-05-20 00:00,392.25,392.25,389.75,390.85
1996-05-21 00:00,390.85,391.85,389.65,391.05
1996-05-22 00:00,391.25,391.95,390.9,391.75
1996-05-23 00:00,391.75,391.95,391.2,391.75
1996-05-24 00:00,391.75,391.75,390.65,391.0
1996-05-27 00:00,391.0,391.0,390.85,391.0
1996-05-28 00:00,392.15,392.55,391.35,391.35
1996-05-29 00:00,391.35,392.25,390.95,391.25
1996-05-30 00:00,391.25,391.75,390.25,391.25
1996-05-31 00:00,391.25,392.35,390.15,390.75
1996-06-03 00:00,390.75,391.4,390.45,390.95
1996-06-04 00:00,390.95,390.95,387.45,388.05
1996-06-05 00:00,388.05,388.5,386.15,386.25
1996-06-06 00:00,386.25,387.75,384.2,385.85
1996-06-07 00:00,385.85,387.55,385.15,385.35
1996-06-10 00:00,385.5,386.35,385.45,386.25
1996-06-11 00:00,386.25,386.65,382.85,384.5
1996-06-12 00:00,384.5,385.5,384.25,384.45
1996-06-13 00:00,384.95,385.15,384.15,384.45
1996-06-14 00:00,384.45,385.65,382.85,384.25
1996-06-17 00:00,384.25,385.65,384.15,385.35
1996-06-18 00:00,385.35,386.15,384.55,385.75
1996-06-19 00:00,385.75,386.65,384.35,384.55
1996-06-20 00:00,384.55,386.05,384.15,384.35
1996-06-21 00:00,384.35,385.15,382.75,384.95
1996-06-24 00:00,384.95,385.45,383.75,385.05
1996-06-25 00:00,384.95,385.65,383.95,383.95
1996-06-26 00:00,383.95,385.25,383.05,383.15
1996-06-27 00:00,383.15,383.95,382.05,382.25
1996-06-28 00:00,382.25,383.25,380.35,380.45
1996-07-01 00:00,380.25,382.85,380.25,382.0
1996-07-02 00:00,382.0,382.55,381.45,381.85
1996-07-03 00:00,381.85,382.95,381.75,382.1
1996-07-04 00:00,382.1,382.25,380.55,381.0
1996-07-05 00:00,381.0,381.75,380.37,381.75
1996-07-08 00:00,381.75,383.45,380.75,381.25
1996-07-09 00:00,382.15,383.85,380.95,382.85
1996-07-10 00:00,383.5,384.45,382.15,382.45
1996-07-11 00:00,382.45,384.25,382.45,383.5
1996-07-12 00:00,383.5,384.5,382.85,383.75
1996-07-15 00:00,383.75,385.0,382.85,383.0
1996-07-16 00:00,383.0,385.85,383.0,385.0
1996-07-17 00:00,385.0,385.0,382.7,383.75
1996-07-18 00:00,383.75,384.45,383.55,383.95
1996-07-19 00:00,383.95,385.35,383.75,384.95
1996-07-22 00:00,384.95,385.65,384.25,384.75
1996-07-23 00:00,384.75,385.75,383.45,384.75
1996-07-24 00:00,384.75,386.0,384.25,385.75
1996-07-25 00:00,385.75,385.75,384.8,384.95
1996-07-26 00:00,384.95,385.75,384.65,385.25
1996-07-29 00:00,385.25,385.45,383.75,384.55
1996-07-30 00:00,384.55,385.55,384.4,384.75
1996-07-31 00:00,384.75,387.55,384.75,387.35
1996-08-01 00:00,387.35,387.35,385.5,386.35
1996-08-02 00:00,386.35,387.65,386.25,386.45
1996-08-05 00:00,386.45,390.25,386.45,389.15
1996-08-06 00:00,389.5,389.5,388.25,388.65
1996-08-07 00:00,388.65,388.75,388.0,388.35
1996-08-08 00:00,388.35,388.75,387.75,388.65
1996-08-09 00:00,388.65,388.95,387.25,387.75
1996-08-12 00:00,387.75,388.45,387.15,387.75
1996-08-13 00:00,387.75,388.0,387.35,387.65
1996-08-14 00:00,387.75,387.75,385.95,386.5
1996-08-15 00:00,386.5,387.25,385.85,386.4
1996-08-16 00:00,386.4,386.55,385.75,386.25
1996-08-19 00:00,386.5,387.75,386.25,387.35
1996-08-20 00:00,387.35,387.95,386.75,387.85
1996-08-21 00:00,387.72,388.0,386.65,386.85
1996-08-22 00:00,387.0,388.25,386.75,387.5
1996-08-23 00:00,387.5,388.55,387.25,387.7
1996-08-26 00:00,387.7,389.75,387.55,389.65
1996-08-27 00:00,389.65,389.65,388.65,389.15
1996-08-28 00:00,388.85,389.0,387.95,388.15
1996-08-29 00:00,388.15,388.65,387.05,387.85
1996-08-30 00:00,387.85,388.25,385.95,386.5
1996-09-02 00:00,386.5,387.25,386.5,387.0
1996-09-03 00:00,387.0,387.65,385.95,386.15
1996-09-04 00:00,386.15,387.0,385.25,385.55
1996-09-05 00:00,386.0,386.45,385.35,385.75
1996-09-06 00:00,385.75,386.15,384.85,385.05
1996-09-09 00:00,385.05,385.35,382.25,383.55
1996-09-10 00:00,383.55,383.65,382.15,383.25
1996-09-11 00:00,383.25,384.15,382.75,383.15
1996-09-12 00:00,383.15,383.75,381.35,382.55
1996-09-13 00:00,382.45,383.45,382.45,383.05
1996-09-16 00:00,382.75,383.45,382.45,383.15
1996-09-17 00:00,383.15,384.05,382.75,383.4
1996-09-18 00:00,383.4,383.55,382.55,383.25
1996-09-19 00:00,383.25,383.65,382.55,382.75
1996-09-20 00:00,382.75,383.05,380.55,381.85
1996-09-23 00:00,381.35,381.95,380.95,381.65
1996-09-24 00:00,381.35,383.05,381.25,383.05
1996-09-25 00:00,383.05,383.42,382.05,382.25
1996-09-26 00:00,382.25,382.6,380.05,381.15
1996-09-27 00:00,381.15,381.45,379.95,381.0
1996-09-30 00:00,379.65,379.65,377.85,378.25
1996-10-01 00:00,378.05,379.25,377.2,378.75
1996-10-02 00:00,378.75,380.95,378.5,380.15
1996-10-03 00:00,380.15,380.55,377.35,380.15
1996-10-04 00:00,380.15,381.25,380.05,380.45
1996-10-07 00:00,380.0,381.45,379.65,380.35
1996-10-08 00:00,380.35,381.95,380.35,380.95
1996-10-09 00:00,380.95,382.05,380.5,381.25
1996-10-10 00:00,381.25,383.05,381.15,382.25
1996-10-11 00:00,382.25,382.35,380.85,381.25
1996-10-14 00:00,381.25,382.15,381.05,381.6
1996-10-15 00:00,381.75,381.75,381.0,381.25
1996-10-16 00:00,381.25,382.25,380.95,381.75
1996-10-17 00:00,381.75,381.75,380.25,380.55
1996-10-18 00:00,380.75,380.75,379.7,380.25
1996-10-21 00:00,380.25,382.25,379.75,382.0
1996-10-22 00:00,382.0,384.45,380.1,384.15
1996-10-23 00:00,384.15,384.5,382.75,383.75
1996-10-24 00:00,383.75,384.25,382.55,383.0
1996-10-25 00:00,383.0,384.25,382.0,382.6
1996-10-28 00:00,382.6,383.45,382.55,383.0
1996-10-29 00:00,383.3,383.45,380.25,380.65
1996-10-30 00:00,380.65,380.85,379.55,380.25
1996-10-31 00:00,380.45,380.45,377.65,378.3
1996-11-01 00:00,378.3,378.3,377.1,377.85
1996-11-04 00:00,377.95,379.05,377.8,378.9
1996-11-05 00:00,378.75,379.5,378.7,379.4
1996-11-06 00:00,379.0,379.4,377.75,378.6
1996-11-07 00:00,378.1,380.75,377.65,380.55
1996-11-08 00:00,379.05,380.55,377.75,379.05
1996-11-11 00:00,379.05,381.0,379.05,380.75
1996-11-12 00:00,380.75,382.55,380.75,381.75
1996-11-13 00:00,381.75,384.5,381.75,383.55
1996-11-14 00:00,383.55,383.85,382.2,382.5
1996-11-15 00:00,382.5,384.0,379.25,379.75
1996-11-18 00:00,380.35,380.45,378.9,379.0
1996-11-19 00:00,378.75,378.85,378.25,378.5
1996-11-20 00:00,378.5,379.6,378.2,379.25
1996-11-21 00:00,379.25,379.25,375.75,376.4
1996-11-22 00:00,376.85,377.5,376.6,377.25
1996-11-25 00:00,377.25,377.35,375.1,375.5
1996-11-26 00:00,374.0,374.95,373.65,373.85
1996-11-27 00:00,374.9,374.9,372.9,373.75
1996-11-28 00:00,373.75,373.75,371.8,372.75
1996-11-29 00:00,372.45,372.45,371.55,371.65
1996-12-02 00:00,370.8,371.65,370.1,371.05
1996-12-03 00:00,367.95,371.05,367.25,367.85
1996-12-04 00:00,369.35,371.5,367.75,369.9
1996-12-05 00:00,369.35,370.25,367.5,370.25
1996-12-06 00:00,370.25,374.55,368.26,368.26
1996-12-09 00:00,368.25,369.25,368.25,368.85
1996-12-10 00:00,368.85,369.45,367.85,368.45
1996-12-11 00:00,368.45,370.25,368.0,368.65
1996-12-12 00:00,368.65,369.4,365.75,368.75
1996-12-13 00:00,368.75,370.16,367.0,368.7
1996-12-16 00:00,368.7,368.7,367.55,368.1
1996-12-17 00:00,368.0,369.65,367.5,368.55
1996-12-18 00:00,368.55,369.65,368.55,369.3
1996-12-19 00:00,369.45,369.72,368.9,369.1
1996-12-20 00:00,369.0,369.35,368.9,369.25
1996-12-23 00:00,369.25,369.25,368.45,368.7
1996-12-24 00:00,369.05,369.25,368.85,368.85
1996-12-25 00:00,368.85,369.05,368.85,369.05
1996-12-26 00:00,369.05,369.05,368.85,368.85
1996-12-27 00:00,368.85,369.75,368.85,369.6
1996-12-30 00:00,369.6,369.75,369.25,369.35
1996-12-31 00:00,369.35,369.6,369.35,369.45
1997-01-01 00:00,369.45,369.65,369.45,369.65
1997-01-02 00:00,368.45,368.45,365.7,365.7
1997-01-03 00:00,365.55,365.7,361.0,361.8
1997-01-06 00:00,361.65,361.65,357.25,357.85
1997-01-07 00:00,357.85,359.35,357.85,358.85
1997-01-08 00:00,358.85,358.85,354.25,355.75
1997-01-09 00:00,355.1,357.25,353.45,357.25
1997-01-10 00:00,357.1,359.35,357.05,359.05
1997-01-13 00:00,358.75,360.25,358.4,358.75
1997-01-14 00:00,358.25,358.35,353.55,353.55
1997-01-15 00:00,353.55,355.25,351.75,352.25
1997-01-16 00:00,352.4,355.25,352.35,354.05
1997-01-17 00:00,354.05,355.75,354.0,355.45
1997-01-20 00:00,355.05,355.25,352.65,353.85
1997-01-21 00:00,353.85,354.95,352.3,352.95
1997-01-22 00:00,352.85,352.95,349.85,351.0
1997-01-23 00:00,350.85,351.75,347.25,351.75
1997-01-24 00:00,351.75,354.0,351.75,352.55
1997-01-27 00:00,352.7,356.5,352.35,356.5
1997-01-28 00:00,355.9,357.65,352.5,353.25
1997-01-29 00:00,353.25,353.25,350.3,351.25
1997-01-30 00:00,351.25,351.25,345.4,345.65
1997-01-31 00:00,345.6,346.45,343.65,344.1
1997-02-03 00:00,344.5,346.75,343.75,346.65
1997-02-04 00:00,346.65,347.05,344.15,344.35
1997-02-05 00:00,344.35,344.55,342.25,344.25
1997-02-06 00:00,344.25,344.65,342.25,342.95
1997-02-07 00:00,342.95,342.95,339.0,340.65
1997-02-10 00:00,340.65,343.0,340.45,341.4
1997-02-11 00:00,340.85,340.85,338.55,340.0
1997-02-12 00:00,338.0,345.9,336.4,343.05
1997-02-13 00:00,343.7,343.95,343.55,343.7
1997-02-14 00:00,342.7,342.85,342.7,342.7
1997-02-17 00:00,344.0,344.0,341.0,344.0
1997-02-18 00:00,344.0,345.35,343.0,345.35
1997-02-19 00:00,345.85,347.05,345.25,345.85
1997-02-20 00:00,345.85,351.85,344.65,351.0
1997-02-21 00:00,351.35,354.05,350.25,352.25
1997-02-24 00:00,352.25,353.95,352.12,353.1
1997-02-25 00:00,352.35,354.65,351.94,354.25
1997-02-26 00:00,354.35,356.35,353.05,354.25
1997-02-27 00:00,355.1,362.05,355.1,359.25
1997-02-28 00:00,360.0,363.25,358.25,363.25
1997-03-03 00:00,363.15,363.15,361.8,362.1
1997-03-04 00:00,362.04,363.0,358.55,358.95
1997-03-05 00:00,358.75,358.95,351.95,352.75
1997-03-06 00:00,353.05,353.4,351.65,352.04
1997-03-07 00:00,351.85,353.1,348.0,349.0
1997-03-10 00:00,349.2,352.0,349.15,351.75
1997-03-11 00:00,351.75,354.25,350.5,353.75
1997-03-12 00:00,353.75,354.25,351.25,351.25
1997-03-13 00:00,351.25,353.85,351.0,353.35
1997-03-14 00:00,353.5,353.7,352.75,352.95
1997-03-17 00:00,352.95,352.95,347.45,347.45
1997-03-18 00:00,347.45,348.35,346.0,348.35
1997-03-19 00:00,348.35,353.15,348.35,352.25
1997-03-20 00:00,351.9,353.6,350.4,351.25
1997-03-21 00:00,351.3,353.65,351.15,352.55
1997-03-24 00:00,352.55,352.55,349.65,350.15
1997-03-25 00:00,350.15,351.25,348.64,348.64
1997-03-26 00:00,348.64,350.45,346.25,350.45
1997-03-27 00:00,350.35,350.4,348.0,348.15
1997-03-28 00:00,348.15,348.85,348.15,348.85
1997-03-31 00:00,348.85,351.35,348.35,351.05
1997-04-01 00:00,351.05,352.0,349.75,351.95
1997-04-02 00:00,351.95,351.95,349.05,349.05
1997-04-03 00:00,349.05,349.45,347.25,348.75
1997-04-04 00:00,348.55,349.0,347.35,349.0
1997-04-07 00:00,349.0,349.15,347.05,348.3
1997-04-08 00:00,348.3,349.65,347.5,348.55
1997-04-09 00:00,348.0,348.55,347.45,348.05
1997-04-10 00:00,348.35,348.75,347.55,348.0
1997-04-11 00:00,348.0,349.05,345.65,346.95
1997-04-14 00:00,346.95,347.25,346.15,346.45
1997-04-15 00:00,346.45,346.45,340.95,341.75
1997-04-16 00:00,341.6,342.0,337.85,341.35
1997-04-17 00:00,341.35,343.75,340.45,342.55
1997-04-18 00:00,342.55,342.75,341.35,341.35
1997-04-21 00:00,341.35,343.04,340.45,343.04
1997-04-22 00:00,342.75,342.75,341.25,341.7
1997-04-23 00:00,341.05,341.25,340.55,340.85
1997-04-24 00:00,341.15,341.75,340.25,340.75
1997-04-25 00:00,340.75,342.85,340.54,342.25
1997-04-28 00:00,342.25,342.35,338.95,339.5
1997-04-29 00:00,339.45,340.25,339.05,339.85
1997-04-30 00:00,339.85,341.25,339.25,339.25
1997-05-01 00:00,339.25,341.35,339.05,340.25
1997-05-02 00:00,340.25,340.5,339.75,340.25
1997-05-05 00:00,340.25,343.15,340.0,342.95
1997-05-06 00:00,342.95,343.85,339.65,340.25
1997-05-07 00:00,340.25,341.55,340.25,341.25
1997-05-08 00:00,341.25,344.95,341.25,343.5
1997-05-09 00:00,343.5,348.0,343.5,348.0
1997-05-12 00:00,348.0,351.05,347.45,347.75
1997-05-13 00:00,347.75,349.55,346.65,349.5
1997-05-14 00:00,348.6,349.55,347.55,347.55
1997-05-15 00:00,347.55,348.65,345.95,347.2
1997-05-16 00:00,347.2,347.55,343.65,344.15
1997-05-19 00:00,344.15,344.15,340.25,341.65
1997-05-20 00:00,341.2,343.55,340.45,342.95
1997-05-21 00:00,342.85,343.35,341.85,342.54
1997-05-22 00:00,342.54,343.65,342.35,342.85
1997-05-23 00:00,342.6,343.2,341.35,342.6
1997-05-26 00:00,342.6,343.1,342.5,343.1
1997-05-27 00:00,343.1,344.5,342.5,343.65
1997-05-28 00:00,343.65,345.25,342.75,344.5
1997-05-29 00:00,344.5,346.05,344.25,344.35
1997-05-30 00:00,344.35,346.8,344.35,344.75
1997-06-02 00:00,344.75,344.95,343.75,343.95
1997-06-03 00:00,343.75,344.5,342.75,343.45
1997-06-04 00:00,343.45,344.15,341.05,341.64
1997-06-05 00:00,342.15,342.45,340.25,342.45
1997-06-09 00:00,343.65,344.75,343.65,344.0
1997-06-10 00:00,344.1,344.7,343.75,343.95
1997-06-11 00:00,343.4,344.25,343.2,344.14
1997-06-12 00:00,344.14,344.14,341.65,342.25
1997-06-13 00:00,342.25,342.7,341.2,341.54
1997-06-16 00:00,341.54,342.0,340.75,342.0
1997-06-17 00:00,342.0,342.64,341.5,341.75
1997-06-18 00:00,341.75,342.65,340.15,340.15
1997-06-19 00:00,339.2,340.75,338.75,339.14
1997-06-20 00:00,339.14,340.35,337.5,337.55
1997-06-23 00:00,337.55,339.05,336.85,339.05
1997-06-24 00:00,339.05,340.5,337.85,337.85
1997-06-25 00:00,337.85,339.35,337.25,337.45
1997-06-26 00:00,337.45,338.65,337.05,338.25
1997-06-27 00:00,338.25,338.55,334.75,334.75
1997-06-30 00:00,334.75,335.25,333.55,334.0
1997-07-01 00:00,333.8,334.35,333.65,334.05
1997-07-02 00:00,334.05,334.05,331.35,331.55
1997-07-03 00:00,331.55,333.0,324.75,324.75
1997-07-04 00:00,324.75,325.9,322.75,324.5
1997-07-07 00:00,324.5,324.5,314.25,318.65
1997-07-08 00:00,318.0,322.25,317.65,320.25
1997-07-09 00:00,320.25,320.25,315.59,318.25
1997-07-10 00:00,318.25,321.25,318.14,319.65
1997-07-11 00:00,320.85,321.95,319.05,321.55
1997-07-14 00:00,321.55,322.25,319.75,319.75
1997-07-15 00:00,319.1,321.15,318.05,318.05
1997-07-16 00:00,318.05,321.5,316.9,318.0
1997-07-17 00:00,318.0,324.0,318.0,324.0
1997-07-18 00:00,324.0,329.75,322.6,326.25
1997-07-21 00:00,326.25,328.5,326.25,326.65
1997-07-22 00:00,325.5,325.6,325.35,325.6
1997-07-23 00:00,323.0,324.0,322.0,322.0
1997-07-24 00:00,321.1,326.55,320.75,324.0
1997-07-25 00:00,324.0,326.65,323.35,325.75
1997-07-28 00:00,325.45,327.85,325.3,327.4
1997-07-29 00:00,328.0,328.55,325.25,325.85
1997-07-30 00:00,325.85,327.75,325.6,326.45
1997-07-31 00:00,326.45,327.05,324.05,324.55
1997-08-01 00:00,324.39,325.65,323.85,324.75
1997-08-04 00:00,324.0,324.25,323.7,323.95
1997-08-05 00:00,323.95,323.95,319.0,319.25
1997-08-06 00:00,319.15,320.1,318.65,319.75
1997-08-07 00:00,318.75,322.65,318.45,321.85
1997-08-08 00:00,321.85,327.0,320.65,325.85
1997-08-11 00:00,326.5,328.85,326.25,328.65
1997-08-12 00:00,328.25,328.4,325.35,326.95
1997-08-13 00:00,327.35,328.95,326.85,328.25
1997-08-14 00:00,327.37,327.37,323.65,325.0
1997-08-15 00:00,323.55,324.75,323.35,324.5
1997-08-18 00:00,326.25,326.25,321.45,321.45
1997-08-19 00:00,321.35,323.55,321.35,323.35
1997-08-20 00:00,323.35,323.35,320.75,321.25
1997-08-21 00:00,321.25,324.5,321.0,323.35
1997-08-25 00:00,324.65,325.0,324.45,324.7
1997-08-26 00:00,324.7,327.0,324.2,325.75
1997-08-27 00:00,325.75,326.15,324.25,325.45
1997-08-28 00:00,325.45,326.95,323.85,323.95
1997-08-29 00:00,323.95,325.75,323.75,324.15
1997-09-01 00:00,324.15,324.75,324.15,324.65
1997-09-02 00:00,324.65,325.2,321.95,322.75
1997-09-03 00:00,322.3,322.9,321.05,322.05
1997-09-04 00:00,322.05,322.65,320.85,321.35
1997-09-05 00:00,321.35,322.65,321.15,322.25
1997-09-08 00:00,322.25,322.45,320.55,321.95
1997-09-09 00:00,321.95,322.05,320.9,321.5
1997-09-10 00:00,321.5,321.85,320.75,321.45
1997-09-11 00:00,321.55,324.75,320.8,324.05
1997-09-12 00:00,324.05,324.87,322.75,323.75
1997-09-15 00:00,323.75,323.95,321.75,322.95
1997-09-16 00:00,322.95,322.95,320.35,320.75
1997-09-17 00:00,320.75,320.95,319.75,320.25
1997-09-18 00:00,320.25,321.55,320.05,320.65
1997-09-19 00:00,320.65,322.45,320.45,320.85
1997-09-22 00:00,320.85,321.55,320.35,320.95
1997-09-23 00:00,320.85,322.05,320.45,321.95
1997-09-24 00:00,322.15,324.15,321.9,323.65
1997-09-25 00:00,323.05,327.65,322.9,327.15
1997-09-26 00:00,326.25,327.25,325.35,326.75
1997-09-29 00:00,326.75,328.65,326.55,328.25
1997-09-30 00:00,328.25,335.05,327.9,334.45
1997-10-01 00:00,334.45,339.4,333.45,334.0
1997-10-02 00:00,334.0,334.05,330.75,331.45
1997-10-03 00:00,331.45,335.05,330.65,334.85
1997-10-06 00:00,334.85,334.85,331.95,332.55
1997-10-07 00:00,331.42,332.05,331.1,331.25
1997-10-08 00:00,332.0,333.4,332.0,333.25
1997-10-09 00:00,333.25,334.65,325.85,327.25
1997-10-10 00:00,327.25,330.25,327.25,329.65
1997-10-13 00:00,329.65,330.65,328.05,328.45
1997-10-14 00:00,328.4,328.45,327.15,327.95
1997-10-15 00:00,327.0,327.15,325.3,326.95
1997-10-16 00:00,326.95,327.75,325.15,325.85
1997-10-17 00:00,325.85,326.65,323.75,325.05
1997-10-20 00:00,325.14,325.14,323.55,323.65
1997-10-21 00:00,324.05,324.35,322.5,322.9
1997-10-22 00:00,322.75,323.85,322.15,322.45
1997-10-23 00:00,322.45,324.75,322.4,323.65
1997-10-24 00:00,323.65,323.75,309.25,310.35
1997-10-27 00:00,309.67,312.65,307.6,311.85
1997-10-28 00:00,311.85,316.25,310.95,315.75
1997-10-29 00:00,314.35,314.55,312.35,313.85
1997-10-30 00:00,313.64,318.15,312.6,316.45
1997-10-31 00:00,312.55,313.4,310.25,311.45
1997-11-03 00:00,312.3,314.75,312.25,313.45
1997-11-04 00:00,313.5,316.15,313.25,313.85
1997-11-05 00:00,314.05,315.65,313.25,313.55
1997-11-06 00:00,313.45,313.65,311.25,312.45
1997-11-07 00:00,312.15,313.6,307.25,310.25
1997-11-10 00:00,309.6,311.25,308.6,310.15
1997-11-11 00:00,309.75,314.25,309.55,309.75
1997-11-12 00:00,309.15,310.6,307.25,307.45
1997-11-13 00:00,308.1,308.6,307.35,307.85
1997-11-14 00:00,307.4,307.75,299.65,303.35
1997-11-17 00:00,303.55,304.9,302.45,303.85
1997-11-18 00:00,303.35,306.95,303.1,306.75
1997-11-19 00:00,306.0,306.95,303.65,303.95
1997-11-20 00:00,303.25,303.75,302.65,302.85
1997-11-21 00:00,303.7,305.55,303.3,304.95
1997-11-24 00:00,304.85,306.0,302.55,302.95
1997-11-25 00:00,302.75,303.1,299.75,300.55
1997-11-26 00:00,299.05,299.5,295.25,296.55
1997-11-27 00:00,296.35,296.65,295.75,296.25
1997-11-28 00:00,296.0,297.25,295.4,297.0
1997-12-01 00:00,297.25,297.25,293.15,293.85
1997-12-02 00:00,293.25,295.65,292.75,293.65
1997-12-03 00:00,293.54,294.05,290.04,292.35
1997-12-04 00:00,291.0,291.75,286.25,286.25
1997-12-05 00:00,286.04,288.85,286.04,288.25
1997-12-08 00:00,288.15,289.05,287.3,287.85
1997-12-09 00:00,287.35,287.55,281.75,282.75
1997-12-10 00:00,284.0,288.35,282.75,286.65
1997-12-11 00:00,287.95,287.95,283.65,284.05
1997-12-12 00:00,283.85,284.0,282.25,282.85
1997-12-15 00:00,282.95,286.25,282.9,284.35
1997-12-16 00:00,284.45,286.0,283.0,283.75
1997-12-17 00:00,283.54,289.75,283.54,289.15
1997-12-18 00:00,288.3,291.05,285.95,287.35
1997-12-19 00:00,286.45,289.75,286.0,289.05
1997-12-22 00:00,289.1,291.4,289.1,291.1
1997-12-23 00:00,291.35,294.2,291.0,293.75
1997-12-24 00:00,294.0,296.6,293.65,296.2
1997-12-25 00:00,296.0,296.25,296.0,296.25
1997-12-26 00:00,296.0,296.0,294.6,295.25
1997-12-29 00:00,294.2,294.3,290.0,291.0
1997-12-30 00:00,290.5,291.1,289.1,290.3
1997-12-31 00:00,290.1,290.4,286.7,288.8
1998-01-01 00:00,288.6,288.6,288.5,288.5
1998-01-02 00:00,287.85,288.65,287.6,288.25
1998-01-05 00:00,287.85,288.35,281.05,281.85
1998-01-06 00:00,281.75,284.5,280.65,281.45
1998-01-07 00:00,280.8,283.95,280.75,283.85
1998-01-08 00:00,283.3,284.25,278.45,280.95
1998-01-09 00:00,282.0,282.39,278.5,278.5
1998-01-12 00:00,278.35,279.55,277.75,278.15
1998-01-13 00:00,277.05,283.25,277.05,282.75
1998-01-14 00:00,283.05,286.65,281.45,281.45
1998-01-15 00:00,281.7,286.25,281.15,285.75
1998-01-16 00:00,287.25,292.75,287.25,290.15
1998-01-19 00:00,290.25,290.25,285.35,287.45
1998-01-20 00:00,288.35,292.45,287.0,290.45
1998-01-21 00:00,290.9,293.35,289.7,292.55
1998-01-22 00:00,293.15,295.35,289.75,290.45
1998-01-23 00:00,290.15,299.85,290.05,299.62
1998-01-26 00:00,298.88,304.95,296.45,296.75
1998-01-27 00:00,298.55,300.95,298.1,300.55
1998-01-28 00:00,300.0,306.15,296.95,305.95
1998-01-29 00:00,303.38,305.85,302.05,302.85
1998-01-30 00:00,302.6,305.05,301.5,302.75
1998-02-02 00:00,301.95,303.15,301.5,302.95
1998-02-03 00:00,303.2,303.25,294.75,295.25
1998-02-04 00:00,296.25,299.25,295.5,299.25
1998-02-05 00:00,299.15,303.25,296.25,298.4
1998-02-06 00:00,298.25,301.38,297.4,298.75
1998-02-09 00:00,298.45,301.75,298.3,300.0
1998-02-10 00:00,301.0,301.65,299.25,300.45
1998-02-11 00:00,300.9,301.05,298.15,300.05
1998-02-12 00:00,300.35,301.1,297.95,298.75
1998-02-13 00:00,298.8,299.85,298.0,299.85
1998-02-16 00:00,298.95,299.5,297.75,298.35
1998-02-17 00:00,298.3,300.65,297.15,298.0
1998-02-18 00:00,297.45,298.85,296.85,297.55
1998-02-19 00:00,297.95,299.05,297.65,298.95
1998-02-20 00:00,298.75,298.75,296.35,297.25
1998-02-23 00:00,296.85,297.25,292.35,293.45
1998-02-24 00:00,293.75,293.75,290.85,291.45
1998-02-25 00:00,291.25,293.05,291.0,292.25
1998-02-26 00:00,292.05,293.75,291.75,293.55
1998-02-27 00:00,296.15,299.85,295.9,299.15
1998-03-02 00:00,299.75,300.45,297.95,299.7
1998-03-03 00:00,298.65,299.75,296.45,297.85
1998-03-04 00:00,297.5,298.05,295.25,296.05
1998-03-05 00:00,296.14,296.39,293.05,293.45
1998-03-06 00:00,293.5,295.75,293.0,294.45
1998-03-09 00:00,294.2,294.85,293.55,294.45
1998-03-10 00:00,294.2,296.05,294.1,296.0
1998-03-11 00:00,295.85,296.05,293.95,294.6
1998-03-12 00:00,294.45,294.75,293.75,294.55
1998-03-13 00:00,295.2,295.65,294.35,295.35
1998-03-16 00:00,295.4,295.45,293.85,294.15
1998-03-17 00:00,294.25,295.2,291.55,292.1
1998-03-18 00:00,292.35,292.5,286.7,291.15
1998-03-19 00:00,291.4,293.25,290.0,291.75
1998-03-20 00:00,291.1,293.0,291.0,291.95
1998-03-23 00:00,292.35,299.75,291.7,298.95
1998-03-24 00:00,297.35,301.65,297.25,299.55
1998-03-25 00:00,298.95,299.5,297.95,297.95
1998-03-26 00:00,298.85,301.95,298.5,301.55
1998-03-27 00:00,301.75,304.35,301.1,302.25
1998-03-30 00:00,302.35,303.55,301.45,301.85
1998-03-31 00:00,301.4,302.65,299.55,300.95
1998-04-01 00:00,300.7,302.1,299.35,299.75
1998-04-02 00:00,299.4,303.15,298.95,302.25
1998-04-03 00:00,302.0,307.95,302.0,307.75
1998-04-06 00:00,308.25,314.25,308.25,309.15
1998-04-07 00:00,309.25,309.95,306.75,309.85
1998-04-08 00:00,310.0,310.25,307.5,309.15
1998-04-09 00:00,309.3,309.85,307.25,308.45
1998-04-10 00:00,307.75,307.75,307.75,307.75
1998-04-13 00:00,310.85,311.05,310.75,310.85
1998-04-15 00:00,307.35,307.95,307.15,307.25
1998-04-16 00:00,306.6,308.55,306.0,308.15
1998-04-17 00:00,308.25,308.85,306.85,307.75
1998-04-20 00:00,307.15,308.55,306.65,307.95
1998-04-21 00:00,308.25,308.45,307.15,307.75
1998-04-22 00:00,311.05,313.95,311.05,313.25
1998-04-23 00:00,313.0,314.95,312.35,314.05
1998-04-24 00:00,313.85,313.85,312.05,312.65
1998-04-27 00:00,312.5,312.64,309.15,309.65
1998-04-28 00:00,309.62,309.65,306.85,307.95
1998-04-29 00:00,307.9,311.15,307.25,310.25
1998-04-30 00:00,310.14,311.75,305.75,306.65
1998-05-01 00:00,306.5,306.8,305.45,306.25
1998-05-04 00:00,304.77,305.65,303.05,304.35
1998-05-05 00:00,303.9,304.85,302.75,303.35
1998-05-06 00:00,303.85,304.05,299.65,300.75
1998-05-07 00:00,300.7,301.25,297.05,298.45
1998-05-08 00:00,298.75,301.1,298.45,299.85
1998-05-11 00:00,299.8,301.25,298.75,300.35
1998-05-12 00:00,300.05,300.35,297.15,298.15
1998-05-13 00:00,298.05,299.65,295.7,298.45
1998-05-14 00:00,298.55,299.35,295.45,299.05
1998-05-15 00:00,298.85,303.65,298.85,301.35
1998-05-18 00:00,301.25,301.45,298.85,299.55
1998-05-19 00:00,299.4,300.45,298.5,298.75
1998-05-20 00:00,298.1,300.75,297.5,299.75
1998-05-22 00:00,300.65,301.25,299.65,300.05
1998-05-25 00:00,299.6,299.8,299.05,299.75
1998-05-26 00:00,299.55,299.8,294.95,295.55
1998-05-27 00:00,295.0,295.2,291.1,293.85
1998-05-28 00:00,294.4,294.75,293.05,293.2
1998-05-29 00:00,292.9,294.15,292.15,292.95
1998-06-01 00:00,293.0,293.14,288.55,288.65
1998-06-02 00:00,288.25,291.95,287.0,291.15
1998-06-04 00:00,292.65,293.75,291.75,293.55
1998-06-05 00:00,292.8,293.95,290.75,291.65
1998-06-08 00:00,291.7,295.95,289.45,295.95
1998-06-09 00:00,295.0,298.95,292.55,293.65
1998-06-10 00:00,293.05,295.35,288.9,293.25
1998-06-11 00:00,292.6,294.45,286.75,287.05
1998-06-12 00:00,286.75,289.05,284.85,286.0
1998-06-15 00:00,285.5,286.75,284.35,284.85
1998-06-16 00:00,284.5,288.75,284.2,288.65
1998-06-17 00:00,289.1,294.15,287.7,293.45
1998-06-18 00:00,295.55,295.75,291.25,293.25
1998-06-19 00:00,293.25,300.05,292.25,299.25
1998-06-22 00:00,295.25,296.35,294.0,295.75
1998-06-23 00:00,295.5,295.85,294.05,295.05
1998-06-24 00:00,294.25,294.65,292.25,292.85
1998-06-25 00:00,292.7,295.05,292.25,293.85
1998-06-26 00:00,293.5,294.65,292.35,293.85
1998-06-29 00:00,293.0,294.35,292.45,293.65
1998-06-30 00:00,293.55,297.85,293.55,296.95
1998-07-01 00:00,297.95,298.15,295.25,296.45
1998-07-02 00:00,296.0,296.4,293.45,293.85
1998-07-03 00:00,293.75,295.3,293.7,294.49
1998-07-06 00:00,294.1,294.35,292.6,293.25
1998-07-07 00:00,293.65,295.55,293.2,294.95
1998-07-08 00:00,295.15,295.8,291.25,293.25
1998-07-09 00:00,293.25,293.65,290.85,291.65
1998-07-10 00:00,291.25,291.6,290.0,290.85
1998-07-13 00:00,289.5,292.45,288.7,291.65
1998-07-14 00:00,291.55,294.45,291.5,293.35
1998-07-15 00:00,293.15,294.35,292.4,293.95
1998-07-16 00:00,293.6,295.35,292.75,293.25
1998-07-17 00:00,293.35,294.65,293.15,294.5
1998-07-20 00:00,294.25,296.1,294.0,296.0
1998-07-21 00:00,295.65,295.9,294.8,294.9
1998-07-22 00:00,294.85,295.25,294.0,294.15
1998-07-23 00:00,294.25,294.75,292.35,293.15
1998-07-24 00:00,294.0,295.15,290.45,291.15
1998-07-27 00:00,291.05,291.45,289.65,290.35
1998-07-28 00:00,290.0,291.95,289.6,291.75
1998-07-29 00:00,291.75,292.15,289.35,290.05
1998-07-30 00:00,289.5,291.25,288.85,288.85
1998-07-31 00:00,289.05,290.25,286.05,286.45
1998-08-03 00:00,286.45,287.15,283.45,283.75
1998-08-04 00:00,283.8,289.45,283.8,288.45
1998-08-05 00:00,288.45,289.25,287.15,287.95
1998-08-06 00:00,287.5,288.45,286.65,287.35
1998-08-07 00:00,287.5,287.65,285.55,286.65
1998-08-10 00:00,286.85,287.5,285.25,287.45
1998-08-11 00:00,287.45,287.45,283.25,283.95
1998-08-12 00:00,283.85,286.5,282.35,282.75
1998-08-13 00:00,283.05,285.65,282.35,285.35
1998-08-14 00:00,285.15,285.65,283.55,284.05
1998-08-17 00:00,284.55,285.85,282.55,285.05
1998-08-18 00:00,284.5,285.65,284.25,284.95
1998-08-19 00:00,285.6,286.95,282.95,283.35
1998-08-20 00:00,283.55,286.15,283.2,285.15
1998-08-21 00:00,284.9,285.45,283.55,283.55
1998-08-24 00:00,284.85,285.25,284.25,284.65
1998-08-25 00:00,284.3,284.45,282.15,283.05
1998-08-26 00:00,283.2,285.15,281.05,282.25
1998-08-27 00:00,280.95,281.85,276.45,276.55
1998-08-28 00:00,277.6,277.85,271.12,274.35
1998-08-31 00:00,274.15,277.05,274.05,275.55
1998-09-01 00:00,277.9,279.65,277.75,278.85
1998-09-03 00:00,278.75,286.55,278.45,285.35
1998-09-04 00:00,285.65,287.45,284.35,286.85
1998-09-07 00:00,287.05,289.25,286.9,288.45
1998-09-08 00:00,287.45,288.05,285.15,286.05
1998-09-09 00:00,286.5,287.1,283.15,284.25
1998-09-10 00:00,284.15,291.95,284.15,290.45
1998-09-11 00:00,291.05,296.75,290.85,293.75
1998-09-14 00:00,292.65,292.65,289.05,290.35
1998-09-15 00:00,289.75,292.25,289.15,289.65
1998-09-16 00:00,289.2,289.75,287.45,287.65
1998-09-17 00:00,287.85,291.5,286.7,291.45
1998-09-18 00:00,292.2,292.55,289.35,291.45
1998-09-21 00:00,290.6,293.75,288.15,288.95
1998-09-22 00:00,288.6,289.85,287.65,287.65
1998-09-23 00:00,288.0,289.85,287.4,289.55
1998-09-24 00:00,290.95,294.85,290.65,293.85
1998-09-25 00:00,294.45,299.95,293.85,293.95
1998-09-28 00:00,294.65,296.25,291.95,295.85
1998-09-29 00:00,297.0,297.5,293.45,294.65
1998-09-30 00:00,295.2,297.45,293.55,296.95
1998-10-01 00:00,296.45,301.35,296.45,300.2
1998-10-02 00:00,300.35,303.55,299.35,300.55
1998-10-05 00:00,299.95,299.95,296.85,297.55
1998-10-06 00:00,297.0,297.75,294.15,296.55
1998-10-07 00:00,298.2,301.05,297.85,301.0
1998-10-08 00:00,301.85,304.85,299.35,299.65
1998-10-09 00:00,300.4,302.0,296.45,296.75
1998-10-12 00:00,297.15,297.85,294.75,296.25
1998-10-13 00:00,296.0,297.25,295.45,296.55
1998-10-14 00:00,296.55,297.3,294.75,296.05
1998-10-15 00:00,296.25,299.05,295.85,297.35
1998-10-16 00:00,299.75,300.95,297.5,299.95
1998-10-19 00:00,300.05,300.05,296.15,296.15
1998-10-20 00:00,295.55,296.65,294.85,296.25
1998-10-21 00:00,296.1,297.25,295.05,295.25
1998-10-22 00:00,295.05,295.3,291.55,292.25
1998-10-23 00:00,293.1,293.65,291.85,292.85
1998-10-26 00:00,292.6,292.9,290.95,292.45
1998-10-27 00:00,292.15,293.75,292.15,293.75
1998-10-28 00:00,292.9,294.6,292.75,293.05
1998-10-29 00:00,293.1,294.65,292.8,293.65
1998-10-30 00:00,293.65,294.25,292.25,292.55
1998-11-02 00:00,292.6,293.45,289.85,289.95
1998-11-03 00:00,290.35,290.35,287.95,288.95
1998-11-04 00:00,289.8,291.65,289.15,290.95
1998-11-05 00:00,291.14,294.65,290.65,294.05
1998-11-06 00:00,293.45,294.75,292.45,293.2
1998-11-09 00:00,292.75,293.05,292.25,292.7
1998-11-10 00:00,292.55,294.2,291.75,293.6
1998-11-11 00:00,293.55,294.55,292.65,293.35
1998-11-12 00:00,293.45,297.65,293.0,296.95
1998-11-13 00:00,296.65,297.65,295.25,295.85
1998-11-17 00:00,294.15,294.9,293.85,294.1
1998-11-18 00:00,294.15,298.2,294.05,297.55
1998-11-19 00:00,297.5,298.3,295.55,295.75
1998-11-20 00:00,296.6,297.15,295.25,296.25
1998-11-23 00:00,296.05,296.8,295.25,296.0
1998-11-24 00:00,296.45,296.95,295.85,296.25
1998-11-25 00:00,296.25,297.35,295.45,296.6
1998-11-26 00:00,296.7,296.7,295.9,296.55
1998-11-27 00:00,296.0,297.05,295.75,296.2
1998-11-30 00:00,296.05,296.45,293.2,293.25
1998-12-01 00:00,293.3,294.55,292.85,293.75
1998-12-02 00:00,294.0,294.75,292.85,293.05
1998-12-03 00:00,293.2,293.55,291.45,291.85
1998-12-04 00:00,292.05,293.05,291.95,292.15
1998-12-07 00:00,292.55,297.25,292.2,295.05
1998-12-08 00:00,295.15,295.15,293.15,293.85
1998-12-09 00:00,294.1,295.05,293.0,294.05
1998-12-10 00:00,294.05,295.65,293.95,294.25
1998-12-11 00:00,295.25,295.75,289.75,290.85
1998-12-14 00:00,292.0,292.35,290.25,291.35
1998-12-15 00:00,291.55,293.45,291.25,292.85
1998-12-16 00:00,293.1,295.25,292.7,295.05
1998-12-17 00:00,296.0,296.05,290.95,291.55
1998-12-21 00:00,290.05,290.3,288.35,288.95
1998-12-22 00:00,288.6,289.45,287.05,287.65
1998-12-23 00:00,287.6,288.05,285.35,286.75
1998-12-24 00:00,287.05,287.7,285.65,286.25
1998-12-28 00:00,286.35,287.0,285.85,286.65
1998-12-29 00:00,286.7,287.95,286.05,286.25
1998-12-30 00:00,286.25,288.05,286.15,287.05
1998-12-31 00:00,287.25,288.65,286.95,288.25
1999-01-01 00:00,287.75,287.75,287.75,287.75
1999-01-04 00:00,288.55,288.8,286.45,287.35
1999-01-05 00:00,287.65,287.9,286.25,286.95
1999-01-06 00:00,286.9,288.05,286.6,287.65
1999-01-07 00:00,288.1,291.85,287.75,291.6
1999-01-08 00:00,291.45,292.25,290.55,291.35
1999-01-11 00:00,290.8,293.5,290.65,292.95
1999-01-12 00:00,292.7,292.95,287.25,288.55
1999-01-13 00:00,288.35,288.5,284.85,286.75
1999-01-14 00:00,286.0,287.15,285.35,286.95
1999-01-15 00:00,286.5,287.05,285.15,286.95
1999-01-18 00:00,286.5,287.35,286.5,287.25
1999-01-19 00:00,287.3,287.6,285.65,286.5
1999-01-20 00:00,286.9,287.3,285.4,287.15
1999-01-21 00:00,287.25,288.55,286.35,287.65
1999-01-22 00:00,287.35,287.9,286.05,286.45
1999-01-25 00:00,286.45,288.4,286.1,287.8
1999-01-26 00:00,287.65,287.9,285.6,286.0
1999-01-27 00:00,285.95,286.25,282.35,283.15
1999-01-28 00:00,283.4,285.35,282.25,284.25
1999-01-29 00:00,284.3,286.95,284.3,286.05
1999-02-01 00:00,286.65,289.15,286.65,288.85
1999-02-02 00:00,288.9,290.35,288.45,288.55
1999-02-03 00:00,288.35,288.75,286.55,287.65
1999-02-04 00:00,287.25,290.15,286.85,290.05
1999-02-05 00:00,289.9,290.35,288.55,288.55
1999-02-08 00:00,289.05,289.95,288.65,289.55
1999-02-09 00:00,288.9,288.9,286.85,287.55
1999-02-10 00:00,287.85,288.65,287.0,287.15
1999-02-11 00:00,287.15,288.25,286.55,287.95
1999-02-12 00:00,287.95,290.45,287.0,289.55
1999-02-15 00:00,289.4,290.55,289.4,289.5
1999-02-16 00:00,288.1,288.45,284.65,284.95
1999-02-17 00:00,285.45,286.35,284.75,284.75
1999-02-18 00:00,285.75,286.45,285.15,286.45
1999-02-19 00:00,286.45,288.75,285.95,288.25
1999-02-22 00:00,287.85,288.05,286.45,287.25
1999-02-23 00:00,286.9,287.65,286.25,287.45
1999-02-24 00:00,287.3,287.45,285.75,286.4
1999-02-25 00:00,287.45,288.25,286.45,287.95
1999-02-26 00:00,286.95,287.55,285.45,287.05
1999-03-01 00:00,286.75,287.25,285.35,286.65
1999-03-02 00:00,286.5,289.25,286.2,286.75
1999-03-03 00:00,286.75,287.25,285.85,287.15
1999-03-04 00:00,286.35,288.55,286.15,288.05
1999-03-05 00:00,288.0,288.75,287.15,288.45
1999-03-08 00:00,288.05,291.65,287.95,291.55
1999-03-09 00:00,291.3,294.15,291.3,292.05
1999-03-10 00:00,291.75,293.25,291.35,292.95
1999-03-11 00:00,293.45,294.85,292.55,294.35
1999-03-12 00:00,294.4,294.4,291.05,292.25
1999-03-15 00:00,292.15,292.2,286.35,286.65
1999-03-16 00:00,286.9,287.15,281.75,284.05
1999-03-17 00:00,283.85,285.45,283.35,284.0
1999-03-18 00:00,283.85,284.45,281.9,283.3
1999-03-19 00:00,283.25,284.35,282.95,284.25
1999-03-22 00:00,284.45,284.85,283.95,284.75
1999-03-23 00:00,284.7,285.45,282.45,284.55
1999-03-24 00:00,284.5,285.1,283.75,283.95
1999-03-25 00:00,284.0,284.15,282.25,283.45
1999-03-26 00:00,283.55,283.65,279.15,279.75
1999-03-29 00:00,280.25,281.15,279.8,280.35
1999-03-30 00:00,280.0,280.35,279.35,279.35
1999-03-31 00:00,279.75,280.95,278.45,280.05
1999-04-01 00:00,280.15,281.05,280.15,280.45
1999-04-05 00:00,279.65,279.75,277.55,278.45
1999-04-06 00:00,278.5,280.75,278.15,279.85
1999-04-07 00:00,280.55,280.65,279.85,280.55
1999-04-08 00:00,279.95,281.75,279.55,280.85
1999-04-09 00:00,280.3,282.05,279.65,281.55
1999-04-12 00:00,281.85,284.35,281.85,282.85
1999-04-13 00:00,282.75,284.15,282.45,283.95
1999-04-14 00:00,283.7,284.3,280.75,281.45
1999-04-15 00:00,281.85,284.05,281.5,283.55
1999-04-16 00:00,283.75,284.8,283.55,284.25
1999-04-19 00:00,283.65,284.9,283.65,284.55
1999-04-20 00:00,284.5,285.15,284.05,284.45
1999-04-21 00:00,284.35,284.35,283.25,283.85
1999-04-22 00:00,283.55,283.85,282.75,283.75
1999-04-23 00:00,284.2,284.25,283.05,283.55
1999-04-26 00:00,283.2,283.5,280.45,281.15
1999-04-27 00:00,281.1,282.7,280.45,282.25
1999-04-28 00:00,282.05,283.55,281.9,282.85
1999-04-29 00:00,283.15,286.55,283.0,286.05
1999-04-30 00:00,285.65,287.65,284.0,286.05
1999-05-03 00:00,286.45,286.75,285.75,286.25
1999-05-04 00:00,286.45,286.45,285.0,285.65
1999-05-05 00:00,285.75,287.95,285.25,287.45
1999-05-06 00:00,286.95,289.95,286.95,289.55
1999-05-07 00:00,289.15,289.25,279.55,282.75
1999-05-10 00:00,281.9,282.1,277.5,278.65
1999-05-11 00:00,278.4,279.5,277.65,278.35
1999-05-12 00:00,278.45,278.95,276.25,277.05
1999-05-13 00:00,277.5,278.7,277.15,277.65
1999-05-14 00:00,278.1,278.3,275.45,275.95
1999-05-17 00:00,275.7,276.65,274.45,274.45
1999-05-18 00:00,274.7,275.3,273.55,274.25
1999-05-19 00:00,273.75,273.8,272.25,272.95
1999-05-20 00:00,273.25,275.05,273.25,274.45
1999-05-21 00:00,274.6,275.2,272.25,272.85
1999-05-24 00:00,272.4,272.85,271.75,272.65
1999-05-25 00:00,272.9,273.4,270.15,270.65
1999-05-26 00:00,270.75,271.05,268.95,269.15
1999-05-27 00:00,269.3,270.55,268.0,270.45
1999-05-28 00:00,270.65,271.5,268.65,270.25
1999-05-31 00:00,270.4,270.55,270.0,270.35
1999-06-01 00:00,270.05,270.05,265.25,267.65
1999-06-02 00:00,267.7,267.85,265.35,265.65
1999-06-04 00:00,266.7,267.05,264.8,264.8
1999-06-07 00:00,264.55,267.35,264.3,265.55
1999-06-08 00:00,265.05,265.45,261.45,262.25
1999-06-09 00:00,262.55,263.0,257.95,259.55
1999-06-10 00:00,259.0,260.75,257.35,258.45
1999-06-11 00:00,261.0,261.0,258.9,260.65
1999-06-14 00:00,259.3,261.35,259.0,260.55
1999-06-15 00:00,260.2,260.75,259.15,259.45
1999-06-16 00:00,258.55,259.2,258.25,258.35
1999-06-17 00:00,258.4,259.2,258.2,258.45
1999-06-18 00:00,258.77,263.25,258.05,259.55
1999-06-21 00:00,259.25,260.0,258.85,258.95
1999-06-22 00:00,259.1,259.65,257.95,258.35
1999-06-23 00:00,258.2,260.65,258.15,260.5
1999-06-24 00:00,260.7,261.5,260.25,260.55
1999-06-25 00:00,261.1,261.5,258.85,259.45
1999-06-28 00:00,259.6,261.0,259.2,260.8
1999-06-29 00:00,260.8,262.35,260.75,260.75
1999-06-30 00:00,260.9,261.7,260.55,261.2
1999-07-01 00:00,262.6,263.85,262.35,262.75
1999-07-02 00:00,263.45,263.7,262.8,263.3
1999-07-05 00:00,263.05,263.25,262.05,262.1
1999-07-06 00:00,262.0,262.65,256.25,256.85
1999-07-07 00:00,256.65,258.85,255.65,257.35
1999-07-08 00:00,257.0,257.75,256.05,256.95
1999-07-09 00:00,256.5,259.0,256.2,257.15
1999-07-12 00:00,256.9,257.05,255.25,255.65
1999-07-13 00:00,254.5,256.15,253.8,255.85
1999-07-14 00:00,255.85,256.0,253.85,254.25
1999-07-15 00:00,254.1,254.45,252.95,254.05
1999-07-16 00:00,254.2,256.55,253.35,253.9
1999-07-19 00:00,254.0,254.35,253.05,253.25
1999-07-20 00:00,253.0,253.75,252.45,253.45
1999-07-21 00:00,253.3,255.55,252.55,255.25
1999-07-22 00:00,255.45,257.15,253.55,255.95
1999-07-23 00:00,255.7,255.95,254.55,254.75
1999-07-26 00:00,254.15,254.25,253.05,253.95
1999-07-27 00:00,254.05,254.85,253.75,253.85
1999-07-28 00:00,253.6,254.85,253.35,254.05
1999-07-29 00:00,254.85,257.05,253.75,257.05
1999-07-30 00:00,256.6,257.05,255.15,255.95
1999-08-02 00:00,255.9,255.9,253.9,255.25
1999-08-03 00:00,254.65,257.15,254.65,256.15
1999-08-04 00:00,257.05,258.35,254.55,256.15
1999-08-05 00:00,256.3,257.35,255.15,255.45
1999-08-06 00:00,255.45,256.45,254.75,256.05
1999-08-09 00:00,255.95,257.7,255.9,257.15
1999-08-10 00:00,257.55,257.75,256.5,257.35
1999-08-11 00:00,259.65,260.25,257.75,258.95
1999-08-12 00:00,259.35,261.3,259.15,261.05
1999-08-13 00:00,260.95,261.35,260.45,260.85
1999-08-16 00:00,259.25,260.15,258.35,260.15
1999-08-17 00:00,259.6,261.75,259.0,261.45
1999-08-18 00:00,261.65,262.0,258.85,259.65
1999-08-19 00:00,259.5,259.85,257.5,258.75
1999-08-20 00:00,258.45,259.25,257.35,257.35
1999-08-23 00:00,257.25,257.75,254.15,254.35
1999-08-24 00:00,254.85,254.85,252.75,252.85
1999-08-25 00:00,253.35,253.75,251.95,252.35
1999-08-26 00:00,252.5,254.05,252.35,252.95
1999-08-31 00:00,254.75,255.95,254.35,255.75
1999-09-01 00:00,254.85,254.85,253.35,253.95
1999-09-03 00:00,253.95,254.65,253.75,254.25
1999-09-06 00:00,255.0,255.0,254.7,254.9
1999-09-07 00:00,255.15,256.55,254.9,255.95
1999-09-08 00:00,256.25,256.55,255.55,256.45
1999-09-09 00:00,256.25,257.45,256.25,257.25
1999-09-10 00:00,256.65,256.8,255.85,256.55
1999-09-13 00:00,256.5,257.35,256.05,256.65
1999-09-14 00:00,256.65,257.45,256.05,257.25
1999-09-15 00:00,256.45,256.75,256.45,256.75
1999-09-16 00:00,256.45,256.65,255.35,256.45
1999-09-17 00:00,256.25,256.35,255.1,255.3
1999-09-20 00:00,255.0,255.75,254.75,255.05
1999-09-21 00:00,254.7,261.05,254.55,261.05
1999-09-22 00:00,260.5,264.95,260.4,264.55
1999-09-23 00:00,263.65,266.65,262.45,266.15
1999-09-24 00:00,266.25,271.25,266.25,268.75
1999-09-27 00:00,268.75,284.1,268.75,282.45
1999-09-28 00:00,284.5,326.4,284.5,309.15
1999-09-29 00:00,308.5,321.5,297.5,304.0
1999-09-30 00:00,303.0,305.5,298.5,299.2
1999-10-01 00:00,300.25,309.3,300.25,305.5
1999-10-04 00:00,307.75,320.25,307.75,318.8
1999-10-05 00:00,326.75,339.5,322.5,325.5
1999-10-06 00:00,324.5,326.5,315.0,325.5
1999-10-07 00:00,326.0,326.75,316.0,323.8
1999-10-08 00:00,323.0,326.0,317.5,321.2
1999-10-11 00:00,319.25,320.7,316.5,319.8
1999-10-12 00:00,319.25,324.12,316.5,317.7
1999-10-13 00:00,318.0,324.45,317.75,321.3
1999-10-14 00:00,322.75,324.25,312.5,312.5
1999-10-15 00:00,314.75,317.45,313.4,315.4
1999-10-18 00:00,315.62,318.0,310.1,310.7
1999-10-19 00:00,311.5,311.6,305.5,308.6
1999-10-20 00:00,307.7,308.7,305.1,306.3
1999-10-21 00:00,306.5,307.0,301.3,304.7
1999-10-22 00:00,303.88,304.5,300.9,302.1
1999-10-25 00:00,300.75,302.9,299.0,299.7
1999-10-26 00:00,295.75,299.2,289.2,289.35
1999-10-27 00:00,287.25,294.0,287.25,293.5
1999-10-28 00:00,298.0,301.25,296.1,299.45
1999-10-29 00:00,300.25,301.6,297.5,299.2
1999-11-01 00:00,293.75,295.5,287.35,290.55
1999-11-02 00:00,291.5,293.0,289.0,291.45
1999-11-03 00:00,291.75,293.4,291.1,292.3
1999-11-04 00:00,292.75,292.85,290.75,292.6
1999-11-05 00:00,292.05,292.88,288.3,290.55
1999-11-08 00:00,288.5,289.7,287.7,289.7
1999-11-09 00:00,290.0,292.4,290.0,292.1
1999-11-10 00:00,292.25,299.0,291.5,298.0
1999-11-11 00:00,297.15,298.56,293.6,294.0
1999-11-12 00:00,294.0,294.25,291.1,291.3
1999-11-15 00:00,291.25,293.0,289.6,291.5
1999-11-16 00:00,291.75,295.0,291.0,294.6
1999-11-17 00:00,294.05,296.75,293.9,295.1
1999-11-18 00:00,295.0,295.0,293.38,294.25
1999-11-19 00:00,293.55,295.7,293.1,295.0
1999-11-22 00:00,293.95,296.0,293.95,295.0
1999-11-23 00:00,294.95,298.7,294.75,298.3
1999-11-24 00:00,297.95,299.9,296.7,298.2
1999-11-25 00:00,298.9,298.9,298.0,298.38
1999-11-26 00:00,298.5,298.75,296.88,297.12
1999-11-29 00:00,296.1,296.1,290.2,291.2
1999-11-30 00:00,290.9,292.5,290.6,290.7
1999-12-01 00:00,290.75,291.5,288.4,289.7
1999-12-02 00:00,289.25,289.62,284.0,285.0
1999-12-03 00:00,284.1,284.85,279.38,280.1
1999-12-06 00:00,280.05,280.05,274.5,276.1
1999-12-07 00:00,278.85,283.8,278.5,283.25
1999-12-08 00:00,283.85,286.0,280.9,281.95
1999-12-09 00:00,281.45,281.88,278.15,278.6
1999-12-10 00:00,278.1,281.45,278.1,278.95
1999-12-13 00:00,279.15,280.75,278.65,280.5
1999-12-14 00:00,280.4,281.7,279.25,280.3
1999-12-15 00:00,279.9,283.9,279.9,282.75
1999-12-16 00:00,283.15,283.15,280.0,281.95
1999-12-17 00:00,281.8,285.75,281.8,283.65
1999-12-20 00:00,283.6,284.7,283.55,284.15
1999-12-21 00:00,284.4,288.02,282.38,287.73
1999-12-22 00:00,287.73,289.98,285.65,286.85
1999-12-23 00:00,286.88,287.75,285.4,286.95
1999-12-24 00:00,286.75,288.12,286.5,287.75
1999-12-27 00:00,287.95,288.5,287.5,288.0
1999-12-28 00:00,288.1,290.85,287.7,289.8
1999-12-29 00:00,290.35,291.7,289.9,290.7
1999-12-30 00:00,290.6,291.4,288.2,288.3
1999-12-31 00:00,288.38,288.38,288.0,288.25
2000-01-03 00:00,288.12,289.3,288.12,289.0
2000-01-04 00:00,286.75,286.75,279.95,282.38
2000-01-05 00:00,282.27,283.45,279.75,280.85
2000-01-06 00:00,280.8,281.75,279.45,281.45
2000-01-07 00:00,281.25,283.3,280.88,281.75
2000-01-10 00:00,281.25,282.5,281.12,281.6
2000-01-11 00:00,281.62,284.1,280.75,283.3
2000-01-12 00:00,283.2,283.3,281.5,282.55
2000-01-13 00:00,282.12,284.7,281.38,284.2
2000-01-14 00:00,284.25,285.18,283.05,284.2
2000-01-17 00:00,284.2,286.0,284.2,285.5
2000-01-18 00:00,285.52,288.9,285.2,288.8
2000-01-19 00:00,288.52,290.1,286.85,289.65
2000-01-20 00:00,289.5,289.5,287.6,288.45
2000-01-21 00:00,288.4,289.4,287.05,289.1
2000-01-24 00:00,289.12,289.12,286.5,287.6
2000-01-25 00:00,287.62,290.83,285.75,286.12
2000-01-26 00:00,285.6,287.0,284.9,286.05
2000-01-27 00:00,286.1,287.25,285.55,287.05
2000-01-28 00:00,286.95,287.62,282.0,283.35
2000-01-31 00:00,282.75,284.25,282.75,283.5
2000-02-01 00:00,283.55,284.15,282.35,282.65
2000-02-02 00:00,282.85,286.55,282.85,284.95
2000-02-03 00:00,284.9,288.0,284.65,287.5
2000-02-04 00:00,287.8,314.3,285.8,311.3
2000-02-07 00:00,314.0,319.5,305.0,305.0
2000-02-08 00:00,303.0,305.5,296.1,299.1
2000-02-09 00:00,301.5,311.3,300.0,307.2
2000-02-10 00:00,311.5,316.3,309.8,316.25
2000-02-11 00:00,315.25,317.0,308.5,310.65
2000-02-14 00:00,310.05,311.0,306.0,308.2
2000-02-15 00:00,308.2,308.5,301.25,301.75
2000-02-16 00:00,302.0,303.4,298.0,302.5
2000-02-17 00:00,303.0,309.75,300.25,300.75
2000-02-18 00:00,300.85,305.3,300.85,304.8
2000-02-21 00:00,304.8,307.0,304.2,305.5
2000-02-22 00:00,305.6,306.9,301.7,305.2
2000-02-23 00:00,305.1,305.7,300.0,300.3
2000-02-24 00:00,300.2,302.2,298.4,298.5
2000-02-25 00:00,298.5,298.5,291.6,292.6
2000-02-28 00:00,292.7,293.7,291.5,292.2
2000-02-29 00:00,292.62,294.5,291.8,292.2
2000-03-01 00:00,292.2,294.2,289.25,289.25
2000-03-02 00:00,289.2,291.3,287.8,288.2
2000-03-03 00:00,288.13,290.7,287.75,288.5
2000-03-06 00:00,288.5,290.0,287.7,287.9
2000-03-07 00:00,287.75,293.8,287.5,293.2
2000-03-08 00:00,293.5,293.7,288.5,288.5
2000-03-09 00:00,289.17,291.5,288.55,291.2
2000-03-10 00:00,291.3,292.75,288.5,289.0
2000-03-13 00:00,289.85,291.8,289.6,290.4
2000-03-14 00:00,290.5,291.75,288.4,288.9
2000-03-15 00:00,289.0,290.05,288.4,289.0
2000-03-16 00:00,289.2,289.5,285.8,286.5
2000-03-17 00:00,286.4,286.4,283.1,284.6
2000-03-20 00:00,283.87,286.35,283.87,285.9
2000-03-21 00:00,286.25,291.4,284.13,289.7
2000-03-22 00:00,289.8,290.6,287.6,288.0
2000-03-23 00:00,288.0,288.3,283.7,285.6
2000-03-24 00:00,285.55,286.0,284.25,285.0
2000-03-27 00:00,285.0,289.2,280.3,280.3
2000-03-28 00:00,280.4,281.65,279.3,280.0
2000-03-29 00:00,280.0,280.1,275.1,276.4
2000-03-30 00:00,276.5,277.9,275.4,276.65
2000-03-31 00:00,276.95,280.4,275.0,278.9
2000-04-03 00:00,278.75,279.1,277.3,278.2
2000-04-04 00:00,277.5,288.1,276.2,283.9
2000-04-05 00:00,284.2,285.0,281.0,281.5
2000-04-06 00:00,281.6,282.2,279.0,280.5
2000-04-07 00:00,280.4,281.4,279.5,280.2
2000-04-10 00:00,280.6,282.8,279.9,282.0
2000-04-11 00:00,281.7,283.8,281.1,281.6
2000-04-12 00:00,281.5,283.4,279.3,282.2
2000-04-13 00:00,282.2,282.75,279.95,281.9
2000-04-14 00:00,281.7,286.5,280.4,282.6
2000-04-17 00:00,283.9,285.0,280.85,281.6
2000-04-18 00:00,281.5,282.6,280.6,281.3
2000-04-19 00:00,281.3,282.0,280.2,280.7
2000-04-20 00:00,280.7,281.4,279.25,279.8
2000-04-21 00:00,279.8,280.1,279.6,280.0
2000-04-24 00:00,280.0,280.9,279.6,279.8
2000-04-25 00:00,279.95,280.5,278.05,278.4
2000-04-26 00:00,278.25,278.5,274.95,275.7
2000-04-27 00:00,275.85,277.45,275.35,277.05
2000-04-28 00:00,276.95,277.0,273.05,273.35
2000-05-01 00:00,275.25,275.25,272.35,273.65
2000-05-02 00:00,274.33,276.25,273.5,274.95
2000-05-03 00:00,276.55,278.25,275.75,278.25
2000-05-04 00:00,278.25,281.45,277.0,279.95
2000-05-05 00:00,280.4,282.45,277.75,278.95
2000-05-08 00:00,278.95,278.95,276.25,276.55
2000-05-09 00:00,276.55,277.75,275.75,277.25
2000-05-10 00:00,277.25,278.75,277.25,277.75
2000-05-11 00:00,277.65,278.25,275.65,276.15
2000-05-12 00:00,275.95,277.25,275.75,276.15
2000-05-15 00:00,276.35,276.85,274.25,275.45
2000-05-16 00:00,275.45,277.2,275.0,275.65
2000-05-17 00:00,275.1,275.25,272.25,273.05
2000-05-18 00:00,273.55,274.15,272.25,273.35
2000-05-19 00:00,273.4,274.55,273.05,274.25
2000-05-22 00:00,274.1,276.9,273.65,275.8
2000-05-23 00:00,275.45,276.9,273.75,274.35
2000-05-24 00:00,274.3,274.3,272.9,273.5
2000-05-25 00:00,273.5,274.65,269.45,270.3
2000-05-26 00:00,270.3,272.95,270.15,272.4
2000-05-29 00:00,272.7,273.3,272.1,272.1
2000-05-30 00:00,272.1,274.8,272.1,273.2
2000-05-31 00:00,273.1,273.3,271.9,272.1
2000-06-01 00:00,272.2,273.5,271.9,272.8
2000-06-02 00:00,272.65,281.95,272.6,281.15
2000-06-05 00:00,281.05,286.05,279.05,285.45
2000-06-06 00:00,285.45,290.85,283.75,289.5
2000-06-07 00:00,289.5,289.5,284.45,287.3
2000-06-08 00:00,287.5,287.5,283.85,284.45
2000-06-09 00:00,284.45,286.65,283.5,283.85
2000-06-12 00:00,283.75,286.85,283.25,286.75
2000-06-13 00:00,286.65,294.12,284.65,285.75
2000-06-14 00:00,286.35,292.0,285.55,291.75
2000-06-15 00:00,291.85,292.9,286.65,289.85
2000-06-16 00:00,289.55,291.95,288.45,289.25
2000-06-19 00:00,289.15,289.15,285.45,286.25
2000-06-20 00:00,285.9,287.55,285.35,286.15
2000-06-21 00:00,286.25,287.5,285.85,286.15
2000-06-22 00:00,286.15,289.35,284.95,285.65
2000-06-23 00:00,286.45,286.45,282.7,283.15
2000-06-26 00:00,283.15,284.6,282.1,283.95
2000-06-27 00:00,283.95,286.25,283.4,286.15
2000-06-28 00:00,285.95,293.1,285.6,292.8
2000-06-29 00:00,292.75,292.75,288.35,289.15
2000-06-30 00:00,289.15,290.1,287.9,290.1
2000-07-03 00:00,288.95,289.88,287.85,287.85
2000-07-04 00:00,287.85,288.25,286.75,286.85
2000-07-05 00:00,286.75,287.95,284.0,284.15
2000-07-06 00:00,284.15,285.95,282.35,283.55
2000-07-07 00:00,283.55,284.75,281.95,283.65
2000-07-10 00:00,283.75,285.25,283.75,284.05
2000-07-11 00:00,284.05,284.25,282.0,282.55
2000-07-12 00:00,282.55,283.0,279.75,280.65
2000-07-13 00:00,280.65,281.6,280.2,280.25
2000-07-14 00:00,280.5,281.45,279.9,281.4
2000-07-17 00:00,280.45,284.15,280.45,283.55
2000-07-18 00:00,283.55,284.1,282.05,282.65
2000-07-19 00:00,282.6,282.6,277.85,279.15
2000-07-20 00:00,279.15,281.2,277.85,280.25
2000-07-21 00:00,280.25,281.35,279.0,280.35
2000-07-24 00:00,280.25,280.5,279.05,279.25
2000-07-25 00:00,279.25,281.55,278.1,279.15
2000-07-26 00:00,279.05,280.4,278.7,279.75
2000-07-27 00:00,279.85,280.95,278.15,278.55
2000-07-28 00:00,278.45,279.25,277.85,278.4
2000-07-31 00:00,278.4,278.4,276.55,277.25
2000-08-01 00:00,277.7,278.55,277.05,277.35
2000-08-02 00:00,277.5,279.05,276.45,277.55
2000-08-03 00:00,277.45,277.88,272.8,273.95
2000-08-04 00:00,274.5,275.05,272.2,273.25
2000-08-07 00:00,272.85,274.15,272.75,273.75
2000-08-08 00:00,273.77,274.75,272.1,273.05
2000-08-09 00:00,272.95,273.65,271.3,272.55
2000-08-10 00:00,272.25,273.45,271.5,272.75
2000-08-11 00:00,272.75,275.45,272.55,275.15
2000-08-14 00:00,274.75,276.55,274.05,274.75
2000-08-15 00:00,274.75,275.12,274.15,274.65
2000-08-16 00:00,274.65,277.5,274.65,277.2
2000-08-17 00:00,277.25,278.75,277.0,277.65
2000-08-18 00:00,277.65,277.65,275.5,276.65
2000-08-21 00:00,276.7,276.95,274.55,275.2
2000-08-22 00:00,275.15,275.75,273.15,273.75
2000-08-23 00:00,273.75,273.9,270.85,271.25
2000-08-24 00:00,271.25,273.25,270.5,272.95
2000-08-25 00:00,272.95,274.75,272.7,274.25
2000-08-28 00:00,274.0,274.55,273.4,274.25
2000-08-29 00:00,274.05,275.25,272.7,273.25
2000-08-30 00:00,273.25,274.25,272.6,274.15
2000-08-31 00:00,274.15,278.75,273.9,277.85
2000-09-01 00:00,277.75,278.0,276.75,276.75
2000-09-04 00:00,276.85,277.85,276.75,277.0
2000-09-05 00:00,277.05,277.05,274.85,275.6
2000-09-06 00:00,275.75,275.95,273.45,274.65
2000-09-07 00:00,274.6,274.6,272.5,273.85
2000-09-08 00:00,273.75,274.55,271.55,273.05
2000-09-11 00:00,272.95,273.85,272.2,273.15
2000-09-12 00:00,273.15,275.65,272.55,273.05
2000-09-13 00:00,273.1,274.15,272.07,272.75
2000-09-14 00:00,272.85,274.35,271.95,272.45
2000-09-15 00:00,272.45,273.75,270.95,272.55
2000-09-18 00:00,272.55,274.55,271.45,271.8
2000-09-19 00:00,271.85,272.95,270.85,272.15
2000-09-20 00:00,272.3,272.6,269.15,269.45
2000-09-21 00:00,269.55,271.25,268.65,270.65
2000-09-22 00:00,271.05,275.85,270.75,272.15
2000-09-25 00:00,272.45,274.55,272.05,274.35
2000-09-26 00:00,274.35,275.65,273.85,274.35
2000-09-27 00:00,274.75,279.55,274.35,278.7
2000-09-28 00:00,278.62,278.75,274.85,274.85
2000-09-29 00:00,274.95,275.05,272.65,274.25
2000-10-02 00:00,273.95,274.75,272.85,273.55
2000-10-03 00:00,273.35,273.45,271.75,272.25
2000-10-04 00:00,272.05,272.5,270.15,270.85
2000-10-05 00:00,270.8,272.25,268.85,269.25
2000-10-06 00:00,269.75,271.5,269.3,269.65
2000-10-09 00:00,269.95,271.15,269.55,270.65
2000-10-10 00:00,270.55,273.35,268.7,272.75
2000-10-11 00:00,272.85,274.9,270.45,270.95
2000-10-12 00:00,270.95,277.05,270.35,276.55
2000-10-13 00:00,276.35,277.65,271.65,272.65
2000-10-16 00:00,272.45,273.05,271.15,272.05
2000-10-17 00:00,272.15,272.15,269.55,271.3
2000-10-18 00:00,271.2,273.75,269.8,270.75
2000-10-19 00:00,270.85,271.85,270.15,270.85
2000-10-20 00:00,270.75,275.45,270.15,271.55
2000-10-23 00:00,271.35,272.35,270.15,270.35
2000-10-24 00:00,270.35,271.65,269.85,270.15
2000-10-25 00:00,270.25,270.55,266.15,266.75
2000-10-26 00:00,266.85,267.58,264.4,265.35
2000-10-30 00:00,264.85,266.15,264.3,264.35
2000-10-31 00:00,264.36,265.85,263.75,264.6
2000-11-01 00:00,264.7,266.55,263.45,264.8
2000-11-02 00:00,264.7,266.85,263.8,264.75
2000-11-03 00:00,264.7,266.67,264.15,265.2
2000-11-06 00:00,265.5,266.45,264.6,264.95
2000-11-07 00:00,265.0,267.05,263.26,264.5
2000-11-08 00:00,264.45,265.75,263.8,265.05
2000-11-09 00:00,265.05,266.75,263.92,265.95
2000-11-10 00:00,265.75,266.27,264.2,264.75
2000-11-13 00:00,264.75,266.05,264.15,264.45
2000-11-14 00:00,264.45,265.45,263.95,264.55
2000-11-15 00:00,264.6,266.95,264.25,264.95
2000-11-16 00:00,265.0,268.35,264.65,266.35
2000-11-17 00:00,266.25,267.12,265.15,265.8
2000-11-20 00:00,266.25,266.95,265.75,266.4
2000-11-21 00:00,266.35,267.55,265.65,265.85
2000-11-22 00:00,265.65,267.6,265.65,266.65
2000-11-23 00:00,266.85,267.65,266.05,266.05
2000-11-24 00:00,266.05,266.65,265.75,265.95
2000-11-27 00:00,265.75,270.95,265.75,270.0
2000-11-28 00:00,269.55,271.15,268.7,269.6
2000-11-29 00:00,269.65,270.25,266.8,266.95
2000-11-30 00:00,266.95,270.85,266.5,270.45
2000-12-01 00:00,270.25,273.25,269.05,269.8
2000-12-04 00:00,270.98,272.35,270.45,270.5
2000-12-05 00:00,270.85,272.35,270.05,270.6
2000-12-06 00:00,270.6,275.05,270.42,274.75
2000-12-07 00:00,274.85,275.88,272.95,273.75
2000-12-08 00:00,273.85,273.95,272.4,272.75
2000-12-11 00:00,272.75,273.15,270.25,270.55
2000-12-12 00:00,270.75,271.65,270.25,271.35
2000-12-13 00:00,271.05,271.05,268.1,269.35
2000-12-14 00:00,269.25,270.25,268.4,269.85
2000-12-15 00:00,269.55,271.1,269.05,270.95
2000-12-18 00:00,270.75,271.0,269.8,270.15
2000-12-19 00:00,270.15,270.55,269.15,270.25
2000-12-20 00:00,270.25,273.95,269.77,273.45
2000-12-21 00:00,272.85,275.08,272.65,274.15
2000-12-22 00:00,274.15,274.95,273.25,273.95
2000-12-25 00:00,273.55,274.15,273.55,273.8
2000-12-26 00:00,273.8,275.05,273.38,274.45
2000-12-27 00:00,274.45,275.55,274.35,275.5
2000-12-28 00:00,275.45,276.15,271.35,272.25
2000-12-29 00:00,272.25,273.2,271.2,272.25
2001-01-02 00:00,273.15,273.55,267.95,269.05
2001-01-03 00:00,269.15,270.05,266.55,267.95
2001-01-04 00:00,268.05,269.55,266.85,267.55
2001-01-05 00:00,267.55,268.75,266.75,268.15
2001-01-08 00:00,268.35,269.95,267.85,268.35
2001-01-09 00:00,268.35,268.65,267.0,267.75
2001-01-10 00:00,267.75,267.75,264.45,264.95
2001-01-11 00:00,265.0,266.08,263.55,264.4
2001-01-12 00:00,264.35,264.95,263.55,264.32
2001-01-15 00:00,264.35,264.67,263.35,263.68
2001-01-16 00:00,263.6,265.75,262.9,263.75
2001-01-17 00:00,263.9,264.25,262.6,263.8
2001-01-18 00:00,263.75,265.4,263.42,265.05
2001-01-19 00:00,265.05,266.65,264.25,264.75
2001-01-22 00:00,264.75,268.65,264.55,267.0
2001-01-23 00:00,267.15,269.1,265.5,266.75
2001-01-24 00:00,266.65,266.95,263.85,264.75
2001-01-25 00:00,264.75,265.45,262.85,264.95
2001-01-26 00:00,264.95,265.55,262.15,263.05
2001-01-30 00:00,263.35,266.8,263.05,265.85
2001-01-31 00:00,265.85,266.75,264.25,266.05
2001-02-01 00:00,265.85,268.95,265.85,268.55
2001-02-02 00:00,268.25,268.65,266.65,267.55
2001-02-05 00:00,267.45,267.55,265.25,265.25
2001-02-06 00:00,265.55,266.5,262.15,263.75
2001-02-07 00:00,263.9,264.55,262.65,263.35
2001-02-08 00:00,263.35,264.05,260.65,260.85
2001-02-09 00:00,260.65,261.75,259.25,260.65
2001-02-12 00:00,260.65,262.95,260.55,261.45
2001-02-14 00:00,260.95,261.35,259.75,259.85
2001-02-15 00:00,259.85,260.25,255.25,255.85
2001-02-16 00:00,256.05,259.65,253.85,258.95
2001-02-19 00:00,258.85,260.05,258.75,259.65
2001-02-20 00:00,259.55,259.65,256.25,256.65
2001-02-21 00:00,256.25,259.45,256.15,258.65
2001-02-22 00:00,258.65,261.05,257.7,259.05
2001-02-23 00:00,259.05,261.55,258.55,261.55
2001-02-26 00:00,261.55,266.85,261.55,266.55
2001-02-27 00:00,267.05,269.75,266.5,267.75
2001-02-28 00:00,267.25,267.95,264.65,267.15
2001-03-01 00:00,267.15,268.05,265.15,265.65
2001-03-02 00:00,265.1,266.05,262.25,262.85
2001-03-05 00:00,262.8,263.45,261.95,263.05
2001-03-06 00:00,263.05,263.45,259.9,260.75
2001-03-07 00:00,260.55,262.95,260.15,262.45
2001-03-08 00:00,262.65,267.35,262.15,267.05
2001-03-09 00:00,267.85,272.58,266.55,272.38
2001-03-12 00:00,272.25,275.35,269.55,272.55
2001-03-13 00:00,272.55,272.75,267.55,268.15
2001-03-14 00:00,268.15,270.25,262.75,263.15
2001-03-15 00:00,263.2,263.9,259.75,260.65
2001-03-16 00:00,260.85,261.75,258.45,258.75
2001-03-19 00:00,259.35,262.15,258.75,260.85
2001-03-20 00:00,261.05,263.25,260.85,261.55
2001-03-21 00:00,262.15,263.45,260.95,263.05
2001-03-22 00:00,262.85,262.85,261.15,262.05
2001-03-23 00:00,262.05,264.15,261.85,262.45
2001-03-26 00:00,262.35,263.25,261.05,262.65
2001-03-27 00:00,262.55,263.15,261.05,261.55
2001-03-28 00:00,261.55,261.85,259.55,260.05
2001-03-29 00:00,260.05,260.9,258.45,258.95
2001-03-30 00:00,258.95,259.65,257.25,257.95
2001-04-02 00:00,258.05,258.65,254.7,255.55
2001-04-03 00:00,255.55,258.55,255.5,257.25
2001-04-04 00:00,257.05,260.85,257.05,258.45
2001-04-05 00:00,258.45,259.35,257.65,258.55
2001-04-06 00:00,258.55,260.45,257.7,260.05
2001-04-09 00:00,260.05,261.25,258.25,258.55
2001-04-10 00:00,258.5,259.25,256.45,257.5
2001-04-11 00:00,257.45,259.85,256.85,258.8
2001-04-12 00:00,258.7,261.05,258.45,260.15
2001-04-13 00:00,260.15,260.25,259.25,259.25
2001-04-16 00:00,259.25,264.15,259.25,263.35
2001-04-17 00:00,263.35,263.73,260.05,261.05
2001-04-18 00:00,261.05,262.35,258.55,261.25
2001-04-19 00:00,261.25,265.45,260.85,265.45
2001-04-20 00:00,265.45,265.55,263.45,264.65
2001-04-23 00:00,264.15,265.05,262.45,263.45
2001-04-24 00:00,263.65,265.05,262.75,264.15
2001-04-25 00:00,264.15,264.67,261.85,262.25
2001-04-26 00:00,262.65,264.55,262.05,264.15
2001-04-27 00:00,264.15,267.15,263.55,263.65
2001-04-30 00:00,264.05,264.17,263.15,264.05
2001-05-01 00:00,264.05,264.67,263.65,264.55
2001-05-02 00:00,264.55,265.67,263.8,265.5
2001-05-03 00:00,265.5,267.45,265.0,266.25
2001-05-04 00:00,266.25,267.55,265.4,266.15
2001-05-07 00:00,266.1,266.75,265.48,266.25
2001-05-08 00:00,266.25,266.25,264.75,265.25
2001-05-09 00:00,265.25,270.65,264.95,270.05
2001-05-10 00:00,270.05,270.8,268.25,269.25
2001-05-11 00:00,269.25,269.95,267.85,268.05
2001-05-14 00:00,268.05,268.88,267.45,268.4
2001-05-15 00:00,268.45,268.65,266.3,268.45
2001-05-16 00:00,268.45,272.65,268.25,272.05
2001-05-17 00:00,272.25,274.8,271.52,273.75
2001-05-18 00:00,273.55,288.05,272.15,287.55
2001-05-21 00:00,285.5,297.75,282.65,285.55
2001-05-22 00:00,285.45,286.0,281.75,285.15
2001-05-23 00:00,285.15,285.35,282.65,283.75
2001-05-24 00:00,283.75,288.25,276.25,279.15
2001-05-25 00:00,279.15,281.55,275.35,277.65
2001-05-28 00:00,277.65,278.38,276.63,277.65
2001-05-29 00:00,277.95,278.55,273.15,273.85
2001-05-30 00:00,273.85,275.05,264.95,266.05
2001-05-31 00:00,266.05,268.65,265.45,265.85
2001-06-01 00:00,265.85,267.8,265.25,267.05
2001-06-04 00:00,266.75,268.3,265.35,265.75
2001-06-05 00:00,265.75,266.75,264.95,266.25
2001-06-06 00:00,266.25,267.45,265.5,266.25
2001-06-07 00:00,266.25,266.85,265.75,266.55
2001-06-08 00:00,266.95,274.75,266.75,273.75
2001-06-11 00:00,273.25,273.75,266.75,268.15
2001-06-12 00:00,268.05,272.65,267.1,271.75
2001-06-13 00:00,271.75,273.7,269.45,272.6
2001-06-14 00:00,272.65,277.15,270.85,275.75
2001-06-15 00:00,275.55,276.5,270.25,271.55
2001-06-18 00:00,271.25,274.25,271.05,272.75
2001-06-19 00:00,272.55,275.05,272.05,273.65
2001-06-20 00:00,273.65,274.15,271.15,272.75
2001-06-21 00:00,272.75,274.15,271.35,272.95
2001-06-22 00:00,272.95,275.95,271.95,272.65
2001-06-25 00:00,272.85,275.35,272.65,273.95
2001-06-26 00:00,273.95,279.25,273.15,276.15
2001-06-27 00:00,276.15,277.95,271.6,272.35
2001-06-28 00:00,272.35,272.55,267.85,269.25
2001-06-29 00:00,269.25,272.25,269.25,270.85
2001-07-02 00:00,270.85,270.95,267.95,269.55
2001-07-03 00:00,269.55,269.55,267.65,267.75
2001-07-04 00:00,267.75,268.65,267.65,267.95
2001-07-05 00:00,267.95,268.15,264.95,265.35
2001-07-06 00:00,265.35,267.35,264.55,266.25
2001-07-09 00:00,266.45,267.17,265.55,266.65
2001-07-10 00:00,266.65,267.75,266.15,266.35
2001-07-11 00:00,266.35,269.85,266.05,268.45
2001-07-12 00:00,268.45,268.45,265.75,266.85
2001-07-13 00:00,266.85,267.75,266.15,267.35
2001-07-16 00:00,267.2,269.35,266.75,267.15
2001-07-17 00:00,267.15,268.45,266.75,268.35
2001-07-18 00:00,268.35,271.35,268.1,270.75
2001-07-19 00:00,270.75,271.85,267.85,269.25
2001-07-20 00:00,269.25,270.95,268.85,270.05
2001-07-23 00:00,269.95,270.05,268.75,268.85
2001-07-24 00:00,268.85,270.35,268.35,269.75
2001-07-25 00:00,269.75,269.85,267.35,267.95
2001-07-26 00:00,267.75,268.45,265.75,266.45
2001-07-27 00:00,266.45,268.05,264.85,267.55
2001-07-30 00:00,267.85,268.25,264.95,265.25
2001-07-31 00:00,265.25,267.25,265.05,266.65
2001-08-01 00:00,266.85,268.65,266.5,267.55
2001-08-02 00:00,267.95,268.62,267.05,268.05
2001-08-03 00:00,268.05,269.25,266.65,268.55
2001-08-06 00:00,268.5,268.75,267.05,267.75
2001-08-07 00:00,267.75,268.15,266.25,267.65
2001-08-08 00:00,267.65,268.95,266.45,268.35
2001-08-09 00:00,268.35,274.15,268.05,274.15
2001-08-10 00:00,274.15,277.05,272.6,274.55
2001-08-13 00:00,273.75,277.65,273.75,275.95
2001-08-14 00:00,275.95,277.05,273.75,276.75
2001-08-15 00:00,276.75,277.95,274.7,275.85
2001-08-16 00:00,275.85,276.85,274.65,275.35
2001-08-17 00:00,275.35,281.15,274.85,279.25
2001-08-20 00:00,279.25,279.55,275.95,276.05
2001-08-21 00:00,276.05,277.65,273.75,275.05
2001-08-22 00:00,275.05,278.05,274.35,274.45
2001-08-23 00:00,274.75,276.15,274.15,275.35
2001-08-24 00:00,275.35,275.75,271.95,272.85
2001-08-27 00:00,273.05,273.25,271.55,272.85
2001-08-28 00:00,272.8,272.95,270.55,272.25
2001-08-29 00:00,272.85,274.35,272.55,273.65
2001-08-30 00:00,273.75,275.75,272.35,275.3
2001-08-31 00:00,275.25,276.15,272.55,274.45
2001-09-03 00:00,274.45,274.45,273.4,273.5
2001-09-04 00:00,273.5,273.55,271.35,272.15
2001-09-05 00:00,272.15,272.85,271.25,272.05
2001-09-06 00:00,272.05,273.75,271.25,272.9
2001-09-07 00:00,272.9,274.75,272.25,273.15
2001-09-10 00:00,273.25,273.6,270.95,271.75
2001-09-11 00:00,271.75,291.0,271.25,286.75
2001-09-12 00:00,289.5,290.5,278.0,278.25
2001-09-13 00:00,278.25,281.5,278.25,281.25
2001-09-14 00:00,281.25,289.25,280.75,285.55
2001-09-17 00:00,286.8,294.25,285.85,290.0
2001-09-18 00:00,289.9,289.9,286.05,287.75
2001-09-19 00:00,287.75,292.55,287.25,290.5
2001-09-20 00:00,290.15,291.05,287.55,288.65
2001-09-21 00:00,288.65,295.0,288.5,291.45
2001-09-24 00:00,290.75,293.0,287.35,289.25
2001-09-25 00:00,289.25,290.75,287.0,289.75
2001-09-26 00:00,289.75,293.9,288.85,293.05
2001-09-27 00:00,293.05,293.3,289.0,291.95
2001-09-28 00:00,291.95,294.15,289.9,293.2
2001-10-01 00:00,292.25,293.2,290.5,291.7
2001-10-02 00:00,291.7,293.0,288.8,289.45
2001-10-03 00:00,289.45,291.45,289.05,289.45
2001-10-04 00:00,289.45,291.8,288.6,289.85
2001-10-05 00:00,289.85,292.38,289.85,290.95
2001-10-08 00:00,291.0,293.95,290.75,291.9
2001-10-09 00:00,291.9,291.9,287.95,288.0
2001-10-10 00:00,288.0,289.0,283.85,284.85
2001-10-11 00:00,284.85,285.35,280.3,281.25
2001-10-12 00:00,281.4,286.15,281.4,284.45
2001-10-15 00:00,284.45,285.85,281.35,281.45
2001-10-16 00:00,281.55,282.67,280.75,281.35
2001-10-17 00:00,281.35,283.6,281.0,282.45
2001-10-18 00:00,282.45,283.8,278.27,279.45
2001-10-19 00:00,279.45,280.45,277.65,279.65
2001-10-22 00:00,279.65,279.75,274.95,275.55
2001-10-23 00:00,275.55,276.67,274.45,275.95
2001-10-24 00:00,275.95,276.67,275.15,275.35
2001-10-25 00:00,275.45,277.55,275.2,277.25
2001-10-26 00:00,276.75,278.15,276.55,277.35
2001-10-29 00:00,277.35,279.45,277.15,278.85
2001-10-30 00:00,279.15,281.25,279.05,280.75
2001-10-31 00:00,280.85,281.65,278.25,279.5
2001-11-01 00:00,279.5,280.95,278.55,279.65
2001-11-02 00:00,279.65,280.75,279.55,279.95
2001-11-05 00:00,279.95,280.15,277.75,279.05
2001-11-06 00:00,279.05,280.7,278.45,280.65
2001-11-07 00:00,280.5,281.35,279.55,280.75
2001-11-08 00:00,280.55,280.8,276.35,277.05
2001-11-09 00:00,277.05,278.05,276.85,277.45
2001-11-12 00:00,277.45,282.25,277.45,278.67
2001-11-13 00:00,278.42,278.42,275.95,277.55
2001-11-14 00:00,277.55,279.55,277.1,277.75
2001-11-15 00:00,277.85,278.05,274.55,275.35
2001-11-16 00:00,275.35,275.85,273.85,274.85
2001-11-19 00:00,274.85,274.95,272.4,272.75
2001-11-20 00:00,272.85,274.35,272.55,273.25
2001-11-21 00:00,273.25,273.95,272.15,273.15
2001-11-22 00:00,273.05,273.65,272.15,272.85
2001-11-23 00:00,272.95,273.55,272.35,272.9
2001-11-26 00:00,273.05,273.8,272.45,272.95
2001-11-27 00:00,273.05,273.95,272.75,273.75
2001-11-28 00:00,273.55,275.55,273.55,274.55
2001-11-29 00:00,274.45,275.85,273.55,274.0
2001-11-30 00:00,273.35,276.15,273.35,274.4
2001-12-03 00:00,274.4,278.25,274.4,277.35
2001-12-04 00:00,277.35,277.45,275.55,275.75
2001-12-05 00:00,275.75,276.25,273.65,274.45
2001-12-06 00:00,274.3,275.05,273.65,274.55
2001-12-07 00:00,274.5,275.25,273.75,274.55
2001-12-10 00:00,274.55,274.55,271.65,272.75
2001-12-11 00:00,272.85,273.25,271.85,272.85
2001-12-12 00:00,272.75,274.65,272.4,274.55
2001-12-13 00:00,274.55,274.85,274.0,274.5
2001-12-14 00:00,274.5,279.45,274.05,278.45
2001-12-17 00:00,277.6,279.05,276.65,278.35
2001-12-18 00:00,278.25,281.25,278.05,280.45
2001-12-19 00:00,280.45,280.45,275.35,276.15
2001-12-20 00:00,276.15,276.95,275.6,276.35
2001-12-21 00:00,276.35,279.35,276.25,278.15
2001-12-24 00:00,278.15,278.85,277.8,278.05
2001-12-25 00:00,278.05,279.25,277.75,278.75
2001-12-26 00:00,278.75,279.75,278.05,279.25
2001-12-27 00:00,279.25,280.75,276.85,277.05
2001-12-28 00:00,277.05,278.3,276.05,276.55
2001-12-31 00:00,276.15,279.35,276.15,278.95
2002-01-01 00:00,278.95,278.95,278.95,278.95
2002-01-02 00:00,278.95,279.65,277.7,278.75
2002-01-03 00:00,278.75,280.25,277.05,278.45
2002-01-04 00:00,278.55,279.65,277.45,278.95
2002-01-07 00:00,278.85,280.45,277.65,278.75
2002-01-08 00:00,278.85,279.35,278.15,279.05
2002-01-09 00:00,279.05,284.75,278.65,283.75
2002-01-10 00:00,283.85,289.55,282.95,286.4
2002-01-11 00:00,286.4,288.15,285.65,287.55
2002-01-14 00:00,286.95,287.35,285.15,285.15
2002-01-15 00:00,285.25,285.5,283.05,284.65
2002-01-16 00:00,284.35,289.75,283.55,287.55
2002-01-17 00:00,287.15,288.95,284.05,284.05
2002-01-18 00:00,284.05,284.95,282.95,283.55
2002-01-21 00:00,283.55,283.95,282.05,282.55
2002-01-22 00:00,282.55,284.05,281.25,281.85
2002-01-23 00:00,281.9,283.0,278.45,279.25
2002-01-24 00:00,279.25,279.95,277.75,278.85
2002-01-25 00:00,279.0,279.95,278.45,279.45
2002-01-28 00:00,279.7,279.8,278.25,278.75
2002-01-29 00:00,278.65,282.15,277.65,281.95
2002-01-30 00:00,281.95,284.15,280.75,281.95
2002-01-31 00:00,281.95,283.15,281.25,282.95
2002-02-01 00:00,282.95,287.45,281.85,286.25
2002-02-04 00:00,285.5,289.9,285.35,289.65
2002-02-05 00:00,290.35,299.05,289.9,297.55
2002-02-06 00:00,297.7,306.65,296.05,296.75
2002-02-07 00:00,296.65,301.75,296.65,301.05
2002-02-08 00:00,301.75,307.75,300.4,303.75
2002-02-11 00:00,303.75,304.05,297.85,299.75
2002-02-12 00:00,299.25,301.75,297.35,300.25
2002-02-13 00:00,300.25,300.75,295.6,299.5
2002-02-14 00:00,299.5,300.7,297.65,299.95
2002-02-15 00:00,299.9,302.1,297.75,297.85
2002-02-18 00:00,298.75,298.75,297.0,297.75
2002-02-19 00:00,297.75,298.75,292.55,293.1
2002-02-20 00:00,293.1,294.55,290.65,291.45
2002-02-21 00:00,291.45,294.15,290.0,292.75
2002-02-22 00:00,292.75,294.62,291.45,292.75
2002-02-25 00:00,293.0,293.05,290.85,292.55
2002-02-26 00:00,292.55,298.25,292.35,297.75
2002-02-27 00:00,297.75,299.85,295.75,296.6
2002-02-28 00:00,296.6,298.15,295.95,296.55
2002-03-01 00:00,296.55,299.55,295.25,298.15
2002-03-04 00:00,297.85,300.05,296.75,296.85
2002-03-05 00:00,296.85,299.05,293.95,293.95
2002-03-06 00:00,294.05,294.85,292.45,293.5
2002-03-07 00:00,293.65,293.65,289.35,289.55
2002-03-08 00:00,289.55,290.35,287.95,289.75
2002-03-11 00:00,289.6,292.85,289.25,290.7
2002-03-12 00:00,290.7,294.85,290.55,293.85
2002-03-13 00:00,293.85,294.9,292.95,293.35
2002-03-14 00:00,293.35,293.7,290.55,291.25
2002-03-15 00:00,291.25,291.7,289.25,290.05
2002-03-18 00:00,290.05,293.05,290.0,292.55
2002-03-19 00:00,292.55,294.05,291.75,293.2
2002-03-20 00:00,293.2,293.25,291.55,292.45
2002-03-21 00:00,292.35,293.65,292.05,293.15
2002-03-22 00:00,293.15,297.88,293.05,297.75
2002-03-25 00:00,297.65,298.75,297.05,298.35
2002-03-26 00:00,298.35,298.35,295.85,296.75
2002-03-27 00:00,296.75,303.55,296.4,302.25
2002-03-28 00:00,302.25,304.77,300.55,302.65
2002-03-29 00:00,302.65,303.25,302.45,302.5
2002-04-01 00:00,302.5,303.35,300.95,303.35
2002-04-02 00:00,303.35,306.85,302.55,305.85
2002-04-03 00:00,305.85,306.85,301.15,302.55
2002-04-04 00:00,302.65,302.95,299.15,301.0
2002-04-05 00:00,301.0,302.35,298.25,300.05
2002-04-08 00:00,300.1,301.45,298.45,300.5
2002-04-09 00:00,300.5,300.5,298.35,298.55
2002-04-10 00:00,298.55,302.15,297.15,301.25
2002-04-11 00:00,301.25,303.45,301.05,302.6
2002-04-12 00:00,302.4,302.45,300.45,302.15
2002-04-15 00:00,302.15,302.95,299.65,299.85
2002-04-16 00:00,299.85,299.95,297.65,299.0
2002-04-17 00:00,299.0,302.65,298.05,302.05
2002-04-18 00:00,302.05,306.25,301.25,303.65
2002-04-19 00:00,303.65,303.95,301.25,302.35
2002-04-22 00:00,302.35,304.45,301.85,302.9
2002-04-23 00:00,303.0,304.75,301.85,303.65
2002-04-24 00:00,303.65,305.55,303.5,304.05
2002-04-25 00:00,304.05,309.15,304.05,307.65
2002-04-26 00:00,307.65,311.95,306.15,311.35
2002-04-29 00:00,311.0,312.3,309.45,311.05
2002-04-30 00:00,311.0,311.25,307.05,308.45
2002-05-01 00:00,308.45,311.05,306.95,308.85
2002-05-02 00:00,308.85,309.25,306.65,307.85
2002-05-03 00:00,307.85,313.45,307.55,311.95
2002-05-06 00:00,311.75,313.05,310.45,312.3
2002-05-07 00:00,312.3,313.95,308.85,311.55
2002-05-08 00:00,311.55,313.15,307.95,308.25
2002-05-09 00:00,308.25,310.25,308.05,309.55
2002-05-10 00:00,309.55,312.05,308.95,311.05
2002-05-13 00:00,310.85,311.85,309.35,310.95
2002-05-14 00:00,310.75,310.95,306.95,307.65
2002-05-15 00:00,307.65,309.15,306.45,309.05
2002-05-16 00:00,309.05,310.85,308.6,309.85
2002-05-17 00:00,309.85,312.15,309.35,311.05
2002-05-20 00:00,310.85,311.85,310.35,311.75
2002-05-21 00:00,315.65,317.25,313.95,316.15
2002-05-22 00:00,316.2,319.75,316.05,317.65
2002-05-23 00:00,317.65,323.35,315.65,322.05
2002-05-24 00:00,322.05,322.05,319.35,320.55
2002-05-27 00:00,320.55,321.75,320.15,320.25
2002-05-28 00:00,320.25,326.08,320.05,324.35
2002-05-29 00:00,324.35,327.65,323.05,325.05
2002-05-30 00:00,325.05,326.75,323.65,325.05
2002-05-31 00:00,324.95,329.5,324.05,326.55
2002-06-03 00:00,326.55,328.55,324.95,327.15
2002-06-04 00:00,327.05,330.55,324.55,324.8
2002-06-05 00:00,324.85,326.35,320.25,321.45
2002-06-06 00:00,321.55,325.85,321.05,325.65
2002-06-07 00:00,325.85,328.05,323.55,323.95
2002-06-10 00:00,324.6,324.65,317.75,319.05
2002-06-11 00:00,319.05,321.35,315.95,321.05
2002-06-12 00:00,321.1,322.05,318.95,319.25
2002-06-13 00:00,319.25,319.9,316.95,318.15
2002-06-14 00:00,318.25,326.35,318.25,322.1
2002-06-17 00:00,322.2,322.2,317.4,317.8
2002-06-18 00:00,318.1,318.85,317.45,318.35
2002-06-19 00:00,319.05,322.75,319.05,320.65
2002-06-20 00:00,321.35,324.05,320.35,322.35
2002-06-21 00:00,322.55,323.4,320.4,322.7
2002-06-24 00:00,322.9,329.3,322.9,326.4
2002-06-25 00:00,327.2,327.2,319.5,321.7
2002-06-26 00:00,322.6,328.85,322.6,324.6
2002-06-27 00:00,325.2,325.2,315.75,318.45
2002-06-28 00:00,318.45,326.0,315.05,318.5
2002-07-01 00:00,318.5,318.5,309.5,312.3
2002-07-02 00:00,312.5,316.95,312.5,314.45
2002-07-03 00:00,314.85,314.85,310.05,310.85
2002-07-04 00:00,311.65,312.4,309.8,310.6
2002-07-05 00:00,311.5,314.3,310.5,311.3
2002-07-08 00:00,311.5,312.3,310.2,311.7
2002-07-09 00:00,312.5,321.65,312.5,321.45
2002-07-10 00:00,321.75,321.75,313.9,314.8
2002-07-11 00:00,315.1,315.1,310.3,314.15
2002-07-12 00:00,315.05,318.1,315.05,316.7
2002-07-15 00:00,316.9,319.4,316.3,319.0
2002-07-16 00:00,319.9,320.65,317.55,318.25
2002-07-17 00:00,319.15,319.15,314.15,316.15
2002-07-18 00:00,316.65,318.65,316.65,317.65
2002-07-19 00:00,317.75,325.0,317.75,322.9
2002-07-22 00:00,323.3,324.9,322.7,324.0
2002-07-23 00:00,324.6,328.0,318.6,319.7
2002-07-24 00:00,320.2,320.2,306.55,311.25
2002-07-25 00:00,312.05,312.05,308.65,309.45
2002-07-26 00:00,310.25,310.25,301.75,304.95
2002-07-29 00:00,305.75,305.75,302.2,303.0
2002-07-30 00:00,304.0,306.9,304.0,305.4
2002-07-31 00:00,306.0,306.95,303.25,304.65
2002-08-01 00:00,305.65,305.65,296.6,302.25
2002-08-02 00:00,302.55,306.35,302.55,305.55
2002-08-05 00:00,305.85,311.4,305.85,309.5
2002-08-06 00:00,310.2,310.2,305.95,306.75
2002-08-07 00:00,307.75,313.3,306.4,312.2
2002-08-08 00:00,312.3,315.05,311.85,312.15
2002-08-09 00:00,312.25,313.65,309.2,312.95
2002-08-12 00:00,312.95,320.6,312.95,316.7
2002-08-13 00:00,317.3,317.3,313.0,313.8
2002-08-14 00:00,314.7,320.7,314.65,315.65
2002-08-15 00:00,315.75,315.75,309.6,312.65
2002-08-16 00:00,312.75,315.7,312.6,314.2
2002-08-19 00:00,314.5,316.55,308.4,310.1
2002-08-20 00:00,310.5,310.5,305.3,308.0
2002-08-21 00:00,308.6,308.6,304.8,306.55
2002-08-22 00:00,307.45,307.45,303.2,305.4
2002-08-23 00:00,305.8,306.35,303.3,305.95
2002-08-27 00:00,306.85,311.1,306.25,310.5
2002-08-28 00:00,311.5,314.4,311.1,311.1
2002-08-29 00:00,311.2,312.5,309.7,312.1
2002-08-30 00:00,312.1,314.5,312.1,312.8
2002-09-02 00:00,313.2,313.7,311.4,312.0
2002-09-03 00:00,312.9,314.4,312.6,313.5
2002-09-04 00:00,313.5,313.6,310.35,313.0
2002-09-05 00:00,313.6,318.75,313.6,317.55
2002-09-06 00:00,318.05,320.65,317.55,319.25
2002-09-09 00:00,319.65,325.2,319.65,322.5
2002-09-10 00:00,322.9,322.9,318.4,319.1
2002-09-11 00:00,319.2,319.2,313.4,315.5
2002-09-12 00:00,315.8,319.75,315.8,318.85
2002-09-16 00:00,319.05,319.7,316.7,318.8
2002-09-17 00:00,319.5,319.5,312.9,315.9
2002-09-18 00:00,316.7,319.4,316.05,318.7
2002-09-19 00:00,318.7,323.05,318.7,322.25
2002-09-20 00:00,323.05,324.4,320.7,322.3
2002-09-23 00:00,322.6,324.4,321.0,322.5
2002-09-24 00:00,323.2,328.4,323.2,326.3
2002-09-25 00:00,327.0,328.5,324.95,325.15
2002-09-26 00:00,325.65,325.65,317.7,319.6
2002-09-27 00:00,319.7,322.05,319.05,320.05
2002-09-30 00:00,320.35,324.7,320.35,323.7
2002-10-01 00:00,324.0,324.0,321.15,321.75
2002-10-02 00:00,322.45,323.0,320.9,322.2
2002-10-03 00:00,322.6,324.3,321.7,322.1
2002-10-04 00:00,322.4,322.4,317.05,320.3
2002-10-07 00:00,321.0,322.25,320.85,321.75
2002-10-08 00:00,321.85,321.85,318.4,319.0
2002-10-09 00:00,319.2,319.85,317.85,319.35
2002-10-10 00:00,319.45,321.85,318.35,318.95
2002-10-11 00:00,319.25,319.25,316.25,316.85
2002-10-14 00:00,317.75,318.35,317.15,317.75
2002-10-15 00:00,318.25,320.05,315.8,316.2
2002-10-16 00:00,316.9,316.9,313.35,314.05
2002-10-17 00:00,314.95,314.95,308.65,310.75
2002-10-18 00:00,311.25,313.25,311.25,312.75
2002-10-21 00:00,313.65,315.2,312.0,312.6
2002-10-22 00:00,313.5,313.5,309.95,311.65
2002-10-23 00:00,311.95,313.4,311.7,312.1
2002-10-24 00:00,312.7,312.9,309.0,311.1
2002-10-25 00:00,312.0,312.65,310.65,311.75
2002-10-28 00:00,312.45,314.75,312.45,314.45
2002-10-29 00:00,315.35,317.85,315.35,317.15
2002-10-30 00:00,318.15,318.15,316.05,316.55
2002-10-31 00:00,317.15,317.15,314.45,316.35
2002-11-01 00:00,317.35,322.65,317.35,319.85
2002-11-04 00:00,320.75,320.75,316.35,317.55
2002-11-05 00:00,318.35,320.1,318.2,318.5
2002-11-06 00:00,319.2,319.2,316.6,317.3
2002-11-07 00:00,318.2,319.85,317.65,319.25
2002-11-08 00:00,319.55,323.3,319.55,321.7
2002-11-11 00:00,321.8,321.8,319.4,320.7
2002-11-12 00:00,321.1,322.05,318.6,321.75
2002-11-13 00:00,322.25,330.6,322.1,324.0
2002-11-14 00:00,324.9,324.9,317.7,318.6
2002-11-15 00:00,319.3,319.3,316.1,318.5
2002-11-18 00:00,319.4,319.45,317.45,318.75
2002-11-19 00:00,319.55,321.3,319.5,319.7
2002-11-20 00:00,320.1,320.95,318.75,318.85
2002-11-21 00:00,319.45,319.45,318.0,318.4
2002-11-22 00:00,319.3,319.3,313.35,317.7
2002-11-25 00:00,318.4,318.85,316.45,317.45
2002-11-26 00:00,318.25,318.6,316.9,317.5
2002-11-27 00:00,318.5,319.55,317.75,317.85
2002-11-28 00:00,318.45,319.3,317.5,317.6
2002-11-29 00:00,318.4,320.75,318.4,319.05
2002-12-02 00:00,319.45,319.45,314.55,316.45
2002-12-03 00:00,316.75,320.2,316.75,319.7
2002-12-04 00:00,320.6,323.5,320.6,322.1
2002-12-05 00:00,322.4,322.65,318.9,322.45
2002-12-06 00:00,322.65,328.65,322.65,325.75
2002-12-09 00:00,326.45,326.45,324.3,325.1
2002-12-10 00:00,325.6,325.9,322.0,323.1
2002-12-11 00:00,323.9,324.75,323.05,324.25
2002-12-12 00:00,324.85,327.8,321.0,326.4
2002-12-13 00:00,326.7,334.7,326.7,332.2
2002-12-16 00:00,332.7,333.3,328.45,332.9
2002-12-17 00:00,333.2,344.0,333.2,339.0
2002-12-18 00:00,339.5,339.5,331.9,338.0
2002-12-19 00:00,338.2,347.5,338.2,345.0
2002-12-20 00:00,345.8,345.8,339.6,341.6
2002-12-23 00:00,341.8,344.15,340.6,343.95
2002-12-27 00:00,344.95,351.1,344.95,349.3
2002-12-30 00:00,349.5,352.25,345.6,347.2
2002-12-31 00:00,347.4,347.4,336.35,342.75
2003-01-02 00:00,343.45,343.9,338.95,342.2
2003-01-03 00:00,342.4,346.35,337.45,344.5
2003-01-06 00:00,344.7,354.95,344.7,351.75
2003-01-07 00:00,352.55,352.9,346.3,349.0
2003-01-08 00:00,349.3,351.45,340.9,349.75
2003-01-09 00:00,350.45,353.7,350.2,352.4
2003-01-10 00:00,352.5,354.6,348.6,353.0
2003-01-13 00:00,353.3,353.3,349.1,352.55
2003-01-14 00:00,352.95,355.7,352.2,353.1
2003-01-15 00:00,353.3,353.3,348.6,351.0
2003-01-16 00:00,351.2,353.2,344.9,352.3
2003-01-17 00:00,352.7,358.9,352.7,357.0
2003-01-20 00:00,357.3,357.75,354.35,355.85
2003-01-21 00:00,356.25,356.25,349.75,353.8
2003-01-22 00:00,354.5,358.7,354.5,358.5
2003-01-23 00:00,358.5,367.7,358.5,364.7
2003-01-24 00:00,364.8,367.8,361.65,366.0
2003-01-27 00:00,367.0,372.0,366.9,368.5
2003-01-28 00:00,368.7,368.7,365.8,368.4
2003-01-29 00:00,368.5,375.75,368.5,370.6
2003-01-30 00:00,371.5,371.5,361.95,367.6
2003-01-31 00:00,368.4,368.9,366.4,367.5
2003-02-03 00:00,367.5,370.5,367.5,369.5
2003-02-04 00:00,369.7,376.65,369.7,376.55
2003-02-05 00:00,376.85,389.5,376.85,382.1
2003-02-06 00:00,382.7,382.7,375.6,375.8
2003-02-07 00:00,376.1,378.4,370.75,373.25
2003-02-10 00:00,373.25,379.45,369.8,370.5
2003-02-11 00:00,370.9,370.9,362.0,364.0
2003-02-12 00:00,364.9,366.5,355.8,356.3
2003-02-13 00:00,356.6,356.6,347.4,352.8
2003-02-14 00:00,353.1,359.8,351.05,354.25
2003-02-17 00:00,354.85,354.85,343.85,347.0
2003-02-18 00:00,347.9,348.7,342.7,344.0
2003-02-19 00:00,344.8,346.3,340.75,346.0
2003-02-20 00:00,346.1,353.45,346.1,351.55
2003-02-21 00:00,352.25,355.5,351.5,352.3
2003-02-24 00:00,352.5,356.9,351.0,355.2
2003-02-25 00:00,356.2,364.7,356.2,357.6
2003-02-26 00:00,358.3,358.3,349.5,351.9
2003-02-27 00:00,352.7,360.6,350.75,351.25
2003-02-28 00:00,351.95,351.95,342.7,347.65
2003-03-03 00:00,348.35,348.35,341.45,345.5
2003-03-04 00:00,345.8,355.1,345.8,353.4
2003-03-05 00:00,353.6,357.45,353.05,353.95
2003-03-06 00:00,354.65,355.2,351.0,354.7
2003-03-07 00:00,355.5,358.55,346.85,350.75
2003-03-10 00:00,351.35,355.15,351.35,354.45
2003-03-11 00:00,354.95,355.9,351.25,353.15
2003-03-12 00:00,354.15,354.15,345.4,346.1
2003-03-13 00:00,346.4,346.4,330.5,334.5
2003-03-14 00:00,335.1,338.4,332.9,335.5
2003-03-17 00:00,335.8,347.1,335.8,340.75
2003-03-18 00:00,341.25,341.5,336.8,338.8
2003-03-19 00:00,339.1,339.1,333.9,335.8
2003-03-20 00:00,336.6,340.55,335.1,335.5
2003-03-21 00:00,335.7,341.6,333.2,333.5
2003-03-24 00:00,333.6,333.6,328.95,329.45
2003-03-25 00:00,329.55,336.95,329.55,331.9
2003-03-26 00:00,332.8,332.8,328.95,329.95
2003-03-27 00:00,330.25,337.5,330.25,332.75
2003-03-28 00:00,333.45,333.45,328.75,330.75
2003-03-31 00:00,330.85,335.35,330.55,334.85
2003-04-01 00:00,335.45,336.05,333.75,334.35
2003-04-02 00:00,334.75,334.75,326.9,329.3
2003-04-03 00:00,329.3,329.3,322.0,323.7
2003-04-04 00:00,324.0,324.2,321.4,323.8
2003-04-07 00:00,324.0,324.0,317.8,319.9
2003-04-08 00:00,320.0,325.4,320.0,323.4
2003-04-09 00:00,324.1,324.1,316.9,321.35
2003-04-10 00:00,321.45,324.9,321.45,324.6
2003-04-11 00:00,325.0,325.3,319.85,324.8
2003-04-14 00:00,324.9,328.05,324.9,325.95
2003-04-15 00:00,326.55,326.75,322.55,325.45
2003-04-16 00:00,325.95,325.95,321.0,324.1
2003-04-17 00:00,324.4,328.1,324.4,327.0
2003-04-22 00:00,327.3,336.9,327.3,334.9
2003-04-23 00:00,335.3,337.0,332.9,333.3
2003-04-24 00:00,334.0,334.1,330.4,333.7
2003-04-25 00:00,334.3,334.3,332.45,333.25
2003-04-28 00:00,333.55,333.55,327.35,332.6
2003-04-29 00:00,333.4,333.4,328.7,331.4
2003-04-30 00:00,332.3,337.75,332.3,336.75
2003-05-01 00:00,337.15,342.6,337.15,341.2
2003-05-02 00:00,341.2,343.2,338.4,340.5
2003-05-06 00:00,341.4,345.45,341.4,342.85
2003-05-07 00:00,342.85,344.55,339.25,341.85
2003-05-08 00:00,342.15,347.75,341.5,346.45
2003-05-09 00:00,346.85,348.5,346.2,347.9
2003-05-12 00:00,348.5,352.0,348.5,351.1
2003-05-13 00:00,351.5,352.3,349.3,350.4
2003-05-14 00:00,351.1,356.15,350.75,353.55
2003-05-15 00:00,354.35,357.05,353.25,354.25
2003-05-16 00:00,354.85,355.0,354.2,355.0
2003-05-19 00:00,355.3,359.6,352.0,359.0
2003-05-20 00:00,359.0,370.3,359.0,366.3
2003-05-21 00:00,366.6,369.1,360.2,367.8
2003-05-22 00:00,368.1,374.0,368.1,369.6
2003-05-23 00:00,370.0,372.9,368.5,370.5
2003-05-27 00:00,370.6,377.15,369.2,371.4
2003-05-29 00:00,371.5,371.5,354.6,363.1
2003-05-30 00:00,363.5,363.5,357.35,361.4
2003-06-02 00:00,361.5,362.5,355.6,361.3
2003-06-03 00:00,361.9,366.3,361.9,365.0
2003-06-04 00:00,365.1,367.3,363.3,364.2
2003-06-05 00:00,364.6,367.75,362.0,366.75
2003-06-06 00:00,367.35,367.35,360.7,363.0
2003-06-09 00:00,363.9,366.95,361.95,362.75
2003-06-10 00:00,363.45,363.45,353.45,354.25
2003-06-11 00:00,354.55,355.95,352.25,354.15
2003-06-12 00:00,354.15,354.15,349.85,352.25
2003-06-13 00:00,353.05,353.55,347.8,353.05
2003-06-16 00:00,353.35,359.6,353.35,359.0
2003-06-17 00:00,359.6,364.65,358.75,362.75
2003-06-18 00:00,363.15,363.5,358.95,359.75
2003-06-19 00:00,360.35,360.35,353.0,357.65
2003-06-20 00:00,357.95,361.1,357.1,358.0
2003-06-23 00:00,358.0,360.2,353.65,356.05
2003-06-24 00:00,356.55,356.55,347.85,348.25
2003-06-25 00:00,348.45,348.8,346.1,348.1
2003-06-26 00:00,348.2,348.2,343.15,343.85
2003-06-27 00:00,344.55,347.3,343.3,345.5
2003-06-30 00:00,345.5,347.8,344.2,346.0
2003-07-01 00:00,346.0,352.3,346.0,350.2
2003-07-02 00:00,351.1,352.9,350.2,351.2
2003-07-03 00:00,351.7,351.7,347.4,349.4
2003-07-04 00:00,350.3,352.4,349.3,351.3
2003-07-07 00:00,351.6,351.6,349.55,350.15
2003-07-08 00:00,350.75,351.05,345.4,347.2
2003-07-09 00:00,348.0,348.0,345.05,345.45
2003-07-10 00:00,345.95,345.95,341.2,343.4
2003-07-11 00:00,344.3,344.3,340.9,343.7
2003-07-14 00:00,344.0,344.9,342.7,344.5
2003-07-15 00:00,344.8,355.45,344.8,348.5
2003-07-16 00:00,348.7,348.7,341.9,343.2
2003-07-17 00:00,343.7,343.7,339.0,342.5
2003-07-18 00:00,342.9,344.85,340.1,344.35
2003-07-21 00:00,344.55,351.3,344.55,350.0
2003-07-22 00:00,350.5,354.45,350.5,352.25
2003-07-23 00:00,352.95,355.15,350.3,354.75
2003-07-24 00:00,355.55,358.9,351.1,357.3
2003-07-25 00:00,357.3,364.7,357.3,363.0
2003-07-28 00:00,363.9,364.75,359.4,361.95
2003-07-29 00:00,362.45,366.0,362.45,363.5
2003-07-30 00:00,363.9,363.9,356.05,357.75
2003-07-31 00:00,358.55,358.55,353.75,354.75
2003-08-01 00:00,355.15,360.5,351.35,352.35
2003-08-04 00:00,353.15,353.15,344.7,347.5
2003-08-05 00:00,347.7,348.8,346.9,348.4
2003-08-06 00:00,349.2,353.4,349.2,352.0
2003-08-07 00:00,352.2,352.7,348.3,351.6
2003-08-08 00:00,351.7,354.85,349.9,353.95
2003-08-11 00:00,354.25,359.15,354.25,359.15
2003-08-12 00:00,360.05,362.6,359.9,360.1
2003-08-13 00:00,360.4,360.65,352.15,358.65
2003-08-14 00:00,358.95,364.7,358.95,363.6
2003-08-15 00:00,364.1,369.0,363.9,364.5
2003-08-18 00:00,364.7,364.7,359.75,360.25
2003-08-19 00:00,360.75,361.1,354.35,360.4
2003-08-20 00:00,361.2,363.1,357.95,362.2
2003-08-21 00:00,363.0,367.35,360.9,363.3
2003-08-22 00:00,363.6,363.6,354.0,358.75
2003-08-26 00:00,359.45,360.9,354.5,360.5
2003-08-27 00:00,361.3,372.45,361.3,371.25
2003-08-28 00:00,371.35,373.3,369.3,370.9
2003-08-29 00:00,371.6,377.8,371.6,375.6
2003-09-01 00:00,376.1,378.45,373.45,376.25
2003-09-03 00:00,376.35,376.35,368.15,372.2
2003-09-04 00:00,373.2,373.2,367.5,370.75
2003-09-05 00:00,371.35,378.55,370.3,376.35
2003-09-08 00:00,377.25,377.25,373.15,374.65
2003-09-09 00:00,375.25,384.25,375.25,382.25
2003-09-11 00:00,383.05,383.05,371.25,376.3
2003-09-12 00:00,376.4,384.4,376.4,378.25
2003-09-15 00:00,378.75,379.3,375.4,377.5
2003-09-16 00:00,378.5,378.5,372.5,374.6
2003-09-17 00:00,375.3,378.9,375.3,378.2
2003-09-18 00:00,379.0,381.6,376.8,378.3
2003-09-19 00:00,378.7,381.35,375.7,379.75
2003-09-22 00:00,380.25,386.2,380.25,385.5
2003-09-23 00:00,386.1,386.1,381.9,384.6
2003-09-24 00:00,385.2,385.2,382.3,385.0
2003-09-25 00:00,385.7,400.9,385.7,391.85
2003-09-29 00:00,392.75,392.75,379.95,381.95
2003-09-30 00:00,382.25,391.3,382.25,388.0
2003-10-01 00:00,388.7,388.7,382.1,383.5
2003-10-02 00:00,384.1,384.1,380.5,382.2
2003-10-03 00:00,382.8,401.6,380.85,383.95
2003-10-06 00:00,384.55,384.55,369.95,372.75
2003-10-07 00:00,373.25,376.4,373.25,376.2
2003-10-08 00:00,376.5,376.5,374.55,375.25
2003-10-09 00:00,376.05,382.25,375.25,376.45
2003-10-10 00:00,376.65,376.65,368.3,370.35
2003-10-13 00:00,371.15,371.15,364.75,370.25
2003-10-14 00:00,370.45,375.15,370.45,373.95
2003-10-15 00:00,374.45,375.7,372.4,373.5
2003-10-16 00:00,374.1,375.9,371.4,373.4
2003-10-17 00:00,374.2,374.2,364.85,370.5
2003-10-20 00:00,371.4,374.5,370.9,373.8
2003-10-21 00:00,374.1,375.3,369.7,374.8
2003-10-22 00:00,375.6,382.75,375.6,381.55
2003-10-23 00:00,381.85,386.1,381.85,384.5
2003-10-24 00:00,385.4,388.35,380.95,384.6
2003-10-27 00:00,385.4,387.55,384.85,386.75
2003-10-28 00:00,386.85,389.4,386.15,386.55
2003-10-29 00:00,386.75,386.75,376.1,382.7
2003-10-30 00:00,383.2,397.8,383.2,391.0
2003-10-31 00:00,391.4,391.4,382.2,384.6
2003-11-03 00:00,385.2,391.8,382.65,383.25
2003-11-04 00:00,383.85,383.85,375.6,378.3
2003-11-05 00:00,378.6,384.35,378.55,382.15
2003-11-06 00:00,382.95,382.95,379.25,380.25
2003-11-07 00:00,381.05,381.6,374.15,381.0
2003-11-10 00:00,381.4,383.95,379.4,382.85
2003-11-11 00:00,382.85,387.5,382.85,386.4
2003-11-12 00:00,387.0,390.0,381.95,388.05
2003-11-13 00:00,388.85,399.6,388.85,395.5
2003-11-14 00:00,396.2,396.75,391.8,395.35
2003-11-17 00:00,395.45,404.5,392.4,398.0
2003-11-18 00:00,398.2,398.2,387.4,392.4
2003-11-19 00:00,392.9,400.5,392.9,397.15
2003-11-20 00:00,397.25,399.6,394.05,395.75
2003-11-21 00:00,396.65,396.65,390.6,393.85
2003-11-24 00:00,394.35,397.15,393.15,394.25
2003-11-25 00:00,394.55,394.55,389.6,391.5
2003-11-26 00:00,391.9,395.95,386.9,392.0
2003-11-27 00:00,392.5,400.25,391.1,396.25
2003-11-28 00:00,396.35,402.1,392.9,398.1
2003-12-01 00:00,398.7,398.95,392.85,398.75
2003-12-02 00:00,399.25,403.45,396.8,401.05
2003-12-03 00:00,401.25,403.5,400.7,403.3
2003-12-05 00:00,404.0,404.0,395.3,402.0
2003-12-08 00:00,402.8,411.05,402.8,408.75
2003-12-09 00:00,408.85,409.85,405.75,408.25
2003-12-10 00:00,408.55,413.6,406.8,407.3
2003-12-11 00:00,408.1,408.1,401.9,404.0
2003-12-12 00:00,404.9,406.9,403.05,406.6
2003-12-15 00:00,407.4,407.4,399.95,404.5
2003-12-16 00:00,404.5,412.5,404.5,409.7
2003-12-17 00:00,410.6,410.6,403.15,407.5
2003-12-18 00:00,408.1,412.35,408.1,410.75
2003-12-19 00:00,411.15,411.15,407.15,408.75
2003-12-22 00:00,409.55,411.8,409.55,410.8
2003-12-23 00:00,410.8,410.8,407.6,409.6
2003-12-29 00:00,410.5,414.7,410.5,413.5
2003-12-30 00:00,414.4,416.3,414.4,415.6
2003-12-31 00:00,416.5,419.55,416.05,417.25
2004-01-02 00:00,418.05,418.05,414.0,415.2
2004-01-05 00:00,416.1,418.65,411.05,417.75
2004-01-06 00:00,418.05,433.15,418.05,428.0
2004-01-07 00:00,428.9,428.9,418.85,420.65
2004-01-08 00:00,421.05,421.05,414.25,418.1
2004-01-09 00:00,419.0,424.0,417.35,422.8
2004-01-12 00:00,422.8,429.3,422.8,428.2
2004-01-13 00:00,428.5,428.5,423.5,424.5
2004-01-14 00:00,424.7,424.7,417.0,421.0
2004-01-15 00:00,421.6,423.75,414.8,415.5
2004-01-16 00:00,416.1,416.1,409.0,410.3
2004-01-19 00:00,411.1,411.3,405.8,407.1
2004-01-20 00:00,407.3,408.8,403.85,408.3
2004-01-21 00:00,408.7,411.55,407.55,411.25
2004-01-22 00:00,411.85,415.2,410.2,412.0
2004-01-23 00:00,412.2,415.25,409.9,411.4
2004-01-26 00:00,411.4,411.4,405.8,406.2
2004-01-27 00:00,407.1,407.1,398.1,404.0
2004-01-28 00:00,404.5,410.9,404.5,410.7
2004-01-29 00:00,410.8,421.15,408.2,410.15
2004-01-30 00:00,410.85,410.85,397.8,401.3
2004-02-02 00:00,402.1,405.9,397.5,401.85
2004-02-03 00:00,402.65,405.8,400.95,401.75
2004-02-04 00:00,402.55,402.55,397.4,399.6
2004-02-05 00:00,400.3,401.8,398.3,399.3
2004-02-06 00:00,399.6,402.3,388.85,396.4
2004-02-09 00:00,397.0,407.2,397.0,406.7
2004-02-10 00:00,407.6,412.45,407.6,408.35
2004-02-11 00:00,408.65,408.65,401.55,406.4
2004-02-12 00:00,406.8,411.6,406.8,411.4
2004-02-13 00:00,412.4,419.3,408.4,412.1
2004-02-16 00:00,413.1,417.9,407.0,410.7
2004-02-17 00:00,411.1,414.2,410.4,413.7
2004-02-18 00:00,414.6,417.5,412.5,413.7
2004-02-19 00:00,414.1,414.1,408.5,410.2
2004-02-20 00:00,410.6,419.55,404.65,408.25
2004-02-23 00:00,409.25,409.25,398.65,399.85
2004-02-24 00:00,400.45,401.65,398.3,401.45
2004-02-25 00:00,402.35,410.85,400.25,403.4
2004-02-26 00:00,403.5,403.5,390.55,395.05
2004-03-01 00:00,395.65,403.9,395.65,400.0
2004-03-02 00:00,400.7,401.3,393.15,395.75
2004-03-03 00:00,396.75,396.75,386.05,390.5
2004-03-04 00:00,391.4,394.0,390.5,392.0
2004-03-05 00:00,392.4,399.65,390.7,399.25
2004-03-08 00:00,399.25,400.65,398.15,399.85
2004-03-09 00:00,400.25,403.4,397.55,401.5
2004-03-10 00:00,401.8,403.25,397.65,400.25
2004-03-11 00:00,400.65,402.8,398.5,402.3
2004-03-12 00:00,403.1,406.5,400.25,400.75
2004-03-15 00:00,401.25,401.25,396.7,399.0
2004-03-16 00:00,399.4,404.6,399.4,402.5
2004-03-17 00:00,403.0,403.15,397.7,402.75
2004-03-18 00:00,403.55,413.85,403.55,410.75
2004-03-19 00:00,410.85,412.9,408.4,412.0
2004-03-22 00:00,412.1,419.05,412.1,417.65
2004-03-23 00:00,418.25,418.25,411.05,415.2
2004-03-24 00:00,415.6,419.6,415.1,417.6
2004-03-25 00:00,418.3,418.3,414.7,416.1
2004-03-26 00:00,416.3,423.3,416.3,421.5
2004-03-29 00:00,422.4,425.9,420.65,421.25
2004-03-30 00:00,421.85,421.85,417.7,420.0
2004-03-31 00:00,420.3,423.9,419.85,423.7
2004-04-01 00:00,424.3,431.45,424.3,427.25
2004-04-02 00:00,428.15,434.2,422.1,426.1
2004-04-05 00:00,427.1,427.1,415.9,417.7
2004-04-06 00:00,417.9,419.4,416.5,418.5
2004-04-07 00:00,418.9,420.4,413.85,419.0
2004-04-08 00:00,419.6,421.1,418.3,419.5
2004-04-13 00:00,420.3,420.3,405.7,407.9
2004-04-14 00:00,408.9,408.9,394.0,397.75
2004-04-15 00:00,398.65,400.65,395.85,398.25
2004-04-16 00:00,398.25,402.55,396.75,400.85
2004-04-19 00:00,401.15,406.7,401.15,403.1
2004-04-20 00:00,403.4,403.4,396.9,398.8
2004-04-21 00:00,399.1,399.1,392.35,392.75
2004-04-22 00:00,392.85,393.0,389.3,392.3
2004-04-23 00:00,392.7,394.9,392.2,394.5
2004-04-26 00:00,395.2,399.6,395.2,397.0
2004-04-27 00:00,397.5,397.5,393.5,396.25
2004-04-28 00:00,396.55,402.1,389.9,392.25
2004-04-29 00:00,392.95,392.95,379.9,386.0
2004-04-30 00:00,386.7,392.0,386.7,388.5
2004-05-04 00:00,389.1,393.05,389.1,391.25
2004-05-05 00:00,392.25,392.55,389.05,392.55
2004-05-06 00:00,393.45,393.45,386.1,387.5
2004-05-07 00:00,387.8,399.1,385.5,386.85
2004-05-10 00:00,387.45,387.45,368.4,375.0
2004-05-11 00:00,375.3,376.65,372.4,375.25
2004-05-12 00:00,375.75,388.8,375.75,382.2
2004-05-13 00:00,383.1,383.1,373.25,375.15
2004-05-14 00:00,375.85,377.2,373.1,376.5
2004-05-17 00:00,377.5,387.0,377.5,382.95
2004-05-18 00:00,383.15,383.15,377.3,377.7
2004-05-19 00:00,378.6,380.85,376.4,380.75
2004-05-20 00:00,381.55,382.7,379.2,379.5
2004-05-21 00:00,379.9,387.7,379.9,385.3
2004-05-24 00:00,385.9,385.9,382.5,384.0
2004-05-25 00:00,384.3,390.5,384.3,388.9
2004-05-26 00:00,389.8,393.45,388.95,389.65
2004-05-27 00:00,390.35,394.0,390.35,393.6
2004-06-01 00:00,394.2,401.8,394.2,397.2
2004-06-02 00:00,397.7,400.4,393.35,394.85
2004-06-03 00:00,395.75,395.75,389.75,390.35
2004-06-04 00:00,390.45,390.45,382.15,388.3
2004-06-07 00:00,388.6,394.15,388.6,393.45
2004-06-08 00:00,394.05,396.25,391.65,392.35
2004-06-09 00:00,392.85,392.85,385.45,386.85
2004-06-10 00:00,387.65,387.65,382.65,384.95
2004-06-11 00:00,385.35,386.65,382.55,384.85
2004-06-14 00:00,385.75,387.8,384.4,385.1
2004-06-15 00:00,385.4,387.8,380.85,386.5
2004-06-16 00:00,387.1,387.45,383.95,385.25
2004-06-17 00:00,386.25,386.25,382.25,386.0
2004-06-18 00:00,386.9,396.3,386.9,395.1
2004-06-21 00:00,395.3,398.65,394.05,395.25
2004-06-22 00:00,395.55,397.65,394.55,395.75
2004-06-23 00:00,396.55,396.55,391.9,393.9
2004-06-24 00:00,394.4,400.5,394.4,400.0
2004-06-25 00:00,400.3,402.2,399.8,401.5
2004-06-28 00:00,401.7,408.6,401.7,404.25
2004-06-29 00:00,404.55,404.55,392.6,394.4
2004-06-30 00:00,394.6,400.15,394.6,395.8
2004-07-01 00:00,396.6,396.6,391.8,394.5
2004-07-02 00:00,394.9,400.55,391.65,397.75
2004-07-05 00:00,397.85,401.05,392.15,398.25
2004-07-06 00:00,398.65,401.35,390.5,394.5
2004-07-07 00:00,394.7,398.65,392.5,397.35
2004-07-08 00:00,398.15,406.75,398.15,405.35
2004-07-09 00:00,406.15,407.2,405.3,406.5
2004-07-12 00:00,406.8,406.8,403.95,406.35
2004-07-13 00:00,406.95,406.95,399.4,400.9
2004-07-14 00:00,401.9,405.0,401.2,403.8
2004-07-15 00:00,404.7,405.05,400.55,403.15
2004-07-16 00:00,404.05,404.45,400.6,403.15
2004-07-19 00:00,403.25,407.75,403.25,406.35
2004-07-20 00:00,407.35,407.35,397.6,400.0
2004-07-21 00:00,400.1,403.1,396.2,398.5
2004-07-22 00:00,399.2,401.3,397.45,397.75
2004-07-23 00:00,397.95,397.95,389.75,392.85
2004-07-26 00:00,393.25,393.25,389.95,390.75
2004-07-27 00:00,391.45,395.05,388.55,389.85
2004-07-28 00:00,390.25,390.25,383.05,386.2
2004-07-29 00:00,386.2,390.4,385.0,387.3
2004-07-30 00:00,387.9,388.5,384.95,387.3
2004-08-02 00:00,387.8,392.9,387.8,391.5
2004-08-03 00:00,392.0,392.0,385.4,390.6
2004-08-04 00:00,390.8,391.7,388.8,390.5
2004-08-05 00:00,390.6,391.05,389.2,390.85
2004-08-06 00:00,391.85,400.9,391.05,399.0
2004-08-09 00:00,399.8,399.8,396.35,399.0
2004-08-10 00:00,399.3,400.6,398.4,399.5
2004-08-11 00:00,400.3,400.3,391.3,393.85
2004-08-12 00:00,394.65,398.75,394.35,394.85
2004-08-13 00:00,395.85,397.55,391.1,396.75
2004-08-16 00:00,397.65,402.75,397.2,401.65
2004-08-17 00:00,402.25,402.3,397.25,401.3
2004-08-18 00:00,402.1,403.45,399.7,402.45
2004-08-19 00:00,402.65,403.55,401.75,402.45
2004-08-20 00:00,403.15,403.7,394.8,402.45
2004-08-23 00:00,403.45,403.9,400.7,402.45
2004-08-24 00:00,402.85,407.5,402.05,402.45
2004-08-25 00:00,402.85,405.9,402.55,405.5
2004-08-26 00:00,405.8,405.8,399.5,402.45
2004-08-27 00:00,403.25,410.4,403.0,405.1
2004-08-31 00:00,405.2,408.15,403.9,407.25
2004-09-01 00:00,407.75,409.05,405.95,407.65
2004-09-02 00:00,407.95,408.8,405.9,406.1
2004-09-03 00:00,406.8,407.25,399.65,401.15
2004-09-06 00:00,401.45,407.7,400.1,401.6
2004-09-07 00:00,402.3,402.3,397.4,398.1
2004-09-08 00:00,398.3,398.3,391.85,396.3
2004-09-09 00:00,396.8,400.35,396.8,399.25
2004-09-10 00:00,400.05,402.45,398.6,401.35
2004-09-13 00:00,402.15,402.15,394.3,399.3
2004-09-14 00:00,399.7,405.0,399.7,403.5
2004-09-15 00:00,404.3,405.0,402.7,404.8
2004-09-16 00:00,405.1,405.7,402.1,404.4
2004-09-17 00:00,404.5,407.1,403.1,405.7
2004-09-20 00:00,406.5,406.5,402.6,404.3
2004-09-21 00:00,404.3,410.4,404.3,408.5
2004-09-22 00:00,409.3,409.3,402.2,405.35
2004-09-23 00:00,406.25,412.9,406.25,411.5
2004-09-24 00:00,412.4,413.45,408.25,409.45
2004-09-27 00:00,410.35,410.5,408.4,409.2
2004-09-28 00:00,410.1,412.4,410.1,411.7
2004-09-29 00:00,412.3,413.05,410.15,411.55
2004-09-30 00:00,412.35,416.05,412.1,415.65
2004-10-01 00:00,415.95,418.2,415.4,418.1
2004-10-04 00:00,418.1,418.1,410.3,412.55
2004-10-05 00:00,413.25,415.95,411.2,414.25
2004-10-06 00:00,415.15,420.15,415.15,418.45
2004-10-07 00:00,418.95,420.3,417.4,418.1
2004-10-08 00:00,418.4,423.25,416.4,421.75
2004-10-11 00:00,422.75,422.8,420.8,421.7
2004-10-12 00:00,421.9,421.9,412.3,414.7
2004-10-13 00:00,414.8,414.8,410.6,414.7
2004-10-14 00:00,415.7,415.7,410.85,414.7
2004-10-15 00:00,414.8,423.3,414.8,420.4
2004-10-18 00:00,420.8,423.2,419.0,419.1
2004-10-19 00:00,419.4,419.95,415.6,419.35
2004-10-20 00:00,419.35,426.1,419.35,423.6
2004-10-21 00:00,423.9,423.9,419.9,422.5
2004-10-22 00:00,423.2,425.1,421.8,424.1
2004-10-25 00:00,424.8,430.3,423.3,428.4
2004-10-26 00:00,428.5,428.8,424.4,426.2
2004-10-27 00:00,426.4,428.8,423.1,424.3
2004-10-28 00:00,424.7,427.1,420.3,423.6
2004-10-29 00:00,424.4,428.7,423.7,428.1
2004-11-01 00:00,429.0,430.3,425.7,426.9
2004-11-02 00:00,427.2,427.2,416.9,419.7
2004-11-03 00:00,420.2,425.4,418.8,424.3
2004-11-04 00:00,424.6,432.7,424.2,429.6
2004-11-05 00:00,429.7,433.7,424.4,433.2
2004-11-08 00:00,433.1,434.9,430.8,432.3
2004-11-09 00:00,432.2,436.6,431.1,435.2
2004-11-10 00:00,435.3,437.9,432.2,433.6
2004-11-11 00:00,433.7,435.4,431.4,434.4
2004-11-12 00:00,434.5,438.7,433.9,437.4
2004-11-15 00:00,437.4,440.0,435.6,436.5
2004-11-16 00:00,435.8,440.9,435.7,439.7
2004-11-17 00:00,439.8,444.9,438.8,444.4
2004-11-18 00:00,444.0,445.9,439.8,442.6
2004-11-19 00:00,442.1,448.2,441.3,446.6
2004-11-22 00:00,446.0,448.8,445.6,448.6
2004-11-23 00:00,448.5,449.4,445.5,447.6
2004-11-24 00:00,447.7,449.6,446.9,449.3
2004-11-25 00:00,449.1,452.5,448.6,451.3
2004-11-26 00:00,451.4,454.9,449.1,451.5
2004-11-29 00:00,451.5,454.6,449.0,453.5
2004-11-30 00:00,452.3,454.0,447.6,450.9
2004-12-01 00:00,451.0,455.5,449.9,453.7
2004-12-02 00:00,454.0,456.5,446.7,449.7
2004-12-03 00:00,448.3,456.0,447.7,455.6
2004-12-06 00:00,455.6,456.0,450.8,453.7
2004-12-07 00:00,451.4,454.8,450.8,450.8
2004-12-08 00:00,449.9,450.4,433.2,436.9
2004-12-09 00:00,439.9,441.0,432.1,437.1
2004-12-10 00:00,437.2,437.2,431.4,433.4
2004-12-13 00:00,433.8,439.7,433.8,438.7
2004-12-14 00:00,438.8,439.6,434.7,435.3
2004-12-15 00:00,435.6,441.2,434.8,440.3
2004-12-16 00:00,440.4,442.5,435.5,436.4
2004-12-17 00:00,436.6,441.9,436.5,440.5
2004-12-20 00:00,441.1,443.9,440.5,441.8
2004-12-21 00:00,442.2,443.2,440.1,441.2
2004-12-22 00:00,441.0,442.3,438.5,439.7
2004-12-23 00:00,439.1,442.3,439.1,441.2
2004-12-24 00:00,441.5,442.9,441.0,442.1
2004-12-27 00:00,442.2,445.2,441.2,444.5
2004-12-28 00:00,444.6,445.0,442.6,443.7
2004-12-29 00:00,443.8,444.0,433.3,435.7
2004-12-30 00:00,435.9,438.5,433.6,436.9
2004-12-31 00:00,437.0,438.7,436.7,437.9
2005-01-03 00:00,437.9,438.0,426.6,428.5
2005-01-04 00:00,429.0,429.6,425.0,427.1
2005-01-05 00:00,425.4,428.1,425.0,425.9
2005-01-06 00:00,426.4,427.2,420.2,421.4
2005-01-07 00:00,421.3,425.0,416.5,418.5
2005-01-10 00:00,418.6,421.5,418.5,418.6
2005-01-11 00:00,419.6,422.6,419.1,421.7
2005-01-12 00:00,422.0,427.6,420.4,425.7
2005-01-13 00:00,425.8,426.8,423.0,424.3
2005-01-14 00:00,424.9,425.1,420.2,422.5
2005-01-17 00:00,422.8,423.1,420.8,422.0
2005-01-18 00:00,422.1,423.8,421.0,422.9
2005-01-19 00:00,422.6,426.7,422.0,422.7
2005-01-20 00:00,422.4,422.8,419.8,422.2
2005-01-21 00:00,421.6,428.1,420.7,426.3
2005-01-24 00:00,426.8,427.8,426.2,426.8
2005-01-25 00:00,426.6,427.6,420.8,421.8
2005-01-26 00:00,422.0,427.5,421.0,426.7
2005-01-27 00:00,426.1,427.8,423.7,426.0
2005-01-28 00:00,426.1,427.5,423.9,425.9
2005-01-31 00:00,426.0,426.0,419.3,421.9
2005-02-01 00:00,422.1,422.1,419.1,420.5
2005-02-02 00:00,420.7,422.4,419.8,420.7
2005-02-03 00:00,421.4,421.5,414.4,416.6
2005-02-04 00:00,416.8,417.6,413.7,414.0
2005-02-07 00:00,414.3,415.9,412.4,413.6
2005-02-08 00:00,413.1,414.0,410.5,412.4
2005-02-09 00:00,412.2,413.3,410.3,412.8
2005-02-10 00:00,413.2,418.3,411.6,417.2
2005-02-11 00:00,417.1,421.8,416.1,420.6
2005-02-14 00:00,420.5,426.0,420.3,425.8
2005-02-15 00:00,424.8,426.8,423.3,424.8
2005-02-16 00:00,425.0,425.5,421.8,425.2
2005-02-17 00:00,424.6,428.3,423.9,427.0
2005-02-18 00:00,426.6,427.9,425.5,426.8
2005-02-21 00:00,426.8,427.4,425.8,426.9
2005-02-22 00:00,426.7,434.7,425.9,434.2
2005-02-23 00:00,434.6,435.4,431.3,434.5
2005-02-24 00:00,433.5,436.4,431.8,434.1
2005-02-25 00:00,432.9,435.4,430.9,434.5
2005-02-28 00:00,434.8,437.6,434.3,435.9
2005-03-01 00:00,435.0,435.4,430.5,432.3
2005-03-02 00:00,432.4,433.7,428.4,432.2
2005-03-03 00:00,432.4,433.2,428.8,429.3
2005-03-04 00:00,429.1,435.0,428.9,433.7
2005-03-07 00:00,433.9,435.2,431.9,434.4
2005-03-08 00:00,434.5,439.9,433.9,439.7
2005-03-09 00:00,440.0,442.3,438.7,441.5
2005-03-10 00:00,439.6,442.6,439.5,442.2
2005-03-11 00:00,442.1,447.0,439.9,445.5
2005-03-14 00:00,445.6,445.6,439.6,440.5
2005-03-15 00:00,440.4,443.8,439.3,440.0
2005-03-16 00:00,440.2,443.7,439.4,443.1
2005-03-17 00:00,443.2,443.7,437.1,438.3
2005-03-18 00:00,438.2,439.8,435.2,438.9
2005-03-21 00:00,438.9,438.9,428.7,430.7
2005-03-22 00:00,430.8,432.3,429.5,431.0
2005-03-23 00:00,426.3,428.3,424.1,424.5
2005-03-24 00:00,425.1,426.3,424.0,424.3
2005-03-28 00:00,425.0,426.2,423.1,425.6
2005-03-29 00:00,425.9,427.7,425.3,425.9
2005-03-30 00:00,425.8,427.9,425.4,427.6
2005-03-31 00:00,425.7,428.7,425.7,427.9
2005-04-01 00:00,428.0,428.2,426.9,428.0
2005-04-04 00:00,425.8,426.4,422.3,423.2
2005-04-05 00:00,423.9,425.4,422.4,424.0
2005-04-06 00:00,424.4,427.1,423.8,426.8
2005-04-07 00:00,426.2,428.2,425.2,425.9
2005-04-08 00:00,425.4,427.1,424.3,426.4
2005-04-11 00:00,426.6,429.4,425.8,428.0
2005-04-12 00:00,428.3,430.2,426.1,427.0
2005-04-13 00:00,428.0,429.3,426.8,428.8
2005-04-14 00:00,428.7,429.0,421.6,422.9
2005-04-15 00:00,423.3,425.7,422.2,424.4
2005-04-18 00:00,424.5,427.8,422.9,427.0
2005-04-19 00:00,426.9,433.2,426.2,432.4
2005-04-20 00:00,433.2,435.4,431.2,434.7
2005-04-21 00:00,434.0,434.9,431.7,432.5
2005-04-22 00:00,432.2,435.1,431.7,433.7
2005-04-25 00:00,434.2,434.5,432.2,434.0
2005-04-26 00:00,434.1,437.3,434.0,437.1
2005-04-27 00:00,436.8,436.9,431.6,432.3
2005-04-28 00:00,432.5,433.6,430.4,430.6
2005-04-29 00:00,431.2,436.5,430.7,434.5
2005-05-02 00:00,434.5,434.6,428.4,429.4
2005-05-03 00:00,428.8,429.7,425.9,426.5
2005-05-04 00:00,426.6,429.6,426.4,428.0
2005-05-05 00:00,429.9,431.2,427.8,429.5
2005-05-06 00:00,429.8,430.9,423.6,425.8
2005-05-09 00:00,425.8,426.3,424.4,425.8
2005-05-10 00:00,425.9,427.8,425.8,426.9
2005-05-11 00:00,426.3,428.3,425.2,427.1
2005-05-12 00:00,426.9,427.1,420.2,421.2
2005-05-13 00:00,421.4,422.1,418.4,419.9
2005-05-16 00:00,420.0,420.4,418.0,418.7
2005-05-17 00:00,419.3,421.0,419.1,419.5
2005-05-18 00:00,418.7,421.5,418.6,421.1
2005-05-19 00:00,421.3,422.9,419.1,420.4
2005-05-20 00:00,420.1,420.9,416.3,417.3
2005-05-23 00:00,417.3,418.2,416.4,416.8
2005-05-24 00:00,417.1,419.0,415.9,417.3
2005-05-25 00:00,417.6,418.7,416.8,418.5
2005-05-26 00:00,418.9,419.8,416.7,417.5
2005-05-27 00:00,417.3,420.1,417.3,420.0
2005-05-30 00:00,420.1,420.1,417.7,418.1
2005-05-31 00:00,418.4,418.4,413.5,416.4
2005-06-01 00:00,416.6,417.5,414.3,415.2
2005-06-02 00:00,414.7,423.2,414.7,422.4
2005-06-03 00:00,421.3,424.6,421.3,423.4
2005-06-06 00:00,422.1,427.1,422.1,425.9
2005-06-07 00:00,425.8,427.1,423.9,424.3
2005-06-08 00:00,424.6,426.2,424.0,424.3
2005-06-09 00:00,423.1,424.8,420.9,423.4
2005-06-10 00:00,423.3,428.0,421.9,427.0
2005-06-13 00:00,426.6,430.3,423.8,428.8
2005-06-14 00:00,428.7,428.8,426.1,427.0
2005-06-15 00:00,426.7,429.6,425.7,428.5
2005-06-16 00:00,428.6,436.4,427.9,435.6
2005-06-17 00:00,435.2,439.0,432.0,437.7
2005-06-20 00:00,437.2,440.9,437.1,437.7
2005-06-21 00:00,437.3,438.3,433.6,438.2
2005-06-22 00:00,438.3,438.7,435.9,437.5
2005-06-23 00:00,437.8,442.1,435.5,441.2
2005-06-24 00:00,441.0,443.3,438.0,440.0
2005-06-27 00:00,439.5,440.1,438.2,439.7
2005-06-28 00:00,439.4,439.7,435.4,435.8
2005-06-29 00:00,435.5,437.7,433.7,436.7
2005-06-30 00:00,436.9,438.6,434.7,434.7
2005-07-01 00:00,434.4,436.0,426.5,426.8
2005-07-04 00:00,427.2,427.7,426.0,427.2
2005-07-05 00:00,427.1,427.2,421.2,422.5
2005-07-06 00:00,422.4,424.5,422.4,423.1
2005-07-07 00:00,423.2,428.6,421.7,422.9
2005-07-08 00:00,423.0,424.7,421.5,422.6
2005-07-11 00:00,422.6,426.3,422.6,425.1
2005-07-12 00:00,425.8,427.2,424.6,426.0
2005-07-13 00:00,426.3,426.8,423.2,423.8
2005-07-14 00:00,423.6,424.4,418.7,419.5
2005-07-15 00:00,419.3,421.1,417.7,420.8
2005-07-18 00:00,421.2,422.4,419.8,420.4
2005-07-19 00:00,420.7,421.9,418.6,419.7
2005-07-20 00:00,419.6,423.0,419.6,421.9
2005-07-21 00:00,422.7,425.6,422.5,425.1
2005-07-22 00:00,425.5,426.6,424.0,424.6
2005-07-25 00:00,424.6,426.2,424.1,425.7
2005-07-26 00:00,425.6,425.6,422.2,423.2
2005-07-27 00:00,422.8,425.5,421.5,424.5
2005-07-28 00:00,424.1,429.0,423.9,427.5
2005-07-29 00:00,427.4,430.5,426.6,429.7
2005-08-01 00:00,429.4,432.3,428.7,431.7
2005-08-02 00:00,431.2,433.0,430.7,431.9
2005-08-03 00:00,431.5,437.2,430.6,436.8
2005-08-04 00:00,436.4,439.1,435.2,437.8
2005-08-05 00:00,437.0,438.9,436.7,437.0
2005-08-08 00:00,436.9,437.5,434.0,434.5
2005-08-09 00:00,434.8,435.55,432.6,434.0
2005-08-10 00:00,434.7,436.9,434.1,436.3
2005-08-11 00:00,436.9,447.12,436.9,445.2
2005-08-12 00:00,446.5,449.49,443.6,446.4
2005-08-15 00:00,445.8,445.8,440.7,441.6
2005-08-16 00:00,442.1,446.3,440.2,446.0
2005-08-17 00:00,445.5,445.93,438.2,439.7
2005-08-18 00:00,439.9,442.3,437.65,439.4
2005-08-19 00:00,438.6,440.35,435.6,436.9
2005-08-22 00:00,435.8,440.4,435.7,437.9
2005-08-23 00:00,437.7,440.18,437.5,439.0
2005-08-24 00:00,439.1,440.6,435.5,437.3
2005-08-25 00:00,437.4,439.6,436.9,438.1
2005-08-26 00:00,438.0,439.9,435.9,437.1
2005-08-29 00:00,437.1,440.7,436.3,436.5
2005-08-30 00:00,436.3,436.8,429.0,430.9
2005-08-31 00:00,431.05,434.4,430.7,433.8
2005-09-01 00:00,434.9,445.2,434.5,442.1
2005-09-02 00:00,442.0,446.87,441.5,444.1
2005-09-05 00:00,444.1,446.43,443.9,444.9
2005-09-06 00:00,444.95,446.03,442.6,444.2
2005-09-07 00:00,444.3,445.9,442.9,444.7
2005-09-08 00:00,444.5,449.7,443.6,446.5
2005-09-09 00:00,446.4,449.4,445.6,448.7
2005-09-12 00:00,448.8,451.5,447.08,449.5
2005-09-13 00:00,449.0,449.4,444.4,445.9
2005-09-14 00:00,445.8,450.3,445.8,449.6
2005-09-15 00:00,449.5,455.64,448.3,455.2
2005-09-16 00:00,455.03,460.05,453.8,459.2
2005-09-19 00:00,459.2,468.4,458.1,465.6
2005-09-20 00:00,463.5,470.8,463.4,465.9
2005-09-21 00:00,464.7,469.4,463.6,468.6
2005-09-22 00:00,472.1,475.2,463.18,466.5
2005-09-23 00:00,465.1,466.4,460.7,463.4
2005-09-26 00:00,463.4,466.93,458.87,466.2
2005-09-27 00:00,465.9,466.2,457.6,462.5
2005-09-28 00:00,462.4,470.3,460.9,469.4
2005-09-29 00:00,468.9,473.6,467.9,472.2
2005-09-30 00:00,471.6,474.4,467.6,468.5
2005-10-03 00:00,468.7,468.7,463.7,465.8
2005-10-04 00:00,464.9,469.3,464.2,465.9
2005-10-05 00:00,465.8,466.8,462.9,465.9
2005-10-06 00:00,464.6,472.6,464.1,471.7
2005-10-07 00:00,473.0,475.7,469.8,474.4
2005-10-10 00:00,474.3,478.64,472.0,474.8
2005-10-11 00:00,474.7,478.3,474.2,476.6
2005-10-12 00:00,475.3,480.04,471.3,473.5
2005-10-13 00:00,471.5,474.06,467.5,470.9
2005-10-14 00:00,471.3,471.7,465.5,468.8
2005-10-17 00:00,469.1,475.3,468.9,473.5
2005-10-18 00:00,473.6,474.37,470.2,471.9
2005-10-19 00:00,471.3,471.41,461.6,463.2
2005-10-20 00:00,464.1,464.9,459.6,461.0
2005-10-21 00:00,460.9,467.2,460.3,466.7
2005-10-24 00:00,466.5,468.47,462.8,464.55
2005-10-25 00:00,465.1,473.4,464.0,472.1
2005-10-26 00:00,472.2,473.7,470.4,470.88
2005-10-27 00:00,470.2,475.6,469.8,473.3
2005-10-28 00:00,473.38,474.4,469.3,472.7
2005-10-31 00:00,472.7,472.9,464.7,465.13
2005-11-01 00:00,465.4,466.52,457.8,458.7
2005-11-02 00:00,459.4,463.72,459.4,462.68
2005-11-03 00:00,462.8,464.98,458.7,460.2
2005-11-04 00:00,460.9,464.2,454.8,455.85
2005-11-07 00:00,456.4,459.2,455.9,459.0
2005-11-08 00:00,458.9,462.34,456.4,461.13
2005-11-09 00:00,460.2,467.7,460.1,466.3
2005-11-10 00:00,466.6,469.7,465.1,466.5
2005-11-11 00:00,465.9,468.8,464.6,468.2
2005-11-14 00:00,468.2,470.55,466.4,467.9
2005-11-15 00:00,467.53,469.8,466.2,467.78
2005-11-16 00:00,468.8,478.38,468.0,478.23
2005-11-17 00:00,479.0,486.7,477.5,485.9
2005-11-18 00:00,485.2,488.6,483.5,485.3
2005-11-21 00:00,485.3,489.7,484.4,488.93
2005-11-22 00:00,491.2,495.23,489.48,492.2
2005-11-23 00:00,492.48,492.53,487.2,491.5
2005-11-24 00:00,491.6,494.5,491.6,493.1
2005-11-25 00:00,493.0,496.7,493.0,495.5
2005-11-28 00:00,495.5,498.73,493.1,498.53
2005-11-29 00:00,498.63,502.31,494.5,499.1
2005-11-30 00:00,499.31,499.34,491.7,494.2
2005-12-01 00:00,491.5,502.73,490.5,502.3
2005-12-02 00:00,505.2,506.3,499.35,502.9
2005-12-05 00:00,502.9,509.1,502.9,508.5
2005-12-06 00:00,508.9,510.7,503.8,510.5
2005-12-07 00:00,509.6,516.48,508.4,513.8
2005-12-08 00:00,514.14,520.1,512.7,518.85
2005-12-09 00:00,520.2,530.5,519.4,525.7
2005-12-12 00:00,526.4,540.9,526.3,527.7
2005-12-13 00:00,526.7,529.1,519.3,520.5
2005-12-14 00:00,514.6,516.0,505.1,506.0
2005-12-15 00:00,503.1,509.23,499.6,503.1
2005-12-16 00:00,498.2,507.2,492.8,502.6
2005-12-19 00:00,502.6,508.94,501.3,503.7
2005-12-20 00:00,503.45,508.0,493.5,493.8
2005-12-21 00:00,492.7,495.0,489.6,492.4
2005-12-22 00:00,494.85,504.5,493.1,502.2
2005-12-23 00:00,503.5,506.1,499.5,502.4
2005-12-27 00:00,502.5,508.18,502.4,507.4
2005-12-28 00:00,508.2,517.7,507.9,513.6
2005-12-29 00:00,516.05,517.53,510.5,515.0
2005-12-30 00:00,514.0,517.2,512.6,516.5
2006-01-03 00:00,516.4,530.6,516.4,530.6
2006-01-04 00:00,533.4,535.33,525.0,533.3
2006-01-05 00:00,534.3,534.3,522.5,525.6
2006-01-06 00:00,524.2,539.8,522.7,539.45
2006-01-09 00:00,539.2,550.45,535.0,550.1
2006-01-10 00:00,548.4,548.4,539.3,543.95
2006-01-11 00:00,541.4,549.2,539.2,549.2
2006-01-12 00:00,549.0,549.5,542.1,547.4
2006-01-13 00:00,544.9,557.5,544.2,555.5
2006-01-16 00:00,555.5,562.03,555.28,561.6
2006-01-17 00:00,561.5,564.11,551.5,553.25
2006-01-18 00:00,555.2,557.08,542.4,543.4
2006-01-19 00:00,539.9,558.8,539.0,558.55
2006-01-20 00:00,560.05,567.8,551.8,553.0
2006-01-23 00:00,553.2,560.2,550.9,558.0
2006-01-24 00:00,558.9,559.75,552.8,558.1
2006-01-25 00:00,558.28,566.4,556.2,562.48
2006-01-26 00:00,561.9,563.08,554.0,559.1
2006-01-27 00:00,558.78,564.5,555.1,558.75
2006-01-30 00:00,558.9,566.7,557.7,566.3
2006-01-31 00:00,566.35,572.32,565.5,570.1
2006-02-01 00:00,569.1,571.6,563.0,569.1
2006-02-02 00:00,568.3,575.03,567.1,570.6
2006-02-03 00:00,572.1,573.65,565.7,566.8
2006-02-06 00:00,567.0,573.6,567.0,569.9
2006-02-07 00:00,568.4,570.82,549.7,550.4
2006-02-08 00:00,548.9,552.73,544.73,549.4
2006-02-09 00:00,550.9,565.82,550.9,565.7
2006-02-10 00:00,567.0,568.63,546.5,549.9
2006-02-13 00:00,549.8,551.5,538.1,538.3
2006-02-14 00:00,538.29,547.32,534.4,545.5
2006-02-15 00:00,547.1,547.6,535.6,539.3
2006-02-16 00:00,538.3,546.0,535.2,545.7
2006-02-17 00:00,547.95,554.2,543.6,551.6
2006-02-20 00:00,552.3,556.4,551.7,555.6
2006-02-21 00:00,555.5,556.23,551.0,553.7
2006-02-22 00:00,553.3,554.7,547.1,553.25
2006-02-23 00:00,554.3,554.65,547.7,549.0
2006-02-24 00:00,548.0,559.2,546.7,558.4
2006-02-27 00:00,558.4,558.5,552.1,554.3
2006-02-28 00:00,553.25,561.9,552.4,561.3
2006-03-01 00:00,563.0,566.5,559.8,563.3
2006-03-02 00:00,562.0,569.93,561.2,569.5
2006-03-03 00:00,568.9,570.2,563.7,565.9
2006-03-06 00:00,564.9,568.1,551.8,554.35
2006-03-07 00:00,553.9,558.0,548.4,552.4
2006-03-08 00:00,552.6,553.78,538.2,542.9
2006-03-09 00:00,543.13,550.43,539.2,545.5
2006-03-10 00:00,545.6,546.83,533.7,539.8
2006-03-13 00:00,540.3,546.6,540.0,546.0
2006-03-14 00:00,545.25,552.1,542.4,551.5
2006-03-15 00:00,550.6,556.9,549.9,552.7
2006-03-16 00:00,552.45,556.48,547.0,554.72
2006-03-17 00:00,554.56,557.4,551.8,554.0
2006-03-20 00:00,553.5,556.2,549.9,555.1
2006-03-21 00:00,553.8,554.8,546.9,552.0
2006-03-22 00:00,551.9,553.3,546.7,550.8
2006-03-23 00:00,550.3,551.0,544.2,550.4
2006-03-24 00:00,549.5,560.9,548.4,559.85
2006-03-27 00:00,559.9,568.4,558.1,566.7
2006-03-28 00:00,567.1,569.3,563.0,566.6
2006-03-29 00:00,563.6,572.78,559.7,572.17
2006-03-30 00:00,573.0,586.2,571.0,585.0
2006-03-31 00:00,587.7,588.7,578.7,580.9
2006-04-03 00:00,582.73,591.5,581.5,588.8
2006-04-04 00:00,588.1,589.8,584.2,585.7
2006-04-05 00:00,585.3,589.65,581.3,587.4
2006-04-06 00:00,588.0,596.63,586.8,594.5
2006-04-07 00:00,594.9,598.04,584.6,587.8
2006-04-10 00:00,590.5,598.3,589.73,597.9
2006-04-11 00:00,599.65,603.78,592.9,594.8
2006-04-12 00:00,593.8,599.85,593.1,597.4
2006-04-13 00:00,597.85,598.3,590.23,595.9
2006-04-17 00:00,599.0,615.2,599.0,614.6
2006-04-18 00:00,613.2,620.3,612.0,620.3
2006-04-19 00:00,621.5,635.2,620.8,634.8
2006-04-20 00:00,638.8,645.63,609.0,617.3
2006-04-21 00:00,612.65,635.23,609.3,635.23
2006-04-24 00:00,633.3,639.0,618.6,620.3
2006-04-25 00:00,619.95,634.7,617.45,630.6
2006-04-26 00:00,628.7,640.05,627.9,638.5
2006-04-27 00:00,639.6,643.4,625.4,633.6
2006-04-28 00:00,633.5,655.5,633.3,649.95
2006-05-01 00:00,653.55,661.1,651.3,658.2
2006-05-02 00:00,653.9,666.88,652.5,664.8
2006-05-03 00:00,668.4,677.3,658.5,665.45
2006-05-04 00:00,663.2,676.9,660.2,674.1
2006-05-05 00:00,679.0,684.55,675.0,682.1
2006-05-08 00:00,681.7,685.95,671.25,677.5
2006-05-09 00:00,680.3,700.2,677.5,699.8
2006-05-10 00:00,700.2,704.7,693.9,702.5
2006-05-11 00:00,707.1,726.0,704.3,720.3
2006-05-12 00:00,712.9,730.0,707.8,709.9
2006-05-15 00:00,713.9,719.85,678.1,680.9
2006-05-16 00:00,678.55,692.6,674.25,692.6
2006-05-17 00:00,686.3,715.8,684.6,687.1
2006-05-18 00:00,687.2,694.3,678.0,679.5
2006-05-19 00:00,682.8,688.43,650.9,658.33
2006-05-22 00:00,657.0,660.8,636.1,656.2
2006-05-23 00:00,657.3,674.1,650.8,674.0
2006-05-24 00:00,665.2,669.8,635.6,638.3
2006-05-25 00:00,642.6,650.3,638.8,648.58
2006-05-26 00:00,650.8,654.95,641.8,651.8
2006-05-30 00:00,650.8,664.8,648.2,654.25
2006-05-31 00:00,652.55,659.3,639.1,644.0
2006-06-01 00:00,642.3,645.15,620.6,627.7
2006-06-02 00:00,627.9,638.4,618.55,635.3
2006-06-05 00:00,637.5,645.15,636.9,643.2
2006-06-06 00:00,634.8,639.0,625.3,629.3
2006-06-07 00:00,629.8,629.9,616.6,627.6
2006-06-08 00:00,626.6,626.95,607.7,610.5
2006-06-09 00:00,613.6,617.2,603.8,606.95
2006-06-12 00:00,605.25,611.2,602.5,606.6
2006-06-13 00:00,604.6,604.6,561.2,562.75
2006-06-14 00:00,564.4,570.8,542.4,557.77
2006-06-15 00:00,559.4,576.2,553.52,567.9
2006-06-16 00:00,574.35,584.6,566.5,581.0
2006-06-19 00:00,579.0,579.8,565.7,568.6
2006-06-20 00:00,564.0,577.3,560.7,575.1
2006-06-21 00:00,575.0,588.2,570.0,588.2
2006-06-22 00:00,588.8,594.8,580.05,580.4
2006-06-23 00:00,580.9,586.0,571.3,582.8
2006-06-26 00:00,583.3,586.8,577.3,584.55
2006-06-27 00:00,584.0,596.0,580.9,581.29
2006-06-28 00:00,579.6,586.35,576.8,579.05
2006-06-29 00:00,580.1,591.2,579.7,586.4
2006-06-30 00:00,598.6,615.5,596.6,614.1
2006-07-03 00:00,617.9,624.4,616.3,623.4
2006-07-04 00:00,623.3,623.7,616.5,621.3
2006-07-05 00:00,624.9,630.3,617.29,627.2
2006-07-06 00:00,627.0,634.7,622.4,633.6
2006-07-07 00:00,633.3,636.9,627.1,632.7
2006-07-10 00:00,628.9,632.1,620.0,623.3
2006-07-11 00:00,623.2,641.7,621.0,641.1
2006-07-12 00:00,641.2,655.12,638.8,648.1
2006-07-13 00:00,650.0,654.95,644.1,654.4
2006-07-14 00:00,665.05,667.6,658.8,666.5
2006-07-17 00:00,669.8,676.0,645.1,648.9
2006-07-18 00:00,643.2,654.2,627.6,628.8
2006-07-19 00:00,630.9,645.1,617.5,642.8
2006-07-20 00:00,643.4,645.3,629.0,632.0
2006-07-21 00:00,629.9,637.03,615.5,620.0
2006-07-24 00:00,618.2,620.0,601.9,611.4
2006-07-25 00:00,615.9,623.75,609.5,618.0
2006-07-26 00:00,619.0,622.68,613.1,621.8
2006-07-27 00:00,624.05,641.4,623.4,632.2
2006-07-28 00:00,633.2,638.0,626.1,634.4
2006-07-31 00:00,636.6,638.78,628.3,634.4
2006-08-01 00:00,635.7,647.2,630.3,646.6
2006-08-02 00:00,646.3,656.08,644.9,651.1
2006-08-03 00:00,650.6,652.55,638.5,644.7
2006-08-04 00:00,645.9,654.4,643.1,644.5
2006-08-07 00:00,644.9,651.8,644.9,646.3
2006-08-08 00:00,647.8,648.6,640.6,645.2
2006-08-09 00:00,640.7,655.0,635.1,650.84
2006-08-10 00:00,651.0,653.85,633.9,634.3
2006-08-11 00:00,636.8,644.3,625.98,632.61
2006-08-14 00:00,627.8,632.8,623.65,627.02
2006-08-15 00:00,626.1,628.3,620.4,622.28
2006-08-16 00:00,624.3,632.4,623.4,627.3
2006-08-17 00:00,628.8,631.85,613.8,614.3
2006-08-18 00:00,614.6,618.9,607.0,612.0
2006-08-21 00:00,614.4,627.77,613.2,626.4
2006-08-22 00:00,626.7,628.3,620.4,623.5
2006-08-23 00:00,623.75,629.5,621.1,623.4
2006-08-24 00:00,621.7,626.4,618.5,619.55
2006-08-25 00:00,619.8,624.0,617.3,622.75
2006-08-28 00:00,622.4,623.7,612.6,614.1
2006-08-29 00:00,613.15,617.6,607.1,611.7
2006-08-30 00:00,614.0,620.7,612.2,617.4
2006-08-31 00:00,618.1,626.3,617.6,625.1
2006-09-01 00:00,625.95,627.45,619.2,624.33
2006-09-04 00:00,625.4,627.45,624.5,625.9
2006-09-05 00:00,627.0,640.1,625.8,638.11
2006-09-06 00:00,639.1,640.1,632.7,634.1
2006-09-07 00:00,632.9,635.8,614.0,618.0
2006-09-08 00:00,617.2,619.03,605.8,610.1
2006-09-11 00:00,606.75,608.0,582.6,590.5
2006-09-12 00:00,589.9,599.6,583.9,586.15
2006-09-13 00:00,586.3,592.9,578.6,587.9
2006-09-14 00:00,589.7,594.95,577.48,577.88
2006-09-15 00:00,575.75,581.2,570.75,577.9
2006-09-18 00:00,582.7,587.8,578.0,586.3
2006-09-19 00:00,588.5,588.6,573.9,573.9
2006-09-20 00:00,573.0,586.1,572.2,580.6
2006-09-21 00:00,576.3,584.73,574.4,584.3
2006-09-22 00:00,584.4,592.4,584.1,588.5
2006-09-25 00:00,587.55,590.7,582.0,590.2
2006-09-26 00:00,589.95,593.4,586.0,590.2
2006-09-27 00:00,591.2,600.2,589.4,600.0
2006-09-28 00:00,602.4,606.7,600.3,605.0
2006-09-29 00:00,600.4,603.5,594.2,598.6
2006-10-02 00:00,598.5,603.65,596.7,597.55
2006-10-03 00:00,595.8,597.6,575.1,576.0
2006-10-04 00:00,574.5,581.0,559.4,563.55
2006-10-05 00:00,566.3,574.2,562.0,571.75
2006-10-06 00:00,572.5,573.88,560.5,572.95
2006-10-09 00:00,574.3,580.6,571.6,576.9
2006-10-10 00:00,576.2,580.6,568.9,573.0
2006-10-11 00:00,572.5,578.6,570.0,572.1
2006-10-12 00:00,572.95,578.1,570.8,576.0
2006-10-13 00:00,579.2,590.0,576.9,589.2
2006-10-16 00:00,592.5,595.8,589.5,595.4
2006-10-17 00:00,596.7,597.55,585.9,589.63
2006-10-18 00:00,588.9,595.2,587.1,587.1
2006-10-19 00:00,589.7,600.3,586.1,598.5
2006-10-20 00:00,599.1,602.3,591.2,592.2
2006-10-23 00:00,591.9,592.8,579.2,580.1
2006-10-24 00:00,581.3,585.15,573.3,584.0
2006-10-25 00:00,584.7,590.6,579.8,587.8
2006-10-26 00:00,591.3,598.1,589.7,594.9
2006-10-27 00:00,596.0,599.5,591.5,597.6
2006-10-30 00:00,598.4,610.5,598.3,604.2
2006-10-31 00:00,603.5,606.4,597.8,605.4
2006-11-01 00:00,606.3,618.85,605.1,618.68
2006-11-02 00:00,616.75,625.7,613.9,624.54
2006-11-03 00:00,624.1,628.98,617.0,627.1
2006-11-06 00:00,626.9,629.4,622.3,623.4
2006-11-07 00:00,624.1,629.1,621.63,626.5
2006-11-08 00:00,624.2,626.5,614.2,614.9
2006-11-09 00:00,615.8,635.2,614.7,634.6
2006-11-10 00:00,634.9,636.4,625.1,627.7
2006-11-13 00:00,628.15,632.45,620.2,625.1
2006-11-14 00:00,625.5,629.0,619.13,622.7
2006-11-15 00:00,621.4,624.55,615.0,623.0
2006-11-16 00:00,622.7,627.9,619.3,621.2
2006-11-17 00:00,618.1,622.2,614.6,621.3
2006-11-20 00:00,621.35,626.5,619.95,620.8
2006-11-21 00:00,622.9,628.7,621.7,627.9
2006-11-22 00:00,627.6,634.3,625.6,629.35
2006-11-23 00:00,629.2,631.45,628.0,630.5
2006-11-24 00:00,630.6,639.8,630.3,637.7
2006-11-27 00:00,638.6,641.55,636.5,641.4
2006-11-28 00:00,640.9,641.3,632.85,638.2
2006-11-29 00:00,639.0,640.3,634.5,635.7
2006-11-30 00:00,636.1,648.4,636.0,646.25
2006-12-01 00:00,646.6,649.35,643.3,645.75
2006-12-04 00:00,646.95,647.93,640.6,645.2
2006-12-05 00:00,645.4,648.55,638.2,643.3
2006-12-06 00:00,640.9,640.9,629.0,629.1
2006-12-07 00:00,629.8,632.3,624.95,631.2
2006-12-08 00:00,632.5,637.8,625.5,626.1
2006-12-11 00:00,624.4,630.4,622.8,629.25
2006-12-12 00:00,629.7,630.83,626.5,626.6
2006-12-13 00:00,629.38,630.1,623.25,627.75
2006-12-14 00:00,627.9,629.1,625.3,626.35
2006-12-15 00:00,625.3,628.75,614.1,615.0
2006-12-18 00:00,614.8,618.03,611.5,615.3
2006-12-19 00:00,616.5,622.38,614.8,621.8
2006-12-20 00:00,622.2,624.23,618.7,621.45
2006-12-21 00:00,620.75,622.2,617.7,618.0
2006-12-22 00:00,618.5,620.75,618.1,620.3
2006-12-26 00:00,623.59,629.4,622.5,623.9
2006-12-27 00:00,624.6,628.95,623.6,627.35
2006-12-28 00:00,626.2,635.3,626.2,633.5
2006-12-29 00:00,634.3,636.4,631.4,635.7
2007-01-02 00:00,636.2,640.8,635.7,639.8
2007-01-03 00:00,639.7,644.55,625.0,627.7
2007-01-04 00:00,626.8,630.25,623.8,624.08
2007-01-05 00:00,622.78,626.0,601.9,606.3
2007-01-08 00:00,607.9,609.5,604.3,607.4
2007-01-09 00:00,609.6,615.4,605.8,613.0
2007-01-10 00:00,612.8,613.05,606.3,611.8
2007-01-11 00:00,611.0,615.8,608.5,613.23
2007-01-12 00:00,611.8,627.25,609.5,625.9
2007-01-15 00:00,625.8,627.6,624.4,626.3
2007-01-16 00:00,626.2,628.0,622.85,623.6
2007-01-17 00:00,623.4,633.6,619.9,631.98
2007-01-18 00:00,632.88,636.1,626.7,627.1
2007-01-19 00:00,627.7,636.05,627.0,635.0
2007-01-22 00:00,635.25,639.4,631.7,632.9
2007-01-23 00:00,633.9,646.0,633.1,645.4
2007-01-24 00:00,646.18,648.23,638.9,647.6
2007-01-25 00:00,647.0,654.2,645.4,647.9
2007-01-26 00:00,645.5,647.73,640.6,644.4
2007-01-29 00:00,647.3,647.5,640.68,642.0
2007-01-30 00:00,642.3,646.0,640.5,644.73
2007-01-31 00:00,646.5,654.7,641.92,652.1
2007-02-01 00:00,651.9,661.0,651.4,657.6
2007-02-02 00:00,656.6,659.4,643.1,646.4
2007-02-05 00:00,648.2,651.9,645.8,650.15
2007-02-06 00:00,647.8,657.9,647.6,652.45
2007-02-07 00:00,653.0,656.2,651.5,651.75
2007-02-08 00:00,651.6,659.9,647.5,658.9
2007-02-09 00:00,660.1,668.3,656.6,667.3
2007-02-12 00:00,666.8,667.1,659.7,663.15
2007-02-13 00:00,661.0,668.8,660.3,663.55
2007-02-14 00:00,663.8,671.8,663.5,667.7
2007-02-15 00:00,668.9,670.3,662.6,667.8
2007-02-16 00:00,667.9,669.3,662.65,667.8
2007-02-19 00:00,668.2,673.13,667.1,670.4
2007-02-20 00:00,670.8,671.7,655.6,657.4
2007-02-21 00:00,659.4,682.1,656.6,678.0
2007-02-22 00:00,677.3,680.75,674.6,677.93
2007-02-23 00:00,674.8,687.8,672.4,681.7
2007-02-26 00:00,682.8,687.85,682.18,685.5
2007-02-27 00:00,686.2,688.5,674.1,676.5
2007-02-28 00:00,665.1,677.4,661.1,669.3
2007-03-01 00:00,673.4,677.15,661.8,663.95
2007-03-02 00:00,659.7,663.9,640.1,642.63
2007-03-05 00:00,642.83,644.65,633.2,638.3
2007-03-06 00:00,632.7,646.33,632.6,645.0
2007-03-07 00:00,647.5,651.4,642.75,650.15
2007-03-08 00:00,647.4,655.7,647.4,651.7
2007-03-09 00:00,652.2,657.55,647.9,647.9
2007-03-12 00:00,648.9,653.7,645.4,649.5
2007-03-13 00:00,649.1,651.73,642.8,644.0
2007-03-14 00:00,642.9,645.3,636.4,642.8
2007-03-15 00:00,644.75,649.7,643.8,646.0
2007-03-16 00:00,648.1,655.0,645.6,652.0
2007-03-19 00:00,653.7,656.0,651.6,653.3
2007-03-20 00:00,654.2,660.7,652.2,657.9
2007-03-21 00:00,658.55,662.8,656.7,662.3
2007-03-22 00:00,663.55,666.48,661.7,663.4
2007-03-23 00:00,663.0,664.2,655.1,657.1
2007-03-26 00:00,657.15,663.8,656.6,663.0
2007-03-27 00:00,663.4,665.3,661.3,662.1
2007-03-28 00:00,667.7,668.9,663.1,665.55
2007-03-29 00:00,664.8,665.7,655.4,660.75
2007-03-30 00:00,660.7,667.38,660.5,663.4
2007-04-02 00:00,664.35,665.9,656.5,664.65
2007-04-03 00:00,663.5,667.4,661.6,663.95
2007-04-04 00:00,664.1,675.03,663.1,672.6
2007-04-05 00:00,674.1,675.0,671.2,673.83
2007-04-09 00:00,673.2,677.45,669.9,672.0
2007-04-10 00:00,670.85,680.9,670.5,676.2
2007-04-11 00:00,677.05,680.25,674.0,675.7
2007-04-12 00:00,676.7,679.5,671.4,674.9
2007-04-13 00:00,676.55,685.1,675.6,684.1
2007-04-16 00:00,686.7,690.6,682.8,689.65
2007-04-17 00:00,689.63,690.65,685.9,686.8
2007-04-18 00:00,686.85,690.7,685.6,687.7
2007-04-19 00:00,689.7,691.5,678.7,682.7
2007-04-20 00:00,683.7,693.5,682.8,692.3
2007-04-23 00:00,693.23,693.8,686.7,690.3
2007-04-24 00:00,689.25,691.65,681.4,683.2
2007-04-25 00:00,684.7,686.1,681.9,683.9
2007-04-26 00:00,684.05,686.5,671.5,674.2
2007-04-27 00:00,674.4,680.1,670.8,680.1
2007-04-30 00:00,680.85,680.9,675.9,680.6
2007-05-01 00:00,678.0,678.9,671.95,674.25
2007-05-02 00:00,673.3,674.8,667.4,671.9
2007-05-03 00:00,672.23,682.03,671.5,680.7
2007-05-04 00:00,681.8,689.9,679.9,686.7
2007-05-07 00:00,688.54,690.1,686.4,688.0
2007-05-08 00:00,687.4,688.55,681.93,684.95
2007-05-09 00:00,684.9,686.4,675.9,680.1
2007-05-10 00:00,679.7,680.8,664.9,666.7
2007-05-11 00:00,665.4,672.3,664.2,670.5
2007-05-14 00:00,671.3,674.75,666.5,667.7
2007-05-15 00:00,669.1,673.3,664.6,672.6
2007-05-16 00:00,672.4,673.2,659.5,660.7
2007-05-17 00:00,661.6,664.1,654.8,657.0
2007-05-18 00:00,657.9,662.7,655.5,661.1
2007-05-21 00:00,663.0,663.53,656.8,662.68
2007-05-22 00:00,662.9,665.1,658.2,658.2
2007-05-23 00:00,658.95,664.0,657.2,660.9
2007-05-24 00:00,661.45,662.6,651.6,654.4
2007-05-25 00:00,653.7,656.65,653.1,654.7
2007-05-28 00:00,655.4,656.3,654.6,654.9
2007-05-29 00:00,654.7,661.7,654.3,656.3
2007-05-30 00:00,657.05,658.58,651.95,652.8
2007-05-31 00:00,653.6,661.4,653.4,660.5
2007-06-01 00:00,661.3,671.4,660.2,670.9
2007-06-04 00:00,671.0,673.75,668.53,670.5
2007-06-05 00:00,671.05,673.28,668.8,669.75
2007-06-06 00:00,669.9,671.9,664.8,668.5
2007-06-07 00:00,669.9,672.8,658.1,658.9
2007-06-08 00:00,658.55,661.28,643.9,647.2
2007-06-11 00:00,649.2,654.75,649.0,654.3
2007-06-12 00:00,653.0,654.45,646.2,649.95
2007-06-13 00:00,646.3,651.9,643.0,648.88
2007-06-14 00:00,651.35,653.73,645.95,651.6
2007-06-15 00:00,653.45,655.48,649.6,655.05
2007-06-18 00:00,656.0,659.05,654.55,656.2
2007-06-19 00:00,655.85,661.7,653.4,661.5
2007-06-20 00:00,661.2,661.7,656.0,656.0
2007-06-21 00:00,654.2,656.4,647.5,651.6
2007-06-22 00:00,651.8,656.1,650.2,653.0
2007-06-25 00:00,653.6,653.7,648.6,651.6
2007-06-26 00:00,650.8,651.7,640.5,643.0
2007-06-27 00:00,639.95,644.55,639.8,642.6
2007-06-28 00:00,643.1,649.4,642.5,648.4
2007-06-29 00:00,648.2,652.1,646.1,649.7
2007-07-02 00:00,650.85,658.5,648.4,656.9
2007-07-03 00:00,656.4,657.9,651.8,652.5
2007-07-04 00:00,653.0,654.83,652.7,653.6
2007-07-05 00:00,654.0,656.4,646.2,648.85
2007-07-06 00:00,648.75,654.59,644.9,653.5
2007-07-09 00:00,656.2,662.73,653.7,660.75
2007-07-10 00:00,660.05,664.7,658.53,662.8
2007-07-11 00:00,664.0,665.78,659.8,660.2
2007-07-12 00:00,661.35,669.0,660.6,667.1
2007-07-13 00:00,666.95,668.28,663.3,666.3
2007-07-16 00:00,666.85,668.4,663.9,663.9
2007-07-17 00:00,664.85,667.0,662.3,665.18
2007-07-18 00:00,664.3,673.4,664.3,673.1
2007-07-19 00:00,673.0,677.2,671.0,676.85
2007-07-20 00:00,677.1,686.3,675.1,683.5
2007-07-23 00:00,683.6,684.7,680.0,680.65
2007-07-24 00:00,681.2,687.05,680.8,682.8
2007-07-25 00:00,681.7,681.8,670.8,672.1
2007-07-26 00:00,675.63,676.48,660.53,663.1
2007-07-27 00:00,662.9,666.8,656.8,660.15
2007-07-30 00:00,661.6,664.78,659.6,664.53
2007-07-31 00:00,665.15,668.5,663.5,665.95
2007-08-01 00:00,663.58,666.9,659.1,664.2
2007-08-02 00:00,666.1,666.8,662.3,665.2
2007-08-03 00:00,665.9,673.2,664.5,673.2
2007-08-06 00:00,674.8,674.8,668.8,671.1
2007-08-07 00:00,670.8,672.1,665.9,671.23
2007-08-08 00:00,671.4,676.55,669.4,674.33
2007-08-09 00:00,674.3,674.4,659.3,661.9
2007-08-10 00:00,661.1,675.4,658.2,671.5
2007-08-13 00:00,671.95,672.0,668.5,669.75
2007-08-14 00:00,668.8,671.1,665.6,667.9
2007-08-15 00:00,669.55,670.4,662.0,668.68
2007-08-16 00:00,666.45,667.9,642.0,648.6
2007-08-17 00:00,652.4,663.4,645.63,656.9
2007-08-20 00:00,656.45,660.15,653.2,656.2
2007-08-21 00:00,657.7,660.1,654.1,656.5
2007-08-22 00:00,657.1,661.6,654.5,659.4
2007-08-23 00:00,660.65,664.75,658.5,659.45
2007-08-24 00:00,659.38,668.4,657.0,667.7
2007-08-27 00:00,668.1,668.3,665.5,666.9
2007-08-28 00:00,666.1,668.05,662.1,664.63
2007-08-29 00:00,662.05,668.8,660.9,666.2
2007-08-30 00:00,667.2,667.58,663.2,664.5
2007-08-31 00:00,664.75,674.3,664.4,672.5
2007-09-03 00:00,672.4,673.6,671.4,672.3
2007-09-04 00:00,671.9,682.58,671.3,681.93
2007-09-05 00:00,681.6,682.9,678.2,681.5
2007-09-06 00:00,682.48,697.15,680.8,694.25
2007-09-07 00:00,694.98,706.4,691.95,700.7
2007-09-10 00:00,699.7,706.8,698.9,702.3
2007-09-11 00:00,702.6,713.7,702.3,712.2
2007-09-12 00:00,711.2,714.0,705.5,711.4
2007-09-13 00:00,710.4,711.9,703.3,708.5
2007-09-14 00:00,707.0,717.0,703.6,708.15
2007-09-17 00:00,706.6,719.78,706.3,715.1
2007-09-18 00:00,716.2,721.75,711.9,715.88
2007-09-19 00:00,725.9,725.9,720.1,721.5
2007-09-20 00:00,721.55,738.1,720.8,733.4
2007-09-21 00:00,732.8,739.5,726.7,732.1
2007-09-24 00:00,730.35,735.9,725.9,731.68
2007-09-25 00:00,729.43,733.2,721.7,730.3
2007-09-26 00:00,731.05,736.25,726.6,728.6
2007-09-27 00:00,727.4,735.9,726.9,733.5
2007-09-28 00:00,734.1,745.5,733.0,744.8
2007-10-01 00:00,743.4,747.65,740.9,746.85
2007-10-02 00:00,746.6,747.0,724.6,731.25
2007-10-03 00:00,731.83,735.93,726.1,729.75
2007-10-04 00:00,727.9,738.2,720.8,736.6
2007-10-05 00:00,736.15,743.6,727.2,741.5
2007-10-08 00:00,740.8,742.3,731.1,732.4
2007-10-09 00:00,732.98,740.3,726.9,736.75
2007-10-10 00:00,737.5,745.7,736.9,739.15
2007-10-11 00:00,740.63,753.4,740.5,751.1
2007-10-12 00:00,747.85,752.0,744.5,748.3
2007-10-15 00:00,748.2,760.2,747.4,758.08
2007-10-16 00:00,758.4,767.03,754.1,757.7
2007-10-17 00:00,761.2,764.7,755.5,756.0
2007-10-18 00:00,755.9,766.3,754.78,764.0
2007-10-19 00:00,767.5,770.9,758.4,765.3
2007-10-22 00:00,766.7,768.3,745.4,753.9
2007-10-23 00:00,754.5,760.7,752.2,758.55
2007-10-24 00:00,758.5,762.5,753.68,761.2
2007-10-25 00:00,763.9,769.1,761.7,767.48
2007-10-26 00:00,767.9,785.4,767.9,784.05
2007-10-29 00:00,789.3,794.9,784.8,791.0
2007-10-30 00:00,790.23,790.28,779.45,781.7
2007-10-31 00:00,777.7,797.1,776.6,795.3
2007-11-01 00:00,797.55,798.6,784.0,790.43
2007-11-02 00:00,790.0,808.0,787.6,804.9
2007-11-05 00:00,804.35,810.98,800.5,808.5
2007-11-06 00:00,807.0,824.33,806.2,820.9
2007-11-07 00:00,824.3,845.45,822.3,831.6
2007-11-08 00:00,825.3,845.3,823.6,832.5
2007-11-09 00:00,835.2,839.1,826.5,832.6
2007-11-12 00:00,828.78,830.55,797.6,801.33
2007-11-13 00:00,791.1,808.7,790.7,796.5
2007-11-14 00:00,802.4,816.0,800.65,811.6
2007-11-15 00:00,812.05,818.0,782.6,786.1
2007-11-16 00:00,785.85,797.1,784.5,786.4
2007-11-19 00:00,789.3,794.0,775.0,778.2
2007-11-20 00:00,779.46,798.6,772.74,793.7
2007-11-21 00:00,801.59,807.1,794.4,799.9
2007-11-22 00:00,800.03,805.18,799.49,805.14
2007-11-23 00:00,803.1,825.54,802.5,822.65
2007-11-26 00:00,825.33,836.69,821.2,824.0
2007-11-27 00:00,823.72,829.08,808.1,812.62
2007-11-28 00:00,814.86,815.44,791.26,803.36
2007-11-29 00:00,804.39,807.85,794.6,794.98
2007-11-30 00:00,794.94,799.05,779.08,784.46
2007-12-03 00:00,785.76,791.37,777.0,789.62
2007-12-04 00:00,792.54,805.08,786.7,802.4
2007-12-05 00:00,802.15,806.6,792.2,796.89
2007-12-06 00:00,793.96,805.26,785.04,802.93
2007-12-07 00:00,802.7,804.5,791.34,795.4
2007-12-10 00:00,795.52,811.7,794.15,807.7
2007-12-11 00:00,807.5,812.5,803.9,811.82
2007-12-12 00:00,800.94,816.85,800.5,813.71
2007-12-13 00:00,811.05,812.15,792.33,797.86
2007-12-14 00:00,799.65,803.34,788.0,792.72
2007-12-17 00:00,794.96,798.74,785.31,793.98
2007-12-18 00:00,795.9,805.9,790.0,802.64
2007-12-19 00:00,800.62,804.49,797.7,800.48
2007-12-20 00:00,801.5,802.9,793.53,797.44
2007-12-21 00:00,796.7,811.96,796.7,811.4
2007-12-24 00:00,810.1,815.42,808.1,812.32
2007-12-26 00:00,810.1,826.3,807.9,825.04
2007-12-27 00:00,823.6,831.16,821.4,827.26
2007-12-28 00:00,825.3,839.72,824.4,839.03
2007-12-31 00:00,842.3,843.5,830.0,833.15
2008-01-02 00:00,833.7,860.8,833.7,856.34
2008-01-03 00:00,856.95,868.91,853.45,863.9
2008-01-04 00:00,864.86,868.8,854.1,861.2
2008-01-07 00:00,861.9,864.9,855.1,859.3
2008-01-08 00:00,857.1,880.84,857.05,878.22
2008-01-09 00:00,882.36,891.24,872.58,878.13
2008-01-10 00:00,879.3,894.8,865.8,890.7
2008-01-11 00:00,895.6,897.8,887.3,895.82
2008-01-14 00:00,897.1,914.12,891.44,902.0
2008-01-15 00:00,905.0,913.65,893.3,900.03
2008-01-16 00:00,892.15,899.52,874.2,885.01
2008-01-17 00:00,876.95,890.18,876.75,878.94
2008-01-18 00:00,879.8,888.18,870.08,882.3
2008-01-21 00:00,881.28,882.92,860.8,863.7
2008-01-22 00:00,861.1,893.7,849.1,889.4
2008-01-23 00:00,888.7,894.59,876.6,880.4
2008-01-24 00:00,892.4,910.1,888.9,909.2
2008-01-25 00:00,913.7,923.44,906.36,909.88
2008-01-28 00:00,915.3,929.4,914.42,927.0
2008-01-29 00:00,926.9,933.04,919.7,922.8
2008-01-30 00:00,923.94,926.1,915.9,919.2
2008-01-31 00:00,925.8,928.2,918.5,925.7
2008-02-01 00:00,924.3,936.79,904.68,905.98
2008-02-04 00:00,908.9,912.68,891.9,903.9
2008-02-05 00:00,904.9,906.9,884.6,888.6
2008-02-06 00:00,888.2,907.15,885.9,901.5
2008-02-07 00:00,899.12,911.14,896.58,908.8
2008-02-08 00:00,909.3,920.12,907.3,918.58
2008-02-11 00:00,922.45,927.0,916.29,922.62
2008-02-12 00:00,921.51,924.75,904.0,907.7
2008-02-13 00:00,907.17,910.38,896.58,906.98
2008-02-14 00:00,907.35,913.78,902.0,907.7
2008-02-15 00:00,908.48,915.18,898.15,904.2
2008-02-18 00:00,903.2,907.48,899.8,906.3
2008-02-19 00:00,906.0,929.92,905.85,926.9
2008-02-20 00:00,929.2,935.44,913.7,933.58
2008-02-21 00:00,941.4,953.8,937.9,945.2
2008-02-22 00:00,944.28,949.62,936.12,943.2
2008-02-25 00:00,947.15,951.97,933.1,937.64
2008-02-26 00:00,938.1,947.8,926.48,946.8
2008-02-27 00:00,950.4,964.9,949.03,956.6
2008-02-28 00:00,957.82,970.05,953.1,969.45
2008-02-29 00:00,969.4,976.0,964.6,970.4
2008-03-03 00:00,976.3,989.22,975.6,982.55
2008-03-04 00:00,986.15,988.0,958.7,959.73
2008-03-05 00:00,966.82,992.38,959.3,985.6
2008-03-06 00:00,986.8,992.02,965.6,978.1
2008-03-07 00:00,977.4,988.12,969.73,971.54
2008-03-10 00:00,974.7,980.46,960.99,972.0
2008-03-11 00:00,973.8,984.8,964.8,969.0
2008-03-12 00:00,972.28,982.02,968.13,981.4
2008-03-13 00:00,982.82,999.55,981.4,992.98
2008-03-14 00:00,995.28,1006.4,990.6,998.9
2008-03-17 00:00,1004.0,1032.3,994.15,1004.2
2008-03-18 00:00,1003.0,1012.4,987.8,987.8
2008-03-19 00:00,985.84,997.12,938.67,943.81
2008-03-20 00:00,938.95,940.0,904.8,914.46
2008-03-24 00:00,912.95,926.9,906.1,912.21
2008-03-25 00:00,917.64,936.74,916.33,935.8
2008-03-26 00:00,937.67,951.6,934.45,950.14
2008-03-27 00:00,952.29,954.8,940.2,948.48
2008-03-28 00:00,950.76,950.95,923.3,931.53
2008-03-31 00:00,927.92,940.56,913.1,913.2
2008-04-01 00:00,915.7,920.78,872.38,882.89
2008-04-02 00:00,885.38,898.45,881.9,898.05
2008-04-03 00:00,903.2,908.6,888.64,904.69
2008-04-04 00:00,904.7,909.74,899.0,908.36
2008-04-07 00:00,914.8,929.32,910.7,923.67
2008-04-08 00:00,920.54,925.66,908.1,913.6
2008-04-09 00:00,916.37,935.42,902.8,934.6
2008-04-10 00:00,933.18,939.52,921.99,928.0
2008-04-11 00:00,928.44,931.72,918.2,924.93
2008-04-14 00:00,920.58,931.4,914.2,924.44
2008-04-15 00:00,923.95,936.03,923.42,928.52
2008-04-16 00:00,927.6,948.78,924.43,943.06
2008-04-17 00:00,944.75,952.8,937.32,939.14
2008-04-18 00:00,941.88,946.49,904.4,916.2
2008-04-21 00:00,917.9,928.6,911.38,914.78
2008-04-22 00:00,915.2,925.24,911.8,921.53
2008-04-23 00:00,917.45,922.75,896.8,905.83
2008-04-24 00:00,904.66,906.37,883.05,886.92
2008-04-25 00:00,887.8,896.33,877.74,888.9
2008-04-28 00:00,887.2,895.48,887.0,892.68
2008-04-29 00:00,892.23,892.9,871.65,874.2
2008-04-30 00:00,872.68,875.98,862.2,866.18
2008-05-01 00:00,875.6,881.7,847.96,850.0
2008-05-02 00:00,853.2,859.04,845.51,856.65
2008-05-05 00:00,860.9,873.2,859.95,872.5
2008-05-06 00:00,873.57,882.7,871.1,877.32
2008-05-07 00:00,876.2,880.85,863.85,870.96
2008-05-08 00:00,868.3,885.44,865.05,881.42
2008-05-09 00:00,882.3,889.54,870.3,886.3
2008-05-12 00:00,885.15,889.45,877.75,884.5
2008-05-13 00:00,882.45,885.63,860.75,866.4
2008-05-14 00:00,866.49,870.37,859.98,865.68
2008-05-15 00:00,865.35,887.47,862.15,881.75
2008-05-16 00:00,882.9,904.8,879.65,900.6
2008-05-19 00:00,904.8,913.66,900.6,905.2
2008-05-20 00:00,906.25,923.42,902.65,919.33
2008-05-21 00:00,920.5,930.39,916.3,928.1
2008-05-22 00:00,934.7,935.15,917.65,918.8
2008-05-23 00:00,921.1,929.2,914.8,925.29
2008-05-26 00:00,924.2,928.6,923.2,927.7
2008-05-27 00:00,928.22,930.74,903.7,905.82
2008-05-28 00:00,906.44,909.74,888.7,900.65
2008-05-29 00:00,902.6,903.14,873.25,877.94
2008-05-30 00:00,878.23,889.0,870.7,886.96
2008-06-02 00:00,886.85,897.4,881.09,892.2
2008-06-03 00:00,891.18,896.78,875.5,882.75
2008-06-04 00:00,880.5,886.64,875.95,881.55
2008-06-05 00:00,877.61,879.77,864.7,873.3
2008-06-06 00:00,877.83,899.16,876.7,895.7
2008-06-09 00:00,903.98,909.12,891.14,895.83
2008-06-10 00:00,892.93,894.8,863.9,869.51
2008-06-11 00:00,869.1,882.75,867.0,881.2
2008-06-12 00:00,880.8,882.24,857.55,870.15
2008-06-13 00:00,870.25,874.29,859.3,870.4
2008-06-16 00:00,871.4,894.52,866.45,882.65
2008-06-17 00:00,881.7,888.51,873.9,883.7
2008-06-18 00:00,881.99,894.4,879.7,894.4
2008-06-19 00:00,895.37,907.78,886.55,902.8
2008-06-20 00:00,898.05,907.67,895.85,901.13
2008-06-23 00:00,904.56,907.3,876.3,882.56
2008-06-24 00:00,883.2,893.35,882.5,887.55
2008-06-25 00:00,888.97,890.5,873.48,880.14
2008-06-26 00:00,886.0,914.4,884.5,911.83
2008-06-27 00:00,915.3,930.7,910.23,929.69
2008-06-30 00:00,927.75,934.93,918.84,927.4
2008-07-01 00:00,924.1,945.84,921.6,940.88
2008-07-02 00:00,939.87,945.3,931.68,941.95
2008-07-03 00:00,943.7,946.41,927.25,932.36
2008-07-04 00:00,934.1,936.29,929.05,932.6
2008-07-07 00:00,931.65,932.52,914.8,927.7
2008-07-08 00:00,924.62,932.95,912.6,922.04
2008-07-09 00:00,917.4,928.71,915.65,926.4
2008-07-10 00:00,928.45,944.42,925.54,940.62
2008-07-11 00:00,946.29,967.7,941.56,961.96
2008-07-14 00:00,963.85,974.7,953.84,972.48
2008-07-15 00:00,971.11,987.9,967.7,975.76
2008-07-16 00:00,977.64,980.9,959.3,962.36
2008-07-17 00:00,961.82,977.35,953.62,964.58
2008-07-18 00:00,959.2,964.23,950.1,954.0
2008-07-21 00:00,955.4,968.1,955.4,963.63
2008-07-22 00:00,966.9,975.5,944.25,948.6
2008-07-23 00:00,947.14,949.0,922.15,923.35
2008-07-24 00:00,920.85,930.8,917.1,922.65
2008-07-25 00:00,926.5,934.9,918.79,927.97
2008-07-28 00:00,928.24,932.74,922.85,928.85
2008-07-29 00:00,931.56,933.1,914.5,916.48
2008-07-30 00:00,918.4,919.52,894.45,906.09
2008-07-31 00:00,907.94,925.26,906.15,913.2
2008-08-01 00:00,913.87,916.83,900.95,909.64
2008-08-04 00:00,912.2,915.4,894.55,896.57
2008-08-05 00:00,895.38,895.6,876.05,877.65
2008-08-06 00:00,873.3,886.48,872.9,876.9
2008-08-07 00:00,879.83,884.81,867.85,870.78
2008-08-08 00:00,871.2,873.83,850.5,857.1
2008-08-11 00:00,861.5,865.4,818.25,820.15
2008-08-12 00:00,825.78,826.3,801.95,813.3
2008-08-13 00:00,815.46,829.45,805.46,827.45
2008-08-14 00:00,826.94,836.65,804.65,810.8
2008-08-15 00:00,803.95,805.6,772.55,785.28
2008-08-18 00:00,793.8,803.96,788.8,801.5
2008-08-19 00:00,795.0,814.9,782.25,810.14
2008-08-20 00:00,814.6,818.21,800.22,810.1
2008-08-21 00:00,813.5,838.3,810.65,834.2
2008-08-22 00:00,832.83,837.92,820.95,827.43
2008-08-25 00:00,822.6,825.63,816.15,820.78
2008-08-26 00:00,822.28,829.89,806.65,824.3
2008-08-27 00:00,822.3,834.8,821.85,826.1
2008-08-28 00:00,828.17,843.97,825.15,831.06
2008-08-29 00:00,834.55,838.57,829.2,830.25
2008-09-01 00:00,833.7,835.5,815.2,816.92
2008-09-02 00:00,816.54,819.75,790.45,807.75
2008-09-03 00:00,803.68,807.6,789.25,802.0
2008-09-04 00:00,801.67,814.63,794.65,800.18
2008-09-05 00:00,792.59,818.58,789.25,801.0
2008-09-08 00:00,810.55,817.7,796.55,800.49
2008-09-09 00:00,804.03,804.75,776.25,784.55
2008-09-10 00:00,777.64,783.25,757.95,761.2
2008-09-11 00:00,753.75,757.54,735.9,744.86
2008-09-12 00:00,749.26,761.94,746.35,760.22
2008-09-15 00:00,778.7,785.24,763.75,782.12
2008-09-16 00:00,784.36,789.75,771.8,780.9
2008-09-17 00:00,777.55,865.3,777.1,863.46
2008-09-18 00:00,867.45,918.3,851.85,894.73
2008-09-19 00:00,847.25,874.42,823.3,858.5
2008-09-22 00:00,878.18,906.12,862.48,900.84
2008-09-23 00:00,904.36,909.24,881.28,888.65
2008-09-24 00:00,886.4,901.24,876.75,887.2
2008-09-25 00:00,880.7,896.85,863.92,873.34
2008-09-26 00:00,878.11,910.12,866.1,884.2
2008-09-29 00:00,870.55,908.8,866.6,899.8
2008-09-30 00:00,905.85,913.8,870.35,872.02
2008-10-01 00:00,870.0,892.4,868.55,883.8
2008-10-02 00:00,871.6,875.3,829.1,840.35
2008-10-03 00:00,834.5,847.0,817.8,830.55
2008-10-06 00:00,830.45,875.75,824.5,865.15
2008-10-07 00:00,861.56,890.72,858.7,879.9
2008-10-08 00:00,885.22,921.07,877.4,897.2
2008-10-09 00:00,903.73,908.75,880.86,882.98
2008-10-10 00:00,914.25,931.6,825.45,840.28
2008-10-13 00:00,856.64,872.12,822.95,834.89
2008-10-14 00:00,835.83,853.8,831.25,841.9
2008-10-15 00:00,840.28,856.1,832.25,840.03
2008-10-16 00:00,846.43,849.61,783.95,803.83
2008-10-17 00:00,799.48,814.8,771.3,788.45
2008-10-20 00:00,785.9,809.55,784.1,794.26
2008-10-21 00:00,797.08,803.44,765.75,771.83
2008-10-22 00:00,775.8,775.95,721.2,726.12
2008-10-23 00:00,725.34,735.17,699.04,714.65
2008-10-24 00:00,725.54,746.46,681.45,733.42
2008-10-27 00:00,739.94,746.84,706.35,734.42
2008-10-28 00:00,734.87,754.9,723.35,743.9
2008-10-29 00:00,756.51,774.13,738.0,752.38
2008-10-30 00:00,760.06,777.1,733.75,739.13
2008-10-31 00:00,738.68,741.15,717.05,724.93
2008-11-03 00:00,729.3,738.97,724.15,725.15
2008-11-04 00:00,727.8,763.8,721.6,757.85
2008-11-05 00:00,764.88,765.45,736.15,743.17
2008-11-06 00:00,743.52,759.6,728.95,733.32
2008-11-07 00:00,732.42,744.77,725.38,733.64
2008-11-10 00:00,749.62,767.0,740.75,749.27
2008-11-11 00:00,748.24,749.15,726.6,735.6
2008-11-12 00:00,731.82,738.89,713.8,716.1
2008-11-13 00:00,712.0,725.74,700.4,715.35
2008-11-14 00:00,733.94,751.32,724.9,743.45
2008-11-17 00:00,739.86,748.75,730.7,741.58
2008-11-18 00:00,738.28,745.8,731.05,734.6
2008-11-19 00:00,738.25,761.78,731.5,738.83
2008-11-20 00:00,736.5,752.9,734.05,750.67
2008-11-21 00:00,744.44,799.7,742.68,795.3
2008-11-24 00:00,802.87,829.22,786.4,818.88
2008-11-25 00:00,817.39,830.05,802.15,818.26
2008-11-26 00:00,817.53,822.66,808.55,811.79
2008-11-27 00:00,811.23,817.28,811.05,814.8
2008-11-28 00:00,815.83,820.7,809.4,817.9
2008-12-01 00:00,816.26,816.61,769.78,774.28
2008-12-02 00:00,770.75,786.9,762.2,781.35
2008-12-03 00:00,777.66,782.5,764.95,768.34
2008-12-04 00:00,775.25,788.05,763.0,768.35
2008-12-05 00:00,767.73,772.6,741.8,755.83
2008-12-08 00:00,759.02,781.28,759.02,771.4
2008-12-09 00:00,772.98,780.1,762.55,774.47
2008-12-10 00:00,775.14,812.52,774.6,806.48
2008-12-11 00:00,804.66,834.48,801.9,822.75
2008-12-12 00:00,820.7,828.78,807.53,818.84
2008-12-15 00:00,827.1,842.1,822.05,837.25
2008-12-16 00:00,836.54,841.84,829.75,841.4
2008-12-17 00:00,853.68,879.2,846.5,867.45
2008-12-18 00:00,864.74,878.24,849.65,856.25
2008-12-19 00:00,850.64,853.6,829.4,839.36
2008-12-22 00:00,839.9,851.4,839.7,843.98
2008-12-23 00:00,845.78,847.42,830.2,838.82
2008-12-24 00:00,837.58,848.68,834.28,847.53
2008-12-26 00:00,843.65,872.97,842.35,864.55
2008-12-29 00:00,877.1,889.68,872.75,875.38
2008-12-30 00:00,879.99,881.33,864.18,870.15
2008-12-31 00:00,873.0,884.04,856.58,879.05
2009-01-02 00:00,886.7,886.9,867.1,876.34
2009-01-05 00:00,881.23,884.24,845.43,859.91
2009-01-06 00:00,857.28,865.73,838.55,864.55
2009-01-07 00:00,861.14,866.83,836.3,840.95
2009-01-08 00:00,837.82,864.7,836.35,853.95
2009-01-09 00:00,855.64,868.05,844.7,856.52
2009-01-12 00:00,852.03,853.7,816.93,823.25
2009-01-13 00:00,821.66,829.31,813.9,821.24
2009-01-14 00:00,821.0,829.1,808.55,810.06
2009-01-15 00:00,813.38,821.06,802.84,812.87
2009-01-16 00:00,817.18,840.68,815.84,839.28
2009-01-19 00:00,841.73,842.8,831.45,836.0
2009-01-20 00:00,833.84,865.88,823.53,852.53
2009-01-21 00:00,854.83,864.15,843.88,852.08
2009-01-22 00:00,852.74,862.63,844.1,860.32
2009-01-23 00:00,855.72,902.4,852.45,895.88
2009-01-26 00:00,897.3,915.15,888.68,906.7
2009-01-27 00:00,904.56,907.46,892.45,899.07
2009-01-28 00:00,899.55,903.0,883.25,890.05
2009-01-29 00:00,885.34,905.47,874.0,904.5
2009-01-30 00:00,905.3,929.34,900.9,928.08
2009-02-02 00:00,926.8,926.8,903.4,904.93
2009-02-03 00:00,901.43,912.7,889.38,892.93
2009-02-04 00:00,898.25,909.1,894.75,901.3
2009-02-05 00:00,905.1,924.0,901.6,913.9
2009-02-06 00:00,908.85,919.9,904.05,913.3
2009-02-09 00:00,906.13,907.6,890.6,894.15
2009-02-10 00:00,893.6,918.0,890.55,913.1
2009-02-11 00:00,915.55,946.46,910.45,942.38
2009-02-12 00:00,937.95,951.68,934.75,951.3
2009-02-13 00:00,943.47,944.25,933.22,939.76
2009-02-16 00:00,941.18,944.17,936.0,943.24
2009-02-17 00:00,941.53,974.18,940.38,969.7
2009-02-18 00:00,968.27,980.15,960.83,980.11
2009-02-19 00:00,981.78,986.21,968.4,974.3
2009-02-20 00:00,976.38,1006.1,970.0,997.37
2009-02-23 00:00,996.24,998.02,975.9,993.84
2009-02-24 00:00,988.83,995.48,958.75,967.23
2009-02-25 00:00,961.91,977.23,950.8,963.28
2009-02-26 00:00,950.81,956.64,932.33,938.99
2009-02-27 00:00,945.25,960.8,928.2,938.96
2009-03-02 00:00,948.99,958.12,930.98,937.42
2009-03-03 00:00,926.46,932.62,905.35,913.28
2009-03-04 00:00,914.04,922.58,905.04,905.04
2009-03-05 00:00,908.7,928.78,907.88,927.08
2009-03-06 00:00,930.84,944.75,930.0,940.1
2009-03-09 00:00,938.53,941.94,911.9,916.36
2009-03-10 00:00,920.96,921.9,891.65,897.09
2009-03-11 00:00,896.03,912.34,892.15,906.94
2009-03-12 00:00,908.5,929.45,907.5,923.36
2009-03-13 00:00,924.96,938.23,919.65,928.13
2009-03-16 00:00,925.78,929.58,915.35,922.62
2009-03-17 00:00,922.74,923.8,912.32,916.33
2009-03-18 00:00,914.76,932.7,883.74,932.7
2009-03-19 00:00,936.15,961.0,925.72,956.68
2009-03-20 00:00,952.85,966.9,946.65,952.94
2009-03-23 00:00,952.15,956.9,945.38,950.66
2009-03-24 00:00,941.71,944.02,917.1,929.5
2009-03-25 00:00,929.35,939.56,916.76,935.54
2009-03-26 00:00,935.8,945.26,931.55,938.41
2009-03-27 00:00,934.72,935.91,919.5,922.8
2009-03-30 00:00,923.9,931.78,909.15,915.86
2009-03-31 00:00,915.9,924.61,912.9,922.58
2009-04-01 00:00,917.12,931.84,916.5,925.0
2009-04-02 00:00,926.6,929.14,895.1,906.56
2009-04-03 00:00,906.91,908.84,895.11,895.91
2009-04-06 00:00,892.22,893.98,865.15,869.9
2009-04-07 00:00,873.2,884.46,870.15,882.11
2009-04-08 00:00,883.22,889.3,878.5,883.84
2009-04-09 00:00,881.01,886.28,874.94,881.65
2009-04-13 00:00,884.34,899.7,882.65,891.4
2009-04-14 00:00,894.8,898.36,886.9,890.6
2009-04-15 00:00,889.74,898.5,886.92,891.25
2009-04-16 00:00,890.25,893.44,876.7,878.05
2009-04-17 00:00,876.78,876.91,865.16,866.59
2009-04-20 00:00,868.56,888.24,864.78,884.35
2009-04-21 00:00,883.16,894.9,879.4,881.05
2009-04-22 00:00,882.5,893.3,881.8,891.3
2009-04-23 00:00,890.15,907.9,889.6,905.46
2009-04-24 00:00,904.7,913.68,903.4,911.8
2009-04-27 00:00,916.3,918.1,905.24,907.14
2009-04-28 00:00,905.4,906.56,884.7,891.05
2009-04-29 00:00,891.33,901.69,887.6,899.57
2009-04-30 00:00,896.05,899.79,880.75,890.85
2009-05-01 00:00,885.5,889.62,879.9,885.5
2009-05-04 00:00,887.0,906.48,885.62,901.7
2009-05-05 00:00,903.75,915.82,900.4,901.92
2009-05-06 00:00,896.3,912.25,895.75,908.6
2009-05-07 00:00,911.25,924.94,908.92,910.88
2009-05-08 00:00,911.51,919.4,906.94,914.65
2009-05-11 00:00,915.68,917.4,908.62,912.47
2009-05-12 00:00,912.1,923.25,911.6,922.93
2009-05-13 00:00,923.75,930.35,917.3,926.1
2009-05-14 00:00,926.3,927.88,920.3,927.3
2009-05-15 00:00,926.0,933.96,923.75,928.3
2009-05-18 00:00,930.95,933.4,919.67,920.17
2009-05-19 00:00,918.05,927.32,917.35,926.57
2009-05-20 00:00,925.68,939.72,924.9,938.68
2009-05-21 00:00,937.72,951.56,935.8,951.45
2009-05-22 00:00,953.3,961.46,949.9,957.95
2009-05-25 00:00,957.05,959.01,952.5,957.8
2009-05-26 00:00,956.25,957.05,941.21,952.9
2009-05-27 00:00,952.52,959.28,946.65,950.8
2009-05-28 00:00,945.62,964.69,944.44,959.44
2009-05-29 00:00,961.14,980.17,958.8,975.92
2009-06-01 00:00,976.29,988.5,974.46,979.62
2009-06-02 00:00,974.2,986.37,969.2,980.9
2009-06-03 00:00,981.95,989.7,962.4,963.36
2009-06-04 00:00,964.36,981.6,960.75,980.3
2009-06-05 00:00,982.44,983.4,954.3,960.82
2009-06-08 00:00,953.39,959.46,943.58,950.4
2009-06-09 00:00,953.0,961.56,947.25,953.87
2009-06-10 00:00,955.4,965.17,947.06,948.86
2009-06-11 00:00,955.52,961.74,943.32,959.3
2009-06-12 00:00,954.7,957.95,936.96,939.5
2009-06-15 00:00,935.08,938.92,925.9,927.06
2009-06-16 00:00,927.95,938.94,927.95,932.56
2009-06-17 00:00,934.12,938.15,928.15,936.0
2009-06-18 00:00,940.7,941.71,932.0,932.58
2009-06-19 00:00,933.0,938.78,930.9,934.1
2009-06-22 00:00,933.65,934.5,918.22,921.21
2009-06-23 00:00,922.8,926.4,913.3,924.25
2009-06-24 00:00,926.35,940.83,922.1,936.29
2009-06-25 00:00,931.45,939.58,929.98,938.4
2009-06-26 00:00,938.45,948.24,936.4,940.05
2009-06-29 00:00,936.25,942.65,934.38,940.05
2009-06-30 00:00,937.9,944.83,923.6,926.68
2009-07-01 00:00,927.7,944.36,927.25,941.26
2009-07-02 00:00,940.55,941.44,926.47,931.2
2009-07-03 00:00,929.08,933.96,927.5,932.0
2009-07-06 00:00,929.8,931.27,920.35,923.9
2009-07-07 00:00,924.55,931.78,921.12,927.65
2009-07-08 00:00,922.95,925.17,904.95,908.3
2009-07-09 00:00,908.3,918.42,906.35,915.5
2009-07-10 00:00,912.4,915.3,907.2,913.0
2009-07-13 00:00,914.15,923.0,907.85,919.4
2009-07-14 00:00,920.75,927.19,917.85,923.93
2009-07-15 00:00,926.5,941.61,924.8,940.36
2009-07-16 00:00,939.3,940.17,933.1,935.55
2009-07-17 00:00,936.9,939.8,931.97,938.28
2009-07-20 00:00,937.48,955.01,937.48,949.32
2009-07-21 00:00,950.7,953.71,944.3,947.8
2009-07-22 00:00,947.68,954.35,944.77,952.9
2009-07-23 00:00,950.55,957.27,948.0,951.04
2009-07-24 00:00,948.25,954.03,946.95,952.25
2009-07-27 00:00,950.1,958.59,949.05,953.6
2009-07-28 00:00,952.65,956.52,934.5,937.7
2009-07-29 00:00,937.05,940.84,925.65,927.18
2009-07-30 00:00,929.4,936.84,928.65,935.22
2009-07-31 00:00,934.5,955.58,932.37,953.9
2009-08-03 00:00,952.86,962.22,951.95,956.99
2009-08-04 00:00,956.48,970.04,951.01,963.65
2009-08-05 00:00,966.47,967.68,958.65,965.92
2009-08-06 00:00,963.02,971.4,958.65,958.65
2009-08-07 00:00,962.93,965.31,953.62,954.9
2009-08-10 00:00,954.58,956.64,942.42,944.73
2009-08-11 00:00,945.6,949.52,942.16,946.11
2009-08-12 00:00,946.47,951.9,939.95,949.42
2009-08-13 00:00,948.5,960.41,948.35,955.17
2009-08-14 00:00,955.9,959.08,943.0,946.22
2009-08-17 00:00,947.28,947.97,930.22,935.78
2009-08-18 00:00,936.14,939.76,934.25,937.84
2009-08-19 00:00,938.71,944.88,931.99,944.34
2009-08-20 00:00,943.87,945.66,937.37,940.62
2009-08-21 00:00,940.58,957.7,937.82,953.08
2009-08-24 00:00,953.6,956.74,936.68,943.18
2009-08-25 00:00,943.3,954.34,941.55,943.6
2009-08-26 00:00,944.92,949.96,940.2,945.05
2009-08-27 00:00,945.35,949.48,941.54,947.39
2009-08-28 00:00,949.34,960.1,948.55,956.97
2009-08-31 00:00,954.6,960.27,943.68,951.92
2009-09-01 00:00,951.65,955.87,946.42,954.73
2009-09-02 00:00,955.59,979.4,951.53,975.82
2009-09-03 00:00,977.4,997.19,974.28,994.46
2009-09-04 00:00,994.4,996.0,985.2,991.78
2009-09-07 00:00,994.42,996.4,991.16,995.16
2009-09-08 00:00,995.41,1007.6,993.74,998.32
2009-09-09 00:00,999.55,1003.1,992.8,993.94
2009-09-10 00:00,993.32,997.9,983.02,996.9
2009-09-11 00:00,996.56,1011.4,994.55,1003.9
2009-09-14 00:00,1006.2,1008.8,993.34,996.9
2009-09-15 00:00,1000.1,1009.5,992.26,1009.0
2009-09-16 00:00,1008.0,1020.6,1006.2,1017.2
2009-09-17 00:00,1017.1,1024.0,1010.0,1014.0
2009-09-18 00:00,1013.8,1017.6,1007.6,1009.4
2009-09-21 00:00,1003.7,1006.7,996.04,1003.2
2009-09-22 00:00,1003.3,1019.3,1003.3,1014.1
2009-09-23 00:00,1015.1,1018.3,1006.7,1012.0
2009-09-24 00:00,1008.4,1018.5,990.7,992.52
2009-09-25 00:00,993.4,999.02,985.0,990.91
2009-09-28 00:00,993.35,996.48,985.87,992.05
2009-09-29 00:00,990.55,995.7,985.07,993.9
2009-09-30 00:00,992.52,1008.8,991.6,1007.9
2009-10-01 00:00,1009.7,1009.7,997.84,999.55
2009-10-02 00:00,1001.9,1007.2,986.77,1002.4
2009-10-05 00:00,1001.7,1017.5,1001.0,1017.1
2009-10-06 00:00,1016.7,1043.5,1015.3,1037.5
2009-10-07 00:00,1040.1,1048.3,1036.4,1042.1
2009-10-08 00:00,1045.8,1061.3,1043.0,1056.3
2009-10-09 00:00,1053.6,1053.6,1043.7,1046.8
2009-10-12 00:00,1052.9,1059.1,1047.4,1058.05
2009-10-13 00:00,1054.6,1068.5,1051.1,1063.6
2009-10-14 00:00,1064.9,1070.6,1056.1,1064.6
2009-10-15 00:00,1063.2,1065.7,1046.5,1049.3
2009-10-16 00:00,1051.35,1056.65,1043.1,1052.35
2009-10-19 00:00,1055.0,1057.9,1047.9,1057.7
2009-10-20 00:00,1064.0,1067.8,1052.3,1055.6
2009-10-21 00:00,1055.6,1064.6,1048.0,1059.7
2009-10-22 00:00,1058.4,1061.4,1051.8,1059.1
2009-10-23 00:00,1061.4,1067.0,1050.8,1055.9
2009-10-26 00:00,1053.1,1059.3,1037.9,1038.6
2009-10-27 00:00,1039.4,1043.4,1032.8,1038.6
2009-10-28 00:00,1040.3,1041.7,1027.0,1028.2
2009-10-29 00:00,1029.9,1047.6,1028.6,1046.7
2009-10-30 00:00,1046.4,1048.8,1034.8,1041.0
2009-11-02 00:00,1042.4,1062.4,1042.4,1053.6
2009-11-03 00:00,1062.0,1086.2,1055.2,1083.8
2009-11-04 00:00,1083.1,1095.2,1080.0,1087.2
2009-11-05 00:00,1092.5,1093.9,1083.7,1088.8
2009-11-06 00:00,1090.2,1100.3,1086.7,1093.8
2009-11-09 00:00,1097.4,1110.8,1095.8,1101.6
2009-11-10 00:00,1104.2,1109.0,1097.0,1102.7
2009-11-11 00:00,1106.3,1118.2,1105.7,1115.5
2009-11-12 00:00,1116.3,1122.7,1103.7,1107.9
2009-11-13 00:00,1104.9,1117.2,1101.0,1115.5
2009-11-16 00:00,1124.6,1140.4,1123.0,1139.9
2009-11-17 00:00,1137.6,1141.0,1127.9,1140.0
2009-11-18 00:00,1140.8,1152.1,1136.0,1142.3
2009-11-19 00:00,1143.2,1145.9,1130.4,1142.5
2009-11-20 00:00,1143.6,1149.1,1132.9,1148.3
2009-11-23 00:00,1158.2,1173.6,1157.2,1163.0
2009-11-24 00:00,1161.6,1171.2,1158.0,1164.7
2009-11-25 00:00,1168.4,1187.0,1166.7,1186.6
2009-11-26 00:00,1188.6,1195.1,1180.4,1191.9
2009-11-27 00:00,1186.5,1191.2,1137.4,1176.6
2009-11-30 00:00,1171.4,1181.7,1164.0,1178.5
2009-12-01 00:00,1179.6,1201.3,1175.2,1197.5
2009-12-02 00:00,1195.7,1217.0,1195.7,1213.0
2009-12-03 00:00,1219.7,1226.2,1204.6,1216.5
2009-12-04 00:00,1206.2,1212.6,1157.0,1159.5
2009-12-07 00:00,1157.6,1164.9,1135.9,1157.9
2009-12-08 00:00,1158.7,1168.7,1137.6,1137.9
2009-12-09 00:00,1130.9,1146.7,1117.2,1121.7
2009-12-10 00:00,1133.3,1136.6,1121.1,1124.9
2009-12-11 00:00,1132.4,1142.0,1109.4,1116.0
2009-12-14 00:00,1112.8,1127.5,1112.8,1123.2
2009-12-15 00:00,1127.7,1128.9,1111.5,1123.5
2009-12-16 00:00,1124.3,1138.9,1121.7,1136.0
2009-12-17 00:00,1139.9,1141.5,1098.1,1100.8
2009-12-18 00:00,1102.3,1116.6,1097.0,1108.5
2009-12-21 00:00,1115.1,1118.1,1090.0,1095.1
2009-12-22 00:00,1096.1,1097.1,1074.5,1087.5
2009-12-23 00:00,1084.7,1095.6,1079.4,1091.9
2009-12-24 00:00,1090.9,1105.9,1090.3,1104.6
2009-12-28 00:00,1107.9,1113.6,1101.6,1105.9
2009-12-29 00:00,1105.4,1108.0,1096.7,1098.6
2009-12-30 00:00,1092.5,1096.3,1086.1,1092.0
2009-12-31 00:00,1093.2,1106.8,1093.2,1096.6
2010-01-04 00:00,1095.2,1123.7,1094.2,1116.1
2010-01-05 00:00,1121.2,1128.0,1114.33,1117.1
2010-01-06 00:00,1117.53,1139.45,1115.75,1137.45
2010-01-07 00:00,1139.88,1139.88,1127.78,1130.45
2010-01-08 00:00,1130.1,1138.5,1118.78,1137.0
2010-01-11 00:00,1138.25,1160.95,1138.25,1150.4
2010-01-12 00:00,1148.95,1157.22,1124.13,1127.55
2010-01-13 00:00,1128.22,1137.78,1118.03,1136.45
2010-01-14 00:00,1136.75,1145.35,1130.15,1140.95
2010-01-15 00:00,1143.85,1144.8,1126.2,1130.25
2010-01-18 00:00,1130.83,1136.5,1126.75,1132.93
2010-01-19 00:00,1133.35,1139.85,1128.08,1137.5
2010-01-20 00:00,1136.57,1140.78,1106.4,1111.15
2010-01-21 00:00,1117.38,1117.38,1087.8,1093.45
2010-01-22 00:00,1093.65,1097.97,1081.43,1092.3
2010-01-25 00:00,1092.68,1103.38,1092.07,1097.5
2010-01-26 00:00,1098.85,1102.72,1084.88,1097.25
2010-01-27 00:00,1097.22,1101.63,1082.8,1087.95
2010-01-28 00:00,1086.65,1095.28,1073.28,1085.3
2010-01-29 00:00,1085.38,1089.25,1073.9,1080.05
2010-02-01 00:00,1080.38,1106.7,1075.75,1105.95
2010-02-02 00:00,1106.22,1117.33,1098.2,1113.8
2010-02-03 00:00,1114.3,1124.22,1106.28,1109.85
2010-02-04 00:00,1109.47,1110.3,1058.85,1064.2
2010-02-05 00:00,1063.28,1067.9,1043.72,1065.3
2010-02-08 00:00,1065.88,1072.88,1060.95,1061.8
2010-02-09 00:00,1061.4,1082.25,1060.9,1077.65
2010-02-10 00:00,1077.75,1081.33,1062.55,1070.9
2010-02-11 00:00,1072.18,1096.78,1071.65,1092.0
2010-02-12 00:00,1090.3,1096.2,1077.08,1092.55
2010-02-15 00:00,1092.03,1101.33,1090.83,1100.0
2010-02-16 00:00,1100.35,1120.1,1097.43,1118.0
2010-02-17 00:00,1118.53,1126.15,1104.45,1108.25
2010-02-18 00:00,1107.63,1123.28,1097.13,1108.63
2010-02-19 00:00,1106.28,1125.78,1098.68,1118.45
2010-02-22 00:00,1121.25,1130.18,1109.28,1112.95
2010-02-23 00:00,1112.83,1120.22,1098.58,1102.3
2010-02-24 00:00,1102.47,1107.43,1089.22,1095.38
2010-02-25 00:00,1095.4,1108.53,1087.43,1106.05
2010-02-26 00:00,1106.83,1117.88,1103.47,1116.85
2010-03-01 00:00,1118.6,1122.72,1111.22,1116.3
2010-03-02 00:00,1116.63,1136.58,1114.03,1133.18
2010-03-03 00:00,1133.1,1144.08,1131.43,1139.3
2010-03-04 00:00,1138.68,1140.63,1125.33,1131.25
2010-03-05 00:00,1131.78,1139.63,1127.03,1133.9
2010-03-08 00:00,1135.2,1136.83,1117.78,1123.63
2010-03-09 00:00,1122.6,1124.13,1108.97,1120.5
2010-03-10 00:00,1120.65,1127.18,1102.53,1107.55
2010-03-11 00:00,1107.97,1110.9,1099.72,1108.68
2010-03-12 00:00,1108.1,1118.38,1097.93,1100.85
2010-03-15 00:00,1102.8,1109.18,1100.63,1108.2
2010-03-16 00:00,1108.33,1127.78,1107.53,1126.65
2010-03-17 00:00,1126.72,1132.47,1117.47,1119.47
2010-03-18 00:00,1121.97,1128.28,1117.28,1126.33
2010-03-19 00:00,1125.43,1126.22,1100.45,1105.95
2010-03-22 00:00,1103.05,1107.88,1091.72,1101.15
2010-03-23 00:00,1101.13,1107.15,1093.68,1104.1
2010-03-24 00:00,1103.97,1104.22,1084.28,1085.63
2010-03-25 00:00,1085.88,1094.93,1085.53,1089.47
2010-03-26 00:00,1088.38,1108.78,1088.18,1106.47
2010-03-29 00:00,1110.9,1113.63,1102.47,1108.2
2010-03-30 00:00,1109.45,1112.58,1100.83,1102.88
2010-03-31 00:00,1103.22,1117.22,1101.58,1112.68
2010-04-01 00:00,1112.88,1127.08,1110.72,1125.58
2010-04-02 00:00,1125.55,1125.97,1118.1,1119.95
2010-04-05 00:00,1123.1,1132.53,1121.8,1129.95
2010-04-06 00:00,1130.33,1137.88,1122.03,1133.2
2010-04-07 00:00,1133.63,1152.33,1131.68,1146.95
2010-04-08 00:00,1148.47,1152.78,1142.78,1150.13
2010-04-09 00:00,1150.03,1163.83,1148.68,1160.95
2010-04-12 00:00,1162.45,1168.93,1153.43,1154.63
2010-04-13 00:00,1154.78,1156.38,1144.33,1150.2
2010-04-14 00:00,1150.2,1160.88,1149.43,1154.68
2010-04-15 00:00,1154.15,1160.58,1149.47,1157.58
2010-04-16 00:00,1157.83,1159.53,1129.13,1136.45
2010-04-19 00:00,1133.6,1137.1,1122.93,1134.38
2010-04-20 00:00,1136.0,1145.13,1133.6,1139.3
2010-04-21 00:00,1138.78,1149.53,1136.88,1145.35
2010-04-22 00:00,1145.3,1148.53,1131.18,1140.35
2010-04-23 00:00,1140.9,1157.0,1134.58,1156.8
2010-04-26 00:00,1156.25,1159.08,1150.08,1152.5
2010-04-27 00:00,1152.65,1171.5,1145.72,1167.72
2010-04-28 00:00,1167.8,1173.43,1159.72,1164.43
2010-04-29 00:00,1164.35,1170.47,1161.38,1166.3
2010-04-30 00:00,1166.6,1180.78,1166.6,1178.05
2010-05-03 00:00,1179.15,1186.83,1175.65,1181.35
2010-05-04 00:00,1181.33,1191.22,1166.13,1171.53
2010-05-05 00:00,1170.5,1175.78,1156.97,1174.58
2010-05-06 00:00,1174.25,1210.33,1171.68,1207.45
2010-05-07 00:00,1207.68,1212.53,1192.03,1207.1
2010-05-10 00:00,1205.35,1205.35,1183.4,1201.2
2010-05-11 00:00,1200.93,1233.45,1200.05,1229.55
2010-05-12 00:00,1230.55,1247.4,1225.85,1236.6
2010-05-13 00:00,1236.7,1242.15,1226.35,1231.72
2010-05-14 00:00,1231.8,1248.7,1217.3,1231.15
2010-05-17 00:00,1231.1,1241.3,1218.4,1223.0
2010-05-18 00:00,1223.05,1228.0,1206.2,1220.75
2010-05-19 00:00,1222.85,1226.9,1185.8,1190.85
2010-05-20 00:00,1190.9,1197.3,1174.33,1182.15
2010-05-21 00:00,1182.2,1186.53,1166.1,1176.13
2010-05-24 00:00,1177.35,1196.65,1176.65,1190.95
2010-05-25 00:00,1191.5,1203.22,1184.6,1200.07
2010-05-26 00:00,1201.22,1215.5,1199.93,1210.1
2010-05-27 00:00,1210.88,1217.55,1205.08,1209.63
2010-05-28 00:00,1209.68,1214.68,1201.4,1213.38
2010-05-31 00:00,1213.75,1217.15,1208.68,1216.4
2010-06-01 00:00,1215.4,1227.95,1214.2,1224.4
2010-06-02 00:00,1224.5,1226.3,1213.28,1222.82
2010-06-03 00:00,1222.78,1223.75,1200.6,1207.1
2010-06-04 00:00,1206.25,1219.05,1196.0,1218.85
2010-06-07 00:00,1218.88,1243.5,1209.93,1239.0
2010-06-08 00:00,1239.88,1250.9,1232.6,1234.3
2010-06-09 00:00,1234.8,1240.08,1221.28,1231.55
2010-06-10 00:00,1231.9,1233.1,1214.2,1216.85
2010-06-11 00:00,1216.5,1229.5,1215.75,1225.55
2010-06-14 00:00,1226.6,1232.97,1215.8,1221.2
2010-06-15 00:00,1220.6,1235.65,1219.18,1233.55
2010-06-16 00:00,1233.65,1236.9,1226.3,1230.85
2010-06-17 00:00,1230.1,1250.18,1229.15,1244.3
2010-06-18 00:00,1244.68,1261.43,1240.93,1255.88
2010-06-21 00:00,1258.82,1264.2,1230.05,1231.07
2010-06-22 00:00,1231.9,1241.55,1231.2,1238.35
2010-06-23 00:00,1238.55,1245.55,1224.2,1236.5
2010-06-24 00:00,1236.1,1247.2,1227.18,1243.7
2010-06-25 00:00,1243.3,1257.18,1240.3,1254.5
2010-06-28 00:00,1253.85,1261.53,1234.83,1237.03
2010-06-29 00:00,1237.88,1243.97,1226.72,1239.85
2010-06-30 00:00,1239.85,1246.45,1234.0,1241.15
2010-07-01 00:00,1241.65,1242.75,1195.78,1199.03
2010-07-02 00:00,1197.93,1212.63,1197.93,1210.45
2010-07-05 00:00,1212.1,1213.5,1205.05,1208.03
2010-07-06 00:00,1208.22,1212.4,1188.75,1193.53
2010-07-07 00:00,1193.0,1202.95,1184.2,1201.7
2010-07-08 00:00,1201.4,1207.05,1186.65,1197.45
2010-07-09 00:00,1196.95,1212.6,1193.6,1210.6
2010-07-12 00:00,1211.5,1212.9,1195.75,1195.9
2010-07-13 00:00,1196.9,1216.9,1195.7,1210.55
2010-07-14 00:00,1211.2,1217.05,1201.95,1207.3
2010-07-15 00:00,1207.25,1216.45,1203.3,1207.75
2010-07-16 00:00,1208.2,1210.0,1185.85,1192.1
2010-07-19 00:00,1193.1,1194.25,1176.7,1183.35
2010-07-20 00:00,1183.15,1192.75,1174.9,1191.25
2010-07-21 00:00,1190.8,1196.85,1182.8,1185.55
2010-07-22 00:00,1184.2,1200.05,1180.45,1193.7
2010-07-23 00:00,1194.45,1203.2,1183.97,1188.28
2010-07-26 00:00,1187.2,1193.53,1179.13,1181.38
2010-07-27 00:00,1180.65,1186.18,1157.25,1161.55
2010-07-28 00:00,1161.6,1165.0,1156.6,1162.6
2010-07-29 00:00,1162.25,1168.75,1158.5,1167.22
2010-07-30 00:00,1167.58,1182.55,1165.0,1180.3
2010-08-02 00:00,1181.15,1189.45,1173.55,1180.95
2010-08-03 00:00,1181.65,1189.5,1178.5,1184.95
2010-08-04 00:00,1185.0,1202.0,1184.1,1195.1
2010-08-05 00:00,1194.8,1198.9,1189.2,1194.15
2010-08-06 00:00,1194.55,1210.0,1191.5,1204.55
2010-08-09 00:00,1204.05,1208.8,1198.25,1200.45
2010-08-10 00:00,1200.3,1206.15,1190.1,1202.9
2010-08-11 00:00,1203.65,1207.0,1191.7,1196.8
2010-08-12 00:00,1197.4,1214.38,1195.6,1212.13
2010-08-13 00:00,1212.88,1216.7,1209.95,1214.6
2010-08-16 00:00,1213.7,1226.35,1213.45,1223.93
2010-08-17 00:00,1224.28,1228.13,1221.63,1223.97
2010-08-18 00:00,1223.72,1231.43,1216.93,1228.78
2010-08-19 00:00,1228.53,1236.3,1227.05,1231.35
2010-08-20 00:00,1231.4,1232.95,1221.4,1227.05
2010-08-23 00:00,1226.4,1230.9,1220.95,1224.5
2010-08-24 00:00,1224.6,1234.3,1209.65,1228.4
2010-08-25 00:00,1228.9,1240.22,1228.25,1239.05
2010-08-26 00:00,1239.3,1243.53,1233.28,1235.13
2010-08-27 00:00,1235.78,1241.22,1231.28,1237.15
2010-08-30 00:00,1236.3,1237.75,1232.63,1235.55
2010-08-31 00:00,1235.55,1248.95,1230.7,1246.7
2010-09-01 00:00,1247.25,1253.9,1242.25,1243.6
2010-09-02 00:00,1243.45,1252.1,1243.05,1250.35
2010-09-03 00:00,1250.45,1252.9,1237.3,1245.9
2010-09-06 00:00,1247.75,1250.2,1245.8,1248.95
2010-09-07 00:00,1249.05,1258.4,1243.85,1253.95
2010-09-08 00:00,1253.95,1261.25,1252.8,1254.1
2010-09-09 00:00,1254.45,1257.95,1241.95,1243.2
2010-09-10 00:00,1244.25,1249.95,1236.1,1245.65
2010-09-13 00:00,1245.2,1247.95,1240.45,1244.65
2010-09-14 00:00,1244.75,1274.45,1243.95,1268.65
2010-09-15 00:00,1268.75,1271.7,1263.1,1267.95
2010-09-16 00:00,1267.2,1277.2,1264.85,1275.05
2010-09-17 00:00,1274.55,1282.7,1271.8,1273.95
2010-09-20 00:00,1276.7,1283.3,1273.9,1278.25
2010-09-21 00:00,1278.9,1290.15,1271.3,1286.55
2010-09-22 00:00,1286.7,1296.0,1286.05,1291.25
2010-09-23 00:00,1291.15,1295.55,1287.2,1292.45
2010-09-24 00:00,1292.5,1299.65,1291.45,1296.2
2010-09-27 00:00,1297.1,1299.8,1293.9,1294.75
2010-09-28 00:00,1294.8,1309.9,1282.5,1308.95
2010-09-29 00:00,1309.0,1313.3,1305.55,1309.85
2010-09-30 00:00,1309.35,1315.55,1296.2,1308.45
2010-10-01 00:00,1306.35,1320.0,1306.1,1318.7
2010-10-04 00:00,1317.7,1319.65,1312.3,1315.0
2010-10-05 00:00,1314.95,1341.4,1312.2,1340.5
2010-10-06 00:00,1340.05,1349.4,1338.8,1349.15
2010-10-07 00:00,1349.1,1364.5,1325.75,1333.5
2010-10-08 00:00,1333.3,1349.5,1324.85,1342.8
2010-10-11 00:00,1347.9,1355.1,1340.25,1353.65
2010-10-12 00:00,1353.65,1355.15,1340.7,1349.85
2010-10-13 00:00,1350.3,1373.9,1349.05,1371.9
2010-10-14 00:00,1371.85,1386.95,1370.85,1381.0
2010-10-15 00:00,1381.8,1384.5,1362.5,1368.35
2010-10-18 00:00,1370.35,1374.75,1352.75,1369.2
2010-10-19 00:00,1369.2,1370.95,1327.9,1335.15
2010-10-20 00:00,1334.05,1347.0,1330.45,1345.35
2010-10-21 00:00,1345.35,1349.1,1317.9,1325.15
2010-10-22 00:00,1325.75,1328.55,1314.7,1328.25
2010-10-25 00:00,1328.75,1349.0,1328.75,1340.05
2010-10-26 00:00,1339.7,1343.4,1328.05,1340.25
2010-10-27 00:00,1339.75,1343.5,1319.05,1325.15
2010-10-28 00:00,1324.9,1345.0,1322.85,1344.15
2010-10-29 00:00,1344.15,1359.05,1335.35,1359.05
2010-11-01 00:00,1363.6,1365.3,1349.0,1352.25
2010-11-02 00:00,1353.0,1359.65,1350.15,1356.75
2010-11-03 00:00,1356.6,1364.55,1325.35,1348.8
2010-11-04 00:00,1347.95,1394.0,1346.85,1391.4
2010-11-05 00:00,1391.1,1397.95,1374.0,1393.3
2010-11-08 00:00,1396.7,1410.2,1386.85,1409.5
2010-11-09 00:00,1409.85,1424.1,1383.05,1393.05
2010-11-10 00:00,1393.05,1409.8,1383.95,1403.2
2010-11-11 00:00,1401.8,1417.45,1397.35,1408.65
2010-11-12 00:00,1408.6,1410.2,1360.1,1368.25
2010-11-15 00:00,1370.0,1376.45,1355.8,1360.3
2010-11-16 00:00,1359.7,1364.35,1329.65,1339.35
2010-11-17 00:00,1342.0,1344.65,1330.75,1335.65
2010-11-18 00:00,1335.7,1358.9,1335.5,1353.75
2010-11-19 00:00,1354.3,1363.25,1341.65,1353.2
2010-11-22 00:00,1357.45,1367.7,1348.35,1366.15
2010-11-23 00:00,1366.45,1382.2,1356.2,1376.15
2010-11-24 00:00,1376.5,1380.75,1369.05,1372.4
2010-11-25 00:00,1372.0,1375.1,1368.05,1374.65
2010-11-26 00:00,1374.9,1374.9,1350.7,1363.05
2010-11-29 00:00,1362.9,1369.1,1352.8,1366.45
2010-11-30 00:00,1366.9,1389.7,1362.7,1386.8
2010-12-01 00:00,1386.3,1396.45,1381.9,1386.8
2010-12-02 00:00,1386.95,1398.15,1382.95,1385.65
2010-12-03 00:00,1385.7,1415.55,1385.6,1413.45
2010-12-06 00:00,1413.8,1426.65,1408.5,1423.45
2010-12-07 00:00,1424.35,1430.6,1396.35,1400.9
2010-12-08 00:00,1400.4,1404.15,1370.9,1381.3
2010-12-09 00:00,1382.05,1394.4,1380.15,1387.15
2010-12-10 00:00,1387.2,1392.1,1372.3,1385.25
2010-12-13 00:00,1383.75,1399.05,1379.7,1394.45
2010-12-14 00:00,1393.95,1408.05,1391.75,1396.1
2010-12-15 00:00,1396.0,1397.25,1378.5,1379.4
2010-12-16 00:00,1378.05,1386.2,1361.85,1369.65
2010-12-17 00:00,1369.55,1378.75,1364.6,1374.9
2010-12-20 00:00,1375.75,1388.1,1375.75,1385.5
2010-12-21 00:00,1384.35,1391.8,1380.9,1385.3
2010-12-22 00:00,1385.2,1390.9,1383.0,1385.1
2010-12-23 00:00,1385.2,1388.25,1372.15,1378.25
2010-12-27 00:00,1377.45,1385.95,1372.35,1383.9
2010-12-28 00:00,1383.1,1406.25,1382.35,1405.85
2010-12-29 00:00,1405.5,1413.55,1401.0,1411.65
2010-12-30 00:00,1411.6,1414.6,1402.9,1404.25
2010-12-31 00:00,1404.25,1420.95,1404.25,1420.55
2011-01-03 00:00,1419.0,1423.5,1412.6,1414.1
2011-01-04 00:00,1414.6,1417.0,1374.9,1380.8
2011-01-05 00:00,1382.8,1384.6,1364.3,1377.9
2011-01-06 00:00,1376.6,1379.5,1364.8,1370.7
2011-01-07 00:00,1370.2,1378.0,1354.3,1364.7
2011-01-10 00:00,1371.0,1375.5,1365.5,1373.9
2011-01-11 00:00,1376.2,1386.1,1373.3,1380.5
2011-01-12 00:00,1383.0,1388.3,1376.5,1387.7
2011-01-13 00:00,1385.8,1392.8,1369.5,1372.4
2011-01-14 00:00,1375.3,1377.8,1355.1,1360.9
2011-01-17 00:00,1362.3,1365.4,1357.3,1360.5
2011-01-18 00:00,1360.9,1376.24,1360.3,1367.65
2011-01-19 00:00,1366.52,1378.87,1365.79,1370.47
2011-01-20 00:00,1370.02,1371.14,1343.45,1345.82
2011-01-21 00:00,1346.16,1350.26,1337.91,1342.1
2011-01-24 00:00,1342.93,1353.31,1333.3,1334.54
2011-01-25 00:00,1334.48,1338.59,1322.88,1332.23
2011-01-26 00:00,1332.41,1346.66,1325.08,1345.39
2011-01-27 00:00,1345.57,1348.09,1310.49,1314.43
2011-01-28 00:00,1314.44,1346.9,1308.26,1336.7
2011-01-31 00:00,1338.4,1345.7,1323.19,1333.0
2011-02-01 00:00,1332.26,1343.06,1325.57,1342.44
2011-02-02 00:00,1343.58,1344.06,1326.76,1335.05
2011-02-03 00:00,1335.06,1355.77,1325.3,1354.95
2011-02-04 00:00,1354.96,1358.0,1345.39,1348.96
2011-02-07 00:00,1347.42,1352.93,1343.74,1352.17
2011-02-08 00:00,1352.67,1367.97,1348.58,1364.04
2011-02-09 00:00,1363.58,1366.91,1358.6,1363.58
2011-02-10 00:00,1364.1,1366.03,1351.41,1363.47
2011-02-11 00:00,1363.51,1368.25,1354.05,1356.71
2011-02-14 00:00,1357.09,1366.7,1353.97,1361.5
2011-02-15 00:00,1360.47,1376.1,1359.3,1373.9
2011-02-16 00:00,1373.7,1382.15,1368.7,1376.0
2011-02-17 00:00,1375.9,1385.37,1374.15,1385.22
2011-02-18 00:00,1385.55,1391.84,1381.61,1390.45
2011-02-21 00:00,1391.42,1408.36,1390.22,1406.59
2011-02-22 00:00,1407.3,1411.03,1392.67,1398.9
2011-02-23 00:00,1400.75,1416.38,1395.6,1411.55
2011-02-24 00:00,1411.45,1418.2,1392.15,1402.3
2011-02-25 00:00,1401.55,1411.8,1400.28,1410.35
2011-02-28 00:00,1410.55,1416.73,1405.1,1410.93
2011-03-01 00:00,1411.51,1435.4,1409.56,1432.92
2011-03-02 00:00,1433.17,1440.42,1427.7,1434.3
2011-03-03 00:00,1436.33,1436.33,1410.48,1415.77
2011-03-04 00:00,1415.82,1432.52,1413.6,1431.15
2011-03-07 00:00,1434.6,1444.86,1428.23,1431.3
2011-03-08 00:00,1431.72,1436.93,1423.51,1428.84
2011-03-09 00:00,1429.59,1436.48,1423.41,1431.07
2011-03-10 00:00,1431.45,1431.45,1403.15,1411.65
2011-03-11 00:00,1411.63,1424.27,1404.66,1417.94
2011-03-14 00:00,1431.14,1431.37,1418.46,1426.31
2011-03-15 00:00,1426.31,1427.61,1381.26,1394.11
2011-03-16 00:00,1394.12,1406.33,1392.05,1393.55
2011-03-17 00:00,1391.4,1405.14,1386.65,1404.61
2011-03-18 00:00,1406.16,1423.96,1405.75,1420.02
2011-03-21 00:00,1425.76,1434.92,1423.97,1426.59
2011-03-22 00:00,1426.59,1432.12,1419.6,1428.58
2011-03-23 00:00,1428.58,1441.15,1426.02,1438.11
2011-03-24 00:00,1438.44,1447.86,1423.89,1431.86
2011-03-25 00:00,1431.79,1437.97,1422.43,1429.9
2011-03-28 00:00,1427.7,1428.9,1410.41,1420.69
2011-03-29 00:00,1420.6,1424.08,1411.25,1418.78
2011-03-30 00:00,1418.0,1430.02,1412.28,1424.06
2011-03-31 00:00,1423.5,1439.46,1420.45,1432.0
2011-04-01 00:00,1433.04,1436.43,1412.75,1428.9
2011-04-04 00:00,1428.9,1438.96,1428.11,1434.42
2011-04-05 00:00,1434.45,1457.38,1430.17,1456.05
2011-04-06 00:00,1456.87,1462.49,1451.57,1459.13
2011-04-07 00:00,1462.3,1464.37,1452.89,1458.5
2011-04-08 00:00,1458.78,1475.27,1456.65,1475.1
2011-04-11 00:00,1475.38,1476.57,1459.41,1463.32
2011-04-12 00:00,1463.77,1467.35,1444.25,1453.1
2011-04-13 00:00,1452.4,1462.3,1451.4,1457.0
2011-04-14 00:00,1455.8,1475.62,1453.57,1474.9
2011-04-15 00:00,1475.58,1488.4,1471.57,1486.6
2011-04-18 00:00,1486.75,1497.92,1477.62,1495.94
2011-04-19 00:00,1496.3,1499.17,1487.94,1495.05
2011-04-20 00:00,1495.19,1506.05,1493.1,1502.35
2011-04-21 00:00,1501.91,1509.22,1499.5,1504.34
2011-04-25 00:00,1510.72,1518.73,1502.16,1507.33
2011-04-26 00:00,1507.12,1508.3,1493.21,1507.18
2011-04-27 00:00,1506.27,1530.35,1503.67,1526.95
2011-04-28 00:00,1527.55,1538.5,1524.25,1535.7
2011-04-29 00:00,1535.77,1569.41,1532.02,1563.45
2011-05-02 00:00,1566.32,1576.9,1540.65,1545.15
2011-05-03 00:00,1545.14,1551.29,1527.31,1536.87
2011-05-04 00:00,1537.87,1543.31,1506.22,1516.7
2011-05-05 00:00,1515.74,1522.11,1462.65,1473.5
2011-05-06 00:00,1476.06,1498.36,1471.17,1495.6
2011-05-09 00:00,1495.5,1514.05,1490.27,1513.0
2011-05-10 00:00,1512.7,1519.45,1506.07,1515.87
2011-05-11 00:00,1516.07,1526.67,1495.89,1500.5
2011-05-12 00:00,1499.74,1508.1,1478.26,1506.52
2011-05-13 00:00,1506.39,1516.6,1483.04,1495.25
2011-05-16 00:00,1495.2,1504.52,1487.65,1490.07
2011-05-17 00:00,1489.68,1497.74,1472.12,1486.92
2011-05-18 00:00,1487.25,1500.06,1485.07,1497.12
2011-05-19 00:00,1496.52,1499.87,1486.58,1493.77
2011-05-20 00:00,1494.02,1515.89,1487.13,1512.05
2011-05-23 00:00,1513.02,1519.15,1504.05,1517.15
2011-05-24 00:00,1517.54,1527.73,1513.45,1526.47
2011-05-25 00:00,1526.37,1532.36,1521.39,1526.02
2011-05-26 00:00,1525.55,1531.0,1514.8,1519.15
2011-05-27 00:00,1518.8,1538.47,1518.8,1536.26
2011-05-30 00:00,1536.72,1539.33,1534.3,1538.82
2011-05-31 00:00,1538.7,1540.94,1532.35,1535.57
2011-06-01 00:00,1535.47,1550.47,1529.6,1540.92
2011-06-02 00:00,1541.05,1544.55,1519.72,1533.57
2011-06-03 00:00,1533.9,1546.83,1524.07,1542.15
2011-06-06 00:00,1542.41,1553.69,1541.0,1544.55
2011-06-07 00:00,1544.3,1550.05,1536.28,1544.57
2011-06-08 00:00,1544.6,1546.47,1531.15,1537.67
2011-06-09 00:00,1537.5,1549.64,1533.39,1544.4
2011-06-10 00:00,1544.27,1545.72,1526.05,1531.3
2011-06-13 00:00,1530.25,1532.83,1511.07,1515.95
2011-06-14 00:00,1515.7,1526.24,1512.2,1524.0
2011-06-15 00:00,1524.9,1534.68,1514.11,1530.42
2011-06-16 00:00,1530.25,1533.0,1521.79,1529.22
2011-06-17 00:00,1528.95,1542.13,1522.71,1539.4
2011-06-20 00:00,1539.87,1547.1,1533.09,1540.2
2011-06-21 00:00,1540.37,1548.16,1538.77,1547.15
2011-06-22 00:00,1547.45,1558.23,1541.57,1547.97
2011-06-23 00:00,1547.28,1548.83,1513.08,1520.98
2011-06-24 00:00,1520.85,1525.97,1498.58,1502.75
2011-06-27 00:00,1501.42,1505.43,1491.37,1497.07
2011-06-28 00:00,1496.87,1506.37,1495.78,1502.12
2011-06-29 00:00,1502.15,1513.12,1500.4,1511.65
2011-06-30 00:00,1512.0,1514.33,1498.78,1500.6
2011-07-01 00:00,1501.6,1502.72,1478.35,1487.75
2011-07-04 00:00,1486.82,1496.75,1486.34,1496.54
2011-07-05 00:00,1496.05,1516.7,1493.38,1516.17
2011-07-06 00:00,1516.01,1533.89,1510.34,1529.42
2011-07-07 00:00,1529.07,1534.69,1522.95,1532.42
2011-07-08 00:00,1532.35,1545.52,1525.16,1544.2
2011-07-11 00:00,1545.87,1556.97,1541.96,1554.1
2011-07-12 00:00,1554.45,1573.31,1540.83,1567.22
2011-07-13 00:00,1567.4,1587.98,1564.5,1582.7
2011-07-14 00:00,1585.41,1594.25,1578.8,1587.42
2011-07-15 00:00,1587.09,1593.87,1576.11,1593.75
2011-07-18 00:00,1593.93,1607.55,1591.62,1605.4
2011-07-19 00:00,1605.37,1610.2,1582.69,1588.87
2011-07-20 00:00,1587.8,1602.27,1581.2,1602.12
2011-07-21 00:00,1601.62,1604.47,1585.1,1590.1
2011-07-22 00:00,1589.35,1607.0,1584.4,1601.25
2011-07-25 00:00,1608.47,1624.31,1603.8,1614.9
2011-07-26 00:00,1614.75,1620.45,1607.99,1619.3
2011-07-27 00:00,1619.62,1628.6,1609.17,1613.95
2011-07-28 00:00,1614.1,1620.27,1603.3,1617.02
2011-07-29 00:00,1615.6,1632.65,1610.6,1624.85
2011-08-01 00:00,1610.15,1632.01,1609.0,1620.2
2011-08-02 00:00,1620.0,1661.4,1616.55,1660.05
2011-08-03 00:00,1660.54,1672.92,1652.13,1661.4
2011-08-04 00:00,1660.87,1681.9,1640.72,1649.05
2011-08-05 00:00,1647.16,1670.27,1641.9,1661.05
2011-08-08 00:00,1689.95,1720.25,1682.55,1717.35
2011-08-09 00:00,1717.31,1779.55,1715.25,1744.15
2011-08-10 00:00,1745.6,1797.27,1737.74,1795.05
2011-08-11 00:00,1794.97,1814.99,1732.44,1767.82
2011-08-12 00:00,1764.55,1768.27,1723.78,1746.6
2011-08-15 00:00,1745.0,1766.49,1728.63,1765.7
2011-08-16 00:00,1765.63,1787.3,1761.32,1786.6
2011-08-17 00:00,1786.36,1794.85,1779.32,1788.65
2011-08-18 00:00,1789.26,1828.64,1784.13,1824.6
2011-08-19 00:00,1824.53,1877.51,1821.87,1852.05
2011-08-22 00:00,1861.15,1901.1,1856.02,1898.17
2011-08-23 00:00,1898.44,1912.14,1823.57,1830.82
2011-08-24 00:00,1829.83,1853.95,1750.04,1751.27
2011-08-25 00:00,1751.16,1775.4,1703.27,1772.15
2011-08-26 00:00,1772.92,1828.37,1757.56,1828.2
2011-08-29 00:00,1837.95,1839.01,1776.33,1788.42
2011-08-30 00:00,1789.02,1840.21,1783.3,1835.52
2011-08-31 00:00,1835.69,1839.5,1811.5,1825.34
2011-09-01 00:00,1824.52,1830.7,1813.36,1825.17
2011-09-02 00:00,1825.16,1884.53,1824.43,1882.85
2011-09-05 00:00,1878.05,1903.47,1874.43,1901.34
2011-09-06 00:00,1901.98,1921.07,1857.73,1873.17
2011-09-07 00:00,1872.74,1880.43,1793.12,1817.27
2011-09-08 00:00,1817.72,1870.77,1814.09,1869.24
2011-09-09 00:00,1870.14,1886.25,1825.37,1856.5
2011-09-12 00:00,1856.85,1862.33,1801.58,1814.33
2011-09-13 00:00,1814.63,1844.35,1796.1,1834.06
2011-09-14 00:00,1834.61,1845.2,1808.86,1820.81
2011-09-15 00:00,1821.36,1826.68,1772.86,1789.61
2011-09-16 00:00,1787.81,1821.39,1762.76,1811.41
2011-09-19 00:00,1817.96,1827.11,1770.69,1778.68
2011-09-20 00:00,1777.98,1811.44,1769.76,1803.52
2011-09-21 00:00,1803.57,1816.66,1778.62,1780.26
2011-09-22 00:00,1779.72,1786.31,1720.9,1736.28
2011-09-23 00:00,1737.25,1755.09,1628.69,1644.1
2011-09-26 00:00,1657.07,1663.4,1533.19,1628.13
2011-09-27 00:00,1626.22,1677.13,1615.23,1649.58
2011-09-28 00:00,1650.11,1669.56,1598.74,1608.66
2011-09-29 00:00,1607.36,1635.18,1583.24,1615.16
2011-09-30 00:00,1616.66,1640.55,1606.86,1623.83
2011-10-03 00:00,1620.28,1664.53,1620.03,1660.93
2011-10-04 00:00,1660.78,1678.43,1595.76,1624.63
2011-10-05 00:00,1625.38,1646.96,1597.91,1642.43
2011-10-06 00:00,1640.88,1655.2,1631.87,1650.38
2011-10-07 00:00,1651.41,1666.23,1625.93,1638.16
2011-10-10 00:00,1639.51,1678.03,1638.34,1675.93
2011-10-11 00:00,1676.39,1684.73,1654.03,1663.13
2011-10-12 00:00,1663.08,1691.98,1656.0,1674.58
2011-10-13 00:00,1675.63,1684.38,1652.89,1662.71
2011-10-14 00:00,1667.01,1683.64,1661.04,1680.83
2011-10-17 00:00,1682.96,1695.08,1665.57,1670.53
2011-10-18 00:00,1670.68,1676.63,1626.89,1655.05
2011-10-19 00:00,1655.95,1665.18,1639.61,1649.56
2011-10-20 00:00,1643.92,1644.96,1603.32,1620.8
2011-10-21 00:00,1620.03,1648.44,1611.48,1641.67
2011-10-24 00:00,1642.16,1661.89,1635.69,1653.04
2011-10-25 00:00,1653.44,1708.93,1644.17,1705.18
2011-10-26 00:00,1705.43,1726.82,1695.23,1717.63
2011-10-27 00:00,1725.59,1750.0,1706.3,1745.44
2011-10-28 00:00,1744.47,1752.59,1732.46,1743.3
2011-10-31 00:00,1743.17,1745.11,1704.92,1709.82
2011-11-01 00:00,1710.7,1724.47,1681.39,1717.98
2011-11-02 00:00,1715.14,1744.35,1714.73,1738.39
2011-11-03 00:00,1739.14,1768.08,1722.8,1760.75
2011-11-04 00:00,1760.85,1763.96,1748.93,1754.84
2011-11-07 00:00,1753.86,1798.53,1753.23,1795.43
2011-11-08 00:00,1794.63,1803.1,1776.92,1785.79
2011-11-09 00:00,1785.6,1799.8,1764.03,1769.3
2011-11-10 00:00,1769.84,1775.6,1736.05,1758.62
2011-11-11 00:00,1758.6,1789.31,1744.28,1788.36
2011-11-14 00:00,1788.76,1796.12,1773.68,1780.04
2011-11-15 00:00,1780.48,1785.98,1760.4,1780.89
2011-11-16 00:00,1781.23,1783.64,1753.48,1762.42
2011-11-17 00:00,1763.75,1766.94,1710.62,1720.7
2011-11-18 00:00,1722.85,1737.62,1711.02,1724.0
2011-11-21 00:00,1723.35,1726.53,1666.8,1677.06
2011-11-22 00:00,1677.58,1705.63,1667.69,1698.88
2011-11-23 00:00,1699.73,1710.15,1677.36,1692.32
2011-11-24 00:00,1692.68,1702.01,1687.98,1695.09
2011-11-25 00:00,1693.94,1698.08,1671.95,1680.46
2011-11-28 00:00,1680.58,1720.68,1680.58,1711.71
2011-11-29 00:00,1711.14,1720.15,1703.84,1715.65
2011-11-30 00:00,1717.41,1750.0,1700.78,1749.34
2011-12-01 00:00,1748.75,1754.15,1733.58,1745.38
2011-12-02 00:00,1744.95,1762.55,1738.09,1746.65
2011-12-05 00:00,1747.45,1755.01,1717.93,1722.03
2011-12-06 00:00,1722.83,1733.13,1702.18,1729.29
2011-12-07 00:00,1728.82,1742.82,1720.44,1742.78
2011-12-08 00:00,1742.71,1755.98,1704.29,1707.38
2011-12-09 00:00,1705.37,1724.18,1703.59,1711.41
2011-12-12 00:00,1712.69,1714.93,1657.63,1666.33
2011-12-13 00:00,1664.61,1678.07,1622.67,1631.66
2011-12-14 00:00,1628.76,1641.49,1564.27,1576.28
2011-12-15 00:00,1578.91,1594.08,1560.55,1570.58
2011-12-16 00:00,1571.24,1601.23,1571.2,1598.98
2011-12-19 00:00,1601.25,1608.61,1583.5,1594.57
2011-12-20 00:00,1593.81,1618.51,1588.6,1615.15
2011-12-21 00:00,1615.25,1641.89,1606.28,1615.08
2011-12-22 00:00,1615.41,1616.92,1598.21,1606.03
2011-12-23 00:00,1605.82,1613.95,1602.89,1606.91
2011-12-27 00:00,1607.41,1607.41,1589.75,1592.43
2011-12-28 00:00,1592.79,1593.1,1549.84,1556.58
2011-12-29 00:00,1556.53,1561.41,1522.86,1545.33
2011-12-30 00:00,1546.17,1581.53,1545.93,1564.81
2012-01-03 00:00,1569.36,1607.47,1567.14,1603.88
2012-01-04 00:00,1603.96,1618.7,1592.8,1611.73
2012-01-05 00:00,1612.73,1625.85,1596.86,1621.43
2012-01-06 00:00,1621.75,1630.84,1608.8,1617.55
2012-01-09 00:00,1617.18,1623.85,1605.39,1610.88
2012-01-10 00:00,1611.09,1640.25,1608.65,1632.33
2012-01-11 00:00,1631.56,1647.28,1630.4,1643.13
2012-01-12 00:00,1642.33,1662.09,1640.37,1648.68
2012-01-13 00:00,1648.95,1649.69,1625.54,1639.48
2012-01-16 00:00,1635.31,1647.07,1631.77,1643.63
2012-01-17 00:00,1643.4,1667.66,1641.92,1651.83
2012-01-18 00:00,1651.66,1662.52,1642.94,1659.48
2012-01-19 00:00,1660.12,1670.2,1649.26,1656.73
2012-01-20 00:00,1657.44,1666.9,1645.13,1666.58
2012-01-23 00:00,1665.09,1681.56,1662.73,1676.43
2012-01-24 00:00,1676.11,1679.73,1661.56,1665.36
2012-01-25 00:00,1666.09,1713.07,1649.22,1710.68
2012-01-26 00:00,1710.99,1730.61,1703.36,1720.83
2012-01-27 00:00,1720.35,1739.65,1714.53,1739.26
2012-01-30 00:00,1736.79,1739.98,1716.55,1731.03
2012-01-31 00:00,1731.7,1747.5,1726.71,1737.23
2012-02-01 00:00,1737.12,1750.98,1733.02,1744.93
2012-02-02 00:00,1744.44,1761.25,1741.42,1758.68
2012-02-03 00:00,1759.31,1763.3,1723.85,1726.18
2012-02-06 00:00,1728.34,1738.19,1711.93,1719.93
2012-02-07 00:00,1720.22,1749.97,1710.3,1745.48
2012-02-08 00:00,1744.52,1752.24,1724.95,1734.93
2012-02-09 00:00,1732.61,1752.18,1725.91,1730.96
2012-02-10 00:00,1729.19,1734.79,1704.67,1721.72
2012-02-13 00:00,1725.08,1733.46,1716.27,1721.91
2012-02-14 00:00,1721.52,1727.72,1712.23,1720.16
2012-02-15 00:00,1721.17,1737.36,1718.74,1728.08
2012-02-16 00:00,1728.38,1729.95,1705.67,1728.01
2012-02-17 00:00,1728.03,1735.9,1717.36,1723.23
2012-02-20 00:00,1726.71,1736.97,1726.63,1734.28
2012-02-21 00:00,1734.93,1759.97,1731.12,1759.69
2012-02-22 00:00,1759.88,1781.87,1749.45,1776.46
2012-02-23 00:00,1777.0,1787.46,1772.29,1779.18
2012-02-24 00:00,1778.66,1782.96,1770.75,1772.31
2012-02-27 00:00,1775.01,1779.48,1761.92,1767.99
2012-02-28 00:00,1768.2,1790.15,1765.92,1784.11
2012-02-29 00:00,1784.51,1790.71,1688.75,1695.47
2012-03-01 00:00,1695.0,1726.0,1694.76,1718.33
2012-03-02 00:00,1718.46,1724.33,1705.59,1712.46
2012-03-05 00:00,1712.58,1716.79,1694.09,1706.99
2012-03-06 00:00,1706.28,1709.03,1663.68,1674.33
2012-03-07 00:00,1674.68,1688.04,1671.4,1684.88
2012-03-08 00:00,1685.08,1704.02,1683.7,1699.46
2012-03-09 00:00,1700.0,1715.22,1676.85,1713.98
2012-03-12 00:00,1714.07,1714.35,1692.96,1702.11
2012-03-13 00:00,1699.84,1705.76,1662.69,1674.88
2012-03-14 00:00,1676.79,1682.41,1634.68,1643.41
2012-03-15 00:00,1643.6,1666.59,1636.26,1657.54
2012-03-16 00:00,1656.06,1664.83,1639.84,1659.91
2012-03-19 00:00,1658.77,1669.86,1652.72,1664.41
2012-03-20 00:00,1662.28,1664.82,1641.99,1650.38
2012-03-21 00:00,1648.76,1661.73,1646.74,1649.77
2012-03-22 00:00,1649.9,1656.43,1628.22,1645.75
2012-03-23 00:00,1644.6,1666.4,1642.33,1661.92
2012-03-26 00:00,1662.86,1693.63,1655.66,1690.33
2012-03-27 00:00,1690.31,1697.1,1679.68,1680.96
2012-03-28 00:00,1680.18,1684.56,1654.76,1663.46
2012-03-29 00:00,1663.0,1665.03,1645.23,1661.33
2012-03-30 00:00,1661.31,1671.01,1660.08,1668.28
2012-04-02 00:00,1670.22,1683.7,1663.01,1677.55
2012-04-03 00:00,1676.62,1681.08,1639.33,1646.55
2012-04-04 00:00,1645.29,1648.13,1612.53,1620.74
2012-04-05 00:00,1620.42,1633.54,1620.08,1631.23
2012-04-09 00:00,1643.31,1648.88,1635.64,1640.42
2012-04-10 00:00,1641.34,1663.3,1632.04,1659.57
2012-04-11 00:00,1659.45,1662.63,1653.27,1659.39
2012-04-12 00:00,1659.24,1680.23,1650.76,1675.07
2012-04-13 00:00,1675.37,1678.01,1649.61,1658.41
2012-04-16 00:00,1655.93,1657.84,1641.47,1652.95
2012-04-17 00:00,1652.69,1657.51,1634.67,1650.17
2012-04-18 00:00,1650.21,1654.4,1637.99,1642.17
2012-04-19 00:00,1642.0,1653.97,1631.48,1642.76
2012-04-20 00:00,1642.68,1647.27,1638.71,1642.97
2012-04-23 00:00,1642.15,1643.39,1623.58,1638.43
2012-04-24 00:00,1638.67,1649.21,1634.15,1641.58
2012-04-25 00:00,1640.93,1646.39,1625.12,1644.13
2012-04-26 00:00,1644.34,1660.89,1641.7,1654.9
2012-04-27 00:00,1655.5,1666.6,1650.5,1662.3
2012-04-30 00:00,1663.7,1665.8,1647.6,1663.7
2012-05-01 00:00,1665.2,1670.8,1657.3,1660.4
2012-05-02 00:00,1662.2,1662.6,1646.9,1651.6
2012-05-03 00:00,1651.9,1652.9,1631.3,1635.5
2012-05-04 00:00,1635.6,1646.9,1626.9,1641.8
2012-05-07 00:00,1638.3,1642.1,1633.2,1636.3
2012-05-08 00:00,1638.17,1638.53,1595.14,1605.32
2012-05-09 00:00,1604.92,1605.08,1579.98,1589.58
2012-05-10 00:00,1589.88,1601.35,1585.47,1594.38
2012-05-11 00:00,1593.9,1594.11,1573.47,1578.93
2012-05-14 00:00,1581.24,1585.26,1555.81,1556.67
2012-05-15 00:00,1558.82,1563.36,1541.17,1544.03
2012-05-16 00:00,1544.71,1551.39,1526.63,1539.09
2012-05-17 00:00,1540.1,1579.38,1540.09,1574.19
2012-05-18 00:00,1573.8,1597.02,1567.59,1592.44
2012-05-21 00:00,1592.57,1598.77,1584.6,1593.1
2012-05-22 00:00,1593.75,1594.09,1561.23,1567.57
2012-05-23 00:00,1567.21,1567.35,1533.45,1561.46
2012-05-24 00:00,1560.34,1577.53,1551.53,1557.57
2012-05-25 00:00,1555.96,1573.49,1551.11,1572.82
2012-05-28 00:00,1574.91,1583.45,1571.07,1573.9
2012-05-29 00:00,1577.95,1582.11,1547.87,1554.58
2012-05-30 00:00,1553.99,1569.05,1533.45,1561.8
2012-05-31 00:00,1562.1,1571.85,1552.45,1558.7
2012-06-01 00:00,1559.85,1628.58,1544.81,1621.81
2012-06-04 00:00,1619.61,1626.38,1607.29,1616.47
2012-06-05 00:00,1618.35,1621.93,1610.77,1615.34
2012-06-06 00:00,1617.0,1639.2,1612.05,1618.89
2012-06-07 00:00,1620.67,1627.05,1577.71,1587.31
2012-06-08 00:00,1588.35,1593.52,1556.89,1592.08
2012-06-11 00:00,1598.52,1603.48,1580.59,1594.72
2012-06-12 00:00,1589.92,1615.91,1584.84,1608.35
2012-06-13 00:00,1609.84,1622.61,1604.33,1616.55
2012-06-14 00:00,1616.66,1626.41,1609.19,1621.51
2012-06-15 00:00,1619.95,1631.79,1618.35,1624.69
2012-06-18 00:00,1614.34,1628.93,1613.06,1626.72
2012-06-19 00:00,1626.43,1631.53,1615.51,1616.71
2012-06-20 00:00,1618.1,1621.1,1589.15,1604.22
2012-06-21 00:00,1601.83,1603.27,1562.49,1563.27
2012-06-22 00:00,1566.32,1571.9,1556.74,1571.8
2012-06-25 00:00,1566.72,1586.61,1564.87,1583.12
2012-06-26 00:00,1583.03,1585.17,1566.54,1570.44
2012-06-27 00:00,1569.69,1580.46,1561.09,1572.62
2012-06-28 00:00,1572.61,1577.37,1546.56,1550.3
2012-06-29 00:00,1550.5,1605.41,1549.4,1596.95
2012-07-02 00:00,1597.51,1601.78,1586.95,1595.95
2012-07-03 00:00,1595.91,1624.07,1594.63,1616.1
2012-07-04 00:00,1619.23,1619.73,1611.3,1614.54
2012-07-05 00:00,1614.36,1623.41,1597.27,1604.27
2012-07-06 00:00,1606.18,1608.93,1576.37,1583.15
2012-07-09 00:00,1578.18,1592.7,1576.48,1587.41
2012-07-10 00:00,1586.94,1600.38,1564.22,1566.9
2012-07-11 00:00,1569.22,1582.54,1566.23,1576.65
2012-07-12 00:00,1577.08,1577.08,1554.26,1571.8
2012-07-13 00:00,1567.08,1596.44,1567.05,1589.4
2012-07-16 00:00,1591.33,1594.39,1578.13,1587.91
2012-07-17 00:00,1589.61,1598.33,1571.55,1582.18
2012-07-18 00:00,1583.36,1585.52,1567.73,1573.05
2012-07-19 00:00,1572.92,1591.17,1572.34,1581.33
2012-07-20 00:00,1583.59,1586.83,1573.35,1584.1
2012-07-23 00:00,1580.92,1581.84,1563.23,1576.3
2012-07-24 00:00,1575.67,1583.57,1568.77,1581.91
2012-07-25 00:00,1579.57,1609.74,1578.49,1604.3
2012-07-26 00:00,1603.37,1621.15,1600.97,1616.26
2012-07-27 00:00,1613.65,1628.82,1611.45,1622.5
2012-07-30 00:00,1623.68,1624.65,1614.31,1621.32
2012-07-31 00:00,1621.17,1627.26,1610.69,1614.08
2012-08-01 00:00,1613.63,1618.07,1591.82,1599.69
2012-08-02 00:00,1601.22,1613.89,1584.69,1587.93
2012-08-03 00:00,1588.81,1606.37,1585.66,1603.05
2012-08-06 00:00,1603.12,1614.99,1603.12,1610.97
2012-08-07 00:00,1610.52,1618.0,1608.54,1611.45
2012-08-08 00:00,1611.25,1616.4,1602.99,1611.89
2012-08-09 00:00,1612.53,1617.98,1609.32,1616.67
2012-08-10 00:00,1616.48,1625.8,1605.49,1619.75
2012-08-13 00:00,1620.98,1625.16,1607.07,1609.82
2012-08-14 00:00,1609.92,1615.92,1594.95,1599.1
2012-08-15 00:00,1599.46,1605.71,1590.21,1602.87
2012-08-16 00:00,1603.26,1618.17,1600.49,1614.1
2012-08-17 00:00,1614.22,1619.71,1611.51,1615.55
2012-08-20 00:00,1616.83,1622.1,1609.84,1620.32
2012-08-21 00:00,1618.33,1640.77,1618.29,1637.32
2012-08-22 00:00,1637.26,1655.5,1634.25,1654.37
2012-08-23 00:00,1653.35,1674.5,1653.35,1669.67
2012-08-24 00:00,1668.9,1673.18,1662.23,1670.15
2012-08-27 00:00,1673.75,1676.51,1662.73,1663.65
2012-08-28 00:00,1665.3,1672.0,1656.82,1666.4
2012-08-29 00:00,1666.7,1669.54,1652.15,1655.73
2012-08-30 00:00,1656.89,1663.66,1651.07,1654.87
2012-08-31 00:00,1655.32,1692.58,1646.72,1691.61
2012-09-03 00:00,1687.75,1694.63,1685.17,1692.07
2012-09-04 00:00,1691.37,1698.45,1687.9,1695.66
2012-09-05 00:00,1694.7,1694.75,1687.03,1693.0
2012-09-06 00:00,1692.36,1712.98,1691.11,1701.24
2012-09-07 00:00,1700.28,1741.09,1688.7,1734.85
2012-09-10 00:00,1733.35,1739.58,1724.42,1724.84
2012-09-11 00:00,1726.89,1737.55,1726.45,1731.89
2012-09-12 00:00,1732.96,1746.52,1725.4,1730.65
2012-09-13 00:00,1731.73,1772.25,1719.33,1766.3
2012-09-14 00:00,1768.85,1777.45,1765.16,1769.5
2012-09-17 00:00,1774.43,1775.95,1753.95,1762.4
2012-09-18 00:00,1761.5,1772.89,1752.28,1771.17
2012-09-19 00:00,1770.5,1778.95,1762.4,1768.82
2012-09-20 00:00,1770.1,1771.9,1755.6,1767.63
2012-09-21 00:00,1767.55,1787.2,1767.45,1772.81
2012-09-24 00:00,1770.13,1770.14,1755.2,1764.0
2012-09-25 00:00,1764.5,1774.66,1758.48,1760.58
2012-09-26 00:00,1760.7,1765.1,1736.75,1752.44
2012-09-27 00:00,1752.45,1779.94,1752.35,1776.68
2012-09-28 00:00,1777.55,1782.83,1767.08,1771.25
2012-10-01 00:00,1765.4,1791.16,1763.0,1774.82
2012-10-02 00:00,1775.75,1783.9,1770.41,1774.25
2012-10-03 00:00,1773.79,1781.44,1770.58,1778.16
2012-10-04 00:00,1779.7,1794.76,1777.69,1789.87
2012-10-05 00:00,1790.6,1795.54,1772.8,1779.7
2012-10-08 00:00,1776.7,1779.11,1766.23,1775.32
2012-10-09 00:00,1775.33,1779.35,1759.97,1763.73
2012-10-10 00:00,1764.73,1767.68,1756.48,1761.82
2012-10-11 00:00,1760.95,1774.5,1758.24,1767.14
2012-10-12 00:00,1768.1,1772.97,1751.82,1753.5
2012-10-15 00:00,1743.65,1748.69,1728.17,1736.78
2012-10-16 00:00,1734.55,1747.81,1734.43,1747.66
2012-10-17 00:00,1749.26,1753.12,1742.48,1749.63
2012-10-18 00:00,1748.91,1751.74,1737.73,1741.23
2012-10-19 00:00,1742.85,1743.04,1716.17,1720.75
2012-10-22 00:00,1715.77,1728.87,1715.31,1728.61
2012-10-23 00:00,1729.05,1729.05,1703.63,1706.93
2012-10-24 00:00,1709.2,1713.94,1698.26,1701.55
2012-10-25 00:00,1704.7,1717.58,1704.08,1709.9
2012-10-26 00:00,1712.68,1718.2,1700.43,1710.6
2012-10-29 00:00,1714.37,1716.83,1705.57,1708.7
2012-10-30 00:00,1709.12,1714.79,1707.65,1709.86
2012-10-31 00:00,1710.81,1725.63,1710.45,1719.71
2012-11-01 00:00,1719.1,1726.51,1713.23,1715.03
2012-11-02 00:00,1715.97,1716.11,1674.27,1677.46
2012-11-05 00:00,1682.11,1685.83,1672.29,1684.74
2012-11-06 00:00,1685.38,1720.45,1683.23,1715.58
2012-11-07 00:00,1709.25,1731.13,1703.03,1717.1
2012-11-08 00:00,1715.81,1734.26,1712.35,1730.41
2012-11-09 00:00,1732.87,1738.08,1726.69,1730.75
2012-11-12 00:00,1733.83,1737.59,1725.14,1727.63
2012-11-13 00:00,1725.96,1732.23,1717.44,1724.8
2012-11-14 00:00,1727.23,1733.2,1720.41,1725.93
2012-11-15 00:00,1723.83,1727.46,1704.68,1716.5
2012-11-16 00:00,1715.83,1716.68,1705.41,1713.35
2012-11-19 00:00,1716.68,1735.11,1715.75,1730.95
2012-11-20 00:00,1731.01,1735.18,1721.72,1728.42
2012-11-21 00:00,1726.48,1731.61,1720.18,1728.27
2012-11-22 00:00,1729.24,1732.13,1728.07,1729.79
2012-11-23 00:00,1729.96,1753.92,1728.45,1750.76
2012-11-26 00:00,1749.97,1751.77,1745.61,1748.17
2012-11-27 00:00,1750.35,1751.37,1740.07,1741.37
2012-11-28 00:00,1742.52,1742.73,1705.55,1719.54
2012-11-29 00:00,1721.12,1727.91,1717.6,1725.4
2012-11-30 00:00,1724.27,1731.32,1708.17,1714.4
2012-12-03 00:00,1716.72,1721.98,1712.54,1715.14
2012-12-04 00:00,1715.54,1715.6,1690.95,1696.61
2012-12-05 00:00,1696.38,1706.43,1684.36,1693.7
2012-12-06 00:00,1693.82,1702.57,1685.58,1699.7
2012-12-07 00:00,1701.33,1704.93,1683.49,1703.65
2012-12-10 00:00,1704.66,1716.97,1703.46,1712.4
2012-12-11 00:00,1710.93,1714.0,1704.5,1709.46
2012-12-12 00:00,1708.98,1722.95,1706.96,1711.3
2012-12-13 00:00,1707.04,1707.98,1689.27,1696.9
2012-12-14 00:00,1694.32,1700.09,1693.05,1695.7
2012-12-17 00:00,1694.36,1698.95,1686.2,1697.65
2012-12-18 00:00,1696.05,1702.75,1660.71,1670.4
2012-12-19 00:00,1675.44,1676.27,1663.17,1665.24
2012-12-20 00:00,1668.17,1671.37,1635.4,1647.75
2012-12-21 00:00,1647.97,1659.32,1635.29,1656.75
2012-12-24 00:00,1656.02,1665.45,1651.65,1657.98
2012-12-26 00:00,1654.48,1667.71,1653.72,1659.29
2012-12-27 00:00,1655.98,1665.04,1652.37,1663.06
2012-12-28 00:00,1662.53,1664.73,1653.28,1655.07
2012-12-31 00:00,1657.99,1679.99,1656.47,1676.4
2013-01-02 00:00,1670.6,1694.47,1670.6,1685.48
2013-01-03 00:00,1688.77,1689.58,1660.53,1663.52
2013-01-04 00:00,1655.83,1658.44,1625.44,1655.7
2013-01-07 00:00,1657.1,1662.23,1642.52,1647.0
2013-01-08 00:00,1650.3,1662.14,1646.47,1659.46
2013-01-09 00:00,1659.28,1665.48,1651.15,1657.87
2013-01-10 00:00,1654.93,1678.44,1653.5,1674.51
2013-01-11 00:00,1673.66,1676.44,1653.05,1662.4
2013-01-14 00:00,1661.47,1674.4,1660.74,1667.37
2013-01-15 00:00,1667.9,1684.71,1666.09,1679.68
2013-01-16 00:00,1682.81,1684.49,1673.82,1680.0
2013-01-17 00:00,1679.06,1696.09,1666.56,1686.84
2013-01-18 00:00,1686.7,1694.87,1683.3,1683.3
2013-01-21 00:00,1687.07,1690.96,1685.52,1689.68
2013-01-22 00:00,1689.64,1695.67,1686.5,1692.19
2013-01-23 00:00,1693.6,1694.68,1683.44,1685.35
2013-01-24 00:00,1681.99,1683.72,1664.66,1666.86
2013-01-25 00:00,1665.43,1671.91,1655.58,1658.3
2013-01-28 00:00,1658.47,1661.89,1651.57,1654.58
2013-01-29 00:00,1656.88,1665.67,1656.88,1663.37
2013-01-30 00:00,1663.79,1683.36,1662.44,1676.49
2013-01-31 00:00,1677.28,1680.33,1657.51,1663.38
2013-02-01 00:00,1662.05,1681.64,1659.64,1667.05
2013-02-04 00:00,1665.42,1677.14,1661.46,1674.07
2013-02-05 00:00,1673.12,1684.55,1666.31,1672.61
2013-02-06 00:00,1674.25,1679.25,1667.87,1677.03
2013-02-07 00:00,1677.76,1682.75,1662.95,1670.61
2013-02-08 00:00,1668.84,1673.17,1664.8,1666.8
2013-02-11 00:00,1667.43,1669.2,1643.39,1647.93
2013-02-12 00:00,1645.61,1652.87,1638.83,1651.16
2013-02-13 00:00,1650.99,1653.16,1640.11,1642.47
2013-02-14 00:00,1643.43,1649.57,1632.47,1633.92
2013-02-15 00:00,1635.21,1635.59,1597.71,1609.7
2013-02-18 00:00,1615.12,1618.43,1606.8,1609.58
2013-02-19 00:00,1612.56,1614.8,1600.47,1604.23
2013-02-20 00:00,1605.69,1609.09,1558.29,1564.71
2013-02-21 00:00,1570.74,1584.45,1554.73,1576.11
2013-02-22 00:00,1577.64,1586.8,1569.51,1581.15
2013-02-25 00:00,1576.71,1596.55,1574.87,1592.96
2013-02-26 00:00,1595.69,1619.43,1584.09,1614.17
2013-02-27 00:00,1612.88,1613.64,1592.04,1595.82
2013-02-28 00:00,1596.11,1602.49,1574.62,1579.16
2013-03-01 00:00,1579.12,1586.77,1564.48,1575.65
2013-03-04 00:00,1580.21,1584.47,1569.1,1574.05
2013-03-05 00:00,1575.27,1585.97,1571.53,1574.38
2013-03-06 00:00,1576.75,1584.54,1567.12,1584.13
2013-03-07 00:00,1581.48,1585.08,1574.6,1578.09
2013-03-08 00:00,1578.7,1583.29,1561.14,1578.24
2013-03-11 00:00,1576.5,1582.82,1575.67,1581.39
2013-03-12 00:00,1581.07,1597.96,1579.73,1592.49
2013-03-13 00:00,1592.55,1598.72,1585.28,1587.34
2013-03-14 00:00,1588.22,1592.95,1576.72,1589.88
2013-03-15 00:00,1589.49,1598.29,1588.23,1591.76
2013-03-18 00:00,1600.74,1610.65,1591.2,1605.09
2013-03-19 00:00,1604.88,1615.08,1599.77,1612.28
2013-03-20 00:00,1611.96,1614.38,1602.51,1606.35
2013-03-21 00:00,1604.35,1616.23,1604.08,1614.2
2013-03-22 00:00,1614.53,1615.27,1603.37,1608.21
2013-03-25 00:00,1605.36,1613.18,1589.61,1604.61
2013-03-26 00:00,1603.95,1604.43,1594.31,1599.65
2013-03-27 00:00,1599.88,1607.85,1590.97,1604.79
2013-03-28 00:00,1604.69,1607.24,1593.58,1596.65
2013-04-01 00:00,1595.77,1600.66,1594.42,1598.75
2013-04-02 00:00,1599.97,1603.47,1573.45,1575.78
2013-04-03 00:00,1575.85,1576.77,1549.57,1557.53
2013-04-04 00:00,1558.52,1558.67,1539.78,1553.05
2013-04-05 00:00,1553.24,1580.95,1548.99,1580.75
2013-04-08 00:00,1580.68,1580.68,1567.02,1572.6
2013-04-09 00:00,1572.64,1589.9,1570.05,1584.99
2013-04-10 00:00,1584.26,1588.24,1555.31,1558.98
2013-04-11 00:00,1556.4,1567.82,1553.11,1560.28
2013-04-12 00:00,1561.99,1564.26,1481.22,1482.8
2013-04-15 00:00,1484.87,1495.14,1335.72,1351.91
2013-04-16 00:00,1351.7,1403.02,1321.42,1368.64
2013-04-17 00:00,1372.26,1394.61,1364.77,1377.17
2013-04-18 00:00,1378.06,1401.67,1336.65,1390.93
2013-04-19 00:00,1392.11,1424.52,1385.52,1403.1
2013-04-22 00:00,1406.44,1438.6,1403.45,1425.93
2013-04-23 00:00,1425.65,1431.99,1404.52,1413.0
2013-04-24 00:00,1413.38,1432.79,1413.11,1431.28
2013-04-25 00:00,1429.3,1468.57,1426.68,1467.39
2013-04-26 00:00,1465.98,1484.95,1448.2,1461.3
2013-04-29 00:00,1462.07,1478.21,1462.07,1475.93
2013-04-30 00:00,1471.89,1479.69,1460.77,1476.23
2013-05-01 00:00,1475.64,1477.55,1440.2,1457.75
2013-05-02 00:00,1458.52,1473.17,1448.44,1466.96
2013-05-03 00:00,1466.15,1487.53,1456.02,1470.16
2013-05-06 00:00,1469.72,1478.46,1464.22,1469.6
2013-05-07 00:00,1470.18,1470.27,1441.35,1452.47
2013-05-08 00:00,1449.41,1476.38,1447.64,1473.8
2013-05-09 00:00,1472.85,1475.83,1453.4,1457.81
2013-05-10 00:00,1456.75,1462.14,1419.57,1443.85
2013-05-13 00:00,1440.15,1440.79,1425.96,1430.38
2013-05-14 00:00,1432.98,1445.39,1421.37,1425.25
2013-05-15 00:00,1428.18,1430.75,1388.88,1392.8
2013-05-16 00:00,1392.69,1398.21,1369.72,1385.8
2013-05-17 00:00,1386.05,1392.73,1349.53,1355.58
2013-05-20 00:00,1347.45,1399.85,1338.06,1393.6
2013-05-21 00:00,1388.22,1401.36,1359.82,1376.13
2013-05-22 00:00,1374.81,1413.9,1354.61,1369.93
2013-05-23 00:00,1366.75,1397.83,1356.73,1390.8
2013-05-24 00:00,1389.97,1398.07,1382.23,1383.61
2013-05-27 00:00,1386.7,1396.42,1384.49,1394.5
2013-05-28 00:00,1393.65,1401.5,1373.62,1381.0
2013-05-29 00:00,1380.62,1395.12,1380.24,1392.5
2013-05-30 00:00,1391.48,1417.93,1388.84,1413.31
2013-05-31 00:00,1415.57,1421.7,1384.86,1385.08
2013-06-03 00:00,1392.04,1416.57,1390.96,1411.25
2013-06-04 00:00,1413.3,1414.94,1389.18,1399.5
2013-06-05 00:00,1399.4,1410.09,1395.59,1403.25
2013-06-06 00:00,1402.2,1423.15,1391.73,1413.64
2013-06-07 00:00,1411.28,1417.69,1377.88,1382.45
2013-06-10 00:00,1385.58,1388.75,1376.02,1386.35
2013-06-11 00:00,1385.5,1386.84,1365.97,1378.15
2013-06-12 00:00,1377.67,1394.45,1373.85,1388.75
2013-06-13 00:00,1388.25,1394.74,1374.57,1385.9
2013-06-14 00:00,1385.89,1392.1,1378.53,1390.32
2013-06-17 00:00,1389.46,1391.87,1380.58,1385.15
2013-06-18 00:00,1384.63,1385.87,1361.15,1367.6
2013-06-19 00:00,1368.45,1375.61,1349.35,1351.25
2013-06-20 00:00,1345.92,1348.03,1276.11,1284.75
2013-06-21 00:00,1283.43,1302.3,1269.38,1294.01
2013-06-24 00:00,1300.65,1301.46,1276.12,1282.37
2013-06-25 00:00,1284.2,1289.15,1271.75,1277.4
2013-06-26 00:00,1275.6,1276.83,1221.62,1226.48
2013-06-27 00:00,1229.29,1244.55,1196.76,1200.05
2013-06-28 00:00,1202.74,1235.0,1180.16,1232.63
2013-07-01 00:00,1243.09,1261.44,1225.44,1252.38
2013-07-02 00:00,1251.15,1267.17,1239.65,1243.3
2013-07-03 00:00,1243.08,1259.81,1236.67,1252.83
2013-07-04 00:00,1256.2,1257.05,1244.79,1249.54
2013-07-05 00:00,1250.03,1250.2,1208.27,1222.95
2013-07-08 00:00,1222.87,1238.3,1215.66,1236.68
2013-07-09 00:00,1235.42,1260.32,1233.33,1251.05
2013-07-10 00:00,1247.6,1265.7,1243.89,1259.37
2013-07-11 00:00,1283.73,1298.46,1277.9,1285.67
2013-07-12 00:00,1285.32,1288.42,1267.61,1284.14
2013-07-15 00:00,1291.09,1294.48,1274.81,1284.42
2013-07-16 00:00,1284.59,1295.41,1278.42,1291.78
2013-07-17 00:00,1290.95,1300.41,1270.33,1275.58
2013-07-18 00:00,1276.43,1288.32,1274.7,1283.9
2013-07-19 00:00,1284.72,1297.66,1282.24,1294.59
2013-07-22 00:00,1311.69,1339.08,1310.85,1335.53
2013-07-23 00:00,1335.19,1346.64,1326.62,1345.13
2013-07-24 00:00,1343.33,1346.57,1313.12,1322.1
2013-07-25 00:00,1318.2,1337.96,1308.92,1333.45
2013-07-26 00:00,1333.65,1340.58,1312.44,1332.81
2013-07-29 00:00,1332.32,1338.3,1322.83,1327.95
2013-07-30 00:00,1325.6,1329.99,1317.3,1326.25
2013-07-31 00:00,1326.8,1338.72,1305.69,1324.83
2013-08-01 00:00,1325.93,1330.89,1307.94,1310.33
2013-08-02 00:00,1305.3,1318.27,1283.31,1307.67
2013-08-05 00:00,1312.13,1320.67,1297.65,1302.67
2013-08-06 00:00,1302.65,1306.84,1279.13,1283.05
2013-08-07 00:00,1282.85,1289.24,1272.95,1287.24
2013-08-08 00:00,1284.22,1314.2,1283.55,1313.11
2013-08-09 00:00,1312.96,1316.98,1305.12,1312.92
2013-08-12 00:00,1329.76,1343.78,1322.69,1337.53
2013-08-13 00:00,1334.77,1341.31,1318.75,1321.35
2013-08-14 00:00,1321.65,1336.13,1315.9,1335.89
2013-08-15 00:00,1339.71,1369.94,1318.99,1365.67
2013-08-16 00:00,1363.78,1379.42,1357.62,1372.75
2013-08-19 00:00,1377.33,1384.33,1362.63,1365.85
2013-08-20 00:00,1365.57,1377.25,1352.33,1371.06
2013-08-21 00:00,1368.14,1378.83,1359.79,1366.5
2013-08-22 00:00,1356.78,1381.44,1355.21,1375.52
2013-08-23 00:00,1376.24,1399.93,1368.73,1396.26
2013-08-26 00:00,1401.76,1404.57,1389.31,1404.13
2013-08-27 00:00,1401.04,1423.7,1395.95,1415.0
2013-08-28 00:00,1416.36,1433.6,1413.14,1417.01
2013-08-29 00:00,1417.52,1418.29,1402.38,1407.54
2013-08-30 00:00,1405.78,1411.36,1392.21,1393.98
2013-09-02 00:00,1381.53,1398.16,1378.54,1392.1
2013-09-03 00:00,1393.04,1416.06,1384.37,1412.16
2013-09-04 00:00,1411.37,1415.03,1384.61,1391.34
2013-09-05 00:00,1392.73,1399.69,1365.04,1367.37
2013-09-06 00:00,1367.87,1393.2,1359.21,1389.16
2013-09-09 00:00,1388.01,1391.86,1381.91,1386.82
2013-09-10 00:00,1386.36,1387.16,1357.91,1363.5
2013-09-11 00:00,1365.24,1368.26,1356.5,1364.99
2013-09-12 00:00,1364.04,1365.62,1320.63,1321.51
2013-09-13 00:00,1325.03,1330.73,1304.75,1323.42
2013-09-16 00:00,1326.71,1332.5,1303.23,1312.16
2013-09-17 00:00,1312.64,1323.46,1306.33,1310.48
2013-09-18 00:00,1306.48,1367.18,1291.83,1362.71
2013-09-19 00:00,1361.37,1375.2,1358.5,1365.89
2013-09-20 00:00,1367.34,1367.93,1325.2,1326.2
2013-09-23 00:00,1329.39,1331.75,1313.05,1322.49
2013-09-24 00:00,1323.17,1329.07,1305.65,1322.78
2013-09-25 00:00,1325.26,1337.86,1316.67,1333.85
2013-09-26 00:00,1332.27,1339.08,1318.86,1323.78
2013-09-27 00:00,1323.44,1343.88,1319.93,1336.05
2013-09-30 00:00,1342.85,1343.1,1322.91,1328.82
2013-10-01 00:00,1328.81,1337.4,1282.52,1287.25
2013-10-02 00:00,1289.46,1323.71,1277.26,1315.84
2013-10-03 00:00,1315.68,1321.97,1301.97,1316.47
2013-10-04 00:00,1316.65,1325.09,1305.92,1310.56
2013-10-07 00:00,1314.72,1328.41,1308.64,1323.03
2013-10-08 00:00,1321.68,1329.56,1316.04,1319.13
2013-10-09 00:00,1320.44,1321.65,1294.83,1305.47
2013-10-10 00:00,1305.36,1311.47,1282.44,1287.39
2013-10-11 00:00,1286.83,1294.36,1261.7,1270.16
2013-10-14 00:00,1273.05,1289.13,1268.38,1272.22
2013-10-15 00:00,1272.05,1287.81,1251.81,1281.6
2013-10-16 00:00,1277.41,1287.66,1269.33,1282.29
2013-10-17 00:00,1281.24,1324.23,1274.63,1320.32
2013-10-18 00:00,1317.68,1326.85,1311.16,1314.59
2013-10-21 00:00,1318.1,1324.06,1313.54,1315.61
2013-10-22 00:00,1314.76,1344.52,1310.0,1339.98
2013-10-23 00:00,1341.02,1342.22,1329.37,1333.21
2013-10-24 00:00,1332.51,1351.7,1332.24,1346.6
2013-10-25 00:00,1346.11,1355.59,1336.46,1351.47
2013-10-28 00:00,1349.02,1361.65,1346.33,1352.06
2013-10-29 00:00,1352.79,1360.39,1340.25,1343.45
2013-10-30 00:00,1342.71,1359.44,1334.81,1342.26
2013-10-31 00:00,1340.79,1340.92,1319.15,1323.25
2013-11-01 00:00,1325.06,1327.6,1306.0,1315.81
2013-11-04 00:00,1313.92,1322.48,1311.23,1314.44
2013-11-05 00:00,1315.25,1319.54,1306.0,1311.48
2013-11-06 00:00,1311.18,1321.89,1309.09,1317.58
2013-11-07 00:00,1317.7,1326.25,1296.5,1307.48
2013-11-08 00:00,1308.67,1313.65,1281.18,1287.77
2013-11-11 00:00,1285.98,1288.03,1279.18,1282.63
2013-11-12 00:00,1281.45,1285.15,1261.45,1267.98
2013-11-13 00:00,1266.85,1284.07,1266.39,1281.42
2013-11-14 00:00,1285.81,1294.07,1278.22,1287.08
2013-11-15 00:00,1285.94,1291.04,1280.45,1288.06
2013-11-18 00:00,1287.75,1288.25,1270.12,1275.28
2013-11-19 00:00,1274.39,1278.89,1269.22,1275.5
2013-11-20 00:00,1274.85,1276.39,1241.17,1244.09
2013-11-21 00:00,1246.81,1250.25,1236.81,1242.8
2013-11-22 00:00,1243.1,1248.91,1241.22,1243.17
2013-11-25 00:00,1241.16,1253.45,1226.67,1251.34
2013-11-26 00:00,1252.06,1255.03,1239.67,1242.64
2013-11-27 00:00,1244.47,1254.46,1236.39,1237.57
2013-11-28 00:00,1238.23,1245.61,1236.48,1244.81
2013-11-29 00:00,1243.34,1254.6,1240.6,1253.78
2013-12-02 00:00,1247.97,1248.73,1217.79,1219.73
2013-12-03 00:00,1222.63,1226.07,1215.12,1223.1
2013-12-04 00:00,1223.38,1251.29,1211.63,1243.58
2013-12-05 00:00,1238.22,1241.39,1217.17,1224.91
2013-12-06 00:00,1226.72,1244.21,1213.35,1228.67
2013-12-09 00:00,1228.15,1242.94,1225.21,1240.28
2013-12-10 00:00,1238.44,1267.64,1237.72,1261.9
2013-12-11 00:00,1259.66,1263.37,1250.9,1251.98
2013-12-12 00:00,1255.24,1256.96,1223.99,1225.39
2013-12-13 00:00,1226.97,1238.48,1220.49,1237.5
2013-12-16 00:00,1235.72,1251.91,1227.84,1241.05
2013-12-17 00:00,1242.52,1247.88,1227.34,1230.77
2013-12-18 00:00,1233.7,1244.46,1216.24,1218.23
2013-12-19 00:00,1224.77,1226.38,1187.18,1187.76
2013-12-20 00:00,1193.18,1207.37,1191.35,1202.09
2013-12-23 00:00,1203.62,1206.28,1192.67,1195.75
2013-12-24 00:00,1198.97,1205.6,1196.03,1203.78
2013-12-26 00:00,1201.85,1215.89,1201.65,1210.54
2013-12-27 00:00,1210.1,1219.1,1209.06,1214.05
2013-12-30 00:00,1213.2,1213.81,1194.87,1196.55
2013-12-31 00:00,1197.47,1214.42,1182.1,1204.12
2014-01-02 00:00,1205.1,1230.63,1204.8,1222.44
2014-01-03 00:00,1225.55,1240.18,1225.55,1237.11
2014-01-06 00:00,1233.99,1248.18,1213.11,1237.5
2014-01-07 00:00,1238.16,1245.29,1225.01,1231.63
2014-01-08 00:00,1229.01,1231.73,1218.53,1225.48
2014-01-09 00:00,1225.44,1231.15,1223.37,1227.52
2014-01-10 00:00,1227.78,1248.67,1227.06,1247.0
2014-01-13 00:00,1248.35,1255.06,1243.47,1252.78
2014-01-14 00:00,1253.32,1254.33,1241.52,1244.77
2014-01-15 00:00,1243.9,1244.09,1234.33,1241.73
2014-01-16 00:00,1240.78,1245.27,1236.36,1241.77
2014-01-17 00:00,1243.15,1254.87,1237.82,1253.87
2014-01-20 00:00,1257.6,1258.19,1252.25,1252.25
2014-01-21 00:00,1253.54,1254.42,1235.6,1241.23
2014-01-22 00:00,1243.06,1243.64,1235.85,1236.98
2014-01-23 00:00,1233.12,1265.25,1231.38,1263.23
2014-01-24 00:00,1261.6,1272.57,1256.97,1268.39
2014-01-27 00:00,1274.61,1275.0,1252.03,1256.94
2014-01-28 00:00,1257.23,1261.39,1249.05,1256.25
2014-01-29 00:00,1252.84,1270.09,1250.76,1267.05
2014-01-30 00:00,1266.81,1267.64,1238.09,1243.05
2014-01-31 00:00,1243.99,1254.73,1238.35,1244.75
2014-02-03 00:00,1243.9,1266.07,1240.82,1257.6
2014-02-04 00:00,1257.5,1260.99,1247.11,1254.27
2014-02-05 00:00,1253.24,1274.12,1252.35,1257.46
2014-02-06 00:00,1258.05,1266.68,1252.84,1257.57
2014-02-07 00:00,1256.66,1271.61,1256.43,1266.94
2014-02-10 00:00,1265.72,1277.65,1265.07,1274.45
2014-02-11 00:00,1275.01,1293.65,1274.26,1290.75
2014-02-12 00:00,1285.39,1296.08,1283.98,1290.52
2014-02-13 00:00,1292.65,1302.76,1286.3,1302.12
2014-02-14 00:00,1301.85,1321.02,1301.1,1318.57
2014-02-17 00:00,1322.41,1329.83,1320.82,1328.28
2014-02-18 00:00,1327.53,1328.48,1312.4,1321.48
2014-02-19 00:00,1320.53,1322.38,1308.85,1311.44
2014-02-20 00:00,1313.19,1324.79,1307.37,1322.78
2014-02-21 00:00,1319.55,1328.32,1316.12,1323.58
2014-02-24 00:00,1324.6,1339.16,1318.82,1336.67
2014-02-25 00:00,1335.79,1343.42,1331.37,1340.52
2014-02-26 00:00,1340.19,1345.24,1322.13,1330.35
2014-02-27 00:00,1330.68,1335.95,1323.76,1331.26
2014-02-28 00:00,1330.97,1333.15,1319.46,1323.58
2014-03-03 00:00,1341.9,1354.53,1338.54,1350.46
2014-03-04 00:00,1348.96,1352.36,1331.28,1334.28
2014-03-05 00:00,1334.74,1341.75,1332.5,1336.77
2014-03-06 00:00,1337.15,1353.35,1331.08,1350.53
2014-03-07 00:00,1347.7,1352.73,1328.43,1338.98
2014-03-10 00:00,1336.41,1344.4,1327.81,1339.83
2014-03-11 00:00,1339.33,1352.35,1337.67,1348.47
2014-03-12 00:00,1346.69,1370.62,1345.75,1366.6
2014-03-13 00:00,1365.98,1374.77,1364.4,1370.86
2014-03-14 00:00,1375.19,1387.72,1367.79,1381.2
2014-03-17 00:00,1388.08,1388.34,1361.93,1365.67
2014-03-18 00:00,1366.98,1367.57,1350.68,1356.77
2014-03-19 00:00,1357.24,1359.66,1327.69,1330.08
2014-03-20 00:00,1328.51,1334.49,1320.29,1329.68
2014-03-21 00:00,1330.75,1342.22,1329.08,1332.92
2014-03-24 00:00,1331.76,1334.1,1307.99,1308.85
2014-03-25 00:00,1311.99,1317.14,1305.57,1311.06
2014-03-26 00:00,1311.6,1316.32,1298.7,1304.92
2014-03-27 00:00,1305.65,1306.71,1289.09,1291.47
2014-03-28 00:00,1293.77,1298.53,1285.75,1292.76
2014-03-31 00:00,1295.05,1298.7,1282.46,1283.9
2014-04-01 00:00,1284.48,1287.8,1277.69,1278.89
2014-04-02 00:00,1281.18,1294.48,1280.49,1289.81
2014-04-03 00:00,1290.95,1293.92,1281.43,1286.5
2014-04-04 00:00,1286.65,1306.49,1284.05,1303.18
2014-04-07 00:00,1301.95,1304.16,1295.45,1297.06
2014-04-08 00:00,1298.68,1314.13,1296.77,1308.52
2014-04-09 00:00,1309.86,1314.87,1300.91,1311.51
2014-04-10 00:00,1311.32,1324.73,1310.6,1318.83
2014-04-11 00:00,1318.24,1323.75,1314.1,1317.7
2014-04-14 00:00,1326.97,1331.01,1318.83,1327.66
2014-04-15 00:00,1326.8,1326.89,1284.93,1302.08
2014-04-16 00:00,1302.75,1307.0,1293.39,1302.27
2014-04-17 00:00,1302.71,1304.11,1293.2,1295.11
2014-04-21 00:00,1292.04,1301.31,1282.0,1289.46
2014-04-22 00:00,1289.42,1292.68,1277.54,1283.5
2014-04-23 00:00,1283.52,1288.79,1280.91,1283.53
2014-04-24 00:00,1284.93,1298.43,1268.55,1293.02
2014-04-25 00:00,1291.89,1304.83,1290.26,1302.15
2014-04-28 00:00,1303.83,1306.38,1292.0,1296.31
2014-04-29 00:00,1296.04,1301.17,1286.26,1295.77
2014-04-30 00:00,1296.2,1297.74,1284.98,1291.26
2014-05-01 00:00,1292.33,1292.37,1277.28,1284.0
2014-05-02 00:00,1284.37,1304.39,1274.9,1298.24
2014-05-05 00:00,1300.27,1315.57,1299.97,1309.96
2014-05-06 00:00,1310.49,1314.06,1304.36,1307.9
2014-05-07 00:00,1308.27,1314.32,1286.67,1289.82
2014-05-08 00:00,1289.89,1295.15,1285.04,1289.34
2014-05-09 00:00,1291.03,1294.16,1285.49,1288.59
2014-05-12 00:00,1282.94,1303.5,1281.97,1295.69
2014-05-13 00:00,1295.82,1298.51,1289.06,1293.53
2014-05-14 00:00,1294.2,1308.81,1291.39,1305.75
2014-05-15 00:00,1304.88,1306.9,1290.92,1296.08
2014-05-16 00:00,1296.45,1298.23,1287.76,1292.97
2014-05-19 00:00,1291.11,1305.16,1290.97,1292.73
2014-05-20 00:00,1293.53,1296.65,1285.96,1293.97
2014-05-21 00:00,1294.35,1296.12,1283.37,1291.74
2014-05-22 00:00,1292.37,1303.55,1290.03,1294.0
2014-05-23 00:00,1293.94,1295.42,1286.67,1292.62
2014-05-26 00:00,1291.58,1294.06,1291.0,1292.65
2014-05-27 00:00,1291.6,1293.35,1264.22,1264.79
2014-05-28 00:00,1263.68,1267.14,1255.76,1258.06
2014-05-29 00:00,1257.78,1260.39,1251.2,1255.4
2014-05-30 00:00,1255.8,1260.19,1242.25,1250.55
2014-06-02 00:00,1248.06,1250.67,1241.06,1243.57
2014-06-03 00:00,1244.51,1247.64,1240.7,1244.85
2014-06-04 00:00,1245.02,1248.81,1242.85,1243.84
2014-06-05 00:00,1244.0,1257.27,1240.86,1253.53
2014-06-06 00:00,1253.38,1257.57,1245.7,1252.61
2014-06-09 00:00,1253.06,1256.83,1251.55,1252.16
2014-06-10 00:00,1251.8,1263.33,1251.21,1259.51
2014-06-11 00:00,1259.78,1265.25,1258.41,1260.74
2014-06-12 00:00,1260.97,1274.8,1259.87,1273.16
2014-06-13 00:00,1272.65,1277.88,1270.57,1276.62
2014-06-16 00:00,1278.19,1284.7,1270.59,1271.82
2014-06-17 00:00,1271.99,1273.27,1258.67,1270.38
2014-06-18 00:00,1270.78,1278.36,1266.31,1277.61
2014-06-19 00:00,1277.76,1321.35,1275.77,1320.0
2014-06-20 00:00,1318.69,1319.55,1306.45,1313.97
2014-06-23 00:00,1313.21,1318.28,1309.77,1317.18
2014-06-24 00:00,1314.63,1325.85,1313.66,1318.19
2014-06-25 00:00,1317.45,1324.62,1309.05,1319.15
2014-06-26 00:00,1317.57,1319.79,1306.27,1316.35
2014-06-27 00:00,1315.9,1322.28,1312.67,1315.78
2014-06-30 00:00,1315.45,1329.2,1310.22,1327.06
2014-07-01 00:00,1325.98,1333.09,1323.56,1326.33
2014-07-02 00:00,1325.33,1331.76,1321.11,1326.7
2014-07-03 00:00,1326.49,1327.27,1309.7,1319.45
2014-07-04 00:00,1319.77,1323.1,1318.41,1320.16
2014-07-07 00:00,1318.18,1319.72,1311.6,1319.62
2014-07-08 00:00,1318.4,1324.77,1313.42,1318.92
2014-07-09 00:00,1318.57,1332.17,1317.65,1327.7
2014-07-10 00:00,1326.99,1344.83,1326.53,1335.61
2014-07-11 00:00,1335.92,1339.02,1333.69,1337.48
2014-07-14 00:00,1338.57,1339.0,1303.28,1306.92
2014-07-15 00:00,1308.14,1313.52,1292.21,1293.97
2014-07-16 00:00,1294.54,1303.68,1294.12,1299.03
2014-07-17 00:00,1298.66,1323.92,1298.63,1319.1
2014-07-18 00:00,1321.41,1322.03,1304.3,1310.42
2014-07-21 00:00,1311.77,1318.28,1307.22,1312.41
2014-07-22 00:00,1311.32,1315.65,1301.98,1306.28
2014-07-23 00:00,1307.38,1310.99,1303.12,1304.54
2014-07-24 00:00,1304.03,1304.99,1287.46,1293.42
2014-07-25 00:00,1292.02,1308.36,1290.72,1307.01
2014-07-28 00:00,1306.79,1309.0,1301.32,1303.83
2014-07-29 00:00,1304.34,1311.98,1296.05,1299.11
2014-07-30 00:00,1299.52,1303.66,1291.63,1296.02
2014-07-31 00:00,1296.1,1297.08,1280.94,1282.59
2014-08-01 00:00,1282.75,1296.92,1280.47,1292.72
2014-08-04 00:00,1293.41,1295.35,1286.11,1288.11
2014-08-05 00:00,1288.39,1293.77,1282.52,1288.55
2014-08-06 00:00,1288.43,1309.53,1285.82,1305.76
2014-08-07 00:00,1305.52,1314.67,1301.97,1312.4
2014-08-08 00:00,1312.45,1322.69,1305.75,1309.74
2014-08-11 00:00,1308.77,1311.43,1305.22,1308.42
2014-08-12 00:00,1308.33,1317.88,1305.68,1309.24
2014-08-13 00:00,1309.16,1315.04,1304.85,1312.77
2014-08-14 00:00,1312.56,1319.41,1308.73,1313.32
2014-08-15 00:00,1312.93,1315.15,1292.27,1304.77
2014-08-18 00:00,1302.31,1303.66,1295.58,1298.35
2014-08-19 00:00,1297.83,1302.37,1293.83,1295.4
2014-08-20 00:00,1295.14,1297.94,1287.85,1291.69
2014-08-21 00:00,1291.39,1291.59,1271.58,1276.52
2014-08-22 00:00,1276.56,1282.97,1274.12,1280.74
2014-08-25 00:00,1279.78,1280.86,1273.37,1276.65
2014-08-26 00:00,1276.34,1291.04,1274.52,1281.57
2014-08-27 00:00,1280.95,1287.39,1278.57,1282.74
2014-08-28 00:00,1282.49,1296.5,1280.07,1289.32
2014-08-29 00:00,1289.12,1291.37,1283.4,1287.08
2014-09-01 00:00,1287.25,1289.89,1284.84,1286.77
2014-09-02 00:00,1287.16,1287.55,1262.43,1265.31
2014-09-03 00:00,1265.33,1271.55,1261.23,1269.27
2014-09-04 00:00,1269.27,1277.24,1260.54,1261.39
2014-09-05 00:00,1261.6,1273.7,1257.24,1268.83
2014-09-08 00:00,1267.54,1271.79,1251.49,1255.15
2014-09-09 00:00,1255.39,1258.14,1247.6,1255.2
2014-09-10 00:00,1255.58,1257.75,1243.87,1249.44
2014-09-11 00:00,1249.29,1250.12,1234.92,1240.61
2014-09-12 00:00,1240.26,1241.63,1227.55,1229.34
2014-09-15 00:00,1227.27,1236.61,1225.54,1235.71
2014-09-16 00:00,1232.41,1242.18,1231.74,1235.23
2014-09-17 00:00,1232.79,1239.29,1221.39,1223.3
2014-09-18 00:00,1222.14,1227.84,1215.93,1224.7
2014-09-19 00:00,1224.84,1228.56,1213.75,1215.46
2014-09-22 00:00,1215.12,1220.37,1208.14,1214.56
2014-09-23 00:00,1214.12,1235.67,1214.12,1223.03
2014-09-24 00:00,1222.21,1226.04,1215.69,1216.65
2014-09-25 00:00,1216.58,1224.44,1206.9,1221.14
2014-09-26 00:00,1220.62,1231.25,1212.31,1217.66
2014-09-29 00:00,1218.47,1223.3,1214.89,1215.48
2014-09-30 00:00,1214.72,1220.09,1204.54,1207.84
2014-10-01 00:00,1207.27,1219.31,1204.64,1213.36
2014-10-02 00:00,1212.84,1222.31,1208.73,1214.19
2014-10-03 00:00,1213.48,1215.26,1189.98,1191.99
2014-10-06 00:00,1191.11,1208.98,1182.86,1206.77
2014-10-07 00:00,1207.02,1213.39,1202.89,1208.55
2014-10-08 00:00,1209.09,1224.15,1204.95,1220.8
2014-10-09 00:00,1221.07,1233.32,1218.98,1223.92
2014-10-10 00:00,1224.04,1225.42,1217.35,1222.86
2014-10-13 00:00,1223.2,1237.77,1223.2,1235.53
2014-10-14 00:00,1236.39,1238.12,1230.99,1232.36
2014-10-15 00:00,1230.93,1249.67,1221.89,1241.66
2014-10-16 00:00,1238.81,1245.18,1235.52,1238.76
2014-10-17 00:00,1238.78,1241.7,1231.63,1238.47
2014-10-20 00:00,1238.57,1248.73,1234.61,1246.81
2014-10-21 00:00,1246.81,1255.25,1243.86,1248.47
2014-10-22 00:00,1248.96,1249.76,1240.42,1240.91
2014-10-23 00:00,1241.29,1244.62,1226.3,1231.58
2014-10-24 00:00,1233.39,1234.16,1228.88,1230.31
2014-10-27 00:00,1230.03,1231.98,1225.43,1226.24
2014-10-28 00:00,1225.67,1235.56,1222.44,1228.16
2014-10-29 00:00,1225.85,1230.53,1208.25,1211.77
2014-10-30 00:00,1210.89,1216.77,1195.93,1198.52
2014-10-31 00:00,1197.53,1202.75,1161.24,1172.59
2014-11-03 00:00,1167.22,1173.85,1161.68,1165.13
2014-11-04 00:00,1164.67,1174.92,1163.85,1168.07
2014-11-05 00:00,1166.35,1169.65,1137.73,1139.99
2014-11-06 00:00,1141.09,1149.52,1138.11,1141.55
2014-11-07 00:00,1141.26,1178.7,1131.78,1176.56
2014-11-10 00:00,1177.48,1177.52,1147.3,1151.37
2014-11-11 00:00,1151.9,1173.22,1146.1,1163.84
2014-11-12 00:00,1164.28,1170.13,1157.35,1162.34
2014-11-13 00:00,1161.78,1168.07,1153.99,1162.13
2014-11-14 00:00,1162.46,1193.55,1146.89,1188.6
2014-11-17 00:00,1186.38,1194.26,1181.51,1186.25
2014-11-18 00:00,1185.83,1204.62,1183.45,1196.65
2014-11-19 00:00,1196.25,1202.2,1175.09,1182.34
2014-11-20 00:00,1183.14,1197.11,1176.8,1193.37
2014-11-21 00:00,1194.09,1207.79,1186.8,1201.5
2014-11-24 00:00,1200.41,1204.26,1192.78,1196.71
2014-11-25 00:00,1198.64,1202.93,1190.37,1200.39
2014-11-26 00:00,1201.31,1201.62,1194.81,1197.45
2014-11-27 00:00,1197.07,1199.62,1185.64,1190.84
2014-11-28 00:00,1190.65,1190.82,1165.19,1168.85
2014-12-01 00:00,1155.95,1221.04,1142.77,1211.52
2014-12-02 00:00,1212.25,1212.75,1191.95,1197.86
2014-12-03 00:00,1197.25,1215.05,1194.53,1209.03
2014-12-04 00:00,1208.7,1213.32,1201.28,1204.88
2014-12-05 00:00,1205.9,1207.56,1186.24,1192.0
2014-12-08 00:00,1190.64,1208.82,1187.17,1202.03
2014-12-09 00:00,1203.66,1238.19,1199.32,1230.78
2014-12-10 00:00,1230.73,1238.23,1224.61,1225.94
2014-12-11 00:00,1225.15,1232.71,1215.9,1227.47
2014-12-12 00:00,1227.74,1228.11,1214.35,1222.55
2014-12-15 00:00,1221.99,1224.18,1190.64,1192.89
2014-12-16 00:00,1194.26,1223.47,1187.52,1196.65
2014-12-17 00:00,1195.01,1202.86,1183.61,1189.26
2014-12-18 00:00,1189.22,1213.8,1188.46,1198.42
2014-12-19 00:00,1197.84,1201.29,1193.69,1195.47
2014-12-22 00:00,1195.33,1203.23,1170.69,1176.01
2014-12-23 00:00,1175.41,1184.85,1172.62,1176.19
2014-12-24 00:00,1176.09,1181.07,1172.84,1174.64
2014-12-26 00:00,1176.92,1199.15,1176.52,1195.41
2014-12-29 00:00,1194.12,1197.42,1178.85,1182.88
2014-12-30 00:00,1182.25,1210.68,1180.77,1200.02
2014-12-31 00:00,1199.44,1203.78,1179.63,1182.9
2015-01-02 00:00,1184.48,1194.89,1167.48,1188.82
2015-01-05 00:00,1188.33,1207.44,1178.18,1204.3
2015-01-06 00:00,1202.71,1223.05,1201.66,1218.29
2015-01-07 00:00,1218.78,1218.78,1208.98,1211.3
2015-01-08 00:00,1210.8,1216.63,1204.74,1208.57
2015-01-09 00:00,1208.37,1223.99,1206.95,1222.63
2015-01-12 00:00,1223.33,1235.93,1217.64,1232.95
2015-01-13 00:00,1233.12,1244.09,1227.26,1230.14
2015-01-14 00:00,1230.64,1244.41,1224.99,1228.5
2015-01-15 00:00,1228.73,1266.64,1226.03,1262.17
2015-01-16 00:00,1261.93,1282.12,1255.03,1280.11
2015-01-19 00:00,1279.09,1279.19,1272.09,1276.43
2015-01-20 00:00,1275.88,1297.06,1273.98,1294.98
2015-01-21 00:00,1294.1,1305.11,1284.66,1292.72
2015-01-22 00:00,1293.18,1307.3,1279.57,1302.1
2015-01-23 00:00,1301.89,1302.0,1284.32,1293.89
2015-01-26 00:00,1291.96,1299.15,1275.84,1280.98
2015-01-27 00:00,1280.72,1297.55,1272.26,1291.8
2015-01-28 00:00,1291.73,1293.65,1279.65,1284.17
2015-01-29 00:00,1283.67,1285.84,1252.08,1256.89
2015-01-30 00:00,1258.07,1284.74,1257.13,1283.18
2015-02-02 00:00,1281.81,1283.29,1266.42,1273.98
2015-02-03 00:00,1274.85,1285.71,1255.45,1260.03
2015-02-04 00:00,1260.42,1272.61,1256.67,1269.12
2015-02-05 00:00,1270.12,1273.99,1256.36,1264.41
2015-02-06 00:00,1265.0,1268.72,1228.37,1232.8
2015-02-09 00:00,1235.81,1243.63,1234.34,1238.67
2015-02-10 00:00,1237.85,1245.85,1230.97,1233.32
2015-02-11 00:00,1233.71,1238.72,1216.69,1218.71
2015-02-12 00:00,1218.84,1233.0,1218.19,1221.56
2015-02-13 00:00,1223.02,1234.96,1222.83,1229.45
2015-02-16 00:00,1227.96,1236.67,1227.47,1231.25
2015-02-17 00:00,1230.9,1233.88,1203.77,1209.45
2015-02-18 00:00,1209.24,1213.39,1197.56,1212.18
2015-02-19 00:00,1212.28,1222.98,1205.37,1206.56
2015-02-20 00:00,1207.22,1215.25,1198.35,1201.79
2015-02-23 00:00,1203.58,1210.26,1190.9,1201.46
2015-02-24 00:00,1201.91,1204.47,1190.51,1199.98
2015-02-25 00:00,1200.92,1211.85,1200.83,1204.95
2015-02-26 00:00,1204.23,1219.91,1203.64,1209.26
2015-02-27 00:00,1208.71,1219.31,1204.46,1213.01
2015-03-02 00:00,1213.76,1223.24,1204.7,1206.87
2015-03-03 00:00,1205.87,1214.75,1195.44,1203.56
2015-03-04 00:00,1204.12,1208.99,1198.24,1200.16
2015-03-05 00:00,1200.34,1209.39,1196.49,1198.24
2015-03-06 00:00,1197.8,1200.67,1163.81,1167.29
2015-03-09 00:00,1169.93,1175.32,1165.8,1167.21
2015-03-10 00:00,1166.76,1170.45,1155.25,1161.73
2015-03-11 00:00,1161.76,1165.15,1147.5,1155.13
2015-03-12 00:00,1155.12,1166.51,1148.64,1153.55
2015-03-13 00:00,1153.4,1161.71,1151.39,1157.87
2015-03-16 00:00,1158.61,1164.08,1150.38,1154.52
2015-03-17 00:00,1154.32,1159.77,1142.8,1149.41
2015-03-18 00:00,1148.91,1175.46,1145.92,1167.62
2015-03-19 00:00,1167.28,1177.81,1159.57,1170.83
2015-03-20 00:00,1170.85,1187.91,1168.76,1182.24
2015-03-23 00:00,1183.6,1191.55,1179.29,1189.5
2015-03-24 00:00,1189.09,1195.02,1185.43,1193.07
2015-03-25 00:00,1192.85,1199.67,1186.63,1195.14
2015-03-26 00:00,1195.73,1219.69,1194.44,1204.7
2015-03-27 00:00,1203.59,1206.13,1192.55,1198.42
2015-03-30 00:00,1198.63,1199.43,1182.35,1186.0
2015-03-31 00:00,1185.45,1190.68,1178.47,1183.48
2015-04-01 00:00,1183.41,1208.56,1180.85,1203.9
2015-04-02 00:00,1203.85,1207.31,1194.99,1202.6
2015-04-06 00:00,1216.03,1224.17,1213.95,1214.48
2015-04-07 00:00,1214.53,1215.75,1207.49,1208.91
2015-04-08 00:00,1208.75,1212.32,1197.45,1202.16
2015-04-09 00:00,1202.69,1203.37,1192.66,1194.54
2015-04-10 00:00,1193.94,1210.75,1193.29,1207.44
2015-04-13 00:00,1207.02,1209.49,1196.36,1198.55
2015-04-14 00:00,1198.73,1201.52,1184.01,1192.41
2015-04-15 00:00,1192.25,1204.59,1188.94,1202.28
2015-04-16 00:00,1202.23,1209.11,1194.72,1198.3
2015-04-17 00:00,1198.8,1207.7,1197.43,1204.47
2015-04-20 00:00,1204.63,1209.12,1191.45,1195.39
2015-04-21 00:00,1196.11,1204.26,1193.15,1202.07
2015-04-22 00:00,1202.58,1204.8,1185.75,1186.68
2015-04-23 00:00,1187.5,1198.0,1184.35,1193.71
2015-04-24 00:00,1193.83,1196.01,1175.3,1179.29
2015-04-27 00:00,1179.66,1207.24,1178.65,1201.94
2015-04-28 00:00,1202.28,1215.08,1199.23,1212.05
2015-04-29 00:00,1211.74,1214.08,1201.37,1204.7
2015-04-30 00:00,1204.93,1207.2,1177.08,1184.14
2015-05-01 00:00,1184.25,1185.24,1170.41,1178.33
2015-05-04 00:00,1177.24,1192.85,1177.24,1188.27
2015-05-05 00:00,1188.03,1199.81,1185.73,1193.22
2015-05-06 00:00,1192.82,1197.65,1188.3,1192.07
2015-05-07 00:00,1191.68,1192.78,1178.87,1184.42
2015-05-08 00:00,1184.27,1193.81,1181.74,1188.53
2015-05-11 00:00,1189.55,1191.74,1178.93,1183.92
2015-05-12 00:00,1183.23,1197.14,1180.77,1193.9
2015-05-13 00:00,1192.87,1218.94,1191.29,1215.64
2015-05-14 00:00,1215.46,1227.26,1212.4,1220.97
2015-05-15 00:00,1221.12,1226.17,1211.06,1223.95
2015-05-18 00:00,1223.14,1232.33,1221.57,1225.37
2015-05-19 00:00,1225.33,1225.61,1205.86,1207.69
2015-05-20 00:00,1207.88,1213.47,1203.28,1209.69
2015-05-21 00:00,1209.65,1212.76,1201.58,1206.17
2015-05-22 00:00,1206.49,1214.86,1201.54,1206.37
2015-05-25 00:00,1204.91,1208.67,1202.89,1206.9
2015-05-26 00:00,1206.76,1207.59,1185.59,1187.11
2015-05-27 00:00,1186.93,1190.92,1183.71,1187.79
2015-05-28 00:00,1187.49,1192.16,1180.4,1188.06
2015-05-29 00:00,1187.88,1193.97,1185.61,1190.52
2015-06-01 00:00,1190.38,1204.35,1184.53,1189.09
2015-06-02 00:00,1189.05,1196.35,1185.97,1192.87
2015-06-03 00:00,1193.15,1195.5,1179.49,1185.02
2015-06-04 00:00,1184.8,1186.39,1172.91,1176.74
2015-06-05 00:00,1176.91,1178.5,1162.78,1171.63
2015-06-08 00:00,1171.02,1177.62,1169.22,1174.0
2015-06-09 00:00,1173.9,1182.96,1172.48,1176.77
2015-06-10 00:00,1176.37,1192.31,1175.21,1185.82
2015-06-11 00:00,1186.23,1187.95,1175.77,1181.85
2015-06-12 00:00,1181.74,1184.29,1176.76,1181.54
2015-06-15 00:00,1180.75,1190.36,1172.82,1186.28
2015-06-16 00:00,1185.66,1187.88,1176.11,1181.96
2015-06-17 00:00,1181.55,1189.16,1174.64,1185.54
2015-06-18 00:00,1184.96,1205.75,1183.66,1201.75
2015-06-19 00:00,1201.53,1204.2,1198.38,1200.26
2015-06-22 00:00,1200.08,1201.09,1182.19,1185.89
2015-06-23 00:00,1185.33,1188.13,1176.28,1178.53
2015-06-24 00:00,1177.69,1180.23,1170.56,1175.27
2015-06-25 00:00,1175.04,1178.11,1171.65,1173.02
2015-06-26 00:00,1172.97,1178.68,1168.66,1175.31
2015-06-29 00:00,1184.09,1188.01,1173.89,1179.76
2015-06-30 00:00,1179.65,1180.55,1166.99,1172.17
2015-07-01 00:00,1172.43,1175.14,1167.34,1168.48
2015-07-02 00:00,1168.29,1169.5,1157.12,1166.14
2015-07-03 00:00,1165.47,1170.25,1164.74,1168.68
2015-07-06 00:00,1174.42,1174.83,1162.93,1170.22
2015-07-07 00:00,1170.35,1170.4,1147.94,1154.96
2015-07-08 00:00,1154.75,1164.72,1147.22,1157.93
2015-07-09 00:00,1158.48,1167.73,1156.02,1159.14
2015-07-10 00:00,1159.81,1165.42,1157.55,1163.67
2015-07-13 00:00,1163.25,1164.77,1151.21,1157.9
2015-07-14 00:00,1157.25,1159.82,1152.95,1155.99
2015-07-15 00:00,1155.08,1156.79,1143.28,1149.45
2015-07-16 00:00,1147.07,1149.47,1142.38,1145.31
2015-07-17 00:00,1145.3,1145.74,1131.21,1134.27
2015-07-20 00:00,1133.19,1133.39,1071.59,1096.41
2015-07-21 00:00,1098.19,1109.88,1097.04,1100.89
2015-07-22 00:00,1100.81,1103.44,1087.07,1094.11
2015-07-23 00:00,1094.55,1105.8,1087.3,1090.48
2015-07-24 00:00,1090.48,1101.55,1077.32,1099.21
2015-07-27 00:00,1099.22,1105.0,1088.4,1093.98
2015-07-28 00:00,1094.1,1099.05,1091.64,1095.14
2015-07-29 00:00,1094.84,1100.31,1090.48,1096.9
2015-07-30 00:00,1096.59,1098.62,1082.48,1088.46
2015-07-31 00:00,1087.96,1103.48,1080.08,1095.58
2015-08-03 00:00,1095.76,1097.78,1085.84,1086.69
2015-08-04 00:00,1083.63,1094.86,1080.98,1087.62
2015-08-05 00:00,1087.47,1092.56,1083.03,1084.92
2015-08-06 00:00,1084.28,1094.04,1083.54,1089.44
2015-08-07 00:00,1088.99,1099.52,1082.83,1094.16
2015-08-10 00:00,1094.44,1108.93,1089.84,1104.39
2015-08-11 00:00,1103.8,1119.41,1093.9,1108.89
2015-08-12 00:00,1108.19,1125.52,1101.82,1124.42
2015-08-13 00:00,1125.11,1126.68,1113.66,1115.05
2015-08-14 00:00,1115.08,1121.1,1111.85,1115.02
2015-08-17 00:00,1114.49,1122.81,1113.64,1117.47
2015-08-18 00:00,1117.19,1121.19,1109.72,1117.56
2015-08-19 00:00,1117.89,1134.62,1116.3,1133.92
2015-08-20 00:00,1133.84,1154.03,1132.72,1151.9
2015-08-21 00:00,1153.2,1168.3,1148.99,1160.71
2015-08-24 00:00,1160.8,1169.96,1145.74,1155.02
2015-08-25 00:00,1155.04,1156.63,1134.7,1140.53
2015-08-26 00:00,1140.36,1146.5,1117.73,1125.12
2015-08-27 00:00,1124.98,1129.29,1118.25,1124.75
2015-08-28 00:00,1125.05,1140.82,1123.79,1134.1
2015-08-31 00:00,1133.05,1136.65,1125.78,1134.84
2015-09-01 00:00,1134.4,1147.82,1134.4,1140.1
2015-09-02 00:00,1139.35,1142.49,1132.12,1133.94
2015-09-03 00:00,1133.29,1134.33,1121.91,1125.04
2015-09-04 00:00,1125.01,1132.58,1116.68,1122.32
2015-09-07 00:00,1123.41,1124.76,1116.06,1119.28
2015-09-08 00:00,1118.54,1126.71,1118.54,1121.55
2015-09-09 00:00,1121.95,1125.36,1101.32,1107.61
2015-09-10 00:00,1106.48,1115.05,1103.91,1110.71
2015-09-11 00:00,1110.62,1112.83,1098.77,1107.64
2015-09-14 00:00,1107.77,1110.45,1103.52,1108.84
2015-09-15 00:00,1108.01,1109.38,1102.58,1105.1
2015-09-16 00:00,1105.03,1124.19,1103.98,1119.45
2015-09-17 00:00,1118.94,1135.28,1115.35,1131.33
2015-09-18 00:00,1130.11,1141.72,1127.56,1139.12
2015-09-21 00:00,1139.17,1139.93,1129.63,1133.32
2015-09-22 00:00,1132.8,1136.52,1121.35,1124.67
2015-09-23 00:00,1123.97,1134.22,1121.88,1130.12
2015-09-24 00:00,1129.93,1156.69,1129.81,1153.9
2015-09-25 00:00,1151.03,1151.22,1140.81,1145.64
2015-09-28 00:00,1144.89,1148.09,1127.93,1131.85
2015-09-29 00:00,1131.74,1134.67,1124.33,1127.24
2015-09-30 00:00,1127.28,1128.08,1111.66,1114.93
2015-10-01 00:00,1114.81,1119.21,1111.1,1113.53
2015-10-02 00:00,1113.09,1141.29,1104.68,1138.75
2015-10-05 00:00,1137.32,1142.0,1130.13,1135.65
2015-10-06 00:00,1135.4,1151.24,1134.94,1146.99
2015-10-07 00:00,1146.3,1153.66,1141.86,1145.43
2015-10-08 00:00,1145.05,1151.31,1136.63,1138.92
2015-10-09 00:00,1138.89,1159.66,1138.63,1156.79
2015-10-12 00:00,1154.57,1169.02,1154.28,1163.61
2015-10-13 00:00,1163.03,1168.81,1151.8,1168.63
2015-10-14 00:00,1167.98,1189.8,1163.43,1184.17
2015-10-15 00:00,1181.24,1191.6,1174.39,1183.06
2015-10-16 00:00,1182.26,1184.34,1174.34,1177.34
2015-10-19 00:00,1176.83,1178.23,1168.55,1170.69
2015-10-20 00:00,1170.56,1180.83,1167.34,1175.93
2015-10-21 00:00,1175.33,1179.22,1163.68,1167.05
2015-10-22 00:00,1165.32,1171.75,1162.62,1165.61
2015-10-23 00:00,1163.22,1179.41,1158.93,1164.45
2015-10-26 00:00,1163.82,1169.69,1162.22,1162.9
2015-10-27 00:00,1162.73,1168.77,1160.73,1166.58
2015-10-28 00:00,1166.29,1182.93,1152.32,1155.97
2015-10-29 00:00,1156.11,1162.68,1144.74,1145.86
2015-10-30 00:00,1144.9,1150.07,1139.26,1142.03
2015-11-02 00:00,1141.71,1142.93,1132.7,1133.37
2015-11-03 00:00,1133.37,1138.31,1114.08,1117.65
2015-11-04 00:00,1117.49,1122.79,1104.32,1107.84
2015-11-05 00:00,1107.62,1111.49,1103.04,1103.75
2015-11-06 00:00,1104.0,1110.45,1085.47,1088.83
2015-11-09 00:00,1089.76,1095.74,1088.36,1092.22
2015-11-10 00:00,1091.47,1094.88,1085.28,1089.69
2015-11-11 00:00,1089.18,1094.01,1084.19,1086.28
2015-11-12 00:00,1086.06,1089.65,1074.13,1085.18
2015-11-13 00:00,1084.67,1088.7,1079.63,1083.66
2015-11-16 00:00,1089.46,1098.14,1081.32,1082.63
2015-11-17 00:00,1083.42,1085.09,1065.49,1070.11
2015-11-18 00:00,1071.22,1075.49,1064.07,1070.54
2015-11-19 00:00,1070.07,1087.41,1069.64,1082.12
2015-11-20 00:00,1081.14,1088.04,1075.86,1078.13
2015-11-23 00:00,1076.68,1077.14,1066.59,1069.09
2015-11-24 00:00,1069.19,1081.11,1068.91,1075.55
2015-11-25 00:00,1075.09,1080.81,1067.81,1070.95
2015-11-26 00:00,1071.15,1074.93,1069.79,1071.52
2015-11-27 00:00,1072.04,1073.87,1052.75,1059.98
2015-11-30 00:00,1057.67,1069.7,1053.17,1063.34
2015-12-01 00:00,1064.83,1074.67,1063.3,1069.19
2015-12-02 00:00,1068.4,1071.47,1050.61,1053.54
2015-12-03 00:00,1053.66,1065.49,1046.37,1062.05
2015-12-04 00:00,1062.92,1088.88,1058.19,1086.89
2015-12-07 00:00,1085.73,1086.63,1066.15,1071.14
2015-12-08 00:00,1070.53,1079.18,1067.69,1074.65
2015-12-09 00:00,1074.87,1085.34,1069.44,1072.51
2015-12-10 00:00,1072.03,1076.49,1069.44,1070.57
2015-12-11 00:00,1071.58,1079.67,1062.4,1074.74
2015-12-14 00:00,1073.27,1077.61,1058.56,1059.56
2015-12-15 00:00,1059.72,1068.72,1058.92,1060.83
2015-12-16 00:00,1060.86,1078.45,1060.86,1072.05
2015-12-17 00:00,1073.06,1073.25,1047.69,1051.04
2015-12-18 00:00,1051.63,1071.57,1050.82,1065.97
2015-12-21 00:00,1065.88,1081.79,1063.9,1078.28
2015-12-22 00:00,1078.17,1080.79,1071.88,1072.59
2015-12-23 00:00,1072.77,1075.51,1068.31,1070.06
2015-12-24 00:00,1070.1,1077.11,1069.92,1075.82
2015-12-28 00:00,1075.3,1076.9,1066.48,1068.66
2015-12-29 00:00,1068.59,1075.26,1067.55,1068.9
2015-12-30 00:00,1068.39,1072.13,1059.46,1061.29
2015-12-31 00:00,1060.76,1063.53,1058.2,1061.06
2016-01-04 00:00,1062.39,1083.5,1061.75,1074.35
2016-01-05 00:00,1073.64,1081.97,1072.6,1077.51
2016-01-06 00:00,1077.33,1095.25,1075.04,1093.61
2016-01-07 00:00,1093.67,1110.08,1091.46,1108.76
2016-01-08 00:00,1108.68,1113.11,1091.96,1103.92
2016-01-11 00:00,1103.86,1108.58,1093.62,1093.95
2016-01-12 00:00,1094.68,1099.18,1083.84,1086.47
2016-01-13 00:00,1087.0,1095.5,1079.84,1093.37
2016-01-14 00:00,1093.41,1095.38,1071.43,1078.07
2016-01-15 00:00,1079.18,1097.39,1076.33,1088.76
2016-01-18 00:00,1089.37,1093.31,1087.49,1089.21
2016-01-19 00:00,1089.02,1094.62,1082.51,1087.14
2016-01-20 00:00,1087.17,1109.59,1087.16,1100.58
2016-01-21 00:00,1100.78,1104.53,1092.5,1100.17
2016-01-22 00:00,1101.23,1102.81,1094.05,1097.6
2016-01-25 00:00,1097.5,1108.91,1097.28,1107.57
2016-01-26 00:00,1108.22,1122.94,1107.03,1119.67
2016-01-27 00:00,1119.73,1128.07,1114.9,1124.69
2016-01-28 00:00,1124.92,1125.81,1111.44,1114.89
2016-01-29 00:00,1114.07,1118.42,1108.29,1117.96
2016-02-01 00:00,1117.54,1129.75,1115.56,1128.09
2016-02-02 00:00,1128.35,1131.06,1122.3,1128.53
2016-02-03 00:00,1129.06,1145.52,1124.45,1142.27
2016-02-04 00:00,1141.97,1157.38,1139.37,1155.25
2016-02-05 00:00,1155.16,1174.49,1145.25,1173.08
2016-02-08 00:00,1172.65,1200.89,1164.32,1188.92
2016-02-09 00:00,1188.84,1198.89,1185.78,1188.89
2016-02-10 00:00,1190.05,1197.69,1181.51,1196.71
2016-02-11 00:00,1197.27,1263.25,1195.85,1246.59
2016-02-12 00:00,1246.75,1248.09,1232.53,1238.16
2016-02-15 00:00,1235.3,1235.42,1202.12,1208.54
2016-02-16 00:00,1207.93,1217.02,1190.9,1200.34
2016-02-17 00:00,1200.78,1213.84,1195.72,1208.28
2016-02-18 00:00,1208.81,1239.99,1200.75,1230.68
2016-02-19 00:00,1230.44,1234.56,1220.01,1227.45
2016-02-22 00:00,1225.4,1226.24,1201.96,1208.47
2016-02-23 00:00,1208.32,1228.31,1207.23,1225.47
2016-02-24 00:00,1224.82,1253.34,1221.88,1228.64
2016-02-25 00:00,1227.6,1243.18,1221.19,1232.87
2016-02-26 00:00,1231.7,1240.34,1211.45,1223.44
2016-02-29 00:00,1222.36,1241.12,1215.75,1238.38
2016-03-01 00:00,1238.08,1248.55,1227.22,1231.99
2016-03-02 00:00,1231.53,1244.08,1224.78,1239.82
2016-03-03 00:00,1240.08,1268.31,1237.41,1264.1
2016-03-04 00:00,1263.55,1279.87,1250.45,1258.98
2016-03-07 00:00,1259.81,1273.16,1256.71,1267.17
2016-03-08 00:00,1266.95,1278.13,1260.26,1261.5
2016-03-09 00:00,1261.3,1265.01,1242.96,1253.16
2016-03-10 00:00,1252.6,1273.4,1237.11,1272.1
2016-03-11 00:00,1270.94,1282.9,1248.38,1249.48
2016-03-14 00:00,1250.59,1261.1,1229.37,1235.19
2016-03-15 00:00,1235.88,1238.12,1225.73,1232.46
2016-03-16 00:00,1232.68,1263.9,1226.71,1262.38
2016-03-17 00:00,1261.07,1270.91,1254.44,1257.81
2016-03-18 00:00,1257.09,1266.88,1247.87,1255.34
2016-03-21 00:00,1254.79,1256.02,1240.6,1243.63
2016-03-22 00:00,1243.88,1260.28,1242.36,1248.3
2016-03-23 00:00,1247.68,1249.48,1215.41,1219.9
2016-03-24 00:00,1220.33,1223.89,1212.2,1216.92
2016-03-28 00:00,1213.94,1223.15,1207.07,1221.5
2016-03-29 00:00,1221.3,1243.0,1215.39,1242.06
2016-03-30 00:00,1240.77,1244.21,1223.29,1223.93
2016-03-31 00:00,1225.27,1240.42,1223.74,1232.53
2016-04-01 00:00,1232.15,1235.41,1208.93,1222.27
2016-04-04 00:00,1221.4,1222.64,1214.69,1215.54
2016-04-05 00:00,1215.51,1236.84,1214.76,1231.09
2016-04-06 00:00,1230.79,1232.25,1216.9,1222.43
2016-04-07 00:00,1222.19,1243.28,1222.19,1240.27
2016-04-08 00:00,1239.95,1242.79,1229.6,1240.61
2016-04-11 00:00,1239.99,1258.73,1239.89,1257.76
2016-04-12 00:00,1257.72,1262.68,1251.23,1255.4
2016-04-13 00:00,1255.14,1256.73,1239.8,1242.35
2016-04-14 00:00,1241.83,1244.12,1223.87,1227.73
2016-04-15 00:00,1226.7,1235.93,1225.29,1233.86
2016-04-18 00:00,1234.62,1241.65,1230.07,1232.39
2016-04-19 00:00,1232.22,1256.68,1227.72,1250.17
2016-04-20 00:00,1249.29,1258.02,1242.41,1244.12
2016-04-21 00:00,1242.5,1270.3,1242.5,1247.93
2016-04-22 00:00,1246.69,1252.62,1227.42,1232.85
2016-04-25 00:00,1232.97,1242.3,1230.07,1237.85
2016-04-26 00:00,1237.89,1244.89,1231.36,1243.23
2016-04-27 00:00,1244.03,1252.83,1239.37,1245.63
2016-04-28 00:00,1245.5,1269.64,1237.74,1265.67
2016-04-29 00:00,1266.13,1296.73,1265.03,1293.77
2016-05-02 00:00,1290.93,1303.79,1287.64,1291.55
2016-05-03 00:00,1291.24,1301.78,1282.27,1286.57
2016-05-04 00:00,1285.28,1289.81,1271.84,1277.42
2016-05-05 00:00,1279.16,1286.48,1268.87,1276.91
2016-05-06 00:00,1277.06,1295.6,1274.46,1288.91
2016-05-09 00:00,1284.52,1287.56,1261.34,1263.75
2016-05-10 00:00,1263.8,1269.69,1256.9,1265.54
2016-05-11 00:00,1265.49,1279.1,1264.79,1277.16
2016-05-12 00:00,1277.58,1280.92,1261.84,1263.69
2016-05-13 00:00,1263.25,1276.34,1262.96,1273.41
2016-05-16 00:00,1271.64,1288.74,1270.89,1274.09
2016-05-17 00:00,1274.06,1282.29,1269.05,1278.71
2016-05-18 00:00,1279.02,1281.62,1255.07,1258.38
2016-05-19 00:00,1257.83,1261.28,1243.78,1254.38
2016-05-20 00:00,1254.98,1260.27,1248.83,1252.03
2016-05-23 00:00,1251.08,1256.04,1243.22,1248.92
2016-05-24 00:00,1248.73,1252.19,1226.33,1227.08
2016-05-25 00:00,1227.02,1230.19,1217.86,1224.12
2016-05-26 00:00,1223.44,1234.31,1218.36,1219.7
2016-05-27 00:00,1219.65,1223.58,1206.81,1211.76
2016-05-30 00:00,1212.77,1213.45,1199.73,1205.0
2016-05-31 00:00,1205.79,1218.22,1205.53,1215.31
2016-06-01 00:00,1214.84,1220.45,1206.06,1212.82
2016-06-02 00:00,1213.49,1217.71,1209.87,1210.88
2016-06-03 00:00,1210.78,1244.76,1206.99,1244.65
2016-06-06 00:00,1242.93,1248.74,1240.06,1245.17
2016-06-07 00:00,1245.14,1246.61,1234.84,1243.74
2016-06-08 00:00,1243.99,1264.42,1243.05,1262.54
2016-06-09 00:00,1261.99,1271.75,1256.84,1269.43
2016-06-10 00:00,1268.5,1278.18,1264.58,1274.19
2016-06-13 00:00,1274.85,1287.21,1272.42,1283.57
2016-06-14 00:00,1283.13,1289.81,1276.41,1285.48
2016-06-15 00:00,1284.61,1296.81,1278.49,1291.64
2016-06-16 00:00,1291.8,1315.67,1277.36,1278.56
2016-06-17 00:00,1278.08,1299.64,1276.62,1298.67
2016-06-20 00:00,1289.57,1292.28,1278.04,1289.59
2016-06-21 00:00,1289.79,1294.24,1264.56,1267.93
2016-06-22 00:00,1268.25,1270.71,1261.2,1266.09
2016-06-23 00:00,1264.9,1271.89,1254.47,1256.33
2016-06-24 00:00,1251.61,1358.34,1250.47,1315.78
2016-06-27 00:00,1319.47,1335.43,1317.71,1324.26
2016-06-28 00:00,1324.33,1326.18,1305.53,1311.73
2016-06-29 00:00,1310.6,1327.87,1310.19,1318.87
2016-06-30 00:00,1317.33,1324.18,1312.86,1322.19
2016-07-01 00:00,1321.8,1344.56,1320.54,1342.57
2016-07-04 00:00,1342.36,1357.47,1336.02,1350.88
2016-07-05 00:00,1348.05,1357.69,1338.18,1353.75
2016-07-06 00:00,1355.32,1375.17,1355.18,1363.55
2016-07-07 00:00,1363.52,1370.73,1350.88,1360.63
2016-07-08 00:00,1359.11,1370.41,1335.33,1365.13
2016-07-11 00:00,1367.4,1375.14,1350.9,1355.17
2016-07-12 00:00,1354.84,1357.69,1330.35,1332.83
2016-07-13 00:00,1332.82,1345.33,1327.56,1342.48
2016-07-14 00:00,1343.5,1347.14,1320.2,1334.96
2016-07-15 00:00,1335.7,1338.81,1322.57,1338.41
2016-07-18 00:00,1332.75,1335.5,1323.51,1328.7
2016-07-19 00:00,1328.2,1335.09,1325.63,1331.85
2016-07-20 00:00,1331.36,1338.34,1312.65,1315.81
2016-07-21 00:00,1315.88,1333.92,1310.88,1331.04
2016-07-22 00:00,1331.12,1333.79,1319.7,1322.54
2016-07-25 00:00,1322.78,1323.76,1312.25,1315.68
2016-07-26 00:00,1315.19,1324.49,1313.8,1320.19
2016-07-27 00:00,1319.44,1342.42,1315.76,1340.0
2016-07-28 00:00,1339.37,1345.6,1332.51,1335.32
2016-07-29 00:00,1335.32,1355.04,1328.44,1351.22
2016-08-01 00:00,1349.77,1354.88,1346.28,1352.79
2016-08-02 00:00,1353.27,1367.27,1347.11,1363.39
2016-08-03 00:00,1363.16,1366.48,1354.19,1357.9
2016-08-04 00:00,1358.0,1365.06,1349.12,1361.25
2016-08-05 00:00,1360.69,1364.73,1334.69,1337.05
2016-08-08 00:00,1335.3,1338.28,1329.94,1335.38
2016-08-09 00:00,1335.08,1342.63,1330.56,1340.32
2016-08-10 00:00,1340.47,1357.25,1339.52,1346.42
2016-08-11 00:00,1346.8,1353.33,1335.74,1338.66
2016-08-12 00:00,1338.3,1356.33,1333.28,1336.75
2016-08-15 00:00,1338.16,1343.84,1335.77,1339.4
2016-08-16 00:00,1339.61,1358.06,1339.47,1346.28
2016-08-17 00:00,1345.17,1351.69,1336.07,1348.46
2016-08-18 00:00,1348.32,1356.07,1346.08,1352.62
2016-08-19 00:00,1352.35,1352.86,1337.79,1341.04
2016-08-22 00:00,1340.62,1341.22,1331.75,1338.7
2016-08-23 00:00,1338.57,1344.74,1335.29,1338.03
2016-08-24 00:00,1337.4,1340.16,1323.71,1324.37
2016-08-25 00:00,1324.0,1327.07,1318.07,1321.49
2016-08-26 00:00,1321.27,1342.19,1318.39,1321.89
2016-08-29 00:00,1320.66,1325.15,1315.02,1323.06
2016-08-30 00:00,1323.49,1325.48,1309.28,1311.11
2016-08-31 00:00,1311.48,1316.15,1304.27,1308.8
2016-09-01 00:00,1308.42,1315.14,1302.45,1313.52
2016-09-02 00:00,1313.99,1330.07,1301.19,1324.87
2016-09-05 00:00,1324.22,1328.6,1321.77,1326.98
2016-09-06 00:00,1326.17,1352.55,1324.91,1349.89
2016-09-07 00:00,1347.95,1352.59,1342.76,1344.77
2016-09-08 00:00,1344.78,1349.41,1335.59,1337.6
2016-09-09 00:00,1337.25,1339.51,1327.72,1328.03
2016-09-12 00:00,1328.34,1330.24,1320.52,1327.55
2016-09-13 00:00,1327.9,1331.98,1315.73,1318.44
2016-09-14 00:00,1319.16,1325.96,1313.52,1322.52
2016-09-15 00:00,1321.98,1327.85,1309.3,1314.15
2016-09-16 00:00,1314.77,1318.05,1306.26,1309.73
2016-09-19 00:00,1309.81,1318.38,1309.46,1313.29
2016-09-20 00:00,1312.09,1317.91,1311.99,1314.77
2016-09-21 00:00,1314.57,1337.11,1307.79,1335.27
2016-09-22 00:00,1334.48,1343.7,1331.22,1336.85
2016-09-23 00:00,1336.6,1340.56,1333.8,1338.85
2016-09-26 00:00,1336.75,1342.14,1332.72,1337.66
2016-09-27 00:00,1337.37,1339.49,1324.74,1326.98
2016-09-28 00:00,1325.96,1327.55,1318.02,1321.83
2016-09-29 00:00,1321.24,1325.8,1316.07,1320.58
2016-09-30 00:00,1319.77,1328.1,1313.25,1316.06
2016-10-03 00:00,1318.15,1319.62,1309.34,1311.78
2016-10-04 00:00,1312.16,1312.98,1266.95,1267.93
2016-10-05 00:00,1267.57,1277.1,1262.15,1266.49
2016-10-06 00:00,1267.27,1269.41,1249.87,1254.62
2016-10-07 00:00,1254.85,1265.39,1241.43,1256.63
2016-10-10 00:00,1256.45,1264.91,1256.39,1259.52
2016-10-11 00:00,1259.02,1262.21,1252.51,1252.54
2016-10-12 00:00,1251.41,1258.87,1249.51,1255.09
2016-10-13 00:00,1255.68,1262.32,1253.13,1257.82
2016-10-14 00:00,1257.57,1259.42,1245.99,1250.61
2016-10-17 00:00,1251.05,1257.23,1250.23,1255.41
2016-10-18 00:00,1254.59,1264.72,1254.57,1262.44
2016-10-19 00:00,1261.77,1273.33,1260.31,1269.21
2016-10-20 00:00,1269.29,1274.51,1264.81,1265.82
2016-10-21 00:00,1265.98,1268.01,1261.15,1266.9
2016-10-24 00:00,1264.7,1271.9,1260.16,1264.26
2016-10-25 00:00,1264.67,1276.72,1262.1,1273.64
2016-10-26 00:00,1273.04,1276.45,1264.69,1266.84
2016-10-27 00:00,1266.84,1272.8,1265.09,1268.31
2016-10-28 00:00,1268.23,1284.24,1261.72,1275.84
2016-10-31 00:00,1277.43,1279.49,1271.18,1276.99
2016-11-01 00:00,1276.8,1291.89,1275.56,1287.93
2016-11-02 00:00,1288.06,1308.01,1287.33,1296.1
2016-11-03 00:00,1296.56,1306.67,1285.66,1302.29
2016-11-04 00:00,1301.81,1307.15,1294.76,1304.41
2016-11-07 00:00,1292.69,1295.85,1278.18,1281.59
2016-11-08 00:00,1281.58,1290.67,1272.87,1275.81
2016-11-09 00:00,1275.08,1337.3,1267.97,1277.34
2016-11-10 00:00,1277.71,1292.28,1252.28,1258.95
2016-11-11 00:00,1259.12,1265.4,1219.09,1227.36
2016-11-14 00:00,1227.27,1231.25,1211.6,1220.16
2016-11-15 00:00,1221.65,1231.52,1218.89,1228.51
2016-11-16 00:00,1227.0,1233.06,1221.49,1224.71
2016-11-17 00:00,1224.53,1231.43,1211.04,1216.04
2016-11-18 00:00,1215.53,1217.74,1202.92,1208.59
2016-11-21 00:00,1207.52,1217.6,1205.58,1214.02
2016-11-22 00:00,1213.54,1221.0,1206.15,1212.14
2016-11-23 00:00,1212.54,1214.98,1181.71,1187.29
2016-11-24 00:00,1187.27,1190.86,1180.3,1184.04
2016-11-25 00:00,1181.86,1193.27,1170.85,1183.85
2016-11-28 00:00,1184.47,1197.62,1182.57,1192.86
2016-11-29 00:00,1193.16,1195.08,1181.07,1188.23
2016-11-30 00:00,1188.51,1194.93,1170.69,1173.01
2016-12-01 00:00,1172.97,1176.73,1160.73,1171.42
2016-12-02 00:00,1172.25,1178.13,1166.72,1177.04
2016-12-05 00:00,1180.05,1188.07,1157.17,1169.68
2016-12-06 00:00,1170.52,1175.3,1166.78,1169.5
2016-12-07 00:00,1169.36,1180.31,1165.55,1173.86
2016-12-08 00:00,1173.01,1178.65,1169.21,1170.44
2016-12-09 00:00,1170.49,1172.02,1156.25,1158.44
2016-12-12 00:00,1158.72,1165.87,1151.24,1162.11
2016-12-13 00:00,1162.82,1165.01,1154.6,1157.9
2016-12-14 00:00,1157.48,1165.31,1139.12,1143.09
2016-12-15 00:00,1141.28,1144.37,1122.82,1127.89
2016-12-16 00:00,1128.14,1141.26,1126.64,1134.77
2016-12-19 00:00,1132.9,1142.34,1132.9,1138.58
2016-12-20 00:00,1137.11,1139.72,1125.76,1132.15
2016-12-21 00:00,1132.2,1137.13,1129.36,1131.12
2016-12-22 00:00,1131.42,1134.08,1127.76,1128.15
2016-12-23 00:00,1127.95,1135.8,1127.95,1133.48
2016-12-27 00:00,1133.67,1150.57,1131.65,1138.4
2016-12-28 00:00,1136.64,1144.45,1136.53,1141.0
2016-12-29 00:00,1141.82,1159.49,1141.62,1157.23
2016-12-30 00:00,1158.13,1163.22,1149.68,1152.16
2017-01-03 00:00,1149.87,1164.49,1146.05,1158.55
2017-01-04 00:00,1158.08,1167.91,1156.17,1163.02
2017-01-05 00:00,1163.27,1185.01,1162.95,1179.91
2017-01-06 00:00,1179.88,1182.97,1170.95,1172.64
2017-01-09 00:00,1171.65,1186.18,1171.5,1180.52
2017-01-10 00:00,1180.15,1190.64,1180.15,1187.57
2017-01-11 00:00,1187.97,1198.27,1177.19,1191.56
2017-01-12 00:00,1190.69,1206.96,1190.52,1195.38
2017-01-13 00:00,1193.04,1201.57,1187.95,1197.42
2017-01-16 00:00,1199.17,1208.68,1198.14,1202.42
2017-01-17 00:00,1202.8,1218.86,1202.22,1216.95
2017-01-18 00:00,1217.26,1217.73,1202.34,1203.95
2017-01-19 00:00,1202.32,1206.48,1195.87,1204.62
2017-01-20 00:00,1204.88,1214.96,1198.56,1210.03
2017-01-23 00:00,1208.66,1219.5,1208.66,1217.99
2017-01-24 00:00,1218.02,1220.2,1206.6,1208.99
2017-01-25 00:00,1208.59,1209.77,1193.31,1200.08
2017-01-26 00:00,1201.15,1202.58,1184.41,1188.62
2017-01-27 00:00,1189.0,1191.68,1180.58,1191.59
2017-01-30 00:00,1191.8,1199.41,1188.3,1195.4
2017-01-31 00:00,1195.54,1215.34,1193.76,1210.6
2017-02-01 00:00,1210.25,1213.24,1198.19,1209.67
2017-02-02 00:00,1209.15,1225.33,1208.44,1215.84
2017-02-03 00:00,1215.7,1221.39,1206.29,1220.05
2017-02-06 00:00,1219.35,1235.7,1219.19,1235.32
2017-02-07 00:00,1234.73,1235.8,1227.78,1233.63
2017-02-08 00:00,1233.66,1244.75,1230.08,1241.53
2017-02-09 00:00,1240.76,1244.52,1225.36,1228.63
2017-02-10 00:00,1228.01,1237.14,1221.66,1233.75
2017-02-13 00:00,1232.26,1232.85,1219.34,1225.35
2017-02-14 00:00,1225.21,1234.52,1221.96,1228.53
2017-02-15 00:00,1227.42,1233.38,1216.71,1233.28
2017-02-16 00:00,1233.1,1242.38,1232.11,1239.25
2017-02-17 00:00,1239.01,1243.8,1234.82,1234.91
2017-02-20 00:00,1235.02,1238.97,1232.83,1237.36
2017-02-21 00:00,1237.64,1238.86,1226.11,1235.76
2017-02-22 00:00,1236.05,1240.61,1231.23,1237.34
2017-02-23 00:00,1237.38,1251.11,1235.79,1249.28
2017-02-24 00:00,1249.06,1260.13,1247.77,1257.06
2017-02-27 00:00,1257.9,1263.9,1251.0,1252.82
2017-02-28 00:00,1252.28,1258.44,1247.62,1248.21
2017-03-01 00:00,1247.86,1250.64,1236.94,1249.59
2017-03-02 00:00,1249.3,1250.02,1230.89,1234.19
2017-03-03 00:00,1233.78,1236.32,1222.84,1234.5
2017-03-06 00:00,1233.41,1236.84,1224.88,1225.35
2017-03-07 00:00,1225.32,1227.2,1214.18,1215.66
2017-03-08 00:00,1215.39,1218.54,1206.65,1208.12
2017-03-09 00:00,1207.85,1209.01,1199.21,1200.95
2017-03-10 00:00,1200.51,1206.34,1195.04,1204.53
2017-03-13 00:00,1204.47,1211.2,1202.48,1203.99
2017-03-14 00:00,1203.15,1207.63,1197.32,1198.46
2017-03-15 00:00,1198.61,1222.0,1197.56,1219.39
2017-03-16 00:00,1219.15,1233.74,1218.06,1226.15
2017-03-17 00:00,1226.21,1231.7,1224.51,1229.35
2017-03-20 00:00,1229.02,1235.55,1229.02,1233.95
2017-03-21 00:00,1233.85,1247.63,1226.92,1244.32
2017-03-22 00:00,1243.87,1251.34,1243.87,1248.71
2017-03-23 00:00,1248.58,1253.28,1242.78,1244.9
2017-03-24 00:00,1244.94,1251.87,1241.02,1245.67
2017-03-27 00:00,1245.68,1261.07,1245.68,1254.15
2017-03-28 00:00,1253.56,1258.41,1247.7,1251.69
2017-03-29 00:00,1250.53,1254.67,1247.31,1253.01
2017-03-30 00:00,1253.43,1253.83,1242.32,1242.96
2017-03-31 00:00,1240.65,1250.58,1239.71,1249.06
2017-04-03 00:00,1250.07,1253.71,1244.49,1253.3
2017-04-04 00:00,1253.39,1261.25,1253.33,1255.83
2017-04-05 00:00,1256.17,1257.36,1243.72,1255.37
2017-04-06 00:00,1255.6,1258.94,1249.77,1251.51
2017-04-07 00:00,1251.31,1270.89,1250.59,1254.41
2017-04-10 00:00,1253.82,1257.12,1247.15,1254.27
2017-04-11 00:00,1254.82,1275.12,1253.11,1274.26
2017-04-12 00:00,1274.78,1286.74,1271.92,1286.12
2017-04-13 00:00,1286.2,1288.58,1281.88,1287.15
2017-04-17 00:00,1290.31,1295.53,1281.42,1284.34
2017-04-18 00:00,1284.44,1292.36,1279.0,1289.07
2017-04-19 00:00,1289.65,1290.72,1274.07,1279.57
2017-04-20 00:00,1279.53,1283.45,1276.62,1281.46
2017-04-21 00:00,1281.86,1288.31,1278.54,1284.45
2017-04-24 00:00,1275.83,1277.44,1265.49,1275.23
2017-04-25 00:00,1276.25,1278.16,1261.67,1263.54
2017-04-26 00:00,1264.07,1270.62,1260.0,1268.72
2017-04-27 00:00,1268.56,1269.63,1261.25,1264.15
2017-04-28 00:00,1263.84,1268.52,1263.04,1268.05
2017-05-01 00:00,1267.31,1271.15,1254.2,1256.25
2017-05-02 00:00,1256.36,1257.75,1252.0,1256.66
2017-05-03 00:00,1256.53,1256.94,1235.87,1237.99
2017-05-04 00:00,1237.86,1241.28,1225.74,1227.57
2017-05-05 00:00,1228.08,1235.6,1226.09,1227.71
2017-05-08 00:00,1220.97,1236.54,1220.91,1225.76
2017-05-09 00:00,1225.77,1228.61,1214.27,1220.93
2017-05-10 00:00,1221.82,1225.66,1217.61,1218.82
2017-05-11 00:00,1217.95,1227.7,1216.97,1224.69
2017-05-12 00:00,1224.8,1231.78,1224.43,1228.56
2017-05-15 00:00,1228.0,1237.34,1226.94,1229.86
2017-05-16 00:00,1230.23,1239.13,1230.23,1236.8
2017-05-17 00:00,1236.99,1261.29,1236.47,1261.08
2017-05-18 00:00,1260.71,1265.05,1246.04,1247.1
2017-05-19 00:00,1246.22,1256.44,1246.11,1255.45
2017-05-22 00:00,1257.51,1262.6,1251.77,1260.42
2017-05-23 00:00,1259.59,1263.77,1250.68,1250.98
2017-05-24 00:00,1250.5,1258.95,1247.92,1258.55
2017-05-25 00:00,1257.27,1259.65,1253.85,1255.49
2017-05-26 00:00,1255.32,1269.47,1253.1,1266.94
2017-05-29 00:00,1267.47,1269.1,1265.03,1266.44
2017-05-30 00:00,1265.97,1270.49,1259.39,1262.7
2017-05-31 00:00,1261.99,1274.12,1259.58,1268.72
2017-06-01 00:00,1268.25,1270.32,1261.53,1265.8
2017-06-02 00:00,1264.92,1279.45,1258.91,1278.66
2017-06-05 00:00,1279.97,1283.44,1277.77,1279.48
2017-06-06 00:00,1278.81,1296.08,1278.81,1294.02
2017-06-07 00:00,1294.18,1294.93,1282.63,1286.73
2017-06-08 00:00,1286.42,1288.94,1271.35,1277.82
2017-06-09 00:00,1281.23,1281.65,1264.64,1266.69
2017-06-12 00:00,1267.01,1270.41,1263.63,1265.72
2017-06-13 00:00,1265.41,1268.93,1259.2,1266.43
2017-06-14 00:00,1266.35,1281.0,1257.18,1261.03
2017-06-15 00:00,1260.6,1266.66,1251.46,1253.84
2017-06-16 00:00,1253.4,1257.16,1251.84,1253.44
2017-06-19 00:00,1254.17,1255.64,1243.04,1243.64
2017-06-20 00:00,1244.04,1248.11,1241.34,1243.1
2017-06-21 00:00,1242.75,1247.81,1240.84,1246.49
2017-06-22 00:00,1245.2,1254.8,1245.12,1250.38
2017-06-23 00:00,1249.81,1258.88,1249.81,1256.65
2017-06-26 00:00,1257.18,1258.08,1235.99,1244.46
2017-06-27 00:00,1244.21,1253.1,1241.38,1247.07
2017-06-28 00:00,1246.28,1254.5,1246.26,1249.09
2017-06-29 00:00,1248.7,1253.17,1239.79,1245.2
2017-06-30 00:00,1244.86,1248.24,1239.25,1241.49
2017-07-03 00:00,1241.71,1242.67,1218.48,1220.18
2017-07-04 00:00,1220.5,1226.53,1220.29,1222.67
2017-07-05 00:00,1223.93,1228.83,1217.44,1226.76
2017-07-06 00:00,1226.9,1229.26,1222.5,1225.02
2017-07-07 00:00,1225.04,1228.44,1207.3,1212.27
2017-07-10 00:00,1212.09,1215.61,1204.83,1214.13
2017-07-11 00:00,1214.11,1217.42,1208.21,1217.26
2017-07-12 00:00,1216.3,1225.76,1213.47,1220.33
2017-07-13 00:00,1218.69,1224.44,1216.52,1217.38
2017-07-14 00:00,1216.68,1232.83,1214.76,1228.86
2017-07-17 00:00,1228.87,1236.05,1228.19,1233.93
2017-07-18 00:00,1234.05,1244.57,1232.82,1242.35
2017-07-19 00:00,1242.32,1244.05,1235.88,1241.12
2017-07-20 00:00,1239.52,1247.54,1235.31,1244.47
2017-07-21 00:00,1244.47,1255.71,1243.36,1254.76
2017-07-24 00:00,1255.17,1258.83,1251.94,1255.15
2017-07-25 00:00,1254.75,1257.76,1249.13,1249.84
2017-07-26 00:00,1249.39,1263.51,1243.77,1260.8
2017-07-27 00:00,1260.37,1265.26,1254.55,1258.93
2017-07-28 00:00,1259.06,1270.85,1257.35,1268.96
2017-07-31 00:00,1270.14,1271.1,1265.77,1269.4
2017-08-01 00:00,1268.78,1274.1,1262.53,1268.78
2017-08-02 00:00,1268.59,1272.8,1262.88,1266.54
2017-08-03 00:00,1266.37,1270.82,1256.64,1268.5
2017-08-04 00:00,1269.02,1270.22,1254.22,1258.87
2017-08-07 00:00,1257.86,1259.94,1255.8,1257.77
2017-08-08 00:00,1257.04,1265.24,1251.54,1260.85
2017-08-09 00:00,1260.34,1278.74,1260.11,1277.24
2017-08-10 00:00,1277.33,1287.85,1274.68,1286.35
2017-08-11 00:00,1286.65,1292.06,1281.33,1290.52
2017-08-14 00:00,1290.25,1290.25,1278.64,1281.77
2017-08-15 00:00,1281.42,1282.07,1267.33,1271.36
2017-08-16 00:00,1271.16,1283.94,1267.8,1283.08
2017-08-17 00:00,1283.87,1290.16,1281.84,1287.92
2017-08-18 00:00,1288.01,1300.87,1283.49,1284.75
2017-08-21 00:00,1283.61,1293.88,1280.61,1291.91
2017-08-22 00:00,1290.77,1292.6,1282.04,1284.99
2017-08-23 00:00,1284.7,1291.46,1282.82,1290.68
2017-08-24 00:00,1290.4,1291.23,1284.52,1286.28
2017-08-25 00:00,1286.09,1294.64,1276.37,1291.57
2017-08-28 00:00,1292.19,1312.13,1291.84,1309.88
2017-08-29 00:00,1314.96,1326.04,1305.01,1309.52
2017-08-30 00:00,1309.17,1313.74,1305.2,1308.73
2017-08-31 00:00,1308.72,1323.66,1297.69,1321.35
2017-09-01 00:00,1321.13,1328.85,1316.45,1324.69
2017-09-04 00:00,1334.53,1339.9,1331.87,1334.01
2017-09-05 00:00,1333.79,1344.38,1326.17,1339.67
2017-09-06 00:00,1339.03,1342.49,1331.6,1334.11
2017-09-07 00:00,1334.06,1349.92,1332.61,1349.04
2017-09-08 00:00,1348.33,1357.54,1342.79,1346.59
2017-09-11 00:00,1336.96,1340.07,1326.42,1327.55
2017-09-12 00:00,1327.02,1332.17,1322.68,1331.91
2017-09-13 00:00,1331.83,1334.7,1320.87,1323.14
2017-09-14 00:00,1323.37,1330.83,1315.71,1329.45
2017-09-15 00:00,1329.25,1334.4,1319.73,1320.4
2017-09-18 00:00,1319.23,1319.97,1304.68,1307.51
2017-09-19 00:00,1306.38,1311.72,1305.19,1311.12
2017-09-20 00:00,1310.92,1316.04,1296.05,1301.18
2017-09-21 00:00,1301.13,1301.75,1288.16,1291.34
2017-09-22 00:00,1290.93,1298.74,1290.82,1297.01
2017-09-25 00:00,1297.06,1312.14,1289.33,1310.6
2017-09-26 00:00,1310.17,1313.68,1292.21,1293.72
2017-09-27 00:00,1293.42,1296.25,1281.49,1282.8
2017-09-28 00:00,1282.12,1288.82,1277.77,1287.41
2017-09-29 00:00,1287.13,1290.37,1275.87,1279.45
2017-10-02 00:00,1278.36,1280.16,1269.61,1270.85
2017-10-03 00:00,1270.21,1274.77,1268.35,1271.82
2017-10-04 00:00,1271.71,1282.25,1270.59,1274.69
2017-10-05 00:00,1274.75,1279.02,1266.4,1268.14
2017-10-06 00:00,1268.07,1276.36,1260.64,1276.27
2017-10-09 00:00,1275.07,1285.46,1274.47,1283.97
2017-10-10 00:00,1284.3,1294.24,1282.15,1287.75
2017-10-11 00:00,1288.14,1293.59,1284.63,1291.78
2017-10-12 00:00,1292.18,1297.54,1289.69,1293.51
2017-10-13 00:00,1293.07,1303.78,1291.02,1303.4
2017-10-16 00:00,1302.57,1306.08,1290.49,1295.1
2017-10-17 00:00,1294.91,1296.28,1281.4,1285.15
2017-10-18 00:00,1284.93,1288.88,1277.0,1280.9
2017-10-19 00:00,1280.81,1290.5,1276.62,1289.7
2017-10-20 00:00,1290.09,1291.12,1277.94,1280.23
2017-10-23 00:00,1279.47,1283.31,1272.59,1282.0
2017-10-24 00:00,1281.68,1283.67,1273.77,1276.68
2017-10-25 00:00,1276.55,1280.04,1271.04,1277.45
2017-10-26 00:00,1277.19,1282.57,1265.75,1267.06
2017-10-27 00:00,1267.13,1273.82,1263.98,1273.54
2017-10-30 00:00,1273.01,1278.85,1268.98,1276.31
2017-10-31 00:00,1276.46,1278.19,1267.75,1270.81
2017-11-01 00:00,1270.63,1280.93,1268.01,1274.57
2017-11-02 00:00,1274.66,1284.18,1273.4,1275.91
2017-11-03 00:00,1276.6,1280.51,1265.54,1270.14
2017-11-06 00:00,1269.19,1282.93,1266.07,1281.85
2017-11-07 00:00,1281.67,1281.84,1271.91,1275.19
2017-11-08 00:00,1275.08,1287.24,1275.08,1281.4
2017-11-09 00:00,1281.36,1288.54,1280.0,1284.99
2017-11-10 00:00,1285.41,1287.1,1273.47,1275.72
2017-11-13 00:00,1274.01,1279.78,1273.78,1278.26
2017-11-14 00:00,1278.34,1283.63,1270.03,1280.15
2017-11-15 00:00,1280.34,1289.16,1276.75,1278.18
2017-11-16 00:00,1277.83,1281.82,1275.16,1278.58
2017-11-17 00:00,1278.76,1296.95,1278.28,1294.22
2017-11-20 00:00,1293.27,1294.82,1274.28,1276.81
2017-11-21 00:00,1276.82,1284.77,1276.27,1280.37
2017-11-22 00:00,1280.66,1294.7,1279.07,1292.05
2017-11-23 00:00,1292.17,1293.58,1287.02,1290.83
2017-11-24 00:00,1291.35,1293.25,1285.73,1288.45
2017-11-27 00:00,1288.32,1299.24,1286.77,1294.37
2017-11-28 00:00,1293.64,1297.46,1290.69,1293.62
2017-11-29 00:00,1293.94,1296.7,1282.05,1283.56
2017-11-30 00:00,1283.25,1285.31,1270.4,1274.88
2017-12-01 00:00,1274.93,1289.33,1271.65,1280.0
2017-12-04 00:00,1274.06,1277.16,1271.08,1276.05
2017-12-05 00:00,1276.09,1277.06,1261.01,1265.82
2017-12-06 00:00,1265.73,1269.27,1262.59,1263.31
2017-12-07 00:00,1262.34,1264.48,1243.99,1247.04
2017-12-08 00:00,1247.1,1252.37,1243.97,1248.18
2017-12-11 00:00,1247.39,1251.56,1240.73,1242.11
2017-12-12 00:00,1241.95,1246.24,1236.52,1244.4
2017-12-13 00:00,1243.97,1257.07,1240.29,1255.63
2017-12-14 00:00,1255.23,1259.09,1250.52,1252.66
2017-12-15 00:00,1253.05,1261.87,1252.73,1255.46
2017-12-18 00:00,1255.22,1264.01,1252.79,1262.02
2017-12-19 00:00,1262.28,1265.3,1259.28,1261.57
2017-12-20 00:00,1261.6,1267.91,1261.36,1265.41
2017-12-21 00:00,1265.24,1269.01,1262.81,1266.59
2017-12-22 00:00,1266.85,1276.26,1265.05,1275.39
2017-12-26 00:00,1274.31,1283.81,1273.37,1282.85
2017-12-27 00:00,1283.27,1289.03,1281.3,1287.16
2017-12-28 00:00,1287.81,1295.24,1287.01,1294.9
2017-12-29 00:00,1294.97,1307.6,1293.89,1302.66
2018-01-02 00:00,1302.74,1318.93,1302.06,1317.41
2018-01-03 00:00,1317.49,1321.47,1307.46,1313.11
2018-01-04 00:00,1312.89,1326.03,1305.91,1322.71
2018-01-05 00:00,1321.87,1323.46,1313.7,1320.03
2018-01-08 00:00,1319.77,1322.17,1314.84,1320.41
2018-01-09 00:00,1319.75,1320.49,1308.85,1312.78
2018-01-10 00:00,1311.9,1327.74,1308.26,1316.63
2018-01-11 00:00,1316.23,1323.98,1315.72,1322.36
2018-01-12 00:00,1322.22,1339.39,1321.59,1338.3
2018-01-15 00:00,1336.41,1344.77,1335.92,1340.07
2018-01-16 00:00,1340.27,1342.32,1331.91,1338.4
2018-01-17 00:00,1338.46,1344.0,1325.97,1326.11
2018-01-18 00:00,1326.85,1333.14,1324.26,1326.81
2018-01-19 00:00,1326.54,1338.09,1326.32,1331.56
2018-01-22 00:00,1333.85,1335.68,1328.44,1333.95
2018-01-23 00:00,1332.86,1341.81,1331.39,1341.34
2018-01-24 00:00,1340.93,1362.14,1339.52,1358.4
2018-01-25 00:00,1356.73,1366.08,1342.48,1348.27
2018-01-26 00:00,1346.73,1357.14,1344.63,1350.1
2018-01-29 00:00,1349.07,1352.41,1337.61,1340.34
2018-01-30 00:00,1340.23,1348.93,1334.46,1338.52
2018-01-31 00:00,1337.86,1347.58,1332.7,1345.04
2018-02-01 00:00,1344.18,1351.05,1337.27,1348.79
2018-02-02 00:00,1348.61,1350.08,1327.42,1332.69
2018-02-05 00:00,1331.85,1341.61,1329.02,1339.53
2018-02-06 00:00,1339.49,1346.12,1320.24,1324.34
2018-02-07 00:00,1322.83,1332.32,1311.49,1318.41
2018-02-08 00:00,1317.7,1322.17,1307.07,1318.83
2018-02-09 00:00,1318.14,1322.68,1311.15,1315.73
2018-02-12 00:00,1314.94,1326.81,1314.18,1322.52
2018-02-13 00:00,1322.06,1331.08,1321.63,1329.36
2018-02-14 00:00,1328.76,1355.62,1317.62,1350.42
2018-02-15 00:00,1349.68,1357.15,1348.58,1353.23
2018-02-16 00:00,1353.33,1361.75,1344.78,1347.51
2018-02-19 00:00,1347.51,1351.4,1345.82,1346.62
2018-02-20 00:00,1346.32,1348.2,1328.48,1329.44
2018-02-21 00:00,1328.47,1336.24,1322.4,1324.46
2018-02-22 00:00,1323.39,1332.14,1320.96,1332.03
2018-02-23 00:00,1331.25,1332.17,1325.83,1328.84
2018-02-26 00:00,1328.2,1341.06,1326.69,1333.26
2018-02-27 00:00,1333.05,1336.74,1313.44,1318.46
2018-02-28 00:00,1317.26,1322.56,1315.64,1318.07
2018-03-01 00:00,1317.57,1321.18,1302.82,1316.96
2018-03-02 00:00,1316.38,1325.47,1315.25,1322.21
2018-03-05 00:00,1323.75,1327.79,1317.56,1320.3
2018-03-06 00:00,1319.42,1338.48,1319.42,1334.62
2018-03-07 00:00,1337.66,1340.51,1322.2,1325.52
2018-03-08 00:00,1324.64,1329.05,1319.0,1321.91
2018-03-09 00:00,1321.39,1325.16,1312.89,1323.46
2018-03-12 00:00,1323.49,1324.28,1315.09,1323.02
2018-03-13 00:00,1322.34,1328.34,1313.85,1326.38
2018-03-14 00:00,1325.46,1330.04,1321.47,1324.93
2018-03-15 00:00,1324.0,1327.92,1314.95,1316.12
2018-03-16 00:00,1316.2,1321.75,1309.65,1313.58
2018-03-19 00:00,1313.07,1319.64,1307.79,1316.88
2018-03-20 00:00,1316.46,1318.28,1307.21,1311.13
2018-03-21 00:00,1310.74,1336.74,1309.85,1332.04
2018-03-22 00:00,1331.94,1334.9,1324.82,1328.92
2018-03-23 00:00,1328.92,1350.24,1328.92,1347.6
2018-03-26 00:00,1346.17,1355.93,1343.5,1353.48
2018-03-27 00:00,1353.34,1356.84,1339.87,1344.68
2018-03-28 00:00,1345.44,1347.05,1323.48,1324.76
2018-03-29 00:00,1324.62,1328.35,1321.2,1325.15
2018-04-02 00:00,1325.74,1344.96,1324.84,1341.29
2018-04-03 00:00,1340.68,1342.5,1328.91,1332.77
2018-04-04 00:00,1332.59,1348.26,1331.52,1333.22
2018-04-05 00:00,1332.97,1334.89,1322.76,1326.56
2018-04-06 00:00,1326.17,1335.46,1319.88,1332.8
2018-04-09 00:00,1333.57,1338.0,1326.9,1336.26
2018-04-10 00:00,1335.96,1342.58,1331.1,1339.56
2018-04-11 00:00,1339.34,1365.29,1339.1,1353.18
2018-04-12 00:00,1352.65,1353.19,1333.76,1335.0
2018-04-13 00:00,1334.55,1347.19,1333.29,1345.16
2018-04-16 00:00,1346.37,1350.53,1340.19,1345.82
2018-04-17 00:00,1346.2,1349.42,1337.69,1347.21
2018-04-18 00:00,1347.35,1355.75,1342.32,1349.3
2018-04-19 00:00,1349.07,1354.74,1340.95,1345.46
2018-04-20 00:00,1345.48,1346.31,1334.98,1335.55
2018-04-23 00:00,1333.91,1335.49,1322.12,1324.73
2018-04-24 00:00,1324.44,1332.68,1322.09,1330.4
2018-04-25 00:00,1330.13,1332.08,1318.82,1323.3
2018-04-26 00:00,1322.44,1326.62,1315.31,1316.92
2018-04-27 00:00,1316.7,1325.24,1315.43,1323.04
2018-04-30 00:00,1322.54,1325.97,1310.23,1315.26
2018-05-01 00:00,1314.98,1316.37,1301.81,1303.96
2018-05-02 00:00,1303.48,1313.51,1303.42,1304.75
2018-05-03 00:00,1304.25,1318.12,1304.25,1312.17
2018-05-04 00:00,1311.84,1315.4,1307.99,1314.72
2018-05-07 00:00,1314.98,1318.95,1310.25,1314.15
2018-05-08 00:00,1312.94,1317.83,1306.1,1314.36
2018-05-09 00:00,1314.57,1317.45,1304.31,1312.7
2018-05-10 00:00,1312.48,1322.89,1310.78,1321.29
2018-05-11 00:00,1321.3,1325.96,1317.37,1318.08
2018-05-14 00:00,1317.92,1322.37,1312.98,1313.36
2018-05-15 00:00,1312.95,1314.89,1288.71,1290.57
2018-05-16 00:00,1290.11,1296.92,1286.4,1290.74
2018-05-17 00:00,1290.25,1294.41,1285.12,1290.85
2018-05-18 00:00,1290.53,1294.24,1286.09,1292.64
2018-05-21 00:00,1290.52,1293.16,1282.09,1292.66
2018-05-22 00:00,1292.1,1296.26,1287.98,1291.33
2018-05-23 00:00,1291.27,1298.53,1287.94,1293.4
2018-05-24 00:00,1293.64,1306.64,1292.77,1304.76
2018-05-25 00:00,1304.3,1307.8,1299.89,1300.79
2018-05-28 00:00,1299.62,1300.36,1295.54,1297.67
2018-05-29 00:00,1297.42,1306.42,1293.47,1298.71
2018-05-30 00:00,1298.64,1304.37,1295.9,1301.31
2018-05-31 00:00,1301.25,1306.46,1297.14,1298.23
2018-06-01 00:00,1298.63,1300.64,1289.36,1293.47
2018-06-04 00:00,1292.53,1298.1,1290.24,1291.86
2018-06-05 00:00,1292.09,1300.56,1289.8,1296.41
2018-06-06 00:00,1296.18,1301.82,1293.81,1296.51
2018-06-07 00:00,1296.41,1303.18,1294.9,1297.1
2018-06-08 00:00,1296.82,1300.59,1292.77,1298.72
2018-06-11 00:00,1299.84,1302.21,1294.14,1300.26
2018-06-12 00:00,1299.88,1300.57,1293.26,1295.78
2018-06-13 00:00,1295.27,1301.24,1292.15,1299.5
2018-06-14 00:00,1299.2,1309.29,1297.55,1302.09
2018-06-15 00:00,1302.36,1303.14,1275.46,1280.28
2018-06-18 00:00,1277.95,1282.44,1276.94,1278.34
2018-06-19 00:00,1278.07,1284.08,1270.44,1274.44
2018-06-20 00:00,1274.77,1276.43,1267.66,1267.94
2018-06-21 00:00,1267.57,1270.12,1261.35,1266.94
2018-06-22 00:00,1266.53,1271.22,1266.49,1269.3
2018-06-25 00:00,1269.2,1272.58,1264.49,1265.45
2018-06-26 00:00,1265.54,1267.66,1254.77,1258.81
2018-06-27 00:00,1258.68,1260.11,1250.73,1252.01
2018-06-28 00:00,1251.76,1254.27,1245.96,1248.17
2018-06-29 00:00,1247.95,1255.64,1246.07,1252.9
2018-07-02 00:00,1251.45,1254.2,1239.69,1241.88
2018-07-03 00:00,1241.17,1256.88,1237.95,1252.69
2018-07-04 00:00,1252.27,1261.1,1252.01,1252.34
2018-07-05 00:00,1256.27,1259.76,1251.31,1257.62
2018-07-06 00:00,1257.24,1258.89,1252.81,1254.67
2018-07-09 00:00,1255.36,1265.95,1254.81,1257.63
2018-07-10 00:00,1257.38,1260.37,1247.36,1255.48
2018-07-11 00:00,1255.94,1256.92,1241.55,1242.06
2018-07-12 00:00,1242.0,1248.56,1241.33,1247.07
2018-07-13 00:00,1246.35,1248.13,1236.5,1241.24
2018-07-16 00:00,1240.71,1245.57,1238.34,1240.89
2018-07-17 00:00,1240.62,1245.01,1226.09,1227.6
2018-07-18 00:00,1226.92,1229.15,1221.07,1227.48
2018-07-19 00:00,1227.17,1229.13,1211.53,1222.72
2018-07-20 00:00,1223.03,1232.28,1215.68,1231.61
2018-07-23 00:00,1231.54,1235.15,1222.26,1224.49
2018-07-24 00:00,1224.38,1229.53,1218.14,1224.4
2018-07-25 00:00,1224.03,1234.18,1223.27,1231.45
2018-07-26 00:00,1231.69,1235.25,1222.36,1222.56
2018-07-27 00:00,1222.28,1227.34,1217.56,1222.97
2018-07-30 00:00,1222.37,1225.09,1219.01,1221.44
2018-07-31 00:00,1221.33,1228.62,1213.99,1223.7
2018-08-01 00:00,1223.64,1224.83,1215.8,1215.94
2018-08-02 00:00,1214.88,1221.14,1207.09,1207.75
2018-08-03 00:00,1207.34,1220.05,1204.48,1213.29
2018-08-06 00:00,1213.58,1217.88,1206.37,1207.34
2018-08-07 00:00,1207.24,1216.15,1207.23,1210.95
2018-08-08 00:00,1210.74,1215.86,1206.43,1213.65
2018-08-09 00:00,1213.66,1217.29,1210.77,1212.3
2018-08-10 00:00,1212.38,1217.11,1205.75,1211.55
2018-08-13 00:00,1210.64,1213.86,1191.65,1193.53
2018-08-14 00:00,1193.91,1198.73,1192.05,1193.93
2018-08-15 00:00,1194.16,1194.71,1173.1,1174.67
2018-08-16 00:00,1175.75,1182.01,1160.17,1174.04
2018-08-17 00:00,1173.91,1185.03,1171.92,1184.33
2018-08-20 00:00,1183.32,1190.87,1182.8,1190.48
2018-08-21 00:00,1190.44,1197.03,1187.66,1196.06
2018-08-22 00:00,1196.54,1201.6,1192.57,1195.44
2018-08-23 00:00,1195.22,1196.62,1183.9,1185.19
2018-08-24 00:00,1185.38,1208.57,1183.14,1206.01
2018-08-27 00:00,1207.42,1212.41,1203.09,1211.26
2018-08-28 00:00,1211.02,1214.3,1199.63,1201.03
2018-08-29 00:00,1200.79,1207.25,1200.75,1206.53
2018-08-30 00:00,1206.66,1207.86,1196.29,1199.81
2018-08-31 00:00,1200.37,1208.86,1198.26,1200.93
2018-09-03 00:00,1200.68,1203.89,1195.67,1200.98
2018-09-04 00:00,1200.8,1202.02,1189.64,1191.4
2018-09-05 00:00,1191.53,1198.41,1190.89,1196.7
2018-09-06 00:00,1196.66,1206.99,1195.83,1200.06
2018-09-07 00:00,1200.04,1203.53,1193.46,1195.95
2018-09-10 00:00,1195.06,1198.52,1191.55,1195.81
2018-09-11 00:00,1194.99,1199.38,1187.73,1198.62
2018-09-12 00:00,1198.05,1208.48,1192.7,1206.13
2018-09-13 00:00,1207.07,1212.65,1200.18,1201.38
2018-09-14 00:00,1201.53,1208.57,1192.93,1193.6
2018-09-17 00:00,1194.21,1204.82,1192.83,1201.33
2018-09-18 00:00,1201.27,1203.55,1195.89,1198.25
2018-09-19 00:00,1198.0,1206.21,1197.65,1203.91
2018-09-20 00:00,1204.12,1208.46,1201.31,1207.08
2018-09-21 00:00,1207.27,1211.04,1191.83,1199.23
2018-09-24 00:00,1198.84,1204.19,1194.44,1198.79
2018-09-25 00:00,1198.54,1203.35,1197.1,1201.13
2018-09-26 00:00,1200.71,1202.47,1190.53,1194.35
2018-09-27 00:00,1194.57,1198.62,1181.86,1182.75
2018-09-28 00:00,1182.82,1193.82,1180.67,1191.63
2018-10-01 00:00,1192.31,1192.4,1184.62,1188.74
2018-10-02 00:00,1188.14,1208.26,1187.66,1202.94
2018-10-03 00:00,1202.99,1208.31,1196.63,1197.29
2018-10-04 00:00,1197.59,1206.8,1196.0,1199.79
2018-10-05 00:00,1199.65,1205.82,1197.26,1202.91
2018-10-08 00:00,1202.99,1204.08,1183.46,1187.93
2018-10-09 00:00,1187.91,1191.94,1183.33,1189.71
2018-10-10 00:00,1189.16,1194.76,1185.34,1194.68
2018-10-11 00:00,1194.47,1226.32,1191.29,1224.19
2018-10-12 00:00,1223.1,1224.29,1215.85,1217.85
2018-10-15 00:00,1217.57,1233.28,1216.87,1226.84
2018-10-16 00:00,1226.36,1232.43,1223.37,1224.72
2018-10-17 00:00,1224.5,1229.52,1220.65,1222.21
2018-10-18 00:00,1221.85,1230.13,1218.66,1225.76
2018-10-19 00:00,1225.53,1230.81,1223.11,1226.54
2018-10-22 00:00,1227.31,1229.55,1220.1,1222.0
2018-10-23 00:00,1220.95,1239.74,1220.95,1230.11
2018-10-24 00:00,1229.84,1234.24,1225.64,1234.05
2018-10-25 00:00,1233.09,1239.17,1228.12,1232.11
2018-10-26 00:00,1232.12,1243.46,1230.08,1233.68
2018-10-29 00:00,1233.47,1235.39,1224.35,1229.33
2018-10-30 00:00,1229.77,1230.61,1219.93,1223.02
2018-10-31 00:00,1222.82,1223.32,1211.97,1214.62
2018-11-01 00:00,1214.57,1237.36,1214.39,1233.13
2018-11-02 00:00,1233.13,1236.43,1229.75,1232.9
2018-11-05 00:00,1232.88,1235.18,1226.88,1231.6
2018-11-06 00:00,1231.55,1235.94,1223.49,1226.92
2018-11-07 00:00,1226.32,1236.4,1223.02,1226.57
2018-11-08 00:00,1225.49,1227.1,1220.12,1223.49
2018-11-09 00:00,1222.6,1223.69,1206.78,1209.44
2018-11-12 00:00,1209.57,1211.49,1200.15,1200.43
2018-11-13 00:00,1200.3,1205.18,1196.31,1202.12
2018-11-14 00:00,1202.08,1216.56,1197.71,1210.77
2018-11-15 00:00,1210.99,1216.47,1207.92,1213.26
2018-11-16 00:00,1213.64,1225.31,1212.3,1221.4
2018-11-19 00:00,1221.93,1225.19,1218.02,1224.02
2018-11-20 00:00,1224.07,1228.78,1219.98,1221.56
2018-11-21 00:00,1221.68,1230.08,1219.78,1225.94
2018-11-22 00:00,1224.85,1229.12,1224.85,1227.33
2018-11-23 00:00,1226.78,1228.54,1220.37,1222.96
2018-11-26 00:00,1223.54,1228.07,1221.73,1222.24
2018-11-27 00:00,1221.4,1225.3,1211.93,1215.02
2018-11-28 00:00,1213.91,1226.66,1211.24,1220.86
2018-11-29 00:00,1219.66,1229.0,1219.66,1224.3
2018-11-30 00:00,1223.27,1225.57,1216.68,1222.1
2018-12-03 00:00,1225.08,1234.93,1220.9,1230.7
2018-12-04 00:00,1230.14,1241.94,1229.73,1238.44
2018-12-05 00:00,1238.19,1239.25,1233.33,1237.09
2018-12-06 00:00,1236.9,1244.34,1234.77,1237.79
2018-12-07 00:00,1236.83,1250.05,1236.38,1248.61
2018-12-10 00:00,1249.7,1250.89,1241.6,1244.37
2018-12-11 00:00,1244.08,1249.53,1241.06,1243.02
2018-12-12 00:00,1242.98,1247.2,1242.02,1245.57
2018-12-13 00:00,1244.92,1246.72,1240.15,1241.94
2018-12-14 00:00,1241.12,1243.03,1232.93,1238.14
2018-12-17 00:00,1239.1,1248.09,1235.81,1245.86
2018-12-18 00:00,1244.65,1250.36,1244.65,1249.43
2018-12-19 00:00,1249.64,1258.04,1241.68,1242.96
2018-12-20 00:00,1243.08,1266.48,1242.73,1259.69
2018-12-21 00:00,1259.57,1262.71,1253.93,1255.53
2018-12-24 00:00,1257.09,1269.58,1257.09,1268.86
2018-12-26 00:00,1269.26,1279.1,1264.3,1266.9
2018-12-27 00:00,1266.89,1278.94,1265.76,1275.61
2018-12-28 00:00,1275.41,1282.14,1274.11,1280.66
2018-12-31 00:00,1280.31,1284.07,1277.43,1282.44
2019-01-02 00:00,1281.46,1288.75,1278.73,1284.48
2019-01-03 00:00,1285.71,1294.92,1284.45,1294.16
2019-01-04 00:00,1292.9,1298.55,1276.66,1284.68
2019-01-07 00:00,1285.32,1295.07,1282.69,1289.11
2019-01-08 00:00,1288.67,1290.22,1279.4,1285.25
2019-01-09 00:00,1283.72,1293.86,1280.08,1293.21
2019-01-10 00:00,1293.73,1297.07,1286.14,1286.47
2019-01-11 00:00,1286.21,1295.16,1286.21,1287.52
2019-01-14 00:00,1287.38,1295.88,1287.38,1291.53
2019-01-15 00:00,1291.97,1294.76,1286.76,1289.34
2019-01-16 00:00,1289.07,1294.99,1287.88,1293.49
2019-01-17 00:00,1293.85,1295.33,1288.75,1291.95
2019-01-18 00:00,1292.04,1292.48,1280.63,1281.36
2019-01-21 00:00,1281.53,1283.56,1276.79,1280.23
2019-01-22 00:00,1279.62,1285.53,1277.45,1285.03
2019-01-23 00:00,1284.96,1286.53,1278.68,1282.68
2019-01-24 00:00,1282.76,1284.83,1276.77,1281.09
2019-01-25 00:00,1280.86,1303.79,1279.85,1302.91
2019-01-28 00:00,1301.3,1304.43,1297.63,1303.18
2019-01-29 00:00,1302.14,1311.97,1302.05,1311.46
2019-01-30 00:00,1311.74,1323.37,1309.08,1319.66
2019-01-31 00:00,1319.65,1326.28,1317.45,1321.36
2019-02-01 00:00,1321.05,1323.56,1316.17,1317.87
2019-02-04 00:00,1318.02,1319.04,1308.65,1312.09
2019-02-05 00:00,1311.51,1316.9,1310.75,1315.24
2019-02-06 00:00,1314.72,1315.82,1305.73,1306.5
2019-02-07 00:00,1306.29,1311.96,1302.74,1310.09
2019-02-08 00:00,1309.38,1315.65,1307.81,1314.17
2019-02-11 00:00,1314.03,1314.9,1303.69,1308.13
2019-02-12 00:00,1307.98,1314.77,1306.52,1310.75
2019-02-13 00:00,1310.7,1318.14,1305.04,1306.15
2019-02-14 00:00,1305.26,1314.33,1302.38,1312.41
2019-02-15 00:00,1312.39,1322.56,1311.42,1321.58
2019-02-18 00:00,1321.36,1327.63,1319.4,1326.43
2019-02-19 00:00,1325.86,1341.85,1322.88,1341.04
2019-02-20 00:00,1340.61,1346.74,1336.87,1338.48
2019-02-21 00:00,1337.65,1341.49,1321.0,1323.26
2019-02-22 00:00,1323.28,1333.11,1321.56,1327.78
2019-02-25 00:00,1329.25,1332.56,1325.19,1327.41
2019-02-26 00:00,1327.44,1330.19,1323.52,1328.93
2019-02-27 00:00,1328.83,1329.91,1316.9,1319.74
2019-02-28 00:00,1319.62,1327.29,1312.64,1313.13
2019-03-01 00:00,1312.9,1315.23,1290.21,1293.57
2019-03-04 00:00,1293.25,1297.07,1282.87,1286.62
2019-03-05 00:00,1286.64,1289.61,1281.21,1287.8
2019-03-06 00:00,1286.78,1290.97,1283.64,1286.38
2019-03-07 00:00,1285.94,1289.06,1280.39,1285.53
2019-03-08 00:00,1285.34,1300.74,1284.88,1298.38
2019-03-11 00:00,1297.55,1299.12,1290.51,1293.37
2019-03-12 00:00,1293.53,1302.19,1292.06,1301.4
2019-03-13 00:00,1301.38,1311.26,1300.6,1309.05
2019-03-14 00:00,1308.92,1310.34,1292.85,1296.13
2019-03-15 00:00,1296.15,1306.39,1294.02,1302.13
2019-03-18 00:00,1302.32,1306.74,1298.24,1303.59
2019-03-19 00:00,1303.51,1310.91,1302.35,1306.45
2019-03-20 00:00,1305.53,1317.0,1298.7,1312.51
2019-03-21 00:00,1312.59,1320.38,1303.3,1309.39
2019-03-22 00:00,1309.3,1314.95,1306.87,1313.2
2019-03-25 00:00,1313.53,1324.55,1311.0,1321.82
2019-03-26 00:00,1321.47,1323.28,1312.71,1315.58
2019-03-27 00:00,1314.92,1319.3,1308.14,1309.43
2019-03-28 00:00,1305.55,1312.34,1288.58,1290.27
2019-03-29 00:00,1289.14,1299.79,1286.77,1292.26
2019-04-01 00:00,1292.44,1297.03,1286.49,1287.62
2019-04-02 00:00,1286.89,1292.59,1285.31,1292.4
2019-04-03 00:00,1291.49,1294.59,1288.42,1289.82
2019-04-04 00:00,1289.08,1294.41,1280.9,1292.13
2019-04-05 00:00,1291.52,1293.63,1284.4,1291.61
2019-04-08 00:00,1291.9,1303.72,1291.47,1297.39
2019-04-09 00:00,1296.94,1306.2,1296.59,1304.04
2019-04-10 00:00,1303.5,1310.6,1300.95,1308.02
2019-04-11 00:00,1307.61,1309.21,1289.65,1292.58
2019-04-12 00:00,1291.5,1295.77,1290.09,1290.62
2019-04-15 00:00,1290.78,1291.99,1282.54,1287.87
2019-04-16 00:00,1287.15,1288.75,1272.96,1276.78
2019-04-17 00:00,1276.66,1279.81,1273.04,1273.97
2019-04-18 00:00,1273.29,1277.68,1271.17,1275.61
2019-04-22 00:00,1275.94,1279.85,1273.83,1274.84
2019-04-23 00:00,1274.98,1276.52,1266.31,1272.27
2019-04-24 00:00,1271.33,1278.6,1268.77,1275.58
2019-04-25 00:00,1275.86,1282.62,1273.37,1277.16
2019-04-26 00:00,1276.94,1288.69,1274.14,1286.09
2019-04-29 00:00,1287.17,1287.17,1278.09,1279.77
2019-04-30 00:00,1279.82,1286.24,1279.74,1283.43
2019-05-01 00:00,1283.22,1287.26,1272.96,1276.61
2019-05-02 00:00,1277.0,1278.05,1266.29,1270.53
2019-05-03 00:00,1270.13,1282.57,1268.16,1279.14
2019-05-06 00:00,1280.6,1285.78,1277.02,1280.37
2019-05-07 00:00,1281.1,1286.09,1278.19,1284.35
2019-05-08 00:00,1284.09,1291.5,1279.36,1280.78
2019-05-09 00:00,1279.89,1288.23,1279.63,1283.88
2019-05-10 00:00,1283.5,1289.4,1283.15,1285.75
2019-05-13 00:00,1287.54,1301.27,1281.99,1299.76
2019-05-14 00:00,1299.43,1303.36,1293.73,1296.89
2019-05-15 00:00,1296.53,1300.88,1293.04,1296.46
2019-05-16 00:00,1296.12,1298.72,1284.09,1286.59
2019-05-17 00:00,1286.27,1288.93,1274.88,1277.59
2019-05-20 00:00,1277.2,1278.97,1273.66,1277.72
2019-05-21 00:00,1276.66,1277.94,1269.51,1274.71
2019-05-22 00:00,1274.24,1277.31,1272.5,1273.32
2019-05-23 00:00,1273.13,1287.28,1272.84,1283.39
2019-05-24 00:00,1283.36,1285.24,1280.78,1284.87
2019-05-27 00:00,1284.22,1287.4,1283.78,1284.96
2019-05-28 00:00,1284.93,1286.64,1276.14,1279.36
2019-05-29 00:00,1278.94,1285.57,1278.94,1279.83
2019-05-30 00:00,1279.53,1289.22,1275.04,1288.4
2019-05-31 00:00,1288.24,1306.97,1288.01,1305.27
2019-06-03 00:00,1307.44,1327.98,1306.03,1324.73
2019-06-04 00:00,1324.17,1329.07,1319.97,1325.28
2019-06-05 00:00,1324.07,1344.13,1324.04,1330.24
2019-06-06 00:00,1331.24,1339.84,1327.27,1335.46
2019-06-07 00:00,1334.86,1348.28,1330.28,1340.35
2019-06-10 00:00,1336.84,1337.76,1325.12,1327.97
2019-06-11 00:00,1328.0,1329.89,1319.88,1326.79
2019-06-12 00:00,1327.2,1338.41,1326.03,1333.48
2019-06-13 00:00,1332.35,1343.16,1332.35,1341.96
2019-06-14 00:00,1342.06,1358.19,1337.78,1341.11
2019-06-17 00:00,1341.61,1343.53,1332.99,1339.65
2019-06-18 00:00,1339.91,1354.68,1338.64,1346.6
2019-06-19 00:00,1346.43,1362.61,1341.36,1360.34
2019-06-20 00:00,1360.35,1393.94,1357.72,1388.32
2019-06-21 00:00,1387.25,1411.87,1382.54,1398.89
2019-06-24 00:00,1400.01,1421.5,1399.83,1419.43
2019-06-25 00:00,1418.73,1439.23,1411.95,1423.24
2019-06-26 00:00,1423.12,1424.42,1401.87,1409.02
2019-06-27 00:00,1408.37,1412.17,1398.7,1409.86
2019-06-28 00:00,1408.75,1424.71,1405.7,1410.06
2019-07-01 00:00,1397.52,1397.8,1381.81,1384.25
2019-07-02 00:00,1383.44,1421.05,1383.24,1418.03
2019-07-03 00:00,1419.03,1437.74,1412.09,1418.66
2019-07-04 00:00,1418.91,1421.73,1410.23,1415.16
2019-07-05 00:00,1415.22,1424.22,1386.64,1398.39
2019-07-08 00:00,1397.89,1407.67,1391.73,1395.29
2019-07-09 00:00,1395.25,1400.1,1385.74,1397.57
2019-07-10 00:00,1397.42,1418.98,1389.92,1418.85
2019-07-11 00:00,1417.73,1427.24,1400.81,1403.75
2019-07-12 00:00,1403.89,1416.93,1403.14,1415.07
2019-07-15 00:00,1414.9,1419.78,1407.74,1413.85
2019-07-16 00:00,1413.2,1418.28,1400.96,1405.79
2019-07-17 00:00,1405.12,1426.8,1400.1,1426.16
2019-07-18 00:00,1425.8,1448.15,1414.66,1446.11
2019-07-19 00:00,1445.92,1452.97,1420.21,1424.97
2019-07-22 00:00,1427.03,1430.07,1422.27,1424.65
2019-07-23 00:00,1425.2,1430.23,1414.27,1417.53
2019-07-24 00:00,1416.82,1429.54,1416.38,1425.51
2019-07-25 00:00,1425.8,1433.86,1411.05,1414.17
2019-07-26 00:00,1413.46,1424.88,1413.44,1418.59
2019-07-29 00:00,1414.9,1428.14,1414.87,1426.71
2019-07-30 00:00,1426.63,1433.3,1422.32,1430.75
2019-07-31 00:00,1431.08,1434.75,1410.54,1412.62
2019-08-01 00:00,1412.65,1446.07,1400.53,1444.56
2019-08-02 00:00,1444.86,1448.84,1430.34,1440.54
2019-08-05 00:00,1440.49,1469.79,1436.75,1463.76
2019-08-06 00:00,1467.53,1474.94,1456.48,1474.4
2019-08-07 00:00,1474.43,1510.47,1472.25,1501.08
2019-08-08 00:00,1500.5,1509.58,1490.08,1501.04
2019-08-09 00:00,1504.25,1509.03,1494.84,1497.07
2019-08-12 00:00,1497.61,1520.01,1487.39,1510.92
2019-08-13 00:00,1510.19,1535.09,1479.93,1501.16
2019-08-14 00:00,1501.45,1524.09,1494.17,1516.4
2019-08-15 00:00,1515.93,1527.08,1507.9,1523.13
2019-08-16 00:00,1522.42,1528.03,1503.76,1512.54
2019-08-19 00:00,1512.46,1513.03,1493.26,1495.95
2019-08-20 00:00,1495.92,1508.61,1492.98,1507.31
2019-08-21 00:00,1507.83,1508.1,1496.5,1502.52
2019-08-22 00:00,1502.41,1504.64,1492.53,1498.05
2019-08-23 00:00,1498.42,1530.28,1493.58,1526.45
2019-08-26 00:00,1539.0,1555.23,1525.03,1527.32
2019-08-27 00:00,1527.63,1544.7,1525.69,1542.53
2019-08-28 00:00,1542.31,1546.92,1531.94,1539.2
2019-08-29 00:00,1538.55,1550.39,1519.8,1527.43
2019-08-30 00:00,1527.41,1533.18,1517.0,1520.71
2019-09-02 00:00,1529.41,1534.53,1519.3,1529.05
2019-09-03 00:00,1528.16,1549.77,1521.67,1547.58
2019-09-04 00:00,1546.91,1557.08,1533.89,1552.49
2019-09-05 00:00,1551.9,1553.04,1506.34,1519.0
2019-09-06 00:00,1517.19,1527.95,1502.61,1506.53
2019-09-09 00:00,1502.56,1515.54,1497.64,1498.92
2019-09-10 00:00,1498.88,1501.02,1484.5,1485.27
2019-09-11 00:00,1485.55,1498.29,1485.08,1496.76
2019-09-12 00:00,1496.2,1524.28,1489.26,1498.9
2019-09-13 00:00,1498.33,1509.07,1485.8,1488.56
2019-09-16 00:00,1504.07,1512.17,1495.9,1498.17
2019-09-17 00:00,1498.32,1507.14,1493.5,1501.3
2019-09-18 00:00,1501.08,1511.64,1483.13,1493.98
2019-09-19 00:00,1493.32,1504.53,1488.98,1498.84
2019-09-20 00:00,1498.98,1517.07,1497.97,1516.56
2019-09-23 00:00,1513.68,1526.85,1510.19,1522.05
2019-09-24 00:00,1522.1,1535.71,1515.62,1532.15
2019-09-25 00:00,1531.88,1535.16,1500.44,1503.55
2019-09-26 00:00,1503.58,1512.37,1500.4,1504.47
2019-09-27 00:00,1504.39,1507.48,1486.84,1496.68
2019-09-30 00:00,1494.48,1500.53,1464.49,1472.48
2019-10-01 00:00,1471.79,1487.3,1459.11,1479.04
2019-10-02 00:00,1478.59,1505.13,1474.56,1499.82
2019-10-03 00:00,1499.46,1519.65,1495.81,1504.93
2019-10-04 00:00,1505.49,1515.53,1495.84,1504.63
2019-10-07 00:00,1512.8,1512.8,1488.03,1493.19
2019-10-08 00:00,1493.07,1508.97,1486.97,1505.53
2019-10-09 00:00,1505.68,1512.47,1499.86,1505.59
2019-10-10 00:00,1505.06,1517.08,1491.07,1493.49
2019-10-11 00:00,1493.46,1503.23,1473.98,1488.13
2019-10-14 00:00,1487.48,1497.15,1482.84,1493.1
2019-10-15 00:00,1492.94,1498.56,1477.23,1481.05
2019-10-16 00:00,1480.97,1491.61,1477.06,1489.92
2019-10-17 00:00,1490.33,1497.35,1483.44,1491.82
2019-10-18 00:00,1492.1,1494.11,1484.92,1490.16
2019-10-21 00:00,1491.64,1495.24,1481.52,1484.37
2019-10-22 00:00,1484.37,1489.01,1480.85,1487.55
2019-10-23 00:00,1487.73,1496.29,1487.55,1491.91
2019-10-24 00:00,1492.0,1504.06,1487.94,1503.65
2019-10-25 00:00,1503.67,1517.99,1500.61,1504.32
2019-10-28 00:00,1504.34,1508.22,1489.99,1492.43
2019-10-29 00:00,1492.06,1494.8,1483.57,1487.7
2019-10-30 00:00,1488.01,1496.65,1481.16,1495.66
2019-10-31 00:00,1495.89,1514.23,1493.76,1512.57
2019-11-01 00:00,1512.77,1516.07,1503.22,1514.02
2019-11-04 00:00,1513.87,1514.83,1504.48,1509.51
2019-11-05 00:00,1509.69,1509.69,1479.3,1483.46
2019-11-06 00:00,1483.02,1494.25,1482.4,1490.44
2019-11-07 00:00,1490.14,1492.24,1460.59,1468.49
2019-11-08 00:00,1468.18,1472.99,1456.19,1458.82
2019-11-11 00:00,1459.38,1466.47,1448.18,1455.85
2019-11-12 00:00,1455.11,1460.55,1445.6,1456.17
2019-11-13 00:00,1455.97,1467.15,1455.82,1463.36
2019-11-14 00:00,1463.31,1474.65,1461.18,1471.21
2019-11-15 00:00,1471.2,1471.4,1462.45,1467.41
2019-11-18 00:00,1467.14,1474.03,1456.35,1471.22
2019-11-19 00:00,1471.4,1475.32,1464.79,1472.44
2019-11-20 00:00,1472.27,1478.82,1465.94,1471.49
2019-11-21 00:00,1474.88,1475.67,1462.39,1464.35
2019-11-22 00:00,1464.17,1473.23,1461.35,1462.05
2019-11-25 00:00,1460.85,1462.16,1454.05,1455.08
2019-11-26 00:00,1455.08,1462.88,1450.1,1461.37
2019-11-27 00:00,1461.33,1461.87,1452.53,1454.46
2019-11-28 00:00,1454.5,1458.31,1454.21,1455.42
2019-11-29 00:00,1455.65,1466.57,1453.04,1463.55
2019-12-02 00:00,1464.15,1465.56,1453.95,1462.33
2019-12-03 00:00,1462.21,1481.77,1459.84,1477.25
2019-12-04 00:00,1477.37,1484.03,1471.43,1474.49
2019-12-05 00:00,1474.69,1480.36,1472.87,1475.84
2019-12-06 00:00,1475.83,1479.35,1458.73,1459.69
2019-12-09 00:00,1459.6,1465.4,1458.68,1461.5
2019-12-10 00:00,1460.77,1469.18,1460.01,1464.21
2019-12-11 00:00,1463.86,1478.92,1462.75,1474.79
2019-12-12 00:00,1474.68,1486.77,1463.94,1469.77
2019-12-13 00:00,1466.27,1478.07,1461.74,1475.62
2019-12-16 00:00,1475.06,1479.88,1473.17,1476.15
2019-12-17 00:00,1476.12,1480.55,1474.22,1476.1
2019-12-18 00:00,1476.03,1479.3,1470.47,1475.43
2019-12-19 00:00,1475.19,1481.69,1473.28,1478.85
2019-12-20 00:00,1478.77,1481.05,1475.81,1478.0
2019-12-23 00:00,1478.23,1486.15,1477.52,1485.38
2019-12-24 00:00,1485.45,1500.48,1484.37,1498.37
2019-12-26 00:00,1499.53,1512.59,1497.38,1510.99
2019-12-27 00:00,1511.09,1515.33,1507.39,1510.79
2019-12-30 00:00,1511.55,1516.11,1510.78,1515.03
2019-12-31 00:00,1514.44,1525.31,1514.44,1516.91
2020-01-02 00:00,1517.28,1531.35,1517.23,1529.06
2020-01-03 00:00,1528.35,1553.48,1528.03,1551.44
2020-01-06 00:00,1560.06,1586.79,1559.74,1565.63
2020-01-07 00:00,1564.58,1577.31,1555.34,1574.01
2020-01-08 00:00,1576.59,1611.33,1552.23,1556.27
2020-01-09 00:00,1556.53,1561.4,1540.22,1552.29
2020-01-10 00:00,1551.94,1563.13,1545.73,1561.86
2020-01-13 00:00,1560.52,1561.51,1546.49,1547.82
2020-01-14 00:00,1548.12,1548.91,1535.94,1546.33
2020-01-15 00:00,1546.25,1558.18,1545.94,1556.14
2020-01-16 00:00,1556.45,1558.08,1548.02,1552.41
2020-01-17 00:00,1552.49,1561.24,1549.41,1556.97
2020-01-20 00:00,1557.21,1562.78,1556.35,1560.57
2020-01-21 00:00,1560.79,1568.62,1546.31,1558.1
2020-01-22 00:00,1558.76,1559.27,1550.19,1558.97
2020-01-23 00:00,1557.63,1567.96,1551.91,1562.68
2020-01-24 00:00,1562.34,1575.87,1556.58,1570.98
2020-01-27 00:00,1580.54,1588.41,1575.9,1581.82
2020-01-28 00:00,1581.57,1583.07,1565.54,1567.4
2020-01-29 00:00,1566.6,1578.02,1563.38,1576.78
2020-01-30 00:00,1576.76,1586.02,1572.32,1574.16
2020-01-31 00:00,1573.75,1590.45,1570.91,1588.95
2020-02-03 00:00,1593.24,1593.42,1569.62,1576.61
2020-02-04 00:00,1577.2,1579.66,1549.07,1552.81
2020-02-05 00:00,1552.62,1562.42,1547.48,1556.12
2020-02-06 00:00,1556.22,1568.27,1552.51,1566.6
2020-02-07 00:00,1566.7,1574.12,1560.14,1570.11
2020-02-10 00:00,1572.04,1577.02,1567.99,1572.07
2020-02-11 00:00,1571.82,1574.05,1562.09,1567.74
2020-02-12 00:00,1567.62,1570.45,1561.85,1565.82
2020-02-13 00:00,1566.07,1578.29,1565.61,1576.09
2020-02-14 00:00,1576.13,1584.99,1573.05,1583.84
2020-02-17 00:00,1582.2,1583.78,1578.85,1579.3
2020-02-18 00:00,1584.33,1605.09,1582.45,1601.31
2020-02-19 00:00,1601.42,1612.98,1599.51,1611.59
2020-02-20 00:00,1612.22,1623.72,1603.92,1619.5
2020-02-21 00:00,1619.89,1649.26,1618.95,1643.78
2020-02-24 00:00,1653.33,1689.34,1643.98,1658.72
2020-02-25 00:00,1658.96,1663.84,1625.08,1634.89
2020-02-26 00:00,1635.26,1655.01,1624.84,1640.77
2020-02-27 00:00,1641.3,1660.4,1635.19,1644.41
2020-02-28 00:00,1643.86,1649.49,1563.05,1584.77
2020-03-02 00:00,1591.48,1611.05,1575.34,1589.52
2020-03-03 00:00,1585.3,1649.3,1584.81,1640.75
2020-03-04 00:00,1639.89,1652.85,1631.87,1636.86
2020-03-05 00:00,1637.51,1674.59,1635.02,1672.23
2020-03-06 00:00,1672.48,1692.11,1642.45,1674.29
2020-03-09 00:00,1691.79,1703.32,1656.7,1679.76
2020-03-10 00:00,1679.39,1680.48,1641.56,1649.38
2020-03-11 00:00,1649.08,1671.26,1632.92,1634.98
2020-03-12 00:00,1634.06,1650.27,1560.54,1576.87
2020-03-13 00:00,1578.21,1597.94,1504.28,1529.64
2020-03-16 00:00,1563.82,1574.77,1451.12,1514.16
2020-03-17 00:00,1512.88,1553.83,1465.23,1527.94
2020-03-18 00:00,1527.31,1546.31,1472.54,1485.52
2020-03-19 00:00,1485.06,1500.74,1463.79,1472.36
2020-03-20 00:00,1469.84,1516.09,1454.22,1498.36
2020-03-23 00:00,1503.77,1561.2,1482.26,1552.64
2020-03-24 00:00,1554.93,1632.92,1552.79,1629.64
2020-03-25 00:00,1628.73,1639.18,1594.68,1615.26
2020-03-26 00:00,1615.95,1645.05,1595.3,1627.33
2020-03-27 00:00,1626.66,1635.24,1612.84,1626.15
2020-03-30 00:00,1639.46,1639.46,1610.1,1621.91
2020-03-31 00:00,1619.3,1623.41,1574.19,1575.95
2020-04-01 00:00,1573.04,1599.99,1567.47,1589.6
2020-04-02 00:00,1588.47,1619.94,1582.82,1611.12
2020-04-03 00:00,1611.39,1625.5,1605.63,1617.05
2020-04-06 00:00,1615.58,1668.65,1609.0,1660.91
2020-04-07 00:00,1658.74,1674.83,1642.13,1646.08
2020-04-08 00:00,1646.08,1656.29,1640.4,1644.26
2020-04-09 00:00,1644.0,1689.95,1644.0,1682.15
2020-04-13 00:00,1686.22,1722.55,1675.0,1713.87
2020-04-14 00:00,1709.48,1747.63,1708.74,1725.88
2020-04-15 00:00,1727.19,1731.0,1707.52,1716.29
2020-04-16 00:00,1716.58,1738.65,1707.5,1716.43
2020-04-17 00:00,1713.93,1719.39,1679.13,1682.0
2020-04-20 00:00,1679.88,1702.14,1671.6,1694.8
2020-04-21 00:00,1692.62,1697.8,1659.3,1685.01
2020-04-22 00:00,1683.24,1718.56,1679.91,1713.06
2020-04-23 00:00,1713.04,1738.56,1707.33,1729.23
2020-04-24 00:00,1729.4,1736.21,1710.51,1727.7
2020-04-27 00:00,1726.39,1727.25,1706.0,1713.36
2020-04-28 00:00,1713.41,1715.95,1691.68,1707.47
2020-04-29 00:00,1706.76,1717.4,1697.81,1712.38
2020-04-30 00:00,1711.6,1721.6,1681.07,1686.0
2020-05-01 00:00,1684.84,1705.07,1670.42,1698.82
2020-05-04 00:00,1697.88,1713.23,1691.33,1701.76
2020-05-05 00:00,1700.97,1711.57,1689.79,1704.99
2020-05-06 00:00,1705.33,1708.07,1682.01,1685.07
2020-05-07 00:00,1681.52,1721.89,1681.31,1715.25
2020-05-08 00:00,1715.22,1723.15,1700.55,1701.41
2020-05-11 00:00,1701.56,1712.06,1691.83,1697.41
2020-05-12 00:00,1696.04,1710.7,1693.61,1702.07
2020-05-13 00:00,1700.37,1718.02,1699.35,1715.57
2020-05-14 00:00,1715.57,1736.35,1710.83,1730.32
2020-05-15 00:00,1729.25,1751.4,1728.43,1741.63
2020-05-18 00:00,1734.87,1765.02,1727.46,1732.31
2020-05-19 00:00,1730.42,1747.82,1726.21,1744.41
2020-05-20 00:00,1744.29,1753.74,1742.53,1747.63
2020-05-21 00:00,1747.09,1748.54,1717.16,1727.36
2020-05-22 00:00,1725.52,1739.96,1724.28,1733.65
2020-05-25 00:00,1731.31,1734.32,1721.17,1728.08
2020-05-26 00:00,1727.93,1735.33,1708.56,1710.13
2020-05-27 00:00,1708.24,1715.9,1693.6,1708.78
2020-05-28 00:00,1710.38,1727.43,1706.99,1717.44
2020-05-29 00:00,1716.61,1737.77,1712.43,1728.7
2020-06-01 00:00,1735.81,1744.53,1727.55,1738.99
2020-06-02 00:00,1734.29,1745.01,1721.22,1727.16
2020-06-03 00:00,1726.35,1731.91,1689.25,1699.11
2020-06-04 00:00,1695.04,1721.86,1695.04,1713.52
2020-06-05 00:00,1713.06,1715.99,1670.75,1684.76
2020-06-08 00:00,1674.87,1700.62,1674.87,1697.98
2020-06-09 00:00,1696.84,1720.67,1692.03,1711.83
2020-06-10 00:00,1712.79,1739.68,1707.7,1738.16
2020-06-11 00:00,1737.39,1744.58,1721.45,1727.21
2020-06-12 00:00,1726.89,1742.95,1722.14,1729.73
2020-06-15 00:00,1730.26,1735.26,1704.03,1724.89
2020-06-16 00:00,1724.85,1732.75,1716.54,1726.8
2020-06-17 00:00,1726.6,1730.17,1712.55,1726.5
2020-06-18 00:00,1721.2,1737.44,1717.44,1722.36
2020-06-19 00:00,1718.68,1745.17,1718.68,1743.27
2020-06-22 00:00,1750.18,1763.06,1742.6,1754.41
2020-06-23 00:00,1754.44,1771.0,1747.3,1767.65
2020-06-24 00:00,1768.41,1779.39,1760.14,1760.14
2020-06-25 00:00,1759.04,1768.79,1753.55,1763.16
2020-06-26 00:00,1763.26,1771.95,1747.37,1770.9
2020-06-29 00:00,1774.92,1775.75,1765.54,1772.22
2020-06-30 00:00,1769.79,1785.85,1764.43,1780.38
2020-07-01 00:00,1780.28,1789.01,1758.95,1769.6
2020-07-02 00:00,1769.76,1779.43,1757.44,1774.65
2020-07-03 00:00,1775.26,1777.05,1772.59,1774.82
2020-07-06 00:00,1773.37,1786.92,1769.82,1784.1
2020-07-07 00:00,1782.69,1797.36,1773.4,1794.47
2020-07-08 00:00,1794.72,1817.85,1791.45,1808.34
2020-07-09 00:00,1805.02,1815.86,1795.26,1802.99
2020-07-10 00:00,1801.26,1810.5,1793.94,1798.09
2020-07-13 00:00,1799.19,1813.2,1797.71,1802.24
2020-07-14 00:00,1802.54,1810.79,1790.42,1808.88
2020-07-15 00:00,1807.84,1814.92,1802.23,1809.83
2020-07-16 00:00,1809.65,1813.14,1794.79,1796.59
2020-07-17 00:00,1796.46,1811.85,1795.61,1809.25
2020-07-20 00:00,1808.84,1820.44,1805.57,1817.5
2020-07-21 00:00,1817.29,1843.4,1815.67,1841.47
2020-07-22 00:00,1839.21,1871.95,1839.21,1870.8
2020-07-23 00:00,1871.76,1898.23,1863.91,1886.93
2020-07-24 00:00,1885.23,1906.46,1881.27,1901.1
2020-07-27 00:00,1901.99,1945.52,1899.64,1941.98
2020-07-28 00:00,1941.51,1980.98,1906.65,1957.22
2020-07-29 00:00,1957.69,1980.8,1941.33,1970.43
2020-07-30 00:00,1969.59,1971.45,1939.25,1956.13
2020-07-31 00:00,1956.32,1984.22,1954.91,1975.57
2020-08-03 00:00,1978.9,1989.15,1960.38,1976.38
2020-08-04 00:00,1976.35,2019.89,1966.73,2018.59
2020-08-05 00:00,2018.52,2055.65,2009.34,2037.42
2020-08-06 00:00,2038.58,2069.6,2034.39,2062.83
2020-08-07 00:00,2063.35,2074.8,2015.39,2034.3
2020-08-10 00:00,2033.71,2049.75,2018.64,2026.73
2020-08-11 00:00,2027.5,2029.94,1901.19,1910.93
2020-08-12 00:00,1909.41,1949.55,1862.32,1915.14
2020-08-13 00:00,1915.72,1966.17,1912.61,1952.97
2020-08-14 00:00,1953.13,1962.08,1932.03,1944.0
2020-08-17 00:00,1948.72,1990.48,1929.35,1984.95
2020-08-18 00:00,1984.27,2015.5,1975.9,2002.0
2020-08-19 00:00,2001.73,2006.36,1924.53,1928.49
2020-08-20 00:00,1928.44,1955.13,1924.69,1946.67
2020-08-21 00:00,1946.74,1955.77,1911.24,1939.62
2020-08-24 00:00,1939.87,1961.79,1923.61,1928.42
2020-08-25 00:00,1926.63,1937.43,1914.11,1927.66
2020-08-26 00:00,1930.92,1954.75,1902.68,1953.94
2020-08-27 00:00,1954.29,1976.58,1909.78,1929.1
2020-08-28 00:00,1928.72,1973.72,1923.29,1964.43
2020-08-31 00:00,1965.38,1976.47,1954.13,1967.44
2020-09-01 00:00,1967.11,1992.3,1963.12,1970.0
2020-09-02 00:00,1969.41,1973.12,1932.43,1942.45
2020-09-03 00:00,1942.04,1950.91,1921.66,1930.33
2020-09-04 00:00,1930.96,1947.66,1916.2,1933.3
2020-09-07 00:00,1929.79,1941.27,1924.29,1928.0
2020-09-08 00:00,1929.3,1940.75,1906.43,1931.65
2020-09-09 00:00,1931.54,1950.78,1919.94,1946.48
2020-09-10 00:00,1946.39,1966.4,1941.32,1945.41
2020-09-11 00:00,1944.68,1954.66,1937.01,1938.93
2020-09-14 00:00,1940.55,1962.39,1937.02,1956.38
2020-09-15 00:00,1957.0,1972.03,1948.28,1953.85
2020-09-16 00:00,1953.05,1973.47,1949.8,1958.88
2020-09-17 00:00,1958.92,1960.87,1932.75,1943.72
2020-09-18 00:00,1943.65,1959.9,1943.55,1949.72
2020-09-21 00:00,1949.59,1955.46,1882.38,1912.06
2020-09-22 00:00,1912.45,1919.89,1894.46,1899.85
2020-09-23 00:00,1900.01,1905.21,1855.68,1863.16
2020-09-24 00:00,1863.35,1876.99,1848.64,1867.42
2020-09-25 00:00,1867.65,1875.08,1852.3,1861.0
2020-09-28 00:00,1859.45,1882.9,1848.46,1881.22
2020-09-29 00:00,1880.85,1898.96,1875.31,1897.72
2020-09-30 00:00,1898.03,1902.12,1881.24,1885.57
2020-10-01 00:00,1885.54,1912.03,1884.56,1905.82
2020-10-02 00:00,1904.98,1916.98,1889.64,1898.87
2020-10-05 00:00,1903.83,1918.58,1886.9,1913.1
2020-10-06 00:00,1912.57,1921.02,1874.56,1877.75
2020-10-07 00:00,1878.37,1897.9,1872.75,1886.95
2020-10-08 00:00,1886.64,1900.5,1881.94,1893.59
2020-10-09 00:00,1893.54,1930.33,1893.38,1929.62
2020-10-12 00:00,1928.79,1933.05,1918.16,1922.44
2020-10-13 00:00,1922.58,1925.36,1886.31,1891.06
2020-10-14 00:00,1891.08,1912.83,1882.4,1901.45
2020-10-15 00:00,1901.54,1908.8,1889.44,1908.4
2020-10-16 00:00,1908.21,1913.81,1897.66,1898.97
2020-10-19 00:00,1899.67,1918.34,1896.88,1903.78
2020-10-20 00:00,1903.5,1913.99,1894.62,1906.54
2020-10-21 00:00,1907.79,1931.3,1907.79,1924.15
2020-10-22 00:00,1923.8,1925.88,1894.21,1903.83
2020-10-23 00:00,1903.64,1914.11,1894.2,1901.26
2020-10-26 00:00,1903.3,1908.46,1891.14,1901.86
2020-10-27 00:00,1901.66,1911.35,1897.72,1907.67
2020-10-28 00:00,1907.76,1910.77,1869.21,1876.97
2020-10-29 00:00,1876.49,1884.86,1859.87,1867.49
2020-10-30 00:00,1865.9,1889.7,1864.26,1878.44
2020-11-02 00:00,1876.93,1895.9,1873.31,1894.89
2020-11-03 00:00,1895.15,1910.47,1886.84,1908.83
2020-11-04 00:00,1908.74,1916.23,1880.64,1902.29
2020-11-05 00:00,1903.04,1952.65,1902.03,1949.24
2020-11-06 00:00,1948.38,1960.2,1935.47,1950.3
2020-11-09 00:00,1954.69,1965.42,1850.4,1862.08
2020-11-10 00:00,1864.08,1890.24,1860.14,1877.04
2020-11-11 00:00,1876.86,1884.38,1856.21,1865.23
2020-11-12 00:00,1864.6,1883.7,1862.59,1876.59
2020-11-13 00:00,1876.93,1896.66,1873.98,1888.29
2020-11-16 00:00,1888.14,1898.93,1864.5,1888.58
2020-11-17 00:00,1888.66,1893.33,1876.74,1880.0
2020-11-18 00:00,1879.99,1884.72,1863.51,1872.04
2020-11-19 00:00,1872.07,1873.97,1852.57,1865.81
2020-11-20 00:00,1865.67,1879.62,1860.91,1870.32
2020-11-23 00:00,1869.94,1876.04,1830.78,1837.49
2020-11-24 00:00,1838.14,1838.95,1799.99,1807.21
2020-11-25 00:00,1806.84,1817.58,1801.5,1807.5
2020-11-26 00:00,1807.61,1818.09,1805.63,1810.18
2020-11-27 00:00,1809.46,1813.78,1774.22,1786.65
2020-11-30 00:00,1787.21,1789.81,1764.25,1776.6
2020-12-01 00:00,1776.29,1817.18,1775.69,1814.97
2020-12-02 00:00,1815.03,1832.34,1807.41,1830.53
2020-12-03 00:00,1830.18,1843.81,1823.65,1840.78
2020-12-04 00:00,1840.26,1848.09,1828.99,1838.21
2020-12-07 00:00,1838.53,1868.45,1821.81,1862.42
2020-12-08 00:00,1862.25,1875.17,1860.15,1870.17
2020-12-09 00:00,1870.58,1870.91,1825.36,1839.32
2020-12-10 00:00,1839.58,1849.96,1828.53,1836.38
2020-12-11 00:00,1835.95,1847.65,1823.84,1839.0
2020-12-14 00:00,1840.7,1841.29,1818.27,1826.8
2020-12-15 00:00,1827.59,1855.24,1825.35,1852.94
2020-12-16 00:00,1852.77,1865.66,1844.66,1864.12
2020-12-17 00:00,1863.81,1896.12,1861.9,1885.2
2020-12-18 00:00,1885.2,1889.54,1877.28,1880.84
2020-12-21 00:00,1883.82,1906.64,1854.96,1876.33
2020-12-22 00:00,1876.82,1884.24,1858.85,1859.75
2020-12-23 00:00,1859.23,1878.35,1856.94,1872.64
2020-12-24 00:00,1872.54,1883.47,1869.38,1879.13
2020-12-28 00:00,1882.92,1900.1,1869.02,1873.17
2020-12-29 00:00,1872.92,1886.28,1871.6,1878.08
2020-12-30 00:00,1877.39,1894.47,1875.97,1894.08
2020-12-31 00:00,1894.14,1900.88,1885.31,1897.77
2021-01-04 00:00,1905.0,1944.35,1903.29,1942.55
2021-01-05 00:00,1941.23,1952.93,1934.18,1949.7
2021-01-06 00:00,1949.98,1959.23,1900.76,1918.0
2021-01-07 00:00,1918.56,1927.52,1906.71,1913.82
2021-01-08 00:00,1913.83,1917.34,1828.04,1848.51
2021-01-11 00:00,1849.16,1856.57,1816.89,1843.04
2021-01-12 00:00,1844.64,1863.74,1836.56,1854.28
2021-01-13 00:00,1854.33,1862.89,1841.81,1844.73
2021-01-14 00:00,1845.23,1857.39,1828.52,1846.06
2021-01-15 00:00,1845.2,1856.85,1823.24,1827.48
2021-01-18 00:00,1828.61,1840.68,1802.95,1837.34
2021-01-19 00:00,1837.56,1845.34,1832.84,1839.93
2021-01-20 00:00,1839.71,1871.95,1832.27,1871.55
2021-01-21 00:00,1870.52,1874.92,1858.13,1869.62
2021-01-22 00:00,1869.19,1870.61,1837.2,1855.2
2021-01-25 00:00,1854.19,1867.74,1847.03,1855.05
2021-01-26 00:00,1854.98,1861.64,1848.35,1850.44
2021-01-27 00:00,1849.91,1853.1,1831.23,1843.84
2021-01-28 00:00,1843.47,1863.92,1833.93,1842.16
2021-01-29 00:00,1842.54,1875.52,1839.42,1847.05
2021-02-01 00:00,1863.42,1871.64,1848.89,1860.25
2021-02-02 00:00,1860.03,1863.98,1829.32,1837.59
2021-02-03 00:00,1836.83,1844.79,1829.37,1833.48
2021-02-04 00:00,1833.26,1834.64,1784.89,1793.51
2021-02-05 00:00,1794.02,1815.02,1791.91,1814.05
2021-02-08 00:00,1816.96,1838.99,1807.67,1830.29
2021-02-09 00:00,1830.23,1848.47,1828.79,1837.89
2021-02-10 00:00,1837.32,1855.23,1833.92,1842.1
2021-02-11 00:00,1842.85,1847.4,1821.01,1825.25
2021-02-12 00:00,1824.38,1830.62,1810.4,1823.65
2021-02-15 00:00,1825.12,1826.92,1815.87,1818.44
2021-02-16 00:00,1818.92,1826.38,1789.39,1794.25
2021-02-17 00:00,1793.83,1795.02,1769.42,1775.79
2021-02-18 00:00,1775.96,1789.47,1768.31,1775.1
2021-02-19 00:00,1775.59,1791.41,1760.44,1783.4
2021-02-22 00:00,1781.55,1812.54,1780.55,1808.9
2021-02-23 00:00,1809.2,1815.88,1795.43,1805.44
2021-02-24 00:00,1804.62,1813.75,1783.45,1803.9
2021-02-25 00:00,1804.9,1805.31,1765.33,1770.02
2021-02-26 00:00,1770.13,1775.61,1717.09,1733.19
2021-03-01 00:00,1732.75,1759.72,1719.53,1724.62
2021-03-02 00:00,1724.17,1738.98,1707.07,1737.87
2021-03-03 00:00,1737.35,1740.45,1701.8,1710.85
2021-03-04 00:00,1710.13,1723.1,1690.26,1697.14
2021-03-05 00:00,1697.66,1707.67,1687.14,1699.4
2021-03-08 00:00,1701.72,1714.17,1676.7,1683.29
2021-03-09 00:00,1683.44,1720.47,1680.01,1715.69
2021-03-10 00:00,1714.95,1726.7,1708.14,1726.41
2021-03-11 00:00,1726.04,1739.74,1719.12,1722.19
2021-03-12 00:00,1721.8,1729.16,1699.08,1726.96
2021-03-15 00:00,1727.19,1734.42,1721.55,1731.47
2021-03-16 00:00,1731.07,1741.15,1726.11,1730.67
2021-03-17 00:00,1731.36,1751.5,1724.02,1744.8
2021-03-18 00:00,1744.8,1755.41,1719.12,1736.38
2021-03-19 00:00,1735.64,1746.54,1728.39,1744.86
2021-03-22 00:00,1746.01,1746.93,1727.24,1738.65
2021-03-23 00:00,1738.47,1742.38,1724.58,1726.59
2021-03-24 00:00,1726.43,1738.32,1723.62,1734.07
2021-03-25 00:00,1733.88,1745.39,1721.59,1726.62
2021-03-26 00:00,1726.1,1736.65,1721.5,1731.81
2021-03-29 00:00,1731.27,1732.99,1705.67,1712.03
2021-03-30 00:00,1711.5,1714.32,1678.6,1684.67
2021-03-31 00:00,1684.67,1715.26,1677.79,1707.22
2021-04-01 00:00,1707.66,1730.47,1705.64,1728.81
2021-04-05 00:00,1727.93,1733.45,1721.15,1727.85
2021-04-06 00:00,1727.93,1745.32,1727.06,1742.69
2021-04-07 00:00,1742.53,1744.2,1730.52,1737.37
2021-04-08 00:00,1736.89,1758.57,1733.06,1755.48
2021-04-09 00:00,1755.24,1757.24,1731.17,1743.03
2021-04-12 00:00,1743.38,1744.94,1727.32,1732.41
2021-04-13 00:00,1732.25,1748.93,1723.58,1745.12
2021-04-14 00:00,1745.13,1749.22,1732.51,1736.09
2021-04-15 00:00,1736.01,1769.53,1734.25,1763.6
2021-04-16 00:00,1762.84,1783.75,1759.62,1775.75
2021-04-19 00:00,1777.0,1789.97,1766.63,1771.02
2021-04-20 00:00,1770.43,1780.33,1763.51,1778.38
2021-04-21 00:00,1778.42,1797.53,1776.17,1793.02
2021-04-22 00:00,1793.23,1797.75,1777.33,1783.8
2021-04-23 00:00,1783.16,1795.86,1769.87,1776.82
2021-04-26 00:00,1775.85,1783.41,1768.62,1780.79
2021-04-27 00:00,1780.69,1785.46,1773.62,1776.24
2021-04-28 00:00,1776.27,1782.43,1762.5,1780.97
2021-04-29 00:00,1781.07,1789.88,1756.03,1771.61
2021-04-30 00:00,1771.88,1773.59,1764.11,1768.43
2021-05-03 00:00,1768.87,1797.8,1765.95,1792.39
2021-05-04 00:00,1792.59,1798.88,1770.64,1778.6
2021-05-05 00:00,1778.71,1787.85,1770.23,1786.18
2021-05-06 00:00,1786.47,1817.95,1781.88,1814.45
2021-05-07 00:00,1814.56,1843.18,1812.75,1830.62
2021-05-10 00:00,1833.43,1845.3,1830.0,1835.62
2021-05-11 00:00,1835.22,1841.72,1817.88,1836.9
2021-05-12 00:00,1836.63,1843.6,1813.15,1815.2
2021-05-13 00:00,1817.04,1828.68,1808.66,1825.9
2021-05-14 00:00,1826.35,1845.85,1819.57,1842.69
2021-05-17 00:00,1842.76,1868.39,1841.93,1866.23
2021-05-18 00:00,1866.24,1874.85,1863.11,1868.69
2021-05-19 00:00,1869.09,1890.02,1852.1,1869.33
2021-05-20 00:00,1868.6,1883.76,1863.74,1876.57
2021-05-21 00:00,1877.26,1889.23,1870.0,1880.9
2021-05-24 00:00,1882.12,1886.88,1875.06,1880.69
2021-05-25 00:00,1880.0,1900.12,1872.61,1898.6
2021-05-26 00:00,1898.86,1912.65,1890.59,1896.37
2021-05-27 00:00,1896.51,1903.48,1888.19,1896.06
2021-05-28 00:00,1896.04,1905.8,1882.14,1902.65
2021-05-31 00:00,1903.34,1910.55,1902.01,1906.52
2021-06-01 00:00,1907.39,1916.49,1892.27,1899.99
2021-06-02 00:00,1899.63,1908.97,1894.23,1908.05
2021-06-03 00:00,1907.63,1909.5,1865.19,1870.49
2021-06-04 00:00,1870.01,1896.1,1855.32,1890.71
2021-06-07 00:00,1891.4,1900.02,1881.42,1898.83
2021-06-08 00:00,1897.97,1903.69,1883.62,1892.55
2021-06-09 00:00,1892.14,1898.92,1887.24,1888.18
2021-06-10 00:00,1887.67,1899.76,1869.67,1898.04
2021-06-11 00:00,1897.78,1902.95,1874.38,1877.05
2021-06-14 00:00,1876.76,1877.89,1844.48,1865.9
2021-06-15 00:00,1865.53,1869.07,1851.48,1858.72
2021-06-16 00:00,1857.98,1862.93,1803.27,1811.49
2021-06-17 00:00,1810.85,1825.23,1767.13,1773.14
2021-06-18 00:00,1772.43,1797.06,1760.77,1763.2
2021-06-21 00:00,1763.94,1786.39,1763.84,1782.75
2021-06-22 00:00,1781.92,1790.0,1772.23,1778.32
2021-06-23 00:00,1778.17,1794.84,1773.21,1778.7
2021-06-24 00:00,1778.31,1787.85,1772.78,1775.04
2021-06-25 00:00,1774.77,1790.27,1773.59,1780.94
2021-06-28 00:00,1781.23,1785.72,1770.52,1777.91
2021-06-29 00:00,1777.63,1778.82,1750.49,1760.87
2021-06-30 00:00,1760.88,1774.28,1753.23,1769.64
2021-07-01 00:00,1769.54,1782.68,1765.53,1776.26
2021-07-02 00:00,1775.34,1794.93,1774.11,1786.98
2021-07-05 00:00,1786.53,1795.13,1784.34,1791.55
2021-07-06 00:00,1791.37,1814.92,1789.94,1796.59
2021-07-07 00:00,1796.03,1809.65,1793.75,1803.07
2021-07-08 00:00,1803.3,1818.29,1794.18,1802.38
2021-07-09 00:00,1801.94,1812.3,1796.56,1807.84
2021-07-12 00:00,1807.57,1810.71,1791.38,1805.58
2021-07-13 00:00,1805.74,1817.06,1798.51,1807.4
2021-07-14 00:00,1807.12,1829.68,1804.45,1826.87
2021-07-15 00:00,1826.88,1833.98,1820.13,1828.87
2021-07-16 00:00,1828.64,1831.95,1808.87,1811.55
2021-07-19 00:00,1810.89,1817.18,1794.87,1811.91
2021-07-20 00:00,1811.97,1824.9,1804.95,1809.88
2021-07-21 00:00,1809.46,1813.66,1794.61,1803.08
2021-07-22 00:00,1802.49,1807.96,1792.65,1806.5
2021-07-23 00:00,1806.19,1810.22,1789.41,1801.7
2021-07-26 00:00,1801.99,1811.4,1796.3,1797.17
2021-07-27 00:00,1797.05,1805.12,1793.49,1798.64
2021-07-28 00:00,1799.18,1809.72,1792.42,1806.24
2021-07-29 00:00,1806.93,1832.59,1806.69,1827.74
2021-07-30 00:00,1827.17,1831.25,1810.14,1813.4
2021-08-02 00:00,1813.32,1819.42,1805.64,1813.19
2021-08-03 00:00,1812.94,1814.91,1807.02,1810.31
2021-08-04 00:00,1809.85,1831.61,1806.33,1811.48
2021-08-05 00:00,1811.0,1814.75,1797.71,1804.11
2021-08-06 00:00,1803.87,1804.7,1758.58,1762.57
2021-08-09 00:00,1762.89,1764.45,1670.49,1729.53
2021-08-10 00:00,1729.23,1738.16,1717.6,1728.65
2021-08-11 00:00,1728.4,1754.29,1723.99,1751.36
2021-08-12 00:00,1750.33,1758.04,1741.48,1752.44
2021-08-13 00:00,1751.92,1779.85,1751.57,1779.22
2021-08-16 00:00,1778.13,1789.2,1770.7,1787.0
2021-08-17 00:00,1787.03,1795.44,1780.45,1785.76
2021-08-18 00:00,1785.64,1793.64,1777.21,1787.21
2021-08-19 00:00,1786.83,1792.37,1774.36,1779.92
2021-08-20 00:00,1778.92,1788.28,1778.27,1780.46
2021-08-23 00:00,1779.6,1806.38,1776.39,1804.89
2021-08-24 00:00,1804.91,1809.47,1800.65,1802.43
2021-08-25 00:00,1801.89,1802.97,1782.45,1790.49
2021-08-26 00:00,1790.14,1798.1,1779.93,1791.97
2021-08-27 00:00,1791.76,1819.23,1783.8,1816.16
2021-08-30 00:00,1818.33,1823.08,1807.62,1809.85
2021-08-31 00:00,1809.73,1819.08,1801.6,1813.03
2021-09-01 00:00,1812.97,1819.91,1808.58,1813.53
2021-09-02 00:00,1812.84,1817.0,1804.89,1809.46
2021-09-03 00:00,1809.01,1833.91,1808.77,1827.29
2021-09-06 00:00,1829.97,1830.1,1821.34,1823.01
2021-09-07 00:00,1822.63,1827.13,1792.3,1793.98
2021-09-08 00:00,1793.93,1802.07,1782.25,1788.89
2021-09-09 00:00,1788.62,1800.88,1783.72,1794.09
2021-09-10 00:00,1793.81,1803.75,1786.98,1787.05
2021-09-13 00:00,1788.35,1798.26,1783.57,1793.32
2021-09-14 00:00,1792.92,1808.56,1780.29,1803.95
2021-09-15 00:00,1803.81,1806.8,1790.66,1793.6
2021-09-16 00:00,1793.02,1796.07,1745.22,1753.3
2021-09-17 00:00,1753.25,1767.42,1747.26,1753.49
2021-09-20 00:00,1753.96,1767.05,1741.98,1763.67
2021-09-21 00:00,1763.69,1781.66,1757.84,1774.02
2021-09-22 00:00,1773.76,1787.19,1764.5,1767.59
2021-09-23 00:00,1767.47,1776.46,1737.77,1742.13
2021-09-24 00:00,1742.57,1757.56,1740.34,1749.88
2021-09-27 00:00,1751.5,1760.74,1744.76,1749.73
2021-09-28 00:00,1749.26,1754.34,1728.01,1733.59
2021-09-29 00:00,1733.38,1745.42,1721.55,1725.94
2021-09-30 00:00,1725.85,1764.09,1722.1,1756.35
2021-10-01 00:00,1756.57,1764.18,1749.66,1760.1
2021-10-04 00:00,1762.08,1770.48,1747.61,1769.21
2021-10-05 00:00,1768.96,1769.96,1748.49,1759.74
2021-10-06 00:00,1759.38,1765.02,1745.77,1762.42
2021-10-07 00:00,1762.33,1766.85,1751.84,1755.53
2021-10-08 00:00,1755.26,1781.23,1753.24,1756.61
2021-10-11 00:00,1757.15,1760.88,1750.07,1753.78
2021-10-12 00:00,1753.34,1769.24,1750.66,1759.73
2021-10-13 00:00,1759.42,1796.06,1757.83,1792.44
2021-10-14 00:00,1792.42,1800.46,1786.6,1795.5
2021-10-15 00:00,1795.2,1796.38,1764.75,1766.66
2021-10-18 00:00,1766.57,1772.01,1760.18,1764.56
2021-10-19 00:00,1764.31,1785.04,1762.85,1768.9
2021-10-20 00:00,1769.57,1788.37,1766.74,1781.77
2021-10-21 00:00,1781.22,1789.37,1776.37,1782.32
2021-10-22 00:00,1782.25,1813.75,1782.25,1791.63
2021-10-25 00:00,1792.47,1809.97,1792.16,1807.39
2021-10-26 00:00,1806.87,1808.22,1782.29,1792.28
2021-10-27 00:00,1792.43,1798.98,1783.37,1796.18
2021-10-28 00:00,1796.97,1810.34,1792.2,1798.31
2021-10-29 00:00,1799.07,1801.07,1771.85,1782.61
2021-11-01 00:00,1780.73,1795.74,1779.0,1793.0
2021-11-02 00:00,1792.97,1796.29,1786.25,1787.51
2021-11-03 00:00,1786.92,1788.07,1758.64,1769.53
2021-11-04 00:00,1768.79,1798.8,1768.73,1791.86
2021-11-05 00:00,1791.2,1818.13,1784.89,1817.59
2021-11-08 00:00,1818.38,1826.4,1812.31,1823.51
2021-11-09 00:00,1823.19,1832.63,1819.04,1831.41
2021-11-10 00:00,1831.38,1868.46,1822.17,1848.9
2021-11-11 00:00,1848.49,1865.9,1842.75,1861.57
2021-11-12 00:00,1861.06,1868.57,1845.09,1864.45
2021-11-15 00:00,1869.36,1870.47,1856.32,1862.39
2021-11-16 00:00,1862.21,1877.12,1849.56,1850.46
2021-11-17 00:00,1849.87,1867.96,1849.33,1867.14
2021-11-18 00:00,1866.45,1870.81,1854.95,1858.45
2021-11-19 00:00,1858.04,1865.67,1842.87,1845.18
2021-11-22 00:00,1846.53,1848.98,1802.14,1804.07
2021-11-23 00:00,1805.64,1812.32,1781.86,1788.71
2021-11-24 00:00,1788.57,1796.29,1778.4,1788.21
2021-11-25 00:00,1789.39,1794.97,1785.93,1788.48
2021-11-26 00:00,1790.63,1815.41,1780.36,1792.67
2021-11-29 00:00,1790.2,1799.26,1775.56,1784.04
2021-11-30 00:00,1783.19,1808.62,1769.76,1773.95
2021-12-01 00:00,1775.05,1794.41,1772.05,1781.35
2021-12-02 00:00,1781.79,1783.25,1761.82,1768.4
2021-12-03 00:00,1768.21,1786.0,1766.02,1782.79
2021-12-06 00:00,1784.36,1787.64,1775.59,1778.22
2021-12-07 00:00,1778.3,1787.71,1772.17,1783.62
2021-12-08 00:00,1783.73,1793.0,1779.48,1782.73
2021-12-09 00:00,1782.37,1787.51,1773.14,1774.94
2021-12-10 00:00,1774.67,1789.4,1769.97,1782.29
2021-12-13 00:00,1783.06,1791.46,1781.7,1786.28
2021-12-14 00:00,1786.06,1789.42,1766.36,1770.43
2021-12-15 00:00,1771.43,1780.76,1752.93,1776.79
2021-12-16 00:00,1776.23,1799.56,1775.42,1798.91
2021-12-17 00:00,1798.55,1814.15,1795.76,1797.71
2021-12-20 00:00,1799.45,1804.06,1788.19,1790.46
2021-12-21 00:00,1789.81,1800.44,1784.84,1788.82
2021-12-22 00:00,1788.18,1804.96,1785.8,1803.28
2021-12-23 00:00,1803.8,1810.63,1798.78,1808.36
2021-12-27 00:00,1808.54,1813.39,1802.86,1811.74
2021-12-28 00:00,1811.07,1820.1,1804.92,1805.87
2021-12-29 00:00,1805.57,1807.58,1789.35,1804.3
2021-12-30 00:00,1804.03,1817.11,1796.06,1814.35
2021-12-31 00:00,1814.4,1830.25,1814.12,1829.06
2022-01-03 00:00,1828.6,1831.62,1798.19,1801.03
2022-01-04 00:00,1800.4,1816.69,1798.39,1814.28
2022-01-05 00:00,1813.71,1829.58,1808.17,1810.23
2022-01-06 00:00,1810.17,1811.44,1786.29,1790.69
2022-01-07 00:00,1790.54,1798.52,1782.5,1795.81
2022-01-10 00:00,1793.96,1802.25,1790.24,1801.26
2022-01-11 00:00,1801.02,1823.23,1799.95,1821.23
2022-01-12 00:00,1820.48,1827.98,1814.58,1825.76
2022-01-13 00:00,1825.05,1828.06,1812.23,1822.13
2022-01-14 00:00,1822.24,1829.05,1814.58,1817.42
2022-01-17 00:00,1817.04,1823.09,1813.0,1819.01
2022-01-18 00:00,1817.9,1822.64,1805.66,1813.38
2022-01-19 00:00,1812.52,1843.32,1810.14,1840.11
2022-01-20 00:00,1840.16,1847.8,1835.81,1838.79
2022-01-21 00:00,1838.5,1843.11,1828.38,1834.33
2022-01-24 00:00,1834.52,1844.21,1829.56,1842.54
2022-01-25 00:00,1842.67,1853.75,1834.84,1847.59
2022-01-26 00:00,1846.92,1849.94,1814.84,1819.22
2022-01-27 00:00,1818.99,1822.0,1791.68,1797.06
2022-01-28 00:00,1796.24,1799.31,1780.16,1791.03
2022-01-31 00:00,1791.93,1799.81,1785.46,1796.67
2022-02-01 00:00,1797.33,1808.64,1795.63,1800.89
2022-02-02 00:00,1799.82,1810.72,1794.36,1806.35
2022-02-03 00:00,1806.37,1808.88,1788.54,1804.59
2022-02-04 00:00,1803.81,1814.8,1792.02,1807.56
2022-02-07 00:00,1806.72,1823.46,1806.68,1820.26
2022-02-08 00:00,1819.94,1828.66,1815.31,1825.79
2022-02-09 00:00,1825.29,1835.71,1824.54,1832.89
2022-02-10 00:00,1833.16,1841.84,1821.53,1826.54
2022-02-11 00:00,1826.42,1865.38,1820.84,1857.9
2022-02-14 00:00,1859.23,1874.02,1850.7,1870.91
2022-02-15 00:00,1871.08,1879.38,1844.4,1853.43
2022-02-16 00:00,1853.15,1872.5,1850.19,1869.5
2022-02-17 00:00,1869.85,1901.02,1867.7,1897.93
2022-02-18 00:00,1898.12,1902.36,1886.48,1897.77
2022-02-21 00:00,1900.82,1908.16,1887.45,1905.01
2022-02-22 00:00,1908.75,1914.02,1891.27,1898.16
2022-02-23 00:00,1898.35,1910.41,1889.55,1908.66
2022-02-24 00:00,1909.49,1974.4,1877.94,1903.71
2022-02-25 00:00,1903.72,1921.48,1882.83,1888.53
2022-02-28 00:00,1919.21,1930.95,1890.77,1908.74
2022-03-01 00:00,1908.64,1950.08,1901.27,1945.09
2022-03-02 00:00,1944.32,1947.79,1913.74,1928.22
2022-03-03 00:00,1928.94,1941.2,1921.91,1935.44
2022-03-04 00:00,1935.44,1970.65,1929.5,1969.85
2022-03-07 00:00,1974.47,2002.52,1960.88,1997.79
2022-03-08 00:00,1996.81,2070.36,1980.94,2050.17
2022-03-09 00:00,2049.66,2059.07,1976.01,1991.09
2022-03-10 00:00,1989.83,2009.06,1970.51,1996.55
2022-03-11 00:00,1994.94,1998.82,1958.44,1988.25
2022-03-14 00:00,1984.74,1990.31,1949.63,1950.46
2022-03-15 00:00,1951.34,1954.46,1906.95,1917.83
2022-03-16 00:00,1917.24,1929.33,1894.95,1927.28
2022-03-17 00:00,1925.87,1949.75,1923.06,1942.58
2022-03-18 00:00,1942.79,1945.2,1917.8,1921.2
2022-03-21 00:00,1921.36,1941.17,1917.86,1935.48
2022-03-22 00:00,1935.43,1938.27,1910.51,1921.29
2022-03-23 00:00,1921.15,1948.29,1915.45,1943.48
2022-03-24 00:00,1942.89,1966.08,1937.28,1957.67
2022-03-25 00:00,1956.93,1964.15,1943.0,1957.69
2022-03-28 00:00,1956.97,1959.05,1916.84,1922.44
2022-03-29 00:00,1922.2,1929.17,1890.0,1919.05
2022-03-30 00:00,1918.67,1938.43,1915.79,1932.47
2022-03-31 00:00,1932.27,1949.72,1918.99,1936.79
2022-04-01 00:00,1936.15,1939.36,1917.91,1924.78
2022-04-04 00:00,1923.79,1936.88,1915.33,1932.67
2022-04-05 00:00,1931.88,1944.46,1917.84,1923.45
2022-04-06 00:00,1924.13,1933.35,1915.04,1924.97
2022-04-07 00:00,1923.98,1937.71,1920.38,1931.53
2022-04-08 00:00,1931.36,1948.09,1927.55,1947.14
2022-04-11 00:00,1946.14,1969.56,1939.88,1953.25
2022-04-12 00:00,1953.13,1978.51,1949.52,1966.48
2022-04-13 00:00,1966.22,1981.48,1962.72,1977.52
2022-04-14 00:00,1977.07,1980.25,1960.41,1973.22
2022-04-18 00:00,1974.04,1998.27,1970.84,1978.66
2022-04-19 00:00,1978.46,1981.85,1943.59,1949.83
2022-04-20 00:00,1949.35,1958.21,1939.16,1957.44
2022-04-21 00:00,1957.55,1957.55,1936.63,1951.26
2022-04-22 00:00,1951.04,1955.48,1926.46,1930.71
2022-04-25 00:00,1930.52,1934.33,1891.37,1897.55
2022-04-26 00:00,1898.13,1911.11,1895.61,1905.02
2022-04-27 00:00,1905.07,1906.9,1881.25,1885.75
2022-04-28 00:00,1885.21,1896.61,1871.94,1894.23
2022-04-29 00:00,1894.14,1919.84,1892.47,1895.75
2022-05-02 00:00,1896.2,1900.4,1853.4,1863.6
2022-05-03 00:00,1863.6,1878.4,1849.7,1870.6
2022-05-04 00:00,1868.3,1892.0,1861.1,1868.8
2022-05-05 00:00,1884.1,1910.7,1872.3,1875.7
2022-05-06 00:00,1877.5,1894.0,1865.0,1882.8
2022-05-09 00:00,1883.7,1885.6,1851.0,1858.6
2022-05-10 00:00,1853.9,1864.7,1834.5,1841.0
2022-05-11 00:00,1836.6,1857.8,1830.6,1853.7
2022-05-12 00:00,1852.3,1858.8,1820.1,1824.6
2022-05-13 00:00,1821.4,1827.6,1797.2,1808.2
2022-05-16 00:00,1809.4,1826.0,1785.0,1814.0
2022-05-17 00:00,1823.9,1834.8,1811.0,1818.9
2022-05-18 00:00,1820.2,1829.3,1811.7,1822.4
2022-05-19 00:00,1821.3,1854.5,1814.9,1847.8
2022-05-20 00:00,1847.4,1854.0,1837.3,1848.4
2022-05-23 00:00,1850.9,1870.4,1849.7,1853.9
2022-05-24 00:00,1858.6,1875.0,1853.9,1871.4
2022-05-25 00:00,1871.2,1872.7,1845.0,1852.5
2022-05-26 00:00,1857.9,1859.0,1842.5,1853.9
2022-05-27 00:00,1855.1,1866.9,1851.9,1857.3
2022-05-31 00:00,1856.5,1867.9,1837.6,1848.4
2022-06-01 00:00,1840.0,1853.0,1830.2,1848.7
2022-06-02 00:00,1849.9,1874.4,1846.5,1871.4
2022-06-03 00:00,1872.6,1878.6,1849.7,1850.2
2022-06-06 00:00,1853.7,1861.2,1843.0,1843.7
2022-06-07 00:00,1843.5,1858.2,1838.5,1852.1
2022-06-08 00:00,1855.0,1862.4,1846.6,1856.5
2022-06-09 00:00,1855.1,1857.8,1841.9,1852.8
2022-06-10 00:00,1850.4,1879.6,1826.5,1875.5
2022-06-13 00:00,1879.0,1882.5,1819.0,1831.8
2022-06-14 00:00,1820.9,1833.3,1806.1,1813.5
2022-06-15 00:00,1809.7,1845.4,1808.4,1819.6
2022-06-16 00:00,1835.8,1860.2,1816.3,1849.9
2022-06-17 00:00,1859.3,1861.5,1836.1,1840.6
2022-06-21 00:00,1840.6,1848.4,1830.7,1838.8
2022-06-22 00:00,1834.9,1850.3,1824.5,1838.4
2022-06-23 00:00,1839.7,1829.1,1824.0,1829.8
2022-06-24 00:00,1824.2,1833.7,1817.7,1830.3
2022-06-27 00:00,1839.6,1842.8,1821.8,1824.8
2022-06-28 00:00,1823.6,1830.9,1819.1,1821.2
2022-06-29 00:00,1821.4,1834.9,1810.7,1817.5
2022-06-30 00:00,1819.2,1826.8,1802.5,1807.3
2022-07-01 00:00,1808.1,1813.6,1783.4,1801.5
2022-07-05 00:00,1814.4,1815.2,1763.0,1763.9
2022-07-06 00:00,1764.2,1771.5,1730.7,1736.5
2022-07-07 00:00,1737.2,1748.2,1734.7,1739.7
2022-07-08 00:00,1738.7,1751.7,1726.0,1742.3
2022-07-11 00:00,1741.5,1743.0,1729.0,1731.7
2022-07-12 00:00,1731.3,1742.2,1721.6,1724.8
2022-07-13 00:00,1723.6,1744.3,1704.5,1735.5
2022-07-14 00:00,1733.6,1734.8,1695.0,1705.8
2022-07-15 00:00,1708.2,1714.2,1696.6,1703.6
2022-07-18 00:00,1706.4,1722.0,1704.4,1710.2
2022-07-19 00:00,1725.2,1734.2,1720.7,1728.1
2022-07-20 00:00,1727.0,1730.4,1707.8,1717.7
2022-07-21 00:00,1711.5,1737.3,1696.1,1731.3
2022-07-22 00:00,1735.3,1755.9,1729.8,1745.3
2022-07-25 00:00,1744.0,1752.5,1730.9,1737.1
2022-07-26 00:00,1735.9,1744.3,1729.6,1735.7
2022-07-27 00:00,1733.1,1758.2,1727.0,1737.5
2022-07-28 00:00,1751.4,1774.4,1750.4,1769.2
2022-07-29 00:00,1773.1,1784.6,1768.4,1781.8
2022-08-01 00:00,1782.5,1792.5,1774.3,1787.7
2022-08-02 00:00,1789.2,1805.0,1776.0,1789.7
2022-08-03 00:00,1777.3,1789.4,1770.0,1776.4
2022-08-04 00:00,1782.1,1812.0,1779.4,1806.9
2022-08-05 00:00,1807.7,1811.6,1780.2,1791.2
2022-08-08 00:00,1790.3,1806.4,1786.9,1805.2
2022-08-09 00:00,1805.5,1817.0,1799.4,1812.3
2022-08-10 00:00,1811.5,1824.6,1803.3,1813.7
2022-08-11 00:00,1807.9,1814.9,1798.6,1807.2
2022-08-12 00:00,1805.2,1819.1,1799.6,1815.5
2022-08-15 00:00,1818.9,1818.9,1787.6,1798.1
2022-08-16 00:00,1795.5,1798.0,1785.4,1789.7
2022-08-17 00:00,1790.8,1796.6,1773.9,1776.7
2022-08-18 00:00,1777.1,1786.3,1768.8,1771.2
2022-08-19 00:00,1773.1,1773.3,1759.1,1762.9
2022-08-22 00:00,1760.6,1762.1,1740.2,1748.4
2022-08-23 00:00,1750.0,1767.5,1743.1,1761.2
2022-08-24 00:00,1761.3,1769.5,1754.8,1761.5
2022-08-25 00:00,1764.4,1778.8,1763.0,1771.4
2022-08-26 00:00,1771.8,1772.3,1746.2,1749.8
2022-08-29 00:00,1748.4,1757.9,1731.4,1749.7
2022-08-30 00:00,1749.8,1752.8,1732.9,1736.3
2022-08-31 00:00,1735.5,1738.0,1720.6,1726.2
2022-09-01 00:00,1723.0,1723.0,1699.1,1709.3
2022-09-02 00:00,1707.8,1729.5,1705.9,1722.6
2022-09-06 00:00,1724.2,1737.4,1710.6,1712.9
2022-09-07 00:00,1712.9,1731.2,1701.7,1727.8
2022-09-08 00:00,1729.5,1739.4,1713.7,1720.2
2022-09-09 00:00,1719.6,1740.5,1719.4,1728.6
2022-09-12 00:00,1728.4,1746.4,1722.3,1740.6
2022-09-13 00:00,1736.0,1742.9,1706.7,1717.4
2022-09-14 00:00,1711.6,1717.3,1703.3,1709.1
2022-09-15 00:00,1707.2,1707.8,1668.9,1677.3
2022-09-16 00:00,1673.7,1689.9,1661.9,1683.5
2022-09-19 00:00,1685.4,1688.8,1667.6,1678.2
2022-09-20 00:00,1684.9,1688.8,1668.1,1671.1
2022-09-21 00:00,1673.2,1696.9,1661.3,1675.7
2022-09-22 00:00,1682.8,1693.5,1663.3,1681.1
2022-09-23 00:00,1680.1,1685.0,1646.6,1655.6
2022-09-26 00:00,1651.0,1657.2,1627.7,1633.4
2022-09-27 00:00,1629.2,1650.1,1628.7,1636.2
2022-09-28 00:00,1636.5,1671.6,1622.2,1670.0
2022-09-29 00:00,1669.0,1673.1,1649.3,1668.6
2022-09-30 00:00,1669.5,1684.4,1667.5,1672.0
2022-10-03 00:00,1670.5,1710.4,1666.5,1702.0
2022-10-04 00:00,1708.4,1738.7,1704.0,1730.5
2022-10-05 00:00,1734.4,1736.6,1708.8,1720.8
2022-10-06 00:00,1725.5,1734.2,1714.8,1720.9
2022-10-07 00:00,1721.0,1722.8,1698.4,1709.3
2022-10-10 00:00,1703.4,1707.4,1672.5,1675.2
2022-10-11 00:00,1675.6,1691.3,1667.5,1686.0
2022-10-12 00:00,1673.4,1685.1,1668.0,1677.5
2022-10-13 00:00,1672.9,1672.9,1672.9,1672.9
2022-10-14 00:00,1672.9,1672.9,1672.9,1672.9
2022-10-17 00:00,1649.9,1674.3,1649.1,1664.0
2022-10-18 00:00,1655.5,1655.5,1655.5,1655.5
2022-10-19 00:00,1657.2,1659.8,1632.2,1634.2
2022-10-20 00:00,1634.6,1650.3,1626.3,1636.8
2022-10-21 00:00,1632.4,1663.1,1621.1,1656.3
2022-10-24 00:00,1662.9,1675.5,1648.0,1654.1
2022-10-25 00:00,1654.5,1666.8,1641.2,1658.0
2022-10-26 00:00,1657.7,1679.4,1653.8,1669.2
2022-10-27 00:00,1668.8,1674.8,1658.5,1668.8
2022-10-28 00:00,1667.2,1670.9,1640.7,1648.3
2022-10-31 00:00,1647.2,1648.5,1634.5,1648.3
2022-11-01 00:00,1636.1,1660.3,1633.6,1636.4
2022-11-02 00:00,1651.4,1673.1,1637.4,1651.0
2022-11-03 00:00,1639.1,1643.2,1618.3,1637.7
2022-11-04 00:00,1631.7,1686.4,1631.1,1685.7
2022-11-07 00:00,1678.6,1685.6,1670.0,1680.5
2022-11-08 00:00,1678.0,1720.4,1667.1,1716.0
2022-11-09 00:00,1715.2,1725.8,1705.1,1715.8
2022-11-10 00:00,1709.7,1760.6,1705.5,1753.7
2022-11-11 00:00,1758.3,1775.6,1750.3,1774.2
2022-11-14 00:00,1769.4,1778.4,1755.8,1774.2
2022-11-15 00:00,1774.0,1791.8,1770.2,1774.7
2022-11-16 00:00,1782.0,1788.2,1773.4,1775.8
2022-11-17 00:00,1777.0,1777.6,1756.6,1763.0
2022-11-18 00:00,1777.6,1784.5,1764.0,1769.0
2022-11-21 00:00,1766.6,1769.7,1748.8,1754.6
2022-11-22 00:00,1755.4,1765.8,1752.4,1754.8
2022-11-23 00:00,1755.6,1769.7,1733.5,1760.4
2022-11-25 00:00,1765.2,1776.0,1760.6,1768.8
2022-11-28 00:00,1771.1,1778.5,1753.3,1755.3
2022-11-29 00:00,1754.6,1773.4,1752.9,1763.7
2022-11-30 00:00,1763.4,1784.2,1758.2,1759.9
2022-12-01 00:00,1783.1,1818.4,1782.9,1815.2
2022-12-02 00:00,1817.0,1818.7,1791.8,1809.6
2022-12-05 00:00,1810.5,1822.9,1778.1,1781.3
2022-12-06 00:00,1780.8,1793.2,1779.1,1782.4
2022-12-07 00:00,1783.3,1803.2,1780.5,1798.0
2022-12-08 00:00,1799.5,1806.9,1793.2,1801.5
2022-12-09 00:00,1801.9,1819.0,1800.1,1810.7
2022-12-12 00:00,1808.0,1809.3,1789.0,1792.3
2022-12-13 00:00,1792.3,1836.9,1791.8,1825.5
2022-12-14 00:00,1822.6,1825.4,1806.2,1818.7
2022-12-15 00:00,1818.7,1819.7,1782.0,1787.8
2022-12-16 00:00,1786.9,1804.2,1783.9,1800.2
2022-12-19 00:00,1801.6,1808.6,1793.2,1797.7
2022-12-20 00:00,1796.8,1832.4,1793.7,1825.4
2022-12-21 00:00,1827.9,1833.8,1821.3,1823.9
2022-12-22 00:00,1823.8,1829.3,1792.7,1795.3
2022-12-23 00:00,1801.0,1812.2,1798.9,1804.2
2022-12-27 00:00,1808.2,1841.9,1808.0,1823.1
2022-12-28 00:00,1822.4,1822.8,1804.2,1815.8
2022-12-29 00:00,1812.3,1827.3,1811.2,1826.0
2022-12-30 00:00,1821.8,1832.4,1819.8,1826.2
2023-01-03 00:00,1831.8,1856.6,1831.3,1846.1
2023-01-04 00:00,1845.2,1871.3,1842.0,1859.0
2023-01-05 00:00,1861.2,1864.3,1829.9,1840.6
2023-01-06 00:00,1835.9,1875.2,1835.2,1869.7
2023-01-09 00:00,1872.8,1886.4,1869.3,1877.8
2023-01-10 00:00,1875.7,1885.2,1872.0,1876.5
2023-01-11 00:00,1881.3,1890.9,1870.9,1878.9
2023-01-12 00:00,1879.7,1906.5,1872.4,1898.8
2023-01-13 00:00,1898.8,1925.3,1895.1,1921.7
2023-01-17 00:00,1923.8,1931.8,1906.2,1909.9
2023-01-18 00:00,1911.1,1929.8,1898.6,1907.0
2023-01-19 00:00,1907.0,1936.9,1902.0,1923.9
2023-01-20 00:00,1933.7,1939.0,1922.0,1928.2
2023-01-23 00:00,1948.0,1953.3,1929.2,1945.4
2023-01-24 00:00,1948.9,1960.5,1935.0,1952.2
2023-01-25 00:00,1955.2,1966.3,1937.5,1959.4
2023-01-26 00:00,1965.0,1966.5,1935.1,1946.7
2023-01-27 00:00,1945.8,1952.1,1933.0,1945.6
2023-01-30 00:00,1944.0,1950.1,1936.2,1939.2
2023-01-31 00:00,1938.6,1946.9,1915.5,1945.3
2023-02-01 00:00,1944.0,1970.8,1936.1,1942.8
2023-02-02 00:00,1967.1,1975.2,1925.6,1930.8
2023-02-03 00:00,1926.3,1932.4,1874.5,1876.6
2023-02-06 00:00,1878.0,1894.0,1873.2,1879.5
2023-02-07 00:00,1880.3,1897.2,1877.5,1884.8
2023-02-08 00:00,1885.1,1898.9,1881.4,1890.7
2023-02-09 00:00,1888.3,1902.3,1870.2,1878.5
2023-02-10 00:00,1873.5,1883.5,1863.5,1874.5
2023-02-13 00:00,1876.7,1877.2,1860.8,1863.5
2023-02-14 00:00,1864.1,1881.6,1852.5,1865.4
2023-02-15 00:00,1865.1,1870.9,1839.3,1845.3
2023-02-16 00:00,1846.5,1854.9,1836.6,1851.8
2023-02-17 00:00,1845.7,1853.1,1827.7,1850.2
2023-02-21 00:00,1850.5,1856.4,1839.0,1842.5
2023-02-22 00:00,1843.7,1855.0,1831.9,1841.5
2023-02-23 00:00,1834.7,1841.2,1824.8,1826.8
2023-02-24 00:00,1829.7,1835.1,1815.5,1817.1
2023-02-27 00:00,1818.0,1827.3,1812.0,1824.9
2023-02-28 00:00,1823.9,1838.6,1810.8,1836.7
2023-03-01 00:00,1834.0,1852.5,1829.6,1845.4
2023-03-02 00:00,1843.8,1845.3,1835.9,1840.5
2023-03-03 00:00,1842.1,1864.4,1842.0,1854.6
2023-03-06 00:00,1861.0,1864.3,1850.6,1852.4
2023-03-07 00:00,1852.6,1856.9,1817.1,1820.0
2023-03-08 00:00,1818.0,1828.7,1813.4,1818.6
2023-03-09 00:00,1818.0,1839.4,1815.4,1834.6
2023-03-10 00:00,1835.1,1874.3,1830.0,1867.2
2023-03-13 00:00,1877.1,1919.5,1875.7,1916.5
2023-03-14 00:00,1919.4,1919.4,1899.8,1910.9
2023-03-15 00:00,1908.2,1942.5,1889.5,1931.3
2023-03-16 00:00,1922.8,1938.0,1911.5,1923.0
2023-03-17 00:00,1942.7,2010.4,1939.1,1990.2
2023-03-20 00:00,2008.6,2031.7,1987.0,1999.7
2023-03-21 00:00,1983.1,1988.7,1938.6,1941.1
2023-03-22 00:00,1943.5,1982.3,1936.5,1949.6
2023-03-23 00:00,1974.0,2006.1,1967.3,1995.9
2023-03-24 00:00,1996.1,2006.5,1977.7,1983.8
2023-03-27 00:00,1982.6,1984.0,1945.0,1953.8
2023-03-28 00:00,1957.8,1977.1,1949.9,1973.5
2023-03-29 00:00,1975.4,1976.0,1959.5,1966.9
2023-03-30 00:00,1965.9,1984.4,1954.9,1980.3
2023-03-31 00:00,1981.3,1986.8,1968.0,1969.0
2023-04-03 00:00,1968.1,1991.7,1950.0,1983.9
2023-04-04 00:00,1984.6,2027.1,1979.0,2022.2
2023-04-05 00:00,2022.1,2033.8,2013.6,2020.9
2023-04-06 00:00,2037.1,2037.7,2016.5,2026.4
2023-04-10 00:00,2008.6,2021.5,1996.5,2003.8
2023-04-11 00:00,2007.0,2022.5,2003.7,2019.0
2023-04-12 00:00,2019.1,2043.9,2015.7,2024.9
2023-04-13 00:00,2029.5,2063.4,2028.3,2055.3
2023-04-14 00:00,2054.7,2061.6,2006.0,2015.8
2023-04-17 00:00,2014.1,2028.0,1993.4,2007.0
2023-04-18 00:00,2007.9,2024.6,2003.3,2019.7
2023-04-19 00:00,2017.9,2020.3,1980.9,2007.3
2023-04-20 00:00,2007.7,2024.2,2002.2,2019.1
2023-04-21 00:00,2016.1,2016.8,1982.3,1990.5
2023-04-24 00:00,1992.0,2001.5,1984.4,1999.8
2023-04-25 00:00,1999.4,2014.5,1986.2,2004.5
2023-04-26 00:00,2007.7,2020.2,1993.7,1996.0
2023-04-27 00:00,1999.8,2013.3,1982.0,1999.0
2023-04-28 00:00,1997.2,2004.1,1984.4,1999.1
2023-05-01 00:00,2000.2,2015.4,1985.7,1992.2
2023-05-02 00:00,1990.5,2028.8,1986.9,2023.3
2023-05-03 00:00,2026.4,2050.0,2016.0,2037.0
2023-05-04 00:00,2054.7,2085.4,2038.5,2055.7
2023-05-05 00:00,2058.0,2061.3,2007.0,2024.8
2023-05-08 00:00,2024.6,2037.1,2022.0,2033.2
2023-05-09 00:00,2028.4,2045.1,2026.4,2042.9
2023-05-10 00:00,2041.6,2056.0,2028.3,2037.1
2023-05-11 00:00,2036.8,2047.6,2016.7,2020.5
2023-05-12 00:00,2020.5,2027.8,2005.7,2019.8
2023-05-15 00:00,2013.4,2027.5,2011.2,2022.7
2023-05-16 00:00,2021.3,2022.7,1989.1,1993.0
2023-05-17 00:00,1993.0,1997.0,1978.1,1984.9
2023-05-18 00:00,1985.6,1988.8,1954.4,1959.8
2023-05-19 00:00,1960.5,1987.4,1956.3,1981.6
2023-05-22 00:00,1979.4,1981.1,1973.4,1977.2
2023-05-23 00:00,1973.9,1980.0,1955.8,1974.5
2023-05-24 00:00,1977.3,1987.9,1958.4,1964.6
2023-05-25 00:00,1959.5,1965.4,1939.0,1943.7
2023-05-26 00:00,1941.7,1957.1,1936.0,1944.3
2023-05-30 00:00,1942.7,1962.6,1931.0,1958.0
2023-05-31 00:00,1958.2,1973.0,1953.0,1963.9
2023-06-01 00:00,1963.2,1983.0,1954.3,1978.0
2023-06-02 00:00,1977.1,1982.5,1947.4,1952.4
2023-06-05 00:00,1947.5,1961.9,1937.8,1958.0
2023-06-06 00:00,1960.8,1965.0,1958.8,1965.5
2023-06-07 00:00,1980.0,1986.5,1955.4,1958.4
2023-06-08 00:00,1956.2,1985.7,1955.2,1978.6
2023-06-09 00:00,1980.5,1987.8,1971.0,1977.2
2023-06-12 00:00,1975.6,1981.4,1963.1,1969.7
2023-06-13 00:00,1971.4,1985.9,1953.0,1958.6
2023-06-14 00:00,1957.2,1973.9,1952.5,1968.9
2023-06-15 00:00,1955.7,1972.8,1936.1,1970.7
2023-06-16 00:00,1970.3,1980.4,1965.4,1971.2
2023-06-20 00:00,1970.7,1971.8,1940.8,1947.7
2023-06-21 00:00,1948.0,1950.4,1929.3,1944.9
2023-06-22 00:00,1943.3,1945.1,1922.0,1923.7
2023-06-23 00:00,1923.5,1949.0,1919.5,1929.6
2023-06-26 00:00,1936.3,1943.4,1931.1,1933.8
2023-06-27 00:00,1932.7,1940.3,1919.8,1923.8
2023-06-28 00:00,1923.1,1926.1,1911.4,1922.2
2023-06-29 00:00,1916.5,1921.3,1900.6,1917.9
2023-06-30 00:00,1916.4,1930.8,1908.1,1929.4
2023-07-03 00:00,1927.8,1939.9,1917.7,1929.5
2023-07-05 00:00,1929.1,1942.9,1922.1,1927.1
2023-07-06 00:00,1922.4,1934.0,1908.5,1915.4
2023-07-07 00:00,1916.6,1941.1,1915.4,1932.5
2023-07-10 00:00,1930.7,1933.7,1918.0,1931.0
2023-07-11 00:00,1930.8,1944.5,1929.8,1937.1
2023-07-12 00:00,1938.0,1965.1,1937.5,1961.7
2023-07-13 00:00,1962.7,1968.5,1956.6,1963.8
2023-07-14 00:00,1965.2,1967.8,1954.7,1964.4
2023-07-17 00:00,1958.6,1963.6,1949.0,1956.4
2023-07-18 00:00,1958.3,1988.3,1958.1,1980.8
2023-07-19 00:00,1982.5,1984.6,1973.3,1980.4
2023-07-20 00:00,1980.0,1989.8,1967.7,1970.9
2023-07-21 00:00,1972.1,1975.9,1958.8,1966.6
2023-07-24 00:00,1963.6,1969.8,1955.3,1962.2
2023-07-25 00:00,1957.0,1967.1,1951.6,1963.7
2023-07-26 00:00,1966.3,1979.9,1963.2,1970.1
2023-07-27 00:00,1973.3,1982.6,1941.7,1945.7
2023-07-28 00:00,1945.5,1962.2,1944.2,1960.4
2023-07-31 00:00,1959.2,1971.6,1950.0,1970.5
2023-08-01 00:00,1964.9,1965.4,1940.8,1940.7
2023-08-02 00:00,1948.4,1953.6,1933.2,1937.4
2023-08-03 00:00,1934.2,1936.5,1928.0,1932.0
2023-08-04 00:00,1934.9,1945.0,1920.0,1939.6
2023-08-07 00:00,1977.6,1981.7,1966.1,1970.0
2023-08-08 00:00,1971.5,1972.8,1956.5,1959.9
2023-08-09 00:00,1959.3,1966.1,1947.2,1950.6
2023-08-10 00:00,1947.7,1963.5,1944.4,1948.9
2023-08-11 00:00,1944.9,1953.6,1942.7,1946.6
2023-08-14 00:00,1945.6,1948.2,1934.2,1944.0
2023-08-15 00:00,1939.4,1944.3,1927.5,1935.2
2023-08-16 00:00,1933.1,1938.2,1922.0,1928.3
2023-08-17 00:00,1922.4,1933.5,1914.2,1915.2
2023-08-18 00:00,1919.2,1926.0,1915.9,1916.5
2023-08-21 00:00,1918.4,1927.9,1913.6,1923.0
2023-08-22 00:00,1924.0,1933.2,1917.5,1926.0
2023-08-23 00:00,1926.8,1949.7,1926.2,1948.1
2023-08-24 00:00,1944.9,1951.3,1939.2,1947.1
2023-08-25 00:00,1944.9,1950.4,1931.0,1939.9
2023-08-28 00:00,1944.0,1954.2,1940.1,1946.8
2023-08-29 00:00,1948.1,1966.5,1941.7,1965.1
2023-08-30 00:00,1966.0,1977.1,1962.8,1973.0
2023-08-31 00:00,1970.2,1974.9,1965.5,1965.9
2023-09-01 00:00,1966.4,1980.2,1960.7,1967.1
2023-09-05 00:00,1966.7,1972.6,1950.6,1952.6
2023-09-06 00:00,1951.5,1954.5,1940.0,1944.2
2023-09-07 00:00,1942.2,1947.9,1940.3,1942.5
2023-09-08 00:00,1943.8,1954.0,1940.8,1942.7
2023-09-11 00:00,1943.3,1947.6,1944.6,1947.2
2023-09-12 00:00,1945.6,1947.5,1929.9,1935.1
2023-09-13 00:00,1935.2,1938.4,1927.2,1932.5
2023-09-14 00:00,1930.7,1934.5,1921.7,1932.8
2023-09-15 00:00,1932.5,1952.4,1931.2,1946.2
2023-09-18 00:00,1945.7,1955.7,1943.8,1953.4
2023-09-19 00:00,1955.3,1958.9,1950.9,1953.7
2023-09-20 00:00,1953.0,1968.9,1948.6,1967.1
2023-09-21 00:00,1952.0,1952.2,1933.1,1939.6
2023-09-22 00:00,1939.6,1949.1,1939.6,1945.6
2023-09-25 00:00,1944.7,1946.8,1933.8,1936.6
2023-09-26 00:00,1935.1,1935.5,1917.2,1919.8
2023-09-27 00:00,1918.8,1921.7,1890.3,1890.9
2023-09-28 00:00,1893.3,1896.8,1874.5,1878.6
2023-09-29 00:00,1882.3,1896.7,1862.3,1866.1
2023-10-02 00:00,1864.4,1864.7,1842.7,1847.2
2023-10-03 00:00,1844.9,1849.3,1830.9,1841.5
2023-10-04 00:00,1838.7,1846.8,1831.6,1834.8
2023-10-05 00:00,1837.6,1843.5,1826.2,1831.8
2023-10-06 00:00,1834.3,1849.0,1823.5,1845.2
2023-10-09 00:00,1861.0,1877.3,1857.5,1864.3
2023-10-10 00:00,1875.4,1879.1,1866.1,1875.3
2023-10-11 00:00,1873.7,1890.9,1871.7,1887.3
2023-10-12 00:00,1888.1,1898.3,1880.6,1883.0
2023-10-13 00:00,1881.7,1946.2,1881.5,1941.5
2023-10-16 00:00,1941.3,1943.0,1921.2,1934.3
2023-10-17 00:00,1933.3,1944.5,1924.6,1935.7
2023-10-18 00:00,1936.7,1975.8,1935.9,1968.3
2023-10-19 00:00,1960.1,1990.2,1957.0,1980.5
2023-10-20 00:00,1988.0,2009.2,1983.7,1994.4
2023-10-23 00:00,1987.7,1990.9,1982.6,1987.8
2023-10-24 00:00,1984.1,1989.0,1970.0,1986.1
2023-10-25 00:00,1982.7,1998.6,1973.6,1994.9
2023-10-26 00:00,1991.2,2003.7,1981.6,1997.4
2023-10-27 00:00,1995.0,2019.7,1986.4,1998.5
2023-10-30 00:00,2013.5,2012.4,1999.7,2005.6
2023-10-31 00:00,2005.6,2017.7,1987.4,1994.3
2023-11-01 00:00,1993.3,2005.9,1978.2,1987.5
2023-11-02 00:00,1992.0,1999.2,1986.3,1993.5
2023-11-03 00:00,1993.5,2011.9,1989.3,1999.2
2023-11-06 00:00,1999.4,1991.5,1984.2,1988.6
2023-11-07 00:00,1984.8,1985.2,1962.8,1973.5
2023-11-08 00:00,1975.3,1977.5,1953.2,1957.8
2023-11-09 00:00,1955.5,1971.5,1948.3,1969.8
2023-11-10 00:00,1964.1,1965.6,1936.9,1937.7
2023-11-13 00:00,1943.4,1953.5,1935.6,1950.2
2023-11-14 00:00,1950.3,1975.3,1938.8,1966.5
2023-11-15 00:00,1966.9,1979.2,1958.8,1964.3
2023-11-16 00:00,1963.0,1984.5,1983.9,1987.3
2023-11-17 00:00,1984.2,1983.6,1982.5,1984.7
2023-11-20 00:00,1980.9,1987.8,1967.2,1980.3
2023-11-21 00:00,1980.0,2009.8,1979.9,2001.6
2023-11-22 00:00,2000.3,2008.3,1988.6,1992.8
2023-11-24 00:00,1991.2,2004.5,1990.9,2003.0
2023-11-27 00:00,2002.5,2018.9,2001.4,2012.4
2023-11-28 00:00,2014.3,2044.1,2011.5,2040.0
2023-11-29 00:00,2062.0,2072.7,2055.9,2067.1
2023-11-30 00:00,2065.4,2067.4,2051.2,2057.2
2023-12-01 00:00,2056.5,2095.7,2052.6,2089.7
2023-12-04 00:00,2094.4,2092.8,2038.4,2042.2
2023-12-05 00:00,2049.0,2059.6,2027.6,2036.3
2023-12-06 00:00,2037.8,2053.4,2035.3,2047.9
2023-12-07 00:00,2043.4,2057.2,2036.6,2046.4
2023-12-08 00:00,2045.7,2050.4,2010.6,2014.5
2023-12-11 00:00,2020.0,2023.7,1991.2,1993.7
2023-12-12 00:00,1997.8,2012.5,1992.3,1993.2
2023-12-13 00:00,1995.1,2043.3,1987.9,1997.3
2023-12-14 00:00,2043.2,2062.9,2039.1,2044.9
2023-12-15 00:00,2051.3,2059.6,2029.2,2035.7
2023-12-18 00:00,2033.3,2048.0,2029.5,2040.5
2023-12-19 00:00,2041.1,2061.0,2034.8,2052.1
2023-12-20 00:00,2053.8,2056.9,2040.6,2047.7
2023-12-21 00:00,2044.4,2058.0,2043.3,2051.3
2023-12-22 00:00,2061.2,2083.0,2058.2,2069.1
2023-12-26 00:00,2066.0,2080.5,2065.1,2069.8
2023-12-27 00:00,2079.3,2095.8,2072.8,2093.1
2023-12-28 00:00,2089.5,2098.2,2074.6,2083.5
2023-12-29 00:00,2076.1,2084.1,2067.6,2071.8
2024-01-02 00:00,2072.7,2088.1,2064.3,2073.4
2024-01-03 00:00,2067.9,2074.3,2038.3,2042.8
2024-01-04 00:00,2049.3,2058.1,2043.3,2050.0
2024-01-05 00:00,2051.4,2071.1,2030.8,2049.8
2024-01-08 00:00,2052.6,2053.3,2022.7,2033.5
2024-01-09 00:00,2034.5,2048.6,2031.9,2033.0
2024-01-10 00:00,2036.0,2046.2,2025.9,2027.8
2024-01-11 00:00,2029.4,2056.1,2017.3,2019.2
2024-01-12 00:00,2033.2,2067.3,2033.1,2051.6
2024-01-16 00:00,2053.4,2062.8,2027.6,2030.2
2024-01-17 00:00,2031.7,2036.1,2004.6,2006.5
2024-01-18 00:00,2009.1,2025.6,2007.7,2021.6
2024-01-19 00:00,2027.4,2041.9,2022.2,2029.3
2024-01-22 00:00,2031.8,2034.1,2017.4,2022.2
2024-01-23 00:00,2023.2,2039.3,2020.8,2025.8
2024-01-24 00:00,2030.7,2037.9,2011.7,2016.0
2024-01-25 00:00,2014.8,2025.6,2004.0,2017.8
2024-01-26 00:00,2021.0,2028.1,2015.6,2017.3
2024-01-29 00:00,2024.4,2037.2,2018.8,2025.4
2024-01-30 00:00,2051.5,2068.0,2047.1,2050.9
2024-01-31 00:00,2055.3,2074.6,2048.8,2067.4
2024-02-01 00:00,2057.9,2083.2,2046.4,2071.1
2024-02-02 00:00,2072.0,2074.7,2044.2,2053.7
2024-02-05 00:00,2057.9,2059.1,2030.8,2042.9
2024-02-06 00:00,2041.4,2055.3,2038.8,2051.4
2024-02-07 00:00,2052.6,2061.3,2046.4,2051.7
2024-02-08 00:00,2051.0,2053.8,2034.6,2047.9
2024-02-09 00:00,2049.7,2051.9,2034.3,2038.7
2024-02-12 00:00,2038.2,2041.8,2025.4,2033.0
2024-02-13 00:00,2033.7,2047.3,2002.8,2007.2
2024-02-14 00:00,2006.3,2008.8,1996.4,2004.3
2024-02-15 00:00,2004.8,2020.2,2001.8,2014.9
2024-02-16 00:00,2016.1,2027.2,2006.6,2024.1
2024-02-20 00:00,2027.7,2042.7,2023.9,2039.8
2024-02-21 00:00,2036.2,2043.5,2030.9,2034.3
2024-02-22 00:00,2036.5,2045.5,2029.3,2030.7
2024-02-23 00:00,2034.1,2053.2,2025.4,2049.4
2024-02-26 00:00,2044.2,2046.8,2034.1,2038.9
2024-02-27 00:00,2041.2,2049.1,2038.1,2044.1
2024-02-28 00:00,2039.7,2047.4,2033.4,2042.7
2024-02-29 00:00,2043.8,2059.4,2036.0,2054.7
2024-03-01 00:00,2052.8,2097.1,2047.0,2095.7
2024-03-04 00:00,2091.6,2128.4,2088.1,2126.3
2024-03-05 00:00,2123.3,2150.5,2118.5,2141.9
2024-03-06 00:00,2136.4,2160.7,2131.9,2158.2
2024-03-07 00:00,2156.7,2172.2,2151.7,2165.2
2024-03-08 00:00,2166.6,2203.0,2161.2,2185.5
2024-03-11 00:00,2187.6,2195.5,2180.9,2188.6
2024-03-12 00:00,2189.1,2190.8,2156.2,2166.1
2024-03-13 00:00,2163.6,2185.6,2161.3,2180.8
2024-03-14 00:00,2179.5,2181.3,2157.0,2167.5
2024-03-15 00:00,2166.2,2176.9,2158.7,2161.5
2024-03-18 00:00,2159.9,2167.2,2149.2,2164.3
2024-03-19 00:00,2164.0,2166.3,2150.2,2159.7
2024-03-20 00:00,2161.4,2192.2,2152.3,2161.0
2024-03-21 00:00,2190.2,2225.3,2168.2,2184.7
2024-03-22 00:00,2183.4,2188.0,2158.4,2160.0
2024-03-25 00:00,2166.6,2182.5,2164.4,2176.4
2024-03-26 00:00,2173.0,2200.6,2168.3,2177.2
2024-03-27 00:00,2200.5,2218.3,2193.7,2212.7
2024-03-28 00:00,2215.7,2256.9,2207.5,2238.4
2024-04-01 00:00,2259.2,2286.4,2249.1,2257.1
2024-04-02 00:00,2272.7,2301.9,2267.1,2281.8
2024-04-03 00:00,2301.7,2321.8,2285.7,2315.0
2024-04-04 00:00,2321.0,2325.3,2298.7,2308.5
2024-04-05 00:00,2309.5,2350.0,2286.2,2345.4
2024-04-08 00:00,2343.6,2372.5,2321.7,2351.0
2024-04-09 00:00,2358.1,2384.5,2355.7,2362.4
2024-04-10 00:00,2372.4,2378.1,2337.1,2348.4
2024-04-11 00:00,2351.7,2395.6,2343.1,2372.7
2024-04-12 00:00,2389.4,2448.8,2350.6,2374.1
2024-04-15 00:00,2369.4,2404.3,2340.2,2383.0
2024-04-16 00:00,2399.1,2414.8,2379.2,2407.8
2024-04-17 00:00,2398.0,2412.0,2370.7,2388.4
2024-04-18 00:00,2377.9,2408.0,2377.2,2398.0
2024-04-19 00:00,2394.0,2433.3,2386.8,2413.8
2024-04-22 00:00,2403.7,2404.3,2338.2,2346.4
2024-04-23 00:00,2342.3,2347.9,2304.6,2342.1
2024-04-24 00:00,2335.7,2350.9,2324.8,2338.4
2024-04-25 00:00,2327.4,2357.6,2316.4,2342.5
2024-04-26 00:00,2344.2,2364.4,2338.0,2347.2
2024-04-29 00:00,2347.6,2358.9,2331.0,2357.7
2024-04-30 00:00,2347.0,2347.6,2296.2,2302.9
2024-05-01 00:00,2298.2,2339.5,2291.7,2311.0
2024-05-02 00:00,2329.9,2336.1,2294.3,2309.6
2024-05-03 00:00,2313.5,2330.7,2285.2,2308.6
2024-05-06 00:00,2312.8,2341.9,2300.6,2331.2
2024-05-07 00:00,2334.8,2338.7,2318.2,2324.2
2024-05-08 00:00,2322.0,2329.6,2311.4,2322.3
2024-05-09 00:00,2316.5,2354.2,2312.9,2340.3
2024-05-10 00:00,2353.5,2385.3,2352.0,2375.0
2024-05-13 00:00,2369.1,2370.8,2337.6,2343.0
2024-05-14 00:00,2342.3,2365.2,2340.5,2359.9
2024-05-15 00:00,2362.9,2396.1,2357.1,2394.9
2024-05-16 00:00,2388.86,2397.28,2370.84,2378.22
2024-05-17 00:00,2378.22,2422.57,2373.79,2414.53
2024-05-19 00:00,2417.1,2425.2,2416.72,2417.64
2024-05-20 00:00,2417.53,2449.99,2407.14,2427.18
2024-05-21 00:00,2427.3,2433.84,2406.16,2421.81
2024-05-22 00:00,2421.8,2426.34,2374.86,2380.47
2024-05-23 00:00,2380.49,2383.61,2326.85,2330.82
2024-05-24 00:00,2330.82,2347.32,2325.26,2333.41
2024-05-26 00:00,2336.36,2340.55,2332.12,2340.11
2024-05-27 00:00,2340.08,2358.39,2334.33,2351.97
2024-05-28 00:00,2351.99,2363.97,2340.16,2359.05
2024-05-29 00:00,2359.05,2361.28,2334.44,2337.49
2024-05-30 00:00,2337.51,2351.7,2322.46,2344.01
2024-05-31 00:00,2343.99,2359.6,2320.39,2326.99
2024-06-02 00:00,2327.43,2329.32,2323.2,2326.28
2024-06-03 00:00,2326.32,2354.57,2314.64,2350.64
2024-06-04 00:00,2350.62,2352.64,2315.51,2327.61
2024-06-05 00:00,2327.61,2357.78,2325.78,2356.8
2024-06-06 00:00,2356.8,2378.41,2353.3,2376.84
2024-06-07 00:00,2376.78,2387.59,2286.63,2293.41
2024-06-09 00:00,2294.41,2298.3,2288.76,2297.28
2024-06-10 00:00,2297.26,2313.66,2287.66,2309.55
2024-06-11 00:00,2309.57,2319.86,2297.59,2316.73
2024-06-12 00:00,2316.83,2341.49,2310.58,2321.78
2024-06-13 00:00,2321.8,2326.49,2295.39,2302.8
2024-06-14 00:00,2302.82,2336.57,2301.41,2332.18
2024-06-16 00:00,2331.1,2332.49,2327.36,2328.62
2024-06-17 00:00,2328.71,2329.48,2309.89,2320.85
2024-06-18 00:00,2320.85,2333.01,2306.47,2328.1
2024-06-19 00:00,2328.1,2334.87,2323.98,2330.23
2024-06-20 00:00,2330.23,2365.38,2327.63,2359.22
2024-06-21 00:00,2359.22,2368.56,2316.59,2321.76
2024-06-23 00:00,2322.78,2322.78,2317.64,2321.36
2024-06-24 00:00,2321.31,2334.59,2317.57,2331.59
2024-06-25 00:00,2331.59,2337.02,2315.41,2320.49
2024-06-26 00:00,2320.51,2323.74,2293.46,2298.07
2024-06-27 00:00,2298.07,2330.82,2296.43,2326.76
2024-06-28 00:00,2326.74,2339.64,2318.91,2326.28
2024-06-30 00:00,2326.32,2326.78,2322.51,2324.39
2024-07-01 00:00,2324.39,2338.39,2318.39,2331.62
2024-07-02 00:00,2331.64,2336.67,2318.95,2329.91
2024-07-03 00:00,2329.91,2364.8,2326.68,2358.68
2024-07-04 00:00,2358.73,2362.39,2350.36,2357.32
2024-07-05 00:00,2357.28,2392.82,2347.51,2390.7
2024-07-07 00:00,2385.5,2390.01,2384.74,2385.14
2024-07-08 00:00,2385.12,2390.93,2350.91,2359.62
2024-07-09 00:00,2359.63,2371.36,2349.45,2364.22
2024-07-10 00:00,2364.24,2386.55,2363.17,2372.7
2024-07-11 00:00,2372.7,2424.39,2371.38,2413.82
2024-07-12 00:00,2413.82,2418.13,2391.32,2410.53
2024-07-14 00:00,2412.45,2414.86,2406.78,2407.34
2024-07-15 00:00,2407.36,2439.63,2401.22,2420.84
2024-07-16 00:00,2420.84,2469.86,2419.84,2468.83
2024-07-17 00:00,2468.86,2483.55,2451.43,2459.07
2024-07-18 00:00,2459.05,2474.8,2440.2,2444.22
2024-07-19 00:00,2444.21,2445.09,2393.68,2400.49
2024-07-21 00:00,2401.3,2411.51,2400.88,2411.16
2024-07-22 00:00,2411.11,2412.03,2383.72,2394.93
2024-07-23 00:00,2394.93,2411.91,2388.14,2409.18
2024-07-24 00:00,2409.16,2431.95,2392.89,2397.59
2024-07-25 00:00,2397.68,2401.05,2353.01,2363.14
2024-07-26 00:00,2363.11,2390.66,2355.73,2386.76
2024-07-28 00:00,2387.64,2402.99,2387.11,2395.61
2024-07-29 00:00,2395.64,2402.39,2369.52,2383.89
2024-07-30 00:00,2383.93,2412.7,2376.36,2408.99
2024-07-31 00:00,2409.14,2450.85,2403.76,2447.42
2024-08-01 00:00,2447.43,2462.12,2430.07,2445.05
2024-08-02 00:00,2445.05,2477.49,2410.66,2443.05
2024-08-04 00:00,2443.97,2447.34,2437.57,2441.22
2024-08-05 00:00,2441.22,2458.66,2364.16,2408.78
2024-08-06 00:00,2408.82,2418.22,2381.51,2388.45
2024-08-07 00:00,2388.43,2406.86,2378.87,2383.49
2024-08-08 00:00,2383.57,2427.85,2382.64,2425.64
2024-08-09 00:00,2425.59,2436.88,2416.82,2430.93
2024-08-11 00:00,2430.3,2433.3,2426.84,2430.3
2024-08-12 00:00,2430.26,2473.99,2423.7,2473.59
2024-08-13 00:00,2473.59,2476.84,2458.36,2465.45
2024-08-14 00:00,2465.45,2479.72,2438.0,2447.7
2024-08-15 00:00,2447.74,2469.95,2432.01,2454.68
2024-08-16 00:00,2454.68,2509.64,2450.57,2506.84
2024-08-18 00:00,2508.3,2510.0,2502.15,2504.72
2024-08-19 00:00,2504.78,2507.34,2485.51,2504.14
2024-08-20 00:00,2504.14,2531.56,2497.24,2514.61
2024-08-21 00:00,2514.59,2519.8,2493.7,2513.78
2024-08-22 00:00,2513.78,2514.55,2470.7,2484.97
2024-08-23 00:00,2484.98,2518.2,2484.82,2512.24
2024-08-25 00:00,2511.28,2514.36,2510.11,2512.72
2024-08-26 00:00,2512.74,2526.71,2508.59,2517.16
2024-08-27 00:00,2517.16,2525.91,2503.32,2525.44
2024-08-28 00:00,2525.43,2528.89,2493.51,2506.99
2024-08-29 00:00,2506.99,2528.56,2503.51,2520.8
2024-08-30 00:00,2520.78,2526.72,2494.05,2502.93
2024-09-01 00:00,2502.43,2504.55,2501.2,2503.3
2024-09-02 00:00,2503.29,2507.12,2489.91,2497.53
2024-09-03 00:00,2497.53,2506.16,2473.24,2492.96
2024-09-04 00:00,2492.96,2500.14,2471.72,2495.18
2024-09-05 00:00,2495.19,2523.45,2493.66,2515.98
2024-09-06 00:00,2515.95,2529.12,2485.01,2497.03
2024-09-08 00:00,2497.1,2497.86,2496.05,2497.7
2024-09-09 00:00,2497.74,2507.09,2485.41,2506.86
2024-09-10 00:00,2506.78,2518.3,2500.02,2516.32
2024-09-11 00:00,2516.36,2528.89,2500.82,2512.72
2024-09-12 00:00,2512.72,2559.98,2510.89,2557.26
2024-09-13 00:00,2557.31,2585.97,2556.54,2577.61
2024-09-15 00:00,2578.72,2580.46,2577.38,2579.88
2024-09-16 00:00,2579.98,2589.51,2575.11,2582.76
2024-09-17 00:00,2582.83,2586.84,2560.98,2570.58
2024-09-18 00:00,2570.56,2599.99,2546.64,2559.11
2024-09-19 00:00,2559.12,2594.78,2551.01,2587.59
2024-09-20 00:00,2587.55,2625.57,2584.65,2621.5
2024-09-22 00:00,2620.91,2622.61,2617.98,2620.41
2024-09-23 00:00,2620.47,2634.72,2613.68,2627.28
2024-09-24 00:00,2627.29,2664.2,2622.47,2658.96
2024-09-25 00:00,2658.99,2670.35,2649.72,2658.14
2024-09-26 00:00,2658.14,2685.41,2654.68,2672.16
2024-09-27 00:00,2672.19,2674.13,2643.11,2657.95
2024-09-29 00:00,2657.93,2663.39,2657.03,2662.59
2024-09-30 00:00,2662.55,2665.86,2624.54,2634.84
2024-10-01 00:00,2634.95,2672.91,2633.82,2661.89
2024-10-02 00:00,2661.93,2663.19,2640.95,2659.33
2024-10-03 00:00,2659.33,2662.78,2636.26,2655.84
2024-10-04 00:00,2655.76,2670.07,2632.07,2653.55
2024-10-06 00:00,2650.38,2652.61,2648.88,2650.59
2024-10-07 00:00,2650.58,2659.47,2637.69,2644.05
2024-10-08 00:00,2644.09,2652.89,2604.57,2621.84
2024-10-09 00:00,2621.86,2624.16,2605.05,2608.74
2024-10-10 00:00,2608.78,2631.43,2601.73,2628.07
2024-10-11 00:00,2628.11,2661.26,2628.07,2656.84
2024-10-13 00:00,2656.3,2656.78,2644.99,2650.07
2024-10-14 00:00,2650.14,2666.7,2643.06,2649.84
2024-10-15 00:00,2649.89,2668.8,2637.95,2661.98
2024-10-16 00:00,2661.99,2685.3,2658.56,2673.64
2024-10-17 00:00,2673.59,2696.61,2672.91,2692.45
2024-10-18 00:00,2692.5,2722.41,2692.16,2721.11
2024-10-20 00:00,2720.1,2723.66,2719.45,2723.43
2024-10-21 00:00,2723.45,2740.42,2714.16,2720.51
2024-10-22 00:00,2720.45,2748.78,2720.19,2747.22
2024-10-23 00:00,2747.26,2758.34,2708.64,2717.83
2024-10-24 00:00,2717.85,2743.18,2717.7,2734.45
2024-10-25 00:00,2734.47,2747.64,2716.89,2746.62
2024-10-27 00:00,2735.7,2740.09,2730.11,2735.66
2024-10-28 00:00,2735.7,2745.79,2724.55,2744.28
2024-10-29 00:00,2744.32,2775.26,2743.11,2774.89
2024-10-30 00:00,2774.93,2789.93,2770.8,2785.26
2024-10-31 00:00,2785.27,2790.01,2731.41,2746.55
2024-11-01 00:00,2746.55,2762.05,2733.09,2735.89
2024-11-03 00:00,2733.3,2740.22,2730.0,2738.24
2024-11-04 00:00,2738.2,2748.01,2731.64,2735.86
2024-11-05 00:00,2735.89,2749.88,2724.7,2745.49
2024-11-06 00:00,2745.49,2749.61,2652.3,2663.88
2024-11-07 00:00,2663.89,2710.24,2643.13,2706.78
2024-11-08 00:00,2706.74,2710.24,2680.22,2684.03
2024-11-10 00:00,2683.9,2685.51,2678.9,2685.47
2024-11-11 00:00,2685.49,2686.03,2610.51,2623.86
2024-11-12 00:00,2623.86,2627.01,2589.51,2598.78
2024-11-13 00:00,2598.8,2618.63,2569.18,2570.69
2024-11-14 00:00,2570.7,2577.32,2536.66,2566.78
2024-11-15 00:00,2566.74,2575.91,2554.34,2562.72
2024-11-17 00:00,2564.26,2575.34,2563.84,2571.26
2024-11-18 00:00,2571.24,2614.95,2569.74,2612.43
2024-11-19 00:00,2612.49,2639.32,2610.91,2635.01
2024-11-20 00:00,2635.01,2655.28,2618.7,2652.03
2024-11-21 00:00,2652.05,2673.39,2650.28,2669.02
2024-11-22 00:00,2669.01,2716.16,2668.72,2715.8
2024-11-24 00:00,2713.38,2721.18,2691.25,2719.72
2024-11-25 00:00,2719.7,2719.97,2605.09,2610.36
2024-11-26 00:00,2610.36,2641.77,2608.5,2632.11
2024-11-27 00:00,2632.14,2658.1,2626.93,2636.93
2024-11-28 00:00,2637.01,2649.52,2620.82,2638.61
2024-11-29 00:00,2638.61,2666.2,2633.93,2649.95
2024-12-01 00:00,2653.07,2653.11,2642.97,2645.59
2024-12-02 00:00,2645.75,2651.65,2622.0,2642.09
2024-12-03 00:00,2642.14,2655.53,2633.97,2642.59
2024-12-04 00:00,2642.61,2657.0,2632.32,2650.18
2024-12-05 00:00,2650.21,2655.45,2623.39,2633.64
2024-12-06 00:00,2633.62,2645.53,2612.59,2632.66
2024-12-08 00:00,2646.52,2648.11,2636.15,2639.93
2024-12-09 00:00,2639.93,2676.26,2627.45,2660.43
2024-12-10 00:00,2660.41,2698.2,2657.8,2695.8
2024-12-11 00:00,2695.84,2721.01,2674.34,2719.84
2024-12-12 00:00,2719.11,2725.68,2675.05,2680.57
2024-12-13 00:00,2680.53,2692.59,2645.95,2647.39
2024-12-15 00:00,2649.1,2652.84,2648.55,2651.34
2024-12-16 00:00,2651.28,2664.25,2643.37,2651.57
2024-12-17 00:00,2651.57,2658.47,2632.8,2647.2
2024-12-18 00:00,2647.16,2651.53,2582.26,2587.95
2024-12-19 00:00,2587.95,2626.32,2586.82,2593.39
2024-12-20 00:00,2593.36,2631.7,2589.47,2622.43
2024-12-22 00:00,2623.7,2624.55,2621.22,2624.1
2024-12-23 00:00,2624.24,2633.14,2608.05,2615.35
2024-12-24 00:00,2615.35,2621.2,2609.93,2616.35
2024-12-25 00:00,2619.2,2619.82,2614.25,2618.2
2024-12-26 00:00,2618.27,2638.97,2618.2,2632.48
2024-12-27 00:00,2632.35,2638.11,2611.28,2621.35
2024-12-29 00:00,2620.15,2626.0,2618.91,2623.75
2024-12-30 00:00,2623.9,2627.99,2595.91,2606.55
2024-12-31 00:00,2606.5,2627.36,2602.47,2624.16
2025-01-01 00:00,2625.1,2626.01,2621.47,2623.55
2025-01-02 00:00,2623.66,2660.38,2622.45,2658.3
2025-01-03 00:00,2658.28,2665.18,2636.62,2639.9
2025-01-05 00:00,2639.3,2642.24,2638.82,2640.85
2025-01-06 00:00,2640.84,2649.3,2614.36,2634.47
2025-01-07 00:00,2634.55,2664.1,2632.78,2649.55
2025-01-08 00:00,2649.47,2669.84,2645.09,2662.47
2025-01-09 00:00,2662.47,2678.39,2655.3,2669.8
2025-01-10 00:00,2669.86,2697.71,2663.2,2689.76
2025-01-12 00:00,2690.16,2690.87,2687.19,2690.87
2025-01-13 00:00,2690.82,2693.24,2656.61,2667.68
2025-01-14 00:00,2667.68,2679.2,2659.64,2675.41
2025-01-15 00:00,2675.45,2697.45,2669.32,2694.62
2025-01-16 00:00,2694.62,2724.57,2689.72,2714.45
2025-01-17 00:00,2714.36,2717.38,2698.45,2702.64
2025-01-19 00:00,2701.11,2702.76,2690.88,2696.24
2025-01-20 00:00,2696.18,2713.66,2689.31,2710.2
2025-01-21 00:00,2710.18,2745.85,2702.74,2744.06
2025-01-22 00:00,2744.06,2763.2,2742.45,2755.19
2025-01-23 00:00,2755.1,2758.66,2735.66,2754.36
2025-01-24 00:00,2754.38,2785.82,2754.07,2769.8
2025-01-26 00:00,2770.3,2770.41,2764.45,2767.28
2025-01-27 00:00,2767.28,2772.41,2730.53,2741.61
2025-01-28 00:00,2741.61,2764.88,2734.74,2762.55
2025-01-29 00:00,2762.57,2765.99,2745.0,2760.03
2025-01-30 00:00,2760.03,2798.3,2758.47,2795.97
2025-01-31 00:00,2795.95,2816.93,2790.89,2798.41
2025-02-02 00:00,2793.99,2803.15,2782.55,2792.55
2025-02-03 00:00,2792.11,2830.3,2771.89,2813.55
2025-02-04 00:00,2813.53,2845.34,2806.93,2841.03
2025-02-05 00:00,2841.09,2882.22,2839.34,2868.99
2025-02-06 00:00,2868.99,2873.09,2833.95,2857.84
2025-02-07 00:00,2857.84,2886.61,2852.09,2860.14
2025-02-09 00:00,2858.07,2870.3,2854.45,2867.2
2025-02-10 00:00,2867.2,2921.45,2865.56,2917.66
2025-02-11 00:00,2917.68,2942.66,2881.64,2898.38
2025-02-12 00:00,2898.38,2909.03,2863.68,2905.5
2025-02-13 00:00,2905.5,2932.22,2901.19,2930.93
2025-02-14 00:00,2930.93,2939.93,2876.8,2882.09
2025-02-16 00:00,2881.74,2893.41,2878.01,2879.07
2025-02-17 00:00,2879.09,2906.22,2879.09,2899.18
2025-02-18 00:00,2899.14,2936.82,2891.78,2933.78
2025-02-19 00:00,2933.78,2946.86,2918.36,2935.09
2025-02-20 00:00,2935.12,2954.76,2923.95,2941.2
2025-02-21 00:00,2941.26,2949.55,2916.61,2934.95
2025-02-23 00:00,2934.82,2940.07,2933.2,2936.64
2025-02-24 00:00,2936.49,2956.03,2921.05,2949.8
2025-02-25 00:00,2949.74,2952.41,2888.09,2918.41
2025-02-26 00:00,2918.49,2929.99,2890.59,2918.99
2025-02-27 00:00,2918.97,2918.97,2867.57,2875.82
2025-02-28 00:00,2875.82,2884.93,2832.45,2857.41
2025-03-02 00:00,2855.2,2876.91,2855.07,2870.61
2025-03-03 00:00,2870.61,2894.99,2858.74,2890.62
2025-03-04 00:00,2890.61,2927.72,2881.65,2914.07
2025-03-05 00:00,2913.95,2929.75,2894.14,2918.16
2025-03-06 00:00,2918.14,2926.43,2890.82,2910.06
2025-03-07 00:00,2910.06,2930.18,2895.7,2909.36
2025-03-09 00:00,2910.91,2916.68,2909.47,2915.91
2025-03-10 00:00,2915.91,2918.12,2879.93,2884.41
2025-03-11 00:00,2884.47,2922.05,2879.94,2915.15
2025-03-12 00:00,2915.15,2940.35,2905.76,2937.93
2025-03-13 00:00,2937.93,2989.78,2932.77,2986.2
2025-03-14 00:00,2986.18,3004.72,2978.09,2983.8
2025-03-16 00:00,2984.28,2993.91,2983.05,2989.91
2025-03-17 00:00,2989.91,3002.66,2981.97,2999.52
2025-03-18 00:00,2999.51,3038.06,2999.26,3031.53
2025-03-19 00:00,3031.57,3051.76,3022.32,3049.88
2025-03-20 00:00,3049.89,3057.24,3025.43,3046.24
2025-03-21 00:00,3046.24,3047.26,2999.27,3022.7
2025-03-23 00:00,3020.16,3026.05,3020.16,3024.51
2025-03-24 00:00,3024.45,3033.14,3002.14,3009.59
2025-03-25 00:00,3009.61,3035.91,3007.32,3020.78
2025-03-26 00:00,3020.76,3031.95,3012.12,3021.39
2025-03-27 00:00,3021.37,3059.52,3021.36,3055.28
2025-03-28 00:00,3055.18,3086.72,3054.68,3083.9
2025-03-30 00:00,3086.5,3097.72,3085.36,3089.8
2025-03-31 00:00,3088.84,3127.82,3076.49,3122.55
2025-04-01 00:00,3122.55,3148.84,3100.66,3111.05
2025-04-02 00:00,3111.15,3147.35,3104.18,3145.56
2025-04-03 00:00,3145.67,3167.55,3053.93,3115.16
2025-04-04 00:00,3115.01,3136.43,3015.34,3038.0
2025-04-06 00:00,3006.76,3032.18,2996.62,3009.01
2025-04-07 00:00,3008.82,3055.18,2956.12,2986.36
2025-04-08 00:00,2986.34,3022.49,2974.57,2981.39
2025-04-09 00:00,2981.86,3099.47,2969.61,3079.51
2025-04-10 00:00,3079.51,3190.07,3078.11,3188.95
2025-04-11 00:00,3188.97,3245.03,3182.51,3236.38
2025-04-13 00:00,3229.16,3229.2,3209.2,3220.86
2025-04-14 00:00,3220.91,3245.51,3193.32,3211.99
2025-04-15 00:00,3211.72,3242.01,3209.68,3241.16
2025-04-16 00:00,3241.2,3357.45,3237.84,3350.57
2025-04-17 00:00,3350.78,3356.07,3283.34,3326.93
2025-04-20 00:00,3331.84,3352.97,3327.99,3345.38
2025-04-21 00:00,3345.82,3435.76,3342.82,3430.68
2025-04-22 00:00,3430.68,3499.91,3312.62,3327.26
2025-04-23 00:00,3327.14,3386.38,3259.49,3308.74
2025-04-24 00:00,3308.78,3370.07,3306.24,3366.38
2025-04-25 00:00,3366.36,3367.72,3264.78,3318.62
2025-04-27 00:00,3324.26,3335.99,3308.76,3309.95
2025-04-28 00:00,3309.93,3352.84,3267.76,3337.49
2025-04-29 00:00,3337.55,3342.49,3299.32,3318.36
2025-04-30 00:00,3318.38,3327.86,3266.88,3273.26
2025-05-01 00:00,3273.25,3284.84,3201.68,3237.39
2025-05-02 00:00,3237.49,3268.8,3222.39,3239.41
2025-05-04 00:00,3239.2,3244.09,3236.74,3239.3
2025-05-05 00:00,3239.47,3337.49,3238.43,3329.74
2025-05-06 00:00,3329.47,3437.66,3321.11,3380.86
2025-05-07 00:00,3380.99,3404.38,3359.74,3369.28
2025-05-08 00:00,3369.49,3414.7,3288.45,3323.3
2025-05-09 00:00,3323.3,3347.36,3274.3,3323.34
2025-05-11 00:00,3271.8,3292.68,3266.59,3272.3
2025-05-12 00:00,3272.28,3289.68,3207.49,3233.41
2025-05-13 00:00,3233.41,3265.41,3215.53,3254.14
2025-05-14 00:00,3253.89,3256.68,3167.55,3182.2
2025-05-15 00:00,3182.32,3251.8,3120.2,3250.82
2025-05-16 00:00,3250.82,3250.89,3153.47,3202.47
2025-05-18 00:00,3218.45,3240.74,3205.78,3239.16
2025-05-19 00:00,3239.18,3249.51,3206.3,3226.43
2025-05-20 00:00,3226.42,3303.76,3204.2,3296.59
2025-05-21 00:00,3296.45,3324.75,3285.11,3317.75
2025-05-22 00:00,3317.85,3345.2,3278.79,3297.35
2025-05-23 00:00,3297.26,3365.8,3286.76,3356.57
2025-05-25 00:00,3355.7,3356.09,3340.91,3343.95
2025-05-26 00:00,3343.95,3356.6,3323.3,3347.44
2025-05-27 00:00,3347.3,3349.75,3284.16,3302.95
2025-05-28 00:00,3303.2,3325.32,3276.07,3286.25
2025-05-29 00:00,3285.99,3330.78,3245.2,3314.1
2025-05-30 00:00,3314.24,3322.45,3271.09,3289.36
2025-06-01 00:00,3298.66,3382.96,3298.53,3381.4
2025-06-02 00:00,3383.92,3392.13,3333.11,3353.43
2025-06-03 00:00,3355.7,3384.74,3343.74,3372.2
2025-06-04 00:00,3373.58,3403.47,3339.46,3352.7
2025-06-05 00:00,3354.6,3375.47,3307.17,3312.09
2025-06-08 00:00,3315.48,3338.26,3293.47,3325.57
2025-06-09 00:00,3327.07,3349.19,3301.82,3322.5
2025-06-10 00:00,3321.58,3360.82,3315.55,3354.85
2025-06-11 00:00,3358.42,3398.95,3338.51,3386.81
2025-06-12 00:00,3386.21,3446.8,3379.52,3432.57
2025-06-15 00:00,3443.0,3451.32,3382.8,3385.31
2025-06-16 00:00,3386.93,3403.24,3366.24,3388.57
2025-06-17 00:00,3392.74,3400.07,3362.55,3369.26
2025-06-18 00:00,3370.94,3387.87,3347.54,3370.34
2025-06-19 00:00,3369.43,3374.44,3340.29,3368.73
2025-06-22 00:00,3393.23,3394.44,3347.03,3369.09
2025-06-23 00:00,3368.45,3368.63,3295.52,3323.03
2025-06-24 00:00,3324.1,3337.15,3312.02,3332.2
2025-06-25 00:00,3334.89,3350.36,3310.02,3327.85
2025-06-26 00:00,3327.3,3327.3,3255.85,3274.46
2025-06-29 00:00,3280.64,3309.5,3247.51,3302.96
2025-06-30 00:00,3303.2,3358.0,3302.28,3338.93
2025-07-01 00:00,3337.83,3360.01,3327.52,3357.04
2025-07-02 00:00,3359.07,3365.71,3311.64,3325.97
2025-07-03 00:00,3326.32,3345.16,3323.56,3337.0
2025-07-06 00:00,3337.33,3342.63,3296.47,3336.33
2025-07-07 00:00,3339.6,3345.76,3287.09,3301.49
2025-07-08 00:00,3303.11,3316.85,3282.65,3313.55
2025-07-09 00:00,3314.18,3330.28,3310.06,3323.93
2025-07-10 00:00,3325.15,3368.71,3321.82,3357.37
2025-07-13 00:00,3364.49,3374.98,3340.96,3343.37
2025-07-14 00:00,3342.83,3366.39,3320.18,3324.83
2025-07-15 00:00,3324.09,3376.72,3319.64,3347.42
2025-07-16 00:00,3349.88,3352.16,3309.84,3339.17
2025-07-17 00:00,3339.92,3361.27,3331.78,3350.65
2025-07-20 00:00,3348.94,3401.53,3344.89,3397.03
2025-07-21 00:00,3398.57,3433.51,3383.28,3431.67
2025-07-22 00:00,3431.53,3439.03,3381.56,3387.09
2025-07-23 00:00,3389.72,3393.31,3351.31,3368.5
2025-07-24 00:00,3368.5,3373.51,3324.98,3336.34
2025-07-27 00:00,3324.63,3345.36,3301.74,3314.54
2025-07-28 00:00,3314.23,3334.04,3307.93,3326.54
2025-07-29 00:00,3326.89,3334.08,3268.07,3275.0
2025-07-30 00:00,3275.36,3314.77,3273.78,3290.05
2025-07-31 00:00,3289.95,3363.45,3281.61,3363.11
2025-08-03 00:00,3365.45,3385.37,3345.09,3373.56
2025-08-04 00:00,3374.62,3390.48,3349.84,3380.77
2025-08-05 00:00,3381.11,3385.28,3358.19,3369.28
2025-08-06 00:00,3370.87,3401.83,3365.16,3395.82
2025-08-07 00:00,3401.35,3408.26,3377.43,3396.99
2025-08-10 00:00,3403.96,3404.83,3341.32,3342.72
2025-08-11 00:00,3343.06,3359.0,3331.17,3348.05
2025-08-12 00:00,3349.87,3370.68,3342.72,3355.92
2025-08-13 00:00,3357.26,3374.73,3329.92,3335.41
2025-08-14 00:00,3337.18,3348.75,3332.18,3335.98
2025-08-17 00:00,3336.46,3358.23,3323.42,3332.82
2025-08-18 00:00,3333.61,3345.31,3314.88,3315.54
2025-08-19 00:00,3316.56,3350.16,3311.45,3348.26
2025-08-20 00:00,3350.18,3352.06,3325.21,3338.57
2025-08-21 00:00,3339.06,3378.87,3321.46,3371.79
2025-08-24 00:00,3371.09,3376.26,3359.77,3365.67
2025-08-25 00:00,3365.85,3393.63,3351.21,3393.55
2025-08-26 00:00,3394.1,3398.76,3373.74,3397.23
2025-08-27 00:00,3398.71,3423.11,3384.51,3416.98
2025-08-28 00:00,3416.94,3453.89,3404.29,3447.95
2025-08-31 00:00,3444.72,3489.72,3436.99,3476.41
2025-09-01 00:00,3475.0,3539.93,3470.26,3533.35
2025-09-02 00:00,3531.41,3578.42,3526.27,3558.96
2025-09-03 00:00,3560.31,3564.11,3511.56,3545.82
2025-09-04 00:00,3543.84,3600.02,3540.02,3587.17
2025-09-07 00:00,3584.15,3646.26,3579.56,3635.71
2025-09-08 00:00,3634.66,3674.62,3625.89,3626.21
2025-09-09 00:00,3625.01,3657.44,3620.49,3640.44
2025-09-10 00:00,3642.94,3649.0,3612.92,3637.11
2025-09-11 00:00,3634.22,3656.61,3630.48,3645.62
2025-09-14 00:00,3644.68,3685.6,3626.49,3680.68
2025-09-15 00:00,3680.65,3702.9,3674.65,3689.55
2025-09-16 00:00,3689.56,3707.56,3646.11,3659.68
2025-09-17 00:00,3661.36,3672.9,3627.89,3646.43
2025-09-18 00:00,3643.69,3684.97,3632.19,3684.52
2025-09-21 00:00,3685.02,3748.71,3683.6,3748.35
2025-09-22 00:00,3745.17,3790.97,3736.59,3764.24
2025-09-23 00:00,3766.03,3779.22,3717.47,3731.03
2025-09-24 00:00,3739.14,3761.44,3721.98,3746.16
2025-09-25 00:00,3748.67,3783.8,3734.49,3761.37
2025-09-28 00:00,3760.47,3834.11,3760.38,3833.81
2025-09-29 00:00,3830.38,3871.67,3793.15,3858.26
2025-09-30 00:00,3858.11,3895.26,3853.45,3865.46
2025-10-01 00:00,3868.92,3896.8,3819.37,3856.37
2025-10-02 00:00,3857.37,3863.69,3838.01,3858.33
2025-10-03 00:00,3885.555,3891.475,3837.785,3856.598
2025-10-05 00:00,3899.228,3920.485,3883.248,3899.228
2025-10-06 00:00,3962.948,3975.925,3898.658,3900.148
2025-10-07 00:00,3989.248,3995.775,3940.685,3962.448
2025-10-08 00:00,4021.048,4059.098,3984.045,3992.098
2025-10-09 00:00,3974.848,4057.765,3943.788,4022.755
2025-10-10 00:00,4011.055,4022.748,3946.675,3990.875
2025-10-12 00:00,4041.879,4059.938,4000.535,4041.948
2025-10-13 00:00,4114.275,4131.748,4024.295,4043.415
2025-10-14 00:00,4158.209,4179.355,4089.805,4124.155
2025-10-15 00:00,4212.809,4217.995,4153.465,4162.215
2025-10-16 00:00,4346.315,4379.125,4203.175,4210.125
2025-10-17 00:00,4225.725,4378.455,4185.425,4358.015
2025-10-19 00:00,4254.908,4273.685,4233.298,4254.898
2025-10-20 00:00,4367.098,4381.298,4218.505,4248.955
2025-10-21 00:00,4122.565,4372.108,4078.259,4368.398
2025-10-22 00:00,4101.578,4161.165,4003.298,4074.598
2025-10-23 00:00,4115.698,4154.435,4065.405,4081.745
2025-10-24 00:00,4103.945,4144.145,4043.618,4132.425
2025-10-26 00:00,4081.188,4108.598,4061.315,4081.158
2025-10-27 00:00,3989.568,4097.545,3971.068,4080.935
2025-10-28 00:00,3933.135,4019.405,3886.199,4006.278
2025-10-29 00:00,3940.698,4029.955,3916.348,3975.015
2025-10-30 00:00,4037.448,4045.925,3915.065,3949.915
2025-10-31 00:00,4001.045,4039.135,3971.965,4024.845
2025-11-02 00:00,3983.498,3998.625,3977.415,3979.435
2025-11-03 00:00,4000.898,4030.385,3962.325,3970.405
2025-11-04 00:00,3932.765,4000.475,3928.475,3986.125
2025-11-05 00:00,3975.455,3990.235,3929.648,3939.455
2025-11-06 00:00,3976.195,4019.275,3964.355,3976.015
2025-11-07 00:00,4003.645,4027.225,3983.855,3988.305
2025-11-09 00:00,3997.898,4012.105,3996.698,4011.635
2025-11-10 00:00,4113.098,4122.515,4010.915,4020.065
2025-11-11 00:00,4125.498,4148.755,4096.845,4130.715
2025-11-12 00:00,4194.275,4211.495,4098.665,4132.825
2025-11-13 00:00,4168.408,4244.925,4144.965,4205.715
2025-11-14 00:00,4086.925,4211.015,4031.955,4183.505
2025-11-16 00:00,4084.898,4106.295,4070.395,4096.198
2025-11-17 00:00,4042.498,4101.605,4006.735,4082.935
2025-11-18 00:00,4067.848,4082.275,3997.658,4039.825
2025-11-19 00:00,4077.265,4132.675,4055.248,4069.135
2025-11-20 00:00,4074.498,4109.805,4038.605,4102.865
2025-11-21 00:00,4067.098,4100.839,4022.075,4073.605
2025-11-23 00:00,4070.098,4077.285,4064.745,4074.905
2025-11-24 00:00,4131.378,4144.148,4039.945,4067.198
2025-11-25 00:00,4131.098,4159.045,4109.415,4129.285
2025-11-26 00:00,4164.165,4173.145,4132.445,4142.555
2025-11-27 00:00,4156.825,4166.825,4142.425,4164.285
2025-11-28 00:00,4220.185,4226.735,4150.075,4180.425
2025-11-30 00:00,4222.298,4230.349,4204.348,4221.805
2025-12-01 00:00,4231.198,4264.385,4215.275,4230.525
2025-12-02 00:00,4227.348,4230.365,4163.458,4212.435
2025-12-03 00:00,4212.405,4241.235,4194.405,4206.985
2025-12-04 00:00,4206.955,4219.255,4175.005,4205.915
2025-12-05 00:00,4205.975,4259.105,4191.815,4197.405
2025-12-07 00:00,4199.615,4202.495,4193.385,4200.665
2025-12-08 00:00,4201.245,4218.755,4175.998,4194.535
2025-12-09 00:00,4194.435,4221.345,4169.845,4210.448
2025-12-10 00:00,4210.448,4238.445,4181.565,4232.225
2025-12-11 00:00,4232.235,4285.705,4203.905,4275.905
2025-12-12 00:00,4275.905,4353.325,4256.845,4298.705
2025-12-14 00:00,4299.298,4308.195,4293.798,4301.975
2025-12-15 00:00,4302.155,4349.995,4285.055,4303.965
2025-12-16 00:00,4303.955,4334.935,4271.125,4307.695
2025-12-17 00:00,4307.765,4348.675,4306.305,4338.648
2025-12-18 00:00,4338.648,4374.395,4308.285,4334.865
2025-12-19 00:00,4334.845,4356.365,4308.715,4338.669
2025-12-21 00:00,4338.898,4355.948,4336.635,4354.915
2025-12-22 00:00,4354.885,4461.598,4354.885,4459.865
2025-12-23 00:00,4459.865,4510.175,4429.975,4503.125
2025-12-24 00:00,4503.095,4525.765,4447.895,4479.029
2025-12-25 00:00,4490.045,4499.625,4482.655,4494.785
2025-12-26 00:00,4494.875,4549.715,4491.535,4532.365
2025-12-28 00:00,4538.698,4549.298,4522.625,4526.448
